"last_modified_date","sign_up","subscription","season_member_page","pickup_site","city","state","zip","balance","payment","issues","status","route_name","payment_plan","discount","future_pending_payments","future_deliveries","first_delivery_date","last_delivery_date","coupon_id","file_date","member_id"
2025-12-19 03:57:48,2017-07-18,"1 Half (Half Share - EVEN week)","Combined CSA","FSB","St. Louis","MO","63104",149.22,"Automatic","Purple","Not on Hold","Fair Shares - Wednesday  - Wednesday","$150",0,0,0,2017-08-16,2025-12-18,NA,2025-12-19,1084
2025-10-06 10:40:49,2025-02-21,"1  (BYO) FSG - Orders Only","Combined CSA","Fair Shares Thursday Pickup","Saint Louis","MO","63109",95.04,"Automatic","None","Not on Hold","Fair Shares - Thursday - Thursday","Debit on Delivery",0,0,0,2025-02-27,2025-10-02,NA,2025-12-19,140
2022-11-25 02:20:31,2020-04-15,"1  (BYO) FSG - Orders Only","Combined CSA","Fair Shares Thursday Pickup","Saint Louis","MO","63104",156.84,"Automatic","Green","Not on Hold","Fair Shares - Thursday - Thursday","Debit on Delivery",0,0,0,2020-04-23,2022-11-24,NA,2025-12-19,278
2025-12-18 02:26:02,2020-08-31,"1 Mini (Weekly Shares)","Combined CSA","FSMini-w","St. Louis","MO","63104",77.05,"Automatic","Green","Not on Hold","Fair Shares - Wednesday  - Wednesday","$150",0,0,0,2020-09-03,2025-12-17,NA,2025-12-19,1474
2025-12-19 02:22:26,2017-07-18,"1 Mini (Weekly Shares)","Combined CSA","FSMini-t","St. Louis","MO","63139",433.19,"Automatic","None","Not on Hold","Fair Shares - Thursday - Thursday","$600",0,0,0,2017-08-23,2025-12-18,NA,2025-12-19,1771
2025-12-19 02:22:26,2018-12-20,"1 Half (Half Share - EVEN week), 1 2% MILK-e","Combined CSA","FSE","Clayton","MO","63105",257.7,"Automatic","Purple","Not on Hold","Fair Shares - Thursday - Thursday","$300",0,0,0,2018-12-20,2025-12-18,NA,2025-12-19,1864
2025-12-19 03:57:37,2017-07-20,"1 Mini (Weekly Shares)","Combined CSA","FSMini-t","St. Louis","MO","63119",0,"Automatic","Payment","Not on Hold","Fair Shares - Thursday - Thursday","Debit on Delivery",0,0,0,2017-08-17,2025-12-18,NA,2025-12-19,76
2024-01-21 10:52:58,2020-05-20,"1  (BYO) FSG - Orders Only","Combined CSA","Fair Shares Wednesday Pickup","St Louis","MO","63109",0,"Automatic","Purple","Not on Hold","Fair Shares - Wednesday  - Wednesday","Debit on Delivery",0,0,0,2020-05-27,2024-01-10,NA,2025-12-19,399
2024-12-05 17:43:33,2017-07-18,"1  (BYO) FSG - Orders Only","Combined CSA","Fair Shares Thursday Pickup","St. Louis","MO","63126",0,"Automatic","None","Not on Hold","Fair Shares - Thursday - Thursday","Debit on Delivery",0,0,0,2017-08-24,2024-01-18,NA,2025-12-19,1730
2025-12-12 03:53:41,2025-05-26,"1 Half (Half Share - ODD week)","Combined CSA","FSE","St Louis","MO","63110",342.56,"Automatic","Orange","Not on Hold","Fair Shares - Thursday - Thursday","Debit on Delivery",0,0,0,2025-05-29,2025-12-11,NA,2025-12-19,899
2023-04-18 15:19:41,2020-05-13,"1  (BYO) FSG - Orders Only","Combined CSA","Fair Shares Wednesday Pickup","St louis","MO","63143",156.98,"Automatic","None","Not on Hold","Fair Shares - Wednesday  - Wednesday","$300",0,0,0,2020-05-20,2022-08-10,NA,2025-12-19,513
2020-03-21 11:13:26,2017-07-20,"1 BYO - No Share, Order Only (Weekly Shares)","Combined CSA","Fair Shares Thursday Pickup","St. Louis","MO","63119",-0.3,NA,"None","Hold","Fair Shares - Thursday - Thursday","$150",0,0,0,2017-08-17,2018-03-01,NA,2025-12-19,705
2025-12-12 02:21:44,2024-06-18,"1 Half (Half Share - ODD week)","Combined CSA","FSE","St Louis","MO","63104",86.46,"Automatic","Green Orange","Not on Hold","Fair Shares - Thursday - Thursday","$150",0,0,0,2024-06-27,2025-12-11,NA,2025-12-19,834
2023-04-02 22:33:31,2023-01-08,"1  (BYO) FSG - Orders Only","Combined CSA","Fair Shares Thursday Pickup","St. Louis","MO","63109",171.5,"Automatic","Green","Not on Hold","Fair Shares - Thursday - Thursday","Debit on Delivery",0,0,0,2023-01-12,2023-02-23,NA,2025-12-19,729
2019-05-22 11:26:31,2017-07-18,"1 BYO - No Share, Order Only (Weekly Shares)","Combined CSA","Fair Shares Thursday Pickup","St. Louis","MO","63110",179.91,"Automatic","None","Not on Hold","Fair Shares - Thursday - Thursday","$150",0,0,0,2017-08-16,2019-04-04,NA,2025-12-19,1773
2020-10-23 02:49:34,2020-08-01,"1  (BYO) FSG - Orders Only","Combined CSA","Fair Shares Thursday Pickup","St. Louis","MO","63139",1.59,"Automatic","None","Not on Hold","Fair Shares - Thursday - Thursday","Debit on Delivery",0,0,0,2020-08-06,2020-10-22,NA,2025-12-19,668
2023-07-29 18:49:56,2017-07-20,"1  (BYO) FSG - Orders Only","Combined CSA","Fair Shares Thursday Pickup","St. Louis","MO","63104",112.36,"Automatic","None","Not on Hold","Fair Shares - Thursday - Thursday","Debit on Delivery",0,0,0,2017-08-17,2023-07-27,NA,2025-12-19,656
2025-12-19 02:22:26,2019-08-16,"1 UCA/KWA","Combined CSA","KWA","Kirkwood","MO","63122",249.04,"Automatic","None","Not on Hold","Kirkwood - Thursday","$300",0,0,0,2019-08-22,2025-12-18,NA,2025-12-19,1746
2025-11-07 02:32:31,2024-01-02,"1 Mini (Weekly Shares)","Combined CSA","FSMini-t","St. Louis","MO","63112",89.89,"Automatic","None","Temp Hold","Fair Shares - Thursday - Thursday","$150",0,0,0,2024-01-10,2025-11-06,NA,2025-12-19,855
2025-12-18 03:57:35,2019-08-13,"1 Mini (Weekly Shares)","Combined CSA","UCM","St. Louis","MO","63105",629.49,"Automatic","None","Not on Hold","UCity - Wednesday","$600",0,0,0,2019-08-14,2025-12-17,NA,2025-12-19,828
2025-12-12 02:21:44,2020-06-26,"1 Half (Half Share - ODD week)","Combined CSA","FSE","Chesterfield","MO","63005",122.79,"Automatic","Green Orange","Not on Hold","Fair Shares - Thursday - Thursday","$300",0,0,0,2020-07-02,2025-12-11,NA,2025-12-19,1047
2021-10-21 02:52:08,2021-07-22,"1 (BYO) UCG - Orders Only","Combined CSA","UCity Pickup","St. Louis","MO","63132",-5.46,NA,"None","Not on Hold","UCity - Wednesday",NA,0,0,0,2021-08-04,2021-10-20,NA,2025-12-19,1906
2023-11-28 13:32:09,2022-01-13,"1  (BYO) FSG - Orders Only","Combined CSA","Fair Shares Thursday Pickup","Kirkwood","MO","63122",165.42,"Automatic","Green","Not on Hold","Fair Shares - Thursday - Thursday","Debit on Delivery",0,0,0,2022-01-19,2023-11-23,NA,2025-12-19,408
2025-07-22 09:10:36,2020-05-09,"1 (BYO) UCG - Orders Only","Combined CSA","UCity Pickup","St. Louis","MO","63124",0,"Automatic","Green","Not on Hold","UCity - Wednesday","Debit on Delivery",0,0,0,2020-05-14,2024-11-27,NA,2025-12-19,1434
2024-09-27 02:42:15,2021-06-13,"1 (BYO) KWG - Orders Only (Weekly Shares)","Combined CSA","Kirkwood Pickup","St. Louis","MO","63122",38.09,"Automatic","Orange","Not on Hold","Kirkwood - Thursday","Debit on Delivery",0,0,0,2021-06-17,2024-09-26,NA,2025-12-19,1753
2025-12-19 02:22:26,2025-08-04,"1 Mini (Weekly Shares)","Combined CSA","KWM","Kirkwood","MO","63122",164.4,"Automatic","None","Not on Hold","Kirkwood - Thursday","$150",0,0,0,2025-08-07,2025-12-18,NA,2025-12-19,558
2021-05-13 15:55:00,2021-04-01,"1  (BYO) FSG - Orders Only","Combined CSA","Fair Shares Thursday Pickup","St. Louis","MO","63118",0,NA,"None","Not on Hold","Fair Shares - Thursday - Thursday",NA,0,0,0,2021-04-08,2021-05-13,NA,2025-12-19,1133
2025-12-19 02:22:26,2017-07-18,"1 Half (Half Share - EVEN week), 1 No Produce - Order Only (odd wk)","Combined CSA","UCB","St. Louis","MO","63130",203.11,"Automatic","Blue Purple","Not on Hold","UCity - Wednesday","$150",0,0,0,2017-08-16,2025-12-17,NA,2025-12-19,659
2024-04-02 20:03:51,2020-04-21,"1  (BYO) FSG - Orders Only","Combined CSA","Fair Shares Thursday Pickup","St. Louis","MO","63108",111,"Automatic","Purple","Not on Hold","Fair Shares - Thursday - Thursday","Debit on Delivery",0,0,0,2020-04-23,2024-03-06,NA,2025-12-19,1435
2021-09-04 07:54:27,2020-06-01,"1  (BYO) FSG - Orders Only","Combined CSA","Fair Shares Thursday Pickup","Saint Louis","MO","63110",0,"Automatic","Green","Not on Hold","Fair Shares - Thursday - Thursday","Debit on Delivery",0,0,0,2020-06-04,2021-09-02,NA,2025-12-19,748
2023-01-31 20:36:05,2017-07-20,"1  (BYO) FSG - Orders Only","Combined CSA","Fair Shares Thursday Pickup","St. Louis","MO","63108",56.56,"Automatic","None","Not on Hold","Fair Shares - Thursday - Thursday","Debit on Delivery",0,0,0,2017-08-17,2023-01-12,NA,2025-12-19,378
2024-06-21 03:56:13,2021-05-25,"1 (BYO) KWG - Orders Only (Weekly Shares)","Combined CSA","Kirkwood Pickup","Bloomsdale","MO","63627",0,"Automatic","None","Not on Hold","Kirkwood - Thursday","Debit on Delivery",0,0,0,2021-05-27,2024-06-20,NA,2025-12-19,312
2025-12-19 03:57:33,2017-07-18,"4 Whole MILK, 1 FSA/FSD","Combined CSA","FSD","St. Louis","MO","63103",357.27,"Automatic","None","Not on Hold","Fair Shares - Thursday - Thursday","$300",0,0,0,2017-08-16,2025-12-18,NA,2025-12-19,1819
2021-03-18 08:17:39,2020-03-31,"1  (BYO) FSG - Orders Only","Combined CSA","Fair Shares Thursday Pickup","St. Louis","MO","63116",0,"Automatic","None","Not on Hold","Fair Shares - Thursday - Thursday","Debit on Delivery",0,0,0,2020-04-02,2021-02-25,NA,2025-12-19,90
2025-12-08 09:24:25,2022-07-08,"1 UCA/KWA","Combined CSA","KWA","Saint Louis","MO","63123",0,"Automatic","Green","Not on Hold","Kirkwood - Thursday","Debit on Delivery",0,0,0,2022-07-14,2025-12-04,NA,2025-12-19,1408
2025-12-12 02:21:44,2025-01-10,"1 Half (Half Share - ODD week)","Combined CSA","KWB","Affton","MO","63123",75.06,"Automatic","Orange","Not on Hold","Kirkwood - Thursday","$150",0,0,0,2025-01-16,2025-12-11,NA,2025-12-19,102
2023-11-02 02:37:55,2019-01-23,"1 (BYO) UCG - Orders Only","Combined CSA","UCity Pickup","St. Louis","MO","63130",9.34,NA,"None","Not on Hold","UCity - Wednesday",NA,0,0,0,2019-02-20,2023-11-01,NA,2025-12-19,126
2020-07-29 11:41:20,2020-07-29,"1 BYO - No Share, Order Only (Weekly Shares)","Combined CSA","Fair Shares Wednesday Pickup","St. Louis","MO","63110",0,NA,"None","Not on Hold","Fair Shares - Wednesday  - Wednesday",NA,0,0,0,NA,NA,NA,2025-12-19,1880
2019-08-23 10:24:10,2017-07-18,"1 BYO - No Share, Order Only (Weekly Shares)","Combined CSA","Fair Shares Wednesday Pickup","St. Louis","MO","63102",182.31,NA,"Purple","Hold","Fair Shares - Wednesday  - Wednesday",NA,0,0,0,2017-08-16,2019-02-13,NA,2025-12-19,221
2025-11-28 03:48:04,2022-04-01,"1  (BYO) FSG - Orders Only","Combined CSA","Fair Shares Thursday Pickup","St. Louis","MO","63110",0,"Automatic","Green","Not on Hold","Fair Shares - Thursday - Thursday","Debit on Delivery",0,0,0,2022-04-07,2025-11-27,NA,2025-12-19,1005
2025-12-18 02:26:02,2024-06-19,"1 Half (Half Share - EVEN week)","Combined CSA","UCB","University City","MO","63130",131.4,"Automatic","Purple","Not on Hold","UCity - Wednesday","$150",0,0,0,2024-06-26,2025-12-17,NA,2025-12-19,892
2025-12-11 02:27:19,2017-07-18,"1 Half (Half Share - ODD week)","Combined CSA","UCB","St. Louis","MO","63105",173.85,"Automatic","Orange","Not on Hold","UCity - Wednesday","$300",0,0,0,2017-08-23,2025-12-10,NA,2025-12-19,1034
2021-07-22 16:06:24,2017-07-20,"1 (BYO) KWG - Orders Only (Weekly Shares)","Combined CSA","Kirkwood Pickup","St. Louis","63131","MO",305.69,"Automatic","None","Not on Hold","Kirkwood - Thursday","$300",0,0,0,2017-08-17,2021-06-10,NA,2025-12-19,1470
2019-08-23 10:25:11,2017-07-18,"1 BYO - No Share, Order Only (Weekly Shares)","Combined CSA","Fair Shares Wednesday Pickup","St. Louis","63108","MO",103.7,"Automatic","None","Hold","Fair Shares - Wednesday  - Wednesday","$150",0,0,0,2017-08-17,2018-09-12,NA,2025-12-19,930
2025-12-04 03:56:27,2024-08-16,"1 Mini (Weekly Shares)","Combined CSA","FSMini-w","Saint Louis","MO","63118",0,"Automatic","None","Temp Hold","Fair Shares - Wednesday  - Wednesday","Debit on Delivery",0,0,0,2024-08-21,2025-12-03,NA,2025-12-19,190
2024-03-07 03:46:16,2022-04-21,"1  (BYO) FSG - Orders Only","Combined CSA","Fair Shares Wednesday Pickup","Saint Louis","MO","63118",0,"Automatic","Purple","Not on Hold","Fair Shares - Wednesday  - Wednesday","Debit on Delivery",0,0,0,2022-04-27,2024-03-06,NA,2025-12-19,220
2025-12-18 02:26:02,2017-07-18,"1 FSA/FSD, 1 2% MILK","Combined CSA","FSA","St. Louis","MO","63108",263.62,"Automatic","None","Not on Hold","Fair Shares - Wednesday  - Wednesday","$600",0,0,0,2017-08-16,2025-12-17,NA,2025-12-19,1830
2025-10-29 10:11:30,2025-02-25,"1  (BYO) FSG - Orders Only","Combined CSA","Fair Shares Thursday Pickup","St Louis","MO","63108",0,"Automatic","None","Not on Hold","Fair Shares - Thursday - Thursday","Debit on Delivery",0,0,0,2025-04-03,2025-10-16,NA,2025-12-19,562
2025-06-10 16:37:21,2022-10-06,"1 (BYO) KWG - Orders Only (Weekly Shares)","Combined CSA","Kirkwood Pickup","Kirkwood","MO","63122",96.29,"Automatic","Orange","Hold","Kirkwood - Thursday","Debit on Delivery",0,0,0,2022-10-13,2023-02-23,NA,2025-12-19,891
2025-08-14 09:59:22,2023-11-30,"1  (BYO) FSG - Orders Only","Combined CSA","Fair Shares Wednesday Pickup","St. Louis","MO","63109",65.81,"Automatic","Purple","Hold","Fair Shares - Wednesday  - Wednesday","Debit on Delivery",0,0,0,2023-12-06,2025-08-13,NA,2025-12-19,1141
2025-01-30 19:10:10,2021-09-14,"1  (BYO) FSG - Orders Only","Combined CSA","Fair Shares Thursday Pickup","St. Louis","MO","63104",0,"Automatic","None","Not on Hold","Fair Shares - Thursday - Thursday","Debit on Delivery",0,0,0,2021-09-16,2025-01-30,NA,2025-12-19,1421
2025-12-18 03:57:38,2017-07-18,"1 Mini (Weekly Shares)","Combined CSA","UCM","St. Louis","MO","63132",652.55,"Automatic","None","Not on Hold","UCity - Wednesday","$600",0,0,0,2017-08-16,2025-12-17,NA,2025-12-19,1448
2025-03-28 14:25:04,2017-10-12,"1 FSA/FSD","Combined CSA","FSD","Saint Louis","MO","63116",0,"Automatic","None","Hold","Fair Shares - Thursday - Thursday","Debit on Delivery",0,0,0,2017-10-25,2023-05-18,NA,2025-12-19,1164
2025-06-12 02:38:30,2024-08-29,"1 (BYO) UCG - Orders Only","Combined CSA","UCity Pickup","Saint Louis","MO","63112",0.2,"Automatic","None","Not on Hold","UCity - Wednesday","Debit on Delivery",0,0,0,2024-09-04,2025-06-11,NA,2025-12-19,752
2020-07-12 09:09:28,2017-08-18,"1 BYO - No Share, Order Only (Weekly Shares)","Combined CSA","Fair Shares Wednesday Pickup","St. Louis","MO","63104",37.72,NA,"Purple","Not on Hold","Fair Shares - Wednesday  - Wednesday","Debit on Delivery",0,0,0,2017-08-31,2020-07-08,NA,2025-12-19,261
2025-12-19 02:22:26,2024-02-19,"1 Mini (Weekly Shares)","Combined CSA","FSMini-t","Manchester","MO","63088",167.69,"Automatic","None","Not on Hold","Fair Shares - Thursday - Thursday","$300",0,0,0,2024-02-22,2025-12-18,NA,2025-12-19,1750
2025-03-27 06:17:12,2023-10-22,"1 Mini (Weekly Shares)","Combined CSA","UCM","Saint Louis","MO","63141",0,"Automatic","None","Hold","UCity - Wednesday","Debit on Delivery",0,0,0,2023-10-25,2024-05-08,NA,2025-12-19,1861
2025-12-18 02:26:02,2023-11-18,"1 Mini (Weekly Shares)","Combined CSA","FSMini-w","St. Louis","MO","63110",91.23,"Automatic","None","Not on Hold","Fair Shares - Wednesday  - Wednesday","$300",0,0,0,2023-11-29,2025-12-17,NA,2025-12-19,553
2025-12-19 02:22:26,2021-01-10,"1 FSC","Combined CSA","FSC-T","Ladue","MO","63124",208.79,"Automatic","None","Not on Hold","Fair Shares - Thursday - Thursday","$300",0,0,0,2021-01-13,2025-12-18,NA,2025-12-19,162
2020-10-11 20:47:30,2020-05-21,"1  (BYO) FSG - Orders Only","Combined CSA","Fair Shares Thursday Pickup","SAINT LOUIS","MO","63139",0,"Automatic","None","Not on Hold","Fair Shares - Thursday - Thursday","Debit on Delivery",0,0,0,2020-05-28,2020-10-08,NA,2025-12-19,1824
2025-12-18 03:57:41,2024-11-18,"1 FSC","Combined CSA","FSC-W","Saint louis","MO","63124",0,"Automatic","None","Not on Hold","Fair Shares - Wednesday  - Wednesday","Debit on Delivery",0,0,0,2024-12-04,2025-12-17,NA,2025-12-19,326
2021-07-22 14:30:56,2017-07-18,"1 BYO - No Share, Order Only (Weekly Shares)","Combined CSA","Fair Shares Wednesday Pickup","St. Louis","63114","MO",132.45,"Automatic","None","Not on Hold","Fair Shares - Wednesday  - Wednesday","Debit on Delivery",0,0,0,2017-08-16,2018-05-09,NA,2025-12-19,106
2025-12-18 02:26:02,2025-05-10,"1 Half (Half Share - EVEN week)","Combined CSA","FSB","St. Louis","MO","63119",165.74,"Automatic","Purple","Not on Hold","Fair Shares - Wednesday  - Wednesday","$300",0,0,0,2025-05-15,2025-12-17,NA,2025-12-19,960
2021-08-17 12:49:42,2020-05-02,"1  (BYO) FSG - Orders Only","Combined CSA","Fair Shares Thursday Pickup","St. Louis","MO","63117",0,"Automatic","None","Not on Hold","Fair Shares - Thursday - Thursday","Debit on Delivery",0,0,0,2020-05-07,2021-08-12,NA,2025-12-19,152
2024-09-20 02:42:40,2020-01-16,"1  (BYO) FSG - Orders Only","Combined CSA","Fair Shares Thursday Pickup","St. Louis","MO","63110",0.3,"Automatic","None","Not on Hold","Fair Shares - Thursday - Thursday","Debit on Delivery",0,0,0,2020-01-22,2024-09-19,NA,2025-12-19,1641
2025-12-18 02:26:02,2017-07-20,"1 Half (Half Share - EVEN week)","Combined CSA","FSB","St. Louis","63139","63139",84.29,"Automatic","Purple","Not on Hold","Fair Shares - Wednesday  - Wednesday","$150",0,0,0,2017-08-17,2025-12-17,NA,2025-12-19,986
2021-07-22 14:32:51,2017-07-18,"1 (BYO) UCG - Orders Only","Combined CSA","UCity Pickup","St. Louis","63130","63130",3.24,NA,"Orange","Hold","UCity - Wednesday","$300",0,0,0,2017-08-23,2019-09-18,NA,2025-12-19,1552
2021-09-03 07:16:10,2020-05-29,"1 (BYO) KWG - Orders Only (Weekly Shares)","Combined CSA","Kirkwood Pickup","Saint Louis","MO","63119",65.82,"Automatic","Purple","Not on Hold","Kirkwood - Thursday","Debit on Delivery",0,0,0,2020-06-11,2021-09-02,NA,2025-12-19,693
2025-12-15 09:38:18,2025-02-06,"1 FSA/FSD","Combined CSA","FSD","St Louis","MO","63118",-28.56,NA,"Payment","Not on Hold","Fair Shares - Thursday - Thursday","$300",0,0,0,2025-02-13,2025-11-20,NA,2025-12-19,279
2025-04-07 10:25:29,2023-01-12,"1  (BYO) FSG - Orders Only","Combined CSA","Fair Shares Thursday Pickup","High Ridge","MO","63409",0,"Automatic","Green Purple","Not on Hold","Fair Shares - Thursday - Thursday","Debit on Delivery",0,0,0,2023-01-19,2025-01-30,NA,2025-12-19,836
2022-01-20 03:51:57,2017-07-18,"1  (BYO) FSG - Orders Only","Combined CSA","Fair Shares Wednesday Pickup","St. Louis","MO","63110",0,"Automatic","Purple","Not on Hold","Fair Shares - Wednesday  - Wednesday","Debit on Delivery",0,0,0,2017-08-16,2022-01-19,NA,2025-12-19,1454
2025-12-18 02:26:02,2017-07-18,"1 Mini (Weekly Shares)","Combined CSA","UCM","St. Louis","63130","63130",273.97,"Automatic","None","Not on Hold","UCity - Wednesday","$600",0,0,0,2017-08-16,2025-12-17,NA,2025-12-19,1496
2025-12-18 03:57:40,2019-07-28,"1 Half (Half Share - EVEN week)","Combined CSA","UCB","Richmond Heights","MO","63117",0,"Automatic","Purple","Not on Hold","UCity - Wednesday","Debit on Delivery",0,0,0,2019-07-31,2025-12-17,NA,2025-12-19,178
2021-08-29 12:36:14,2020-03-01,"1  (BYO) FSG - Orders Only","Combined CSA","Fair Shares Thursday Pickup","Saint Louis","MO","63139",25.75,"Automatic","Orange","Not on Hold","Fair Shares - Thursday - Thursday","Debit on Delivery",0,0,0,2020-03-26,2021-08-26,NA,2025-12-19,662
2025-12-12 03:53:29,2025-07-31,"1 Half (Half Share - ODD week)","Combined CSA","FSE","St. Louis","MO","63116",218.85,"Automatic","Orange","Not on Hold","Fair Shares - Thursday - Thursday","$150",0,0,0,2025-08-07,2025-12-11,NA,2025-12-19,722
2021-01-04 12:41:50,2020-04-26,"1  (BYO) FSG - Orders Only","Combined CSA","Fair Shares Thursday Pickup","Webster Groves","MO","63119",0,"Automatic","None","Not on Hold","Fair Shares - Thursday - Thursday","Debit on Delivery",0,0,0,2020-04-30,2020-12-24,NA,2025-12-19,1794
2025-12-11 02:27:19,2024-04-05,"1 Half (Half Share - ODD week)","Combined CSA","FSB","Saint Louis","MO","63116",87.37,"Automatic","Orange","Not on Hold","Fair Shares - Wednesday  - Wednesday","$150",0,0,0,2024-04-10,2025-12-10,NA,2025-12-19,1174
2021-04-28 06:46:47,2020-04-21,"1  (BYO) FSG - Orders Only","Combined CSA","Fair Shares Thursday Pickup","Ballwin","MO","63021",169.68,"Automatic","None","Not on Hold","Fair Shares - Thursday - Thursday","Debit on Delivery",0,0,0,2020-04-23,2021-04-22,NA,2025-12-19,1821
2025-12-11 02:27:19,2024-03-11,"1 Half (Half Share - ODD week)","Combined CSA","FSB","St. Louis","MO","63123",96.2,"Automatic","Orange","Not on Hold","Fair Shares - Wednesday  - Wednesday","$150",0,0,0,2024-04-03,2025-12-10,NA,2025-12-19,1682
2025-08-27 10:59:31,2023-04-10,"1 (BYO) UCG - Orders Only","Combined CSA","UCity Pickup","St. Louis","MO","63124",0,"Automatic","Green Purple","Hold","UCity - Wednesday","Debit on Delivery",0,0,0,2023-04-19,2024-10-09,NA,2025-12-19,1631
2025-05-15 02:27:17,2021-06-11,"1 (BYO) UCG - Orders Only","Combined CSA","UCity Pickup","St Louis","MO","63146",82.59,"Automatic","Green","Not on Hold","UCity - Wednesday","Debit on Delivery",0,0,0,2021-06-16,2025-05-14,NA,2025-12-19,1118
2025-12-17 13:16:58,2021-04-05,"1  (BYO) FSG - Orders Only","Combined CSA","Fair Shares Thursday Pickup","Saint Louis","MO","63118",0,NA,"None","Not on Hold","Fair Shares - Thursday - Thursday",NA,0,0,0,2021-04-21,2025-12-18,NA,2025-12-19,1249
2025-02-25 19:19:48,2025-02-25,"1  (BYO) FSG - Orders Only","Combined CSA","Fair Shares Thursday Pickup","St. Louis","MO","63110",0,NA,"None","Not on Hold","Fair Shares - Thursday - Thursday",NA,0,0,0,NA,NA,NA,2025-12-19,183
2025-04-16 18:56:07,2020-04-20,"1 Mini (Weekly Shares)","Combined CSA","FSMini-w","St. Louis","MO","63139",183.97,"Automatic","None","Hold","Fair Shares - Wednesday  - Wednesday","Debit on Delivery",0,0,0,2020-04-22,2025-04-09,NA,2025-12-19,1930
2025-11-20 02:35:19,2020-03-20,"1  (BYO) FSG - Orders Only","Combined CSA","Fair Shares Wednesday Pickup","Saint Louis","MO","63110",21.62,"Automatic","Purple","Not on Hold","Fair Shares - Wednesday  - Wednesday","Debit on Delivery",0,0,0,2020-03-25,2025-11-19,NA,2025-12-19,1348
2020-07-09 03:00:40,2017-07-18,"1 BYO - No Share, Order Only (Weekly Shares)","Combined CSA","Fair Shares Wednesday Pickup","Creve Coeur","MO","63141",120.38,"Automatic","None","Not on Hold","Fair Shares - Wednesday  - Wednesday","Debit on Delivery",0,0,0,2017-08-16,2020-07-08,NA,2025-12-19,1795
2025-12-18 02:26:02,2025-11-22,"1 FSA/FSD","Combined CSA","FSA","Saint Louis","MO","63139",220.96,"Automatic","None","Not on Hold","Fair Shares - Wednesday  - Wednesday","$300",0,0,0,2025-11-26,2025-12-17,NA,2025-12-19,952
2019-11-11 07:56:02,2018-10-01,"1 BYO - No Share, Order Only (Weekly Shares)","Combined CSA","Fair Shares Wednesday Pickup","St Louis","MO","63109",188.07,"Automatic","None","Not on Hold","Fair Shares - Wednesday  - Wednesday","Debit on Delivery",0,0,0,2018-10-03,2019-11-06,NA,2025-12-19,1049
2023-06-05 08:19:52,2022-03-02,"1  (BYO) FSG - Orders Only","Combined CSA","Fair Shares Thursday Pickup","SAINT LOUIS","MO","63104",103.56,"Automatic","None","Not on Hold","Fair Shares - Thursday - Thursday","Debit on Delivery",0,0,0,2022-03-23,2023-05-25,NA,2025-12-19,264
2025-12-12 02:21:44,2017-07-18,"1 Half (Half Share - ODD week), 1 No Produce - Order Only (even wk)","Combined CSA","FSE","St. Louis","MO","63116",183.06,"Automatic","Blue Orange","Not on Hold","Fair Shares - Thursday - Thursday","$300",0,0,0,2017-08-24,2025-12-11,NA,2025-12-19,610
2025-12-19 02:22:26,2017-07-18,"1 FSA/FSD","Combined CSA","FSD","St. Louis","MO","63109",282.44,"Automatic","None","Not on Hold","Fair Shares - Thursday - Thursday","$300",0,0,0,2017-08-16,2025-12-18,NA,2025-12-19,287
2025-12-19 02:22:26,2017-07-20,"1 Half (Half Share - EVEN week)","Combined CSA","FSE","St. Louis","MO","63118",905.6,"Automatic","Purple","Not on Hold","Fair Shares - Thursday - Thursday","$600",0,0,0,2017-08-17,2025-12-18,NA,2025-12-19,1243
2025-07-31 04:01:32,2020-04-17,"1 (BYO) UCG - Orders Only","Combined CSA","UCity Pickup","St. Louis","MO","63105",0,"Automatic","None","Not on Hold","UCity - Wednesday","Debit on Delivery",0,0,0,2020-04-22,2025-07-30,NA,2025-12-19,1151
2022-05-23 08:21:26,2020-05-18,"1  (BYO) FSG - Orders Only","Combined CSA","Fair Shares Thursday Pickup","St. Louis","MO","63109",0,"Automatic","Green Purple","Not on Hold","Fair Shares - Thursday - Thursday","Debit on Delivery",0,0,0,2020-05-21,2022-04-28,NA,2025-12-19,909
2024-08-08 02:40:22,2024-01-26,"1 (BYO) UCG - Orders Only","Combined CSA","UCity Pickup","Saint Louis","MO","63130",127.39,"Automatic","None","Not on Hold","UCity - Wednesday","Debit on Delivery",0,0,0,2024-01-31,2024-08-07,NA,2025-12-19,1603
2024-06-25 08:02:32,2020-11-22,"1  (BYO) FSG - Orders Only","Combined CSA","Fair Shares Thursday Pickup","Maryland Heights","MO","63043",0,"Automatic","Orange","Not on Hold","Fair Shares - Thursday - Thursday","Debit on Delivery",0,0,0,2020-12-03,2024-05-30,NA,2025-12-19,1520
2023-06-13 16:51:04,2022-08-03,"1  (BYO) FSG - Orders Only","Combined CSA","Fair Shares Thursday Pickup","Saint Louis","MO","63104",0,"Automatic","None","Not on Hold","Fair Shares - Thursday - Thursday","Debit on Delivery",0,0,0,2022-08-10,2023-06-08,NA,2025-12-19,511
2025-12-19 03:57:29,2017-07-18,"1 Half (Half Share - EVEN week), 1 2% MILK-e, 1 Creamline MILK-e","Combined CSA","FSE","St. Louis","MO","63110",94.65,"Automatic","Purple","Not on Hold","Fair Shares - Thursday - Thursday","$150",0,0,0,2017-08-17,2025-12-18,NA,2025-12-19,959
2025-11-14 03:56:36,2017-07-20,"1 Half (Half Share - ODD week)","Combined CSA","FSB","St. Louis","MO","63109",205.57,"Automatic","Blue Orange","Not on Hold","Fair Shares - Wednesday  - Wednesday","$150",0,0,0,2017-08-17,2025-11-13,NA,2025-12-19,1111
2020-11-09 10:14:44,2020-06-23,"1  (BYO) FSG - Orders Only","Combined CSA","Fair Shares Wednesday Pickup","St. Louis","MO","63101",11.2,"Automatic","None","Not on Hold","Fair Shares - Wednesday  - Wednesday","Debit on Delivery",0,0,0,2020-06-24,2020-11-04,NA,2025-12-19,720
2025-09-09 11:28:00,2020-04-17,"1 (BYO) KWG - Orders Only (Weekly Shares)","Combined CSA","Kirkwood Pickup","St. Louis","MO","63126",89.01,"Automatic","Orange","Not on Hold","Kirkwood - Thursday","Debit on Delivery",0,0,0,2020-04-23,2025-09-04,NA,2025-12-19,590
2025-12-18 02:26:02,2017-07-18,"1 Mini (Weekly Shares), 1 Multigrain Bread (Half Share - ODD week)","Combined CSA","UCM","St. Louis","63130","MO",244.28,"Automatic","None","Not on Hold","UCity - Wednesday","$600",0,0,0,2017-08-16,2025-12-17,NA,2025-12-19,1818
2025-05-08 02:28:06,2020-03-21,"1 Mini (Weekly Shares)","Combined CSA","UCM","St. Louis","MO","63146",121.44,"Automatic","None","Temp Hold","UCity - Wednesday","$150",0,0,0,2020-03-25,2025-05-07,NA,2025-12-19,349
2025-12-11 11:04:32,2021-04-19,"1 (BYO) KWG - Orders Only (Weekly Shares)","Combined CSA","Kirkwood Pickup","Kirkwood","MO","63122",0,"Automatic","Green","Not on Hold","Kirkwood - Thursday","Debit on Delivery",0,0,0,2021-04-22,2025-11-27,NA,2025-12-19,270
2025-12-18 02:26:02,2017-07-18,"1 Mini (Weekly Shares), 1 Whole MILK-o","Combined CSA","FSMini-w","St. Louis","MO","63116",178.67,"Automatic","None","Not on Hold","Fair Shares - Wednesday  - Wednesday","$300",0,0,0,2017-08-16,2025-12-17,NA,2025-12-19,1427
2025-12-19 03:57:30,2017-07-18,"1 Half (Half Share - EVEN week)","Combined CSA","FSE","St. Louis","MO","63130",166.18,"Automatic","Purple","Not on Hold","Fair Shares - Thursday - Thursday","$150",0,0,0,2017-08-16,2025-12-18,NA,2025-12-19,1020
2025-12-12 02:21:44,2023-06-18,"1 UCA/KWA","Combined CSA","KWA","Fenton","MO","63026",143.5,"Automatic","Green","Temp Hold","Kirkwood - Thursday","$300",0,0,0,2023-06-21,2025-12-11,NA,2025-12-19,1006
2025-11-13 02:34:44,2024-02-27,"1 Half (Half Share - ODD week)","Combined CSA","FSB","St louis","MO","63111",85.38,"Automatic","Orange","Not on Hold","Fair Shares - Wednesday  - Wednesday","$150",0,0,0,2024-04-03,2025-11-12,NA,2025-12-19,156
2021-11-25 02:34:24,2020-04-08,"1  (BYO) FSG - Orders Only","Combined CSA","UCity Pickup","St. Louis","MO","63130",33.69,"Automatic","Purple","Not on Hold","UCity - Wednesday","Debit on Delivery",0,0,0,2020-04-15,2021-11-24,NA,2025-12-19,1037
2025-12-18 02:26:02,2017-07-20,"1 Half (Half Share - EVEN week)","Combined CSA","FSB","St. Louis","MO","63110",112.18,"Automatic","Purple","Not on Hold","Fair Shares - Wednesday  - Wednesday","$150",0,0,0,2017-08-17,2025-12-17,NA,2025-12-19,346
2024-10-21 09:11:10,2017-11-13,"1  (BYO) FSG - Orders Only","Combined CSA","Fair Shares Wednesday Pickup","Saint Louis","MO","63110",0,"Automatic","None","Not on Hold","Fair Shares - Wednesday  - Wednesday","Debit on Delivery",0,0,0,2017-11-15,2024-10-16,NA,2025-12-19,759
2025-12-18 02:26:02,2017-07-18,"1 Half (Half Share - EVEN week)","Combined CSA","UCB","St. Louis","MO","63130",283.72,"Automatic","Purple","Not on Hold","UCity - Wednesday","$300",0,0,0,2017-08-16,2025-12-17,NA,2025-12-19,1304
2021-09-27 09:46:18,2020-04-14,"1  (BYO) FSG - Orders Only","Combined CSA","Fair Shares Thursday Pickup","St. Louis","MO","63110",50.07,"Automatic","Green","Not on Hold","Fair Shares - Thursday - Thursday","Debit on Delivery",0,0,0,2020-04-16,2021-09-23,NA,2025-12-19,285
2025-12-18 03:57:40,2025-04-13,"1 FSA/FSD","Combined CSA","FSA","St. Louis","MO","63104",174.05,"Automatic","None","Not on Hold","Fair Shares - Wednesday  - Wednesday","$150",0,0,0,2025-04-23,2025-12-17,NA,2025-12-19,240
2025-12-14 03:40:10,2020-04-01,"0 2% MILK, 1 UCA/KWA","Combined CSA","KWA","Saint louis","MO","63110",344.91,"Automatic","Payment","Temp Hold","Kirkwood - Thursday","$300",0,0,0,2020-04-08,2025-12-11,NA,2025-12-19,1488
2024-03-10 09:37:52,2017-07-20,"1  (BYO) FSG - Orders Only","Combined CSA","Fair Shares Thursday Pickup","St. Louis","MO","63105",1116.02,"Automatic","None","Not on Hold","Fair Shares - Thursday - Thursday","Debit on Delivery",0,0,0,2017-08-17,2024-03-07,NA,2025-12-19,987
2022-01-04 15:24:03,2020-06-09,"1 BYO - No Share, Order Only (Weekly Shares)","Combined CSA","Fair Shares Wednesday Pickup","St. Louis","MO","63118",0,NA,"None","Not on Hold","Fair Shares - Wednesday  - Wednesday",NA,0,0,0,2020-06-24,2022-01-05,NA,2025-12-19,819
2022-03-12 11:11:37,2020-03-21,"1  (BYO) FSG - Orders Only","Combined CSA","Fair Shares Thursday Pickup","St. Louis","MO","63143",0,"Automatic","Green Orange","Not on Hold","Fair Shares - Thursday - Thursday","Debit on Delivery",0,0,0,2020-03-26,2022-02-10,NA,2025-12-19,714
2025-12-18 02:26:02,2020-08-14,"1 Mini (Weekly Shares)","Combined CSA","UCM","Olivette","MO","63132",88.3,"Automatic","None","Not on Hold","UCity - Wednesday","$300",0,0,0,2020-08-19,2025-12-17,NA,2025-12-19,401
2021-12-12 22:51:50,2020-04-08,"1 (BYO) UCG - Orders Only","Combined CSA","UCity Pickup","St. Louis","MO","63105",176.27,"Automatic","Purple","Hold","UCity - Wednesday","$150",0,0,0,2020-04-15,2021-03-10,NA,2025-12-19,314
2025-12-11 03:56:43,2022-03-24,"1 Half (Half Share - ODD week)","Combined CSA","FSB","Chesterfield","MO","63017",362.37,"Automatic","Orange","Not on Hold","Fair Shares - Wednesday  - Wednesday","$300",0,0,0,2022-03-30,2025-12-10,NA,2025-12-19,337
2025-12-19 02:22:26,2025-02-05,"1 FSA/FSD","Combined CSA","FSD","Saint Louis","MO","63116",106,"Automatic","None","Not on Hold","Fair Shares - Thursday - Thursday","$300",0,0,0,2025-02-13,2025-12-18,NA,2025-12-19,643
2025-12-18 03:57:42,2017-07-18,"1 UCA/KWA","Combined CSA","UCA","St. Louis","MO","63105",320.21,"Automatic","None","Not on Hold","UCity - Wednesday","$300",0,0,0,2017-08-16,2025-12-17,NA,2025-12-19,42
2025-12-18 03:57:46,2019-08-20,"1 FSC","Combined CSA","FSC-W","St. Louis","MO","63110",363.29,"Automatic","None","Not on Hold","Fair Shares - Wednesday  - Wednesday","$300",0,0,0,2019-08-28,2025-12-17,NA,2025-12-19,1286
2025-12-12 02:21:44,2020-04-17,"1 Mini (Weekly Shares)","Combined CSA","FSMini-t","Clayton","MO","63105",129.02,"Automatic","Green","Not on Hold","Fair Shares - Thursday - Thursday","$150",0,0,0,2020-04-23,2025-12-11,NA,2025-12-19,670
2025-10-02 14:41:08,2025-09-02,"1  (BYO) FSG - Orders Only","Combined CSA","Fair Shares Thursday Pickup","St Louiis","MO","63111",0,NA,"None","Not on Hold","Fair Shares - Thursday - Thursday",NA,0,0,0,2025-09-11,2025-10-02,NA,2025-12-19,131
2021-03-15 09:42:40,2020-04-18,"1 (BYO) UCG - Orders Only","Combined CSA","UCity Pickup","St Louis","MO","63117",0,"Automatic","Orange","Not on Hold","UCity - Wednesday","Debit on Delivery",0,0,0,2020-04-22,2021-02-24,NA,2025-12-19,66
2025-01-17 04:01:37,2022-01-18,"1  (BYO) FSG - Orders Only","Combined CSA","Fair Shares Thursday Pickup","Saint Louis","MO","63123",0,"Automatic","Green","Not on Hold","Fair Shares - Thursday - Thursday","Debit on Delivery",0,0,0,2022-01-27,2025-01-16,NA,2025-12-19,858
2025-12-11 02:27:19,2020-04-10,"1 Half (Half Share - ODD week)","Combined CSA","UCB","Saint Louis","MO","63105",127.78,"Automatic","Green Orange","Not on Hold","UCity - Wednesday","$150",0,0,0,2020-04-16,2025-12-10,NA,2025-12-19,1512
2025-12-19 02:22:26,2017-07-18,"1 Half (Half Share - EVEN week), 1 No Produce - Order Only (odd wk)","Combined CSA","FSB","St. Louis","MO","63109",136.38,"Automatic","Purple","Not on Hold","Fair Shares - Wednesday  - Wednesday","$150",0,0,0,2017-08-16,2025-12-17,NA,2025-12-19,1155
2025-12-19 02:22:26,2020-04-12,"1 UCA/KWA","Combined CSA","KWA","Glendale","MO","63122",587.74,"Automatic","None","Not on Hold","Kirkwood - Thursday","$600",0,0,0,2020-04-16,2025-12-18,NA,2025-12-19,1891
2022-05-02 08:32:51,2020-07-18,"1 (BYO) UCG - Orders Only","Combined CSA","UCity Pickup","University City","MO","63130",0,"Automatic","Purple","Not on Hold","UCity - Wednesday","Debit on Delivery",0,0,0,2020-07-22,2022-04-27,NA,2025-12-19,89
2022-01-14 02:25:32,2020-05-06,"1 (BYO) KWG - Orders Only (Weekly Shares)","Combined CSA","Kirkwood Pickup","St. Louis","MO","63109",2.41,"Automatic","Green","Not on Hold","Kirkwood - Thursday","Debit on Delivery",0,0,0,2020-05-14,2022-01-13,NA,2025-12-19,1982
2025-10-30 02:36:46,2019-11-13,"1 Half (Half Share - ODD week)","Combined CSA","FSB","St. Louis","MO","63101",295.65,"Automatic","Orange","Not on Hold","Fair Shares - Wednesday  - Wednesday","$300",0,0,0,2019-11-20,2025-10-29,NA,2025-12-19,1124
2021-12-19 20:31:49,2017-07-18,"1  (BYO) FSG - Orders Only","Combined CSA","Fair Shares Wednesday Pickup","St. Louis","MO","63110",10.38,"Automatic","Purple","Not on Hold","Fair Shares - Wednesday  - Wednesday","Debit on Delivery",0,0,0,2017-08-16,2021-12-08,NA,2025-12-19,792
2025-12-19 02:22:26,2025-06-29,"1 Half (Half Share - EVEN week)","Combined CSA","KWB","Saint Louis","MO","63131",94.39,"Automatic","Purple","Not on Hold","Kirkwood - Thursday","$150",0,0,0,2025-07-03,2025-12-18,NA,2025-12-19,608
2023-06-09 11:22:26,2017-07-18,"1 BYO - No Share, Order Only (Weekly Shares)","Combined CSA","Fair Shares Wednesday Pickup","St. Louis","MO","63122",0,NA,"Orange","Not on Hold","Fair Shares - Wednesday  - Wednesday","$150",0,0,0,2017-08-23,2018-02-21,NA,2025-12-19,1915
2025-12-19 02:22:26,2020-06-07,"1 FSC","Combined CSA","FSC-T","St. Louis","MO","63126",119.22,"Automatic","Green","Not on Hold","Fair Shares - Thursday - Thursday","$150",0,0,0,2020-06-11,2025-12-18,NA,2025-12-19,242
2025-05-20 15:59:44,2025-03-30,"1 (BYO) KWG - Orders Only (Weekly Shares)","Combined CSA","Kirkwood Pickup","Sunset Hills","MO","63127",0,"Automatic","None","Hold","Kirkwood - Thursday","Debit on Delivery",0,0,0,2025-04-03,2025-04-17,NA,2025-12-19,272
2025-12-18 02:26:02,2017-07-18,"1 Half (Half Share - EVEN week), 1 2% MILK-e, 1 No Produce - Order Only (odd wk)","Combined CSA","UCB","St. Louis","MO","63131",457.66,"Automatic","Purple","Not on Hold","UCity - Wednesday","$600",0,0,0,2017-08-16,2025-12-17,NA,2025-12-19,384
2019-10-14 07:42:22,2018-11-25,"1 BYO - No Share, Order Only (Weekly Shares)","Combined CSA","Fair Shares Wednesday Pickup","St. Charles","MO","63303",-6.28,NA,"None","Not on Hold","Fair Shares - Wednesday  - Wednesday","Debit on Delivery",0,0,0,2018-11-28,2019-10-09,NA,2025-12-19,771
2023-07-21 02:42:18,2022-07-20,"1  (BYO) FSG - Orders Only","Combined CSA","Fair Shares Thursday Pickup","Saint Louis","MO","63110",1.35,"Automatic","Green","Not on Hold","Fair Shares - Thursday - Thursday","Debit on Delivery",0,0,0,2022-07-28,2023-07-20,NA,2025-12-19,1851
2025-12-18 03:57:39,2022-07-12,"1 (BYO) UCG - Orders Only","Combined CSA","UCity Pickup","Bridgeton","MO","63044",0,"Automatic","Green","Not on Hold","UCity - Wednesday","Debit on Delivery",0,0,0,2022-07-20,2025-12-17,NA,2025-12-19,1200
2021-01-14 16:30:54,2017-07-20,"1  (BYO) FSG - Orders Only","Combined CSA","Fair Shares Thursday Pickup","St. Louis","63119","63110",401.14,"Automatic","Orange","Hold","Fair Shares - Thursday - Thursday","Debit on Delivery",0,0,0,2017-08-17,2020-12-03,NA,2025-12-19,497
2021-11-15 09:42:09,2020-02-04,"1  (BYO) FSG - Orders Only","Combined CSA","Fair Shares Thursday Pickup","Saint Louis","MO","63104",136.74,"Automatic","Blue Orange","Not on Hold","Fair Shares - Thursday - Thursday","Debit on Delivery",0,0,0,2020-02-06,2021-11-04,NA,2025-12-19,1261
2021-02-19 15:30:05,2020-04-01,"1 (BYO) UCG - Orders Only","Combined CSA","UCity Pickup","Saint Louis","MO","63112",-0.07,NA,"None","Not on Hold","UCity - Wednesday","Debit on Delivery",0,0,0,2020-04-08,2021-02-10,NA,2025-12-19,1397
2025-12-18 03:57:43,2022-01-30,"1 UCA/KWA","Combined CSA","UCA","St. Louis","MO","63130",213.26,"Automatic","Green","Not on Hold","UCity - Wednesday","$150",0,0,0,2022-02-09,2025-12-17,NA,2025-12-19,1506
2023-11-30 14:26:52,2022-10-12,"1  (BYO) FSG - Orders Only","Combined CSA","Fair Shares Wednesday Pickup","Saint Louis","MO","63110",44.84,NA,"Green Orange","Not on Hold","Fair Shares - Wednesday  - Wednesday","Debit on Delivery",0,0,0,2022-10-19,2023-10-25,NA,2025-12-19,1676
2021-06-28 08:31:52,2020-05-11,"1 (BYO) KWG - Orders Only (Weekly Shares)","Combined CSA","Kirkwood Pickup","Kirkwood","MO","63122",5.84,"Automatic","Green","Not on Hold","Kirkwood - Thursday","Debit on Delivery",0,0,0,2020-05-14,2021-06-24,NA,2025-12-19,1973
2025-12-19 03:57:44,2022-06-10,"1  (BYO) FSG - Orders Only","Combined CSA","Fair Shares Thursday Pickup","St. Louis","MO","63119",0,"Automatic","None","Not on Hold","Fair Shares - Thursday - Thursday","Debit on Delivery",0,0,0,2022-06-16,2025-12-18,NA,2025-12-19,1910
2025-12-18 02:26:02,2021-11-05,"1 Mini (Weekly Shares)","Combined CSA","UCM","St. Louis","MO","63130",107.02,"Automatic","None","Not on Hold","UCity - Wednesday","$300",0,0,0,2021-11-10,2025-12-17,NA,2025-12-19,526
2025-03-27 16:49:44,2024-02-04,"1  (BYO) FSG - Orders Only","Combined CSA","Fair Shares Wednesday Pickup","St. Louis","MO","63110",0,"Automatic","Purple","Not on Hold","Fair Shares - Wednesday  - Wednesday","Debit on Delivery",0,0,0,2024-02-07,2024-10-23,NA,2025-12-19,1536
2025-12-11 03:56:39,2021-08-19,"1 Half (Half Share - ODD week)","Combined CSA","FSB","St. Louis","MO","63108",367.43,"Automatic","Green Orange","Not on Hold","Fair Shares - Wednesday  - Wednesday","$300",0,0,0,2021-08-25,2025-12-10,NA,2025-12-19,976
2024-09-19 02:41:24,2024-07-24,"1 (BYO) UCG - Orders Only","Combined CSA","UCity Pickup","St Louis","MO","63108",0.41,"Automatic","None","Not on Hold","UCity - Wednesday","Debit on Delivery",0,0,0,2024-07-31,2024-09-18,NA,2025-12-19,582
2022-09-13 10:43:36,2020-04-18,"1 (BYO) UCG - Orders Only","Combined CSA","UCity Pickup","Clayton","MO","63105",0,"Automatic","None","Not on Hold","UCity - Wednesday","Debit on Delivery",0,0,0,2020-04-22,2022-09-07,NA,2025-12-19,215
2023-07-14 02:41:37,2022-09-24,"1  (BYO) FSG - Orders Only","Combined CSA","Fair Shares Thursday Pickup","Saint Louis","MO","63125",31.6,"Automatic","None","Not on Hold","Fair Shares - Thursday - Thursday","Debit on Delivery",0,0,0,2022-09-29,2023-07-13,NA,2025-12-19,110
2025-09-21 12:43:57,2020-05-28,"1  (BYO) FSG - Orders Only","Combined CSA","Fair Shares Thursday Pickup","St Louis","MO","63110",62.06,"Automatic","Green","Not on Hold","Fair Shares - Thursday - Thursday","Debit on Delivery",0,0,0,2020-06-04,2025-09-11,NA,2025-12-19,1171
2024-05-31 02:26:12,2023-02-10,"1 (BYO) KWG - Orders Only (Weekly Shares)","Combined CSA","Kirkwood Pickup","Kirkwood","MO","63122",7.74,"Automatic","Green Orange","Not on Hold","Kirkwood - Thursday","Debit on Delivery",0,0,0,2023-02-16,2024-05-30,NA,2025-12-19,1433
2021-07-15 03:57:28,2020-05-28,"1  (BYO) FSG - Orders Only","Combined CSA","Fair Shares Wednesday Pickup","St. Louis","MO","63104",0,"Automatic","None","Not on Hold","Fair Shares - Wednesday  - Wednesday","Debit on Delivery",0,0,0,2020-06-03,2021-07-14,NA,2025-12-19,1008
2025-11-20 02:35:19,2020-03-31,"1  (BYO) FSG - Orders Only","Combined CSA","Fair Shares Wednesday Pickup","Saint louis","MO","63109",43.38,"Automatic","Green","Not on Hold","Fair Shares - Wednesday  - Wednesday","Debit on Delivery",0,0,0,2020-04-01,2025-11-19,NA,2025-12-19,274
2025-12-18 02:26:02,2021-01-04,"1 Half (Half Share - EVEN week)","Combined CSA","UCB","St. Louis","MO","63112",-22.75,NA,"Purple","Not on Hold","UCity - Wednesday","Debit on Delivery",0,0,0,2021-01-13,2025-12-17,NA,2025-12-19,1040
2023-12-17 03:43:00,2019-03-17,"1  (BYO) FSG - Orders Only","Combined CSA","Fair Shares Thursday Pickup","St. Louis","MO","63139",144.85,"Automatic","None","Not on Hold","Fair Shares - Thursday - Thursday","Debit on Delivery",0,0,0,2019-04-04,2023-12-14,NA,2025-12-19,509
2025-12-18 02:26:02,2017-07-18,"1 FSA/FSD","Combined CSA","FSA","St. Louis","MO","63119",115.71,"Automatic","None","Not on Hold","Fair Shares - Wednesday  - Wednesday","$300",0,0,0,2017-08-16,2025-12-17,NA,2025-12-19,863
2019-05-22 11:30:33,2017-07-18,"1 BYO - No Share, Order Only (Weekly Shares)","Combined CSA","Fair Shares Thursday Pickup","St. Louis","63110","MO",124.53,NA,"None","Hold","Fair Shares - Thursday - Thursday","$150",0,0,0,2017-08-17,2017-10-19,NA,2025-12-19,1394
2025-12-18 02:26:02,2025-04-06,"1 Mini (Weekly Shares)","Combined CSA","UCM","St. Louis","MO","63118",98.48,"Automatic","None","Not on Hold","UCity - Wednesday","$150",0,0,0,2025-04-09,2025-12-17,NA,2025-12-19,627
2025-12-18 03:57:50,2017-07-18,"1 UCA/KWA","Combined CSA","UCA","St. Louis","MO","63112",94.88,"Automatic","None","Not on Hold","UCity - Wednesday","$150",0,0,0,2017-08-16,2025-12-17,NA,2025-12-19,1039
2025-03-27 06:14:13,2017-07-20,"1 Mini (Weekly Shares)","Combined CSA","FSMini-w","St. Louis","63021","MO",76,"Automatic","None","Hold","Fair Shares - Wednesday  - Wednesday","$150",0,0,0,2017-08-16,2017-09-13,NA,2025-12-19,1398
2025-11-19 16:36:51,2025-07-08,"1  (BYO) FSG - Orders Only","Combined CSA","Fair Shares Wednesday Pickup","St. Louis","MO","63123",0,NA,"None","Not on Hold","Fair Shares - Wednesday  - Wednesday",NA,0,0,0,2025-07-10,2025-11-19,NA,2025-12-19,45
2025-04-14 14:20:28,2025-02-09,"1 Half (Half Share - EVEN week)","Combined CSA","FSE","St Louis","MO","63103",68.89,"Automatic","Purple","Hold","Fair Shares - Thursday - Thursday","Debit on Delivery",0,0,0,2025-02-13,2025-04-10,NA,2025-12-19,626
2025-12-18 02:26:02,2017-07-18,"1 Half (Half Share - EVEN week)","Combined CSA","FSB","St. Louis","MO","63143",107.81,"Automatic","Purple","Not on Hold","Fair Shares - Wednesday  - Wednesday","$150",0,0,0,2017-08-16,2025-12-17,NA,2025-12-19,351
2025-12-19 02:22:26,2017-07-18,"1 FSA/FSD","Combined CSA","FSD","St. Louis","MO","63124",639.02,"Automatic","None","Not on Hold","Fair Shares - Thursday - Thursday",NA,0,0,0,2017-08-16,2025-12-18,NA,2025-12-19,1377
2025-07-18 02:39:03,2020-03-19,"1  (BYO) FSG - Orders Only","Combined CSA","Fair Shares Thursday Pickup","St Louis","MO","63139",193.08,"Automatic","Blue Orange","Not on Hold","Fair Shares - Thursday - Thursday","$150",0,0,0,2020-03-26,2025-07-17,NA,2025-12-19,166
2025-12-19 03:57:37,2025-01-27,"1 Half (Half Share - EVEN week), 1 No Produce - Order Only (odd wk)","Combined CSA","KWB","Valley Park","MO","63088",190.46,"Automatic","Purple","Not on Hold","Kirkwood - Thursday","$150",0,0,0,2025-01-30,2025-12-18,NA,2025-12-19,797
2025-12-19 03:57:40,2022-07-23,"1 Half (Half Share - EVEN week), 1 No Produce - Order Only (odd wk)","Combined CSA","KWB","St. Louis","MO","63123",0,"Automatic","Purple","Not on Hold","Kirkwood - Thursday","Debit on Delivery",0,0,0,2022-07-28,2025-12-18,NA,2025-12-19,405
2025-12-18 03:57:47,2020-02-09,"1 (BYO) UCG - Orders Only","Combined CSA","UCity Pickup","Overland","MO","63114",0,"Automatic","None","Not on Hold","UCity - Wednesday","Debit on Delivery",0,0,0,2020-02-12,2025-12-17,NA,2025-12-19,1713
2025-12-19 02:22:26,2025-04-10,"1 Half (Half Share - EVEN week)","Combined CSA","FSE","Saint Lohis","MO","63109",127.31,"Automatic","Purple","Not on Hold","Fair Shares - Thursday - Thursday","$150",0,0,0,2025-04-17,2025-12-18,NA,2025-12-19,587
2025-12-18 02:26:02,2024-07-23,"1 Mini (Weekly Shares)","Combined CSA","UCM","Olivette","MO","63132",185.07,"Automatic","None","Not on Hold","UCity - Wednesday","$300",0,0,0,2024-07-31,2025-12-17,NA,2025-12-19,598
2025-12-01 09:36:34,2020-04-14,"1 (BYO) KWG - Orders Only (Weekly Shares)","Combined CSA","Kirkwood Pickup","St. louis","MO","63128",0.24,"Automatic","None","Not on Hold","Kirkwood - Thursday","Debit on Delivery",0,0,0,2020-04-23,2025-11-27,NA,2025-12-19,510
2025-12-11 02:27:19,2020-04-25,"1 Half (Half Share - ODD week)","Combined CSA","FSB","Saint Louis","MO","63143",127.34,"Automatic","Green Orange","Not on Hold","Fair Shares - Wednesday  - Wednesday","$150",0,0,0,2020-04-29,2025-12-10,NA,2025-12-19,1272
2025-12-09 10:57:24,2023-03-22,"1 UCA/KWA","Combined CSA","UCA","St. Louis","MO","63130",164.3,"Automatic","None","Temp Hold","UCity - Wednesday","$300",0,0,0,2023-03-29,2025-12-03,NA,2025-12-19,998
2025-09-28 11:30:25,2020-03-24,"1 Half (Half Share - EVEN week)","Combined CSA","FSB","St. Louis","MO","63105-3044",241.94,"Automatic","Purple","Temp Hold","Fair Shares - Wednesday  - Wednesday","$300",0,0,0,2020-03-25,2024-09-11,NA,2025-12-19,9
2025-12-18 03:57:39,2020-10-13,"1  (BYO) FSG - Orders Only","Combined CSA","Fair Shares Wednesday Pickup","Saint Louis","MO","63116",0,"Automatic","None","Not on Hold","Fair Shares - Wednesday  - Wednesday","Debit on Delivery",0,0,0,2020-10-22,2025-12-17,NA,2025-12-19,1537
2025-12-19 03:57:34,2020-03-31,"1 FSC, 1 Whole MILK","Combined CSA","FSC-T","Ballwin","MO","63021",324.24,"Automatic","Green","Not on Hold","Fair Shares - Thursday - Thursday","$300",0,0,0,2020-04-02,2025-12-18,NA,2025-12-19,900
2022-12-16 02:25:41,2021-09-19,"1  (BYO) FSG - Orders Only","Combined CSA","Fair Shares Thursday Pickup","St. Louis","MO","63116",37.74,"Automatic","Orange","Not on Hold","Fair Shares - Thursday - Thursday","Debit on Delivery",0,0,0,2021-09-23,2022-12-15,NA,2025-12-19,1403
2025-03-26 18:04:25,2019-04-08,"1 Half (Half Share - EVEN week)","Combined CSA","UCB","St louis","MO","63117",0,NA,"None","Hold","UCity - Wednesday","$150",0,0,0,NA,NA,NA,2025-12-19,1368
2020-09-11 02:56:07,2020-07-11,"1  (BYO) FSG - Orders Only","Combined CSA","Fair Shares Thursday Pickup","St. Louis","MO","63109",21.11,NA,"Green","Not on Hold","Fair Shares - Thursday - Thursday","$150",0,0,0,2020-07-16,2020-09-10,NA,2025-12-19,438
2024-10-25 02:40:17,2024-07-09,"1  (BYO) FSG - Orders Only","Combined CSA","Fair Shares Thursday Pickup","St. Louis","MO","63118",0.07,"Automatic","Purple","Not on Hold","Fair Shares - Thursday - Thursday","Debit on Delivery",0,0,0,2024-07-17,2024-10-24,NA,2025-12-19,697
2025-12-13 02:07:12,2020-05-03,"1 (BYO) KWG - Orders Only (Weekly Shares)","Combined CSA","Kirkwood Pickup","St. Louis","MO","63146",0,"Automatic","Payment","Not on Hold","Kirkwood - Thursday","Debit on Delivery",0,0,0,2020-05-06,2025-11-06,NA,2025-12-19,1832
2025-12-19 02:22:26,2020-04-10,"1 Half (Half Share - EVEN week), 1 No Produce - Order Only (odd wk)","Combined CSA","KWB","Kirkwood","MO","63122",705.5,"Automatic","Purple","Not on Hold","Kirkwood - Thursday","$600",0,0,0,2020-04-16,2025-12-18,NA,2025-12-19,473
2022-03-12 10:33:27,2017-07-20,"1  (BYO) FSG - Orders Only","Combined CSA","Fair Shares Wednesday Pickup","St. Louis","MO","63108",59.29,"Automatic","None","Not on Hold","Fair Shares - Wednesday  - Wednesday","Debit on Delivery",0,0,0,2017-08-17,2022-02-16,NA,2025-12-19,214
2020-04-13 09:06:53,2019-07-10,"1 (BYO) UCG - Orders Only","Combined CSA","UCity Pickup","University City","MO","63130",54.39,NA,"Purple","Not on Hold","UCity - Wednesday","$600",0,0,0,2019-07-17,2020-04-01,NA,2025-12-19,1965
2022-11-10 10:51:54,2021-03-14,"1  (BYO) FSG - Orders Only","Combined CSA","Fair Shares Wednesday Pickup","St. Louis","MO","63112",126.59,"Automatic","Orange","Not on Hold","Fair Shares - Wednesday  - Wednesday","Debit on Delivery",0,0,0,2021-03-24,2022-11-02,NA,2025-12-19,1916
2025-12-11 11:05:18,2017-08-08,"1  (BYO) FSG - Orders Only","Combined CSA","Fair Shares Wednesday Pickup","St. Louis","MO","63129",0,"Automatic","None","Not on Hold","Fair Shares - Wednesday  - Wednesday","Debit on Delivery",0,0,0,2017-08-16,2025-11-26,NA,2025-12-19,592
2020-10-08 11:40:54,2020-05-02,"1  (BYO) FSG - Orders Only","Combined CSA","Fair Shares Wednesday Pickup","Webster Groves","MO","63119",0,"Automatic","None","Not on Hold","Fair Shares - Wednesday  - Wednesday","Debit on Delivery",0,0,0,2020-05-06,2020-10-07,NA,2025-12-19,625
2025-12-19 02:22:26,2017-07-18,"1 Mini (Weekly Shares)","Combined CSA","FSMini-t","St. Louis","MO","63139",1940.96,"Automatic","None","Not on Hold","Fair Shares - Thursday - Thursday","$600",0,0,0,2017-08-16,2025-12-18,NA,2025-12-19,1431
2025-07-22 14:11:26,2025-03-07,"1  (BYO) FSG - Orders Only","Combined CSA","Fair Shares Thursday Pickup","Manchester","MO","63021",149.9,"Automatic","Orange","Not on Hold","Fair Shares - Thursday - Thursday","Debit on Delivery",0,0,0,2025-04-03,2025-07-10,NA,2025-12-19,331
2025-12-18 02:26:02,2020-04-07,"1 Mini (Weekly Shares)","Combined CSA","FSMini-w","St. Louis","MO","63116",238.84,"Automatic","Green","Not on Hold","Fair Shares - Wednesday  - Wednesday","$300",0,0,0,2020-04-09,2025-12-17,NA,2025-12-19,1896
2021-07-22 14:34:12,2017-07-20,"1 BYO - No Share, Order Only (Weekly Shares)","Combined CSA","Fair Shares Thursday Pickup","St. Louis","MO","63119",-7.79,NA,"None","Not on Hold","Fair Shares - Thursday - Thursday",NA,0,0,0,2017-08-17,2020-02-27,NA,2025-12-19,784
2025-07-18 02:39:03,2017-07-20,"1  (BYO) FSG - Orders Only","Combined CSA","Fair Shares Thursday Pickup","St. Louis","MO","63104",486.68,"Automatic","Blue","Not on Hold","Fair Shares - Thursday - Thursday","Debit on Delivery",0,0,0,2017-08-17,2025-07-17,NA,2025-12-19,1169
2025-03-26 16:10:58,2018-05-04,"1 FSC","Combined CSA","FSC-W","Saint Louis","MO","63104",147.62,"Automatic","None","Hold","Fair Shares - Wednesday  - Wednesday","$300",0,0,0,2018-05-09,2024-04-03,NA,2025-12-19,1109
2024-09-20 02:42:40,2021-04-07,"1 (BYO) KWG - Orders Only (Weekly Shares)","Combined CSA","Kirkwood Pickup","Saint Louis","MO","63122",27.49,"Automatic","None","Not on Hold","Kirkwood - Thursday","Debit on Delivery",0,0,0,2021-04-15,2024-09-19,NA,2025-12-19,269
2021-04-02 03:54:26,2019-08-14,"1 (BYO) UCG - Orders Only","Combined CSA","UCity Pickup","Saint Louis","MO","63130",0,"Automatic","Purple","Not on Hold","UCity - Wednesday","Debit on Delivery",0,0,0,2019-08-28,2021-03-31,NA,2025-12-19,1564
2022-01-13 18:00:37,2020-02-28,"1  (BYO) FSG - Orders Only","Combined CSA","Fair Shares Thursday Pickup","St .Louis","MO","63025",54.8,"Automatic","None","Hold","Fair Shares - Thursday - Thursday","Debit on Delivery",0,0,0,2020-03-26,2021-06-17,NA,2025-12-19,798
2018-05-16 12:30:38,2017-08-08,"1 BYO - No Share, Order Only (Weekly Shares)","Combined CSA","Fair Shares Thursday Pickup","St. Louis","MO","63131",99.56,"Automatic","Purple","Hold","Fair Shares - Thursday - Thursday","$150",0,0,0,2017-08-17,2018-04-12,NA,2025-12-19,297
2025-10-05 06:35:02,2022-07-26,"1 Half (Half Share - EVEN week)","Combined CSA","KWB","Kirkwood","MO","63122",138.56,"Automatic","Green Purple","Not on Hold","Kirkwood - Thursday","$150",0,0,0,2022-08-04,2025-09-25,NA,2025-12-19,1863
2024-11-27 10:14:28,2024-03-06,"1  (BYO) FSG - Orders Only","Combined CSA","Fair Shares Thursday Pickup","Saint Louis","MO","63111",0,NA,"None","Not on Hold","Fair Shares - Thursday - Thursday",NA,0,0,0,2024-03-07,2024-11-28,NA,2025-12-19,1744
2025-12-19 03:57:30,2017-07-18,"1 Half (Half Share - ODD week), 1 No Produce - Order Only (even wk), 4 2% MILK","Combined CSA","FSE","St. Louis","MO","63110",639.69,"Automatic","Blue Orange","Not on Hold","Fair Shares - Thursday - Thursday","$600",0,0,0,2017-08-23,2025-12-18,NA,2025-12-19,31
2022-07-11 09:51:28,2017-07-18,"1  (BYO) FSG - Orders Only","Combined CSA","Fair Shares Wednesday Pickup","St. Louis","MO","63109",197.98,"Automatic","None","Not on Hold","Fair Shares - Wednesday  - Wednesday","Debit on Delivery",0,0,0,2017-08-16,2022-07-06,NA,2025-12-19,84
2025-12-18 15:07:32,2024-09-03,"1  (BYO) FSG - Orders Only","Combined CSA","Fair Shares Thursday Pickup","St. Louis","MO","63108",0,NA,"None","Not on Hold","Fair Shares - Thursday - Thursday",NA,0,0,0,2024-09-04,2025-12-18,NA,2025-12-19,556
2025-06-14 11:17:17,2019-11-03,"1  (BYO) FSG - Orders Only","Combined CSA","Fair Shares Thursday Pickup","St. louis","MO","63117",442.73,"Automatic","None","Not on Hold","Fair Shares - Thursday - Thursday","Debit on Delivery",0,0,0,2019-11-07,2025-06-12,NA,2025-12-19,1472
2025-12-18 03:57:45,2020-07-07,"1 FSC","Combined CSA","FSC-W","Webster Groves","MO","63119",213.08,"Automatic","Green","Not on Hold","Fair Shares - Wednesday  - Wednesday","$150",0,0,0,2020-07-16,2025-12-17,NA,2025-12-19,1387
2025-12-19 02:22:26,2017-07-20,"1 UCA/KWA","Combined CSA","KWA","St. Louis","MO","63141",210.57,"Automatic","None","Not on Hold","Kirkwood - Thursday","$300",0,0,0,2017-08-17,2025-12-18,NA,2025-12-19,1145
2025-12-19 02:22:26,2023-02-02,"2 Whole MILK, 1 (BYO) KWG - Orders Only (Weekly Shares)","Combined CSA","Kirkwood Pickup","High Ridge","MO","63049",168.21,"Automatic","None","Not on Hold","Kirkwood - Thursday","$600",0,0,0,2023-02-09,2025-12-18,NA,2025-12-19,1132
2021-11-29 10:06:05,2017-07-20,"1 (BYO) KWG - Orders Only (Weekly Shares)","Combined CSA","Kirkwood Pickup","Chesterfield","MO","63017",0,"Automatic","Orange","Not on Hold","Kirkwood - Thursday","Debit on Delivery",0,0,0,2017-08-17,2021-11-25,NA,2025-12-19,466
2025-03-26 18:50:56,2017-07-20,"1 Mini (Weekly Shares)","Combined CSA","FSMini-t","Belleville","62226","Belleville, IL",179.2,"Automatic","None","Hold","Fair Shares - Thursday - Thursday","$150",0,0,0,2017-08-17,2018-05-17,NA,2025-12-19,445
2025-03-01 14:36:25,2024-10-27,"1 (BYO) UCG - Orders Only","Combined CSA","UCity Pickup","University City","MO","63130",0,"Automatic","None","Not on Hold","UCity - Wednesday","Debit on Delivery",0,0,0,2024-10-30,2025-01-22,NA,2025-12-19,494
2021-08-16 10:08:35,2020-08-11,"1  (BYO) FSG - Orders Only","Combined CSA","Fair Shares Thursday Pickup","St. Louis","MO","63108",0,"Automatic","None","Not on Hold","Fair Shares - Thursday - Thursday","Debit on Delivery",0,0,0,2020-08-20,2021-08-12,NA,2025-12-19,142
2023-01-31 15:43:12,2021-04-09,"1  (BYO) FSG - Orders Only","Combined CSA","Fair Shares Thursday Pickup","St. Louie","MO","63139",161.3,"Automatic","Green Orange","Not on Hold","Fair Shares - Thursday - Thursday","Debit on Delivery",0,0,0,2021-04-22,2022-01-27,NA,2025-12-19,394
2019-05-22 11:24:39,2017-07-20,"1 BYO - No Share, Order Only (Weekly Shares)","Combined CSA","Fair Shares Thursday Pickup","St. Louis","MO","63109",102.29,NA,"None","Hold","Fair Shares - Thursday - Thursday","$150",0,0,0,2017-08-17,2018-01-04,NA,2025-12-19,498
2024-02-26 18:25:19,2020-05-18,"1  (BYO) FSG - Orders Only","Combined CSA","Fair Shares Wednesday Pickup","St. Louis","MO","63118",183.78,"Automatic","Green","Not on Hold","Fair Shares - Wednesday  - Wednesday",NA,0,0,0,2020-05-21,2023-05-10,NA,2025-12-19,1573
2022-12-18 08:03:21,2017-07-18,"1 Guest Access","Combined CSA","Fair Shares Wednesday Pickup","St. Louis","MO","63104",0,"Automatic","None","Not on Hold","Fair Shares - Wednesday  - Wednesday","Debit on Delivery",0,0,0,2017-08-16,2022-12-14,NA,2025-12-19,1032
2025-12-11 03:56:30,2023-05-24,"1 Half (Half Share - ODD week)","Combined CSA","FSB","St. louis","MO","63139",217.5,"Automatic","Green Orange","Not on Hold","Fair Shares - Wednesday  - Wednesday","$150",0,0,0,2023-05-31,2025-12-10,NA,2025-12-19,624
2025-12-12 02:21:44,2017-07-18,"1 Half (Half Share - ODD week), 1 No Produce - Order Only (even wk)","Combined CSA","FSE","St. Louis","MO","63124",227.25,"Automatic","Blue Orange","Not on Hold","Fair Shares - Thursday - Thursday","$600",0,0,0,2017-08-24,2025-12-11,NA,2025-12-19,979
2021-04-11 09:32:39,2020-03-22,"1  (BYO) FSG - Orders Only","Combined CSA","Fair Shares Thursday Pickup","Webster Groves","MO","63119",107.81,"Automatic","Orange","Hold","Fair Shares - Thursday - Thursday","Debit on Delivery",0,0,0,2020-03-26,2021-04-08,NA,2025-12-19,1319
2025-12-18 02:26:02,2017-07-18,"1 UCA/KWA","Combined CSA","UCA","St. Louis","63105","MO",503.34,"Automatic","None","Not on Hold","UCity - Wednesday","$600",0,0,0,2017-08-16,2025-12-17,NA,2025-12-19,125
2021-08-05 10:26:05,2021-01-10,"1 (BYO) UCG - Orders Only","Combined CSA","UCity Pickup","Florissant","MO","63031",109.34,"Automatic","None","Not on Hold","UCity - Wednesday","Debit on Delivery",0,0,0,2021-01-13,2021-08-04,NA,2025-12-19,586
2024-06-28 03:55:31,2017-07-20,"1  (BYO) FSG - Orders Only","Combined CSA","Fair Shares Thursday Pickup","St. Louis","MO","63104",134.04,"Automatic","None","Not on Hold","Fair Shares - Thursday - Thursday","$150",0,0,0,2017-08-17,2024-06-27,NA,2025-12-19,867
2025-06-13 02:35:37,2019-01-06,"1  (BYO) FSG - Orders Only","Combined CSA","Fair Shares Thursday Pickup","Saint Louis","MO","63110",94.86,"Automatic","Orange","Not on Hold","Fair Shares - Thursday - Thursday","Debit on Delivery",0,0,0,2019-01-09,2025-06-12,NA,2025-12-19,1246
2021-09-15 03:44:25,2020-04-24,"1  (BYO) FSG - Orders Only","Combined CSA","Fair Shares Wednesday Pickup","St. Louis","MO","63119",0,"Automatic","Green","Not on Hold","Fair Shares - Wednesday  - Wednesday","Debit on Delivery",0,0,0,2020-04-29,2021-09-08,NA,2025-12-19,1031
2025-12-19 03:57:44,2020-01-02,"1 BYO - No Share, Order Only (Weekly Shares), 1 Whole MILK-e","Combined CSA","Fair Shares Thursday Pickup","St. Louis","MO","63116",0,"Automatic","Blue Purple","Not on Hold","Fair Shares - Thursday - Thursday","Debit on Delivery",0,0,0,2020-01-16,2025-12-18,NA,2025-12-19,1424
2025-12-12 03:53:28,2017-07-18,"1 Half (Half Share - ODD week)","Combined CSA","UCB","St. Louis","MO","63108",174.2,"Automatic","Orange","Not on Hold","UCity - Wednesday","$150",0,0,0,2017-08-23,2025-12-10,NA,2025-12-19,911
2024-09-04 16:52:36,2017-07-20,"1 BYO - No Share, Order Only (Weekly Shares)","Combined CSA","Fair Shares Thursday Pickup","St. Louis","63110","MO",3.37,NA,"None","Not on Hold","Fair Shares - Thursday - Thursday",NA,0,0,0,2019-11-28,2024-09-05,NA,2025-12-19,1805
2022-12-09 02:24:43,2017-07-18,"1  (BYO) FSG - Orders Only","Combined CSA","Fair Shares Thursday Pickup","St. Louis","MO","63127",218.9,"Automatic","None","Not on Hold","Fair Shares - Thursday - Thursday","Debit on Delivery",0,0,0,2017-08-16,2022-12-08,NA,2025-12-19,602
2020-10-19 09:55:40,2017-07-18,"1  (BYO) FSG - Orders Only","Combined CSA","Fair Shares Wednesday Pickup","St. Louis","MO","63118",0,"Automatic","Purple","Not on Hold","Fair Shares - Wednesday  - Wednesday","Debit on Delivery",0,0,0,2017-08-16,2020-10-14,NA,2025-12-19,427
2025-12-17 13:16:02,2025-04-16,"1  (BYO) FSG - Orders Only","Combined CSA","Fair Shares Wednesday Pickup","St. Louis","MO","63118",0,NA,"None","Not on Hold","Fair Shares - Wednesday  - Wednesday",NA,0,0,0,2025-04-23,2025-12-17,NA,2025-12-19,94
2025-05-02 03:53:41,2023-08-19,"1  (BYO) FSG - Orders Only","Combined CSA","Fair Shares Thursday Pickup","St. Louis","MO","63110",0,"Automatic","Orange","Not on Hold","Fair Shares - Thursday - Thursday","Debit on Delivery",0,0,0,2023-08-24,2025-05-01,NA,2025-12-19,193
2024-07-12 02:41:35,2017-07-18,"1  (BYO) FSG - Orders Only","Combined CSA","Fair Shares Thursday Pickup","St. Louis","MO","63139",5.8,NA,"None","Not on Hold","Fair Shares - Thursday - Thursday","Debit on Delivery",0,0,0,2017-08-16,2024-07-11,NA,2025-12-19,973
2021-02-04 02:34:23,2020-04-17,"1  (BYO) FSG - Orders Only","Combined CSA","Fair Shares Wednesday Pickup","Saint Louis","MO","63109",0.48,"Automatic","Green","Not on Hold","Fair Shares - Wednesday  - Wednesday","Debit on Delivery",0,0,0,2020-04-23,2021-02-03,NA,2025-12-19,222
2025-12-18 02:26:02,2017-07-20,"1 FSA/FSD","Combined CSA","FSA","St. Louis","MO","63110",1148.12,"Automatic","None","Not on Hold","Fair Shares - Wednesday  - Wednesday","$150",0,0,0,2017-08-17,2025-12-17,NA,2025-12-19,704
2025-12-10 19:16:47,2017-07-18,"1 Half (Half Share - ODD week)","Combined CSA","FSB","St. Louis","MO","63108",267.38,"Automatic","Orange","Not on Hold","Fair Shares - Wednesday  - Wednesday","$300",0,0,0,2017-08-23,2025-11-12,NA,2025-12-19,1284
2023-02-02 02:27:06,2020-12-04,"1  (BYO) FSG - Orders Only","Combined CSA","Fair Shares Wednesday Pickup","St. Louis","MO","63104",1.32,"Automatic","Green","Not on Hold","Fair Shares - Wednesday  - Wednesday","Debit on Delivery",0,0,0,2020-12-10,2023-02-01,NA,2025-12-19,1418
2023-10-25 07:20:56,2023-01-01,"1  (BYO) FSG - Orders Only","Combined CSA","Fair Shares Wednesday Pickup","Saint Louis","MO","63104",0,"Automatic","Green","Not on Hold","Fair Shares - Wednesday  - Wednesday","Debit on Delivery",0,0,0,2023-01-05,2023-10-18,NA,2025-12-19,1115
2025-07-17 02:43:04,2020-05-02,"1  (BYO) FSG - Orders Only","Combined CSA","Fair Shares Wednesday Pickup","St. Louis","MO","63104",122.39,"Automatic","Green Orange","Not on Hold","Fair Shares - Wednesday  - Wednesday","Debit on Delivery",0,0,0,2020-05-06,2025-07-16,NA,2025-12-19,740
2025-12-19 03:57:34,2020-03-24,"1 Half (Half Share - EVEN week), 1 Skim MILK-e","Combined CSA","FSE","St.louis","MO","63104",189.42,"Automatic","Green Purple","Not on Hold","Fair Shares - Thursday - Thursday","$150",0,0,0,2020-04-02,2025-12-18,NA,2025-12-19,1708
2025-12-18 02:26:02,2017-07-18,"1 Mini (Weekly Shares)","Combined CSA","UCM","St. Louis","63130","MO",244.22,"Automatic","None","Not on Hold","UCity - Wednesday","$150",0,0,0,2017-08-16,2025-12-17,NA,2025-12-19,479
2025-12-19 02:22:26,2019-09-04,"1 FSA/FSD","Combined CSA","FSD","Webster Groves","MO","63119",180.25,"Automatic","None","Not on Hold","Fair Shares - Thursday - Thursday","$300",0,0,0,2019-09-11,2025-12-18,NA,2025-12-19,710
2022-12-22 02:24:08,2021-09-17,"1 (BYO) UCG - Orders Only","Combined CSA","UCity Pickup","St. Louis","MO","63118",2.08,"Automatic","Green","Not on Hold","UCity - Wednesday","Debit on Delivery",0,0,0,2021-09-22,2022-12-21,NA,2025-12-19,1270
2025-12-12 03:53:31,2019-04-17,"1 Half (Half Share - ODD week), 1 No Produce - Order Only (even wk)","Combined CSA","FSE","St. Louis","MO","63123",170.48,"Automatic","Orange","Not on Hold","Fair Shares - Thursday - Thursday","$150",0,0,0,2019-04-24,2025-12-11,NA,2025-12-19,1786
2024-03-07 15:26:47,2022-10-06,"1 (BYO) KWG - Orders Only (Weekly Shares)","Combined CSA","Fair Shares Thursday Pickup","kirkwood","MO","63122",0,NA,"None","Not on Hold","Fair Shares - Thursday - Thursday","Debit on Delivery",0,0,0,2022-10-27,2024-03-07,NA,2025-12-19,393
2022-01-28 21:17:11,2020-04-18,"1  (BYO) FSG - Orders Only","Combined CSA","Fair Shares Thursday Pickup","Maplewood","MO","63143",71.15,"Automatic","Green Purple","Not on Hold","Fair Shares - Thursday - Thursday","Debit on Delivery",0,0,0,2020-04-23,2022-01-27,NA,2025-12-19,1804
2025-12-17 19:47:05,2025-03-24,"1 (BYO) UCG - Orders Only","Combined CSA","UCity Pickup","St. Louis","MO","63130",49.4,"Automatic","Orange","Not on Hold","UCity - Wednesday","Debit on Delivery",0,0,0,2025-04-02,2025-12-17,NA,2025-12-19,49
2022-11-11 02:31:45,2021-09-02,"1  (BYO) FSG - Orders Only","Combined CSA","Fair Shares Thursday Pickup","St. Louis","MO","63143",104.23,"Automatic","None","Not on Hold","Fair Shares - Thursday - Thursday","Debit on Delivery",0,0,0,2021-09-09,2022-11-10,NA,2025-12-19,1389
2022-11-03 22:13:38,2020-02-27,"1 (BYO) KWG - Orders Only (Weekly Shares)","Combined CSA","Kirkwood Pickup","High Ridge","MO","63049",99.84,"Automatic","Orange","Not on Hold","Kirkwood - Thursday","$150",0,0,0,2020-03-26,2022-10-20,NA,2025-12-19,1917
2020-12-18 03:54:16,2017-07-18,"1 BYO - No Share, Order Only (Weekly Shares)","Combined CSA","Fair Shares Thursday Pickup","St. Louis","MO","63103",180.62,"Automatic","Orange","Not on Hold","Fair Shares - Thursday - Thursday","$150",0,0,0,2017-08-24,2020-12-17,NA,2025-12-19,956
2025-05-02 14:34:46,2023-07-26,"1 (BYO) UCG - Orders Only","Combined CSA","UCity Pickup","St Louis","MO","63117",265.41,"Automatic","None","Hold","UCity - Wednesday","Debit on Delivery",0,0,0,2023-08-02,2025-03-05,NA,2025-12-19,905
2025-12-18 03:57:35,2022-07-24,"1 UCA/KWA","Combined CSA","UCA","Clayton","MO","63105",374.03,"Automatic","None","Not on Hold","UCity - Wednesday","$300",0,0,0,2022-07-27,2025-12-17,NA,2025-12-19,444
2025-12-18 02:26:02,2020-04-10,"1 Chocolate MILK, 1 Mini (Weekly Shares)","Combined CSA","FSMini-w","St louis","MO","63116",261.5,"Automatic","None","Not on Hold","Fair Shares - Wednesday  - Wednesday","$300",0,0,0,2020-04-15,2025-12-17,NA,2025-12-19,810
2025-12-12 02:21:44,2017-07-18,"1 FSA/FSD","Combined CSA","FSD","St. Louis","MO","62298",549.22,"Automatic","None","Not on Hold","Fair Shares - Thursday - Thursday","$600",0,0,0,2017-08-16,2025-12-11,NA,2025-12-19,1002
2025-01-13 05:57:58,2024-03-06,"1  (BYO) FSG - Orders Only","Combined CSA","Fair Shares Wednesday Pickup","St. Louis","MO","63116",115.76,"Automatic","None","Not on Hold","Fair Shares - Wednesday  - Wednesday","Debit on Delivery",0,0,0,2024-04-04,2024-12-04,NA,2025-12-19,1058
2019-11-28 02:23:53,2018-02-11,"1 BYO - No Share, Order Only (Weekly Shares)","Combined CSA","Fair Shares Wednesday Pickup","Saint Louis","MO","63103",2.41,NA,"None","Not on Hold","Fair Shares - Wednesday  - Wednesday","Debit on Delivery",0,0,0,2018-02-14,2019-11-27,NA,2025-12-19,426
2025-12-12 02:21:44,2017-07-18,"1 Half (Half Share - ODD week)","Combined CSA","FSE","Webster Groves","MO","63119",1594.49,"Automatic","Orange","Not on Hold","Fair Shares - Thursday - Thursday","$600",0,0,0,2017-08-16,2025-12-11,NA,2025-12-19,1268
2025-06-08 18:49:13,2023-03-19,"1  (BYO) FSG - Orders Only","Combined CSA","Fair Shares Thursday Pickup","St. Louis","MO","63110",42.52,"Automatic","Green Purple","Not on Hold","Fair Shares - Thursday - Thursday","Debit on Delivery",0,0,0,2023-03-30,2025-06-05,NA,2025-12-19,796
2025-12-12 02:21:44,2020-04-06,"1 Half (Half Share - ODD week)","Combined CSA","FSE","Saint Louis","MO","63118",272.64,"Automatic","Green Orange","Not on Hold","Fair Shares - Thursday - Thursday","$300",0,0,0,2020-04-09,2025-12-11,NA,2025-12-19,282
2022-03-18 12:55:17,2021-10-27,"1  (BYO) FSG - Orders Only","Combined CSA","Fair Shares Thursday Pickup","St. Louis","MO","63144",154.75,"Automatic","Orange","Not on Hold","Fair Shares - Thursday - Thursday","Debit on Delivery",0,0,0,2021-11-04,2022-02-10,NA,2025-12-19,1295
2024-01-21 03:40:20,2019-08-21,"1  (BYO) FSG - Orders Only","Combined CSA","Fair Shares Thursday Pickup","Clayton","MO","63117",0,"Automatic","Blue Orange","Not on Hold","Fair Shares - Thursday - Thursday","Debit on Delivery",0,0,0,2019-09-04,2024-01-18,NA,2025-12-19,1605
2024-06-07 03:56:41,2021-03-20,"1 (BYO) KWG - Orders Only (Weekly Shares)","Combined CSA","Kirkwood Pickup","Kirkwood","MO","63122",0,"Automatic","Purple","Not on Hold","Kirkwood - Thursday","Debit on Delivery",0,0,0,2021-04-01,2024-06-06,NA,2025-12-19,1150
2020-08-31 09:23:38,2020-04-16,"1  (BYO) FSG - Orders Only","Combined CSA","Fair Shares Wednesday Pickup","Big Sky","MT","59716",3.67,NA,"Orange","Not on Hold","Fair Shares - Wednesday  - Wednesday","$300",0,0,0,2020-04-22,2020-08-26,NA,2025-12-19,835
2023-07-13 03:55:55,2020-03-31,"1  (BYO) FSG - Orders Only","Combined CSA","Fair Shares Wednesday Pickup","St. Louis","MO","63109",0,"Automatic","Green Orange","Not on Hold","Fair Shares - Wednesday  - Wednesday","Debit on Delivery",0,0,0,2020-04-01,2023-07-12,NA,2025-12-19,1179
2025-12-11 02:27:19,2017-07-18,"1 FSA/FSD","Combined CSA","FSA","St. Louis","MO","63119",203.64,"Automatic","None","Not on Hold","Fair Shares - Wednesday  - Wednesday","$300",0,0,0,2017-08-16,2025-12-10,NA,2025-12-19,557
2025-12-11 11:05:10,2019-11-05,"1  (BYO) FSG - Orders Only","Combined CSA","Fair Shares Thursday Pickup","St Louis","MO","63131",0,"Automatic","Purple","Not on Hold","Fair Shares - Thursday - Thursday","Debit on Delivery",0,0,0,2019-11-07,2025-10-30,NA,2025-12-19,1657
2025-12-19 02:22:26,2022-07-08,"1 Half (Half Share - EVEN week)","Combined CSA","FSE","Brentwood","MO","63144",125.29,"Automatic","Green Purple","Not on Hold","Fair Shares - Thursday - Thursday","$300",0,0,0,2022-07-13,2025-12-18,NA,2025-12-19,1363
2022-08-19 06:33:34,2022-04-03,"1  (BYO) FSG - Orders Only","Combined CSA","Fair Shares Thursday Pickup","St. Louis","MO","63129",0,"Automatic","Purple","Not on Hold","Fair Shares - Thursday - Thursday","Debit on Delivery",0,0,0,2022-04-14,2022-08-18,NA,2025-12-19,113
2019-11-05 15:13:45,2019-03-29,"1 BYO - No Share, Order Only (Weekly Shares)","Combined CSA","Fair Shares Wednesday Pickup","Saint Louis","MO","63139",278.68,"Automatic","None","Not on Hold","Fair Shares - Wednesday  - Wednesday","Debit on Delivery",0,0,0,2019-04-03,2019-10-30,NA,2025-12-19,1601
2025-12-12 02:21:44,2023-01-26,"1 Half (Half Share - ODD week), 1 No Produce - Order Only (even wk)","Combined CSA","KWB","Florissant","MO","63031",77.39,"Automatic","Orange","Not on Hold","Kirkwood - Thursday","$150",0,0,0,2023-02-02,2025-12-11,NA,2025-12-19,1489
2023-03-23 08:32:45,2020-07-14,"1 (BYO) UCG - Orders Only","Combined CSA","UCity Pickup","Saint louis","MO","63130",121.82,"Automatic","None","Not on Hold","UCity - Wednesday","Debit on Delivery",0,0,0,2020-07-15,2023-03-01,NA,2025-12-19,1617
2025-12-18 02:26:02,2021-02-14,"1 Half (Half Share - EVEN week)","Combined CSA","UCB","University City","MO","63130",86.33,"Automatic","Green Purple","Not on Hold","UCity - Wednesday","$150",0,0,0,2021-02-24,2025-12-17,NA,2025-12-19,1126
2021-07-16 10:00:59,2020-04-17,"1  (BYO) FSG - Orders Only","Combined CSA","Fair Shares Thursday Pickup","Saint Louis","MO","63109",97.21,"Automatic","Green","Not on Hold","Fair Shares - Thursday - Thursday","Debit on Delivery",0,0,0,2020-04-23,2021-07-15,NA,2025-12-19,648
2023-05-21 08:46:13,2021-01-25,"1 (BYO) KWG - Orders Only (Weekly Shares)","Combined CSA","Kirkwood Pickup","St. Louis","MO","63144",103.59,"Automatic","Green Orange","Not on Hold","Kirkwood - Thursday","Debit on Delivery",0,0,0,2021-01-28,2023-05-11,NA,2025-12-19,1897
2025-12-13 03:49:38,2021-10-11,"1 UCA/KWA","Combined CSA","KWA","Chesterfield","MO","63017",191.67,"Automatic","None","Not on Hold","Kirkwood - Thursday","$150",0,0,0,2021-10-14,2025-12-11,NA,2025-12-19,644
2021-11-01 09:24:43,2020-07-01,"1 (BYO) KWG - Orders Only (Weekly Shares)","Combined CSA","Kirkwood Pickup","Manchester","MO","63088",0,"Automatic","None","Not on Hold","Kirkwood - Thursday","Debit on Delivery",0,0,0,2020-07-09,2021-10-28,NA,2025-12-19,1881
2025-12-13 02:07:12,2021-05-20,"1 UCA/KWA","Combined CSA","KWA","Kirkwood","MO","63122",0,"Automatic","Payment","Temp Hold","Kirkwood - Thursday","Debit on Delivery",0,0,0,2021-05-27,2025-11-27,NA,2025-12-19,804
2025-03-26 17:58:40,2022-01-03,"1 Half (Half Share - EVEN week), 1 No Produce - Order Only (odd wk)","Combined CSA","KWB","Ballwin","MO","63021",98.75,"Automatic","Green Purple","Hold","Kirkwood - Thursday","$150",0,0,0,2022-01-13,2024-12-05,NA,2025-12-19,1784
2023-01-18 11:19:04,2020-03-28,"1 (BYO) UCG - Orders Only","Combined CSA","UCity Pickup","St. Louis","MO","63132",33.74,"Automatic","Purple","Not on Hold","UCity - Wednesday","Debit on Delivery",0,0,0,2020-04-01,2023-01-04,NA,2025-12-19,1455
2025-12-12 03:53:38,2020-04-14,"1 No Produce - Order Only (even wk), 1 Half (Half Share - ODD week)","Combined CSA","FSE","kirkwood","MO","63122",204.69,"Automatic","Orange","Not on Hold","Fair Shares - Thursday - Thursday","$150",0,0,0,2020-04-16,2025-12-11,NA,2025-12-19,699
2025-12-18 02:26:02,2023-06-25,"1 Half (Half Share - EVEN week)","Combined CSA","UCB","Saint Louis","MO","63132",162.28,"Automatic","Green Purple","Not on Hold","UCity - Wednesday","$300",0,0,0,2023-06-28,2025-12-17,NA,2025-12-19,708
2023-12-06 10:10:00,2023-01-08,"1  (BYO) FSG - Orders Only","Combined CSA","Fair Shares Thursday Pickup","St. Louis","MO","63108",92.17,"Automatic","Green","Not on Hold","Fair Shares - Thursday - Thursday","Debit on Delivery",0,0,0,2023-01-12,2023-11-30,NA,2025-12-19,1661
2025-12-19 02:22:26,2020-04-25,"1 UCA/KWA","Combined CSA","KWA","Crestwood","MO","63126",80.36,"Automatic","None","Not on Hold","Kirkwood - Thursday","$300",0,0,0,2020-04-30,2025-12-18,NA,2025-12-19,1206
2020-03-21 11:59:27,2017-07-20,"1  (BYO) FSG - Orders Only","Combined CSA","Fair Shares Thursday Pickup","St. Louis","63119","63119",23.79,NA,"None","Not on Hold","Fair Shares - Thursday - Thursday","$600",0,0,0,2017-08-17,2020-02-27,NA,2025-12-19,292
2022-03-24 14:43:57,2020-03-23,"1 (BYO) UCG - Orders Only","Combined CSA","UCity Pickup","University City","MO","63130",8.8,"Automatic","None","Not on Hold","UCity - Wednesday","Debit on Delivery",0,0,0,2020-03-26,2022-03-23,NA,2025-12-19,955
2022-09-16 02:45:17,2022-03-20,"1 (BYO) KWG - Orders Only (Weekly Shares)","Combined CSA","Kirkwood Pickup","St Louis","MO","63117",2.01,"Automatic","None","Not on Hold","Kirkwood - Thursday","Debit on Delivery",0,0,0,2022-03-23,2022-09-15,NA,2025-12-19,212
2021-01-29 03:49:34,2017-07-20,"1 (BYO) KWG - Orders Only (Weekly Shares)","Combined CSA","Kirkwood Pickup","St. Louis","MO","63122",142.81,"Automatic","None","Not on Hold","Kirkwood - Thursday","$150",0,0,0,2017-08-17,2021-01-28,NA,2025-12-19,1093
2025-12-19 02:22:26,2017-07-20,"1 Mini (Weekly Shares)","Combined CSA","FSMini-t","St. Louis","63119","63116",130.49,"Automatic","None","Not on Hold","Fair Shares - Thursday - Thursday","$150",0,0,0,2017-08-17,2025-12-18,NA,2025-12-19,579
2025-05-04 08:01:50,2025-04-10,"1 Guest Access","Combined CSA","UCity Pickup","St. Louis","MO","63130",0,"Automatic","None","Not on Hold","UCity - Wednesday","Debit on Delivery",0,0,0,2025-04-16,2025-04-30,NA,2025-12-19,255
2022-03-11 13:58:28,2020-10-07,"1  (BYO) FSG - Orders Only","Combined CSA","Fair Shares Wednesday Pickup","Saint Louis","MO","63103",80.14,"Automatic","Green Orange","Not on Hold","Fair Shares - Wednesday  - Wednesday","Debit on Delivery",0,0,0,2020-10-15,2022-02-09,NA,2025-12-19,534
2020-12-09 17:54:14,2020-04-26,"1 (BYO) UCG - Orders Only","Combined CSA","UCity Pickup","Saint Louis","MO","63139",26.46,"Automatic","Orange","Not on Hold","UCity - Wednesday","Debit on Delivery",0,0,0,2020-05-06,2020-12-02,NA,2025-12-19,651
2021-11-01 09:50:03,2020-08-31,"1  (BYO) FSG - Orders Only","Combined CSA","Fair Shares Wednesday Pickup","Saint Louis","MO","63108",28.41,"Automatic","Green","Not on Hold","Fair Shares - Wednesday  - Wednesday","Debit on Delivery",0,0,0,2020-09-09,2021-10-27,NA,2025-12-19,817
2025-12-19 02:22:26,2017-07-18,"1 FSA/FSD, 1 Whole MILK","Combined CSA","FSD","St. Louis","MO","63109",201.5,"Automatic","None","Not on Hold","Fair Shares - Thursday - Thursday","$300",0,0,0,2017-08-16,2025-12-18,NA,2025-12-19,636
2025-12-18 02:26:02,2017-07-18,"1 Mini (Weekly Shares)","Combined CSA","UCM","St. Louis","63130","63130",156.61,"Automatic","None","Not on Hold","UCity - Wednesday","$150",0,0,0,2017-08-16,2025-12-17,NA,2025-12-19,356
2025-01-30 03:49:30,2022-07-28,"1  (BYO) FSG - Orders Only","Combined CSA","Fair Shares Wednesday Pickup","St. Louis","MO","63105",0,"Automatic","Green Purple","Not on Hold","Fair Shares - Wednesday  - Wednesday","Debit on Delivery",0,0,0,2022-08-03,2025-01-29,NA,2025-12-19,74
2025-12-11 03:56:37,2025-10-12,"1 Half (Half Share - ODD week)","Combined CSA","FSB","St. Louis","MO","63108",190.97,"Automatic","Orange","Not on Hold","Fair Shares - Wednesday  - Wednesday","$150",0,0,0,2025-10-15,2025-12-10,NA,2025-12-19,642
2020-09-15 21:10:09,2020-04-02,"1 (BYO) KWG - Orders Only (Weekly Shares)","Combined CSA","Kirkwood Pickup","Kirkwood","MO","63122",83.02,"Automatic","Orange","Not on Hold","Kirkwood - Thursday","Debit on Delivery",0,0,0,2020-04-09,2020-09-10,NA,2025-12-19,1606
2025-12-12 02:21:44,2020-04-19,"1 Half (Half Share - ODD week)","Combined CSA","FSE","Fenton","MO","63026",130.38,"Automatic","Orange","Not on Hold","Fair Shares - Thursday - Thursday","$300",0,0,0,2020-04-23,2025-12-11,NA,2025-12-19,1436
2019-08-23 10:23:21,2017-07-18,"1 BYO - No Share, Order Only (Weekly Shares)","Combined CSA","Fair Shares Thursday Pickup","St. Louis","MO","63104",92.25,NA,"None","Hold","Fair Shares - Thursday - Thursday","$150",0,0,0,2017-08-17,2018-04-19,NA,2025-12-19,1565
2025-12-12 02:21:44,2021-03-16,"1 FSC","Combined CSA","FSC-T","Kirkwood","MO","63122",170.86,"Automatic","None","Not on Hold","Fair Shares - Thursday - Thursday","$300",0,0,0,2021-03-24,2025-12-11,NA,2025-12-19,127
2025-12-18 02:26:02,2020-04-22,"1 Mini (Weekly Shares)","Combined CSA","UCM","St. louis","MO","63130",104.74,"Automatic","None","Not on Hold","UCity - Wednesday","$150",0,0,0,2020-04-29,2025-12-17,NA,2025-12-19,418
2022-12-22 02:24:08,2017-07-20,"1 (BYO) UCG - Orders Only","Combined CSA","UCity Pickup","St. Louis","MO","63130",32.03,"Automatic","None","Not on Hold","UCity - Wednesday","Debit on Delivery",0,0,0,2017-10-25,2022-12-21,NA,2025-12-19,1219
2025-12-19 02:22:26,2023-12-28,"1 FSC","Combined CSA","FSC-T","St. Louis","MO","63116",91.89,"Automatic","None","Not on Hold","Fair Shares - Thursday - Thursday","$300",0,0,0,2024-01-04,2025-12-18,NA,2025-12-19,941
2021-08-05 03:55:55,2020-06-20,"1 (BYO) UCG - Orders Only","Combined CSA","UCity Pickup","St. Louis","MO","63130",0,"Automatic","Blue Orange","Not on Hold","UCity - Wednesday","Debit on Delivery",0,0,0,2020-06-24,2021-08-04,NA,2025-12-19,1693
2025-10-24 03:57:05,2020-08-25,"1 (BYO) KWG - Orders Only (Weekly Shares)","Combined CSA","Kirkwood Pickup","Des Peres","MO","63131",0,"Automatic","Green","Not on Hold","Kirkwood - Thursday","Debit on Delivery",0,0,0,2020-09-03,2025-10-23,NA,2025-12-19,19
2021-05-08 09:08:44,2021-04-10,"1 Guest Access","Combined CSA","Fair Shares Thursday Pickup","Saint Louis","MO","63110",0,"Automatic","None","Not on Hold","Fair Shares - Thursday - Thursday","Debit on Delivery",0,0,0,2021-04-15,2021-04-22,NA,2025-12-19,169
2020-08-21 02:55:00,2020-04-26,"1 BYO - No Share, Order Only (Weekly Shares)","Combined CSA","Fair Shares Thursday Pickup","St. Louis","MO","63109",0.22,NA,"Green","Not on Hold","Fair Shares - Thursday - Thursday","$150",0,0,0,2020-04-30,2020-08-20,NA,2025-12-19,1182
2025-12-19 02:22:26,2020-04-14,"1 FSC","Combined CSA","FSC-T","St. Louis","MO","63119",274.89,"Automatic","Green","Not on Hold","Fair Shares - Thursday - Thursday","$300",0,0,0,2020-04-16,2025-12-18,NA,2025-12-19,1857
2025-12-18 02:26:02,2017-07-18,"1 Half (Half Share - EVEN week)","Combined CSA","FSB","St. Louis","MO","63101",472.65,"Automatic","Purple","Not on Hold","Fair Shares - Wednesday  - Wednesday","$150",0,0,0,2017-08-16,2025-12-17,NA,2025-12-19,1380
2024-05-06 08:23:46,2023-05-12,"1  (BYO) FSG - Orders Only","Combined CSA","Fair Shares Thursday Pickup","Glendale","MO","63122",104.11,"Automatic","Green Purple","Not on Hold","Fair Shares - Thursday - Thursday","Debit on Delivery",0,0,0,2023-05-18,2023-11-30,NA,2025-12-19,801
2025-12-18 03:57:47,2017-07-18,"1 FSA/FSD, 1 Guest Access","Combined CSA","FSA","St. Louis","MO","63117",0,"Automatic","Payment","Not on Hold","Fair Shares - Wednesday  - Wednesday","Debit on Delivery",0,0,0,2017-08-16,2025-12-17,NA,2025-12-19,1309
2025-10-16 02:39:56,2020-03-23,"1 Half (Half Share - ODD week)","Combined CSA","FSB","St. Louis","MO","63119",153.56,"Automatic","Orange","Temp Hold","Fair Shares - Wednesday  - Wednesday","Debit on Delivery",0,0,0,2020-03-26,2025-10-15,NA,2025-12-19,243
2020-03-18 09:05:45,2017-07-18,"1 BYO - No Share, Order Only (Weekly Shares)","Combined CSA","Fair Shares Thursday Pickup","St. Louis","63117","MO",217.67,"Automatic","None","Not on Hold","Fair Shares - Thursday - Thursday","$600",0,0,0,2017-08-17,2019-06-27,NA,2025-12-19,791
2020-09-01 11:32:52,2017-07-20,"1 (BYO) KWG - Orders Only (Weekly Shares)","Combined CSA","Fair Shares Thursday Pickup","St. Louis","MO","63110",81.21,NA,"Purple","Hold","Fair Shares - Thursday - Thursday","$600",0,0,0,2017-08-17,2019-08-01,NA,2025-12-19,1244
2025-12-11 03:56:38,2021-08-23,"1 Half (Half Share - ODD week)","Combined CSA","FSB","St. Louis","MO","63110",0,"Automatic","Orange","Not on Hold","Fair Shares - Wednesday  - Wednesday","Debit on Delivery",0,0,0,2021-08-25,2025-12-10,NA,2025-12-19,975
2025-12-19 02:22:26,2017-07-18,"1 Half (Half Share - EVEN week)","Combined CSA","FSE","St. Louis","MO","63119",144.62,"Automatic","Purple","Not on Hold","Fair Shares - Thursday - Thursday","$150",0,0,0,2017-08-16,2025-12-18,NA,2025-12-19,499
2019-05-10 10:09:37,2017-07-20,"1  (BYO) FSG - Orders Only","Combined CSA","Fair Shares Thursday Pickup","St. Louis","63112","63110",202.79,"Automatic","None","Not on Hold","Fair Shares - Thursday - Thursday","Debit on Delivery",0,0,0,2017-08-17,2018-09-20,NA,2025-12-19,1033
2024-11-12 10:58:23,2020-04-18,"1  (BYO) FSG - Orders Only","Combined CSA","Fair Shares Thursday Pickup","Chesterfield","MO","63017",183.99,"Automatic","None","Hold","Fair Shares - Thursday - Thursday","$150",0,0,0,2020-04-23,2021-01-21,NA,2025-12-19,25
2025-12-12 03:53:45,2022-03-26,"1 Half (Half Share - ODD week)","Combined CSA","FSE","St Louis","MO","63118",179.5,"Automatic","Green Purple","Not on Hold","Fair Shares - Thursday - Thursday","$150",0,0,0,2022-03-31,2025-12-11,NA,2025-12-19,21
2022-07-14 03:54:48,2020-07-12,"1 (BYO) UCG - Orders Only","Combined CSA","UCity Pickup","St Louis, Missouri","MO","63130",0,"Automatic","Green","Not on Hold","UCity - Wednesday","Debit on Delivery",0,0,0,2020-07-15,2022-07-13,NA,2025-12-19,1870
2025-12-12 02:21:44,2020-07-22,"1 Half (Half Share - ODD week), 1 No Produce - Order Only (even wk)","Combined CSA","FSE","St. Louis","MO","63143",100.27,"Automatic","Green Blue Orange","Not on Hold","Fair Shares - Thursday - Thursday","$150",0,0,0,2020-07-30,2025-12-11,NA,2025-12-19,1719
2025-12-19 02:22:26,2025-03-15,"1 FSA/FSD","Combined CSA","FSD","Manchester","MO","63021",265.65,"Automatic","None","Not on Hold","Fair Shares - Thursday - Thursday","$300",0,0,0,2025-04-03,2025-12-18,NA,2025-12-19,293
2022-07-25 07:40:56,2017-07-18,"1 (BYO) UCG - Orders Only","Combined CSA","UCity Pickup","St. Louis","MO","63130",276.66,"Automatic","None","Not on Hold","UCity - Wednesday",NA,0,0,0,2017-08-16,2022-07-20,NA,2025-12-19,1811
2024-01-29 08:33:18,2022-07-20,"1  (BYO) FSG - Orders Only","Combined CSA","Fair Shares Thursday Pickup","saint Louis","MO","63139",95.63,"Automatic","Green","Not on Hold","Fair Shares - Thursday - Thursday","Debit on Delivery",0,0,0,2022-07-28,2024-01-25,NA,2025-12-19,165
2022-11-17 03:56:58,2020-03-24,"1  (BYO) FSG - Orders Only","Combined CSA","Fair Shares Wednesday Pickup","Ellisville","MO","63021",0,"Automatic","Green Orange","Not on Hold","Fair Shares - Wednesday  - Wednesday","Debit on Delivery",0,0,0,2020-03-25,2022-11-16,NA,2025-12-19,799
2020-12-17 04:00:45,2020-04-13,"1 (BYO) UCG - Orders Only","Combined CSA","UCity Pickup","St. Louis","MO","63130",0,"Automatic","None","Not on Hold","UCity - Wednesday","Debit on Delivery",0,0,0,2020-04-15,2020-12-16,NA,2025-12-19,767
2025-12-01 09:12:31,2024-08-23,"1  (BYO) FSG - Orders Only","Combined CSA","Fair Shares Wednesday Pickup","St. Louis","MO","63110",0,"Automatic","Purple","Not on Hold","Fair Shares - Wednesday  - Wednesday","Debit on Delivery",0,0,0,2024-08-28,2025-11-19,NA,2025-12-19,141
2021-11-13 08:03:07,2020-04-18,"1  (BYO) FSG - Orders Only","Combined CSA","Fair Shares Wednesday Pickup","St. Louis","MO","63146",161.41,"Automatic","Orange","Not on Hold","Fair Shares - Wednesday  - Wednesday","Debit on Delivery",0,0,0,2020-04-22,2021-11-03,NA,2025-12-19,7
2025-12-11 11:04:07,2022-07-09,"1  (BYO) FSG - Orders Only","Combined CSA","Fair Shares Thursday Pickup","St Louis","MO","63110",0,"Automatic","Green","Not on Hold","Fair Shares - Thursday - Thursday","Debit on Delivery",0,0,0,2022-07-21,2025-12-04,NA,2025-12-19,1375
2025-12-19 02:22:26,2017-07-18,"1 FSA/FSD","Combined CSA","FSD","St. Louis","63116","MO",198.54,"Automatic","None","Not on Hold","Fair Shares - Thursday - Thursday","$300",0,0,0,2017-08-17,2025-12-18,NA,2025-12-19,928
2025-12-10 17:12:43,2021-09-29,"1  (BYO) FSG - Orders Only","Combined CSA","UCity Pickup","St Louis","MO","63110",0,NA,"None","Not on Hold","UCity - Wednesday",NA,0,0,0,2021-10-13,2025-12-10,NA,2025-12-19,788
2024-08-26 08:48:56,2023-04-28,"1  (BYO) FSG - Orders Only","Combined CSA","Fair Shares Thursday Pickup","St. Louis","MO","63143",521.2,"Automatic","None","Not on Hold","Fair Shares - Thursday - Thursday","Debit on Delivery",0,0,0,2023-05-04,2024-08-22,NA,2025-12-19,529
2022-08-16 07:15:20,2021-03-12,"1  (BYO) FSG - Orders Only","Combined CSA","Fair Shares Wednesday Pickup","St. Louis","MO","63118",0,"Automatic","Purple","Hold","Fair Shares - Wednesday  - Wednesday","Debit on Delivery",0,0,0,2021-03-31,2022-02-16,NA,2025-12-19,109
2021-11-26 03:46:41,2018-09-20,"1 (BYO) KWG - Orders Only (Weekly Shares)","Combined CSA","Kirkwood Pickup","Saint Louis","MO","63122",0,"Automatic","None","Not on Hold","Kirkwood - Thursday","Debit on Delivery",0,0,0,2018-09-27,2021-11-25,NA,2025-12-19,164
2024-09-20 11:23:45,2020-04-12,"1 (BYO) UCG - Orders Only","Combined CSA","UCity Pickup","Richmond Heights","MO","63117",114.08,"Automatic","None","Not on Hold","UCity - Wednesday","Debit on Delivery",0,0,0,2020-04-15,2024-09-18,NA,2025-12-19,16
2025-12-19 02:22:26,2025-03-12,"1 Mini (Weekly Shares)","Combined CSA","KWM","Kirkwood","MO","63122",232.32,"Automatic","None","Not on Hold","Kirkwood - Thursday","$300",0,0,0,2025-04-03,2025-12-18,NA,2025-12-19,491
2023-02-03 03:52:22,2021-09-06,"1 (BYO) KWG - Orders Only (Weekly Shares)","Combined CSA","Kirkwood Pickup","Des Peres","MO","63131",0,"Automatic","Green Purple","Not on Hold","Kirkwood - Thursday","Debit on Delivery",0,0,0,2021-09-16,2023-02-02,NA,2025-12-19,1718
2023-11-28 18:33:20,2020-05-14,"1 (BYO) UCG - Orders Only","Combined CSA","UCity Pickup","St Louis","MO","63112",184.19,"Automatic","None","Hold","UCity - Wednesday","Debit on Delivery",0,0,0,2020-05-20,2023-08-23,NA,2025-12-19,1630
2023-01-24 12:51:01,2020-08-11,"1 Guest Access","Combined CSA","Fair Shares Wednesday Pickup","St. Louis","MO","63110",-38.3,NA,"None","Not on Hold","Fair Shares - Wednesday  - Wednesday",NA,0,0,0,2020-08-12,2020-08-12,NA,2025-12-19,195
2021-02-12 02:26:52,2020-04-13,"1  (BYO) FSG - Orders Only","Combined CSA","Fair Shares Thursday Pickup","St. Louis","MO","63123",8.63,"Automatic","Green Orange","Not on Hold","Fair Shares - Thursday - Thursday","Debit on Delivery",0,0,0,2020-04-16,2021-02-11,NA,2025-12-19,1097
2023-12-29 03:51:26,2022-06-12,"1  (BYO) FSG - Orders Only","Combined CSA","Fair Shares Thursday Pickup","Chesterfield","MO","63017",0,"Automatic","None","Not on Hold","Fair Shares - Thursday - Thursday","Debit on Delivery",0,0,0,2022-06-16,2023-01-05,NA,2025-12-19,315
2021-03-29 19:17:19,2020-05-04,"1  (BYO) FSG - Orders Only","Combined CSA","Fair Shares Wednesday Pickup","St. Louis","MO","63110",0,"Automatic","Green Orange","Hold","Fair Shares - Wednesday  - Wednesday","Debit on Delivery",0,0,0,2020-05-07,2021-03-25,NA,2025-12-19,1372
2021-08-06 02:50:00,2020-07-27,"1  (BYO) FSG - Orders Only","Combined CSA","Fair Shares Thursday Pickup","St. Louis","MO","63105",7.42,"Automatic","Green","Not on Hold","Fair Shares - Thursday - Thursday","Debit on Delivery",0,0,0,2020-07-30,2021-08-05,NA,2025-12-19,1036
2025-08-14 10:55:09,2022-04-26,"1 BYO - No Share, Order Only (Weekly Shares)","Combined CSA","Fair Shares Thursday Pickup","St. Louis","MO","63118",0,NA,"None","Not on Hold","Fair Shares - Thursday - Thursday",NA,0,0,0,2025-08-14,2025-08-14,NA,2025-12-19,1359
2025-07-11 03:58:22,2024-01-07,"1  (BYO) FSG - Orders Only","Combined CSA","Fair Shares Thursday Pickup","St. Louis","MO","63139",0,"Automatic","Orange","Not on Hold","Fair Shares - Thursday - Thursday","Debit on Delivery",0,0,0,2024-01-11,2025-07-10,NA,2025-12-19,779
2025-12-19 02:22:26,2021-02-14,"1 Mini (Weekly Shares)","Combined CSA","FSMini-t","St. Louis","MO","63118",152.1,"Automatic","None","Not on Hold","Fair Shares - Thursday - Thursday","$300",0,0,0,2021-02-25,2025-12-18,NA,2025-12-19,1593
2025-12-12 03:53:47,2025-04-04,"1 (BYO) KWG - Orders Only (Weekly Shares)","Combined CSA","Kirkwood Pickup","St Louis","MO","63126",0,"Automatic","Purple","Not on Hold","Kirkwood - Thursday","Debit on Delivery",0,0,0,2025-04-10,2025-12-11,NA,2025-12-19,968
2025-12-12 02:21:44,2020-04-17,"1 Half (Half Share - ODD week)","Combined CSA","KWB","Kirkwood","MO","63122",108.28,"Automatic","Orange","Not on Hold","Kirkwood - Thursday","$150",0,0,0,2020-04-23,2025-12-11,NA,2025-12-19,1525
2025-12-07 17:42:10,2024-08-21,"1 (BYO) KWG - Orders Only (Weekly Shares)","Combined CSA","Kirkwood Pickup","Kirkwood","MO","63122",26.55,"Automatic","None","Not on Hold","Kirkwood - Thursday","Debit on Delivery",0,0,0,2024-08-29,2025-12-04,NA,2025-12-19,404
2023-11-10 03:57:47,2020-04-04,"1  (BYO) FSG - Orders Only","Combined CSA","Fair Shares Thursday Pickup","St. Louis","MO","63104",0,"Automatic","Green Purple","Not on Hold","Fair Shares - Thursday - Thursday","Debit on Delivery",0,0,0,2020-04-09,2023-11-09,NA,2025-12-19,1929
2019-08-23 10:22:29,2017-07-18,"1 BYO - No Share, Order Only (Weekly Shares)","Combined CSA","Fair Shares Wednesday Pickup","St. Louis","MO","63050",76.79,NA,"None","Hold","Fair Shares - Wednesday  - Wednesday",NA,0,0,0,2017-08-16,2018-02-28,NA,2025-12-19,1729
2025-12-13 02:07:12,2020-02-26,"1 (BYO) UCG - Orders Only","Combined CSA","UCity Pickup","St. Louis","MO","63105",0,"Automatic","Payment Orange","Not on Hold","UCity - Wednesday","Debit on Delivery",0,0,0,2020-03-25,2025-11-19,NA,2025-12-19,957
2019-05-22 11:19:51,2017-07-20,"1 BYO - No Share, Order Only (Weekly Shares)","Combined CSA","Fair Shares Thursday Pickup","Fairview Heights","IL","55555",42,NA,"None","Hold","Fair Shares - Thursday - Thursday","$300",0,0,0,2017-08-17,2018-03-01,NA,2025-12-19,1092
2021-08-16 09:46:00,2020-03-26,"1  (BYO) FSG - Orders Only","Combined CSA","Fair Shares Thursday Pickup","St. Louis","MO","63104",28.61,"Automatic","Purple","Not on Hold","Fair Shares - Thursday - Thursday","Debit on Delivery",0,0,0,2020-04-02,2021-08-05,NA,2025-12-19,713
2025-03-26 17:59:47,2020-04-16,"1 Half (Half Share - ODD week), 1 No Produce - Order Only (even wk)","Combined CSA","KWB","St. Louis","MO","63126",122.46,"Automatic","Blue Orange","Hold","Kirkwood - Thursday","Debit on Delivery",0,0,0,2020-04-23,2021-11-04,NA,2025-12-19,386
2025-12-11 02:27:19,2020-03-02,"1 Half (Half Share - ODD week)","Combined CSA","FSB","St Louis","MO","63110",78.53,"Automatic","Orange","Not on Hold","Fair Shares - Wednesday  - Wednesday","$150",0,0,0,2020-03-25,2025-12-10,NA,2025-12-19,1045
2025-12-18 02:26:02,2017-07-18,"1 Mini (Weekly Shares)","Combined CSA","UCM","St. Louis","MO","63112",122.36,"Automatic","None","Not on Hold","UCity - Wednesday","$300",0,0,0,2017-08-16,2025-12-17,NA,2025-12-19,1559
2025-12-18 02:26:02,2017-07-18,"1 FSA/FSD","Combined CSA","FSA","St. Louis","MO","63105",1064.97,"Automatic","None","Not on Hold","Fair Shares - Wednesday  - Wednesday","$600",0,0,0,2017-08-16,2025-12-17,NA,2025-12-19,430
2021-05-18 17:35:26,2021-04-01,"1 (BYO) UCG - Orders Only","Combined CSA","UCity Pickup","Florissant","MO","63031",0,"Automatic","None","Not on Hold","UCity - Wednesday","Debit on Delivery",0,0,0,2021-04-07,2021-05-12,NA,2025-12-19,2
2025-06-30 13:01:27,2022-03-18,"1  (BYO) FSG - Orders Only","Combined CSA","Fair Shares Wednesday Pickup","Saint Louis","MO","63139",0,"Automatic","Green","Not on Hold","Fair Shares - Wednesday  - Wednesday","Debit on Delivery",0,0,0,2022-03-23,2025-04-02,NA,2025-12-19,848
2024-06-02 20:22:54,2020-04-03,"1 (BYO) KWG - Orders Only (Weekly Shares)","Combined CSA","Kirkwood Pickup","Ballwin","MO","63021",141.95,"Automatic","Orange","Not on Hold","Kirkwood - Thursday","Debit on Delivery",0,0,0,2020-04-09,2024-05-30,NA,2025-12-19,1988
2020-05-04 09:33:13,2020-03-21,"1 Guest Access","Combined CSA","Fair Shares Wednesday Pickup","st. louis","MO","63110",0,NA,"None","Not on Hold","Fair Shares - Wednesday  - Wednesday",NA,0,0,0,NA,NA,NA,2025-12-19,664
2025-03-26 17:45:07,2024-07-08,"1 Half (Half Share - EVEN week)","Combined CSA","FSE","Saint louis","MO","63110",0,"Automatic","Purple","Hold","Fair Shares - Thursday - Thursday","Debit on Delivery",0,0,0,2024-07-11,2024-07-18,NA,2025-12-19,477
2021-04-13 17:05:10,2020-08-21,"1  (BYO) FSG - Orders Only","Combined CSA","Fair Shares Wednesday Pickup","St. Louis","MO","63139",0,"Automatic","None","Hold","Fair Shares - Wednesday  - Wednesday","Debit on Delivery",0,0,0,2020-08-26,2021-02-03,NA,2025-12-19,702
2025-12-11 02:27:19,2020-09-08,"1 Half (Half Share - ODD week)","Combined CSA","UCB","St. Louis","MO","63114",148.71,"Automatic","Green Orange","Not on Hold","UCity - Wednesday","$300",0,0,0,2020-09-16,2025-12-10,NA,2025-12-19,1741
2025-12-18 02:26:02,2017-07-18,"1 Half (Half Share - EVEN week)","Combined CSA","UCB","St. Louis","MO","63119",232.09,"Automatic","Purple","Not on Hold","UCity - Wednesday","$600",0,0,0,2017-08-16,2025-12-17,NA,2025-12-19,1410
2021-09-30 17:14:27,2021-04-14,"1 (BYO) KWG - Orders Only (Weekly Shares)","Combined CSA","Kirkwood Pickup","Saint Louis","MO","63127",0,"Automatic","Purple","Hold","Kirkwood - Thursday","Debit on Delivery",0,0,0,2021-04-29,2021-09-16,NA,2025-12-19,1492
2020-05-29 02:45:40,2017-07-20,"1 BYO - No Share, Order Only (Weekly Shares)","Combined CSA","Fair Shares Thursday Pickup","St. Louis","63143","63110",82.62,NA,"None","Not on Hold","Fair Shares - Thursday - Thursday",NA,0,0,0,2017-08-17,2020-05-28,NA,2025-12-19,475
2025-12-19 03:57:30,2019-10-23,"1 Half (Half Share - EVEN week)","Combined CSA","FSB","St. Louis","MO","63103",62.81,"Automatic","Purple","Not on Hold","Fair Shares - Wednesday  - Wednesday","$150",0,0,0,2019-10-23,2025-12-17,NA,2025-12-19,712
2024-11-21 02:32:04,2023-08-20,"1 (BYO) UCG - Orders Only","Combined CSA","UCity Pickup","St louis","MO","63130",39.16,"Automatic","None","Not on Hold","UCity - Wednesday","Debit on Delivery",0,0,0,2023-08-23,2024-11-20,NA,2025-12-19,989
2019-05-22 11:15:01,2018-04-22,"1 BYO - No Share, Order Only (Weekly Shares)","Combined CSA","Fair Shares Thursday Pickup","St. Louis","MO","63128",186.52,NA,"None","Hold","Fair Shares - Thursday - Thursday","$300",0,0,0,2018-04-26,2018-08-16,NA,2025-12-19,1265
2022-02-14 09:52:56,2021-05-25,"1 (BYO) KWG - Orders Only (Weekly Shares)","Combined CSA","Kirkwood Pickup","St. Louis","MO","63141",12.29,"Automatic","Purple","Not on Hold","Kirkwood - Thursday","Debit on Delivery",0,0,0,2021-06-03,2022-02-10,NA,2025-12-19,1578
2024-10-17 02:39:46,2022-06-28,"1  (BYO) FSG - Orders Only","Combined CSA","Fair Shares Wednesday Pickup","St. Louis","MO","63139",0.71,"Automatic","Purple","Not on Hold","Fair Shares - Wednesday  - Wednesday","Debit on Delivery",0,0,0,2022-07-06,2024-10-16,NA,2025-12-19,1814
2025-04-24 03:57:21,2017-07-18,"1  (BYO) FSG - Orders Only","Combined CSA","Fair Shares Wednesday Pickup","Columbia","IL","62236",0.01,"Automatic","None","Not on Hold","Fair Shares - Wednesday  - Wednesday","Debit on Delivery",0,0,0,2017-08-16,2025-04-23,NA,2025-12-19,1245
2024-11-12 10:54:22,2020-08-17,"1 (BYO) UCG - Orders Only","Combined CSA","UCity Pickup","St. Louis","MO","63130",108.02,"Automatic","None","Hold","UCity - Wednesday","Debit on Delivery",0,0,0,2020-08-19,2021-01-06,NA,2025-12-19,129
2020-06-22 10:15:16,2020-03-23,"1 BYO - No Share, Order Only (Weekly Shares)","Combined CSA","Fair Shares Wednesday Pickup","Saint louis","MO","63124",0.95,NA,"Green","Not on Hold","Fair Shares - Wednesday  - Wednesday",NA,0,0,0,2020-03-25,2020-06-17,NA,2025-12-19,95
2025-02-06 02:22:28,2024-04-01,"1 (BYO) UCG - Orders Only","Combined CSA","UCity Pickup","U City","MO","63130",65.57,"Automatic","None","Not on Hold","UCity - Wednesday","Debit on Delivery",0,0,0,2024-04-03,2025-02-05,NA,2025-12-19,117
2021-02-18 08:55:41,2020-12-13,"1  (BYO) FSG - Orders Only","Combined CSA","Fair Shares Thursday Pickup","St Louis","MO","63109",143.6,"Automatic","None","Not on Hold","Fair Shares - Thursday - Thursday","Debit on Delivery",0,0,0,2020-12-17,2021-02-11,NA,2025-12-19,1360
2023-07-19 09:16:36,2020-09-17,"1 (BYO) KWG - Orders Only (Weekly Shares)","Combined CSA","Kirkwood Pickup","st louis","MO","63119",0,"Automatic","Green Orange","Not on Hold","Kirkwood - Thursday","Debit on Delivery",0,0,0,2020-09-30,2023-06-08,NA,2025-12-19,821
2022-06-07 15:24:19,2021-11-14,"1  (BYO) FSG - Orders Only","Combined CSA","Fair Shares Thursday Pickup","St. Louis","MO","63139",0,"Automatic","None","Not on Hold","Fair Shares - Thursday - Thursday","Debit on Delivery",0,0,0,2021-11-17,2022-06-01,NA,2025-12-19,419
2025-10-09 03:59:35,2020-04-24,"1  (BYO) FSG - Orders Only","Combined CSA","Fair Shares Wednesday Pickup","St louis","MO","63110",0,"Automatic","None","Not on Hold","Fair Shares - Wednesday  - Wednesday","Debit on Delivery",0,0,0,2020-04-29,2025-10-08,NA,2025-12-19,568
2025-12-19 02:22:26,2020-04-10,"1 Skim MILK-e, 1 Half (Half Share - EVEN week)","Combined CSA","FSE","St. Louis","MO","63118",134.6,"Automatic","Green Purple","Not on Hold","Fair Shares - Thursday - Thursday","$150",0,0,0,2020-04-16,2025-12-18,NA,2025-12-19,1213
2025-12-19 03:57:39,2017-07-20,"1 FSA/FSD","Combined CSA","FSD","St. Louis","MO","63143",198.03,"Automatic","None","Not on Hold","Fair Shares - Thursday - Thursday","$150",0,0,0,2017-08-24,2025-12-18,NA,2025-12-19,621
2025-11-28 03:48:12,2021-09-11,"1  (BYO) FSG - Orders Only","Combined CSA","Fair Shares Thursday Pickup","St. Louis","MO","63104",0,"Automatic","Green","Not on Hold","Fair Shares - Thursday - Thursday","Debit on Delivery",0,0,0,2021-09-16,2025-11-27,NA,2025-12-19,204
2020-10-01 02:59:40,2020-05-11,"1  (BYO) FSG - Orders Only","Combined CSA","Fair Shares Wednesday Pickup","Saint Louis","MO","63110",2.08,NA,"Green Purple","Not on Hold","Fair Shares - Wednesday  - Wednesday","$300",0,0,0,2020-05-13,2020-09-30,NA,2025-12-19,565
2021-08-17 12:41:19,2019-02-05,"1 BYO - No Share, Order Only (Weekly Shares)","Combined CSA","Fair Shares Thursday Pickup","St. Louis","MO","63116",4.1,"Automatic","None","Not on Hold","Fair Shares - Thursday - Thursday","Debit on Delivery",0,0,0,2019-02-14,2020-04-02,NA,2025-12-19,1458
2025-10-31 03:55:58,2023-01-11,"1  (BYO) FSG - Orders Only","Combined CSA","Fair Shares Thursday Pickup","St Charles","MO","63301",0,"Automatic","Green Purple","Not on Hold","Fair Shares - Thursday - Thursday","Debit on Delivery",0,0,0,2023-01-19,2025-10-30,NA,2025-12-19,1283
2024-09-09 08:42:44,2023-03-30,"1 (BYO) UCG - Orders Only","Combined CSA","UCity Pickup","Saint Louis","MO","63114",159.28,"Automatic","Purple","Not on Hold","UCity - Wednesday","Debit on Delivery",0,0,0,2023-04-05,2024-08-14,NA,2025-12-19,1445
2025-12-18 15:31:36,2024-05-15,"1  (BYO) FSG - Orders Only","Combined CSA","Fair Shares Thursday Pickup","St Louis","MO","63118",0,NA,"None","Not on Hold","Fair Shares - Thursday - Thursday",NA,0,0,0,2024-06-19,2025-12-18,NA,2025-12-19,580
2025-06-22 18:50:29,2025-01-16,"1  (BYO) FSG - Orders Only","Combined CSA","Fair Shares Wednesday Pickup","Saint Louis","MO","63117",218.48,"Automatic","Orange","Not on Hold","Fair Shares - Wednesday  - Wednesday","$150",0,0,0,2025-01-23,2025-06-11,NA,2025-12-19,454
2025-12-04 17:11:09,2017-07-20,"1  (BYO) FSG - Orders Only","Combined CSA","Fair Shares Thursday Pickup","St. Louis","MO","63124",43.61,"Automatic","None","Not on Hold","Fair Shares - Thursday - Thursday","Debit on Delivery",0,0,0,2017-08-17,2022-09-29,NA,2025-12-19,1374
2025-12-18 03:57:38,2017-07-18,"1 UCA/KWA, 1 2% MILK-e","Combined CSA","UCA","St. Louis","63143","63143",636.32,"Automatic","None","Not on Hold","UCity - Wednesday","$600",0,0,0,2017-08-16,2025-12-17,NA,2025-12-19,322
2019-08-23 10:27:52,2017-07-18,"1 BYO - No Share, Order Only (Weekly Shares)","Combined CSA","Fair Shares Thursday Pickup","St. Louis","63141","55555",90.56,NA,"Orange","Hold","Fair Shares - Thursday - Thursday","$150",0,0,0,2017-08-24,2017-12-14,NA,2025-12-19,613
2021-03-15 09:05:48,2017-07-18,"1  (BYO) FSG - Orders Only","Combined CSA","Fair Shares Thursday Pickup","St. Louis","MO","63112",139.52,"Automatic","Purple","Not on Hold","Fair Shares - Thursday - Thursday","Debit on Delivery",0,0,0,2017-08-16,2021-02-25,NA,2025-12-19,673
2025-12-11 02:27:19,2024-03-28,"1 Half (Half Share - ODD week)","Combined CSA","FSB","Town and Country","MO","63017",0.83,"Automatic","Orange","Not on Hold","Fair Shares - Wednesday  - Wednesday","Debit on Delivery",0,0,0,2024-04-03,2025-12-10,NA,2025-12-19,1471
2024-11-06 11:39:15,2023-06-23,"1 (BYO) UCG - Orders Only","Combined CSA","UCity Pickup","University City","MO","63130",0,"Automatic","None","Not on Hold","UCity - Wednesday","Debit on Delivery",0,0,0,2023-06-28,2024-10-02,NA,2025-12-19,500
2021-11-01 09:47:11,2021-01-12,"1  (BYO) FSG - Orders Only","Combined CSA","Fair Shares Wednesday Pickup","Saint Louis","MO","63139",5.18,"Automatic","Green","Not on Hold","Fair Shares - Wednesday  - Wednesday","Debit on Delivery",0,0,0,2021-01-13,2021-10-27,NA,2025-12-19,1167
2021-05-31 09:30:02,2020-04-14,"1  (BYO) FSG - Orders Only","Combined CSA","Fair Shares Thursday Pickup","St. Louis","MO","63109",0.29,"Automatic","Green Orange","Not on Hold","Fair Shares - Thursday - Thursday","Debit on Delivery",0,0,0,2020-04-16,2021-05-20,NA,2025-12-19,1702
2025-12-18 03:57:43,2017-07-18,"1 Half (Half Share - EVEN week)","Combined CSA","UCB","St. Louis","63146","55555",208.86,"Automatic","Purple","Not on Hold","UCity - Wednesday","$150",0,0,0,2017-08-16,2025-12-17,NA,2025-12-19,371
2019-08-23 10:29:36,2018-03-30,"1 BYO - No Share, Order Only (Weekly Shares)","Combined CSA","Fair Shares Thursday Pickup","St. Louis","MO","63119",24.2,NA,"None","Hold","Fair Shares - Thursday - Thursday","$150",0,0,0,2018-04-05,2019-02-28,NA,2025-12-19,518
2025-03-26 17:51:41,2018-08-22,"1 Half (Half Share - EVEN week)","Combined CSA","FSE","St. Louis","MO","63126",220.39,"Automatic","Purple","Hold","Fair Shares - Thursday - Thursday","$150",0,0,0,2018-08-22,2024-01-11,NA,2025-12-19,993
2024-11-15 04:00:47,2020-06-17,"1 Guest Access, 1 BYO - No Share, Order Only (Weekly Shares)","Combined CSA","Fair Shares Thursday Pickup","Saint Louis","MO","63110",347.61,"Automatic","None","Not on Hold","Fair Shares - Thursday - Thursday","$300",0,0,0,2020-07-09,2024-11-14,NA,2025-12-19,827
2025-12-19 02:22:26,2023-04-06,"1 Mini (Weekly Shares)","Combined CSA","KWM","St. Louis","MO","63132",232.91,"Automatic","None","Not on Hold","Kirkwood - Thursday","$600",0,0,0,2023-04-12,2025-12-18,NA,2025-12-19,793
2025-10-16 03:59:10,2024-11-20,"1 FSC","Combined CSA","FSC-W","St Louis","MO","63118",0,"Automatic","None","Temp Hold","Fair Shares - Wednesday  - Wednesday","Debit on Delivery",0,0,0,2024-11-27,2025-10-15,NA,2025-12-19,216
2025-08-24 09:27:39,2017-07-20,"1 (BYO) KWG - Orders Only (Weekly Shares)","Combined CSA","Kirkwood Pickup","St. Louis","MO","63119",130.6,"Automatic","None","Not on Hold","Kirkwood - Thursday","Debit on Delivery",0,0,0,2017-08-17,2025-08-21,NA,2025-12-19,743
2025-12-19 03:57:42,2017-07-18,"1 Half (Half Share - EVEN week), 1 No Produce - Order Only (odd wk)","Combined CSA","FSE","St. Louis","MO","63110",210.11,"Automatic","Purple","Not on Hold","Fair Shares - Thursday - Thursday","$150",0,0,0,2017-08-16,2025-12-18,NA,2025-12-19,725
2025-12-18 03:57:45,2022-02-23,"1 Mini (Weekly Shares)","Combined CSA","FSMini-w","St. Louis","MO","63116",181.94,"Automatic","Green","Not on Hold","Fair Shares - Wednesday  - Wednesday","$150",0,0,0,2022-03-23,2025-12-17,NA,2025-12-19,547
2023-04-03 10:50:55,2021-12-13,"1  (BYO) FSG - Orders Only","Combined CSA","Fair Shares Wednesday Pickup","St. Louis","MO","63123",0.42,NA,"Green","Hold","Fair Shares - Wednesday  - Wednesday","Debit on Delivery",0,0,0,2021-12-22,2022-10-12,NA,2025-12-19,1609
2025-01-30 12:11:21,2020-05-26,"1  (BYO) FSG - Orders Only","Combined CSA","Fair Shares Wednesday Pickup","St. Louis","MO","63119",100,NA,"None","Not on Hold","Fair Shares - Wednesday  - Wednesday","Debit on Delivery",0,0,0,2020-06-03,2025-01-15,NA,2025-12-19,1276
2025-12-12 02:21:44,2017-07-18,"1 Half (Half Share - ODD week), 1 No Produce - Order Only (even wk)","Combined CSA","FSE","St. Louis","63116","63116",110.59,"Automatic","Orange","Not on Hold","Fair Shares - Thursday - Thursday","$150",0,0,0,2017-08-24,2025-12-11,NA,2025-12-19,1977
2021-04-01 09:47:54,2020-03-25,"1  (BYO) FSG - Orders Only","Combined CSA","Fair Shares Thursday Pickup","St Louis","MO","63104",0,"Automatic","Green Purple","Not on Hold","Fair Shares - Thursday - Thursday","Debit on Delivery",0,0,0,2020-03-26,2021-02-25,NA,2025-12-19,1775
2019-05-28 21:13:03,2017-07-20,"1 BYO - No Share, Order Only (Weekly Shares)","Combined CSA","Fair Shares Thursday Pickup","St. Louis","63110","MO",215.82,"Automatic","None","Not on Hold","Fair Shares - Thursday - Thursday","$150",0,0,0,2017-08-17,2019-05-02,NA,2025-12-19,105
2025-10-30 03:59:39,2025-10-14,"1 Guest Access","Combined CSA","UCM","Saint Louis","MO","63130",0,"Automatic","None","Not on Hold","UCity - Wednesday","Debit on Delivery",0,0,0,2025-10-22,2025-10-29,NA,2025-12-19,755
2022-04-08 03:53:24,2020-05-05,"1  (BYO) FSG - Orders Only","Combined CSA","Fair Shares Thursday Pickup","St. Louis","MO","63118",0,"Automatic","Green","Not on Hold","Fair Shares - Thursday - Thursday","Debit on Delivery",0,0,0,2020-05-07,2022-04-07,NA,2025-12-19,890
2024-06-27 02:36:26,2024-06-11,"1  (BYO) FSG - Orders Only","Combined CSA","Fair Shares Wednesday Pickup","St. Louis","MO","63116",-42.29,NA,"None","Not on Hold","Fair Shares - Wednesday  - Wednesday",NA,0,0,0,2024-06-19,2024-06-26,NA,2025-12-19,229
2021-05-27 02:34:40,2017-07-18,"1 (BYO) UCG - Orders Only","Combined CSA","UCity Pickup","St. Louis","MO","63105",105.5,"Automatic","Purple","Not on Hold","UCity - Wednesday","$150",0,0,0,2017-08-16,2021-05-26,NA,2025-12-19,1343
2022-08-29 08:25:01,2020-04-09,"1  (BYO) FSG - Orders Only","Combined CSA","Fair Shares Wednesday Pickup","Webster Groves","MO","63119",0,"Automatic","Orange","Not on Hold","Fair Shares - Wednesday  - Wednesday","Debit on Delivery",0,0,0,2020-04-15,2022-08-24,NA,2025-12-19,897
2025-12-19 03:57:38,2019-06-04,"1 Mini (Weekly Shares)","Combined CSA","FSMini-t","St. Louis","MO","63109",290.71,"Automatic","None","Not on Hold","Fair Shares - Thursday - Thursday","$300",0,0,0,2019-06-06,2025-12-18,NA,2025-12-19,1941
2024-03-08 02:19:49,2022-11-27,"1 (BYO) KWG - Orders Only (Weekly Shares)","Combined CSA","Kirkwood Pickup","Kirkwood","MO","63122",41.54,"Automatic","Green","Not on Hold","Kirkwood - Thursday","Debit on Delivery",0,0,0,2022-12-01,2024-03-07,NA,2025-12-19,1293
2019-07-27 09:05:38,2019-01-20,"1 (BYO) UCG - Orders Only","Combined CSA","UCity Pickup","New York","NY","10069",164.29,NA,"None","Not on Hold","UCity - Wednesday","$150",0,0,0,2019-01-23,2019-07-24,NA,2025-12-19,782
2022-08-01 09:26:00,2022-03-15,"1  (BYO) FSG - Orders Only","Combined CSA","Fair Shares Wednesday Pickup","Webster Groves","MO","63119",168.7,"Automatic","None","Not on Hold","Fair Shares - Wednesday  - Wednesday","Debit on Delivery",0,0,0,2022-03-23,2022-07-27,NA,2025-12-19,882
2022-01-16 19:37:43,2020-02-24,"1 (BYO) UCG - Orders Only","Combined CSA","UCity Pickup","Saint Louis","MO","63130",2.71,"Automatic","Orange","Not on Hold","UCity - Wednesday","Debit on Delivery",0,0,0,2020-02-26,2022-01-12,NA,2025-12-19,1695
2025-12-18 03:57:33,2024-04-01,"1 Mini (Weekly Shares)","Combined CSA","UCM","Overland","MO","63114",196.44,"Automatic","None","Not on Hold","UCity - Wednesday","$150",0,0,0,2024-04-03,2025-12-17,NA,2025-12-19,482
2025-12-18 03:57:52,2025-05-01,"1 (BYO) UCG - Orders Only","Combined CSA","UCity Pickup","Ballwin","MO","63021",0,"Automatic","None","Not on Hold","UCity - Wednesday","Debit on Delivery",0,0,0,2025-05-07,2025-12-17,NA,2025-12-19,320
2025-12-19 03:57:39,2024-01-05,"1 Mini (Weekly Shares)","Combined CSA","FSMini-t","St. Louis","MO","63111",222.49,"Automatic","None","Not on Hold","Fair Shares - Thursday - Thursday","$150",0,0,0,2024-01-11,2025-12-18,NA,2025-12-19,1879
2022-07-03 08:01:03,2022-02-27,"1  (BYO) FSG - Orders Only","Combined CSA","Fair Shares Wednesday Pickup","Belleville","IL","62223",114.78,"Automatic","None","Not on Hold","Fair Shares - Wednesday  - Wednesday","Debit on Delivery",0,0,0,2022-03-23,2022-06-29,NA,2025-12-19,457
2025-08-10 10:29:20,2025-04-02,"1 (BYO) KWG - Orders Only (Weekly Shares)","Combined CSA","Kirkwood Pickup","St. Louis","MO","63128",22.07,"Automatic","Orange","Not on Hold","Kirkwood - Thursday","Debit on Delivery",0,0,0,2025-04-10,2025-08-07,NA,2025-12-19,672
2019-06-03 10:16:41,2017-07-20,"1 (BYO) KWG - Orders Only (Weekly Shares)","Combined CSA","Kirkwood Pickup","St. Louis","MO","63110",324.6,NA,"Purple","Not on Hold","Kirkwood - Thursday","$300",0,0,0,2017-08-17,2019-05-23,NA,2025-12-19,377
2021-06-06 20:36:24,2017-07-18,"1  (BYO) FSG - Orders Only","Combined CSA","Fair Shares Thursday Pickup","St. Louis","MO","63139",180.9,"Automatic","Blue Purple","Not on Hold","Fair Shares - Thursday - Thursday","Debit on Delivery",0,0,0,2017-08-16,2021-05-27,NA,2025-12-19,1567
2022-11-09 17:19:31,2017-07-18,"1  (BYO) FSG - Orders Only","Combined CSA","Fair Shares Wednesday Pickup","St. Louis","MO","63104",22.22,"Automatic","Purple","Not on Hold","Fair Shares - Wednesday  - Wednesday","Debit on Delivery",0,0,0,2017-08-16,2022-10-26,NA,2025-12-19,519
2023-02-11 10:10:43,2021-01-02,"1  (BYO) FSG - Orders Only","Combined CSA","Fair Shares Wednesday Pickup","Creve Coeur","MO","63141",167.36,"Automatic","Green Purple","Not on Hold","Fair Shares - Wednesday  - Wednesday","Debit on Delivery",0,0,0,2021-01-06,2023-02-01,NA,2025-12-19,1361
2025-12-18 02:26:02,2020-04-03,"1 Mini (Weekly Shares)","Combined CSA","FSMini-w","Affton","MO","63143",249.42,"Automatic","None","Not on Hold","Fair Shares - Wednesday  - Wednesday","$300",0,0,0,2020-04-08,2025-12-17,NA,2025-12-19,100
2021-01-18 09:34:22,2020-09-27,"1  (BYO) FSG - Orders Only","Combined CSA","Fair Shares Wednesday Pickup","St. Louis","MO","63118",0,"Automatic","Green Purple","Not on Hold","Fair Shares - Wednesday  - Wednesday","Debit on Delivery",0,0,0,2020-09-30,2021-01-06,NA,2025-12-19,1114
2025-12-12 02:21:44,2020-04-17,"1 Half (Half Share - ODD week)","Combined CSA","FSE","St. Louis","MO","63116",158.23,"Automatic","Orange","Not on Hold","Fair Shares - Thursday - Thursday","$600",0,0,0,2020-04-22,2025-12-11,NA,2025-12-19,566
2025-12-18 02:26:02,2017-07-18,"1 Mini (Weekly Shares)","Combined CSA","FSMini-w","St. Louis","MO","63101",282.45,"Automatic","None","Not on Hold","Fair Shares - Wednesday  - Wednesday","$300",0,0,0,2017-08-16,2025-12-17,NA,2025-12-19,194
2025-12-18 02:26:02,2020-03-24,"1 FSC, 2 Creamline MILK","Combined CSA","FSC-W","Saint Louis","MO","63110",163.94,"Automatic","Green","Not on Hold","Fair Shares - Wednesday  - Wednesday","$300",0,0,0,2020-03-25,2025-12-17,NA,2025-12-19,422
2021-07-29 02:55:05,2019-08-20,"1  (BYO) FSG - Orders Only","Combined CSA","Fair Shares Wednesday Pickup","St. Louis","MO","63116",113.58,"Automatic","None","Not on Hold","Fair Shares - Wednesday  - Wednesday","Debit on Delivery",0,0,0,2019-08-28,2021-07-28,NA,2025-12-19,78
2024-08-19 14:45:49,2020-04-18,"1  (BYO) FSG - Orders Only","Combined CSA","Fair Shares Thursday Pickup","St. Louis","MO","63139",0,"Automatic","None","Not on Hold","Fair Shares - Thursday - Thursday","Debit on Delivery",0,0,0,2020-04-22,2024-05-09,NA,2025-12-19,646
2025-12-18 02:26:02,2017-07-18,"1 Half (Half Share - EVEN week), 1 No Produce - Order Only (odd wk)","Combined CSA","UCB","St. Louis","MO","63143",244.34,"Automatic","Purple","Not on Hold","UCity - Wednesday","$600",0,0,0,2017-08-16,2025-12-17,NA,2025-12-19,1717
2024-11-12 10:57:21,2020-05-17,"1 (BYO) KWG - Orders Only (Weekly Shares)","Combined CSA","Kirkwood Pickup","Glendale","MO","63122",117.96,"Automatic","Green","Hold","Kirkwood - Thursday","Debit on Delivery",0,0,0,2020-05-20,2021-11-25,NA,2025-12-19,1070
2022-12-05 09:17:37,2019-10-23,"1  (BYO) FSG - Orders Only","Combined CSA","Fair Shares Thursday Pickup","Saint Louis","MO","63109",44.32,"Automatic","None","Not on Hold","Fair Shares - Thursday - Thursday","Debit on Delivery",0,0,0,2019-10-30,2022-11-17,NA,2025-12-19,629
2022-10-10 07:40:03,2020-03-22,"1 (BYO) KWG - Orders Only (Weekly Shares)","Combined CSA","Kirkwood Pickup","Saint Peters","MO","63376",81.37,"Automatic","Orange","Not on Hold","Kirkwood - Thursday","$150",0,0,0,2020-03-26,2022-10-06,NA,2025-12-19,972
2025-12-12 02:21:44,2025-08-30,"1 Half (Half Share - ODD week), 1 No Produce - Order Only (even wk)","Combined CSA","FSE","Saint Louis","MO","63129",112.31,"Automatic","Orange","Not on Hold","Fair Shares - Thursday - Thursday","$150",0,0,0,2025-09-04,2025-12-11,NA,2025-12-19,885
2024-09-27 07:45:55,2020-03-24,"1 (BYO) UCG - Orders Only","Combined CSA","UCity Pickup","St Ann","MO","63074",211,"Automatic","Green","Not on Hold","UCity - Wednesday","Debit on Delivery",0,0,0,2020-03-25,2024-08-14,NA,2025-12-19,1924
2025-12-19 02:22:26,2023-02-09,"1 Half (Half Share - EVEN week)","Combined CSA","KWB","St. Louis","MO","63119",218.61,"Automatic","Green Purple","Not on Hold","Kirkwood - Thursday","$300",0,0,0,2023-02-16,2025-12-18,NA,2025-12-19,540
2019-08-29 02:38:50,2018-01-13,"1 BYO - No Share, Order Only (Weekly Shares)","Combined CSA","Fair Shares Wednesday Pickup","Villa Ridge","MO","63089",0,NA,"None","Not on Hold","Fair Shares - Wednesday  - Wednesday","Debit on Delivery",0,0,0,2018-01-18,2019-08-28,NA,2025-12-19,935
2025-12-12 02:21:44,2020-06-11,"1 Half (Half Share - ODD week), 1 (BYO) KWG - Orders Only (Half Share - EVEN week)","Combined CSA","KWB","Chesterfield","MO","63017",88.18,"Automatic","Orange","Not on Hold","Kirkwood - Thursday","$150",0,0,0,2020-06-18,2025-12-11,NA,2025-12-19,267
2025-12-19 03:57:32,2017-08-09,"1 UCA/KWA, 2 2% MILK","Combined CSA","KWA","Webster Groves","MO","63119",337.38,"Automatic","None","Not on Hold","Kirkwood - Thursday","$300",0,0,0,2017-08-16,2025-12-18,NA,2025-12-19,192
2025-12-18 02:26:02,2017-07-18,"1 UCA/KWA","Combined CSA","UCA","St. Louis","MO","63112",557.74,"Automatic","None","Not on Hold","UCity - Wednesday","$600",0,0,0,2017-08-16,2025-12-17,NA,2025-12-19,1735
2025-12-19 02:22:26,2022-07-21,"1 Mini (Weekly Shares)","Combined CSA","FSMini-t","St. Louis","MO","63126",77.29,"Automatic","None","Not on Hold","Fair Shares - Thursday - Thursday","$150",0,0,0,2022-07-28,2025-12-18,NA,2025-12-19,1468
2025-12-05 02:23:09,2017-07-20,"1 BYO - No Share, Order Only (Weekly Shares)","Combined CSA","Fair Shares Thursday Pickup","St. Louis","63124","MO",153.12,"Automatic","None","Not on Hold","Fair Shares - Thursday - Thursday","$150",0,0,0,2017-10-05,2025-12-04,NA,2025-12-19,1211
2025-12-18 03:57:39,2017-07-18,"1 Half (Half Share - EVEN week), 1 No Produce - Order Only (odd wk)","Combined CSA","FSB","webster Groves","MO","63119",164.69,"Automatic","Purple","Not on Hold","Fair Shares - Wednesday  - Wednesday","$150",0,0,0,2017-08-16,2025-12-17,NA,2025-12-19,30
2025-12-19 02:22:26,2024-01-08,"1 Mini (Weekly Shares)","Combined CSA","KWM","Bridgeton","MO","63044",280.55,"Automatic","None","Not on Hold","Kirkwood - Thursday","$300",0,0,0,2024-01-17,2025-12-18,NA,2025-12-19,1476
2025-12-18 03:57:42,2023-07-13,"1 Half (Half Share - EVEN week)","Combined CSA","UCB","University City","MO","63130",192.83,"Automatic","Green Purple","Not on Hold","UCity - Wednesday","$150",0,0,0,2023-07-19,2025-12-17,NA,2025-12-19,472
2025-12-12 02:21:44,2020-04-06,"1 Half (Half Share - ODD week), 1 No Produce - Order Only (even wk)","Combined CSA","FSE","St. Louis","MO","63139",79.71,"Automatic","Orange","Not on Hold","Fair Shares - Thursday - Thursday","$150",0,0,0,2020-04-09,2025-12-11,NA,2025-12-19,1871
2022-08-31 19:03:49,2022-06-19,"1 (BYO) UCG - Orders Only","Combined CSA","UCity Pickup","University City","MO","63130",97.6,"Automatic","None","Not on Hold","UCity - Wednesday","Debit on Delivery",0,0,0,2022-06-22,2022-08-24,NA,2025-12-19,1285
2021-09-10 11:02:18,2020-05-26,"1  (BYO) FSG - Orders Only","Combined CSA","Fair Shares Thursday Pickup","St. Louis","MO","63116",77.01,"Automatic","Orange","Not on Hold","Fair Shares - Thursday - Thursday","Debit on Delivery",0,0,0,2020-06-04,2021-09-09,NA,2025-12-19,1195
2025-10-24 02:37:57,2025-03-18,"1  (BYO) FSG - Orders Only","Combined CSA","Fair Shares Thursday Pickup","St Louis","MO","63104",67.82,"Automatic","Purple","Not on Hold","Fair Shares - Thursday - Thursday","Debit on Delivery",0,0,0,2025-04-03,2025-10-23,NA,2025-12-19,559
2025-12-19 03:57:32,2025-08-17,"1 Half (Half Share - EVEN week)","Combined CSA","FSE","St. Louis","MO","63144",208.48,"Automatic","Purple","Not on Hold","Fair Shares - Thursday - Thursday","$150",0,0,0,2025-08-21,2025-12-18,NA,2025-12-19,83
2025-08-22 12:20:19,2023-04-27,"1 (BYO) KWG - Orders Only (Weekly Shares)","Combined CSA","Fair Shares Wednesday Pickup","Saint Louis","MO","63119",61.83,"Automatic","Purple","Not on Hold","Fair Shares - Wednesday  - Wednesday","Debit on Delivery",0,0,0,2023-05-04,2025-08-13,NA,2025-12-19,603
2025-12-18 02:26:02,2020-04-12,"1 Mini (Weekly Shares)","Combined CSA","FSMini-w","St. Louis","MO","63116",285.44,"Automatic","None","Not on Hold","Fair Shares - Wednesday  - Wednesday","$300",0,0,0,2020-04-16,2025-12-17,NA,2025-12-19,1038
2022-11-10 16:46:55,2020-05-17,"1 (BYO) UCG - Orders Only","Combined CSA","UCity Pickup","Creve Coeur","MO","63146",113.14,"Automatic","None","Not on Hold","UCity - Wednesday","Debit on Delivery",0,0,0,2020-05-27,2022-04-20,NA,2025-12-19,116
2024-12-06 02:29:00,2017-07-18,"1  (BYO) FSG - Orders Only","Combined CSA","Fair Shares Wednesday Pickup","St. Charles","MO","63303",0,"Automatic","None","Not on Hold","Fair Shares - Wednesday  - Wednesday","Debit on Delivery",0,0,0,2017-08-17,2024-11-27,NA,2025-12-19,1189
2025-11-27 02:23:46,2023-08-23,"1 Half (Half Share - ODD week)","Combined CSA","UCB","St. Louis","MO","63105",126.18,"Automatic","Orange","Not on Hold","UCity - Wednesday","$150",0,0,0,2023-08-30,2025-11-26,NA,2025-12-19,1959
2023-12-29 03:51:23,2017-07-20,"1 (BYO) KWG - Orders Only (Weekly Shares)","Combined CSA","Kirkwood Pickup","St. Louis","MO","63088",0,"Automatic","Orange","Not on Hold","Kirkwood - Thursday","Debit on Delivery",0,0,0,2017-08-17,2023-09-14,NA,2025-12-19,943
2020-03-18 09:25:57,2019-05-17,"1 BYO - No Share, Order Only (Weekly Shares)","Combined CSA","Fair Shares Wednesday Pickup","St. Louis","MO","63112",150,NA,"None","Not on Hold","Fair Shares - Wednesday  - Wednesday","Debit on Delivery",0,0,0,2019-05-23,2019-10-03,NA,2025-12-19,323
2025-12-18 02:26:02,2024-02-23,"1 Mini (Weekly Shares)","Combined CSA","UCM","St Louis","MO","63146",611.69,"Automatic","None","Not on Hold","UCity - Wednesday","$600",0,0,0,2024-02-28,2025-12-17,NA,2025-12-19,1052
2021-08-02 08:55:36,2021-03-18,"1  (BYO) FSG - Orders Only","Combined CSA","Fair Shares Thursday Pickup","Saint Louis","MO","63139",0,"Automatic","None","Hold","Fair Shares - Thursday - Thursday","Debit on Delivery",0,0,0,2021-03-25,2021-07-29,NA,2025-12-19,1001
2025-01-19 20:39:32,2019-07-09,"1 (BYO) UCG - Orders Only","Combined CSA","UCity Pickup","St. Louis","MO","63132",9.68,"Automatic","None","Not on Hold","UCity - Wednesday","Debit on Delivery",0,0,0,2019-07-10,2025-01-15,NA,2025-12-19,691
2025-04-02 10:39:49,2019-04-14,"1  (BYO) FSG - Orders Only","Combined CSA","Fair Shares Thursday Pickup","St. Louis","MO","63119",181.95,"Automatic","None","Not on Hold","Fair Shares - Thursday - Thursday","$300",0,0,0,2019-04-18,2025-03-06,NA,2025-12-19,276
2021-04-19 09:45:45,2020-04-07,"1  (BYO) FSG - Orders Only","Combined CSA","Fair Shares Thursday Pickup","St. Louis","MO","63101",166.21,"Automatic","Green Orange","Not on Hold","Fair Shares - Thursday - Thursday","Debit on Delivery",0,0,0,2020-04-08,2021-04-08,NA,2025-12-19,163
2025-12-19 02:22:26,2017-07-18,"1 FSA/FSD","Combined CSA","FSD","St. Louis","MO","63119",481.98,"Automatic","None","Not on Hold","Fair Shares - Thursday - Thursday","$600",0,0,0,2017-08-16,2025-12-18,NA,2025-12-19,11
2025-12-18 02:26:02,2021-03-23,"1 Mini (Weekly Shares)","Combined CSA","UCM","St Louis","MO","63132",126.55,"Automatic","None","Not on Hold","UCity - Wednesday","$150",0,0,0,2021-03-24,2025-12-17,NA,2025-12-19,207
2024-11-12 10:59:18,2017-07-18,"1  (BYO) FSG - Orders Only","Combined CSA","Fair Shares Wednesday Pickup","St. Louis","MO","63118",-14.9,NA,"None","Hold","Fair Shares - Wednesday  - Wednesday",NA,0,0,0,2017-08-16,2020-07-01,NA,2025-12-19,451
2022-07-05 20:04:42,2019-11-02,"1  (BYO) FSG - Orders Only","Combined CSA","Fair Shares Wednesday Pickup","St. Louis","MO","63116",195.43,"Automatic","None","Not on Hold","Fair Shares - Wednesday  - Wednesday","Debit on Delivery",0,0,0,2019-11-06,2022-06-29,NA,2025-12-19,1623
2025-12-18 03:57:39,2017-07-20,"1  (BYO) FSG - Orders Only","Combined CSA","Fair Shares Wednesday Pickup","St. Louis","MO","63144",0,"Automatic","None","Not on Hold","Fair Shares - Wednesday  - Wednesday","Debit on Delivery",0,0,0,2017-08-24,2025-12-17,NA,2025-12-19,88
2023-06-03 09:13:22,2018-05-23,"1 (BYO) KWG - Orders Only (Weekly Shares)","Combined CSA","Kirkwood Pickup","Wildwood","MO","63011",16.47,"Automatic","Purple","Not on Hold","Kirkwood - Thursday","Debit on Delivery",0,0,0,2018-06-06,2023-06-01,NA,2025-12-19,54
2025-03-26 18:49:20,2021-01-29,"1 Mini (Weekly Shares)","Combined CSA","FSMini-t","St. Louis","MO","63116",194.89,"Automatic","Green","Hold","Fair Shares - Thursday - Thursday","$150",0,0,0,2021-02-04,2021-05-13,NA,2025-12-19,816
2023-02-02 02:27:06,2020-08-09,"1  (BYO) FSG - Orders Only","Combined CSA","Fair Shares Wednesday Pickup","St. Louis","MO","63110",16.42,"Automatic","Green","Not on Hold","Fair Shares - Wednesday  - Wednesday","Debit on Delivery",0,0,0,2020-08-12,2023-02-01,NA,2025-12-19,460
2023-06-09 03:53:56,2021-06-30,"1  (BYO) FSG - Orders Only","Combined CSA","Fair Shares Thursday Pickup","St Louis","MO","63123",0,"Automatic","Green Purple","Not on Hold","Fair Shares - Thursday - Thursday","Debit on Delivery",0,0,0,2021-07-08,2023-06-08,NA,2025-12-19,1327
2019-08-23 10:23:03,2017-07-18,"1 BYO - No Share, Order Only (Weekly Shares)","Combined CSA","Fair Shares Wednesday Pickup","St. Louis","MO","63139",91.44,NA,"Purple","Hold","Fair Shares - Wednesday  - Wednesday","$150",0,0,0,2017-08-16,2018-07-18,NA,2025-12-19,388
2025-12-11 03:56:35,2017-07-18,"1 Half (Half Share - ODD week)","Combined CSA","FSB","St. Louis","MO","63110",182.86,"Automatic","Orange","Not on Hold","Fair Shares - Wednesday  - Wednesday","$150",0,0,0,2017-08-23,2025-12-10,NA,2025-12-19,732
2025-12-13 02:07:12,2017-07-20,"1 Half (Half Share - ODD week), 1 Whole MILK-o, 1 No Produce - Order Only (even wk)","Combined CSA","FSE","St. Louis","MO","63110",368.69,"Automatic","Blue Orange","Not on Hold","Fair Shares - Thursday - Thursday","$300",0,0,0,2017-08-17,2025-12-11,NA,2025-12-19,1534
2025-12-19 02:22:26,2017-07-20,"1 FSA/FSD","Combined CSA","FSD","St. Louis","MO","63108",291.66,"Automatic","None","Not on Hold","Fair Shares - Thursday - Thursday","$600",0,0,0,2017-08-17,2025-12-18,NA,2025-12-19,550
2025-12-19 03:57:36,2024-03-07,"1 Half (Half Share - EVEN week)","Combined CSA","FSE","St. Louis","MO","63118",150.12,"Automatic","Purple","Not on Hold","Fair Shares - Thursday - Thursday","$150",0,0,0,2024-04-04,2025-12-18,NA,2025-12-19,1752
2025-11-10 11:02:15,2023-04-29,"1 Half (Half Share - ODD week)","Combined CSA","KWB","Kirkwood","MO","63122",130.92,"Automatic","Orange","Temp Hold","Kirkwood - Thursday","$600",0,0,0,2023-05-04,2025-10-30,NA,2025-12-19,1684
2020-06-18 02:58:50,2019-07-27,"1 BYO - No Share, Order Only (Weekly Shares)","Combined CSA","Fair Shares Wednesday Pickup","Saint Louis","MO","63116",0.43,NA,"Purple","Not on Hold","Fair Shares - Wednesday  - Wednesday","Debit on Delivery",0,0,0,2019-07-31,2020-06-17,NA,2025-12-19,1974
2025-12-18 03:57:44,2017-07-18,"1 Mini (Weekly Shares)","Combined CSA","FSMini-w","St. Louis","MO","63126",219.93,"Automatic","None","Not on Hold","Fair Shares - Wednesday  - Wednesday","$150",0,0,0,2017-08-16,2025-12-17,NA,2025-12-19,1162
2025-12-18 03:57:51,2023-11-20,"1 Half (Half Share - EVEN week)","Combined CSA","FSB","St. Louis","MO","63116",217.23,"Automatic","Purple","Not on Hold","Fair Shares - Wednesday  - Wednesday","$150",0,0,0,2023-11-29,2025-12-17,NA,2025-12-19,1789
2025-12-18 02:26:02,2021-05-06,"1 UCA/KWA","Combined CSA","UCA","CHESTERFIELD","MO","63017",257.77,"Automatic","Green","Not on Hold","UCity - Wednesday","$600",0,0,0,2021-05-12,2025-12-17,NA,2025-12-19,1048
2021-08-08 21:18:33,2020-09-30,"1  (BYO) FSG - Orders Only","Combined CSA","Fair Shares Wednesday Pickup","St. Louis","MO","63139",82.9,"Automatic","Green Orange","Not on Hold","Fair Shares - Wednesday  - Wednesday","Debit on Delivery",0,0,0,2020-10-07,2021-07-28,NA,2025-12-19,343
2021-04-01 02:31:29,2017-08-23,"1 (BYO) UCG - Orders Only","Combined CSA","UCity Pickup","st. louis","MO","63130",-5.79,NA,"None","Not on Hold","UCity - Wednesday","Debit on Delivery",0,0,0,2017-08-30,2021-03-31,NA,2025-12-19,762
2025-11-02 10:09:12,2023-09-29,"1 (BYO) KWG - Orders Only (Weekly Shares)","Combined CSA","Kirkwood Pickup","Saint louis","MO","63127",0,"Automatic","None","Not on Hold","Kirkwood - Thursday","Debit on Delivery",0,0,0,2023-11-09,2024-04-11,NA,2025-12-19,1050
2022-09-16 03:54:39,2021-05-03,"1  (BYO) FSG - Orders Only","Combined CSA","Fair Shares Thursday Pickup","St Louis","MO","63116",0,"Automatic","None","Not on Hold","Fair Shares - Thursday - Thursday","Debit on Delivery",0,0,0,2021-05-06,2022-09-15,NA,2025-12-19,1247
2025-12-19 02:22:26,2023-09-25,"1 Half (Half Share - EVEN week)","Combined CSA","FSE","Saint Louis","MO","63122",296.11,"Automatic","Green Purple","Not on Hold","Fair Shares - Thursday - Thursday","$300",0,0,0,2023-09-28,2025-12-18,NA,2025-12-19,657
2025-12-18 02:26:02,2020-03-29,"1 Mini (Weekly Shares)","Combined CSA","UCM","Creve Coeur","MO","63141",318.78,"Automatic","None","Not on Hold","UCity - Wednesday","$300",0,0,0,2020-04-01,2025-12-17,NA,2025-12-19,981
2025-12-19 02:22:26,2025-09-14,"1 Half (Half Share - EVEN week)","Combined CSA","FSE","St. Louis","MO","63122-3952",85.59,"Automatic","Purple","Not on Hold","Fair Shares - Thursday - Thursday","$150",0,0,0,2025-10-23,2025-12-18,NA,2025-12-19,875
2025-12-18 02:26:02,2020-04-27,"1 Half (Half Share - EVEN week)","Combined CSA","FSB","St Louis","MO","63118",62.94,"Automatic","Purple","Not on Hold","Fair Shares - Wednesday  - Wednesday","Debit on Delivery",0,0,0,2020-05-06,2025-12-17,NA,2025-12-19,1364
2025-12-18 02:26:02,2017-07-18,"1 Mini (Weekly Shares)","Combined CSA","UCM","St. Louis","MO","63130",417.34,"Automatic","None","Not on Hold","UCity - Wednesday","$600",0,0,0,2017-08-16,2025-12-17,NA,2025-12-19,1689
2025-12-18 03:57:32,2017-07-18,"2 Whole MILK, 1 Mini (Weekly Shares), 1 Cream pint (Half Share - EVEN week)","Combined CSA","UCM","St. Louis","MO","63121",358.02,"Automatic","None","Not on Hold","UCity - Wednesday","$300",0,0,0,2017-08-16,2025-12-17,NA,2025-12-19,225
2025-12-18 03:57:43,2022-06-10,"1 (BYO) UCG - Orders Only","Combined CSA","UCity Pickup","University City","MO","63130",368.91,"Automatic","None","Not on Hold","UCity - Wednesday","$300",0,0,0,2022-06-15,2025-12-17,NA,2025-12-19,98
2025-07-24 04:02:01,2025-01-29,"1  (BYO) FSG - Orders Only","Combined CSA","Fair Shares Wednesday Pickup","St. Charles","MO","63301",0,"Automatic","Orange","Not on Hold","Fair Shares - Wednesday  - Wednesday","Debit on Delivery",0,0,0,2025-02-05,2025-07-23,NA,2025-12-19,233
2025-12-05 03:54:36,2024-05-30,"1 Mini (Weekly Shares)","Combined CSA","FSMini-t","St. louis","MO","63116",196.94,"Automatic","None","Not on Hold","Fair Shares - Thursday - Thursday","$150",0,0,0,2024-06-06,2025-12-04,NA,2025-12-19,39
2023-11-23 02:28:11,2017-07-18,"1 (BYO) UCG - Orders Only","Combined CSA","UCity Pickup","St. Louis","MO","63130",66.91,"Automatic","Blue Orange","Not on Hold","UCity - Wednesday","Debit on Delivery",0,0,0,2017-08-16,2023-11-22,NA,2025-12-19,483
2025-12-19 03:57:43,2025-12-07,"1 Guest Access","Combined CSA","FSC-T","Saint Louis","MO","63109",0,"Automatic","None","Not on Hold","Fair Shares - Thursday - Thursday","Debit on Delivery",0,0,0,2025-12-11,2025-12-18,NA,2025-12-19,303
2025-12-18 03:57:37,2018-06-02,"1 No Produce - Order Only (odd wk), 1 Half (Half Share - EVEN week)","Combined CSA","FSE","St Louis","MO","63104",185.41,"Automatic","Blue Purple","Not on Hold","Fair Shares - Thursday - Thursday","$150",0,0,0,2018-06-07,2025-12-17,NA,2025-12-19,493
2021-08-17 12:41:55,2019-07-03,"1 (BYO) UCG - Orders Only","Combined CSA","UCity Pickup","St. Louis","MO","63121",44.63,NA,"None","Hold","UCity - Wednesday","$150",0,0,0,2019-07-10,2019-08-21,NA,2025-12-19,552
2025-08-05 21:22:21,2024-08-20,"1 (BYO) UCG - Orders Only","Combined CSA","UCity Pickup","St. Louis","MO","63112",221.97,"Automatic","Orange","Not on Hold","UCity - Wednesday","Debit on Delivery",0,0,0,2024-08-28,2025-07-23,NA,2025-12-19,202
2025-12-19 03:57:35,2025-01-18,"1 Mini (Weekly Shares)","Combined CSA","FSMini-t","Saint Louis","MO","63109",178.52,"Automatic","None","Not on Hold","Fair Shares - Thursday - Thursday","$150",0,0,0,2025-01-22,2025-12-18,NA,2025-12-19,281
2025-12-19 02:22:26,2025-05-13,"1 Mini (Weekly Shares)","Combined CSA","FSMini-t","St. Louis","MO","63110",141.54,"Automatic","None","Not on Hold","Fair Shares - Thursday - Thursday","$150",0,0,0,2025-05-22,2025-12-18,NA,2025-12-19,970
2025-12-18 02:26:02,2022-07-14,"1 Mini (Weekly Shares)","Combined CSA","FSMini-w","St. Louis","MO","63110",95.99,"Automatic","Green","Not on Hold","Fair Shares - Wednesday  - Wednesday","$150",0,0,0,2022-07-20,2025-12-17,NA,2025-12-19,883
2021-09-04 07:51:04,2020-09-21,"1  (BYO) FSG - Orders Only","Combined CSA","Fair Shares Thursday Pickup","St. Louis","MO","63118",109.55,"Automatic","Purple","Not on Hold","Fair Shares - Thursday - Thursday","Debit on Delivery",0,0,0,2020-10-01,2021-09-02,NA,2025-12-19,1877
2020-12-18 02:32:43,2017-07-18,"1 BYO - No Share, Order Only (Weekly Shares)","Combined CSA","Fair Shares Thursday Pickup","St. Louis","MO","63110",-287.01,NA,"Orange","Not on Hold","Fair Shares - Thursday - Thursday","Debit on Delivery",0,0,0,2017-08-24,2020-12-17,NA,2025-12-19,1731
2025-12-18 03:57:34,2017-07-20,"1 FSA/FSD, 1 Creamline MILK-o","Combined CSA","FSA","St. Louis","MO","63119",336.83,"Automatic","None","Temp Hold","Fair Shares - Wednesday  - Wednesday","$300",0,0,0,2017-08-17,2025-12-17,NA,2025-12-19,837
2025-12-19 02:22:26,2017-07-18,"1 FSC","Combined CSA","FSC-T","St. Louis","MO","63139",214.43,"Automatic","None","Not on Hold","Fair Shares - Thursday - Thursday","$300",0,0,0,2017-08-24,2025-12-18,NA,2025-12-19,845
2023-09-24 13:36:48,2023-05-07,"1  (BYO) FSG - Orders Only","Combined CSA","Fair Shares Thursday Pickup","Saint Louis","MO","63116",0.07,"Automatic","Green","Not on Hold","Fair Shares - Thursday - Thursday","Debit on Delivery",0,0,0,2023-05-11,2023-09-21,NA,2025-12-19,1542
2023-02-26 22:10:25,2020-04-21,"1  (BYO) FSG - Orders Only","Combined CSA","Fair Shares Thursday Pickup","St Louis","MO","63118",200.81,"Automatic","Orange","Not on Hold","Fair Shares - Thursday - Thursday","Debit on Delivery",0,0,0,2020-04-23,2023-02-23,NA,2025-12-19,150
2025-12-18 02:26:02,2021-12-12,"1 FSC","Combined CSA","FSC-W","St. Louis","MO","63110",365.25,"Automatic","None","Not on Hold","Fair Shares - Wednesday  - Wednesday","$600",0,0,0,2021-12-15,2025-12-17,NA,2025-12-19,406
2022-11-12 07:17:45,2017-07-18,"1  (BYO) FSG - Orders Only","Combined CSA","Fair Shares Thursday Pickup","St. Louis","MO","63146",185.55,"Automatic","None","Hold","Fair Shares - Thursday - Thursday","$600",0,0,0,2017-08-16,2021-08-12,NA,2025-12-19,265
2020-05-02 13:26:25,2017-07-18,"1 BYO - No Share, Order Only (Weekly Shares)","Combined CSA","Fair Shares Wednesday Pickup","St. Louis","MO","63119",82.65,NA,"None","Hold","Fair Shares - Wednesday  - Wednesday","Debit on Delivery",0,0,0,2017-08-16,2019-05-29,NA,2025-12-19,280
2021-11-10 17:58:12,2021-03-20,"1 (BYO) KWG - Orders Only (Weekly Shares)","Combined CSA","Kirkwood Pickup","Kirkwood","MO","63122",0,"Automatic","Purple","Not on Hold","Kirkwood - Thursday","Debit on Delivery",0,0,0,2021-04-01,2021-10-28,NA,2025-12-19,1532
2024-03-06 13:24:24,2021-08-11,"1  (BYO) FSG - Orders Only","Combined CSA","Fair Shares Thursday Pickup","St. Louis","MO","63103",2.08,"Automatic","Green Purple","Not on Hold","Fair Shares - Thursday - Thursday","Debit on Delivery",0,0,0,2021-08-19,2024-02-22,NA,2025-12-19,1809
2024-06-21 10:58:23,2017-07-18,"1  (BYO) FSG - Orders Only","Combined CSA","Fair Shares Wednesday Pickup","St. Louis","MO","63104",103.42,"Automatic","Orange","Not on Hold","Fair Shares - Wednesday  - Wednesday","$300",0,0,0,2017-08-17,2024-06-12,NA,2025-12-19,581
2025-12-18 02:26:02,2017-07-18,"1 UCA/KWA","Combined CSA","UCA","St. Louis","MO","63103",487,"Automatic","None","Not on Hold","UCity - Wednesday","$600",0,0,0,2017-08-16,2025-12-17,NA,2025-12-19,1030
2025-12-19 02:22:26,2020-04-14,"1 Mini (Weekly Shares)","Combined CSA","KWM","Kirkwood","MO","63122",118.5,"Automatic","None","Temp Hold","Kirkwood - Thursday","$150",0,0,0,2020-04-23,2025-12-18,NA,2025-12-19,1903
2023-05-08 07:35:38,2021-10-13,"1  (BYO) FSG - Orders Only","Combined CSA","2 Wk Trial at FS Mothership Wednesday","St. Louis","MO","63125",16.9,"Automatic","None","Not on Hold","Fair Shares Trial Wednesday - Wednesday","Debit on Delivery",0,0,0,2021-10-20,2023-05-03,NA,2025-12-19,1658
2025-11-21 03:57:20,2017-07-20,"1 BYO - No Share, Order Only (Weekly Shares)","Combined CSA","Fair Shares Thursday Pickup","St. Louis","63116","63110",121,"Automatic","None","Not on Hold","Fair Shares - Thursday - Thursday","$150",0,0,0,2017-09-14,2025-11-20,NA,2025-12-19,856
2025-12-18 03:57:48,2017-07-18,"1 Whole MILK, 1 Mini (Weekly Shares)","Combined CSA","UCM","St. Louis","MO","63130",309.33,"Automatic","None","Not on Hold","UCity - Wednesday","$300",0,0,0,2017-08-16,2025-12-17,NA,2025-12-19,520
2025-12-18 02:26:02,2017-07-18,"1 Half (Half Share - EVEN week)","Combined CSA","FSB","St. Louis","MO","63118",307.18,"Automatic","Purple","Not on Hold","Fair Shares - Wednesday  - Wednesday","$600",0,0,0,2017-08-16,2025-12-17,NA,2025-12-19,544
2025-12-19 02:22:26,2017-07-20,"1 Mini (Weekly Shares)","Combined CSA","FSMini-t","St. Louis","63109","63103",483.86,"Automatic","None","Not on Hold","Fair Shares - Thursday - Thursday","$600",0,0,0,2017-08-17,2025-12-18,NA,2025-12-19,1622
2025-12-19 02:22:26,2023-12-29,"1 FSC","Combined CSA","FSC-T","Saint Louis","MO","63104",175.8,"Automatic","None","Not on Hold","Fair Shares - Thursday - Thursday","$600",0,0,0,2024-01-04,2025-12-18,NA,2025-12-19,364
2022-03-12 10:44:08,2021-04-07,"1  (BYO) FSG - Orders Only","Combined CSA","Fair Shares Wednesday Pickup","St. Louis","MO","63122",97.78,"Automatic","None","Not on Hold","Fair Shares - Wednesday  - Wednesday","Debit on Delivery",0,0,0,2021-04-14,2022-02-16,NA,2025-12-19,1228
2025-12-11 03:56:44,2017-07-18,"1 Half (Half Share - ODD week), 1 No Produce - Order Only (even wk)","Combined CSA","FSB","St. Louis","MO","63110",217.77,"Automatic","Orange","Not on Hold","Fair Shares - Wednesday  - Wednesday","$150",0,0,0,2017-08-23,2025-12-10,NA,2025-12-19,291
2025-10-06 10:37:41,2020-04-27,"1  (BYO) FSG - Orders Only","Combined CSA","Fair Shares Thursday Pickup","Ballwin","MO","63011",52.2,"Automatic","None","Not on Hold","Fair Shares - Thursday - Thursday","Debit on Delivery",0,0,0,2020-04-30,2025-10-02,NA,2025-12-19,1277
2025-12-18 03:57:37,2023-11-29,"1 Half (Half Share - EVEN week)","Combined CSA","FSB","St.Louis","MO","63125",157.15,"Automatic","Purple","Not on Hold","Fair Shares - Wednesday  - Wednesday","$150",0,0,0,2023-12-07,2025-12-17,NA,2025-12-19,1602
2023-01-16 09:59:32,2019-12-29,"1  (BYO) FSG - Orders Only","Combined CSA","Kirkwood Pickup","Kirkwood","MO","63122",0.02,"Automatic","Orange","Not on Hold","Kirkwood - Thursday","Debit on Delivery",0,0,0,2020-01-09,2022-12-15,NA,2025-12-19,1208
2022-04-12 12:09:38,2017-07-20,"1 BYO - No Share, Order Only (Weekly Shares)","Combined CSA","Fair Shares Thursday Pickup","St. Louis","MO","63119",187.09,"Automatic","None","Hold","Fair Shares - Thursday - Thursday","Debit on Delivery",0,0,0,2017-09-14,2022-03-31,NA,2025-12-19,160
2025-12-18 02:26:02,2023-03-12,"1 Mini (Weekly Shares)","Combined CSA","UCM","St. Louis","MO","63130",240.28,"Automatic","Green","Not on Hold","UCity - Wednesday","$300",0,0,0,2023-03-29,2025-12-17,NA,2025-12-19,1908
2025-12-12 02:21:44,2022-07-17,"1 Half (Half Share - ODD week), 1 No Produce - Order Only (even wk)","Combined CSA","KWB","Chesterfield","MO","63017",227.71,"Automatic","Orange","Not on Hold","Kirkwood - Thursday","$300",0,0,0,2022-07-28,2025-12-11,NA,2025-12-19,1834
2025-12-19 02:22:26,2025-10-20,"1 Mini (Weekly Shares)","Combined CSA","KWM","Manchester","MO","63021",79.66,"Automatic","None","Not on Hold","Kirkwood - Thursday","$300",0,0,0,2025-10-23,2025-12-18,NA,2025-12-19,615
2025-12-19 03:57:49,2017-07-20,"1 Whole MILK-e, 1 Half (Half Share - EVEN week)","Combined CSA","FSE","Ballwin","MO","63021",340.31,"Automatic","Blue Purple","Not on Hold","Fair Shares - Thursday - Thursday","$300",0,0,0,2017-08-17,2025-12-18,NA,2025-12-19,1353
2025-12-19 02:22:26,2020-04-20,"1 Mini (Weekly Shares)","Combined CSA","FSMini-t","St.  Louis","MO","63124",194.34,"Automatic","Green","Not on Hold","Fair Shares - Thursday - Thursday","$300",0,0,0,2020-04-22,2025-12-18,NA,2025-12-19,1582
2020-09-02 19:19:17,2020-05-19,"1 Guest Access","Combined CSA","Fair Shares Wednesday Pickup","Maplewood","MO","63143",0,NA,"Green","Hold","Fair Shares - Wednesday  - Wednesday","$300",0,0,0,2020-05-27,2020-08-26,NA,2025-12-19,1173
2021-03-22 09:08:32,2020-07-29,"1  (BYO) FSG - Orders Only","Combined CSA","Fair Shares Thursday Pickup","St Louis","MO","63104",0,"Automatic","None","Not on Hold","Fair Shares - Thursday - Thursday","Debit on Delivery",0,0,0,2020-08-06,2021-02-25,NA,2025-12-19,1926
2023-02-21 15:48:33,2019-01-26,"1  (BYO) FSG - Orders Only","Combined CSA","Fair Shares Thursday Pickup","Saint Louis","MO","63110",48.83,NA,"None","Not on Hold","Fair Shares - Thursday - Thursday","Debit on Delivery",0,0,0,2019-01-30,2023-02-16,NA,2025-12-19,655
2025-12-05 03:54:47,2020-05-14,"1  (BYO) FSG - Orders Only","Combined CSA","Fair Shares Thursday Pickup","St. Louis","MO","63116",149.53,"Automatic","None","Not on Hold","Fair Shares - Thursday - Thursday","$150",0,0,0,2020-05-21,2025-12-04,NA,2025-12-19,533
2022-01-11 13:33:14,2020-04-25,"1 BYO - No Share, Order Only (Weekly Shares)","Combined CSA","Fair Shares Wednesday Pickup","Saint Louis","MO","63116",0,"Automatic","None","Not on Hold","Fair Shares - Wednesday  - Wednesday","Debit on Delivery",0,0,0,2020-04-30,2022-01-05,NA,2025-12-19,686
2020-03-25 10:28:27,2019-05-20,"1 (BYO) UCG - Orders Only","Combined CSA","UCity Pickup","St. Louis","MO","63141",64.59,NA,"None","Hold","UCity - Wednesday","$150",0,0,0,2019-06-05,2019-09-04,NA,2025-12-19,1674
2022-09-02 10:24:39,2021-09-30,"1 (BYO) UCG - Orders Only","Combined CSA","UCity Pickup","Saint Louis","MO","63109",0,NA,"Green","Not on Hold","UCity - Wednesday","Debit on Delivery",0,0,0,2021-10-13,2022-08-31,NA,2025-12-19,112
2025-12-18 02:26:02,2024-04-13,"1 Mini (Weekly Shares)","Combined CSA","UCM","Saint Ann","MO","63074",190.86,"Automatic","None","Not on Hold","UCity - Wednesday","$300",0,0,0,2024-04-17,2025-12-17,NA,2025-12-19,859
2022-07-01 02:43:28,2021-06-24,"1 (BYO) KWG - Orders Only (Weekly Shares)","Combined CSA","Kirkwood Pickup","Saint Louis","MO","63119",17.72,"Automatic","Green","Not on Hold","Kirkwood - Thursday","Debit on Delivery",0,0,0,2021-07-01,2022-06-30,NA,2025-12-19,769
2025-12-19 02:22:26,2021-03-04,"1 (BYO) KWG - Orders Only (Weekly Shares)","Combined CSA","Kirkwood Pickup","St. Louis","MO","63128",131,"Automatic","Green","Not on Hold","Kirkwood - Thursday","$150",0,0,0,2021-03-25,2025-12-18,NA,2025-12-19,196
2023-08-08 16:44:19,2021-04-17,"1  (BYO) FSG - Orders Only","Combined CSA","Fair Shares Thursday Pickup","Villa Ridge","MO","63089",216.33,NA,"Blue","Not on Hold","Fair Shares - Thursday - Thursday","Debit on Delivery",0,0,0,2021-04-22,2023-08-03,NA,2025-12-19,1922
2025-12-18 02:26:02,2021-03-05,"1 Mini (Weekly Shares)","Combined CSA","UCM","Florissant","MO","63034",106.15,"Automatic","None","Not on Hold","UCity - Wednesday","$300",0,0,0,2021-03-24,2025-12-17,NA,2025-12-19,1846
2024-08-02 03:57:24,2017-07-20,"1  (BYO) FSG - Orders Only","Combined CSA","Fair Shares Thursday Pickup","St. Louis","MO","63110",0,"Automatic","None","Not on Hold","Fair Shares - Thursday - Thursday","Debit on Delivery",0,0,0,2017-08-17,2024-08-01,NA,2025-12-19,1351
2025-07-04 09:48:08,2025-04-11,"1 (BYO) KWG - Orders Only (Weekly Shares)","Combined CSA","Kirkwood Pickup","Saint louis","MO","63127",91.31,"Automatic","None","Not on Hold","Kirkwood - Thursday","Debit on Delivery",0,0,0,2025-04-17,2025-07-03,NA,2025-12-19,189
2021-11-18 02:41:40,2020-04-12,"1  (BYO) FSG - Orders Only","Combined CSA","Fair Shares Wednesday Pickup","Maplewood","MO","63143",98.51,"Automatic","Green Orange","Not on Hold","Fair Shares - Wednesday  - Wednesday","Debit on Delivery",0,0,0,2020-04-16,2021-11-17,NA,2025-12-19,1836
2025-12-19 02:22:26,2017-08-11,"1 Mini (Weekly Shares)","Combined CSA","FSMini-t","St. Louis","MO","63104",236.87,"Automatic","None","Not on Hold","Fair Shares - Thursday - Thursday","$600",0,0,0,2017-08-17,2025-12-18,NA,2025-12-19,1652
2021-11-26 02:19:57,2021-04-15,"1 (BYO) KWG - Orders Only (Weekly Shares)","Combined CSA","Kirkwood Pickup","St. Louis","MO","63119",171.9,"Automatic","None","Not on Hold","Kirkwood - Thursday","$600",0,0,0,2021-04-22,2021-11-25,NA,2025-12-19,512
2025-06-27 02:39:56,2021-08-14,"1 (BYO) KWG - Orders Only (Weekly Shares)","Combined CSA","Kirkwood Pickup","Kirkwood","MO","63122",153.95,"Automatic","None","Not on Hold","Kirkwood - Thursday","Debit on Delivery",0,0,0,2021-08-19,2025-06-26,NA,2025-12-19,530
2025-02-27 03:55:03,2024-01-05,"1 (BYO) UCG - Orders Only","Combined CSA","UCity Pickup","Saint Louis","MO","63132",0,"Automatic","None","Not on Hold","UCity - Wednesday","Debit on Delivery",0,0,0,2024-01-10,2025-02-26,NA,2025-12-19,1845
2020-03-24 22:47:02,2017-07-20,"1 (BYO) KWG - Orders Only (Weekly Shares)","Combined CSA","Kirkwood Pickup","St. Louis","MO","63122",178.14,"Automatic","Orange","Not on Hold","Kirkwood - Thursday","$150",0,0,0,2017-08-17,2020-02-20,NA,2025-12-19,679
2025-12-12 02:21:44,2020-04-14,"1 Half (Half Share - ODD week), 1 No Produce - Order Only (even wk)","Combined CSA","KWB","Chesterfield","MO","63017",208.44,"Automatic","Orange","Not on Hold","Kirkwood - Thursday","$300",0,0,0,2020-04-15,2025-12-11,NA,2025-12-19,1545
2020-10-04 21:23:03,2020-01-20,"1  (BYO) FSG - Orders Only","Combined CSA","Fair Shares Wednesday Pickup","St louis","MO","63110",3.86,NA,"Purple","Not on Hold","Fair Shares - Wednesday  - Wednesday","Debit on Delivery",0,0,0,2020-01-22,2020-09-30,NA,2025-12-19,571
2025-12-19 02:22:26,2024-12-28,"1 UCA/KWA","Combined CSA","KWA","Kirkwood","MO","63122",196.63,"Automatic","None","Not on Hold","Kirkwood - Thursday","$300",0,0,0,2025-01-16,2025-12-18,NA,2025-12-19,239
2025-12-12 02:21:44,2021-04-04,"1 FSC","Combined CSA","FSC-T","St. Louis","MO","63105",95.86,"Automatic","Green","Not on Hold","Fair Shares - Thursday - Thursday","$300",0,0,0,2021-04-08,2025-12-11,NA,2025-12-19,502
2018-08-16 12:45:38,2018-04-10,"1 BYO - No Share, Order Only (Weekly Shares)","Combined CSA","Fair Shares Thursday Pickup","Saint Louis","MO","63125",2.53,NA,"None","Hold","Fair Shares - Thursday - Thursday","$150",0,0,0,2018-04-12,2018-08-02,NA,2025-12-19,851
2021-03-10 18:45:50,2017-10-25,"1 BYO - No Share, Order Only (Weekly Shares)","Combined CSA","Fair Shares Thursday Pickup","St. Louis","MO","63116",58.75,"Automatic","None","Not on Hold","Fair Shares - Thursday - Thursday","Debit on Delivery",0,0,0,2017-11-09,2021-02-25,NA,2025-12-19,815
2019-08-23 10:25:28,2017-07-18,"1 BYO - No Share, Order Only (Weekly Shares)","Combined CSA","Fair Shares Wednesday Pickup","St. Louis","MO","63110",83.58,NA,"Orange","Hold","Fair Shares - Wednesday  - Wednesday","Debit on Delivery",0,0,0,2017-08-23,2019-04-17,NA,2025-12-19,191
2025-12-19 02:22:26,2017-07-18,"1 FSA/FSD","Combined CSA","FSD","St. Louis","MO","63119",284.16,"Automatic","None","Not on Hold","Fair Shares - Thursday - Thursday","$300",0,0,0,2017-08-16,2025-12-18,NA,2025-12-19,245
2019-05-22 11:29:36,2017-07-18,"1 BYO - No Share, Order Only (Weekly Shares)","Combined CSA","Fair Shares Wednesday Pickup","St. Louis","MO","63108",40.93,NA,"None","Hold","Fair Shares - Wednesday  - Wednesday","Debit on Delivery",0,0,0,2017-08-16,2019-01-23,NA,2025-12-19,1772
2025-12-13 02:07:12,2017-07-20,"1  (BYO) FSG - Orders Only","Combined CSA","Fair Shares Wednesday Pickup","St. Louis","MO","63141",0,"Automatic","Payment","Not on Hold","Fair Shares - Wednesday  - Wednesday","Debit on Delivery",0,0,0,2017-08-17,2025-11-26,NA,2025-12-19,572
2025-12-19 03:57:49,2019-02-05,"1 FSA/FSD","Combined CSA","FSD","St. Louis","MO","63118",353.7,"Automatic","None","Not on Hold","Fair Shares - Thursday - Thursday","$300",0,0,0,2019-02-07,2025-12-18,NA,2025-12-19,1271
2020-08-21 11:39:03,2020-04-16,"1 (BYO) UCG - Orders Only","Combined CSA","UCity Pickup","University City","MO","63130",0,NA,"None","Not on Hold","UCity - Wednesday","$300",0,0,0,2020-04-22,2020-08-05,NA,2025-12-19,1065
2024-12-05 17:43:50,2017-07-18,"1  (BYO) FSG - Orders Only","Combined CSA","Fair Shares Thursday Pickup","St. Louis","MO","63139",-29.3,NA,"None","Hold","Fair Shares - Thursday - Thursday","$150",0,0,0,2017-08-17,2022-06-16,NA,2025-12-19,724
2025-12-19 02:22:26,2017-07-20,"1 BYO - No Share, Order Only (Weekly Shares)","Combined CSA","Fair Shares Thursday Pickup","St. Louis","MO","63123",151.44,"Automatic","None","Not on Hold","Fair Shares - Thursday - Thursday","$300",0,0,0,2017-09-07,2025-12-18,NA,2025-12-19,616
2020-11-30 08:35:27,2020-06-19,"1  (BYO) FSG - Orders Only","Combined CSA","Fair Shares Thursday Pickup","St. Louis","MO","63135",0,"Automatic","Green","Not on Hold","Fair Shares - Thursday - Thursday","Debit on Delivery",0,0,0,2020-06-25,2020-11-26,NA,2025-12-19,1875
2023-01-13 03:50:52,2021-01-30,"1 (BYO) KWG - Orders Only (Weekly Shares)","Combined CSA","Kirkwood Pickup","Webster Groves","MO","63119",0,"Automatic","Blue Orange","Not on Hold","Kirkwood - Thursday","Debit on Delivery",0,0,0,2021-02-04,2023-01-12,NA,2025-12-19,283
2025-12-19 03:57:43,2017-08-24,"1 Half (Half Share - EVEN week)","Combined CSA","FSE","Saint Louis","MO","63129",170.81,"Automatic","Purple","Not on Hold","Fair Shares - Thursday - Thursday","$150",0,0,0,2017-09-14,2025-12-18,NA,2025-12-19,1440
2023-08-16 15:03:07,2020-04-17,"1 (BYO) KWG - Orders Only (Weekly Shares)","Combined CSA","Kirkwood Pickup","Kirkwood","MO","63122",103.54,"Automatic","Green Purple","Not on Hold","Kirkwood - Thursday","Debit on Delivery",0,0,0,2020-04-22,2023-08-10,NA,2025-12-19,1273
2025-12-18 02:26:02,2024-10-30,"1 Half (Half Share - EVEN week), 1 No Produce - Order Only (odd wk)","Combined CSA","UCB","Saint Louis","MO","63124",101.61,"Automatic","Purple","Not on Hold","UCity - Wednesday","$150",0,0,0,2024-11-06,2025-12-17,NA,2025-12-19,866
2021-09-18 10:09:37,2020-05-10,"1 (BYO) KWG - Orders Only (Weekly Shares)","Combined CSA","Kirkwood Pickup","St. Louis","MO","63131",108.31,"Automatic","None","Not on Hold","Kirkwood - Thursday","Debit on Delivery",0,0,0,2020-05-14,2021-09-16,NA,2025-12-19,595
2025-08-15 03:55:12,2017-07-18,"1 BYO - No Share, Order Only (Weekly Shares)","Combined CSA","Fair Shares Thursday Pickup","Maryland Heights","MO","63043",83.13,"Automatic","None","Not on Hold","Fair Shares - Thursday - Thursday","$150",0,0,0,2017-08-16,2017-09-13,NA,2025-12-19,1497
2021-11-25 03:53:35,2020-04-08,"1  (BYO) FSG - Orders Only","Combined CSA","Fair Shares Wednesday Pickup","St. Louis","MO","63116",0,"Automatic","Orange","Not on Hold","Fair Shares - Wednesday  - Wednesday","Debit on Delivery",0,0,0,2020-04-15,2021-11-24,NA,2025-12-19,1885
2025-12-19 02:22:26,2020-05-16,"1 UCA/KWA","Combined CSA","KWA","Sunset Hills","MO","63127",339,"Automatic","Green","Not on Hold","Kirkwood - Thursday","$600",0,0,0,2020-05-21,2025-12-18,NA,2025-12-19,1386
2020-09-01 11:32:13,2017-08-10,"1 (BYO) KWG - Orders Only (Weekly Shares)","Combined CSA","Fair Shares Thursday Pickup","Saint Louis","MO","63122",99.38,"Automatic","None","Hold","Fair Shares - Thursday - Thursday","$150",0,0,0,2017-08-17,2018-08-30,NA,2025-12-19,417
2023-11-23 02:28:11,2020-02-28,"1  (BYO) FSG - Orders Only","Combined CSA","Fair Shares Wednesday Pickup","Saint Louis","MO","63146",146.21,"Automatic","Purple","Not on Hold","Fair Shares - Wednesday  - Wednesday","Debit on Delivery",0,0,0,2020-03-25,2023-11-22,NA,2025-12-19,1788
2020-09-28 08:37:39,2020-05-06,"1  (BYO) FSG - Orders Only","Combined CSA","Fair Shares Thursday Pickup","St louis","MO","63109",0.3,NA,"Green Purple","Not on Hold","Fair Shares - Thursday - Thursday","$300",0,0,0,2020-05-14,2020-09-17,NA,2025-12-19,1690
2020-09-04 04:03:31,2020-06-15,"1  (BYO) FSG - Orders Only","Combined CSA","Fair Shares Thursday Pickup","St Louis","MO","63110",0,"Automatic","Green","Not on Hold","Fair Shares - Thursday - Thursday","Debit on Delivery",0,0,0,2020-06-18,2020-09-03,NA,2025-12-19,1064
2025-12-19 03:57:31,2024-12-01,"1 FSC","Combined CSA","FSC-T","St. Louis","MO","63118",341.41,"Automatic","None","Not on Hold","Fair Shares - Thursday - Thursday","$300",0,0,0,2024-12-05,2025-12-18,NA,2025-12-19,997
2025-12-18 02:26:02,2017-07-18,"1 FSA/FSD","Combined CSA","FSA","St Louis","MO","63109",243.94,"Automatic","None","Not on Hold","Fair Shares - Wednesday  - Wednesday","$600",0,0,0,2017-08-16,2025-12-17,NA,2025-12-19,1543
2025-12-11 02:27:19,2017-07-18,"1 Mini (Weekly Shares)","Combined CSA","FSMini-w","Glendale","MO","63122",118.43,"Automatic","None","Not on Hold","Fair Shares - Wednesday  - Wednesday","$300",0,0,0,2017-08-16,2025-12-10,NA,2025-12-19,1154
2024-12-05 17:43:18,2017-07-18,"1 (BYO) UCG - Orders Only","Combined CSA","UCity Pickup","St. Louis","MO","63105",0,"Automatic","None","Not on Hold","UCity - Wednesday","Debit on Delivery",0,0,0,2017-08-16,2022-06-01,NA,2025-12-19,1420
2025-08-24 10:01:47,2021-08-05,"1  (BYO) FSG - Orders Only","Combined CSA","Fair Shares Wednesday Pickup","Clayton","MO","63105",212.92,"Automatic","Green","Not on Hold","Fair Shares - Wednesday  - Wednesday","Debit on Delivery",0,0,0,2021-08-11,2025-08-20,NA,2025-12-19,1393
2021-07-29 02:55:05,2019-09-20,"1  (BYO) FSG - Orders Only","Combined CSA","Fair Shares Wednesday Pickup","St. Louis","MO","63109",18.76,"Automatic","None","Not on Hold","Fair Shares - Wednesday  - Wednesday","Debit on Delivery",0,0,0,2019-09-25,2021-07-28,NA,2025-12-19,1337
2025-12-18 02:26:02,2020-03-28,"1 Half (Half Share - EVEN week)","Combined CSA","FSB","Saint Louis","MO","63116",88.04,"Automatic","Green Purple","Not on Hold","Fair Shares - Wednesday  - Wednesday","$150",0,0,0,2020-04-01,2025-12-17,NA,2025-12-19,132
2025-04-29 17:06:07,2021-08-08,"1 (BYO) KWG - Orders Only (Weekly Shares)","Combined CSA","Kirkwood Pickup","Town & Country","MO","63017",92.97,"Automatic","Purple","Not on Hold","Kirkwood - Thursday","Debit on Delivery",0,0,0,2021-08-12,2025-04-24,NA,2025-12-19,1482
2023-04-13 20:31:01,2021-08-27,"1  (BYO) FSG - Orders Only","Combined CSA","Fair Shares Thursday Pickup","St Louis","MO","63116",18.9,"Automatic","Green Orange","Hold","Fair Shares - Thursday - Thursday","Debit on Delivery",0,0,0,2021-09-02,2023-03-30,NA,2025-12-19,1703
2025-12-18 03:57:51,2017-07-18,"1 UCA/KWA","Combined CSA","UCA","St. Louis","MO","63105",369.92,"Automatic","None","Not on Hold","UCity - Wednesday","$300",0,0,0,2017-08-16,2025-12-17,NA,2025-12-19,1143
2025-12-12 02:21:44,2017-08-30,"1 Half (Half Share - ODD week), 1 No Produce - Order Only (even wk)","Combined CSA","FSE","Saint Louis","MO","63112",122.1,"Automatic","Blue Orange","Not on Hold","Fair Shares - Thursday - Thursday","$150",0,0,0,2017-09-07,2025-12-11,NA,2025-12-19,1416
2024-11-09 02:08:27,2017-07-18,"1  (BYO) FSG - Orders Only","Combined CSA","Fair Shares Thursday Pickup","St. Louis","MO","63110",0,"Automatic","None","Not on Hold","Fair Shares - Thursday - Thursday","Debit on Delivery",0,0,0,2017-08-17,2024-11-07,NA,2025-12-19,1644
2025-12-18 03:57:45,2017-07-18,"1 Half (Half Share - EVEN week)","Combined CSA","UCB","St. Louis","MO","63130",177.47,"Automatic","Purple","Not on Hold","UCity - Wednesday","$150",0,0,0,2017-08-16,2025-12-17,NA,2025-12-19,1920
2025-12-04 02:29:00,2017-10-15,"1 Mini (Weekly Shares)","Combined CSA","FSMini-w","St. Louis","MO","63110",133.61,"Automatic","None","Not on Hold","Fair Shares - Wednesday  - Wednesday","$150",0,0,0,2017-10-18,2025-12-03,NA,2025-12-19,1707
2025-12-11 02:27:19,2023-08-16,"1 Half (Half Share - ODD week)","Combined CSA","FSB","Saint Louis","MO","63116",180.06,"Automatic","Green Orange","Not on Hold","Fair Shares - Wednesday  - Wednesday","$300",0,0,0,2023-08-23,2025-12-10,NA,2025-12-19,1212
2025-12-19 03:57:36,2020-04-12,"1 Half (Half Share - EVEN week)","Combined CSA","FSE","St. Louis","MO","63112",162.9,"Automatic","Purple","Not on Hold","Fair Shares - Thursday - Thursday","$150",0,0,0,2020-04-16,2025-12-18,NA,2025-12-19,308
2024-07-09 13:23:57,2018-11-26,"1 BYO - No Share, Order Only (Weekly Shares)","Combined CSA","Fair Shares Wednesday Pickup","Saint Louis","MO","63110",0,NA,"None","Not on Hold","Fair Shares - Wednesday  - Wednesday",NA,0,0,0,2020-11-04,2024-04-24,NA,2025-12-19,217
2025-11-30 12:53:16,2020-06-25,"1 (BYO) KWG - Orders Only (Weekly Shares)","Combined CSA","Kirkwood Pickup","Chesterfield","MO","63005",0,"Automatic","Green","Not on Hold","Kirkwood - Thursday","Debit on Delivery",0,0,0,2020-07-01,2025-11-26,NA,2025-12-19,1990
2023-09-01 04:09:18,2018-05-05,"1 (BYO) UCG - Orders Only","Combined CSA","UCity Pickup","st. Louis","MO","63130",346.14,"Automatic","Orange","Not on Hold","UCity - Wednesday","$300",0,0,0,2018-05-09,2023-08-30,NA,2025-12-19,485
2025-12-19 03:57:34,2022-08-18,"1 Half (Half Share - EVEN week)","Combined CSA","FSE","St. Louis","MO","63118",116.88,"Automatic","Green Purple","Not on Hold","Fair Shares - Thursday - Thursday","$150",0,0,0,2022-08-25,2025-12-18,NA,2025-12-19,1383
2025-12-19 02:22:26,2017-07-18,"1 Mini (Weekly Shares)","Combined CSA","FSMini-w","St. Louis","MO","63109",368.31,"Automatic","None","Not on Hold","Fair Shares - Wednesday  - Wednesday","$300",0,0,0,2017-08-16,2025-12-17,NA,2025-12-19,421
2022-08-25 03:52:49,2017-07-18,"1  (BYO) FSG - Orders Only","Combined CSA","Fair Shares Wednesday Pickup","St. Louis","MO","63126",0,"Automatic","Blue Orange","Not on Hold","Fair Shares - Wednesday  - Wednesday","Debit on Delivery",0,0,0,2017-08-23,2022-08-24,NA,2025-12-19,536
2023-10-16 09:40:45,2019-11-26,"1 BYO - No Share, Order Only (Weekly Shares)","Combined CSA","Fair Shares Wednesday Pickup","St. Louis","MO","63109",0,"Automatic","None","Not on Hold","Fair Shares - Wednesday  - Wednesday","Debit on Delivery",0,0,0,2019-12-04,2019-12-04,NA,2025-12-19,345
2025-06-05 02:33:59,2017-07-18,"1 (BYO) UCG - Orders Only","Combined CSA","UCity Pickup","St. Louis","MO","63114",54.25,"Automatic","None","Not on Hold","UCity - Wednesday","Debit on Delivery",0,0,0,2017-08-16,2025-06-04,NA,2025-12-19,654
2022-01-31 07:32:17,2020-05-02,"1  (BYO) FSG - Orders Only","Combined CSA","Fair Shares Wednesday Pickup","Clayton","MO","63105",0.36,"Automatic","None","Not on Hold","Fair Shares - Wednesday  - Wednesday","Debit on Delivery",0,0,0,2020-05-06,2022-01-26,NA,2025-12-19,711
2023-12-11 11:26:49,2020-07-05,"1  (BYO) FSG - Orders Only","Combined CSA","Fair Shares Thursday Pickup","Saint louis","MO","63110",50,"Automatic","Green Orange","Not on Hold","Fair Shares - Thursday - Thursday","Debit on Delivery",0,0,0,2020-07-09,2023-12-07,NA,2025-12-19,1613
2023-07-20 02:50:03,2020-05-19,"1 (BYO) UCG - Orders Only","Combined CSA","UCity Pickup","St. Louis","MO","63122",172.88,"Automatic","Green Purple","Not on Hold","UCity - Wednesday","$150",0,0,0,2020-05-28,2023-07-19,NA,2025-12-19,517
2020-06-04 02:49:15,2020-03-29,"1 BYO - No Share, Order Only (Weekly Shares)","Combined CSA","Fair Shares Wednesday Pickup","St Louis","MO","63108",1.87,NA,"Green","Not on Hold","Fair Shares - Wednesday  - Wednesday","Debit on Delivery",0,0,0,2020-04-01,2020-06-03,NA,2025-12-19,878
2021-06-01 18:12:09,2018-05-15,"1 BYO - No Share, Order Only (Weekly Shares)","Combined CSA","Fair Shares Thursday Pickup","DeSoto","MO","63020",-0.8,NA,"None","Not on Hold","Fair Shares - Thursday - Thursday",NA,0,0,0,2018-05-24,2021-06-03,NA,2025-12-19,1003
2024-08-13 11:59:29,2017-07-20,"1 (BYO) KWG - Orders Only (Weekly Shares)","Combined CSA","Kirkwood Pickup","St. Louis","MO","63122",116.64,NA,"None","Not on Hold","Kirkwood - Thursday","Debit on Delivery",0,0,0,2018-03-01,2022-12-01,NA,2025-12-19,1221
2023-03-26 19:18:04,2017-07-18,"1  (BYO) FSG - Orders Only","Combined CSA","Fair Shares Thursday Pickup","St. Louis","MO","63118",0,"Automatic","Orange","Not on Hold","Fair Shares - Thursday - Thursday","Debit on Delivery",0,0,0,2017-08-17,2023-02-23,NA,2025-12-19,921
2025-12-07 17:36:49,2025-03-09,"1  (BYO) FSG - Orders Only","Combined CSA","Fair Shares Wednesday Pickup","Saint Charles","MO","63303",0,"Automatic","Orange","Not on Hold","Fair Shares - Wednesday  - Wednesday","Debit on Delivery",0,0,0,2025-04-02,2025-11-26,NA,2025-12-19,402
2025-12-18 03:57:32,2024-11-13,"1 Mini (Weekly Shares)","Combined CSA","UCM","St Louis","MO","63130",182.57,"Automatic","None","Not on Hold","UCity - Wednesday","$150",0,0,0,2024-11-20,2025-12-17,NA,2025-12-19,470
2025-12-11 02:27:19,2017-07-18,"1 Half (Half Share - ODD week)","Combined CSA","FSB","St. Louis","MO","63119",1211.83,"Automatic","Orange","Not on Hold","Fair Shares - Wednesday  - Wednesday","$600",0,0,0,2017-08-16,2025-12-10,NA,2025-12-19,1687
2024-12-19 02:24:16,2018-06-20,"1 BYO - No Share, Order Only (Weekly Shares)","Combined CSA","Fair Shares Wednesday Pickup","St. Louis","MO","63117",303,"Automatic","None","Not on Hold","Fair Shares - Wednesday  - Wednesday","$600",0,0,0,2018-06-27,2024-12-18,NA,2025-12-19,1457
2021-07-22 16:07:12,2018-05-18,"1 BYO - No Share, Order Only (Weekly Shares)","Combined CSA","Fair Shares Thursday Pickup","St Louis","MO","63118",-74.82,NA,"None","Hold","Fair Shares - Thursday - Thursday","$300",0,0,0,2018-05-23,2019-06-27,NA,2025-12-19,147
2025-12-12 03:53:44,2024-08-21,"1 Half (Half Share - ODD week)","Combined CSA","KWB","Glendale","MO","63122",367.91,"Automatic","Orange","Not on Hold","Kirkwood - Thursday","$300",0,0,0,2024-08-29,2025-12-11,NA,2025-12-19,896
2025-12-19 03:57:48,2020-04-07,"1 UCA/KWA","Combined CSA","KWA","St. Louis","MO","63131",331.76,"Automatic","None","Not on Hold","Kirkwood - Thursday","$300",0,0,0,2020-04-09,2025-12-18,NA,2025-12-19,1766
2025-12-17 13:15:08,2019-11-14,"1  (BYO) FSG - Orders Only","Combined CSA","Kirkwood Pickup","St. Louis","MO","63110",0,NA,"Orange","Not on Hold","Kirkwood - Thursday",NA,0,0,0,2020-04-08,2025-12-18,NA,2025-12-19,525
2019-09-20 02:39:24,2017-07-20,"1 BYO - No Share, Order Only (Weekly Shares)","Combined CSA","Fair Shares Thursday Pickup","St. Louis","MO","63109",1.53,NA,"Purple","Not on Hold","Fair Shares - Thursday - Thursday","Debit on Delivery",0,0,0,2017-08-17,2019-09-19,NA,2025-12-19,1524
2025-12-12 03:53:30,2020-12-19,"1 Half (Half Share - ODD week)","Combined CSA","FSE","St. Louis","MO","63139",0,"Automatic","Orange","Not on Hold","Fair Shares - Thursday - Thursday","Debit on Delivery",0,0,0,2021-04-28,2025-12-11,NA,2025-12-19,327
2025-03-06 02:23:05,2017-08-24,"1 BYO - No Share, Order Only (Weekly Shares)","Combined CSA","Fair Shares Wednesday Pickup","St.","MO","63110",0,NA,"None","Not on Hold","Fair Shares - Wednesday  - Wednesday",NA,0,0,0,2017-08-30,2025-03-05,NA,2025-12-19,24
2020-11-16 08:27:19,2020-03-29,"1  (BYO) FSG - Orders Only","Combined CSA","Fair Shares Wednesday Pickup","Saint Louis","MO","63105",87.21,"Automatic","None","Not on Hold","Fair Shares - Wednesday  - Wednesday","Debit on Delivery",0,0,0,2020-04-01,2020-11-11,NA,2025-12-19,1868
2025-08-10 11:02:56,2023-09-07,"1  (BYO) FSG - Orders Only","Combined CSA","Fair Shares Thursday Pickup","St Louis","MO","63108",83.04,"Automatic","None","Not on Hold","Fair Shares - Thursday - Thursday","$150",0,0,0,2023-09-14,2025-08-07,NA,2025-12-19,939
2023-02-17 02:20:23,2022-09-22,"1  (BYO) FSG - Orders Only","Combined CSA","Fair Shares Thursday Pickup","St. Louis","MO","63121",67.29,"Automatic","None","Not on Hold","Fair Shares - Thursday - Thursday","Debit on Delivery",0,0,0,2022-09-29,2023-02-16,NA,2025-12-19,1590
2025-12-18 02:26:02,2017-07-18,"1 Half (Half Share - EVEN week), 1 No Produce - Order Only (odd wk), 1 Whole MILK-e","Combined CSA","FSB","St. Louis","MO","63104",240.67,"Automatic","Purple","Not on Hold","Fair Shares - Wednesday  - Wednesday","$600",0,0,0,2017-08-16,2025-12-17,NA,2025-12-19,325
2025-12-19 02:22:26,2017-07-18,"1 Mini (Weekly Shares)","Combined CSA","KWM","Kirkwood","MO","63122",97.74,"Automatic","None","Not on Hold","Kirkwood - Thursday","$300",0,0,0,2017-08-16,2025-12-18,NA,2025-12-19,1970
2025-12-18 02:26:02,2025-04-24,"1 FSA/FSD","Combined CSA","FSA","Saint Louis","MO","63116",229.37,"Automatic","None","Not on Hold","Fair Shares - Wednesday  - Wednesday","$300",0,0,0,2025-05-01,2025-12-17,NA,2025-12-19,34
2020-08-31 09:19:01,2020-03-26,"1  (BYO) FSG - Orders Only","Combined CSA","Fair Shares Wednesday Pickup","St. Louis","MO","63103",36.54,NA,"None","Not on Hold","Fair Shares - Wednesday  - Wednesday","$300",0,0,0,2020-04-01,2020-08-26,NA,2025-12-19,236
2023-12-28 11:23:47,2022-08-31,"1  (BYO) FSG - Orders Only","Combined CSA","Fair Shares Thursday Pickup","Saint Louis","MO","63104",0.73,"Automatic","Green","Not on Hold","Fair Shares - Thursday - Thursday","Debit on Delivery",0,0,0,2022-09-08,2023-01-05,NA,2025-12-19,1711
2021-12-02 02:37:45,2017-07-18,"1 (BYO) UCG - Orders Only","Combined CSA","UCity Pickup","Florissant","MO","63031",155.45,"Automatic","Purple","Not on Hold","UCity - Wednesday","$150",0,0,0,2017-08-16,2021-12-01,NA,2025-12-19,1101
2021-09-13 08:50:51,2020-05-11,"1  (BYO) FSG - Orders Only","Combined CSA","Fair Shares Wednesday Pickup","St Charles","MO","63303",3.22,"Automatic","Green Purple","Not on Hold","Fair Shares - Wednesday  - Wednesday","Debit on Delivery",0,0,0,2020-05-13,2021-09-01,NA,2025-12-19,1186
2019-06-06 14:46:22,2019-04-06,"1 BYO - No Share, Order Only (Weekly Shares)","Combined CSA","Fair Shares Wednesday Pickup","St. Louis","MO","63132",100.48,NA,"None","Hold","Fair Shares - Wednesday  - Wednesday","Debit on Delivery",0,0,0,2019-04-10,2019-05-29,NA,2025-12-19,1294
2020-10-21 19:32:09,2020-05-19,"1 (BYO) UCG - Orders Only","Combined CSA","UCity Pickup","St. Louis","MO","63130",132.12,"Automatic","None","Not on Hold","UCity - Wednesday","Debit on Delivery",0,0,0,2020-05-27,2020-10-14,NA,2025-12-19,1437
2025-12-05 02:23:09,2020-05-03,"1 UCA/KWA","Combined CSA","KWA","Saint Louis","MO","63124",162.35,"Automatic","None","Not on Hold","Kirkwood - Thursday","$600",0,0,0,2020-05-07,2025-12-04,NA,2025-12-19,123
2019-05-22 11:30:44,2017-07-18,"1 BYO - No Share, Order Only (Weekly Shares)","Combined CSA","Fair Shares Wednesday Pickup","St. Louis","63104","55555",0,NA,"Orange","Hold","Fair Shares - Wednesday  - Wednesday",NA,0,0,0,2017-08-24,2017-10-04,NA,2025-12-19,372
2023-09-12 11:09:09,2017-07-20,"1 (BYO) KWG - Orders Only (Weekly Shares)","Combined CSA","Kirkwood Pickup","St. Louis","MO","63122",48.12,"Automatic","None","Not on Hold","Kirkwood - Thursday","Debit on Delivery",0,0,0,2017-08-17,2023-09-07,NA,2025-12-19,1600
2025-12-13 02:07:12,2020-02-27,"1 2% MILK-o, 1 Half (Half Share - ODD week)","Combined CSA","KWB","Saint Louis","MO","63126",187.65,"Automatic","Orange","Not on Hold","Kirkwood - Thursday","$150",0,0,0,2020-03-26,2025-12-11,NA,2025-12-19,1075
2025-12-18 03:57:42,2024-03-30,"1 Mini (Weekly Shares), 1 Whole MILK","Combined CSA","UCM","University City","MO","63130",162.06,"Automatic","None","Not on Hold","UCity - Wednesday","$150",0,0,0,2024-04-03,2025-12-17,NA,2025-12-19,135
2022-01-06 02:24:15,2020-04-05,"1 (BYO) UCG - Orders Only","Combined CSA","UCity Pickup","St. Louis","MO","63132",49.75,"Automatic","None","Not on Hold","UCity - Wednesday","Debit on Delivery",0,0,0,2020-04-08,2022-01-05,NA,2025-12-19,504
2019-05-22 11:11:25,2018-08-30,"1 BYO - No Share, Order Only (Weekly Shares)","Combined CSA","Fair Shares Thursday Pickup","Fenton","MO","63026",56.07,NA,"None","Hold","Fair Shares - Thursday - Thursday","$150",0,0,0,2018-08-30,2018-10-25,NA,2025-12-19,1013
2025-12-18 03:57:41,2020-04-14,"1 UCA/KWA, 1 2% MILK-o","Combined CSA","UCA","Olivette","MO","63132",307.57,"Automatic","None","Not on Hold","UCity - Wednesday","$300",0,0,0,2020-04-15,2025-12-17,NA,2025-12-19,1098
2021-07-05 07:43:02,2017-07-18,"1  (BYO) FSG - Orders Only","Combined CSA","Fair Shares Thursday Pickup","St. Louis","MO","63110",0,"Automatic","Blue Orange","Not on Hold","Fair Shares - Thursday - Thursday","Debit on Delivery",0,0,0,2017-08-24,2021-07-01,NA,2025-12-19,383
2021-02-25 10:41:50,2020-03-18,"1  (BYO) FSG - Orders Only","Combined CSA","Fair Shares Wednesday Pickup","St. Louis","MO","63105",0,"Automatic","None","Not on Hold","Fair Shares - Wednesday  - Wednesday","Debit on Delivery",0,0,0,2020-03-25,2021-02-24,NA,2025-12-19,1475
2025-12-12 02:21:44,2023-04-06,"1 Half (Half Share - ODD week)","Combined CSA","KWB","Chesterfield","MO","63017",228.68,"Automatic","Green Orange","Not on Hold","Kirkwood - Thursday","$300",0,0,0,2023-04-13,2025-12-11,NA,2025-12-19,1618
2025-12-19 03:57:41,2017-07-18,"1 Mini (Weekly Shares)","Combined CSA","FSMini-t","St. Louis","63119","63119",222.44,"Automatic","None","Not on Hold","Fair Shares - Thursday - Thursday","$150",0,0,0,2017-10-19,2025-12-18,NA,2025-12-19,1521
2025-04-24 11:10:46,2023-09-26,"1  (BYO) FSG - Orders Only","Combined CSA","Fair Shares Thursday Pickup","St Louis","MO","63118",0,"Automatic","Orange","Hold","Fair Shares - Thursday - Thursday","Debit on Delivery",0,0,0,2023-09-28,2025-04-03,NA,2025-12-19,785
2025-12-12 02:21:44,2017-07-18,"1 Half (Half Share - ODD week), 1 Eggs - Buttonwood (Half Share - ODD week)","Combined CSA","FSE","St. Louis","MO","63116",224.65,"Automatic","Orange","Not on Hold","Fair Shares - Thursday - Thursday","$300",0,0,0,2017-08-17,2025-12-11,NA,2025-12-19,203
2025-04-17 02:25:27,2024-03-24,"1 Guest Access","Combined CSA","Fair Shares Wednesday Pickup","St. Louis","MO","63104",5.94,"Automatic","None","Not on Hold","Fair Shares - Wednesday  - Wednesday","Debit on Delivery",0,0,0,2024-04-03,2025-04-16,NA,2025-12-19,1783
2025-12-19 02:22:26,2017-07-20,"1 No Produce - Order Only (even wk), 1 Half (Half Share - ODD week)","Combined CSA","KWB","St. Louis","MO","63122",99.25,"Automatic","Blue Orange","Not on Hold","Kirkwood - Thursday","$300",0,0,0,2017-08-24,2025-12-18,NA,2025-12-19,1570
2025-12-19 02:22:26,2019-05-03,"1 Mini (Weekly Shares)","Combined CSA","FSMini-t","Saint Louis","MO","63108",266.84,"Automatic","None","Not on Hold","Fair Shares - Thursday - Thursday","$300",0,0,0,2019-05-09,2025-12-18,NA,2025-12-19,463
2023-01-09 08:45:29,2022-09-20,"1  (BYO) FSG - Orders Only","Combined CSA","Fair Shares Wednesday Pickup","St. Louis","MO","63109",26.73,"Automatic","Green","Not on Hold","Fair Shares - Wednesday  - Wednesday","Debit on Delivery",0,0,0,2022-09-28,2023-01-04,NA,2025-12-19,1061
2025-01-28 13:24:25,2021-10-31,"1 (BYO) KWG - Orders Only (Weekly Shares)","Combined CSA","Kirkwood Pickup","Frontenac","MO","63131",75.55,"Automatic","Green","Not on Hold","Kirkwood - Thursday","Debit on Delivery",0,0,0,2021-11-04,2025-01-23,NA,2025-12-19,299
2020-02-10 08:45:13,2019-08-25,"1 BYO - No Share, Order Only (Weekly Shares)","Combined CSA","Fair Shares Wednesday Pickup","St. Louis","MO","63108",0.01,NA,"Purple","Not on Hold","Fair Shares - Wednesday  - Wednesday","Debit on Delivery",0,0,0,2019-08-28,2020-01-29,NA,2025-12-19,516
2020-09-13 21:46:36,2020-03-24,"1  (BYO) FSG - Orders Only","Combined CSA","Fair Shares Thursday Pickup","Saint Louis","MO","63118",116.04,NA,"None","Hold","Fair Shares - Thursday - Thursday","$300",0,0,0,2020-03-26,2020-09-10,NA,2025-12-19,1168
2025-12-12 03:53:32,2017-07-18,"1 Half (Half Share - ODD week), 1 No Produce - Order Only (even wk)","Combined CSA","FSE","St. Louis","MO","63123",162.29,"Automatic","Orange","Not on Hold","Fair Shares - Thursday - Thursday","$150",0,0,0,2017-08-23,2025-12-11,NA,2025-12-19,1156
2025-09-30 15:29:38,2025-09-11,"1  (BYO) FSG - Orders Only","Combined CSA","Fair Shares Thursday Pickup","St Louis","MO","63116",0,NA,"None","Not on Hold","Fair Shares - Thursday - Thursday",NA,0,0,0,2025-10-02,2025-10-02,NA,2025-12-19,174
2025-11-13 03:58:54,2025-05-27,"1 Half (Half Share - ODD week)","Combined CSA","FSB","Webster Groves","MO","63119",201.85,"Automatic","Orange","Temp Hold","Fair Shares - Wednesday  - Wednesday","$150",0,0,0,2025-06-04,2025-11-12,NA,2025-12-19,880
2025-12-19 02:22:26,2021-03-31,"1 Mini (Weekly Shares)","Combined CSA","KWM","Saint Louis","MO","63126",152.29,"Automatic","None","Not on Hold","Kirkwood - Thursday","$600",0,0,0,2021-04-08,2025-12-18,NA,2025-12-19,1217
2025-12-19 02:22:26,2020-08-11,"1 Half (Half Share - EVEN week)","Combined CSA","FSE","Saint Louis","MO","63139",151.9,"Automatic","Green Purple","Not on Hold","Fair Shares - Thursday - Thursday","$300",0,0,0,2020-08-20,2025-12-18,NA,2025-12-19,1884
2020-04-06 09:11:35,2020-01-20,"1 BYO - No Share, Order Only (Weekly Shares)","Combined CSA","Fair Shares Wednesday Pickup","Bridgeton","MO","63044",196.9,"Automatic","None","Not on Hold","Fair Shares - Wednesday  - Wednesday","Debit on Delivery",0,0,0,2020-01-23,2020-03-26,NA,2025-12-19,1461
2020-12-03 02:45:07,2017-10-10,"1 BYO - No Share, Order Only (Weekly Shares)","Combined CSA","Fair Shares Wednesday Pickup","Saint Louis","MO","63143",147.86,"Automatic","None","Not on Hold","Fair Shares - Wednesday  - Wednesday","Debit on Delivery",0,0,0,2017-10-12,2020-12-02,NA,2025-12-19,1136
2025-12-19 02:22:26,2020-01-12,"1 Mini (Weekly Shares)","Combined CSA","KWM","Kirkwood","MO","63122",297.89,"Automatic","None","Not on Hold","Kirkwood - Thursday","$300",0,0,0,2020-01-16,2025-12-18,NA,2025-12-19,1465
2025-12-19 03:57:31,2020-02-23,"1 Mini (Weekly Shares)","Combined CSA","KWM","Kirkwood","MO","63122",190.06,"Automatic","None","Not on Hold","Kirkwood - Thursday","$150",0,0,0,2020-02-27,2025-12-18,NA,2025-12-19,1725
2024-04-02 16:06:54,2017-07-18,"1  (BYO) FSG - Orders Only","Combined CSA","Fair Shares Thursday Pickup","St. Louis","MO","63105",22.57,"Automatic","None","Not on Hold","Fair Shares - Thursday - Thursday",NA,0,0,0,2017-08-17,2024-03-07,NA,2025-12-19,1727
2022-12-09 02:24:43,2017-07-18,"1  (BYO) FSG - Orders Only","Combined CSA","Fair Shares Thursday Pickup","St. Louis","MO","63129",48.13,"Automatic","None","Not on Hold","Fair Shares - Thursday - Thursday","Debit on Delivery",0,0,0,2017-08-16,2022-12-08,NA,2025-12-19,560
2021-09-27 10:15:20,2020-05-04,"1  (BYO) FSG - Orders Only","Combined CSA","Fair Shares Thursday Pickup","Saint Louis","MO","63104",40.59,"Automatic","Blue Orange","Not on Hold","Fair Shares - Thursday - Thursday","Debit on Delivery",0,0,0,2020-05-07,2021-09-23,NA,2025-12-19,1298
2025-05-08 08:19:10,2018-06-06,"1  (BYO) FSG - Orders Only","Combined CSA","Fair Shares Thursday Pickup","Webster Groves","MO","63119",123.64,"Automatic","Purple","Not on Hold","Fair Shares - Thursday - Thursday","Debit on Delivery",0,0,0,2018-06-21,2025-04-10,NA,2025-12-19,121
2024-11-12 10:55:20,2020-05-20,"1 (BYO) UCG - Orders Only","Combined CSA","UCity Pickup","St. Louis","MO","63130",104.07,"Automatic","Green","Hold","UCity - Wednesday","Debit on Delivery",0,0,0,2020-05-27,2021-06-30,NA,2025-12-19,85
2025-12-18 02:26:02,2017-07-18,"1 Mini (Weekly Shares)","Combined CSA","FSMini-w","St. Louis","MO","63139",101.66,"Automatic","None","Not on Hold","Fair Shares - Wednesday  - Wednesday","$150",0,0,0,2017-08-16,2025-12-17,NA,2025-12-19,1614
2025-01-13 06:59:46,2020-05-10,"1 (BYO) KWG - Orders Only (Weekly Shares)","Combined CSA","Kirkwood Pickup","Kirkwood","MO","63122",0,NA,"None","Not on Hold","Kirkwood - Thursday","Debit on Delivery",0,0,0,2020-05-14,2021-08-26,NA,2025-12-19,213
2025-12-19 02:22:26,2017-07-20,"1 FSA/FSD","Combined CSA","FSA","St. Louis","63110","63118",216.09,"Automatic","None","Not on Hold","Fair Shares - Wednesday  - Wednesday","$300",0,0,0,2017-08-17,2025-12-18,NA,2025-12-19,1932
2020-11-13 02:39:19,2019-05-09,"1  (BYO) FSG - Orders Only","Combined CSA","Fair Shares Thursday Pickup","St. Louis","MO","63139",0.43,"Automatic","None","Not on Hold","Fair Shares - Thursday - Thursday","Debit on Delivery",0,0,0,2019-05-16,2020-11-12,NA,2025-12-19,385
2025-05-04 08:00:35,2024-12-18,"1 Guest Access","Combined CSA","UCity Pickup","Saint Louis","MO","63117",0,NA,"None","Not on Hold","UCity - Wednesday","Debit on Delivery",0,0,0,2025-01-15,2025-04-23,NA,2025-12-19,360
2025-06-09 12:32:53,2025-04-24,"1 UCA/KWA","Combined CSA","KWA","St louis","MO","63122",192.52,"Automatic","None","Hold","Kirkwood - Thursday","$150",0,0,0,2025-05-01,2025-06-05,NA,2025-12-19,155
2024-12-05 17:35:42,2020-08-13,"1  (BYO) FSG - Orders Only","Combined CSA","Fair Shares Wednesday Pickup","St. Louis","MO","63104",-5.42,NA,"Purple","Not on Hold","Fair Shares - Wednesday  - Wednesday","Debit on Delivery",0,0,0,2020-08-19,2022-04-27,NA,2025-12-19,1858
2025-06-02 09:04:05,2024-02-22,"1  (BYO) FSG - Orders Only","Combined CSA","Fair Shares Wednesday Pickup","Saint Louis","MO","63103",127.47,"Automatic","None","Not on Hold","Fair Shares - Wednesday  - Wednesday","Debit on Delivery",0,0,0,2024-02-28,2025-02-26,NA,2025-12-19,1874
2025-12-19 02:22:26,2017-10-16,"1 UCA/KWA","Combined CSA","KWA","St. Louis","MO","63122",208.44,"Automatic","None","Not on Hold","Kirkwood - Thursday","$600",0,0,0,2017-10-19,2025-12-18,NA,2025-12-19,305
2021-08-16 10:06:05,2019-02-28,"1  (BYO) FSG - Orders Only","Combined CSA","Fair Shares Thursday Pickup","Saint Louis","MO","63116",329.85,"Automatic","Purple","Not on Hold","Fair Shares - Thursday - Thursday","Debit on Delivery",0,0,0,2019-04-03,2021-08-05,NA,2025-12-19,1491
2020-10-26 08:32:08,2020-07-15,"1  (BYO) FSG - Orders Only","Combined CSA","Fair Shares Thursday Pickup","Ferguson","MO","63135",0,"Automatic","Green Orange","Not on Hold","Fair Shares - Thursday - Thursday","Debit on Delivery",0,0,0,2020-07-23,2020-10-22,NA,2025-12-19,1963
2025-12-17 19:42:41,2020-10-14,"1  (BYO) FSG - Orders Only","Combined CSA","Fair Shares Wednesday Pickup","Saint Louis","MO","63118",4.78,"Automatic","None","Not on Hold","Fair Shares - Wednesday  - Wednesday","Debit on Delivery",0,0,0,2020-10-21,2025-12-10,NA,2025-12-19,1749
2019-08-23 10:24:43,2017-07-18,"1 BYO - No Share, Order Only (Weekly Shares)","Combined CSA","Fair Shares Thursday Pickup","St. Louis","63124","55555",35.1,NA,"Orange","Hold","Fair Shares - Thursday - Thursday","$150",0,0,0,2017-08-23,2018-04-18,NA,2025-12-19,1060
2021-01-29 03:49:35,2020-02-28,"1  (BYO) FSG - Orders Only","Combined CSA","Fair Shares Thursday Pickup","Saint Louis","MO","63110",0,"Automatic","None","Not on Hold","Fair Shares - Thursday - Thursday","Debit on Delivery",0,0,0,2020-03-26,2021-01-28,NA,2025-12-19,1466
2021-06-10 19:07:18,2020-03-12,"1  (BYO) FSG - Orders Only","Combined CSA","Fair Shares Thursday Pickup","Saint Louis","MO","63108",0,"Automatic","None","Not on Hold","Fair Shares - Thursday - Thursday","Debit on Delivery",0,0,0,2020-03-26,2021-06-03,NA,2025-12-19,1439
2025-12-19 02:22:26,2017-07-20,"1 Mini (Weekly Shares)","Combined CSA","KWM","St. Louis","MO","63119",373.21,"Automatic","None","Not on Hold","Kirkwood - Thursday","$600",0,0,0,2017-08-17,2025-12-18,NA,2025-12-19,634
2024-09-02 10:57:18,2024-05-25,"1 (BYO) UCG - Orders Only","Combined CSA","UCity Pickup","St. Louis","MO","63130",3.45,"Automatic","Orange","Not on Hold","UCity - Wednesday","Debit on Delivery",0,0,0,2024-05-29,2024-08-21,NA,2025-12-19,944
2019-05-10 09:49:16,2018-04-24,"1 BYO - No Share, Order Only (Weekly Shares)","Combined CSA","Fair Shares Thursday Pickup","St Louis","MO","63118",-24.62,NA,"None","Hold","Fair Shares - Thursday - Thursday","$150",0,0,0,2018-04-26,2018-12-20,NA,2025-12-19,707
2025-12-11 03:56:41,2025-01-30,"1 Half (Half Share - ODD week)","Combined CSA","FSB","St Louis","MO","63109",223.7,"Automatic","Orange","Not on Hold","Fair Shares - Wednesday  - Wednesday","$150",0,0,0,2025-02-05,2025-12-10,NA,2025-12-19,197
2023-11-24 03:47:02,2017-07-20,"1 (BYO) KWG - Orders Only (Weekly Shares)","Combined CSA","Kirkwood Pickup","St. Louis","MO","63146",0,"Automatic","Blue Orange","Not on Hold","Kirkwood - Thursday","Debit on Delivery",0,0,0,2017-08-24,2023-11-23,NA,2025-12-19,1841
2021-03-18 14:27:47,2020-04-18,"1  (BYO) FSG - Orders Only","Combined CSA","Fair Shares Thursday Pickup","St. Louis","MO","63139",0,"Automatic","Green","Not on Hold","Fair Shares - Thursday - Thursday","Debit on Delivery",0,0,0,2020-04-23,2021-02-25,NA,2025-12-19,1280
2025-12-19 02:22:26,2020-03-22,"1 Mini (Weekly Shares)","Combined CSA","KWM","St. Louis","MO","63139",164.76,"Automatic","None","Not on Hold","Kirkwood - Thursday","$300",0,0,0,2020-03-26,2025-12-18,NA,2025-12-19,467
2025-12-18 02:26:02,2017-07-18,"1 FSC","Combined CSA","FSC-W","St. Louis","MO","63105",79.81,"Automatic","None","Not on Hold","Fair Shares - Wednesday  - Wednesday","$150",0,0,0,2017-08-16,2025-12-17,NA,2025-12-19,618
2022-11-14 09:08:13,2022-08-23,"1 (BYO) KWG - Orders Only (Weekly Shares)","Combined CSA","Kirkwood Pickup","Kirkwood","MO","63122",1.2,"Automatic","Green","Not on Hold","Kirkwood - Thursday","Debit on Delivery",0,0,0,2022-09-01,2022-11-10,NA,2025-12-19,680
2020-12-03 02:45:07,2020-09-28,"1  (BYO) FSG - Orders Only","Combined CSA","Fair Shares Wednesday Pickup","St. Louis","MO","63109",8.42,"Automatic","Green","Not on Hold","Fair Shares - Wednesday  - Wednesday","Debit on Delivery",0,0,0,2020-10-07,2020-12-02,NA,2025-12-19,1701
2020-05-26 17:36:57,2019-05-02,"1 BYO - No Share, Order Only (Weekly Shares)","Combined CSA","Fair Shares Wednesday Pickup","St. Louis","MO","63143",116.83,NA,"Orange","Not on Hold","Fair Shares - Wednesday  - Wednesday","Debit on Delivery",0,0,0,2019-05-15,2020-05-20,NA,2025-12-19,675
2025-12-19 02:22:26,2024-04-01,"1 Mini (Weekly Shares)","Combined CSA","FSMini-t","Saint Louis","MO","63139",138.26,"Automatic","None","Not on Hold","Fair Shares - Thursday - Thursday","$150",0,0,0,2024-04-04,2025-12-18,NA,2025-12-19,1873
2025-10-30 11:11:43,2024-04-01,"1  (BYO) FSG - Orders Only","Combined CSA","Fair Shares Wednesday Pickup","St. Louis","MO","63108",133.72,"Automatic","Purple","Not on Hold","Fair Shares - Wednesday  - Wednesday","Debit on Delivery",0,0,0,2024-04-03,2025-06-18,NA,2025-12-19,1016
2025-12-18 02:26:02,2017-07-18,"1 FSA/FSD","Combined CSA","FSA","St. Louis","MO","63105",109.68,"Automatic","None","Not on Hold","Fair Shares - Wednesday  - Wednesday","$300",0,0,0,2017-08-16,2025-12-17,NA,2025-12-19,718
2025-12-19 02:22:26,2017-07-18,"1 Mini (Weekly Shares)","Combined CSA","FSMini-t","St. Louis","MO","63125",1567.68,"Automatic","None","Not on Hold","Fair Shares - Thursday - Thursday","$600",0,0,0,2017-08-16,2025-12-18,NA,2025-12-19,133
2025-12-19 03:57:46,2020-07-18,"1 Mini (Weekly Shares)","Combined CSA","FSMini-t","Webster Groves","MO","63119",168.84,"Automatic","Green","Not on Hold","Fair Shares - Thursday - Thursday","$150",0,0,0,2020-07-23,2025-12-18,NA,2025-12-19,1680
2021-02-19 10:40:35,2020-04-05,"1 (BYO) KWG - Orders Only (Weekly Shares)","Combined CSA","Kirkwood Pickup","St. Louis","MO","63124",83.99,"Automatic","Orange","Not on Hold","Kirkwood - Thursday","Debit on Delivery",0,0,0,2020-04-09,2021-02-11,NA,2025-12-19,1985
2025-12-19 02:22:26,2021-04-16,"1 Half (Half Share - EVEN week)","Combined CSA","FSE","St Louis","MO","63139",113.35,"Automatic","Green Purple","Not on Hold","Fair Shares - Thursday - Thursday","$300",0,0,0,2021-04-22,2025-12-18,NA,2025-12-19,1149
2025-12-18 02:26:02,2017-07-18,"1 Half (Half Share - EVEN week), 1 No Produce - Order Only (odd wk)","Combined CSA","FSB","St. Louis","MO","63104",107.81,"Automatic","Purple","Not on Hold","Fair Shares - Wednesday  - Wednesday","$300",0,0,0,2017-08-16,2025-12-17,NA,2025-12-19,224
2025-12-12 03:53:45,2022-01-24,"1 Half (Half Share - ODD week)","Combined CSA","FSE","St. Louis","MO","63104",371.14,"Automatic","Green Orange","Not on Hold","Fair Shares - Thursday - Thursday","$300",0,0,0,2022-01-27,2025-12-11,NA,2025-12-19,434
2024-04-09 12:29:17,2017-07-18,"1  (BYO) FSG - Orders Only","Combined CSA","Fair Shares Wednesday Pickup","St. Louis","MO","63108",74.25,"Automatic","Orange","Not on Hold","Fair Shares - Wednesday  - Wednesday","Debit on Delivery",0,0,0,2017-08-23,2024-04-03,NA,2025-12-19,62
2025-12-19 02:22:26,2017-07-18,"1 FSA/FSD","Combined CSA","FSD","St. louis","MO","63139",174.62,"Automatic","None","Not on Hold","Fair Shares - Thursday - Thursday","$300",0,0,0,2017-08-17,2025-12-18,NA,2025-12-19,1236
2023-04-24 12:25:04,2022-10-14,"1 (BYO) KWG - Orders Only (Weekly Shares)","Combined CSA","Kirkwood Pickup","Saint Louis","MO","63126",26.09,"Automatic","Orange","Not on Hold","Kirkwood - Thursday","Debit on Delivery",0,0,0,2022-10-20,2023-04-13,NA,2025-12-19,585
2024-08-19 14:44:30,2020-10-01,"1  (BYO) FSG - Orders Only","Combined CSA","Fair Shares Wednesday Pickup","St Louis","MO","63123",0,"Automatic","Green","Not on Hold","Fair Shares - Wednesday  - Wednesday","Debit on Delivery",0,0,0,2020-10-07,2024-05-29,NA,2025-12-19,1350
2019-05-22 11:14:40,2018-05-02,"1 BYO - No Share, Order Only (Weekly Shares)","Combined CSA","Fair Shares Wednesday Pickup","St. Louis","MO","63116",51.18,NA,"None","Not on Hold","Fair Shares - Wednesday  - Wednesday","Debit on Delivery",0,0,0,2018-05-09,2018-12-05,NA,2025-12-19,248
2019-05-22 11:14:00,2018-05-16,"1 BYO - No Share, Order Only (Weekly Shares)","Combined CSA","Fair Shares Wednesday Pickup","St Louis","MO","63116",166.44,NA,"None","Hold","Fair Shares - Wednesday  - Wednesday","Debit on Delivery",0,0,0,2018-05-23,2018-11-07,NA,2025-12-19,1955
2025-12-18 02:26:02,2018-07-31,"1 UCA/KWA","Combined CSA","UCA","Saint louis","MO","63130",293.45,"Automatic","None","Not on Hold","UCity - Wednesday","$600",0,0,0,2018-08-08,2025-12-17,NA,2025-12-19,681
2025-06-08 18:48:11,2021-07-04,"1  (BYO) FSG - Orders Only","Combined CSA","Fair Shares Thursday Pickup","Creve Coeur","MO","63141",0.07,"Automatic","Purple","Not on Hold","Fair Shares - Thursday - Thursday","Debit on Delivery",0,0,0,2021-07-07,2025-06-05,NA,2025-12-19,1066
2025-12-11 11:03:51,2023-03-23,"1 (BYO) UCG - Orders Only","Combined CSA","UCity Pickup","St Louis","MO","63112",0,"Automatic","None","Not on Hold","UCity - Wednesday","Debit on Delivery",0,0,0,2023-03-29,2025-10-29,NA,2025-12-19,1306
2024-02-29 02:23:01,2020-03-26,"1 (BYO) UCG - Orders Only","Combined CSA","UCity Pickup","University City","MO","63130",83.04,"Automatic","Orange","Not on Hold","UCity - Wednesday","Debit on Delivery",0,0,0,2020-04-01,2024-02-28,NA,2025-12-19,1823
2025-12-18 03:57:47,2020-03-23,"1 UCA/KWA","Combined CSA","UCA","University City","MO","63130",309.96,"Automatic","None","Not on Hold","UCity - Wednesday","$300",0,0,0,2020-03-25,2025-12-17,NA,2025-12-19,1699
2025-01-13 06:54:26,2020-06-07,"1  (BYO) FSG - Orders Only","Combined CSA","Fair Shares Thursday Pickup","St louis","MO","63119",0,NA,"Green Purple","Not on Hold","Fair Shares - Thursday - Thursday","Debit on Delivery",0,0,0,2020-06-11,2023-09-28,NA,2025-12-19,555
2025-12-19 02:22:26,2023-07-05,"1 Mini (Weekly Shares)","Combined CSA","FSMini-t","St. Louis","MO","63104-2536",134.89,"Automatic","None","Not on Hold","Fair Shares - Thursday - Thursday","$600",0,0,0,2023-07-13,2025-12-18,NA,2025-12-19,1671
2025-12-18 03:57:44,2020-03-25,"1 Half (Half Share - EVEN week)","Combined CSA","UCB","St. Louis","MO","63131",660.21,"Automatic","Purple","Not on Hold","UCity - Wednesday","$600",0,0,0,2020-04-02,2025-12-17,NA,2025-12-19,1928
2025-09-19 04:16:58,2019-08-21,"1 Half (Half Share - ODD week), 1 2% MILK-o","Combined CSA","KWB","Webster Groves","MO","63119",159.87,"Automatic","Orange","Hold","Kirkwood - Thursday","$150",0,0,0,2019-08-28,2025-09-04,NA,2025-12-19,1487
2021-05-26 06:26:48,2020-12-01,"1 (BYO) UCG - Orders Only","Combined CSA","UCity Pickup","St. Louis","MO","63130",0,"Automatic","None","Not on Hold","UCity - Wednesday","Debit on Delivery",0,0,0,2020-12-02,2021-05-19,NA,2025-12-19,857
2023-11-26 09:34:30,2021-08-12,"1  (BYO) FSG - Orders Only","Combined CSA","Fair Shares Thursday Pickup","St. Louis","MO","63109",80.46,"Automatic","Green","Not on Hold","Fair Shares - Thursday - Thursday","Debit on Delivery",0,0,0,2021-08-19,2023-11-23,NA,2025-12-19,838
2024-04-02 15:40:49,2017-07-18,"1  (BYO) FSG - Orders Only","Combined CSA","Fair Shares Thursday Pickup","St. Louis","MO","63119",928.69,"Automatic","None","Not on Hold","Fair Shares - Thursday - Thursday",NA,0,0,0,2017-08-17,2024-03-07,NA,2025-12-19,583
2023-04-11 13:19:52,2021-04-05,"1  (BYO) FSG - Orders Only","Combined CSA","Fair Shares Thursday Pickup","St. Louis","MO","63116",73.99,"Automatic","Green","Not on Hold","Fair Shares - Thursday - Thursday","Debit on Delivery",0,0,0,2021-04-08,2023-04-06,NA,2025-12-19,1894
2025-12-11 02:27:19,2025-01-14,"1 Half (Half Share - ODD week)","Combined CSA","UCB","St. Louis","MO","63146",348.74,"Automatic","Orange","Not on Hold","UCity - Wednesday","$600",0,0,0,2025-01-22,2025-12-10,NA,2025-12-19,139
2025-12-18 02:26:02,2017-07-18,"1 FSA/FSD","Combined CSA","FSA","St. Louis","MO","63129",-180.92,"Automatic","None","Not on Hold","Fair Shares - Wednesday  - Wednesday",NA,0,0,0,2017-08-16,2025-12-17,NA,2025-12-19,423
2024-10-21 09:02:54,2022-08-26,"1 (BYO) KWG - Orders Only (Weekly Shares)","Combined CSA","Kirkwood Pickup","St. louis","MO","63119",0,"Automatic","Green Purple","Not on Hold","Kirkwood - Thursday","Debit on Delivery",0,0,0,2022-09-01,2024-10-10,NA,2025-12-19,158
2024-12-05 17:42:12,2017-07-18,"1 BYO - No Share, Order Only (Weekly Shares)","Combined CSA","Fair Shares Thursday Pickup","St. Louis","MO","63126",2408.64,"Automatic","None","Not on Hold","Fair Shares - Thursday - Thursday","Debit on Delivery",0,0,0,2017-08-16,2024-11-28,NA,2025-12-19,1087
2025-12-19 02:22:26,2017-07-18,"1 Mini (Weekly Shares), 1 Whole MILK-e","Combined CSA","FSMini-t","St. Louis","63117","MO",261.5,"Automatic","None","Not on Hold","Fair Shares - Thursday - Thursday","$600",0,0,0,2017-08-17,2025-12-18,NA,2025-12-19,1900
2025-03-14 11:05:21,2018-01-17,"1 BYO - No Share, Order Only (Weekly Shares)","Combined CSA","Fair Shares Thursday Pickup","st. louis","MO","63112",0,"Automatic","None","Not on Hold","Fair Shares - Thursday - Thursday","Debit on Delivery",0,0,0,2024-05-30,2025-01-30,NA,2025-12-19,790
2025-12-19 02:22:26,2025-03-11,"1 UCA/KWA","Combined CSA","KWA","Kirkwood","MO","63122",329.37,"Automatic","None","Not on Hold","Kirkwood - Thursday","$600",0,0,0,2025-04-03,2025-12-18,NA,2025-12-19,622
2023-08-06 23:41:08,2022-08-09,"1 (BYO) UCG - Orders Only","Combined CSA","UCity Pickup","Richmond Heights","MO","63117",107.8,"Automatic","Green Purple","Not on Hold","UCity - Wednesday","Debit on Delivery",0,0,0,2022-08-17,2023-07-26,NA,2025-12-19,55
2025-12-19 03:57:40,2020-04-09,"1 Half (Half Share - EVEN week)","Combined CSA","KWB","Ballwin","MO","63021",223.29,"Automatic","Purple","Not on Hold","Kirkwood - Thursday","$150",0,0,0,2020-04-16,2025-12-18,NA,2025-12-19,1714
2021-10-28 02:45:23,2021-01-13,"1  (BYO) FSG - Orders Only","Combined CSA","Fair Shares Wednesday Pickup","St. Louis","MO","63141",58.94,"Automatic","Purple","Not on Hold","Fair Shares - Wednesday  - Wednesday","Debit on Delivery",0,0,0,2021-01-20,2021-10-27,NA,2025-12-19,1007
2022-08-18 03:58:52,2020-12-25,"1 (BYO) UCG - Orders Only","Combined CSA","UCity Pickup","St. Louis","MO","63121",0,"Automatic","Green Purple","Not on Hold","UCity - Wednesday","Debit on Delivery",0,0,0,2021-01-06,2022-08-17,NA,2025-12-19,1756
2025-12-19 03:57:41,2022-05-02,"1 Half (Half Share - EVEN week)","Combined CSA","FSE","Saint Louis","MO","63104",200.21,"Automatic","Green Purple","Not on Hold","Fair Shares - Thursday - Thursday","$150",0,0,0,2022-05-12,2025-12-18,NA,2025-12-19,1229
2022-02-11 03:53:56,2017-07-18,"1  (BYO) FSG - Orders Only","Combined CSA","Fair Shares Wednesday Pickup","St. Louis","63105","55555",0,"Automatic","Purple","Not on Hold","Fair Shares - Wednesday  - Wednesday","Debit on Delivery",0,0,0,2017-08-31,2022-02-09,NA,2025-12-19,1855
2020-10-01 12:56:52,2020-09-20,"1 (BYO) UCG - Orders Only","Combined CSA","UCity Pickup","St Peters","MO","63376",94.41,"Automatic","None","Not on Hold","UCity - Wednesday","Debit on Delivery",0,0,0,2020-09-30,2020-09-30,NA,2025-12-19,458
2025-11-17 09:02:55,2025-05-11,"1  (BYO) FSG - Orders Only","Combined CSA","Fair Shares Thursday Pickup","Saint Louis","MO","63110",0,"Automatic","Orange","Not on Hold","Fair Shares - Thursday - Thursday","Debit on Delivery",0,0,0,2025-05-15,2025-11-13,NA,2025-12-19,260
2023-10-04 17:28:14,2023-05-04,"1 (BYO) KWG - Orders Only (Weekly Shares)","Combined CSA","Kirkwood Pickup","Des Peres","MO","63131",0,"Automatic","None","Not on Hold","Kirkwood - Thursday","Debit on Delivery",0,0,0,2023-05-11,2023-09-21,NA,2025-12-19,1290
2025-12-18 02:26:02,2022-05-03,"1 Mini (Weekly Shares)","Combined CSA","FSMini-w","Webster Groves","MO","63119",113.71,"Automatic","Green","Not on Hold","Fair Shares - Wednesday  - Wednesday","$300",0,0,0,2022-05-11,2025-12-17,NA,2025-12-19,1983
2025-12-18 02:26:02,2017-07-20,"1 Mini (Weekly Shares)","Combined CSA","FSMini-w","Webster Groves","MO","63119",173.58,"Automatic","None","Not on Hold","Fair Shares - Wednesday  - Wednesday","$300",0,0,0,2017-08-17,2025-12-17,NA,2025-12-19,145
2025-12-12 02:21:44,2019-03-24,"1 Half (Half Share - ODD week)","Combined CSA","FSE","Saint Louis","MO","63126",141.4,"Automatic","Orange","Not on Hold","Fair Shares - Thursday - Thursday","$150",0,0,0,2019-04-04,2025-12-11,NA,2025-12-19,1706
2025-12-18 02:26:02,2017-07-18,"1 Mini (Weekly Shares)","Combined CSA","UCM","St. Louis","MO","63130",118.7,"Automatic","None","Not on Hold","UCity - Wednesday","$300",0,0,0,2017-08-16,2025-12-17,NA,2025-12-19,1498
2025-12-18 02:26:02,2020-05-13,"1 FSC, 1 Whole MILK","Combined CSA","FSC-W","St louis","MO","63104",152.79,"Automatic","Green","Not on Hold","Fair Shares - Wednesday  - Wednesday","$300",0,0,0,2020-05-21,2025-12-17,NA,2025-12-19,1453
2020-03-27 09:08:12,2017-07-18,"1 BYO - No Share, Order Only (Weekly Shares)","Combined CSA","Fair Shares Thursday Pickup","Kirkwood","MO","63122",118.5,NA,"Orange","Not on Hold","Fair Shares - Thursday - Thursday","$300",0,0,0,2017-08-23,2020-02-19,NA,2025-12-19,1345
2025-12-18 03:57:31,2020-05-06,"1 Half (Half Share - EVEN week)","Combined CSA","UCB","Saint Louis","MO","63130",186.82,"Automatic","Purple","Not on Hold","UCity - Wednesday","$150",0,0,0,2020-05-13,2025-12-17,NA,2025-12-19,1107
2021-01-08 02:28:58,2020-06-21,"1  (BYO) FSG - Orders Only","Combined CSA","Fair Shares Thursday Pickup","St. Louis","MO","63139",13.28,"Automatic","Green","Not on Hold","Fair Shares - Thursday - Thursday","Debit on Delivery",0,0,0,2020-06-25,2021-01-07,NA,2025-12-19,1018
2025-12-11 03:56:37,2021-03-07,"1  (BYO) FSG - Orders Only","Combined CSA","Fair Shares Wednesday Pickup","SAINT LOUIS","MO","63104-2930",348.11,"Automatic","Green","Not on Hold","Fair Shares - Wednesday  - Wednesday","$300",0,0,0,2021-03-25,2025-12-10,NA,2025-12-19,1407
2024-12-05 17:40:43,2017-07-20,"1 BYO - No Share, Order Only (Weekly Shares)","Combined CSA","Fair Shares Thursday Pickup","St. Louis","MO","63116",168.99,"Automatic","None","Not on Hold","Fair Shares - Thursday - Thursday","$150",0,0,0,2017-08-24,2024-09-26,NA,2025-12-19,101
2021-03-29 13:41:03,2020-08-06,"1  (BYO) FSG - Orders Only","Combined CSA","Fair Shares Wednesday Pickup","Saint Louis","MO","63139",0,"Automatic","Green Orange","Not on Hold","Fair Shares - Wednesday  - Wednesday","Debit on Delivery",0,0,0,2020-08-12,2021-03-24,NA,2025-12-19,766
2025-12-19 02:22:26,2018-08-16,"1 Half (Half Share - EVEN week)","Combined CSA","KWB","Des peres","MO","63131",-297.03,NA,"Purple","Not on Hold","Kirkwood - Thursday","$300",0,0,0,2018-08-30,2025-12-18,NA,2025-12-19,1987
2025-12-12 02:21:44,2025-03-28,"1 Half (Half Share - ODD week)","Combined CSA","FSE","St. Louis, Missouri 63104","MO","63104",121.25,"Automatic","Orange","Not on Hold","Fair Shares - Thursday - Thursday","$150",0,0,0,2025-04-03,2025-12-11,NA,2025-12-19,15
2022-09-15 04:01:36,2020-05-01,"1  (BYO) FSG - Orders Only","Combined CSA","Fair Shares Wednesday Pickup","Clayton","MO","63105",0,"Automatic","Green","Not on Hold","Fair Shares - Wednesday  - Wednesday","Debit on Delivery",0,0,0,2020-05-06,2022-09-14,NA,2025-12-19,1541
2025-12-19 02:22:26,2017-07-18,"1 FSA/FSD","Combined CSA","FSD","St. Louis","MO","63104",-156.6,NA,"Payment","Not on Hold","Fair Shares - Thursday - Thursday","$600",0,0,0,2017-08-16,2025-12-18,NA,2025-12-19,1799
2025-11-21 14:22:32,2025-02-07,"1 (BYO) UCG - Orders Only","Combined CSA","UCity Pickup","St Louis","MO","63124",145.4,"Automatic","None","Not on Hold","UCity - Wednesday","Debit on Delivery",0,0,0,2025-02-13,2025-04-16,NA,2025-12-19,852
2020-10-27 19:30:56,2020-04-27,"1  (BYO) FSG - Orders Only","Combined CSA","Fair Shares Thursday Pickup","St. Louis","MO","63131",0,"Automatic","Green","Not on Hold","Fair Shares - Thursday - Thursday","Debit on Delivery",0,0,0,2020-04-30,2020-10-22,NA,2025-12-19,420
2025-12-18 02:26:02,2020-04-04,"1 UCA/KWA","Combined CSA","UCA","Saint Louis","MO","63130",410.29,"Automatic","None","Not on Hold","UCity - Wednesday","$600",0,0,0,2020-04-08,2025-12-17,NA,2025-12-19,570
2025-12-12 03:53:28,2024-10-11,"1 (BYO) KWG - Orders Only (Weekly Shares)","Combined CSA","Kirkwood Pickup","Ballwin","MO","63021",0,"Automatic","None","Not on Hold","Kirkwood - Thursday","Debit on Delivery",0,0,0,2024-10-17,2025-12-11,NA,2025-12-19,370
2025-12-18 03:57:45,2017-07-18,"1 Half (Half Share - EVEN week), 1 Whole MILK-e, 1 No Produce - Order Only (odd wk)","Combined CSA","FSB","St. Louis","MO","63109",213,"Automatic","Purple","Not on Hold","Fair Shares - Wednesday  - Wednesday","$150",0,0,0,2017-08-16,2025-12-17,NA,2025-12-19,390
2020-08-27 09:29:14,2019-03-12,"1 (BYO) UCG - Orders Only","Combined CSA","UCity Pickup","Brentwood","MO","63144",83.65,NA,"None","Hold","UCity - Wednesday",NA,0,0,0,2019-04-03,2020-08-19,NA,2025-12-19,234
2025-12-19 02:22:26,2017-07-18,"1 FSC","Combined CSA","FSC-T","St. Louis","MO","63119",87.88,"Automatic","None","Not on Hold","Fair Shares - Thursday - Thursday","$600",0,0,0,2017-08-17,2025-12-18,NA,2025-12-19,514
2025-12-05 03:54:38,2025-03-20,"1  (BYO) FSG - Orders Only","Combined CSA","Fair Shares Thursday Pickup","Saint Louis","MO","63129",0,"Automatic","None","Not on Hold","Fair Shares - Thursday - Thursday","Debit on Delivery",0,0,0,2025-04-03,2025-12-04,NA,2025-12-19,340
2025-12-19 02:22:26,2017-08-08,"1 FSA/FSD","Combined CSA","FSD","St. Louis","MO","63138",170.49,"Automatic","None","Not on Hold","Fair Shares - Thursday - Thursday","$600",0,0,0,2017-08-31,2025-12-18,NA,2025-12-19,250
2025-12-12 02:21:44,2025-07-13,"1 Half (Half Share - ODD week)","Combined CSA","FSE","Saint louis","MO","63109",84.51,"Automatic","Orange","Not on Hold","Fair Shares - Thursday - Thursday","$150",0,0,0,2025-07-17,2025-12-11,NA,2025-12-19,701
2023-06-05 07:37:10,2020-04-15,"1 (BYO) UCG - Orders Only","Combined CSA","UCity Pickup","Saint Louis","MO","63146",0,"Automatic","Orange","Not on Hold","UCity - Wednesday","Debit on Delivery",0,0,0,2020-04-22,2023-05-24,NA,2025-12-19,114
2025-12-19 02:22:26,2017-07-20,"1 Mini (Weekly Shares)","Combined CSA","KWM","St. Louis","MO","63122",2018.39,"Automatic","None","Not on Hold","Kirkwood - Thursday","$600",0,0,0,2017-08-17,2025-12-18,NA,2025-12-19,1196
2025-12-12 02:21:44,2022-03-21,"1 Half (Half Share - ODD week), 1 2% MILK-o","Combined CSA","FSE","St Louis","MO","63104",141.06,"Automatic","Green Orange","Not on Hold","Fair Shares - Thursday - Thursday","$300",0,0,0,2022-03-24,2025-12-11,NA,2025-12-19,289
2021-01-07 03:54:52,2020-05-14,"1  (BYO) FSG - Orders Only","Combined CSA","Fair Shares Wednesday Pickup","Creve Coeur","MO","63141",0,"Automatic","Green","Not on Hold","Fair Shares - Wednesday  - Wednesday","Debit on Delivery",0,0,0,2020-05-20,2021-01-06,NA,2025-12-19,843
2025-08-29 03:57:12,2021-03-28,"1 (BYO) KWG - Orders Only (Weekly Shares)","Combined CSA","Kirkwood Pickup","Kirkwood","MO","63122",0,"Automatic","Purple","Not on Hold","Kirkwood - Thursday","Debit on Delivery",0,0,0,2021-04-01,2025-08-28,NA,2025-12-19,68
2025-12-11 03:56:37,2023-10-10,"1 Half (Half Share - ODD week), 1 2% MILK-o, 7 Ground Chicken -o, 3 Eggs - Buttonwood (Half Share - ODD week)","Combined CSA","FSB","Glendale","MO","63122",552.92,"Automatic","Orange","Not on Hold","Fair Shares - Wednesday  - Wednesday","$600",0,0,0,2023-10-18,2025-12-10,NA,2025-12-19,1355
2024-03-03 03:39:24,2017-07-20,"1  (BYO) FSG - Orders Only","Combined CSA","Fair Shares Thursday Pickup","St. Louis","MO","63139",0,"Automatic","Orange","Not on Hold","Fair Shares - Thursday - Thursday","Debit on Delivery",0,0,0,2017-08-24,2024-02-29,NA,2025-12-19,1777
2025-05-13 14:25:07,2025-04-14,"1 Guest Access, 1 Mini (Weekly Shares)","Combined CSA","KWM","Saint Louis","MO","63122",0,"Automatic","None","Hold","Kirkwood - Thursday","Debit on Delivery",0,0,0,2025-04-17,2025-05-08,NA,2025-12-19,569
2020-04-13 14:44:41,2020-01-02,"1 BYO - No Share, Order Only (Weekly Shares)","Combined CSA","Fair Shares Thursday Pickup","Saint Louis","MO","63116",0,NA,"Orange","Hold","Fair Shares - Thursday - Thursday","$300",0,0,0,2020-01-09,2020-02-20,NA,2025-12-19,361
2025-12-18 02:26:02,2017-07-18,"1 Mini (Weekly Shares)","Combined CSA","UCM","St. Louis","MO","63130",146.8,"Automatic","None","Not on Hold","UCity - Wednesday","$300",0,0,0,2017-08-16,2025-12-17,NA,2025-12-19,1197
2025-07-29 18:06:30,2022-01-20,"1  (BYO) FSG - Orders Only","Combined CSA","Fair Shares Wednesday Pickup","St. Louis","MO","63116",0,"Automatic","Green Purple","Not on Hold","Fair Shares - Wednesday  - Wednesday","Debit on Delivery",0,0,0,2022-01-26,2025-06-18,NA,2025-12-19,1550
2021-08-13 03:57:21,2017-07-18,"1 BYO - No Share, Order Only (Weekly Shares)","Combined CSA","Fair Shares Thursday Pickup","St. Louis","MO","63104",0,"Automatic","None","Not on Hold","Fair Shares - Thursday - Thursday","Debit on Delivery",0,0,0,2017-08-16,2021-08-12,NA,2025-12-19,765
2022-12-16 03:51:25,2022-10-11,"1 (BYO) KWG - Orders Only (Weekly Shares)","Combined CSA","Kirkwood Pickup","Ballwin","MO","63011",0,"Automatic","None","Not on Hold","Kirkwood - Thursday","Debit on Delivery",0,0,0,2022-10-20,2022-12-15,NA,2025-12-19,1696
2025-12-11 02:27:19,2017-07-18,"1 Half (Half Share - ODD week), 1 No Produce - Order Only (even wk)","Combined CSA","FSB","St. Louis","MO","63122",298.98,"Automatic","Orange","Not on Hold","Fair Shares - Wednesday  - Wednesday","$300",0,0,0,2017-08-23,2025-12-10,NA,2025-12-19,1459
2023-09-05 14:07:40,2023-05-20,"1  (BYO) FSG - Orders Only","Combined CSA","Fair Shares Wednesday Pickup","Maplewood","MO","63143",213.73,"Automatic","None","Not on Hold","Fair Shares - Wednesday  - Wednesday","Debit on Delivery",0,0,0,2023-05-24,2023-08-30,NA,2025-12-19,1011
2025-12-19 03:57:43,2023-10-28,"1 Half (Half Share - EVEN week)","Combined CSA","KWB","Kirkwood","MO","63122",200.28,"Automatic","Purple","Not on Hold","Kirkwood - Thursday","$150",0,0,0,2023-11-02,2025-12-18,NA,2025-12-19,1313
2025-12-18 02:26:02,2017-07-18,"1 Half (Half Share - ODD week), 1 No Produce - Order Only (even wk)","Combined CSA","UCB","High Ridge","MO","63049",88.18,"Automatic","Orange","Not on Hold","UCity - Wednesday","$600",0,0,0,2017-08-23,2025-12-17,NA,2025-12-19,1336
2022-09-25 05:10:22,2020-04-15,"1  (BYO) FSG - Orders Only","Combined CSA","Fair Shares Wednesday Pickup","Webster Groves","MO","63119",155.43,"Automatic","None","Not on Hold","Fair Shares - Wednesday  - Wednesday","$150",0,0,0,2020-04-22,2022-09-14,NA,2025-12-19,1597
2020-10-30 04:06:26,2020-04-06,"1  (BYO) FSG - Orders Only","Combined CSA","Fair Shares Thursday Pickup","Saint Charles","MO","63303",2610.35,"Automatic","None","Not on Hold","Fair Shares - Thursday - Thursday","Debit on Delivery",0,0,0,2020-04-09,2020-10-29,NA,2025-12-19,539
2024-09-19 09:26:46,2017-07-20,"1  (BYO) FSG - Orders Only","Combined CSA","Fair Shares Thursday Pickup","Maplewood","MO","63143",0,"Automatic","Orange","Not on Hold","Fair Shares - Thursday - Thursday","Debit on Delivery",0,0,0,2017-08-17,2024-09-05,NA,2025-12-19,1493
2025-09-10 10:13:44,2025-09-09,"1  (BYO) FSG - Orders Only","Combined CSA","Fair Shares Thursday Pickup","St. Louis","MO","63116",0,NA,"None","Not on Hold","Fair Shares - Thursday - Thursday",NA,0,0,0,NA,NA,NA,2025-12-19,443
2025-12-19 03:57:42,2017-07-20,"1 UCA/KWA, 1 2% MILK","Combined CSA","KWA","St. Louis","63122","63122",329.51,"Automatic","None","Not on Hold","Kirkwood - Thursday","$300",0,0,0,2017-08-17,2025-12-18,NA,2025-12-19,807
2025-12-19 02:22:26,2017-07-18,"1 FSA/FSD","Combined CSA","FSD","St. Louis","MO","63011",568.34,"Automatic","None","Not on Hold","Fair Shares - Thursday - Thursday","$600",0,0,0,2017-08-16,2025-12-18,NA,2025-12-19,549
2025-07-21 08:45:55,2019-10-17,"1 (BYO) UCG - Orders Only","Combined CSA","UCity Pickup","Saint Louis","MO","63130",455.05,"Automatic","None","Not on Hold","UCity - Wednesday","$600",0,0,0,2019-10-23,2025-07-16,NA,2025-12-19,698
2024-10-25 09:19:48,2024-04-15,"1  (BYO) FSG - Orders Only","Combined CSA","Fair Shares Wednesday Pickup","St. Louis","MO","63109",0,"Automatic","Orange","Not on Hold","Fair Shares - Wednesday  - Wednesday","Debit on Delivery",0,0,0,2024-04-17,2024-10-16,NA,2025-12-19,1650
2020-02-17 09:12:42,2020-01-15,"1 BYO - No Share, Order Only (Weekly Shares)","Combined CSA","Fair Shares Thursday Pickup","Saint Louis","MO","63108",22.34,NA,"None","Not on Hold","Fair Shares - Thursday - Thursday","$300",0,0,0,2020-01-16,2020-02-13,NA,2025-12-19,1781
2025-03-20 13:45:18,2022-06-02,"1  (BYO) FSG - Orders Only","Combined CSA","Fair Shares Wednesday Pickup","St. Louis","MO","63110",0,"Automatic","Green","Not on Hold","Fair Shares - Wednesday  - Wednesday","Debit on Delivery",0,0,0,2022-06-08,2022-12-14,NA,2025-12-19,352
2022-03-12 11:44:43,2017-07-20,"1 (BYO) KWG - Orders Only (Weekly Shares)","Combined CSA","Kirkwood Pickup","Manchester","MO","63021",0,"Automatic","None","Not on Hold","Kirkwood - Thursday","Debit on Delivery",0,0,0,2017-08-17,2022-02-24,NA,2025-12-19,1278
2020-10-15 03:00:07,2020-07-11,"1 (BYO) UCG - Orders Only","Combined CSA","UCity Pickup","St. Louis","MO","63110",6.75,"Automatic","None","Not on Hold","UCity - Wednesday","Debit on Delivery",0,0,0,2020-07-15,2020-10-14,NA,2025-12-19,1318
2021-09-30 17:47:55,2021-04-08,"1  (BYO) FSG - Orders Only","Combined CSA","Fair Shares Thursday Pickup","St. Louis","MO","63118",0,NA,"None","Not on Hold","Fair Shares - Thursday - Thursday",NA,0,0,0,2021-04-08,2021-09-30,NA,2025-12-19,1655
2025-12-19 02:22:26,2025-03-20,"1 FSA/FSD","Combined CSA","FSD","St. Louis","MO","63110",147.52,"Automatic","None","Not on Hold","Fair Shares - Thursday - Thursday","$300",0,0,0,2025-04-03,2025-12-18,NA,2025-12-19,182
2020-12-25 02:15:48,2020-04-20,"1  (BYO) FSG - Orders Only","Combined CSA","Fair Shares Thursday Pickup","Clayton","MO","63105",-1.51,NA,"Green","Not on Hold","Fair Shares - Thursday - Thursday","$150",0,0,0,2020-04-23,2020-12-24,NA,2025-12-19,1754
2022-06-08 19:10:58,2020-07-15,"1 BYO - No Share, Order Only (Weekly Shares)","Combined CSA","Fair Shares Thursday Pickup","St. Louis","MO","63118",0,"Automatic","None","Not on Hold","Fair Shares - Thursday - Thursday","Debit on Delivery",0,0,0,2020-07-22,2022-06-09,NA,2025-12-19,1332
2023-03-26 18:55:08,2022-07-17,"1  (BYO) FSG - Orders Only","Combined CSA","Fair Shares Wednesday Pickup","St louis","MO","63116",221.04,"Automatic","Green","Not on Hold","Fair Shares - Wednesday  - Wednesday","Debit on Delivery",0,0,0,2022-07-20,2023-03-01,NA,2025-12-19,26
2025-12-19 02:22:26,2020-10-16,"1 Half (Half Share - EVEN week), 1 No Produce - Order Only (odd wk)","Combined CSA","KWB","Ballwin","MO","63021",85.85,"Automatic","Purple","Not on Hold","Kirkwood - Thursday","$300",0,0,0,2020-10-29,2025-12-18,NA,2025-12-19,929
2023-05-18 02:28:39,2017-07-20,"1  (BYO) FSG - Orders Only","Combined CSA","Fair Shares Wednesday Pickup","Montgomery City","MO","63361",2.29,"Automatic","None","Not on Hold","Fair Shares - Wednesday  - Wednesday","Debit on Delivery",0,0,0,2017-08-17,2023-05-17,NA,2025-12-19,359
2019-05-22 11:23:35,2017-07-20,"1 BYO - No Share, Order Only (Weekly Shares)","Combined CSA","Fair Shares Thursday Pickup","St. Louis","MO","63139",-58.08,NA,"Purple","Hold","Fair Shares - Thursday - Thursday",NA,0,0,0,2017-08-17,2018-03-01,NA,2025-12-19,1825
2020-01-09 02:21:22,2018-08-25,"1 BYO - No Share, Order Only (Weekly Shares)","Combined CSA","Fair Shares Wednesday Pickup","St. Louis","MO","63123",178.39,"Automatic","None","Not on Hold","Fair Shares - Wednesday  - Wednesday","Debit on Delivery",0,0,0,2018-08-30,2020-01-08,NA,2025-12-19,1316
2021-02-22 08:28:57,2020-04-17,"1 (BYO) UCG - Orders Only","Combined CSA","UCity Pickup","St louis","MO","63130",40.63,"Automatic","Green","Not on Hold","UCity - Wednesday","Debit on Delivery",0,0,0,2020-04-22,2021-02-10,NA,2025-12-19,257
2025-09-12 03:56:48,2021-05-15,"1  (BYO) FSG - Orders Only","Combined CSA","Fair Shares Thursday Pickup","St. Louis","MO","63109",0,"Automatic","Purple","Not on Hold","Fair Shares - Thursday - Thursday","Debit on Delivery",0,0,0,2021-05-20,2025-09-11,NA,2025-12-19,1860
2018-03-27 22:44:10,2017-07-20,"1 BYO - No Share, Order Only (Weekly Shares)","Combined CSA","Fair Shares Thursday Pickup","St. Louis","MO","63139",92.44,NA,"None","Hold","Fair Shares - Thursday - Thursday","$150",0,0,0,2017-08-17,2018-03-01,NA,2025-12-19,1820
2025-12-08 16:40:50,2020-04-17,"1 Half (Half Share - ODD week)","Combined CSA","FSE","St. Louis","MO","63109",139.89,"Automatic","Orange","Temp Hold","Fair Shares - Thursday - Thursday","$300",0,0,0,2020-04-22,2025-11-27,NA,2025-12-19,1989
2022-07-07 17:14:02,2017-07-18,"1 Mini (Weekly Shares)","Combined CSA","FSMini-t","St. Louis","MO","63146",1134.23,"Automatic","None","Hold","Fair Shares - Thursday - Thursday","Debit on Delivery",0,0,0,2017-08-16,2022-03-31,NA,2025-12-19,413
2025-12-11 03:56:41,2017-07-18,"1 Half (Half Share - ODD week), 1 No Produce - Order Only (even wk)","Combined CSA","FSB","St. Louis","MO","63117",312.36,"Automatic","Blue Orange","Not on Hold","Fair Shares - Wednesday  - Wednesday","$300",0,0,0,2017-08-23,2025-12-10,NA,2025-12-19,919
2023-12-29 03:51:24,2020-07-14,"1 (BYO) UCG - Orders Only","Combined CSA","UCity Pickup","University City","MO","63130",0,"Automatic","Green","Not on Hold","UCity - Wednesday","Debit on Delivery",0,0,0,2020-07-15,2023-11-01,NA,2025-12-19,1130
2025-12-18 03:57:34,2017-07-18,"1 UCA/KWA","Combined CSA","UCA","St. Louis","MO","63130",326.43,"Automatic","None","Not on Hold","UCity - Wednesday","$300",0,0,0,2017-08-16,2025-12-17,NA,2025-12-19,1923
2025-12-18 02:26:02,2017-07-18,"1 Eggs - Buttonwood (Weekly Shares), 1 Mini (Weekly Shares)","Combined CSA","UCM","St. Louis","MO","63124",725.96,"Automatic","None","Not on Hold","UCity - Wednesday","$600",0,0,0,2017-08-16,2025-12-17,NA,2025-12-19,1014
2025-12-19 03:57:35,2021-07-10,"1 FSC, 3 Skim MILK, 1 Half & Half (Weekly Shares)","Combined CSA","FSC-T","St. Louis","MO","63104",570.57,"Automatic","Green","Not on Hold","Fair Shares - Thursday - Thursday","$600",0,0,0,2021-07-15,2025-12-18,NA,2025-12-19,310
2025-12-18 02:26:02,2017-07-18,"1 UCA/KWA","Combined CSA","UCA","St. Louis","63130","63103",194.51,"Automatic","None","Not on Hold","UCity - Wednesday","$600",0,0,0,2017-08-16,2025-12-17,NA,2025-12-19,1000
2021-07-02 03:57:47,2020-04-26,"1 (BYO) KWG - Orders Only (Weekly Shares)","Combined CSA","Kirkwood Pickup","Des Peres","MO","63131",0,"Automatic","Green","Not on Hold","Kirkwood - Thursday","Debit on Delivery",0,0,0,2020-04-30,2021-07-01,NA,2025-12-19,864
2025-03-26 17:50:51,2019-09-10,"1 Half (Half Share - EVEN week)","Combined CSA","FSE","St Louis","MO","63110",300.47,"Automatic","Purple","Hold","Fair Shares - Thursday - Thursday","$300",0,0,0,2019-09-11,2024-07-18,NA,2025-12-19,1312
2021-11-16 15:48:29,2020-04-27,"1 (BYO) KWG - Orders Only (Weekly Shares)","Combined CSA","Kirkwood Pickup","Fenton","MO","63026",36.18,"Automatic","Purple","Not on Hold","Kirkwood - Thursday","Debit on Delivery",0,0,0,2020-04-30,2021-11-11,NA,2025-12-19,302
2025-12-11 02:27:19,2018-05-18,"1 BYO - No Share, Order Only (Weekly Shares)","Combined CSA","Fair Shares Wednesday Pickup","St Louis","MO","63110",152.62,"Automatic","None","Not on Hold","Fair Shares - Wednesday  - Wednesday","$150",0,0,0,2018-05-24,2025-12-10,NA,2025-12-19,1210
2025-12-19 02:22:26,2021-01-03,"1 UCA/KWA","Combined CSA","KWA","Kirkwood","MO","63122",235.29,"Automatic","None","Not on Hold","Kirkwood - Thursday","$300",0,0,0,2021-01-07,2025-12-18,NA,2025-12-19,128
2025-12-11 02:27:19,2020-11-07,"1 UCA/KWA","Combined CSA","UCA","St Louis","MO","63112",148.07,"Automatic","None","Not on Hold","UCity - Wednesday","$300",0,0,0,2020-11-11,2025-12-10,NA,2025-12-19,373
2021-10-15 10:02:18,2020-06-05,"1  (BYO) FSG - Orders Only","Combined CSA","Fair Shares Thursday Pickup","Wildwood","MO","63069",0,"Automatic","Purple","Not on Hold","Fair Shares - Thursday - Thursday","Debit on Delivery",0,0,0,2020-06-11,2021-10-14,NA,2025-12-19,567
2024-12-31 11:08:34,2021-10-09,"1  (BYO) FSG - Orders Only","Combined CSA","Fair Shares Thursday Pickup","St. Charles","MO","63303",113.7,"Automatic","Purple","Not on Hold","Fair Shares - Thursday - Thursday","Debit on Delivery",0,0,0,2021-10-14,2024-12-19,NA,2025-12-19,996
2025-12-17 13:15:24,2020-03-08,"1 FSA/FSD","Combined CSA","FSA","St. Louis","MO","63139",462.08,"Automatic","None","Not on Hold","Fair Shares - Wednesday  - Wednesday","Debit on Delivery",0,0,0,2020-03-25,2025-12-17,NA,2025-12-19,99
2025-12-18 02:26:02,2022-05-17,"1 FSA/FSD","Combined CSA","FSA","St. Louis","MO","63143",587.68,"Automatic","Green","Not on Hold","Fair Shares - Wednesday  - Wednesday","$600",0,0,0,2022-05-26,2025-12-17,NA,2025-12-19,962
2025-12-19 03:57:37,2020-12-25,"1 Half (Half Share - EVEN week)","Combined CSA","FSE","St Louis","MO","63116",126.77,"Automatic","Green Purple","Not on Hold","Fair Shares - Thursday - Thursday","$150",0,0,0,2021-01-07,2025-12-18,NA,2025-12-19,700
2024-12-05 17:39:18,2020-03-31,"1  (BYO) FSG - Orders Only","Combined CSA","Fair Shares Wednesday Pickup","Saint Louis","MO","63139",0,"Automatic","Green","Not on Hold","Fair Shares - Wednesday  - Wednesday","Debit on Delivery",0,0,0,2020-04-08,2020-12-09,NA,2025-12-19,920
2019-08-23 10:26:59,2017-07-18,"1 (BYO) UCG - Orders Only","Combined CSA","UCity Pickup","St. Louis","63105","63105",91.05,NA,"Purple","Hold","UCity - Wednesday",NA,0,0,0,2017-08-16,2019-05-08,NA,2025-12-19,411
2023-07-21 02:42:18,2021-04-23,"1 (BYO) KWG - Orders Only (Weekly Shares)","Combined CSA","Kirkwood Pickup","Kirkwood","MO","63122",0.31,"Automatic","Green","Not on Hold","Kirkwood - Thursday","Debit on Delivery",0,0,0,2021-04-28,2023-07-20,NA,2025-12-19,1082
2020-10-19 10:40:31,2020-05-27,"1  (BYO) FSG - Orders Only","Combined CSA","Fair Shares Wednesday Pickup","St louis","MO","63110",0,"Automatic","Green Purple","Not on Hold","Fair Shares - Wednesday  - Wednesday","Debit on Delivery",0,0,0,2020-06-03,2020-10-14,NA,2025-12-19,1852
2022-06-23 11:06:36,2022-04-27,"1  (BYO) FSG - Orders Only","Combined CSA","Fair Shares Thursday Pickup","St Louis","MO","63128",0,"Automatic","None","Not on Hold","Fair Shares - Thursday - Thursday","Debit on Delivery",0,0,0,2022-05-13,2022-06-03,NA,2025-12-19,1562
2025-12-19 02:22:26,2020-04-11,"1 Half (Half Share - EVEN week)","Combined CSA","KWB","Kirkwood","MO","63122",109.06,"Automatic","Purple","Not on Hold","Kirkwood - Thursday","$150",0,0,0,2020-04-16,2025-12-18,NA,2025-12-19,1329
2025-12-19 02:22:26,2017-07-18,"1 Half (Half Share - EVEN week), 1 Creamline MILK-e","Combined CSA","FSE","St. Louis","MO","63122",443.12,"Automatic","Purple","Not on Hold","Fair Shares - Thursday - Thursday","$600",0,0,0,2017-08-17,2025-12-18,NA,2025-12-19,22
2022-09-15 02:51:04,2017-07-18,"1 (BYO) UCG - Orders Only","Combined CSA","UCity Pickup","St. Louis","MO","63105",207.29,"Automatic","Purple","Not on Hold","UCity - Wednesday","$300",0,0,0,2017-08-16,2022-09-14,NA,2025-12-19,1700
2025-12-18 02:26:02,2021-07-21,"1 UCA/KWA","Combined CSA","UCA","Saint Louis","MO","63118",217.19,"Automatic","Green","Not on Hold","UCity - Wednesday","$300",0,0,0,2021-07-28,2025-12-17,NA,2025-12-19,1572
2025-12-19 02:22:26,2017-08-11,"1 BYO - No Share, Order Only (Weekly Shares)","Combined CSA","Fair Shares Thursday Pickup","St. Louis","MO","63110",188.01,"Automatic","None","Not on Hold","Fair Shares - Thursday - Thursday","$150",0,0,0,2017-09-13,2025-12-18,NA,2025-12-19,1522
2025-12-11 16:04:49,2017-07-18,"1 Whole MILK-o, 1 Half (Half Share - ODD week)","Combined CSA","FSB","St. Louis","MO","63119",271.62,"Automatic","Orange","Not on Hold","Fair Shares - Wednesday  - Wednesday","$600",0,0,0,2017-08-16,2025-12-10,NA,2025-12-19,671
2020-12-10 02:43:09,2018-08-22,"1 BYO - No Share, Order Only (Weekly Shares)","Combined CSA","Fair Shares Wednesday Pickup","Saint Louis","MO","63109",153.37,"Automatic","None","Not on Hold","Fair Shares - Wednesday  - Wednesday","Debit on Delivery",0,0,0,2018-08-22,2020-12-09,NA,2025-12-19,709
2025-12-19 02:22:26,2020-05-05,"1 Mini (Weekly Shares)","Combined CSA","FSMini-t","St. Louis","MO","63104",171.22,"Automatic","Green","Not on Hold","Fair Shares - Thursday - Thursday","$300",0,0,0,2020-05-07,2025-12-18,NA,2025-12-19,1131
2021-05-14 08:59:36,2020-04-09,"1 (BYO) KWG - Orders Only (Weekly Shares)","Combined CSA","Kirkwood Pickup","St. Charles","MO","63302",69.2,"Automatic","Purple","Not on Hold","Kirkwood - Thursday","Debit on Delivery",0,0,0,2020-04-16,2021-05-13,NA,2025-12-19,1320
2022-05-13 03:51:46,2020-03-22,"1  (BYO) FSG - Orders Only","Combined CSA","Fair Shares Thursday Pickup","St. Louis","MO","63139",0,"Automatic","Green","Not on Hold","Fair Shares - Thursday - Thursday","Debit on Delivery",0,0,0,2020-03-26,2022-05-12,NA,2025-12-19,537
2022-11-24 02:30:27,2017-07-18,"1 BYO - No Share, Order Only (Weekly Shares)","Combined CSA","Fair Shares Wednesday Pickup","St. Louis","MO","63139",256.73,"Automatic","None","Not on Hold","Fair Shares - Wednesday  - Wednesday","Debit on Delivery",0,0,0,2017-08-16,2022-11-23,NA,2025-12-19,980
2025-12-12 02:21:44,2022-09-14,"1 FSC","Combined CSA","FSC-T","St. Louis","MO","63118",172.86,"Automatic","Green","Not on Hold","Fair Shares - Thursday - Thursday","$600",0,0,0,2022-09-29,2025-12-11,NA,2025-12-19,744
2024-06-06 03:48:26,2019-05-17,"1  (BYO) FSG - Orders Only","Combined CSA","Fair Shares Wednesday Pickup","St. Louis","MO","63110",0,"Automatic","None","Not on Hold","Fair Shares - Wednesday  - Wednesday","Debit on Delivery",0,0,0,2019-05-29,2024-06-05,NA,2025-12-19,1911
2025-11-18 15:47:21,2017-07-18,"1 BYO - No Share, Order Only (Weekly Shares)","Combined CSA","Fair Shares Wednesday Pickup","St. Louis","MO","63110",185.09,"Automatic","None","Not on Hold","Fair Shares - Wednesday  - Wednesday","$150",0,0,0,2017-08-16,2025-11-12,NA,2025-12-19,37
2020-08-21 11:37:47,2020-04-21,"1  (BYO) FSG - Orders Only","Combined CSA","Fair Shares Wednesday Pickup","St. Louis","MO","63118",2.64,NA,"Orange","Not on Hold","Fair Shares - Wednesday  - Wednesday","$300",0,0,0,2020-04-22,2020-07-15,NA,2025-12-19,787
2023-04-25 16:38:23,2017-07-18,"1  (BYO) FSG - Orders Only","Combined CSA","Fair Shares Thursday Pickup","Webster Groves","MO","63119",219.54,"Automatic","Blue Orange","Not on Hold","Fair Shares - Thursday - Thursday","Debit on Delivery",0,0,0,2017-08-24,2023-04-27,NA,2025-12-19,1764
2024-08-23 03:57:17,2023-09-22,"1  (BYO) FSG - Orders Only","Combined CSA","Fair Shares Thursday Pickup","Ballwin","MO","63011",0,"Automatic","Orange","Not on Hold","Fair Shares - Thursday - Thursday","Debit on Delivery",0,0,0,2023-09-28,2024-08-22,NA,2025-12-19,917
2025-03-12 11:05:24,2020-05-18,"1  (BYO) FSG - Orders Only","Combined CSA","Fair Shares Wednesday Pickup","St. Louis","MO","63110",0,"Automatic","Green Purple","Not on Hold","Fair Shares - Wednesday  - Wednesday","Debit on Delivery",0,0,0,2020-05-21,2025-02-26,NA,2025-12-19,596
2023-02-24 03:52:15,2022-02-27,"1 BYO - No Share, Order Only (Weekly Shares)","Combined CSA","Fair Shares Thursday Pickup","St louis","MO","63118",0,"Automatic","Green","Not on Hold","Fair Shares - Thursday - Thursday","Debit on Delivery",0,0,0,2022-03-24,2023-02-23,NA,2025-12-19,188
2018-08-20 18:49:42,2017-07-18,"1 BYO - No Share, Order Only (Weekly Shares)","Combined CSA","Fair Shares Thursday Pickup","St. Louis","MO","63119",-8.95,NA,"Purple","Hold","Fair Shares - Thursday - Thursday","$150",0,0,0,2017-08-17,2018-04-12,NA,2025-12-19,942
2025-12-19 02:22:26,2022-03-22,"1 Half (Half Share - EVEN week)","Combined CSA","FSE","St. Louis","MO","63118",205.07,"Automatic","Purple","Not on Hold","Fair Shares - Thursday - Thursday","$300",0,0,0,2022-03-31,2025-12-18,NA,2025-12-19,27
2024-09-19 02:41:24,2019-06-25,"1  (BYO) FSG - Orders Only","Combined CSA","Fair Shares Wednesday Pickup","St. Louis","MO","63119",3.08,"Automatic","None","Not on Hold","Fair Shares - Wednesday  - Wednesday","Debit on Delivery",0,0,0,2019-07-10,2024-09-18,NA,2025-12-19,206
2025-11-17 08:35:20,2025-01-27,"1  (BYO) FSG - Orders Only","Combined CSA","Fair Shares Wednesday Pickup","St. Louis","MO","63123",0,"Automatic","None","Not on Hold","Fair Shares - Wednesday  - Wednesday","Debit on Delivery",0,0,0,2025-01-29,2025-11-12,NA,2025-12-19,588
2025-12-18 02:26:02,2017-07-18,"1 UCA/KWA","Combined CSA","UCA","St. Louis","63130","MO",188.86,"Automatic","None","Not on Hold","UCity - Wednesday","$600",0,0,0,2017-08-16,2025-12-17,NA,2025-12-19,541
2023-10-16 09:40:15,2019-09-26,"1  (BYO) FSG - Orders Only","Combined CSA","Fair Shares Wednesday Pickup","Saint louis","MO","63110",0,"Automatic","None","Not on Hold","Fair Shares - Wednesday  - Wednesday","Debit on Delivery",0,0,0,2019-10-02,2023-08-23,NA,2025-12-19,1165
2025-10-16 02:39:56,2019-06-09,"1 Mini (Weekly Shares)","Combined CSA","UCM","St Louis","MO","63130",132.75,"Automatic","None","Temp Hold","UCity - Wednesday","$300",0,0,0,2019-06-12,2025-10-15,NA,2025-12-19,1889
2023-11-02 02:37:55,2023-08-20,"1 (BYO) UCG - Orders Only","Combined CSA","UCity Pickup","University City","MO","63130",175.56,"Automatic","Purple","Not on Hold","UCity - Wednesday","Debit on Delivery",0,0,0,2023-08-23,2023-11-01,NA,2025-12-19,1029
2022-03-12 10:51:07,2020-03-23,"1 (BYO) UCG - Orders Only","Combined CSA","UCity Pickup","St.Louis","MO","63121",87.15,"Automatic","Green","Not on Hold","UCity - Wednesday","Debit on Delivery",0,0,0,2020-03-25,2022-02-16,NA,2025-12-19,1859
2025-12-11 02:27:19,2023-02-11,"1 Half (Half Share - ODD week)","Combined CSA","UCB","University City","MO","63130",143.64,"Automatic","Orange","Not on Hold","UCity - Wednesday","$600",0,0,0,2023-02-15,2025-12-10,NA,2025-12-19,1997
2025-12-19 03:57:39,2021-10-22,"1 Mini (Weekly Shares)","Combined CSA","FSMini-t","Saint Louis","MO","63139",207.36,"Automatic","None","Not on Hold","Fair Shares - Thursday - Thursday","$150",0,0,0,2021-10-28,2025-12-18,NA,2025-12-19,1227
2021-10-25 10:51:49,2020-05-28,"1  (BYO) FSG - Orders Only","Combined CSA","Fair Shares Wednesday Pickup","St. Louis","MO","63139",11.38,"Automatic","Green","Not on Hold","Fair Shares - Wednesday  - Wednesday","Debit on Delivery",0,0,0,2020-06-10,2021-10-20,NA,2025-12-19,1183
2025-03-26 17:50:06,2020-04-09,"1 Half (Half Share - EVEN week)","Combined CSA","FSE","St Louis","MO","63110",105.46,"Automatic","Purple","Hold","Fair Shares - Thursday - Thursday","$150",0,0,0,2020-04-15,2021-09-16,NA,2025-12-19,1430
2021-11-25 03:53:56,2020-04-07,"1  (BYO) FSG - Orders Only","Combined CSA","Fair Shares Wednesday Pickup","St. Louis","MO","63116",0,"Automatic","Green","Not on Hold","Fair Shares - Wednesday  - Wednesday","Debit on Delivery",0,0,0,2020-04-15,2021-11-24,NA,2025-12-19,1480
2024-06-14 03:52:46,2017-07-18,"1  (BYO) FSG - Orders Only","Combined CSA","Fair Shares Thursday Pickup","St. Louis","MO","63104",0,"Automatic","None","Not on Hold","Fair Shares - Thursday - Thursday","Debit on Delivery",0,0,0,2017-08-16,2024-06-13,NA,2025-12-19,1890
2025-12-18 02:26:02,2022-03-29,"1 Mini (Weekly Shares)","Combined CSA","UCM","St. Louis","MO","63130",390.45,"Automatic","Green","Not on Hold","UCity - Wednesday","$600",0,0,0,2022-04-06,2025-12-17,NA,2025-12-19,180
2021-09-18 10:42:46,2020-07-26,"1  (BYO) FSG - Orders Only","Combined CSA","Fair Shares Wednesday Pickup","St. Louis","MO","63108",0,"Automatic","Green","Not on Hold","Fair Shares - Wednesday  - Wednesday","Debit on Delivery",0,0,0,2020-07-29,2021-09-15,NA,2025-12-19,677
2025-12-11 02:27:19,2022-01-24,"1 FSA/FSD, 1 Whole MILK","Combined CSA","FSA","St. Louis","MO","63109",221.2,"Automatic","Green","Not on Hold","Fair Shares - Wednesday  - Wednesday","$300",0,0,0,2022-01-27,2025-12-10,NA,2025-12-19,1339
2024-03-15 12:44:15,2022-03-14,"1 (BYO) KWG - Orders Only (Weekly Shares)","Combined CSA","Kirkwood Pickup","High Ridge","MO","63049",98,"Automatic","Purple","Not on Hold","Kirkwood - Thursday","Debit on Delivery",0,0,0,2022-03-24,2024-03-07,NA,2025-12-19,1945
2025-12-11 18:56:43,2021-04-08,"1  (BYO) FSG - Orders Only","Combined CSA","Fair Shares Thursday Pickup","St Louis","MO","63119",0,NA,"None","Not on Hold","Fair Shares - Thursday - Thursday",NA,0,0,0,2021-04-15,2025-10-16,NA,2025-12-19,978
2025-03-03 14:09:01,2020-04-04,"1  (BYO) FSG - Orders Only","Combined CSA","Fair Shares Thursday Pickup","St. Louis","MO","63139",81.94,"Automatic","Orange","Not on Hold","Fair Shares - Thursday - Thursday","Debit on Delivery",0,0,0,2020-04-09,2024-12-12,NA,2025-12-19,599
2021-05-12 19:15:48,2020-05-05,"1 (BYO) UCG - Orders Only","Combined CSA","UCity Pickup","University City","MO","63130",60.33,"Automatic","Green","Not on Hold","UCity - Wednesday","Debit on Delivery",0,0,0,2020-05-14,2021-05-05,NA,2025-12-19,1181
2021-10-29 02:43:53,2020-05-01,"1 (BYO) KWG - Orders Only (Weekly Shares)","Combined CSA","Kirkwood Pickup","Pacific","MO","63069",8,"Automatic","None","Not on Hold","Kirkwood - Thursday","Debit on Delivery",0,0,0,2020-05-07,2021-10-28,NA,2025-12-19,1619
2025-10-16 03:59:18,2023-02-09,"1 (BYO) UCG - Orders Only","Combined CSA","UCity Pickup","Saint Louis","MO","63112",0,"Automatic","None","Not on Hold","UCity - Wednesday","Debit on Delivery",0,0,0,2023-02-15,2025-10-15,NA,2025-12-19,1185
2025-12-19 02:22:26,2024-03-25,"1 UCA/KWA","Combined CSA","KWA","Chesterfield","MO","63017",257.64,"Automatic","None","Not on Hold","Kirkwood - Thursday","$600",0,0,0,2024-04-04,2025-12-18,NA,2025-12-19,366
2019-08-29 12:03:17,2019-03-14,"1 BYO - No Share, Order Only (Weekly Shares)","Combined CSA","Fair Shares Thursday Pickup","Kirkwood","MO","63122",92.13,NA,"None","Not on Hold","Fair Shares - Thursday - Thursday","$300",0,0,0,2019-04-04,2019-08-22,NA,2025-12-19,922
2025-12-12 03:53:41,2017-07-20,"1 Half (Half Share - ODD week)","Combined CSA","KWB","St. Louis","MO","63122",198.97,"Automatic","Orange","Not on Hold","Kirkwood - Thursday","$150",0,0,0,2017-08-24,2025-12-11,NA,2025-12-19,1626
2023-06-23 08:43:50,2019-05-29,"1  (BYO) FSG - Orders Only","Combined CSA","Fair Shares Wednesday Pickup","St Louis","MO","63108",30.02,"Automatic","None","Not on Hold","Fair Shares - Wednesday  - Wednesday","Debit on Delivery",0,0,0,2019-06-05,2023-06-21,NA,2025-12-19,1715
2025-03-26 17:58:53,2021-06-15,"1 Half (Half Share - ODD week)","Combined CSA","KWB","Chesterfield","MO","63017",115.87,"Automatic","Orange","Hold","Kirkwood - Thursday","$150",0,0,0,2021-06-24,2023-10-12,NA,2025-12-19,1678
2025-10-22 18:52:58,2024-01-06,"1 Mini (Weekly Shares)","Combined CSA","FSMini-w","Saint Louis","MO","63123",139.55,"Automatic","None","Hold","Fair Shares - Wednesday  - Wednesday","$150",0,0,0,2024-01-10,2025-10-15,NA,2025-12-19,332
2022-05-26 09:29:37,2017-11-13,"1 BYO - No Share, Order Only (Weekly Shares)","Combined CSA","Fair Shares Thursday Pickup","Maryland Heights","MO","63043",0,"Automatic","None","Not on Hold","Fair Shares - Thursday - Thursday","Debit on Delivery",0,0,0,2017-11-15,2022-05-25,NA,2025-12-19,1610
2021-06-08 11:50:29,2020-04-03,"1  (BYO) FSG - Orders Only","Combined CSA","Fair Shares Thursday Pickup","St. Louis","MO","63108",274.24,"Automatic","Green","Not on Hold","Fair Shares - Thursday - Thursday","$300",0,0,0,2020-04-09,2021-03-25,NA,2025-12-19,1263
2019-08-23 10:24:58,2017-07-18,"1 BYO - No Share, Order Only (Weekly Shares)","Combined CSA","Fair Shares Thursday Pickup","St. Louis","MO","63104",9.24,NA,"None","Hold","Fair Shares - Thursday - Thursday","$150",0,0,0,2017-08-16,2018-07-19,NA,2025-12-19,575
2021-07-15 03:57:21,2020-03-26,"1  (BYO) FSG - Orders Only","Combined CSA","Fair Shares Wednesday Pickup","St. Louis","MO","63130",0,"Automatic","Orange","Not on Hold","Fair Shares - Wednesday  - Wednesday","Debit on Delivery",0,0,0,2020-04-08,2021-07-14,NA,2025-12-19,226
2025-11-14 03:56:46,2020-03-15,"1  (BYO) FSG - Orders Only","Combined CSA","Fair Shares Thursday Pickup","St. Louis","MO","63110",0,"Automatic","Orange","Not on Hold","Fair Shares - Thursday - Thursday","Debit on Delivery",0,0,0,2020-03-26,2025-11-13,NA,2025-12-19,1308
2022-09-13 20:16:01,2020-10-11,"1  (BYO) FSG - Orders Only","Combined CSA","Fair Shares Wednesday Pickup","St Louis","MO","63110",212.36,"Automatic","Green Orange","Not on Hold","Fair Shares - Wednesday  - Wednesday","Debit on Delivery",0,0,0,2020-10-14,2022-07-27,NA,2025-12-19,1812
2021-12-19 20:28:45,2020-08-04,"1  (BYO) FSG - Orders Only","Combined CSA","Fair Shares Thursday Pickup","St. Louis","MO","63118",0,"Automatic","Green","Not on Hold","Fair Shares - Thursday - Thursday","Debit on Delivery",0,0,0,2020-08-13,2021-12-16,NA,2025-12-19,495
2023-05-04 02:30:23,2021-11-30,"1  (BYO) FSG - Orders Only","Combined CSA","Fair Shares Wednesday Pickup","ST LOUIS","MO","63125",7.12,"Automatic","None","Not on Hold","Fair Shares - Wednesday  - Wednesday","Debit on Delivery",0,0,0,2021-12-08,2023-05-03,NA,2025-12-19,910
2025-12-18 02:26:02,2024-08-10,"1 Mini (Weekly Shares)","Combined CSA","FSMini-w","Saint Louis","MO","63109",152.06,"Automatic","None","Not on Hold","Fair Shares - Wednesday  - Wednesday","$150",0,0,0,2024-08-15,2025-12-17,NA,2025-12-19,605
2020-09-17 03:00:48,2020-05-25,"1 BYO - No Share, Order Only (Weekly Shares)","Combined CSA","UCity Pickup","st. Louis","MO","63105",38.51,NA,"Green","Not on Hold","UCity - Wednesday","Debit on Delivery",0,0,0,2020-05-27,2020-09-16,NA,2025-12-19,683
2019-08-23 10:26:04,2017-07-18,"1 (BYO) UCG - Orders Only","Combined CSA","UCity Pickup","University City","MO","63130",4.19,NA,"Orange","Hold","UCity - Wednesday","$150",0,0,0,2017-08-16,2019-01-16,NA,2025-12-19,60
2022-08-11 02:48:21,2019-07-23,"1 (BYO) UCG - Orders Only","Combined CSA","UCity Pickup","Clayton","MO","63105",0,NA,"None","Not on Hold","UCity - Wednesday","Debit on Delivery",0,0,0,2019-08-14,2022-08-10,NA,2025-12-19,376
2023-05-01 08:53:20,2022-07-24,"1 (BYO) UCG - Orders Only","Combined CSA","UCity Pickup","St Louios","MO","63108",45.21,"Automatic","Green","Not on Hold","UCity - Wednesday","Debit on Delivery",0,0,0,2022-07-27,2023-04-26,NA,2025-12-19,768
2025-12-12 03:53:39,2020-05-15,"1 Half (Half Share - ODD week)","Combined CSA","KWB","Chesterfield","MO","63017",211.47,"Automatic","Green Orange","Not on Hold","Kirkwood - Thursday","$150",0,0,0,2020-05-21,2025-12-11,NA,2025-12-19,1347
2025-12-19 03:57:41,2023-04-24,"1 UCA/KWA","Combined CSA","KWA","Fenton","MO","63026",302.04,"Automatic","Green","Not on Hold","Kirkwood - Thursday","$300",0,0,0,2023-04-27,2025-12-18,NA,2025-12-19,1683
2025-06-17 15:46:12,2018-11-14,"1  (BYO) FSG - Orders Only","Combined CSA","Fair Shares Wednesday Pickup","Saint Louis","MO","63104",0.07,"Automatic","Orange","Not on Hold","Fair Shares - Wednesday  - Wednesday","Debit on Delivery",0,0,0,2018-11-21,2024-02-28,NA,2025-12-19,177
2025-12-18 02:26:02,2022-07-20,"1 FSA/FSD","Combined CSA","FSA","St. Louis","MO","63110",90.16,"Automatic","None","Not on Hold","Fair Shares - Wednesday  - Wednesday","$600",0,0,0,2022-07-20,2025-12-17,NA,2025-12-19,1203
2025-12-18 02:26:02,2017-07-18,"1 Half (Half Share - EVEN week)","Combined CSA","UCB","St. Louis","MO","63119",102.38,"Automatic","Purple","Not on Hold","UCity - Wednesday","$300",0,0,0,2017-08-16,2025-12-17,NA,2025-12-19,814
2021-07-22 16:06:33,2017-09-13,"1 BYO - No Share, Order Only (Weekly Shares)","Combined CSA","Fair Shares Wednesday Pickup","Saint Louis","MO","63105",0,"Automatic","Purple","Not on Hold","Fair Shares - Wednesday  - Wednesday","Debit on Delivery",0,0,0,2017-09-13,2020-12-02,NA,2025-12-19,1076
2025-04-06 20:32:54,2022-11-06,"1 (BYO) KWG - Orders Only (Weekly Shares)","Combined CSA","Kirkwood Pickup","Kirkwood","MO","63122",43.15,"Automatic","None","Hold","Kirkwood - Thursday","Debit on Delivery",0,0,0,2022-11-10,2023-09-14,NA,2025-12-19,1785
2021-07-22 16:13:49,2021-02-03,"1  (BYO) FSG - Orders Only","Combined CSA","Fair Shares Thursday Pickup","Saint Louis","MO","63109",0,"Automatic","Green Orange","Not on Hold","Fair Shares - Thursday - Thursday","Debit on Delivery",0,0,0,2021-02-04,2021-07-15,NA,2025-12-19,363
2025-12-02 13:43:43,2017-08-20,"1  (BYO) FSG - Orders Only","Combined CSA","Fair Shares Thursday Pickup","shrewsbury","MO","63119",0,NA,"None","Not on Hold","Fair Shares - Thursday - Thursday","Debit on Delivery",0,0,0,2017-08-30,2024-11-14,NA,2025-12-19,619
2020-02-19 13:01:43,2018-05-01,"1 BYO - No Share, Order Only (Weekly Shares)","Combined CSA","Fair Shares Thursday Pickup","st. louis","MO","63110",0,NA,"None","Not on Hold","Fair Shares - Thursday - Thursday","$150",0,0,0,2018-11-08,2018-11-08,NA,2025-12-19,69
2025-11-14 03:56:29,2021-01-19,"1  (BYO) FSG - Orders Only","Combined CSA","Fair Shares Thursday Pickup","Saint Louis","MO","63139",0,"Automatic","Orange","Not on Hold","Fair Shares - Thursday - Thursday","Debit on Delivery",0,0,0,2021-01-21,2025-11-13,NA,2025-12-19,730
2021-11-05 02:41:39,2021-03-19,"1 (BYO) KWG - Orders Only (Weekly Shares)","Combined CSA","Kirkwood Pickup","Kirkwood","MO","63122",77.35,"Automatic","Green Orange","Not on Hold","Kirkwood - Thursday","Debit on Delivery",0,0,0,2021-03-24,2021-11-04,NA,2025-12-19,1068
2019-08-23 10:21:49,2017-07-18,"1 BYO - No Share, Order Only (Weekly Shares)","Combined CSA","Fair Shares Wednesday Pickup","Festus, MO","MO","63028",52.54,NA,"Orange","Hold","Fair Shares - Wednesday  - Wednesday","Debit on Delivery",0,0,0,2017-08-23,2018-02-21,NA,2025-12-19,1019
2025-11-18 15:53:13,2020-04-05,"1 (BYO) UCG - Orders Only","Combined CSA","UCity Pickup","St. Louis","MO","63130",0,"Automatic","None","Hold","UCity - Wednesday","Debit on Delivery",0,0,0,2020-04-15,2024-08-07,NA,2025-12-19,1628
2025-03-26 18:03:53,2020-03-30,"1 Half (Half Share - ODD week)","Combined CSA","UCB","Overland","MO","63114",0,NA,"Orange","Hold","UCity - Wednesday","$300",0,0,0,2020-04-08,2020-06-17,NA,2025-12-19,1426
2021-07-22 16:07:41,2018-06-18,"1  (BYO) FSG - Orders Only","Combined CSA","Fair Shares Wednesday Pickup","St. Louis","MO","63113",-11.21,NA,"None","Hold","Fair Shares - Wednesday  - Wednesday","Debit on Delivery",0,0,0,2018-07-11,2021-02-24,NA,2025-12-19,802
2025-12-18 02:26:02,2017-07-18,"1 Mini (Weekly Shares), 1 Whole MILK","Combined CSA","FSMini-w","St. Louis","MO","63110",231.17,"Automatic","None","Not on Hold","Fair Shares - Wednesday  - Wednesday","$300",0,0,0,2017-08-16,2025-12-17,NA,2025-12-19,1577
2025-12-11 02:27:19,2021-01-16,"1 Half (Half Share - ODD week)","Combined CSA","FSB","St. Louis","MO","63110",251.16,"Automatic","Orange","Not on Hold","Fair Shares - Wednesday  - Wednesday","$300",0,0,0,2021-01-20,2025-12-10,NA,2025-12-19,554
2023-03-07 08:53:49,2020-03-29,"1  (BYO) FSG - Orders Only","Combined CSA","Fair Shares Thursday Pickup","Saint Louis","MO","63110",98.59,"Automatic","Purple","Not on Hold","Fair Shares - Thursday - Thursday","Debit on Delivery",0,0,0,2020-04-02,2023-03-02,NA,2025-12-19,275
2024-05-03 03:55:47,2020-11-18,"1  (BYO) FSG - Orders Only","Combined CSA","Fair Shares Thursday Pickup","St. Louis","MO","63109",0,"Automatic","Purple","Not on Hold","Fair Shares - Thursday - Thursday","Debit on Delivery",0,0,0,2020-12-03,2024-05-02,NA,2025-12-19,268
2023-10-16 08:58:02,2017-07-18,"1  (BYO) FSG - Orders Only","Combined CSA","Fair Shares Wednesday Pickup","St. Louis","MO","63112",0,NA,"None","Hold","Fair Shares - Wednesday  - Wednesday","Debit on Delivery",0,0,0,2017-08-17,2022-07-13,NA,2025-12-19,1231
2020-02-18 15:08:18,2017-07-18,"1 (BYO) UCG - Orders Only","Combined CSA","UCity Pickup","St. Louis","MO","63043",33.68,NA,"None","Not on Hold","UCity - Wednesday","$150",0,0,0,2017-08-16,2020-02-12,NA,2025-12-19,805
2025-12-18 02:26:02,2019-10-23,"1 Half (Half Share - EVEN week)","Combined CSA","FSB","webster groves","MO","63119",146.81,"Automatic","Purple","Not on Hold","Fair Shares - Wednesday  - Wednesday","$150",0,0,0,2019-10-23,2025-12-17,NA,2025-12-19,637
2025-11-07 03:56:44,2022-06-13,"1 Half (Half Share - EVEN week)","Combined CSA","FSE","St Louis","MO","63104",366.63,"Automatic","Green Purple","Not on Hold","Fair Shares - Thursday - Thursday","$300",0,0,0,2022-06-22,2025-11-06,NA,2025-12-19,249
2025-12-19 02:22:26,2017-07-18,"1 FSA/FSD","Combined CSA","FSD","St. Louis","MO","63119",81.59,"Automatic","None","Not on Hold","Fair Shares - Thursday - Thursday","$300",0,0,0,2017-08-17,2025-12-18,NA,2025-12-19,471
2019-08-23 10:32:51,2018-10-25,"1 BYO - No Share, Order Only (Weekly Shares)","Combined CSA","Fair Shares Thursday Pickup","St. Louis","MO","63123",196.66,"Automatic","None","Hold","Fair Shares - Thursday - Thursday","$150",0,0,0,2018-10-25,2018-11-29,NA,2025-12-19,1604
2025-12-18 03:57:33,2017-07-18,"1 Half (Half Share - EVEN week)","Combined CSA","UCB","St. Louis","MO","63117",124.16,"Automatic","Purple","Not on Hold","UCity - Wednesday","$150",0,0,0,2017-08-16,2025-12-17,NA,2025-12-19,1105
2024-09-13 03:58:49,2020-03-27,"1 BYO - No Share, Order Only (Weekly Shares)","Combined CSA","Fair Shares Thursday Pickup","St. Louis","MO","63116",0,"Automatic","None","Not on Hold","Fair Shares - Thursday - Thursday","Debit on Delivery",0,0,0,2020-04-02,2024-09-12,NA,2025-12-19,369
2025-12-19 02:22:26,2020-08-18,"1  (BYO) FSG - Orders Only","Combined CSA","Fair Shares Thursday Pickup","St. Louis","MO","63109-1614",28.97,"Automatic","Green","Not on Hold","Fair Shares - Thursday - Thursday","Debit on Delivery",0,0,0,2020-08-27,2025-12-18,NA,2025-12-19,330
2021-12-06 09:48:50,2021-04-06,"1 (BYO) UCG - Orders Only","Combined CSA","UCity Pickup","St louis","MO","63130",0,"Automatic","None","Not on Hold","UCity - Wednesday","Debit on Delivery",0,0,0,2021-04-14,2021-12-01,NA,2025-12-19,820
2021-07-05 08:31:52,2021-03-08,"1  (BYO) FSG - Orders Only","Combined CSA","Kirkwood Pickup","Kirkwood","MO","63122",0,"Automatic","Green","Not on Hold","Kirkwood - Thursday","Debit on Delivery",0,0,0,2021-03-25,2021-07-01,NA,2025-12-19,1942
2025-12-18 03:57:46,2021-02-13,"1 Half (Half Share - EVEN week)","Combined CSA","FSE","Edwardsville","IL","62025",190.6,"Automatic","Purple","Not on Hold","Fair Shares - Thursday - Thursday","$150",0,0,0,2021-02-24,2025-12-17,NA,2025-12-19,1505
2025-12-12 03:53:45,2020-04-03,"1 Half (Half Share - ODD week)","Combined CSA","FSE","Saint Louis","MO","63139",374.65,"Automatic","Orange","Not on Hold","Fair Shares - Thursday - Thursday","$300",0,0,0,2020-04-09,2025-12-11,NA,2025-12-19,1102
2021-01-26 10:56:19,2020-05-03,"1  (BYO) FSG - Orders Only","Combined CSA","Fair Shares Wednesday Pickup","St. Louis","MO","63110",84.24,"Automatic","None","Not on Hold","Fair Shares - Wednesday  - Wednesday","Debit on Delivery",0,0,0,2020-05-06,2021-01-20,NA,2025-12-19,1234
2024-05-27 16:47:10,2024-03-04,"1 (BYO) KWG - Orders Only (Weekly Shares)","Combined CSA","Kirkwood Pickup","Saint Louis","MO","63128",206.26,"Automatic","Purple","Not on Hold","Kirkwood - Thursday","Debit on Delivery",0,0,0,2024-04-11,2024-05-09,NA,2025-12-19,1770
2019-08-23 10:28:46,2018-08-02,"1 BYO - No Share, Order Only (Weekly Shares)","Combined CSA","Fair Shares Wednesday Pickup","St. Louis","MO","63121",-8.31,NA,"None","Hold","Fair Shares - Wednesday  - Wednesday","Debit on Delivery",0,0,0,2018-08-08,2019-07-24,NA,2025-12-19,1240
2023-10-13 10:09:27,2023-08-10,"1 (BYO) KWG - Orders Only (Weekly Shares)","Combined CSA","Kirkwood Pickup","Chesterfield","MO","63017",3.02,"Automatic","Green","Not on Hold","Kirkwood - Thursday","Debit on Delivery",0,0,0,2023-08-17,2023-10-12,NA,2025-12-19,1738
2022-05-02 09:02:11,2020-04-25,"1 (BYO) UCG - Orders Only","Combined CSA","UCity Pickup","Olivette","MO","63132",0,"Automatic","Green Orange","Not on Hold","UCity - Wednesday","Debit on Delivery",0,0,0,2020-04-29,2021-11-03,NA,2025-12-19,1216
2025-12-18 02:26:02,2023-03-20,"1 Half (Half Share - EVEN week), 1 No Produce - Order Only (odd wk)","Combined CSA","FSB","Brentwood","MO","63144",445.02,"Automatic","Green Purple","Not on Hold","Fair Shares - Wednesday  - Wednesday","$600",0,0,0,2023-04-05,2025-12-17,NA,2025-12-19,620
2025-08-10 03:39:55,2017-07-18,"1  (BYO) FSG - Orders Only","Combined CSA","Fair Shares Thursday Pickup","Jacksonville","FL","32256",0,"Automatic","Purple","Not on Hold","Fair Shares - Thursday - Thursday","Debit on Delivery",0,0,0,2017-08-16,2021-06-23,NA,2025-12-19,937
2021-05-18 12:08:18,2020-04-27,"1  (BYO) FSG - Orders Only","Combined CSA","Fair Shares Thursday Pickup","st. Louis","MO","63139",79.5,"Automatic","Green","Not on Hold","Fair Shares - Thursday - Thursday","Debit on Delivery",0,0,0,2020-04-30,2021-05-13,NA,2025-12-19,1260
2025-03-28 14:24:51,2017-11-20,"1 FSA/FSD","Combined CSA","FSD","st. Louis","MO","63129",121.29,"Automatic","None","Hold","Fair Shares - Thursday - Thursday","$150",0,0,0,2017-11-23,2019-01-03,NA,2025-12-19,1993
2023-04-24 08:07:19,2020-08-17,"1 (BYO) UCG - Orders Only","Combined CSA","UCity Pickup","St. Louis","MO","63105",0,"Automatic","Green","Not on Hold","UCity - Wednesday","Debit on Delivery",0,0,0,2020-08-20,2023-02-15,NA,2025-12-19,1382
2025-12-19 02:22:26,2020-04-05,"1 Half (Half Share - EVEN week), 1 No Produce - Order Only (odd wk)","Combined CSA","KWB","Glendale","MO","63122",149.37,"Automatic","Green Purple","Not on Hold","Kirkwood - Thursday","$300",0,0,0,2020-04-09,2025-12-18,NA,2025-12-19,1419
2025-12-19 03:57:50,2017-07-18,"1 Mini (Weekly Shares)","Combined CSA","KWM","Webster Groves","MO","63119",343.1,"Automatic","None","Not on Hold","Kirkwood - Thursday","$300",0,0,0,2017-08-16,2025-12-18,NA,2025-12-19,1763
2025-09-11 02:44:42,2024-04-06,"1  (BYO) FSG - Orders Only","Combined CSA","Fair Shares Wednesday Pickup","St. Louis","MO","63109",41.22,"Automatic","None","Not on Hold","Fair Shares - Wednesday  - Wednesday","Debit on Delivery",0,0,0,2024-04-10,2025-09-10,NA,2025-12-19,1289
2023-08-29 13:03:38,2017-07-20,"1 BYO - No Share, Order Only (Weekly Shares)","Combined CSA","Fair Shares Thursday Pickup","St. Louis","63366","55555",68.89,NA,"Purple","Hold","Fair Shares - Thursday - Thursday","Debit on Delivery",0,0,0,2017-08-17,2019-10-10,NA,2025-12-19,159
2025-12-18 02:26:02,2017-07-18,"1 Mini (Weekly Shares)","Combined CSA","UCM","St. Louis","MO","63103",106.8,"Automatic","None","Not on Hold","UCity - Wednesday","$300",0,0,0,2017-08-16,2025-12-17,NA,2025-12-19,809
2024-04-02 15:44:08,2023-03-17,"1  (BYO) FSG - Orders Only","Combined CSA","Fair Shares Wednesday Pickup","St Louis","MO","63111",0,"Automatic","Green","Not on Hold","Fair Shares - Wednesday  - Wednesday","Debit on Delivery",0,0,0,2023-03-29,2024-03-06,NA,2025-12-19,1925
2022-08-11 12:26:48,2018-04-12,"1  (BYO) FSG - Orders Only","Combined CSA","Fair Shares Thursday Pickup","St. Louis","MO","63130",0,"Automatic","Orange","Not on Hold","Fair Shares - Thursday - Thursday","Debit on Delivery",0,0,0,2018-04-19,2022-04-21,NA,2025-12-19,966
2020-10-02 04:06:07,2017-07-18,"1 (BYO) UCG - Orders Only","Combined CSA","UCity Pickup","St. Louis","MO","63124",0,"Automatic","Purple","Not on Hold","UCity - Wednesday","Debit on Delivery",0,0,0,2017-08-16,2020-09-30,NA,2025-12-19,1588
2025-12-12 03:53:43,2024-05-06,"1 FSA/FSD","Combined CSA","FSD","Saint Louis","MO","63116",353.05,"Automatic","None","Temp Hold","Fair Shares - Thursday - Thursday","$300",0,0,0,2024-05-09,2025-12-11,NA,2025-12-19,734
2023-10-08 08:20:55,2022-12-08,"1  (BYO) FSG - Orders Only","Combined CSA","Fair Shares Thursday Pickup","Saint Louis","MO","63126",0,"Automatic","None","Not on Hold","Fair Shares - Thursday - Thursday","Debit on Delivery",0,0,0,2022-12-15,2023-09-28,NA,2025-12-19,1188
2025-12-19 02:22:26,2018-08-16,"1 Half (Half Share - EVEN week), 1 No Produce - Order Only (odd wk)","Combined CSA","FSE","Webster Groves","MO","63119",187.74,"Automatic","Blue Purple","Not on Hold","Fair Shares - Thursday - Thursday","$600",0,0,0,2018-08-22,2025-12-18,NA,2025-12-19,1839
2024-08-19 14:44:57,2020-05-09,"1 (BYO) UCG - Orders Only","Combined CSA","UCity Pickup","Saint Louis","MO","63121",0,"Automatic","None","Not on Hold","UCity - Wednesday","Debit on Delivery",0,0,0,2020-05-13,2022-11-23,NA,2025-12-19,1621
2025-12-19 02:22:26,2025-10-20,"1 Mini (Weekly Shares)","Combined CSA","FSMini-t","Saint Louis","MO","63110",-133.52,NA,"None","Not on Hold","Fair Shares - Thursday - Thursday","$150",0,0,0,2025-10-23,2025-12-18,NA,2025-12-19,638
2025-12-11 02:27:19,2024-03-25,"1 Half (Half Share - ODD week)","Combined CSA","FSB","Saint Louis","MO","63105",227.24,"Automatic","Orange","Not on Hold","Fair Shares - Wednesday  - Wednesday","$300",0,0,0,2024-04-04,2025-12-10,NA,2025-12-19,1147
2025-12-18 02:26:02,2025-02-03,"1 FSA/FSD","Combined CSA","FSA","St. Louis","MO","63118",228.89,"Automatic","None","Not on Hold","Fair Shares - Wednesday  - Wednesday","$600",0,0,0,2025-02-05,2025-12-17,NA,2025-12-19,508
2025-12-18 02:26:02,2017-07-18,"1 FSA/FSD","Combined CSA","FSA","St. Louis","MO","63108",455.3,"Automatic","None","Not on Hold","Fair Shares - Wednesday  - Wednesday","$600",0,0,0,2017-08-16,2025-12-17,NA,2025-12-19,1627
2025-12-19 03:57:31,2021-04-12,"1 Half (Half Share - EVEN week), 1 No Produce - Order Only (odd wk)","Combined CSA","FSE","St. Louis","MO","63110",360.84,"Automatic","Green Purple","Not on Hold","Fair Shares - Thursday - Thursday","$300",0,0,0,2021-04-15,2025-12-18,NA,2025-12-19,904
2025-12-13 03:49:39,2020-12-31,"1 Half (Half Share - ODD week), 1 No Produce - Order Only (even wk)","Combined CSA","UCB","University City","MO","63130",201.49,"Automatic","Green Orange","Not on Hold","UCity - Wednesday","$150",0,0,0,2021-01-07,2025-12-10,NA,2025-12-19,262
2025-11-25 13:55:02,2021-04-08,"1  (BYO) FSG - Orders Only","Combined CSA","Fair Shares Wednesday Pickup","St. Louis","MO","63116",0,NA,"None","Not on Hold","Fair Shares - Wednesday  - Wednesday",NA,0,0,0,2021-04-08,2025-07-09,NA,2025-12-19,589
2024-12-05 17:40:20,2018-04-09,"1 BYO - No Share, Order Only (Weekly Shares)","Combined CSA","Fair Shares Wednesday Pickup","Saint Louis","MO","63110",220.21,"Automatic","None","Not on Hold","Fair Shares - Wednesday  - Wednesday","Debit on Delivery",0,0,0,2018-04-11,2022-01-26,NA,2025-12-19,833
2025-03-28 14:27:55,2017-07-18,"1 FSA/FSD","Combined CSA","FSD","St. Louis","MO","63108",0,"Automatic","None","Hold","Fair Shares - Thursday - Thursday","Debit on Delivery",0,0,0,2017-08-16,2024-07-18,NA,2025-12-19,462
2025-12-19 02:22:26,2022-09-15,"1 FSC","Combined CSA","FSC-T","Ballwin","MO","63021",62.8,"Automatic","Payment Green","Not on Hold","Fair Shares - Thursday - Thursday","$300",0,-300,0,2022-09-28,2025-12-18,NA,2025-12-19,171
2025-12-11 03:56:40,2024-03-22,"1 Half (Half Share - ODD week)","Combined CSA","FSB","Saint Louis","MO","63119",185.71,"Automatic","Orange","Not on Hold","Fair Shares - Wednesday  - Wednesday","$150",0,0,0,2024-04-03,2025-12-10,NA,2025-12-19,296
2024-03-23 14:56:11,2020-05-09,"1 (BYO) KWG - Orders Only (Weekly Shares)","Combined CSA","Kirkwood Pickup","Fenton","MO","63026",0,"Automatic","Green Blue Purple","Not on Hold","Kirkwood - Thursday","Debit on Delivery",0,0,0,2020-05-14,2023-10-19,NA,2025-12-19,861
2023-06-27 16:38:47,2021-10-28,"1 (BYO) UCG - Orders Only","Combined CSA","UCity Pickup","University City","MO","63130",0,"Automatic","Green","Not on Hold","UCity - Wednesday","Debit on Delivery",0,0,0,2021-11-03,2023-05-03,NA,2025-12-19,1530
