"last_modified_date","sign_up","subscription","season_member_page","pickup_site","city","state","zip","balance","payment","issues","status","route_name","payment_plan","discount","future_pending_payments","future_deliveries","first_delivery_date","last_delivery_date","coupon_id","file_date","member_id"
2026-05-08 03:50:44,2017-07-18,"1 Half (Half Share - EVEN week)","Combined CSA","FSB","St. Louis","MO","63104",210.69,"Automatic","Purple","Not on Hold","Fair Shares - Wednesday  - Wednesday","$150",0,0,0,2017-08-16,2026-05-07,NA,2026-05-08,1084
2026-01-02 08:42:53,2025-02-21,"1  (BYO) FSG - Orders Only","Combined CSA","Fair Shares Thursday Pickup","Saint Louis","MO","63109",0,"Automatic","None","Not on Hold","Fair Shares - Thursday - Thursday","Debit on Delivery",0,0,0,2025-02-27,2025-10-02,NA,2026-05-08,140
2026-05-07 02:27:45,2020-08-31,"1 Mini (Weekly Shares)","Combined CSA","FSMini-w","St. Louis","MO","63104",81.91,"Automatic","Green","Not on Hold","Fair Shares - Wednesday  - Wednesday","$150",0,0,0,2020-09-03,2026-05-06,NA,2026-05-08,1474
2026-05-01 02:20:51,2017-07-18,"1  (BYO) FSG - Orders Only","Combined CSA","Fair Shares Thursday Pickup","St. Louis","MO","63139",516.58,"Automatic","None","Not on Hold","Fair Shares - Thursday - Thursday","$600",0,0,0,2017-08-23,2026-04-30,NA,2026-05-08,1771
2026-05-08 02:19:05,2018-12-20,"1 Half (Half Share - EVEN week), 0 2% MILK-e","Combined CSA","FSE","Clayton","MO","63105",518.41,"Automatic","Purple","Not on Hold","Fair Shares - Thursday - Thursday","$600",0,0,0,2018-12-20,2026-05-07,NA,2026-05-08,1864
2026-04-27 09:37:09,2017-07-20,"1  (BYO) FSG - Orders Only","Combined CSA","Fair Shares Thursday Pickup","St. Louis","MO","63119",0,"Automatic","None","Hold","Fair Shares - Thursday - Thursday","Debit on Delivery",0,0,0,2017-08-17,2026-02-26,NA,2026-05-08,76
2024-01-21 10:52:58,2020-05-20,"1  (BYO) FSG - Orders Only","Combined CSA","Fair Shares Wednesday Pickup","St Louis","MO","63109",0,"Automatic","Purple","Not on Hold","Fair Shares - Wednesday  - Wednesday","Debit on Delivery",0,0,0,2020-05-27,2024-01-10,NA,2026-05-08,399
2024-12-05 17:43:33,2017-07-18,"1  (BYO) FSG - Orders Only","Combined CSA","Fair Shares Thursday Pickup","St. Louis","MO","63126",0,"Automatic","None","Not on Hold","Fair Shares - Thursday - Thursday","Debit on Delivery",0,0,0,2017-08-24,2024-01-18,NA,2026-05-08,1730
2026-03-30 10:43:33,2017-07-20,"1 BYO - No Share, Order Only (Weekly Shares)","Combined CSA","Fair Shares Thursday Pickup","St. Louis","MO","63119",0,NA,"None","Hold","Fair Shares - Thursday - Thursday","Debit on Delivery",0,0,0,2017-08-17,2018-03-01,NA,2026-05-08,705
2026-05-01 04:19:44,2024-06-18,"1 Half (Half Share - ODD week)","Combined CSA","FSE","St Louis","MO","63104",291.75,"Automatic","Green Orange","Not on Hold","Fair Shares - Thursday - Thursday","$300",0,0,0,2024-06-27,2026-04-30,NA,2026-05-08,834
2020-10-23 02:49:34,2020-08-01,"1  (BYO) FSG - Orders Only","Combined CSA","Fair Shares Thursday Pickup","St. Louis","MO","63139",1.59,"Automatic","None","Not on Hold","Fair Shares - Thursday - Thursday","Debit on Delivery",0,0,0,2020-08-06,2020-10-22,NA,2026-05-08,668
2026-05-08 02:19:05,2019-08-16,"1 UCA/KWA","Combined CSA","KWA","Kirkwood","MO","63122",136.16,"Automatic","None","Not on Hold","Kirkwood - Thursday","$300",0,0,0,2019-08-22,2026-05-07,NA,2026-05-08,1746
2026-04-24 08:09:08,2024-01-02,"1  (BYO) FSG - Orders Only","Combined CSA","Fair Shares Thursday Pickup","St. Louis","MO","63112",0,"Automatic","None","Not on Hold","Fair Shares - Thursday - Thursday","Debit on Delivery",0,0,0,2024-01-10,2026-02-26,NA,2026-05-08,855
2026-05-07 03:57:43,2019-08-13,"1 Mini (Weekly Shares)","Combined CSA","UCM","St. Louis","MO","63105",215.38,"Automatic","None","Not on Hold","UCity - Wednesday","$150",0,0,0,2019-08-14,2026-05-06,NA,2026-05-08,828
2026-05-02 02:07:02,2020-06-26,"1 Half (Half Share - ODD week)","Combined CSA","FSE","Chesterfield","MO","63005",201.11,"Automatic","Green Orange","Not on Hold","Fair Shares - Thursday - Thursday","$150",0,0,0,2020-07-02,2026-04-30,NA,2026-05-08,1047
2023-11-28 13:32:09,2022-01-13,"1  (BYO) FSG - Orders Only","Combined CSA","Fair Shares Thursday Pickup","Kirkwood","MO","63122",165.42,"Automatic","Green","Not on Hold","Fair Shares - Thursday - Thursday","Debit on Delivery",0,0,0,2022-01-19,2023-11-23,NA,2026-05-08,408
2025-07-22 09:10:36,2020-05-09,"1 (BYO) UCG - Orders Only","Combined CSA","UCity Pickup","St. Louis","MO","63124",0,"Automatic","Green","Not on Hold","UCity - Wednesday","Debit on Delivery",0,0,0,2020-05-14,2024-11-27,NA,2026-05-08,1434
2024-09-27 02:42:15,2021-06-13,"1 (BYO) KWG - Orders Only (Weekly Shares)","Combined CSA","Kirkwood Pickup","St. Louis","MO","63122",38.09,"Automatic","Orange","Not on Hold","Kirkwood - Thursday","Debit on Delivery",0,0,0,2021-06-17,2024-09-26,NA,2026-05-08,1753
2026-01-23 03:52:43,2025-08-04,"1 (BYO) KWG - Orders Only (Weekly Shares)","Combined CSA","Kirkwood Pickup","Kirkwood","MO","63122",0,"Automatic","None","Not on Hold","Kirkwood - Thursday","Debit on Delivery",0,0,0,2025-08-07,2026-01-22,NA,2026-05-08,558
2021-05-13 15:55:00,2021-04-01,"1  (BYO) FSG - Orders Only","Combined CSA","Fair Shares Thursday Pickup","St. Louis","MO","63118",0,NA,"None","Not on Hold","Fair Shares - Thursday - Thursday",NA,0,0,0,2021-04-08,2021-05-13,NA,2026-05-08,1133
2026-02-27 02:16:07,2017-07-18,"1 Half (Half Share - EVEN week), 1 No Produce - Order Only (odd wk)","Combined CSA","UCB","St. Louis","MO","63130",0,"Automatic","Blue Purple","Hold","UCity - Wednesday","Debit on Delivery",0,0,0,2017-08-16,2026-02-25,NA,2026-05-08,659
2024-04-02 20:03:51,2020-04-21,"1  (BYO) FSG - Orders Only","Combined CSA","Fair Shares Thursday Pickup","St. Louis","MO","63108",111,"Automatic","Purple","Not on Hold","Fair Shares - Thursday - Thursday","Debit on Delivery",0,0,0,2020-04-23,2024-03-06,NA,2026-05-08,1435
2021-09-04 07:54:27,2020-06-01,"1  (BYO) FSG - Orders Only","Combined CSA","Fair Shares Thursday Pickup","Saint Louis","MO","63110",0,"Automatic","Green","Not on Hold","Fair Shares - Thursday - Thursday","Debit on Delivery",0,0,0,2020-06-04,2021-09-02,NA,2026-05-08,748
2025-12-31 03:57:41,2017-07-20,"1  (BYO) FSG - Orders Only","Combined CSA","Fair Shares Thursday Pickup","St. Louis","MO","63108",0,"Automatic","None","Not on Hold","Fair Shares - Thursday - Thursday","Debit on Delivery",0,0,0,2017-08-17,2023-01-12,NA,2026-05-08,378
2026-04-20 14:09:15,2021-05-25,"1 (BYO) KWG - Orders Only (Weekly Shares)","Combined CSA","Kirkwood Pickup","Bloomsdale","MO","63627",0,"Automatic","None","Not on Hold","Kirkwood - Thursday","Debit on Delivery",0,0,0,2021-05-27,2026-02-26,NA,2026-05-08,312
2026-04-21 07:53:49,2017-07-18,"1  (BYO) FSG - Orders Only","Combined CSA","Fair Shares Thursday Pickup","St. Louis","MO","63103",0.01,"Automatic","None","Not on Hold","Fair Shares - Thursday - Thursday","Debit on Delivery",0,0,0,2017-08-16,2026-02-26,NA,2026-05-08,1819
2021-03-18 08:17:39,2020-03-31,"1  (BYO) FSG - Orders Only","Combined CSA","Fair Shares Thursday Pickup","St. Louis","MO","63116",0,"Automatic","None","Not on Hold","Fair Shares - Thursday - Thursday","Debit on Delivery",0,0,0,2020-04-02,2021-02-25,NA,2026-05-08,90
2026-04-26 22:14:56,2022-07-08,"1 (BYO) KWG - Orders Only (Weekly Shares)","Combined CSA","Kirkwood Pickup","Saint Louis","MO","63123",0,"Automatic","Green","Hold","Kirkwood - Thursday","Debit on Delivery",0,0,0,2022-07-14,2026-01-22,NA,2026-05-08,1408
2026-01-11 04:18:11,2025-01-10,"1 (BYO) KWG - Orders Only (Weekly Shares)","Combined CSA","Kirkwood Pickup","Affton","MO","63123",6.17,"Automatic","Orange","Not on Hold","Kirkwood - Thursday","Debit on Delivery",0,0,0,2025-01-16,2026-01-08,NA,2026-05-08,102
2020-07-29 11:41:20,2020-07-29,"1 BYO - No Share, Order Only (Weekly Shares)","Combined CSA","Fair Shares Wednesday Pickup","St. Louis","MO","63110",0,NA,"None","Not on Hold","Fair Shares - Wednesday  - Wednesday",NA,0,0,0,NA,NA,NA,2026-05-08,1880
2026-03-10 11:23:49,2026-02-21,"1  (BYO) FSG - Orders Only","Combined CSA","2 Wk Trial at FS Mothership Wednesday","Saint Louis","MO","63147",0,"Automatic","None","Hold","Fair Shares Trial Wednesday - Wednesday","Debit on Delivery",0,0,0,NA,NA,NA,2026-05-08,358
2026-03-27 08:04:05,2017-07-18,"1 BYO - No Share, Order Only (Weekly Shares)","Combined CSA","Fair Shares Wednesday Pickup","St. Louis","MO","63102",0,NA,"Purple","Hold","Fair Shares - Wednesday  - Wednesday",NA,0,0,0,2017-08-16,2019-02-13,NA,2026-05-08,221
2025-11-28 03:48:04,2022-04-01,"1  (BYO) FSG - Orders Only","Combined CSA","Fair Shares Thursday Pickup","St. Louis","MO","63110",0,"Automatic","Green","Not on Hold","Fair Shares - Thursday - Thursday","Debit on Delivery",0,0,0,2022-04-07,2025-11-27,NA,2026-05-08,1005
2026-05-07 03:57:56,2024-06-19,"1 Half (Half Share - EVEN week)","Combined CSA","UCB","University City","MO","63130",207.76,"Automatic","Purple","Not on Hold","UCity - Wednesday","$150",0,0,0,2024-06-26,2026-05-06,NA,2026-05-08,892
2026-04-13 12:39:51,2017-07-18,"1 (BYO) UCG - Orders Only","Combined CSA","UCity Pickup","St. Louis","MO","63105",77.55,"Automatic","Orange","Not on Hold","UCity - Wednesday","Debit on Delivery",0,0,0,2017-08-23,2026-02-18,NA,2026-05-08,1034
2026-03-27 08:04:30,2017-07-18,"1 BYO - No Share, Order Only (Weekly Shares)","Combined CSA","Fair Shares Wednesday Pickup","St. Louis","63108","MO",0,"Automatic","None","Hold","Fair Shares - Wednesday  - Wednesday","Debit on Delivery",0,0,0,2017-08-17,2018-09-12,NA,2026-05-08,930
2026-05-04 10:06:39,2024-08-16,"1 Mini (Weekly Shares)","Combined CSA","FSMini-w","Saint Louis","MO","63118",0,"Automatic","None","Temp Hold","Fair Shares - Wednesday  - Wednesday","Debit on Delivery",0,0,0,2024-08-21,2025-12-03,NA,2026-05-08,190
2024-03-07 03:46:16,2022-04-21,"1  (BYO) FSG - Orders Only","Combined CSA","Fair Shares Wednesday Pickup","Saint Louis","MO","63118",0,"Automatic","Purple","Not on Hold","Fair Shares - Wednesday  - Wednesday","Debit on Delivery",0,0,0,2022-04-27,2024-03-06,NA,2026-05-08,220
2026-05-07 02:27:45,2017-07-18,"0 2% MILK, 1 Mini (Weekly Shares)","Combined CSA","FSMini-w","St. Louis","MO","63108",451.65,"Automatic","None","Not on Hold","Fair Shares - Wednesday  - Wednesday","$600",0,0,0,2017-08-16,2026-05-06,NA,2026-05-08,1830
2025-10-29 10:11:30,2025-02-25,"1  (BYO) FSG - Orders Only","Combined CSA","Fair Shares Thursday Pickup","St Louis","MO","63108",0,"Automatic","None","Not on Hold","Fair Shares - Thursday - Thursday","Debit on Delivery",0,0,0,2025-04-03,2025-10-16,NA,2026-05-08,562
2026-03-27 07:07:33,2023-11-30,"1  (BYO) FSG - Orders Only","Combined CSA","Fair Shares Wednesday Pickup","St. Louis","MO","63109",0,"Automatic","Purple","Hold","Fair Shares - Wednesday  - Wednesday","Debit on Delivery",0,0,0,2023-12-06,2025-08-13,NA,2026-05-08,1141
2025-01-30 19:10:10,2021-09-14,"1  (BYO) FSG - Orders Only","Combined CSA","Fair Shares Thursday Pickup","St. Louis","MO","63104",0,"Automatic","None","Not on Hold","Fair Shares - Thursday - Thursday","Debit on Delivery",0,0,0,2021-09-16,2025-01-30,NA,2026-05-08,1421
2026-05-07 02:27:45,2017-07-18,"1 Mini (Weekly Shares)","Combined CSA","UCM","St. Louis","MO","63132",322.52,"Automatic","None","Temp Hold","UCity - Wednesday","$150",0,0,0,2017-08-16,2026-05-06,NA,2026-05-08,1448
2026-04-20 07:02:10,2017-10-12,"1  (BYO) FSG - Orders Only","Combined CSA","Fair Shares Thursday Pickup","Saint Louis","MO","63116",0,"Automatic","None","Hold","Fair Shares - Thursday - Thursday","Debit on Delivery",0,0,0,2017-10-25,2023-05-18,NA,2026-05-08,1164
2025-06-12 02:38:30,2024-08-29,"1 (BYO) UCG - Orders Only","Combined CSA","UCity Pickup","Saint Louis","MO","63112",0.2,"Automatic","None","Not on Hold","UCity - Wednesday","Debit on Delivery",0,0,0,2024-09-04,2025-06-11,NA,2026-05-08,752
2026-03-27 07:59:20,2017-08-18,"1 BYO - No Share, Order Only (Weekly Shares)","Combined CSA","Fair Shares Wednesday Pickup","St. Louis","MO","63104",0,NA,"Purple","Not on Hold","Fair Shares - Wednesday  - Wednesday","Debit on Delivery",0,0,0,2017-08-31,2020-07-08,NA,2026-05-08,261
2026-05-08 02:19:05,2024-02-19,"1 Mini (Weekly Shares)","Combined CSA","FSMini-t","Manchester","MO","63088",160.03,"Automatic","None","Not on Hold","Fair Shares - Thursday - Thursday","$150",0,0,0,2024-02-22,2026-05-07,NA,2026-05-08,1750
2026-04-20 06:12:48,2023-10-22,"1 (BYO) UCG - Orders Only","Combined CSA","UCity Pickup","Saint Louis","MO","63141",0,"Automatic","None","Hold","UCity - Wednesday","Debit on Delivery",0,0,0,2023-10-25,2024-05-08,NA,2026-05-08,1861
2026-04-16 10:06:09,2023-11-18,"1  (BYO) FSG - Orders Only","Combined CSA","Fair Shares Wednesday Pickup","St. Louis","MO","63110",0,"Automatic","None","Not on Hold","Fair Shares - Wednesday  - Wednesday","Debit on Delivery",0,0,0,2023-11-29,2026-02-25,NA,2026-05-08,553
2026-05-07 19:43:35,2021-01-10,"1 Half (Half Share - ODD week), 1 No Produce - Order Only (even wk)","Combined CSA","UCB","Ladue","MO","63124",212.29,"Automatic","Orange","Not on Hold","UCity - Wednesday","$300",0,0,0,2021-01-13,2026-04-29,NA,2026-05-08,162
2020-10-11 20:47:30,2020-05-21,"1  (BYO) FSG - Orders Only","Combined CSA","Fair Shares Thursday Pickup","SAINT LOUIS","MO","63139",0,"Automatic","None","Not on Hold","Fair Shares - Thursday - Thursday","Debit on Delivery",0,0,0,2020-05-28,2020-10-08,NA,2026-05-08,1824
2026-05-08 03:50:32,2024-11-18,"1 FSA/FSD","Combined CSA","FSA","Saint louis","MO","63124",363.29,"Automatic","None","Not on Hold","Fair Shares - Wednesday  - Wednesday","$300",0,0,0,2024-12-04,2026-05-07,NA,2026-05-08,326
2026-03-27 08:06:49,2017-07-18,"1 BYO - No Share, Order Only (Weekly Shares)","Combined CSA","Fair Shares Wednesday Pickup","St. Louis","63114","MO",0,"Automatic","None","Not on Hold","Fair Shares - Wednesday  - Wednesday","Debit on Delivery",0,0,0,2017-08-16,2018-05-09,NA,2026-05-08,106
2026-04-21 03:43:29,2025-05-10,"1 Half (Half Share - EVEN week)","Combined CSA","FSB","St. Louis","MO","63119",194.89,"Automatic","Purple","Not on Hold","Fair Shares - Wednesday  - Wednesday","$150",0,0,0,2025-05-15,2026-02-25,NA,2026-05-08,960
2021-08-17 12:49:42,2020-05-02,"1  (BYO) FSG - Orders Only","Combined CSA","Fair Shares Thursday Pickup","St. Louis","MO","63117",0,"Automatic","None","Not on Hold","Fair Shares - Thursday - Thursday","Debit on Delivery",0,0,0,2020-05-07,2021-08-12,NA,2026-05-08,152
2024-09-20 02:42:40,2020-01-16,"1  (BYO) FSG - Orders Only","Combined CSA","Fair Shares Thursday Pickup","St. Louis","MO","63110",0.3,"Automatic","None","Not on Hold","Fair Shares - Thursday - Thursday","Debit on Delivery",0,0,0,2020-01-22,2024-09-19,NA,2026-05-08,1641
2026-05-07 02:27:45,2017-07-20,"1 Half (Half Share - EVEN week)","Combined CSA","FSB","St. Louis","63139","63139",76.23,"Automatic","Purple","Not on Hold","Fair Shares - Wednesday  - Wednesday","$150",0,0,0,2017-08-17,2026-05-06,NA,2026-05-08,986
2025-04-07 10:25:29,2023-01-12,"1  (BYO) FSG - Orders Only","Combined CSA","Fair Shares Thursday Pickup","High Ridge","MO","63409",0,"Automatic","Green Purple","Not on Hold","Fair Shares - Thursday - Thursday","Debit on Delivery",0,0,0,2023-01-19,2025-01-30,NA,2026-05-08,836
2022-01-20 03:51:57,2017-07-18,"1  (BYO) FSG - Orders Only","Combined CSA","Fair Shares Wednesday Pickup","St. Louis","MO","63110",0,"Automatic","Purple","Not on Hold","Fair Shares - Wednesday  - Wednesday","Debit on Delivery",0,0,0,2017-08-16,2022-01-19,NA,2026-05-08,1454
2026-05-08 03:50:35,2017-07-18,"1  (BYO) FSG - Orders Only","Combined CSA","Fair Shares Thursday Pickup","St. Louis","63130","63130",0.01,"Automatic","None","Not on Hold","Fair Shares - Thursday - Thursday","Debit on Delivery",0,0,0,2017-08-16,2026-05-07,NA,2026-05-08,1496
2026-05-07 03:57:47,2019-07-28,"1 Half (Half Share - EVEN week)","Combined CSA","UCB","Richmond Heights","MO","63117",192.2,"Automatic","Purple","Not on Hold","UCity - Wednesday","$150",0,0,0,2019-07-31,2026-05-06,NA,2026-05-08,178
2026-04-08 16:24:29,2025-07-31,"1 Half (Half Share - ODD week)","Combined CSA","FSE","St. Louis","MO","63116",84.51,"Automatic","Orange","Hold","Fair Shares - Thursday - Thursday","Debit on Delivery",0,0,0,2025-08-07,2026-02-19,NA,2026-05-08,722
2021-01-04 12:41:50,2020-04-26,"1  (BYO) FSG - Orders Only","Combined CSA","Fair Shares Thursday Pickup","Webster Groves","MO","63119",0,"Automatic","None","Not on Hold","Fair Shares - Thursday - Thursday","Debit on Delivery",0,0,0,2020-04-30,2020-12-24,NA,2026-05-08,1794
2026-05-08 02:19:05,2026-04-21,"1 UCA/KWA","Combined CSA","KWA","Fenton","MO","63026",138.19,"Automatic","None","Not on Hold","Kirkwood - Thursday","$300",0,0,0,2026-04-30,2026-05-07,NA,2026-05-08,246
2026-04-30 02:26:17,2024-04-05,"1 Half (Half Share - ODD week)","Combined CSA","FSB","Saint Louis","MO","63116",215.15,"Automatic","Orange","Not on Hold","Fair Shares - Wednesday  - Wednesday","$300",0,0,0,2024-04-10,2026-04-29,NA,2026-05-08,1174
2026-02-19 07:53:24,2024-03-11,"1  (BYO) FSG - Orders Only","Combined CSA","Fair Shares Wednesday Pickup","St. Louis","MO","63123",0,"Automatic","Orange","Not on Hold","Fair Shares - Wednesday  - Wednesday","Debit on Delivery",0,0,0,2024-04-03,2026-02-18,NA,2026-05-08,1682
2025-08-27 10:59:31,2023-04-10,"1 (BYO) UCG - Orders Only","Combined CSA","UCity Pickup","St. Louis","MO","63124",0,"Automatic","Green Purple","Hold","UCity - Wednesday","Debit on Delivery",0,0,0,2023-04-19,2024-10-09,NA,2026-05-08,1631
2025-05-15 02:27:17,2021-06-11,"1 (BYO) UCG - Orders Only","Combined CSA","UCity Pickup","St Louis","MO","63146",82.59,"Automatic","Green","Not on Hold","UCity - Wednesday","Debit on Delivery",0,0,0,2021-06-16,2025-05-14,NA,2026-05-08,1118
2026-02-25 19:41:07,2021-04-05,"1  (BYO) FSG - Orders Only","Combined CSA","Fair Shares Wednesday Pickup","Saint Louis","MO","63118",0,NA,"None","Not on Hold","Fair Shares - Wednesday  - Wednesday",NA,0,0,0,2021-04-21,2026-02-25,NA,2026-05-08,1249
2025-02-25 19:19:48,2025-02-25,"1  (BYO) FSG - Orders Only","Combined CSA","Fair Shares Thursday Pickup","St. Louis","MO","63110",0,NA,"None","Not on Hold","Fair Shares - Thursday - Thursday",NA,0,0,0,NA,NA,NA,2026-05-08,183
2026-04-20 05:40:56,2020-04-20,"1  (BYO) FSG - Orders Only","Combined CSA","Fair Shares Wednesday Pickup","St. Louis","MO","63139",183.97,"Automatic","None","Hold","Fair Shares - Wednesday  - Wednesday","Debit on Delivery",0,0,0,2020-04-22,2025-04-09,NA,2026-05-08,1930
2026-04-20 14:10:25,2020-03-20,"1  (BYO) FSG - Orders Only","Combined CSA","Fair Shares Wednesday Pickup","Saint Louis","MO","63110",0,"Automatic","Purple","Not on Hold","Fair Shares - Wednesday  - Wednesday","Debit on Delivery",0,0,0,2020-03-25,2026-02-11,NA,2026-05-08,1348
2026-05-07 02:27:45,2026-03-04,"1 Guest Access","Combined CSA","FSA","Saint louis","MO","63109",-209.7,NA,"None","Not on Hold","Fair Shares - Wednesday  - Wednesday",NA,0,0,0,2026-04-29,2026-05-06,NA,2026-05-08,990
2026-03-27 08:07:26,2017-07-18,"1 BYO - No Share, Order Only (Weekly Shares)","Combined CSA","Fair Shares Wednesday Pickup","Creve Coeur","MO","63141",0,"Automatic","None","Not on Hold","Fair Shares - Wednesday  - Wednesday","Debit on Delivery",0,0,0,2017-08-16,2020-07-08,NA,2026-05-08,1795
2026-05-07 02:27:45,2025-11-22,"1 FSA/FSD","Combined CSA","FSA","Saint Louis","MO","63139",140.42,"Automatic","None","Not on Hold","Fair Shares - Wednesday  - Wednesday","$300",0,0,0,2025-11-26,2026-05-06,NA,2026-05-08,952
2026-03-27 07:51:13,2018-10-01,"1 BYO - No Share, Order Only (Weekly Shares)","Combined CSA","Fair Shares Wednesday Pickup","St Louis","MO","63109",0,"Automatic","None","Not on Hold","Fair Shares - Wednesday  - Wednesday","Debit on Delivery",0,0,0,2018-10-03,2019-11-06,NA,2026-05-08,1049
2026-04-22 02:07:20,2017-07-18,"1  (BYO) FSG - Orders Only","Combined CSA","Fair Shares Thursday Pickup","St. Louis","MO","63116",0,"Automatic","Payment Blue Orange","Not on Hold","Fair Shares - Thursday - Thursday","Debit on Delivery",0,0,0,2017-08-24,2026-02-19,NA,2026-05-08,610
2026-05-08 02:19:05,2017-07-18,"1 FSA/FSD","Combined CSA","FSD","St. Louis","MO","63109",131.12,"Automatic","None","Not on Hold","Fair Shares - Thursday - Thursday","$300",0,0,0,2017-08-16,2026-05-07,NA,2026-05-08,287
2026-05-08 02:19:05,2017-07-20,"1 Half (Half Share - EVEN week)","Combined CSA","FSE","St. Louis","MO","63118",535.13,"Automatic","Purple","Not on Hold","Fair Shares - Thursday - Thursday","$150",0,0,0,2017-08-17,2026-05-07,NA,2026-05-08,1243
2025-07-31 04:01:32,2020-04-17,"1 (BYO) UCG - Orders Only","Combined CSA","UCity Pickup","St. Louis","MO","63105",0,"Automatic","None","Not on Hold","UCity - Wednesday","Debit on Delivery",0,0,0,2020-04-22,2025-07-30,NA,2026-05-08,1151
2022-05-23 08:21:26,2020-05-18,"1  (BYO) FSG - Orders Only","Combined CSA","Fair Shares Thursday Pickup","St. Louis","MO","63109",0,"Automatic","Green Purple","Not on Hold","Fair Shares - Thursday - Thursday","Debit on Delivery",0,0,0,2020-05-21,2022-04-28,NA,2026-05-08,909
2024-08-08 02:40:22,2024-01-26,"1 (BYO) UCG - Orders Only","Combined CSA","UCity Pickup","Saint Louis","MO","63130",127.39,"Automatic","None","Not on Hold","UCity - Wednesday","Debit on Delivery",0,0,0,2024-01-31,2024-08-07,NA,2026-05-08,1603
2024-06-25 08:02:32,2020-11-22,"1  (BYO) FSG - Orders Only","Combined CSA","Fair Shares Thursday Pickup","Maryland Heights","MO","63043",0,"Automatic","Orange","Not on Hold","Fair Shares - Thursday - Thursday","Debit on Delivery",0,0,0,2020-12-03,2024-05-30,NA,2026-05-08,1520
2023-06-13 16:51:04,2022-08-03,"1  (BYO) FSG - Orders Only","Combined CSA","Fair Shares Thursday Pickup","Saint Louis","MO","63104",0,"Automatic","None","Not on Hold","Fair Shares - Thursday - Thursday","Debit on Delivery",0,0,0,2022-08-10,2023-06-08,NA,2026-05-08,511
2026-05-08 02:19:05,2017-07-18,"1 FSA/FSD","Combined CSA","FSD","St. Louis","MO","63110",187.01,"Automatic","None","Not on Hold","Fair Shares - Thursday - Thursday","$300",0,0,0,2017-08-17,2026-05-07,NA,2026-05-08,959
2026-04-30 03:53:04,2017-07-20,"1 Half (Half Share - ODD week)","Combined CSA","FSB","St. Louis","MO","63109",214.41,"Automatic","Blue Orange","Temp Hold","Fair Shares - Wednesday  - Wednesday","$150",0,0,0,2017-08-17,2026-04-29,NA,2026-05-08,1111
2026-03-27 07:29:55,2020-06-23,"1  (BYO) FSG - Orders Only","Combined CSA","Fair Shares Wednesday Pickup","St. Louis","MO","63101",0,"Automatic","None","Not on Hold","Fair Shares - Wednesday  - Wednesday","Debit on Delivery",0,0,0,2020-06-24,2020-11-04,NA,2026-05-08,720
2026-04-06 13:21:20,2017-07-18,"1 (BYO) UCG - Orders Only","Combined CSA","UCity Pickup","St. Louis","63130","MO",0,"Automatic","None","Not on Hold","UCity - Wednesday","Debit on Delivery",0,0,0,2017-08-16,2026-02-25,NA,2026-05-08,1818
2026-04-08 15:57:58,2020-03-21,"1 Mini (Weekly Shares)","Combined CSA","UCM","St. Louis","MO","63146",121.44,"Automatic","None","Temp Hold","UCity - Wednesday","Debit on Delivery",0,0,0,2020-03-25,2025-05-07,NA,2026-05-08,349
2025-12-11 11:04:32,2021-04-19,"1 (BYO) KWG - Orders Only (Weekly Shares)","Combined CSA","Kirkwood Pickup","Kirkwood","MO","63122",0,"Automatic","Green","Not on Hold","Kirkwood - Thursday","Debit on Delivery",0,0,0,2021-04-22,2025-11-27,NA,2026-05-08,270
2026-05-08 02:19:05,2017-07-18,"1 Mini (Weekly Shares), 1 Whole MILK-o","Combined CSA","FSMini-w","St. Louis","MO","63116",97.06,"Automatic","None","Not on Hold","Fair Shares - Wednesday  - Wednesday","$300",0,0,0,2017-08-16,2026-05-07,NA,2026-05-08,1427
2026-04-26 22:19:59,2017-07-18,"1  (BYO) FSG - Orders Only","Combined CSA","Fair Shares Thursday Pickup","St. Louis","MO","63130",34.77,"Automatic","Purple","Hold","Fair Shares - Thursday - Thursday","Debit on Delivery",0,0,0,2017-08-16,2026-02-26,NA,2026-05-08,1020
2026-04-27 08:09:56,2023-06-18,"1 (BYO) KWG - Orders Only (Weekly Shares)","Combined CSA","Kirkwood Pickup","Fenton","MO","63026",3.27,"Automatic","Green","Hold","Kirkwood - Thursday","Debit on Delivery",0,0,0,2023-06-21,2026-02-26,NA,2026-05-08,1006
2026-04-30 03:53:05,2024-02-27,"1 Half (Half Share - ODD week)","Combined CSA","FSB","St louis","MO","63111",219.16,"Automatic","Orange","Not on Hold","Fair Shares - Wednesday  - Wednesday","$150",0,0,0,2024-04-03,2026-04-29,NA,2026-05-08,156
2026-05-07 03:57:54,2017-07-20,"1 Half (Half Share - EVEN week)","Combined CSA","FSB","St. Louis","MO","63110",198.19,"Automatic","Purple","Not on Hold","Fair Shares - Wednesday  - Wednesday","$150",0,0,0,2017-08-17,2026-05-06,NA,2026-05-08,346
2024-10-21 09:11:10,2017-11-13,"1  (BYO) FSG - Orders Only","Combined CSA","Fair Shares Wednesday Pickup","Saint Louis","MO","63110",0,"Automatic","None","Not on Hold","Fair Shares - Wednesday  - Wednesday","Debit on Delivery",0,0,0,2017-11-15,2024-10-16,NA,2026-05-08,759
2026-02-26 02:22:28,2017-07-18,"1 Half (Half Share - EVEN week)","Combined CSA","UCB","St. Louis","MO","63130",0.87,"Automatic","Purple","Hold","UCity - Wednesday","Debit on Delivery",0,0,0,2017-08-16,2026-02-25,NA,2026-05-08,1304
2026-05-07 02:27:45,2025-04-13,"1 FSA/FSD","Combined CSA","FSA","St. Louis","MO","63104",140.1,"Automatic","None","Not on Hold","Fair Shares - Wednesday  - Wednesday","$300",0,0,0,2025-04-23,2026-05-06,NA,2026-05-08,240
2026-05-08 02:19:05,2020-04-01,"0 2% MILK, 1 UCA/KWA","Combined CSA","KWA","Saint louis","MO","63110",126.44,"Automatic","None","Not on Hold","Kirkwood - Thursday","$300",0,0,0,2020-04-08,2026-05-07,NA,2026-05-08,1488
2024-03-10 09:37:52,2017-07-20,"1  (BYO) FSG - Orders Only","Combined CSA","Fair Shares Thursday Pickup","St. Louis","MO","63105",1116.02,"Automatic","None","Not on Hold","Fair Shares - Thursday - Thursday","Debit on Delivery",0,0,0,2017-08-17,2024-03-07,NA,2026-05-08,987
2022-01-04 15:24:03,2020-06-09,"1 BYO - No Share, Order Only (Weekly Shares)","Combined CSA","Fair Shares Wednesday Pickup","St. Louis","MO","63118",0,NA,"None","Not on Hold","Fair Shares - Wednesday  - Wednesday",NA,0,0,0,2020-06-24,2022-01-05,NA,2026-05-08,819
2022-03-12 11:11:37,2020-03-21,"1  (BYO) FSG - Orders Only","Combined CSA","Fair Shares Thursday Pickup","St. Louis","MO","63143",0,"Automatic","Green Orange","Not on Hold","Fair Shares - Thursday - Thursday","Debit on Delivery",0,0,0,2020-03-26,2022-02-10,NA,2026-05-08,714
2026-05-08 02:19:05,2020-08-14,"1 Mini (Weekly Shares)","Combined CSA","FSMini-t","Olivette","MO","63132",177.37,"Automatic","None","Not on Hold","Fair Shares - Thursday - Thursday","$300",0,0,0,2020-08-19,2026-05-07,NA,2026-05-08,401
2026-04-21 07:38:53,2022-03-24,"1  (BYO) FSG - Orders Only","Combined CSA","Fair Shares Wednesday Pickup","Chesterfield","MO","63017",0,"Automatic","Orange","Not on Hold","Fair Shares - Wednesday  - Wednesday","Debit on Delivery",0,0,0,2022-03-30,2026-02-18,NA,2026-05-08,337
2026-05-08 02:19:05,2025-02-05,"1 FSA/FSD","Combined CSA","FSD","Saint Louis","MO","63116",130.58,"Automatic","None","Not on Hold","Fair Shares - Thursday - Thursday","$300",0,0,0,2025-02-13,2026-05-07,NA,2026-05-08,643
2026-05-07 02:27:45,2017-07-18,"1 UCA/KWA","Combined CSA","UCA","St. Louis","MO","63105",118.87,"Automatic","None","Not on Hold","UCity - Wednesday","$300",0,0,0,2017-08-16,2026-05-06,NA,2026-05-08,42
2026-04-30 02:26:17,2019-08-20,"1 Half (Half Share - ODD week), 1 No Produce - Order Only (even wk)","Combined CSA","FSB","St. Louis","MO","63110",181.2,"Automatic","Orange","Not on Hold","Fair Shares - Wednesday  - Wednesday","$300",0,0,0,2019-08-28,2026-04-29,NA,2026-05-08,1286
2026-05-08 02:19:05,2020-04-17,"1  (BYO) FSG - Orders Only, 1 Mini (Weekly Shares)","Combined CSA","FSMini-t","Clayton","MO","63105",128.54,"Automatic","Green","Not on Hold","Fair Shares - Thursday - Thursday","$150",0,0,0,2020-04-23,2026-05-07,NA,2026-05-08,670
2025-10-02 14:41:08,2025-09-02,"1  (BYO) FSG - Orders Only","Combined CSA","Fair Shares Thursday Pickup","St Louiis","MO","63111",0,NA,"None","Not on Hold","Fair Shares - Thursday - Thursday",NA,0,0,0,2025-09-11,2025-10-02,NA,2026-05-08,131
2021-03-15 09:42:40,2020-04-18,"1 (BYO) UCG - Orders Only","Combined CSA","UCity Pickup","St Louis","MO","63117",0,"Automatic","Orange","Not on Hold","UCity - Wednesday","Debit on Delivery",0,0,0,2020-04-22,2021-02-24,NA,2026-05-08,66
2025-01-17 04:01:37,2022-01-18,"1  (BYO) FSG - Orders Only","Combined CSA","Fair Shares Thursday Pickup","Saint Louis","MO","63123",0,"Automatic","Green","Not on Hold","Fair Shares - Thursday - Thursday","Debit on Delivery",0,0,0,2022-01-27,2025-01-16,NA,2026-05-08,858
2026-04-30 03:53:08,2020-04-10,"1 Half (Half Share - ODD week)","Combined CSA","UCB","Saint Louis","MO","63105",169.08,"Automatic","Green Orange","Not on Hold","UCity - Wednesday","$150",0,0,0,2020-04-16,2026-04-29,NA,2026-05-08,1512
2026-04-29 06:04:10,2017-07-18,"1  (BYO) FSG - Orders Only","Combined CSA","Fair Shares Wednesday Pickup","St. Louis","MO","63109",0.01,"Automatic","Purple","Not on Hold","Fair Shares - Wednesday  - Wednesday","Debit on Delivery",0,0,0,2017-08-16,2026-02-25,NA,2026-05-08,1155
2026-05-08 02:19:05,2020-04-12,"1 UCA/KWA","Combined CSA","KWA","Glendale","MO","63122",499.77,"Automatic","None","Not on Hold","Kirkwood - Thursday","$600",0,0,0,2020-04-16,2026-05-07,NA,2026-05-08,1891
2022-05-02 08:32:51,2020-07-18,"1 (BYO) UCG - Orders Only","Combined CSA","UCity Pickup","University City","MO","63130",0,"Automatic","Purple","Not on Hold","UCity - Wednesday","Debit on Delivery",0,0,0,2020-07-22,2022-04-27,NA,2026-05-08,89
2026-04-30 02:26:17,2019-11-13,"1 Half (Half Share - ODD week)","Combined CSA","FSB","St. Louis","MO","63101",-78.12,NA,"Payment Orange","Not on Hold","Fair Shares - Wednesday  - Wednesday","$300",0,0,0,2019-11-20,2026-04-29,NA,2026-05-08,1124
2026-04-20 14:00:00,2017-07-18,"1  (BYO) FSG - Orders Only","Combined CSA","Fair Shares Wednesday Pickup","St. Louis","MO","63110",0.01,"Automatic","Purple","Not on Hold","Fair Shares - Wednesday  - Wednesday","Debit on Delivery",0,0,0,2017-08-16,2021-12-08,NA,2026-05-08,792
2023-06-09 11:22:26,2017-07-18,"1 BYO - No Share, Order Only (Weekly Shares)","Combined CSA","Fair Shares Wednesday Pickup","St. Louis","MO","63122",0,NA,"Orange","Not on Hold","Fair Shares - Wednesday  - Wednesday","Debit on Delivery",0,0,0,2017-08-23,2018-02-21,NA,2026-05-08,1915
2025-05-20 15:59:44,2025-03-30,"1 (BYO) KWG - Orders Only (Weekly Shares)","Combined CSA","Kirkwood Pickup","Sunset Hills","MO","63127",0,"Automatic","None","Hold","Kirkwood - Thursday","Debit on Delivery",0,0,0,2025-04-03,2025-04-17,NA,2026-05-08,272
2026-05-08 02:19:05,2017-07-18,"1 Half (Half Share - EVEN week), 1 2% MILK-e, 1 No Produce - Order Only (odd wk)","Combined CSA","UCB","St. Louis","MO","63131",223.03,"Automatic","Purple","Not on Hold","UCity - Wednesday","$150",0,0,0,2017-08-16,2026-05-06,NA,2026-05-08,384
2026-03-27 07:49:39,2018-11-25,"1 BYO - No Share, Order Only (Weekly Shares)","Combined CSA","Fair Shares Wednesday Pickup","St. Charles","MO","63303",0,NA,"None","Not on Hold","Fair Shares - Wednesday  - Wednesday","Debit on Delivery",0,0,0,2018-11-28,2019-10-09,NA,2026-05-08,771
2023-07-21 02:42:18,2022-07-20,"1  (BYO) FSG - Orders Only","Combined CSA","Fair Shares Thursday Pickup","Saint Louis","MO","63110",1.35,"Automatic","Green","Not on Hold","Fair Shares - Thursday - Thursday","Debit on Delivery",0,0,0,2022-07-28,2023-07-20,NA,2026-05-08,1851
2026-05-05 16:24:48,2022-07-12,"1 (BYO) UCG - Orders Only","Combined CSA","UCity Pickup","Bridgeton","MO","63044",0,"Automatic","Green","Not on Hold","UCity - Wednesday","Debit on Delivery",0,0,0,2022-07-20,2026-05-06,NA,2026-05-08,1200
2021-02-19 15:30:05,2020-04-01,"1 (BYO) UCG - Orders Only","Combined CSA","UCity Pickup","Saint Louis","MO","63112",-0.07,NA,"None","Not on Hold","UCity - Wednesday","Debit on Delivery",0,0,0,2020-04-08,2021-02-10,NA,2026-05-08,1397
2026-05-07 02:27:45,2022-01-30,"1 UCA/KWA","Combined CSA","UCA","St. Louis","MO","63130",123.92,"Automatic","Green","Not on Hold","UCity - Wednesday","$150",0,0,0,2022-02-09,2026-05-06,NA,2026-05-08,1506
2026-03-27 07:09:29,2022-10-12,"1  (BYO) FSG - Orders Only","Combined CSA","Fair Shares Wednesday Pickup","Saint Louis","MO","63110",0,NA,"Green Orange","Not on Hold","Fair Shares - Wednesday  - Wednesday","Debit on Delivery",0,0,0,2022-10-19,2023-10-25,NA,2026-05-08,1676
2026-04-16 03:53:56,2022-06-10,"1  (BYO) FSG - Orders Only","Combined CSA","Fair Shares Thursday Pickup","St. Louis","MO","63119",0,"Automatic","None","Not on Hold","Fair Shares - Thursday - Thursday","Debit on Delivery",0,0,0,2022-06-16,2026-02-26,NA,2026-05-08,1910
2026-05-07 03:57:41,2021-11-05,"1 Mini (Weekly Shares)","Combined CSA","UCM","St. Louis","MO","63130",185.09,"Automatic","None","Not on Hold","UCity - Wednesday","$150",0,0,0,2021-11-10,2026-05-06,NA,2026-05-08,526
2025-03-27 16:49:44,2024-02-04,"1  (BYO) FSG - Orders Only","Combined CSA","Fair Shares Wednesday Pickup","St. Louis","MO","63110",0,"Automatic","Purple","Not on Hold","Fair Shares - Wednesday  - Wednesday","Debit on Delivery",0,0,0,2024-02-07,2024-10-23,NA,2026-05-08,1536
2026-04-21 15:51:24,2021-08-19,"1 Half (Half Share - ODD week)","Combined CSA","FSB","St. Louis","MO","63108",142.04,"Automatic","Payment Green Orange","Temp Hold","Fair Shares - Wednesday  - Wednesday","$150",0,0,0,2021-08-25,2026-02-18,NA,2026-05-08,976
2024-09-19 02:41:24,2024-07-24,"1 (BYO) UCG - Orders Only","Combined CSA","UCity Pickup","St Louis","MO","63108",0.41,"Automatic","None","Not on Hold","UCity - Wednesday","Debit on Delivery",0,0,0,2024-07-31,2024-09-18,NA,2026-05-08,582
2022-09-13 10:43:36,2020-04-18,"1 (BYO) UCG - Orders Only","Combined CSA","UCity Pickup","Clayton","MO","63105",0,"Automatic","None","Not on Hold","UCity - Wednesday","Debit on Delivery",0,0,0,2020-04-22,2022-09-07,NA,2026-05-08,215
2025-09-21 12:43:57,2020-05-28,"1  (BYO) FSG - Orders Only","Combined CSA","Fair Shares Thursday Pickup","St Louis","MO","63110",62.06,"Automatic","Green","Not on Hold","Fair Shares - Thursday - Thursday","Debit on Delivery",0,0,0,2020-06-04,2025-09-11,NA,2026-05-08,1171
2024-05-31 02:26:12,2023-02-10,"1 (BYO) KWG - Orders Only (Weekly Shares)","Combined CSA","Kirkwood Pickup","Kirkwood","MO","63122",7.74,"Automatic","Green Orange","Not on Hold","Kirkwood - Thursday","Debit on Delivery",0,0,0,2023-02-16,2024-05-30,NA,2026-05-08,1433
2021-07-15 03:57:28,2020-05-28,"1  (BYO) FSG - Orders Only","Combined CSA","Fair Shares Wednesday Pickup","St. Louis","MO","63104",0,"Automatic","None","Not on Hold","Fair Shares - Wednesday  - Wednesday","Debit on Delivery",0,0,0,2020-06-03,2021-07-14,NA,2026-05-08,1008
2025-11-20 02:35:19,2020-03-31,"1  (BYO) FSG - Orders Only","Combined CSA","Fair Shares Wednesday Pickup","Saint louis","MO","63109",43.38,"Automatic","Green","Not on Hold","Fair Shares - Wednesday  - Wednesday","Debit on Delivery",0,0,0,2020-04-01,2025-11-19,NA,2026-05-08,274
2026-02-17 14:51:30,2021-01-04,"1 (BYO) UCG - Orders Only","Combined CSA","UCity Pickup","St. Louis","MO","63112",0,NA,"Purple","Not on Hold","UCity - Wednesday","Debit on Delivery",0,0,0,2021-01-13,2026-02-11,NA,2026-05-08,1040
2023-12-17 03:43:00,2019-03-17,"1  (BYO) FSG - Orders Only","Combined CSA","Fair Shares Thursday Pickup","St. Louis","MO","63139",144.85,"Automatic","None","Not on Hold","Fair Shares - Thursday - Thursday","Debit on Delivery",0,0,0,2019-04-04,2023-12-14,NA,2026-05-08,509
2026-05-07 02:27:45,2017-07-18,"1 FSA/FSD","Combined CSA","FSA","St. Louis","MO","63119",139.83,"Automatic","None","Not on Hold","Fair Shares - Wednesday  - Wednesday","$300",0,0,0,2017-08-16,2026-05-06,NA,2026-05-08,863
2026-05-07 03:57:57,2025-04-06,"1 Mini (Weekly Shares)","Combined CSA","UCM","St. Louis","MO","63118",218.77,"Automatic","None","Not on Hold","UCity - Wednesday","$150",0,0,0,2025-04-09,2026-05-06,NA,2026-05-08,627
2026-05-08 02:19:05,2017-07-18,"1 UCA/KWA","Combined CSA","UCA","St. Louis","MO","63112",373.39,"Automatic","None","Not on Hold","UCity - Wednesday","$300",0,0,0,2017-08-16,2026-05-06,NA,2026-05-08,1039
2026-01-21 14:16:11,2025-07-08,"1  (BYO) FSG - Orders Only","Combined CSA","Fair Shares Wednesday Pickup","St. Louis","MO","63123",0,NA,"None","Not on Hold","Fair Shares - Wednesday  - Wednesday",NA,0,0,0,2025-07-10,2026-01-21,NA,2026-05-08,45
2026-04-20 08:37:13,2025-02-09,"1  (BYO) FSG - Orders Only","Combined CSA","Fair Shares Thursday Pickup","St Louis","MO","63103",0,"Automatic","Purple","Hold","Fair Shares - Thursday - Thursday","Debit on Delivery",0,0,0,2025-02-13,2025-04-10,NA,2026-05-08,626
2026-05-07 03:57:50,2017-07-18,"1 Half (Half Share - EVEN week)","Combined CSA","FSB","St. Louis","MO","63143",187.55,"Automatic","Purple","Not on Hold","Fair Shares - Wednesday  - Wednesday","$150",0,0,0,2017-08-16,2026-05-06,NA,2026-05-08,351
2026-04-08 16:21:24,2017-07-18,"1  (BYO) FSG - Orders Only","Combined CSA","Fair Shares Thursday Pickup","St. Louis","MO","63124",123.68,"Automatic","None","Temp Hold","Fair Shares - Thursday - Thursday",NA,0,0,0,2017-08-16,2026-02-26,NA,2026-05-08,1377
2026-01-20 10:45:15,2025-01-27,"1 (BYO) KWG - Orders Only (Weekly Shares)","Combined CSA","Kirkwood Pickup","Valley Park","MO","63088",0,"Automatic","Purple","Not on Hold","Kirkwood - Thursday","Debit on Delivery",0,0,0,2025-01-30,2025-12-18,NA,2026-05-08,797
2026-04-13 17:38:00,2022-07-23,"1 (BYO) KWG - Orders Only (Weekly Shares)","Combined CSA","Kirkwood Pickup","St. Louis","MO","63123",0,"Automatic","Purple","Not on Hold","Kirkwood - Thursday","Debit on Delivery",0,0,0,2022-07-28,2026-02-26,NA,2026-05-08,405
2026-02-26 03:55:17,2020-02-09,"1 (BYO) UCG - Orders Only","Combined CSA","UCity Pickup","Overland","MO","63114",0,"Automatic","None","Not on Hold","UCity - Wednesday","Debit on Delivery",0,0,0,2020-02-12,2026-02-25,NA,2026-05-08,1713
2026-05-01 10:14:25,2025-04-10,"1 Half (Half Share - ODD week)","Combined CSA","FSE","Saint Lohis","MO","63109",300,"Automatic","Orange","Temp Hold","Fair Shares - Thursday - Thursday","$150",0,0,0,2025-04-17,2026-04-30,NA,2026-05-08,587
2026-05-07 03:57:52,2024-07-23,"1 Mini (Weekly Shares)","Combined CSA","UCM","Olivette","MO","63132",220.71,"Automatic","None","Not on Hold","UCity - Wednesday","$150",0,0,0,2024-07-31,2026-05-06,NA,2026-05-08,598
2026-02-05 12:06:26,2020-04-14,"1 (BYO) KWG - Orders Only (Weekly Shares)","Combined CSA","Kirkwood Pickup","St. louis","MO","63128",0,"Automatic","None","Not on Hold","Kirkwood - Thursday","Debit on Delivery",0,0,0,2020-04-23,2025-11-27,NA,2026-05-08,510
2026-04-30 03:53:07,2020-04-25,"1 Half (Half Share - ODD week)","Combined CSA","FSB","Saint Louis","MO","63143",162.81,"Automatic","Green Orange","Not on Hold","Fair Shares - Wednesday  - Wednesday","$150",0,0,0,2020-04-29,2026-04-29,NA,2026-05-08,1272
2025-12-19 10:22:38,2023-03-22,"1 (BYO) UCG - Orders Only","Combined CSA","UCity Pickup","St. Louis","MO","63130",0,"Automatic","None","Not on Hold","UCity - Wednesday","Debit on Delivery",0,0,0,2023-03-29,2025-12-03,NA,2026-05-08,998
2026-03-17 10:26:25,2020-03-24,"1  (BYO) FSG - Orders Only","Combined CSA","Fair Shares Wednesday Pickup","St. Louis","MO","63105-3044",241.94,"Automatic","Purple","Not on Hold","Fair Shares - Wednesday  - Wednesday","Debit on Delivery",0,0,0,2020-03-25,2024-09-11,NA,2026-05-08,9
2026-04-04 03:47:18,2020-10-13,"1  (BYO) FSG - Orders Only","Combined CSA","Fair Shares Wednesday Pickup","Saint Louis","MO","63116",0,"Automatic","None","Not on Hold","Fair Shares - Wednesday  - Wednesday","Debit on Delivery",0,0,0,2020-10-22,2026-01-28,NA,2026-05-08,1537
2026-05-08 02:19:05,2020-03-31,"0 Whole MILK, 1 FSA/FSD","Combined CSA","FSD","Ballwin","MO","63021",111.68,"Automatic","Green","Not on Hold","Fair Shares - Thursday - Thursday","$300",0,0,0,2020-04-02,2026-05-07,NA,2026-05-08,900
2024-10-25 02:40:17,2024-07-09,"1  (BYO) FSG - Orders Only","Combined CSA","Fair Shares Thursday Pickup","St. Louis","MO","63118",0.07,"Automatic","Purple","Not on Hold","Fair Shares - Thursday - Thursday","Debit on Delivery",0,0,0,2024-07-17,2024-10-24,NA,2026-05-08,697
2026-04-22 02:07:20,2020-05-03,"1 (BYO) KWG - Orders Only (Weekly Shares)","Combined CSA","Kirkwood Pickup","St. Louis","MO","63146",0,"Automatic","Payment","Not on Hold","Kirkwood - Thursday","Debit on Delivery",0,0,0,2020-05-06,2025-11-06,NA,2026-05-08,1832
2026-05-08 02:19:05,2020-04-10,"1 Half (Half Share - EVEN week), 1 No Produce - Order Only (odd wk)","Combined CSA","KWB","Kirkwood","MO","63122",152.47,"Automatic","Purple","Not on Hold","Kirkwood - Thursday","$600",0,0,0,2020-04-16,2026-05-07,NA,2026-05-08,473
2026-03-27 07:59:57,2017-07-20,"1  (BYO) FSG - Orders Only","Combined CSA","Fair Shares Wednesday Pickup","St. Louis","MO","63108",0,"Automatic","None","Not on Hold","Fair Shares - Wednesday  - Wednesday","Debit on Delivery",0,0,0,2017-08-17,2022-02-16,NA,2026-05-08,214
2025-12-11 11:05:18,2017-08-08,"1  (BYO) FSG - Orders Only","Combined CSA","Fair Shares Wednesday Pickup","St. Louis","MO","63129",0,"Automatic","None","Not on Hold","Fair Shares - Wednesday  - Wednesday","Debit on Delivery",0,0,0,2017-08-16,2025-11-26,NA,2026-05-08,592
2020-10-08 11:40:54,2020-05-02,"1  (BYO) FSG - Orders Only","Combined CSA","Fair Shares Wednesday Pickup","Webster Groves","MO","63119",0,"Automatic","None","Not on Hold","Fair Shares - Wednesday  - Wednesday","Debit on Delivery",0,0,0,2020-05-06,2020-10-07,NA,2026-05-08,625
2026-05-08 02:19:05,2017-07-18,"1 Mini (Weekly Shares)","Combined CSA","FSMini-t","St. Louis","MO","63139",1196.67,"Automatic","None","Not on Hold","Fair Shares - Thursday - Thursday","$600",0,0,0,2017-08-16,2026-05-07,NA,2026-05-08,1431
2026-04-23 19:40:06,2026-02-19,"1 Two Week Trial of Mini Share","Combined CSA","2 Wk Trial at FS Mothership Thursday","St louis","MO","63129",0,"Automatic","None","Hold","Fair Shares Trial Thursday - Thursday","Debit on Delivery",0,0,0,NA,NA,NA,2026-05-08,301
2025-07-22 14:11:26,2025-03-07,"1  (BYO) FSG - Orders Only","Combined CSA","Fair Shares Thursday Pickup","Manchester","MO","63021",149.9,"Automatic","Orange","Not on Hold","Fair Shares - Thursday - Thursday","Debit on Delivery",0,0,0,2025-04-03,2025-07-10,NA,2026-05-08,331
2026-05-06 10:23:54,2020-04-07,"1 Half (Half Share - ODD week)","Combined CSA","FSB","St. Louis","MO","63116",0,"Automatic","Green Orange","Not on Hold","Fair Shares - Wednesday  - Wednesday","Debit on Delivery",0,0,0,2020-04-09,2026-02-25,NA,2026-05-08,1896
2025-07-18 02:39:03,2017-07-20,"1  (BYO) FSG - Orders Only","Combined CSA","Fair Shares Thursday Pickup","St. Louis","MO","63104",486.68,"Automatic","Blue","Not on Hold","Fair Shares - Thursday - Thursday","Debit on Delivery",0,0,0,2017-08-17,2025-07-17,NA,2026-05-08,1169
2026-04-22 02:07:20,2018-05-04,"1  (BYO) FSG - Orders Only","Combined CSA","Fair Shares Wednesday Pickup","Saint Louis","MO","63104",0,"Automatic","Payment","Hold","Fair Shares - Wednesday  - Wednesday","Debit on Delivery",0,0,0,2018-05-09,2024-04-03,NA,2026-05-08,1109
2024-09-20 02:42:40,2021-04-07,"1 (BYO) KWG - Orders Only (Weekly Shares)","Combined CSA","Kirkwood Pickup","Saint Louis","MO","63122",27.49,"Automatic","None","Not on Hold","Kirkwood - Thursday","Debit on Delivery",0,0,0,2021-04-15,2024-09-19,NA,2026-05-08,269
2021-04-02 03:54:26,2019-08-14,"1 (BYO) UCG - Orders Only","Combined CSA","UCity Pickup","Saint Louis","MO","63130",0,"Automatic","Purple","Not on Hold","UCity - Wednesday","Debit on Delivery",0,0,0,2019-08-28,2021-03-31,NA,2026-05-08,1564
2026-05-07 03:57:58,2022-07-26,"1 Half (Half Share - EVEN week)","Combined CSA","UCB","U-City","MO","63132",204.29,"Automatic","Green Purple","Not on Hold","UCity - Wednesday","$150",0,0,0,2022-08-04,2026-05-06,NA,2026-05-08,317
2024-11-27 10:14:28,2024-03-06,"1  (BYO) FSG - Orders Only","Combined CSA","Fair Shares Thursday Pickup","Saint Louis","MO","63111",0,NA,"None","Not on Hold","Fair Shares - Thursday - Thursday",NA,0,0,0,2024-03-07,2024-11-28,NA,2026-05-08,1744
2026-05-07 12:08:05,2017-07-18,"1 No Produce - Order Only (even wk), 0 2% MILK, 1 Half (Half Share - ODD week)","Combined CSA","FSE","St. Louis","MO","63110",551.82,"Automatic","Blue Orange","Not on Hold","Fair Shares - Thursday - Thursday","$600",0,0,0,2017-08-23,2026-05-07,NA,2026-05-08,31
2026-05-07 03:57:49,2026-03-26,"2 Guest Access","Combined CSA","UCA","Saint Louis","MO","63130",0,"Automatic","None","Not on Hold","UCity - Wednesday","Debit on Delivery",0,0,0,2026-04-29,2026-05-06,NA,2026-05-08,849
2026-02-26 14:28:01,2024-09-03,"1  (BYO) FSG - Orders Only","Combined CSA","Fair Shares Thursday Pickup","St. Louis","MO","63108",0,NA,"None","Not on Hold","Fair Shares - Thursday - Thursday",NA,0,0,0,2024-09-04,2026-02-26,NA,2026-05-08,556
2026-05-07 02:27:45,2026-01-30,"1 UCA/KWA","Combined CSA","UCA","University City","MO","63130",101.94,"Automatic","None","Not on Hold","UCity - Wednesday","$300",0,0,0,2026-02-04,2026-05-06,NA,2026-05-08,244
2025-06-14 11:17:17,2019-11-03,"1  (BYO) FSG - Orders Only","Combined CSA","Fair Shares Thursday Pickup","St. louis","MO","63117",442.73,"Automatic","None","Not on Hold","Fair Shares - Thursday - Thursday","Debit on Delivery",0,0,0,2019-11-07,2025-06-12,NA,2026-05-08,1472
2026-05-01 10:19:47,2020-07-07,"1  (BYO) FSG - Orders Only","Combined CSA","Fair Shares Wednesday Pickup","Webster Groves","MO","63119",0,"Automatic","Green","Not on Hold","Fair Shares - Wednesday  - Wednesday","Debit on Delivery",0,0,0,2020-07-16,2026-02-25,NA,2026-05-08,1387
2026-04-26 10:22:37,2017-07-20,"1  (BYO) FSG - Orders Only","Combined CSA","Kirkwood Pickup","St. Louis","MO","63141",0,"Automatic","None","Hold","Kirkwood - Thursday","Debit on Delivery",0,0,0,2017-08-17,2026-02-26,NA,2026-05-08,1145
2026-04-29 12:54:13,2023-02-02,"1 (BYO) KWG - Orders Only (Weekly Shares)","Combined CSA","Kirkwood Pickup","High Ridge","MO","63049",96.99,"Automatic","None","Not on Hold","Kirkwood - Thursday","Debit on Delivery",0,0,0,2023-02-09,2026-02-26,NA,2026-05-08,1132
2021-11-29 10:06:05,2017-07-20,"1 (BYO) KWG - Orders Only (Weekly Shares)","Combined CSA","Kirkwood Pickup","Chesterfield","MO","63017",0,"Automatic","Orange","Not on Hold","Kirkwood - Thursday","Debit on Delivery",0,0,0,2017-08-17,2021-11-25,NA,2026-05-08,466
2021-08-16 10:08:35,2020-08-11,"1  (BYO) FSG - Orders Only","Combined CSA","Fair Shares Thursday Pickup","St. Louis","MO","63108",0,"Automatic","None","Not on Hold","Fair Shares - Thursday - Thursday","Debit on Delivery",0,0,0,2020-08-20,2021-08-12,NA,2026-05-08,142
2026-03-27 07:33:17,2020-05-18,"1  (BYO) FSG - Orders Only","Combined CSA","Fair Shares Wednesday Pickup","St. Louis","MO","63118",0,"Automatic","Green","Not on Hold","Fair Shares - Wednesday  - Wednesday",NA,0,0,0,2020-05-21,2023-05-10,NA,2026-05-08,1573
2022-12-18 08:03:21,2017-07-18,"1 Guest Access","Combined CSA","Fair Shares Wednesday Pickup","St. Louis","MO","63104",0,"Automatic","None","Not on Hold","Fair Shares - Wednesday  - Wednesday","Debit on Delivery",0,0,0,2017-08-16,2022-12-14,NA,2026-05-08,1032
2026-04-02 13:08:14,2023-05-24,"1  (BYO) FSG - Orders Only","Combined CSA","Fair Shares Wednesday Pickup","St. louis","MO","63139",0,"Automatic","Green Orange","Not on Hold","Fair Shares - Wednesday  - Wednesday","Debit on Delivery",0,0,0,2023-05-31,2026-02-18,NA,2026-05-08,624
2026-05-02 02:07:02,2017-07-18,"1 Half (Half Share - ODD week), 1 No Produce - Order Only (even wk)","Combined CSA","FSE","St. Louis","MO","63124",151.89,"Automatic","Blue Orange","Not on Hold","Fair Shares - Thursday - Thursday","$150",0,0,0,2017-08-24,2026-04-30,NA,2026-05-08,979
2026-05-07 02:27:45,2017-07-18,"1 UCA/KWA","Combined CSA","UCA","St. Louis","63105","MO",139.52,"Automatic","None","Not on Hold","UCity - Wednesday","$300",0,0,0,2017-08-16,2026-05-06,NA,2026-05-08,125
2026-05-01 07:24:04,2026-04-14,"1 Half (Half Share - ODD week)","Combined CSA","KWB","St. Louis","MO","63126",217.82,"Automatic","Orange","Not on Hold","Kirkwood - Thursday","$300",0,0,0,2026-04-30,2026-04-30,NA,2026-05-08,82
2024-06-28 03:55:31,2017-07-20,"1  (BYO) FSG - Orders Only","Combined CSA","Fair Shares Thursday Pickup","St. Louis","MO","63104",134.04,"Automatic","None","Not on Hold","Fair Shares - Thursday - Thursday","Debit on Delivery",0,0,0,2017-08-17,2024-06-27,NA,2026-05-08,867
2025-06-13 02:35:37,2019-01-06,"1  (BYO) FSG - Orders Only","Combined CSA","Fair Shares Thursday Pickup","Saint Louis","MO","63110",94.86,"Automatic","Orange","Not on Hold","Fair Shares - Thursday - Thursday","Debit on Delivery",0,0,0,2019-01-09,2025-06-12,NA,2026-05-08,1246
2021-09-15 03:44:25,2020-04-24,"1  (BYO) FSG - Orders Only","Combined CSA","Fair Shares Wednesday Pickup","St. Louis","MO","63119",0,"Automatic","Green","Not on Hold","Fair Shares - Wednesday  - Wednesday","Debit on Delivery",0,0,0,2020-04-29,2021-09-08,NA,2026-05-08,1031
2026-05-07 12:05:58,2020-01-02,"1 BYO - No Share, Order Only (Weekly Shares)","Combined CSA","Fair Shares Thursday Pickup","St. Louis","MO","63116",0,"Automatic","Blue Purple","Not on Hold","Fair Shares - Thursday - Thursday","Debit on Delivery",0,0,0,2020-01-16,2026-02-26,NA,2026-05-08,1424
2026-04-30 03:52:59,2017-07-18,"1 Half (Half Share - ODD week)","Combined CSA","UCB","St. Louis","MO","63108",187.03,"Automatic","Orange","Not on Hold","UCity - Wednesday","$150",0,0,0,2017-08-23,2026-04-29,NA,2026-05-08,911
2026-03-30 10:42:35,2017-07-20,"1 BYO - No Share, Order Only (Weekly Shares)","Combined CSA","Fair Shares Thursday Pickup","St. Louis","63110","MO",0,NA,"None","Not on Hold","Fair Shares - Thursday - Thursday",NA,0,0,0,2019-11-28,2024-09-05,NA,2026-05-08,1805
2020-10-19 09:55:40,2017-07-18,"1  (BYO) FSG - Orders Only","Combined CSA","Fair Shares Wednesday Pickup","St. Louis","MO","63118",0,"Automatic","Purple","Not on Hold","Fair Shares - Wednesday  - Wednesday","Debit on Delivery",0,0,0,2017-08-16,2020-10-14,NA,2026-05-08,427
2026-05-06 15:24:40,2026-05-06,"1  (BYO) FSG - Orders Only","Combined CSA","Fair Shares Thursday Pickup","St. Louis","MO","63119",0,NA,"None","Not on Hold","Fair Shares - Thursday - Thursday",NA,0,0,0,NA,NA,NA,2026-05-08,382
2026-03-27 07:03:03,2025-04-16,"1  (BYO) FSG - Orders Only","Combined CSA","Fair Shares Wednesday Pickup","St. Louis","MO","63118",0,NA,"None","Not on Hold","Fair Shares - Wednesday  - Wednesday",NA,0,0,0,2025-04-23,2026-01-14,NA,2026-05-08,94
2026-03-27 07:36:36,2020-04-17,"1  (BYO) FSG - Orders Only","Combined CSA","Fair Shares Wednesday Pickup","Saint Louis","MO","63109",0,"Automatic","Green","Not on Hold","Fair Shares - Wednesday  - Wednesday","Debit on Delivery",0,0,0,2020-04-23,2021-02-03,NA,2026-05-08,222
2026-05-07 02:27:45,2017-07-20,"1 FSA/FSD","Combined CSA","FSA","St. Louis","MO","63110",279.47,"Automatic","None","Not on Hold","Fair Shares - Wednesday  - Wednesday","$150",0,0,0,2017-08-17,2026-05-06,NA,2026-05-08,704
2026-04-27 17:04:54,2017-07-18,"1  (BYO) FSG - Orders Only","Combined CSA","Fair Shares Wednesday Pickup","St. Louis","MO","63108",113.88,"Automatic","Orange","Not on Hold","Fair Shares - Wednesday  - Wednesday","Debit on Delivery",0,0,0,2017-08-23,2026-02-18,NA,2026-05-08,1284
2026-04-20 13:32:58,2020-12-04,"1  (BYO) FSG - Orders Only","Combined CSA","Fair Shares Wednesday Pickup","St. Louis","MO","63104",0.01,"Automatic","Green","Not on Hold","Fair Shares - Wednesday  - Wednesday","Debit on Delivery",0,0,0,2020-12-10,2023-02-01,NA,2026-05-08,1418
2023-10-25 07:20:56,2023-01-01,"1  (BYO) FSG - Orders Only","Combined CSA","Fair Shares Wednesday Pickup","Saint Louis","MO","63104",0,"Automatic","Green","Not on Hold","Fair Shares - Wednesday  - Wednesday","Debit on Delivery",0,0,0,2023-01-05,2023-10-18,NA,2026-05-08,1115
2026-04-26 10:21:56,2017-07-18,"1 (BYO) UCG - Orders Only","Combined CSA","UCity Pickup","St. Louis","63130","MO",0,"Automatic","None","Hold","UCity - Wednesday","Debit on Delivery",0,0,0,2017-08-16,2026-02-25,NA,2026-05-08,479
2026-04-09 11:52:54,2019-09-04,"1  (BYO) FSG - Orders Only","Combined CSA","Fair Shares Thursday Pickup","Webster Groves","MO","63119",0,"Automatic","None","Not on Hold","Fair Shares - Thursday - Thursday","Debit on Delivery",0,0,0,2019-09-11,2026-02-26,NA,2026-05-08,710
2026-04-14 08:26:22,2019-04-17,"1  (BYO) FSG - Orders Only","Combined CSA","Fair Shares Thursday Pickup","St. Louis","MO","63123",0,"Automatic","Orange","Not on Hold","Fair Shares - Thursday - Thursday","Debit on Delivery",0,0,0,2019-04-24,2026-02-19,NA,2026-05-08,1786
2024-03-07 15:26:47,2022-10-06,"1 (BYO) KWG - Orders Only (Weekly Shares)","Combined CSA","Fair Shares Thursday Pickup","kirkwood","MO","63122",0,NA,"None","Not on Hold","Fair Shares - Thursday - Thursday","Debit on Delivery",0,0,0,2022-10-27,2024-03-07,NA,2026-05-08,393
2026-01-22 03:56:27,2025-03-24,"1 (BYO) UCG - Orders Only","Combined CSA","UCity Pickup","St. Louis","MO","63130",0,"Automatic","Orange","Not on Hold","UCity - Wednesday","Debit on Delivery",0,0,0,2025-04-02,2026-01-21,NA,2026-05-08,49
2020-12-18 03:54:16,2017-07-18,"1 BYO - No Share, Order Only (Weekly Shares)","Combined CSA","Fair Shares Thursday Pickup","St. Louis","MO","63103",180.62,"Automatic","Orange","Not on Hold","Fair Shares - Thursday - Thursday","Debit on Delivery",0,0,0,2017-08-24,2020-12-17,NA,2026-05-08,956
2025-05-02 14:34:46,2023-07-26,"1 (BYO) UCG - Orders Only","Combined CSA","UCity Pickup","St Louis","MO","63117",265.41,"Automatic","None","Hold","UCity - Wednesday","Debit on Delivery",0,0,0,2023-08-02,2025-03-05,NA,2026-05-08,905
2026-05-07 02:27:45,2022-07-24,"1 UCA/KWA","Combined CSA","UCA","Clayton","MO","63105",85.09,"Automatic","None","Not on Hold","UCity - Wednesday","$300",0,0,0,2022-07-27,2026-05-06,NA,2026-05-08,444
2026-04-28 02:07:30,2020-04-10,"1  (BYO) FSG - Orders Only","Combined CSA","Fair Shares Wednesday Pickup","St louis","MO","63116",0,"Automatic","Payment","Hold","Fair Shares - Wednesday  - Wednesday","Debit on Delivery",0,0,0,2020-04-15,2026-02-26,NA,2026-05-08,810
2026-04-02 11:46:40,2017-07-18,"1  (BYO) FSG - Orders Only","Combined CSA","Fair Shares Thursday Pickup","St. Louis","MO","62298",0,"Automatic","None","Not on Hold","Fair Shares - Thursday - Thursday","Debit on Delivery",0,0,0,2017-08-16,2026-02-26,NA,2026-05-08,1002
2026-03-27 07:05:55,2024-03-06,"1  (BYO) FSG - Orders Only","Combined CSA","Fair Shares Wednesday Pickup","St. Louis","MO","63116",0,"Automatic","None","Not on Hold","Fair Shares - Wednesday  - Wednesday","Debit on Delivery",0,0,0,2024-04-04,2024-12-04,NA,2026-05-08,1058
2026-03-27 07:57:50,2018-02-11,"1 BYO - No Share, Order Only (Weekly Shares)","Combined CSA","Fair Shares Wednesday Pickup","Saint Louis","MO","63103",0,NA,"None","Not on Hold","Fair Shares - Wednesday  - Wednesday","Debit on Delivery",0,0,0,2018-02-14,2019-11-27,NA,2026-05-08,426
2026-05-01 02:20:51,2017-07-18,"1 Half (Half Share - ODD week)","Combined CSA","FSE","Webster Groves","MO","63119",1194.35,"Automatic","Orange","Not on Hold","Fair Shares - Thursday - Thursday","$150",0,0,0,2017-08-16,2026-04-30,NA,2026-05-08,1268
2025-06-08 18:49:13,2023-03-19,"1  (BYO) FSG - Orders Only","Combined CSA","Fair Shares Thursday Pickup","St. Louis","MO","63110",42.52,"Automatic","Green Purple","Not on Hold","Fair Shares - Thursday - Thursday","Debit on Delivery",0,0,0,2023-03-30,2025-06-05,NA,2026-05-08,796
2026-05-01 02:20:51,2020-04-06,"1 Half (Half Share - ODD week)","Combined CSA","FSE","Saint Louis","MO","63118",188.73,"Automatic","Green Orange","Not on Hold","Fair Shares - Thursday - Thursday","Debit on Delivery",0,0,0,2020-04-09,2026-04-30,NA,2026-05-08,282
2026-05-08 02:19:05,2026-03-20,"1 Guest Access","Combined CSA","FSMini-t","Saint louis","MO","63139",-110.07,NA,"None","Not on Hold","Fair Shares - Thursday - Thursday",NA,0,0,0,2026-04-30,2026-05-07,NA,2026-05-08,237
2024-01-21 03:40:20,2019-08-21,"1  (BYO) FSG - Orders Only","Combined CSA","Fair Shares Thursday Pickup","Clayton","MO","63117",0,"Automatic","Blue Orange","Not on Hold","Fair Shares - Thursday - Thursday","Debit on Delivery",0,0,0,2019-09-04,2024-01-18,NA,2026-05-08,1605
2024-06-07 03:56:41,2021-03-20,"1 (BYO) KWG - Orders Only (Weekly Shares)","Combined CSA","Kirkwood Pickup","Kirkwood","MO","63122",0,"Automatic","Purple","Not on Hold","Kirkwood - Thursday","Debit on Delivery",0,0,0,2021-04-01,2024-06-06,NA,2026-05-08,1150
2023-07-13 03:55:55,2020-03-31,"1  (BYO) FSG - Orders Only","Combined CSA","Fair Shares Wednesday Pickup","St. Louis","MO","63109",0,"Automatic","Green Orange","Not on Hold","Fair Shares - Wednesday  - Wednesday","Debit on Delivery",0,0,0,2020-04-01,2023-07-12,NA,2026-05-08,1179
2026-05-07 02:27:45,2017-07-18,"1 FSA/FSD","Combined CSA","FSA","St. Louis","MO","63119",130.7,"Automatic","None","Not on Hold","Fair Shares - Wednesday  - Wednesday","$300",0,0,0,2017-08-16,2026-05-06,NA,2026-05-08,557
2026-03-10 11:24:15,2026-02-18,"1 Two Week Trial of Full Share","Combined CSA","2 Wk Trial at FS Mothership Thursday","St. Louis","MO","63118",0,"Automatic","None","Hold","Fair Shares Trial Thursday - Thursday","Debit on Delivery",0,0,0,NA,NA,NA,2026-05-08,336
2025-12-11 11:05:10,2019-11-05,"1  (BYO) FSG - Orders Only","Combined CSA","Fair Shares Thursday Pickup","St Louis","MO","63131",0,"Automatic","Purple","Not on Hold","Fair Shares - Thursday - Thursday","Debit on Delivery",0,0,0,2019-11-07,2025-10-30,NA,2026-05-08,1657
2026-04-02 11:50:04,2022-07-08,"1  (BYO) FSG - Orders Only","Combined CSA","Fair Shares Thursday Pickup","Brentwood","MO","63144",70.53,"Automatic","Green Purple","Not on Hold","Fair Shares - Thursday - Thursday","Debit on Delivery",0,0,0,2022-07-13,2026-02-26,NA,2026-05-08,1363
2026-03-27 07:49:12,2019-03-29,"1 BYO - No Share, Order Only (Weekly Shares)","Combined CSA","Fair Shares Wednesday Pickup","Saint Louis","MO","63139",0,"Automatic","None","Not on Hold","Fair Shares - Wednesday  - Wednesday","Debit on Delivery",0,0,0,2019-04-03,2019-10-30,NA,2026-05-08,1601
2026-05-01 02:20:51,2023-01-26,"1 Half (Half Share - ODD week), 1 No Produce - Order Only (even wk)","Combined CSA","KWB","Florissant","MO","63031",144.8,"Automatic","Orange","Not on Hold","Kirkwood - Thursday","$150",0,0,0,2023-02-02,2026-04-30,NA,2026-05-08,1489
2026-02-26 03:55:15,2021-02-14,"1 Half (Half Share - EVEN week)","Combined CSA","UCB","University City","MO","63130",0,"Automatic","Green Purple","Hold","UCity - Wednesday","Debit on Delivery",0,0,0,2021-02-24,2026-02-25,NA,2026-05-08,1126
2026-05-05 07:02:08,2021-10-11,"1 (BYO) KWG - Orders Only (Weekly Shares)","Combined CSA","Kirkwood Pickup","Chesterfield","MO","63017",64.37,"Automatic","None","Hold","Kirkwood - Thursday","Debit on Delivery",0,0,0,2021-10-14,2026-02-26,NA,2026-05-08,649
2021-11-01 09:24:43,2020-07-01,"1 (BYO) KWG - Orders Only (Weekly Shares)","Combined CSA","Kirkwood Pickup","Manchester","MO","63088",0,"Automatic","None","Not on Hold","Kirkwood - Thursday","Debit on Delivery",0,0,0,2020-07-09,2021-10-28,NA,2026-05-08,1881
2026-05-01 02:20:51,2021-05-20,"1 Half (Half Share - ODD week)","Combined CSA","KWB","Kirkwood","MO","63122",81.11,"Automatic","Orange","Not on Hold","Kirkwood - Thursday","$150",0,0,0,2021-05-27,2026-04-30,NA,2026-05-08,804
2026-04-20 10:31:27,2022-01-03,"1 (BYO) KWG - Orders Only (Weekly Shares)","Combined CSA","Kirkwood Pickup","Ballwin","MO","63021",98.75,"Automatic","Green Purple","Hold","Kirkwood - Thursday","Debit on Delivery",0,0,0,2022-01-13,2024-12-05,NA,2026-05-08,1784
2026-05-01 02:20:51,2020-04-14,"1 No Produce - Order Only (even wk), 1 Half (Half Share - ODD week)","Combined CSA","FSE","kirkwood","MO","63122",136.34,"Automatic","Orange","Not on Hold","Fair Shares - Thursday - Thursday","$150",0,0,0,2020-04-16,2026-04-30,NA,2026-05-08,699
2026-05-07 02:27:45,2023-06-25,"1 Half (Half Share - EVEN week)","Combined CSA","UCB","Saint Louis","MO","63132",108.58,"Automatic","Green Purple","Not on Hold","UCity - Wednesday","Debit on Delivery",0,0,0,2023-06-28,2026-05-06,NA,2026-05-08,708
2023-12-06 10:10:00,2023-01-08,"1  (BYO) FSG - Orders Only","Combined CSA","Fair Shares Thursday Pickup","St. Louis","MO","63108",92.17,"Automatic","Green","Not on Hold","Fair Shares - Thursday - Thursday","Debit on Delivery",0,0,0,2023-01-12,2023-11-30,NA,2026-05-08,1661
2026-04-26 11:12:29,2020-04-25,"1 (BYO) KWG - Orders Only (Weekly Shares)","Combined CSA","Kirkwood Pickup","Crestwood","MO","63126",64.37,"Automatic","None","Hold","Kirkwood - Thursday","Debit on Delivery",0,0,0,2020-04-30,2026-02-26,NA,2026-05-08,1206
2026-05-05 06:45:36,2017-07-20,"1  (BYO) FSG - Orders Only","Combined CSA","Fair Shares Thursday Pickup","St. Louis","63119","63116",0.01,"Automatic","None","Hold","Fair Shares - Thursday - Thursday","Debit on Delivery",0,0,0,2017-08-17,2026-02-26,NA,2026-05-08,579
2025-05-04 08:01:50,2025-04-10,"1 Guest Access","Combined CSA","UCity Pickup","St. Louis","MO","63130",0,"Automatic","None","Not on Hold","UCity - Wednesday","Debit on Delivery",0,0,0,2025-04-16,2025-04-30,NA,2026-05-08,255
2026-03-27 07:25:23,2020-10-07,"1  (BYO) FSG - Orders Only","Combined CSA","Fair Shares Wednesday Pickup","Saint Louis","MO","63103",0,"Automatic","Green Orange","Not on Hold","Fair Shares - Wednesday  - Wednesday","Debit on Delivery",0,0,0,2020-10-15,2022-02-09,NA,2026-05-08,534
2026-04-20 13:33:30,2020-08-31,"1  (BYO) FSG - Orders Only","Combined CSA","Fair Shares Wednesday Pickup","Saint Louis","MO","63108",0.01,"Automatic","Green","Not on Hold","Fair Shares - Wednesday  - Wednesday","Debit on Delivery",0,0,0,2020-09-09,2021-10-27,NA,2026-05-08,817
2026-05-08 02:19:05,2017-07-18,"1 FSA/FSD, 0 Whole MILK","Combined CSA","FSD","St. Louis","MO","63109",252.17,"Automatic","None","Not on Hold","Fair Shares - Thursday - Thursday","$300",0,0,0,2017-08-16,2026-05-07,NA,2026-05-08,636
2026-05-07 03:57:48,2017-07-18,"1 Mini (Weekly Shares)","Combined CSA","UCM","St. Louis","63130","63130",128.18,"Automatic","None","Not on Hold","UCity - Wednesday","$150",0,0,0,2017-08-16,2026-05-06,NA,2026-05-08,356
2025-01-30 03:49:30,2022-07-28,"1  (BYO) FSG - Orders Only","Combined CSA","Fair Shares Wednesday Pickup","St. Louis","MO","63105",0,"Automatic","Green Purple","Not on Hold","Fair Shares - Wednesday  - Wednesday","Debit on Delivery",0,0,0,2022-08-03,2025-01-29,NA,2026-05-08,74
2026-04-29 05:36:21,2025-10-12,"1  (BYO) FSG - Orders Only","Combined CSA","Fair Shares Wednesday Pickup","St. Louis","MO","63108",65.41,"Automatic","Orange","Hold","Fair Shares - Wednesday  - Wednesday","Debit on Delivery",0,0,0,2025-10-15,2026-02-18,NA,2026-05-08,642
2026-04-07 03:42:31,2020-04-19,"1  (BYO) FSG - Orders Only","Combined CSA","Fair Shares Thursday Pickup","Fenton","MO","63026",0,"Automatic","Orange","Not on Hold","Fair Shares - Thursday - Thursday","Debit on Delivery",0,0,0,2020-04-23,2026-02-26,NA,2026-05-08,1436
2026-04-26 22:16:07,2021-03-16,"1  (BYO) FSG - Orders Only","Combined CSA","Fair Shares Thursday Pickup","Kirkwood","MO","63122",0.01,"Automatic","None","Hold","Fair Shares - Thursday - Thursday","Debit on Delivery",0,0,0,2021-03-24,2026-02-26,NA,2026-05-08,127
2026-05-08 02:19:05,2020-04-22,"1 Mini (Weekly Shares)","Combined CSA","UCM","St. louis","MO","63130",177.91,"Automatic","None","Not on Hold","UCity - Wednesday","$150",0,0,0,2020-04-29,2026-05-06,NA,2026-05-08,418
2026-05-04 08:02:34,2023-12-28,"1  (BYO) FSG - Orders Only","Combined CSA","Fair Shares Thursday Pickup","St. Louis","MO","63116",0,"Automatic","None","Hold","Fair Shares - Thursday - Thursday","Debit on Delivery",0,0,0,2024-01-04,2026-02-26,NA,2026-05-08,941
2021-08-05 03:55:55,2020-06-20,"1 (BYO) UCG - Orders Only","Combined CSA","UCity Pickup","St. Louis","MO","63130",0,"Automatic","Blue Orange","Not on Hold","UCity - Wednesday","Debit on Delivery",0,0,0,2020-06-24,2021-08-04,NA,2026-05-08,1693
2025-10-24 03:57:05,2020-08-25,"1 (BYO) KWG - Orders Only (Weekly Shares)","Combined CSA","Kirkwood Pickup","Des Peres","MO","63131",0,"Automatic","Green","Not on Hold","Kirkwood - Thursday","Debit on Delivery",0,0,0,2020-09-03,2025-10-23,NA,2026-05-08,19
2021-05-08 09:08:44,2021-04-10,"1 Guest Access","Combined CSA","Fair Shares Thursday Pickup","Saint Louis","MO","63110",0,"Automatic","None","Not on Hold","Fair Shares - Thursday - Thursday","Debit on Delivery",0,0,0,2021-04-15,2021-04-22,NA,2026-05-08,169
2026-05-08 02:19:05,2020-04-14,"1 FSA/FSD","Combined CSA","FSD","St. Louis","MO","63119",136.17,"Automatic","Green","Not on Hold","Fair Shares - Thursday - Thursday","$300",0,0,0,2020-04-16,2026-05-07,NA,2026-05-08,1857
2026-04-08 15:36:14,2017-07-18,"1  (BYO) FSG - Orders Only","Combined CSA","Fair Shares Wednesday Pickup","St. Louis","MO","63116",35.06,"Automatic","Purple","Not on Hold","Fair Shares - Wednesday  - Wednesday","Debit on Delivery",0,0,0,2017-08-16,2026-02-25,NA,2026-05-08,1380
2024-05-06 08:23:46,2023-05-12,"1  (BYO) FSG - Orders Only","Combined CSA","Fair Shares Thursday Pickup","Glendale","MO","63122",104.11,"Automatic","Green Purple","Not on Hold","Fair Shares - Thursday - Thursday","Debit on Delivery",0,0,0,2023-05-18,2023-11-30,NA,2026-05-08,801
2026-04-19 17:58:53,2017-07-18,"1  (BYO) FSG - Orders Only","Combined CSA","Fair Shares Wednesday Pickup","St. Louis","MO","63117",0,"Automatic","Orange","Not on Hold","Fair Shares - Wednesday  - Wednesday","Debit on Delivery",0,0,0,2017-08-16,2026-02-25,NA,2026-05-08,1309
2026-04-29 05:34:15,2020-03-23,"1 Half (Half Share - ODD week)","Combined CSA","FSB","St. Louis","MO","63119",153.56,"Automatic","Orange","Hold","Fair Shares - Wednesday  - Wednesday","Debit on Delivery",0,0,0,2020-03-26,2025-10-15,NA,2026-05-08,243
2026-01-04 08:16:10,2021-08-23,"1  (BYO) FSG - Orders Only","Combined CSA","Fair Shares Wednesday Pickup","St. Louis","MO","63110",0,"Automatic","Orange","Not on Hold","Fair Shares - Wednesday  - Wednesday","Debit on Delivery",0,0,0,2021-08-25,2025-12-10,NA,2026-05-08,975
2026-04-30 03:53:06,2017-07-18,"1 Half (Half Share - EVEN week)","Combined CSA","FSE","St. Louis","MO","63119",164.11,"Automatic","Purple","Hold","Fair Shares - Thursday - Thursday","$150",0,0,0,2017-08-16,2026-02-26,NA,2026-05-08,499
2026-04-02 10:45:52,2022-03-26,"1  (BYO) FSG - Orders Only","Combined CSA","Fair Shares Thursday Pickup","St Louis","MO","63118",0,"Automatic","Green Orange","Not on Hold","Fair Shares - Thursday - Thursday","Debit on Delivery",0,0,0,2022-03-31,2026-02-19,NA,2026-05-08,21
2026-04-30 02:26:17,2026-03-23,"1 Guest Access, 1 Half (Half Share - ODD week), 1 Half (ONCE 2026-05-13)","Combined CSA","FSB","St. Louis","MO","63110",-79.79,NA,"None","Not on Hold","Fair Shares - Wednesday  - Wednesday",NA,0,0,0,2026-04-29,2026-04-29,NA,2026-05-08,754
2022-07-14 03:54:48,2020-07-12,"1 (BYO) UCG - Orders Only","Combined CSA","UCity Pickup","St Louis, Missouri","MO","63130",0,"Automatic","Green","Not on Hold","UCity - Wednesday","Debit on Delivery",0,0,0,2020-07-15,2022-07-13,NA,2026-05-08,1870
2026-05-01 04:19:57,2020-07-22,"1 Half (Half Share - ODD week), 1 No Produce - Order Only (even wk)","Combined CSA","FSE","St. Louis","MO","63143",214.69,"Automatic","Green Blue Orange","Not on Hold","Fair Shares - Thursday - Thursday","$150",0,0,0,2020-07-30,2026-04-30,NA,2026-05-08,1719
2026-05-08 02:19:05,2025-03-15,"1 FSA/FSD","Combined CSA","FSD","Manchester","MO","63021",135.05,"Automatic","None","Not on Hold","Fair Shares - Thursday - Thursday","$300",0,0,0,2025-04-03,2026-05-07,NA,2026-05-08,293
2024-01-29 08:33:18,2022-07-20,"1  (BYO) FSG - Orders Only","Combined CSA","Fair Shares Thursday Pickup","saint Louis","MO","63139",95.63,"Automatic","Green","Not on Hold","Fair Shares - Thursday - Thursday","Debit on Delivery",0,0,0,2022-07-28,2024-01-25,NA,2026-05-08,165
2022-11-17 03:56:58,2020-03-24,"1  (BYO) FSG - Orders Only","Combined CSA","Fair Shares Wednesday Pickup","Ellisville","MO","63021",0,"Automatic","Green Orange","Not on Hold","Fair Shares - Wednesday  - Wednesday","Debit on Delivery",0,0,0,2020-03-25,2022-11-16,NA,2026-05-08,799
2020-12-17 04:00:45,2020-04-13,"1 (BYO) UCG - Orders Only","Combined CSA","UCity Pickup","St. Louis","MO","63130",0,"Automatic","None","Not on Hold","UCity - Wednesday","Debit on Delivery",0,0,0,2020-04-15,2020-12-16,NA,2026-05-08,767
2025-12-01 09:12:31,2024-08-23,"1  (BYO) FSG - Orders Only","Combined CSA","Fair Shares Wednesday Pickup","St. Louis","MO","63110",0,"Automatic","Purple","Not on Hold","Fair Shares - Wednesday  - Wednesday","Debit on Delivery",0,0,0,2024-08-28,2025-11-19,NA,2026-05-08,141
2026-03-27 07:36:10,2020-04-18,"1  (BYO) FSG - Orders Only","Combined CSA","Fair Shares Wednesday Pickup","St. Louis","MO","63146",0,"Automatic","Orange","Not on Hold","Fair Shares - Wednesday  - Wednesday","Debit on Delivery",0,0,0,2020-04-22,2021-11-03,NA,2026-05-08,7
2025-12-11 11:04:07,2022-07-09,"1  (BYO) FSG - Orders Only","Combined CSA","Fair Shares Thursday Pickup","St Louis","MO","63110",0,"Automatic","Green","Not on Hold","Fair Shares - Thursday - Thursday","Debit on Delivery",0,0,0,2022-07-21,2025-12-04,NA,2026-05-08,1375
2026-05-08 02:19:05,2017-07-18,"1 FSA/FSD","Combined CSA","FSD","St. Louis","MO","63110",124.25,"Automatic","None","Not on Hold","Fair Shares - Thursday - Thursday","$300",0,0,0,2017-08-17,2026-05-07,NA,2026-05-08,928
2026-02-26 03:54:45,2021-09-29,"1  (BYO) FSG - Orders Only","Combined CSA","UCity Pickup","St Louis","MO","63110",0,"Automatic","None","Not on Hold","UCity - Wednesday","Debit on Delivery",0,0,0,2021-10-13,2026-02-25,NA,2026-05-08,788
2026-01-30 02:18:58,2023-04-28,"1  (BYO) FSG - Orders Only","Combined CSA","Fair Shares Thursday Pickup","St. Louis","MO","63143",395.74,"Automatic","None","Not on Hold","Fair Shares - Thursday - Thursday","Debit on Delivery",0,0,0,2023-05-04,2026-01-29,NA,2026-05-08,529
2022-08-16 07:15:20,2021-03-12,"1  (BYO) FSG - Orders Only","Combined CSA","Fair Shares Wednesday Pickup","St. Louis","MO","63118",0,"Automatic","Purple","Hold","Fair Shares - Wednesday  - Wednesday","Debit on Delivery",0,0,0,2021-03-31,2022-02-16,NA,2026-05-08,109
2021-11-26 03:46:41,2018-09-20,"1 (BYO) KWG - Orders Only (Weekly Shares)","Combined CSA","Kirkwood Pickup","Saint Louis","MO","63122",0,"Automatic","None","Not on Hold","Kirkwood - Thursday","Debit on Delivery",0,0,0,2018-09-27,2021-11-25,NA,2026-05-08,164
2024-09-20 11:23:45,2020-04-12,"1 (BYO) UCG - Orders Only","Combined CSA","UCity Pickup","Richmond Heights","MO","63117",114.08,"Automatic","None","Not on Hold","UCity - Wednesday","Debit on Delivery",0,0,0,2020-04-15,2024-09-18,NA,2026-05-08,16
2023-02-03 03:52:22,2021-09-06,"1 (BYO) KWG - Orders Only (Weekly Shares)","Combined CSA","Kirkwood Pickup","Des Peres","MO","63131",0,"Automatic","Green Purple","Not on Hold","Kirkwood - Thursday","Debit on Delivery",0,0,0,2021-09-16,2023-02-02,NA,2026-05-08,1718
2023-12-29 03:51:26,2022-06-12,"1  (BYO) FSG - Orders Only","Combined CSA","Fair Shares Thursday Pickup","Chesterfield","MO","63017",0,"Automatic","None","Not on Hold","Fair Shares - Thursday - Thursday","Debit on Delivery",0,0,0,2022-06-16,2023-01-05,NA,2026-05-08,315
2021-03-29 19:17:19,2020-05-04,"1  (BYO) FSG - Orders Only","Combined CSA","Fair Shares Wednesday Pickup","St. Louis","MO","63110",0,"Automatic","Green Orange","Hold","Fair Shares - Wednesday  - Wednesday","Debit on Delivery",0,0,0,2020-05-07,2021-03-25,NA,2026-05-08,1372
2021-08-06 02:50:00,2020-07-27,"1  (BYO) FSG - Orders Only","Combined CSA","Fair Shares Thursday Pickup","St. Louis","MO","63105",7.42,"Automatic","Green","Not on Hold","Fair Shares - Thursday - Thursday","Debit on Delivery",0,0,0,2020-07-30,2021-08-05,NA,2026-05-08,1036
2025-08-14 10:55:09,2022-04-26,"1 BYO - No Share, Order Only (Weekly Shares)","Combined CSA","Fair Shares Thursday Pickup","St. Louis","MO","63118",0,NA,"None","Not on Hold","Fair Shares - Thursday - Thursday",NA,0,0,0,2025-08-14,2025-08-14,NA,2026-05-08,1359
2025-07-11 03:58:22,2024-01-07,"1  (BYO) FSG - Orders Only","Combined CSA","Fair Shares Thursday Pickup","St. Louis","MO","63139",0,"Automatic","Orange","Not on Hold","Fair Shares - Thursday - Thursday","Debit on Delivery",0,0,0,2024-01-11,2025-07-10,NA,2026-05-08,779
2026-05-08 03:50:49,2021-02-14,"1 Mini (Weekly Shares)","Combined CSA","FSMini-t","St. Louis","MO","63118",185.76,"Automatic","None","Not on Hold","Fair Shares - Thursday - Thursday","$150",0,0,0,2021-02-25,2026-05-07,NA,2026-05-08,1593
2026-01-23 03:53:07,2025-04-04,"1 (BYO) KWG - Orders Only (Weekly Shares)","Combined CSA","Kirkwood Pickup","St Louis","MO","63126",0,"Automatic","Purple","Not on Hold","Kirkwood - Thursday","Debit on Delivery",0,0,0,2025-04-10,2026-01-22,NA,2026-05-08,968
2025-12-07 17:42:10,2024-08-21,"1 (BYO) KWG - Orders Only (Weekly Shares)","Combined CSA","Kirkwood Pickup","Kirkwood","MO","63122",26.55,"Automatic","None","Not on Hold","Kirkwood - Thursday","Debit on Delivery",0,0,0,2024-08-29,2025-12-04,NA,2026-05-08,404
2023-11-10 03:57:47,2020-04-04,"1  (BYO) FSG - Orders Only","Combined CSA","Fair Shares Thursday Pickup","St. Louis","MO","63104",0,"Automatic","Green Purple","Not on Hold","Fair Shares - Thursday - Thursday","Debit on Delivery",0,0,0,2020-04-09,2023-11-09,NA,2026-05-08,1929
2026-03-27 08:02:50,2017-07-18,"1 BYO - No Share, Order Only (Weekly Shares)","Combined CSA","Fair Shares Wednesday Pickup","St. Louis","MO","63050",0,NA,"None","Hold","Fair Shares - Wednesday  - Wednesday",NA,0,0,0,2017-08-16,2018-02-28,NA,2026-05-08,1729
2026-04-22 02:07:20,2020-02-26,"1 (BYO) UCG - Orders Only","Combined CSA","UCity Pickup","St. Louis","MO","63105",0,"Automatic","Payment Orange","Not on Hold","UCity - Wednesday","Debit on Delivery",0,0,0,2020-03-25,2025-11-19,NA,2026-05-08,957
2026-04-20 10:38:50,2020-04-16,"1 (BYO) KWG - Orders Only (Weekly Shares)","Combined CSA","Kirkwood Pickup","St. Louis","MO","63126",122.46,"Automatic","Blue Orange","Hold","Kirkwood - Thursday","Debit on Delivery",0,0,0,2020-04-23,2021-11-04,NA,2026-05-08,386
2026-04-30 02:26:17,2020-03-02,"1 Half (Half Share - ODD week)","Combined CSA","FSB","St Louis","MO","63110",257.71,"Automatic","Orange","Not on Hold","Fair Shares - Wednesday  - Wednesday","$300",0,0,0,2020-03-25,2026-04-29,NA,2026-05-08,1045
2026-05-07 02:27:45,2017-07-18,"1 Mini (Weekly Shares)","Combined CSA","UCM","St. Louis","MO","63112",234,"Automatic","None","Not on Hold","UCity - Wednesday","$300",0,0,0,2017-08-16,2026-05-06,NA,2026-05-08,1559
2026-05-08 02:19:05,2026-04-09,"1 Guest Access, 1 FSA/FSD (ONCE 2026-05-14)","Combined CSA","FSD","Saint Louis","MO","63119",66.49,"Automatic","None","Not on Hold","Fair Shares - Thursday - Thursday","Debit on Delivery",0,0,0,2026-04-30,2026-05-07,NA,2026-05-08,238
2026-04-30 02:26:17,2017-07-18,"1 Half (Half Share - ODD week)","Combined CSA","UCB","St. Louis","MO","63105",128.72,"Automatic","Orange","Not on Hold","UCity - Wednesday","$300",0,0,0,2017-08-16,2026-04-29,NA,2026-05-08,430
2021-05-18 17:35:26,2021-04-01,"1 (BYO) UCG - Orders Only","Combined CSA","UCity Pickup","Florissant","MO","63031",0,"Automatic","None","Not on Hold","UCity - Wednesday","Debit on Delivery",0,0,0,2021-04-07,2021-05-12,NA,2026-05-08,2
2025-06-30 13:01:27,2022-03-18,"1  (BYO) FSG - Orders Only","Combined CSA","Fair Shares Wednesday Pickup","Saint Louis","MO","63139",0,"Automatic","Green","Not on Hold","Fair Shares - Wednesday  - Wednesday","Debit on Delivery",0,0,0,2022-03-23,2025-04-02,NA,2026-05-08,848
2024-06-02 20:22:54,2020-04-03,"1 (BYO) KWG - Orders Only (Weekly Shares)","Combined CSA","Kirkwood Pickup","Ballwin","MO","63021",141.95,"Automatic","Orange","Not on Hold","Kirkwood - Thursday","Debit on Delivery",0,0,0,2020-04-09,2024-05-30,NA,2026-05-08,1988
2020-05-04 09:33:13,2020-03-21,"1 Guest Access","Combined CSA","Fair Shares Wednesday Pickup","st. louis","MO","63110",0,NA,"None","Not on Hold","Fair Shares - Wednesday  - Wednesday",NA,0,0,0,NA,NA,NA,2026-05-08,664
2026-04-20 09:02:25,2024-07-08,"1  (BYO) FSG - Orders Only","Combined CSA","Fair Shares Thursday Pickup","Saint louis","MO","63110",0,"Automatic","Purple","Hold","Fair Shares - Thursday - Thursday","Debit on Delivery",0,0,0,2024-07-11,2024-07-18,NA,2026-05-08,477
2021-04-13 17:05:10,2020-08-21,"1  (BYO) FSG - Orders Only","Combined CSA","Fair Shares Wednesday Pickup","St. Louis","MO","63139",0,"Automatic","None","Hold","Fair Shares - Wednesday  - Wednesday","Debit on Delivery",0,0,0,2020-08-26,2021-02-03,NA,2026-05-08,702
2026-04-30 06:41:06,2020-09-08,"1 (BYO) UCG - Orders Only","Combined CSA","UCity Pickup","St. Louis","MO","63114",168.18,"Automatic","Green Orange","Not on Hold","UCity - Wednesday","Debit on Delivery",0,0,0,2020-09-16,2026-02-18,NA,2026-05-08,1741
2026-05-07 02:27:45,2017-07-18,"1 Half (Half Share - EVEN week)","Combined CSA","UCB","St. Louis","MO","63119",275.13,"Automatic","Purple","Not on Hold","UCity - Wednesday","$150",0,0,0,2017-08-16,2026-05-06,NA,2026-05-08,1410
2021-09-30 17:14:27,2021-04-14,"1 (BYO) KWG - Orders Only (Weekly Shares)","Combined CSA","Kirkwood Pickup","Saint Louis","MO","63127",0,"Automatic","Purple","Hold","Kirkwood - Thursday","Debit on Delivery",0,0,0,2021-04-29,2021-09-16,NA,2026-05-08,1492
2026-05-07 02:27:45,2019-10-23,"1 Half (Half Share - EVEN week)","Combined CSA","FSB","St. Louis","MO","63103",100.25,"Automatic","Purple","Not on Hold","Fair Shares - Wednesday  - Wednesday","$300",0,0,0,2019-10-23,2026-05-06,NA,2026-05-08,712
2024-11-21 02:32:04,2023-08-20,"1 (BYO) UCG - Orders Only","Combined CSA","UCity Pickup","St louis","MO","63130",39.16,"Automatic","None","Not on Hold","UCity - Wednesday","Debit on Delivery",0,0,0,2023-08-23,2024-11-20,NA,2026-05-08,989
2026-02-09 10:31:41,2018-04-22,"1 BYO - No Share, Order Only (Weekly Shares)","Combined CSA","Fair Shares Thursday Pickup","St. Louis","MO","63128",0,NA,"None","Hold","Fair Shares - Thursday - Thursday",NA,0,0,0,2018-04-26,2018-08-16,NA,2026-05-08,1265
2026-03-27 07:16:18,2022-06-28,"1  (BYO) FSG - Orders Only","Combined CSA","Fair Shares Wednesday Pickup","St. Louis","MO","63139",0,"Automatic","Purple","Not on Hold","Fair Shares - Wednesday  - Wednesday","Debit on Delivery",0,0,0,2022-07-06,2024-10-16,NA,2026-05-08,1814
2025-04-24 03:57:21,2017-07-18,"1  (BYO) FSG - Orders Only","Combined CSA","Fair Shares Wednesday Pickup","Columbia","IL","62236",0.01,"Automatic","None","Not on Hold","Fair Shares - Wednesday  - Wednesday","Debit on Delivery",0,0,0,2017-08-16,2025-04-23,NA,2026-05-08,1245
2026-03-27 07:40:35,2020-03-23,"1 BYO - No Share, Order Only (Weekly Shares)","Combined CSA","Fair Shares Wednesday Pickup","Saint louis","MO","63124",0,NA,"Green","Not on Hold","Fair Shares - Wednesday  - Wednesday",NA,0,0,0,2020-03-25,2020-06-17,NA,2026-05-08,95
2025-02-06 02:22:28,2024-04-01,"1 (BYO) UCG - Orders Only","Combined CSA","UCity Pickup","U City","MO","63130",65.57,"Automatic","None","Not on Hold","UCity - Wednesday","Debit on Delivery",0,0,0,2024-04-03,2025-02-05,NA,2026-05-08,117
2023-07-19 09:16:36,2020-09-17,"1 (BYO) KWG - Orders Only (Weekly Shares)","Combined CSA","Kirkwood Pickup","st louis","MO","63119",0,"Automatic","Green Orange","Not on Hold","Kirkwood - Thursday","Debit on Delivery",0,0,0,2020-09-30,2023-06-08,NA,2026-05-08,821
2022-06-07 15:24:19,2021-11-14,"1  (BYO) FSG - Orders Only","Combined CSA","Fair Shares Thursday Pickup","St. Louis","MO","63139",0,"Automatic","None","Not on Hold","Fair Shares - Thursday - Thursday","Debit on Delivery",0,0,0,2021-11-17,2022-06-01,NA,2026-05-08,419
2025-10-09 03:59:35,2020-04-24,"1  (BYO) FSG - Orders Only","Combined CSA","Fair Shares Wednesday Pickup","St louis","MO","63110",0,"Automatic","None","Not on Hold","Fair Shares - Wednesday  - Wednesday","Debit on Delivery",0,0,0,2020-04-29,2025-10-08,NA,2026-05-08,568
2026-04-18 20:20:29,2020-04-10,"1  (BYO) FSG - Orders Only","Combined CSA","Fair Shares Thursday Pickup","St. Louis","MO","63118",59.37,"Automatic","Green Purple","Not on Hold","Fair Shares - Thursday - Thursday","Debit on Delivery",0,0,0,2020-04-16,2026-02-26,NA,2026-05-08,1213
2026-05-08 02:19:05,2017-07-20,"1 FSA/FSD","Combined CSA","FSD","St. Louis","MO","63143",137.49,"Automatic","None","Not on Hold","Fair Shares - Thursday - Thursday","$300",0,0,0,2017-08-24,2026-05-07,NA,2026-05-08,761
2025-11-28 03:48:12,2021-09-11,"1  (BYO) FSG - Orders Only","Combined CSA","Fair Shares Thursday Pickup","St. Louis","MO","63104",0,"Automatic","Green","Not on Hold","Fair Shares - Thursday - Thursday","Debit on Delivery",0,0,0,2021-09-16,2025-11-27,NA,2026-05-08,204
2025-10-31 03:55:58,2023-01-11,"1  (BYO) FSG - Orders Only","Combined CSA","Fair Shares Thursday Pickup","St Charles","MO","63301",0,"Automatic","Green Purple","Not on Hold","Fair Shares - Thursday - Thursday","Debit on Delivery",0,0,0,2023-01-19,2025-10-30,NA,2026-05-08,1283
2024-09-09 08:42:44,2023-03-30,"1 (BYO) UCG - Orders Only","Combined CSA","UCity Pickup","Saint Louis","MO","63114",159.28,"Automatic","Purple","Not on Hold","UCity - Wednesday","Debit on Delivery",0,0,0,2023-04-05,2024-08-14,NA,2026-05-08,1445
2026-02-26 15:34:24,2024-05-15,"1  (BYO) FSG - Orders Only","Combined CSA","Fair Shares Thursday Pickup","St Louis","MO","63118",0,NA,"None","Not on Hold","Fair Shares - Thursday - Thursday",NA,0,0,0,2024-06-19,2026-02-26,NA,2026-05-08,580
2025-12-04 17:11:09,2017-07-20,"1  (BYO) FSG - Orders Only","Combined CSA","Fair Shares Thursday Pickup","St. Louis","MO","63124",43.61,"Automatic","None","Not on Hold","Fair Shares - Thursday - Thursday","Debit on Delivery",0,0,0,2017-08-17,2022-09-29,NA,2026-05-08,1374
2026-05-07 02:27:45,2017-07-18,"1 UCA/KWA, 0 2% MILK-e","Combined CSA","UCA","St. Louis","63143","63143",440.43,"Automatic","None","Not on Hold","UCity - Wednesday","$600",0,0,0,2017-08-16,2026-05-06,NA,2026-05-08,322
2026-03-27 07:20:27,2021-01-12,"1  (BYO) FSG - Orders Only","Combined CSA","Fair Shares Wednesday Pickup","Saint Louis","MO","63139",0,"Automatic","Green","Not on Hold","Fair Shares - Wednesday  - Wednesday","Debit on Delivery",0,0,0,2021-01-13,2021-10-27,NA,2026-05-08,1167
2026-05-07 03:57:50,2017-07-18,"1 Half (Half Share - EVEN week)","Combined CSA","UCB","St. Louis","63146","55555",211.96,"Automatic","Purple","Not on Hold","UCity - Wednesday","$150",0,0,0,2017-08-16,2026-05-06,NA,2026-05-08,371
2026-04-20 09:03:09,2018-08-22,"1  (BYO) FSG - Orders Only","Combined CSA","Fair Shares Thursday Pickup","St. Louis","MO","63126",220.39,"Automatic","Purple","Hold","Fair Shares - Thursday - Thursday","Debit on Delivery",0,0,0,2018-08-22,2024-01-11,NA,2026-05-08,993
2024-11-15 04:00:47,2020-06-17,"1 Guest Access, 1 BYO - No Share, Order Only (Weekly Shares)","Combined CSA","Fair Shares Thursday Pickup","Saint Louis","MO","63110",347.61,"Automatic","None","Not on Hold","Fair Shares - Thursday - Thursday","Debit on Delivery",0,0,0,2020-07-09,2024-11-14,NA,2026-05-08,827
2026-05-08 02:19:05,2023-04-06,"1 Mini (Weekly Shares)","Combined CSA","KWM","St. Louis","MO","63132",163.76,"Automatic","None","Not on Hold","Kirkwood - Thursday","$150",0,0,0,2023-04-12,2026-05-07,NA,2026-05-08,793
2026-01-04 02:07:04,2017-07-20,"1 (BYO) KWG - Orders Only (Weekly Shares)","Combined CSA","Kirkwood Pickup","St. Louis","MO","63119",0,"Automatic","None","Not on Hold","Kirkwood - Thursday","Debit on Delivery",0,0,0,2017-08-17,2025-08-21,NA,2026-05-08,743
2026-05-08 03:50:40,2017-07-18,"1 Half (Half Share - EVEN week), 1 No Produce - Order Only (odd wk)","Combined CSA","FSE","St. Louis","MO","63110",212.02,"Automatic","Payment Purple","Not on Hold","Fair Shares - Thursday - Thursday","$150",0,0,0,2017-08-16,2026-05-07,NA,2026-05-08,725
2026-04-02 12:39:41,2022-02-23,"1  (BYO) FSG - Orders Only","Combined CSA","Fair Shares Wednesday Pickup","St. Louis","MO","63116",0,"Automatic","Green","Not on Hold","Fair Shares - Wednesday  - Wednesday","Debit on Delivery",0,0,0,2022-03-23,2026-02-25,NA,2026-05-08,547
2026-03-27 07:15:37,2021-12-13,"1  (BYO) FSG - Orders Only","Combined CSA","Fair Shares Wednesday Pickup","St. Louis","MO","63123",0,NA,"Green","Hold","Fair Shares - Wednesday  - Wednesday","Debit on Delivery",0,0,0,2021-12-22,2022-10-12,NA,2026-05-08,1609
2026-03-27 07:30:44,2020-05-26,"1  (BYO) FSG - Orders Only","Combined CSA","Fair Shares Wednesday Pickup","St. Louis","MO","63119",0,NA,"None","Not on Hold","Fair Shares - Wednesday  - Wednesday","Debit on Delivery",0,0,0,2020-06-03,2025-01-15,NA,2026-05-08,1276
2026-05-01 02:20:51,2017-07-18,"1 Half (Half Share - ODD week), 1 No Produce - Order Only (even wk)","Combined CSA","FSE","St. Louis","63116","63116",121.5,"Automatic","Orange","Not on Hold","Fair Shares - Thursday - Thursday","$150",0,0,0,2017-08-24,2026-04-30,NA,2026-05-08,1977
2021-04-01 09:47:54,2020-03-25,"1  (BYO) FSG - Orders Only","Combined CSA","Fair Shares Thursday Pickup","St Louis","MO","63104",0,"Automatic","Green Purple","Not on Hold","Fair Shares - Thursday - Thursday","Debit on Delivery",0,0,0,2020-03-26,2021-02-25,NA,2026-05-08,1775
2025-10-30 03:59:39,2025-10-14,"1 Guest Access","Combined CSA","UCM","Saint Louis","MO","63130",0,"Automatic","None","Not on Hold","UCity - Wednesday","Debit on Delivery",0,0,0,2025-10-22,2025-10-29,NA,2026-05-08,755
2022-04-08 03:53:24,2020-05-05,"1  (BYO) FSG - Orders Only","Combined CSA","Fair Shares Thursday Pickup","St. Louis","MO","63118",0,"Automatic","Green","Not on Hold","Fair Shares - Thursday - Thursday","Debit on Delivery",0,0,0,2020-05-07,2022-04-07,NA,2026-05-08,890
2022-08-29 08:25:01,2020-04-09,"1  (BYO) FSG - Orders Only","Combined CSA","Fair Shares Wednesday Pickup","Webster Groves","MO","63119",0,"Automatic","Orange","Not on Hold","Fair Shares - Wednesday  - Wednesday","Debit on Delivery",0,0,0,2020-04-15,2022-08-24,NA,2026-05-08,897
2026-05-08 03:50:33,2019-06-04,"1 Mini (Weekly Shares)","Combined CSA","FSMini-t","St. Louis","MO","63109",189.62,"Automatic","None","Not on Hold","Fair Shares - Thursday - Thursday","$150",0,0,0,2019-06-06,2026-05-07,NA,2026-05-08,1941
2024-03-08 02:19:49,2022-11-27,"1 (BYO) KWG - Orders Only (Weekly Shares)","Combined CSA","Kirkwood Pickup","Kirkwood","MO","63122",41.54,"Automatic","Green","Not on Hold","Kirkwood - Thursday","Debit on Delivery",0,0,0,2022-12-01,2024-03-07,NA,2026-05-08,1293
2026-03-27 07:12:17,2022-03-15,"1  (BYO) FSG - Orders Only","Combined CSA","Fair Shares Wednesday Pickup","Webster Groves","MO","63119",0,"Automatic","None","Not on Hold","Fair Shares - Wednesday  - Wednesday","Debit on Delivery",0,0,0,2022-03-23,2022-07-27,NA,2026-05-08,882
2026-04-30 02:26:17,2024-04-01,"1 Half (Half Share - ODD week)","Combined CSA","UCB","Overland","MO","63114",129.42,"Automatic","Orange","Not on Hold","UCity - Wednesday","$300",0,0,0,2024-04-03,2026-04-29,NA,2026-05-08,482
2025-12-18 03:57:52,2025-05-01,"1 (BYO) UCG - Orders Only","Combined CSA","UCity Pickup","Ballwin","MO","63021",0,"Automatic","None","Not on Hold","UCity - Wednesday","Debit on Delivery",0,0,0,2025-05-07,2025-12-17,NA,2026-05-08,320
2026-05-07 03:57:49,2024-01-05,"1 Mini (Weekly Shares)","Combined CSA","FSMini-w","St. Louis","MO","63111",190.14,"Automatic","None","Not on Hold","Fair Shares - Wednesday  - Wednesday","$150",0,0,0,2024-01-11,2026-05-06,NA,2026-05-08,1879
2026-03-27 07:13:41,2022-02-27,"1  (BYO) FSG - Orders Only","Combined CSA","Fair Shares Wednesday Pickup","Belleville","IL","62223",0,"Automatic","None","Not on Hold","Fair Shares - Wednesday  - Wednesday","Debit on Delivery",0,0,0,2022-03-23,2022-06-29,NA,2026-05-08,457
2026-04-20 14:02:59,2017-07-18,"1  (BYO) FSG - Orders Only","Combined CSA","Fair Shares Wednesday Pickup","St. Louis","MO","63104",0.01,"Automatic","Purple","Not on Hold","Fair Shares - Wednesday  - Wednesday","Debit on Delivery",0,0,0,2017-08-16,2022-10-26,NA,2026-05-08,519
2026-04-20 13:31:40,2021-01-02,"1  (BYO) FSG - Orders Only","Combined CSA","Fair Shares Wednesday Pickup","Creve Coeur","MO","63141",0.01,"Automatic","Green Purple","Not on Hold","Fair Shares - Wednesday  - Wednesday","Debit on Delivery",0,0,0,2021-01-06,2023-02-01,NA,2026-05-08,1361
2026-05-07 02:27:45,2020-04-03,"1 Mini (Weekly Shares)","Combined CSA","FSMini-w","Affton","MO","63143",137.19,"Automatic","None","Not on Hold","Fair Shares - Wednesday  - Wednesday","$300",0,0,0,2020-04-08,2026-05-06,NA,2026-05-08,100
2021-01-18 09:34:22,2020-09-27,"1  (BYO) FSG - Orders Only","Combined CSA","Fair Shares Wednesday Pickup","St. Louis","MO","63118",0,"Automatic","Green Purple","Not on Hold","Fair Shares - Wednesday  - Wednesday","Debit on Delivery",0,0,0,2020-09-30,2021-01-06,NA,2026-05-08,1114
2026-05-01 02:20:51,2020-04-17,"1 Half (Half Share - ODD week)","Combined CSA","FSE","St. Louis","MO","63116",515.21,"Automatic","Orange","Not on Hold","Fair Shares - Thursday - Thursday","$600",0,0,0,2020-04-22,2026-04-30,NA,2026-05-08,566
2026-04-29 06:07:36,2017-07-18,"1  (BYO) FSG - Orders Only","Combined CSA","Fair Shares Wednesday Pickup","St. Louis","MO","63101",73.16,"Automatic","None","Not on Hold","Fair Shares - Wednesday  - Wednesday","Debit on Delivery",0,0,0,2017-08-16,2026-02-25,NA,2026-05-08,194
2026-02-15 20:19:58,2020-03-24,"1  (BYO) FSG - Orders Only","Combined CSA","Fair Shares Wednesday Pickup","Saint Louis","MO","63110",0,"Automatic","Green","Not on Hold","Fair Shares - Wednesday  - Wednesday","Debit on Delivery",0,0,0,2020-03-25,2026-02-11,NA,2026-05-08,422
2026-04-20 13:46:24,2019-08-20,"1  (BYO) FSG - Orders Only","Combined CSA","Fair Shares Wednesday Pickup","St. Louis","MO","63116",0.01,"Automatic","None","Not on Hold","Fair Shares - Wednesday  - Wednesday","Debit on Delivery",0,0,0,2019-08-28,2021-07-28,NA,2026-05-08,78
2024-08-19 14:45:49,2020-04-18,"1  (BYO) FSG - Orders Only","Combined CSA","Fair Shares Thursday Pickup","St. Louis","MO","63139",0,"Automatic","None","Not on Hold","Fair Shares - Thursday - Thursday","Debit on Delivery",0,0,0,2020-04-22,2024-05-09,NA,2026-05-08,646
2026-05-08 03:50:28,2017-07-18,"1 Half (Half Share - EVEN week), 1 No Produce - Order Only (odd wk)","Combined CSA","FSE","St. Louis","MO","63143",202.54,"Automatic","Purple","Not on Hold","Fair Shares - Thursday - Thursday","$150",0,0,0,2017-08-16,2026-05-07,NA,2026-05-08,1717
2026-05-08 02:19:05,2025-08-30,"1 Half (Half Share - ODD week), 1 No Produce - Order Only (even wk)","Combined CSA","FSE","Saint Louis","MO","63129",205.63,"Automatic","Orange","Not on Hold","Fair Shares - Thursday - Thursday","$150",0,0,0,2025-09-04,2026-05-07,NA,2026-05-08,885
2024-09-27 07:45:55,2020-03-24,"1 (BYO) UCG - Orders Only","Combined CSA","UCity Pickup","St Ann","MO","63074",211,"Automatic","Green","Not on Hold","UCity - Wednesday","Debit on Delivery",0,0,0,2020-03-25,2024-08-14,NA,2026-05-08,1924
2026-05-08 02:19:05,2023-02-09,"1 Half (Half Share - EVEN week)","Combined CSA","KWB","St. Louis","MO","63119",227.92,"Automatic","Green Purple","Not on Hold","Kirkwood - Thursday","$300",0,0,0,2023-02-16,2026-05-07,NA,2026-05-08,540
2019-08-29 02:38:50,2018-01-13,"1 BYO - No Share, Order Only (Weekly Shares)","Combined CSA","Fair Shares Wednesday Pickup","Villa Ridge","MO","63089",0,NA,"None","Not on Hold","Fair Shares - Wednesday  - Wednesday","Debit on Delivery",0,0,0,2018-01-18,2019-08-28,NA,2026-05-08,935
2026-04-02 11:13:34,2020-06-11,"1 (BYO) KWG - Orders Only (Weekly Shares)","Combined CSA","Kirkwood Pickup","Chesterfield","MO","63017",0.07,"Automatic","Orange","Not on Hold","Kirkwood - Thursday","Debit on Delivery",0,0,0,2020-06-18,2026-02-26,NA,2026-05-08,267
2026-05-08 03:50:20,2017-08-09,"0 2% MILK, 1 Mini (Weekly Shares)","Combined CSA","KWM","Webster Groves","MO","63119",182.26,"Automatic","None","Not on Hold","Kirkwood - Thursday","$150",0,0,0,2017-08-16,2026-05-07,NA,2026-05-08,192
2026-05-07 03:57:51,2017-07-18,"1 UCA/KWA","Combined CSA","UCA","St. Louis","MO","63112",331.32,"Automatic","None","Not on Hold","UCity - Wednesday","$300",0,0,0,2017-08-16,2026-05-06,NA,2026-05-08,1735
2026-05-08 03:50:48,2022-07-21,"1 Mini (Weekly Shares)","Combined CSA","FSMini-t","St. Louis","MO","63126",188.01,"Automatic","None","Not on Hold","Fair Shares - Thursday - Thursday","$150",0,0,0,2022-07-28,2026-05-07,NA,2026-05-08,1468
2026-05-08 02:19:05,2017-07-20,"1 BYO - No Share, Order Only (Weekly Shares)","Combined CSA","Fair Shares Thursday Pickup","St. Louis","63124","MO",36.25,"Automatic","None","Not on Hold","Fair Shares - Thursday - Thursday","Debit on Delivery",0,0,0,2017-10-05,2026-05-07,NA,2026-05-08,1211
2026-05-08 03:50:28,2017-07-18,"1 Half (Half Share - EVEN week)","Combined CSA","FSE","webster Groves","MO","63119",213.88,"Automatic","Purple","Not on Hold","Fair Shares - Thursday - Thursday","$150",0,0,0,2017-08-16,2026-05-07,NA,2026-05-08,30
2026-05-08 02:19:05,2024-01-08,"1 Mini (Weekly Shares)","Combined CSA","KWM","Bridgeton","MO","63044",36.95,"Automatic","Payment","Not on Hold","Kirkwood - Thursday","$150",0,-150,0,2024-01-17,2026-05-07,NA,2026-05-08,1476
2026-05-07 03:57:50,2023-07-13,"1 Half (Half Share - EVEN week)","Combined CSA","UCB","University City","MO","63130",111.26,"Automatic","Payment Green Purple","Not on Hold","UCity - Wednesday","$150",0,0,0,2023-07-19,2026-05-06,NA,2026-05-08,472
2026-05-01 04:19:55,2020-04-06,"1 Half (Half Share - ODD week), 1 No Produce - Order Only (even wk)","Combined CSA","FSE","St. Louis","MO","63139",156.48,"Automatic","Orange","Not on Hold","Fair Shares - Thursday - Thursday","$150",0,0,0,2020-04-09,2026-04-30,NA,2026-05-08,1871
2025-10-24 02:37:57,2025-03-18,"1  (BYO) FSG - Orders Only","Combined CSA","Fair Shares Thursday Pickup","St Louis","MO","63104",67.82,"Automatic","Purple","Not on Hold","Fair Shares - Thursday - Thursday","Debit on Delivery",0,0,0,2025-04-03,2025-10-23,NA,2026-05-08,559
2026-05-08 03:50:19,2025-08-17,"1 Half (Half Share - EVEN week)","Combined CSA","FSE","St. Louis","MO","63144",181.88,"Automatic","Purple","Not on Hold","Fair Shares - Thursday - Thursday","$150",0,0,0,2025-08-21,2026-05-07,NA,2026-05-08,83
2026-02-26 02:22:28,2023-04-27,"1 (BYO) KWG - Orders Only (Weekly Shares)","Combined CSA","Fair Shares Wednesday Pickup","Saint Louis","MO","63119",12.04,"Automatic","Purple","Not on Hold","Fair Shares - Wednesday  - Wednesday","Debit on Delivery",0,0,0,2023-05-04,2026-02-25,NA,2026-05-08,603
2026-05-08 02:19:05,2026-02-23,"1 Guest Access","Combined CSA","FSD","St louis","MO","63110",-174.21,NA,"None","Not on Hold","Fair Shares - Thursday - Thursday",NA,0,0,0,2026-04-30,2026-05-07,NA,2026-05-08,57
2026-05-07 03:57:40,2020-04-12,"1 Mini (Weekly Shares)","Combined CSA","FSMini-w","St. Louis","MO","63116",190.84,"Automatic","None","Not on Hold","Fair Shares - Wednesday  - Wednesday","$150",0,0,0,2020-04-16,2026-05-06,NA,2026-05-08,1038
2024-12-06 02:29:00,2017-07-18,"1  (BYO) FSG - Orders Only","Combined CSA","Fair Shares Wednesday Pickup","St. Charles","MO","63303",0,"Automatic","None","Not on Hold","Fair Shares - Wednesday  - Wednesday","Debit on Delivery",0,0,0,2017-08-17,2024-11-27,NA,2026-05-08,1189
2023-12-29 03:51:23,2017-07-20,"1 (BYO) KWG - Orders Only (Weekly Shares)","Combined CSA","Kirkwood Pickup","St. Louis","MO","63088",0,"Automatic","Orange","Not on Hold","Kirkwood - Thursday","Debit on Delivery",0,0,0,2017-08-17,2023-09-14,NA,2026-05-08,943
2026-03-27 07:47:22,2019-05-17,"1 BYO - No Share, Order Only (Weekly Shares)","Combined CSA","Fair Shares Wednesday Pickup","St. Louis","MO","63112",0,NA,"None","Not on Hold","Fair Shares - Wednesday  - Wednesday","Debit on Delivery",0,0,0,2019-05-23,2019-10-03,NA,2026-05-08,323
2026-04-29 18:39:25,2024-02-23,"1 (BYO) UCG - Orders Only","Combined CSA","UCity Pickup","St Louis","MO","63146",193.45,"Automatic","None","Not on Hold","UCity - Wednesday","Debit on Delivery",0,0,0,2024-02-28,2026-02-25,NA,2026-05-08,1052
2021-08-02 08:55:36,2021-03-18,"1  (BYO) FSG - Orders Only","Combined CSA","Fair Shares Thursday Pickup","Saint Louis","MO","63139",0,"Automatic","None","Hold","Fair Shares - Thursday - Thursday","Debit on Delivery",0,0,0,2021-03-25,2021-07-29,NA,2026-05-08,1001
2025-01-19 20:39:32,2019-07-09,"1 (BYO) UCG - Orders Only","Combined CSA","UCity Pickup","St. Louis","MO","63132",9.68,"Automatic","None","Not on Hold","UCity - Wednesday","Debit on Delivery",0,0,0,2019-07-10,2025-01-15,NA,2026-05-08,691
2025-04-02 10:39:49,2019-04-14,"1  (BYO) FSG - Orders Only","Combined CSA","Fair Shares Thursday Pickup","St. Louis","MO","63119",181.95,"Automatic","None","Not on Hold","Fair Shares - Thursday - Thursday",NA,0,0,0,2019-04-18,2025-03-06,NA,2026-05-08,276
2026-05-08 02:19:05,2017-07-18,"1 FSA/FSD","Combined CSA","FSD","St. Louis","MO","63119",433.97,"Automatic","None","Not on Hold","Fair Shares - Thursday - Thursday","$600",0,0,0,2017-08-16,2026-05-07,NA,2026-05-08,11
2026-05-07 02:27:45,2021-03-23,"1 Mini (Weekly Shares)","Combined CSA","UCM","St Louis","MO","63132",85.63,"Automatic","None","Not on Hold","UCity - Wednesday","$150",0,0,0,2021-03-24,2026-05-06,NA,2026-05-08,207
2026-03-27 07:44:06,2019-11-02,"1  (BYO) FSG - Orders Only","Combined CSA","Fair Shares Wednesday Pickup","St. Louis","MO","63116",0,"Automatic","None","Not on Hold","Fair Shares - Wednesday  - Wednesday","Debit on Delivery",0,0,0,2019-11-06,2022-06-29,NA,2026-05-08,1623
2026-04-20 13:51:03,2017-07-20,"1  (BYO) FSG - Orders Only","Combined CSA","Fair Shares Wednesday Pickup","St. Louis","MO","63144",0,"Automatic","None","Not on Hold","Fair Shares - Wednesday  - Wednesday","Debit on Delivery",0,0,0,2017-08-24,2025-12-17,NA,2026-05-08,88
2026-04-20 13:34:15,2020-08-09,"1  (BYO) FSG - Orders Only","Combined CSA","Fair Shares Wednesday Pickup","St. Louis","MO","63110",0.01,"Automatic","Green","Not on Hold","Fair Shares - Wednesday  - Wednesday","Debit on Delivery",0,0,0,2020-08-12,2023-02-01,NA,2026-05-08,460
2023-06-09 03:53:56,2021-06-30,"1  (BYO) FSG - Orders Only","Combined CSA","Fair Shares Thursday Pickup","St Louis","MO","63123",0,"Automatic","Green Purple","Not on Hold","Fair Shares - Thursday - Thursday","Debit on Delivery",0,0,0,2021-07-08,2023-06-08,NA,2026-05-08,1327
2026-03-27 08:03:19,2017-07-18,"1 BYO - No Share, Order Only (Weekly Shares)","Combined CSA","Fair Shares Wednesday Pickup","St. Louis","MO","63139",0,NA,"Purple","Hold","Fair Shares - Wednesday  - Wednesday","Debit on Delivery",0,0,0,2017-08-16,2018-07-18,NA,2026-05-08,388
2026-04-30 03:53:05,2017-07-18,"1 Half (Half Share - ODD week)","Combined CSA","FSB","St. Louis","MO","63110",176.04,"Automatic","Orange","Not on Hold","Fair Shares - Wednesday  - Wednesday","$150",0,0,0,2017-08-23,2026-04-29,NA,2026-05-08,732
2026-04-30 02:26:17,2017-07-20,"1 Half (Half Share - ODD week), 1 Whole MILK-o, 1 No Produce - Order Only (even wk)","Combined CSA","FSB","St. Louis","MO","63110",132.81,"Automatic","Blue Orange","Not on Hold","Fair Shares - Wednesday  - Wednesday","$300",0,0,0,2017-08-17,2026-04-29,NA,2026-05-08,1534
2026-04-02 11:03:51,2017-07-20,"1  (BYO) FSG - Orders Only","Combined CSA","Fair Shares Thursday Pickup","St. Louis","MO","63108",0,"Automatic","None","Not on Hold","Fair Shares - Thursday - Thursday","Debit on Delivery",0,0,0,2017-08-17,2026-02-26,NA,2026-05-08,550
2026-05-01 04:19:52,2024-03-07,"1 Half (Half Share - ODD week)","Combined CSA","FSE","St. Louis","MO","63118",215.21,"Automatic","Orange","Not on Hold","Fair Shares - Thursday - Thursday","$150",0,0,0,2024-04-04,2026-04-30,NA,2026-05-08,1752
2026-05-01 02:20:51,2023-04-29,"1 Half (Half Share - ODD week)","Combined CSA","KWB","Kirkwood","MO","63122",61.23,"Automatic","Orange","Not on Hold","Kirkwood - Thursday","Debit on Delivery",0,0,0,2023-05-04,2026-04-30,NA,2026-05-08,1684
2026-03-27 07:45:46,2019-07-27,"1 BYO - No Share, Order Only (Weekly Shares)","Combined CSA","Fair Shares Wednesday Pickup","Saint Louis","MO","63116",0,NA,"Purple","Not on Hold","Fair Shares - Wednesday  - Wednesday","Debit on Delivery",0,0,0,2019-07-31,2020-06-17,NA,2026-05-08,1974
2026-05-08 03:50:35,2017-07-18,"1 Mini (Weekly Shares)","Combined CSA","FSMini-w","St. Louis","MO","63126",193.07,"Automatic","None","Not on Hold","Fair Shares - Wednesday  - Wednesday","$150",0,0,0,2017-08-16,2026-05-07,NA,2026-05-08,1162
2026-04-29 06:00:25,2023-11-20,"1  (BYO) FSG - Orders Only","Combined CSA","Fair Shares Wednesday Pickup","St. Louis","MO","63116",0,"Automatic","Payment Purple","Hold","Fair Shares - Wednesday  - Wednesday","Debit on Delivery",0,0,0,2023-11-29,2026-02-25,NA,2026-05-08,1789
2026-05-07 03:57:53,2021-05-06,"1 UCA/KWA","Combined CSA","UCA","CHESTERFIELD","MO","63017",580.13,"Automatic","Green","Not on Hold","UCity - Wednesday","$600",0,0,0,2021-05-12,2026-05-06,NA,2026-05-08,1048
2026-03-27 07:25:56,2020-09-30,"1  (BYO) FSG - Orders Only","Combined CSA","Fair Shares Wednesday Pickup","St. Louis","MO","63139",0,"Automatic","Green Orange","Not on Hold","Fair Shares - Wednesday  - Wednesday","Debit on Delivery",0,0,0,2020-10-07,2021-07-28,NA,2026-05-08,343
2025-11-02 10:09:12,2023-09-29,"1 (BYO) KWG - Orders Only (Weekly Shares)","Combined CSA","Kirkwood Pickup","Saint louis","MO","63127",0,"Automatic","None","Not on Hold","Kirkwood - Thursday","Debit on Delivery",0,0,0,2023-11-09,2024-04-11,NA,2026-05-08,1050
2022-09-16 03:54:39,2021-05-03,"1  (BYO) FSG - Orders Only","Combined CSA","Fair Shares Thursday Pickup","St Louis","MO","63116",0,"Automatic","None","Not on Hold","Fair Shares - Thursday - Thursday","Debit on Delivery",0,0,0,2021-05-06,2022-09-15,NA,2026-05-08,1247
2026-05-08 03:50:47,2023-09-25,"1 Half (Half Share - EVEN week)","Combined CSA","FSE","Saint Louis","MO","63122",215.21,"Automatic","Green Purple","Not on Hold","Fair Shares - Thursday - Thursday","$150",0,0,0,2023-09-28,2026-05-07,NA,2026-05-08,657
2026-02-18 19:03:24,2020-03-29,"1 (BYO) UCG - Orders Only","Combined CSA","UCity Pickup","Creve Coeur","MO","63141",0,"Automatic","None","Not on Hold","UCity - Wednesday","Debit on Delivery",0,0,0,2020-04-01,2026-02-11,NA,2026-05-08,981
2026-05-08 02:19:05,2025-09-14,"1 Half (Half Share - EVEN week)","Combined CSA","FSE","St. Louis","MO","63122-3952",88.87,"Automatic","Purple","Not on Hold","Fair Shares - Thursday - Thursday","$150",0,0,0,2025-10-23,2026-05-07,NA,2026-05-08,875
2026-04-08 09:27:15,2020-04-27,"1 Half (Half Share - EVEN week)","Combined CSA","FSB","St Louis","MO","63118",0,"Automatic","Purple","Hold","Fair Shares - Wednesday  - Wednesday","Debit on Delivery",0,0,0,2020-05-06,2026-02-25,NA,2026-05-08,1364
2026-05-07 02:27:45,2017-07-18,"1 Mini (Weekly Shares)","Combined CSA","UCM","St. Louis","MO","63130",161.95,"Automatic","None","Not on Hold","UCity - Wednesday","$300",0,0,0,2017-08-16,2026-05-06,NA,2026-05-08,1689
2026-05-07 03:57:42,2017-07-18,"1 Cream pint (Half Share - EVEN week), 1 Whole MILK-e, 1 Plain yogurt, 1 Eggs - Buttonwood (Half Share - EVEN week), 1 (BYO) UCG - Orders Only","Combined CSA","UCity Pickup","St. Louis","MO","63121",0,"Automatic","None","Not on Hold","UCity - Wednesday","Debit on Delivery",0,0,0,2017-08-16,2026-05-06,NA,2026-05-08,225
2026-02-26 02:22:28,2022-06-10,"1 (BYO) UCG - Orders Only","Combined CSA","UCity Pickup","University City","MO","63130",291.65,"Automatic","None","Not on Hold","UCity - Wednesday","Debit on Delivery",0,0,0,2022-06-15,2026-02-25,NA,2026-05-08,98
2025-07-24 04:02:01,2025-01-29,"1  (BYO) FSG - Orders Only","Combined CSA","Fair Shares Wednesday Pickup","St. Charles","MO","63301",0,"Automatic","Orange","Not on Hold","Fair Shares - Wednesday  - Wednesday","Debit on Delivery",0,0,0,2025-02-05,2025-07-23,NA,2026-05-08,233
2026-05-08 03:50:37,2024-05-30,"1 Mini (Weekly Shares)","Combined CSA","FSMini-t","St. louis","MO","63116",0,"Automatic","None","Not on Hold","Fair Shares - Thursday - Thursday","Debit on Delivery",0,0,0,2024-06-06,2026-05-07,NA,2026-05-08,39
2023-11-23 02:28:11,2017-07-18,"1 (BYO) UCG - Orders Only","Combined CSA","UCity Pickup","St. Louis","MO","63130",66.91,"Automatic","Blue Orange","Not on Hold","UCity - Wednesday","Debit on Delivery",0,0,0,2017-08-16,2023-11-22,NA,2026-05-08,483
2026-05-07 02:27:45,2026-04-06,"1 Half (Half Share - EVEN week)","Combined CSA","UCB","St. Louis","MO","63105",215.21,"Automatic","Purple","Not on Hold","UCity - Wednesday","$300",0,0,0,2026-05-06,2026-05-06,NA,2026-05-08,639
2026-05-08 03:50:24,2018-06-02,"1 No Produce - Order Only (odd wk), 1 Half (Half Share - EVEN week)","Combined CSA","FSE","St Louis","MO","63104",196.03,"Automatic","Blue Purple","Not on Hold","Fair Shares - Thursday - Thursday","$150",0,0,0,2018-06-07,2026-05-07,NA,2026-05-08,493
2026-01-22 03:56:39,2024-08-20,"1 (BYO) UCG - Orders Only","Combined CSA","UCity Pickup","St. Louis","MO","63112",0,"Automatic","Orange","Not on Hold","UCity - Wednesday","Debit on Delivery",0,0,0,2024-08-28,2026-01-21,NA,2026-05-08,202
2026-05-02 03:50:43,2025-01-18,"1 Half (Half Share - ODD week)","Combined CSA","FSE","Saint Louis","MO","63109",166.87,"Automatic","Orange","Not on Hold","Fair Shares - Thursday - Thursday","$150",0,0,0,2025-01-22,2026-04-30,NA,2026-05-08,281
2026-05-05 11:54:21,2025-05-13,"1  (BYO) FSG - Orders Only","Combined CSA","Fair Shares Thursday Pickup","St. Louis","MO","63110",34.59,"Automatic","None","Hold","Fair Shares - Thursday - Thursday","Debit on Delivery",0,0,0,2025-05-22,2026-04-30,NA,2026-05-08,970
2026-04-30 03:53:06,2026-04-08,"1 Guest Access, 1 FSA/FSD (ONCE 2026-05-13)","Combined CSA","FSA","Saint Louis","MO","63116",0,"Automatic","None","Not on Hold","Fair Shares - Wednesday  - Wednesday","Debit on Delivery",0,0,0,2026-04-29,2026-04-29,NA,2026-05-08,940
2026-05-07 03:57:51,2022-07-14,"1 Mini (Weekly Shares)","Combined CSA","FSMini-w","St. Louis","MO","63110",186.31,"Automatic","Green","Not on Hold","Fair Shares - Wednesday  - Wednesday","$150",0,0,0,2022-07-20,2026-05-06,NA,2026-05-08,883
2020-12-18 02:32:43,2017-07-18,"1 BYO - No Share, Order Only (Weekly Shares)","Combined CSA","Fair Shares Thursday Pickup","St. Louis","MO","63110",-287.01,NA,"Orange","Not on Hold","Fair Shares - Thursday - Thursday","Debit on Delivery",0,0,0,2017-08-24,2020-12-17,NA,2026-05-08,1731
2026-04-03 13:44:38,2017-07-20,"1  (BYO) FSG - Orders Only","Combined CSA","Fair Shares Wednesday Pickup","St. Louis","MO","63119",27.05,"Automatic","None","Not on Hold","Fair Shares - Wednesday  - Wednesday","Debit on Delivery",0,0,0,2017-08-17,2026-02-25,NA,2026-05-08,837
2026-05-04 08:03:03,2017-07-18,"1  (BYO) FSG - Orders Only","Combined CSA","Fair Shares Thursday Pickup","St. Louis","MO","63139",0,"Automatic","None","Hold","Fair Shares - Thursday - Thursday","Debit on Delivery",0,0,0,2017-08-24,2026-02-26,NA,2026-05-08,845
2023-09-24 13:36:48,2023-05-07,"1  (BYO) FSG - Orders Only","Combined CSA","Fair Shares Thursday Pickup","Saint Louis","MO","63116",0.07,"Automatic","Green","Not on Hold","Fair Shares - Thursday - Thursday","Debit on Delivery",0,0,0,2023-05-11,2023-09-21,NA,2026-05-08,1542
2026-04-26 22:23:39,2021-12-12,"1  (BYO) FSG - Orders Only","Combined CSA","Fair Shares Wednesday Pickup","St. Louis","MO","63110",0,"Automatic","None","Hold","Fair Shares - Wednesday  - Wednesday","Debit on Delivery",0,0,0,2021-12-15,2026-02-25,NA,2026-05-08,406
2026-05-08 03:50:36,2026-04-18,"1 Guest Access","Combined CSA","FSMini-t","Maplewood","MO","63143",0,"Automatic","None","Not on Hold","Fair Shares - Thursday - Thursday","Debit on Delivery",0,0,0,2026-04-30,2026-05-07,NA,2026-05-08,961
2026-03-27 08:05:08,2017-07-18,"1 BYO - No Share, Order Only (Weekly Shares)","Combined CSA","Fair Shares Wednesday Pickup","St. Louis","MO","63119",0,NA,"None","Hold","Fair Shares - Wednesday  - Wednesday","Debit on Delivery",0,0,0,2017-08-16,2019-05-29,NA,2026-05-08,280
2024-03-06 13:24:24,2021-08-11,"1  (BYO) FSG - Orders Only","Combined CSA","Fair Shares Thursday Pickup","St. Louis","MO","63103",2.08,"Automatic","Green Purple","Not on Hold","Fair Shares - Thursday - Thursday","Debit on Delivery",0,0,0,2021-08-19,2024-02-22,NA,2026-05-08,1809
2026-03-27 08:06:22,2017-07-18,"1  (BYO) FSG - Orders Only","Combined CSA","Fair Shares Wednesday Pickup","St. Louis","MO","63104",0,"Automatic","Orange","Not on Hold","Fair Shares - Wednesday  - Wednesday",NA,0,0,0,2017-08-17,2024-06-12,NA,2026-05-08,581
2026-05-07 02:27:45,2017-07-18,"1 UCA/KWA","Combined CSA","UCA","St. Louis","MO","63103",420.1,"Automatic","None","Not on Hold","UCity - Wednesday","$600",0,0,0,2017-08-16,2026-05-06,NA,2026-05-08,1030
2026-04-08 15:56:14,2020-04-14,"1 Mini (Weekly Shares)","Combined CSA","KWM","Kirkwood","MO","63122",0,"Automatic","None","Hold","Kirkwood - Thursday","Debit on Delivery",0,0,0,2020-04-23,2026-02-26,NA,2026-05-08,1903
2026-03-30 18:17:30,2021-10-13,"1  (BYO) FSG - Orders Only","Combined CSA","Fair Shares Wednesday Pickup","St. Louis","MO","63125",16.9,"Automatic","None","Not on Hold","Fair Shares - Wednesday  - Wednesday","Debit on Delivery",0,0,0,2021-10-20,2023-05-03,NA,2026-05-08,1658
2026-05-01 02:20:51,2017-07-20,"1 BYO - No Share, Order Only (Weekly Shares)","Combined CSA","Fair Shares Thursday Pickup","St. Louis","63116","63110",105.2,"Automatic","None","Not on Hold","Fair Shares - Thursday - Thursday","$150",0,0,0,2017-09-14,2026-04-30,NA,2026-05-08,856
2026-05-07 02:27:45,2017-07-18,"0 Whole MILK, 1 Mini (Weekly Shares)","Combined CSA","UCM","St. Louis","MO","63130",125.24,"Automatic","None","Not on Hold","UCity - Wednesday","$300",0,0,0,2017-08-16,2026-05-06,NA,2026-05-08,520
2026-05-07 03:57:57,2017-07-18,"1 Half (Half Share - EVEN week)","Combined CSA","FSB","St. Louis","MO","63118",187.8,"Automatic","Purple","Not on Hold","Fair Shares - Wednesday  - Wednesday","$150",0,0,0,2017-08-16,2026-05-06,NA,2026-05-08,544
2026-05-07 02:27:45,2017-07-20,"1 Mini (Weekly Shares)","Combined CSA","FSMini-t","St. Louis","63109","63103",190.2,"Automatic","None","Not on Hold","Fair Shares - Thursday - Thursday","$300",0,0,0,2017-08-17,2026-05-06,NA,2026-05-08,1622
2026-05-08 02:19:05,2023-12-29,"1 Whole MILK-o, 1 FSA/FSD","Combined CSA","FSD","Saint Louis","MO","63104",103.78,"Automatic","None","Not on Hold","Fair Shares - Thursday - Thursday","$300",0,0,0,2024-01-04,2026-05-07,NA,2026-05-08,364
2026-03-27 07:18:17,2021-04-07,"1  (BYO) FSG - Orders Only","Combined CSA","Fair Shares Wednesday Pickup","St. Louis","MO","63122",0,"Automatic","None","Not on Hold","Fair Shares - Wednesday  - Wednesday","Debit on Delivery",0,0,0,2021-04-14,2022-02-16,NA,2026-05-08,1228
2026-04-30 03:53:11,2017-07-18,"1 Half (Half Share - ODD week), 1 No Produce - Order Only (even wk)","Combined CSA","FSB","St. Louis","MO","63110",206.44,"Automatic","Orange","Not on Hold","Fair Shares - Wednesday  - Wednesday","$150",0,0,0,2017-08-23,2026-04-29,NA,2026-05-08,291
2026-02-06 02:18:02,2020-04-27,"1  (BYO) FSG - Orders Only","Combined CSA","Fair Shares Thursday Pickup","Ballwin","MO","63011",0.15,"Automatic","None","Not on Hold","Fair Shares - Thursday - Thursday","Debit on Delivery",0,0,0,2020-04-30,2026-02-05,NA,2026-05-08,1277
2026-05-07 03:57:45,2023-11-29,"1 Half (Half Share - EVEN week)","Combined CSA","FSB","St.Louis","MO","63125",213.61,"Automatic","Purple","Not on Hold","Fair Shares - Wednesday  - Wednesday","$150",0,0,0,2023-12-07,2026-05-06,NA,2026-05-08,1602
2023-01-16 09:59:32,2019-12-29,"1  (BYO) FSG - Orders Only","Combined CSA","Kirkwood Pickup","Kirkwood","MO","63122",0.02,"Automatic","Orange","Not on Hold","Kirkwood - Thursday","Debit on Delivery",0,0,0,2020-01-09,2022-12-15,NA,2026-05-08,1208
2026-04-02 11:19:40,2022-07-17,"1 (BYO) KWG - Orders Only (Weekly Shares)","Combined CSA","Kirkwood Pickup","Chesterfield","MO","63017",227.71,"Automatic","Orange","Not on Hold","Kirkwood - Thursday","Debit on Delivery",0,0,0,2022-07-28,2025-12-11,NA,2026-05-08,1834
2026-04-02 11:29:11,2025-10-20,"1 (BYO) KWG - Orders Only (Weekly Shares)","Combined CSA","Kirkwood Pickup","Manchester","MO","63021",0,"Automatic","None","Not on Hold","Kirkwood - Thursday","Debit on Delivery",0,0,0,2025-10-23,2026-02-26,NA,2026-05-08,615
2026-05-08 03:50:46,2017-07-20,"0 Whole MILK-e, 1 Half (Half Share - EVEN week)","Combined CSA","FSE","Ballwin","MO","63021",206.72,"Automatic","Blue Purple","Not on Hold","Fair Shares - Thursday - Thursday","$150",0,0,0,2017-08-17,2026-05-07,NA,2026-05-08,1353
2021-03-22 09:08:32,2020-07-29,"1  (BYO) FSG - Orders Only","Combined CSA","Fair Shares Thursday Pickup","St Louis","MO","63104",0,"Automatic","None","Not on Hold","Fair Shares - Thursday - Thursday","Debit on Delivery",0,0,0,2020-08-06,2021-02-25,NA,2026-05-08,1926
2026-05-02 20:38:14,2020-05-14,"1  (BYO) FSG - Orders Only","Combined CSA","Fair Shares Thursday Pickup","St. Louis","MO","63110",0,"Automatic","None","Not on Hold","Fair Shares - Thursday - Thursday","Debit on Delivery",0,0,0,2020-05-21,2026-02-19,NA,2026-05-08,533
2026-05-07 13:06:29,2026-05-07,"1 Guest Access, 1 FSA/FSD (ONCE 2026-05-14), 1 FSA/FSD (ONCE 2026-05-21)","Combined CSA","FSD","St. Louis","MO","63109",0,"Automatic","None","Not on Hold","Fair Shares - Thursday - Thursday","Debit on Delivery",0,0,0,NA,NA,NA,2026-05-08,794
2022-01-11 13:33:14,2020-04-25,"1 BYO - No Share, Order Only (Weekly Shares)","Combined CSA","Fair Shares Wednesday Pickup","Saint Louis","MO","63116",0,"Automatic","None","Not on Hold","Fair Shares - Wednesday  - Wednesday","Debit on Delivery",0,0,0,2020-04-30,2022-01-05,NA,2026-05-08,686
2022-09-02 10:24:39,2021-09-30,"1 (BYO) UCG - Orders Only","Combined CSA","UCity Pickup","Saint Louis","MO","63109",0,NA,"Green","Not on Hold","UCity - Wednesday","Debit on Delivery",0,0,0,2021-10-13,2022-08-31,NA,2026-05-08,112
2026-04-08 15:46:43,2024-04-13,"1 (BYO) UCG - Orders Only","Combined CSA","UCity Pickup","Saint Ann","MO","63074",8.28,"Automatic","None","Not on Hold","UCity - Wednesday","Debit on Delivery",0,0,0,2024-04-17,2026-02-25,NA,2026-05-08,859
2026-02-27 03:51:23,2021-03-04,"1 (BYO) KWG - Orders Only (Weekly Shares)","Combined CSA","Kirkwood Pickup","St. Louis","MO","63128",0,"Automatic","Green","Not on Hold","Kirkwood - Thursday","Debit on Delivery",0,0,0,2021-03-25,2026-02-26,NA,2026-05-08,196
2026-04-20 13:30:45,2021-03-05,"1 BYO - No Share, Order Only (Weekly Shares)","Combined CSA","UCity Pickup","Florissant","MO","63034",0,"Automatic","None","Not on Hold","UCity - Wednesday","Debit on Delivery",0,0,0,2021-03-24,2026-02-04,NA,2026-05-08,1846
2024-08-02 03:57:24,2017-07-20,"1  (BYO) FSG - Orders Only","Combined CSA","Fair Shares Thursday Pickup","St. Louis","MO","63110",0,"Automatic","None","Not on Hold","Fair Shares - Thursday - Thursday","Debit on Delivery",0,0,0,2017-08-17,2024-08-01,NA,2026-05-08,1351
2025-07-04 09:48:08,2025-04-11,"1 (BYO) KWG - Orders Only (Weekly Shares)","Combined CSA","Kirkwood Pickup","Saint louis","MO","63127",91.31,"Automatic","None","Not on Hold","Kirkwood - Thursday","Debit on Delivery",0,0,0,2025-04-17,2025-07-03,NA,2026-05-08,189
2026-03-27 07:37:09,2020-04-12,"1  (BYO) FSG - Orders Only","Combined CSA","Fair Shares Wednesday Pickup","Maplewood","MO","63143",0,"Automatic","Green Orange","Not on Hold","Fair Shares - Wednesday  - Wednesday","Debit on Delivery",0,0,0,2020-04-16,2021-11-17,NA,2026-05-08,1836
2026-05-08 03:50:40,2017-08-11,"1 Mini (Weekly Shares)","Combined CSA","FSMini-t","St. Louis","MO","63104",142.63,"Automatic","None","Not on Hold","Fair Shares - Thursday - Thursday","$150",0,0,0,2017-08-17,2026-05-07,NA,2026-05-08,1652
2025-06-27 02:39:56,2021-08-14,"1 (BYO) KWG - Orders Only (Weekly Shares)","Combined CSA","Kirkwood Pickup","Kirkwood","MO","63122",153.95,"Automatic","None","Not on Hold","Kirkwood - Thursday","Debit on Delivery",0,0,0,2021-08-19,2025-06-26,NA,2026-05-08,530
2025-02-27 03:55:03,2024-01-05,"1 (BYO) UCG - Orders Only","Combined CSA","UCity Pickup","Saint Louis","MO","63132",0,"Automatic","None","Not on Hold","UCity - Wednesday","Debit on Delivery",0,0,0,2024-01-10,2025-02-26,NA,2026-05-08,1845
2026-04-20 13:41:06,2020-04-14,"1 (BYO) KWG - Orders Only (Weekly Shares)","Combined CSA","Kirkwood Pickup","Chesterfield","MO","63017",0.01,"Automatic","Orange","Not on Hold","Kirkwood - Thursday","Debit on Delivery",0,0,0,2020-04-15,2026-02-19,NA,2026-05-08,1545
2026-03-27 07:43:03,2020-01-20,"1  (BYO) FSG - Orders Only","Combined CSA","Fair Shares Wednesday Pickup","St louis","MO","63110",0,NA,"Purple","Not on Hold","Fair Shares - Wednesday  - Wednesday","Debit on Delivery",0,0,0,2020-01-22,2020-09-30,NA,2026-05-08,571
2026-04-06 13:31:35,2024-12-28,"1 BYO - No Share, Order Only (Weekly Shares)","Combined CSA","Kirkwood Pickup","Kirkwood","MO","63122",0,"Automatic","None","Not on Hold","Kirkwood - Thursday","Debit on Delivery",0,0,0,2025-01-16,2026-02-26,NA,2026-05-08,239
2026-05-08 02:19:05,2021-04-04,"1 FSA/FSD","Combined CSA","FSD","St. Louis","MO","63105",262.69,"Automatic","Green","Not on Hold","Fair Shares - Thursday - Thursday","$300",0,0,0,2021-04-08,2026-05-07,NA,2026-05-08,502
2026-02-25 11:04:25,2026-02-20,"1 Two Week Trial of Full Share","Combined CSA","2 Wk Trial at FS Mothership Wednesday","St. Louis","MO","63116",0,"Automatic","None","Hold","Fair Shares Trial Wednesday - Wednesday","Debit on Delivery",0,0,0,NA,NA,NA,2026-05-08,853
2026-03-27 08:07:55,2017-07-18,"1 BYO - No Share, Order Only (Weekly Shares)","Combined CSA","Fair Shares Wednesday Pickup","St. Louis","MO","63110",0,NA,"Orange","Hold","Fair Shares - Wednesday  - Wednesday","Debit on Delivery",0,0,0,2017-08-23,2019-04-17,NA,2026-05-08,191
2026-05-01 02:20:51,2017-07-18,"1 Half (Half Share - ODD week)","Combined CSA","FSE","St. Louis","MO","63119",107.35,"Automatic","Orange","Not on Hold","Fair Shares - Thursday - Thursday","$300",0,0,0,2017-08-16,2026-04-30,NA,2026-05-08,245
2026-03-27 08:08:23,2017-07-18,"1 BYO - No Share, Order Only (Weekly Shares)","Combined CSA","Fair Shares Wednesday Pickup","St. Louis","MO","63108",0,NA,"None","Hold","Fair Shares - Wednesday  - Wednesday","Debit on Delivery",0,0,0,2017-08-16,2019-01-23,NA,2026-05-08,1772
2026-04-22 02:07:20,2017-07-20,"1  (BYO) FSG - Orders Only","Combined CSA","Fair Shares Wednesday Pickup","St. Louis","MO","63141",0,"Automatic","Payment","Not on Hold","Fair Shares - Wednesday  - Wednesday","Debit on Delivery",0,0,0,2017-08-17,2025-11-26,NA,2026-05-08,572
2026-05-01 04:19:59,2019-02-05,"1 Half (Half Share - ODD week)","Combined CSA","FSE","St. Louis","MO","63118",209.57,"Automatic","Orange","Not on Hold","Fair Shares - Thursday - Thursday","$150",0,0,0,2019-02-07,2026-04-30,NA,2026-05-08,1271
2020-08-21 11:39:03,2020-04-16,"1 (BYO) UCG - Orders Only","Combined CSA","UCity Pickup","University City","MO","63130",0,NA,"None","Not on Hold","UCity - Wednesday",NA,0,0,0,2020-04-22,2020-08-05,NA,2026-05-08,1065
2026-04-20 14:11:40,2017-07-20,"1 BYO - No Share, Order Only (Weekly Shares)","Combined CSA","Fair Shares Thursday Pickup","St. Louis","MO","63123",81.96,"Automatic","None","Not on Hold","Fair Shares - Thursday - Thursday","$150",0,0,0,2017-09-07,2026-02-26,NA,2026-05-08,616
2020-11-30 08:35:27,2020-06-19,"1  (BYO) FSG - Orders Only","Combined CSA","Fair Shares Thursday Pickup","St. Louis","MO","63135",0,"Automatic","Green","Not on Hold","Fair Shares - Thursday - Thursday","Debit on Delivery",0,0,0,2020-06-25,2020-11-26,NA,2026-05-08,1875
2023-01-13 03:50:52,2021-01-30,"1 (BYO) KWG - Orders Only (Weekly Shares)","Combined CSA","Kirkwood Pickup","Webster Groves","MO","63119",0,"Automatic","Blue Orange","Not on Hold","Kirkwood - Thursday","Debit on Delivery",0,0,0,2021-02-04,2023-01-12,NA,2026-05-08,283
2026-05-08 03:50:43,2017-08-24,"1 Half (Half Share - EVEN week)","Combined CSA","FSE","Saint Louis","MO","63129",208.61,"Automatic","Purple","Not on Hold","Fair Shares - Thursday - Thursday","$150",0,0,0,2017-09-14,2026-05-07,NA,2026-05-08,1440
2026-05-07 03:57:55,2024-10-30,"1 Half (Half Share - EVEN week)","Combined CSA","UCB","Saint Louis","MO","63124",215.21,"Automatic","Purple","Not on Hold","UCity - Wednesday","$150",0,0,0,2024-11-06,2026-05-06,NA,2026-05-08,866
2026-03-30 10:31:17,2017-07-18,"1 BYO - No Share, Order Only (Weekly Shares)","Combined CSA","Fair Shares Thursday Pickup","Maryland Heights","MO","63043",0.01,"Automatic","None","Not on Hold","Fair Shares - Thursday - Thursday","Debit on Delivery",0,0,0,2017-08-16,2017-09-13,NA,2026-05-08,1497
2021-11-25 03:53:35,2020-04-08,"1  (BYO) FSG - Orders Only","Combined CSA","Fair Shares Wednesday Pickup","St. Louis","MO","63116",0,"Automatic","Orange","Not on Hold","Fair Shares - Wednesday  - Wednesday","Debit on Delivery",0,0,0,2020-04-15,2021-11-24,NA,2026-05-08,1885
2026-05-08 02:19:05,2020-05-16,"1 UCA/KWA","Combined CSA","KWA","Sunset Hills","MO","63127",447.86,"Automatic","Green","Not on Hold","Kirkwood - Thursday","$600",0,0,0,2020-05-21,2026-05-07,NA,2026-05-08,1386
2026-03-27 07:41:59,2020-02-28,"1  (BYO) FSG - Orders Only","Combined CSA","Fair Shares Wednesday Pickup","Saint Louis","MO","63146",0,"Automatic","Purple","Not on Hold","Fair Shares - Wednesday  - Wednesday","Debit on Delivery",0,0,0,2020-03-25,2023-11-22,NA,2026-05-08,1788
2020-09-04 04:03:31,2020-06-15,"1  (BYO) FSG - Orders Only","Combined CSA","Fair Shares Thursday Pickup","St Louis","MO","63110",0,"Automatic","Green","Not on Hold","Fair Shares - Thursday - Thursday","Debit on Delivery",0,0,0,2020-06-18,2020-09-03,NA,2026-05-08,1064
2026-04-02 13:04:36,2024-12-01,"1  (BYO) FSG - Orders Only","Combined CSA","Fair Shares Thursday Pickup","St. Louis","MO","63118",124.59,"Automatic","None","Not on Hold","Fair Shares - Thursday - Thursday","Debit on Delivery",0,0,0,2024-12-05,2026-02-26,NA,2026-05-08,997
2026-05-07 02:27:45,2017-07-18,"1 Mini (Weekly Shares)","Combined CSA","FSMini-w","Glendale","MO","63122",116.58,"Automatic","None","Not on Hold","Fair Shares - Wednesday  - Wednesday","$300",0,0,0,2017-08-16,2026-05-06,NA,2026-05-08,1154
2024-12-05 17:43:18,2017-07-18,"1 (BYO) UCG - Orders Only","Combined CSA","UCity Pickup","St. Louis","MO","63105",0,"Automatic","None","Not on Hold","UCity - Wednesday","Debit on Delivery",0,0,0,2017-08-16,2022-06-01,NA,2026-05-08,1420
2025-08-24 10:01:47,2021-08-05,"1  (BYO) FSG - Orders Only","Combined CSA","Fair Shares Wednesday Pickup","Clayton","MO","63105",212.92,"Automatic","Green","Not on Hold","Fair Shares - Wednesday  - Wednesday","Debit on Delivery",0,0,0,2021-08-11,2025-08-20,NA,2026-05-08,1393
2026-04-20 13:46:02,2019-09-20,"1  (BYO) FSG - Orders Only","Combined CSA","Fair Shares Wednesday Pickup","St. Louis","MO","63109",0.01,"Automatic","None","Not on Hold","Fair Shares - Wednesday  - Wednesday","Debit on Delivery",0,0,0,2019-09-25,2021-07-28,NA,2026-05-08,1337
2026-05-07 03:57:41,2020-03-28,"1 Half (Half Share - EVEN week)","Combined CSA","FSB","Saint Louis","MO","63116",214.15,"Automatic","Green Purple","Not on Hold","Fair Shares - Wednesday  - Wednesday","$150",0,0,0,2020-04-01,2026-05-06,NA,2026-05-08,132
2025-04-29 17:06:07,2021-08-08,"1 (BYO) KWG - Orders Only (Weekly Shares)","Combined CSA","Kirkwood Pickup","Town & Country","MO","63017",92.97,"Automatic","Purple","Not on Hold","Kirkwood - Thursday","Debit on Delivery",0,0,0,2021-08-12,2025-04-24,NA,2026-05-08,1482
2026-05-07 02:27:45,2017-07-18,"1 UCA/KWA","Combined CSA","UCA","St. Louis","MO","63105",129.41,"Automatic","None","Not on Hold","UCity - Wednesday","$300",0,0,0,2017-08-16,2026-05-06,NA,2026-05-08,1143
2026-05-01 02:20:51,2017-08-30,"1 Half (Half Share - ODD week), 1 No Produce - Order Only (even wk)","Combined CSA","FSE","Saint Louis","MO","63112",59.25,"Automatic","Blue Orange","Not on Hold","Fair Shares - Thursday - Thursday","Debit on Delivery",0,0,0,2017-09-07,2026-04-30,NA,2026-05-08,1416
2024-11-09 02:08:27,2017-07-18,"1  (BYO) FSG - Orders Only","Combined CSA","Fair Shares Thursday Pickup","St. Louis","MO","63110",0,"Automatic","None","Not on Hold","Fair Shares - Thursday - Thursday","Debit on Delivery",0,0,0,2017-08-17,2024-11-07,NA,2026-05-08,1644
2026-05-07 03:57:51,2017-07-18,"1 Half (Half Share - EVEN week)","Combined CSA","UCB","St. Louis","MO","63130",201.43,"Automatic","Purple","Not on Hold","UCity - Wednesday","$150",0,0,0,2017-08-16,2026-05-06,NA,2026-05-08,1920
2026-05-07 02:27:45,2017-10-15,"1 Mini (Weekly Shares)","Combined CSA","FSMini-w","St. Louis","MO","63110",102.21,"Automatic","None","Not on Hold","Fair Shares - Wednesday  - Wednesday","$150",0,0,0,2017-10-18,2026-05-06,NA,2026-05-08,1707
2026-04-29 05:41:56,2023-08-16,"1  (BYO) FSG - Orders Only","Combined CSA","Fair Shares Wednesday Pickup","Saint Louis","MO","63116",161.7,"Automatic","Green Orange","Not on Hold","Fair Shares - Wednesday  - Wednesday","Debit on Delivery",0,0,0,2023-08-23,2026-02-18,NA,2026-05-08,1212
2026-05-07 02:27:45,2020-04-12,"1 Half (Half Share - EVEN week)","Combined CSA","FSE","St. Louis","MO","63112",76.9,"Automatic","Purple","Not on Hold","Fair Shares - Thursday - Thursday","$150",0,0,0,2020-04-16,2026-05-06,NA,2026-05-08,308
2024-07-09 13:23:57,2018-11-26,"1 BYO - No Share, Order Only (Weekly Shares)","Combined CSA","Fair Shares Wednesday Pickup","Saint Louis","MO","63110",0,NA,"None","Not on Hold","Fair Shares - Wednesday  - Wednesday",NA,0,0,0,2020-11-04,2024-04-24,NA,2026-05-08,217
2026-05-01 04:20:00,2020-06-25,"1 (BYO) KWG - Orders Only (Weekly Shares)","Combined CSA","Kirkwood Pickup","Chesterfield","MO","63005",0,"Automatic","Green","Not on Hold","Kirkwood - Thursday","Debit on Delivery",0,0,0,2020-07-01,2026-04-30,NA,2026-05-08,1990
2026-05-08 03:50:21,2022-08-18,"1 Half (Half Share - EVEN week)","Combined CSA","FSE","St. Louis","MO","63118",207.77,"Automatic","Green Purple","Not on Hold","Fair Shares - Thursday - Thursday","$150",0,0,0,2022-08-25,2026-05-07,NA,2026-05-08,1383
2026-04-27 10:16:42,2017-07-18,"1  (BYO) FSG - Orders Only","Combined CSA","Fair Shares Wednesday Pickup","St. Louis","MO","63109",0,"Automatic","None","Hold","Fair Shares - Wednesday  - Wednesday","Debit on Delivery",0,0,0,2017-08-16,2026-02-25,NA,2026-05-08,421
2022-08-25 03:52:49,2017-07-18,"1  (BYO) FSG - Orders Only","Combined CSA","Fair Shares Wednesday Pickup","St. Louis","MO","63126",0,"Automatic","Blue Orange","Not on Hold","Fair Shares - Wednesday  - Wednesday","Debit on Delivery",0,0,0,2017-08-23,2022-08-24,NA,2026-05-08,536
2023-10-16 09:40:45,2019-11-26,"1 BYO - No Share, Order Only (Weekly Shares)","Combined CSA","Fair Shares Wednesday Pickup","St. Louis","MO","63109",0,"Automatic","None","Not on Hold","Fair Shares - Wednesday  - Wednesday","Debit on Delivery",0,0,0,2019-12-04,2019-12-04,NA,2026-05-08,345
2026-03-19 02:06:59,2017-07-18,"1 (BYO) UCG - Orders Only","Combined CSA","UCity Pickup","St. Louis","MO","63114",0,"Automatic","None","Not on Hold","UCity - Wednesday","Debit on Delivery",0,0,0,2017-08-16,2026-01-14,NA,2026-05-08,654
2026-04-20 13:39:54,2020-05-02,"1  (BYO) FSG - Orders Only","Combined CSA","Fair Shares Wednesday Pickup","Clayton","MO","63105",0.01,"Automatic","None","Not on Hold","Fair Shares - Wednesday  - Wednesday","Debit on Delivery",0,0,0,2020-05-06,2022-01-26,NA,2026-05-08,711
2026-03-27 07:38:12,2020-03-29,"1 BYO - No Share, Order Only (Weekly Shares)","Combined CSA","Fair Shares Wednesday Pickup","St Louis","MO","63108",0,NA,"Green","Not on Hold","Fair Shares - Wednesday  - Wednesday","Debit on Delivery",0,0,0,2020-04-01,2020-06-03,NA,2026-05-08,878
2021-06-01 18:12:09,2018-05-15,"1 BYO - No Share, Order Only (Weekly Shares)","Combined CSA","Fair Shares Thursday Pickup","DeSoto","MO","63020",-0.8,NA,"None","Not on Hold","Fair Shares - Thursday - Thursday",NA,0,0,0,2018-05-24,2021-06-03,NA,2026-05-08,1003
2024-08-13 11:59:29,2017-07-20,"1 (BYO) KWG - Orders Only (Weekly Shares)","Combined CSA","Kirkwood Pickup","St. Louis","MO","63122",116.64,NA,"None","Not on Hold","Kirkwood - Thursday","Debit on Delivery",0,0,0,2018-03-01,2022-12-01,NA,2026-05-08,1221
2023-03-26 19:18:04,2017-07-18,"1  (BYO) FSG - Orders Only","Combined CSA","Fair Shares Thursday Pickup","St. Louis","MO","63118",0,"Automatic","Orange","Not on Hold","Fair Shares - Thursday - Thursday","Debit on Delivery",0,0,0,2017-08-17,2023-02-23,NA,2026-05-08,921
2025-12-07 17:36:49,2025-03-09,"1  (BYO) FSG - Orders Only","Combined CSA","Fair Shares Wednesday Pickup","Saint Charles","MO","63303",0,"Automatic","Orange","Not on Hold","Fair Shares - Wednesday  - Wednesday","Debit on Delivery",0,0,0,2025-04-02,2025-11-26,NA,2026-05-08,402
2026-05-05 16:09:17,2024-11-13,"1 (BYO) UCG - Orders Only","Combined CSA","UCity Pickup","St Louis","MO","63130",182.57,"Automatic","None","Not on Hold","UCity - Wednesday","Debit on Delivery",0,0,0,2024-11-20,2026-04-29,NA,2026-05-08,470
2024-12-19 02:24:16,2018-06-20,"1 BYO - No Share, Order Only (Weekly Shares)","Combined CSA","Fair Shares Wednesday Pickup","St. Louis","MO","63117",303,"Automatic","None","Not on Hold","Fair Shares - Wednesday  - Wednesday","Debit on Delivery",0,0,0,2018-06-27,2024-12-18,NA,2026-05-08,1457
2026-05-01 04:19:58,2024-08-21,"1 Half (Half Share - ODD week)","Combined CSA","KWB","Glendale","MO","63122",214.94,"Automatic","Orange","Not on Hold","Kirkwood - Thursday","$150",0,0,0,2024-08-29,2026-04-30,NA,2026-05-08,896
2026-05-01 02:20:51,2020-04-07,"1 Half (Half Share - ODD week)","Combined CSA","KWB","St. Louis","MO","63131",80.84,"Automatic","Orange","Not on Hold","Kirkwood - Thursday","$150",0,0,0,2020-04-09,2026-04-30,NA,2026-05-08,1766
2026-02-27 02:16:07,2019-11-14,"1  (BYO) FSG - Orders Only","Combined CSA","Kirkwood Pickup","St. Louis","MO","63110",-68.46,NA,"Orange","Not on Hold","Kirkwood - Thursday",NA,0,0,0,2020-04-08,2026-02-26,NA,2026-05-08,525
2019-09-20 02:39:24,2017-07-20,"1 BYO - No Share, Order Only (Weekly Shares)","Combined CSA","Fair Shares Thursday Pickup","St. Louis","MO","63109",1.53,NA,"Purple","Not on Hold","Fair Shares - Thursday - Thursday","Debit on Delivery",0,0,0,2017-08-17,2019-09-19,NA,2026-05-08,1524
2026-04-26 10:23:30,2020-12-19,"1  (BYO) FSG - Orders Only","Combined CSA","Fair Shares Thursday Pickup","St. Louis","MO","63139",0,"Automatic","Orange","Hold","Fair Shares - Thursday - Thursday","Debit on Delivery",0,0,0,2021-04-28,2026-02-19,NA,2026-05-08,327
2026-05-01 09:53:43,2025-12-23,"1  (BYO) FSG - Orders Only","Combined CSA","Fair Shares Thursday Pickup","Webster Groves","MO","63119",21.04,"Automatic","None","Hold","Fair Shares - Thursday - Thursday","Debit on Delivery",0,0,0,2026-01-08,2026-02-26,NA,2026-05-08,65
2025-03-06 02:23:05,2017-08-24,"1 BYO - No Share, Order Only (Weekly Shares)","Combined CSA","Fair Shares Wednesday Pickup","St.","MO","63110",0,NA,"None","Not on Hold","Fair Shares - Wednesday  - Wednesday",NA,0,0,0,2017-08-30,2025-03-05,NA,2026-05-08,24
2026-03-27 07:38:58,2020-03-29,"1  (BYO) FSG - Orders Only","Combined CSA","Fair Shares Wednesday Pickup","Saint Louis","MO","63105",0,"Automatic","None","Not on Hold","Fair Shares - Wednesday  - Wednesday","Debit on Delivery",0,0,0,2020-04-01,2020-11-11,NA,2026-05-08,1868
2025-08-10 11:02:56,2023-09-07,"1  (BYO) FSG - Orders Only","Combined CSA","Fair Shares Thursday Pickup","St Louis","MO","63108",83.04,"Automatic","None","Not on Hold","Fair Shares - Thursday - Thursday","Debit on Delivery",0,0,0,2023-09-14,2025-08-07,NA,2026-05-08,939
2026-05-07 02:27:45,2026-02-24,"1 Guest Access, 1 Half (ONCE 2026-05-20)","Combined CSA","FSB","Fenton","MO","63026",-80.75,NA,"None","Not on Hold","Fair Shares - Wednesday  - Wednesday",NA,0,0,0,2026-05-06,2026-05-06,NA,2026-05-08,490
2026-05-06 15:45:51,2017-07-18,"1  (BYO) FSG - Orders Only","Combined CSA","Fair Shares Wednesday Pickup","St. Louis","MO","63104",0,"Automatic","Purple","Hold","Fair Shares - Wednesday  - Wednesday","Debit on Delivery",0,0,0,2017-08-16,2026-02-25,NA,2026-05-08,325
2026-05-08 02:19:05,2017-07-18,"1 Mini (Weekly Shares)","Combined CSA","KWM","Kirkwood","MO","63122",117.96,"Automatic","None","Not on Hold","Kirkwood - Thursday","$150",0,0,0,2017-08-16,2026-05-07,NA,2026-05-08,1970
2023-12-28 11:23:47,2022-08-31,"1  (BYO) FSG - Orders Only","Combined CSA","Fair Shares Thursday Pickup","Saint Louis","MO","63104",0.73,"Automatic","Green","Not on Hold","Fair Shares - Thursday - Thursday","Debit on Delivery",0,0,0,2022-09-08,2023-01-05,NA,2026-05-08,1711
2026-03-27 07:34:00,2020-05-11,"1  (BYO) FSG - Orders Only","Combined CSA","Fair Shares Wednesday Pickup","St Charles","MO","63303",0,"Automatic","Green Purple","Not on Hold","Fair Shares - Wednesday  - Wednesday","Debit on Delivery",0,0,0,2020-05-13,2021-09-01,NA,2026-05-08,1186
2026-03-27 07:48:36,2019-04-06,"1 BYO - No Share, Order Only (Weekly Shares)","Combined CSA","Fair Shares Wednesday Pickup","St. Louis","MO","63132",0,NA,"None","Hold","Fair Shares - Wednesday  - Wednesday","Debit on Delivery",0,0,0,2019-04-10,2019-05-29,NA,2026-05-08,1294
2026-05-08 03:50:44,2026-03-31,"1 Guest Access","Combined CSA","FSMini-t","Saint Louis","MO","63119",0,"Automatic","None","Not on Hold","Fair Shares - Thursday - Thursday","Debit on Delivery",0,0,0,2026-04-30,2026-05-07,NA,2026-05-08,321
2026-05-07 15:07:02,2020-05-03,"1 (BYO) KWG - Orders Only (Weekly Shares)","Combined CSA","Kirkwood Pickup","Saint Louis","MO","63124",402.47,"Automatic","None","Not on Hold","Kirkwood - Thursday","Debit on Delivery",0,0,0,2020-05-07,2026-04-30,NA,2026-05-08,123
2019-05-22 11:30:44,2017-07-18,"1 BYO - No Share, Order Only (Weekly Shares)","Combined CSA","Fair Shares Wednesday Pickup","St. Louis","63104","55555",0,NA,"Orange","Hold","Fair Shares - Wednesday  - Wednesday",NA,0,0,0,2017-08-24,2017-10-04,NA,2026-05-08,372
2023-09-12 11:09:09,2017-07-20,"1 (BYO) KWG - Orders Only (Weekly Shares)","Combined CSA","Kirkwood Pickup","St. Louis","MO","63122",48.12,"Automatic","None","Not on Hold","Kirkwood - Thursday","Debit on Delivery",0,0,0,2017-08-17,2023-09-07,NA,2026-05-08,1600
2026-05-01 02:20:51,2020-02-27,"1 2% MILK-o, 1 Half (Half Share - ODD week)","Combined CSA","KWB","Saint Louis","MO","63126",127.19,"Automatic","Orange","Not on Hold","Kirkwood - Thursday","$150",0,0,0,2020-03-26,2026-04-30,NA,2026-05-08,1075
2026-04-26 10:20:12,2024-03-30,"1 (BYO) UCG - Orders Only","Combined CSA","UCity Pickup","University City","MO","63130",0,"Automatic","None","Hold","UCity - Wednesday","Debit on Delivery",0,0,0,2024-04-03,2026-02-25,NA,2026-05-08,135
2026-05-01 02:20:51,2020-04-14,"1 2% MILK-o, 1 Half (Half Share - ODD week)","Combined CSA","UCB","Olivette","MO","63132",180.84,"Automatic","Orange","Not on Hold","UCity - Wednesday","$150",0,0,0,2020-04-15,2026-04-29,NA,2026-05-08,1098
2021-07-05 07:43:02,2017-07-18,"1  (BYO) FSG - Orders Only","Combined CSA","Fair Shares Thursday Pickup","St. Louis","MO","63110",0,"Automatic","Blue Orange","Not on Hold","Fair Shares - Thursday - Thursday","Debit on Delivery",0,0,0,2017-08-24,2021-07-01,NA,2026-05-08,383
2021-02-25 10:41:50,2020-03-18,"1  (BYO) FSG - Orders Only","Combined CSA","Fair Shares Wednesday Pickup","St. Louis","MO","63105",0,"Automatic","None","Not on Hold","Fair Shares - Wednesday  - Wednesday","Debit on Delivery",0,0,0,2020-03-25,2021-02-24,NA,2026-05-08,1475
2026-05-01 02:20:51,2023-04-06,"1 Half (Half Share - ODD week)","Combined CSA","KWB","Chesterfield","MO","63017",78.41,"Automatic","Green Orange","Not on Hold","Kirkwood - Thursday","$150",0,0,0,2023-04-13,2026-04-30,NA,2026-05-08,1618
2026-05-08 03:50:37,2017-07-18,"1 Mini (Weekly Shares)","Combined CSA","FSMini-t","St. Louis","63119","63119",161.35,"Automatic","None","Not on Hold","Fair Shares - Thursday - Thursday","$150",0,0,0,2017-10-19,2026-05-07,NA,2026-05-08,1521
2025-04-24 11:10:46,2023-09-26,"1  (BYO) FSG - Orders Only","Combined CSA","Fair Shares Thursday Pickup","St Louis","MO","63118",0,"Automatic","Orange","Hold","Fair Shares - Thursday - Thursday","Debit on Delivery",0,0,0,2023-09-28,2025-04-03,NA,2026-05-08,785
2026-04-11 11:17:51,2026-01-24,"1 Guest Access","Combined CSA","Fair Shares Thursday Pickup","St. Louis","MO","63110",0,"Automatic","None","Not on Hold","Fair Shares - Thursday - Thursday","Debit on Delivery",0,0,0,2026-01-29,2026-02-05,NA,2026-05-08,770
2026-04-28 09:20:56,2017-07-18,"1  (BYO) FSG - Orders Only","Combined CSA","Fair Shares Thursday Pickup","St. Louis","MO","63116",21.52,"Automatic","Orange","Not on Hold","Fair Shares - Thursday - Thursday","Debit on Delivery",0,0,0,2017-08-17,2026-02-19,NA,2026-05-08,203
2026-05-01 02:20:51,2017-07-20,"1 No Produce - Order Only (even wk), 1 Half (Half Share - ODD week)","Combined CSA","KWB","St. Louis","MO","63122",293.39,"Automatic","Blue Orange","Not on Hold","Kirkwood - Thursday","$300",0,0,0,2017-08-24,2026-05-07,NA,2026-05-08,1570
2026-05-01 02:20:51,2019-05-03,"1 Mini (Weekly Shares)","Combined CSA","FSMini-t","Saint Louis","MO","63108",88.75,"Automatic","None","Temp Hold","Fair Shares - Thursday - Thursday","$150",0,0,0,2019-05-09,2026-04-30,NA,2026-05-08,463
2026-03-27 07:10:21,2022-09-20,"1  (BYO) FSG - Orders Only","Combined CSA","Fair Shares Wednesday Pickup","St. Louis","MO","63109",0,"Automatic","Green","Not on Hold","Fair Shares - Wednesday  - Wednesday","Debit on Delivery",0,0,0,2022-09-28,2023-01-04,NA,2026-05-08,1061
2025-01-28 13:24:25,2021-10-31,"1 (BYO) KWG - Orders Only (Weekly Shares)","Combined CSA","Kirkwood Pickup","Frontenac","MO","63131",75.55,"Automatic","Green","Not on Hold","Kirkwood - Thursday","Debit on Delivery",0,0,0,2021-11-04,2025-01-23,NA,2026-05-08,299
2020-02-10 08:45:13,2019-08-25,"1 BYO - No Share, Order Only (Weekly Shares)","Combined CSA","Fair Shares Wednesday Pickup","St. Louis","MO","63108",0.01,NA,"Purple","Not on Hold","Fair Shares - Wednesday  - Wednesday","Debit on Delivery",0,0,0,2019-08-28,2020-01-29,NA,2026-05-08,516
2026-02-09 10:14:36,2020-03-24,"1  (BYO) FSG - Orders Only","Combined CSA","Fair Shares Thursday Pickup","Saint Louis","MO","63118",0,NA,"None","Hold","Fair Shares - Thursday - Thursday",NA,0,0,0,2020-03-26,2020-09-10,NA,2026-05-08,1168
2026-04-08 16:32:40,2017-07-18,"1 Half (Half Share - ODD week), 1 No Produce - Order Only (even wk)","Combined CSA","FSE","St. Louis","MO","63123",27.32,"Automatic","Orange","Hold","Fair Shares - Thursday - Thursday","Debit on Delivery",0,0,0,2017-08-23,2026-02-19,NA,2026-05-08,1156
2025-09-30 15:29:38,2025-09-11,"1  (BYO) FSG - Orders Only","Combined CSA","Fair Shares Thursday Pickup","St Louis","MO","63116",0,NA,"None","Not on Hold","Fair Shares - Thursday - Thursday",NA,0,0,0,2025-10-02,2025-10-02,NA,2026-05-08,174
2026-04-29 05:48:46,2025-05-27,"1  (BYO) FSG - Orders Only","Combined CSA","Fair Shares Wednesday Pickup","Webster Groves","MO","63119",201.85,"Automatic","Orange","Not on Hold","Fair Shares - Wednesday  - Wednesday","Debit on Delivery",0,0,0,2025-06-04,2025-11-12,NA,2026-05-08,880
2026-05-08 02:19:05,2021-03-31,"1 Mini (Weekly Shares)","Combined CSA","KWM","Saint Louis","MO","63126",562.79,"Automatic","None","Not on Hold","Kirkwood - Thursday","$600",0,0,0,2021-04-08,2026-05-07,NA,2026-05-08,1217
2026-04-21 07:59:19,2020-08-11,"1  (BYO) FSG - Orders Only","Combined CSA","Fair Shares Thursday Pickup","Saint Louis","MO","63139",31.24,"Automatic","Green Purple","Not on Hold","Fair Shares - Thursday - Thursday","Debit on Delivery",0,0,0,2020-08-20,2026-02-26,NA,2026-05-08,1884
2026-03-27 07:42:35,2020-01-20,"1 BYO - No Share, Order Only (Weekly Shares)","Combined CSA","Fair Shares Wednesday Pickup","Bridgeton","MO","63044",0,"Automatic","None","Not on Hold","Fair Shares - Wednesday  - Wednesday","Debit on Delivery",0,0,0,2020-01-23,2020-03-26,NA,2026-05-08,1461
2026-03-27 07:58:48,2017-10-10,"1 BYO - No Share, Order Only (Weekly Shares)","Combined CSA","Fair Shares Wednesday Pickup","Saint Louis","MO","63143",0,"Automatic","None","Not on Hold","Fair Shares - Wednesday  - Wednesday","Debit on Delivery",0,0,0,2017-10-12,2020-12-02,NA,2026-05-08,1136
2026-04-11 08:18:37,2020-01-12,"1 (BYO) KWG - Orders Only (Weekly Shares)","Combined CSA","Kirkwood Pickup","Kirkwood","MO","63122",0,"Automatic","None","Not on Hold","Kirkwood - Thursday","Debit on Delivery",0,0,0,2020-01-16,2026-02-26,NA,2026-05-08,1465
2026-05-08 02:19:05,2020-02-23,"1 Mini (Weekly Shares)","Combined CSA","KWM","Kirkwood","MO","63122",165.72,"Automatic","Payment","Not on Hold","Kirkwood - Thursday","$150",0,0,0,2020-02-27,2026-05-07,NA,2026-05-08,1725
2025-05-08 08:19:10,2018-06-06,"1  (BYO) FSG - Orders Only","Combined CSA","Fair Shares Thursday Pickup","Webster Groves","MO","63119",123.64,"Automatic","Purple","Not on Hold","Fair Shares - Thursday - Thursday","Debit on Delivery",0,0,0,2018-06-21,2025-04-10,NA,2026-05-08,121
2025-01-13 06:59:46,2020-05-10,"1 (BYO) KWG - Orders Only (Weekly Shares)","Combined CSA","Kirkwood Pickup","Kirkwood","MO","63122",0,NA,"None","Not on Hold","Kirkwood - Thursday","Debit on Delivery",0,0,0,2020-05-14,2021-08-26,NA,2026-05-08,213
2026-05-07 02:27:45,2017-07-20,"1 FSA/FSD","Combined CSA","FSA","St. Louis","63110","63118",132.71,"Automatic","None","Not on Hold","Fair Shares - Wednesday  - Wednesday","$300",0,0,0,2017-08-17,2026-05-06,NA,2026-05-08,1932
2026-04-20 12:53:40,2025-04-24,"1 (BYO) KWG - Orders Only (Weekly Shares)","Combined CSA","Kirkwood Pickup","St louis","MO","63122",192.52,"Automatic","None","Hold","Kirkwood - Thursday","Debit on Delivery",0,0,0,2025-05-01,2025-06-05,NA,2026-05-08,155
2026-03-27 07:27:55,2020-08-13,"1  (BYO) FSG - Orders Only","Combined CSA","Fair Shares Wednesday Pickup","St. Louis","MO","63104",0,NA,"Purple","Not on Hold","Fair Shares - Wednesday  - Wednesday","Debit on Delivery",0,0,0,2020-08-19,2022-04-27,NA,2026-05-08,1858
2026-03-27 07:06:41,2024-02-22,"1  (BYO) FSG - Orders Only","Combined CSA","Fair Shares Wednesday Pickup","Saint Louis","MO","63103",0,"Automatic","None","Not on Hold","Fair Shares - Wednesday  - Wednesday","Debit on Delivery",0,0,0,2024-02-28,2025-02-26,NA,2026-05-08,1874
2026-05-01 02:20:51,2017-10-16,"1 Half (Half Share - ODD week), 1 No Produce - Order Only (even wk)","Combined CSA","KWB","St. Louis","MO","63122",513.08,"Automatic","Orange","Not on Hold","Kirkwood - Thursday","$600",0,0,0,2017-10-19,2026-04-30,NA,2026-05-08,305
2020-10-26 08:32:08,2020-07-15,"1  (BYO) FSG - Orders Only","Combined CSA","Fair Shares Thursday Pickup","Ferguson","MO","63135",0,"Automatic","Green Orange","Not on Hold","Fair Shares - Thursday - Thursday","Debit on Delivery",0,0,0,2020-07-23,2020-10-22,NA,2026-05-08,1963
2025-12-17 19:42:41,2020-10-14,"1  (BYO) FSG - Orders Only","Combined CSA","Fair Shares Wednesday Pickup","Saint Louis","MO","63118",4.78,"Automatic","None","Not on Hold","Fair Shares - Wednesday  - Wednesday","Debit on Delivery",0,0,0,2020-10-21,2025-12-10,NA,2026-05-08,1749
2021-01-29 03:49:35,2020-02-28,"1  (BYO) FSG - Orders Only","Combined CSA","Fair Shares Thursday Pickup","Saint Louis","MO","63110",0,"Automatic","None","Not on Hold","Fair Shares - Thursday - Thursday","Debit on Delivery",0,0,0,2020-03-26,2021-01-28,NA,2026-05-08,1466
2021-06-10 19:07:18,2020-03-12,"1  (BYO) FSG - Orders Only","Combined CSA","Fair Shares Thursday Pickup","Saint Louis","MO","63108",0,"Automatic","None","Not on Hold","Fair Shares - Thursday - Thursday","Debit on Delivery",0,0,0,2020-03-26,2021-06-03,NA,2026-05-08,1439
2026-05-08 03:50:18,2017-07-20,"1 Mini (Weekly Shares)","Combined CSA","KWM","St. Louis","MO","63119",642.82,"Automatic","None","Not on Hold","Kirkwood - Thursday","$600",0,0,0,2017-08-17,2026-05-07,NA,2026-05-08,634
2024-09-02 10:57:18,2024-05-25,"1 (BYO) UCG - Orders Only","Combined CSA","UCity Pickup","St. Louis","MO","63130",3.45,"Automatic","Orange","Not on Hold","UCity - Wednesday","Debit on Delivery",0,0,0,2024-05-29,2024-08-21,NA,2026-05-08,944
2023-11-24 03:47:02,2017-07-20,"1 (BYO) KWG - Orders Only (Weekly Shares)","Combined CSA","Kirkwood Pickup","St. Louis","MO","63146",0,"Automatic","Blue Orange","Not on Hold","Kirkwood - Thursday","Debit on Delivery",0,0,0,2017-08-24,2023-11-23,NA,2026-05-08,1841
2021-03-18 14:27:47,2020-04-18,"1  (BYO) FSG - Orders Only","Combined CSA","Fair Shares Thursday Pickup","St. Louis","MO","63139",0,"Automatic","Green","Not on Hold","Fair Shares - Thursday - Thursday","Debit on Delivery",0,0,0,2020-04-23,2021-02-25,NA,2026-05-08,1280
2026-05-08 03:50:21,2020-03-22,"1 Mini (Weekly Shares)","Combined CSA","KWM","St. Louis","MO","63139",175.78,"Automatic","None","Not on Hold","Kirkwood - Thursday","$150",0,0,0,2020-03-26,2026-05-07,NA,2026-05-08,467
2026-05-07 02:27:45,2017-07-18,"1 Mini (Weekly Shares)","Combined CSA","FSMini-w","St. Louis","MO","63105",107.23,"Automatic","None","Not on Hold","Fair Shares - Wednesday  - Wednesday","$300",0,0,0,2017-08-16,2026-05-06,NA,2026-05-08,618
2026-03-27 07:26:25,2020-09-28,"1  (BYO) FSG - Orders Only","Combined CSA","Fair Shares Wednesday Pickup","St. Louis","MO","63109",0,"Automatic","Green","Not on Hold","Fair Shares - Wednesday  - Wednesday","Debit on Delivery",0,0,0,2020-10-07,2020-12-02,NA,2026-05-08,1701
2026-03-27 07:47:52,2019-05-02,"1 BYO - No Share, Order Only (Weekly Shares)","Combined CSA","Fair Shares Wednesday Pickup","St. Louis","MO","63143",0,NA,"Orange","Not on Hold","Fair Shares - Wednesday  - Wednesday","Debit on Delivery",0,0,0,2019-05-15,2020-05-20,NA,2026-05-08,675
2026-05-08 02:19:05,2024-04-01,"1 Mini (Weekly Shares)","Combined CSA","FSMini-t","Saint Louis","MO","63110",152.27,"Automatic","None","Not on Hold","Fair Shares - Thursday - Thursday","$150",0,0,0,2024-04-04,2026-05-07,NA,2026-05-08,1873
2026-03-27 07:04:16,2024-04-01,"1  (BYO) FSG - Orders Only","Combined CSA","Fair Shares Wednesday Pickup","St. Louis","MO","63108",0,"Automatic","Purple","Not on Hold","Fair Shares - Wednesday  - Wednesday","Debit on Delivery",0,0,0,2024-04-03,2025-06-18,NA,2026-05-08,1016
2026-04-17 08:04:19,2017-07-18,"1  (BYO) FSG - Orders Only","Combined CSA","Fair Shares Wednesday Pickup","St. Louis","MO","63105",100.36,"Automatic","None","Not on Hold","Fair Shares - Wednesday  - Wednesday","Debit on Delivery",0,0,0,2017-08-16,2026-02-25,NA,2026-05-08,718
2026-05-08 02:19:05,2017-07-18,"1 Mini (Weekly Shares)","Combined CSA","FSMini-t","St. Louis","MO","63125",613.78,"Automatic","None","Not on Hold","Fair Shares - Thursday - Thursday","$600",0,0,0,2017-08-16,2026-05-07,NA,2026-05-08,133
2026-04-20 14:26:53,2020-07-18,"1  (BYO) FSG - Orders Only","Combined CSA","Fair Shares Thursday Pickup","Webster Groves","MO","63119",0,"Automatic","Green","Not on Hold","Fair Shares - Thursday - Thursday","Debit on Delivery",0,0,0,2020-07-23,2026-02-26,NA,2026-05-08,1680
2026-04-08 16:35:33,2021-04-16,"1 Half (Half Share - EVEN week)","Combined CSA","FSE","St Louis","MO","63139",203.91,"Automatic","Green Purple","Not on Hold","Fair Shares - Thursday - Thursday","Debit on Delivery",0,0,0,2021-04-22,2026-02-12,NA,2026-05-08,1149
2026-04-02 11:08:54,2017-07-18,"1  (BYO) FSG - Orders Only","Combined CSA","Fair Shares Wednesday Pickup","St. Louis","MO","63104",7.3,"Automatic","Purple","Not on Hold","Fair Shares - Wednesday  - Wednesday","Debit on Delivery",0,0,0,2017-08-16,2026-02-25,NA,2026-05-08,224
2026-03-27 08:01:57,2017-07-18,"1  (BYO) FSG - Orders Only","Combined CSA","Fair Shares Wednesday Pickup","St. Louis","MO","63108",0.01,"Automatic","Orange","Not on Hold","Fair Shares - Wednesday  - Wednesday","Debit on Delivery",0,0,0,2017-08-23,2024-04-03,NA,2026-05-08,62
2026-05-08 02:19:05,2017-07-18,"1 FSA/FSD","Combined CSA","FSD","St. louis","MO","63139",131.47,"Automatic","None","Not on Hold","Fair Shares - Thursday - Thursday","$300",0,0,0,2017-08-17,2026-05-07,NA,2026-05-08,1236
2024-08-19 14:44:30,2020-10-01,"1  (BYO) FSG - Orders Only","Combined CSA","Fair Shares Wednesday Pickup","St Louis","MO","63123",0,"Automatic","Green","Not on Hold","Fair Shares - Wednesday  - Wednesday","Debit on Delivery",0,0,0,2020-10-07,2024-05-29,NA,2026-05-08,1350
2026-03-27 07:56:03,2018-05-02,"1 BYO - No Share, Order Only (Weekly Shares)","Combined CSA","Fair Shares Wednesday Pickup","St. Louis","MO","63116",0,NA,"None","Not on Hold","Fair Shares - Wednesday  - Wednesday","Debit on Delivery",0,0,0,2018-05-09,2018-12-05,NA,2026-05-08,248
2026-03-27 07:54:58,2018-05-16,"1 BYO - No Share, Order Only (Weekly Shares)","Combined CSA","Fair Shares Wednesday Pickup","St Louis","MO","63116",0,NA,"None","Hold","Fair Shares - Wednesday  - Wednesday","Debit on Delivery",0,0,0,2018-05-23,2018-11-07,NA,2026-05-08,1955
2026-05-07 02:27:45,2018-07-31,"1 UCA/KWA","Combined CSA","UCA","Saint louis","MO","63130",440.05,"Automatic","None","Not on Hold","UCity - Wednesday","$600",0,0,0,2018-08-08,2026-05-06,NA,2026-05-08,681
2025-06-08 18:48:11,2021-07-04,"1  (BYO) FSG - Orders Only","Combined CSA","Fair Shares Thursday Pickup","Creve Coeur","MO","63141",0.07,"Automatic","Purple","Not on Hold","Fair Shares - Thursday - Thursday","Debit on Delivery",0,0,0,2021-07-07,2025-06-05,NA,2026-05-08,1066
2025-12-11 11:03:51,2023-03-23,"1 (BYO) UCG - Orders Only","Combined CSA","UCity Pickup","St Louis","MO","63112",0,"Automatic","None","Not on Hold","UCity - Wednesday","Debit on Delivery",0,0,0,2023-03-29,2025-10-29,NA,2026-05-08,1306
2024-02-29 02:23:01,2020-03-26,"1 (BYO) UCG - Orders Only","Combined CSA","UCity Pickup","University City","MO","63130",83.04,"Automatic","Orange","Not on Hold","UCity - Wednesday","Debit on Delivery",0,0,0,2020-04-01,2024-02-28,NA,2026-05-08,1823
2026-05-07 02:27:45,2020-03-23,"1 UCA/KWA","Combined CSA","UCA","University City","MO","63130",133.52,"Automatic","None","Not on Hold","UCity - Wednesday","$300",0,0,0,2020-03-25,2026-05-06,NA,2026-05-08,1699
2025-01-13 06:54:26,2020-06-07,"1  (BYO) FSG - Orders Only","Combined CSA","Fair Shares Thursday Pickup","St louis","MO","63119",0,NA,"Green Purple","Not on Hold","Fair Shares - Thursday - Thursday","Debit on Delivery",0,0,0,2020-06-11,2023-09-28,NA,2026-05-08,555
2026-05-08 02:19:05,2023-07-05,"1 Mini (Weekly Shares)","Combined CSA","FSMini-t","St. Louis","MO","63139",505.66,"Automatic","None","Not on Hold","Fair Shares - Thursday - Thursday","$600",0,0,0,2023-07-13,2026-05-07,NA,2026-05-08,1671
2026-05-07 02:27:45,2020-03-25,"1 Half (Half Share - EVEN week)","Combined CSA","UCB","St. Louis","MO","63131",506.11,"Automatic","Purple","Not on Hold","UCity - Wednesday","$600",0,0,0,2020-04-02,2026-05-06,NA,2026-05-08,1928
2026-05-01 02:20:51,2019-08-21,"1 Half (Half Share - ODD week), 1 2% MILK-o","Combined CSA","KWB","Webster Groves","MO","63119",139.61,"Automatic","Orange","Not on Hold","Kirkwood - Thursday","$150",0,0,0,2019-08-28,2026-04-30,NA,2026-05-08,1487
2021-05-26 06:26:48,2020-12-01,"1 (BYO) UCG - Orders Only","Combined CSA","UCity Pickup","St. Louis","MO","63130",0,"Automatic","None","Not on Hold","UCity - Wednesday","Debit on Delivery",0,0,0,2020-12-02,2021-05-19,NA,2026-05-08,857
2023-11-26 09:34:30,2021-08-12,"1  (BYO) FSG - Orders Only","Combined CSA","Fair Shares Thursday Pickup","St. Louis","MO","63109",80.46,"Automatic","Green","Not on Hold","Fair Shares - Thursday - Thursday","Debit on Delivery",0,0,0,2021-08-19,2023-11-23,NA,2026-05-08,838
2026-03-30 10:06:43,2017-07-18,"1  (BYO) FSG - Orders Only","Combined CSA","Fair Shares Thursday Pickup","St. Louis","MO","63119",913.69,"Automatic","None","Not on Hold","Fair Shares - Thursday - Thursday",NA,0,0,0,2017-08-17,2024-03-07,NA,2026-05-08,583
2026-04-26 22:20:36,2025-01-14,"1 (BYO) UCG - Orders Only","Combined CSA","UCity Pickup","St. Louis","MO","63146",37.53,"Automatic","Orange","Hold","UCity - Wednesday","Debit on Delivery",0,0,0,2025-01-22,2026-02-18,NA,2026-05-08,139
2026-05-07 02:27:45,2017-07-18,"1 FSA/FSD","Combined CSA","FSA","St. Louis","MO","63129",151.62,"Automatic","None","Not on Hold","Fair Shares - Wednesday  - Wednesday","$300",0,0,0,2017-08-16,2026-05-06,NA,2026-05-08,423
2024-10-21 09:02:54,2022-08-26,"1 (BYO) KWG - Orders Only (Weekly Shares)","Combined CSA","Kirkwood Pickup","St. louis","MO","63119",0,"Automatic","Green Purple","Not on Hold","Kirkwood - Thursday","Debit on Delivery",0,0,0,2022-09-01,2024-10-10,NA,2026-05-08,158
2026-04-20 14:03:16,2017-07-18,"1 BYO - No Share, Order Only (Weekly Shares)","Combined CSA","Fair Shares Thursday Pickup","St. Louis","MO","63126",0.01,"Automatic","None","Not on Hold","Fair Shares - Thursday - Thursday","Debit on Delivery",0,0,0,2017-08-16,2024-11-28,NA,2026-05-08,1087
2026-05-08 03:50:31,2017-07-18,"1 Mini (Weekly Shares), 0 Whole MILK-e","Combined CSA","FSMini-t","St. Louis","63117","MO",632.84,"Automatic","None","Not on Hold","Fair Shares - Thursday - Thursday","$600",0,0,0,2017-08-17,2026-05-07,NA,2026-05-08,1900
2026-05-01 04:19:48,2018-01-17,"1 Half (Half Share - ODD week)","Combined CSA","FSE","st. louis","MO","63112",205.3,"Automatic","Orange","Not on Hold","Fair Shares - Thursday - Thursday","$150",0,0,0,2024-05-30,2026-04-30,NA,2026-05-08,790
2026-05-08 02:19:05,2025-03-11,"1 UCA/KWA","Combined CSA","KWA","Kirkwood","MO","63122",193.79,"Automatic","None","Not on Hold","Kirkwood - Thursday","$300",0,0,0,2025-04-03,2026-05-07,NA,2026-05-08,622
2022-08-18 03:58:52,2020-12-25,"1 (BYO) UCG - Orders Only","Combined CSA","UCity Pickup","St. Louis","MO","63121",0,"Automatic","Green Purple","Not on Hold","UCity - Wednesday","Debit on Delivery",0,0,0,2021-01-06,2022-08-17,NA,2026-05-08,1756
2026-04-03 11:49:18,2022-05-02,"1  (BYO) FSG - Orders Only","Combined CSA","Fair Shares Thursday Pickup","Saint Louis","MO","63104",39.19,"Automatic","Green Purple","Not on Hold","Fair Shares - Thursday - Thursday","Debit on Delivery",0,0,0,2022-05-12,2026-02-26,NA,2026-05-08,1229
2022-02-11 03:53:56,2017-07-18,"1  (BYO) FSG - Orders Only","Combined CSA","Fair Shares Wednesday Pickup","St. Louis","63105","55555",0,"Automatic","Purple","Not on Hold","Fair Shares - Wednesday  - Wednesday","Debit on Delivery",0,0,0,2017-08-31,2022-02-09,NA,2026-05-08,1855
2025-11-17 09:02:55,2025-05-11,"1  (BYO) FSG - Orders Only","Combined CSA","Fair Shares Thursday Pickup","Saint Louis","MO","63110",0,"Automatic","Orange","Not on Hold","Fair Shares - Thursday - Thursday","Debit on Delivery",0,0,0,2025-05-15,2025-11-13,NA,2026-05-08,260
2023-10-04 17:28:14,2023-05-04,"1 (BYO) KWG - Orders Only (Weekly Shares)","Combined CSA","Kirkwood Pickup","Des Peres","MO","63131",0,"Automatic","None","Not on Hold","Kirkwood - Thursday","Debit on Delivery",0,0,0,2023-05-11,2023-09-21,NA,2026-05-08,1290
2026-05-07 02:27:45,2022-05-03,"1 Mini (Weekly Shares)","Combined CSA","FSMini-w","Webster Groves","MO","63119",90.36,"Automatic","Green","Not on Hold","Fair Shares - Wednesday  - Wednesday","$150",0,0,0,2022-05-11,2026-05-06,NA,2026-05-08,1983
2026-05-07 03:57:46,2017-07-20,"1 Mini (Weekly Shares)","Combined CSA","FSMini-w","Webster Groves","MO","63119",193.87,"Automatic","None","Not on Hold","Fair Shares - Wednesday  - Wednesday","$150",0,0,0,2017-08-17,2026-05-06,NA,2026-05-08,145
2026-05-01 04:19:42,2019-03-24,"1 Half (Half Share - ODD week)","Combined CSA","FSE","Saint Louis","MO","63126",137.44,"Automatic","Orange","Not on Hold","Fair Shares - Thursday - Thursday","$150",0,0,0,2019-04-04,2026-04-30,NA,2026-05-08,1706
2026-05-01 04:19:56,2017-07-18,"1 Mini (Weekly Shares)","Combined CSA","UCM","St. Louis","MO","63130",300,"Automatic","None","Hold","UCity - Wednesday","$300",0,0,0,2017-08-16,2026-02-25,NA,2026-05-08,1498
2026-05-07 02:27:45,2020-05-13,"0 Whole MILK, 1 Mini (Weekly Shares)","Combined CSA","FSMini-w","St louis","MO","63104",161.79,"Automatic","Green","Not on Hold","Fair Shares - Wednesday  - Wednesday","$150",0,0,0,2020-05-21,2026-05-06,NA,2026-05-08,1453
2026-05-05 06:51:04,2026-01-11,"1  (BYO) FSG - Orders Only","Combined CSA","Fair Shares Thursday Pickup","St. Louis","MO","63118",0,"Automatic","None","Hold","Fair Shares - Thursday - Thursday","Debit on Delivery",0,0,0,2026-01-15,2026-02-26,NA,2026-05-08,515
2026-04-02 03:54:12,2020-05-06,"1 Half (Half Share - EVEN week)","Combined CSA","UCB","Saint Louis","MO","63130",150,"Automatic","Purple","Not on Hold","UCity - Wednesday","$150",0,0,0,2020-05-13,2026-02-25,NA,2026-05-08,1107
2026-04-22 02:07:20,2021-03-07,"1  (BYO) FSG - Orders Only","Combined CSA","Fair Shares Wednesday Pickup","SAINT LOUIS","MO","63104-2930",0,"Automatic","Payment Green","Not on Hold","Fair Shares - Wednesday  - Wednesday","Debit on Delivery",0,0,0,2021-03-25,2026-02-25,NA,2026-05-08,1407
2026-05-07 02:27:45,2017-07-20,"1 Mini (Weekly Shares), 0 2% MILK, 1 Half & Half (Weekly Shares)","Combined CSA","FSMini-w","St. Louis","MO","63116",136.34,"Automatic","None","Not on Hold","Fair Shares - Wednesday  - Wednesday","$300",0,0,0,2017-08-24,2026-05-06,NA,2026-05-08,1255
2021-03-29 13:41:03,2020-08-06,"1  (BYO) FSG - Orders Only","Combined CSA","Fair Shares Wednesday Pickup","Saint Louis","MO","63139",0,"Automatic","Green Orange","Not on Hold","Fair Shares - Wednesday  - Wednesday","Debit on Delivery",0,0,0,2020-08-12,2021-03-24,NA,2026-05-08,766
2026-04-12 03:38:43,2018-08-16,"1 (BYO) KWG - Orders Only (Weekly Shares)","Combined CSA","Kirkwood Pickup","Des peres","MO","63131",0,"Automatic","Purple","Not on Hold","Kirkwood - Thursday","Debit on Delivery",0,0,0,2018-08-30,2026-02-26,NA,2026-05-08,1987
2022-09-15 04:01:36,2020-05-01,"1  (BYO) FSG - Orders Only","Combined CSA","Fair Shares Wednesday Pickup","Clayton","MO","63105",0,"Automatic","Green","Not on Hold","Fair Shares - Wednesday  - Wednesday","Debit on Delivery",0,0,0,2020-05-06,2022-09-14,NA,2026-05-08,1541
2026-05-07 02:27:45,2017-07-18,"1 FSA/FSD","Combined CSA","FSA","St. Louis","MO","63104",137.85,"Automatic","None","Not on Hold","Fair Shares - Wednesday  - Wednesday","$600",0,0,0,2017-08-16,2026-05-06,NA,2026-05-08,1799
2025-11-21 14:22:32,2025-02-07,"1 (BYO) UCG - Orders Only","Combined CSA","UCity Pickup","St Louis","MO","63124",145.4,"Automatic","None","Not on Hold","UCity - Wednesday","Debit on Delivery",0,0,0,2025-02-13,2025-04-16,NA,2026-05-08,852
2020-10-27 19:30:56,2020-04-27,"1  (BYO) FSG - Orders Only","Combined CSA","Fair Shares Thursday Pickup","St. Louis","MO","63131",0,"Automatic","Green","Not on Hold","Fair Shares - Thursday - Thursday","Debit on Delivery",0,0,0,2020-04-30,2020-10-22,NA,2026-05-08,420
2026-04-30 02:26:17,2020-04-04,"1 Half (Half Share - ODD week)","Combined CSA","UCB","Saint Louis","MO","63130",531.12,"Automatic","Orange","Not on Hold","UCity - Wednesday","$600",0,0,0,2020-04-08,2026-04-29,NA,2026-05-08,570
2026-05-06 15:46:18,2017-07-18,"1  (BYO) FSG - Orders Only","Combined CSA","Fair Shares Wednesday Pickup","St. Louis","MO","63109",30.69,"Automatic","Purple","Hold","Fair Shares - Wednesday  - Wednesday","Debit on Delivery",0,0,0,2017-08-16,2026-02-25,NA,2026-05-08,390
2026-05-08 02:19:05,2017-07-18,"1 Mini (Weekly Shares)","Combined CSA","FSMini-t","St. Louis","MO","63119",388.57,"Automatic","None","Not on Hold","Fair Shares - Thursday - Thursday","$600",0,0,0,2017-08-17,2026-05-07,NA,2026-05-08,514
2025-12-05 03:54:38,2025-03-20,"1  (BYO) FSG - Orders Only","Combined CSA","Fair Shares Thursday Pickup","Saint Louis","MO","63129",0,"Automatic","None","Not on Hold","Fair Shares - Thursday - Thursday","Debit on Delivery",0,0,0,2025-04-03,2025-12-04,NA,2026-05-08,340
2026-05-08 02:19:05,2017-08-08,"1 FSA/FSD","Combined CSA","FSD","St. Louis","MO","63138",100.2,"Automatic","None","Not on Hold","Fair Shares - Thursday - Thursday","$600",0,0,0,2017-08-31,2026-05-07,NA,2026-05-08,250
2026-02-12 11:23:31,2025-07-13,"1  (BYO) FSG - Orders Only","Combined CSA","Fair Shares Thursday Pickup","Saint louis","MO","63109",0,"Automatic","Orange","Not on Hold","Fair Shares - Thursday - Thursday","Debit on Delivery",0,0,0,2025-07-17,2025-12-11,NA,2026-05-08,701
2023-06-05 07:37:10,2020-04-15,"1 (BYO) UCG - Orders Only","Combined CSA","UCity Pickup","Saint Louis","MO","63146",0,"Automatic","Orange","Not on Hold","UCity - Wednesday","Debit on Delivery",0,0,0,2020-04-22,2023-05-24,NA,2026-05-08,114
2026-05-08 02:19:05,2017-07-20,"1 Mini (Weekly Shares)","Combined CSA","KWM","St. Louis","MO","63122",1314.73,"Automatic","None","Not on Hold","Kirkwood - Thursday","$150",0,0,0,2017-08-17,2026-05-07,NA,2026-05-08,1196
2026-05-01 02:20:51,2022-03-21,"1 Half (Half Share - ODD week), 1 2% MILK-o","Combined CSA","FSE","St Louis","MO","63104",195.81,"Automatic","Green Orange","Not on Hold","Fair Shares - Thursday - Thursday","$300",0,0,0,2022-03-24,2026-04-30,NA,2026-05-08,289
2021-01-07 03:54:52,2020-05-14,"1  (BYO) FSG - Orders Only","Combined CSA","Fair Shares Wednesday Pickup","Creve Coeur","MO","63141",0,"Automatic","Green","Not on Hold","Fair Shares - Wednesday  - Wednesday","Debit on Delivery",0,0,0,2020-05-20,2021-01-06,NA,2026-05-08,843
2025-08-29 03:57:12,2021-03-28,"1 (BYO) KWG - Orders Only (Weekly Shares)","Combined CSA","Kirkwood Pickup","Kirkwood","MO","63122",0,"Automatic","Purple","Not on Hold","Kirkwood - Thursday","Debit on Delivery",0,0,0,2021-04-01,2025-08-28,NA,2026-05-08,68
2026-04-08 09:26:19,2023-10-10,"1 Half (Half Share - ODD week), 1 2% MILK-o, 7 Ground Chicken -o, 3 Eggs - Buttonwood (Half Share - ODD week)","Combined CSA","FSB","Glendale","MO","63122",5,"Automatic","Orange","Hold","Fair Shares - Wednesday  - Wednesday","Debit on Delivery",0,0,0,2023-10-18,2026-02-18,NA,2026-05-08,1355
2024-03-03 03:39:24,2017-07-20,"1  (BYO) FSG - Orders Only","Combined CSA","Fair Shares Thursday Pickup","St. Louis","MO","63139",0,"Automatic","Orange","Not on Hold","Fair Shares - Thursday - Thursday","Debit on Delivery",0,0,0,2017-08-24,2024-02-29,NA,2026-05-08,1777
2020-04-13 14:44:41,2020-01-02,"1 BYO - No Share, Order Only (Weekly Shares)","Combined CSA","Fair Shares Thursday Pickup","Saint Louis","MO","63116",0,NA,"Orange","Hold","Fair Shares - Thursday - Thursday",NA,0,0,0,2020-01-09,2020-02-20,NA,2026-05-08,361
2026-05-07 03:57:53,2017-07-18,"1 (BYO) UCG - Orders Only","Combined CSA","UCity Pickup","St. Louis","MO","63130",0,"Automatic","None","Not on Hold","UCity - Wednesday","Debit on Delivery",0,0,0,2017-08-16,2026-05-06,NA,2026-05-08,1197
2025-07-29 18:06:30,2022-01-20,"1  (BYO) FSG - Orders Only","Combined CSA","Fair Shares Wednesday Pickup","St. Louis","MO","63116",0,"Automatic","Green Purple","Not on Hold","Fair Shares - Wednesday  - Wednesday","Debit on Delivery",0,0,0,2022-01-26,2025-06-18,NA,2026-05-08,1550
2021-08-13 03:57:21,2017-07-18,"1 BYO - No Share, Order Only (Weekly Shares)","Combined CSA","Fair Shares Thursday Pickup","St. Louis","MO","63104",0,"Automatic","None","Not on Hold","Fair Shares - Thursday - Thursday","Debit on Delivery",0,0,0,2017-08-16,2021-08-12,NA,2026-05-08,765
2022-12-16 03:51:25,2022-10-11,"1 (BYO) KWG - Orders Only (Weekly Shares)","Combined CSA","Kirkwood Pickup","Ballwin","MO","63011",0,"Automatic","None","Not on Hold","Kirkwood - Thursday","Debit on Delivery",0,0,0,2022-10-20,2022-12-15,NA,2026-05-08,1696
2026-04-30 02:26:17,2017-07-18,"1 Half (Half Share - ODD week), 1 No Produce - Order Only (even wk)","Combined CSA","FSB","St. Louis","MO","63122",104.51,"Automatic","Orange","Not on Hold","Fair Shares - Wednesday  - Wednesday","$150",0,0,0,2017-08-23,2026-04-29,NA,2026-05-08,1459
2026-03-27 07:08:21,2023-05-20,"1  (BYO) FSG - Orders Only","Combined CSA","Fair Shares Wednesday Pickup","Maplewood","MO","63143",0,"Automatic","None","Not on Hold","Fair Shares - Wednesday  - Wednesday","Debit on Delivery",0,0,0,2023-05-24,2023-08-30,NA,2026-05-08,1011
2026-04-26 22:26:46,2023-10-28,"1 (BYO) KWG - Orders Only (Weekly Shares)","Combined CSA","Kirkwood Pickup","Kirkwood","MO","63122",0,"Automatic","Purple","Hold","Kirkwood - Thursday","Debit on Delivery",0,0,0,2023-11-02,2026-02-26,NA,2026-05-08,1313
2026-04-02 12:37:43,2017-07-18,"1 (BYO) UCG - Orders Only","Combined CSA","UCity Pickup","High Ridge","MO","63049",0,"Automatic","Orange","Not on Hold","UCity - Wednesday","Debit on Delivery",0,0,0,2017-08-23,2026-02-18,NA,2026-05-08,1336
2026-01-26 21:05:08,2020-04-06,"1  (BYO) FSG - Orders Only","Combined CSA","Fair Shares Thursday Pickup","Saint Charles","MO","63303",0,"Automatic","None","Not on Hold","Fair Shares - Thursday - Thursday","Debit on Delivery",0,0,0,2020-04-09,2020-10-29,NA,2026-05-08,539
2024-09-19 09:26:46,2017-07-20,"1  (BYO) FSG - Orders Only","Combined CSA","Fair Shares Thursday Pickup","Maplewood","MO","63143",0,"Automatic","Orange","Not on Hold","Fair Shares - Thursday - Thursday","Debit on Delivery",0,0,0,2017-08-17,2024-09-05,NA,2026-05-08,1493
2025-09-10 10:13:44,2025-09-09,"1  (BYO) FSG - Orders Only","Combined CSA","Fair Shares Thursday Pickup","St. Louis","MO","63116",0,NA,"None","Not on Hold","Fair Shares - Thursday - Thursday",NA,0,0,0,NA,NA,NA,2026-05-08,443
2026-05-08 05:50:41,2017-07-20,"1 UCA/KWA, 0 2% MILK","Combined CSA","KWA","St. Louis","63122","63122",52.76,"Automatic","Payment","Not on Hold","Kirkwood - Thursday","$300",0,-300,0,2017-08-17,2026-05-07,NA,2026-05-08,807
2026-05-08 02:19:05,2017-07-18,"1 FSA/FSD","Combined CSA","FSD","St. Louis","MO","63011",475.45,"Automatic","None","Not on Hold","Fair Shares - Thursday - Thursday","$600",0,0,0,2017-08-16,2026-05-07,NA,2026-05-08,549
2025-07-21 08:45:55,2019-10-17,"1 (BYO) UCG - Orders Only","Combined CSA","UCity Pickup","Saint Louis","MO","63130",455.05,"Automatic","None","Not on Hold","UCity - Wednesday","Debit on Delivery",0,0,0,2019-10-23,2025-07-16,NA,2026-05-08,698
2024-10-25 09:19:48,2024-04-15,"1  (BYO) FSG - Orders Only","Combined CSA","Fair Shares Wednesday Pickup","St. Louis","MO","63109",0,"Automatic","Orange","Not on Hold","Fair Shares - Wednesday  - Wednesday","Debit on Delivery",0,0,0,2024-04-17,2024-10-16,NA,2026-05-08,1650
2025-03-20 13:45:18,2022-06-02,"1  (BYO) FSG - Orders Only","Combined CSA","Fair Shares Wednesday Pickup","St. Louis","MO","63110",0,"Automatic","Green","Not on Hold","Fair Shares - Wednesday  - Wednesday","Debit on Delivery",0,0,0,2022-06-08,2022-12-14,NA,2026-05-08,352
2022-03-12 11:44:43,2017-07-20,"1 (BYO) KWG - Orders Only (Weekly Shares)","Combined CSA","Kirkwood Pickup","Manchester","MO","63021",0,"Automatic","None","Not on Hold","Kirkwood - Thursday","Debit on Delivery",0,0,0,2017-08-17,2022-02-24,NA,2026-05-08,1278
2021-09-30 17:47:55,2021-04-08,"1  (BYO) FSG - Orders Only","Combined CSA","Fair Shares Thursday Pickup","St. Louis","MO","63118",0,NA,"None","Not on Hold","Fair Shares - Thursday - Thursday",NA,0,0,0,2021-04-08,2021-09-30,NA,2026-05-08,1655
2026-02-20 03:51:09,2025-03-20,"1  (BYO) FSG - Orders Only","Combined CSA","Fair Shares Thursday Pickup","St. Louis","MO","63110",0,"Automatic","None","Not on Hold","Fair Shares - Thursday - Thursday","Debit on Delivery",0,0,0,2025-04-03,2026-02-19,NA,2026-05-08,182
2022-06-08 19:10:58,2020-07-15,"1 BYO - No Share, Order Only (Weekly Shares)","Combined CSA","Fair Shares Thursday Pickup","St. Louis","MO","63118",0,"Automatic","None","Not on Hold","Fair Shares - Thursday - Thursday","Debit on Delivery",0,0,0,2020-07-22,2022-06-09,NA,2026-05-08,1332
2026-03-27 07:11:02,2022-07-17,"1  (BYO) FSG - Orders Only","Combined CSA","Fair Shares Wednesday Pickup","St louis","MO","63116",0,"Automatic","Green","Not on Hold","Fair Shares - Wednesday  - Wednesday","Debit on Delivery",0,0,0,2022-07-20,2023-03-01,NA,2026-05-08,26
2026-05-08 03:50:23,2020-10-16,"1 Half (Half Share - EVEN week), 1 No Produce - Order Only (odd wk)","Combined CSA","KWB","Ballwin","MO","63021",196.8,"Automatic","Purple","Not on Hold","Kirkwood - Thursday","$150",0,0,0,2020-10-29,2026-05-07,NA,2026-05-08,929
2026-04-22 02:07:20,2017-07-20,"1  (BYO) FSG - Orders Only","Combined CSA","Fair Shares Wednesday Pickup","Montgomery City","MO","63361",0,"Automatic","Payment","Not on Hold","Fair Shares - Wednesday  - Wednesday","Debit on Delivery",0,0,0,2017-08-17,2023-05-17,NA,2026-05-08,359
2019-05-22 11:23:35,2017-07-20,"1 BYO - No Share, Order Only (Weekly Shares)","Combined CSA","Fair Shares Thursday Pickup","St. Louis","MO","63139",-58.08,NA,"Purple","Hold","Fair Shares - Thursday - Thursday",NA,0,0,0,2017-08-17,2018-03-01,NA,2026-05-08,1825
2026-03-27 07:52:23,2018-08-25,"1 BYO - No Share, Order Only (Weekly Shares)","Combined CSA","Fair Shares Wednesday Pickup","St. Louis","MO","63123",0.01,"Automatic","None","Not on Hold","Fair Shares - Wednesday  - Wednesday","Debit on Delivery",0,0,0,2018-08-30,2020-01-08,NA,2026-05-08,1316
2025-09-12 03:56:48,2021-05-15,"1  (BYO) FSG - Orders Only","Combined CSA","Fair Shares Thursday Pickup","St. Louis","MO","63109",0,"Automatic","Purple","Not on Hold","Fair Shares - Thursday - Thursday","Debit on Delivery",0,0,0,2021-05-20,2025-09-11,NA,2026-05-08,1860
2026-05-07 02:27:45,2020-04-17,"1 Half (Half Share - EVEN week)","Combined CSA","FSB","St. Louis","MO","63109",46.59,"Automatic","Purple","Not on Hold","Fair Shares - Wednesday  - Wednesday","Debit on Delivery",0,0,0,2020-04-22,2026-05-06,NA,2026-05-08,1989
2026-05-08 03:50:25,2025-12-29,"1 Half (Half Share - EVEN week)","Combined CSA","FSE","St. louis","MO","63104",222.46,"Automatic","Purple","Not on Hold","Fair Shares - Thursday - Thursday","$150",0,0,0,2026-01-07,2026-05-07,NA,2026-05-08,652
2026-04-30 03:53:10,2017-07-18,"1 Half (Half Share - ODD week), 1 No Produce - Order Only (even wk)","Combined CSA","FSB","St. Louis","MO","63117",212.55,"Automatic","Blue Orange","Not on Hold","Fair Shares - Wednesday  - Wednesday","$150",0,0,0,2017-08-23,2026-04-29,NA,2026-05-08,919
2023-12-29 03:51:24,2020-07-14,"1 (BYO) UCG - Orders Only","Combined CSA","UCity Pickup","University City","MO","63130",0,"Automatic","Green","Not on Hold","UCity - Wednesday","Debit on Delivery",0,0,0,2020-07-15,2023-11-01,NA,2026-05-08,1130
2026-05-07 13:41:59,2017-07-18,"1 UCA/KWA","Combined CSA","UCA","St. Louis","MO","63130",335.46,"Automatic","None","Not on Hold","UCity - Wednesday","$300",0,0,0,2017-08-16,2026-02-25,NA,2026-05-08,1923
2026-04-22 11:33:18,2017-07-18,"1 Eggs - Buttonwood (Weekly Shares), 1 Mini (Weekly Shares)","Combined CSA","UCM","St. Louis","MO","63124",725.96,"Automatic","None","Temp Hold","UCity - Wednesday","Debit on Delivery",0,0,0,2017-08-16,2025-12-17,NA,2026-05-08,1014
2026-05-08 03:50:23,2021-07-10,"0 Skim MILK, 1 FSA/FSD","Combined CSA","FSD","St. Louis","MO","63104",283.19,"Automatic","Green","Not on Hold","Fair Shares - Thursday - Thursday","$300",0,0,0,2021-07-15,2026-05-07,NA,2026-05-08,310
2026-05-01 04:19:54,2024-01-16,"1 Half (Half Share - ODD week)","Combined CSA","FSE","St. Louis","MO","63144",146.53,"Automatic","Orange","Not on Hold","Fair Shares - Thursday - Thursday","$150",0,0,0,2024-01-25,2026-04-30,NA,2026-05-08,208
2026-05-07 02:27:45,2017-07-18,"1 Mini (Weekly Shares)","Combined CSA","UCM","St. Louis","63130","63103",97.64,"Automatic","None","Not on Hold","UCity - Wednesday","$150",0,0,0,2017-08-16,2026-05-06,NA,2026-05-08,1000
2026-04-20 12:54:23,2019-09-10,"1  (BYO) FSG - Orders Only","Combined CSA","Fair Shares Thursday Pickup","St Louis","MO","63110",300.47,"Automatic","Purple","Hold","Fair Shares - Thursday - Thursday","Debit on Delivery",0,0,0,2019-09-11,2024-07-18,NA,2026-05-08,1312
2026-04-20 14:10:53,2018-05-18,"1 BYO - No Share, Order Only (Weekly Shares)","Combined CSA","Fair Shares Wednesday Pickup","St Louis","MO","63110",0,"Automatic","None","Not on Hold","Fair Shares - Wednesday  - Wednesday","Debit on Delivery",0,0,0,2018-05-24,2026-02-18,NA,2026-05-08,1210
2026-05-07 02:27:45,2020-11-07,"1 UCA/KWA","Combined CSA","UCA","St Louis","MO","63112",123.15,"Automatic","None","Not on Hold","UCity - Wednesday","$300",0,0,0,2020-11-11,2026-05-06,NA,2026-05-08,373
2021-10-15 10:02:18,2020-06-05,"1  (BYO) FSG - Orders Only","Combined CSA","Fair Shares Thursday Pickup","Wildwood","MO","63069",0,"Automatic","Purple","Not on Hold","Fair Shares - Thursday - Thursday","Debit on Delivery",0,0,0,2020-06-11,2021-10-14,NA,2026-05-08,567
2024-12-31 11:08:34,2021-10-09,"1  (BYO) FSG - Orders Only","Combined CSA","Fair Shares Thursday Pickup","St. Charles","MO","63303",113.7,"Automatic","Purple","Not on Hold","Fair Shares - Thursday - Thursday","Debit on Delivery",0,0,0,2021-10-14,2024-12-19,NA,2026-05-08,996
2026-05-07 02:27:45,2020-03-08,"1 FSA/FSD","Combined CSA","FSA","St. Louis","MO","63139",451.18,"Automatic","None","Not on Hold","Fair Shares - Wednesday  - Wednesday","Debit on Delivery",0,0,0,2020-03-25,2026-05-06,NA,2026-05-08,99
2026-04-30 02:26:17,2022-05-17,"1 Half (Half Share - ODD week)","Combined CSA","FSB","St. Louis","MO","63143",515.21,"Automatic","Green Orange","Not on Hold","Fair Shares - Wednesday  - Wednesday","$600",0,0,0,2022-05-26,2026-04-29,NA,2026-05-08,962
2026-05-08 03:50:32,2020-12-25,"1 Half (Half Share - EVEN week), 0 Whole MILK-e","Combined CSA","FSE","St Louis","MO","63116",180.54,"Automatic","Green Purple","Not on Hold","Fair Shares - Thursday - Thursday","$150",0,0,0,2021-01-07,2026-05-07,NA,2026-05-08,700
2024-12-05 17:39:18,2020-03-31,"1  (BYO) FSG - Orders Only","Combined CSA","Fair Shares Wednesday Pickup","Saint Louis","MO","63139",0,"Automatic","Green","Not on Hold","Fair Shares - Wednesday  - Wednesday","Debit on Delivery",0,0,0,2020-04-08,2020-12-09,NA,2026-05-08,920
2023-07-21 02:42:18,2021-04-23,"1 (BYO) KWG - Orders Only (Weekly Shares)","Combined CSA","Kirkwood Pickup","Kirkwood","MO","63122",0.31,"Automatic","Green","Not on Hold","Kirkwood - Thursday","Debit on Delivery",0,0,0,2021-04-28,2023-07-20,NA,2026-05-08,1082
2020-10-19 10:40:31,2020-05-27,"1  (BYO) FSG - Orders Only","Combined CSA","Fair Shares Wednesday Pickup","St louis","MO","63110",0,"Automatic","Green Purple","Not on Hold","Fair Shares - Wednesday  - Wednesday","Debit on Delivery",0,0,0,2020-06-03,2020-10-14,NA,2026-05-08,1852
2022-06-23 11:06:36,2022-04-27,"1  (BYO) FSG - Orders Only","Combined CSA","Fair Shares Thursday Pickup","St Louis","MO","63128",0,"Automatic","None","Not on Hold","Fair Shares - Thursday - Thursday","Debit on Delivery",0,0,0,2022-05-13,2022-06-03,NA,2026-05-08,1562
2026-05-05 07:09:07,2020-04-11,"1 (BYO) KWG - Orders Only (Weekly Shares)","Combined CSA","Kirkwood Pickup","Kirkwood","MO","63122",0,"Automatic","Purple","Hold","Kirkwood - Thursday","Debit on Delivery",0,0,0,2020-04-16,2026-02-26,NA,2026-05-08,1329
2026-05-08 02:19:05,2017-07-18,"1 Half (Half Share - EVEN week), 0 Creamline MILK-e","Combined CSA","FSE","St. Louis","MO","63122",266.14,"Automatic","Purple","Not on Hold","Fair Shares - Thursday - Thursday","$300",0,0,0,2017-08-17,2026-05-07,NA,2026-05-08,22
2026-04-02 11:54:28,2021-07-21,"1 (BYO) UCG - Orders Only","Combined CSA","UCity Pickup","Saint Louis","MO","63118",2.37,"Automatic","Green","Not on Hold","UCity - Wednesday","Debit on Delivery",0,0,0,2021-07-28,2026-02-18,NA,2026-05-08,1572
2026-05-01 02:20:51,2017-08-11,"1 BYO - No Share, Order Only (Weekly Shares)","Combined CSA","Fair Shares Thursday Pickup","St. Louis","MO","63110",10.18,NA,"None","Not on Hold","Fair Shares - Thursday - Thursday","$150",0,0,0,2017-09-13,2026-04-30,NA,2026-05-08,1522
2026-04-14 09:09:22,2017-07-18,"1  (BYO) FSG - Orders Only","Combined CSA","Fair Shares Wednesday Pickup","St. Louis","MO","63119",3.53,"Automatic","Orange","Not on Hold","Fair Shares - Wednesday  - Wednesday","Debit on Delivery",0,0,0,2017-08-16,2026-02-18,NA,2026-05-08,671
2026-05-07 02:27:45,2018-08-22,"1 FSA/FSD","Combined CSA","FSA","Saint Louis","MO","63109",177.7,"Automatic","None","Not on Hold","Fair Shares - Wednesday  - Wednesday","$300",0,0,0,2018-08-22,2026-05-06,NA,2026-05-08,709
2026-05-01 02:20:51,2020-05-05,"1 Half (Half Share - ODD week)","Combined CSA","FSE","St. Louis","MO","63104",225.49,"Automatic","Green Orange","Not on Hold","Fair Shares - Thursday - Thursday","$300",0,0,0,2020-05-07,2026-04-30,NA,2026-05-08,1131
2022-05-13 03:51:46,2020-03-22,"1  (BYO) FSG - Orders Only","Combined CSA","Fair Shares Thursday Pickup","St. Louis","MO","63139",0,"Automatic","Green","Not on Hold","Fair Shares - Thursday - Thursday","Debit on Delivery",0,0,0,2020-03-26,2022-05-12,NA,2026-05-08,537
2026-05-08 03:50:41,2026-02-09,"1 FSA/FSD","Combined CSA","FSD","St. Louis","MO","63128",190.96,"Automatic","None","Not on Hold","Fair Shares - Thursday - Thursday","$150",0,0,0,2026-02-12,2026-05-07,NA,2026-05-08,32
2026-03-27 08:01:17,2017-07-18,"1 BYO - No Share, Order Only (Weekly Shares)","Combined CSA","Fair Shares Wednesday Pickup","St. Louis","MO","63139",0,"Automatic","None","Not on Hold","Fair Shares - Wednesday  - Wednesday","Debit on Delivery",0,0,0,2017-08-16,2022-11-23,NA,2026-05-08,980
2026-01-19 07:55:08,2022-09-14,"1  (BYO) FSG - Orders Only","Combined CSA","Fair Shares Thursday Pickup","St. Louis","MO","63118",2.36,"Automatic","Green","Not on Hold","Fair Shares - Thursday - Thursday","Debit on Delivery",0,0,0,2022-09-29,2026-01-15,NA,2026-05-08,744
2024-06-06 03:48:26,2019-05-17,"1  (BYO) FSG - Orders Only","Combined CSA","Fair Shares Wednesday Pickup","St. Louis","MO","63110",0,"Automatic","None","Not on Hold","Fair Shares - Wednesday  - Wednesday","Debit on Delivery",0,0,0,2019-05-29,2024-06-05,NA,2026-05-08,1911
2026-05-05 16:20:29,2017-07-18,"1 BYO - No Share, Order Only (Weekly Shares)","Combined CSA","Fair Shares Wednesday Pickup","St. Louis","MO","63110",144.13,"Automatic","None","Not on Hold","Fair Shares - Wednesday  - Wednesday","Debit on Delivery",0,0,0,2017-08-16,2026-05-06,NA,2026-05-08,37
2024-08-23 03:57:17,2023-09-22,"1  (BYO) FSG - Orders Only","Combined CSA","Fair Shares Thursday Pickup","Ballwin","MO","63011",0,"Automatic","Orange","Not on Hold","Fair Shares - Thursday - Thursday","Debit on Delivery",0,0,0,2023-09-28,2024-08-22,NA,2026-05-08,917
2025-03-12 11:05:24,2020-05-18,"1  (BYO) FSG - Orders Only","Combined CSA","Fair Shares Wednesday Pickup","St. Louis","MO","63110",0,"Automatic","Green Purple","Not on Hold","Fair Shares - Wednesday  - Wednesday","Debit on Delivery",0,0,0,2020-05-21,2025-02-26,NA,2026-05-08,596
2023-02-24 03:52:15,2022-02-27,"1 BYO - No Share, Order Only (Weekly Shares)","Combined CSA","Fair Shares Thursday Pickup","St louis","MO","63118",0,"Automatic","Green","Not on Hold","Fair Shares - Thursday - Thursday","Debit on Delivery",0,0,0,2022-03-24,2023-02-23,NA,2026-05-08,188
2018-08-20 18:49:42,2017-07-18,"1 BYO - No Share, Order Only (Weekly Shares)","Combined CSA","Fair Shares Thursday Pickup","St. Louis","MO","63119",-8.95,NA,"Purple","Hold","Fair Shares - Thursday - Thursday","Debit on Delivery",0,0,0,2017-08-17,2018-04-12,NA,2026-05-08,942
2026-04-28 21:21:50,2022-03-22,"1  (BYO) FSG - Orders Only","Combined CSA","Fair Shares Thursday Pickup","St. Louis","MO","63118",0.02,"Automatic","Purple","Hold","Fair Shares - Thursday - Thursday","Debit on Delivery",0,0,0,2022-03-31,2026-02-26,NA,2026-05-08,27
2026-04-22 02:07:20,2019-06-25,"1  (BYO) FSG - Orders Only","Combined CSA","Fair Shares Wednesday Pickup","St. Louis","MO","63119",0,"Automatic","Payment","Not on Hold","Fair Shares - Wednesday  - Wednesday","Debit on Delivery",0,0,0,2019-07-10,2024-09-18,NA,2026-05-08,206
2025-11-17 08:35:20,2025-01-27,"1  (BYO) FSG - Orders Only","Combined CSA","Fair Shares Wednesday Pickup","St. Louis","MO","63123",0,"Automatic","None","Not on Hold","Fair Shares - Wednesday  - Wednesday","Debit on Delivery",0,0,0,2025-01-29,2025-11-12,NA,2026-05-08,588
2026-05-07 02:27:45,2017-07-18,"1 UCA/KWA","Combined CSA","UCA","St. Louis","63130","MO",152.13,"Automatic","None","Not on Hold","UCity - Wednesday","$600",0,0,0,2017-08-16,2026-05-06,NA,2026-05-08,541
2023-10-16 09:40:15,2019-09-26,"1  (BYO) FSG - Orders Only","Combined CSA","Fair Shares Wednesday Pickup","Saint louis","MO","63110",0,"Automatic","None","Not on Hold","Fair Shares - Wednesday  - Wednesday","Debit on Delivery",0,0,0,2019-10-02,2023-08-23,NA,2026-05-08,1165
2026-04-22 02:07:20,2019-06-09,"1 (BYO) UCG - Orders Only","Combined CSA","UCity Pickup","St Louis","MO","63130",0,"Automatic","Payment","Not on Hold","UCity - Wednesday","Debit on Delivery",0,0,0,2019-06-12,2025-10-15,NA,2026-05-08,1889
2023-11-02 02:37:55,2023-08-20,"1 (BYO) UCG - Orders Only","Combined CSA","UCity Pickup","University City","MO","63130",175.56,"Automatic","Purple","Not on Hold","UCity - Wednesday","Debit on Delivery",0,0,0,2023-08-23,2023-11-01,NA,2026-05-08,1029
2026-04-30 02:26:17,2023-02-11,"1 Half (Half Share - ODD week)","Combined CSA","UCB","University City","MO","63130",389.11,"Automatic","Orange","Not on Hold","UCity - Wednesday","$600",0,0,0,2023-02-15,2026-04-29,NA,2026-05-08,1997
2026-04-28 09:14:02,2021-10-22,"1  (BYO) FSG - Orders Only","Combined CSA","Fair Shares Thursday Pickup","Saint Louis","MO","63139",168.83,"Automatic","None","Not on Hold","Fair Shares - Thursday - Thursday","Debit on Delivery",0,0,0,2021-10-28,2026-02-05,NA,2026-05-08,1227
2026-04-20 13:34:42,2020-05-28,"1  (BYO) FSG - Orders Only","Combined CSA","Fair Shares Wednesday Pickup","St. Louis","MO","63139",0.01,"Automatic","Green","Not on Hold","Fair Shares - Wednesday  - Wednesday","Debit on Delivery",0,0,0,2020-06-10,2021-10-20,NA,2026-05-08,1183
2026-04-20 08:36:20,2020-04-09,"1  (BYO) FSG - Orders Only","Combined CSA","Fair Shares Thursday Pickup","St Louis","MO","63110",105.46,"Automatic","Purple","Hold","Fair Shares - Thursday - Thursday",NA,0,0,0,2020-04-15,2021-09-16,NA,2026-05-08,1430
2021-11-25 03:53:56,2020-04-07,"1  (BYO) FSG - Orders Only","Combined CSA","Fair Shares Wednesday Pickup","St. Louis","MO","63116",0,"Automatic","Green","Not on Hold","Fair Shares - Wednesday  - Wednesday","Debit on Delivery",0,0,0,2020-04-15,2021-11-24,NA,2026-05-08,1480
2024-06-14 03:52:46,2017-07-18,"1  (BYO) FSG - Orders Only","Combined CSA","Fair Shares Thursday Pickup","St. Louis","MO","63104",0,"Automatic","None","Not on Hold","Fair Shares - Thursday - Thursday","Debit on Delivery",0,0,0,2017-08-16,2024-06-13,NA,2026-05-08,1890
2026-05-01 09:44:26,2022-03-29,"1 (BYO) UCG - Orders Only","Combined CSA","UCity Pickup","St. Louis","MO","63130",0,"Automatic","Green","Hold","UCity - Wednesday","Debit on Delivery",0,0,0,2022-04-06,2026-02-25,NA,2026-05-08,180
2021-09-18 10:42:46,2020-07-26,"1  (BYO) FSG - Orders Only","Combined CSA","Fair Shares Wednesday Pickup","St. Louis","MO","63108",0,"Automatic","Green","Not on Hold","Fair Shares - Wednesday  - Wednesday","Debit on Delivery",0,0,0,2020-07-29,2021-09-15,NA,2026-05-08,677
2026-03-02 09:01:15,2022-01-24,"1  (BYO) FSG - Orders Only","Combined CSA","Fair Shares Thursday Pickup","St. Louis","MO","63109",6.91,"Automatic","Green","Not on Hold","Fair Shares - Thursday - Thursday","Debit on Delivery",0,0,0,2022-01-27,2026-02-19,NA,2026-05-08,1339
2024-03-15 12:44:15,2022-03-14,"1 (BYO) KWG - Orders Only (Weekly Shares)","Combined CSA","Kirkwood Pickup","Kirkwood","MO","63122",98,"Automatic","Purple","Not on Hold","Kirkwood - Thursday","Debit on Delivery",0,0,0,2022-03-24,2024-03-07,NA,2026-05-08,1945
2026-01-14 19:33:59,2021-04-08,"1  (BYO) FSG - Orders Only","Combined CSA","Fair Shares Thursday Pickup","St Louis","MO","63119",0,NA,"None","Not on Hold","Fair Shares - Thursday - Thursday",NA,0,0,0,2021-04-15,2025-10-16,NA,2026-05-08,978
2026-04-20 14:10:00,2020-04-04,"1  (BYO) FSG - Orders Only","Combined CSA","Fair Shares Thursday Pickup","St. Louis","MO","63139",0,"Automatic","Orange","Not on Hold","Fair Shares - Thursday - Thursday","Debit on Delivery",0,0,0,2020-04-09,2026-02-19,NA,2026-05-08,599
2025-10-16 03:59:18,2023-02-09,"1 (BYO) UCG - Orders Only","Combined CSA","UCity Pickup","Saint Louis","MO","63112",0,"Automatic","None","Not on Hold","UCity - Wednesday","Debit on Delivery",0,0,0,2023-02-15,2025-10-15,NA,2026-05-08,1185
2026-05-01 02:20:51,2017-07-20,"1 Half (Half Share - ODD week)","Combined CSA","KWB","St. Louis","MO","63122",81.11,"Automatic","Orange","Not on Hold","Kirkwood - Thursday","$150",0,0,0,2017-08-24,2026-04-30,NA,2026-05-08,1626
2026-03-27 07:46:58,2019-05-29,"1  (BYO) FSG - Orders Only","Combined CSA","Fair Shares Wednesday Pickup","St Louis","MO","63108",0,"Automatic","None","Not on Hold","Fair Shares - Wednesday  - Wednesday","Debit on Delivery",0,0,0,2019-06-05,2023-06-21,NA,2026-05-08,1715
2026-04-20 10:35:24,2021-06-15,"1 (BYO) KWG - Orders Only (Weekly Shares)","Combined CSA","Kirkwood Pickup","Chesterfield","MO","63017",115.87,"Automatic","Orange","Hold","Kirkwood - Thursday","Debit on Delivery",0,0,0,2021-06-24,2023-10-12,NA,2026-05-08,1678
2026-04-13 09:52:01,2024-01-06,"1  (BYO) FSG - Orders Only","Combined CSA","Fair Shares Wednesday Pickup","Saint Louis","MO","63123",139.55,"Automatic","None","Hold","Fair Shares - Wednesday  - Wednesday","Debit on Delivery",0,0,0,2024-01-10,2025-10-15,NA,2026-05-08,332
2022-05-26 09:29:37,2017-11-13,"1 BYO - No Share, Order Only (Weekly Shares)","Combined CSA","Fair Shares Thursday Pickup","Maryland Heights","MO","63043",0,"Automatic","None","Not on Hold","Fair Shares - Thursday - Thursday","Debit on Delivery",0,0,0,2017-11-15,2022-05-25,NA,2026-05-08,1610
2026-04-29 06:17:57,2026-01-08,"1 (BYO) UCG - Orders Only","Combined CSA","UCity Pickup","Saint Louis","MO","63105",149.41,"Automatic","None","Not on Hold","UCity - Wednesday","Debit on Delivery",0,0,0,2026-01-14,2026-02-25,NA,2026-05-08,938
2021-07-15 03:57:21,2020-03-26,"1  (BYO) FSG - Orders Only","Combined CSA","Fair Shares Wednesday Pickup","St. Louis","MO","63130",0,"Automatic","Orange","Not on Hold","Fair Shares - Wednesday  - Wednesday","Debit on Delivery",0,0,0,2020-04-08,2021-07-14,NA,2026-05-08,226
2026-02-20 03:51:08,2020-03-15,"1  (BYO) FSG - Orders Only","Combined CSA","Fair Shares Thursday Pickup","St. Louis","MO","63110",0,"Automatic","Orange","Not on Hold","Fair Shares - Thursday - Thursday","Debit on Delivery",0,0,0,2020-03-26,2026-02-19,NA,2026-05-08,1308
2026-03-27 07:24:34,2020-10-11,"1  (BYO) FSG - Orders Only","Combined CSA","Fair Shares Wednesday Pickup","St Louis","MO","63110",0,"Automatic","Green Orange","Not on Hold","Fair Shares - Wednesday  - Wednesday","Debit on Delivery",0,0,0,2020-10-14,2022-07-27,NA,2026-05-08,1812
2021-12-19 20:28:45,2020-08-04,"1  (BYO) FSG - Orders Only","Combined CSA","Fair Shares Thursday Pickup","St. Louis","MO","63118",0,"Automatic","Green","Not on Hold","Fair Shares - Thursday - Thursday","Debit on Delivery",0,0,0,2020-08-13,2021-12-16,NA,2026-05-08,495
2026-03-27 07:16:55,2021-11-30,"1  (BYO) FSG - Orders Only","Combined CSA","Fair Shares Wednesday Pickup","ST LOUIS","MO","63125",0,"Automatic","None","Not on Hold","Fair Shares - Wednesday  - Wednesday","Debit on Delivery",0,0,0,2021-12-08,2023-05-03,NA,2026-05-08,910
2022-08-11 02:48:21,2019-07-23,"1 (BYO) UCG - Orders Only","Combined CSA","UCity Pickup","Clayton","MO","63105",0,NA,"None","Not on Hold","UCity - Wednesday","Debit on Delivery",0,0,0,2019-08-14,2022-08-10,NA,2026-05-08,376
2026-05-01 04:19:55,2023-04-24,"1 UCA/KWA","Combined CSA","KWA","Fenton","MO","63026",319.57,"Automatic","Green","Not on Hold","Kirkwood - Thursday","$300",0,0,0,2023-04-27,2026-04-30,NA,2026-05-08,1683
2026-03-27 07:50:01,2018-11-14,"1  (BYO) FSG - Orders Only","Combined CSA","Fair Shares Wednesday Pickup","Saint Louis","MO","63104",0,"Automatic","Orange","Not on Hold","Fair Shares - Wednesday  - Wednesday","Debit on Delivery",0,0,0,2018-11-21,2024-02-28,NA,2026-05-08,177
2026-05-07 02:27:45,2022-07-20,"1 FSA/FSD","Combined CSA","FSA","St. Louis","MO","63110",515.74,"Automatic","None","Not on Hold","Fair Shares - Wednesday  - Wednesday","$600",0,0,0,2022-07-20,2026-05-06,NA,2026-05-08,1203
2026-05-07 03:57:53,2017-07-18,"1 Half (Half Share - EVEN week)","Combined CSA","UCB","St. Louis","MO","63119",330.5,"Automatic","Purple","Not on Hold","UCity - Wednesday","$300",0,0,0,2017-08-16,2026-05-06,NA,2026-05-08,814
2021-07-22 16:06:33,2017-09-13,"1 BYO - No Share, Order Only (Weekly Shares)","Combined CSA","Fair Shares Wednesday Pickup","Saint Louis","MO","63105",0,"Automatic","Purple","Not on Hold","Fair Shares - Wednesday  - Wednesday","Debit on Delivery",0,0,0,2017-09-13,2020-12-02,NA,2026-05-08,1076
2021-07-22 16:13:49,2021-02-03,"1  (BYO) FSG - Orders Only","Combined CSA","Fair Shares Thursday Pickup","Saint Louis","MO","63109",0,"Automatic","Green Orange","Not on Hold","Fair Shares - Thursday - Thursday","Debit on Delivery",0,0,0,2021-02-04,2021-07-15,NA,2026-05-08,363
2026-04-08 09:14:10,2017-08-20,"1  (BYO) FSG - Orders Only","Combined CSA","Fair Shares Thursday Pickup","shrewsbury","MO","63119",0,NA,"None","Not on Hold","Fair Shares - Thursday - Thursday","Debit on Delivery",0,0,0,2017-08-30,2024-11-14,NA,2026-05-08,619
2020-02-19 13:01:43,2018-05-01,"1 BYO - No Share, Order Only (Weekly Shares)","Combined CSA","Fair Shares Thursday Pickup","st. louis","MO","63110",0,NA,"None","Not on Hold","Fair Shares - Thursday - Thursday",NA,0,0,0,2018-11-08,2018-11-08,NA,2026-05-08,69
2025-11-14 03:56:29,2021-01-19,"1  (BYO) FSG - Orders Only","Combined CSA","Fair Shares Thursday Pickup","Saint Louis","MO","63139",0,"Automatic","Orange","Not on Hold","Fair Shares - Thursday - Thursday","Debit on Delivery",0,0,0,2021-01-21,2025-11-13,NA,2026-05-08,730
2026-03-27 08:05:45,2017-07-18,"1 BYO - No Share, Order Only (Weekly Shares)","Combined CSA","Fair Shares Wednesday Pickup","Festus, MO","MO","63028",0,NA,"Orange","Hold","Fair Shares - Wednesday  - Wednesday","Debit on Delivery",0,0,0,2017-08-23,2018-02-21,NA,2026-05-08,1019
2025-11-18 15:53:13,2020-04-05,"1 (BYO) UCG - Orders Only","Combined CSA","UCity Pickup","St. Louis","MO","63130",0,"Automatic","None","Hold","UCity - Wednesday","Debit on Delivery",0,0,0,2020-04-15,2024-08-07,NA,2026-05-08,1628
2026-05-01 07:31:47,2026-03-20,"1 Guest Access","Combined CSA","KWB","SAINT LOUIS","MO","63122",-156.58,NA,"None","Not on Hold","Kirkwood - Thursday",NA,0,0,0,2026-04-29,2026-04-29,NA,2026-05-08,104
2026-04-13 10:03:58,2020-03-30,"1 (BYO) UCG - Orders Only","Combined CSA","UCity Pickup","Overland","MO","63114",0,NA,"Orange","Hold","UCity - Wednesday","Debit on Delivery",0,0,0,2020-04-08,2020-06-17,NA,2026-05-08,1426
2026-03-27 07:54:15,2018-06-18,"1  (BYO) FSG - Orders Only","Combined CSA","Fair Shares Wednesday Pickup","St. Louis","MO","63113",0,NA,"None","Hold","Fair Shares - Wednesday  - Wednesday","Debit on Delivery",0,0,0,2018-07-11,2021-02-24,NA,2026-05-08,802
2026-05-07 02:27:45,2017-07-18,"1 Mini (Weekly Shares), 0 Whole MILK","Combined CSA","FSMini-w","St. Louis","MO","63110",253.67,"Automatic","None","Not on Hold","Fair Shares - Wednesday  - Wednesday","$300",0,0,0,2017-08-16,2026-05-06,NA,2026-05-08,1577
2026-04-30 02:26:17,2021-01-16,"1 Half (Half Share - ODD week)","Combined CSA","FSB","St. Louis","MO","63110",92.63,"Automatic","Orange","Not on Hold","Fair Shares - Wednesday  - Wednesday","Debit on Delivery",0,0,0,2021-01-20,2026-04-29,NA,2026-05-08,554
2024-05-03 03:55:47,2020-11-18,"1  (BYO) FSG - Orders Only","Combined CSA","Fair Shares Thursday Pickup","St. Louis","MO","63109",0,"Automatic","Purple","Not on Hold","Fair Shares - Thursday - Thursday","Debit on Delivery",0,0,0,2020-12-03,2024-05-02,NA,2026-05-08,268
2026-05-07 03:57:56,2019-10-23,"1 Half (Half Share - EVEN week)","Combined CSA","FSB","webster groves","MO","63119",206.7,"Automatic","Purple","Not on Hold","Fair Shares - Wednesday  - Wednesday","$150",0,0,0,2019-10-23,2026-05-06,NA,2026-05-08,637
2026-05-08 02:19:05,2022-06-13,"1 Half (Half Share - EVEN week)","Combined CSA","FSE","St Louis","MO","63104",125.58,"Automatic","Green Purple","Not on Hold","Fair Shares - Thursday - Thursday","$600",0,0,0,2022-06-22,2026-05-07,NA,2026-05-08,249
2026-05-08 02:19:05,2017-07-18,"1 FSA/FSD","Combined CSA","FSD","St. Louis","MO","63119",147.81,"Automatic","None","Not on Hold","Fair Shares - Thursday - Thursday","$300",0,0,0,2017-08-17,2026-05-07,NA,2026-05-08,471
2026-05-07 03:57:41,2017-07-18,"1 Half (Half Share - EVEN week)","Combined CSA","UCB","St. Louis","MO","63117",219.41,"Automatic","Purple","Not on Hold","UCity - Wednesday","$150",0,0,0,2017-08-16,2026-05-06,NA,2026-05-08,1105
2024-09-13 03:58:49,2020-03-27,"1 BYO - No Share, Order Only (Weekly Shares)","Combined CSA","Fair Shares Thursday Pickup","St. Louis","MO","63116",0,"Automatic","None","Not on Hold","Fair Shares - Thursday - Thursday","Debit on Delivery",0,0,0,2020-04-02,2024-09-12,NA,2026-05-08,369
2026-02-20 03:51:13,2020-08-18,"1  (BYO) FSG - Orders Only","Combined CSA","Fair Shares Thursday Pickup","St. Louis","MO","63109-1614",0,"Automatic","Green","Not on Hold","Fair Shares - Thursday - Thursday","Debit on Delivery",0,0,0,2020-08-27,2026-02-19,NA,2026-05-08,330
2021-12-06 09:48:50,2021-04-06,"1 (BYO) UCG - Orders Only","Combined CSA","UCity Pickup","St louis","MO","63130",0,"Automatic","None","Not on Hold","UCity - Wednesday","Debit on Delivery",0,0,0,2021-04-14,2021-12-01,NA,2026-05-08,820
2021-07-05 08:31:52,2021-03-08,"1  (BYO) FSG - Orders Only","Combined CSA","Kirkwood Pickup","Kirkwood","MO","63122",0,"Automatic","Green","Not on Hold","Kirkwood - Thursday","Debit on Delivery",0,0,0,2021-03-25,2021-07-01,NA,2026-05-08,1942
2026-05-08 03:50:43,2021-02-13,"1 Half (Half Share - EVEN week)","Combined CSA","FSE","Edwardsville","IL","62025",157.34,"Automatic","Purple","Not on Hold","Fair Shares - Thursday - Thursday","$150",0,0,0,2021-02-24,2026-05-07,NA,2026-05-08,1505
2026-05-01 04:20:01,2020-04-03,"1 Half (Half Share - ODD week)","Combined CSA","FSE","Saint Louis","MO","63139",215.2,"Automatic","Orange","Not on Hold","Fair Shares - Thursday - Thursday","$150",0,0,0,2020-04-09,2026-04-30,NA,2026-05-08,1102
2026-03-27 07:34:16,2020-05-03,"1  (BYO) FSG - Orders Only","Combined CSA","Fair Shares Wednesday Pickup","St. Louis","MO","63110",0,"Automatic","None","Not on Hold","Fair Shares - Wednesday  - Wednesday","Debit on Delivery",0,0,0,2020-05-06,2021-01-20,NA,2026-05-08,1234
2024-05-27 16:47:10,2024-03-04,"1 (BYO) KWG - Orders Only (Weekly Shares)","Combined CSA","Kirkwood Pickup","Saint Louis","MO","63128",206.26,"Automatic","Purple","Not on Hold","Kirkwood - Thursday","Debit on Delivery",0,0,0,2024-04-11,2024-05-09,NA,2026-05-08,1770
2026-03-27 07:53:39,2018-08-02,"1 BYO - No Share, Order Only (Weekly Shares)","Combined CSA","Fair Shares Wednesday Pickup","St. Louis","MO","63121",0,NA,"None","Hold","Fair Shares - Wednesday  - Wednesday","Debit on Delivery",0,0,0,2018-08-08,2019-07-24,NA,2026-05-08,1240
2022-05-02 09:02:11,2020-04-25,"1 (BYO) UCG - Orders Only","Combined CSA","UCity Pickup","Olivette","MO","63132",0,"Automatic","Green Orange","Not on Hold","UCity - Wednesday","Debit on Delivery",0,0,0,2020-04-29,2021-11-03,NA,2026-05-08,1216
2026-05-07 02:27:45,2023-03-20,"1 Half (Half Share - EVEN week), 1 No Produce - Order Only (odd wk)","Combined CSA","FSB","Brentwood","MO","63144",508.08,"Automatic","Green Purple","Not on Hold","Fair Shares - Wednesday  - Wednesday","$600",0,0,0,2023-04-05,2026-05-06,NA,2026-05-08,620
2025-08-10 03:39:55,2017-07-18,"1  (BYO) FSG - Orders Only","Combined CSA","Fair Shares Thursday Pickup","Jacksonville","FL","32256",0,"Automatic","Purple","Not on Hold","Fair Shares - Thursday - Thursday","Debit on Delivery",0,0,0,2017-08-16,2021-06-23,NA,2026-05-08,937
2023-04-24 08:07:19,2020-08-17,"1 (BYO) UCG - Orders Only","Combined CSA","UCity Pickup","St. Louis","MO","63105",0,"Automatic","Green","Not on Hold","UCity - Wednesday","Debit on Delivery",0,0,0,2020-08-20,2023-02-15,NA,2026-05-08,1382
2026-05-08 03:50:49,2020-04-05,"1 Half (Half Share - EVEN week), 1 No Produce - Order Only (odd wk)","Combined CSA","KWB","Glendale","MO","63122",362.6,"Automatic","Green Purple","Not on Hold","Kirkwood - Thursday","$300",0,0,0,2020-04-09,2026-05-07,NA,2026-05-08,1419
2026-04-02 11:35:06,2017-07-18,"1 (BYO) KWG - Orders Only (Weekly Shares)","Combined CSA","Kirkwood Pickup","Webster Groves","MO","63119",0,"Automatic","None","Not on Hold","Kirkwood - Thursday","Debit on Delivery",0,0,0,2017-08-16,2026-02-26,NA,2026-05-08,1763
2026-02-05 03:54:31,2024-04-06,"1  (BYO) FSG - Orders Only","Combined CSA","Fair Shares Wednesday Pickup","St. Louis","MO","63109",0,"Automatic","None","Not on Hold","Fair Shares - Wednesday  - Wednesday","Debit on Delivery",0,0,0,2024-04-10,2026-02-04,NA,2026-05-08,1289
2024-04-02 15:44:08,2023-03-17,"1  (BYO) FSG - Orders Only","Combined CSA","Fair Shares Wednesday Pickup","St Louis","MO","63111",0,"Automatic","Green","Not on Hold","Fair Shares - Wednesday  - Wednesday","Debit on Delivery",0,0,0,2023-03-29,2024-03-06,NA,2026-05-08,1925
2022-08-11 12:26:48,2018-04-12,"1  (BYO) FSG - Orders Only","Combined CSA","Fair Shares Thursday Pickup","St. Louis","MO","63130",0,"Automatic","Orange","Not on Hold","Fair Shares - Thursday - Thursday","Debit on Delivery",0,0,0,2018-04-19,2022-04-21,NA,2026-05-08,966
2020-10-02 04:06:07,2017-07-18,"1 (BYO) UCG - Orders Only","Combined CSA","UCity Pickup","St. Louis","MO","63124",0,"Automatic","Purple","Not on Hold","UCity - Wednesday","Debit on Delivery",0,0,0,2017-08-16,2020-09-30,NA,2026-05-08,1588
2026-05-07 02:27:45,2024-05-06,"1 FSA/FSD","Combined CSA","FSA","Saint Louis","MO","63116",209.84,"Automatic","None","Not on Hold","Fair Shares - Wednesday  - Wednesday","$300",0,0,0,2024-05-09,2026-05-06,NA,2026-05-08,734
2023-10-08 08:20:55,2022-12-08,"1  (BYO) FSG - Orders Only","Combined CSA","Fair Shares Thursday Pickup","Saint Louis","MO","63126",0,"Automatic","None","Not on Hold","Fair Shares - Thursday - Thursday","Debit on Delivery",0,0,0,2022-12-15,2023-09-28,NA,2026-05-08,1188
2026-05-08 02:19:05,2018-08-16,"1 Half (Half Share - EVEN week), 1 No Produce - Order Only (odd wk)","Combined CSA","FSE","Webster Groves","MO","63119",148.39,"Automatic","Blue Purple","Not on Hold","Fair Shares - Thursday - Thursday","$300",0,0,0,2018-08-22,2026-05-07,NA,2026-05-08,1839
2024-08-19 14:44:57,2020-05-09,"1 (BYO) UCG - Orders Only","Combined CSA","UCity Pickup","Saint Louis","MO","63121",0,"Automatic","None","Not on Hold","UCity - Wednesday","Debit on Delivery",0,0,0,2020-05-13,2022-11-23,NA,2026-05-08,1621
2026-03-27 07:05:13,2024-03-25,"1  (BYO) FSG - Orders Only","Combined CSA","Fair Shares Wednesday Pickup","Saint Louis","MO","63105",0,"Automatic","Orange","Not on Hold","Fair Shares - Wednesday  - Wednesday","Debit on Delivery",0,0,0,2024-04-04,2026-02-04,NA,2026-05-08,1147
2026-04-29 05:31:39,2025-02-03,"1  (BYO) FSG - Orders Only","Combined CSA","Fair Shares Wednesday Pickup","St. Louis","MO","63118",101.16,"Automatic","None","Not on Hold","Fair Shares - Wednesday  - Wednesday","Debit on Delivery",0,0,0,2025-02-05,2026-02-25,NA,2026-05-08,508
2026-05-07 02:27:45,2017-07-18,"1 FSA/FSD","Combined CSA","FSA","St. Louis","MO","63108",102.38,"Automatic","None","Not on Hold","Fair Shares - Wednesday  - Wednesday","$300",0,0,0,2017-08-16,2026-05-06,NA,2026-05-08,1627
2026-05-08 02:19:05,2021-04-12,"1 Half (Half Share - EVEN week), 1 No Produce - Order Only (odd wk)","Combined CSA","FSE","St. Louis","MO","63110",214.97,"Automatic","Green Purple","Not on Hold","Fair Shares - Thursday - Thursday","$300",0,0,0,2021-04-15,2026-05-07,NA,2026-05-08,904
2026-04-30 03:53:02,2020-12-31,"1 Half (Half Share - ODD week), 1 No Produce - Order Only (even wk)","Combined CSA","UCB","University City","MO","63130",216.86,"Automatic","Green Orange","Not on Hold","UCity - Wednesday","$150",0,0,0,2021-01-07,2026-04-29,NA,2026-05-08,262
2025-11-25 13:55:02,2021-04-08,"1  (BYO) FSG - Orders Only","Combined CSA","Fair Shares Wednesday Pickup","St. Louis","MO","63116",0,NA,"None","Not on Hold","Fair Shares - Wednesday  - Wednesday",NA,0,0,0,2021-04-08,2025-07-09,NA,2026-05-08,589
2026-03-27 07:57:25,2018-04-09,"1 BYO - No Share, Order Only (Weekly Shares)","Combined CSA","Fair Shares Wednesday Pickup","Saint Louis","MO","63110",0,"Automatic","None","Not on Hold","Fair Shares - Wednesday  - Wednesday","Debit on Delivery",0,0,0,2018-04-11,2022-01-26,NA,2026-05-08,833
2026-04-09 14:56:12,2017-07-18,"1  (BYO) FSG - Orders Only","Combined CSA","Fair Shares Wednesday Pickup","St. Louis","MO","63108",0,"Automatic","None","Hold","Fair Shares - Wednesday  - Wednesday","Debit on Delivery",0,0,0,2017-08-16,2024-07-18,NA,2026-05-08,462
2026-05-03 21:23:13,2022-09-15,"1 Mini (Weekly Shares)","Combined CSA","FSMini-t","Ballwin","MO","63021",192.38,"Automatic","Green","Not on Hold","Fair Shares - Thursday - Thursday","$150",0,0,0,2022-09-28,2026-04-30,NA,2026-05-08,171
2026-04-30 03:53:09,2024-03-22,"1 Half (Half Share - ODD week)","Combined CSA","FSB","Saint Louis","MO","63119",207.25,"Automatic","Orange","Not on Hold","Fair Shares - Wednesday  - Wednesday","$150",0,0,0,2024-04-03,2026-04-29,NA,2026-05-08,296
2026-05-01 02:20:51,2020-05-09,"1 (BYO) KWG - Orders Only (Weekly Shares)","Combined CSA","Kirkwood Pickup","Fenton","MO","63026",263.99,"Automatic","Green Blue Purple","Not on Hold","Kirkwood - Thursday","$300",0,0,0,2020-05-14,2026-04-30,NA,2026-05-08,861
2023-06-27 16:38:47,2021-10-28,"1 (BYO) UCG - Orders Only","Combined CSA","UCity Pickup","University City","MO","63130",0,"Automatic","Green","Not on Hold","UCity - Wednesday","Debit on Delivery",0,0,0,2021-11-03,2023-05-03,NA,2026-05-08,1530
