"last_modified_date","sign_up","subscription","season_member_page","pickup_site","city","state","zip","balance","payment","issues","status","route_name","payment_plan","discount","future_pending_payments","future_deliveries","first_delivery_date","last_delivery_date","coupon_id","file_date","member_id"
2026-08-27 02:43:44,2017-07-18,"1 Half (Half Share - EVEN week)","Combined CSA","FSB","St. Louis","MO","63104",913.7,"Automatic","Purple","Not on Hold","Fair Shares - Wednesday  - Wednesday","$150",0,0,0,2017-08-16,2026-08-26,NA,2026-08-28,1084
2026-01-02 08:42:53,2025-02-21,"1  (BYO) FSG - Orders Only","Combined CSA","Fair Shares Thursday Pickup","Saint Louis","MO","63109",0,"Automatic","None","Not on Hold","Fair Shares - Thursday - Thursday","Debit on Delivery",0,0,0,2025-02-27,2025-10-02,NA,2026-08-28,140
2026-08-27 04:00:38,2020-08-31,"1 Mini (Weekly Shares)","Combined CSA","FSMini-w","St. Louis","MO","63104",204.61,"Automatic","Green","Not on Hold","Fair Shares - Wednesday  - Wednesday","$150",0,0,0,2020-09-03,2026-08-26,NA,2026-08-28,1474
2026-07-31 02:36:46,2017-07-18,"1  (BYO) FSG - Orders Only","Combined CSA","Fair Shares Thursday Pickup","St. Louis","MO","63139",169.32,"Automatic","None","Not on Hold","Fair Shares - Thursday - Thursday","$600",0,0,0,2017-08-23,2026-07-30,NA,2026-08-28,1771
2026-08-28 03:54:28,2018-12-20,"1 Half (Half Share - EVEN week), 4 2% MILK-e","Combined CSA","FSE","Clayton","MO","63105",559.19,"Automatic","Purple","Not on Hold","Fair Shares - Thursday - Thursday","$600",0,0,0,2018-12-20,2026-08-27,NA,2026-08-28,1864
2026-04-27 09:37:09,2017-07-20,"1  (BYO) FSG - Orders Only","Combined CSA","Fair Shares Thursday Pickup","St. Louis","MO","63119",0,"Automatic","None","Hold","Fair Shares - Thursday - Thursday","Debit on Delivery",0,0,0,2017-08-17,2026-02-26,NA,2026-08-28,76
2024-01-21 10:52:58,2020-05-20,"1  (BYO) FSG - Orders Only","Combined CSA","Fair Shares Wednesday Pickup","St Louis","MO","63109",0,"Automatic","Purple","Not on Hold","Fair Shares - Wednesday  - Wednesday","Debit on Delivery",0,0,0,2020-05-27,2024-01-10,NA,2026-08-28,399
2024-12-05 17:43:33,2017-07-18,"1  (BYO) FSG - Orders Only","Combined CSA","Fair Shares Thursday Pickup","St. Louis","MO","63126",0,"Automatic","None","Not on Hold","Fair Shares - Thursday - Thursday","Debit on Delivery",0,0,0,2017-08-24,2024-01-18,NA,2026-08-28,1730
2026-03-30 10:43:33,2017-07-20,"1 BYO - No Share, Order Only (Weekly Shares)","Combined CSA","Fair Shares Thursday Pickup","St. Louis","MO","63119",0,NA,"None","Hold","Fair Shares - Thursday - Thursday","Debit on Delivery",0,0,0,2017-08-17,2018-03-01,NA,2026-08-28,705
2026-08-21 02:36:06,2024-06-18,"1 Half (Half Share - ODD week)","Combined CSA","FSE","St Louis","MO","63104",143.64,"Automatic","Green Orange","Not on Hold","Fair Shares - Thursday - Thursday","$300",0,0,0,2024-06-27,2026-08-20,NA,2026-08-28,834
2020-10-23 02:49:34,2020-08-01,"1  (BYO) FSG - Orders Only","Combined CSA","Fair Shares Thursday Pickup","St. Louis","MO","63139",1.59,"Automatic","None","Not on Hold","Fair Shares - Thursday - Thursday","Debit on Delivery",0,0,0,2020-08-06,2020-10-22,NA,2026-08-28,668
2026-08-28 03:54:24,2019-08-16,"1 UCA/KWA","Combined CSA","KWA","Kirkwood","MO","63122",335.04,"Automatic","None","Not on Hold","Kirkwood - Thursday","$300",0,0,0,2019-08-22,2026-08-27,NA,2026-08-28,1746
2026-04-24 08:09:08,2024-01-02,"1  (BYO) FSG - Orders Only","Combined CSA","Fair Shares Thursday Pickup","St. Louis","MO","63112",0,"Automatic","None","Not on Hold","Fair Shares - Thursday - Thursday","Debit on Delivery",0,0,0,2024-01-10,2026-02-26,NA,2026-08-28,855
2026-08-25 19:00:57,2019-08-13,"1 (BYO) UCG - Orders Only","Combined CSA","UCity Pickup","St. Louis","MO","63105",87.72,"Automatic","None","Not on Hold","UCity - Wednesday","Debit on Delivery",0,0,0,2019-08-14,2026-08-19,NA,2026-08-28,828
2026-08-22 02:07:03,2020-06-26,"1 Half (Half Share - ODD week)","Combined CSA","FSE","Chesterfield","MO","63005",157.03,"Automatic","Green Orange","Not on Hold","Fair Shares - Thursday - Thursday","$150",0,0,0,2020-07-02,2026-08-20,NA,2026-08-28,1047
2023-11-28 13:32:09,2022-01-13,"1  (BYO) FSG - Orders Only","Combined CSA","Fair Shares Thursday Pickup","Kirkwood","MO","63122",165.42,"Automatic","Green","Not on Hold","Fair Shares - Thursday - Thursday","Debit on Delivery",0,0,0,2022-01-19,2023-11-23,NA,2026-08-28,408
2025-07-22 09:10:36,2020-05-09,"1 (BYO) UCG - Orders Only","Combined CSA","UCity Pickup","St. Louis","MO","63124",0,"Automatic","Green","Not on Hold","UCity - Wednesday","Debit on Delivery",0,0,0,2020-05-14,2024-11-27,NA,2026-08-28,1434
2024-09-27 02:42:15,2021-06-13,"1 (BYO) KWG - Orders Only (Weekly Shares)","Combined CSA","Kirkwood Pickup","St. Louis","MO","63122",38.09,"Automatic","Orange","Not on Hold","Kirkwood - Thursday","Debit on Delivery",0,0,0,2021-06-17,2024-09-26,NA,2026-08-28,1753
2026-01-23 03:52:43,2025-08-04,"1 (BYO) KWG - Orders Only (Weekly Shares)","Combined CSA","Kirkwood Pickup","Kirkwood","MO","63122",0,"Automatic","None","Not on Hold","Kirkwood - Thursday","Debit on Delivery",0,0,0,2025-08-07,2026-01-22,NA,2026-08-28,558
2021-05-13 15:55:00,2021-04-01,"1  (BYO) FSG - Orders Only","Combined CSA","Fair Shares Thursday Pickup","St. Louis","MO","63118",0,NA,"None","Not on Hold","Fair Shares - Thursday - Thursday",NA,0,0,0,2021-04-08,2021-05-13,NA,2026-08-28,1133
2026-02-27 02:16:07,2017-07-18,"1 Half (Half Share - EVEN week), 1 No Produce - Order Only (odd wk)","Combined CSA","UCB","St. Louis","MO","63130",0,"Automatic","Blue Purple","Hold","UCity - Wednesday","Debit on Delivery",0,0,0,2017-08-16,2026-02-25,NA,2026-08-28,659
2024-04-02 20:03:51,2020-04-21,"1  (BYO) FSG - Orders Only","Combined CSA","Fair Shares Thursday Pickup","St. Louis","MO","63108",111,"Automatic","Purple","Not on Hold","Fair Shares - Thursday - Thursday","Debit on Delivery",0,0,0,2020-04-23,2024-03-06,NA,2026-08-28,1435
2021-09-04 07:54:27,2020-06-01,"1  (BYO) FSG - Orders Only","Combined CSA","Fair Shares Thursday Pickup","Saint Louis","MO","63110",0,"Automatic","Green","Not on Hold","Fair Shares - Thursday - Thursday","Debit on Delivery",0,0,0,2020-06-04,2021-09-02,NA,2026-08-28,748
2025-12-31 03:57:41,2017-07-20,"1  (BYO) FSG - Orders Only","Combined CSA","Fair Shares Thursday Pickup","St. Louis","MO","63108",0,"Automatic","None","Not on Hold","Fair Shares - Thursday - Thursday","Debit on Delivery",0,0,0,2017-08-17,2023-01-12,NA,2026-08-28,378
2026-04-20 14:09:15,2021-05-25,"1 (BYO) KWG - Orders Only (Weekly Shares)","Combined CSA","Kirkwood Pickup","Bloomsdale","MO","63627",0,"Automatic","None","Not on Hold","Kirkwood - Thursday","Debit on Delivery",0,0,0,2021-05-27,2026-02-26,NA,2026-08-28,312
2026-04-21 07:53:49,2017-07-18,"1  (BYO) FSG - Orders Only","Combined CSA","Fair Shares Thursday Pickup","St. Louis","MO","63103",0.01,"Automatic","None","Not on Hold","Fair Shares - Thursday - Thursday","Debit on Delivery",0,0,0,2017-08-16,2026-02-26,NA,2026-08-28,1819
2021-03-18 08:17:39,2020-03-31,"1  (BYO) FSG - Orders Only","Combined CSA","Fair Shares Thursday Pickup","St. Louis","MO","63116",0,"Automatic","None","Not on Hold","Fair Shares - Thursday - Thursday","Debit on Delivery",0,0,0,2020-04-02,2021-02-25,NA,2026-08-28,90
2026-08-27 02:43:44,2026-07-15,"1 UCA/KWA","Combined CSA","UCA","Clayton","MO","63105-3103",211.21,"Automatic","None","Not on Hold","UCity - Wednesday","$300",0,0,0,2026-07-22,2026-08-26,NA,2026-08-28,1004
2026-04-26 22:14:56,2022-07-08,"1 (BYO) KWG - Orders Only (Weekly Shares)","Combined CSA","Kirkwood Pickup","Saint Louis","MO","63123",0,"Automatic","Green","Hold","Kirkwood - Thursday","Debit on Delivery",0,0,0,2022-07-14,2026-01-22,NA,2026-08-28,1408
2026-01-11 04:18:11,2025-01-10,"1 (BYO) KWG - Orders Only (Weekly Shares)","Combined CSA","Kirkwood Pickup","Affton","MO","63123",6.17,"Automatic","Orange","Not on Hold","Kirkwood - Thursday","Debit on Delivery",0,0,0,2025-01-16,2026-01-08,NA,2026-08-28,102
2020-07-29 11:41:20,2020-07-29,"1 BYO - No Share, Order Only (Weekly Shares)","Combined CSA","Fair Shares Wednesday Pickup","St. Louis","MO","63110",0,NA,"None","Not on Hold","Fair Shares - Wednesday  - Wednesday",NA,0,0,0,NA,NA,NA,2026-08-28,1880
2026-03-27 08:04:05,2017-07-18,"1 BYO - No Share, Order Only (Weekly Shares)","Combined CSA","Fair Shares Wednesday Pickup","St. Louis","MO","63102",0,NA,"Purple","Hold","Fair Shares - Wednesday  - Wednesday",NA,0,0,0,2017-08-16,2019-02-13,NA,2026-08-28,221
2025-11-28 03:48:04,2022-04-01,"1  (BYO) FSG - Orders Only","Combined CSA","Fair Shares Thursday Pickup","St. Louis","MO","63110",0,"Automatic","Green","Not on Hold","Fair Shares - Thursday - Thursday","Debit on Delivery",0,0,0,2022-04-07,2025-11-27,NA,2026-08-28,1005
2026-08-27 04:00:50,2024-06-19,"1 Half (Half Share - EVEN week)","Combined CSA","UCB","University City","MO","63130",215.29,"Automatic","Purple","Not on Hold","UCity - Wednesday","$150",0,0,0,2024-06-26,2026-08-26,NA,2026-08-28,892
2026-04-13 12:39:51,2017-07-18,"1 (BYO) UCG - Orders Only","Combined CSA","UCity Pickup","St. Louis","MO","63105",77.55,"Automatic","Orange","Not on Hold","UCity - Wednesday","Debit on Delivery",0,0,0,2017-08-23,2026-02-18,NA,2026-08-28,1034
2026-03-27 08:04:30,2017-07-18,"1 BYO - No Share, Order Only (Weekly Shares)","Combined CSA","Fair Shares Wednesday Pickup","St. Louis","63108","MO",0,"Automatic","None","Hold","Fair Shares - Wednesday  - Wednesday","Debit on Delivery",0,0,0,2017-08-17,2018-09-12,NA,2026-08-28,930
2026-08-27 02:43:44,2024-08-16,"1 Mini (Weekly Shares)","Combined CSA","FSMini-w","Saint Louis","MO","63118",135.38,"Automatic","None","Not on Hold","Fair Shares - Wednesday  - Wednesday","$150",0,0,0,2024-08-21,2026-08-26,NA,2026-08-28,190
2024-03-07 03:46:16,2022-04-21,"1  (BYO) FSG - Orders Only","Combined CSA","Fair Shares Wednesday Pickup","Saint Louis","MO","63118",0,"Automatic","Purple","Not on Hold","Fair Shares - Wednesday  - Wednesday","Debit on Delivery",0,0,0,2022-04-27,2024-03-06,NA,2026-08-28,220
2026-08-28 02:35:58,2017-07-18,"1 2% MILK, 1 FSA/FSD","Combined CSA","FSA","St. Louis","MO","63108",620.78,"Automatic","None","Not on Hold","Fair Shares - Wednesday  - Wednesday","$600",0,0,0,2017-08-16,2026-08-26,NA,2026-08-28,1830
2025-10-29 10:11:30,2025-02-25,"1  (BYO) FSG - Orders Only","Combined CSA","Fair Shares Thursday Pickup","St Louis","MO","63108",0,"Automatic","None","Not on Hold","Fair Shares - Thursday - Thursday","Debit on Delivery",0,0,0,2025-04-03,2025-10-16,NA,2026-08-28,562
2026-03-27 07:07:33,2023-11-30,"1  (BYO) FSG - Orders Only","Combined CSA","Fair Shares Wednesday Pickup","St. Louis","MO","63109",0,"Automatic","Purple","Hold","Fair Shares - Wednesday  - Wednesday","Debit on Delivery",0,0,0,2023-12-06,2025-08-13,NA,2026-08-28,1141
2025-01-30 19:10:10,2021-09-14,"1  (BYO) FSG - Orders Only","Combined CSA","Fair Shares Thursday Pickup","St. Louis","MO","63104",0,"Automatic","None","Not on Hold","Fair Shares - Thursday - Thursday","Debit on Delivery",0,0,0,2021-09-16,2025-01-30,NA,2026-08-28,1421
2026-08-27 02:43:44,2017-07-18,"1 Mini (Weekly Shares)","Combined CSA","UCM","St. Louis","MO","63132",111.83,"Automatic","None","Not on Hold","UCity - Wednesday","$150",0,0,0,2017-08-16,2026-08-26,NA,2026-08-28,1448
2026-04-20 07:02:10,2017-10-12,"1  (BYO) FSG - Orders Only","Combined CSA","Fair Shares Thursday Pickup","Saint Louis","MO","63116",0,"Automatic","None","Hold","Fair Shares - Thursday - Thursday","Debit on Delivery",0,0,0,2017-10-25,2023-05-18,NA,2026-08-28,1164
2025-06-12 02:38:30,2024-08-29,"1 (BYO) UCG - Orders Only","Combined CSA","UCity Pickup","Saint Louis","MO","63112",0.2,"Automatic","None","Not on Hold","UCity - Wednesday","Debit on Delivery",0,0,0,2024-09-04,2025-06-11,NA,2026-08-28,752
2026-03-27 07:59:20,2017-08-18,"1 BYO - No Share, Order Only (Weekly Shares)","Combined CSA","Fair Shares Wednesday Pickup","St. Louis","MO","63104",0,NA,"Purple","Not on Hold","Fair Shares - Wednesday  - Wednesday","Debit on Delivery",0,0,0,2017-08-31,2020-07-08,NA,2026-08-28,261
2026-08-28 02:35:58,2024-02-19,"1 Mini (Weekly Shares)","Combined CSA","FSMini-t","Manchester","MO","63088",90.49,"Automatic","None","Not on Hold","Fair Shares - Thursday - Thursday","$150",0,0,0,2024-02-22,2026-08-27,NA,2026-08-28,1750
2026-04-20 06:12:48,2023-10-22,"1 (BYO) UCG - Orders Only","Combined CSA","UCity Pickup","Saint Louis","MO","63141",0,"Automatic","None","Hold","UCity - Wednesday","Debit on Delivery",0,0,0,2023-10-25,2024-05-08,NA,2026-08-28,1861
2026-08-13 03:58:09,2023-11-18,"1  (BYO) FSG - Orders Only","Combined CSA","Fair Shares Wednesday Pickup","St. Louis","MO","63110",0,"Automatic","None","Not on Hold","Fair Shares - Wednesday  - Wednesday","Debit on Delivery",0,0,0,2023-11-29,2026-02-25,NA,2026-08-28,553
2026-08-20 04:00:51,2021-01-10,"1 Half (Half Share - ODD week), 1 No Produce - Order Only (even wk)","Combined CSA","UCB","Ladue","MO","63124",286.83,"Automatic","Orange","Not on Hold","UCity - Wednesday","$300",0,0,0,2021-01-13,2026-08-19,NA,2026-08-28,162
2020-10-11 20:47:30,2020-05-21,"1  (BYO) FSG - Orders Only","Combined CSA","Fair Shares Thursday Pickup","SAINT LOUIS","MO","63139",0,"Automatic","None","Not on Hold","Fair Shares - Thursday - Thursday","Debit on Delivery",0,0,0,2020-05-28,2020-10-08,NA,2026-08-28,1824
2026-08-28 02:35:58,2024-11-18,"1 UCA/KWA","Combined CSA","KWA","Saint louis","MO","63124",88.6,"Automatic","None","Not on Hold","Kirkwood - Thursday","$300",0,0,0,2024-12-04,2026-08-27,NA,2026-08-28,326
2026-03-27 08:06:49,2017-07-18,"1 BYO - No Share, Order Only (Weekly Shares)","Combined CSA","Fair Shares Wednesday Pickup","St. Louis","63114","MO",0,"Automatic","None","Not on Hold","Fair Shares - Wednesday  - Wednesday","Debit on Delivery",0,0,0,2017-08-16,2018-05-09,NA,2026-08-28,106
2026-08-27 02:43:44,2025-05-10,"1 Half (Half Share - EVEN week)","Combined CSA","FSB","St. Louis","MO","63119",109.55,"Automatic","Purple","Not on Hold","Fair Shares - Wednesday  - Wednesday","$150",0,0,0,2025-05-15,2026-08-26,NA,2026-08-28,960
2021-08-17 12:49:42,2020-05-02,"1  (BYO) FSG - Orders Only","Combined CSA","Fair Shares Thursday Pickup","St. Louis","MO","63117",0,"Automatic","None","Not on Hold","Fair Shares - Thursday - Thursday","Debit on Delivery",0,0,0,2020-05-07,2021-08-12,NA,2026-08-28,152
2024-09-20 02:42:40,2020-01-16,"1  (BYO) FSG - Orders Only","Combined CSA","Fair Shares Thursday Pickup","St. Louis","MO","63110",0.3,"Automatic","None","Not on Hold","Fair Shares - Thursday - Thursday","Debit on Delivery",0,0,0,2020-01-22,2024-09-19,NA,2026-08-28,1641
2026-08-27 04:00:45,2017-07-20,"1 Half (Half Share - EVEN week)","Combined CSA","FSB","St. Louis","63139","63139",186.22,"Automatic","Purple","Not on Hold","Fair Shares - Wednesday  - Wednesday","$150",0,0,0,2017-08-17,2026-08-26,NA,2026-08-28,986
2025-04-07 10:25:29,2023-01-12,"1  (BYO) FSG - Orders Only","Combined CSA","Fair Shares Thursday Pickup","High Ridge","MO","63409",0,"Automatic","Green Purple","Not on Hold","Fair Shares - Thursday - Thursday","Debit on Delivery",0,0,0,2023-01-19,2025-01-30,NA,2026-08-28,836
2022-01-20 03:51:57,2017-07-18,"1  (BYO) FSG - Orders Only","Combined CSA","Fair Shares Wednesday Pickup","St. Louis","MO","63110",0,"Automatic","Purple","Not on Hold","Fair Shares - Wednesday  - Wednesday","Debit on Delivery",0,0,0,2017-08-16,2022-01-19,NA,2026-08-28,1454
2026-07-03 03:52:48,2017-07-18,"1  (BYO) FSG - Orders Only","Combined CSA","Fair Shares Thursday Pickup","St. Louis","63130","63130",0.01,"Automatic","None","Not on Hold","Fair Shares - Thursday - Thursday","Debit on Delivery",0,0,0,2017-08-16,2026-07-02,NA,2026-08-28,1496
2026-08-28 03:54:22,2026-08-23,"1 Guest Access, 1 Half (ONCE 2026-09-10)","Combined CSA","FSE","Webster Groves","MO","63119",0,"Automatic","None","Not on Hold","Fair Shares - Thursday - Thursday","Debit on Delivery",0,0,0,2026-08-27,2026-08-27,NA,2026-08-28,982
2026-08-27 02:43:44,2019-07-28,"1 Half (Half Share - EVEN week)","Combined CSA","UCB","Richmond Heights","MO","63117",133.86,"Automatic","Purple","Not on Hold","UCity - Wednesday","$150",0,0,0,2019-07-31,2026-08-26,NA,2026-08-28,178
2026-08-27 04:00:40,2026-08-20,"1 Guest Access, 1 UCA/KWA (ONCE 2026-09-02)","Combined CSA","UCA","Saint Louis","MO","63146",0,"Automatic","None","Not on Hold","UCity - Wednesday","Debit on Delivery",0,0,0,2026-08-26,2026-08-26,NA,2026-08-28,723
2026-08-21 02:36:06,2025-07-31,"1 Half (Half Share - ODD week)","Combined CSA","FSE","St. Louis","MO","63116",135.36,"Automatic","Orange","Not on Hold","Fair Shares - Thursday - Thursday","$150",0,0,0,2025-08-07,2026-08-20,NA,2026-08-28,722
2021-01-04 12:41:50,2020-04-26,"1  (BYO) FSG - Orders Only","Combined CSA","Fair Shares Thursday Pickup","Webster Groves","MO","63119",0,"Automatic","None","Not on Hold","Fair Shares - Thursday - Thursday","Debit on Delivery",0,0,0,2020-04-30,2020-12-24,NA,2026-08-28,1794
2026-07-27 08:30:48,2026-07-04,"1 Guest Access","Combined CSA","FSD","St Louis","MO","63110",0,"Automatic","None","Not on Hold","Fair Shares - Thursday - Thursday","Debit on Delivery",0,0,0,2026-07-09,2026-07-16,NA,2026-08-28,958
2026-08-18 16:54:22,2026-04-21,"1 (BYO) KWG - Orders Only (Weekly Shares)","Combined CSA","Kirkwood Pickup","Fenton","MO","63026",307.42,"Automatic","None","Not on Hold","Kirkwood - Thursday","Debit on Delivery",0,0,0,2026-04-30,2026-07-23,NA,2026-08-28,246
2026-08-20 02:43:55,2024-04-05,"1 Half (Half Share - ODD week)","Combined CSA","FSB","Saint Louis","MO","63116",107.04,"Automatic","Orange","Not on Hold","Fair Shares - Wednesday  - Wednesday","$300",0,0,0,2024-04-10,2026-08-19,NA,2026-08-28,1174
2025-08-27 10:59:31,2023-04-10,"1 (BYO) UCG - Orders Only","Combined CSA","UCity Pickup","St. Louis","MO","63124",0,"Automatic","Green Purple","Hold","UCity - Wednesday","Debit on Delivery",0,0,0,2023-04-19,2024-10-09,NA,2026-08-28,1631
2025-05-15 02:27:17,2021-06-11,"1 (BYO) UCG - Orders Only","Combined CSA","UCity Pickup","St Louis","MO","63146",82.59,"Automatic","Green","Not on Hold","UCity - Wednesday","Debit on Delivery",0,0,0,2021-06-16,2025-05-14,NA,2026-08-28,1118
2026-05-14 14:02:55,2021-04-05,"1  (BYO) FSG - Orders Only","Combined CSA","Fair Shares Thursday Pickup","Saint Louis","MO","63118",0,NA,"None","Not on Hold","Fair Shares - Thursday - Thursday",NA,0,0,0,2021-04-21,2026-05-14,NA,2026-08-28,1249
2025-02-25 19:19:48,2025-02-25,"1  (BYO) FSG - Orders Only","Combined CSA","Fair Shares Thursday Pickup","St. Louis","MO","63110",0,NA,"None","Not on Hold","Fair Shares - Thursday - Thursday",NA,0,0,0,NA,NA,NA,2026-08-28,183
2026-04-20 05:40:56,2020-04-20,"1  (BYO) FSG - Orders Only","Combined CSA","Fair Shares Wednesday Pickup","St. Louis","MO","63139",183.97,"Automatic","None","Hold","Fair Shares - Wednesday  - Wednesday","Debit on Delivery",0,0,0,2020-04-22,2025-04-09,NA,2026-08-28,1930
2026-04-20 14:10:25,2020-03-20,"1  (BYO) FSG - Orders Only","Combined CSA","Fair Shares Wednesday Pickup","Saint Louis","MO","63110",0,"Automatic","Purple","Not on Hold","Fair Shares - Wednesday  - Wednesday","Debit on Delivery",0,0,0,2020-03-25,2026-02-11,NA,2026-08-28,1348
2026-08-27 02:43:44,2026-03-04,"1 Mini (Weekly Shares)","Combined CSA","FSMini-w","Saint louis","MO","63109",146.29,"Automatic","None","Not on Hold","Fair Shares - Wednesday  - Wednesday","$150",0,0,0,2026-04-29,2026-08-26,NA,2026-08-28,235
2026-03-27 08:07:26,2017-07-18,"1 BYO - No Share, Order Only (Weekly Shares)","Combined CSA","Fair Shares Wednesday Pickup","Creve Coeur","MO","63141",0,"Automatic","None","Not on Hold","Fair Shares - Wednesday  - Wednesday","Debit on Delivery",0,0,0,2017-08-16,2020-07-08,NA,2026-08-28,1795
2026-08-27 02:43:44,2025-11-22,"1 FSA/FSD","Combined CSA","FSA","Saint Louis","MO","63139",135.22,"Automatic","None","Not on Hold","Fair Shares - Wednesday  - Wednesday","$300",0,0,0,2025-11-26,2026-08-26,NA,2026-08-28,952
2026-03-27 07:51:13,2018-10-01,"1 BYO - No Share, Order Only (Weekly Shares)","Combined CSA","Fair Shares Wednesday Pickup","St Louis","MO","63109",0,"Automatic","None","Not on Hold","Fair Shares - Wednesday  - Wednesday","Debit on Delivery",0,0,0,2018-10-03,2019-11-06,NA,2026-08-28,1049
2026-05-14 02:27:41,2017-07-18,"1  (BYO) FSG - Orders Only","Combined CSA","Fair Shares Thursday Pickup","St. Louis","MO","63116",0,"Automatic","Payment Blue Orange","Not on Hold","Fair Shares - Thursday - Thursday","Debit on Delivery",0,0,0,2017-08-24,2026-02-19,NA,2026-08-28,610
2026-08-28 03:54:22,2017-07-18,"1 FSA/FSD","Combined CSA","FSD","St. Louis","MO","63109",301.32,"Automatic","None","Not on Hold","Fair Shares - Thursday - Thursday","$300",0,0,0,2017-08-16,2026-08-27,NA,2026-08-28,287
2026-08-27 02:43:44,2026-07-12,"1 Mini (Weekly Shares)","Combined CSA","FSMini-w","Saint Louis","MO","63110",156.06,"Automatic","None","Not on Hold","Fair Shares - Wednesday  - Wednesday","$150",0,0,0,2026-07-15,2026-08-26,NA,2026-08-28,256
2026-08-04 14:18:11,2017-07-20,"1  (BYO) FSG - Orders Only","Combined CSA","Fair Shares Thursday Pickup","St. Louis","MO","63118",100.93,"Automatic","Purple","Not on Hold","Fair Shares - Thursday - Thursday","Debit on Delivery",0,0,0,2017-08-17,2026-07-30,NA,2026-08-28,1243
2025-07-31 04:01:32,2020-04-17,"1 (BYO) UCG - Orders Only","Combined CSA","UCity Pickup","St. Louis","MO","63105",0,"Automatic","None","Not on Hold","UCity - Wednesday","Debit on Delivery",0,0,0,2020-04-22,2025-07-30,NA,2026-08-28,1151
2022-05-23 08:21:26,2020-05-18,"1  (BYO) FSG - Orders Only","Combined CSA","Fair Shares Thursday Pickup","St. Louis","MO","63109",0,"Automatic","Green Purple","Not on Hold","Fair Shares - Thursday - Thursday","Debit on Delivery",0,0,0,2020-05-21,2022-04-28,NA,2026-08-28,909
2024-08-08 02:40:22,2024-01-26,"1 (BYO) UCG - Orders Only","Combined CSA","UCity Pickup","Saint Louis","MO","63130",127.39,"Automatic","None","Not on Hold","UCity - Wednesday","Debit on Delivery",0,0,0,2024-01-31,2024-08-07,NA,2026-08-28,1603
2024-06-25 08:02:32,2020-11-22,"1  (BYO) FSG - Orders Only","Combined CSA","Fair Shares Thursday Pickup","Maryland Heights","MO","63043",0,"Automatic","Orange","Not on Hold","Fair Shares - Thursday - Thursday","Debit on Delivery",0,0,0,2020-12-03,2024-05-30,NA,2026-08-28,1520
2023-06-13 16:51:04,2022-08-03,"1  (BYO) FSG - Orders Only","Combined CSA","Fair Shares Thursday Pickup","Saint Louis","MO","63104",0,"Automatic","None","Not on Hold","Fair Shares - Thursday - Thursday","Debit on Delivery",0,0,0,2022-08-10,2023-06-08,NA,2026-08-28,511
2026-08-28 02:35:58,2017-07-18,"1 FSA/FSD","Combined CSA","FSD","St. Louis","MO","63110",146.44,"Automatic","None","Not on Hold","Fair Shares - Thursday - Thursday","$300",0,0,0,2017-08-17,2026-08-27,NA,2026-08-28,959
2026-08-20 02:43:55,2017-07-20,"1 Half (Half Share - ODD week)","Combined CSA","FSB","St. Louis","MO","63109",130.44,"Automatic","Blue Orange","Not on Hold","Fair Shares - Wednesday  - Wednesday","$150",0,0,0,2017-08-17,2026-08-19,NA,2026-08-28,1111
2026-03-27 07:29:55,2020-06-23,"1  (BYO) FSG - Orders Only","Combined CSA","Fair Shares Wednesday Pickup","St. Louis","MO","63101",0,"Automatic","None","Not on Hold","Fair Shares - Wednesday  - Wednesday","Debit on Delivery",0,0,0,2020-06-24,2020-11-04,NA,2026-08-28,720
2026-04-06 13:21:20,2017-07-18,"1 (BYO) UCG - Orders Only","Combined CSA","UCity Pickup","St. Louis","63130","MO",0,"Automatic","None","Not on Hold","UCity - Wednesday","Debit on Delivery",0,0,0,2017-08-16,2026-02-25,NA,2026-08-28,1818
2026-08-10 09:23:02,2020-03-21,"1 Mini (Weekly Shares)","Combined CSA","UCM","St. Louis","MO","63146",68.24,"Automatic","None","Hold","UCity - Wednesday","Debit on Delivery",0,0,0,2020-03-25,2026-08-05,NA,2026-08-28,349
2025-12-11 11:04:32,2021-04-19,"1 (BYO) KWG - Orders Only (Weekly Shares)","Combined CSA","Kirkwood Pickup","Kirkwood","MO","63122",0,"Automatic","Green","Not on Hold","Kirkwood - Thursday","Debit on Delivery",0,0,0,2021-04-22,2025-11-27,NA,2026-08-28,270
2026-08-27 02:43:44,2017-07-18,"1 Mini (Weekly Shares), 1 Whole MILK-o","Combined CSA","FSMini-w","St. Louis","MO","63116",313.71,"Automatic","Payment","Not on Hold","Fair Shares - Wednesday  - Wednesday","$300",0,0,0,2017-08-16,2026-08-26,NA,2026-08-28,1427
2026-04-26 22:19:59,2017-07-18,"1  (BYO) FSG - Orders Only","Combined CSA","Fair Shares Thursday Pickup","St. Louis","MO","63130",34.77,"Automatic","Purple","Hold","Fair Shares - Thursday - Thursday","Debit on Delivery",0,0,0,2017-08-16,2026-02-26,NA,2026-08-28,1020
2026-08-20 04:00:25,2024-02-27,"1 Half (Half Share - ODD week)","Combined CSA","FSB","St louis","MO","63111",207.25,"Automatic","Orange","Not on Hold","Fair Shares - Wednesday  - Wednesday","$150",0,0,0,2024-04-03,2026-08-19,NA,2026-08-28,156
2026-08-27 04:00:49,2017-07-20,"1 Half (Half Share - EVEN week)","Combined CSA","FSB","St. Louis","MO","63110",130.9,"Automatic","Purple","Not on Hold","Fair Shares - Wednesday  - Wednesday","$150",0,0,0,2017-08-17,2026-08-26,NA,2026-08-28,346
2026-08-27 02:43:44,2026-02-05,"1 Mini (Weekly Shares)","Combined CSA","FSMini-w","Saint Louis","MO","63108",154.11,"Automatic","None","Not on Hold","Fair Shares - Wednesday  - Wednesday","$150",0,0,0,2026-02-11,2026-08-26,NA,2026-08-28,903
2024-10-21 09:11:10,2017-11-13,"1  (BYO) FSG - Orders Only","Combined CSA","Fair Shares Wednesday Pickup","Saint Louis","MO","63110",0,"Automatic","None","Not on Hold","Fair Shares - Wednesday  - Wednesday","Debit on Delivery",0,0,0,2017-11-15,2024-10-16,NA,2026-08-28,759
2026-02-26 02:22:28,2017-07-18,"1 Half (Half Share - EVEN week)","Combined CSA","UCB","St. Louis","MO","63130",0.87,"Automatic","Purple","Hold","UCity - Wednesday","Debit on Delivery",0,0,0,2017-08-16,2026-02-25,NA,2026-08-28,1304
2026-08-27 04:00:41,2025-04-13,"1 FSA/FSD","Combined CSA","FSA","St. Louis","MO","63104",336.78,"Automatic","None","Not on Hold","Fair Shares - Wednesday  - Wednesday","$300",0,0,0,2025-04-23,2026-08-26,NA,2026-08-28,240
2026-08-28 03:54:30,2020-04-01,"1 2% MILK, 1 UCA/KWA","Combined CSA","KWA","Saint louis","MO","63110",299.79,"Automatic","None","Not on Hold","Kirkwood - Thursday","$300",0,0,0,2020-04-08,2026-08-27,NA,2026-08-28,1488
2024-03-10 09:37:52,2017-07-20,"1  (BYO) FSG - Orders Only","Combined CSA","Fair Shares Thursday Pickup","St. Louis","MO","63105",1116.02,"Automatic","None","Not on Hold","Fair Shares - Thursday - Thursday","Debit on Delivery",0,0,0,2017-08-17,2024-03-07,NA,2026-08-28,987
2022-01-04 15:24:03,2020-06-09,"1 BYO - No Share, Order Only (Weekly Shares)","Combined CSA","Fair Shares Wednesday Pickup","St. Louis","MO","63118",0,NA,"None","Not on Hold","Fair Shares - Wednesday  - Wednesday",NA,0,0,0,2020-06-24,2022-01-05,NA,2026-08-28,819
2022-03-12 11:11:37,2020-03-21,"1  (BYO) FSG - Orders Only","Combined CSA","Fair Shares Thursday Pickup","St. Louis","MO","63143",0,"Automatic","Green Orange","Not on Hold","Fair Shares - Thursday - Thursday","Debit on Delivery",0,0,0,2020-03-26,2022-02-10,NA,2026-08-28,714
2026-08-27 02:43:44,2026-06-03,"1 Mini (Weekly Shares)","Combined CSA","UCM","Richmond Heights","MO","63117",99.35,"Automatic","None","Not on Hold","UCity - Wednesday","$150",0,0,0,2026-06-10,2026-08-26,NA,2026-08-28,107
2026-08-27 04:00:43,2020-08-14,"1 Mini (Weekly Shares)","Combined CSA","FSMini-t","Olivette","MO","63132",323.98,"Automatic","None","Not on Hold","Fair Shares - Thursday - Thursday","$300",0,0,0,2020-08-19,2026-08-26,NA,2026-08-28,401
2026-04-21 07:38:53,2022-03-24,"1  (BYO) FSG - Orders Only","Combined CSA","Fair Shares Wednesday Pickup","Chesterfield","MO","63017",0,"Automatic","Orange","Not on Hold","Fair Shares - Wednesday  - Wednesday","Debit on Delivery",0,0,0,2022-03-30,2026-02-18,NA,2026-08-28,337
2026-08-28 02:35:58,2025-02-05,"1 FSA/FSD","Combined CSA","FSD","Saint Louis","MO","63116",260.86,"Automatic","None","Not on Hold","Fair Shares - Thursday - Thursday","$300",0,0,0,2025-02-13,2026-08-27,NA,2026-08-28,643
2026-08-27 02:43:44,2017-07-18,"1 UCA/KWA","Combined CSA","UCA","St. Louis","MO","63105",158.37,"Automatic","None","Not on Hold","UCity - Wednesday","$300",0,0,0,2017-08-16,2026-08-26,NA,2026-08-28,42
2026-08-20 04:00:39,2019-08-20,"1 Half (Half Share - ODD week), 1 No Produce - Order Only (even wk)","Combined CSA","FSB","St. Louis","MO","63110",211.92,"Automatic","Orange","Not on Hold","Fair Shares - Wednesday  - Wednesday","$150",0,0,0,2019-08-28,2026-08-19,NA,2026-08-28,1286
2026-08-28 02:35:58,2026-06-05,"1 UCA/KWA","Combined CSA","KWA","Webster Groves","MO","63119",280.04,"Automatic","None","Temp Hold","Kirkwood - Thursday","$300",0,0,0,2026-06-11,2026-08-27,NA,2026-08-28,894
2026-08-28 02:35:58,2020-04-17,"1  (BYO) FSG - Orders Only, 1 Mini (Weekly Shares)","Combined CSA","FSMini-t","Clayton","MO","63105",160.51,"Automatic","Green","Not on Hold","Fair Shares - Thursday - Thursday","$150",0,0,0,2020-04-23,2026-08-27,NA,2026-08-28,670
2025-10-02 14:41:08,2025-09-02,"1  (BYO) FSG - Orders Only","Combined CSA","Fair Shares Thursday Pickup","St Louiis","MO","63111",0,NA,"None","Not on Hold","Fair Shares - Thursday - Thursday",NA,0,0,0,2025-09-11,2025-10-02,NA,2026-08-28,131
2021-03-15 09:42:40,2020-04-18,"1 (BYO) UCG - Orders Only","Combined CSA","UCity Pickup","St Louis","MO","63117",0,"Automatic","Orange","Not on Hold","UCity - Wednesday","Debit on Delivery",0,0,0,2020-04-22,2021-02-24,NA,2026-08-28,66
2025-01-17 04:01:37,2022-01-18,"1  (BYO) FSG - Orders Only","Combined CSA","Fair Shares Thursday Pickup","Saint Louis","MO","63123",0,"Automatic","Green","Not on Hold","Fair Shares - Thursday - Thursday","Debit on Delivery",0,0,0,2022-01-27,2025-01-16,NA,2026-08-28,858
2026-08-21 03:56:02,2020-04-10,"1 Half (Half Share - ODD week)","Combined CSA","UCB","Saint Louis","MO","63105",190.58,"Automatic","Payment Green Orange","Not on Hold","UCity - Wednesday","$150",0,0,0,2020-04-16,2026-08-19,NA,2026-08-28,1512
2026-04-29 06:04:10,2017-07-18,"1  (BYO) FSG - Orders Only","Combined CSA","Fair Shares Wednesday Pickup","St. Louis","MO","63109",0.01,"Automatic","Purple","Not on Hold","Fair Shares - Wednesday  - Wednesday","Debit on Delivery",0,0,0,2017-08-16,2026-02-25,NA,2026-08-28,1155
2026-08-28 02:35:58,2020-04-12,"1 UCA/KWA","Combined CSA","KWA","Glendale","MO","63122",391.83,"Automatic","None","Not on Hold","Kirkwood - Thursday","$600",0,0,0,2020-04-16,2026-08-27,NA,2026-08-28,1891
2022-05-02 08:32:51,2020-07-18,"1 (BYO) UCG - Orders Only","Combined CSA","UCity Pickup","University City","MO","63130",0,"Automatic","Purple","Not on Hold","UCity - Wednesday","Debit on Delivery",0,0,0,2020-07-22,2022-04-27,NA,2026-08-28,89
2026-08-20 02:43:55,2019-11-13,"1 Half (Half Share - ODD week)","Combined CSA","FSB","St. Louis","MO","63101",124.66,"Automatic","Orange","Not on Hold","Fair Shares - Wednesday  - Wednesday","$300",0,0,0,2019-11-20,2026-08-19,NA,2026-08-28,1124
2026-04-20 14:00:00,2017-07-18,"1  (BYO) FSG - Orders Only","Combined CSA","Fair Shares Wednesday Pickup","St. Louis","MO","63110",0.01,"Automatic","Purple","Not on Hold","Fair Shares - Wednesday  - Wednesday","Debit on Delivery",0,0,0,2017-08-16,2021-12-08,NA,2026-08-28,792
2023-06-09 11:22:26,2017-07-18,"1 BYO - No Share, Order Only (Weekly Shares)","Combined CSA","Fair Shares Wednesday Pickup","St. Louis","MO","63122",0,NA,"Orange","Not on Hold","Fair Shares - Wednesday  - Wednesday","Debit on Delivery",0,0,0,2017-08-23,2018-02-21,NA,2026-08-28,1915
2025-05-20 15:59:44,2025-03-30,"1 (BYO) KWG - Orders Only (Weekly Shares)","Combined CSA","Kirkwood Pickup","Sunset Hills","MO","63127",0,"Automatic","None","Hold","Kirkwood - Thursday","Debit on Delivery",0,0,0,2025-04-03,2025-04-17,NA,2026-08-28,272
2026-08-28 02:35:58,2017-07-18,"1 Half (Half Share - EVEN week), 1 2% MILK-e","Combined CSA","UCB","St. Louis","MO","63131",138.49,"Automatic","Purple","Not on Hold","UCity - Wednesday","$150",0,0,0,2017-08-16,2026-08-26,NA,2026-08-28,384
2026-03-27 07:49:39,2018-11-25,"1 BYO - No Share, Order Only (Weekly Shares)","Combined CSA","Fair Shares Wednesday Pickup","St. Charles","MO","63303",0,NA,"None","Not on Hold","Fair Shares - Wednesday  - Wednesday","Debit on Delivery",0,0,0,2018-11-28,2019-10-09,NA,2026-08-28,771
2023-07-21 02:42:18,2022-07-20,"1  (BYO) FSG - Orders Only","Combined CSA","Fair Shares Thursday Pickup","Saint Louis","MO","63110",1.35,"Automatic","Green","Not on Hold","Fair Shares - Thursday - Thursday","Debit on Delivery",0,0,0,2022-07-28,2023-07-20,NA,2026-08-28,1851
2026-07-23 04:03:09,2022-07-12,"1 (BYO) UCG - Orders Only","Combined CSA","UCity Pickup","Bridgeton","MO","63044",0,"Automatic","Green","Not on Hold","UCity - Wednesday","Debit on Delivery",0,0,0,2022-07-20,2026-07-22,NA,2026-08-28,1200
2021-02-19 15:30:05,2020-04-01,"1 (BYO) UCG - Orders Only","Combined CSA","UCity Pickup","Saint Louis","MO","63112",-0.07,NA,"None","Not on Hold","UCity - Wednesday","Debit on Delivery",0,0,0,2020-04-08,2021-02-10,NA,2026-08-28,1397
2026-07-30 04:02:19,2022-01-30,"1 UCA/KWA","Combined CSA","UCA","St. Louis","MO","63130",185.68,"Automatic","Green","Temp Hold","UCity - Wednesday","$150",0,0,0,2022-02-09,2026-07-29,NA,2026-08-28,1506
2026-03-27 07:09:29,2022-10-12,"1  (BYO) FSG - Orders Only","Combined CSA","Fair Shares Wednesday Pickup","Saint Louis","MO","63110",0,NA,"Green Orange","Not on Hold","Fair Shares - Wednesday  - Wednesday","Debit on Delivery",0,0,0,2022-10-19,2023-10-25,NA,2026-08-28,1676
2026-08-18 03:42:27,2022-06-10,"1  (BYO) FSG - Orders Only","Combined CSA","Fair Shares Thursday Pickup","St. Louis","MO","63119",0,"Automatic","None","Not on Hold","Fair Shares - Thursday - Thursday","Debit on Delivery",0,0,0,2022-06-16,2026-07-02,NA,2026-08-28,1910
2026-08-27 04:00:32,2021-11-05,"1 UCA/KWA","Combined CSA","UCA","St. Louis","MO","63130",299.07,"Automatic","None","Not on Hold","UCity - Wednesday","$300",0,0,0,2021-11-10,2026-08-26,NA,2026-08-28,526
2025-03-27 16:49:44,2024-02-04,"1  (BYO) FSG - Orders Only","Combined CSA","Fair Shares Wednesday Pickup","St. Louis","MO","63110",0,"Automatic","Purple","Not on Hold","Fair Shares - Wednesday  - Wednesday","Debit on Delivery",0,0,0,2024-02-07,2024-10-23,NA,2026-08-28,1536
2026-08-20 04:00:45,2021-08-19,"1 Half (Half Share - ODD week)","Combined CSA","FSB","St. Louis","MO","63108",164.64,"Automatic","Green Orange","Not on Hold","Fair Shares - Wednesday  - Wednesday","$150",0,0,0,2021-08-25,2026-08-19,NA,2026-08-28,976
2024-09-19 02:41:24,2024-07-24,"1 (BYO) UCG - Orders Only","Combined CSA","UCity Pickup","St Louis","MO","63108",0.41,"Automatic","None","Not on Hold","UCity - Wednesday","Debit on Delivery",0,0,0,2024-07-31,2024-09-18,NA,2026-08-28,582
2022-09-13 10:43:36,2020-04-18,"1 (BYO) UCG - Orders Only","Combined CSA","UCity Pickup","Clayton","MO","63105",0,"Automatic","None","Not on Hold","UCity - Wednesday","Debit on Delivery",0,0,0,2020-04-22,2022-09-07,NA,2026-08-28,215
2025-09-21 12:43:57,2020-05-28,"1  (BYO) FSG - Orders Only","Combined CSA","Fair Shares Thursday Pickup","St Louis","MO","63110",62.06,"Automatic","Green","Not on Hold","Fair Shares - Thursday - Thursday","Debit on Delivery",0,0,0,2020-06-04,2025-09-11,NA,2026-08-28,1171
2024-05-31 02:26:12,2023-02-10,"1 (BYO) KWG - Orders Only (Weekly Shares)","Combined CSA","Kirkwood Pickup","Kirkwood","MO","63122",7.74,"Automatic","Green Orange","Not on Hold","Kirkwood - Thursday","Debit on Delivery",0,0,0,2023-02-16,2024-05-30,NA,2026-08-28,1433
2021-07-15 03:57:28,2020-05-28,"1  (BYO) FSG - Orders Only","Combined CSA","Fair Shares Wednesday Pickup","St. Louis","MO","63104",0,"Automatic","None","Not on Hold","Fair Shares - Wednesday  - Wednesday","Debit on Delivery",0,0,0,2020-06-03,2021-07-14,NA,2026-08-28,1008
2025-11-20 02:35:19,2020-03-31,"1  (BYO) FSG - Orders Only","Combined CSA","Fair Shares Wednesday Pickup","Saint louis","MO","63109",43.38,"Automatic","Green","Not on Hold","Fair Shares - Wednesday  - Wednesday","Debit on Delivery",0,0,0,2020-04-01,2025-11-19,NA,2026-08-28,274
2026-08-20 02:43:55,2026-07-25,"1 Mini (Weekly Shares)","Combined CSA","UCM","Olivette","MO","63132",96.53,"Automatic","None","Not on Hold","UCity - Wednesday","$150",0,0,0,2026-07-29,2026-08-19,NA,2026-08-28,543
2026-02-17 14:51:30,2021-01-04,"1 (BYO) UCG - Orders Only","Combined CSA","UCity Pickup","St. Louis","MO","63112",0,NA,"Purple","Not on Hold","UCity - Wednesday","Debit on Delivery",0,0,0,2021-01-13,2026-02-11,NA,2026-08-28,1040
2023-12-17 03:43:00,2019-03-17,"1  (BYO) FSG - Orders Only","Combined CSA","Fair Shares Thursday Pickup","St. Louis","MO","63139",144.85,"Automatic","None","Not on Hold","Fair Shares - Thursday - Thursday","Debit on Delivery",0,0,0,2019-04-04,2023-12-14,NA,2026-08-28,509
2026-08-27 02:43:44,2017-07-18,"1 FSA/FSD","Combined CSA","FSA","St. Louis","MO","63119",208.06,"Automatic","None","Not on Hold","Fair Shares - Wednesday  - Wednesday","$300",0,0,0,2017-08-16,2026-08-26,NA,2026-08-28,863
2026-08-27 04:00:52,2025-04-06,"1 Mini (Weekly Shares)","Combined CSA","UCM","St. Louis","MO","63118",221.84,"Automatic","None","Not on Hold","UCity - Wednesday","$150",0,0,0,2025-04-09,2026-08-26,NA,2026-08-28,627
2026-08-27 02:43:44,2017-07-18,"1 UCA/KWA","Combined CSA","UCA","St. Louis","MO","63112",175.15,"Automatic","None","Not on Hold","UCity - Wednesday","$300",0,0,0,2017-08-16,2026-08-26,NA,2026-08-28,1039
2026-01-21 14:16:11,2025-07-08,"1  (BYO) FSG - Orders Only","Combined CSA","Fair Shares Wednesday Pickup","St. Louis","MO","63123",0,NA,"None","Not on Hold","Fair Shares - Wednesday  - Wednesday",NA,0,0,0,2025-07-10,2026-01-21,NA,2026-08-28,45
2026-04-20 08:37:13,2025-02-09,"1  (BYO) FSG - Orders Only","Combined CSA","Fair Shares Thursday Pickup","St Louis","MO","63103",0,"Automatic","Purple","Hold","Fair Shares - Thursday - Thursday","Debit on Delivery",0,0,0,2025-02-13,2025-04-10,NA,2026-08-28,626
2026-08-27 04:00:45,2017-07-18,"1 Half (Half Share - EVEN week)","Combined CSA","FSB","St. Louis","MO","63143",120.98,"Automatic","Purple","Not on Hold","Fair Shares - Wednesday  - Wednesday","$150",0,0,0,2017-08-16,2026-08-26,NA,2026-08-28,351
2026-04-08 16:21:24,2017-07-18,"1  (BYO) FSG - Orders Only","Combined CSA","Fair Shares Thursday Pickup","St. Louis","MO","63124",123.68,"Automatic","None","Temp Hold","Fair Shares - Thursday - Thursday",NA,0,0,0,2017-08-16,2026-02-26,NA,2026-08-28,1377
2026-04-13 17:38:00,2022-07-23,"1 (BYO) KWG - Orders Only (Weekly Shares)","Combined CSA","Kirkwood Pickup","St. Louis","MO","63123",0,"Automatic","Purple","Not on Hold","Kirkwood - Thursday","Debit on Delivery",0,0,0,2022-07-28,2026-02-26,NA,2026-08-28,405
2026-07-23 04:03:25,2020-02-09,"1 (BYO) UCG - Orders Only","Combined CSA","UCity Pickup","Overland","MO","63114",0,"Automatic","None","Not on Hold","UCity - Wednesday","Debit on Delivery",0,0,0,2020-02-12,2026-07-22,NA,2026-08-28,1713
2026-06-26 03:54:17,2025-04-10,"1 Half (Half Share - ODD week)","Combined CSA","FSE","Saint Lohis","MO","63109",182.59,"Automatic","Orange","Not on Hold","Fair Shares - Thursday - Thursday","$150",0,0,0,2025-04-17,2026-06-25,NA,2026-08-28,587
2026-08-27 02:43:44,2024-07-23,"1 Mini (Weekly Shares)","Combined CSA","UCM","Olivette","MO","63132",168.72,"Automatic","None","Not on Hold","UCity - Wednesday","$150",0,0,0,2024-07-31,2026-08-26,NA,2026-08-28,598
2026-02-05 12:06:26,2020-04-14,"1 (BYO) KWG - Orders Only (Weekly Shares)","Combined CSA","Kirkwood Pickup","St. louis","MO","63128",0,"Automatic","None","Not on Hold","Kirkwood - Thursday","Debit on Delivery",0,0,0,2020-04-23,2025-11-27,NA,2026-08-28,510
2026-08-27 04:00:33,2026-08-11,"1 Guest Access","Combined CSA","FSMini-w","St. Louis","MO","63139",0,"Automatic","None","Not on Hold","Fair Shares - Wednesday  - Wednesday","Debit on Delivery",0,0,0,2026-08-19,2026-08-26,NA,2026-08-28,949
2026-08-20 04:00:26,2020-04-25,"1 Half (Half Share - ODD week)","Combined CSA","FSB","Saint Louis","MO","63143",177.93,"Automatic","Green Orange","Not on Hold","Fair Shares - Wednesday  - Wednesday","$150",0,0,0,2020-04-29,2026-08-19,NA,2026-08-28,1272
2025-12-19 10:22:38,2023-03-22,"1 (BYO) UCG - Orders Only","Combined CSA","UCity Pickup","St. Louis","MO","63130",0,"Automatic","None","Not on Hold","UCity - Wednesday","Debit on Delivery",0,0,0,2023-03-29,2025-12-03,NA,2026-08-28,998
2026-03-17 10:26:25,2020-03-24,"1  (BYO) FSG - Orders Only","Combined CSA","Fair Shares Wednesday Pickup","St. Louis","MO","63105-3044",241.94,"Automatic","Purple","Not on Hold","Fair Shares - Wednesday  - Wednesday","Debit on Delivery",0,0,0,2020-03-25,2024-09-11,NA,2026-08-28,9
2026-08-20 04:00:21,2020-10-13,"1  (BYO) FSG - Orders Only","Combined CSA","Fair Shares Wednesday Pickup","Saint Louis","MO","63116",0,"Automatic","None","Not on Hold","Fair Shares - Wednesday  - Wednesday","Debit on Delivery",0,0,0,2020-10-22,2026-08-19,NA,2026-08-28,1537
2026-08-28 02:35:58,2020-03-31,"1 Whole MILK, 1 FSA/FSD","Combined CSA","FSD","Ballwin","MO","63021",230.38,"Automatic","Green","Not on Hold","Fair Shares - Thursday - Thursday","$300",0,0,0,2020-04-02,2026-08-27,NA,2026-08-28,900
2024-10-25 02:40:17,2024-07-09,"1  (BYO) FSG - Orders Only","Combined CSA","Fair Shares Thursday Pickup","St. Louis","MO","63118",0.07,"Automatic","Purple","Not on Hold","Fair Shares - Thursday - Thursday","Debit on Delivery",0,0,0,2024-07-17,2024-10-24,NA,2026-08-28,697
2026-05-14 02:27:41,2020-05-03,"1 (BYO) KWG - Orders Only (Weekly Shares)","Combined CSA","Kirkwood Pickup","St. Louis","MO","63146",0,"Automatic","Payment","Not on Hold","Kirkwood - Thursday","Debit on Delivery",0,0,0,2020-05-06,2025-11-06,NA,2026-08-28,1832
2026-08-28 02:35:58,2020-04-10,"1 Half (Half Share - EVEN week), 1 No Produce - Order Only (odd wk)","Combined CSA","KWB","Kirkwood","MO","63122",493.73,"Automatic","Purple","Not on Hold","Kirkwood - Thursday","$600",0,0,0,2020-04-16,2026-08-27,NA,2026-08-28,473
2026-03-27 07:59:57,2017-07-20,"1  (BYO) FSG - Orders Only","Combined CSA","Fair Shares Wednesday Pickup","St. Louis","MO","63108",0,"Automatic","None","Not on Hold","Fair Shares - Wednesday  - Wednesday","Debit on Delivery",0,0,0,2017-08-17,2022-02-16,NA,2026-08-28,214
2026-08-28 02:35:58,2026-07-03,"1 UCA/KWA","Combined CSA","KWA","Kirkwood","MO","63122",124.19,"Automatic","None","Not on Hold","Kirkwood - Thursday","$300",0,0,0,2026-07-09,2026-08-27,NA,2026-08-28,685
2025-12-11 11:05:18,2017-08-08,"1  (BYO) FSG - Orders Only","Combined CSA","Fair Shares Wednesday Pickup","St. Louis","MO","63129",0,"Automatic","None","Not on Hold","Fair Shares - Wednesday  - Wednesday","Debit on Delivery",0,0,0,2017-08-16,2025-11-26,NA,2026-08-28,592
2020-10-08 11:40:54,2020-05-02,"1  (BYO) FSG - Orders Only","Combined CSA","Fair Shares Wednesday Pickup","Webster Groves","MO","63119",0,"Automatic","None","Not on Hold","Fair Shares - Wednesday  - Wednesday","Debit on Delivery",0,0,0,2020-05-06,2020-10-07,NA,2026-08-28,625
2026-08-28 02:35:58,2017-07-18,"1 Mini (Weekly Shares)","Combined CSA","FSMini-t","St. Louis","MO","63139",292.26,"Automatic","None","Not on Hold","Fair Shares - Thursday - Thursday","$600",0,0,0,2017-08-16,2026-08-27,NA,2026-08-28,1431
2025-07-22 14:11:26,2025-03-07,"1  (BYO) FSG - Orders Only","Combined CSA","Fair Shares Thursday Pickup","Manchester","MO","63021",149.9,"Automatic","Orange","Not on Hold","Fair Shares - Thursday - Thursday","Debit on Delivery",0,0,0,2025-04-03,2025-07-10,NA,2026-08-28,331
2026-08-27 02:43:44,2020-04-07,"1 Mini (Weekly Shares)","Combined CSA","FSMini-w","St. Louis","MO","63116",177.74,"Automatic","Green","Not on Hold","Fair Shares - Wednesday  - Wednesday","$300",0,0,0,2020-04-09,2026-08-26,NA,2026-08-28,1896
2025-07-18 02:39:03,2017-07-20,"1  (BYO) FSG - Orders Only","Combined CSA","Fair Shares Thursday Pickup","St. Louis","MO","63104",486.68,"Automatic","Blue","Not on Hold","Fair Shares - Thursday - Thursday","Debit on Delivery",0,0,0,2017-08-17,2025-07-17,NA,2026-08-28,1169
2026-05-14 02:27:41,2018-05-04,"1  (BYO) FSG - Orders Only","Combined CSA","Fair Shares Wednesday Pickup","Saint Louis","MO","63104",0,"Automatic","Payment","Hold","Fair Shares - Wednesday  - Wednesday","Debit on Delivery",0,0,0,2018-05-09,2024-04-03,NA,2026-08-28,1109
2024-09-20 02:42:40,2021-04-07,"1 (BYO) KWG - Orders Only (Weekly Shares)","Combined CSA","Kirkwood Pickup","Saint Louis","MO","63122",27.49,"Automatic","None","Not on Hold","Kirkwood - Thursday","Debit on Delivery",0,0,0,2021-04-15,2024-09-19,NA,2026-08-28,269
2021-04-02 03:54:26,2019-08-14,"1 (BYO) UCG - Orders Only","Combined CSA","UCity Pickup","Saint Louis","MO","63130",0,"Automatic","Purple","Not on Hold","UCity - Wednesday","Debit on Delivery",0,0,0,2019-08-28,2021-03-31,NA,2026-08-28,1564
2026-08-27 04:00:53,2022-07-26,"1 Half (Half Share - EVEN week)","Combined CSA","UCB","U-City","MO","63132",198.94,"Automatic","Green Purple","Not on Hold","UCity - Wednesday","$150",0,0,0,2022-08-04,2026-08-26,NA,2026-08-28,317
2024-11-27 10:14:28,2024-03-06,"1  (BYO) FSG - Orders Only","Combined CSA","Fair Shares Thursday Pickup","Saint Louis","MO","63111",0,NA,"None","Not on Hold","Fair Shares - Thursday - Thursday",NA,0,0,0,2024-03-07,2024-11-28,NA,2026-08-28,1744
2026-08-28 02:35:58,2017-07-18,"1 No Produce - Order Only (even wk), 0 2% MILK, 1 Half (Half Share - ODD week)","Combined CSA","FSE","St. Louis","MO","63110",425.77,"Automatic","Blue Orange","Not on Hold","Fair Shares - Thursday - Thursday","$600",0,0,0,2017-08-23,2026-08-27,NA,2026-08-28,31
2026-08-25 10:53:27,2026-08-24,"1 Guest Access, 1 Mini (ONCE 2026-09-02), 1 Mini (ONCE 2026-09-09)","Combined CSA","FSMini-w","Scott afb","IL","62225",0,"Automatic","None","Not on Hold","Fair Shares - Wednesday  - Wednesday","Debit on Delivery",0,0,0,NA,NA,NA,2026-08-28,760
2026-08-27 04:00:42,2026-03-26,"1 Mini (Weekly Shares)","Combined CSA","UCM","Saint Louis","MO","63130",214.52,"Automatic","None","Not on Hold","UCity - Wednesday","$150",0,0,0,2026-04-29,2026-08-26,NA,2026-08-28,228
2026-02-26 14:28:01,2024-09-03,"1  (BYO) FSG - Orders Only","Combined CSA","Fair Shares Thursday Pickup","St. Louis","MO","63108",0,NA,"None","Not on Hold","Fair Shares - Thursday - Thursday",NA,0,0,0,2024-09-04,2026-02-26,NA,2026-08-28,556
2026-08-27 02:43:44,2026-01-30,"1 UCA/KWA","Combined CSA","UCA","University City","MO","63130",234.75,"Automatic","None","Not on Hold","UCity - Wednesday","$300",0,0,0,2026-02-04,2026-08-26,NA,2026-08-28,227
2025-06-14 11:17:17,2019-11-03,"1  (BYO) FSG - Orders Only","Combined CSA","Fair Shares Thursday Pickup","St. louis","MO","63117",442.73,"Automatic","None","Not on Hold","Fair Shares - Thursday - Thursday","Debit on Delivery",0,0,0,2019-11-07,2025-06-12,NA,2026-08-28,1472
2026-05-01 10:19:47,2020-07-07,"1  (BYO) FSG - Orders Only","Combined CSA","Fair Shares Wednesday Pickup","Webster Groves","MO","63119",0,"Automatic","Green","Not on Hold","Fair Shares - Wednesday  - Wednesday","Debit on Delivery",0,0,0,2020-07-16,2026-02-25,NA,2026-08-28,1387
2026-04-26 10:22:37,2017-07-20,"1  (BYO) FSG - Orders Only","Combined CSA","Kirkwood Pickup","St. Louis","MO","63141",0,"Automatic","None","Hold","Kirkwood - Thursday","Debit on Delivery",0,0,0,2017-08-17,2026-02-26,NA,2026-08-28,1145
2026-04-29 12:54:13,2023-02-02,"1 (BYO) KWG - Orders Only (Weekly Shares)","Combined CSA","Kirkwood Pickup","High Ridge","MO","63049",96.99,"Automatic","None","Not on Hold","Kirkwood - Thursday","Debit on Delivery",0,0,0,2023-02-09,2026-02-26,NA,2026-08-28,1132
2021-11-29 10:06:05,2017-07-20,"1 (BYO) KWG - Orders Only (Weekly Shares)","Combined CSA","Kirkwood Pickup","Chesterfield","MO","63017",0,"Automatic","Orange","Not on Hold","Kirkwood - Thursday","Debit on Delivery",0,0,0,2017-08-17,2021-11-25,NA,2026-08-28,466
2021-08-16 10:08:35,2020-08-11,"1  (BYO) FSG - Orders Only","Combined CSA","Fair Shares Thursday Pickup","St. Louis","MO","63108",0,"Automatic","None","Not on Hold","Fair Shares - Thursday - Thursday","Debit on Delivery",0,0,0,2020-08-20,2021-08-12,NA,2026-08-28,142
2026-03-27 07:33:17,2020-05-18,"1  (BYO) FSG - Orders Only","Combined CSA","Fair Shares Wednesday Pickup","St. Louis","MO","63118",0,"Automatic","Green","Not on Hold","Fair Shares - Wednesday  - Wednesday",NA,0,0,0,2020-05-21,2023-05-10,NA,2026-08-28,1573
2022-12-18 08:03:21,2017-07-18,"1 Guest Access","Combined CSA","Fair Shares Wednesday Pickup","St. Louis","MO","63104",0,"Automatic","None","Not on Hold","Fair Shares - Wednesday  - Wednesday","Debit on Delivery",0,0,0,2017-08-16,2022-12-14,NA,2026-08-28,1032
2026-04-02 13:08:14,2023-05-24,"1  (BYO) FSG - Orders Only","Combined CSA","Fair Shares Wednesday Pickup","St. louis","MO","63139",0,"Automatic","Green Orange","Not on Hold","Fair Shares - Wednesday  - Wednesday","Debit on Delivery",0,0,0,2023-05-31,2026-02-18,NA,2026-08-28,624
2026-08-22 02:07:03,2017-07-18,"1 Half (Half Share - ODD week), 1 No Produce - Order Only (even wk)","Combined CSA","FSE","St. Louis","MO","63124",154.89,"Automatic","Blue Orange","Not on Hold","Fair Shares - Thursday - Thursday","$150",0,0,0,2017-08-24,2026-08-20,NA,2026-08-28,979
2026-08-28 03:54:27,2026-08-17,"1 Guest Access","Combined CSA","KWM","Imperial","MO","63052",0,"Automatic","None","Not on Hold","Kirkwood - Thursday","Debit on Delivery",0,0,0,2026-08-20,2026-08-27,NA,2026-08-28,120
2026-08-27 04:00:37,2017-07-18,"1 UCA/KWA","Combined CSA","UCA","St. Louis","63105","MO",327.49,"Automatic","None","Not on Hold","UCity - Wednesday","$300",0,0,0,2017-08-16,2026-08-26,NA,2026-08-28,125
2026-08-21 02:36:06,2026-04-14,"1 Half (Half Share - ODD week)","Combined CSA","KWB","St. Louis","MO","63126",176.77,"Automatic","Orange","Not on Hold","Kirkwood - Thursday","$300",0,0,0,2026-04-30,2026-08-20,NA,2026-08-28,82
2024-06-28 03:55:31,2017-07-20,"1  (BYO) FSG - Orders Only","Combined CSA","Fair Shares Thursday Pickup","St. Louis","MO","63104",134.04,"Automatic","None","Not on Hold","Fair Shares - Thursday - Thursday","Debit on Delivery",0,0,0,2017-08-17,2024-06-27,NA,2026-08-28,867
2025-06-13 02:35:37,2019-01-06,"1  (BYO) FSG - Orders Only","Combined CSA","Fair Shares Thursday Pickup","Saint Louis","MO","63110",94.86,"Automatic","Orange","Not on Hold","Fair Shares - Thursday - Thursday","Debit on Delivery",0,0,0,2019-01-09,2025-06-12,NA,2026-08-28,1246
2021-09-15 03:44:25,2020-04-24,"1  (BYO) FSG - Orders Only","Combined CSA","Fair Shares Wednesday Pickup","St. Louis","MO","63119",0,"Automatic","Green","Not on Hold","Fair Shares - Wednesday  - Wednesday","Debit on Delivery",0,0,0,2020-04-29,2021-09-08,NA,2026-08-28,1031
2026-05-07 12:05:58,2020-01-02,"1 BYO - No Share, Order Only (Weekly Shares)","Combined CSA","Fair Shares Thursday Pickup","St. Louis","MO","63116",0,"Automatic","Blue Purple","Not on Hold","Fair Shares - Thursday - Thursday","Debit on Delivery",0,0,0,2020-01-16,2026-02-26,NA,2026-08-28,1424
2026-08-20 02:43:55,2017-07-18,"1 Half (Half Share - ODD week)","Combined CSA","FSB","St. Louis","MO","63108",76.86,"Automatic","Orange","Not on Hold","Fair Shares - Wednesday  - Wednesday","$150",0,0,0,2017-08-23,2026-08-19,NA,2026-08-28,911
2026-03-30 10:42:35,2017-07-20,"1 BYO - No Share, Order Only (Weekly Shares)","Combined CSA","Fair Shares Thursday Pickup","St. Louis","63110","MO",0,NA,"None","Not on Hold","Fair Shares - Thursday - Thursday",NA,0,0,0,2019-11-28,2024-09-05,NA,2026-08-28,1805
2020-10-19 09:55:40,2017-07-18,"1  (BYO) FSG - Orders Only","Combined CSA","Fair Shares Wednesday Pickup","St. Louis","MO","63118",0,"Automatic","Purple","Not on Hold","Fair Shares - Wednesday  - Wednesday","Debit on Delivery",0,0,0,2017-08-16,2020-10-14,NA,2026-08-28,427
2026-03-27 07:03:03,2025-04-16,"1  (BYO) FSG - Orders Only","Combined CSA","Fair Shares Wednesday Pickup","St. Louis","MO","63118",0,NA,"None","Not on Hold","Fair Shares - Wednesday  - Wednesday",NA,0,0,0,2025-04-23,2026-01-14,NA,2026-08-28,94
2026-03-27 07:36:36,2020-04-17,"1  (BYO) FSG - Orders Only","Combined CSA","Fair Shares Wednesday Pickup","Saint Louis","MO","63109",0,"Automatic","Green","Not on Hold","Fair Shares - Wednesday  - Wednesday","Debit on Delivery",0,0,0,2020-04-23,2021-02-03,NA,2026-08-28,222
2026-08-28 02:35:58,2017-07-20,"1 FSA/FSD","Combined CSA","FSA","St. Louis","MO","63110",217.81,"Automatic","None","Not on Hold","Fair Shares - Wednesday  - Wednesday","$150",0,0,0,2017-08-17,2026-08-26,NA,2026-08-28,704
2026-08-20 04:00:26,2017-07-18,"1  (BYO) FSG - Orders Only","Combined CSA","Fair Shares Wednesday Pickup","St. Louis","MO","63108",0,"Automatic","Orange","Not on Hold","Fair Shares - Wednesday  - Wednesday","Debit on Delivery",0,0,0,2017-08-23,2026-08-19,NA,2026-08-28,1284
2026-04-20 13:32:58,2020-12-04,"1  (BYO) FSG - Orders Only","Combined CSA","Fair Shares Wednesday Pickup","St. Louis","MO","63104",0.01,"Automatic","Green","Not on Hold","Fair Shares - Wednesday  - Wednesday","Debit on Delivery",0,0,0,2020-12-10,2023-02-01,NA,2026-08-28,1418
2023-10-25 07:20:56,2023-01-01,"1  (BYO) FSG - Orders Only","Combined CSA","Fair Shares Wednesday Pickup","Saint Louis","MO","63104",0,"Automatic","Green","Not on Hold","Fair Shares - Wednesday  - Wednesday","Debit on Delivery",0,0,0,2023-01-05,2023-10-18,NA,2026-08-28,1115
2026-04-26 10:21:56,2017-07-18,"1 (BYO) UCG - Orders Only","Combined CSA","UCity Pickup","St. Louis","63130","MO",0,"Automatic","None","Hold","UCity - Wednesday","Debit on Delivery",0,0,0,2017-08-16,2026-02-25,NA,2026-08-28,479
2026-04-09 11:52:54,2019-09-04,"1  (BYO) FSG - Orders Only","Combined CSA","Fair Shares Thursday Pickup","Webster Groves","MO","63119",0,"Automatic","None","Not on Hold","Fair Shares - Thursday - Thursday","Debit on Delivery",0,0,0,2019-09-11,2026-02-26,NA,2026-08-28,710
2026-04-14 08:26:22,2019-04-17,"1  (BYO) FSG - Orders Only","Combined CSA","Fair Shares Thursday Pickup","St. Louis","MO","63123",0,"Automatic","Orange","Not on Hold","Fair Shares - Thursday - Thursday","Debit on Delivery",0,0,0,2019-04-24,2026-02-19,NA,2026-08-28,1786
2024-03-07 15:26:47,2022-10-06,"1 (BYO) KWG - Orders Only (Weekly Shares)","Combined CSA","Fair Shares Thursday Pickup","kirkwood","MO","63122",0,NA,"None","Not on Hold","Fair Shares - Thursday - Thursday","Debit on Delivery",0,0,0,2022-10-27,2024-03-07,NA,2026-08-28,393
2026-01-22 03:56:27,2025-03-24,"1 (BYO) UCG - Orders Only","Combined CSA","UCity Pickup","St. Louis","MO","63130",0,"Automatic","Orange","Not on Hold","UCity - Wednesday","Debit on Delivery",0,0,0,2025-04-02,2026-01-21,NA,2026-08-28,49
2020-12-18 03:54:16,2017-07-18,"1 BYO - No Share, Order Only (Weekly Shares)","Combined CSA","Fair Shares Thursday Pickup","St. Louis","MO","63103",180.62,"Automatic","Orange","Not on Hold","Fair Shares - Thursday - Thursday","Debit on Delivery",0,0,0,2017-08-24,2020-12-17,NA,2026-08-28,956
2025-05-02 14:34:46,2023-07-26,"1 (BYO) UCG - Orders Only","Combined CSA","UCity Pickup","St Louis","MO","63117",265.41,"Automatic","None","Hold","UCity - Wednesday","Debit on Delivery",0,0,0,2023-08-02,2025-03-05,NA,2026-08-28,905
2026-08-27 04:00:38,2022-07-24,"1 UCA/KWA","Combined CSA","UCA","Clayton","MO","63105",326.44,"Automatic","None","Not on Hold","UCity - Wednesday","$300",0,0,0,2022-07-27,2026-08-26,NA,2026-08-28,444
2026-05-14 02:27:41,2020-04-10,"1  (BYO) FSG - Orders Only","Combined CSA","Fair Shares Wednesday Pickup","St louis","MO","63116",0,"Automatic","Payment","Hold","Fair Shares - Wednesday  - Wednesday","Debit on Delivery",0,0,0,2020-04-15,2026-02-26,NA,2026-08-28,810
2026-04-02 11:46:40,2017-07-18,"1  (BYO) FSG - Orders Only","Combined CSA","Fair Shares Thursday Pickup","St. Louis","MO","62298",0,"Automatic","None","Not on Hold","Fair Shares - Thursday - Thursday","Debit on Delivery",0,0,0,2017-08-16,2026-02-26,NA,2026-08-28,1002
2026-03-27 07:05:55,2024-03-06,"1  (BYO) FSG - Orders Only","Combined CSA","Fair Shares Wednesday Pickup","St. Louis","MO","63116",0,"Automatic","None","Not on Hold","Fair Shares - Wednesday  - Wednesday","Debit on Delivery",0,0,0,2024-04-04,2024-12-04,NA,2026-08-28,1058
2026-03-27 07:57:50,2018-02-11,"1 BYO - No Share, Order Only (Weekly Shares)","Combined CSA","Fair Shares Wednesday Pickup","Saint Louis","MO","63103",0,NA,"None","Not on Hold","Fair Shares - Wednesday  - Wednesday","Debit on Delivery",0,0,0,2018-02-14,2019-11-27,NA,2026-08-28,426
2026-08-21 02:36:06,2017-07-18,"1 Half (Half Share - ODD week)","Combined CSA","FSE","Webster Groves","MO","63119",468.58,"Automatic","Orange","Not on Hold","Fair Shares - Thursday - Thursday","$150",0,0,0,2017-08-16,2026-08-20,NA,2026-08-28,1268
2025-06-08 18:49:13,2023-03-19,"1  (BYO) FSG - Orders Only","Combined CSA","Fair Shares Thursday Pickup","St. Louis","MO","63110",42.52,"Automatic","Green Purple","Not on Hold","Fair Shares - Thursday - Thursday","Debit on Delivery",0,0,0,2023-03-30,2025-06-05,NA,2026-08-28,796
2026-08-20 02:43:55,2020-04-06,"1 Half (Half Share - ODD week)","Combined CSA","FSB","Saint Louis","MO","63118",84.82,"Automatic","Green Orange","Not on Hold","Fair Shares - Wednesday  - Wednesday","$300",0,0,0,2020-04-09,2026-08-19,NA,2026-08-28,282
2026-08-27 02:43:44,2026-08-05,"1 Half (Half Share - EVEN week), 1 No Produce - Order Only (odd wk)","Combined CSA","FSB","St Louis","MO","63110",93.18,"Automatic","Purple","Not on Hold","Fair Shares - Wednesday  - Wednesday","$150",0,0,0,2026-08-12,2026-08-26,NA,2026-08-28,56
2024-01-21 03:40:20,2019-08-21,"1  (BYO) FSG - Orders Only","Combined CSA","Fair Shares Thursday Pickup","Clayton","MO","63117",0,"Automatic","Blue Orange","Not on Hold","Fair Shares - Thursday - Thursday","Debit on Delivery",0,0,0,2019-09-04,2024-01-18,NA,2026-08-28,1605
2024-06-07 03:56:41,2021-03-20,"1 (BYO) KWG - Orders Only (Weekly Shares)","Combined CSA","Kirkwood Pickup","Kirkwood","MO","63122",0,"Automatic","Purple","Not on Hold","Kirkwood - Thursday","Debit on Delivery",0,0,0,2021-04-01,2024-06-06,NA,2026-08-28,1150
2023-07-13 03:55:55,2020-03-31,"1  (BYO) FSG - Orders Only","Combined CSA","Fair Shares Wednesday Pickup","St. Louis","MO","63109",0,"Automatic","Green Orange","Not on Hold","Fair Shares - Wednesday  - Wednesday","Debit on Delivery",0,0,0,2020-04-01,2023-07-12,NA,2026-08-28,1179
2026-08-28 02:35:58,2017-07-18,"1 FSA/FSD","Combined CSA","FSA","St. Louis","MO","63119",293.09,"Automatic","None","Not on Hold","Fair Shares - Wednesday  - Wednesday","$300",0,0,0,2017-08-16,2026-08-26,NA,2026-08-28,557
2026-08-28 02:35:58,2026-02-18,"1 FSA/FSD","Combined CSA","FSD","St. Louis","MO","63118",104.43,"Automatic","None","Not on Hold","Fair Shares - Thursday - Thursday","$300",0,0,0,2026-05-14,2026-08-27,NA,2026-08-28,876
2025-12-11 11:05:10,2019-11-05,"1  (BYO) FSG - Orders Only","Combined CSA","Fair Shares Thursday Pickup","St Louis","MO","63131",0,"Automatic","Purple","Not on Hold","Fair Shares - Thursday - Thursday","Debit on Delivery",0,0,0,2019-11-07,2025-10-30,NA,2026-08-28,1657
2026-04-02 11:50:04,2022-07-08,"1  (BYO) FSG - Orders Only","Combined CSA","Fair Shares Thursday Pickup","Brentwood","MO","63144",70.53,"Automatic","Green Purple","Not on Hold","Fair Shares - Thursday - Thursday","Debit on Delivery",0,0,0,2022-07-13,2026-02-26,NA,2026-08-28,1363
2026-03-27 07:49:12,2019-03-29,"1 BYO - No Share, Order Only (Weekly Shares)","Combined CSA","Fair Shares Wednesday Pickup","Saint Louis","MO","63139",0,"Automatic","None","Not on Hold","Fair Shares - Wednesday  - Wednesday","Debit on Delivery",0,0,0,2019-04-03,2019-10-30,NA,2026-08-28,1601
2026-08-21 02:36:06,2023-01-26,"1 Half (Half Share - ODD week), 1 No Produce - Order Only (even wk)","Combined CSA","KWB","Florissant","MO","63031",129.25,"Automatic","Orange","Not on Hold","Kirkwood - Thursday","$150",0,0,0,2023-02-02,2026-08-20,NA,2026-08-28,1489
2026-02-26 03:55:15,2021-02-14,"1 Half (Half Share - EVEN week)","Combined CSA","UCB","University City","MO","63130",0,"Automatic","Green Purple","Hold","UCity - Wednesday","Debit on Delivery",0,0,0,2021-02-24,2026-02-25,NA,2026-08-28,1126
2026-05-05 07:02:08,2021-10-11,"1 (BYO) KWG - Orders Only (Weekly Shares)","Combined CSA","Kirkwood Pickup","Chesterfield","MO","63017",64.37,"Automatic","None","Hold","Kirkwood - Thursday","Debit on Delivery",0,0,0,2021-10-14,2026-02-26,NA,2026-08-28,649
2021-11-01 09:24:43,2020-07-01,"1 (BYO) KWG - Orders Only (Weekly Shares)","Combined CSA","Kirkwood Pickup","Manchester","MO","63088",0,"Automatic","None","Not on Hold","Kirkwood - Thursday","Debit on Delivery",0,0,0,2020-07-09,2021-10-28,NA,2026-08-28,1881
2026-08-21 03:55:50,2021-05-20,"1 Half (Half Share - ODD week)","Combined CSA","KWB","Kirkwood","MO","63122",173.95,"Automatic","Orange","Not on Hold","Kirkwood - Thursday","$150",0,0,0,2021-05-27,2026-08-20,NA,2026-08-28,804
2026-04-20 10:31:27,2022-01-03,"1 (BYO) KWG - Orders Only (Weekly Shares)","Combined CSA","Kirkwood Pickup","Ballwin","MO","63021",98.75,"Automatic","Green Purple","Hold","Kirkwood - Thursday","Debit on Delivery",0,0,0,2022-01-13,2024-12-05,NA,2026-08-28,1784
2026-08-07 02:36:10,2020-04-14,"1 No Produce - Order Only (even wk), 1 Half (Half Share - ODD week)","Combined CSA","FSE","kirkwood","MO","63122",116.19,"Automatic","Orange","Not on Hold","Fair Shares - Thursday - Thursday","$150",0,0,0,2020-04-16,2026-08-06,NA,2026-08-28,699
2026-05-12 11:07:44,2023-06-25,"1 (BYO) UCG - Orders Only","Combined CSA","UCity Pickup","Saint Louis","MO","63132",108.58,"Automatic","Green Purple","Not on Hold","UCity - Wednesday","Debit on Delivery",0,0,0,2023-06-28,2026-05-06,NA,2026-08-28,708
2023-12-06 10:10:00,2023-01-08,"1  (BYO) FSG - Orders Only","Combined CSA","Fair Shares Thursday Pickup","St. Louis","MO","63108",92.17,"Automatic","Green","Not on Hold","Fair Shares - Thursday - Thursday","Debit on Delivery",0,0,0,2023-01-12,2023-11-30,NA,2026-08-28,1661
2026-04-26 11:12:29,2020-04-25,"1 (BYO) KWG - Orders Only (Weekly Shares)","Combined CSA","Kirkwood Pickup","Crestwood","MO","63126",64.37,"Automatic","None","Hold","Kirkwood - Thursday","Debit on Delivery",0,0,0,2020-04-30,2026-02-26,NA,2026-08-28,1206
2026-05-05 06:45:36,2017-07-20,"1  (BYO) FSG - Orders Only","Combined CSA","Fair Shares Thursday Pickup","St. Louis","63119","63116",0.01,"Automatic","None","Hold","Fair Shares - Thursday - Thursday","Debit on Delivery",0,0,0,2017-08-17,2026-02-26,NA,2026-08-28,579
2025-05-04 08:01:50,2025-04-10,"1 Guest Access","Combined CSA","UCity Pickup","St. Louis","MO","63130",0,"Automatic","None","Not on Hold","UCity - Wednesday","Debit on Delivery",0,0,0,2025-04-16,2025-04-30,NA,2026-08-28,255
2026-03-27 07:25:23,2020-10-07,"1  (BYO) FSG - Orders Only","Combined CSA","Fair Shares Wednesday Pickup","Saint Louis","MO","63103",0,"Automatic","Green Orange","Not on Hold","Fair Shares - Wednesday  - Wednesday","Debit on Delivery",0,0,0,2020-10-15,2022-02-09,NA,2026-08-28,534
2026-04-20 13:33:30,2020-08-31,"1  (BYO) FSG - Orders Only","Combined CSA","Fair Shares Wednesday Pickup","Saint Louis","MO","63108",0.01,"Automatic","Green","Not on Hold","Fair Shares - Wednesday  - Wednesday","Debit on Delivery",0,0,0,2020-09-09,2021-10-27,NA,2026-08-28,817
2026-08-28 03:54:20,2017-07-18,"1 FSA/FSD, 1 Whole MILK","Combined CSA","FSD","St. Louis","MO","63109",366.41,"Automatic","None","Not on Hold","Fair Shares - Thursday - Thursday","$300",0,0,0,2017-08-16,2026-08-27,NA,2026-08-28,636
2026-08-20 02:43:55,2017-07-18,"1 Mini (Weekly Shares)","Combined CSA","UCM","St. Louis","63130","63130",92.24,"Automatic","None","Not on Hold","UCity - Wednesday","$150",0,0,0,2017-08-16,2026-08-19,NA,2026-08-28,356
2025-01-30 03:49:30,2022-07-28,"1  (BYO) FSG - Orders Only","Combined CSA","Fair Shares Wednesday Pickup","St. Louis","MO","63105",0,"Automatic","Green Purple","Not on Hold","Fair Shares - Wednesday  - Wednesday","Debit on Delivery",0,0,0,2022-08-03,2025-01-29,NA,2026-08-28,74
2026-08-21 02:36:06,2026-07-29,"1 Half (Half Share - ODD week)","Combined CSA","FSE","St. Louis","MO","63119",383.39,"Automatic","Orange","Not on Hold","Fair Shares - Thursday - Thursday","$600",0,0,0,2026-08-06,2026-08-20,NA,2026-08-28,67
2026-04-29 05:36:21,2025-10-12,"1  (BYO) FSG - Orders Only","Combined CSA","Fair Shares Wednesday Pickup","St. Louis","MO","63108",65.41,"Automatic","Orange","Hold","Fair Shares - Wednesday  - Wednesday","Debit on Delivery",0,0,0,2025-10-15,2026-02-18,NA,2026-08-28,642
2026-04-07 03:42:31,2020-04-19,"1  (BYO) FSG - Orders Only","Combined CSA","Fair Shares Thursday Pickup","Fenton","MO","63026",0,"Automatic","Orange","Not on Hold","Fair Shares - Thursday - Thursday","Debit on Delivery",0,0,0,2020-04-23,2026-02-26,NA,2026-08-28,1436
2026-04-26 22:16:07,2021-03-16,"1  (BYO) FSG - Orders Only","Combined CSA","Fair Shares Thursday Pickup","Kirkwood","MO","63122",0.01,"Automatic","None","Hold","Fair Shares - Thursday - Thursday","Debit on Delivery",0,0,0,2021-03-24,2026-02-26,NA,2026-08-28,127
2026-08-28 03:54:19,2020-04-22,"1 Mini (Weekly Shares)","Combined CSA","UCM","St. louis","MO","63130",164.82,"Automatic","Payment","Not on Hold","UCity - Wednesday","$150",0,0,0,2020-04-29,2026-08-26,NA,2026-08-28,418
2026-05-04 08:02:34,2023-12-28,"1  (BYO) FSG - Orders Only","Combined CSA","Fair Shares Thursday Pickup","St. Louis","MO","63116",0,"Automatic","None","Hold","Fair Shares - Thursday - Thursday","Debit on Delivery",0,0,0,2024-01-04,2026-02-26,NA,2026-08-28,941
2021-08-05 03:55:55,2020-06-20,"1 (BYO) UCG - Orders Only","Combined CSA","UCity Pickup","St. Louis","MO","63130",0,"Automatic","Blue Orange","Not on Hold","UCity - Wednesday","Debit on Delivery",0,0,0,2020-06-24,2021-08-04,NA,2026-08-28,1693
2025-10-24 03:57:05,2020-08-25,"1 (BYO) KWG - Orders Only (Weekly Shares)","Combined CSA","Kirkwood Pickup","Des Peres","MO","63131",0,"Automatic","Green","Not on Hold","Kirkwood - Thursday","Debit on Delivery",0,0,0,2020-09-03,2025-10-23,NA,2026-08-28,19
2021-05-08 09:08:44,2021-04-10,"1 Guest Access","Combined CSA","Fair Shares Thursday Pickup","Saint Louis","MO","63110",0,"Automatic","None","Not on Hold","Fair Shares - Thursday - Thursday","Debit on Delivery",0,0,0,2021-04-15,2021-04-22,NA,2026-08-28,169
2026-08-28 02:35:58,2020-04-14,"1 FSA/FSD","Combined CSA","FSD","St. Louis","MO","63119",150.9,"Automatic","Green","Not on Hold","Fair Shares - Thursday - Thursday","$300",0,0,0,2020-04-16,2026-08-27,NA,2026-08-28,1857
2026-04-08 15:36:14,2017-07-18,"1  (BYO) FSG - Orders Only","Combined CSA","Fair Shares Wednesday Pickup","St. Louis","MO","63116",35.06,"Automatic","Purple","Not on Hold","Fair Shares - Wednesday  - Wednesday","Debit on Delivery",0,0,0,2017-08-16,2026-02-25,NA,2026-08-28,1380
2024-05-06 08:23:46,2023-05-12,"1  (BYO) FSG - Orders Only","Combined CSA","Fair Shares Thursday Pickup","Glendale","MO","63122",104.11,"Automatic","Green Purple","Not on Hold","Fair Shares - Thursday - Thursday","Debit on Delivery",0,0,0,2023-05-18,2023-11-30,NA,2026-08-28,801
2026-04-19 17:58:53,2017-07-18,"1  (BYO) FSG - Orders Only","Combined CSA","Fair Shares Wednesday Pickup","St. Louis","MO","63117",0,"Automatic","Orange","Not on Hold","Fair Shares - Wednesday  - Wednesday","Debit on Delivery",0,0,0,2017-08-16,2026-02-25,NA,2026-08-28,1309
2026-04-29 05:34:15,2020-03-23,"1 Half (Half Share - ODD week)","Combined CSA","FSB","St. Louis","MO","63119",153.56,"Automatic","Orange","Hold","Fair Shares - Wednesday  - Wednesday","Debit on Delivery",0,0,0,2020-03-26,2025-10-15,NA,2026-08-28,243
2026-01-04 08:16:10,2021-08-23,"1  (BYO) FSG - Orders Only","Combined CSA","Fair Shares Wednesday Pickup","St. Louis","MO","63110",0,"Automatic","Orange","Not on Hold","Fair Shares - Wednesday  - Wednesday","Debit on Delivery",0,0,0,2021-08-25,2025-12-10,NA,2026-08-28,975
2026-08-28 03:54:29,2017-07-18,"1 Half (Half Share - EVEN week)","Combined CSA","FSE","St. Louis","MO","63119",141.27,"Automatic","Purple","Not on Hold","Fair Shares - Thursday - Thursday","$150",0,0,0,2017-08-16,2026-08-27,NA,2026-08-28,499
2026-08-27 02:43:44,2026-07-18,"1 UCA/KWA","Combined CSA","UCA","St. Louis","MO","63105",121.95,"Automatic","None","Not on Hold","UCity - Wednesday","$300",0,0,0,2026-07-22,2026-08-26,NA,2026-08-28,727
2026-04-02 10:45:52,2022-03-26,"1  (BYO) FSG - Orders Only","Combined CSA","Fair Shares Thursday Pickup","St Louis","MO","63118",0,"Automatic","Green Orange","Not on Hold","Fair Shares - Thursday - Thursday","Debit on Delivery",0,0,0,2022-03-31,2026-02-19,NA,2026-08-28,21
2022-07-14 03:54:48,2020-07-12,"1 (BYO) UCG - Orders Only","Combined CSA","UCity Pickup","St Louis, Missouri","MO","63130",0,"Automatic","Green","Not on Hold","UCity - Wednesday","Debit on Delivery",0,0,0,2020-07-15,2022-07-13,NA,2026-08-28,1870
2026-08-21 02:36:06,2020-07-22,"1 Half (Half Share - ODD week), 1 No Produce - Order Only (even wk)","Combined CSA","FSE","St. Louis","MO","63143",81.25,"Automatic","Green Blue Orange","Not on Hold","Fair Shares - Thursday - Thursday","$150",0,0,0,2020-07-30,2026-08-20,NA,2026-08-28,1719
2026-08-28 02:35:58,2025-03-15,"1 FSA/FSD","Combined CSA","FSD","Manchester","MO","63021",165.03,"Automatic","None","Not on Hold","Fair Shares - Thursday - Thursday","$300",0,0,0,2025-04-03,2026-08-27,NA,2026-08-28,293
2024-01-29 08:33:18,2022-07-20,"1  (BYO) FSG - Orders Only","Combined CSA","Fair Shares Thursday Pickup","saint Louis","MO","63139",95.63,"Automatic","Green","Not on Hold","Fair Shares - Thursday - Thursday","Debit on Delivery",0,0,0,2022-07-28,2024-01-25,NA,2026-08-28,165
2022-11-17 03:56:58,2020-03-24,"1  (BYO) FSG - Orders Only","Combined CSA","Fair Shares Wednesday Pickup","Ellisville","MO","63021",0,"Automatic","Green Orange","Not on Hold","Fair Shares - Wednesday  - Wednesday","Debit on Delivery",0,0,0,2020-03-25,2022-11-16,NA,2026-08-28,799
2020-12-17 04:00:45,2020-04-13,"1 (BYO) UCG - Orders Only","Combined CSA","UCity Pickup","St. Louis","MO","63130",0,"Automatic","None","Not on Hold","UCity - Wednesday","Debit on Delivery",0,0,0,2020-04-15,2020-12-16,NA,2026-08-28,767
2025-12-01 09:12:31,2024-08-23,"1  (BYO) FSG - Orders Only","Combined CSA","Fair Shares Wednesday Pickup","St. Louis","MO","63110",0,"Automatic","Purple","Not on Hold","Fair Shares - Wednesday  - Wednesday","Debit on Delivery",0,0,0,2024-08-28,2025-11-19,NA,2026-08-28,141
2026-03-27 07:36:10,2020-04-18,"1  (BYO) FSG - Orders Only","Combined CSA","Fair Shares Wednesday Pickup","St. Louis","MO","63146",0,"Automatic","Orange","Not on Hold","Fair Shares - Wednesday  - Wednesday","Debit on Delivery",0,0,0,2020-04-22,2021-11-03,NA,2026-08-28,7
2026-08-07 03:56:03,2022-07-09,"1  (BYO) FSG - Orders Only","Combined CSA","Fair Shares Thursday Pickup","St Louis","MO","63110",0,"Automatic","Green","Not on Hold","Fair Shares - Thursday - Thursday","Debit on Delivery",0,0,0,2022-07-21,2026-08-06,NA,2026-08-28,1375
2026-08-28 02:35:58,2017-07-18,"1 FSA/FSD","Combined CSA","FSD","St. Louis","MO","63110",230.78,"Automatic","None","Not on Hold","Fair Shares - Thursday - Thursday","$300",0,0,0,2017-08-17,2026-08-27,NA,2026-08-28,928
2026-02-26 03:54:45,2021-09-29,"1  (BYO) FSG - Orders Only","Combined CSA","UCity Pickup","St Louis","MO","63110",0,"Automatic","None","Not on Hold","UCity - Wednesday","Debit on Delivery",0,0,0,2021-10-13,2026-02-25,NA,2026-08-28,788
2026-08-24 08:22:33,2026-05-27,"1  (BYO) FSG - Orders Only","Combined CSA","Fair Shares Wednesday Pickup","St. Louis","MO","63123",0,"Automatic","None","Not on Hold","Fair Shares - Wednesday  - Wednesday","Debit on Delivery",0,0,0,2026-06-03,2026-08-19,NA,2026-08-28,77
2026-01-30 02:18:58,2023-04-28,"1  (BYO) FSG - Orders Only","Combined CSA","Fair Shares Thursday Pickup","St. Louis","MO","63143",395.74,"Automatic","None","Not on Hold","Fair Shares - Thursday - Thursday","Debit on Delivery",0,0,0,2023-05-04,2026-01-29,NA,2026-08-28,529
2022-08-16 07:15:20,2021-03-12,"1  (BYO) FSG - Orders Only","Combined CSA","Fair Shares Wednesday Pickup","St. Louis","MO","63118",0,"Automatic","Purple","Hold","Fair Shares - Wednesday  - Wednesday","Debit on Delivery",0,0,0,2021-03-31,2022-02-16,NA,2026-08-28,109
2021-11-26 03:46:41,2018-09-20,"1 (BYO) KWG - Orders Only (Weekly Shares)","Combined CSA","Kirkwood Pickup","Saint Louis","MO","63122",0,"Automatic","None","Not on Hold","Kirkwood - Thursday","Debit on Delivery",0,0,0,2018-09-27,2021-11-25,NA,2026-08-28,164
2024-09-20 11:23:45,2020-04-12,"1 (BYO) UCG - Orders Only","Combined CSA","UCity Pickup","Richmond Heights","MO","63117",114.08,"Automatic","None","Not on Hold","UCity - Wednesday","Debit on Delivery",0,0,0,2020-04-15,2024-09-18,NA,2026-08-28,16
2023-02-03 03:52:22,2021-09-06,"1 (BYO) KWG - Orders Only (Weekly Shares)","Combined CSA","Kirkwood Pickup","Des Peres","MO","63131",0,"Automatic","Green Purple","Not on Hold","Kirkwood - Thursday","Debit on Delivery",0,0,0,2021-09-16,2023-02-02,NA,2026-08-28,1718
2023-12-29 03:51:26,2022-06-12,"1  (BYO) FSG - Orders Only","Combined CSA","Fair Shares Thursday Pickup","Chesterfield","MO","63017",0,"Automatic","None","Not on Hold","Fair Shares - Thursday - Thursday","Debit on Delivery",0,0,0,2022-06-16,2023-01-05,NA,2026-08-28,315
2021-03-29 19:17:19,2020-05-04,"1  (BYO) FSG - Orders Only","Combined CSA","Fair Shares Wednesday Pickup","St. Louis","MO","63110",0,"Automatic","Green Orange","Hold","Fair Shares - Wednesday  - Wednesday","Debit on Delivery",0,0,0,2020-05-07,2021-03-25,NA,2026-08-28,1372
2025-08-14 10:55:09,2022-04-26,"1 BYO - No Share, Order Only (Weekly Shares)","Combined CSA","Fair Shares Thursday Pickup","St. Louis","MO","63118",0,NA,"None","Not on Hold","Fair Shares - Thursday - Thursday",NA,0,0,0,2025-08-14,2025-08-14,NA,2026-08-28,1359
2025-07-11 03:58:22,2024-01-07,"1  (BYO) FSG - Orders Only","Combined CSA","Fair Shares Thursday Pickup","St. Louis","MO","63139",0,"Automatic","Orange","Not on Hold","Fair Shares - Thursday - Thursday","Debit on Delivery",0,0,0,2024-01-11,2025-07-10,NA,2026-08-28,779
2026-08-28 02:35:58,2021-02-14,"1 Mini (Weekly Shares)","Combined CSA","FSMini-t","St. Louis","MO","63118",162.24,"Automatic","None","Not on Hold","Fair Shares - Thursday - Thursday","$300",0,0,0,2021-02-25,2026-08-27,NA,2026-08-28,1593
2026-01-23 03:53:07,2025-04-04,"1 (BYO) KWG - Orders Only (Weekly Shares)","Combined CSA","Kirkwood Pickup","St Louis","MO","63126",0,"Automatic","Purple","Not on Hold","Kirkwood - Thursday","Debit on Delivery",0,0,0,2025-04-10,2026-01-22,NA,2026-08-28,968
2025-12-07 17:42:10,2024-08-21,"1 (BYO) KWG - Orders Only (Weekly Shares)","Combined CSA","Kirkwood Pickup","Kirkwood","MO","63122",26.55,"Automatic","None","Not on Hold","Kirkwood - Thursday","Debit on Delivery",0,0,0,2024-08-29,2025-12-04,NA,2026-08-28,404
2023-11-10 03:57:47,2020-04-04,"1  (BYO) FSG - Orders Only","Combined CSA","Fair Shares Thursday Pickup","St. Louis","MO","63104",0,"Automatic","Green Purple","Not on Hold","Fair Shares - Thursday - Thursday","Debit on Delivery",0,0,0,2020-04-09,2023-11-09,NA,2026-08-28,1929
2026-03-27 08:02:50,2017-07-18,"1 BYO - No Share, Order Only (Weekly Shares)","Combined CSA","Fair Shares Wednesday Pickup","St. Louis","MO","63050",0,NA,"None","Hold","Fair Shares - Wednesday  - Wednesday",NA,0,0,0,2017-08-16,2018-02-28,NA,2026-08-28,1729
2026-05-14 02:27:41,2020-02-26,"1 (BYO) UCG - Orders Only","Combined CSA","UCity Pickup","St. Louis","MO","63105",0,"Automatic","Payment Orange","Not on Hold","UCity - Wednesday","Debit on Delivery",0,0,0,2020-03-25,2025-11-19,NA,2026-08-28,957
2026-04-20 10:38:50,2020-04-16,"1 (BYO) KWG - Orders Only (Weekly Shares)","Combined CSA","Kirkwood Pickup","St. Louis","MO","63126",122.46,"Automatic","Blue Orange","Hold","Kirkwood - Thursday","Debit on Delivery",0,0,0,2020-04-23,2021-11-04,NA,2026-08-28,386
2026-08-20 02:43:55,2020-03-02,"1 Half (Half Share - ODD week)","Combined CSA","FSB","St Louis","MO","63110",107,"Automatic","Orange","Not on Hold","Fair Shares - Wednesday  - Wednesday","$300",0,0,0,2020-03-25,2026-08-19,NA,2026-08-28,1045
2026-08-27 04:00:31,2017-07-18,"1 Mini (Weekly Shares)","Combined CSA","UCM","St. Louis","MO","63112",304.71,"Automatic","None","Not on Hold","UCity - Wednesday","$300",0,0,0,2017-08-16,2026-08-26,NA,2026-08-28,1559
2026-08-28 03:54:25,2026-04-09,"1 FSA/FSD","Combined CSA","FSD","Saint Louis","MO","63119",369.99,"Automatic","None","Not on Hold","Fair Shares - Thursday - Thursday","$300",0,0,0,2026-04-30,2026-08-27,NA,2026-08-28,433
2026-08-20 02:43:55,2017-07-18,"1 Half (Half Share - ODD week)","Combined CSA","UCB","St. Louis","MO","63105",157.76,"Automatic","Orange","Not on Hold","UCity - Wednesday","$300",0,0,0,2017-08-16,2026-08-19,NA,2026-08-28,430
2021-05-18 17:35:26,2021-04-01,"1 (BYO) UCG - Orders Only","Combined CSA","UCity Pickup","Florissant","MO","63031",0,"Automatic","None","Not on Hold","UCity - Wednesday","Debit on Delivery",0,0,0,2021-04-07,2021-05-12,NA,2026-08-28,2
2025-06-30 13:01:27,2022-03-18,"1  (BYO) FSG - Orders Only","Combined CSA","Fair Shares Wednesday Pickup","Saint Louis","MO","63139",0,"Automatic","Green","Not on Hold","Fair Shares - Wednesday  - Wednesday","Debit on Delivery",0,0,0,2022-03-23,2025-04-02,NA,2026-08-28,848
2024-06-02 20:22:54,2020-04-03,"1 (BYO) KWG - Orders Only (Weekly Shares)","Combined CSA","Kirkwood Pickup","Ballwin","MO","63021",141.95,"Automatic","Orange","Not on Hold","Kirkwood - Thursday","Debit on Delivery",0,0,0,2020-04-09,2024-05-30,NA,2026-08-28,1988
2020-05-04 09:33:13,2020-03-21,"1 Guest Access","Combined CSA","Fair Shares Wednesday Pickup","st. louis","MO","63110",0,NA,"None","Not on Hold","Fair Shares - Wednesday  - Wednesday",NA,0,0,0,NA,NA,NA,2026-08-28,664
2026-04-20 09:02:25,2024-07-08,"1  (BYO) FSG - Orders Only","Combined CSA","Fair Shares Thursday Pickup","Saint louis","MO","63110",0,"Automatic","Purple","Hold","Fair Shares - Thursday - Thursday","Debit on Delivery",0,0,0,2024-07-11,2024-07-18,NA,2026-08-28,477
2021-04-13 17:05:10,2020-08-21,"1  (BYO) FSG - Orders Only","Combined CSA","Fair Shares Wednesday Pickup","St. Louis","MO","63139",0,"Automatic","None","Hold","Fair Shares - Wednesday  - Wednesday","Debit on Delivery",0,0,0,2020-08-26,2021-02-03,NA,2026-08-28,702
2026-04-30 06:41:06,2020-09-08,"1 (BYO) UCG - Orders Only","Combined CSA","UCity Pickup","St. Louis","MO","63114",168.18,"Automatic","Green Orange","Not on Hold","UCity - Wednesday","Debit on Delivery",0,0,0,2020-09-16,2026-02-18,NA,2026-08-28,1741
2026-08-27 02:43:44,2017-07-18,"1 Half (Half Share - EVEN week)","Combined CSA","UCB","St. Louis","MO","63119",405.25,"Automatic","Purple","Not on Hold","UCity - Wednesday","$600",0,0,0,2017-08-16,2026-08-26,NA,2026-08-28,1410
2021-09-30 17:14:27,2021-04-14,"1 (BYO) KWG - Orders Only (Weekly Shares)","Combined CSA","Kirkwood Pickup","Saint Louis","MO","63127",0,"Automatic","Purple","Hold","Kirkwood - Thursday","Debit on Delivery",0,0,0,2021-04-29,2021-09-16,NA,2026-08-28,1492
2026-08-27 04:00:34,2019-10-23,"1 Half (Half Share - EVEN week)","Combined CSA","FSB","St. Louis","MO","63103",224.25,"Automatic","Purple","Not on Hold","Fair Shares - Wednesday  - Wednesday","$300",0,0,0,2019-10-23,2026-08-26,NA,2026-08-28,712
2024-11-21 02:32:04,2023-08-20,"1 (BYO) UCG - Orders Only","Combined CSA","UCity Pickup","St louis","MO","63130",39.16,"Automatic","None","Not on Hold","UCity - Wednesday","Debit on Delivery",0,0,0,2023-08-23,2024-11-20,NA,2026-08-28,989
2026-02-09 10:31:41,2018-04-22,"1 BYO - No Share, Order Only (Weekly Shares)","Combined CSA","Fair Shares Thursday Pickup","St. Louis","MO","63128",0,NA,"None","Hold","Fair Shares - Thursday - Thursday",NA,0,0,0,2018-04-26,2018-08-16,NA,2026-08-28,1265
2026-03-27 07:16:18,2022-06-28,"1  (BYO) FSG - Orders Only","Combined CSA","Fair Shares Wednesday Pickup","St. Louis","MO","63139",0,"Automatic","Purple","Not on Hold","Fair Shares - Wednesday  - Wednesday","Debit on Delivery",0,0,0,2022-07-06,2024-10-16,NA,2026-08-28,1814
2025-04-24 03:57:21,2017-07-18,"1  (BYO) FSG - Orders Only","Combined CSA","Fair Shares Wednesday Pickup","Columbia","IL","62236",0.01,"Automatic","None","Not on Hold","Fair Shares - Wednesday  - Wednesday","Debit on Delivery",0,0,0,2017-08-16,2025-04-23,NA,2026-08-28,1245
2025-02-06 02:22:28,2024-04-01,"1 (BYO) UCG - Orders Only","Combined CSA","UCity Pickup","U City","MO","63130",65.57,"Automatic","None","Not on Hold","UCity - Wednesday","Debit on Delivery",0,0,0,2024-04-03,2025-02-05,NA,2026-08-28,117
2023-07-19 09:16:36,2020-09-17,"1 (BYO) KWG - Orders Only (Weekly Shares)","Combined CSA","Kirkwood Pickup","st louis","MO","63119",0,"Automatic","Green Orange","Not on Hold","Kirkwood - Thursday","Debit on Delivery",0,0,0,2020-09-30,2023-06-08,NA,2026-08-28,821
2022-06-07 15:24:19,2021-11-14,"1  (BYO) FSG - Orders Only","Combined CSA","Fair Shares Thursday Pickup","St. Louis","MO","63139",0,"Automatic","None","Not on Hold","Fair Shares - Thursday - Thursday","Debit on Delivery",0,0,0,2021-11-17,2022-06-01,NA,2026-08-28,419
2025-10-09 03:59:35,2020-04-24,"1  (BYO) FSG - Orders Only","Combined CSA","Fair Shares Wednesday Pickup","St louis","MO","63110",0,"Automatic","None","Not on Hold","Fair Shares - Wednesday  - Wednesday","Debit on Delivery",0,0,0,2020-04-29,2025-10-08,NA,2026-08-28,568
2026-04-18 20:20:29,2020-04-10,"1  (BYO) FSG - Orders Only","Combined CSA","Fair Shares Thursday Pickup","St. Louis","MO","63118",59.37,"Automatic","Green Purple","Not on Hold","Fair Shares - Thursday - Thursday","Debit on Delivery",0,0,0,2020-04-16,2026-02-26,NA,2026-08-28,1213
2026-08-28 03:54:27,2017-07-20,"1 FSA/FSD","Combined CSA","FSD","St. Louis","MO","63143",340.88,"Automatic","None","Not on Hold","Fair Shares - Thursday - Thursday","$300",0,0,0,2017-08-24,2026-08-27,NA,2026-08-28,761
2025-11-28 03:48:12,2021-09-11,"1  (BYO) FSG - Orders Only","Combined CSA","Fair Shares Thursday Pickup","St. Louis","MO","63104",0,"Automatic","Green","Not on Hold","Fair Shares - Thursday - Thursday","Debit on Delivery",0,0,0,2021-09-16,2025-11-27,NA,2026-08-28,204
2026-08-25 15:26:07,2026-08-25,"1  (BYO) FSG - Orders Only","Combined CSA","Fair Shares Thursday Pickup","Saint Louis","MO","63118",0,NA,"None","Not on Hold","Fair Shares - Thursday - Thursday",NA,0,0,0,NA,NA,NA,2026-08-28,71
2025-10-31 03:55:58,2023-01-11,"1  (BYO) FSG - Orders Only","Combined CSA","Fair Shares Thursday Pickup","St Charles","MO","63301",0,"Automatic","Green Purple","Not on Hold","Fair Shares - Thursday - Thursday","Debit on Delivery",0,0,0,2023-01-19,2025-10-30,NA,2026-08-28,1283
2024-09-09 08:42:44,2023-03-30,"1 (BYO) UCG - Orders Only","Combined CSA","UCity Pickup","Saint Louis","MO","63114",159.28,"Automatic","Purple","Not on Hold","UCity - Wednesday","Debit on Delivery",0,0,0,2023-04-05,2024-08-14,NA,2026-08-28,1445
2026-02-26 15:34:24,2024-05-15,"1  (BYO) FSG - Orders Only","Combined CSA","Fair Shares Thursday Pickup","St Louis","MO","63118",0,NA,"None","Not on Hold","Fair Shares - Thursday - Thursday",NA,0,0,0,2024-06-19,2026-02-26,NA,2026-08-28,580
2025-12-04 17:11:09,2017-07-20,"1  (BYO) FSG - Orders Only","Combined CSA","Fair Shares Thursday Pickup","St. Louis","MO","63124",43.61,"Automatic","None","Not on Hold","Fair Shares - Thursday - Thursday","Debit on Delivery",0,0,0,2017-08-17,2022-09-29,NA,2026-08-28,1374
2026-08-27 02:43:44,2017-07-18,"1 UCA/KWA, 1 2% MILK-e","Combined CSA","UCA","St. Louis","63143","63143",295.22,"Automatic","None","Not on Hold","UCity - Wednesday","$600",0,0,0,2017-08-16,2026-08-26,NA,2026-08-28,322
2026-08-23 12:51:31,2026-07-18,"1  (BYO) FSG - Orders Only","Combined CSA","Fair Shares Wednesday Pickup","St. Louis","MO","63110",0,"Automatic","None","Hold","Fair Shares - Wednesday  - Wednesday","Debit on Delivery",0,0,0,2026-07-22,2026-07-29,NA,2026-08-28,266
2026-03-27 07:20:27,2021-01-12,"1  (BYO) FSG - Orders Only","Combined CSA","Fair Shares Wednesday Pickup","Saint Louis","MO","63139",0,"Automatic","Green","Not on Hold","Fair Shares - Wednesday  - Wednesday","Debit on Delivery",0,0,0,2021-01-13,2021-10-27,NA,2026-08-28,1167
2026-08-27 04:00:44,2017-07-18,"1 Half (Half Share - EVEN week)","Combined CSA","UCB","St. Louis","63146","55555",200.98,"Automatic","Purple","Not on Hold","UCity - Wednesday","$150",0,0,0,2017-08-16,2026-08-26,NA,2026-08-28,371
2026-04-20 09:03:09,2018-08-22,"1  (BYO) FSG - Orders Only","Combined CSA","Fair Shares Thursday Pickup","St. Louis","MO","63126",220.39,"Automatic","Purple","Hold","Fair Shares - Thursday - Thursday","Debit on Delivery",0,0,0,2018-08-22,2024-01-11,NA,2026-08-28,993
2024-11-15 04:00:47,2020-06-17,"1 Guest Access, 1 BYO - No Share, Order Only (Weekly Shares)","Combined CSA","Fair Shares Thursday Pickup","Saint Louis","MO","63110",347.61,"Automatic","None","Not on Hold","Fair Shares - Thursday - Thursday","Debit on Delivery",0,0,0,2020-07-09,2024-11-14,NA,2026-08-28,827
2026-08-07 02:36:10,2023-04-06,"1 (BYO) KWG - Orders Only (Weekly Shares)","Combined CSA","Kirkwood Pickup","St. Louis","MO","63132",0.94,"Automatic","None","Not on Hold","Kirkwood - Thursday","Debit on Delivery",0,0,0,2023-04-12,2026-08-06,NA,2026-08-28,793
2026-01-04 02:07:04,2017-07-20,"1 (BYO) KWG - Orders Only (Weekly Shares)","Combined CSA","Kirkwood Pickup","St. Louis","MO","63119",0,"Automatic","None","Not on Hold","Kirkwood - Thursday","Debit on Delivery",0,0,0,2017-08-17,2025-08-21,NA,2026-08-28,743
2026-08-28 02:35:58,2017-07-18,"1 Half (Half Share - EVEN week), 1 No Produce - Order Only (odd wk)","Combined CSA","FSE","St. Louis","MO","63110",107.63,"Automatic","Purple","Not on Hold","Fair Shares - Thursday - Thursday","$150",0,0,0,2017-08-16,2026-08-27,NA,2026-08-28,725
2026-04-02 12:39:41,2022-02-23,"1  (BYO) FSG - Orders Only","Combined CSA","Fair Shares Wednesday Pickup","St. Louis","MO","63116",0,"Automatic","Green","Not on Hold","Fair Shares - Wednesday  - Wednesday","Debit on Delivery",0,0,0,2022-03-23,2026-02-25,NA,2026-08-28,547
2026-03-27 07:15:37,2021-12-13,"1  (BYO) FSG - Orders Only","Combined CSA","Fair Shares Wednesday Pickup","St. Louis","MO","63123",0,NA,"Green","Hold","Fair Shares - Wednesday  - Wednesday","Debit on Delivery",0,0,0,2021-12-22,2022-10-12,NA,2026-08-28,1609
2026-03-27 07:30:44,2020-05-26,"1  (BYO) FSG - Orders Only","Combined CSA","Fair Shares Wednesday Pickup","St. Louis","MO","63119",0,NA,"None","Not on Hold","Fair Shares - Wednesday  - Wednesday","Debit on Delivery",0,0,0,2020-06-03,2025-01-15,NA,2026-08-28,1276
2026-08-27 04:00:49,2017-07-18,"1 Half (Half Share - ODD week), 1 No Produce - Order Only (even wk)","Combined CSA","FSE","St. Louis","63116","63116",312.33,"Automatic","Payment Orange","Not on Hold","Fair Shares - Thursday - Thursday","$300",0,0,0,2017-08-24,2026-08-20,NA,2026-08-28,1977
2021-04-01 09:47:54,2020-03-25,"1  (BYO) FSG - Orders Only","Combined CSA","Fair Shares Thursday Pickup","St Louis","MO","63104",0,"Automatic","Green Purple","Not on Hold","Fair Shares - Thursday - Thursday","Debit on Delivery",0,0,0,2020-03-26,2021-02-25,NA,2026-08-28,1775
2025-10-30 03:59:39,2025-10-14,"1 Guest Access","Combined CSA","UCM","Saint Louis","MO","63130",0,"Automatic","None","Not on Hold","UCity - Wednesday","Debit on Delivery",0,0,0,2025-10-22,2025-10-29,NA,2026-08-28,755
2022-04-08 03:53:24,2020-05-05,"1  (BYO) FSG - Orders Only","Combined CSA","Fair Shares Thursday Pickup","St. Louis","MO","63118",0,"Automatic","Green","Not on Hold","Fair Shares - Thursday - Thursday","Debit on Delivery",0,0,0,2020-05-07,2022-04-07,NA,2026-08-28,890
2022-08-29 08:25:01,2020-04-09,"1  (BYO) FSG - Orders Only","Combined CSA","Fair Shares Wednesday Pickup","Webster Groves","MO","63119",0,"Automatic","Orange","Not on Hold","Fair Shares - Wednesday  - Wednesday","Debit on Delivery",0,0,0,2020-04-15,2022-08-24,NA,2026-08-28,897
2026-08-27 04:00:42,2019-06-04,"1 Mini (Weekly Shares)","Combined CSA","FSMini-t","St. Louis","MO","63109",200.23,"Automatic","None","Not on Hold","Fair Shares - Thursday - Thursday","$150",0,0,0,2019-06-06,2026-08-26,NA,2026-08-28,1941
2024-03-08 02:19:49,2022-11-27,"1 (BYO) KWG - Orders Only (Weekly Shares)","Combined CSA","Kirkwood Pickup","Kirkwood","MO","63122",41.54,"Automatic","Green","Not on Hold","Kirkwood - Thursday","Debit on Delivery",0,0,0,2022-12-01,2024-03-07,NA,2026-08-28,1293
2026-08-08 12:33:49,2026-06-25,"1  (BYO) FSG - Orders Only","Combined CSA","Fair Shares Thursday Pickup","St Louis","MO","63139",28.64,"Automatic","None","Not on Hold","Fair Shares - Thursday - Thursday","Debit on Delivery",0,0,0,2026-07-02,2026-08-06,NA,2026-08-28,825
2026-03-27 07:12:17,2022-03-15,"1  (BYO) FSG - Orders Only","Combined CSA","Fair Shares Wednesday Pickup","Webster Groves","MO","63119",0,"Automatic","None","Not on Hold","Fair Shares - Wednesday  - Wednesday","Debit on Delivery",0,0,0,2022-03-23,2022-07-27,NA,2026-08-28,882
2026-07-09 03:54:43,2024-04-01,"1 (BYO) UCG - Orders Only","Combined CSA","UCity Pickup","Overland","MO","63114",0,"Automatic","Orange","Not on Hold","UCity - Wednesday","Debit on Delivery",0,0,0,2024-04-03,2026-07-08,NA,2026-08-28,482
2025-12-18 03:57:52,2025-05-01,"1 (BYO) UCG - Orders Only","Combined CSA","UCity Pickup","Ballwin","MO","63021",0,"Automatic","None","Not on Hold","UCity - Wednesday","Debit on Delivery",0,0,0,2025-05-07,2025-12-17,NA,2026-08-28,320
2026-08-27 04:00:42,2024-01-05,"1 Mini (Weekly Shares)","Combined CSA","FSMini-w","St. Louis","MO","63111",194.84,"Automatic","None","Not on Hold","Fair Shares - Wednesday  - Wednesday","$150",0,0,0,2024-01-11,2026-08-26,NA,2026-08-28,1879
2026-03-27 07:13:41,2022-02-27,"1  (BYO) FSG - Orders Only","Combined CSA","Fair Shares Wednesday Pickup","Belleville","IL","62223",0,"Automatic","None","Not on Hold","Fair Shares - Wednesday  - Wednesday","Debit on Delivery",0,0,0,2022-03-23,2022-06-29,NA,2026-08-28,457
2026-04-20 14:02:59,2017-07-18,"1  (BYO) FSG - Orders Only","Combined CSA","Fair Shares Wednesday Pickup","St. Louis","MO","63104",0.01,"Automatic","Purple","Not on Hold","Fair Shares - Wednesday  - Wednesday","Debit on Delivery",0,0,0,2017-08-16,2022-10-26,NA,2026-08-28,519
2026-04-20 13:31:40,2021-01-02,"1  (BYO) FSG - Orders Only","Combined CSA","Fair Shares Wednesday Pickup","Creve Coeur","MO","63141",0.01,"Automatic","Green Purple","Not on Hold","Fair Shares - Wednesday  - Wednesday","Debit on Delivery",0,0,0,2021-01-06,2023-02-01,NA,2026-08-28,1361
2026-08-27 02:43:44,2020-04-03,"1 Mini (Weekly Shares)","Combined CSA","FSMini-w","Affton","MO","63143",219.63,"Automatic","None","Not on Hold","Fair Shares - Wednesday  - Wednesday","$300",0,0,0,2020-04-08,2026-08-26,NA,2026-08-28,100
2021-01-18 09:34:22,2020-09-27,"1  (BYO) FSG - Orders Only","Combined CSA","Fair Shares Wednesday Pickup","St. Louis","MO","63118",0,"Automatic","Green Purple","Not on Hold","Fair Shares - Wednesday  - Wednesday","Debit on Delivery",0,0,0,2020-09-30,2021-01-06,NA,2026-08-28,1114
2026-08-21 02:36:06,2020-04-17,"1 Half (Half Share - ODD week)","Combined CSA","FSE","St. Louis","MO","63116",431.22,"Automatic","Orange","Not on Hold","Fair Shares - Thursday - Thursday","$600",0,0,0,2020-04-22,2026-08-20,NA,2026-08-28,566
2026-04-29 06:07:36,2017-07-18,"1  (BYO) FSG - Orders Only","Combined CSA","Fair Shares Wednesday Pickup","St. Louis","MO","63101",73.16,"Automatic","None","Not on Hold","Fair Shares - Wednesday  - Wednesday","Debit on Delivery",0,0,0,2017-08-16,2026-02-25,NA,2026-08-28,194
2026-02-15 20:19:58,2020-03-24,"1  (BYO) FSG - Orders Only","Combined CSA","Fair Shares Wednesday Pickup","Saint Louis","MO","63110",0,"Automatic","Green","Not on Hold","Fair Shares - Wednesday  - Wednesday","Debit on Delivery",0,0,0,2020-03-25,2026-02-11,NA,2026-08-28,422
2024-08-19 14:45:49,2020-04-18,"1  (BYO) FSG - Orders Only","Combined CSA","Fair Shares Thursday Pickup","St. Louis","MO","63139",0,"Automatic","None","Not on Hold","Fair Shares - Thursday - Thursday","Debit on Delivery",0,0,0,2020-04-22,2024-05-09,NA,2026-08-28,646
2026-08-28 02:35:58,2017-07-18,"1 Half (Half Share - EVEN week), 1 No Produce - Order Only (odd wk)","Combined CSA","FSE","St. Louis","MO","63143",107.53,"Automatic","Purple","Not on Hold","Fair Shares - Thursday - Thursday","$150",0,0,0,2017-08-16,2026-08-27,NA,2026-08-28,1717
2026-08-27 02:43:44,2026-08-17,"1 Half (Half Share - EVEN week)","Combined CSA","FSB","Saint Louis","MO","63103",114.41,"Automatic","Purple","Not on Hold","Fair Shares - Wednesday  - Wednesday","$150",0,0,0,2026-08-26,2026-08-26,NA,2026-08-28,972
2026-08-21 03:55:49,2025-08-30,"1 Half (Half Share - ODD week), 1 No Produce - Order Only (even wk)","Combined CSA","FSE","Saint Louis","MO","63129",215.69,"Automatic","Orange","Not on Hold","Fair Shares - Thursday - Thursday","$150",0,0,0,2025-09-04,2026-08-20,NA,2026-08-28,885
2024-09-27 07:45:55,2020-03-24,"1 (BYO) UCG - Orders Only","Combined CSA","UCity Pickup","St Ann","MO","63074",211,"Automatic","Green","Not on Hold","UCity - Wednesday","Debit on Delivery",0,0,0,2020-03-25,2024-08-14,NA,2026-08-28,1924
2026-08-28 02:35:58,2023-02-09,"1 Half (Half Share - EVEN week)","Combined CSA","KWB","St. Louis","MO","63119",203.1,"Automatic","Green Purple","Not on Hold","Kirkwood - Thursday","$300",0,0,0,2023-02-16,2026-08-27,NA,2026-08-28,540
2019-08-29 02:38:50,2018-01-13,"1 BYO - No Share, Order Only (Weekly Shares)","Combined CSA","Fair Shares Wednesday Pickup","Villa Ridge","MO","63089",0,NA,"None","Not on Hold","Fair Shares - Wednesday  - Wednesday","Debit on Delivery",0,0,0,2018-01-18,2019-08-28,NA,2026-08-28,935
2026-07-31 03:54:03,2020-06-11,"1 (BYO) KWG - Orders Only (Weekly Shares)","Combined CSA","Kirkwood Pickup","Chesterfield","MO","63017",0,"Automatic","Orange","Not on Hold","Kirkwood - Thursday","Debit on Delivery",0,0,0,2020-06-18,2026-07-30,NA,2026-08-28,267
2026-08-28 02:35:58,2017-08-09,"1 2% MILK, 1 Mini (Weekly Shares)","Combined CSA","KWM","Webster Groves","MO","63119",97.69,"Automatic","None","Not on Hold","Kirkwood - Thursday","$150",0,0,0,2017-08-16,2026-08-27,NA,2026-08-28,192
2026-08-27 02:43:44,2017-07-18,"1 UCA/KWA","Combined CSA","UCA","St. Louis","MO","63112",398.32,"Automatic","None","Not on Hold","UCity - Wednesday","$600",0,0,0,2017-08-16,2026-08-26,NA,2026-08-28,1735
2026-08-28 03:54:32,2022-07-21,"1 Mini (Weekly Shares)","Combined CSA","FSMini-t","St. Louis","MO","63126",219.99,"Automatic","None","Not on Hold","Fair Shares - Thursday - Thursday","$150",0,0,0,2022-07-28,2026-08-27,NA,2026-08-28,1468
2026-07-24 03:55:07,2017-07-20,"1 BYO - No Share, Order Only (Weekly Shares)","Combined CSA","Fair Shares Thursday Pickup","St. Louis","63124","MO",0,"Automatic","Payment","Not on Hold","Fair Shares - Thursday - Thursday","Debit on Delivery",0,0,0,2017-10-05,2026-07-23,NA,2026-08-28,1211
2026-08-27 02:43:44,2017-07-18,"1 Half (Half Share - EVEN week)","Combined CSA","FSB","webster Groves","MO","63119",116.74,"Automatic","Purple","Not on Hold","Fair Shares - Wednesday  - Wednesday","$150",0,0,0,2017-08-16,2026-08-26,NA,2026-08-28,30
2026-08-28 03:54:28,2024-01-08,"1 Mini (Weekly Shares)","Combined CSA","KWM","Bridgeton","MO","63044",172.14,"Automatic","None","Not on Hold","Kirkwood - Thursday","$150",0,0,0,2024-01-17,2026-08-27,NA,2026-08-28,1476
2026-08-27 02:43:44,2023-07-13,"1 Half (Half Share - EVEN week)","Combined CSA","UCB","University City","MO","63130",264.17,"Automatic","Green Purple","Not on Hold","UCity - Wednesday","$300",0,0,0,2023-07-19,2026-08-26,NA,2026-08-28,472
2026-08-21 02:36:06,2020-04-06,"1 Half (Half Share - ODD week), 1 No Produce - Order Only (even wk)","Combined CSA","FSE","St. Louis","MO","63139",131.4,"Automatic","Orange","Not on Hold","Fair Shares - Thursday - Thursday","$150",0,0,0,2020-04-09,2026-08-20,NA,2026-08-28,1871
2025-10-24 02:37:57,2025-03-18,"1  (BYO) FSG - Orders Only","Combined CSA","Fair Shares Thursday Pickup","St Louis","MO","63104",67.82,"Automatic","Purple","Not on Hold","Fair Shares - Thursday - Thursday","Debit on Delivery",0,0,0,2025-04-03,2025-10-23,NA,2026-08-28,559
2026-08-27 04:00:46,2026-07-14,"1 Mini (Weekly Shares)","Combined CSA","UCM","University City","MO","63130",0,"Automatic","None","Not on Hold","UCity - Wednesday","Debit on Delivery",0,0,0,2026-07-22,2026-08-26,NA,2026-08-28,391
2026-08-27 04:00:35,2025-08-17,"1 Half (Half Share - EVEN week)","Combined CSA","FSB","St. Louis","MO","63144",218.57,"Automatic","Purple","Not on Hold","Fair Shares - Wednesday  - Wednesday","$150",0,0,0,2025-08-21,2026-08-26,NA,2026-08-28,83
2026-02-26 02:22:28,2023-04-27,"1 (BYO) KWG - Orders Only (Weekly Shares)","Combined CSA","Fair Shares Wednesday Pickup","Saint Louis","MO","63119",12.04,"Automatic","Purple","Not on Hold","Fair Shares - Wednesday  - Wednesday","Debit on Delivery",0,0,0,2023-05-04,2026-02-25,NA,2026-08-28,603
2026-08-28 02:35:58,2026-02-23,"1 FSA/FSD","Combined CSA","FSD","St louis","MO","63104",265.35,"Automatic","None","Not on Hold","Fair Shares - Thursday - Thursday","$300",0,0,0,2026-04-30,2026-08-27,NA,2026-08-28,963
2026-08-13 02:44:34,2020-04-12,"1 Mini (Weekly Shares)","Combined CSA","FSMini-w","St. Louis","MO","63116",144.68,"Automatic","None","Temp Hold","Fair Shares - Wednesday  - Wednesday","$150",0,0,0,2020-04-16,2026-08-12,NA,2026-08-28,1038
2024-12-06 02:29:00,2017-07-18,"1  (BYO) FSG - Orders Only","Combined CSA","Fair Shares Wednesday Pickup","St. Charles","MO","63303",0,"Automatic","None","Not on Hold","Fair Shares - Wednesday  - Wednesday","Debit on Delivery",0,0,0,2017-08-17,2024-11-27,NA,2026-08-28,1189
2023-12-29 03:51:23,2017-07-20,"1 (BYO) KWG - Orders Only (Weekly Shares)","Combined CSA","Kirkwood Pickup","St. Louis","MO","63088",0,"Automatic","Orange","Not on Hold","Kirkwood - Thursday","Debit on Delivery",0,0,0,2017-08-17,2023-09-14,NA,2026-08-28,943
2026-08-28 03:54:31,2026-08-17,"1 Guest Access","Combined CSA","FSMini-t","Saint Louis","MO","63123",0,"Automatic","None","Not on Hold","Fair Shares - Thursday - Thursday","Debit on Delivery",0,0,0,2026-08-20,2026-08-27,NA,2026-08-28,389
2026-03-27 07:47:22,2019-05-17,"1 BYO - No Share, Order Only (Weekly Shares)","Combined CSA","Fair Shares Wednesday Pickup","St. Louis","MO","63112",0,NA,"None","Not on Hold","Fair Shares - Wednesday  - Wednesday","Debit on Delivery",0,0,0,2019-05-23,2019-10-03,NA,2026-08-28,323
2026-04-29 18:39:25,2024-02-23,"1 (BYO) UCG - Orders Only","Combined CSA","UCity Pickup","St Louis","MO","63146",193.45,"Automatic","None","Not on Hold","UCity - Wednesday","Debit on Delivery",0,0,0,2024-02-28,2026-02-25,NA,2026-08-28,1052
2021-08-02 08:55:36,2021-03-18,"1  (BYO) FSG - Orders Only","Combined CSA","Fair Shares Thursday Pickup","Saint Louis","MO","63139",0,"Automatic","None","Hold","Fair Shares - Thursday - Thursday","Debit on Delivery",0,0,0,2021-03-25,2021-07-29,NA,2026-08-28,1001
2026-08-27 02:43:44,2023-05-20,"1 Mini (Weekly Shares)","Combined CSA","FSMini-w","Ballwin","MO","63021",139.18,"Automatic","None","Not on Hold","Fair Shares - Wednesday  - Wednesday","$150",0,0,0,2023-05-25,2026-08-26,NA,2026-08-28,1968
2025-01-19 20:39:32,2019-07-09,"1 (BYO) UCG - Orders Only","Combined CSA","UCity Pickup","St. Louis","MO","63132",9.68,"Automatic","None","Not on Hold","UCity - Wednesday","Debit on Delivery",0,0,0,2019-07-10,2025-01-15,NA,2026-08-28,691
2025-04-02 10:39:49,2019-04-14,"1  (BYO) FSG - Orders Only","Combined CSA","Fair Shares Thursday Pickup","St. Louis","MO","63119",181.95,"Automatic","None","Not on Hold","Fair Shares - Thursday - Thursday",NA,0,0,0,2019-04-18,2025-03-06,NA,2026-08-28,276
2026-08-28 02:35:58,2017-07-18,"1 FSA/FSD","Combined CSA","FSD","St. Louis","MO","63119",463.03,"Automatic","None","Not on Hold","Fair Shares - Thursday - Thursday","$600",0,0,0,2017-08-16,2026-08-27,NA,2026-08-28,11
2026-08-27 04:00:44,2021-03-23,"1 Mini (Weekly Shares)","Combined CSA","UCM","St Louis","MO","63132",157.61,"Automatic","None","Not on Hold","UCity - Wednesday","$150",0,0,0,2021-03-24,2026-08-26,NA,2026-08-28,207
2026-08-28 02:35:58,2026-07-03,"1 Mini (Weekly Shares)","Combined CSA","FSMini-t","Maplewood","MO","63143",111.31,"Automatic","None","Not on Hold","Fair Shares - Thursday - Thursday","$150",0,0,0,2026-07-09,2026-08-27,NA,2026-08-28,329
2026-03-27 07:44:06,2019-11-02,"1  (BYO) FSG - Orders Only","Combined CSA","Fair Shares Wednesday Pickup","St. Louis","MO","63116",0,"Automatic","None","Not on Hold","Fair Shares - Wednesday  - Wednesday","Debit on Delivery",0,0,0,2019-11-06,2022-06-29,NA,2026-08-28,1623
2026-07-10 03:54:16,2017-07-20,"1  (BYO) FSG - Orders Only","Combined CSA","Fair Shares Wednesday Pickup","St. Louis","MO","63144",0,"Automatic","None","Not on Hold","Fair Shares - Wednesday  - Wednesday","Debit on Delivery",0,0,0,2017-08-24,2026-07-09,NA,2026-08-28,88
2026-04-20 13:34:15,2020-08-09,"1  (BYO) FSG - Orders Only","Combined CSA","Fair Shares Wednesday Pickup","St. Louis","MO","63110",0.01,"Automatic","Green","Not on Hold","Fair Shares - Wednesday  - Wednesday","Debit on Delivery",0,0,0,2020-08-12,2023-02-01,NA,2026-08-28,460
2023-06-09 03:53:56,2021-06-30,"1  (BYO) FSG - Orders Only","Combined CSA","Fair Shares Thursday Pickup","St Louis","MO","63123",0,"Automatic","Green Purple","Not on Hold","Fair Shares - Thursday - Thursday","Debit on Delivery",0,0,0,2021-07-08,2023-06-08,NA,2026-08-28,1327
2026-03-27 08:03:19,2017-07-18,"1 BYO - No Share, Order Only (Weekly Shares)","Combined CSA","Fair Shares Wednesday Pickup","St. Louis","MO","63139",0,NA,"Purple","Hold","Fair Shares - Wednesday  - Wednesday","Debit on Delivery",0,0,0,2017-08-16,2018-07-18,NA,2026-08-28,388
2026-08-27 02:43:44,2017-07-18,"1 Half (Half Share - ODD week), 1 No Produce - Order Only (even wk)","Combined CSA","FSB","St. Louis","MO","63110",80.26,"Automatic","Orange","Not on Hold","Fair Shares - Wednesday  - Wednesday","$150",0,0,0,2017-08-23,2026-08-26,NA,2026-08-28,732
2026-08-27 04:00:46,2017-07-20,"1 Half (Half Share - ODD week), 1 Whole MILK-o","Combined CSA","FSB","St. Louis","MO","63110",245.67,"Automatic","Blue Orange","Not on Hold","Fair Shares - Wednesday  - Wednesday","$300",0,0,0,2017-08-17,2026-08-26,NA,2026-08-28,1534
2026-04-02 11:03:51,2017-07-20,"1  (BYO) FSG - Orders Only","Combined CSA","Fair Shares Thursday Pickup","St. Louis","MO","63108",0,"Automatic","None","Not on Hold","Fair Shares - Thursday - Thursday","Debit on Delivery",0,0,0,2017-08-17,2026-02-26,NA,2026-08-28,550
2026-08-21 02:36:06,2024-03-07,"1 Half (Half Share - ODD week)","Combined CSA","FSE","St. Louis","MO","63118",95.67,"Automatic","Orange","Not on Hold","Fair Shares - Thursday - Thursday","$150",0,0,0,2024-04-04,2026-08-20,NA,2026-08-28,1752
2026-05-14 15:29:35,2023-04-29,"1 (BYO) KWG - Orders Only (Weekly Shares)","Combined CSA","Kirkwood Pickup","Kirkwood","MO","63122",61.23,"Automatic","Orange","Hold","Kirkwood - Thursday","Debit on Delivery",0,0,0,2023-05-04,2026-04-30,NA,2026-08-28,1684
2026-07-08 10:33:36,2026-06-15,"1 Guest Access","Combined CSA","UCity Pickup","St. Louis","MO","63130",0,"Automatic","None","Not on Hold","UCity - Wednesday","Debit on Delivery",0,0,0,2026-06-17,2026-07-08,NA,2026-08-28,347
2026-03-27 07:45:46,2019-07-27,"1 BYO - No Share, Order Only (Weekly Shares)","Combined CSA","Fair Shares Wednesday Pickup","Saint Louis","MO","63116",0,NA,"Purple","Not on Hold","Fair Shares - Wednesday  - Wednesday","Debit on Delivery",0,0,0,2019-07-31,2020-06-17,NA,2026-08-28,1974
2026-08-27 04:00:43,2017-07-18,"1 Mini (Weekly Shares)","Combined CSA","FSMini-w","St. Louis","MO","63126",218.7,"Automatic","None","Not on Hold","Fair Shares - Wednesday  - Wednesday","$150",0,0,0,2017-08-16,2026-08-26,NA,2026-08-28,1162
2026-05-14 02:27:41,2023-11-20,"1  (BYO) FSG - Orders Only","Combined CSA","Fair Shares Wednesday Pickup","St. Louis","MO","63116",0,"Automatic","Payment Purple","Hold","Fair Shares - Wednesday  - Wednesday","Debit on Delivery",0,0,0,2023-11-29,2026-02-25,NA,2026-08-28,1789
2026-08-27 02:43:44,2021-05-06,"1 UCA/KWA","Combined CSA","UCA","CHESTERFIELD","MO","63017",452.68,"Automatic","Green","Not on Hold","UCity - Wednesday","$600",0,0,0,2021-05-12,2026-08-26,NA,2026-08-28,1048
2026-03-27 07:25:56,2020-09-30,"1  (BYO) FSG - Orders Only","Combined CSA","Fair Shares Wednesday Pickup","St. Louis","MO","63139",0,"Automatic","Green Orange","Not on Hold","Fair Shares - Wednesday  - Wednesday","Debit on Delivery",0,0,0,2020-10-07,2021-07-28,NA,2026-08-28,343
2025-11-02 10:09:12,2023-09-29,"1 (BYO) KWG - Orders Only (Weekly Shares)","Combined CSA","Kirkwood Pickup","Saint louis","MO","63127",0,"Automatic","None","Not on Hold","Kirkwood - Thursday","Debit on Delivery",0,0,0,2023-11-09,2024-04-11,NA,2026-08-28,1050
2022-09-16 03:54:39,2021-05-03,"1  (BYO) FSG - Orders Only","Combined CSA","Fair Shares Thursday Pickup","St Louis","MO","63116",0,"Automatic","None","Not on Hold","Fair Shares - Thursday - Thursday","Debit on Delivery",0,0,0,2021-05-06,2022-09-15,NA,2026-08-28,1247
2026-08-28 02:35:58,2023-09-25,"1 Half (Half Share - EVEN week)","Combined CSA","FSE","Saint Louis","MO","63122",112.58,"Automatic","Green Purple","Not on Hold","Fair Shares - Thursday - Thursday","$150",0,0,0,2023-09-28,2026-08-27,NA,2026-08-28,657
2026-02-18 19:03:24,2020-03-29,"1 (BYO) UCG - Orders Only","Combined CSA","UCity Pickup","Creve Coeur","MO","63141",0,"Automatic","None","Not on Hold","UCity - Wednesday","Debit on Delivery",0,0,0,2020-04-01,2026-02-11,NA,2026-08-28,981
2026-08-28 02:35:58,2025-09-14,"1 Half (Half Share - EVEN week)","Combined CSA","FSE","St. Louis","MO","63122-3952",81.85,"Automatic","Purple","Not on Hold","Fair Shares - Thursday - Thursday","$150",0,0,0,2025-10-23,2026-08-27,NA,2026-08-28,875
2026-04-08 09:27:15,2020-04-27,"1 Half (Half Share - EVEN week)","Combined CSA","FSB","St Louis","MO","63118",0,"Automatic","Purple","Hold","Fair Shares - Wednesday  - Wednesday","Debit on Delivery",0,0,0,2020-05-06,2026-02-25,NA,2026-08-28,1364
2026-08-28 02:35:58,2017-07-18,"1 Mini (Weekly Shares)","Combined CSA","UCM","St. Louis","MO","63130",373.38,"Automatic","None","Not on Hold","UCity - Wednesday","$300",0,0,0,2017-08-16,2026-08-26,NA,2026-08-28,1689
2026-08-27 04:00:33,2017-07-18,"1 Cream pint (Half Share - EVEN week), 1 Whole MILK-e, 1 Plain yogurt, 1 Eggs - Buttonwood (Half Share - EVEN week), 1 (BYO) UCG - Orders Only","Combined CSA","UCity Pickup","St. Louis","MO","63121",0,"Automatic","Payment","Not on Hold","UCity - Wednesday","Debit on Delivery",0,0,0,2017-08-16,2026-08-26,NA,2026-08-28,225
2026-08-20 02:43:55,2022-06-10,"1 (BYO) UCG - Orders Only","Combined CSA","UCity Pickup","University City","MO","63130",0.97,"Automatic","None","Not on Hold","UCity - Wednesday","Debit on Delivery",0,0,0,2022-06-15,2026-08-19,NA,2026-08-28,98
2025-07-24 04:02:01,2025-01-29,"1  (BYO) FSG - Orders Only","Combined CSA","Fair Shares Wednesday Pickup","St. Charles","MO","63301",0,"Automatic","Orange","Not on Hold","Fair Shares - Wednesday  - Wednesday","Debit on Delivery",0,0,0,2025-02-05,2025-07-23,NA,2026-08-28,233
2026-08-28 02:35:58,2024-05-30,"1 Mini (Weekly Shares)","Combined CSA","FSMini-t","St. louis","MO","63116",108.71,"Automatic","None","Not on Hold","Fair Shares - Thursday - Thursday","$150",0,0,0,2024-06-06,2026-08-27,NA,2026-08-28,39
2023-11-23 02:28:11,2017-07-18,"1 (BYO) UCG - Orders Only","Combined CSA","UCity Pickup","St. Louis","MO","63130",66.91,"Automatic","Blue Orange","Not on Hold","UCity - Wednesday","Debit on Delivery",0,0,0,2017-08-16,2023-11-22,NA,2026-08-28,483
2026-08-27 02:43:44,2026-04-06,"1 Half (Half Share - EVEN week)","Combined CSA","UCB","St. Louis","MO","63105",131.41,"Automatic","Purple","Not on Hold","UCity - Wednesday","$300",0,0,0,2026-05-06,2026-08-26,NA,2026-08-28,639
2026-08-28 02:35:58,2018-06-02,"1 No Produce - Order Only (odd wk), 1 Half (Half Share - EVEN week)","Combined CSA","FSE","St Louis","MO","63104",118.93,"Automatic","Blue Purple","Not on Hold","Fair Shares - Thursday - Thursday","$150",0,0,0,2018-06-07,2026-08-27,NA,2026-08-28,493
2026-01-22 03:56:39,2024-08-20,"1 (BYO) UCG - Orders Only","Combined CSA","UCity Pickup","St. Louis","MO","63112",0,"Automatic","Orange","Not on Hold","UCity - Wednesday","Debit on Delivery",0,0,0,2024-08-28,2026-01-21,NA,2026-08-28,202
2026-08-21 03:55:48,2025-01-18,"1 Half (Half Share - ODD week)","Combined CSA","FSE","Saint Louis","MO","63109",140.07,"Automatic","Orange","Not on Hold","Fair Shares - Thursday - Thursday","$150",0,0,0,2025-01-22,2026-08-20,NA,2026-08-28,281
2026-05-05 11:54:21,2025-05-13,"1  (BYO) FSG - Orders Only","Combined CSA","Fair Shares Thursday Pickup","St. Louis","MO","63110",34.59,"Automatic","None","Hold","Fair Shares - Thursday - Thursday","Debit on Delivery",0,0,0,2025-05-22,2026-04-30,NA,2026-08-28,970
2026-05-22 10:24:30,2026-04-08,"1 Guest Access","Combined CSA","Fair Shares Wednesday Pickup","Saint Louis","MO","63116",0,"Automatic","None","Not on Hold","Fair Shares - Wednesday  - Wednesday","Debit on Delivery",0,0,0,2026-04-29,2026-05-13,NA,2026-08-28,342
2026-08-27 02:43:44,2022-07-14,"1 Mini (Weekly Shares)","Combined CSA","FSMini-w","St. Louis","MO","63110",129.21,"Automatic","Green","Not on Hold","Fair Shares - Wednesday  - Wednesday","$150",0,0,0,2022-07-20,2026-08-26,NA,2026-08-28,883
2020-12-18 02:32:43,2017-07-18,"1 BYO - No Share, Order Only (Weekly Shares)","Combined CSA","Fair Shares Thursday Pickup","St. Louis","MO","63110",-287.01,NA,"Orange","Not on Hold","Fair Shares - Thursday - Thursday","Debit on Delivery",0,0,0,2017-08-24,2020-12-17,NA,2026-08-28,1731
2026-08-20 04:00:12,2017-07-20,"1  (BYO) FSG - Orders Only","Combined CSA","Fair Shares Wednesday Pickup","St. Louis","MO","63119",0,"Automatic","None","Not on Hold","Fair Shares - Wednesday  - Wednesday","Debit on Delivery",0,0,0,2017-08-17,2026-08-19,NA,2026-08-28,837
2026-05-04 08:03:03,2017-07-18,"1  (BYO) FSG - Orders Only","Combined CSA","Fair Shares Thursday Pickup","St. Louis","MO","63139",0,"Automatic","None","Hold","Fair Shares - Thursday - Thursday","Debit on Delivery",0,0,0,2017-08-24,2026-02-26,NA,2026-08-28,845
2023-09-24 13:36:48,2023-05-07,"1  (BYO) FSG - Orders Only","Combined CSA","Fair Shares Thursday Pickup","Saint Louis","MO","63116",0.07,"Automatic","Green","Not on Hold","Fair Shares - Thursday - Thursday","Debit on Delivery",0,0,0,2023-05-11,2023-09-21,NA,2026-08-28,1542
2026-04-26 22:23:39,2021-12-12,"1  (BYO) FSG - Orders Only","Combined CSA","Fair Shares Wednesday Pickup","St. Louis","MO","63110",0,"Automatic","None","Hold","Fair Shares - Wednesday  - Wednesday","Debit on Delivery",0,0,0,2021-12-15,2026-02-25,NA,2026-08-28,406
2026-08-28 03:54:31,2026-07-05,"1 FSA/FSD","Combined CSA","FSA","St. Louis","MO","63131",0,"Automatic","Payment","Not on Hold","Fair Shares - Wednesday  - Wednesday","Debit on Delivery",0,0,0,2026-07-08,2026-08-26,NA,2026-08-28,763
2026-08-27 04:00:44,2026-04-18,"1 Mini (Weekly Shares)","Combined CSA","UCM","Maplewood","MO","63143",190.5,"Automatic","None","Not on Hold","UCity - Wednesday","$150",0,0,0,2026-04-30,2026-08-26,NA,2026-08-28,824
2026-03-27 08:05:08,2017-07-18,"1 BYO - No Share, Order Only (Weekly Shares)","Combined CSA","Fair Shares Wednesday Pickup","St. Louis","MO","63119",0,NA,"None","Hold","Fair Shares - Wednesday  - Wednesday","Debit on Delivery",0,0,0,2017-08-16,2019-05-29,NA,2026-08-28,280
2024-03-06 13:24:24,2021-08-11,"1  (BYO) FSG - Orders Only","Combined CSA","Fair Shares Thursday Pickup","St. Louis","MO","63103",2.08,"Automatic","Green Purple","Not on Hold","Fair Shares - Thursday - Thursday","Debit on Delivery",0,0,0,2021-08-19,2024-02-22,NA,2026-08-28,1809
2026-03-27 08:06:22,2017-07-18,"1  (BYO) FSG - Orders Only","Combined CSA","Fair Shares Wednesday Pickup","St. Louis","MO","63104",0,"Automatic","Orange","Not on Hold","Fair Shares - Wednesday  - Wednesday",NA,0,0,0,2017-08-17,2024-06-12,NA,2026-08-28,581
2026-08-27 04:00:41,2017-07-18,"1 UCA/KWA","Combined CSA","UCA","St. Louis","MO","63103",666.75,"Automatic","None","Not on Hold","UCity - Wednesday","$600",0,0,0,2017-08-16,2026-08-26,NA,2026-08-28,1030
2026-05-14 15:30:36,2020-04-14,"1 (BYO) KWG - Orders Only (Weekly Shares)","Combined CSA","Kirkwood Pickup","Kirkwood","MO","63122",0,"Automatic","None","Hold","Kirkwood - Thursday","Debit on Delivery",0,0,0,2020-04-23,2026-02-26,NA,2026-08-28,1903
2026-03-30 18:17:30,2021-10-13,"1  (BYO) FSG - Orders Only","Combined CSA","Fair Shares Wednesday Pickup","St. Louis","MO","63125",16.9,"Automatic","None","Not on Hold","Fair Shares - Wednesday  - Wednesday","Debit on Delivery",0,0,0,2021-10-20,2023-05-03,NA,2026-08-28,1658
2026-08-21 02:36:06,2017-07-20,"1 BYO - No Share, Order Only (Weekly Shares)","Combined CSA","Fair Shares Thursday Pickup","St. Louis","63116","63110",108.78,"Automatic","None","Not on Hold","Fair Shares - Thursday - Thursday","$150",0,0,0,2017-09-14,2026-08-20,NA,2026-08-28,856
2026-08-13 03:58:33,2017-07-18,"1 Whole MILK, 1 Mini (Weekly Shares)","Combined CSA","UCM","St. Louis","MO","63130",374.58,"Automatic","None","Not on Hold","UCity - Wednesday","$300",0,0,0,2017-08-16,2026-08-12,NA,2026-08-28,520
2026-08-27 04:00:52,2017-07-18,"1 Half (Half Share - EVEN week)","Combined CSA","FSB","St. Louis","MO","63118",139.64,"Automatic","Purple","Not on Hold","Fair Shares - Wednesday  - Wednesday","$150",0,0,0,2017-08-16,2026-08-26,NA,2026-08-28,544
2026-08-27 04:00:47,2026-07-29,"1 Mini (Weekly Shares)","Combined CSA","FSMini-w","St. Louis","MO","63104",186.15,"Automatic","None","Not on Hold","Fair Shares - Wednesday  - Wednesday","$150",0,0,0,2026-08-05,2026-08-26,NA,2026-08-28,465
2026-08-28 02:35:58,2017-07-20,"1 Mini (Weekly Shares)","Combined CSA","FSMini-t","St. Louis","63109","63103",103.18,"Automatic","None","Not on Hold","Fair Shares - Thursday - Thursday","$300",0,0,0,2017-08-17,2026-08-27,NA,2026-08-28,1622
2026-08-28 03:54:19,2023-12-29,"1 Whole MILK-o, 1 FSA/FSD","Combined CSA","FSD","Saint Louis","MO","63104",310.91,"Automatic","None","Not on Hold","Fair Shares - Thursday - Thursday","$300",0,0,0,2024-01-04,2026-08-27,NA,2026-08-28,364
2026-03-27 07:18:17,2021-04-07,"1  (BYO) FSG - Orders Only","Combined CSA","Fair Shares Wednesday Pickup","St. Louis","MO","63122",0,"Automatic","None","Not on Hold","Fair Shares - Wednesday  - Wednesday","Debit on Delivery",0,0,0,2021-04-14,2022-02-16,NA,2026-08-28,1228
2026-08-20 04:00:52,2017-07-18,"1 Half (Half Share - ODD week), 1 No Produce - Order Only (even wk)","Combined CSA","FSB","St. Louis","MO","63110",163.18,"Automatic","Orange","Not on Hold","Fair Shares - Wednesday  - Wednesday","$150",0,0,0,2017-08-23,2026-08-19,NA,2026-08-28,291
2026-02-06 02:18:02,2020-04-27,"1  (BYO) FSG - Orders Only","Combined CSA","Fair Shares Thursday Pickup","Ballwin","MO","63011",0.15,"Automatic","None","Not on Hold","Fair Shares - Thursday - Thursday","Debit on Delivery",0,0,0,2020-04-30,2026-02-05,NA,2026-08-28,1277
2026-07-16 04:00:06,2023-11-29,"1 Half (Half Share - EVEN week)","Combined CSA","FSB","St.Louis","MO","63125",157.32,"Automatic","Purple","Not on Hold","Fair Shares - Wednesday  - Wednesday","$150",0,0,0,2023-12-07,2026-07-15,NA,2026-08-28,1602
2023-01-16 09:59:32,2019-12-29,"1  (BYO) FSG - Orders Only","Combined CSA","Kirkwood Pickup","Kirkwood","MO","63122",0.02,"Automatic","Orange","Not on Hold","Kirkwood - Thursday","Debit on Delivery",0,0,0,2020-01-09,2022-12-15,NA,2026-08-28,1208
2026-08-27 04:00:51,2026-08-23,"1 Guest Access, 1 Half (ONCE 2026-09-09)","Combined CSA","FSB","Saint Louis","MO","63116",0,"Automatic","None","Not on Hold","Fair Shares - Wednesday  - Wednesday","Debit on Delivery",0,0,0,2026-08-26,2026-08-26,NA,2026-08-28,542
2026-06-26 03:54:21,2025-10-20,"1 (BYO) KWG - Orders Only (Weekly Shares)","Combined CSA","Kirkwood Pickup","Manchester","MO","63021",0,"Automatic","None","Not on Hold","Kirkwood - Thursday","Debit on Delivery",0,0,0,2025-10-23,2026-06-25,NA,2026-08-28,615
2026-08-28 03:54:33,2017-07-20,"1 Whole MILK-e, 1 Half (Half Share - EVEN week)","Combined CSA","FSE","Ballwin","MO","63021",115.83,"Automatic","Blue Purple","Not on Hold","Fair Shares - Thursday - Thursday","$150",0,0,0,2017-08-17,2026-08-27,NA,2026-08-28,1353
2026-08-28 03:54:27,2026-05-20,"1 Mini (Weekly Shares)","Combined CSA","KWM","Ballwin","MO","63021",196.55,"Automatic","None","Not on Hold","Kirkwood - Thursday","$150",0,0,0,2026-05-28,2026-08-27,NA,2026-08-28,452
2021-03-22 09:08:32,2020-07-29,"1  (BYO) FSG - Orders Only","Combined CSA","Fair Shares Thursday Pickup","St Louis","MO","63104",0,"Automatic","None","Not on Hold","Fair Shares - Thursday - Thursday","Debit on Delivery",0,0,0,2020-08-06,2021-02-25,NA,2026-08-28,1926
2026-07-31 03:54:04,2020-05-14,"1  (BYO) FSG - Orders Only","Combined CSA","Fair Shares Thursday Pickup","St. Louis","MO","63110",0,"Automatic","None","Not on Hold","Fair Shares - Thursday - Thursday","Debit on Delivery",0,0,0,2020-05-21,2026-07-30,NA,2026-08-28,533
2026-08-28 03:54:18,2026-05-07,"1 Half (Half Share - EVEN week)","Combined CSA","FSE","St. Louis","MO","63109",148.39,"Automatic","Purple","Not on Hold","Fair Shares - Thursday - Thursday","$150",0,0,0,2026-05-14,2026-08-27,NA,2026-08-28,756
2022-01-11 13:33:14,2020-04-25,"1 BYO - No Share, Order Only (Weekly Shares)","Combined CSA","Fair Shares Wednesday Pickup","Saint Louis","MO","63116",0,"Automatic","None","Not on Hold","Fair Shares - Wednesday  - Wednesday","Debit on Delivery",0,0,0,2020-04-30,2022-01-05,NA,2026-08-28,686
2022-09-02 10:24:39,2021-09-30,"1 (BYO) UCG - Orders Only","Combined CSA","UCity Pickup","Saint Louis","MO","63109",0,NA,"Green","Not on Hold","UCity - Wednesday","Debit on Delivery",0,0,0,2021-10-13,2022-08-31,NA,2026-08-28,112
2026-04-08 15:46:43,2024-04-13,"1 (BYO) UCG - Orders Only","Combined CSA","UCity Pickup","Saint Ann","MO","63074",8.28,"Automatic","None","Not on Hold","UCity - Wednesday","Debit on Delivery",0,0,0,2024-04-17,2026-02-25,NA,2026-08-28,859
2026-08-28 03:54:26,2021-03-04,"1 (BYO) KWG - Orders Only (Weekly Shares)","Combined CSA","Kirkwood Pickup","St. Louis","MO","63128",0,"Automatic","Green","Not on Hold","Kirkwood - Thursday","Debit on Delivery",0,0,0,2021-03-25,2026-08-27,NA,2026-08-28,196
2026-04-20 13:30:45,2021-03-05,"1 BYO - No Share, Order Only (Weekly Shares)","Combined CSA","UCity Pickup","Florissant","MO","63034",0,"Automatic","None","Not on Hold","UCity - Wednesday","Debit on Delivery",0,0,0,2021-03-24,2026-02-04,NA,2026-08-28,1846
2024-08-02 03:57:24,2017-07-20,"1  (BYO) FSG - Orders Only","Combined CSA","Fair Shares Thursday Pickup","St. Louis","MO","63110",0,"Automatic","None","Not on Hold","Fair Shares - Thursday - Thursday","Debit on Delivery",0,0,0,2017-08-17,2024-08-01,NA,2026-08-28,1351
2025-07-04 09:48:08,2025-04-11,"1 (BYO) KWG - Orders Only (Weekly Shares)","Combined CSA","Kirkwood Pickup","Saint louis","MO","63127",91.31,"Automatic","None","Not on Hold","Kirkwood - Thursday","Debit on Delivery",0,0,0,2025-04-17,2025-07-03,NA,2026-08-28,189
2026-03-27 07:37:09,2020-04-12,"1  (BYO) FSG - Orders Only","Combined CSA","Fair Shares Wednesday Pickup","Maplewood","MO","63143",0,"Automatic","Green Orange","Not on Hold","Fair Shares - Wednesday  - Wednesday","Debit on Delivery",0,0,0,2020-04-16,2021-11-17,NA,2026-08-28,1836
2026-08-28 03:54:28,2017-08-11,"1 Mini (Weekly Shares)","Combined CSA","FSMini-t","St. Louis","MO","63104",197.67,"Automatic","None","Not on Hold","Fair Shares - Thursday - Thursday","$150",0,0,0,2017-08-17,2026-08-27,NA,2026-08-28,1652
2025-06-27 02:39:56,2021-08-14,"1 (BYO) KWG - Orders Only (Weekly Shares)","Combined CSA","Kirkwood Pickup","Kirkwood","MO","63122",153.95,"Automatic","None","Not on Hold","Kirkwood - Thursday","Debit on Delivery",0,0,0,2021-08-19,2025-06-26,NA,2026-08-28,530
2025-02-27 03:55:03,2024-01-05,"1 (BYO) UCG - Orders Only","Combined CSA","UCity Pickup","Saint Louis","MO","63132",0,"Automatic","None","Not on Hold","UCity - Wednesday","Debit on Delivery",0,0,0,2024-01-10,2025-02-26,NA,2026-08-28,1845
2026-08-02 02:07:21,2020-04-14,"1 (BYO) KWG - Orders Only (Weekly Shares)","Combined CSA","Kirkwood Pickup","Chesterfield","MO","63017",0,"Automatic","Payment Orange","Not on Hold","Kirkwood - Thursday","Debit on Delivery",0,0,0,2020-04-15,2026-07-30,NA,2026-08-28,1545
2026-03-27 07:43:03,2020-01-20,"1  (BYO) FSG - Orders Only","Combined CSA","Fair Shares Wednesday Pickup","St louis","MO","63110",0,NA,"Purple","Not on Hold","Fair Shares - Wednesday  - Wednesday","Debit on Delivery",0,0,0,2020-01-22,2020-09-30,NA,2026-08-28,571
2026-04-06 13:31:35,2024-12-28,"1 BYO - No Share, Order Only (Weekly Shares)","Combined CSA","Kirkwood Pickup","Kirkwood","MO","63122",0,"Automatic","None","Not on Hold","Kirkwood - Thursday","Debit on Delivery",0,0,0,2025-01-16,2026-02-26,NA,2026-08-28,239
2026-08-28 02:35:58,2021-04-04,"1 FSA/FSD","Combined CSA","FSD","St. Louis","MO","63105",78.59,"Automatic","Green","Not on Hold","Fair Shares - Thursday - Thursday","$300",0,0,0,2021-04-08,2026-08-27,NA,2026-08-28,502
2026-02-25 11:04:25,2026-02-20,"1 Two Week Trial of Full Share","Combined CSA","2 Wk Trial at FS Mothership Wednesday","St. Louis","MO","63116",0,"Automatic","None","Hold","Fair Shares Trial Wednesday - Wednesday","Debit on Delivery",0,0,0,NA,NA,NA,2026-08-28,853
2026-03-27 08:07:55,2017-07-18,"1 BYO - No Share, Order Only (Weekly Shares)","Combined CSA","Fair Shares Wednesday Pickup","St. Louis","MO","63110",0,NA,"Orange","Hold","Fair Shares - Wednesday  - Wednesday","Debit on Delivery",0,0,0,2017-08-23,2019-04-17,NA,2026-08-28,191
2026-08-21 02:36:06,2017-07-18,"1 Half (Half Share - ODD week)","Combined CSA","FSE","St. Louis","MO","63119",286.46,"Automatic","Orange","Not on Hold","Fair Shares - Thursday - Thursday","$300",0,0,0,2017-08-16,2026-08-20,NA,2026-08-28,245
2026-03-27 08:08:23,2017-07-18,"1 BYO - No Share, Order Only (Weekly Shares)","Combined CSA","Fair Shares Wednesday Pickup","St. Louis","MO","63108",0,NA,"None","Hold","Fair Shares - Wednesday  - Wednesday","Debit on Delivery",0,0,0,2017-08-16,2019-01-23,NA,2026-08-28,1772
2026-08-20 02:43:55,2026-07-09,"1 Half (Half Share - ODD week)","Combined CSA","FSB","St. Louis","MO","63118",126.7,"Automatic","Orange","Not on Hold","Fair Shares - Wednesday  - Wednesday","$150",0,0,0,2026-07-15,2026-08-19,NA,2026-08-28,431
2026-05-14 02:27:41,2017-07-20,"1  (BYO) FSG - Orders Only","Combined CSA","Fair Shares Wednesday Pickup","St. Louis","MO","63141",0,"Automatic","Payment","Not on Hold","Fair Shares - Wednesday  - Wednesday","Debit on Delivery",0,0,0,2017-08-17,2025-11-26,NA,2026-08-28,572
2026-08-21 02:36:06,2019-02-05,"1 Half (Half Share - ODD week)","Combined CSA","FSE","St. Louis","MO","63118",99.29,"Automatic","Orange","Not on Hold","Fair Shares - Thursday - Thursday","$150",0,0,0,2019-02-07,2026-08-20,NA,2026-08-28,1271
2020-08-21 11:39:03,2020-04-16,"1 (BYO) UCG - Orders Only","Combined CSA","UCity Pickup","University City","MO","63130",0,NA,"None","Not on Hold","UCity - Wednesday",NA,0,0,0,2020-04-22,2020-08-05,NA,2026-08-28,1065
2026-08-14 02:35:38,2017-07-20,"1 BYO - No Share, Order Only (Weekly Shares)","Combined CSA","Fair Shares Thursday Pickup","St. Louis","MO","63123",152.26,"Automatic","None","Not on Hold","Fair Shares - Thursday - Thursday","$150",0,0,0,2017-09-07,2026-08-13,NA,2026-08-28,616
2020-11-30 08:35:27,2020-06-19,"1  (BYO) FSG - Orders Only","Combined CSA","Fair Shares Thursday Pickup","St. Louis","MO","63135",0,"Automatic","Green","Not on Hold","Fair Shares - Thursday - Thursday","Debit on Delivery",0,0,0,2020-06-25,2020-11-26,NA,2026-08-28,1875
2023-01-13 03:50:52,2021-01-30,"1 (BYO) KWG - Orders Only (Weekly Shares)","Combined CSA","Kirkwood Pickup","Webster Groves","MO","63119",0,"Automatic","Blue Orange","Not on Hold","Kirkwood - Thursday","Debit on Delivery",0,0,0,2021-02-04,2023-01-12,NA,2026-08-28,283
2026-08-28 02:35:58,2017-08-24,"1 Half (Half Share - EVEN week)","Combined CSA","FSE","Saint Louis","MO","63129",107.37,"Automatic","Purple","Not on Hold","Fair Shares - Thursday - Thursday","$150",0,0,0,2017-09-14,2026-08-27,NA,2026-08-28,1440
2026-08-20 04:00:47,2024-10-30,"1 Half (Half Share - EVEN week)","Combined CSA","UCB","Saint Louis","MO","63124",224.98,"Automatic","Purple","Temp Hold","UCity - Wednesday","$150",0,0,0,2024-11-06,2026-08-19,NA,2026-08-28,866
2026-03-30 10:31:17,2017-07-18,"1 BYO - No Share, Order Only (Weekly Shares)","Combined CSA","Fair Shares Thursday Pickup","Maryland Heights","MO","63043",0.01,"Automatic","None","Not on Hold","Fair Shares - Thursday - Thursday","Debit on Delivery",0,0,0,2017-08-16,2017-09-13,NA,2026-08-28,1497
2021-11-25 03:53:35,2020-04-08,"1  (BYO) FSG - Orders Only","Combined CSA","Fair Shares Wednesday Pickup","St. Louis","MO","63116",0,"Automatic","Orange","Not on Hold","Fair Shares - Wednesday  - Wednesday","Debit on Delivery",0,0,0,2020-04-15,2021-11-24,NA,2026-08-28,1885
2026-08-28 02:35:58,2020-05-16,"1 UCA/KWA","Combined CSA","KWA","Sunset Hills","MO","63127",323.66,"Automatic","Green","Not on Hold","Kirkwood - Thursday","$600",0,0,0,2020-05-21,2026-08-27,NA,2026-08-28,1386
2026-03-27 07:41:59,2020-02-28,"1  (BYO) FSG - Orders Only","Combined CSA","Fair Shares Wednesday Pickup","Saint Louis","MO","63146",0,"Automatic","Purple","Not on Hold","Fair Shares - Wednesday  - Wednesday","Debit on Delivery",0,0,0,2020-03-25,2023-11-22,NA,2026-08-28,1788
2020-09-04 04:03:31,2020-06-15,"1  (BYO) FSG - Orders Only","Combined CSA","Fair Shares Thursday Pickup","St Louis","MO","63110",0,"Automatic","Green","Not on Hold","Fair Shares - Thursday - Thursday","Debit on Delivery",0,0,0,2020-06-18,2020-09-03,NA,2026-08-28,1064
2026-04-02 13:04:36,2024-12-01,"1  (BYO) FSG - Orders Only","Combined CSA","Fair Shares Thursday Pickup","St. Louis","MO","63118",124.59,"Automatic","None","Not on Hold","Fair Shares - Thursday - Thursday","Debit on Delivery",0,0,0,2024-12-05,2026-02-26,NA,2026-08-28,997
2026-08-28 02:35:58,2017-07-18,"1 Mini (Weekly Shares)","Combined CSA","FSMini-w","Glendale","MO","63122",348.64,"Automatic","None","Not on Hold","Fair Shares - Wednesday  - Wednesday","$300",0,0,0,2017-08-16,2026-08-26,NA,2026-08-28,1154
2024-12-05 17:43:18,2017-07-18,"1 (BYO) UCG - Orders Only","Combined CSA","UCity Pickup","St. Louis","MO","63105",0,"Automatic","None","Not on Hold","UCity - Wednesday","Debit on Delivery",0,0,0,2017-08-16,2022-06-01,NA,2026-08-28,1420
2025-08-24 10:01:47,2021-08-05,"1  (BYO) FSG - Orders Only","Combined CSA","Fair Shares Wednesday Pickup","Clayton","MO","63105",212.92,"Automatic","Green","Not on Hold","Fair Shares - Wednesday  - Wednesday","Debit on Delivery",0,0,0,2021-08-11,2025-08-20,NA,2026-08-28,1393
2026-04-20 13:46:02,2019-09-20,"1  (BYO) FSG - Orders Only","Combined CSA","Fair Shares Wednesday Pickup","St. Louis","MO","63109",0.01,"Automatic","None","Not on Hold","Fair Shares - Wednesday  - Wednesday","Debit on Delivery",0,0,0,2019-09-25,2021-07-28,NA,2026-08-28,1337
2026-08-27 04:00:32,2020-03-28,"1 Half (Half Share - EVEN week)","Combined CSA","FSB","Saint Louis","MO","63116",184.75,"Automatic","Green Purple","Not on Hold","Fair Shares - Wednesday  - Wednesday","$150",0,0,0,2020-04-01,2026-08-26,NA,2026-08-28,132
2025-04-29 17:06:07,2021-08-08,"1 (BYO) KWG - Orders Only (Weekly Shares)","Combined CSA","Kirkwood Pickup","Town & Country","MO","63017",92.97,"Automatic","Purple","Not on Hold","Kirkwood - Thursday","Debit on Delivery",0,0,0,2021-08-12,2025-04-24,NA,2026-08-28,1482
2026-08-27 02:43:44,2017-07-18,"1 UCA/KWA","Combined CSA","UCA","St. Louis","MO","63105",183.79,"Automatic","None","Not on Hold","UCity - Wednesday","$300",0,0,0,2017-08-16,2026-08-26,NA,2026-08-28,1143
2026-08-21 03:55:44,2017-08-30,"1 Half (Half Share - ODD week), 1 No Produce - Order Only (even wk)","Combined CSA","FSE","Saint Louis","MO","63112",0,"Automatic","Blue Orange","Not on Hold","Fair Shares - Thursday - Thursday","Debit on Delivery",0,0,0,2017-09-07,2026-08-20,NA,2026-08-28,1416
2024-11-09 02:08:27,2017-07-18,"1  (BYO) FSG - Orders Only","Combined CSA","Fair Shares Thursday Pickup","St. Louis","MO","63110",0,"Automatic","None","Not on Hold","Fair Shares - Thursday - Thursday","Debit on Delivery",0,0,0,2017-08-17,2024-11-07,NA,2026-08-28,1644
2026-08-27 02:43:44,2017-07-18,"1 Half (Half Share - EVEN week)","Combined CSA","UCB","St. Louis","MO","63130",106.47,"Automatic","Purple","Not on Hold","UCity - Wednesday","$150",0,0,0,2017-08-16,2026-08-26,NA,2026-08-28,1920
2026-08-13 02:44:34,2017-10-15,"1 Mini (Weekly Shares)","Combined CSA","FSMini-w","St. Louis","MO","63110",160.66,"Automatic","None","Temp Hold","Fair Shares - Wednesday  - Wednesday","$150",0,0,0,2017-10-18,2026-08-12,NA,2026-08-28,1707
2026-04-29 05:41:56,2023-08-16,"1  (BYO) FSG - Orders Only","Combined CSA","Fair Shares Wednesday Pickup","Saint Louis","MO","63116",161.7,"Automatic","Green Orange","Not on Hold","Fair Shares - Wednesday  - Wednesday","Debit on Delivery",0,0,0,2023-08-23,2026-02-18,NA,2026-08-28,1212
2026-08-28 02:35:58,2020-04-12,"1 Half (Half Share - EVEN week)","Combined CSA","FSE","St. Louis","MO","63112",105.55,"Automatic","Purple","Not on Hold","Fair Shares - Thursday - Thursday","$150",0,0,0,2020-04-16,2026-08-27,NA,2026-08-28,308
2024-07-09 13:23:57,2018-11-26,"1 BYO - No Share, Order Only (Weekly Shares)","Combined CSA","Fair Shares Wednesday Pickup","Saint Louis","MO","63144",0,NA,"None","Not on Hold","Fair Shares - Wednesday  - Wednesday",NA,0,0,0,2020-11-04,2024-04-24,NA,2026-08-28,217
2026-05-01 04:20:00,2020-06-25,"1 (BYO) KWG - Orders Only (Weekly Shares)","Combined CSA","Kirkwood Pickup","Chesterfield","MO","63005",0,"Automatic","Green","Not on Hold","Kirkwood - Thursday","Debit on Delivery",0,0,0,2020-07-01,2026-04-30,NA,2026-08-28,1990
2026-08-28 03:54:23,2022-08-18,"1 Half (Half Share - EVEN week)","Combined CSA","FSE","St. Louis","MO","63118",173.07,"Automatic","Green Purple","Not on Hold","Fair Shares - Thursday - Thursday","$150",0,0,0,2022-08-25,2026-08-27,NA,2026-08-28,1383
2026-04-27 10:16:42,2017-07-18,"1  (BYO) FSG - Orders Only","Combined CSA","Fair Shares Wednesday Pickup","St. Louis","MO","63109",0,"Automatic","None","Hold","Fair Shares - Wednesday  - Wednesday","Debit on Delivery",0,0,0,2017-08-16,2026-02-25,NA,2026-08-28,421
2026-08-27 04:00:37,2026-06-14,"1 Mini (Weekly Shares)","Combined CSA","FSMini-w","St Louis","MO","63104",0,"Automatic","None","Not on Hold","Fair Shares - Wednesday  - Wednesday","Debit on Delivery",0,0,0,2026-06-17,2026-08-26,NA,2026-08-28,288
2022-08-25 03:52:49,2017-07-18,"1  (BYO) FSG - Orders Only","Combined CSA","Fair Shares Wednesday Pickup","St. Louis","MO","63126",0,"Automatic","Blue Orange","Not on Hold","Fair Shares - Wednesday  - Wednesday","Debit on Delivery",0,0,0,2017-08-23,2022-08-24,NA,2026-08-28,536
2023-10-16 09:40:45,2019-11-26,"1 BYO - No Share, Order Only (Weekly Shares)","Combined CSA","Fair Shares Wednesday Pickup","St. Louis","MO","63109",0,"Automatic","None","Not on Hold","Fair Shares - Wednesday  - Wednesday","Debit on Delivery",0,0,0,2019-12-04,2019-12-04,NA,2026-08-28,345
2026-03-19 02:06:59,2017-07-18,"1 (BYO) UCG - Orders Only","Combined CSA","UCity Pickup","St. Louis","MO","63114",0,"Automatic","None","Not on Hold","UCity - Wednesday","Debit on Delivery",0,0,0,2017-08-16,2026-01-14,NA,2026-08-28,654
2026-08-27 17:12:55,2026-08-23,"1 Guest Access, 1 FSA/FSD (ONCE 2026-09-02)","Combined CSA","FSA","Maplewood","MO","63143",0,"Automatic","None","Not on Hold","Fair Shares - Wednesday  - Wednesday","Debit on Delivery",0,0,0,2026-08-26,2026-08-26,NA,2026-08-28,481
2026-04-20 13:39:54,2020-05-02,"1  (BYO) FSG - Orders Only","Combined CSA","Fair Shares Wednesday Pickup","Clayton","MO","63105",0.01,"Automatic","None","Not on Hold","Fair Shares - Wednesday  - Wednesday","Debit on Delivery",0,0,0,2020-05-06,2022-01-26,NA,2026-08-28,711
2026-03-27 07:38:12,2020-03-29,"1 BYO - No Share, Order Only (Weekly Shares)","Combined CSA","Fair Shares Wednesday Pickup","St Louis","MO","63108",0,NA,"Green","Not on Hold","Fair Shares - Wednesday  - Wednesday","Debit on Delivery",0,0,0,2020-04-01,2020-06-03,NA,2026-08-28,878
2021-06-01 18:12:09,2018-05-15,"1 BYO - No Share, Order Only (Weekly Shares)","Combined CSA","Fair Shares Thursday Pickup","DeSoto","MO","63020",-0.8,NA,"None","Not on Hold","Fair Shares - Thursday - Thursday",NA,0,0,0,2018-05-24,2021-06-03,NA,2026-08-28,1003
2026-06-23 13:38:41,2017-07-20,"1 (BYO) KWG - Orders Only (Weekly Shares)","Combined CSA","Kirkwood Pickup","St. Louis","MO","63122",99.62,NA,"None","Not on Hold","Kirkwood - Thursday","Debit on Delivery",0,0,0,2018-03-01,2022-12-01,NA,2026-08-28,1221
2023-03-26 19:18:04,2017-07-18,"1  (BYO) FSG - Orders Only","Combined CSA","Fair Shares Thursday Pickup","St. Louis","MO","63118",0,"Automatic","Orange","Not on Hold","Fair Shares - Thursday - Thursday","Debit on Delivery",0,0,0,2017-08-17,2023-02-23,NA,2026-08-28,921
2025-12-07 17:36:49,2025-03-09,"1  (BYO) FSG - Orders Only","Combined CSA","Fair Shares Wednesday Pickup","Saint Charles","MO","63303",0,"Automatic","Orange","Not on Hold","Fair Shares - Wednesday  - Wednesday","Debit on Delivery",0,0,0,2025-04-02,2025-11-26,NA,2026-08-28,402
2026-05-05 16:09:17,2024-11-13,"1 (BYO) UCG - Orders Only","Combined CSA","UCity Pickup","St Louis","MO","63130",182.57,"Automatic","None","Not on Hold","UCity - Wednesday","Debit on Delivery",0,0,0,2024-11-20,2026-04-29,NA,2026-08-28,470
2024-12-19 02:24:16,2018-06-20,"1 BYO - No Share, Order Only (Weekly Shares)","Combined CSA","Fair Shares Wednesday Pickup","St. Louis","MO","63117",303,"Automatic","None","Not on Hold","Fair Shares - Wednesday  - Wednesday","Debit on Delivery",0,0,0,2018-06-27,2024-12-18,NA,2026-08-28,1457
2026-08-21 02:36:06,2024-08-21,"1 Half (Half Share - ODD week)","Combined CSA","KWB","Glendale","MO","63122",118.89,"Automatic","Orange","Not on Hold","Kirkwood - Thursday","$150",0,0,0,2024-08-29,2026-08-20,NA,2026-08-28,896
2026-08-21 03:55:59,2020-04-07,"1 Half (Half Share - ODD week)","Combined CSA","KWB","St. Louis","MO","63131",216.22,"Automatic","Orange","Not on Hold","Kirkwood - Thursday","$150",0,0,0,2020-04-09,2026-08-20,NA,2026-08-28,1766
2026-02-27 02:16:07,2019-11-14,"1  (BYO) FSG - Orders Only","Combined CSA","Kirkwood Pickup","St. Louis","MO","63110",-68.46,NA,"Orange","Not on Hold","Kirkwood - Thursday",NA,0,0,0,2020-04-08,2026-02-26,NA,2026-08-28,525
2019-09-20 02:39:24,2017-07-20,"1 BYO - No Share, Order Only (Weekly Shares)","Combined CSA","Fair Shares Thursday Pickup","St. Louis","MO","63109",1.53,NA,"Purple","Not on Hold","Fair Shares - Thursday - Thursday","Debit on Delivery",0,0,0,2017-08-17,2019-09-19,NA,2026-08-28,1524
2026-04-26 10:23:30,2020-12-19,"1  (BYO) FSG - Orders Only","Combined CSA","Fair Shares Thursday Pickup","St. Louis","MO","63139",0,"Automatic","Orange","Hold","Fair Shares - Thursday - Thursday","Debit on Delivery",0,0,0,2021-04-28,2026-02-19,NA,2026-08-28,327
2026-05-01 09:53:43,2025-12-23,"1  (BYO) FSG - Orders Only","Combined CSA","Fair Shares Thursday Pickup","Webster Groves","MO","63119",21.04,"Automatic","None","Hold","Fair Shares - Thursday - Thursday","Debit on Delivery",0,0,0,2026-01-08,2026-02-26,NA,2026-08-28,65
2025-03-06 02:23:05,2017-08-24,"1 BYO - No Share, Order Only (Weekly Shares)","Combined CSA","Fair Shares Wednesday Pickup","St.","MO","63110",0,NA,"None","Not on Hold","Fair Shares - Wednesday  - Wednesday",NA,0,0,0,2017-08-30,2025-03-05,NA,2026-08-28,24
2026-03-27 07:38:58,2020-03-29,"1  (BYO) FSG - Orders Only","Combined CSA","Fair Shares Wednesday Pickup","Saint Louis","MO","63105",0,"Automatic","None","Not on Hold","Fair Shares - Wednesday  - Wednesday","Debit on Delivery",0,0,0,2020-04-01,2020-11-11,NA,2026-08-28,1868
2025-08-10 11:02:56,2023-09-07,"1  (BYO) FSG - Orders Only","Combined CSA","Fair Shares Thursday Pickup","St Louis","MO","63108",83.04,"Automatic","None","Not on Hold","Fair Shares - Thursday - Thursday","Debit on Delivery",0,0,0,2023-09-14,2025-08-07,NA,2026-08-28,939
2026-08-27 02:43:44,2026-02-24,"1 Half (Half Share - EVEN week)","Combined CSA","FSB","Fenton","MO","63026",78.08,"Automatic","Purple","Not on Hold","Fair Shares - Wednesday  - Wednesday","$150",0,0,0,2026-05-06,2026-08-26,NA,2026-08-28,136
2026-05-06 15:45:51,2017-07-18,"1  (BYO) FSG - Orders Only","Combined CSA","Fair Shares Wednesday Pickup","St. Louis","MO","63104",0,"Automatic","Purple","Hold","Fair Shares - Wednesday  - Wednesday","Debit on Delivery",0,0,0,2017-08-16,2026-02-25,NA,2026-08-28,325
2026-08-28 03:54:20,2017-07-18,"1 Mini (Weekly Shares)","Combined CSA","KWM","Kirkwood","MO","63122",221.49,"Automatic","None","Not on Hold","Kirkwood - Thursday","$150",0,0,0,2017-08-16,2026-08-27,NA,2026-08-28,1970
2023-12-28 11:23:47,2022-08-31,"1  (BYO) FSG - Orders Only","Combined CSA","Fair Shares Thursday Pickup","Saint Louis","MO","63104",0.73,"Automatic","Green","Not on Hold","Fair Shares - Thursday - Thursday","Debit on Delivery",0,0,0,2022-09-08,2023-01-05,NA,2026-08-28,1711
2026-03-27 07:34:00,2020-05-11,"1  (BYO) FSG - Orders Only","Combined CSA","Fair Shares Wednesday Pickup","St Charles","MO","63303",0,"Automatic","Green Purple","Not on Hold","Fair Shares - Wednesday  - Wednesday","Debit on Delivery",0,0,0,2020-05-13,2021-09-01,NA,2026-08-28,1186
2026-03-27 07:48:36,2019-04-06,"1 BYO - No Share, Order Only (Weekly Shares)","Combined CSA","Fair Shares Wednesday Pickup","St. Louis","MO","63132",0,NA,"None","Hold","Fair Shares - Wednesday  - Wednesday","Debit on Delivery",0,0,0,2019-04-10,2019-05-29,NA,2026-08-28,1294
2026-07-24 02:36:40,2026-03-31,"1 Half (Half Share - ODD week)","Combined CSA","FSE","Saint Louis","MO","63119",82.18,"Automatic","Orange","Not on Hold","Fair Shares - Thursday - Thursday","$150",0,0,0,2026-04-30,2026-07-23,NA,2026-08-28,593
2026-05-07 15:07:02,2020-05-03,"1 (BYO) KWG - Orders Only (Weekly Shares)","Combined CSA","Kirkwood Pickup","Saint Louis","MO","63124",402.47,"Automatic","None","Not on Hold","Kirkwood - Thursday","Debit on Delivery",0,0,0,2020-05-07,2026-04-30,NA,2026-08-28,123
2019-05-22 11:30:44,2017-07-18,"1 BYO - No Share, Order Only (Weekly Shares)","Combined CSA","Fair Shares Wednesday Pickup","St. Louis","63104","55555",0,NA,"Orange","Hold","Fair Shares - Wednesday  - Wednesday",NA,0,0,0,2017-08-24,2017-10-04,NA,2026-08-28,372
2023-09-12 11:09:09,2017-07-20,"1 (BYO) KWG - Orders Only (Weekly Shares)","Combined CSA","Kirkwood Pickup","St. Louis","MO","63122",48.12,"Automatic","None","Not on Hold","Kirkwood - Thursday","Debit on Delivery",0,0,0,2017-08-17,2023-09-07,NA,2026-08-28,1600
2026-08-21 02:36:06,2020-02-27,"1 2% MILK-o, 1 Half (Half Share - ODD week)","Combined CSA","KWB","Saint Louis","MO","63126",113.94,"Automatic","Orange","Not on Hold","Kirkwood - Thursday","$150",0,0,0,2020-03-26,2026-08-20,NA,2026-08-28,1075
2026-04-26 10:20:12,2024-03-30,"1 (BYO) UCG - Orders Only","Combined CSA","UCity Pickup","University City","MO","63130",0,"Automatic","None","Hold","UCity - Wednesday","Debit on Delivery",0,0,0,2024-04-03,2026-02-25,NA,2026-08-28,135
2026-08-27 04:00:41,2020-04-14,"1 2% MILK-o, 1 Mini (Weekly Shares)","Combined CSA","UCM","Olivette","MO","63132",188.43,"Automatic","None","Not on Hold","UCity - Wednesday","$150",0,0,0,2020-04-15,2026-08-26,NA,2026-08-28,1098
2021-07-05 07:43:02,2017-07-18,"1  (BYO) FSG - Orders Only","Combined CSA","Fair Shares Thursday Pickup","St. Louis","MO","63110",0,"Automatic","Blue Orange","Not on Hold","Fair Shares - Thursday - Thursday","Debit on Delivery",0,0,0,2017-08-24,2021-07-01,NA,2026-08-28,383
2021-02-25 10:41:50,2020-03-18,"1  (BYO) FSG - Orders Only","Combined CSA","Fair Shares Wednesday Pickup","St. Louis","MO","63105",0,"Automatic","None","Not on Hold","Fair Shares - Wednesday  - Wednesday","Debit on Delivery",0,0,0,2020-03-25,2021-02-24,NA,2026-08-28,1475
2026-08-21 03:55:50,2023-04-06,"1 Half (Half Share - ODD week)","Combined CSA","KWB","Chesterfield","MO","63017",176.44,"Automatic","Green Orange","Not on Hold","Kirkwood - Thursday","$150",0,0,0,2023-04-13,2026-08-20,NA,2026-08-28,1618
2026-08-28 02:35:58,2017-07-18,"1 Mini (Weekly Shares)","Combined CSA","FSMini-t","St. Louis","63119","63119",185.49,"Automatic","None","Not on Hold","Fair Shares - Thursday - Thursday","$150",0,0,0,2017-10-19,2026-08-27,NA,2026-08-28,1521
2025-04-24 11:10:46,2023-09-26,"1  (BYO) FSG - Orders Only","Combined CSA","Fair Shares Thursday Pickup","St Louis","MO","63118",0,"Automatic","Orange","Hold","Fair Shares - Thursday - Thursday","Debit on Delivery",0,0,0,2023-09-28,2025-04-03,NA,2026-08-28,785
2026-04-11 11:17:51,2026-01-24,"1 Guest Access","Combined CSA","Fair Shares Thursday Pickup","St. Louis","MO","63110",0,"Automatic","None","Not on Hold","Fair Shares - Thursday - Thursday","Debit on Delivery",0,0,0,2026-01-29,2026-02-05,NA,2026-08-28,770
2026-04-28 09:20:56,2017-07-18,"1  (BYO) FSG - Orders Only","Combined CSA","Fair Shares Thursday Pickup","St. Louis","MO","63116",21.52,"Automatic","Orange","Not on Hold","Fair Shares - Thursday - Thursday","Debit on Delivery",0,0,0,2017-08-17,2026-02-19,NA,2026-08-28,203
2026-08-21 02:36:06,2017-07-20,"1 No Produce - Order Only (even wk), 1 Half (Half Share - ODD week)","Combined CSA","KWB","St. Louis","MO","63122",158.07,"Automatic","Blue Orange","Not on Hold","Kirkwood - Thursday","$300",0,0,0,2017-08-24,2026-08-27,NA,2026-08-28,1570
2026-08-28 02:35:58,2019-05-03,"1 Mini (Weekly Shares)","Combined CSA","FSMini-t","Saint Louis","MO","63108",145.77,"Automatic","None","Not on Hold","Fair Shares - Thursday - Thursday","$150",0,0,0,2019-05-09,2026-08-27,NA,2026-08-28,463
2026-03-27 07:10:21,2022-09-20,"1  (BYO) FSG - Orders Only","Combined CSA","Fair Shares Wednesday Pickup","St. Louis","MO","63109",0,"Automatic","Green","Not on Hold","Fair Shares - Wednesday  - Wednesday","Debit on Delivery",0,0,0,2022-09-28,2023-01-04,NA,2026-08-28,1061
2025-01-28 13:24:25,2021-10-31,"1 (BYO) KWG - Orders Only (Weekly Shares)","Combined CSA","Kirkwood Pickup","Frontenac","MO","63131",75.55,"Automatic","Green","Not on Hold","Kirkwood - Thursday","Debit on Delivery",0,0,0,2021-11-04,2025-01-23,NA,2026-08-28,299
2020-02-10 08:45:13,2019-08-25,"1 BYO - No Share, Order Only (Weekly Shares)","Combined CSA","Fair Shares Wednesday Pickup","St. Louis","MO","63108",0.01,NA,"Purple","Not on Hold","Fair Shares - Wednesday  - Wednesday","Debit on Delivery",0,0,0,2019-08-28,2020-01-29,NA,2026-08-28,516
2026-08-27 02:43:44,2026-06-04,"1 Half (Half Share - EVEN week)","Combined CSA","FSB","University City","MO","63130",106.32,"Automatic","Purple","Not on Hold","Fair Shares - Wednesday  - Wednesday","$150",0,0,0,2026-06-10,2026-08-26,NA,2026-08-28,902
2026-02-09 10:14:36,2020-03-24,"1  (BYO) FSG - Orders Only","Combined CSA","Fair Shares Thursday Pickup","Saint Louis","MO","63118",0,NA,"None","Hold","Fair Shares - Thursday - Thursday",NA,0,0,0,2020-03-26,2020-09-10,NA,2026-08-28,1168
2026-04-08 16:32:40,2017-07-18,"1 Half (Half Share - ODD week), 1 No Produce - Order Only (even wk)","Combined CSA","FSE","St. Louis","MO","63123",27.32,"Automatic","Orange","Hold","Fair Shares - Thursday - Thursday","Debit on Delivery",0,0,0,2017-08-23,2026-02-19,NA,2026-08-28,1156
2025-09-30 15:29:38,2025-09-11,"1  (BYO) FSG - Orders Only","Combined CSA","Fair Shares Thursday Pickup","St Louis","MO","63116",0,NA,"None","Not on Hold","Fair Shares - Thursday - Thursday",NA,0,0,0,2025-10-02,2025-10-02,NA,2026-08-28,174
2026-04-29 05:48:46,2025-05-27,"1  (BYO) FSG - Orders Only","Combined CSA","Fair Shares Wednesday Pickup","Webster Groves","MO","63119",201.85,"Automatic","Orange","Not on Hold","Fair Shares - Wednesday  - Wednesday","Debit on Delivery",0,0,0,2025-06-04,2025-11-12,NA,2026-08-28,880
2026-08-28 02:35:58,2021-03-31,"1 Mini (Weekly Shares)","Combined CSA","KWM","Saint Louis","MO","63126",183.82,"Automatic","None","Not on Hold","Kirkwood - Thursday","$600",0,0,0,2021-04-08,2026-08-27,NA,2026-08-28,1217
2026-04-21 07:59:19,2020-08-11,"1  (BYO) FSG - Orders Only","Combined CSA","Fair Shares Thursday Pickup","Saint Louis","MO","63139",31.24,"Automatic","Green Purple","Not on Hold","Fair Shares - Thursday - Thursday","Debit on Delivery",0,0,0,2020-08-20,2026-02-26,NA,2026-08-28,1884
2026-03-27 07:42:35,2020-01-20,"1 BYO - No Share, Order Only (Weekly Shares)","Combined CSA","Fair Shares Wednesday Pickup","Bridgeton","MO","63044",0,"Automatic","None","Not on Hold","Fair Shares - Wednesday  - Wednesday","Debit on Delivery",0,0,0,2020-01-23,2020-03-26,NA,2026-08-28,1461
2026-03-27 07:58:48,2017-10-10,"1 BYO - No Share, Order Only (Weekly Shares)","Combined CSA","Fair Shares Wednesday Pickup","Saint Louis","MO","63143",0,"Automatic","None","Not on Hold","Fair Shares - Wednesday  - Wednesday","Debit on Delivery",0,0,0,2017-10-12,2020-12-02,NA,2026-08-28,1136
2026-04-11 08:18:37,2020-01-12,"1 (BYO) KWG - Orders Only (Weekly Shares)","Combined CSA","Kirkwood Pickup","Kirkwood","MO","63122",0,"Automatic","None","Not on Hold","Kirkwood - Thursday","Debit on Delivery",0,0,0,2020-01-16,2026-02-26,NA,2026-08-28,1465
2026-08-08 03:51:08,2020-02-23,"1 Mini (Weekly Shares)","Combined CSA","KWM","Kirkwood","MO","63122",176.13,"Automatic","Payment","Temp Hold","Kirkwood - Thursday","$150",0,0,0,2020-02-27,2026-08-06,NA,2026-08-28,1725
2025-05-08 08:19:10,2018-06-06,"1  (BYO) FSG - Orders Only","Combined CSA","Fair Shares Thursday Pickup","Webster Groves","MO","63119",123.64,"Automatic","Purple","Not on Hold","Fair Shares - Thursday - Thursday","Debit on Delivery",0,0,0,2018-06-21,2025-04-10,NA,2026-08-28,121
2025-01-13 06:59:46,2020-05-10,"1 (BYO) KWG - Orders Only (Weekly Shares)","Combined CSA","Kirkwood Pickup","Kirkwood","MO","63122",0,NA,"None","Not on Hold","Kirkwood - Thursday","Debit on Delivery",0,0,0,2020-05-14,2021-08-26,NA,2026-08-28,213
2026-08-28 02:35:58,2017-07-20,"1 FSA/FSD","Combined CSA","FSD","St. Louis","63110","63118",92.45,"Automatic","None","Not on Hold","Fair Shares - Thursday - Thursday","$300",0,0,0,2017-08-17,2026-08-27,NA,2026-08-28,1932
2026-04-20 12:53:40,2025-04-24,"1 (BYO) KWG - Orders Only (Weekly Shares)","Combined CSA","Kirkwood Pickup","St louis","MO","63122",192.52,"Automatic","None","Hold","Kirkwood - Thursday","Debit on Delivery",0,0,0,2025-05-01,2025-06-05,NA,2026-08-28,155
2026-08-28 03:54:24,2026-08-16,"1 Guest Access","Combined CSA","KWA","Kirkwood","MO","63122",0,"Automatic","None","Not on Hold","Kirkwood - Thursday","Debit on Delivery",0,0,0,2026-08-20,2026-08-27,NA,2026-08-28,387
2026-03-27 07:27:55,2020-08-13,"1  (BYO) FSG - Orders Only","Combined CSA","Fair Shares Wednesday Pickup","St. Louis","MO","63104",0,NA,"Purple","Not on Hold","Fair Shares - Wednesday  - Wednesday","Debit on Delivery",0,0,0,2020-08-19,2022-04-27,NA,2026-08-28,1858
2026-03-27 07:06:41,2024-02-22,"1  (BYO) FSG - Orders Only","Combined CSA","Fair Shares Wednesday Pickup","Saint Louis","MO","63103",0,"Automatic","None","Not on Hold","Fair Shares - Wednesday  - Wednesday","Debit on Delivery",0,0,0,2024-02-28,2025-02-26,NA,2026-08-28,1874
2026-08-07 02:36:10,2017-10-16,"1 Half (Half Share - ODD week), 1 No Produce - Order Only (even wk)","Combined CSA","KWB","St. Louis","MO","63122",488.04,"Automatic","Orange","Not on Hold","Kirkwood - Thursday","$600",0,0,0,2017-10-19,2026-08-06,NA,2026-08-28,305
2020-10-26 08:32:08,2020-07-15,"1  (BYO) FSG - Orders Only","Combined CSA","Fair Shares Thursday Pickup","Ferguson","MO","63135",0,"Automatic","Green Orange","Not on Hold","Fair Shares - Thursday - Thursday","Debit on Delivery",0,0,0,2020-07-23,2020-10-22,NA,2026-08-28,1963
2025-12-17 19:42:41,2020-10-14,"1  (BYO) FSG - Orders Only","Combined CSA","Fair Shares Wednesday Pickup","Saint Louis","MO","63118",4.78,"Automatic","None","Not on Hold","Fair Shares - Wednesday  - Wednesday","Debit on Delivery",0,0,0,2020-10-21,2025-12-10,NA,2026-08-28,1749
2021-01-29 03:49:35,2020-02-28,"1  (BYO) FSG - Orders Only","Combined CSA","Fair Shares Thursday Pickup","Saint Louis","MO","63110",0,"Automatic","None","Not on Hold","Fair Shares - Thursday - Thursday","Debit on Delivery",0,0,0,2020-03-26,2021-01-28,NA,2026-08-28,1466
2021-06-10 19:07:18,2020-03-12,"1  (BYO) FSG - Orders Only","Combined CSA","Fair Shares Thursday Pickup","Saint Louis","MO","63108",0,"Automatic","None","Not on Hold","Fair Shares - Thursday - Thursday","Debit on Delivery",0,0,0,2020-03-26,2021-06-03,NA,2026-08-28,1439
2026-08-28 02:35:58,2017-07-20,"1 Mini (Weekly Shares)","Combined CSA","KWM","St. Louis","MO","63119",473.04,"Automatic","None","Not on Hold","Kirkwood - Thursday","$600",0,0,0,2017-08-17,2026-08-27,NA,2026-08-28,634
2024-09-02 10:57:18,2024-05-25,"1 (BYO) UCG - Orders Only","Combined CSA","UCity Pickup","St. Louis","MO","63130",3.45,"Automatic","Orange","Not on Hold","UCity - Wednesday","Debit on Delivery",0,0,0,2024-05-29,2024-08-21,NA,2026-08-28,944
2023-11-24 03:47:02,2017-07-20,"1 (BYO) KWG - Orders Only (Weekly Shares)","Combined CSA","Kirkwood Pickup","St. Louis","MO","63146",0,"Automatic","Blue Orange","Not on Hold","Kirkwood - Thursday","Debit on Delivery",0,0,0,2017-08-24,2023-11-23,NA,2026-08-28,1841
2021-03-18 14:27:47,2020-04-18,"1  (BYO) FSG - Orders Only","Combined CSA","Fair Shares Thursday Pickup","St. Louis","MO","63139",0,"Automatic","Green","Not on Hold","Fair Shares - Thursday - Thursday","Debit on Delivery",0,0,0,2020-04-23,2021-02-25,NA,2026-08-28,1280
2026-08-28 03:54:30,2026-08-12,"1 Guest Access","Combined CSA","KWM","St. Louis","MO","63127",0,"Automatic","None","Not on Hold","Kirkwood - Thursday","Debit on Delivery",0,0,0,2026-08-20,2026-08-27,NA,2026-08-28,946
2026-08-28 02:35:58,2020-03-22,"1 Mini (Weekly Shares)","Combined CSA","KWM","St. Louis","MO","63139",100.66,"Automatic","None","Not on Hold","Kirkwood - Thursday","$150",0,0,0,2020-03-26,2026-08-27,NA,2026-08-28,467
2026-08-28 02:35:58,2017-07-18,"1 Mini (Weekly Shares)","Combined CSA","FSMini-w","St. Louis","MO","63105",165.64,"Automatic","None","Not on Hold","Fair Shares - Wednesday  - Wednesday","$150",0,0,0,2017-08-16,2026-08-27,NA,2026-08-28,618
2026-03-27 07:26:25,2020-09-28,"1  (BYO) FSG - Orders Only","Combined CSA","Fair Shares Wednesday Pickup","St. Louis","MO","63109",0,"Automatic","Green","Not on Hold","Fair Shares - Wednesday  - Wednesday","Debit on Delivery",0,0,0,2020-10-07,2020-12-02,NA,2026-08-28,1701
2026-03-27 07:47:52,2019-05-02,"1 BYO - No Share, Order Only (Weekly Shares)","Combined CSA","Fair Shares Wednesday Pickup","St. Louis","MO","63143",0,NA,"Orange","Not on Hold","Fair Shares - Wednesday  - Wednesday","Debit on Delivery",0,0,0,2019-05-15,2020-05-20,NA,2026-08-28,675
2026-08-28 03:54:25,2024-04-01,"1 Mini (Weekly Shares)","Combined CSA","FSMini-t","Saint Louis","MO","63110",183.56,"Automatic","None","Not on Hold","Fair Shares - Thursday - Thursday","$150",0,0,0,2024-04-04,2026-08-27,NA,2026-08-28,1873
2026-03-27 07:04:16,2024-04-01,"1  (BYO) FSG - Orders Only","Combined CSA","Fair Shares Wednesday Pickup","St. Louis","MO","63108",0,"Automatic","Purple","Not on Hold","Fair Shares - Wednesday  - Wednesday","Debit on Delivery",0,0,0,2024-04-03,2025-06-18,NA,2026-08-28,1016
2026-04-17 08:04:19,2017-07-18,"1  (BYO) FSG - Orders Only","Combined CSA","Fair Shares Wednesday Pickup","St. Louis","MO","63105",100.36,"Automatic","None","Not on Hold","Fair Shares - Wednesday  - Wednesday","Debit on Delivery",0,0,0,2017-08-16,2026-02-25,NA,2026-08-28,718
2026-08-27 02:43:44,2026-08-23,"1 FSA/FSD","Combined CSA","FSA","Webster Groves","MO","63119-3639",181.8,"Automatic","None","Not on Hold","Fair Shares - Wednesday  - Wednesday","$300",0,0,0,2026-08-26,2026-08-26,NA,2026-08-28,381
2026-08-28 02:35:58,2017-07-18,"1 Mini (Weekly Shares)","Combined CSA","FSMini-t","St. Louis","MO","63125",280.78,"Automatic","None","Not on Hold","Fair Shares - Thursday - Thursday","$600",0,0,0,2017-08-16,2026-08-27,NA,2026-08-28,133
2026-04-20 14:26:53,2020-07-18,"1  (BYO) FSG - Orders Only","Combined CSA","Fair Shares Thursday Pickup","Webster Groves","MO","63119",0,"Automatic","Green","Not on Hold","Fair Shares - Thursday - Thursday","Debit on Delivery",0,0,0,2020-07-23,2026-02-26,NA,2026-08-28,1680
2026-06-29 08:34:59,2021-04-16,"1  (BYO) FSG - Orders Only","Combined CSA","Fair Shares Thursday Pickup","St Louis","MO","63139",0.01,"Automatic","Green","Not on Hold","Fair Shares - Thursday - Thursday","Debit on Delivery",0,0,0,2021-04-22,2026-06-18,NA,2026-08-28,1149
2026-04-02 11:08:54,2017-07-18,"1  (BYO) FSG - Orders Only","Combined CSA","Fair Shares Wednesday Pickup","St. Louis","MO","63104",7.3,"Automatic","Purple","Not on Hold","Fair Shares - Wednesday  - Wednesday","Debit on Delivery",0,0,0,2017-08-16,2026-02-25,NA,2026-08-28,224
2026-03-27 08:01:57,2017-07-18,"1  (BYO) FSG - Orders Only","Combined CSA","Fair Shares Wednesday Pickup","St. Louis","MO","63108",0.01,"Automatic","Orange","Not on Hold","Fair Shares - Wednesday  - Wednesday","Debit on Delivery",0,0,0,2017-08-23,2024-04-03,NA,2026-08-28,62
2026-08-28 03:54:35,2017-07-18,"1 FSA/FSD","Combined CSA","FSD","St. louis","MO","63139",366,"Automatic","None","Not on Hold","Fair Shares - Thursday - Thursday","$300",0,0,0,2017-08-17,2026-08-27,NA,2026-08-28,1236
2024-08-19 14:44:30,2020-10-01,"1  (BYO) FSG - Orders Only","Combined CSA","Fair Shares Wednesday Pickup","St Louis","MO","63123",0,"Automatic","Green","Not on Hold","Fair Shares - Wednesday  - Wednesday","Debit on Delivery",0,0,0,2020-10-07,2024-05-29,NA,2026-08-28,1350
2026-03-27 07:56:03,2018-05-02,"1 BYO - No Share, Order Only (Weekly Shares)","Combined CSA","Fair Shares Wednesday Pickup","St. Louis","MO","63116",0,NA,"None","Not on Hold","Fair Shares - Wednesday  - Wednesday","Debit on Delivery",0,0,0,2018-05-09,2018-12-05,NA,2026-08-28,248
2026-08-21 03:56:02,2022-09-09,"1 Half (Half Share - ODD week)","Combined CSA","FSE","St Louis","MO","63108",213.08,"Automatic","Orange","Not on Hold","Fair Shares - Thursday - Thursday","$150",0,0,0,2022-09-14,2026-08-20,NA,2026-08-28,168
2026-03-27 07:54:58,2018-05-16,"1 BYO - No Share, Order Only (Weekly Shares)","Combined CSA","Fair Shares Wednesday Pickup","St Louis","MO","63116",0,NA,"None","Hold","Fair Shares - Wednesday  - Wednesday","Debit on Delivery",0,0,0,2018-05-23,2018-11-07,NA,2026-08-28,1955
2026-08-28 03:54:35,2018-07-31,"1 UCA/KWA","Combined CSA","UCA","Saint louis","MO","63130",599.77,"Automatic","Payment","Not on Hold","UCity - Wednesday","$600",0,0,0,2018-08-08,2026-08-26,NA,2026-08-28,681
2025-06-08 18:48:11,2021-07-04,"1  (BYO) FSG - Orders Only","Combined CSA","Fair Shares Thursday Pickup","Creve Coeur","MO","63141",0.07,"Automatic","Purple","Not on Hold","Fair Shares - Thursday - Thursday","Debit on Delivery",0,0,0,2021-07-07,2025-06-05,NA,2026-08-28,1066
2025-12-11 11:03:51,2023-03-23,"1 (BYO) UCG - Orders Only","Combined CSA","UCity Pickup","St Louis","MO","63112",0,"Automatic","None","Not on Hold","UCity - Wednesday","Debit on Delivery",0,0,0,2023-03-29,2025-10-29,NA,2026-08-28,1306
2024-02-29 02:23:01,2020-03-26,"1 (BYO) UCG - Orders Only","Combined CSA","UCity Pickup","University City","MO","63130",83.04,"Automatic","Orange","Not on Hold","UCity - Wednesday","Debit on Delivery",0,0,0,2020-04-01,2024-02-28,NA,2026-08-28,1823
2026-08-27 02:43:44,2020-03-23,"1 UCA/KWA","Combined CSA","UCA","University City","MO","63130",264.7,"Automatic","None","Not on Hold","UCity - Wednesday","$300",0,0,0,2020-03-25,2026-08-26,NA,2026-08-28,1699
2025-01-13 06:54:26,2020-06-07,"1  (BYO) FSG - Orders Only","Combined CSA","Fair Shares Thursday Pickup","St louis","MO","63119",0,NA,"Green Purple","Not on Hold","Fair Shares - Thursday - Thursday","Debit on Delivery",0,0,0,2020-06-11,2023-09-28,NA,2026-08-28,555
2026-08-28 03:54:33,2023-07-05,"1 Mini (Weekly Shares)","Combined CSA","FSMini-t","St. Louis","MO","63139",673.51,"Automatic","None","Not on Hold","Fair Shares - Thursday - Thursday","$600",0,0,0,2023-07-13,2026-08-27,NA,2026-08-28,1671
2026-08-27 02:43:44,2020-03-25,"1 Half (Half Share - EVEN week)","Combined CSA","UCB","St. Louis","MO","63131",368.34,"Automatic","Purple","Not on Hold","UCity - Wednesday","$600",0,0,0,2020-04-02,2026-08-26,NA,2026-08-28,1928
2026-08-21 03:55:57,2019-08-21,"1 Half (Half Share - ODD week), 1 2% MILK-o","Combined CSA","KWB","Webster Groves","MO","63119",222.5,"Automatic","Orange","Not on Hold","Kirkwood - Thursday","$150",0,0,0,2019-08-28,2026-08-20,NA,2026-08-28,1487
2021-05-26 06:26:48,2020-12-01,"1 (BYO) UCG - Orders Only","Combined CSA","UCity Pickup","St. Louis","MO","63130",0,"Automatic","None","Not on Hold","UCity - Wednesday","Debit on Delivery",0,0,0,2020-12-02,2021-05-19,NA,2026-08-28,857
2026-08-22 03:50:10,2021-08-12,"1  (BYO) FSG - Orders Only","Combined CSA","Fair Shares Thursday Pickup","St. Louis","MO","63109",0,"Automatic","Payment Green","Not on Hold","Fair Shares - Thursday - Thursday","Debit on Delivery",0,0,0,2021-08-19,2026-08-20,NA,2026-08-28,838
2026-03-30 10:06:43,2017-07-18,"1  (BYO) FSG - Orders Only","Combined CSA","Fair Shares Thursday Pickup","St. Louis","MO","63119",913.69,"Automatic","None","Not on Hold","Fair Shares - Thursday - Thursday",NA,0,0,0,2017-08-17,2024-03-07,NA,2026-08-28,583
2026-04-26 22:20:36,2025-01-14,"1 (BYO) UCG - Orders Only","Combined CSA","UCity Pickup","St. Louis","MO","63146",37.53,"Automatic","Orange","Hold","UCity - Wednesday","Debit on Delivery",0,0,0,2025-01-22,2026-02-18,NA,2026-08-28,139
2026-08-27 02:43:44,2017-07-18,"1 FSA/FSD","Combined CSA","FSA","St. Louis","MO","63129",178.4,"Automatic","None","Not on Hold","Fair Shares - Wednesday  - Wednesday","$300",0,0,0,2017-08-16,2026-08-26,NA,2026-08-28,423
2026-06-30 11:28:15,2017-07-18,"1 BYO - No Share, Order Only (Weekly Shares)","Combined CSA","Fair Shares Thursday Pickup","St. Louis","MO","63126",0.01,"Automatic","None","Not on Hold","Fair Shares - Thursday - Thursday","Debit on Delivery",0,0,0,2017-08-16,2024-11-28,NA,2026-08-28,1087
2026-08-28 02:35:58,2017-07-18,"1 Mini (Weekly Shares), 1 Whole MILK-e","Combined CSA","FSMini-t","St. Louis","63117","MO",379.65,"Automatic","None","Not on Hold","Fair Shares - Thursday - Thursday","$600",0,0,0,2017-08-17,2026-08-27,NA,2026-08-28,1900
2026-08-21 02:36:06,2018-01-17,"1 Half (Half Share - ODD week)","Combined CSA","FSE","st. louis","MO","63112",82.9,"Automatic","Orange","Not on Hold","Fair Shares - Thursday - Thursday","$150",0,0,0,2024-05-30,2026-08-20,NA,2026-08-28,790
2026-08-28 02:35:58,2025-03-11,"1 UCA/KWA","Combined CSA","KWA","Kirkwood","MO","63122",157.15,"Automatic","None","Not on Hold","Kirkwood - Thursday","$300",0,0,0,2025-04-03,2026-08-27,NA,2026-08-28,622
2022-08-18 03:58:52,2020-12-25,"1 (BYO) UCG - Orders Only","Combined CSA","UCity Pickup","St. Louis","MO","63121",0,"Automatic","Green Purple","Not on Hold","UCity - Wednesday","Debit on Delivery",0,0,0,2021-01-06,2022-08-17,NA,2026-08-28,1756
2026-04-03 11:49:18,2022-05-02,"1  (BYO) FSG - Orders Only","Combined CSA","Fair Shares Thursday Pickup","Saint Louis","MO","63104",39.19,"Automatic","Green Purple","Not on Hold","Fair Shares - Thursday - Thursday","Debit on Delivery",0,0,0,2022-05-12,2026-02-26,NA,2026-08-28,1229
2022-02-11 03:53:56,2017-07-18,"1  (BYO) FSG - Orders Only","Combined CSA","Fair Shares Wednesday Pickup","St. Louis","63105","55555",0,"Automatic","Purple","Not on Hold","Fair Shares - Wednesday  - Wednesday","Debit on Delivery",0,0,0,2017-08-31,2022-02-09,NA,2026-08-28,1855
2025-11-17 09:02:55,2025-05-11,"1  (BYO) FSG - Orders Only","Combined CSA","Fair Shares Thursday Pickup","Saint Louis","MO","63110",0,"Automatic","Orange","Not on Hold","Fair Shares - Thursday - Thursday","Debit on Delivery",0,0,0,2025-05-15,2025-11-13,NA,2026-08-28,260
2026-08-13 02:44:34,2022-05-03,"1 Mini (Weekly Shares)","Combined CSA","FSMini-w","Webster Groves","MO","63119",132.67,"Automatic","Green","Not on Hold","Fair Shares - Wednesday  - Wednesday","$150",0,0,0,2022-05-11,2026-08-12,NA,2026-08-28,1983
2026-08-27 02:43:44,2017-07-20,"1 Mini (Weekly Shares)","Combined CSA","FSMini-w","Webster Groves","MO","63119",138.77,"Automatic","None","Not on Hold","Fair Shares - Wednesday  - Wednesday","$150",0,0,0,2017-08-17,2026-08-26,NA,2026-08-28,145
2026-08-21 03:55:43,2019-03-24,"1 Half (Half Share - ODD week)","Combined CSA","FSE","Saint Louis","MO","63126",205.57,"Automatic","Orange","Not on Hold","Fair Shares - Thursday - Thursday","$150",0,0,0,2019-04-04,2026-08-20,NA,2026-08-28,1706
2026-08-20 02:43:55,2017-07-18,"1 Mini (Weekly Shares)","Combined CSA","UCM","St. Louis","MO","63130",319.78,"Automatic","None","Temp Hold","UCity - Wednesday","$300",0,0,0,2017-08-16,2026-08-19,NA,2026-08-28,1498
2026-08-28 03:54:24,2020-05-13,"1 Whole MILK, 1 Mini (Weekly Shares)","Combined CSA","FSMini-t","St louis","MO","63104",189.38,"Automatic","Green","Not on Hold","Fair Shares - Thursday - Thursday","$150",0,0,0,2020-05-21,2026-08-27,NA,2026-08-28,1453
2026-08-27 02:43:44,2026-06-05,"1 Mini (Weekly Shares)","Combined CSA","FSMini-w","St. Louis","MO","63117",100.66,"Automatic","None","Not on Hold","Fair Shares - Wednesday  - Wednesday","$150",0,0,0,2026-06-10,2026-08-26,NA,2026-08-28,335
2026-05-05 06:51:04,2026-01-11,"1  (BYO) FSG - Orders Only","Combined CSA","Fair Shares Thursday Pickup","St. Louis","MO","63118",0,"Automatic","None","Hold","Fair Shares - Thursday - Thursday","Debit on Delivery",0,0,0,2026-01-15,2026-02-26,NA,2026-08-28,515
2026-08-27 04:00:31,2020-05-06,"1 Half (Half Share - EVEN week)","Combined CSA","UCB","Saint Louis","MO","63130",192.22,"Automatic","Purple","Not on Hold","UCity - Wednesday","$150",0,0,0,2020-05-13,2026-08-26,NA,2026-08-28,1107
2026-08-20 04:00:38,2021-03-07,"1  (BYO) FSG - Orders Only","Combined CSA","Fair Shares Wednesday Pickup","SAINT LOUIS","MO","63104-2930",0,"Automatic","Payment Green","Not on Hold","Fair Shares - Wednesday  - Wednesday","Debit on Delivery",0,0,0,2021-03-25,2026-08-19,NA,2026-08-28,1407
2026-08-27 04:00:39,2017-07-20,"1 Mini (Weekly Shares), 1 2% MILK, 1 Half & Half (Weekly Shares)","Combined CSA","FSMini-w","St. Louis","MO","63116",336.02,"Automatic","None","Not on Hold","Fair Shares - Wednesday  - Wednesday","$300",0,0,0,2017-08-24,2026-08-26,NA,2026-08-28,1255
2021-03-29 13:41:03,2020-08-06,"1  (BYO) FSG - Orders Only","Combined CSA","Fair Shares Wednesday Pickup","Saint Louis","MO","63139",0,"Automatic","Green Orange","Not on Hold","Fair Shares - Wednesday  - Wednesday","Debit on Delivery",0,0,0,2020-08-12,2021-03-24,NA,2026-08-28,766
2026-04-12 03:38:43,2018-08-16,"1 (BYO) KWG - Orders Only (Weekly Shares)","Combined CSA","Kirkwood Pickup","Des peres","MO","63131",0,"Automatic","Purple","Not on Hold","Kirkwood - Thursday","Debit on Delivery",0,0,0,2018-08-30,2026-02-26,NA,2026-08-28,1987
2022-09-15 04:01:36,2020-05-01,"1  (BYO) FSG - Orders Only","Combined CSA","Fair Shares Wednesday Pickup","Clayton","MO","63105",0,"Automatic","Green","Not on Hold","Fair Shares - Wednesday  - Wednesday","Debit on Delivery",0,0,0,2020-05-06,2022-09-14,NA,2026-08-28,1541
2026-08-27 02:43:44,2017-07-18,"1 FSA/FSD","Combined CSA","FSA","St. Louis","MO","63104",150.91,"Automatic","None","Not on Hold","Fair Shares - Wednesday  - Wednesday","$600",0,0,0,2017-08-16,2026-08-26,NA,2026-08-28,1799
2025-11-21 14:22:32,2025-02-07,"1 (BYO) UCG - Orders Only","Combined CSA","UCity Pickup","St Louis","MO","63124",145.4,"Automatic","None","Not on Hold","UCity - Wednesday","Debit on Delivery",0,0,0,2025-02-13,2025-04-16,NA,2026-08-28,852
2020-10-27 19:30:56,2020-04-27,"1  (BYO) FSG - Orders Only","Combined CSA","Fair Shares Thursday Pickup","St. Louis","MO","63131",0,"Automatic","Green","Not on Hold","Fair Shares - Thursday - Thursday","Debit on Delivery",0,0,0,2020-04-30,2020-10-22,NA,2026-08-28,420
2026-08-21 03:55:44,2020-04-04,"1 Half (Half Share - ODD week)","Combined CSA","UCB","Saint Louis","MO","63130",668.83,"Automatic","Payment Orange","Temp Hold","UCity - Wednesday","$600",0,0,0,2020-04-08,2026-08-19,NA,2026-08-28,570
2026-05-06 15:46:18,2017-07-18,"1  (BYO) FSG - Orders Only","Combined CSA","Fair Shares Wednesday Pickup","St. Louis","MO","63109",30.69,"Automatic","Purple","Hold","Fair Shares - Wednesday  - Wednesday","Debit on Delivery",0,0,0,2017-08-16,2026-02-25,NA,2026-08-28,390
2026-08-28 02:35:58,2017-07-18,"1 Mini (Weekly Shares)","Combined CSA","FSMini-t","St. Louis","MO","63119",588.92,"Automatic","None","Not on Hold","Fair Shares - Thursday - Thursday","$600",0,0,0,2017-08-17,2026-08-27,NA,2026-08-28,514
2025-12-05 03:54:38,2025-03-20,"1  (BYO) FSG - Orders Only","Combined CSA","Fair Shares Thursday Pickup","Saint Louis","MO","63129",0,"Automatic","None","Not on Hold","Fair Shares - Thursday - Thursday","Debit on Delivery",0,0,0,2025-04-03,2025-12-04,NA,2026-08-28,340
2026-08-28 03:54:36,2017-08-08,"1 FSA/FSD","Combined CSA","FSD","St. Louis","MO","63138",577.16,"Automatic","None","Not on Hold","Fair Shares - Thursday - Thursday","$600",0,0,0,2017-08-31,2026-08-27,NA,2026-08-28,250
2026-02-12 11:23:31,2025-07-13,"1  (BYO) FSG - Orders Only","Combined CSA","Fair Shares Thursday Pickup","Saint louis","MO","63109",0,"Automatic","Orange","Not on Hold","Fair Shares - Thursday - Thursday","Debit on Delivery",0,0,0,2025-07-17,2025-12-11,NA,2026-08-28,701
2023-06-05 07:37:10,2020-04-15,"1 (BYO) UCG - Orders Only","Combined CSA","UCity Pickup","Saint Louis","MO","63146",0,"Automatic","Orange","Not on Hold","UCity - Wednesday","Debit on Delivery",0,0,0,2020-04-22,2023-05-24,NA,2026-08-28,114
2026-08-28 02:35:58,2017-07-20,"1 Mini (Weekly Shares)","Combined CSA","KWM","St. Louis","MO","63122",558.32,"Automatic","None","Not on Hold","Kirkwood - Thursday","$150",0,0,0,2017-08-17,2026-08-27,NA,2026-08-28,1196
2026-08-21 03:55:48,2022-03-21,"1 Half (Half Share - ODD week), 1 2% MILK-o","Combined CSA","FSE","St Louis","MO","63104",331.59,"Automatic","Green Orange","Not on Hold","Fair Shares - Thursday - Thursday","$300",0,0,0,2022-03-24,2026-08-20,NA,2026-08-28,289
2021-01-07 03:54:52,2020-05-14,"1  (BYO) FSG - Orders Only","Combined CSA","Fair Shares Wednesday Pickup","Creve Coeur","MO","63141",0,"Automatic","Green","Not on Hold","Fair Shares - Wednesday  - Wednesday","Debit on Delivery",0,0,0,2020-05-20,2021-01-06,NA,2026-08-28,843
2025-08-29 03:57:12,2021-03-28,"1 (BYO) KWG - Orders Only (Weekly Shares)","Combined CSA","Kirkwood Pickup","Kirkwood","MO","63122",0,"Automatic","Purple","Not on Hold","Kirkwood - Thursday","Debit on Delivery",0,0,0,2021-04-01,2025-08-28,NA,2026-08-28,68
2026-08-20 04:00:29,2023-10-10,"1 Half (Half Share - ODD week), 3 Eggs - Buttonwood (Half Share - ODD week), 1 Whole MILK-o","Combined CSA","FSB","Glendale","MO","63122",0,"Automatic","Orange","Not on Hold","Fair Shares - Wednesday  - Wednesday","Debit on Delivery",0,0,0,2023-10-18,2026-08-19,NA,2026-08-28,1355
2024-03-03 03:39:24,2017-07-20,"1  (BYO) FSG - Orders Only","Combined CSA","Fair Shares Thursday Pickup","St. Louis","MO","63139",0,"Automatic","Orange","Not on Hold","Fair Shares - Thursday - Thursday","Debit on Delivery",0,0,0,2017-08-24,2024-02-29,NA,2026-08-28,1777
2020-04-13 14:44:41,2020-01-02,"1 BYO - No Share, Order Only (Weekly Shares)","Combined CSA","Fair Shares Thursday Pickup","Saint Louis","MO","63116",0,NA,"Orange","Hold","Fair Shares - Thursday - Thursday",NA,0,0,0,2020-01-09,2020-02-20,NA,2026-08-28,361
2026-08-27 04:00:47,2017-07-18,"1 (BYO) UCG - Orders Only","Combined CSA","UCity Pickup","St. Louis","MO","63130",0,"Automatic","Payment","Not on Hold","UCity - Wednesday","Debit on Delivery",0,0,0,2017-08-16,2026-08-26,NA,2026-08-28,1197
2025-07-29 18:06:30,2022-01-20,"1  (BYO) FSG - Orders Only","Combined CSA","Fair Shares Wednesday Pickup","St. Louis","MO","63116",0,"Automatic","Green Purple","Not on Hold","Fair Shares - Wednesday  - Wednesday","Debit on Delivery",0,0,0,2022-01-26,2025-06-18,NA,2026-08-28,1550
2021-08-13 03:57:21,2017-07-18,"1 BYO - No Share, Order Only (Weekly Shares)","Combined CSA","Fair Shares Thursday Pickup","St. Louis","MO","63104",0,"Automatic","None","Not on Hold","Fair Shares - Thursday - Thursday","Debit on Delivery",0,0,0,2017-08-16,2021-08-12,NA,2026-08-28,765
2022-12-16 03:51:25,2022-10-11,"1 (BYO) KWG - Orders Only (Weekly Shares)","Combined CSA","Kirkwood Pickup","Ballwin","MO","63011",0,"Automatic","None","Not on Hold","Kirkwood - Thursday","Debit on Delivery",0,0,0,2022-10-20,2022-12-15,NA,2026-08-28,1696
2026-08-20 04:00:18,2017-07-18,"1 Half (Half Share - ODD week), 1 No Produce - Order Only (even wk)","Combined CSA","FSB","St. Louis","MO","63122",169.17,"Automatic","Orange","Not on Hold","Fair Shares - Wednesday  - Wednesday","$150",0,0,0,2017-08-23,2026-08-19,NA,2026-08-28,1459
2026-03-27 07:08:21,2023-05-20,"1  (BYO) FSG - Orders Only","Combined CSA","Fair Shares Wednesday Pickup","Maplewood","MO","63143",0,"Automatic","None","Not on Hold","Fair Shares - Wednesday  - Wednesday","Debit on Delivery",0,0,0,2023-05-24,2023-08-30,NA,2026-08-28,1011
2026-04-26 22:26:46,2023-10-28,"1 (BYO) KWG - Orders Only (Weekly Shares)","Combined CSA","Kirkwood Pickup","Kirkwood","MO","63122",0,"Automatic","Purple","Hold","Kirkwood - Thursday","Debit on Delivery",0,0,0,2023-11-02,2026-02-26,NA,2026-08-28,1313
2026-08-27 04:00:32,2017-07-18,"1 (BYO) UCG - Orders Only","Combined CSA","UCity Pickup","High Ridge","MO","63049",0,"Automatic","Orange","Not on Hold","UCity - Wednesday","Debit on Delivery",0,0,0,2017-08-23,2026-08-26,NA,2026-08-28,1336
2026-01-26 21:05:08,2020-04-06,"1  (BYO) FSG - Orders Only","Combined CSA","Fair Shares Thursday Pickup","Saint Charles","MO","63303",0,"Automatic","None","Not on Hold","Fair Shares - Thursday - Thursday","Debit on Delivery",0,0,0,2020-04-09,2020-10-29,NA,2026-08-28,539
2026-08-27 04:00:39,2026-08-07,"1 Guest Access","Combined CSA","FSA","St Louis","MO","63118",0,"Automatic","None","Not on Hold","Fair Shares - Wednesday  - Wednesday","Debit on Delivery",0,0,0,2026-08-12,2026-08-26,NA,2026-08-28,870
2024-09-19 09:26:46,2017-07-20,"1  (BYO) FSG - Orders Only","Combined CSA","Fair Shares Thursday Pickup","Maplewood","MO","63143",0,"Automatic","Orange","Not on Hold","Fair Shares - Thursday - Thursday","Debit on Delivery",0,0,0,2017-08-17,2024-09-05,NA,2026-08-28,1493
2025-09-10 10:13:44,2025-09-09,"1  (BYO) FSG - Orders Only","Combined CSA","Fair Shares Thursday Pickup","St. Louis","MO","63116",0,NA,"None","Not on Hold","Fair Shares - Thursday - Thursday",NA,0,0,0,NA,NA,NA,2026-08-28,443
2026-08-28 02:35:58,2017-07-20,"1 UCA/KWA, 1 2% MILK","Combined CSA","KWA","St. Louis","63122","63122",228.87,"Automatic","None","Not on Hold","Kirkwood - Thursday","$300",0,0,0,2017-08-17,2026-08-27,NA,2026-08-28,807
2026-08-28 02:35:58,2017-07-18,"1 FSA/FSD","Combined CSA","FSD","St. Louis","MO","63011",364.53,"Automatic","None","Not on Hold","Fair Shares - Thursday - Thursday","$600",0,0,0,2017-08-16,2026-08-27,NA,2026-08-28,549
2025-07-21 08:45:55,2019-10-17,"1 (BYO) UCG - Orders Only","Combined CSA","UCity Pickup","Saint Louis","MO","63130",455.05,"Automatic","None","Not on Hold","UCity - Wednesday","Debit on Delivery",0,0,0,2019-10-23,2025-07-16,NA,2026-08-28,698
2024-10-25 09:19:48,2024-04-15,"1  (BYO) FSG - Orders Only","Combined CSA","Fair Shares Wednesday Pickup","St. Louis","MO","63109",0,"Automatic","Orange","Not on Hold","Fair Shares - Wednesday  - Wednesday","Debit on Delivery",0,0,0,2024-04-17,2024-10-16,NA,2026-08-28,1650
2025-03-20 13:45:18,2022-06-02,"1  (BYO) FSG - Orders Only","Combined CSA","Fair Shares Wednesday Pickup","St. Louis","MO","63110",0,"Automatic","Green","Not on Hold","Fair Shares - Wednesday  - Wednesday","Debit on Delivery",0,0,0,2022-06-08,2022-12-14,NA,2026-08-28,352
2022-03-12 11:44:43,2017-07-20,"1 (BYO) KWG - Orders Only (Weekly Shares)","Combined CSA","Kirkwood Pickup","Manchester","MO","63021",0,"Automatic","None","Not on Hold","Kirkwood - Thursday","Debit on Delivery",0,0,0,2017-08-17,2022-02-24,NA,2026-08-28,1278
2021-09-30 17:47:55,2021-04-08,"1  (BYO) FSG - Orders Only","Combined CSA","Fair Shares Thursday Pickup","St. Louis","MO","63118",0,NA,"None","Not on Hold","Fair Shares - Thursday - Thursday",NA,0,0,0,2021-04-08,2021-09-30,NA,2026-08-28,1655
2026-02-20 03:51:09,2025-03-20,"1  (BYO) FSG - Orders Only","Combined CSA","Fair Shares Thursday Pickup","St. Louis","MO","63110",0,"Automatic","None","Not on Hold","Fair Shares - Thursday - Thursday","Debit on Delivery",0,0,0,2025-04-03,2026-02-19,NA,2026-08-28,182
2022-06-08 19:10:58,2020-07-15,"1 BYO - No Share, Order Only (Weekly Shares)","Combined CSA","Fair Shares Thursday Pickup","St. Louis","MO","63118",0,"Automatic","None","Not on Hold","Fair Shares - Thursday - Thursday","Debit on Delivery",0,0,0,2020-07-22,2022-06-09,NA,2026-08-28,1332
2026-03-27 07:11:02,2022-07-17,"1  (BYO) FSG - Orders Only","Combined CSA","Fair Shares Wednesday Pickup","St louis","MO","63116",0,"Automatic","Green","Not on Hold","Fair Shares - Wednesday  - Wednesday","Debit on Delivery",0,0,0,2022-07-20,2023-03-01,NA,2026-08-28,26
2026-08-28 03:54:23,2020-10-16,"1 Half (Half Share - EVEN week), 1 No Produce - Order Only (odd wk)","Combined CSA","KWB","Ballwin","MO","63021",141.97,"Automatic","Purple","Not on Hold","Kirkwood - Thursday","$150",0,0,0,2020-10-29,2026-08-27,NA,2026-08-28,929
2026-05-12 15:15:21,2017-07-20,"1  (BYO) FSG - Orders Only","Combined CSA","Fair Shares Wednesday Pickup","Montgomery City","MO","63361",22.5,"Automatic","None","Not on Hold","Fair Shares - Wednesday  - Wednesday","Debit on Delivery",0,0,0,2017-08-17,2023-05-17,NA,2026-08-28,359
2019-05-22 11:23:35,2017-07-20,"1 BYO - No Share, Order Only (Weekly Shares)","Combined CSA","Fair Shares Thursday Pickup","St. Louis","MO","63139",-58.08,NA,"Purple","Hold","Fair Shares - Thursday - Thursday",NA,0,0,0,2017-08-17,2018-03-01,NA,2026-08-28,1825
2026-03-27 07:52:23,2018-08-25,"1 BYO - No Share, Order Only (Weekly Shares)","Combined CSA","Fair Shares Wednesday Pickup","St. Louis","MO","63123",0.01,"Automatic","None","Not on Hold","Fair Shares - Wednesday  - Wednesday","Debit on Delivery",0,0,0,2018-08-30,2020-01-08,NA,2026-08-28,1316
2025-09-12 03:56:48,2021-05-15,"1  (BYO) FSG - Orders Only","Combined CSA","Fair Shares Thursday Pickup","St. Louis","MO","63109",0,"Automatic","Purple","Not on Hold","Fair Shares - Thursday - Thursday","Debit on Delivery",0,0,0,2021-05-20,2025-09-11,NA,2026-08-28,1860
2026-08-27 02:43:44,2020-04-17,"1 Half (Half Share - EVEN week)","Combined CSA","FSB","St. Louis","MO","63109",81.73,"Automatic","Purple","Not on Hold","Fair Shares - Wednesday  - Wednesday","$150",0,0,0,2020-04-22,2026-08-26,NA,2026-08-28,1989
2026-08-27 04:00:41,2026-08-13,"1 Guest Access","Combined CSA","UCM","St Louis","MO","63117",0,"Automatic","None","Not on Hold","UCity - Wednesday","Debit on Delivery",0,0,0,2026-08-19,2026-08-26,NA,2026-08-28,429
2026-08-28 03:54:21,2025-12-29,"1 Half (Half Share - EVEN week)","Combined CSA","FSE","St. louis","MO","63104",224.01,"Automatic","Purple","Not on Hold","Fair Shares - Thursday - Thursday","$150",0,0,0,2026-01-07,2026-08-27,NA,2026-08-28,652
2026-08-20 02:43:55,2017-07-18,"1 Half (Half Share - ODD week), 1 No Produce - Order Only (even wk)","Combined CSA","FSB","St. Louis","MO","63117",87.69,"Automatic","Blue Orange","Not on Hold","Fair Shares - Wednesday  - Wednesday","$150",0,0,0,2017-08-23,2026-08-19,NA,2026-08-28,919
2023-12-29 03:51:24,2020-07-14,"1 (BYO) UCG - Orders Only","Combined CSA","UCity Pickup","University City","MO","63130",0,"Automatic","Green","Not on Hold","UCity - Wednesday","Debit on Delivery",0,0,0,2020-07-15,2023-11-01,NA,2026-08-28,1130
2026-08-27 02:43:44,2017-07-18,"1 UCA/KWA","Combined CSA","UCA","St. Louis","MO","63130",202.48,"Automatic","None","Not on Hold","UCity - Wednesday","$300",0,0,0,2017-08-16,2026-08-26,NA,2026-08-28,1923
2026-08-28 02:35:58,2017-07-18,"1 Eggs - Buttonwood (Weekly Shares), 1 Mini (Weekly Shares)","Combined CSA","UCM","St. Louis","MO","63124",0,"Automatic","None","Not on Hold","UCity - Wednesday","Debit on Delivery",0,0,0,2017-08-16,2026-08-26,NA,2026-08-28,1014
2026-08-28 02:35:58,2021-07-10,"2 Skim MILK, 1 FSA/FSD","Combined CSA","FSD","St. Louis","MO","63104",234.7,"Automatic","Green","Not on Hold","Fair Shares - Thursday - Thursday","$300",0,0,0,2021-07-15,2026-08-27,NA,2026-08-28,310
2026-07-21 16:49:19,2024-01-16,"1  (BYO) FSG - Orders Only","Combined CSA","Fair Shares Thursday Pickup","St. Louis","MO","63144",171.96,"Automatic","Orange","Not on Hold","Fair Shares - Thursday - Thursday","Debit on Delivery",0,0,0,2024-01-25,2026-07-09,NA,2026-08-28,208
2026-08-03 08:05:33,2017-07-18,"1 (BYO) UCG - Orders Only","Combined CSA","UCity Pickup","St. Louis","63130","63103",0.16,"Automatic","None","Not on Hold","UCity - Wednesday","Debit on Delivery",0,0,0,2017-08-16,2026-07-29,NA,2026-08-28,1000
2026-04-20 12:54:23,2019-09-10,"1  (BYO) FSG - Orders Only","Combined CSA","Fair Shares Thursday Pickup","St Louis","MO","63110",300.47,"Automatic","Purple","Hold","Fair Shares - Thursday - Thursday","Debit on Delivery",0,0,0,2019-09-11,2024-07-18,NA,2026-08-28,1312
2026-04-20 14:10:53,2018-05-18,"1 BYO - No Share, Order Only (Weekly Shares)","Combined CSA","Fair Shares Wednesday Pickup","St Louis","MO","63110",0,"Automatic","None","Not on Hold","Fair Shares - Wednesday  - Wednesday","Debit on Delivery",0,0,0,2018-05-24,2026-02-18,NA,2026-08-28,1210
2026-08-20 02:43:55,2020-11-07,"1 UCA/KWA","Combined CSA","UCA","St Louis","MO","63112",135.73,"Automatic","None","Not on Hold","UCity - Wednesday","$300",0,0,0,2020-11-11,2026-08-19,NA,2026-08-28,373
2021-10-15 10:02:18,2020-06-05,"1  (BYO) FSG - Orders Only","Combined CSA","Fair Shares Thursday Pickup","Wildwood","MO","63069",0,"Automatic","Purple","Not on Hold","Fair Shares - Thursday - Thursday","Debit on Delivery",0,0,0,2020-06-11,2021-10-14,NA,2026-08-28,567
2024-12-31 11:08:34,2021-10-09,"1  (BYO) FSG - Orders Only","Combined CSA","Fair Shares Thursday Pickup","St. Charles","MO","63303",113.7,"Automatic","Purple","Not on Hold","Fair Shares - Thursday - Thursday","Debit on Delivery",0,0,0,2021-10-14,2024-12-19,NA,2026-08-28,996
2026-08-27 02:43:44,2020-03-08,"1 FSA/FSD","Combined CSA","FSA","St. Louis","MO","63139",320.18,"Automatic","None","Not on Hold","Fair Shares - Wednesday  - Wednesday","Debit on Delivery",0,0,0,2020-03-25,2026-08-26,NA,2026-08-28,99
2026-08-27 02:43:44,2022-05-17,"1 Half (Half Share - ODD week), 1 No Produce - Order Only (even wk)","Combined CSA","FSB","St. Louis","MO","63143",470.07,"Automatic","Green Orange","Not on Hold","Fair Shares - Wednesday  - Wednesday","$600",0,0,0,2022-05-26,2026-08-26,NA,2026-08-28,962
2026-08-28 03:54:26,2020-12-25,"1 Half (Half Share - EVEN week), 3 Whole MILK-e","Combined CSA","FSE","St Louis","MO","63116",118.58,"Automatic","Green Purple","Not on Hold","Fair Shares - Thursday - Thursday","$150",0,0,0,2021-01-07,2026-08-27,NA,2026-08-28,700
2024-12-05 17:39:18,2020-03-31,"1  (BYO) FSG - Orders Only","Combined CSA","Fair Shares Wednesday Pickup","Saint Louis","MO","63139",0,"Automatic","Green","Not on Hold","Fair Shares - Wednesday  - Wednesday","Debit on Delivery",0,0,0,2020-04-08,2020-12-09,NA,2026-08-28,920
2023-07-21 02:42:18,2021-04-23,"1 (BYO) KWG - Orders Only (Weekly Shares)","Combined CSA","Kirkwood Pickup","Kirkwood","MO","63122",0.31,"Automatic","Green","Not on Hold","Kirkwood - Thursday","Debit on Delivery",0,0,0,2021-04-28,2023-07-20,NA,2026-08-28,1082
2020-10-19 10:40:31,2020-05-27,"1  (BYO) FSG - Orders Only","Combined CSA","Fair Shares Wednesday Pickup","St louis","MO","63110",0,"Automatic","Green Purple","Not on Hold","Fair Shares - Wednesday  - Wednesday","Debit on Delivery",0,0,0,2020-06-03,2020-10-14,NA,2026-08-28,1852
2022-06-23 11:06:36,2022-04-27,"1  (BYO) FSG - Orders Only","Combined CSA","Fair Shares Thursday Pickup","St Louis","MO","63128",0,"Automatic","None","Not on Hold","Fair Shares - Thursday - Thursday","Debit on Delivery",0,0,0,2022-05-13,2022-06-03,NA,2026-08-28,1562
2026-05-05 07:09:07,2020-04-11,"1 (BYO) KWG - Orders Only (Weekly Shares)","Combined CSA","Kirkwood Pickup","Kirkwood","MO","63122",0,"Automatic","Purple","Hold","Kirkwood - Thursday","Debit on Delivery",0,0,0,2020-04-16,2026-02-26,NA,2026-08-28,1329
2026-08-28 02:35:58,2017-07-18,"1 Half (Half Share - EVEN week), 1 Creamline MILK-e","Combined CSA","FSE","St. Louis","MO","63122",128.7,"Automatic","Purple","Not on Hold","Fair Shares - Thursday - Thursday","$300",0,0,0,2017-08-17,2026-08-27,NA,2026-08-28,22
2026-08-28 02:35:58,2017-08-11,"1 BYO - No Share, Order Only (Weekly Shares)","Combined CSA","Fair Shares Thursday Pickup","St. Louis","MO","63110",-622.65,NA,"None","Not on Hold","Fair Shares - Thursday - Thursday","$150",0,0,0,2017-09-13,2026-08-27,NA,2026-08-28,1522
2026-04-14 09:09:22,2017-07-18,"1  (BYO) FSG - Orders Only","Combined CSA","Fair Shares Wednesday Pickup","St. Louis","MO","63119",3.53,"Automatic","Orange","Not on Hold","Fair Shares - Wednesday  - Wednesday","Debit on Delivery",0,0,0,2017-08-16,2026-02-18,NA,2026-08-28,671
2026-08-27 02:43:44,2018-08-22,"1 FSA/FSD, 1 Whole MILK","Combined CSA","FSA","Saint Louis","MO","63109",241.96,"Automatic","None","Not on Hold","Fair Shares - Wednesday  - Wednesday","$300",0,0,0,2018-08-22,2026-08-26,NA,2026-08-28,709
2026-08-21 03:55:51,2020-05-05,"1 Half (Half Share - ODD week)","Combined CSA","FSE","St. Louis","MO","63104",290.11,"Automatic","Green Orange","Not on Hold","Fair Shares - Thursday - Thursday","$300",0,0,0,2020-05-07,2026-08-20,NA,2026-08-28,1131
2022-05-13 03:51:46,2020-03-22,"1  (BYO) FSG - Orders Only","Combined CSA","Fair Shares Thursday Pickup","St. Louis","MO","63139",0,"Automatic","Green","Not on Hold","Fair Shares - Thursday - Thursday","Debit on Delivery",0,0,0,2020-03-26,2022-05-12,NA,2026-08-28,537
2026-08-28 02:35:58,2026-02-09,"1 Mini (Weekly Shares)","Combined CSA","FSMini-t","St. Louis","MO","63128",91.18,"Automatic","None","Not on Hold","Fair Shares - Thursday - Thursday","$150",0,0,0,2026-02-12,2026-08-27,NA,2026-08-28,32
2026-03-27 08:01:17,2017-07-18,"1 BYO - No Share, Order Only (Weekly Shares)","Combined CSA","Fair Shares Wednesday Pickup","St. Louis","MO","63139",0,"Automatic","None","Not on Hold","Fair Shares - Wednesday  - Wednesday","Debit on Delivery",0,0,0,2017-08-16,2022-11-23,NA,2026-08-28,980
2026-01-19 07:55:08,2022-09-14,"1  (BYO) FSG - Orders Only","Combined CSA","Fair Shares Thursday Pickup","St. Louis","MO","63118",2.36,"Automatic","Green","Not on Hold","Fair Shares - Thursday - Thursday","Debit on Delivery",0,0,0,2022-09-29,2026-01-15,NA,2026-08-28,744
2024-06-06 03:48:26,2019-05-17,"1  (BYO) FSG - Orders Only","Combined CSA","Fair Shares Wednesday Pickup","St. Louis","MO","63110",0,"Automatic","None","Not on Hold","Fair Shares - Wednesday  - Wednesday","Debit on Delivery",0,0,0,2019-05-29,2024-06-05,NA,2026-08-28,1911
2026-05-05 16:20:29,2017-07-18,"1 BYO - No Share, Order Only (Weekly Shares)","Combined CSA","Fair Shares Wednesday Pickup","St. Louis","MO","63110",144.13,"Automatic","None","Not on Hold","Fair Shares - Wednesday  - Wednesday","Debit on Delivery",0,0,0,2017-08-16,2026-05-06,NA,2026-08-28,37
2024-08-23 03:57:17,2023-09-22,"1  (BYO) FSG - Orders Only","Combined CSA","Fair Shares Thursday Pickup","Ballwin","MO","63011",0,"Automatic","Orange","Not on Hold","Fair Shares - Thursday - Thursday","Debit on Delivery",0,0,0,2023-09-28,2024-08-22,NA,2026-08-28,917
2025-03-12 11:05:24,2020-05-18,"1  (BYO) FSG - Orders Only","Combined CSA","Fair Shares Wednesday Pickup","St. Louis","MO","63110",0,"Automatic","Green Purple","Not on Hold","Fair Shares - Wednesday  - Wednesday","Debit on Delivery",0,0,0,2020-05-21,2025-02-26,NA,2026-08-28,596
2018-08-20 18:49:42,2017-07-18,"1 BYO - No Share, Order Only (Weekly Shares)","Combined CSA","Fair Shares Thursday Pickup","St. Louis","MO","63119",-8.95,NA,"Purple","Hold","Fair Shares - Thursday - Thursday","Debit on Delivery",0,0,0,2017-08-17,2018-04-12,NA,2026-08-28,942
2026-04-28 21:21:50,2022-03-22,"1  (BYO) FSG - Orders Only","Combined CSA","Fair Shares Thursday Pickup","St. Louis","MO","63118",0.02,"Automatic","Purple","Hold","Fair Shares - Thursday - Thursday","Debit on Delivery",0,0,0,2022-03-31,2026-02-26,NA,2026-08-28,27
2026-05-14 02:27:41,2019-06-25,"1  (BYO) FSG - Orders Only","Combined CSA","Fair Shares Wednesday Pickup","St. Louis","MO","63119",0,"Automatic","Payment","Not on Hold","Fair Shares - Wednesday  - Wednesday","Debit on Delivery",0,0,0,2019-07-10,2024-09-18,NA,2026-08-28,206
2025-11-17 08:35:20,2025-01-27,"1  (BYO) FSG - Orders Only","Combined CSA","Fair Shares Wednesday Pickup","St. Louis","MO","63123",0,"Automatic","None","Not on Hold","Fair Shares - Wednesday  - Wednesday","Debit on Delivery",0,0,0,2025-01-29,2025-11-12,NA,2026-08-28,588
2026-08-27 02:43:44,2017-07-18,"1 UCA/KWA","Combined CSA","UCA","St. Louis","63130","MO",173.63,"Automatic","None","Not on Hold","UCity - Wednesday","$600",0,0,0,2017-08-16,2026-08-26,NA,2026-08-28,541
2023-10-16 09:40:15,2019-09-26,"1  (BYO) FSG - Orders Only","Combined CSA","Fair Shares Wednesday Pickup","Saint louis","MO","63110",0,"Automatic","None","Not on Hold","Fair Shares - Wednesday  - Wednesday","Debit on Delivery",0,0,0,2019-10-02,2023-08-23,NA,2026-08-28,1165
2026-05-14 02:27:41,2019-06-09,"1 (BYO) UCG - Orders Only","Combined CSA","UCity Pickup","St Louis","MO","63130",0,"Automatic","Payment","Not on Hold","UCity - Wednesday","Debit on Delivery",0,0,0,2019-06-12,2025-10-15,NA,2026-08-28,1889
2023-11-02 02:37:55,2023-08-20,"1 (BYO) UCG - Orders Only","Combined CSA","UCity Pickup","University City","MO","63130",175.56,"Automatic","Purple","Not on Hold","UCity - Wednesday","Debit on Delivery",0,0,0,2023-08-23,2023-11-01,NA,2026-08-28,1029
2026-08-20 04:00:40,2023-02-11,"1 Half (Half Share - ODD week)","Combined CSA","UCB","University City","MO","63130",643.8,"Automatic","Orange","Not on Hold","UCity - Wednesday","$600",0,0,0,2023-02-15,2026-08-19,NA,2026-08-28,1997
2026-04-28 09:14:02,2021-10-22,"1  (BYO) FSG - Orders Only","Combined CSA","Fair Shares Thursday Pickup","Saint Louis","MO","63139",168.83,"Automatic","None","Not on Hold","Fair Shares - Thursday - Thursday","Debit on Delivery",0,0,0,2021-10-28,2026-02-05,NA,2026-08-28,1227
2026-04-20 13:34:42,2020-05-28,"1  (BYO) FSG - Orders Only","Combined CSA","Fair Shares Wednesday Pickup","St. Louis","MO","63139",0.01,"Automatic","Green","Not on Hold","Fair Shares - Wednesday  - Wednesday","Debit on Delivery",0,0,0,2020-06-10,2021-10-20,NA,2026-08-28,1183
2026-04-20 08:36:20,2020-04-09,"1  (BYO) FSG - Orders Only","Combined CSA","Fair Shares Thursday Pickup","St Louis","MO","63110",105.46,"Automatic","Purple","Hold","Fair Shares - Thursday - Thursday",NA,0,0,0,2020-04-15,2021-09-16,NA,2026-08-28,1430
2021-11-25 03:53:56,2020-04-07,"1  (BYO) FSG - Orders Only","Combined CSA","Fair Shares Wednesday Pickup","St. Louis","MO","63116",0,"Automatic","Green","Not on Hold","Fair Shares - Wednesday  - Wednesday","Debit on Delivery",0,0,0,2020-04-15,2021-11-24,NA,2026-08-28,1480
2024-06-14 03:52:46,2017-07-18,"1  (BYO) FSG - Orders Only","Combined CSA","Fair Shares Thursday Pickup","St. Louis","MO","63104",0,"Automatic","None","Not on Hold","Fair Shares - Thursday - Thursday","Debit on Delivery",0,0,0,2017-08-16,2024-06-13,NA,2026-08-28,1890
2026-05-01 09:44:26,2022-03-29,"1 (BYO) UCG - Orders Only","Combined CSA","UCity Pickup","St. Louis","MO","63130",0,"Automatic","Green","Hold","UCity - Wednesday","Debit on Delivery",0,0,0,2022-04-06,2026-02-25,NA,2026-08-28,180
2026-08-28 03:54:36,2026-08-18,"1 Guest Access, 1 Mini (ONCE 2026-09-03)","Combined CSA","FSD","St louis","MO","63111",0,"Automatic","None","Not on Hold","Fair Shares - Thursday - Thursday","Debit on Delivery",0,0,0,2026-08-27,2026-08-27,NA,2026-08-28,669
2021-09-18 10:42:46,2020-07-26,"1  (BYO) FSG - Orders Only","Combined CSA","Fair Shares Wednesday Pickup","St. Louis","MO","63108",0,"Automatic","Green","Not on Hold","Fair Shares - Wednesday  - Wednesday","Debit on Delivery",0,0,0,2020-07-29,2021-09-15,NA,2026-08-28,677
2026-03-02 09:01:15,2022-01-24,"1  (BYO) FSG - Orders Only","Combined CSA","Fair Shares Thursday Pickup","St. Louis","MO","63109",6.91,"Automatic","Green","Not on Hold","Fair Shares - Thursday - Thursday","Debit on Delivery",0,0,0,2022-01-27,2026-02-19,NA,2026-08-28,1339
2024-03-15 12:44:15,2022-03-14,"1 (BYO) KWG - Orders Only (Weekly Shares)","Combined CSA","Kirkwood Pickup","Kirkwood","MO","63122",98,"Automatic","Purple","Not on Hold","Kirkwood - Thursday","Debit on Delivery",0,0,0,2022-03-24,2024-03-07,NA,2026-08-28,1945
2026-07-14 15:25:05,2021-04-08,"1  (BYO) FSG - Orders Only","Combined CSA","Fair Shares Thursday Pickup","St Louis","MO","63119",0,NA,"None","Not on Hold","Fair Shares - Thursday - Thursday",NA,0,0,0,2021-04-15,2025-10-16,NA,2026-08-28,978
2026-04-20 14:10:00,2020-04-04,"1  (BYO) FSG - Orders Only","Combined CSA","Fair Shares Thursday Pickup","St. Louis","MO","63139",0,"Automatic","Orange","Not on Hold","Fair Shares - Thursday - Thursday","Debit on Delivery",0,0,0,2020-04-09,2026-02-19,NA,2026-08-28,599
2025-10-16 03:59:18,2023-02-09,"1 (BYO) UCG - Orders Only","Combined CSA","UCity Pickup","Saint Louis","MO","63112",0,"Automatic","None","Not on Hold","UCity - Wednesday","Debit on Delivery",0,0,0,2023-02-15,2025-10-15,NA,2026-08-28,1185
2026-08-21 02:36:06,2017-07-20,"1 Half (Half Share - ODD week)","Combined CSA","KWB","St. Louis","MO","63122",79.05,"Automatic","Orange","Not on Hold","Kirkwood - Thursday","$150",0,0,0,2017-08-24,2026-08-20,NA,2026-08-28,1626
2026-03-27 07:46:58,2019-05-29,"1  (BYO) FSG - Orders Only","Combined CSA","Fair Shares Wednesday Pickup","St Louis","MO","63108",0,"Automatic","None","Not on Hold","Fair Shares - Wednesday  - Wednesday","Debit on Delivery",0,0,0,2019-06-05,2023-06-21,NA,2026-08-28,1715
2026-04-20 10:35:24,2021-06-15,"1 (BYO) KWG - Orders Only (Weekly Shares)","Combined CSA","Kirkwood Pickup","Chesterfield","MO","63017",115.87,"Automatic","Orange","Hold","Kirkwood - Thursday","Debit on Delivery",0,0,0,2021-06-24,2023-10-12,NA,2026-08-28,1678
2026-04-13 09:52:01,2024-01-06,"1  (BYO) FSG - Orders Only","Combined CSA","Fair Shares Wednesday Pickup","Saint Louis","MO","63123",139.55,"Automatic","None","Hold","Fair Shares - Wednesday  - Wednesday","Debit on Delivery",0,0,0,2024-01-10,2025-10-15,NA,2026-08-28,332
2022-05-26 09:29:37,2017-11-13,"1 BYO - No Share, Order Only (Weekly Shares)","Combined CSA","Fair Shares Thursday Pickup","Maryland Heights","MO","63043",0,"Automatic","None","Not on Hold","Fair Shares - Thursday - Thursday","Debit on Delivery",0,0,0,2017-11-15,2022-05-25,NA,2026-08-28,1610
2026-04-29 06:17:57,2026-01-08,"1 (BYO) UCG - Orders Only","Combined CSA","UCity Pickup","Saint Louis","MO","63105",149.41,"Automatic","None","Not on Hold","UCity - Wednesday","Debit on Delivery",0,0,0,2026-01-14,2026-02-25,NA,2026-08-28,938
2021-07-15 03:57:21,2020-03-26,"1  (BYO) FSG - Orders Only","Combined CSA","Fair Shares Wednesday Pickup","St. Louis","MO","63130",0,"Automatic","Orange","Not on Hold","Fair Shares - Wednesday  - Wednesday","Debit on Delivery",0,0,0,2020-04-08,2021-07-14,NA,2026-08-28,226
2026-08-07 03:55:53,2020-03-15,"1  (BYO) FSG - Orders Only","Combined CSA","Fair Shares Thursday Pickup","St. Louis","MO","63110",0,"Automatic","Orange","Not on Hold","Fair Shares - Thursday - Thursday","Debit on Delivery",0,0,0,2020-03-26,2026-08-06,NA,2026-08-28,1308
2026-03-27 07:24:34,2020-10-11,"1  (BYO) FSG - Orders Only","Combined CSA","Fair Shares Wednesday Pickup","St Louis","MO","63110",0,"Automatic","Green Orange","Not on Hold","Fair Shares - Wednesday  - Wednesday","Debit on Delivery",0,0,0,2020-10-14,2022-07-27,NA,2026-08-28,1812
2021-12-19 20:28:45,2020-08-04,"1  (BYO) FSG - Orders Only","Combined CSA","Fair Shares Thursday Pickup","St. Louis","MO","63118",0,"Automatic","Green","Not on Hold","Fair Shares - Thursday - Thursday","Debit on Delivery",0,0,0,2020-08-13,2021-12-16,NA,2026-08-28,495
2026-03-27 07:16:55,2021-11-30,"1  (BYO) FSG - Orders Only","Combined CSA","Fair Shares Wednesday Pickup","ST LOUIS","MO","63125",0,"Automatic","None","Not on Hold","Fair Shares - Wednesday  - Wednesday","Debit on Delivery",0,0,0,2021-12-08,2023-05-03,NA,2026-08-28,910
2026-08-27 04:00:44,2026-08-22,"1 Guest Access, 1 FSA/FSD (ONCE 2026-09-02)","Combined CSA","FSA","St louis","MO","63109",0,"Automatic","None","Not on Hold","Fair Shares - Wednesday  - Wednesday","Debit on Delivery",0,0,0,2026-08-26,2026-08-26,NA,2026-08-28,964
2022-08-11 02:48:21,2019-07-23,"1 (BYO) UCG - Orders Only","Combined CSA","UCity Pickup","Clayton","MO","63105",0,NA,"None","Not on Hold","UCity - Wednesday","Debit on Delivery",0,0,0,2019-08-14,2022-08-10,NA,2026-08-28,376
2026-07-14 11:36:14,2026-06-24,"1  (BYO) FSG - Orders Only","Combined CSA","Fair Shares Wednesday Pickup","St. Louis","MO","63138",0,NA,"None","Not on Hold","Fair Shares - Wednesday  - Wednesday",NA,0,0,0,2026-06-24,2026-07-01,NA,2026-08-28,144
2026-08-28 02:35:58,2023-04-24,"1 UCA/KWA","Combined CSA","KWA","Fenton","MO","63026",201.04,"Automatic","Green","Not on Hold","Kirkwood - Thursday","$300",0,0,0,2023-04-27,2026-08-27,NA,2026-08-28,1683
2026-08-27 02:43:44,2026-06-12,"1 FSA/FSD","Combined CSA","FSA","Saint Louis","MO","63139",158.76,"Automatic","None","Not on Hold","Fair Shares - Wednesday  - Wednesday","$300",0,0,0,2026-06-17,2026-08-26,NA,2026-08-28,751
2026-03-27 07:50:01,2018-11-14,"1  (BYO) FSG - Orders Only","Combined CSA","Fair Shares Wednesday Pickup","Saint Louis","MO","63104",0,"Automatic","Orange","Not on Hold","Fair Shares - Wednesday  - Wednesday","Debit on Delivery",0,0,0,2018-11-21,2024-02-28,NA,2026-08-28,177
2026-08-27 02:43:44,2022-07-20,"1 FSA/FSD","Combined CSA","FSA","St. Louis","MO","63110",483.26,"Automatic","None","Not on Hold","Fair Shares - Wednesday  - Wednesday","$600",0,0,0,2022-07-20,2026-08-26,NA,2026-08-28,1203
2026-08-27 02:43:44,2017-07-18,"1 Half (Half Share - EVEN week), 1 Creamline MILK-e, 1 Whole MILK-e","Combined CSA","UCB","St. Louis","MO","63119",239.44,"Automatic","Purple","Not on Hold","UCity - Wednesday","$300",0,0,0,2017-08-16,2026-08-26,NA,2026-08-28,814
2021-07-22 16:06:33,2017-09-13,"1 BYO - No Share, Order Only (Weekly Shares)","Combined CSA","Fair Shares Wednesday Pickup","Saint Louis","MO","63105",0,"Automatic","Purple","Not on Hold","Fair Shares - Wednesday  - Wednesday","Debit on Delivery",0,0,0,2017-09-13,2020-12-02,NA,2026-08-28,1076
2021-07-22 16:13:49,2021-02-03,"1  (BYO) FSG - Orders Only","Combined CSA","Fair Shares Thursday Pickup","Saint Louis","MO","63109",0,"Automatic","Green Orange","Not on Hold","Fair Shares - Thursday - Thursday","Debit on Delivery",0,0,0,2021-02-04,2021-07-15,NA,2026-08-28,363
2026-04-08 09:14:10,2017-08-20,"1  (BYO) FSG - Orders Only","Combined CSA","Fair Shares Thursday Pickup","shrewsbury","MO","63119",0,NA,"None","Not on Hold","Fair Shares - Thursday - Thursday","Debit on Delivery",0,0,0,2017-08-30,2024-11-14,NA,2026-08-28,619
2020-02-19 13:01:43,2018-05-01,"1 BYO - No Share, Order Only (Weekly Shares)","Combined CSA","Fair Shares Thursday Pickup","st. louis","MO","63110",0,NA,"None","Not on Hold","Fair Shares - Thursday - Thursday",NA,0,0,0,2018-11-08,2018-11-08,NA,2026-08-28,69
2025-11-14 03:56:29,2021-01-19,"1  (BYO) FSG - Orders Only","Combined CSA","Fair Shares Thursday Pickup","Saint Louis","MO","63139",0,"Automatic","Orange","Not on Hold","Fair Shares - Thursday - Thursday","Debit on Delivery",0,0,0,2021-01-21,2025-11-13,NA,2026-08-28,730
2026-03-27 08:05:45,2017-07-18,"1 BYO - No Share, Order Only (Weekly Shares)","Combined CSA","Fair Shares Wednesday Pickup","Festus, MO","MO","63028",0,NA,"Orange","Hold","Fair Shares - Wednesday  - Wednesday","Debit on Delivery",0,0,0,2017-08-23,2018-02-21,NA,2026-08-28,1019
2025-11-18 15:53:13,2020-04-05,"1 (BYO) UCG - Orders Only","Combined CSA","UCity Pickup","St. Louis","MO","63130",0,"Automatic","None","Hold","UCity - Wednesday","Debit on Delivery",0,0,0,2020-04-15,2024-08-07,NA,2026-08-28,1628
2026-08-28 03:54:18,2026-03-20,"1 Mini (Weekly Shares)","Combined CSA","KWM","SAINT LOUIS","MO","63122",180.99,"Automatic","None","Not on Hold","Kirkwood - Thursday","$150",0,0,0,2026-04-29,2026-08-27,NA,2026-08-28,868
2026-04-13 10:03:58,2020-03-30,"1 (BYO) UCG - Orders Only","Combined CSA","UCity Pickup","Overland","MO","63114",0,NA,"Orange","Hold","UCity - Wednesday","Debit on Delivery",0,0,0,2020-04-08,2020-06-17,NA,2026-08-28,1426
2026-03-27 07:54:15,2018-06-18,"1  (BYO) FSG - Orders Only","Combined CSA","Fair Shares Wednesday Pickup","St. Louis","MO","63113",0,NA,"None","Hold","Fair Shares - Wednesday  - Wednesday","Debit on Delivery",0,0,0,2018-07-11,2021-02-24,NA,2026-08-28,802
2026-08-27 04:00:33,2017-07-18,"1 Mini (Weekly Shares), 1 Whole MILK","Combined CSA","FSMini-w","St. Louis","MO","63110",359.82,"Automatic","None","Not on Hold","Fair Shares - Wednesday  - Wednesday","$300",0,0,0,2017-08-16,2026-08-26,NA,2026-08-28,1577
2026-08-27 04:00:40,2021-01-16,"1 Mini (Weekly Shares)","Combined CSA","FSMini-w","St. Louis","MO","63110",174.39,"Automatic","None","Not on Hold","Fair Shares - Wednesday  - Wednesday","$150",0,0,0,2021-01-20,2026-08-26,NA,2026-08-28,554
2026-08-27 04:00:51,2019-10-23,"1 Half (Half Share - EVEN week)","Combined CSA","FSB","webster groves","MO","63119",185.95,"Automatic","Purple","Not on Hold","Fair Shares - Wednesday  - Wednesday","$150",0,0,0,2019-10-23,2026-08-26,NA,2026-08-28,637
2026-08-28 02:35:58,2022-06-13,"1 Half (Half Share - EVEN week)","Combined CSA","FSE","St Louis","MO","63104",190.08,"Automatic","Green Purple","Not on Hold","Fair Shares - Thursday - Thursday","$600",0,0,0,2022-06-22,2026-08-27,NA,2026-08-28,249
2026-08-28 03:54:19,2017-07-18,"1 FSA/FSD","Combined CSA","FSD","St. Louis","MO","63119",361.88,"Automatic","None","Not on Hold","Fair Shares - Thursday - Thursday","$300",0,0,0,2017-08-17,2026-08-27,NA,2026-08-28,471
2026-08-27 02:43:44,2017-07-18,"1 Half (Half Share - EVEN week)","Combined CSA","UCB","St. Louis","MO","63117",91.87,"Automatic","Purple","Not on Hold","UCity - Wednesday","$150",0,0,0,2017-08-16,2026-08-26,NA,2026-08-28,1105
2024-09-13 03:58:49,2020-03-27,"1 BYO - No Share, Order Only (Weekly Shares)","Combined CSA","Fair Shares Thursday Pickup","St. Louis","MO","63116",0,"Automatic","None","Not on Hold","Fair Shares - Thursday - Thursday","Debit on Delivery",0,0,0,2020-04-02,2024-09-12,NA,2026-08-28,369
2026-02-20 03:51:13,2020-08-18,"1  (BYO) FSG - Orders Only","Combined CSA","Fair Shares Thursday Pickup","St. Louis","MO","63109-1614",0,"Automatic","Green","Not on Hold","Fair Shares - Thursday - Thursday","Debit on Delivery",0,0,0,2020-08-27,2026-02-19,NA,2026-08-28,330
2021-12-06 09:48:50,2021-04-06,"1 (BYO) UCG - Orders Only","Combined CSA","UCity Pickup","St louis","MO","63130",0,"Automatic","None","Not on Hold","UCity - Wednesday","Debit on Delivery",0,0,0,2021-04-14,2021-12-01,NA,2026-08-28,820
2021-07-05 08:31:52,2021-03-08,"1  (BYO) FSG - Orders Only","Combined CSA","Kirkwood Pickup","Kirkwood","MO","63122",0,"Automatic","Green","Not on Hold","Kirkwood - Thursday","Debit on Delivery",0,0,0,2021-03-25,2021-07-01,NA,2026-08-28,1942
2026-08-27 04:00:48,2021-02-13,"1 Half (Half Share - EVEN week), 1 No Produce - Order Only (odd wk)","Combined CSA","FSE","Edwardsville","IL","62025",109.75,"Automatic","Purple","Not on Hold","Fair Shares - Thursday - Thursday","$150",0,0,0,2021-02-24,2026-08-26,NA,2026-08-28,1505
2026-08-21 03:56:01,2020-04-03,"1 Half (Half Share - ODD week)","Combined CSA","FSE","Saint Louis","MO","63139",111.88,"Automatic","Orange","Not on Hold","Fair Shares - Thursday - Thursday","$150",0,0,0,2020-04-09,2026-08-20,NA,2026-08-28,1102
2026-03-27 07:34:16,2020-05-03,"1  (BYO) FSG - Orders Only","Combined CSA","Fair Shares Wednesday Pickup","St. Louis","MO","63110",0,"Automatic","None","Not on Hold","Fair Shares - Wednesday  - Wednesday","Debit on Delivery",0,0,0,2020-05-06,2021-01-20,NA,2026-08-28,1234
2024-05-27 16:47:10,2024-03-04,"1 (BYO) KWG - Orders Only (Weekly Shares)","Combined CSA","Kirkwood Pickup","Saint Louis","MO","63128",206.26,"Automatic","Purple","Not on Hold","Kirkwood - Thursday","Debit on Delivery",0,0,0,2024-04-11,2024-05-09,NA,2026-08-28,1770
2026-03-27 07:53:39,2018-08-02,"1 BYO - No Share, Order Only (Weekly Shares)","Combined CSA","Fair Shares Wednesday Pickup","St. Louis","MO","63121",0,NA,"None","Hold","Fair Shares - Wednesday  - Wednesday","Debit on Delivery",0,0,0,2018-08-08,2019-07-24,NA,2026-08-28,1240
2022-05-02 09:02:11,2020-04-25,"1 (BYO) UCG - Orders Only","Combined CSA","UCity Pickup","Olivette","MO","63132",0,"Automatic","Green Orange","Not on Hold","UCity - Wednesday","Debit on Delivery",0,0,0,2020-04-29,2021-11-03,NA,2026-08-28,1216
2026-08-27 02:43:44,2023-03-20,"1 Half (Half Share - EVEN week), 1 No Produce - Order Only (odd wk)","Combined CSA","FSB","Brentwood","MO","63144",249.28,"Automatic","Purple","Not on Hold","Fair Shares - Wednesday  - Wednesday","$600",0,0,0,2023-04-05,2026-08-26,NA,2026-08-28,620
2025-08-10 03:39:55,2017-07-18,"1  (BYO) FSG - Orders Only","Combined CSA","Fair Shares Thursday Pickup","Jacksonville","FL","32256",0,"Automatic","Purple","Not on Hold","Fair Shares - Thursday - Thursday","Debit on Delivery",0,0,0,2017-08-16,2021-06-23,NA,2026-08-28,937
2023-04-24 08:07:19,2020-08-17,"1 (BYO) UCG - Orders Only","Combined CSA","UCity Pickup","St. Louis","MO","63105",0,"Automatic","Green","Not on Hold","UCity - Wednesday","Debit on Delivery",0,0,0,2020-08-20,2023-02-15,NA,2026-08-28,1382
2026-08-28 03:54:37,2020-04-05,"1 Half (Half Share - EVEN week), 1 No Produce - Order Only (odd wk)","Combined CSA","KWB","Glendale","MO","63122",352.45,"Automatic","Green Purple","Not on Hold","Kirkwood - Thursday","$300",0,0,0,2020-04-09,2026-08-27,NA,2026-08-28,1419
2026-08-28 03:54:32,2026-07-01,"1 Mini (Weekly Shares)","Combined CSA","FSMini-t","Richmond Heights","MO","63117",193.92,"Automatic","None","Not on Hold","Fair Shares - Thursday - Thursday","$150",0,0,0,2026-07-09,2026-08-27,NA,2026-08-28,501
2026-04-02 11:35:06,2017-07-18,"1 (BYO) KWG - Orders Only (Weekly Shares)","Combined CSA","Kirkwood Pickup","Webster Groves","MO","63119",0,"Automatic","None","Not on Hold","Kirkwood - Thursday","Debit on Delivery",0,0,0,2017-08-16,2026-02-26,NA,2026-08-28,1763
2026-02-05 03:54:31,2024-04-06,"1  (BYO) FSG - Orders Only","Combined CSA","Fair Shares Wednesday Pickup","St. Louis","MO","63109",0,"Automatic","None","Not on Hold","Fair Shares - Wednesday  - Wednesday","Debit on Delivery",0,0,0,2024-04-10,2026-02-04,NA,2026-08-28,1289
2024-04-02 15:44:08,2023-03-17,"1  (BYO) FSG - Orders Only","Combined CSA","Fair Shares Wednesday Pickup","St Louis","MO","63111",0,"Automatic","Green","Not on Hold","Fair Shares - Wednesday  - Wednesday","Debit on Delivery",0,0,0,2023-03-29,2024-03-06,NA,2026-08-28,1925
2022-08-11 12:26:48,2018-04-12,"1  (BYO) FSG - Orders Only","Combined CSA","Fair Shares Thursday Pickup","St. Louis","MO","63130",0,"Automatic","Orange","Not on Hold","Fair Shares - Thursday - Thursday","Debit on Delivery",0,0,0,2018-04-19,2022-04-21,NA,2026-08-28,966
2026-08-27 11:30:50,2026-08-26,"1 Guest Access, 1 FSA/FSD (ONCE 2026-09-02), 1 Mini (ONCE 2026-09-09)","Combined CSA","FSA","Saint Louis","MO","63110",0,"Automatic","None","Not on Hold","Fair Shares - Wednesday  - Wednesday","Debit on Delivery",0,0,0,NA,NA,NA,2026-08-28,1009
2020-10-02 04:06:07,2017-07-18,"1 (BYO) UCG - Orders Only","Combined CSA","UCity Pickup","St. Louis","MO","63124",0,"Automatic","Purple","Not on Hold","UCity - Wednesday","Debit on Delivery",0,0,0,2017-08-16,2020-09-30,NA,2026-08-28,1588
2026-06-25 02:41:38,2024-05-06,"1  (BYO) FSG - Orders Only","Combined CSA","Fair Shares Wednesday Pickup","Saint Louis","MO","63116",2.12,"Automatic","None","Not on Hold","Fair Shares - Wednesday  - Wednesday","Debit on Delivery",0,0,0,2024-05-09,2026-06-24,NA,2026-08-28,734
2023-10-08 08:20:55,2022-12-08,"1  (BYO) FSG - Orders Only","Combined CSA","Fair Shares Thursday Pickup","Saint Louis","MO","63126",0,"Automatic","None","Not on Hold","Fair Shares - Thursday - Thursday","Debit on Delivery",0,0,0,2022-12-15,2023-09-28,NA,2026-08-28,1188
2026-08-28 02:35:58,2018-08-16,"1 Half (Half Share - EVEN week), 1 No Produce - Order Only (odd wk)","Combined CSA","FSE","Webster Groves","MO","63119",255.03,"Automatic","Blue Purple","Not on Hold","Fair Shares - Thursday - Thursday","$300",0,0,0,2018-08-22,2026-08-27,NA,2026-08-28,1839
2024-08-19 14:44:57,2020-05-09,"1 (BYO) UCG - Orders Only","Combined CSA","UCity Pickup","Saint Louis","MO","63121",0,"Automatic","None","Not on Hold","UCity - Wednesday","Debit on Delivery",0,0,0,2020-05-13,2022-11-23,NA,2026-08-28,1621
2026-03-27 07:05:13,2024-03-25,"1  (BYO) FSG - Orders Only","Combined CSA","Fair Shares Wednesday Pickup","Saint Louis","MO","63105",0,"Automatic","Orange","Not on Hold","Fair Shares - Wednesday  - Wednesday","Debit on Delivery",0,0,0,2024-04-04,2026-02-04,NA,2026-08-28,1147
2026-08-24 08:15:00,2026-06-01,"1 Guest Access","Combined CSA","FSD","Olivette","MO","63132",140.42,"Automatic","None","Hold","Fair Shares - Thursday - Thursday",NA,0,0,0,2026-06-04,2026-06-11,NA,2026-08-28,912
2026-04-29 05:31:39,2025-02-03,"1  (BYO) FSG - Orders Only","Combined CSA","Fair Shares Wednesday Pickup","St. Louis","MO","63118",101.16,"Automatic","None","Not on Hold","Fair Shares - Wednesday  - Wednesday","Debit on Delivery",0,0,0,2025-02-05,2026-02-25,NA,2026-08-28,508
2026-08-27 02:43:44,2017-07-18,"1 FSA/FSD","Combined CSA","FSA","St. Louis","MO","63108",181.52,"Automatic","None","Not on Hold","Fair Shares - Wednesday  - Wednesday","$300",0,0,0,2017-08-16,2026-08-26,NA,2026-08-28,1627
2026-08-28 02:35:58,2021-04-12,"1 Half (Half Share - EVEN week), 1 No Produce - Order Only (odd wk)","Combined CSA","FSE","St. Louis","MO","63110",195.41,"Automatic","Green Purple","Not on Hold","Fair Shares - Thursday - Thursday","$300",0,0,0,2021-04-15,2026-08-27,NA,2026-08-28,904
2026-08-21 03:55:50,2020-12-31,"1 Half (Half Share - ODD week), 1 No Produce - Order Only (even wk)","Combined CSA","UCB","University City","MO","63130",133.38,"Automatic","Green Orange","Not on Hold","UCity - Wednesday","$150",0,0,0,2021-01-07,2026-08-19,NA,2026-08-28,262
2025-11-25 13:55:02,2021-04-08,"1  (BYO) FSG - Orders Only","Combined CSA","Fair Shares Wednesday Pickup","St. Louis","MO","63116",0,NA,"None","Not on Hold","Fair Shares - Wednesday  - Wednesday",NA,0,0,0,2021-04-08,2025-07-09,NA,2026-08-28,589
2026-03-27 07:57:25,2018-04-09,"1 BYO - No Share, Order Only (Weekly Shares)","Combined CSA","Fair Shares Wednesday Pickup","Saint Louis","MO","63110",0,"Automatic","None","Not on Hold","Fair Shares - Wednesday  - Wednesday","Debit on Delivery",0,0,0,2018-04-11,2022-01-26,NA,2026-08-28,833
2026-04-09 14:56:12,2017-07-18,"1  (BYO) FSG - Orders Only","Combined CSA","Fair Shares Wednesday Pickup","St. Louis","MO","63108",0,"Automatic","None","Hold","Fair Shares - Wednesday  - Wednesday","Debit on Delivery",0,0,0,2017-08-16,2024-07-18,NA,2026-08-28,462
2026-08-28 03:54:29,2022-09-15,"1 Mini (Weekly Shares)","Combined CSA","FSMini-t","Ballwin","MO","63021",157.67,"Automatic","Green","Not on Hold","Fair Shares - Thursday - Thursday","$150",0,0,0,2022-09-28,2026-08-27,NA,2026-08-28,171
2026-08-20 04:00:45,2024-03-22,"1 Half (Half Share - ODD week)","Combined CSA","FSB","Saint Louis","MO","63119",208.44,"Automatic","Orange","Not on Hold","Fair Shares - Wednesday  - Wednesday","$150",0,0,0,2024-04-03,2026-08-19,NA,2026-08-28,296
2026-07-10 02:36:31,2020-05-09,"1 (BYO) KWG - Orders Only (Weekly Shares)","Combined CSA","Kirkwood Pickup","Fenton","MO","63026",218.51,"Automatic","Green Blue Purple","Not on Hold","Kirkwood - Thursday","$300",0,0,0,2020-05-14,2026-07-09,NA,2026-08-28,861
2023-06-27 16:38:47,2021-10-28,"1 (BYO) UCG - Orders Only","Combined CSA","UCity Pickup","University City","MO","63130",0,"Automatic","Green","Not on Hold","UCity - Wednesday","Debit on Delivery",0,0,0,2021-11-03,2023-05-03,NA,2026-08-28,1530
