"last_modified_date","sign_up","subscription","season_member_page","pickup_site","city","state","zip","balance","payment","issues","status","route_name","payment_plan","discount","future_pending_payments","future_deliveries","first_delivery_date","last_delivery_date","coupon_id","file_date","member_id"
2026-02-13 02:16:28,2017-07-18,"1 Half (Half Share - EVEN week)","Combined CSA","FSB","St. Louis","MO","63104",29.51,"Automatic","Purple","Not on Hold","Fair Shares - Wednesday  - Wednesday","Debit on Delivery",0,0,0,2017-08-16,2026-02-12,NA,2026-02-13,1084
2026-01-02 08:42:53,2025-02-21,"1  (BYO) FSG - Orders Only","Combined CSA","Fair Shares Thursday Pickup","Saint Louis","MO","63109",0,"Automatic","None","Not on Hold","Fair Shares - Thursday - Thursday","Debit on Delivery",0,0,0,2025-02-27,2025-10-02,NA,2026-02-13,140
2022-11-25 02:20:31,2020-04-15,"1  (BYO) FSG - Orders Only","Combined CSA","Fair Shares Thursday Pickup","Saint Louis","MO","63104",156.84,"Automatic","Green","Not on Hold","Fair Shares - Thursday - Thursday","Debit on Delivery",0,0,0,2020-04-23,2022-11-24,NA,2026-02-13,278
2026-02-12 02:21:32,2020-08-31,"1 Mini (Weekly Shares)","Combined CSA","FSMini-w","St. Louis","MO","63104",81.28,"Automatic","Green","Not on Hold","Fair Shares - Wednesday  - Wednesday","Debit on Delivery",0,0,0,2020-09-03,2026-02-11,NA,2026-02-13,1474
2026-02-13 02:16:28,2017-07-18,"1 Mini (Weekly Shares)","Combined CSA","FSMini-t","St. Louis","MO","63139",95.33,"Automatic","None","Not on Hold","Fair Shares - Thursday - Thursday","Debit on Delivery",0,0,0,2017-08-23,2026-02-12,NA,2026-02-13,1771
2026-01-30 03:58:25,2018-12-20,"1 Half (Half Share - EVEN week), 4 2% MILK-e","Combined CSA","FSE","Clayton","MO","63105",368.87,"Automatic","Purple","Not on Hold","Fair Shares - Thursday - Thursday","Debit on Delivery",0,0,0,2018-12-20,2026-01-29,NA,2026-02-13,1864
2026-02-13 03:50:59,2017-07-20,"1 Mini (Weekly Shares)","Combined CSA","FSMini-t","St. Louis","MO","63119",0,"Automatic","None","Not on Hold","Fair Shares - Thursday - Thursday","Debit on Delivery",0,0,0,2017-08-17,2026-02-12,NA,2026-02-13,76
2024-01-21 10:52:58,2020-05-20,"1  (BYO) FSG - Orders Only","Combined CSA","Fair Shares Wednesday Pickup","St Louis","MO","63109",0,"Automatic","Purple","Not on Hold","Fair Shares - Wednesday  - Wednesday","Debit on Delivery",0,0,0,2020-05-27,2024-01-10,NA,2026-02-13,399
2024-12-05 17:43:33,2017-07-18,"1  (BYO) FSG - Orders Only","Combined CSA","Fair Shares Thursday Pickup","St. Louis","MO","63126",0,"Automatic","None","Not on Hold","Fair Shares - Thursday - Thursday","Debit on Delivery",0,0,0,2017-08-24,2024-01-18,NA,2026-02-13,1730
2026-02-06 02:18:02,2025-05-26,"1 Half (Half Share - ODD week)","Combined CSA","FSE","St Louis","MO","63110",135.89,"Automatic","Orange","Not on Hold","Fair Shares - Thursday - Thursday","Debit on Delivery",0,0,0,2025-05-29,2026-02-05,NA,2026-02-13,899
2020-03-21 11:13:26,2017-07-20,"1 BYO - No Share, Order Only (Weekly Shares)","Combined CSA","Fair Shares Thursday Pickup","St. Louis","MO","63119",-0.3,NA,"None","Hold","Fair Shares - Thursday - Thursday","Debit on Delivery",0,0,0,2017-08-17,2018-03-01,NA,2026-02-13,705
2026-02-06 02:18:02,2024-06-18,"1 Half (Half Share - ODD week)","Combined CSA","FSE","St Louis","MO","63104",151.55,"Automatic","Green Orange","Not on Hold","Fair Shares - Thursday - Thursday","Debit on Delivery",0,0,0,2024-06-27,2026-02-05,NA,2026-02-13,834
2023-04-02 22:33:31,2023-01-08,"1  (BYO) FSG - Orders Only","Combined CSA","Fair Shares Thursday Pickup","St. Louis","MO","63109",171.5,"Automatic","Green","Not on Hold","Fair Shares - Thursday - Thursday","Debit on Delivery",0,0,0,2023-01-12,2023-02-23,NA,2026-02-13,729
2019-05-22 11:26:31,2017-07-18,"1 BYO - No Share, Order Only (Weekly Shares)","Combined CSA","Fair Shares Thursday Pickup","St. Louis","MO","63110",179.91,"Automatic","None","Not on Hold","Fair Shares - Thursday - Thursday","Debit on Delivery",0,0,0,2017-08-16,2019-04-04,NA,2026-02-13,1773
2020-10-23 02:49:34,2020-08-01,"1  (BYO) FSG - Orders Only","Combined CSA","Fair Shares Thursday Pickup","St. Louis","MO","63139",1.59,"Automatic","None","Not on Hold","Fair Shares - Thursday - Thursday","Debit on Delivery",0,0,0,2020-08-06,2020-10-22,NA,2026-02-13,668
2023-07-29 18:49:56,2017-07-20,"1  (BYO) FSG - Orders Only","Combined CSA","Fair Shares Thursday Pickup","St. Louis","MO","63104",112.36,"Automatic","None","Not on Hold","Fair Shares - Thursday - Thursday","Debit on Delivery",0,0,0,2017-08-17,2023-07-27,NA,2026-02-13,656
2026-02-13 02:16:28,2019-08-16,"1 UCA/KWA","Combined CSA","KWA","Kirkwood","MO","63122",153.83,"Automatic","None","Not on Hold","Kirkwood - Thursday","Debit on Delivery",0,0,0,2019-08-22,2026-02-12,NA,2026-02-13,1746
2026-02-13 03:50:57,2024-01-02,"1 Mini (Weekly Shares)","Combined CSA","FSMini-t","St. Louis","MO","63112",0,"Automatic","None","Not on Hold","Fair Shares - Thursday - Thursday","Debit on Delivery",0,0,0,2024-01-10,2026-02-12,NA,2026-02-13,855
2026-02-12 02:21:32,2019-08-13,"1 Mini (Weekly Shares)","Combined CSA","UCM","St. Louis","MO","63105",287.06,"Automatic","None","Not on Hold","UCity - Wednesday","Debit on Delivery",0,0,0,2019-08-14,2026-02-11,NA,2026-02-13,828
2026-02-06 02:18:02,2020-06-26,"1 Half (Half Share - ODD week)","Combined CSA","FSE","Chesterfield","MO","63005",142.97,"Automatic","Green Orange","Not on Hold","Fair Shares - Thursday - Thursday","Debit on Delivery",0,0,0,2020-07-02,2026-02-05,NA,2026-02-13,1047
2021-10-21 02:52:08,2021-07-22,"1 (BYO) UCG - Orders Only","Combined CSA","UCity Pickup","St. Louis","MO","63132",-5.46,NA,"None","Not on Hold","UCity - Wednesday",NA,0,0,0,2021-08-04,2021-10-20,NA,2026-02-13,1906
2023-11-28 13:32:09,2022-01-13,"1  (BYO) FSG - Orders Only","Combined CSA","Fair Shares Thursday Pickup","Kirkwood","MO","63122",165.42,"Automatic","Green","Not on Hold","Fair Shares - Thursday - Thursday","Debit on Delivery",0,0,0,2022-01-19,2023-11-23,NA,2026-02-13,408
2025-07-22 09:10:36,2020-05-09,"1 (BYO) UCG - Orders Only","Combined CSA","UCity Pickup","St. Louis","MO","63124",0,"Automatic","Green","Not on Hold","UCity - Wednesday","Debit on Delivery",0,0,0,2020-05-14,2024-11-27,NA,2026-02-13,1434
2024-09-27 02:42:15,2021-06-13,"1 (BYO) KWG - Orders Only (Weekly Shares)","Combined CSA","Kirkwood Pickup","St. Louis","MO","63122",38.09,"Automatic","Orange","Not on Hold","Kirkwood - Thursday","Debit on Delivery",0,0,0,2021-06-17,2024-09-26,NA,2026-02-13,1753
2026-01-23 03:52:43,2025-08-04,"1 (BYO) KWG - Orders Only (Weekly Shares)","Combined CSA","Kirkwood Pickup","Kirkwood","MO","63122",0,"Automatic","None","Not on Hold","Kirkwood - Thursday","Debit on Delivery",0,0,0,2025-08-07,2026-01-22,NA,2026-02-13,558
2021-05-13 15:55:00,2021-04-01,"1  (BYO) FSG - Orders Only","Combined CSA","Fair Shares Thursday Pickup","St. Louis","MO","63118",0,NA,"None","Not on Hold","Fair Shares - Thursday - Thursday",NA,0,0,0,2021-04-08,2021-05-13,NA,2026-02-13,1133
2026-02-12 02:21:32,2017-07-18,"1 Half (Half Share - EVEN week), 1 No Produce - Order Only (odd wk)","Combined CSA","UCB","St. Louis","MO","63130",136.86,"Automatic","Blue Purple","Not on Hold","UCity - Wednesday","Debit on Delivery",0,0,0,2017-08-16,2026-02-11,NA,2026-02-13,659
2024-04-02 20:03:51,2020-04-21,"1  (BYO) FSG - Orders Only","Combined CSA","Fair Shares Thursday Pickup","St. Louis","MO","63108",111,"Automatic","Purple","Not on Hold","Fair Shares - Thursday - Thursday","Debit on Delivery",0,0,0,2020-04-23,2024-03-06,NA,2026-02-13,1435
2021-09-04 07:54:27,2020-06-01,"1  (BYO) FSG - Orders Only","Combined CSA","Fair Shares Thursday Pickup","Saint Louis","MO","63110",0,"Automatic","Green","Not on Hold","Fair Shares - Thursday - Thursday","Debit on Delivery",0,0,0,2020-06-04,2021-09-02,NA,2026-02-13,748
2025-12-31 03:57:41,2017-07-20,"1  (BYO) FSG - Orders Only","Combined CSA","Fair Shares Thursday Pickup","St. Louis","MO","63108",0,"Automatic","None","Not on Hold","Fair Shares - Thursday - Thursday","Debit on Delivery",0,0,0,2017-08-17,2023-01-12,NA,2026-02-13,378
2024-06-21 03:56:13,2021-05-25,"1 (BYO) KWG - Orders Only (Weekly Shares)","Combined CSA","Kirkwood Pickup","Bloomsdale","MO","63627",0,"Automatic","None","Not on Hold","Kirkwood - Thursday","Debit on Delivery",0,0,0,2021-05-27,2024-06-20,NA,2026-02-13,312
2026-02-13 03:50:58,2017-07-18,"4 Whole MILK, 1 FSA/FSD","Combined CSA","FSD","St. Louis","MO","63103",0,"Automatic","None","Not on Hold","Fair Shares - Thursday - Thursday","Debit on Delivery",0,0,0,2017-08-16,2026-02-12,NA,2026-02-13,1819
2021-03-18 08:17:39,2020-03-31,"1  (BYO) FSG - Orders Only","Combined CSA","Fair Shares Thursday Pickup","St. Louis","MO","63116",0,"Automatic","None","Not on Hold","Fair Shares - Thursday - Thursday","Debit on Delivery",0,0,0,2020-04-02,2021-02-25,NA,2026-02-13,90
2026-01-23 03:52:54,2022-07-08,"1 UCA/KWA","Combined CSA","KWA","Saint Louis","MO","63123",0,"Automatic","Green","Temp Hold","Kirkwood - Thursday","Debit on Delivery",0,0,0,2022-07-14,2026-01-22,NA,2026-02-13,1408
2026-01-11 04:18:11,2025-01-10,"1 (BYO) KWG - Orders Only (Weekly Shares)","Combined CSA","Kirkwood Pickup","Affton","MO","63123",6.17,"Automatic","Orange","Not on Hold","Kirkwood - Thursday","Debit on Delivery",0,0,0,2025-01-16,2026-01-08,NA,2026-02-13,102
2023-11-02 02:37:55,2019-01-23,"1 (BYO) UCG - Orders Only","Combined CSA","UCity Pickup","St. Louis","MO","63130",9.34,NA,"None","Not on Hold","UCity - Wednesday",NA,0,0,0,2019-02-20,2023-11-01,NA,2026-02-13,126
2020-07-29 11:41:20,2020-07-29,"1 BYO - No Share, Order Only (Weekly Shares)","Combined CSA","Fair Shares Wednesday Pickup","St. Louis","MO","63110",0,NA,"None","Not on Hold","Fair Shares - Wednesday  - Wednesday",NA,0,0,0,NA,NA,NA,2026-02-13,1880
2019-08-23 10:24:10,2017-07-18,"1 BYO - No Share, Order Only (Weekly Shares)","Combined CSA","Fair Shares Wednesday Pickup","St. Louis","MO","63102",182.31,NA,"Purple","Hold","Fair Shares - Wednesday  - Wednesday",NA,0,0,0,2017-08-16,2019-02-13,NA,2026-02-13,221
2025-11-28 03:48:04,2022-04-01,"1  (BYO) FSG - Orders Only","Combined CSA","Fair Shares Thursday Pickup","St. Louis","MO","63110",0,"Automatic","Green","Not on Hold","Fair Shares - Thursday - Thursday","Debit on Delivery",0,0,0,2022-04-07,2025-11-27,NA,2026-02-13,1005
2026-02-12 02:21:32,2024-06-19,"1 Half (Half Share - EVEN week)","Combined CSA","UCB","University City","MO","63130",61.65,"Automatic","Purple","Not on Hold","UCity - Wednesday","Debit on Delivery",0,0,0,2024-06-26,2026-02-11,NA,2026-02-13,892
2026-02-05 02:23:17,2017-07-18,"1 Half (Half Share - ODD week)","Combined CSA","UCB","St. Louis","MO","63105",258.14,"Automatic","Orange","Not on Hold","UCity - Wednesday","Debit on Delivery",0,0,0,2017-08-23,2026-02-04,NA,2026-02-13,1034
2019-08-23 10:25:11,2017-07-18,"1 BYO - No Share, Order Only (Weekly Shares)","Combined CSA","Fair Shares Wednesday Pickup","St. Louis","63108","MO",103.7,"Automatic","None","Hold","Fair Shares - Wednesday  - Wednesday","Debit on Delivery",0,0,0,2017-08-17,2018-09-12,NA,2026-02-13,930
2025-12-04 03:56:27,2024-08-16,"1 Mini (Weekly Shares)","Combined CSA","FSMini-w","Saint Louis","MO","63118",0,"Automatic","None","Temp Hold","Fair Shares - Wednesday  - Wednesday","Debit on Delivery",0,0,0,2024-08-21,2025-12-03,NA,2026-02-13,190
2024-03-07 03:46:16,2022-04-21,"1  (BYO) FSG - Orders Only","Combined CSA","Fair Shares Wednesday Pickup","Saint Louis","MO","63118",0,"Automatic","Purple","Not on Hold","Fair Shares - Wednesday  - Wednesday","Debit on Delivery",0,0,0,2022-04-27,2024-03-06,NA,2026-02-13,220
2026-02-12 02:21:32,2017-07-18,"1 FSA/FSD, 1 2% MILK","Combined CSA","FSA","St. Louis","MO","63108",427.32,"Automatic","None","Not on Hold","Fair Shares - Wednesday  - Wednesday","Debit on Delivery",0,0,0,2017-08-16,2026-02-11,NA,2026-02-13,1830
2025-10-29 10:11:30,2025-02-25,"1  (BYO) FSG - Orders Only","Combined CSA","Fair Shares Thursday Pickup","St Louis","MO","63108",0,"Automatic","None","Not on Hold","Fair Shares - Thursday - Thursday","Debit on Delivery",0,0,0,2025-04-03,2025-10-16,NA,2026-02-13,562
2025-06-10 16:37:21,2022-10-06,"1 (BYO) KWG - Orders Only (Weekly Shares)","Combined CSA","Kirkwood Pickup","Kirkwood","MO","63122",96.29,"Automatic","Orange","Hold","Kirkwood - Thursday","Debit on Delivery",0,0,0,2022-10-13,2023-02-23,NA,2026-02-13,891
2025-08-14 09:59:22,2023-11-30,"1  (BYO) FSG - Orders Only","Combined CSA","Fair Shares Wednesday Pickup","St. Louis","MO","63109",65.81,"Automatic","Purple","Hold","Fair Shares - Wednesday  - Wednesday","Debit on Delivery",0,0,0,2023-12-06,2025-08-13,NA,2026-02-13,1141
2025-01-30 19:10:10,2021-09-14,"1  (BYO) FSG - Orders Only","Combined CSA","Fair Shares Thursday Pickup","St. Louis","MO","63104",0,"Automatic","None","Not on Hold","Fair Shares - Thursday - Thursday","Debit on Delivery",0,0,0,2021-09-16,2025-01-30,NA,2026-02-13,1421
2026-02-12 02:21:32,2017-07-18,"1 Mini (Weekly Shares)","Combined CSA","UCM","St. Louis","MO","63132",435.83,"Automatic","None","Temp Hold","UCity - Wednesday","Debit on Delivery",0,0,0,2017-08-16,2026-02-11,NA,2026-02-13,1448
2025-03-28 14:25:04,2017-10-12,"1 FSA/FSD","Combined CSA","FSD","Saint Louis","MO","63116",0,"Automatic","None","Hold","Fair Shares - Thursday - Thursday","Debit on Delivery",0,0,0,2017-10-25,2023-05-18,NA,2026-02-13,1164
2025-06-12 02:38:30,2024-08-29,"1 (BYO) UCG - Orders Only","Combined CSA","UCity Pickup","Saint Louis","MO","63112",0.2,"Automatic","None","Not on Hold","UCity - Wednesday","Debit on Delivery",0,0,0,2024-09-04,2025-06-11,NA,2026-02-13,752
2020-07-12 09:09:28,2017-08-18,"1 BYO - No Share, Order Only (Weekly Shares)","Combined CSA","Fair Shares Wednesday Pickup","St. Louis","MO","63104",37.72,NA,"Purple","Not on Hold","Fair Shares - Wednesday  - Wednesday","Debit on Delivery",0,0,0,2017-08-31,2020-07-08,NA,2026-02-13,261
2026-02-13 02:16:28,2024-02-19,"1 Mini (Weekly Shares)","Combined CSA","FSMini-t","Manchester","MO","63088",63.2,"Automatic","None","Not on Hold","Fair Shares - Thursday - Thursday","Debit on Delivery",0,0,0,2024-02-22,2026-02-12,NA,2026-02-13,1750
2025-03-27 06:17:12,2023-10-22,"1 Mini (Weekly Shares)","Combined CSA","UCM","Saint Louis","MO","63141",0,"Automatic","None","Hold","UCity - Wednesday","Debit on Delivery",0,0,0,2023-10-25,2024-05-08,NA,2026-02-13,1861
2026-02-13 03:50:58,2023-11-18,"1 Mini (Weekly Shares)","Combined CSA","FSMini-w","St. Louis","MO","63110",0,"Automatic","None","Not on Hold","Fair Shares - Wednesday  - Wednesday","Debit on Delivery",0,0,0,2023-11-29,2026-02-11,NA,2026-02-13,553
2026-02-13 02:16:28,2021-01-10,"1 FSC","Combined CSA","FSC-T","Ladue","MO","63124",36.08,"Automatic","None","Not on Hold","Fair Shares - Thursday - Thursday","Debit on Delivery",0,0,0,2021-01-13,2026-02-12,NA,2026-02-13,162
2020-10-11 20:47:30,2020-05-21,"1  (BYO) FSG - Orders Only","Combined CSA","Fair Shares Thursday Pickup","SAINT LOUIS","MO","63139",0,"Automatic","None","Not on Hold","Fair Shares - Thursday - Thursday","Debit on Delivery",0,0,0,2020-05-28,2020-10-08,NA,2026-02-13,1824
2026-01-27 14:46:53,2024-11-18,"1 FSC","Combined CSA","FSC-W","Saint louis","MO","63124",0,"Automatic","None","Not on Hold","Fair Shares - Wednesday  - Wednesday","Debit on Delivery",0,0,0,2024-12-04,2026-01-21,NA,2026-02-13,326
2021-07-22 14:30:56,2017-07-18,"1 BYO - No Share, Order Only (Weekly Shares)","Combined CSA","Fair Shares Wednesday Pickup","St. Louis","63114","MO",132.45,"Automatic","None","Not on Hold","Fair Shares - Wednesday  - Wednesday","Debit on Delivery",0,0,0,2017-08-16,2018-05-09,NA,2026-02-13,106
2026-02-12 02:21:32,2025-05-10,"1 Half (Half Share - EVEN week)","Combined CSA","FSB","St. Louis","MO","63119",218.93,"Automatic","Purple","Not on Hold","Fair Shares - Wednesday  - Wednesday","Debit on Delivery",0,0,0,2025-05-15,2026-02-11,NA,2026-02-13,960
2021-08-17 12:49:42,2020-05-02,"1  (BYO) FSG - Orders Only","Combined CSA","Fair Shares Thursday Pickup","St. Louis","MO","63117",0,"Automatic","None","Not on Hold","Fair Shares - Thursday - Thursday","Debit on Delivery",0,0,0,2020-05-07,2021-08-12,NA,2026-02-13,152
2024-09-20 02:42:40,2020-01-16,"1  (BYO) FSG - Orders Only","Combined CSA","Fair Shares Thursday Pickup","St. Louis","MO","63110",0.3,"Automatic","None","Not on Hold","Fair Shares - Thursday - Thursday","Debit on Delivery",0,0,0,2020-01-22,2024-09-19,NA,2026-02-13,1641
2026-02-12 02:21:32,2017-07-20,"1 Half (Half Share - EVEN week)","Combined CSA","FSB","St. Louis","63139","63139",108.39,"Automatic","Purple","Not on Hold","Fair Shares - Wednesday  - Wednesday","Debit on Delivery",0,0,0,2017-08-17,2026-02-11,NA,2026-02-13,986
2021-09-03 07:16:10,2020-05-29,"1 (BYO) KWG - Orders Only (Weekly Shares)","Combined CSA","Kirkwood Pickup","Saint Louis","MO","63119",65.82,"Automatic","Purple","Not on Hold","Kirkwood - Thursday","Debit on Delivery",0,0,0,2020-06-11,2021-09-02,NA,2026-02-13,693
2026-01-04 14:19:58,2025-02-06,"1 FSA/FSD","Combined CSA","FSD","St Louis","MO","63118",-28.56,NA,"Payment","Hold","Fair Shares - Thursday - Thursday","Debit on Delivery",0,0,0,2025-02-13,2025-11-20,NA,2026-02-13,279
2025-04-07 10:25:29,2023-01-12,"1  (BYO) FSG - Orders Only","Combined CSA","Fair Shares Thursday Pickup","High Ridge","MO","63409",0,"Automatic","Green Purple","Not on Hold","Fair Shares - Thursday - Thursday","Debit on Delivery",0,0,0,2023-01-19,2025-01-30,NA,2026-02-13,836
2022-01-20 03:51:57,2017-07-18,"1  (BYO) FSG - Orders Only","Combined CSA","Fair Shares Wednesday Pickup","St. Louis","MO","63110",0,"Automatic","Purple","Not on Hold","Fair Shares - Wednesday  - Wednesday","Debit on Delivery",0,0,0,2017-08-16,2022-01-19,NA,2026-02-13,1454
2026-02-13 02:16:28,2017-07-18,"1 Mini (Weekly Shares)","Combined CSA","FSMini-t","St. Louis","63130","63130",19.6,"Automatic","None","Not on Hold","Fair Shares - Thursday - Thursday","Debit on Delivery",0,0,0,2017-08-16,2026-02-12,NA,2026-02-13,1496
2026-02-12 03:53:47,2019-07-28,"1 Half (Half Share - EVEN week)","Combined CSA","UCB","Richmond Heights","MO","63117",0,"Automatic","Payment Purple","Not on Hold","UCity - Wednesday","Debit on Delivery",0,0,0,2019-07-31,2026-02-11,NA,2026-02-13,178
2021-08-29 12:36:14,2020-03-01,"1  (BYO) FSG - Orders Only","Combined CSA","Fair Shares Thursday Pickup","Saint Louis","MO","63139",25.75,"Automatic","Orange","Not on Hold","Fair Shares - Thursday - Thursday","Debit on Delivery",0,0,0,2020-03-26,2021-08-26,NA,2026-02-13,662
2026-02-06 03:51:06,2025-07-31,"1 Half (Half Share - ODD week)","Combined CSA","FSE","St. Louis","MO","63116",153.4,"Automatic","Orange","Not on Hold","Fair Shares - Thursday - Thursday","Debit on Delivery",0,0,0,2025-08-07,2026-02-05,NA,2026-02-13,722
2021-01-04 12:41:50,2020-04-26,"1  (BYO) FSG - Orders Only","Combined CSA","Fair Shares Thursday Pickup","Webster Groves","MO","63119",0,"Automatic","None","Not on Hold","Fair Shares - Thursday - Thursday","Debit on Delivery",0,0,0,2020-04-30,2020-12-24,NA,2026-02-13,1794
2026-02-05 02:23:17,2024-04-05,"1 Half (Half Share - ODD week)","Combined CSA","FSB","Saint Louis","MO","63116",129.47,"Automatic","Orange","Not on Hold","Fair Shares - Wednesday  - Wednesday","Debit on Delivery",0,0,0,2024-04-10,2026-02-04,NA,2026-02-13,1174
2021-04-28 06:46:47,2020-04-21,"1  (BYO) FSG - Orders Only","Combined CSA","Fair Shares Thursday Pickup","Ballwin","MO","63021",169.68,"Automatic","None","Not on Hold","Fair Shares - Thursday - Thursday","Debit on Delivery",0,0,0,2020-04-23,2021-04-22,NA,2026-02-13,1821
2026-02-05 03:54:42,2024-03-11,"1 Half (Half Share - ODD week)","Combined CSA","FSB","St. Louis","MO","63123",0,"Automatic","Orange","Not on Hold","Fair Shares - Wednesday  - Wednesday","Debit on Delivery",0,0,0,2024-04-03,2026-02-04,NA,2026-02-13,1682
2025-08-27 10:59:31,2023-04-10,"1 (BYO) UCG - Orders Only","Combined CSA","UCity Pickup","St. Louis","MO","63124",0,"Automatic","Green Purple","Hold","UCity - Wednesday","Debit on Delivery",0,0,0,2023-04-19,2024-10-09,NA,2026-02-13,1631
2025-05-15 02:27:17,2021-06-11,"1 (BYO) UCG - Orders Only","Combined CSA","UCity Pickup","St Louis","MO","63146",82.59,"Automatic","Green","Not on Hold","UCity - Wednesday","Debit on Delivery",0,0,0,2021-06-16,2025-05-14,NA,2026-02-13,1118
2026-02-12 02:21:32,2021-04-05,"1  (BYO) FSG - Orders Only","Combined CSA","Fair Shares Wednesday Pickup","Saint Louis","MO","63118",-75.43,NA,"None","Not on Hold","Fair Shares - Wednesday  - Wednesday",NA,0,0,0,2021-04-21,2026-02-11,NA,2026-02-13,1249
2025-02-25 19:19:48,2025-02-25,"1  (BYO) FSG - Orders Only","Combined CSA","Fair Shares Thursday Pickup","St. Louis","MO","63110",0,NA,"None","Not on Hold","Fair Shares - Thursday - Thursday",NA,0,0,0,NA,NA,NA,2026-02-13,183
2025-04-16 18:56:07,2020-04-20,"1 Mini (Weekly Shares)","Combined CSA","FSMini-w","St. Louis","MO","63139",183.97,"Automatic","None","Hold","Fair Shares - Wednesday  - Wednesday","Debit on Delivery",0,0,0,2020-04-22,2025-04-09,NA,2026-02-13,1930
2026-02-13 03:51:05,2020-03-20,"1  (BYO) FSG - Orders Only","Combined CSA","Fair Shares Wednesday Pickup","Saint Louis","MO","63110",0,"Automatic","Payment Purple","Not on Hold","Fair Shares - Wednesday  - Wednesday","Debit on Delivery",0,0,0,2020-03-25,2026-02-11,NA,2026-02-13,1348
2020-07-09 03:00:40,2017-07-18,"1 BYO - No Share, Order Only (Weekly Shares)","Combined CSA","Fair Shares Wednesday Pickup","Creve Coeur","MO","63141",120.38,"Automatic","None","Not on Hold","Fair Shares - Wednesday  - Wednesday","Debit on Delivery",0,0,0,2017-08-16,2020-07-08,NA,2026-02-13,1795
2026-02-12 03:53:51,2025-11-22,"1 FSA/FSD","Combined CSA","FSA","Saint Louis","MO","63139",0,"Automatic","None","Not on Hold","Fair Shares - Wednesday  - Wednesday","Debit on Delivery",0,0,0,2025-11-26,2026-02-11,NA,2026-02-13,952
2019-11-11 07:56:02,2018-10-01,"1 BYO - No Share, Order Only (Weekly Shares)","Combined CSA","Fair Shares Wednesday Pickup","St Louis","MO","63109",188.07,"Automatic","None","Not on Hold","Fair Shares - Wednesday  - Wednesday","Debit on Delivery",0,0,0,2018-10-03,2019-11-06,NA,2026-02-13,1049
2023-06-05 08:19:52,2022-03-02,"1  (BYO) FSG - Orders Only","Combined CSA","Fair Shares Thursday Pickup","SAINT LOUIS","MO","63104",103.56,"Automatic","None","Not on Hold","Fair Shares - Thursday - Thursday","Debit on Delivery",0,0,0,2022-03-23,2023-05-25,NA,2026-02-13,264
2026-02-06 02:18:02,2017-07-18,"1 Half (Half Share - ODD week), 1 No Produce - Order Only (even wk)","Combined CSA","FSE","St. Louis","MO","63116",264.95,"Automatic","Blue Orange","Not on Hold","Fair Shares - Thursday - Thursday","Debit on Delivery",0,0,0,2017-08-24,2026-02-05,NA,2026-02-13,610
2026-02-13 02:16:28,2017-07-18,"1 FSA/FSD","Combined CSA","FSD","St. Louis","MO","63109",177.39,"Automatic","None","Not on Hold","Fair Shares - Thursday - Thursday","Debit on Delivery",0,0,0,2017-08-16,2026-02-12,NA,2026-02-13,287
2026-02-13 02:16:28,2017-07-20,"1 Half (Half Share - EVEN week)","Combined CSA","FSE","St. Louis","MO","63118",693.57,"Automatic","Purple","Not on Hold","Fair Shares - Thursday - Thursday","Debit on Delivery",0,0,0,2017-08-17,2026-02-12,NA,2026-02-13,1243
2025-07-31 04:01:32,2020-04-17,"1 (BYO) UCG - Orders Only","Combined CSA","UCity Pickup","St. Louis","MO","63105",0,"Automatic","None","Not on Hold","UCity - Wednesday","Debit on Delivery",0,0,0,2020-04-22,2025-07-30,NA,2026-02-13,1151
2022-05-23 08:21:26,2020-05-18,"1  (BYO) FSG - Orders Only","Combined CSA","Fair Shares Thursday Pickup","St. Louis","MO","63109",0,"Automatic","Green Purple","Not on Hold","Fair Shares - Thursday - Thursday","Debit on Delivery",0,0,0,2020-05-21,2022-04-28,NA,2026-02-13,909
2024-08-08 02:40:22,2024-01-26,"1 (BYO) UCG - Orders Only","Combined CSA","UCity Pickup","Saint Louis","MO","63130",127.39,"Automatic","None","Not on Hold","UCity - Wednesday","Debit on Delivery",0,0,0,2024-01-31,2024-08-07,NA,2026-02-13,1603
2024-06-25 08:02:32,2020-11-22,"1  (BYO) FSG - Orders Only","Combined CSA","Fair Shares Thursday Pickup","Maryland Heights","MO","63043",0,"Automatic","Orange","Not on Hold","Fair Shares - Thursday - Thursday","Debit on Delivery",0,0,0,2020-12-03,2024-05-30,NA,2026-02-13,1520
2023-06-13 16:51:04,2022-08-03,"1  (BYO) FSG - Orders Only","Combined CSA","Fair Shares Thursday Pickup","Saint Louis","MO","63104",0,"Automatic","None","Not on Hold","Fair Shares - Thursday - Thursday","Debit on Delivery",0,0,0,2022-08-10,2023-06-08,NA,2026-02-13,511
2026-02-13 02:16:28,2017-07-18,"1 Half (Half Share - EVEN week), 1 2% MILK-e, 1 Creamline MILK-e","Combined CSA","FSE","St. Louis","MO","63110",105.64,"Automatic","Purple","Not on Hold","Fair Shares - Thursday - Thursday","Debit on Delivery",0,0,0,2017-08-17,2026-02-12,NA,2026-02-13,959
2026-01-22 03:56:29,2017-07-20,"1 Half (Half Share - ODD week)","Combined CSA","FSB","St. Louis","MO","63109",165.52,"Automatic","Blue Orange","Not on Hold","Fair Shares - Wednesday  - Wednesday","Debit on Delivery",0,0,0,2017-08-17,2026-01-21,NA,2026-02-13,1111
2020-11-09 10:14:44,2020-06-23,"1  (BYO) FSG - Orders Only","Combined CSA","Fair Shares Wednesday Pickup","St. Louis","MO","63101",11.2,"Automatic","None","Not on Hold","Fair Shares - Wednesday  - Wednesday","Debit on Delivery",0,0,0,2020-06-24,2020-11-04,NA,2026-02-13,720
2025-09-09 11:28:00,2020-04-17,"1 (BYO) KWG - Orders Only (Weekly Shares)","Combined CSA","Kirkwood Pickup","St. Louis","MO","63126",89.01,"Automatic","Orange","Not on Hold","Kirkwood - Thursday","Debit on Delivery",0,0,0,2020-04-23,2025-09-04,NA,2026-02-13,590
2026-02-12 02:21:32,2017-07-18,"1 Mini (Weekly Shares), 1 Multigrain Bread (Half Share - ODD week)","Combined CSA","UCM","St. Louis","63130","MO",58.2,"Automatic","None","Not on Hold","UCity - Wednesday","Debit on Delivery",0,0,0,2017-08-16,2026-02-11,NA,2026-02-13,1818
2025-05-08 02:28:06,2020-03-21,"1 Mini (Weekly Shares)","Combined CSA","UCM","St. Louis","MO","63146",121.44,"Automatic","None","Temp Hold","UCity - Wednesday","Debit on Delivery",0,0,0,2020-03-25,2025-05-07,NA,2026-02-13,349
2025-12-11 11:04:32,2021-04-19,"1 (BYO) KWG - Orders Only (Weekly Shares)","Combined CSA","Kirkwood Pickup","Kirkwood","MO","63122",0,"Automatic","Green","Not on Hold","Kirkwood - Thursday","Debit on Delivery",0,0,0,2021-04-22,2025-11-27,NA,2026-02-13,270
2026-02-12 02:21:32,2017-07-18,"1 Mini (Weekly Shares), 1 Whole MILK-o","Combined CSA","FSMini-w","St. Louis","MO","63116",87.06,"Automatic","None","Not on Hold","Fair Shares - Wednesday  - Wednesday","Debit on Delivery",0,0,0,2017-08-16,2026-02-11,NA,2026-02-13,1427
2026-02-13 02:16:28,2017-07-18,"1 Half (Half Share - EVEN week)","Combined CSA","FSE","St. Louis","MO","63130",103.66,"Automatic","Purple","Not on Hold","Fair Shares - Thursday - Thursday","Debit on Delivery",0,0,0,2017-08-16,2026-02-12,NA,2026-02-13,1020
2026-01-23 02:18:47,2023-06-18,"1 UCA/KWA","Combined CSA","KWA","Fenton","MO","63026",79.13,"Automatic","Green","Temp Hold","Kirkwood - Thursday","Debit on Delivery",0,0,0,2023-06-21,2026-01-22,NA,2026-02-13,1006
2026-02-05 02:23:17,2024-02-27,"1 Half (Half Share - ODD week)","Combined CSA","FSB","St louis","MO","63111",108.7,"Automatic","Orange","Not on Hold","Fair Shares - Wednesday  - Wednesday","Debit on Delivery",0,0,0,2024-04-03,2026-02-04,NA,2026-02-13,156
2021-11-25 02:34:24,2020-04-08,"1  (BYO) FSG - Orders Only","Combined CSA","UCity Pickup","St. Louis","MO","63130",33.69,"Automatic","Purple","Not on Hold","UCity - Wednesday","Debit on Delivery",0,0,0,2020-04-15,2021-11-24,NA,2026-02-13,1037
2026-02-12 18:37:52,2017-07-20,"1 Half (Half Share - EVEN week)","Combined CSA","FSB","St. Louis","MO","63110",35.52,"Automatic","Purple","Not on Hold","Fair Shares - Wednesday  - Wednesday","Debit on Delivery",0,0,0,2017-08-17,2026-02-11,NA,2026-02-13,346
2026-02-12 03:53:38,2026-02-05,"1 Guest Access, 1 FSC (ONCE 2026-02-25)","Combined CSA","FSC-W","Saint Louis","MO","63108",0,"Automatic","None","Not on Hold","Fair Shares - Wednesday  - Wednesday","Debit on Delivery",0,0,0,2026-02-11,2026-02-11,NA,2026-02-13,350
2024-10-21 09:11:10,2017-11-13,"1  (BYO) FSG - Orders Only","Combined CSA","Fair Shares Wednesday Pickup","Saint Louis","MO","63110",0,"Automatic","None","Not on Hold","Fair Shares - Wednesday  - Wednesday","Debit on Delivery",0,0,0,2017-11-15,2024-10-16,NA,2026-02-13,759
2026-02-12 02:21:32,2017-07-18,"1 Half (Half Share - EVEN week)","Combined CSA","UCB","St. Louis","MO","63130",72.15,"Automatic","Purple","Not on Hold","UCity - Wednesday","Debit on Delivery",0,0,0,2017-08-16,2026-02-11,NA,2026-02-13,1304
2021-09-27 09:46:18,2020-04-14,"1  (BYO) FSG - Orders Only","Combined CSA","Fair Shares Thursday Pickup","St. Louis","MO","63110",50.07,"Automatic","Green","Not on Hold","Fair Shares - Thursday - Thursday","Debit on Delivery",0,0,0,2020-04-16,2021-09-23,NA,2026-02-13,285
2026-02-12 02:21:32,2025-04-13,"1 FSA/FSD","Combined CSA","FSA","St. Louis","MO","63104",85.7,"Automatic","None","Not on Hold","Fair Shares - Wednesday  - Wednesday","Debit on Delivery",0,0,0,2025-04-23,2026-02-11,NA,2026-02-13,240
2026-02-13 02:16:28,2020-04-01,"1 2% MILK, 1 UCA/KWA","Combined CSA","KWA","Saint louis","MO","63110",232.72,"Automatic","None","Not on Hold","Kirkwood - Thursday","Debit on Delivery",0,0,0,2020-04-08,2026-02-12,NA,2026-02-13,1488
2024-03-10 09:37:52,2017-07-20,"1  (BYO) FSG - Orders Only","Combined CSA","Fair Shares Thursday Pickup","St. Louis","MO","63105",1116.02,"Automatic","None","Not on Hold","Fair Shares - Thursday - Thursday","Debit on Delivery",0,0,0,2017-08-17,2024-03-07,NA,2026-02-13,987
2022-01-04 15:24:03,2020-06-09,"1 BYO - No Share, Order Only (Weekly Shares)","Combined CSA","Fair Shares Wednesday Pickup","St. Louis","MO","63118",0,NA,"None","Not on Hold","Fair Shares - Wednesday  - Wednesday",NA,0,0,0,2020-06-24,2022-01-05,NA,2026-02-13,819
2022-03-12 11:11:37,2020-03-21,"1  (BYO) FSG - Orders Only","Combined CSA","Fair Shares Thursday Pickup","St. Louis","MO","63143",0,"Automatic","Green Orange","Not on Hold","Fair Shares - Thursday - Thursday","Debit on Delivery",0,0,0,2020-03-26,2022-02-10,NA,2026-02-13,714
2026-02-12 02:21:32,2020-08-14,"1 Mini (Weekly Shares)","Combined CSA","UCM","Olivette","MO","63132",46.26,"Automatic","None","Not on Hold","UCity - Wednesday","Debit on Delivery",0,0,0,2020-08-19,2026-02-11,NA,2026-02-13,401
2026-02-05 02:23:17,2022-03-24,"1 Half (Half Share - ODD week)","Combined CSA","FSB","Chesterfield","MO","63017",151.39,"Automatic","Orange","Not on Hold","Fair Shares - Wednesday  - Wednesday","Debit on Delivery",0,0,0,2022-03-30,2026-02-04,NA,2026-02-13,337
2026-02-13 02:16:28,2025-02-05,"1 FSA/FSD","Combined CSA","FSD","Saint Louis","MO","63116",217.86,"Automatic","None","Not on Hold","Fair Shares - Thursday - Thursday","Debit on Delivery",0,0,0,2025-02-13,2026-02-12,NA,2026-02-13,643
2026-02-12 02:21:32,2017-07-18,"1 UCA/KWA","Combined CSA","UCA","St. Louis","MO","63105",197.3,"Automatic","None","Not on Hold","UCity - Wednesday","Debit on Delivery",0,0,0,2017-08-16,2026-02-11,NA,2026-02-13,42
2026-02-12 02:21:32,2019-08-20,"1 FSC","Combined CSA","FSC-W","St. Louis","MO","63110",207.88,"Automatic","None","Not on Hold","Fair Shares - Wednesday  - Wednesday","Debit on Delivery",0,0,0,2019-08-28,2026-02-11,NA,2026-02-13,1286
2026-02-13 02:16:28,2020-04-17,"1 Mini (Weekly Shares)","Combined CSA","FSMini-t","Clayton","MO","63105",162.81,"Automatic","Green","Not on Hold","Fair Shares - Thursday - Thursday","Debit on Delivery",0,0,0,2020-04-23,2026-02-12,NA,2026-02-13,670
2025-10-02 14:41:08,2025-09-02,"1  (BYO) FSG - Orders Only","Combined CSA","Fair Shares Thursday Pickup","St Louiis","MO","63111",0,NA,"None","Not on Hold","Fair Shares - Thursday - Thursday",NA,0,0,0,2025-09-11,2025-10-02,NA,2026-02-13,131
2021-03-15 09:42:40,2020-04-18,"1 (BYO) UCG - Orders Only","Combined CSA","UCity Pickup","St Louis","MO","63117",0,"Automatic","Orange","Not on Hold","UCity - Wednesday","Debit on Delivery",0,0,0,2020-04-22,2021-02-24,NA,2026-02-13,66
2025-01-17 04:01:37,2022-01-18,"1  (BYO) FSG - Orders Only","Combined CSA","Fair Shares Thursday Pickup","Saint Louis","MO","63123",0,"Automatic","Green","Not on Hold","Fair Shares - Thursday - Thursday","Debit on Delivery",0,0,0,2022-01-27,2025-01-16,NA,2026-02-13,858
2026-02-05 03:54:44,2020-04-10,"1 Half (Half Share - ODD week)","Combined CSA","UCB","Saint Louis","MO","63105",214.18,"Automatic","Green Orange","Not on Hold","UCity - Wednesday","Debit on Delivery",0,0,0,2020-04-16,2026-02-04,NA,2026-02-13,1512
2026-02-12 03:53:55,2017-07-18,"1 Half (Half Share - EVEN week), 1 No Produce - Order Only (odd wk)","Combined CSA","FSB","St. Louis","MO","63109",0.01,"Automatic","Purple","Not on Hold","Fair Shares - Wednesday  - Wednesday","Debit on Delivery",0,0,0,2017-08-16,2026-02-11,NA,2026-02-13,1155
2026-02-13 02:16:28,2020-04-12,"1 UCA/KWA","Combined CSA","KWA","Glendale","MO","63122",194.44,"Automatic","None","Not on Hold","Kirkwood - Thursday","Debit on Delivery",0,0,0,2020-04-16,2026-02-12,NA,2026-02-13,1891
2022-05-02 08:32:51,2020-07-18,"1 (BYO) UCG - Orders Only","Combined CSA","UCity Pickup","University City","MO","63130",0,"Automatic","Purple","Not on Hold","UCity - Wednesday","Debit on Delivery",0,0,0,2020-07-22,2022-04-27,NA,2026-02-13,89
2022-01-14 02:25:32,2020-05-06,"1 (BYO) KWG - Orders Only (Weekly Shares)","Combined CSA","Kirkwood Pickup","St. Louis","MO","63109",2.41,"Automatic","Green","Not on Hold","Kirkwood - Thursday","Debit on Delivery",0,0,0,2020-05-14,2022-01-13,NA,2026-02-13,1982
2026-02-05 02:23:17,2019-11-13,"1 Half (Half Share - ODD week)","Combined CSA","FSB","St. Louis","MO","63101",83.33,"Automatic","Orange","Not on Hold","Fair Shares - Wednesday  - Wednesday","Debit on Delivery",0,0,0,2019-11-20,2026-02-04,NA,2026-02-13,1124
2026-02-07 02:06:58,2017-07-18,"1  (BYO) FSG - Orders Only","Combined CSA","Fair Shares Wednesday Pickup","St. Louis","MO","63110",0,"Automatic","Payment Purple","Not on Hold","Fair Shares - Wednesday  - Wednesday","Debit on Delivery",0,0,0,2017-08-16,2021-12-08,NA,2026-02-13,792
2026-02-13 02:16:28,2025-06-29,"1 Half (Half Share - EVEN week)","Combined CSA","KWB","Saint Louis","MO","63131",44,"Automatic","Purple","Not on Hold","Kirkwood - Thursday","Debit on Delivery",0,0,0,2025-07-03,2026-02-12,NA,2026-02-13,608
2023-06-09 11:22:26,2017-07-18,"1 BYO - No Share, Order Only (Weekly Shares)","Combined CSA","Fair Shares Wednesday Pickup","St. Louis","MO","63122",0,NA,"Orange","Not on Hold","Fair Shares - Wednesday  - Wednesday","Debit on Delivery",0,0,0,2017-08-23,2018-02-21,NA,2026-02-13,1915
2026-01-26 09:34:05,2020-06-07,"1  (BYO) FSG - Orders Only","Combined CSA","Fair Shares Thursday Pickup","St. Louis","MO","63126",23.04,"Automatic","Green","Not on Hold","Fair Shares - Thursday - Thursday","Debit on Delivery",0,0,0,2020-06-11,2026-01-22,NA,2026-02-13,242
2025-05-20 15:59:44,2025-03-30,"1 (BYO) KWG - Orders Only (Weekly Shares)","Combined CSA","Kirkwood Pickup","Sunset Hills","MO","63127",0,"Automatic","None","Hold","Kirkwood - Thursday","Debit on Delivery",0,0,0,2025-04-03,2025-04-17,NA,2026-02-13,272
2026-02-12 02:21:32,2017-07-18,"1 Half (Half Share - EVEN week), 1 2% MILK-e, 1 No Produce - Order Only (odd wk)","Combined CSA","UCB","St. Louis","MO","63131",313.97,"Automatic","Purple","Not on Hold","UCity - Wednesday","Debit on Delivery",0,0,0,2017-08-16,2026-02-11,NA,2026-02-13,384
2019-10-14 07:42:22,2018-11-25,"1 BYO - No Share, Order Only (Weekly Shares)","Combined CSA","Fair Shares Wednesday Pickup","St. Charles","MO","63303",-6.28,NA,"None","Not on Hold","Fair Shares - Wednesday  - Wednesday","Debit on Delivery",0,0,0,2018-11-28,2019-10-09,NA,2026-02-13,771
2023-07-21 02:42:18,2022-07-20,"1  (BYO) FSG - Orders Only","Combined CSA","Fair Shares Thursday Pickup","Saint Louis","MO","63110",1.35,"Automatic","Green","Not on Hold","Fair Shares - Thursday - Thursday","Debit on Delivery",0,0,0,2022-07-28,2023-07-20,NA,2026-02-13,1851
2026-02-12 03:53:44,2022-07-12,"1 (BYO) UCG - Orders Only","Combined CSA","UCity Pickup","Bridgeton","MO","63044",0,"Automatic","Green","Not on Hold","UCity - Wednesday","Debit on Delivery",0,0,0,2022-07-20,2026-02-11,NA,2026-02-13,1200
2021-01-14 16:30:54,2017-07-20,"1  (BYO) FSG - Orders Only","Combined CSA","Fair Shares Thursday Pickup","St. Louis","63119","63110",401.14,"Automatic","Orange","Hold","Fair Shares - Thursday - Thursday","Debit on Delivery",0,0,0,2017-08-17,2020-12-03,NA,2026-02-13,497
2021-11-15 09:42:09,2020-02-04,"1  (BYO) FSG - Orders Only","Combined CSA","Fair Shares Thursday Pickup","Saint Louis","MO","63104",136.74,"Automatic","Blue Orange","Not on Hold","Fair Shares - Thursday - Thursday","Debit on Delivery",0,0,0,2020-02-06,2021-11-04,NA,2026-02-13,1261
2021-02-19 15:30:05,2020-04-01,"1 (BYO) UCG - Orders Only","Combined CSA","UCity Pickup","Saint Louis","MO","63112",-0.07,NA,"None","Not on Hold","UCity - Wednesday","Debit on Delivery",0,0,0,2020-04-08,2021-02-10,NA,2026-02-13,1397
2026-02-12 02:21:32,2022-01-30,"1 UCA/KWA","Combined CSA","UCA","St. Louis","MO","63130",44.24,"Automatic","Green","Not on Hold","UCity - Wednesday","Debit on Delivery",0,0,0,2022-02-09,2026-02-11,NA,2026-02-13,1506
2023-11-30 14:26:52,2022-10-12,"1  (BYO) FSG - Orders Only","Combined CSA","Fair Shares Wednesday Pickup","Saint Louis","MO","63110",44.84,NA,"Green Orange","Not on Hold","Fair Shares - Wednesday  - Wednesday","Debit on Delivery",0,0,0,2022-10-19,2023-10-25,NA,2026-02-13,1676
2021-06-28 08:31:52,2020-05-11,"1 (BYO) KWG - Orders Only (Weekly Shares)","Combined CSA","Kirkwood Pickup","Kirkwood","MO","63122",5.84,"Automatic","Green","Not on Hold","Kirkwood - Thursday","Debit on Delivery",0,0,0,2020-05-14,2021-06-24,NA,2026-02-13,1973
2026-02-04 03:55:34,2022-06-10,"1  (BYO) FSG - Orders Only","Combined CSA","Fair Shares Thursday Pickup","St. Louis","MO","63119",0,"Automatic","None","Not on Hold","Fair Shares - Thursday - Thursday","Debit on Delivery",0,0,0,2022-06-16,2025-12-18,NA,2026-02-13,1910
2026-02-12 02:21:32,2021-11-05,"1 Mini (Weekly Shares)","Combined CSA","UCM","St. Louis","MO","63130",82.88,"Automatic","None","Not on Hold","UCity - Wednesday","Debit on Delivery",0,0,0,2021-11-10,2026-02-11,NA,2026-02-13,526
2025-03-27 16:49:44,2024-02-04,"1  (BYO) FSG - Orders Only","Combined CSA","Fair Shares Wednesday Pickup","St. Louis","MO","63110",0,"Automatic","Purple","Not on Hold","Fair Shares - Wednesday  - Wednesday","Debit on Delivery",0,0,0,2024-02-07,2024-10-23,NA,2026-02-13,1536
2026-02-05 02:23:17,2021-08-19,"1 Half (Half Share - ODD week)","Combined CSA","FSB","St. Louis","MO","63108",143.69,"Automatic","Green Orange","Not on Hold","Fair Shares - Wednesday  - Wednesday","Debit on Delivery",0,0,0,2021-08-25,2026-02-04,NA,2026-02-13,976
2024-09-19 02:41:24,2024-07-24,"1 (BYO) UCG - Orders Only","Combined CSA","UCity Pickup","St Louis","MO","63108",0.41,"Automatic","None","Not on Hold","UCity - Wednesday","Debit on Delivery",0,0,0,2024-07-31,2024-09-18,NA,2026-02-13,582
2022-09-13 10:43:36,2020-04-18,"1 (BYO) UCG - Orders Only","Combined CSA","UCity Pickup","Clayton","MO","63105",0,"Automatic","None","Not on Hold","UCity - Wednesday","Debit on Delivery",0,0,0,2020-04-22,2022-09-07,NA,2026-02-13,215
2023-07-14 02:41:37,2022-09-24,"1  (BYO) FSG - Orders Only","Combined CSA","Fair Shares Thursday Pickup","Saint Louis","MO","63125",31.6,"Automatic","None","Not on Hold","Fair Shares - Thursday - Thursday","Debit on Delivery",0,0,0,2022-09-29,2023-07-13,NA,2026-02-13,110
2025-09-21 12:43:57,2020-05-28,"1  (BYO) FSG - Orders Only","Combined CSA","Fair Shares Thursday Pickup","St Louis","MO","63110",62.06,"Automatic","Green","Not on Hold","Fair Shares - Thursday - Thursday","Debit on Delivery",0,0,0,2020-06-04,2025-09-11,NA,2026-02-13,1171
2024-05-31 02:26:12,2023-02-10,"1 (BYO) KWG - Orders Only (Weekly Shares)","Combined CSA","Kirkwood Pickup","Kirkwood","MO","63122",7.74,"Automatic","Green Orange","Not on Hold","Kirkwood - Thursday","Debit on Delivery",0,0,0,2023-02-16,2024-05-30,NA,2026-02-13,1433
2021-07-15 03:57:28,2020-05-28,"1  (BYO) FSG - Orders Only","Combined CSA","Fair Shares Wednesday Pickup","St. Louis","MO","63104",0,"Automatic","None","Not on Hold","Fair Shares - Wednesday  - Wednesday","Debit on Delivery",0,0,0,2020-06-03,2021-07-14,NA,2026-02-13,1008
2025-11-20 02:35:19,2020-03-31,"1  (BYO) FSG - Orders Only","Combined CSA","Fair Shares Wednesday Pickup","Saint louis","MO","63109",43.38,"Automatic","Green","Not on Hold","Fair Shares - Wednesday  - Wednesday","Debit on Delivery",0,0,0,2020-04-01,2025-11-19,NA,2026-02-13,274
2026-02-10 15:10:57,2021-01-04,"1 (BYO) UCG - Orders Only","Combined CSA","UCity Pickup","St. Louis","MO","63112",-160.53,NA,"Purple","Not on Hold","UCity - Wednesday","Debit on Delivery",0,0,0,2021-01-13,2026-02-11,NA,2026-02-13,1040
2023-12-17 03:43:00,2019-03-17,"1  (BYO) FSG - Orders Only","Combined CSA","Fair Shares Thursday Pickup","St. Louis","MO","63139",144.85,"Automatic","None","Not on Hold","Fair Shares - Thursday - Thursday","Debit on Delivery",0,0,0,2019-04-04,2023-12-14,NA,2026-02-13,509
2026-02-12 02:21:32,2017-07-18,"1 FSA/FSD","Combined CSA","FSA","St. Louis","MO","63119",310.15,"Automatic","None","Not on Hold","Fair Shares - Wednesday  - Wednesday","Debit on Delivery",0,0,0,2017-08-16,2026-02-11,NA,2026-02-13,863
2019-05-22 11:30:33,2017-07-18,"1 BYO - No Share, Order Only (Weekly Shares)","Combined CSA","Fair Shares Thursday Pickup","St. Louis","63110","MO",124.53,NA,"None","Hold","Fair Shares - Thursday - Thursday","Debit on Delivery",0,0,0,2017-08-17,2017-10-19,NA,2026-02-13,1394
2026-02-12 02:21:32,2025-04-06,"1 Mini (Weekly Shares)","Combined CSA","UCM","St. Louis","MO","63118",120.8,"Automatic","None","Not on Hold","UCity - Wednesday","Debit on Delivery",0,0,0,2025-04-09,2026-02-11,NA,2026-02-13,627
2026-02-12 02:21:32,2017-07-18,"1 UCA/KWA","Combined CSA","UCA","St. Louis","MO","63112",117.22,"Automatic","None","Not on Hold","UCity - Wednesday","Debit on Delivery",0,0,0,2017-08-16,2026-02-11,NA,2026-02-13,1039
2025-03-27 06:14:13,2017-07-20,"1 Mini (Weekly Shares)","Combined CSA","FSMini-w","St. Louis","63021","MO",76,"Automatic","None","Hold","Fair Shares - Wednesday  - Wednesday","Debit on Delivery",0,0,0,2017-08-16,2017-09-13,NA,2026-02-13,1398
2026-01-21 14:16:11,2025-07-08,"1  (BYO) FSG - Orders Only","Combined CSA","Fair Shares Wednesday Pickup","St. Louis","MO","63123",0,NA,"None","Not on Hold","Fair Shares - Wednesday  - Wednesday",NA,0,0,0,2025-07-10,2026-01-21,NA,2026-02-13,45
2025-04-14 14:20:28,2025-02-09,"1 Half (Half Share - EVEN week)","Combined CSA","FSE","St Louis","MO","63103",68.89,"Automatic","Purple","Hold","Fair Shares - Thursday - Thursday","Debit on Delivery",0,0,0,2025-02-13,2025-04-10,NA,2026-02-13,626
2026-02-12 02:21:32,2017-07-18,"1 Half (Half Share - EVEN week)","Combined CSA","FSB","St. Louis","MO","63143",38.05,"Automatic","Purple","Not on Hold","Fair Shares - Wednesday  - Wednesday","Debit on Delivery",0,0,0,2017-08-16,2026-02-11,NA,2026-02-13,351
2026-02-13 02:16:28,2017-07-18,"1 FSA/FSD","Combined CSA","FSD","St. Louis","MO","63124",252.65,"Automatic","None","Not on Hold","Fair Shares - Thursday - Thursday",NA,0,0,0,2017-08-16,2026-02-12,NA,2026-02-13,1377
2025-07-18 02:39:03,2020-03-19,"1  (BYO) FSG - Orders Only","Combined CSA","Fair Shares Thursday Pickup","St Louis","MO","63139",193.08,"Automatic","Blue Orange","Not on Hold","Fair Shares - Thursday - Thursday","Debit on Delivery",0,0,0,2020-03-26,2025-07-17,NA,2026-02-13,166
2026-01-20 10:45:15,2025-01-27,"1 (BYO) KWG - Orders Only (Weekly Shares)","Combined CSA","Kirkwood Pickup","Valley Park","MO","63088",0,"Automatic","Purple","Not on Hold","Kirkwood - Thursday","Debit on Delivery",0,0,0,2025-01-30,2025-12-18,NA,2026-02-13,797
2026-02-13 03:50:59,2022-07-23,"1 Half (Half Share - EVEN week), 1 No Produce - Order Only (odd wk)","Combined CSA","KWB","St. Louis","MO","63123",0,"Automatic","Purple","Not on Hold","Kirkwood - Thursday","Debit on Delivery",0,0,0,2022-07-28,2026-02-12,NA,2026-02-13,405
2026-02-12 03:53:48,2020-02-09,"1 (BYO) UCG - Orders Only","Combined CSA","UCity Pickup","Overland","MO","63114",0,"Automatic","None","Not on Hold","UCity - Wednesday","Debit on Delivery",0,0,0,2020-02-12,2026-02-11,NA,2026-02-13,1713
2026-02-13 02:16:28,2025-04-10,"1 Half (Half Share - EVEN week)","Combined CSA","FSE","Saint Lohis","MO","63109",70.64,"Automatic","Purple","Not on Hold","Fair Shares - Thursday - Thursday","Debit on Delivery",0,0,0,2025-04-17,2026-02-12,NA,2026-02-13,587
2026-02-12 02:21:32,2024-07-23,"1 Mini (Weekly Shares)","Combined CSA","UCM","Olivette","MO","63132",190.1,"Automatic","None","Not on Hold","UCity - Wednesday","Debit on Delivery",0,0,0,2024-07-31,2026-02-11,NA,2026-02-13,598
2026-02-05 12:06:26,2020-04-14,"1 (BYO) KWG - Orders Only (Weekly Shares)","Combined CSA","Kirkwood Pickup","St. louis","MO","63128",0,"Automatic","None","Not on Hold","Kirkwood - Thursday","Debit on Delivery",0,0,0,2020-04-23,2025-11-27,NA,2026-02-13,510
2026-02-05 03:54:36,2020-04-25,"1 Half (Half Share - ODD week)","Combined CSA","FSB","Saint Louis","MO","63143",203.11,"Automatic","Green Orange","Not on Hold","Fair Shares - Wednesday  - Wednesday","Debit on Delivery",0,0,0,2020-04-29,2026-02-04,NA,2026-02-13,1272
2025-12-19 10:22:38,2023-03-22,"1 (BYO) UCG - Orders Only","Combined CSA","UCity Pickup","St. Louis","MO","63130",0,"Automatic","None","Not on Hold","UCity - Wednesday","Debit on Delivery",0,0,0,2023-03-29,2025-12-03,NA,2026-02-13,998
2025-09-28 11:30:25,2020-03-24,"1 Half (Half Share - EVEN week)","Combined CSA","FSB","St. Louis","MO","63105-3044",241.94,"Automatic","Purple","Temp Hold","Fair Shares - Wednesday  - Wednesday","Debit on Delivery",0,0,0,2020-03-25,2024-09-11,NA,2026-02-13,9
2026-01-29 03:55:53,2020-10-13,"1  (BYO) FSG - Orders Only","Combined CSA","Fair Shares Wednesday Pickup","Saint Louis","MO","63116",0,"Automatic","None","Not on Hold","Fair Shares - Wednesday  - Wednesday","Debit on Delivery",0,0,0,2020-10-22,2026-01-28,NA,2026-02-13,1537
2026-02-13 02:16:28,2020-03-31,"1 FSC, 1 Whole MILK","Combined CSA","FSC-T","Ballwin","MO","63021",167.45,"Automatic","Green","Not on Hold","Fair Shares - Thursday - Thursday","Debit on Delivery",0,0,0,2020-04-02,2026-02-12,NA,2026-02-13,900
2022-12-16 02:25:41,2021-09-19,"1  (BYO) FSG - Orders Only","Combined CSA","Fair Shares Thursday Pickup","St. Louis","MO","63116",37.74,"Automatic","Orange","Not on Hold","Fair Shares - Thursday - Thursday","Debit on Delivery",0,0,0,2021-09-23,2022-12-15,NA,2026-02-13,1403
2024-10-25 02:40:17,2024-07-09,"1  (BYO) FSG - Orders Only","Combined CSA","Fair Shares Thursday Pickup","St. Louis","MO","63118",0.07,"Automatic","Purple","Not on Hold","Fair Shares - Thursday - Thursday","Debit on Delivery",0,0,0,2024-07-17,2024-10-24,NA,2026-02-13,697
2026-02-05 02:23:17,2020-05-03,"1 (BYO) KWG - Orders Only (Weekly Shares)","Combined CSA","Kirkwood Pickup","St. Louis","MO","63146",0,"Automatic","Payment","Not on Hold","Kirkwood - Thursday","Debit on Delivery",0,0,0,2020-05-06,2025-11-06,NA,2026-02-13,1832
2026-02-13 02:16:28,2020-04-10,"1 Half (Half Share - EVEN week), 1 No Produce - Order Only (odd wk)","Combined CSA","KWB","Kirkwood","MO","63122",403.5,"Automatic","Purple","Not on Hold","Kirkwood - Thursday","Debit on Delivery",0,0,0,2020-04-16,2026-02-12,NA,2026-02-13,473
2022-03-12 10:33:27,2017-07-20,"1  (BYO) FSG - Orders Only","Combined CSA","Fair Shares Wednesday Pickup","St. Louis","MO","63108",59.29,"Automatic","None","Not on Hold","Fair Shares - Wednesday  - Wednesday","Debit on Delivery",0,0,0,2017-08-17,2022-02-16,NA,2026-02-13,214
2020-04-13 09:06:53,2019-07-10,"1 (BYO) UCG - Orders Only","Combined CSA","UCity Pickup","University City","MO","63130",54.39,NA,"Purple","Not on Hold","UCity - Wednesday","Debit on Delivery",0,0,0,2019-07-17,2020-04-01,NA,2026-02-13,1965
2026-02-12 16:59:41,2021-03-14,"1  (BYO) FSG - Orders Only","Combined CSA","Fair Shares Wednesday Pickup","St. Louis","MO","63112",126.59,"Automatic","Orange","Not on Hold","Fair Shares - Wednesday  - Wednesday","Debit on Delivery",0,0,156.34,2021-03-24,2022-11-02,NA,2026-02-13,1916
2025-12-11 11:05:18,2017-08-08,"1  (BYO) FSG - Orders Only","Combined CSA","Fair Shares Wednesday Pickup","St. Louis","MO","63129",0,"Automatic","None","Not on Hold","Fair Shares - Wednesday  - Wednesday","Debit on Delivery",0,0,0,2017-08-16,2025-11-26,NA,2026-02-13,592
2020-10-08 11:40:54,2020-05-02,"1  (BYO) FSG - Orders Only","Combined CSA","Fair Shares Wednesday Pickup","Webster Groves","MO","63119",0,"Automatic","None","Not on Hold","Fair Shares - Wednesday  - Wednesday","Debit on Delivery",0,0,0,2020-05-06,2020-10-07,NA,2026-02-13,625
2026-02-13 02:16:28,2017-07-18,"1 Mini (Weekly Shares)","Combined CSA","FSMini-t","St. Louis","MO","63139",1572.3,"Automatic","None","Not on Hold","Fair Shares - Thursday - Thursday","Debit on Delivery",0,0,0,2017-08-16,2026-02-12,NA,2026-02-13,1431
2025-07-22 14:11:26,2025-03-07,"1  (BYO) FSG - Orders Only","Combined CSA","Fair Shares Thursday Pickup","Manchester","MO","63021",149.9,"Automatic","Orange","Not on Hold","Fair Shares - Thursday - Thursday","Debit on Delivery",0,0,0,2025-04-03,2025-07-10,NA,2026-02-13,331
2026-02-12 02:21:32,2020-04-07,"1 Mini (Weekly Shares)","Combined CSA","FSMini-w","St. Louis","MO","63116",219.75,"Automatic","Green","Not on Hold","Fair Shares - Wednesday  - Wednesday","Debit on Delivery",0,0,0,2020-04-09,2026-02-11,NA,2026-02-13,1896
2021-07-22 14:34:12,2017-07-20,"1 BYO - No Share, Order Only (Weekly Shares)","Combined CSA","Fair Shares Thursday Pickup","St. Louis","MO","63119",-7.79,NA,"None","Not on Hold","Fair Shares - Thursday - Thursday",NA,0,0,0,2017-08-17,2020-02-27,NA,2026-02-13,784
2025-07-18 02:39:03,2017-07-20,"1  (BYO) FSG - Orders Only","Combined CSA","Fair Shares Thursday Pickup","St. Louis","MO","63104",486.68,"Automatic","Blue","Not on Hold","Fair Shares - Thursday - Thursday","Debit on Delivery",0,0,0,2017-08-17,2025-07-17,NA,2026-02-13,1169
2025-03-26 16:10:58,2018-05-04,"1 FSC","Combined CSA","FSC-W","Saint Louis","MO","63104",147.62,"Automatic","None","Hold","Fair Shares - Wednesday  - Wednesday","Debit on Delivery",0,0,0,2018-05-09,2024-04-03,NA,2026-02-13,1109
2024-09-20 02:42:40,2021-04-07,"1 (BYO) KWG - Orders Only (Weekly Shares)","Combined CSA","Kirkwood Pickup","Saint Louis","MO","63122",27.49,"Automatic","None","Not on Hold","Kirkwood - Thursday","Debit on Delivery",0,0,0,2021-04-15,2024-09-19,NA,2026-02-13,269
2021-04-02 03:54:26,2019-08-14,"1 (BYO) UCG - Orders Only","Combined CSA","UCity Pickup","Saint Louis","MO","63130",0,"Automatic","Purple","Not on Hold","UCity - Wednesday","Debit on Delivery",0,0,0,2019-08-28,2021-03-31,NA,2026-02-13,1564
2022-01-13 18:00:37,2020-02-28,"1  (BYO) FSG - Orders Only","Combined CSA","Fair Shares Thursday Pickup","St .Louis","MO","63025",54.8,"Automatic","None","Hold","Fair Shares - Thursday - Thursday","Debit on Delivery",0,0,0,2020-03-26,2021-06-17,NA,2026-02-13,798
2018-05-16 12:30:38,2017-08-08,"1 BYO - No Share, Order Only (Weekly Shares)","Combined CSA","Fair Shares Thursday Pickup","St. Louis","MO","63131",99.56,"Automatic","Purple","Hold","Fair Shares - Thursday - Thursday","Debit on Delivery",0,0,0,2017-08-17,2018-04-12,NA,2026-02-13,297
2026-02-03 14:43:33,2022-07-26,"1 Half (Half Share - EVEN week)","Combined CSA","KWB","Kirkwood","MO","63122",138.56,"Automatic","Green Purple","Hold","Kirkwood - Thursday","Debit on Delivery",0,0,0,2022-08-04,2026-01-15,NA,2026-02-13,1863
2024-11-27 10:14:28,2024-03-06,"1  (BYO) FSG - Orders Only","Combined CSA","Fair Shares Thursday Pickup","Saint Louis","MO","63111",0,NA,"None","Not on Hold","Fair Shares - Thursday - Thursday",NA,0,0,0,2024-03-07,2024-11-28,NA,2026-02-13,1744
2026-02-13 02:16:28,2017-07-18,"1 Half (Half Share - ODD week), 1 No Produce - Order Only (even wk), 2 2% MILK","Combined CSA","FSE","St. Louis","MO","63110",314.79,"Automatic","Blue Orange","Not on Hold","Fair Shares - Thursday - Thursday","Debit on Delivery",0,0,0,2017-08-23,2026-02-12,NA,2026-02-13,31
2026-02-12 14:57:18,2024-09-03,"1  (BYO) FSG - Orders Only","Combined CSA","Fair Shares Thursday Pickup","St. Louis","MO","63108",0,NA,"None","Not on Hold","Fair Shares - Thursday - Thursday",NA,0,0,0,2024-09-04,2026-02-12,NA,2026-02-13,556
2026-02-12 03:53:51,2026-01-30,"1 Guest Access","Combined CSA","UCM","University City","MO","63130",0,"Automatic","None","Not on Hold","UCity - Wednesday","Debit on Delivery",0,0,0,2026-02-04,2026-02-11,NA,2026-02-13,6
2025-06-14 11:17:17,2019-11-03,"1  (BYO) FSG - Orders Only","Combined CSA","Fair Shares Thursday Pickup","St. louis","MO","63117",442.73,"Automatic","None","Not on Hold","Fair Shares - Thursday - Thursday","Debit on Delivery",0,0,0,2019-11-07,2025-06-12,NA,2026-02-13,1472
2026-02-12 02:21:32,2020-07-07,"1 FSC","Combined CSA","FSC-W","Webster Groves","MO","63119",107.12,"Automatic","Green","Not on Hold","Fair Shares - Wednesday  - Wednesday","Debit on Delivery",0,0,0,2020-07-16,2026-02-11,NA,2026-02-13,1387
2026-02-13 02:16:28,2017-07-20,"1 UCA/KWA","Combined CSA","KWA","St. Louis","MO","63141",99.55,"Automatic","None","Not on Hold","Kirkwood - Thursday","Debit on Delivery",0,0,0,2017-08-17,2026-02-12,NA,2026-02-13,1145
2026-02-13 02:16:28,2023-02-02,"2 Whole MILK, 1 (BYO) KWG - Orders Only (Weekly Shares)","Combined CSA","Kirkwood Pickup","High Ridge","MO","63049",307.24,"Automatic","None","Not on Hold","Kirkwood - Thursday","Debit on Delivery",0,0,0,2023-02-09,2026-02-12,NA,2026-02-13,1132
2021-11-29 10:06:05,2017-07-20,"1 (BYO) KWG - Orders Only (Weekly Shares)","Combined CSA","Kirkwood Pickup","Chesterfield","MO","63017",0,"Automatic","Orange","Not on Hold","Kirkwood - Thursday","Debit on Delivery",0,0,0,2017-08-17,2021-11-25,NA,2026-02-13,466
2025-03-26 18:50:56,2017-07-20,"1 Mini (Weekly Shares)","Combined CSA","FSMini-t","Belleville","62226","Belleville, IL",179.2,"Automatic","None","Hold","Fair Shares - Thursday - Thursday","Debit on Delivery",0,0,0,2017-08-17,2018-05-17,NA,2026-02-13,445
2021-08-16 10:08:35,2020-08-11,"1  (BYO) FSG - Orders Only","Combined CSA","Fair Shares Thursday Pickup","St. Louis","MO","63108",0,"Automatic","None","Not on Hold","Fair Shares - Thursday - Thursday","Debit on Delivery",0,0,0,2020-08-20,2021-08-12,NA,2026-02-13,142
2023-01-31 15:43:12,2021-04-09,"1  (BYO) FSG - Orders Only","Combined CSA","Fair Shares Thursday Pickup","St. Louie","MO","63139",161.3,"Automatic","Green Orange","Not on Hold","Fair Shares - Thursday - Thursday","Debit on Delivery",0,0,0,2021-04-22,2022-01-27,NA,2026-02-13,394
2019-05-22 11:24:39,2017-07-20,"1 BYO - No Share, Order Only (Weekly Shares)","Combined CSA","Fair Shares Thursday Pickup","St. Louis","MO","63109",102.29,NA,"None","Hold","Fair Shares - Thursday - Thursday","Debit on Delivery",0,0,0,2017-08-17,2018-01-04,NA,2026-02-13,498
2024-02-26 18:25:19,2020-05-18,"1  (BYO) FSG - Orders Only","Combined CSA","Fair Shares Wednesday Pickup","St. Louis","MO","63118",183.78,"Automatic","Green","Not on Hold","Fair Shares - Wednesday  - Wednesday",NA,0,0,0,2020-05-21,2023-05-10,NA,2026-02-13,1573
2022-12-18 08:03:21,2017-07-18,"1 Guest Access","Combined CSA","Fair Shares Wednesday Pickup","St. Louis","MO","63104",0,"Automatic","None","Not on Hold","Fair Shares - Wednesday  - Wednesday","Debit on Delivery",0,0,0,2017-08-16,2022-12-14,NA,2026-02-13,1032
2026-02-05 03:54:34,2023-05-24,"1 Half (Half Share - ODD week)","Combined CSA","FSB","St. louis","MO","63139",180.43,"Automatic","Green Orange","Not on Hold","Fair Shares - Wednesday  - Wednesday","Debit on Delivery",0,0,0,2023-05-31,2026-02-04,NA,2026-02-13,624
2026-02-07 02:06:58,2017-07-18,"1 Half (Half Share - ODD week), 1 No Produce - Order Only (even wk)","Combined CSA","FSE","St. Louis","MO","63124",104.57,"Automatic","Blue Orange","Not on Hold","Fair Shares - Thursday - Thursday","Debit on Delivery",0,0,0,2017-08-24,2026-02-05,NA,2026-02-13,979
2021-04-11 09:32:39,2020-03-22,"1  (BYO) FSG - Orders Only","Combined CSA","Fair Shares Thursday Pickup","Webster Groves","MO","63119",107.81,"Automatic","Orange","Hold","Fair Shares - Thursday - Thursday","Debit on Delivery",0,0,0,2020-03-26,2021-04-08,NA,2026-02-13,1319
2026-02-12 02:21:32,2017-07-18,"1 UCA/KWA","Combined CSA","UCA","St. Louis","63105","MO",22.19,"Automatic","None","Not on Hold","UCity - Wednesday","Debit on Delivery",0,0,0,2017-08-16,2026-02-11,NA,2026-02-13,125
2021-08-05 10:26:05,2021-01-10,"1 (BYO) UCG - Orders Only","Combined CSA","UCity Pickup","Florissant","MO","63031",109.34,"Automatic","None","Not on Hold","UCity - Wednesday","Debit on Delivery",0,0,0,2021-01-13,2021-08-04,NA,2026-02-13,586
2024-06-28 03:55:31,2017-07-20,"1  (BYO) FSG - Orders Only","Combined CSA","Fair Shares Thursday Pickup","St. Louis","MO","63104",134.04,"Automatic","None","Not on Hold","Fair Shares - Thursday - Thursday","Debit on Delivery",0,0,0,2017-08-17,2024-06-27,NA,2026-02-13,867
2025-06-13 02:35:37,2019-01-06,"1  (BYO) FSG - Orders Only","Combined CSA","Fair Shares Thursday Pickup","Saint Louis","MO","63110",94.86,"Automatic","Orange","Not on Hold","Fair Shares - Thursday - Thursday","Debit on Delivery",0,0,0,2019-01-09,2025-06-12,NA,2026-02-13,1246
2021-09-15 03:44:25,2020-04-24,"1  (BYO) FSG - Orders Only","Combined CSA","Fair Shares Wednesday Pickup","St. Louis","MO","63119",0,"Automatic","Green","Not on Hold","Fair Shares - Wednesday  - Wednesday","Debit on Delivery",0,0,0,2020-04-29,2021-09-08,NA,2026-02-13,1031
2026-02-13 03:51:02,2020-01-02,"1 BYO - No Share, Order Only (Weekly Shares), 1 Whole MILK-e","Combined CSA","Fair Shares Thursday Pickup","St. Louis","MO","63116",0,"Automatic","Blue Purple","Not on Hold","Fair Shares - Thursday - Thursday","Debit on Delivery",0,0,0,2020-01-16,2026-02-12,NA,2026-02-13,1424
2026-02-05 03:54:28,2017-07-18,"1 Half (Half Share - ODD week)","Combined CSA","UCB","St. Louis","MO","63108",210.19,"Automatic","Orange","Not on Hold","UCity - Wednesday","Debit on Delivery",0,0,0,2017-08-23,2026-02-04,NA,2026-02-13,911
2024-09-04 16:52:36,2017-07-20,"1 BYO - No Share, Order Only (Weekly Shares)","Combined CSA","Fair Shares Thursday Pickup","St. Louis","63110","MO",3.37,NA,"None","Not on Hold","Fair Shares - Thursday - Thursday",NA,0,0,0,2019-11-28,2024-09-05,NA,2026-02-13,1805
2022-12-09 02:24:43,2017-07-18,"1  (BYO) FSG - Orders Only","Combined CSA","Fair Shares Thursday Pickup","St. Louis","MO","63127",218.9,"Automatic","None","Not on Hold","Fair Shares - Thursday - Thursday","Debit on Delivery",0,0,0,2017-08-16,2022-12-08,NA,2026-02-13,602
2020-10-19 09:55:40,2017-07-18,"1  (BYO) FSG - Orders Only","Combined CSA","Fair Shares Wednesday Pickup","St. Louis","MO","63118",0,"Automatic","Purple","Not on Hold","Fair Shares - Wednesday  - Wednesday","Debit on Delivery",0,0,0,2017-08-16,2020-10-14,NA,2026-02-13,427
2026-01-15 14:13:40,2025-04-16,"1  (BYO) FSG - Orders Only","Combined CSA","Fair Shares Wednesday Pickup","St. Louis","MO","63118",5.68,NA,"None","Not on Hold","Fair Shares - Wednesday  - Wednesday",NA,0,0,0,2025-04-23,2026-01-14,NA,2026-02-13,94
2025-05-02 03:53:41,2023-08-19,"1  (BYO) FSG - Orders Only","Combined CSA","Fair Shares Thursday Pickup","St. Louis","MO","63110",0,"Automatic","Orange","Not on Hold","Fair Shares - Thursday - Thursday","Debit on Delivery",0,0,0,2023-08-24,2025-05-01,NA,2026-02-13,193
2024-07-12 02:41:35,2017-07-18,"1  (BYO) FSG - Orders Only","Combined CSA","Fair Shares Thursday Pickup","St. Louis","MO","63139",5.8,NA,"None","Not on Hold","Fair Shares - Thursday - Thursday","Debit on Delivery",0,0,0,2017-08-16,2024-07-11,NA,2026-02-13,973
2021-02-04 02:34:23,2020-04-17,"1  (BYO) FSG - Orders Only","Combined CSA","Fair Shares Wednesday Pickup","Saint Louis","MO","63109",0.48,"Automatic","Green","Not on Hold","Fair Shares - Wednesday  - Wednesday","Debit on Delivery",0,0,0,2020-04-23,2021-02-03,NA,2026-02-13,222
2026-02-12 02:21:32,2017-07-20,"1 FSA/FSD","Combined CSA","FSA","St. Louis","MO","63110",719.46,"Automatic","None","Not on Hold","Fair Shares - Wednesday  - Wednesday","Debit on Delivery",0,0,0,2017-08-17,2026-02-11,NA,2026-02-13,704
2026-02-05 03:54:33,2017-07-18,"1 Half (Half Share - ODD week)","Combined CSA","FSB","St. Louis","MO","63108",348.54,"Automatic","Orange","Not on Hold","Fair Shares - Wednesday  - Wednesday","Debit on Delivery",0,0,0,2017-08-23,2026-02-04,NA,2026-02-13,1284
2023-02-02 02:27:06,2020-12-04,"1  (BYO) FSG - Orders Only","Combined CSA","Fair Shares Wednesday Pickup","St. Louis","MO","63104",1.32,"Automatic","Green","Not on Hold","Fair Shares - Wednesday  - Wednesday","Debit on Delivery",0,0,0,2020-12-10,2023-02-01,NA,2026-02-13,1418
2023-10-25 07:20:56,2023-01-01,"1  (BYO) FSG - Orders Only","Combined CSA","Fair Shares Wednesday Pickup","Saint Louis","MO","63104",0,"Automatic","Green","Not on Hold","Fair Shares - Wednesday  - Wednesday","Debit on Delivery",0,0,0,2023-01-05,2023-10-18,NA,2026-02-13,1115
2025-07-17 02:43:04,2020-05-02,"1  (BYO) FSG - Orders Only","Combined CSA","Fair Shares Wednesday Pickup","St. Louis","MO","63104",122.39,"Automatic","Green Orange","Not on Hold","Fair Shares - Wednesday  - Wednesday","Debit on Delivery",0,0,0,2020-05-06,2025-07-16,NA,2026-02-13,740
2026-01-16 02:17:15,2020-03-24,"1 Half (Half Share - EVEN week), 1 Skim MILK-e","Combined CSA","FSE","St.louis","MO","63104",110.6,"Automatic","Green Purple","Not on Hold","Fair Shares - Thursday - Thursday","Debit on Delivery",0,0,0,2020-04-02,2026-01-15,NA,2026-02-13,1708
2026-02-05 02:23:17,2017-07-18,"1 Mini (Weekly Shares)","Combined CSA","UCM","St. Louis","63130","MO",102.45,"Automatic","None","Temp Hold","UCity - Wednesday","Debit on Delivery",0,0,0,2017-08-16,2026-02-04,NA,2026-02-13,479
2026-02-13 02:16:28,2019-09-04,"1 FSA/FSD","Combined CSA","FSD","Webster Groves","MO","63119",17.62,"Automatic","None","Not on Hold","Fair Shares - Thursday - Thursday","Debit on Delivery",0,0,0,2019-09-11,2026-02-12,NA,2026-02-13,710
2026-02-06 02:18:02,2019-04-17,"1 Half (Half Share - ODD week), 1 No Produce - Order Only (even wk)","Combined CSA","FSE","St. Louis","MO","63123",105.83,"Automatic","Orange","Not on Hold","Fair Shares - Thursday - Thursday","Debit on Delivery",0,0,0,2019-04-24,2026-02-05,NA,2026-02-13,1786
2024-03-07 15:26:47,2022-10-06,"1 (BYO) KWG - Orders Only (Weekly Shares)","Combined CSA","Fair Shares Thursday Pickup","kirkwood","MO","63122",0,NA,"None","Not on Hold","Fair Shares - Thursday - Thursday","Debit on Delivery",0,0,0,2022-10-27,2024-03-07,NA,2026-02-13,393
2022-01-28 21:17:11,2020-04-18,"1  (BYO) FSG - Orders Only","Combined CSA","Fair Shares Thursday Pickup","Maplewood","MO","63143",71.15,"Automatic","Green Purple","Not on Hold","Fair Shares - Thursday - Thursday","Debit on Delivery",0,0,0,2020-04-23,2022-01-27,NA,2026-02-13,1804
2026-01-22 03:56:27,2025-03-24,"1 (BYO) UCG - Orders Only","Combined CSA","UCity Pickup","St. Louis","MO","63130",0,"Automatic","Orange","Not on Hold","UCity - Wednesday","Debit on Delivery",0,0,0,2025-04-02,2026-01-21,NA,2026-02-13,49
2022-11-11 02:31:45,2021-09-02,"1  (BYO) FSG - Orders Only","Combined CSA","Fair Shares Thursday Pickup","St. Louis","MO","63143",104.23,"Automatic","None","Not on Hold","Fair Shares - Thursday - Thursday","Debit on Delivery",0,0,0,2021-09-09,2022-11-10,NA,2026-02-13,1389
2020-12-18 03:54:16,2017-07-18,"1 BYO - No Share, Order Only (Weekly Shares)","Combined CSA","Fair Shares Thursday Pickup","St. Louis","MO","63103",180.62,"Automatic","Orange","Not on Hold","Fair Shares - Thursday - Thursday","Debit on Delivery",0,0,0,2017-08-24,2020-12-17,NA,2026-02-13,956
2025-05-02 14:34:46,2023-07-26,"1 (BYO) UCG - Orders Only","Combined CSA","UCity Pickup","St Louis","MO","63117",265.41,"Automatic","None","Hold","UCity - Wednesday","Debit on Delivery",0,0,0,2023-08-02,2025-03-05,NA,2026-02-13,905
2026-02-12 02:21:32,2022-07-24,"1 UCA/KWA","Combined CSA","UCA","Clayton","MO","63105",100.73,"Automatic","None","Not on Hold","UCity - Wednesday","Debit on Delivery",0,0,0,2022-07-27,2026-02-11,NA,2026-02-13,444
2026-02-12 02:21:32,2020-04-10,"1 Chocolate MILK, 1 Mini (Weekly Shares)","Combined CSA","FSMini-w","St louis","MO","63116",192.36,"Automatic","None","Not on Hold","Fair Shares - Wednesday  - Wednesday","Debit on Delivery",0,0,0,2020-04-15,2026-02-11,NA,2026-02-13,810
2026-02-13 02:16:28,2017-07-18,"1 FSA/FSD","Combined CSA","FSD","St. Louis","MO","62298",87.8,"Automatic","None","Not on Hold","Fair Shares - Thursday - Thursday","Debit on Delivery",0,0,0,2017-08-16,2026-02-12,NA,2026-02-13,1002
2025-01-13 05:57:58,2024-03-06,"1  (BYO) FSG - Orders Only","Combined CSA","Fair Shares Wednesday Pickup","St. Louis","MO","63116",115.76,"Automatic","None","Not on Hold","Fair Shares - Wednesday  - Wednesday","Debit on Delivery",0,0,0,2024-04-04,2024-12-04,NA,2026-02-13,1058
2019-11-28 02:23:53,2018-02-11,"1 BYO - No Share, Order Only (Weekly Shares)","Combined CSA","Fair Shares Wednesday Pickup","Saint Louis","MO","63103",2.41,NA,"None","Not on Hold","Fair Shares - Wednesday  - Wednesday","Debit on Delivery",0,0,0,2018-02-14,2019-11-27,NA,2026-02-13,426
2026-02-06 02:18:02,2017-07-18,"1 Half (Half Share - ODD week)","Combined CSA","FSE","Webster Groves","MO","63119",1382.5,"Automatic","Orange","Not on Hold","Fair Shares - Thursday - Thursday","Debit on Delivery",0,0,0,2017-08-16,2026-02-05,NA,2026-02-13,1268
2025-06-08 18:49:13,2023-03-19,"1  (BYO) FSG - Orders Only","Combined CSA","Fair Shares Thursday Pickup","St. Louis","MO","63110",42.52,"Automatic","Green Purple","Not on Hold","Fair Shares - Thursday - Thursday","Debit on Delivery",0,0,0,2023-03-30,2025-06-05,NA,2026-02-13,796
2026-02-06 03:51:07,2020-04-06,"1 Half (Half Share - ODD week)","Combined CSA","FSE","Saint Louis","MO","63118",342.41,"Automatic","Green Orange","Not on Hold","Fair Shares - Thursday - Thursday","Debit on Delivery",0,0,0,2020-04-09,2026-02-05,NA,2026-02-13,282
2022-03-18 12:55:17,2021-10-27,"1  (BYO) FSG - Orders Only","Combined CSA","Fair Shares Thursday Pickup","St. Louis","MO","63144",154.75,"Automatic","Orange","Not on Hold","Fair Shares - Thursday - Thursday","Debit on Delivery",0,0,0,2021-11-04,2022-02-10,NA,2026-02-13,1295
2024-01-21 03:40:20,2019-08-21,"1  (BYO) FSG - Orders Only","Combined CSA","Fair Shares Thursday Pickup","Clayton","MO","63117",0,"Automatic","Blue Orange","Not on Hold","Fair Shares - Thursday - Thursday","Debit on Delivery",0,0,0,2019-09-04,2024-01-18,NA,2026-02-13,1605
2024-06-07 03:56:41,2021-03-20,"1 (BYO) KWG - Orders Only (Weekly Shares)","Combined CSA","Kirkwood Pickup","Kirkwood","MO","63122",0,"Automatic","Purple","Not on Hold","Kirkwood - Thursday","Debit on Delivery",0,0,0,2021-04-01,2024-06-06,NA,2026-02-13,1150
2023-07-13 03:55:55,2020-03-31,"1  (BYO) FSG - Orders Only","Combined CSA","Fair Shares Wednesday Pickup","St. Louis","MO","63109",0,"Automatic","Green Orange","Not on Hold","Fair Shares - Wednesday  - Wednesday","Debit on Delivery",0,0,0,2020-04-01,2023-07-12,NA,2026-02-13,1179
2026-02-12 02:21:32,2017-07-18,"1 FSA/FSD","Combined CSA","FSA","St. Louis","MO","63119",108.23,"Automatic","None","Not on Hold","Fair Shares - Wednesday  - Wednesday","Debit on Delivery",0,0,0,2017-08-16,2026-02-11,NA,2026-02-13,557
2025-12-11 11:05:10,2019-11-05,"1  (BYO) FSG - Orders Only","Combined CSA","Fair Shares Thursday Pickup","St Louis","MO","63131",0,"Automatic","Purple","Not on Hold","Fair Shares - Thursday - Thursday","Debit on Delivery",0,0,0,2019-11-07,2025-10-30,NA,2026-02-13,1657
2026-02-13 02:16:28,2022-07-08,"1 Half (Half Share - EVEN week)","Combined CSA","FSE","Brentwood","MO","63144",142.88,"Automatic","Green Purple","Not on Hold","Fair Shares - Thursday - Thursday","Debit on Delivery",0,0,0,2022-07-13,2026-02-12,NA,2026-02-13,1363
2019-11-05 15:13:45,2019-03-29,"1 BYO - No Share, Order Only (Weekly Shares)","Combined CSA","Fair Shares Wednesday Pickup","Saint Louis","MO","63139",278.68,"Automatic","None","Not on Hold","Fair Shares - Wednesday  - Wednesday","Debit on Delivery",0,0,0,2019-04-03,2019-10-30,NA,2026-02-13,1601
2026-02-06 03:51:16,2023-01-26,"1 Half (Half Share - ODD week), 1 No Produce - Order Only (even wk)","Combined CSA","KWB","Florissant","MO","63031",170.72,"Automatic","Orange","Not on Hold","Kirkwood - Thursday","Debit on Delivery",0,0,0,2023-02-02,2026-02-05,NA,2026-02-13,1489
2023-03-23 08:32:45,2020-07-14,"1 (BYO) UCG - Orders Only","Combined CSA","UCity Pickup","Saint louis","MO","63130",121.82,"Automatic","None","Not on Hold","UCity - Wednesday","Debit on Delivery",0,0,0,2020-07-15,2023-03-01,NA,2026-02-13,1617
2026-02-12 02:21:32,2021-02-14,"1 Half (Half Share - EVEN week)","Combined CSA","UCB","University City","MO","63130",139.96,"Automatic","Green Purple","Not on Hold","UCity - Wednesday","Debit on Delivery",0,0,0,2021-02-24,2026-02-11,NA,2026-02-13,1126
2021-07-16 10:00:59,2020-04-17,"1  (BYO) FSG - Orders Only","Combined CSA","Fair Shares Thursday Pickup","Saint Louis","MO","63109",97.21,"Automatic","Green","Not on Hold","Fair Shares - Thursday - Thursday","Debit on Delivery",0,0,0,2020-04-23,2021-07-15,NA,2026-02-13,648
2023-05-21 08:46:13,2021-01-25,"1 (BYO) KWG - Orders Only (Weekly Shares)","Combined CSA","Kirkwood Pickup","St. Louis","MO","63144",103.59,"Automatic","Green Orange","Not on Hold","Kirkwood - Thursday","Debit on Delivery",0,0,0,2021-01-28,2023-05-11,NA,2026-02-13,1897
2026-02-13 02:16:28,2021-10-11,"1 UCA/KWA","Combined CSA","KWA","Chesterfield","MO","63017",48.13,"Automatic","None","Not on Hold","Kirkwood - Thursday","Debit on Delivery",0,0,0,2021-10-14,2026-02-12,NA,2026-02-13,644
2021-11-01 09:24:43,2020-07-01,"1 (BYO) KWG - Orders Only (Weekly Shares)","Combined CSA","Kirkwood Pickup","Manchester","MO","63088",0,"Automatic","None","Not on Hold","Kirkwood - Thursday","Debit on Delivery",0,0,0,2020-07-09,2021-10-28,NA,2026-02-13,1881
2026-02-05 02:23:17,2021-05-20,"1 UCA/KWA","Combined CSA","KWA","Kirkwood","MO","63122",0,"Automatic","Payment","Temp Hold","Kirkwood - Thursday","Debit on Delivery",0,0,0,2021-05-27,2025-11-27,NA,2026-02-13,804
2025-03-26 17:58:40,2022-01-03,"1 Half (Half Share - EVEN week), 1 No Produce - Order Only (odd wk)","Combined CSA","KWB","Ballwin","MO","63021",98.75,"Automatic","Green Purple","Hold","Kirkwood - Thursday","Debit on Delivery",0,0,0,2022-01-13,2024-12-05,NA,2026-02-13,1784
2023-01-18 11:19:04,2020-03-28,"1 (BYO) UCG - Orders Only","Combined CSA","UCity Pickup","St. Louis","MO","63132",33.74,"Automatic","Purple","Not on Hold","UCity - Wednesday","Debit on Delivery",0,0,0,2020-04-01,2023-01-04,NA,2026-02-13,1455
2026-02-06 02:18:02,2020-04-14,"1 No Produce - Order Only (even wk), 1 Half (Half Share - ODD week)","Combined CSA","FSE","kirkwood","MO","63122",140.02,"Automatic","Orange","Not on Hold","Fair Shares - Thursday - Thursday","Debit on Delivery",0,0,0,2020-04-16,2026-02-05,NA,2026-02-13,699
2026-02-12 02:21:32,2023-06-25,"1 Half (Half Share - EVEN week)","Combined CSA","UCB","Saint Louis","MO","63132",250.88,"Automatic","Green Purple","Not on Hold","UCity - Wednesday","Debit on Delivery",0,0,0,2023-06-28,2026-02-11,NA,2026-02-13,708
2023-12-06 10:10:00,2023-01-08,"1  (BYO) FSG - Orders Only","Combined CSA","Fair Shares Thursday Pickup","St. Louis","MO","63108",92.17,"Automatic","Green","Not on Hold","Fair Shares - Thursday - Thursday","Debit on Delivery",0,0,0,2023-01-12,2023-11-30,NA,2026-02-13,1661
2026-02-13 02:16:28,2020-04-25,"1 UCA/KWA","Combined CSA","KWA","Crestwood","MO","63126",270.37,"Automatic","None","Not on Hold","Kirkwood - Thursday","Debit on Delivery",0,0,0,2020-04-30,2026-02-12,NA,2026-02-13,1206
2020-03-21 11:59:27,2017-07-20,"1  (BYO) FSG - Orders Only","Combined CSA","Fair Shares Thursday Pickup","St. Louis","63119","63119",23.79,NA,"None","Not on Hold","Fair Shares - Thursday - Thursday","Debit on Delivery",0,0,0,2017-08-17,2020-02-27,NA,2026-02-13,292
2022-03-24 14:43:57,2020-03-23,"1 (BYO) UCG - Orders Only","Combined CSA","UCity Pickup","University City","MO","63130",8.8,"Automatic","None","Not on Hold","UCity - Wednesday","Debit on Delivery",0,0,0,2020-03-26,2022-03-23,NA,2026-02-13,955
2022-09-16 02:45:17,2022-03-20,"1 (BYO) KWG - Orders Only (Weekly Shares)","Combined CSA","Kirkwood Pickup","St Louis","MO","63117",2.01,"Automatic","None","Not on Hold","Kirkwood - Thursday","Debit on Delivery",0,0,0,2022-03-23,2022-09-15,NA,2026-02-13,212
2026-02-13 02:16:28,2017-07-20,"1 Mini (Weekly Shares)","Combined CSA","FSMini-t","St. Louis","63119","63116",82.64,"Automatic","None","Not on Hold","Fair Shares - Thursday - Thursday","Debit on Delivery",0,0,0,2017-08-17,2026-02-12,NA,2026-02-13,579
2025-05-04 08:01:50,2025-04-10,"1 Guest Access","Combined CSA","UCity Pickup","St. Louis","MO","63130",0,"Automatic","None","Not on Hold","UCity - Wednesday","Debit on Delivery",0,0,0,2025-04-16,2025-04-30,NA,2026-02-13,255
2022-03-11 13:58:28,2020-10-07,"1  (BYO) FSG - Orders Only","Combined CSA","Fair Shares Wednesday Pickup","Saint Louis","MO","63103",80.14,"Automatic","Green Orange","Not on Hold","Fair Shares - Wednesday  - Wednesday","Debit on Delivery",0,0,0,2020-10-15,2022-02-09,NA,2026-02-13,534
2020-12-09 17:54:14,2020-04-26,"1 (BYO) UCG - Orders Only","Combined CSA","UCity Pickup","Saint Louis","MO","63139",26.46,"Automatic","Orange","Not on Hold","UCity - Wednesday","Debit on Delivery",0,0,0,2020-05-06,2020-12-02,NA,2026-02-13,651
2021-11-01 09:50:03,2020-08-31,"1  (BYO) FSG - Orders Only","Combined CSA","Fair Shares Wednesday Pickup","Saint Louis","MO","63108",28.41,"Automatic","Green","Not on Hold","Fair Shares - Wednesday  - Wednesday","Debit on Delivery",0,0,0,2020-09-09,2021-10-27,NA,2026-02-13,817
2026-02-13 02:16:28,2017-07-18,"1 FSA/FSD, 1 Whole MILK","Combined CSA","FSD","St. Louis","MO","63109",32.18,"Automatic","None","Not on Hold","Fair Shares - Thursday - Thursday","Debit on Delivery",0,0,0,2017-08-16,2026-02-12,NA,2026-02-13,636
2026-02-12 02:21:32,2017-07-18,"1 Mini (Weekly Shares)","Combined CSA","UCM","St. Louis","63130","63130",80.8,"Automatic","None","Not on Hold","UCity - Wednesday","Debit on Delivery",0,0,0,2017-08-16,2026-02-11,NA,2026-02-13,356
2025-01-30 03:49:30,2022-07-28,"1  (BYO) FSG - Orders Only","Combined CSA","Fair Shares Wednesday Pickup","St. Louis","MO","63105",0,"Automatic","Green Purple","Not on Hold","Fair Shares - Wednesday  - Wednesday","Debit on Delivery",0,0,0,2022-08-03,2025-01-29,NA,2026-02-13,74
2026-02-05 02:23:17,2025-10-12,"1 Half (Half Share - ODD week)","Combined CSA","FSB","St. Louis","MO","63108",134.3,"Automatic","Orange","Not on Hold","Fair Shares - Wednesday  - Wednesday","Debit on Delivery",0,0,0,2025-10-15,2026-02-04,NA,2026-02-13,642
2026-02-01 18:52:56,2020-04-19,"1 Half (Half Share - ODD week)","Combined CSA","FSE","Fenton","MO","63026",292.33,"Automatic","Orange","Not on Hold","Fair Shares - Thursday - Thursday","Debit on Delivery",0,0,0,2020-04-23,2026-01-22,NA,2026-02-13,1436
2019-08-23 10:23:21,2017-07-18,"1 BYO - No Share, Order Only (Weekly Shares)","Combined CSA","Fair Shares Thursday Pickup","St. Louis","MO","63104",92.25,NA,"None","Hold","Fair Shares - Thursday - Thursday","Debit on Delivery",0,0,0,2017-08-17,2018-04-19,NA,2026-02-13,1565
2026-02-13 02:16:28,2021-03-16,"1 FSC","Combined CSA","FSC-T","Kirkwood","MO","63122",271.05,"Automatic","None","Not on Hold","Fair Shares - Thursday - Thursday","Debit on Delivery",0,0,0,2021-03-24,2026-02-12,NA,2026-02-13,127
2026-02-12 02:21:32,2020-04-22,"1 Mini (Weekly Shares)","Combined CSA","UCM","St. louis","MO","63130",147.97,"Automatic","None","Not on Hold","UCity - Wednesday","Debit on Delivery",0,0,0,2020-04-29,2026-02-11,NA,2026-02-13,418
2022-12-22 02:24:08,2017-07-20,"1 (BYO) UCG - Orders Only","Combined CSA","UCity Pickup","St. Louis","MO","63130",32.03,"Automatic","None","Not on Hold","UCity - Wednesday","Debit on Delivery",0,0,0,2017-10-25,2022-12-21,NA,2026-02-13,1219
2026-02-13 02:16:28,2023-12-28,"1 FSC","Combined CSA","FSC-T","St. Louis","MO","63116",43.08,"Automatic","None","Not on Hold","Fair Shares - Thursday - Thursday","Debit on Delivery",0,0,0,2024-01-04,2026-02-12,NA,2026-02-13,941
2021-08-05 03:55:55,2020-06-20,"1 (BYO) UCG - Orders Only","Combined CSA","UCity Pickup","St. Louis","MO","63130",0,"Automatic","Blue Orange","Not on Hold","UCity - Wednesday","Debit on Delivery",0,0,0,2020-06-24,2021-08-04,NA,2026-02-13,1693
2025-10-24 03:57:05,2020-08-25,"1 (BYO) KWG - Orders Only (Weekly Shares)","Combined CSA","Kirkwood Pickup","Des Peres","MO","63131",0,"Automatic","Green","Not on Hold","Kirkwood - Thursday","Debit on Delivery",0,0,0,2020-09-03,2025-10-23,NA,2026-02-13,19
2021-05-08 09:08:44,2021-04-10,"1 Guest Access","Combined CSA","Fair Shares Thursday Pickup","Saint Louis","MO","63110",0,"Automatic","None","Not on Hold","Fair Shares - Thursday - Thursday","Debit on Delivery",0,0,0,2021-04-15,2021-04-22,NA,2026-02-13,169
2026-02-13 02:16:28,2020-04-14,"1 FSC","Combined CSA","FSC-T","St. Louis","MO","63119",129.94,"Automatic","Green","Not on Hold","Fair Shares - Thursday - Thursday","Debit on Delivery",0,0,0,2020-04-16,2026-02-12,NA,2026-02-13,1857
2026-02-12 02:21:32,2017-07-18,"1 Half (Half Share - EVEN week)","Combined CSA","FSB","St. Louis","MO","63101",193.85,"Automatic","Purple","Not on Hold","Fair Shares - Wednesday  - Wednesday","Debit on Delivery",0,0,0,2017-08-16,2026-02-11,NA,2026-02-13,1380
2024-05-06 08:23:46,2023-05-12,"1  (BYO) FSG - Orders Only","Combined CSA","Fair Shares Thursday Pickup","Glendale","MO","63122",104.11,"Automatic","Green Purple","Not on Hold","Fair Shares - Thursday - Thursday","Debit on Delivery",0,0,0,2023-05-18,2023-11-30,NA,2026-02-13,801
2026-02-13 03:51:03,2017-07-18,"1 FSA/FSD","Combined CSA","FSA","St. Louis","MO","63117",0,"Automatic","Payment","Not on Hold","Fair Shares - Wednesday  - Wednesday","Debit on Delivery",0,0,0,2017-08-16,2026-02-12,NA,2026-02-13,1309
2025-10-16 02:39:56,2020-03-23,"1 Half (Half Share - ODD week)","Combined CSA","FSB","St. Louis","MO","63119",153.56,"Automatic","Orange","Temp Hold","Fair Shares - Wednesday  - Wednesday","Debit on Delivery",0,0,0,2020-03-26,2025-10-15,NA,2026-02-13,243
2026-01-04 08:16:10,2021-08-23,"1  (BYO) FSG - Orders Only","Combined CSA","Fair Shares Wednesday Pickup","St. Louis","MO","63110",0,"Automatic","Orange","Not on Hold","Fair Shares - Wednesday  - Wednesday","Debit on Delivery",0,0,0,2021-08-25,2025-12-10,NA,2026-02-13,975
2026-02-13 02:16:28,2017-07-18,"1 Half (Half Share - EVEN week)","Combined CSA","FSE","St. Louis","MO","63119",83,"Automatic","Purple","Not on Hold","Fair Shares - Thursday - Thursday","Debit on Delivery",0,0,0,2017-08-16,2026-02-12,NA,2026-02-13,499
2019-05-10 10:09:37,2017-07-20,"1  (BYO) FSG - Orders Only","Combined CSA","Fair Shares Thursday Pickup","St. Louis","63112","63110",202.79,"Automatic","None","Not on Hold","Fair Shares - Thursday - Thursday","Debit on Delivery",0,0,0,2017-08-17,2018-09-20,NA,2026-02-13,1033
2024-11-12 10:58:23,2020-04-18,"1  (BYO) FSG - Orders Only","Combined CSA","Fair Shares Thursday Pickup","Chesterfield","MO","63017",183.99,"Automatic","None","Hold","Fair Shares - Thursday - Thursday",NA,0,0,0,2020-04-23,2021-01-21,NA,2026-02-13,25
2026-02-06 22:00:51,2022-03-26,"1 Half (Half Share - ODD week)","Combined CSA","FSE","St Louis","MO","63118",106.02,"Automatic","Green Orange","Not on Hold","Fair Shares - Thursday - Thursday","Debit on Delivery",0,0,0,2022-03-31,2026-02-05,NA,2026-02-13,21
2022-07-14 03:54:48,2020-07-12,"1 (BYO) UCG - Orders Only","Combined CSA","UCity Pickup","St Louis, Missouri","MO","63130",0,"Automatic","Green","Not on Hold","UCity - Wednesday","Debit on Delivery",0,0,0,2020-07-15,2022-07-13,NA,2026-02-13,1870
2026-02-06 03:51:16,2020-07-22,"1 Half (Half Share - ODD week), 1 No Produce - Order Only (even wk)","Combined CSA","FSE","St. Louis","MO","63143",189.86,"Automatic","Green Blue Orange","Not on Hold","Fair Shares - Thursday - Thursday","Debit on Delivery",0,0,0,2020-07-30,2026-02-05,NA,2026-02-13,1719
2026-02-13 02:16:28,2025-03-15,"1 FSA/FSD","Combined CSA","FSD","Manchester","MO","63021",96.77,"Automatic","None","Not on Hold","Fair Shares - Thursday - Thursday","Debit on Delivery",0,0,0,2025-04-03,2026-02-12,NA,2026-02-13,293
2022-07-25 07:40:56,2017-07-18,"1 (BYO) UCG - Orders Only","Combined CSA","UCity Pickup","St. Louis","MO","63130",276.66,"Automatic","None","Not on Hold","UCity - Wednesday",NA,0,0,0,2017-08-16,2022-07-20,NA,2026-02-13,1811
2024-01-29 08:33:18,2022-07-20,"1  (BYO) FSG - Orders Only","Combined CSA","Fair Shares Thursday Pickup","saint Louis","MO","63139",95.63,"Automatic","Green","Not on Hold","Fair Shares - Thursday - Thursday","Debit on Delivery",0,0,0,2022-07-28,2024-01-25,NA,2026-02-13,165
2022-11-17 03:56:58,2020-03-24,"1  (BYO) FSG - Orders Only","Combined CSA","Fair Shares Wednesday Pickup","Ellisville","MO","63021",0,"Automatic","Green Orange","Not on Hold","Fair Shares - Wednesday  - Wednesday","Debit on Delivery",0,0,0,2020-03-25,2022-11-16,NA,2026-02-13,799
2020-12-17 04:00:45,2020-04-13,"1 (BYO) UCG - Orders Only","Combined CSA","UCity Pickup","St. Louis","MO","63130",0,"Automatic","None","Not on Hold","UCity - Wednesday","Debit on Delivery",0,0,0,2020-04-15,2020-12-16,NA,2026-02-13,767
2025-12-01 09:12:31,2024-08-23,"1  (BYO) FSG - Orders Only","Combined CSA","Fair Shares Wednesday Pickup","St. Louis","MO","63110",0,"Automatic","Purple","Not on Hold","Fair Shares - Wednesday  - Wednesday","Debit on Delivery",0,0,0,2024-08-28,2025-11-19,NA,2026-02-13,141
2021-11-13 08:03:07,2020-04-18,"1  (BYO) FSG - Orders Only","Combined CSA","Fair Shares Wednesday Pickup","St. Louis","MO","63146",161.41,"Automatic","Orange","Not on Hold","Fair Shares - Wednesday  - Wednesday","Debit on Delivery",0,0,0,2020-04-22,2021-11-03,NA,2026-02-13,7
2025-12-11 11:04:07,2022-07-09,"1  (BYO) FSG - Orders Only","Combined CSA","Fair Shares Thursday Pickup","St Louis","MO","63110",0,"Automatic","Green","Not on Hold","Fair Shares - Thursday - Thursday","Debit on Delivery",0,0,0,2022-07-21,2025-12-04,NA,2026-02-13,1375
2026-02-13 02:16:28,2017-07-18,"1 FSA/FSD","Combined CSA","FSD","St. Louis","63116","MO",28.95,"Automatic","None","Not on Hold","Fair Shares - Thursday - Thursday","Debit on Delivery",0,0,0,2017-08-17,2026-02-12,NA,2026-02-13,928
2026-02-12 03:53:48,2021-09-29,"1  (BYO) FSG - Orders Only","Combined CSA","UCity Pickup","St Louis","MO","63110",0,"Automatic","None","Not on Hold","UCity - Wednesday","Debit on Delivery",0,0,0,2021-10-13,2026-02-11,NA,2026-02-13,788
2026-01-30 02:18:58,2023-04-28,"1  (BYO) FSG - Orders Only","Combined CSA","Fair Shares Thursday Pickup","St. Louis","MO","63143",395.74,"Automatic","None","Not on Hold","Fair Shares - Thursday - Thursday","Debit on Delivery",0,0,0,2023-05-04,2026-01-29,NA,2026-02-13,529
2022-08-16 07:15:20,2021-03-12,"1  (BYO) FSG - Orders Only","Combined CSA","Fair Shares Wednesday Pickup","St. Louis","MO","63118",0,"Automatic","Purple","Hold","Fair Shares - Wednesday  - Wednesday","Debit on Delivery",0,0,0,2021-03-31,2022-02-16,NA,2026-02-13,109
2021-11-26 03:46:41,2018-09-20,"1 (BYO) KWG - Orders Only (Weekly Shares)","Combined CSA","Kirkwood Pickup","Saint Louis","MO","63122",0,"Automatic","None","Not on Hold","Kirkwood - Thursday","Debit on Delivery",0,0,0,2018-09-27,2021-11-25,NA,2026-02-13,164
2024-09-20 11:23:45,2020-04-12,"1 (BYO) UCG - Orders Only","Combined CSA","UCity Pickup","Richmond Heights","MO","63117",114.08,"Automatic","None","Not on Hold","UCity - Wednesday","Debit on Delivery",0,0,0,2020-04-15,2024-09-18,NA,2026-02-13,16
2026-02-13 02:16:28,2025-03-12,"1 Mini (Weekly Shares)","Combined CSA","KWM","Kirkwood","MO","63122",150.92,"Automatic","None","Not on Hold","Kirkwood - Thursday","Debit on Delivery",0,0,0,2025-04-03,2026-02-12,NA,2026-02-13,491
2023-02-03 03:52:22,2021-09-06,"1 (BYO) KWG - Orders Only (Weekly Shares)","Combined CSA","Kirkwood Pickup","Des Peres","MO","63131",0,"Automatic","Green Purple","Not on Hold","Kirkwood - Thursday","Debit on Delivery",0,0,0,2021-09-16,2023-02-02,NA,2026-02-13,1718
2023-11-28 18:33:20,2020-05-14,"1 (BYO) UCG - Orders Only","Combined CSA","UCity Pickup","St Louis","MO","63112",184.19,"Automatic","None","Hold","UCity - Wednesday","Debit on Delivery",0,0,0,2020-05-20,2023-08-23,NA,2026-02-13,1630
2023-01-24 12:51:01,2020-08-11,"1 Guest Access","Combined CSA","Fair Shares Wednesday Pickup","St. Louis","MO","63110",-38.3,NA,"None","Not on Hold","Fair Shares - Wednesday  - Wednesday",NA,0,0,0,2020-08-12,2020-08-12,NA,2026-02-13,195
2021-02-12 02:26:52,2020-04-13,"1  (BYO) FSG - Orders Only","Combined CSA","Fair Shares Thursday Pickup","St. Louis","MO","63123",8.63,"Automatic","Green Orange","Not on Hold","Fair Shares - Thursday - Thursday","Debit on Delivery",0,0,0,2020-04-16,2021-02-11,NA,2026-02-13,1097
2023-12-29 03:51:26,2022-06-12,"1  (BYO) FSG - Orders Only","Combined CSA","Fair Shares Thursday Pickup","Chesterfield","MO","63017",0,"Automatic","None","Not on Hold","Fair Shares - Thursday - Thursday","Debit on Delivery",0,0,0,2022-06-16,2023-01-05,NA,2026-02-13,315
2021-03-29 19:17:19,2020-05-04,"1  (BYO) FSG - Orders Only","Combined CSA","Fair Shares Wednesday Pickup","St. Louis","MO","63110",0,"Automatic","Green Orange","Hold","Fair Shares - Wednesday  - Wednesday","Debit on Delivery",0,0,0,2020-05-07,2021-03-25,NA,2026-02-13,1372
2021-08-06 02:50:00,2020-07-27,"1  (BYO) FSG - Orders Only","Combined CSA","Fair Shares Thursday Pickup","St. Louis","MO","63105",7.42,"Automatic","Green","Not on Hold","Fair Shares - Thursday - Thursday","Debit on Delivery",0,0,0,2020-07-30,2021-08-05,NA,2026-02-13,1036
2025-08-14 10:55:09,2022-04-26,"1 BYO - No Share, Order Only (Weekly Shares)","Combined CSA","Fair Shares Thursday Pickup","St. Louis","MO","63118",0,NA,"None","Not on Hold","Fair Shares - Thursday - Thursday",NA,0,0,0,2025-08-14,2025-08-14,NA,2026-02-13,1359
2025-07-11 03:58:22,2024-01-07,"1  (BYO) FSG - Orders Only","Combined CSA","Fair Shares Thursday Pickup","St. Louis","MO","63139",0,"Automatic","Orange","Not on Hold","Fair Shares - Thursday - Thursday","Debit on Delivery",0,0,0,2024-01-11,2025-07-10,NA,2026-02-13,779
2026-02-13 02:16:28,2021-02-14,"1 Mini (Weekly Shares)","Combined CSA","FSMini-t","St. Louis","MO","63118",83.66,"Automatic","None","Not on Hold","Fair Shares - Thursday - Thursday","Debit on Delivery",0,0,0,2021-02-25,2026-02-12,NA,2026-02-13,1593
2026-01-23 03:53:07,2025-04-04,"1 (BYO) KWG - Orders Only (Weekly Shares)","Combined CSA","Kirkwood Pickup","St Louis","MO","63126",0,"Automatic","Purple","Not on Hold","Kirkwood - Thursday","Debit on Delivery",0,0,0,2025-04-10,2026-01-22,NA,2026-02-13,968
2026-02-06 03:51:21,2020-04-17,"1 Half (Half Share - ODD week)","Combined CSA","KWB","Kirkwood","MO","63122",185.54,"Automatic","Orange","Not on Hold","Kirkwood - Thursday","Debit on Delivery",0,0,0,2020-04-23,2026-02-05,NA,2026-02-13,1525
2025-12-07 17:42:10,2024-08-21,"1 (BYO) KWG - Orders Only (Weekly Shares)","Combined CSA","Kirkwood Pickup","Kirkwood","MO","63122",26.55,"Automatic","None","Not on Hold","Kirkwood - Thursday","Debit on Delivery",0,0,0,2024-08-29,2025-12-04,NA,2026-02-13,404
2026-01-30 03:58:00,2026-01-19,"1 Guest Access","Combined CSA","FSC-T","Saint Louis","MO","63118",0,"Automatic","None","Not on Hold","Fair Shares - Thursday - Thursday","Debit on Delivery",0,0,0,2026-01-22,2026-01-29,NA,2026-02-13,241
2023-11-10 03:57:47,2020-04-04,"1  (BYO) FSG - Orders Only","Combined CSA","Fair Shares Thursday Pickup","St. Louis","MO","63104",0,"Automatic","Green Purple","Not on Hold","Fair Shares - Thursday - Thursday","Debit on Delivery",0,0,0,2020-04-09,2023-11-09,NA,2026-02-13,1929
2019-08-23 10:22:29,2017-07-18,"1 BYO - No Share, Order Only (Weekly Shares)","Combined CSA","Fair Shares Wednesday Pickup","St. Louis","MO","63050",76.79,NA,"None","Hold","Fair Shares - Wednesday  - Wednesday",NA,0,0,0,2017-08-16,2018-02-28,NA,2026-02-13,1729
2026-02-05 02:23:17,2020-02-26,"1 (BYO) UCG - Orders Only","Combined CSA","UCity Pickup","St. Louis","MO","63105",0,"Automatic","Payment Orange","Not on Hold","UCity - Wednesday","Debit on Delivery",0,0,0,2020-03-25,2025-11-19,NA,2026-02-13,957
2021-08-16 09:46:00,2020-03-26,"1  (BYO) FSG - Orders Only","Combined CSA","Fair Shares Thursday Pickup","St. Louis","MO","63104",28.61,"Automatic","Purple","Not on Hold","Fair Shares - Thursday - Thursday","Debit on Delivery",0,0,0,2020-04-02,2021-08-05,NA,2026-02-13,713
2025-03-26 17:59:47,2020-04-16,"1 Half (Half Share - ODD week), 1 No Produce - Order Only (even wk)","Combined CSA","KWB","St. Louis","MO","63126",122.46,"Automatic","Blue Orange","Hold","Kirkwood - Thursday","Debit on Delivery",0,0,0,2020-04-23,2021-11-04,NA,2026-02-13,386
2026-02-05 02:23:17,2020-03-02,"1 Half (Half Share - ODD week)","Combined CSA","FSB","St Louis","MO","63110",118.73,"Automatic","Orange","Not on Hold","Fair Shares - Wednesday  - Wednesday","Debit on Delivery",0,0,0,2020-03-25,2026-02-04,NA,2026-02-13,1045
2026-02-12 02:21:32,2017-07-18,"1 Mini (Weekly Shares)","Combined CSA","UCM","St. Louis","MO","63112",152.61,"Automatic","None","Not on Hold","UCity - Wednesday","Debit on Delivery",0,0,0,2017-08-16,2026-02-11,NA,2026-02-13,1559
2026-02-12 02:21:32,2017-07-18,"1 FSA/FSD","Combined CSA","FSA","St. Louis","MO","63105",518.4,"Automatic","None","Not on Hold","Fair Shares - Wednesday  - Wednesday","Debit on Delivery",0,0,0,2017-08-16,2026-02-11,NA,2026-02-13,430
2021-05-18 17:35:26,2021-04-01,"1 (BYO) UCG - Orders Only","Combined CSA","UCity Pickup","Florissant","MO","63031",0,"Automatic","None","Not on Hold","UCity - Wednesday","Debit on Delivery",0,0,0,2021-04-07,2021-05-12,NA,2026-02-13,2
2025-06-30 13:01:27,2022-03-18,"1  (BYO) FSG - Orders Only","Combined CSA","Fair Shares Wednesday Pickup","Saint Louis","MO","63139",0,"Automatic","Green","Not on Hold","Fair Shares - Wednesday  - Wednesday","Debit on Delivery",0,0,0,2022-03-23,2025-04-02,NA,2026-02-13,848
2024-06-02 20:22:54,2020-04-03,"1 (BYO) KWG - Orders Only (Weekly Shares)","Combined CSA","Kirkwood Pickup","Ballwin","MO","63021",141.95,"Automatic","Orange","Not on Hold","Kirkwood - Thursday","Debit on Delivery",0,0,0,2020-04-09,2024-05-30,NA,2026-02-13,1988
2020-05-04 09:33:13,2020-03-21,"1 Guest Access","Combined CSA","Fair Shares Wednesday Pickup","st. louis","MO","63110",0,NA,"None","Not on Hold","Fair Shares - Wednesday  - Wednesday",NA,0,0,0,NA,NA,NA,2026-02-13,664
2025-03-26 17:45:07,2024-07-08,"1 Half (Half Share - EVEN week)","Combined CSA","FSE","Saint louis","MO","63110",0,"Automatic","Purple","Hold","Fair Shares - Thursday - Thursday","Debit on Delivery",0,0,0,2024-07-11,2024-07-18,NA,2026-02-13,477
2021-04-13 17:05:10,2020-08-21,"1  (BYO) FSG - Orders Only","Combined CSA","Fair Shares Wednesday Pickup","St. Louis","MO","63139",0,"Automatic","None","Hold","Fair Shares - Wednesday  - Wednesday","Debit on Delivery",0,0,0,2020-08-26,2021-02-03,NA,2026-02-13,702
2026-02-05 02:23:17,2020-09-08,"1 Half (Half Share - ODD week)","Combined CSA","UCB","St. Louis","MO","63114",239.38,"Automatic","Green Orange","Not on Hold","UCity - Wednesday","Debit on Delivery",0,0,0,2020-09-16,2026-02-04,NA,2026-02-13,1741
2026-02-12 02:21:32,2017-07-18,"1 Half (Half Share - EVEN week)","Combined CSA","UCB","St. Louis","MO","63119",538.36,"Automatic","Purple","Not on Hold","UCity - Wednesday","Debit on Delivery",0,0,0,2017-08-16,2026-02-11,NA,2026-02-13,1410
2021-09-30 17:14:27,2021-04-14,"1 (BYO) KWG - Orders Only (Weekly Shares)","Combined CSA","Kirkwood Pickup","Saint Louis","MO","63127",0,"Automatic","Purple","Hold","Kirkwood - Thursday","Debit on Delivery",0,0,0,2021-04-29,2021-09-16,NA,2026-02-13,1492
2020-05-29 02:45:40,2017-07-20,"1 BYO - No Share, Order Only (Weekly Shares)","Combined CSA","Fair Shares Thursday Pickup","St. Louis","63143","63110",82.62,NA,"None","Not on Hold","Fair Shares - Thursday - Thursday",NA,0,0,0,2017-08-17,2020-05-28,NA,2026-02-13,475
2026-01-29 03:55:37,2019-10-23,"1 Half (Half Share - EVEN week)","Combined CSA","FSB","St. Louis","MO","63103",136.63,"Automatic","Purple","Not on Hold","Fair Shares - Wednesday  - Wednesday","Debit on Delivery",0,0,0,2019-10-23,2026-01-28,NA,2026-02-13,712
2024-11-21 02:32:04,2023-08-20,"1 (BYO) UCG - Orders Only","Combined CSA","UCity Pickup","St louis","MO","63130",39.16,"Automatic","None","Not on Hold","UCity - Wednesday","Debit on Delivery",0,0,0,2023-08-23,2024-11-20,NA,2026-02-13,989
2026-02-09 10:31:41,2018-04-22,"1 BYO - No Share, Order Only (Weekly Shares)","Combined CSA","Fair Shares Thursday Pickup","St. Louis","MO","63128",0,NA,"None","Hold","Fair Shares - Thursday - Thursday",NA,0,0,0,2018-04-26,2018-08-16,NA,2026-02-13,1265
2022-02-14 09:52:56,2021-05-25,"1 (BYO) KWG - Orders Only (Weekly Shares)","Combined CSA","Kirkwood Pickup","St. Louis","MO","63141",12.29,"Automatic","Purple","Not on Hold","Kirkwood - Thursday","Debit on Delivery",0,0,0,2021-06-03,2022-02-10,NA,2026-02-13,1578
2024-10-17 02:39:46,2022-06-28,"1  (BYO) FSG - Orders Only","Combined CSA","Fair Shares Wednesday Pickup","St. Louis","MO","63139",0.71,"Automatic","Purple","Not on Hold","Fair Shares - Wednesday  - Wednesday","Debit on Delivery",0,0,0,2022-07-06,2024-10-16,NA,2026-02-13,1814
2025-04-24 03:57:21,2017-07-18,"1  (BYO) FSG - Orders Only","Combined CSA","Fair Shares Wednesday Pickup","Columbia","IL","62236",0.01,"Automatic","None","Not on Hold","Fair Shares - Wednesday  - Wednesday","Debit on Delivery",0,0,0,2017-08-16,2025-04-23,NA,2026-02-13,1245
2024-11-12 10:54:22,2020-08-17,"1 (BYO) UCG - Orders Only","Combined CSA","UCity Pickup","St. Louis","MO","63130",108.02,"Automatic","None","Hold","UCity - Wednesday","Debit on Delivery",0,0,0,2020-08-19,2021-01-06,NA,2026-02-13,129
2020-06-22 10:15:16,2020-03-23,"1 BYO - No Share, Order Only (Weekly Shares)","Combined CSA","Fair Shares Wednesday Pickup","Saint louis","MO","63124",0.95,NA,"Green","Not on Hold","Fair Shares - Wednesday  - Wednesday",NA,0,0,0,2020-03-25,2020-06-17,NA,2026-02-13,95
2025-02-06 02:22:28,2024-04-01,"1 (BYO) UCG - Orders Only","Combined CSA","UCity Pickup","U City","MO","63130",65.57,"Automatic","None","Not on Hold","UCity - Wednesday","Debit on Delivery",0,0,0,2024-04-03,2025-02-05,NA,2026-02-13,117
2021-02-18 08:55:41,2020-12-13,"1  (BYO) FSG - Orders Only","Combined CSA","Fair Shares Thursday Pickup","St Louis","MO","63109",143.6,"Automatic","None","Not on Hold","Fair Shares - Thursday - Thursday","Debit on Delivery",0,0,0,2020-12-17,2021-02-11,NA,2026-02-13,1360
2023-07-19 09:16:36,2020-09-17,"1 (BYO) KWG - Orders Only (Weekly Shares)","Combined CSA","Kirkwood Pickup","st louis","MO","63119",0,"Automatic","Green Orange","Not on Hold","Kirkwood - Thursday","Debit on Delivery",0,0,0,2020-09-30,2023-06-08,NA,2026-02-13,821
2022-06-07 15:24:19,2021-11-14,"1  (BYO) FSG - Orders Only","Combined CSA","Fair Shares Thursday Pickup","St. Louis","MO","63139",0,"Automatic","None","Not on Hold","Fair Shares - Thursday - Thursday","Debit on Delivery",0,0,0,2021-11-17,2022-06-01,NA,2026-02-13,419
2025-10-09 03:59:35,2020-04-24,"1  (BYO) FSG - Orders Only","Combined CSA","Fair Shares Wednesday Pickup","St louis","MO","63110",0,"Automatic","None","Not on Hold","Fair Shares - Wednesday  - Wednesday","Debit on Delivery",0,0,0,2020-04-29,2025-10-08,NA,2026-02-13,568
2026-01-30 02:18:58,2020-04-10,"1 Skim MILK-e, 1 Half (Half Share - EVEN week)","Combined CSA","FSE","St. Louis","MO","63118",125.58,"Automatic","Green Purple","Not on Hold","Fair Shares - Thursday - Thursday","Debit on Delivery",0,0,0,2020-04-16,2026-01-29,NA,2026-02-13,1213
2026-02-13 02:16:28,2017-07-20,"1 FSA/FSD","Combined CSA","FSD","St. Louis","MO","63143",37.23,"Automatic","None","Not on Hold","Fair Shares - Thursday - Thursday","Debit on Delivery",0,0,0,2017-08-24,2026-02-12,NA,2026-02-13,621
2025-11-28 03:48:12,2021-09-11,"1  (BYO) FSG - Orders Only","Combined CSA","Fair Shares Thursday Pickup","St. Louis","MO","63104",0,"Automatic","Green","Not on Hold","Fair Shares - Thursday - Thursday","Debit on Delivery",0,0,0,2021-09-16,2025-11-27,NA,2026-02-13,204
2021-08-17 12:41:19,2019-02-05,"1 BYO - No Share, Order Only (Weekly Shares)","Combined CSA","Fair Shares Thursday Pickup","St. Louis","MO","63116",4.1,"Automatic","None","Not on Hold","Fair Shares - Thursday - Thursday","Debit on Delivery",0,0,0,2019-02-14,2020-04-02,NA,2026-02-13,1458
2025-10-31 03:55:58,2023-01-11,"1  (BYO) FSG - Orders Only","Combined CSA","Fair Shares Thursday Pickup","St Charles","MO","63301",0,"Automatic","Green Purple","Not on Hold","Fair Shares - Thursday - Thursday","Debit on Delivery",0,0,0,2023-01-19,2025-10-30,NA,2026-02-13,1283
2024-09-09 08:42:44,2023-03-30,"1 (BYO) UCG - Orders Only","Combined CSA","UCity Pickup","Saint Louis","MO","63114",159.28,"Automatic","Purple","Not on Hold","UCity - Wednesday","Debit on Delivery",0,0,0,2023-04-05,2024-08-14,NA,2026-02-13,1445
2026-02-05 14:19:34,2024-05-15,"1  (BYO) FSG - Orders Only","Combined CSA","Fair Shares Thursday Pickup","St Louis","MO","63118",0,NA,"None","Not on Hold","Fair Shares - Thursday - Thursday",NA,0,0,0,2024-06-19,2026-02-05,NA,2026-02-13,580
2025-06-22 18:50:29,2025-01-16,"1  (BYO) FSG - Orders Only","Combined CSA","Fair Shares Wednesday Pickup","Saint Louis","MO","63117",218.48,"Automatic","Orange","Not on Hold","Fair Shares - Wednesday  - Wednesday","Debit on Delivery",0,0,0,2025-01-23,2025-06-11,NA,2026-02-13,454
2025-12-04 17:11:09,2017-07-20,"1  (BYO) FSG - Orders Only","Combined CSA","Fair Shares Thursday Pickup","St. Louis","MO","63124",43.61,"Automatic","None","Not on Hold","Fair Shares - Thursday - Thursday","Debit on Delivery",0,0,0,2017-08-17,2022-09-29,NA,2026-02-13,1374
2026-02-12 02:21:32,2017-07-18,"1 UCA/KWA, 1 2% MILK-e","Combined CSA","UCA","St. Louis","63143","63143",233.5,"Automatic","None","Not on Hold","UCity - Wednesday","Debit on Delivery",0,0,0,2017-08-16,2026-02-11,NA,2026-02-13,322
2019-08-23 10:27:52,2017-07-18,"1 BYO - No Share, Order Only (Weekly Shares)","Combined CSA","Fair Shares Thursday Pickup","St. Louis","63141","55555",90.56,NA,"Orange","Hold","Fair Shares - Thursday - Thursday","Debit on Delivery",0,0,0,2017-08-24,2017-12-14,NA,2026-02-13,613
2026-01-02 09:45:08,2024-03-28,"1  (BYO) FSG - Orders Only","Combined CSA","Fair Shares Thursday Pickup","Town and Country","MO","63017",0.83,"Automatic","Orange","Not on Hold","Fair Shares - Thursday - Thursday","Debit on Delivery",0,0,0,2024-04-03,2025-12-10,NA,2026-02-13,1471
2024-11-06 11:39:15,2023-06-23,"1 (BYO) UCG - Orders Only","Combined CSA","UCity Pickup","University City","MO","63130",0,"Automatic","None","Not on Hold","UCity - Wednesday","Debit on Delivery",0,0,0,2023-06-28,2024-10-02,NA,2026-02-13,500
2021-11-01 09:47:11,2021-01-12,"1  (BYO) FSG - Orders Only","Combined CSA","Fair Shares Wednesday Pickup","Saint Louis","MO","63139",5.18,"Automatic","Green","Not on Hold","Fair Shares - Wednesday  - Wednesday","Debit on Delivery",0,0,0,2021-01-13,2021-10-27,NA,2026-02-13,1167
2021-05-31 09:30:02,2020-04-14,"1  (BYO) FSG - Orders Only","Combined CSA","Fair Shares Thursday Pickup","St. Louis","MO","63109",0.29,"Automatic","Green Orange","Not on Hold","Fair Shares - Thursday - Thursday","Debit on Delivery",0,0,0,2020-04-16,2021-05-20,NA,2026-02-13,1702
2026-02-12 02:21:32,2017-07-18,"1 Half (Half Share - EVEN week)","Combined CSA","UCB","St. Louis","63146","55555",49.57,"Automatic","Purple","Not on Hold","UCity - Wednesday","Debit on Delivery",0,0,0,2017-08-16,2026-02-11,NA,2026-02-13,371
2025-03-26 17:51:41,2018-08-22,"1 Half (Half Share - EVEN week)","Combined CSA","FSE","St. Louis","MO","63126",220.39,"Automatic","Purple","Hold","Fair Shares - Thursday - Thursday","Debit on Delivery",0,0,0,2018-08-22,2024-01-11,NA,2026-02-13,993
2024-11-15 04:00:47,2020-06-17,"1 Guest Access, 1 BYO - No Share, Order Only (Weekly Shares)","Combined CSA","Fair Shares Thursday Pickup","Saint Louis","MO","63110",347.61,"Automatic","None","Not on Hold","Fair Shares - Thursday - Thursday","Debit on Delivery",0,0,0,2020-07-09,2024-11-14,NA,2026-02-13,827
2026-02-13 02:16:28,2023-04-06,"1 Mini (Weekly Shares)","Combined CSA","KWM","St. Louis","MO","63132",463.59,"Automatic","None","Not on Hold","Kirkwood - Thursday","Debit on Delivery",0,0,0,2023-04-12,2026-02-12,NA,2026-02-13,793
2025-10-16 03:59:10,2024-11-20,"1 FSC","Combined CSA","FSC-W","St Louis","MO","63118",0,"Automatic","None","Temp Hold","Fair Shares - Wednesday  - Wednesday","Debit on Delivery",0,0,0,2024-11-27,2025-10-15,NA,2026-02-13,216
2026-01-04 02:07:04,2017-07-20,"1 (BYO) KWG - Orders Only (Weekly Shares)","Combined CSA","Kirkwood Pickup","St. Louis","MO","63119",0,"Automatic","None","Not on Hold","Kirkwood - Thursday","Debit on Delivery",0,0,0,2017-08-17,2025-08-21,NA,2026-02-13,743
2026-02-13 02:16:28,2017-07-18,"1 Half (Half Share - EVEN week), 1 No Produce - Order Only (odd wk)","Combined CSA","FSE","St. Louis","MO","63110",150.78,"Automatic","Purple","Not on Hold","Fair Shares - Thursday - Thursday","Debit on Delivery",0,0,0,2017-08-16,2026-02-12,NA,2026-02-13,725
2026-02-12 02:21:32,2022-02-23,"1 Mini (Weekly Shares)","Combined CSA","FSMini-w","St. Louis","MO","63116",40.7,"Automatic","Green","Not on Hold","Fair Shares - Wednesday  - Wednesday","Debit on Delivery",0,0,0,2022-03-23,2026-02-11,NA,2026-02-13,547
2023-04-03 10:50:55,2021-12-13,"1  (BYO) FSG - Orders Only","Combined CSA","Fair Shares Wednesday Pickup","St. Louis","MO","63123",0.42,NA,"Green","Hold","Fair Shares - Wednesday  - Wednesday","Debit on Delivery",0,0,0,2021-12-22,2022-10-12,NA,2026-02-13,1609
2025-01-30 12:11:21,2020-05-26,"1  (BYO) FSG - Orders Only","Combined CSA","Fair Shares Wednesday Pickup","St. Louis","MO","63119",100,NA,"None","Not on Hold","Fair Shares - Wednesday  - Wednesday","Debit on Delivery",0,0,0,2020-06-03,2025-01-15,NA,2026-02-13,1276
2026-02-06 03:51:18,2017-07-18,"1 Half (Half Share - ODD week), 1 No Produce - Order Only (even wk)","Combined CSA","FSE","St. Louis","63116","63116",197,"Automatic","Orange","Not on Hold","Fair Shares - Thursday - Thursday","Debit on Delivery",0,0,0,2017-08-24,2026-02-05,NA,2026-02-13,1977
2021-04-01 09:47:54,2020-03-25,"1  (BYO) FSG - Orders Only","Combined CSA","Fair Shares Thursday Pickup","St Louis","MO","63104",0,"Automatic","Green Purple","Not on Hold","Fair Shares - Thursday - Thursday","Debit on Delivery",0,0,0,2020-03-26,2021-02-25,NA,2026-02-13,1775
2025-10-30 03:59:39,2025-10-14,"1 Guest Access","Combined CSA","UCM","Saint Louis","MO","63130",0,"Automatic","None","Not on Hold","UCity - Wednesday","Debit on Delivery",0,0,0,2025-10-22,2025-10-29,NA,2026-02-13,755
2022-04-08 03:53:24,2020-05-05,"1  (BYO) FSG - Orders Only","Combined CSA","Fair Shares Thursday Pickup","St. Louis","MO","63118",0,"Automatic","Green","Not on Hold","Fair Shares - Thursday - Thursday","Debit on Delivery",0,0,0,2020-05-07,2022-04-07,NA,2026-02-13,890
2024-06-27 02:36:26,2024-06-11,"1  (BYO) FSG - Orders Only","Combined CSA","Fair Shares Wednesday Pickup","St. Louis","MO","63116",-42.29,NA,"None","Not on Hold","Fair Shares - Wednesday  - Wednesday",NA,0,0,0,2024-06-19,2024-06-26,NA,2026-02-13,229
2021-05-27 02:34:40,2017-07-18,"1 (BYO) UCG - Orders Only","Combined CSA","UCity Pickup","St. Louis","MO","63105",105.5,"Automatic","Purple","Not on Hold","UCity - Wednesday","Debit on Delivery",0,0,0,2017-08-16,2021-05-26,NA,2026-02-13,1343
2022-08-29 08:25:01,2020-04-09,"1  (BYO) FSG - Orders Only","Combined CSA","Fair Shares Wednesday Pickup","Webster Groves","MO","63119",0,"Automatic","Orange","Not on Hold","Fair Shares - Wednesday  - Wednesday","Debit on Delivery",0,0,0,2020-04-15,2022-08-24,NA,2026-02-13,897
2026-02-13 02:16:28,2019-06-04,"1 Mini (Weekly Shares)","Combined CSA","FSMini-t","St. Louis","MO","63109",280.62,"Automatic","None","Not on Hold","Fair Shares - Thursday - Thursday","Debit on Delivery",0,0,0,2019-06-06,2026-02-12,NA,2026-02-13,1941
2024-03-08 02:19:49,2022-11-27,"1 (BYO) KWG - Orders Only (Weekly Shares)","Combined CSA","Kirkwood Pickup","Kirkwood","MO","63122",41.54,"Automatic","Green","Not on Hold","Kirkwood - Thursday","Debit on Delivery",0,0,0,2022-12-01,2024-03-07,NA,2026-02-13,1293
2022-08-01 09:26:00,2022-03-15,"1  (BYO) FSG - Orders Only","Combined CSA","Fair Shares Wednesday Pickup","Webster Groves","MO","63119",168.7,"Automatic","None","Not on Hold","Fair Shares - Wednesday  - Wednesday","Debit on Delivery",0,0,0,2022-03-23,2022-07-27,NA,2026-02-13,882
2022-01-16 19:37:43,2020-02-24,"1 (BYO) UCG - Orders Only","Combined CSA","UCity Pickup","Saint Louis","MO","63130",2.71,"Automatic","Orange","Not on Hold","UCity - Wednesday","Debit on Delivery",0,0,0,2020-02-26,2022-01-12,NA,2026-02-13,1695
2025-12-18 03:57:33,2024-04-01,"1 Mini (Weekly Shares)","Combined CSA","UCM","Overland","MO","63114",196.44,"Automatic","None","Temp Hold","UCity - Wednesday","Debit on Delivery",0,0,0,2024-04-03,2025-12-17,NA,2026-02-13,482
2025-12-18 03:57:52,2025-05-01,"1 (BYO) UCG - Orders Only","Combined CSA","UCity Pickup","Ballwin","MO","63021",0,"Automatic","None","Not on Hold","UCity - Wednesday","Debit on Delivery",0,0,0,2025-05-07,2025-12-17,NA,2026-02-13,320
2026-02-13 02:16:28,2024-01-05,"1 Mini (Weekly Shares)","Combined CSA","FSMini-t","St. Louis","MO","63111",66.93,"Automatic","None","Not on Hold","Fair Shares - Thursday - Thursday","Debit on Delivery",0,0,0,2024-01-11,2026-02-12,NA,2026-02-13,1879
2022-07-03 08:01:03,2022-02-27,"1  (BYO) FSG - Orders Only","Combined CSA","Fair Shares Wednesday Pickup","Belleville","IL","62223",114.78,"Automatic","None","Not on Hold","Fair Shares - Wednesday  - Wednesday","Debit on Delivery",0,0,0,2022-03-23,2022-06-29,NA,2026-02-13,457
2025-08-10 10:29:20,2025-04-02,"1 (BYO) KWG - Orders Only (Weekly Shares)","Combined CSA","Kirkwood Pickup","St. Louis","MO","63128",22.07,"Automatic","Orange","Not on Hold","Kirkwood - Thursday","Debit on Delivery",0,0,0,2025-04-10,2025-08-07,NA,2026-02-13,672
2026-02-07 02:06:58,2017-07-18,"1  (BYO) FSG - Orders Only","Combined CSA","Fair Shares Wednesday Pickup","St. Louis","MO","63104",0,"Automatic","Payment Purple","Not on Hold","Fair Shares - Wednesday  - Wednesday","Debit on Delivery",0,0,0,2017-08-16,2022-10-26,NA,2026-02-13,519
2023-02-11 10:10:43,2021-01-02,"1  (BYO) FSG - Orders Only","Combined CSA","Fair Shares Wednesday Pickup","Creve Coeur","MO","63141",167.36,"Automatic","Green Purple","Not on Hold","Fair Shares - Wednesday  - Wednesday","Debit on Delivery",0,0,0,2021-01-06,2023-02-01,NA,2026-02-13,1361
2026-02-12 02:21:32,2020-04-03,"1 Mini (Weekly Shares)","Combined CSA","FSMini-w","Affton","MO","63143",159.92,"Automatic","None","Not on Hold","Fair Shares - Wednesday  - Wednesday","Debit on Delivery",0,0,0,2020-04-08,2026-02-11,NA,2026-02-13,100
2021-01-18 09:34:22,2020-09-27,"1  (BYO) FSG - Orders Only","Combined CSA","Fair Shares Wednesday Pickup","St. Louis","MO","63118",0,"Automatic","Green Purple","Not on Hold","Fair Shares - Wednesday  - Wednesday","Debit on Delivery",0,0,0,2020-09-30,2021-01-06,NA,2026-02-13,1114
2026-02-03 14:44:28,2020-04-17,"1 Half (Half Share - ODD week)","Combined CSA","FSE","St. Louis","MO","63116",20.45,NA,"Orange","Not on Hold","Fair Shares - Thursday - Thursday","Debit on Delivery",0,0,0,2020-04-22,2026-01-22,NA,2026-02-13,566
2026-02-12 02:21:32,2017-07-18,"1 Mini (Weekly Shares)","Combined CSA","FSMini-w","St. Louis","MO","63101",302.64,"Automatic","None","Not on Hold","Fair Shares - Wednesday  - Wednesday","Debit on Delivery",0,0,0,2017-08-16,2026-02-11,NA,2026-02-13,194
2026-02-12 03:53:52,2020-03-24,"1 FSC, 2 Creamline MILK","Combined CSA","FSC-W","Saint Louis","MO","63110",0,"Automatic","Green","Not on Hold","Fair Shares - Wednesday  - Wednesday","Debit on Delivery",0,0,0,2020-03-25,2026-02-11,NA,2026-02-13,422
2021-07-29 02:55:05,2019-08-20,"1  (BYO) FSG - Orders Only","Combined CSA","Fair Shares Wednesday Pickup","St. Louis","MO","63116",113.58,"Automatic","None","Not on Hold","Fair Shares - Wednesday  - Wednesday","Debit on Delivery",0,0,0,2019-08-28,2021-07-28,NA,2026-02-13,78
2024-08-19 14:45:49,2020-04-18,"1  (BYO) FSG - Orders Only","Combined CSA","Fair Shares Thursday Pickup","St. Louis","MO","63139",0,"Automatic","None","Not on Hold","Fair Shares - Thursday - Thursday","Debit on Delivery",0,0,0,2020-04-22,2024-05-09,NA,2026-02-13,646
2026-02-13 02:16:28,2017-07-18,"1 Half (Half Share - EVEN week), 1 No Produce - Order Only (odd wk)","Combined CSA","FSE","St. Louis","MO","63143",23.6,"Automatic","Purple","Not on Hold","Fair Shares - Thursday - Thursday","Debit on Delivery",0,0,0,2017-08-16,2026-02-12,NA,2026-02-13,1717
2024-11-12 10:57:21,2020-05-17,"1 (BYO) KWG - Orders Only (Weekly Shares)","Combined CSA","Kirkwood Pickup","Glendale","MO","63122",117.96,"Automatic","Green","Hold","Kirkwood - Thursday","Debit on Delivery",0,0,0,2020-05-20,2021-11-25,NA,2026-02-13,1070
2022-12-05 09:17:37,2019-10-23,"1  (BYO) FSG - Orders Only","Combined CSA","Fair Shares Thursday Pickup","Saint Louis","MO","63109",44.32,"Automatic","None","Not on Hold","Fair Shares - Thursday - Thursday","Debit on Delivery",0,0,0,2019-10-30,2022-11-17,NA,2026-02-13,629
2026-02-06 03:51:11,2025-08-30,"1 Half (Half Share - ODD week), 1 No Produce - Order Only (even wk)","Combined CSA","FSE","Saint Louis","MO","63129",196.49,"Automatic","Orange","Not on Hold","Fair Shares - Thursday - Thursday","Debit on Delivery",0,0,0,2025-09-04,2026-02-05,NA,2026-02-13,885
2024-09-27 07:45:55,2020-03-24,"1 (BYO) UCG - Orders Only","Combined CSA","UCity Pickup","St Ann","MO","63074",211,"Automatic","Green","Not on Hold","UCity - Wednesday","Debit on Delivery",0,0,0,2020-03-25,2024-08-14,NA,2026-02-13,1924
2026-02-13 02:16:28,2023-02-09,"1 Half (Half Share - EVEN week)","Combined CSA","KWB","St. Louis","MO","63119",8.67,"Automatic","Green Purple","Not on Hold","Kirkwood - Thursday","Debit on Delivery",0,0,0,2023-02-16,2026-02-12,NA,2026-02-13,540
2019-08-29 02:38:50,2018-01-13,"1 BYO - No Share, Order Only (Weekly Shares)","Combined CSA","Fair Shares Wednesday Pickup","Villa Ridge","MO","63089",0,NA,"None","Not on Hold","Fair Shares - Wednesday  - Wednesday","Debit on Delivery",0,0,0,2018-01-18,2019-08-28,NA,2026-02-13,935
2026-02-06 03:51:22,2020-06-11,"1 Half (Half Share - ODD week), 1 (BYO) KWG - Orders Only (Half Share - EVEN week)","Combined CSA","KWB","Chesterfield","MO","63017",171.94,"Automatic","Orange","Not on Hold","Kirkwood - Thursday","Debit on Delivery",0,0,0,2020-06-18,2026-02-05,NA,2026-02-13,267
2026-02-06 02:18:02,2017-08-09,"1 UCA/KWA, 2 2% MILK","Combined CSA","KWA","Webster Groves","MO","63119",104.33,"Automatic","None","Temp Hold","Kirkwood - Thursday","Debit on Delivery",0,0,0,2017-08-16,2026-02-05,NA,2026-02-13,192
2026-02-12 02:21:32,2017-07-18,"1 UCA/KWA","Combined CSA","UCA","St. Louis","MO","63112",100.26,"Automatic","None","Not on Hold","UCity - Wednesday","Debit on Delivery",0,0,0,2017-08-16,2026-02-11,NA,2026-02-13,1735
2026-02-13 02:16:28,2022-07-21,"1 Mini (Weekly Shares)","Combined CSA","FSMini-t","St. Louis","MO","63126",60.95,"Automatic","None","Not on Hold","Fair Shares - Thursday - Thursday","Debit on Delivery",0,0,0,2022-07-28,2026-02-12,NA,2026-02-13,1468
2026-02-13 02:16:28,2017-07-20,"1 BYO - No Share, Order Only (Weekly Shares)","Combined CSA","Fair Shares Thursday Pickup","St. Louis","63124","MO",124.61,"Automatic","None","Not on Hold","Fair Shares - Thursday - Thursday","Debit on Delivery",0,0,0,2017-10-05,2026-02-12,NA,2026-02-13,1211
2026-02-12 02:21:32,2017-07-18,"1 Half (Half Share - EVEN week), 1 No Produce - Order Only (odd wk)","Combined CSA","FSB","webster Groves","MO","63119",104.29,"Automatic","Purple","Not on Hold","Fair Shares - Wednesday  - Wednesday","Debit on Delivery",0,0,0,2017-08-16,2026-02-11,NA,2026-02-13,30
2026-02-13 03:51:00,2024-01-08,"1 Mini (Weekly Shares)","Combined CSA","KWM","Bridgeton","MO","63044",0,"Automatic","None","Not on Hold","Kirkwood - Thursday","Debit on Delivery",0,0,0,2024-01-17,2026-02-12,NA,2026-02-13,1476
2026-02-12 02:21:32,2023-07-13,"1 Half (Half Share - EVEN week)","Combined CSA","UCB","University City","MO","63130",136.16,"Automatic","Green Purple","Not on Hold","UCity - Wednesday","Debit on Delivery",0,0,0,2023-07-19,2026-02-11,NA,2026-02-13,472
2026-02-06 03:51:14,2020-04-06,"1 Half (Half Share - ODD week), 1 No Produce - Order Only (even wk)","Combined CSA","FSE","St. Louis","MO","63139",162.36,"Automatic","Orange","Not on Hold","Fair Shares - Thursday - Thursday","Debit on Delivery",0,0,0,2020-04-09,2026-02-05,NA,2026-02-13,1871
2022-08-31 19:03:49,2022-06-19,"1 (BYO) UCG - Orders Only","Combined CSA","UCity Pickup","University City","MO","63130",97.6,"Automatic","None","Not on Hold","UCity - Wednesday","Debit on Delivery",0,0,0,2022-06-22,2022-08-24,NA,2026-02-13,1285
2021-09-10 11:02:18,2020-05-26,"1  (BYO) FSG - Orders Only","Combined CSA","Fair Shares Thursday Pickup","St. Louis","MO","63116",77.01,"Automatic","Orange","Not on Hold","Fair Shares - Thursday - Thursday","Debit on Delivery",0,0,0,2020-06-04,2021-09-09,NA,2026-02-13,1195
2025-10-24 02:37:57,2025-03-18,"1  (BYO) FSG - Orders Only","Combined CSA","Fair Shares Thursday Pickup","St Louis","MO","63104",67.82,"Automatic","Purple","Not on Hold","Fair Shares - Thursday - Thursday","Debit on Delivery",0,0,0,2025-04-03,2025-10-23,NA,2026-02-13,559
2026-02-13 02:16:28,2025-08-17,"1 Half (Half Share - EVEN week)","Combined CSA","FSE","St. Louis","MO","63144",111.92,"Automatic","Purple","Not on Hold","Fair Shares - Thursday - Thursday","Debit on Delivery",0,0,0,2025-08-21,2026-02-12,NA,2026-02-13,83
2025-08-22 12:20:19,2023-04-27,"1 (BYO) KWG - Orders Only (Weekly Shares)","Combined CSA","Fair Shares Wednesday Pickup","Saint Louis","MO","63119",61.83,"Automatic","Purple","Not on Hold","Fair Shares - Wednesday  - Wednesday","Debit on Delivery",0,0,0,2023-05-04,2025-08-13,NA,2026-02-13,603
2026-02-13 02:16:28,2020-04-12,"1 Mini (Weekly Shares)","Combined CSA","FSMini-w","St. Louis","MO","63116",49.66,"Automatic","None","Not on Hold","Fair Shares - Wednesday  - Wednesday","Debit on Delivery",0,0,0,2020-04-16,2026-02-12,NA,2026-02-13,1038
2022-11-10 16:46:55,2020-05-17,"1 (BYO) UCG - Orders Only","Combined CSA","UCity Pickup","Creve Coeur","MO","63146",113.14,"Automatic","None","Not on Hold","UCity - Wednesday","Debit on Delivery",0,0,0,2020-05-27,2022-04-20,NA,2026-02-13,116
2024-12-06 02:29:00,2017-07-18,"1  (BYO) FSG - Orders Only","Combined CSA","Fair Shares Wednesday Pickup","St. Charles","MO","63303",0,"Automatic","None","Not on Hold","Fair Shares - Wednesday  - Wednesday","Debit on Delivery",0,0,0,2017-08-17,2024-11-27,NA,2026-02-13,1189
2026-02-12 02:21:32,2023-08-23,"1 (BYO) UCG - Orders Only","Combined CSA","UCity Pickup","St. Louis","MO","63105",29.96,"Automatic","Orange","Not on Hold","UCity - Wednesday","Debit on Delivery",0,0,0,2023-08-30,2026-02-11,NA,2026-02-13,1959
2023-12-29 03:51:23,2017-07-20,"1 (BYO) KWG - Orders Only (Weekly Shares)","Combined CSA","Kirkwood Pickup","St. Louis","MO","63088",0,"Automatic","Orange","Not on Hold","Kirkwood - Thursday","Debit on Delivery",0,0,0,2017-08-17,2023-09-14,NA,2026-02-13,943
2020-03-18 09:25:57,2019-05-17,"1 BYO - No Share, Order Only (Weekly Shares)","Combined CSA","Fair Shares Wednesday Pickup","St. Louis","MO","63112",150,NA,"None","Not on Hold","Fair Shares - Wednesday  - Wednesday","Debit on Delivery",0,0,0,2019-05-23,2019-10-03,NA,2026-02-13,323
2026-02-12 02:21:32,2024-02-23,"1 Mini (Weekly Shares)","Combined CSA","UCM","St Louis","MO","63146",286.01,"Automatic","None","Not on Hold","UCity - Wednesday","Debit on Delivery",0,0,0,2024-02-28,2026-02-11,NA,2026-02-13,1052
2021-08-02 08:55:36,2021-03-18,"1  (BYO) FSG - Orders Only","Combined CSA","Fair Shares Thursday Pickup","Saint Louis","MO","63139",0,"Automatic","None","Hold","Fair Shares - Thursday - Thursday","Debit on Delivery",0,0,0,2021-03-25,2021-07-29,NA,2026-02-13,1001
2025-01-19 20:39:32,2019-07-09,"1 (BYO) UCG - Orders Only","Combined CSA","UCity Pickup","St. Louis","MO","63132",9.68,"Automatic","None","Not on Hold","UCity - Wednesday","Debit on Delivery",0,0,0,2019-07-10,2025-01-15,NA,2026-02-13,691
2025-04-02 10:39:49,2019-04-14,"1  (BYO) FSG - Orders Only","Combined CSA","Fair Shares Thursday Pickup","St. Louis","MO","63119",181.95,"Automatic","None","Not on Hold","Fair Shares - Thursday - Thursday",NA,0,0,0,2019-04-18,2025-03-06,NA,2026-02-13,276
2021-04-19 09:45:45,2020-04-07,"1  (BYO) FSG - Orders Only","Combined CSA","Fair Shares Thursday Pickup","St. Louis","MO","63101",166.21,"Automatic","Green Orange","Not on Hold","Fair Shares - Thursday - Thursday","Debit on Delivery",0,0,0,2020-04-08,2021-04-08,NA,2026-02-13,163
2026-02-13 02:16:28,2017-07-18,"1 FSA/FSD","Combined CSA","FSD","St. Louis","MO","63119",72.88,"Automatic","None","Not on Hold","Fair Shares - Thursday - Thursday","Debit on Delivery",0,0,0,2017-08-16,2026-02-12,NA,2026-02-13,11
2026-02-11 19:17:15,2021-03-23,"1 Mini (Weekly Shares)","Combined CSA","UCM","St Louis","MO","63132",182.93,"Automatic","None","Not on Hold","UCity - Wednesday","Debit on Delivery",0,0,0,2021-03-24,2026-02-04,NA,2026-02-13,207
2022-07-05 20:04:42,2019-11-02,"1  (BYO) FSG - Orders Only","Combined CSA","Fair Shares Wednesday Pickup","St. Louis","MO","63116",195.43,"Automatic","None","Not on Hold","Fair Shares - Wednesday  - Wednesday","Debit on Delivery",0,0,0,2019-11-06,2022-06-29,NA,2026-02-13,1623
2026-02-05 02:23:17,2017-07-20,"1  (BYO) FSG - Orders Only","Combined CSA","Fair Shares Wednesday Pickup","St. Louis","MO","63144",0,"Automatic","Payment","Not on Hold","Fair Shares - Wednesday  - Wednesday","Debit on Delivery",0,0,0,2017-08-24,2025-12-17,NA,2026-02-13,88
2025-03-26 18:49:20,2021-01-29,"1 Mini (Weekly Shares)","Combined CSA","FSMini-t","St. Louis","MO","63116",194.89,"Automatic","Green","Hold","Fair Shares - Thursday - Thursday","Debit on Delivery",0,0,0,2021-02-04,2021-05-13,NA,2026-02-13,816
2023-02-02 02:27:06,2020-08-09,"1  (BYO) FSG - Orders Only","Combined CSA","Fair Shares Wednesday Pickup","St. Louis","MO","63110",16.42,"Automatic","Green","Not on Hold","Fair Shares - Wednesday  - Wednesday","Debit on Delivery",0,0,0,2020-08-12,2023-02-01,NA,2026-02-13,460
2023-06-09 03:53:56,2021-06-30,"1  (BYO) FSG - Orders Only","Combined CSA","Fair Shares Thursday Pickup","St Louis","MO","63123",0,"Automatic","Green Purple","Not on Hold","Fair Shares - Thursday - Thursday","Debit on Delivery",0,0,0,2021-07-08,2023-06-08,NA,2026-02-13,1327
2019-08-23 10:23:03,2017-07-18,"1 BYO - No Share, Order Only (Weekly Shares)","Combined CSA","Fair Shares Wednesday Pickup","St. Louis","MO","63139",91.44,NA,"Purple","Hold","Fair Shares - Wednesday  - Wednesday","Debit on Delivery",0,0,0,2017-08-16,2018-07-18,NA,2026-02-13,388
2026-02-05 02:23:17,2017-07-18,"1 Half (Half Share - ODD week)","Combined CSA","FSB","St. Louis","MO","63110",110.83,"Automatic","Orange","Not on Hold","Fair Shares - Wednesday  - Wednesday","Debit on Delivery",0,0,0,2017-08-23,2026-02-04,NA,2026-02-13,732
2026-02-05 02:23:17,2017-07-20,"1 Half (Half Share - ODD week), 1 Whole MILK-o, 1 No Produce - Order Only (even wk)","Combined CSA","FSE","St. Louis","MO","63110",251.99,"Automatic","Blue Orange","Not on Hold","Fair Shares - Thursday - Thursday","Debit on Delivery",0,0,0,2017-08-17,2026-02-04,NA,2026-02-13,1534
2026-02-13 02:16:28,2017-07-20,"1 FSA/FSD","Combined CSA","FSD","St. Louis","MO","63108",116.9,"Automatic","None","Not on Hold","Fair Shares - Thursday - Thursday","Debit on Delivery",0,0,0,2017-08-17,2026-02-12,NA,2026-02-13,550
2026-02-13 02:16:28,2024-03-07,"1 Half (Half Share - EVEN week)","Combined CSA","FSE","St. Louis","MO","63118",29.51,"Automatic","Purple","Not on Hold","Fair Shares - Thursday - Thursday","Debit on Delivery",0,0,0,2024-04-04,2026-02-12,NA,2026-02-13,1752
2025-11-10 11:02:15,2023-04-29,"1 Half (Half Share - ODD week)","Combined CSA","KWB","Kirkwood","MO","63122",130.92,"Automatic","Orange","Temp Hold","Kirkwood - Thursday","Debit on Delivery",0,0,0,2023-05-04,2025-10-30,NA,2026-02-13,1684
2020-06-18 02:58:50,2019-07-27,"1 BYO - No Share, Order Only (Weekly Shares)","Combined CSA","Fair Shares Wednesday Pickup","Saint Louis","MO","63116",0.43,NA,"Purple","Not on Hold","Fair Shares - Wednesday  - Wednesday","Debit on Delivery",0,0,0,2019-07-31,2020-06-17,NA,2026-02-13,1974
2026-02-12 02:21:32,2017-07-18,"1 Mini (Weekly Shares)","Combined CSA","FSMini-w","St. Louis","MO","63126",75.22,"Automatic","None","Not on Hold","Fair Shares - Wednesday  - Wednesday","Debit on Delivery",0,0,0,2017-08-16,2026-02-11,NA,2026-02-13,1162
2026-02-12 02:21:32,2023-11-20,"1 Half (Half Share - EVEN week)","Combined CSA","FSB","St. Louis","MO","63116",9.5,"Automatic","Purple","Not on Hold","Fair Shares - Wednesday  - Wednesday","Debit on Delivery",0,0,0,2023-11-29,2026-02-11,NA,2026-02-13,1789
2026-02-12 02:21:32,2021-05-06,"1 UCA/KWA","Combined CSA","UCA","CHESTERFIELD","MO","63017",392.96,"Automatic","Green","Not on Hold","UCity - Wednesday","Debit on Delivery",0,0,0,2021-05-12,2026-02-11,NA,2026-02-13,1048
2021-08-08 21:18:33,2020-09-30,"1  (BYO) FSG - Orders Only","Combined CSA","Fair Shares Wednesday Pickup","St. Louis","MO","63139",82.9,"Automatic","Green Orange","Not on Hold","Fair Shares - Wednesday  - Wednesday","Debit on Delivery",0,0,0,2020-10-07,2021-07-28,NA,2026-02-13,343
2021-04-01 02:31:29,2017-08-23,"1 (BYO) UCG - Orders Only","Combined CSA","UCity Pickup","st. louis","MO","63130",-5.79,NA,"None","Not on Hold","UCity - Wednesday","Debit on Delivery",0,0,0,2017-08-30,2021-03-31,NA,2026-02-13,762
2025-11-02 10:09:12,2023-09-29,"1 (BYO) KWG - Orders Only (Weekly Shares)","Combined CSA","Kirkwood Pickup","Saint louis","MO","63127",0,"Automatic","None","Not on Hold","Kirkwood - Thursday","Debit on Delivery",0,0,0,2023-11-09,2024-04-11,NA,2026-02-13,1050
2022-09-16 03:54:39,2021-05-03,"1  (BYO) FSG - Orders Only","Combined CSA","Fair Shares Thursday Pickup","St Louis","MO","63116",0,"Automatic","None","Not on Hold","Fair Shares - Thursday - Thursday","Debit on Delivery",0,0,0,2021-05-06,2022-09-15,NA,2026-02-13,1247
2026-02-13 02:16:28,2023-09-25,"1 Half (Half Share - EVEN week)","Combined CSA","FSE","Saint Louis","MO","63122",50.07,"Automatic","Green Purple","Not on Hold","Fair Shares - Thursday - Thursday","Debit on Delivery",0,0,0,2023-09-28,2026-02-12,NA,2026-02-13,657
2026-02-12 03:53:41,2020-03-29,"1 Mini (Weekly Shares)","Combined CSA","UCM","Creve Coeur","MO","63141",0,"Automatic","None","Not on Hold","UCity - Wednesday","Debit on Delivery",0,0,0,2020-04-01,2026-02-11,NA,2026-02-13,981
2026-02-13 02:16:28,2025-09-14,"1 Half (Half Share - EVEN week)","Combined CSA","FSE","St. Louis","MO","63122-3952",76.49,"Automatic","Purple","Not on Hold","Fair Shares - Thursday - Thursday","Debit on Delivery",0,0,0,2025-10-23,2026-02-12,NA,2026-02-13,875
2026-02-12 03:53:39,2020-04-27,"1 Half (Half Share - EVEN week)","Combined CSA","FSB","St Louis","MO","63118",0,"Automatic","Purple","Not on Hold","Fair Shares - Wednesday  - Wednesday","Debit on Delivery",0,0,0,2020-05-06,2026-02-11,NA,2026-02-13,1364
2026-02-12 05:37:22,2017-07-18,"1 Mini (Weekly Shares)","Combined CSA","UCM","St. Louis","MO","63130",19.11,"Automatic","None","Not on Hold","UCity - Wednesday","Debit on Delivery",0,0,0,2017-08-16,2026-02-11,NA,2026-02-13,1689
2026-02-12 02:21:32,2017-07-18,"1 Whole MILK, 1 Mini (Weekly Shares), 1 Cream pint (Half Share - EVEN week)","Combined CSA","UCM","St. Louis","MO","63121",73.48,"Automatic","None","Not on Hold","UCity - Wednesday","Debit on Delivery",0,0,0,2017-08-16,2026-02-11,NA,2026-02-13,225
2025-12-18 03:57:43,2022-06-10,"1 (BYO) UCG - Orders Only","Combined CSA","UCity Pickup","University City","MO","63130",368.91,"Automatic","None","Not on Hold","UCity - Wednesday","Debit on Delivery",0,0,0,2022-06-15,2025-12-17,NA,2026-02-13,98
2025-07-24 04:02:01,2025-01-29,"1  (BYO) FSG - Orders Only","Combined CSA","Fair Shares Wednesday Pickup","St. Charles","MO","63301",0,"Automatic","Orange","Not on Hold","Fair Shares - Wednesday  - Wednesday","Debit on Delivery",0,0,0,2025-02-05,2025-07-23,NA,2026-02-13,233
2026-01-30 03:58:16,2024-05-30,"1 Mini (Weekly Shares)","Combined CSA","FSMini-t","St. louis","MO","63116",157.65,"Automatic","None","Temp Hold","Fair Shares - Thursday - Thursday","Debit on Delivery",0,0,0,2024-06-06,2026-01-29,NA,2026-02-13,39
2023-11-23 02:28:11,2017-07-18,"1 (BYO) UCG - Orders Only","Combined CSA","UCity Pickup","St. Louis","MO","63130",66.91,"Automatic","Blue Orange","Not on Hold","UCity - Wednesday","Debit on Delivery",0,0,0,2017-08-16,2023-11-22,NA,2026-02-13,483
2026-02-13 02:16:28,2018-06-02,"1 No Produce - Order Only (odd wk), 1 Half (Half Share - EVEN week)","Combined CSA","FSE","St Louis","MO","63104",120.92,"Automatic","Blue Purple","Not on Hold","Fair Shares - Thursday - Thursday","Debit on Delivery",0,0,0,2018-06-07,2026-02-12,NA,2026-02-13,493
2026-01-22 03:56:39,2024-08-20,"1 (BYO) UCG - Orders Only","Combined CSA","UCity Pickup","St. Louis","MO","63112",0,"Automatic","Orange","Not on Hold","UCity - Wednesday","Debit on Delivery",0,0,0,2024-08-28,2026-01-21,NA,2026-02-13,202
2026-02-12 03:53:39,2025-01-18,"1 Mini (Weekly Shares)","Combined CSA","FSMini-t","Saint Louis","MO","63109",0,"Automatic","None","Not on Hold","Fair Shares - Thursday - Thursday","Debit on Delivery",0,0,0,2025-01-22,2026-02-11,NA,2026-02-13,281
2026-02-09 17:09:33,2025-05-13,"1 Mini (Weekly Shares)","Combined CSA","FSMini-t","St. Louis","MO","63110",206.95,"Automatic","None","Not on Hold","Fair Shares - Thursday - Thursday","Debit on Delivery",0,0,0,2025-05-22,2026-02-05,NA,2026-02-13,970
2026-02-12 02:21:32,2022-07-14,"1 Mini (Weekly Shares)","Combined CSA","FSMini-w","St. Louis","MO","63110",63.09,"Automatic","Green","Not on Hold","Fair Shares - Wednesday  - Wednesday","Debit on Delivery",0,0,0,2022-07-20,2026-02-11,NA,2026-02-13,883
2021-09-04 07:51:04,2020-09-21,"1  (BYO) FSG - Orders Only","Combined CSA","Fair Shares Thursday Pickup","St. Louis","MO","63118",109.55,"Automatic","Purple","Not on Hold","Fair Shares - Thursday - Thursday","Debit on Delivery",0,0,0,2020-10-01,2021-09-02,NA,2026-02-13,1877
2020-12-18 02:32:43,2017-07-18,"1 BYO - No Share, Order Only (Weekly Shares)","Combined CSA","Fair Shares Thursday Pickup","St. Louis","MO","63110",-287.01,NA,"Orange","Not on Hold","Fair Shares - Thursday - Thursday","Debit on Delivery",0,0,0,2017-08-24,2020-12-17,NA,2026-02-13,1731
2026-02-12 02:21:32,2017-07-20,"1 FSA/FSD, 1 Creamline MILK-o","Combined CSA","FSA","St. Louis","MO","63119",233.15,"Automatic","None","Not on Hold","Fair Shares - Wednesday  - Wednesday","Debit on Delivery",0,0,0,2017-08-17,2026-02-11,NA,2026-02-13,837
2026-02-13 02:16:28,2017-07-18,"1 FSC","Combined CSA","FSC-T","St. Louis","MO","63139",77,"Automatic","None","Not on Hold","Fair Shares - Thursday - Thursday","Debit on Delivery",0,0,0,2017-08-24,2026-02-12,NA,2026-02-13,845
2023-09-24 13:36:48,2023-05-07,"1  (BYO) FSG - Orders Only","Combined CSA","Fair Shares Thursday Pickup","Saint Louis","MO","63116",0.07,"Automatic","Green","Not on Hold","Fair Shares - Thursday - Thursday","Debit on Delivery",0,0,0,2023-05-11,2023-09-21,NA,2026-02-13,1542
2023-02-26 22:10:25,2020-04-21,"1  (BYO) FSG - Orders Only","Combined CSA","Fair Shares Thursday Pickup","St Louis","MO","63118",200.81,"Automatic","Orange","Not on Hold","Fair Shares - Thursday - Thursday","Debit on Delivery",0,0,0,2020-04-23,2023-02-23,NA,2026-02-13,150
2026-02-12 02:21:32,2021-12-12,"1 FSC","Combined CSA","FSC-W","St. Louis","MO","63110",276.53,"Automatic","None","Not on Hold","Fair Shares - Wednesday  - Wednesday","Debit on Delivery",0,0,0,2021-12-15,2026-02-11,NA,2026-02-13,406
2022-11-12 07:17:45,2017-07-18,"1  (BYO) FSG - Orders Only","Combined CSA","Fair Shares Thursday Pickup","St. Louis","MO","63146",185.55,"Automatic","None","Hold","Fair Shares - Thursday - Thursday","Debit on Delivery",0,0,0,2017-08-16,2021-08-12,NA,2026-02-13,265
2020-05-02 13:26:25,2017-07-18,"1 BYO - No Share, Order Only (Weekly Shares)","Combined CSA","Fair Shares Wednesday Pickup","St. Louis","MO","63119",82.65,NA,"None","Hold","Fair Shares - Wednesday  - Wednesday","Debit on Delivery",0,0,0,2017-08-16,2019-05-29,NA,2026-02-13,280
2021-11-10 17:58:12,2021-03-20,"1 (BYO) KWG - Orders Only (Weekly Shares)","Combined CSA","Kirkwood Pickup","Kirkwood","MO","63122",0,"Automatic","Purple","Not on Hold","Kirkwood - Thursday","Debit on Delivery",0,0,0,2021-04-01,2021-10-28,NA,2026-02-13,1532
2024-03-06 13:24:24,2021-08-11,"1  (BYO) FSG - Orders Only","Combined CSA","Fair Shares Thursday Pickup","St. Louis","MO","63103",2.08,"Automatic","Green Purple","Not on Hold","Fair Shares - Thursday - Thursday","Debit on Delivery",0,0,0,2021-08-19,2024-02-22,NA,2026-02-13,1809
2024-06-21 10:58:23,2017-07-18,"1  (BYO) FSG - Orders Only","Combined CSA","Fair Shares Wednesday Pickup","St. Louis","MO","63104",103.42,"Automatic","Orange","Not on Hold","Fair Shares - Wednesday  - Wednesday",NA,0,0,0,2017-08-17,2024-06-12,NA,2026-02-13,581
2026-02-12 02:21:32,2017-07-18,"1 UCA/KWA","Combined CSA","UCA","St. Louis","MO","63103",294.34,"Automatic","None","Not on Hold","UCity - Wednesday","Debit on Delivery",0,0,0,2017-08-16,2026-02-11,NA,2026-02-13,1030
2026-02-06 02:18:02,2020-04-14,"1 Mini (Weekly Shares)","Combined CSA","KWM","Kirkwood","MO","63122",80.98,"Automatic","None","Not on Hold","Kirkwood - Thursday","Debit on Delivery",0,0,0,2020-04-23,2026-02-05,NA,2026-02-13,1903
2023-05-08 07:35:38,2021-10-13,"1  (BYO) FSG - Orders Only","Combined CSA","2 Wk Trial at FS Mothership Wednesday","St. Louis","MO","63125",16.9,"Automatic","None","Not on Hold","Fair Shares Trial Wednesday - Wednesday","Debit on Delivery",0,0,0,2021-10-20,2023-05-03,NA,2026-02-13,1658
2026-01-30 02:18:58,2017-07-20,"1 BYO - No Share, Order Only (Weekly Shares)","Combined CSA","Fair Shares Thursday Pickup","St. Louis","63116","63110",157.45,"Automatic","None","Not on Hold","Fair Shares - Thursday - Thursday","Debit on Delivery",0,0,0,2017-09-14,2026-01-29,NA,2026-02-13,856
2026-01-22 02:23:39,2017-07-18,"1 Whole MILK, 1 Mini (Weekly Shares)","Combined CSA","UCM","St. Louis","MO","63130",133.96,"Automatic","None","Not on Hold","UCity - Wednesday","Debit on Delivery",0,0,0,2017-08-16,2026-01-21,NA,2026-02-13,520
2026-02-12 02:21:32,2017-07-18,"1 Half (Half Share - EVEN week)","Combined CSA","FSB","St. Louis","MO","63118",86.48,"Automatic","Purple","Not on Hold","Fair Shares - Wednesday  - Wednesday","Debit on Delivery",0,0,0,2017-08-16,2026-02-11,NA,2026-02-13,544
2026-02-13 02:16:28,2017-07-20,"1 Mini (Weekly Shares)","Combined CSA","FSMini-t","St. Louis","63109","63103",62.44,"Automatic","None","Not on Hold","Fair Shares - Thursday - Thursday","Debit on Delivery",0,0,0,2017-08-17,2026-02-12,NA,2026-02-13,1622
2026-02-13 02:16:28,2023-12-29,"1 FSC, 1 Whole MILK-o","Combined CSA","FSC-T","Saint Louis","MO","63104",185.63,"Automatic","None","Not on Hold","Fair Shares - Thursday - Thursday","Debit on Delivery",0,0,0,2024-01-04,2026-02-12,NA,2026-02-13,364
2022-03-12 10:44:08,2021-04-07,"1  (BYO) FSG - Orders Only","Combined CSA","Fair Shares Wednesday Pickup","St. Louis","MO","63122",97.78,"Automatic","None","Not on Hold","Fair Shares - Wednesday  - Wednesday","Debit on Delivery",0,0,0,2021-04-14,2022-02-16,NA,2026-02-13,1228
2026-02-05 02:23:17,2017-07-18,"1 Half (Half Share - ODD week), 1 No Produce - Order Only (even wk)","Combined CSA","FSB","St. Louis","MO","63110",116.8,"Automatic","Orange","Not on Hold","Fair Shares - Wednesday  - Wednesday","Debit on Delivery",0,0,0,2017-08-23,2026-02-04,NA,2026-02-13,291
2026-02-06 02:18:02,2020-04-27,"1  (BYO) FSG - Orders Only","Combined CSA","Fair Shares Thursday Pickup","Ballwin","MO","63011",0.15,"Automatic","None","Not on Hold","Fair Shares - Thursday - Thursday","Debit on Delivery",0,0,0,2020-04-30,2026-02-05,NA,2026-02-13,1277
2026-01-29 02:24:00,2023-11-29,"1 Half (Half Share - EVEN week)","Combined CSA","FSB","St.Louis","MO","63125",81.08,"Automatic","Purple","Not on Hold","Fair Shares - Wednesday  - Wednesday","Debit on Delivery",0,0,0,2023-12-07,2026-01-28,NA,2026-02-13,1602
2023-01-16 09:59:32,2019-12-29,"1  (BYO) FSG - Orders Only","Combined CSA","Kirkwood Pickup","Kirkwood","MO","63122",0.02,"Automatic","Orange","Not on Hold","Kirkwood - Thursday","Debit on Delivery",0,0,0,2020-01-09,2022-12-15,NA,2026-02-13,1208
2022-04-12 12:09:38,2017-07-20,"1 BYO - No Share, Order Only (Weekly Shares)","Combined CSA","Fair Shares Thursday Pickup","St. Louis","MO","63119",187.09,"Automatic","None","Hold","Fair Shares - Thursday - Thursday","Debit on Delivery",0,0,0,2017-09-14,2022-03-31,NA,2026-02-13,160
2026-02-12 02:21:32,2023-03-12,"1 Mini (Weekly Shares)","Combined CSA","UCM","St. Louis","MO","63130",218.84,"Automatic","Green","Not on Hold","UCity - Wednesday","Debit on Delivery",0,0,0,2023-03-29,2026-02-11,NA,2026-02-13,1908
2025-12-12 02:21:44,2022-07-17,"1 Half (Half Share - ODD week), 1 No Produce - Order Only (even wk)","Combined CSA","KWB","Chesterfield","MO","63017",227.71,"Automatic","Orange","Temp Hold","Kirkwood - Thursday","Debit on Delivery",0,0,0,2022-07-28,2025-12-11,NA,2026-02-13,1834
2026-02-13 02:16:28,2025-10-20,"1 Mini (Weekly Shares)","Combined CSA","KWM","Manchester","MO","63021",58.76,"Automatic","None","Not on Hold","Kirkwood - Thursday","Debit on Delivery",0,0,0,2025-10-23,2026-02-12,NA,2026-02-13,615
2026-02-13 03:51:04,2017-07-20,"1 Whole MILK-e, 1 Half (Half Share - EVEN week)","Combined CSA","FSE","Ballwin","MO","63021",-0.02,"Automatic","Blue Purple","Not on Hold","Fair Shares - Thursday - Thursday","Debit on Delivery",0,0,0,2017-08-17,2026-02-12,NA,2026-02-13,1353
2026-02-13 02:16:28,2020-04-20,"1 Mini (Weekly Shares)","Combined CSA","FSMini-t","St.  Louis","MO","63124",167.29,"Automatic","Green","Not on Hold","Fair Shares - Thursday - Thursday","Debit on Delivery",0,0,0,2020-04-22,2026-02-12,NA,2026-02-13,1582
2021-03-22 09:08:32,2020-07-29,"1  (BYO) FSG - Orders Only","Combined CSA","Fair Shares Thursday Pickup","St Louis","MO","63104",0,"Automatic","None","Not on Hold","Fair Shares - Thursday - Thursday","Debit on Delivery",0,0,0,2020-08-06,2021-02-25,NA,2026-02-13,1926
2023-02-21 15:48:33,2019-01-26,"1  (BYO) FSG - Orders Only","Combined CSA","Fair Shares Thursday Pickup","Saint Louis","MO","63110",48.83,NA,"None","Not on Hold","Fair Shares - Thursday - Thursday","Debit on Delivery",0,0,0,2019-01-30,2023-02-16,NA,2026-02-13,655
2026-02-13 03:51:04,2020-05-14,"1  (BYO) FSG - Orders Only","Combined CSA","Fair Shares Thursday Pickup","St. Louis","MO","63110",0,"Automatic","None","Not on Hold","Fair Shares - Thursday - Thursday","Debit on Delivery",0,0,0,2020-05-21,2026-02-12,NA,2026-02-13,533
2022-01-11 13:33:14,2020-04-25,"1 BYO - No Share, Order Only (Weekly Shares)","Combined CSA","Fair Shares Wednesday Pickup","Saint Louis","MO","63116",0,"Automatic","None","Not on Hold","Fair Shares - Wednesday  - Wednesday","Debit on Delivery",0,0,0,2020-04-30,2022-01-05,NA,2026-02-13,686
2022-09-02 10:24:39,2021-09-30,"1 (BYO) UCG - Orders Only","Combined CSA","UCity Pickup","Saint Louis","MO","63109",0,NA,"Green","Not on Hold","UCity - Wednesday","Debit on Delivery",0,0,0,2021-10-13,2022-08-31,NA,2026-02-13,112
2025-12-18 02:26:02,2024-04-13,"1 Mini (Weekly Shares)","Combined CSA","UCM","Saint Ann","MO","63074",190.86,"Automatic","None","Temp Hold","UCity - Wednesday","Debit on Delivery",0,0,0,2024-04-17,2025-12-17,NA,2026-02-13,859
2022-07-01 02:43:28,2021-06-24,"1 (BYO) KWG - Orders Only (Weekly Shares)","Combined CSA","Kirkwood Pickup","Saint Louis","MO","63119",17.72,"Automatic","Green","Not on Hold","Kirkwood - Thursday","Debit on Delivery",0,0,0,2021-07-01,2022-06-30,NA,2026-02-13,769
2025-12-19 02:22:26,2021-03-04,"1 (BYO) KWG - Orders Only (Weekly Shares)","Combined CSA","Kirkwood Pickup","St. Louis","MO","63128",131,"Automatic","Green","Not on Hold","Kirkwood - Thursday","Debit on Delivery",0,0,0,2021-03-25,2025-12-18,NA,2026-02-13,196
2023-08-08 16:44:19,2021-04-17,"1  (BYO) FSG - Orders Only","Combined CSA","Fair Shares Thursday Pickup","Villa Ridge","MO","63089",216.33,NA,"Blue","Not on Hold","Fair Shares - Thursday - Thursday","Debit on Delivery",0,0,0,2021-04-22,2023-08-03,NA,2026-02-13,1922
2026-02-05 02:23:17,2021-03-05,"1 Mini (Weekly Shares)","Combined CSA","UCM","Florissant","MO","63034",183.75,"Automatic","None","Temp Hold","UCity - Wednesday","Debit on Delivery",0,0,0,2021-03-24,2026-02-04,NA,2026-02-13,1846
2024-08-02 03:57:24,2017-07-20,"1  (BYO) FSG - Orders Only","Combined CSA","Fair Shares Thursday Pickup","St. Louis","MO","63110",0,"Automatic","None","Not on Hold","Fair Shares - Thursday - Thursday","Debit on Delivery",0,0,0,2017-08-17,2024-08-01,NA,2026-02-13,1351
2025-07-04 09:48:08,2025-04-11,"1 (BYO) KWG - Orders Only (Weekly Shares)","Combined CSA","Kirkwood Pickup","Saint louis","MO","63127",91.31,"Automatic","None","Not on Hold","Kirkwood - Thursday","Debit on Delivery",0,0,0,2025-04-17,2025-07-03,NA,2026-02-13,189
2021-11-18 02:41:40,2020-04-12,"1  (BYO) FSG - Orders Only","Combined CSA","Fair Shares Wednesday Pickup","Maplewood","MO","63143",98.51,"Automatic","Green Orange","Not on Hold","Fair Shares - Wednesday  - Wednesday","Debit on Delivery",0,0,0,2020-04-16,2021-11-17,NA,2026-02-13,1836
2026-02-13 02:16:28,2017-08-11,"1 Mini (Weekly Shares)","Combined CSA","FSMini-t","St. Louis","MO","63104",141.79,"Automatic","None","Not on Hold","Fair Shares - Thursday - Thursday","Debit on Delivery",0,0,0,2017-08-17,2026-02-12,NA,2026-02-13,1652
2021-11-26 02:19:57,2021-04-15,"1 (BYO) KWG - Orders Only (Weekly Shares)","Combined CSA","Kirkwood Pickup","St. Louis","MO","63119",171.9,"Automatic","None","Not on Hold","Kirkwood - Thursday","Debit on Delivery",0,0,0,2021-04-22,2021-11-25,NA,2026-02-13,512
2025-06-27 02:39:56,2021-08-14,"1 (BYO) KWG - Orders Only (Weekly Shares)","Combined CSA","Kirkwood Pickup","Kirkwood","MO","63122",153.95,"Automatic","None","Not on Hold","Kirkwood - Thursday","Debit on Delivery",0,0,0,2021-08-19,2025-06-26,NA,2026-02-13,530
2025-02-27 03:55:03,2024-01-05,"1 (BYO) UCG - Orders Only","Combined CSA","UCity Pickup","Saint Louis","MO","63132",0,"Automatic","None","Not on Hold","UCity - Wednesday","Debit on Delivery",0,0,0,2024-01-10,2025-02-26,NA,2026-02-13,1845
2026-02-08 02:07:22,2020-04-14,"1 Half (Half Share - ODD week), 1 No Produce - Order Only (even wk)","Combined CSA","KWB","Chesterfield","MO","63017",0,"Automatic","Payment Orange","Not on Hold","Kirkwood - Thursday","Debit on Delivery",0,0,0,2020-04-15,2026-02-05,NA,2026-02-13,1545
2020-10-04 21:23:03,2020-01-20,"1  (BYO) FSG - Orders Only","Combined CSA","Fair Shares Wednesday Pickup","St louis","MO","63110",3.86,NA,"Purple","Not on Hold","Fair Shares - Wednesday  - Wednesday","Debit on Delivery",0,0,0,2020-01-22,2020-09-30,NA,2026-02-13,571
2026-02-13 02:16:28,2024-12-28,"1 UCA/KWA","Combined CSA","KWA","Kirkwood","MO","63122",110.41,"Automatic","None","Not on Hold","Kirkwood - Thursday","Debit on Delivery",0,0,0,2025-01-16,2026-02-12,NA,2026-02-13,239
2026-02-13 02:16:28,2021-04-04,"1 FSC","Combined CSA","FSC-T","St. Louis","MO","63105",264.53,"Automatic","Green","Not on Hold","Fair Shares - Thursday - Thursday","Debit on Delivery",0,0,0,2021-04-08,2026-02-12,NA,2026-02-13,502
2021-03-10 18:45:50,2017-10-25,"1 BYO - No Share, Order Only (Weekly Shares)","Combined CSA","Fair Shares Thursday Pickup","St. Louis","MO","63116",58.75,"Automatic","None","Not on Hold","Fair Shares - Thursday - Thursday","Debit on Delivery",0,0,0,2017-11-09,2021-02-25,NA,2026-02-13,815
2019-08-23 10:25:28,2017-07-18,"1 BYO - No Share, Order Only (Weekly Shares)","Combined CSA","Fair Shares Wednesday Pickup","St. Louis","MO","63110",83.58,NA,"Orange","Hold","Fair Shares - Wednesday  - Wednesday","Debit on Delivery",0,0,0,2017-08-23,2019-04-17,NA,2026-02-13,191
2026-02-13 02:16:28,2017-07-18,"1 FSA/FSD","Combined CSA","FSD","St. Louis","MO","63119",158.59,"Automatic","None","Not on Hold","Fair Shares - Thursday - Thursday","Debit on Delivery",0,0,0,2017-08-16,2026-02-12,NA,2026-02-13,245
2019-05-22 11:29:36,2017-07-18,"1 BYO - No Share, Order Only (Weekly Shares)","Combined CSA","Fair Shares Wednesday Pickup","St. Louis","MO","63108",40.93,NA,"None","Hold","Fair Shares - Wednesday  - Wednesday","Debit on Delivery",0,0,0,2017-08-16,2019-01-23,NA,2026-02-13,1772
2026-02-05 02:23:17,2017-07-20,"1  (BYO) FSG - Orders Only","Combined CSA","Fair Shares Wednesday Pickup","St. Louis","MO","63141",0,"Automatic","Payment","Not on Hold","Fair Shares - Wednesday  - Wednesday","Debit on Delivery",0,0,0,2017-08-17,2025-11-26,NA,2026-02-13,572
2026-02-13 02:16:28,2019-02-05,"1 FSA/FSD","Combined CSA","FSD","St. Louis","MO","63118",189.19,"Automatic","None","Not on Hold","Fair Shares - Thursday - Thursday","Debit on Delivery",0,0,0,2019-02-07,2026-02-12,NA,2026-02-13,1271
2020-08-21 11:39:03,2020-04-16,"1 (BYO) UCG - Orders Only","Combined CSA","UCity Pickup","University City","MO","63130",0,NA,"None","Not on Hold","UCity - Wednesday",NA,0,0,0,2020-04-22,2020-08-05,NA,2026-02-13,1065
2026-02-06 02:18:02,2017-07-20,"1 BYO - No Share, Order Only (Weekly Shares)","Combined CSA","Fair Shares Thursday Pickup","St. Louis","MO","63123",62.34,"Automatic","None","Not on Hold","Fair Shares - Thursday - Thursday","Debit on Delivery",0,0,0,2017-09-07,2026-02-05,NA,2026-02-13,616
2020-11-30 08:35:27,2020-06-19,"1  (BYO) FSG - Orders Only","Combined CSA","Fair Shares Thursday Pickup","St. Louis","MO","63135",0,"Automatic","Green","Not on Hold","Fair Shares - Thursday - Thursday","Debit on Delivery",0,0,0,2020-06-25,2020-11-26,NA,2026-02-13,1875
2023-01-13 03:50:52,2021-01-30,"1 (BYO) KWG - Orders Only (Weekly Shares)","Combined CSA","Kirkwood Pickup","Webster Groves","MO","63119",0,"Automatic","Blue Orange","Not on Hold","Kirkwood - Thursday","Debit on Delivery",0,0,0,2021-02-04,2023-01-12,NA,2026-02-13,283
2026-02-13 02:16:28,2017-08-24,"1 Half (Half Share - EVEN week)","Combined CSA","FSE","Saint Louis","MO","63129",132.68,"Automatic","Purple","Not on Hold","Fair Shares - Thursday - Thursday","Debit on Delivery",0,0,0,2017-09-14,2026-02-12,NA,2026-02-13,1440
2026-02-10 15:16:03,2024-10-30,"1 Half (Half Share - EVEN week)","Combined CSA","UCB","Saint Louis","MO","63124",28.73,"Automatic","Purple","Not on Hold","UCity - Wednesday","Debit on Delivery",0,0,0,2024-11-06,2026-02-04,NA,2026-02-13,866
2025-08-15 03:55:12,2017-07-18,"1 BYO - No Share, Order Only (Weekly Shares)","Combined CSA","Fair Shares Thursday Pickup","Maryland Heights","MO","63043",83.13,"Automatic","None","Not on Hold","Fair Shares - Thursday - Thursday","Debit on Delivery",0,0,0,2017-08-16,2017-09-13,NA,2026-02-13,1497
2021-11-25 03:53:35,2020-04-08,"1  (BYO) FSG - Orders Only","Combined CSA","Fair Shares Wednesday Pickup","St. Louis","MO","63116",0,"Automatic","Orange","Not on Hold","Fair Shares - Wednesday  - Wednesday","Debit on Delivery",0,0,0,2020-04-15,2021-11-24,NA,2026-02-13,1885
2026-02-13 02:16:28,2020-05-16,"1 UCA/KWA","Combined CSA","KWA","Sunset Hills","MO","63127",216.86,"Automatic","Green","Not on Hold","Kirkwood - Thursday","Debit on Delivery",0,0,0,2020-05-21,2026-02-12,NA,2026-02-13,1386
2023-11-23 02:28:11,2020-02-28,"1  (BYO) FSG - Orders Only","Combined CSA","Fair Shares Wednesday Pickup","Saint Louis","MO","63146",146.21,"Automatic","Purple","Not on Hold","Fair Shares - Wednesday  - Wednesday","Debit on Delivery",0,0,0,2020-03-25,2023-11-22,NA,2026-02-13,1788
2020-09-04 04:03:31,2020-06-15,"1  (BYO) FSG - Orders Only","Combined CSA","Fair Shares Thursday Pickup","St Louis","MO","63110",0,"Automatic","Green","Not on Hold","Fair Shares - Thursday - Thursday","Debit on Delivery",0,0,0,2020-06-18,2020-09-03,NA,2026-02-13,1064
2026-02-13 02:16:28,2024-12-01,"1 FSC","Combined CSA","FSC-T","St. Louis","MO","63118",253.33,"Automatic","None","Not on Hold","Fair Shares - Thursday - Thursday","Debit on Delivery",0,0,0,2024-12-05,2026-02-12,NA,2026-02-13,997
2026-02-12 03:53:47,2017-07-18,"1 FSA/FSD","Combined CSA","FSA","St Louis","MO","63109",0,"Automatic","None","Not on Hold","Fair Shares - Wednesday  - Wednesday","Debit on Delivery",0,0,0,2017-08-16,2026-02-11,NA,2026-02-13,1543
2026-02-12 05:28:53,2017-07-18,"1 Mini (Weekly Shares)","Combined CSA","FSMini-w","Glendale","MO","63122",53.74,"Automatic","None","Not on Hold","Fair Shares - Wednesday  - Wednesday","Debit on Delivery",0,0,0,2017-08-16,2026-02-11,NA,2026-02-13,1154
2024-12-05 17:43:18,2017-07-18,"1 (BYO) UCG - Orders Only","Combined CSA","UCity Pickup","St. Louis","MO","63105",0,"Automatic","None","Not on Hold","UCity - Wednesday","Debit on Delivery",0,0,0,2017-08-16,2022-06-01,NA,2026-02-13,1420
2025-08-24 10:01:47,2021-08-05,"1  (BYO) FSG - Orders Only","Combined CSA","Fair Shares Wednesday Pickup","Clayton","MO","63105",212.92,"Automatic","Green","Not on Hold","Fair Shares - Wednesday  - Wednesday","Debit on Delivery",0,0,0,2021-08-11,2025-08-20,NA,2026-02-13,1393
2021-07-29 02:55:05,2019-09-20,"1  (BYO) FSG - Orders Only","Combined CSA","Fair Shares Wednesday Pickup","St. Louis","MO","63109",18.76,"Automatic","None","Not on Hold","Fair Shares - Wednesday  - Wednesday","Debit on Delivery",0,0,0,2019-09-25,2021-07-28,NA,2026-02-13,1337
2026-02-12 03:53:36,2020-03-28,"1 Half (Half Share - EVEN week)","Combined CSA","FSB","Saint Louis","MO","63116",0,"Automatic","Green Purple","Not on Hold","Fair Shares - Wednesday  - Wednesday","Debit on Delivery",0,0,0,2020-04-01,2026-02-11,NA,2026-02-13,132
2025-04-29 17:06:07,2021-08-08,"1 (BYO) KWG - Orders Only (Weekly Shares)","Combined CSA","Kirkwood Pickup","Town & Country","MO","63017",92.97,"Automatic","Purple","Not on Hold","Kirkwood - Thursday","Debit on Delivery",0,0,0,2021-08-12,2025-04-24,NA,2026-02-13,1482
2023-04-13 20:31:01,2021-08-27,"1  (BYO) FSG - Orders Only","Combined CSA","Fair Shares Thursday Pickup","St Louis","MO","63116",18.9,"Automatic","Green Orange","Hold","Fair Shares - Thursday - Thursday","Debit on Delivery",0,0,0,2021-09-02,2023-03-30,NA,2026-02-13,1703
2026-02-12 02:21:32,2017-07-18,"1 UCA/KWA","Combined CSA","UCA","St. Louis","MO","63105",225.94,"Automatic","None","Not on Hold","UCity - Wednesday","Debit on Delivery",0,0,0,2017-08-16,2026-02-11,NA,2026-02-13,1143
2026-02-06 03:51:07,2017-08-30,"1 Half (Half Share - ODD week), 1 No Produce - Order Only (even wk)","Combined CSA","FSE","Saint Louis","MO","63112",213.99,"Automatic","Blue Orange","Not on Hold","Fair Shares - Thursday - Thursday","Debit on Delivery",0,0,0,2017-09-07,2026-02-05,NA,2026-02-13,1416
2024-11-09 02:08:27,2017-07-18,"1  (BYO) FSG - Orders Only","Combined CSA","Fair Shares Thursday Pickup","St. Louis","MO","63110",0,"Automatic","None","Not on Hold","Fair Shares - Thursday - Thursday","Debit on Delivery",0,0,0,2017-08-17,2024-11-07,NA,2026-02-13,1644
2026-02-12 02:21:32,2017-07-18,"1 Half (Half Share - EVEN week)","Combined CSA","UCB","St. Louis","MO","63130",62.8,"Automatic","Purple","Not on Hold","UCity - Wednesday","Debit on Delivery",0,0,0,2017-08-16,2026-02-11,NA,2026-02-13,1920
2025-12-04 02:29:00,2017-10-15,"1 Mini (Weekly Shares)","Combined CSA","FSMini-w","St. Louis","MO","63110",133.61,"Automatic","None","Temp Hold","Fair Shares - Wednesday  - Wednesday","Debit on Delivery",0,0,0,2017-10-18,2025-12-03,NA,2026-02-13,1707
2026-02-05 02:23:17,2023-08-16,"1 Half (Half Share - ODD week)","Combined CSA","FSB","Saint Louis","MO","63116",230.59,"Automatic","Green Orange","Not on Hold","Fair Shares - Wednesday  - Wednesday","Debit on Delivery",0,0,0,2023-08-23,2026-02-04,NA,2026-02-13,1212
2026-02-13 02:16:28,2020-04-12,"1 Half (Half Share - EVEN week)","Combined CSA","FSE","St. Louis","MO","63112",81.38,"Automatic","Purple","Not on Hold","Fair Shares - Thursday - Thursday","Debit on Delivery",0,0,0,2020-04-16,2026-02-12,NA,2026-02-13,308
2024-07-09 13:23:57,2018-11-26,"1 BYO - No Share, Order Only (Weekly Shares)","Combined CSA","Fair Shares Wednesday Pickup","Saint Louis","MO","63110",0,NA,"None","Not on Hold","Fair Shares - Wednesday  - Wednesday",NA,0,0,0,2020-11-04,2024-04-24,NA,2026-02-13,217
2026-02-06 03:51:20,2020-06-25,"1 (BYO) KWG - Orders Only (Weekly Shares)","Combined CSA","Kirkwood Pickup","Chesterfield","MO","63005",0,"Automatic","Payment Green","Not on Hold","Kirkwood - Thursday","Debit on Delivery",0,0,0,2020-07-01,2026-02-04,NA,2026-02-13,1990
2023-09-01 04:09:18,2018-05-05,"1 (BYO) UCG - Orders Only","Combined CSA","UCity Pickup","st. Louis","MO","63130",346.14,"Automatic","Orange","Not on Hold","UCity - Wednesday",NA,0,0,0,2018-05-09,2023-08-30,NA,2026-02-13,485
2026-02-13 03:50:57,2022-08-18,"1 Half (Half Share - EVEN week)","Combined CSA","FSE","St. Louis","MO","63118",0,"Automatic","Green Purple","Not on Hold","Fair Shares - Thursday - Thursday","Debit on Delivery",0,0,0,2022-08-25,2026-02-12,NA,2026-02-13,1383
2026-02-12 02:21:32,2017-07-18,"1 Mini (Weekly Shares)","Combined CSA","FSMini-w","St. Louis","MO","63109",56.57,"Automatic","None","Not on Hold","Fair Shares - Wednesday  - Wednesday","Debit on Delivery",0,0,0,2017-08-16,2026-02-11,NA,2026-02-13,421
2022-08-25 03:52:49,2017-07-18,"1  (BYO) FSG - Orders Only","Combined CSA","Fair Shares Wednesday Pickup","St. Louis","MO","63126",0,"Automatic","Blue Orange","Not on Hold","Fair Shares - Wednesday  - Wednesday","Debit on Delivery",0,0,0,2017-08-23,2022-08-24,NA,2026-02-13,536
2023-10-16 09:40:45,2019-11-26,"1 BYO - No Share, Order Only (Weekly Shares)","Combined CSA","Fair Shares Wednesday Pickup","St. Louis","MO","63109",0,"Automatic","None","Not on Hold","Fair Shares - Wednesday  - Wednesday","Debit on Delivery",0,0,0,2019-12-04,2019-12-04,NA,2026-02-13,345
2026-01-15 02:22:40,2017-07-18,"1 (BYO) UCG - Orders Only","Combined CSA","UCity Pickup","St. Louis","MO","63114",2.65,"Automatic","None","Not on Hold","UCity - Wednesday","Debit on Delivery",0,0,0,2017-08-16,2026-01-14,NA,2026-02-13,654
2022-01-31 07:32:17,2020-05-02,"1  (BYO) FSG - Orders Only","Combined CSA","Fair Shares Wednesday Pickup","Clayton","MO","63105",0.36,"Automatic","None","Not on Hold","Fair Shares - Wednesday  - Wednesday","Debit on Delivery",0,0,0,2020-05-06,2022-01-26,NA,2026-02-13,711
2023-12-11 11:26:49,2020-07-05,"1  (BYO) FSG - Orders Only","Combined CSA","Fair Shares Thursday Pickup","Saint louis","MO","63110",50,"Automatic","Green Orange","Not on Hold","Fair Shares - Thursday - Thursday","Debit on Delivery",0,0,0,2020-07-09,2023-12-07,NA,2026-02-13,1613
2023-07-20 02:50:03,2020-05-19,"1 (BYO) UCG - Orders Only","Combined CSA","UCity Pickup","St. Louis","MO","63122",172.88,"Automatic","Green Purple","Not on Hold","UCity - Wednesday","Debit on Delivery",0,0,0,2020-05-28,2023-07-19,NA,2026-02-13,517
2020-06-04 02:49:15,2020-03-29,"1 BYO - No Share, Order Only (Weekly Shares)","Combined CSA","Fair Shares Wednesday Pickup","St Louis","MO","63108",1.87,NA,"Green","Not on Hold","Fair Shares - Wednesday  - Wednesday","Debit on Delivery",0,0,0,2020-04-01,2020-06-03,NA,2026-02-13,878
2021-06-01 18:12:09,2018-05-15,"1 BYO - No Share, Order Only (Weekly Shares)","Combined CSA","Fair Shares Thursday Pickup","DeSoto","MO","63020",-0.8,NA,"None","Not on Hold","Fair Shares - Thursday - Thursday",NA,0,0,0,2018-05-24,2021-06-03,NA,2026-02-13,1003
2024-08-13 11:59:29,2017-07-20,"1 (BYO) KWG - Orders Only (Weekly Shares)","Combined CSA","Kirkwood Pickup","St. Louis","MO","63122",116.64,NA,"None","Not on Hold","Kirkwood - Thursday","Debit on Delivery",0,0,0,2018-03-01,2022-12-01,NA,2026-02-13,1221
2023-03-26 19:18:04,2017-07-18,"1  (BYO) FSG - Orders Only","Combined CSA","Fair Shares Thursday Pickup","St. Louis","MO","63118",0,"Automatic","Orange","Not on Hold","Fair Shares - Thursday - Thursday","Debit on Delivery",0,0,0,2017-08-17,2023-02-23,NA,2026-02-13,921
2025-12-07 17:36:49,2025-03-09,"1  (BYO) FSG - Orders Only","Combined CSA","Fair Shares Wednesday Pickup","Saint Charles","MO","63303",0,"Automatic","Orange","Not on Hold","Fair Shares - Wednesday  - Wednesday","Debit on Delivery",0,0,0,2025-04-02,2025-11-26,NA,2026-02-13,402
2025-12-18 03:57:32,2024-11-13,"1 Mini (Weekly Shares)","Combined CSA","UCM","St Louis","MO","63130",182.57,"Automatic","None","Temp Hold","UCity - Wednesday","Debit on Delivery",0,0,0,2024-11-20,2025-12-17,NA,2026-02-13,470
2026-02-05 02:23:17,2017-07-18,"1 Half (Half Share - ODD week)","Combined CSA","FSB","St. Louis","MO","63119",969.01,"Automatic","Orange","Not on Hold","Fair Shares - Wednesday  - Wednesday","Debit on Delivery",0,0,0,2017-08-16,2026-02-04,NA,2026-02-13,1687
2024-12-19 02:24:16,2018-06-20,"1 BYO - No Share, Order Only (Weekly Shares)","Combined CSA","Fair Shares Wednesday Pickup","St. Louis","MO","63117",303,"Automatic","None","Not on Hold","Fair Shares - Wednesday  - Wednesday","Debit on Delivery",0,0,0,2018-06-27,2024-12-18,NA,2026-02-13,1457
2026-02-06 02:18:02,2024-08-21,"1 Half (Half Share - ODD week)","Combined CSA","KWB","Glendale","MO","63122",143.28,"Automatic","Orange","Not on Hold","Kirkwood - Thursday","Debit on Delivery",0,0,0,2024-08-29,2026-02-05,NA,2026-02-13,896
2026-02-13 02:16:28,2020-04-07,"1 UCA/KWA","Combined CSA","KWA","St. Louis","MO","63131",111.63,"Automatic","None","Not on Hold","Kirkwood - Thursday","Debit on Delivery",0,0,0,2020-04-09,2026-02-12,NA,2026-02-13,1766
2026-02-13 02:16:28,2019-11-14,"1  (BYO) FSG - Orders Only","Combined CSA","Kirkwood Pickup","St. Louis","MO","63110",-30.27,NA,"Orange","Not on Hold","Kirkwood - Thursday",NA,0,0,0,2020-04-08,2026-02-12,NA,2026-02-13,525
2019-09-20 02:39:24,2017-07-20,"1 BYO - No Share, Order Only (Weekly Shares)","Combined CSA","Fair Shares Thursday Pickup","St. Louis","MO","63109",1.53,NA,"Purple","Not on Hold","Fair Shares - Thursday - Thursday","Debit on Delivery",0,0,0,2017-08-17,2019-09-19,NA,2026-02-13,1524
2026-02-08 02:07:22,2020-12-19,"1 Half (Half Share - ODD week)","Combined CSA","FSE","St. Louis","MO","63139",-70.49,NA,"Payment Orange","Not on Hold","Fair Shares - Thursday - Thursday","Debit on Delivery",0,0,0,2021-04-28,2026-02-05,NA,2026-02-13,327
2026-02-13 02:16:28,2025-12-23,"1 FSA/FSD","Combined CSA","FSD","Webster Groves","MO","63119",181.04,"Automatic","None","Not on Hold","Fair Shares - Thursday - Thursday","Debit on Delivery",0,0,0,2026-01-08,2026-02-12,NA,2026-02-13,65
2025-03-06 02:23:05,2017-08-24,"1 BYO - No Share, Order Only (Weekly Shares)","Combined CSA","Fair Shares Wednesday Pickup","St.","MO","63110",0,NA,"None","Not on Hold","Fair Shares - Wednesday  - Wednesday",NA,0,0,0,2017-08-30,2025-03-05,NA,2026-02-13,24
2020-11-16 08:27:19,2020-03-29,"1  (BYO) FSG - Orders Only","Combined CSA","Fair Shares Wednesday Pickup","Saint Louis","MO","63105",87.21,"Automatic","None","Not on Hold","Fair Shares - Wednesday  - Wednesday","Debit on Delivery",0,0,0,2020-04-01,2020-11-11,NA,2026-02-13,1868
2025-08-10 11:02:56,2023-09-07,"1  (BYO) FSG - Orders Only","Combined CSA","Fair Shares Thursday Pickup","St Louis","MO","63108",83.04,"Automatic","None","Not on Hold","Fair Shares - Thursday - Thursday","Debit on Delivery",0,0,0,2023-09-14,2025-08-07,NA,2026-02-13,939
2023-02-17 02:20:23,2022-09-22,"1  (BYO) FSG - Orders Only","Combined CSA","Fair Shares Thursday Pickup","St. Louis","MO","63121",67.29,"Automatic","None","Not on Hold","Fair Shares - Thursday - Thursday","Debit on Delivery",0,0,0,2022-09-29,2023-02-16,NA,2026-02-13,1590
2026-02-12 03:53:39,2017-07-18,"1 Half (Half Share - EVEN week), 1 No Produce - Order Only (odd wk), 1 Whole MILK-e","Combined CSA","FSB","St. Louis","MO","63104",0,"Automatic","Purple","Not on Hold","Fair Shares - Wednesday  - Wednesday","Debit on Delivery",0,0,0,2017-08-16,2026-02-11,NA,2026-02-13,325
2026-02-13 02:16:28,2017-07-18,"1 Mini (Weekly Shares)","Combined CSA","KWM","Kirkwood","MO","63122",47.68,"Automatic","None","Not on Hold","Kirkwood - Thursday","Debit on Delivery",0,0,0,2017-08-16,2026-02-12,NA,2026-02-13,1970
2026-02-12 02:21:32,2025-04-24,"1 FSA/FSD","Combined CSA","FSA","Saint Louis","MO","63116",137.3,"Automatic","None","Not on Hold","Fair Shares - Wednesday  - Wednesday","Debit on Delivery",0,0,0,2025-05-01,2026-02-11,NA,2026-02-13,34
2023-12-28 11:23:47,2022-08-31,"1  (BYO) FSG - Orders Only","Combined CSA","Fair Shares Thursday Pickup","Saint Louis","MO","63104",0.73,"Automatic","Green","Not on Hold","Fair Shares - Thursday - Thursday","Debit on Delivery",0,0,0,2022-09-08,2023-01-05,NA,2026-02-13,1711
2021-12-02 02:37:45,2017-07-18,"1 (BYO) UCG - Orders Only","Combined CSA","UCity Pickup","Florissant","MO","63031",155.45,"Automatic","Purple","Not on Hold","UCity - Wednesday","Debit on Delivery",0,0,0,2017-08-16,2021-12-01,NA,2026-02-13,1101
2021-09-13 08:50:51,2020-05-11,"1  (BYO) FSG - Orders Only","Combined CSA","Fair Shares Wednesday Pickup","St Charles","MO","63303",3.22,"Automatic","Green Purple","Not on Hold","Fair Shares - Wednesday  - Wednesday","Debit on Delivery",0,0,0,2020-05-13,2021-09-01,NA,2026-02-13,1186
2019-06-06 14:46:22,2019-04-06,"1 BYO - No Share, Order Only (Weekly Shares)","Combined CSA","Fair Shares Wednesday Pickup","St. Louis","MO","63132",100.48,NA,"None","Hold","Fair Shares - Wednesday  - Wednesday","Debit on Delivery",0,0,0,2019-04-10,2019-05-29,NA,2026-02-13,1294
2020-10-21 19:32:09,2020-05-19,"1 (BYO) UCG - Orders Only","Combined CSA","UCity Pickup","St. Louis","MO","63130",132.12,"Automatic","None","Not on Hold","UCity - Wednesday","Debit on Delivery",0,0,0,2020-05-27,2020-10-14,NA,2026-02-13,1437
2026-02-06 02:18:02,2020-05-03,"1 UCA/KWA","Combined CSA","KWA","Saint Louis","MO","63124",546.63,"Automatic","None","Temp Hold","Kirkwood - Thursday","Debit on Delivery",0,0,0,2020-05-07,2026-02-05,NA,2026-02-13,123
2019-05-22 11:30:44,2017-07-18,"1 BYO - No Share, Order Only (Weekly Shares)","Combined CSA","Fair Shares Wednesday Pickup","St. Louis","63104","55555",0,NA,"Orange","Hold","Fair Shares - Wednesday  - Wednesday",NA,0,0,0,2017-08-24,2017-10-04,NA,2026-02-13,372
2023-09-12 11:09:09,2017-07-20,"1 (BYO) KWG - Orders Only (Weekly Shares)","Combined CSA","Kirkwood Pickup","St. Louis","MO","63122",48.12,"Automatic","None","Not on Hold","Kirkwood - Thursday","Debit on Delivery",0,0,0,2017-08-17,2023-09-07,NA,2026-02-13,1600
2026-01-24 02:06:59,2020-02-27,"1 2% MILK-o, 1 Half (Half Share - ODD week)","Combined CSA","KWB","Saint Louis","MO","63126",185.14,"Automatic","Orange","Not on Hold","Kirkwood - Thursday","Debit on Delivery",0,0,0,2020-03-26,2026-01-22,NA,2026-02-13,1075
2026-02-12 02:21:32,2024-03-30,"1 Mini (Weekly Shares), 1 Whole MILK","Combined CSA","UCM","University City","MO","63130",124.02,"Automatic","None","Not on Hold","UCity - Wednesday","Debit on Delivery",0,0,0,2024-04-03,2026-02-11,NA,2026-02-13,135
2022-01-06 02:24:15,2020-04-05,"1 (BYO) UCG - Orders Only","Combined CSA","UCity Pickup","St. Louis","MO","63132",49.75,"Automatic","None","Not on Hold","UCity - Wednesday","Debit on Delivery",0,0,0,2020-04-08,2022-01-05,NA,2026-02-13,504
2026-02-12 02:21:32,2020-04-14,"1 UCA/KWA, 1 2% MILK-o","Combined CSA","UCA","Olivette","MO","63132",74.08,"Automatic","None","Not on Hold","UCity - Wednesday","Debit on Delivery",0,0,0,2020-04-15,2026-02-11,NA,2026-02-13,1098
2026-02-06 03:51:13,2026-02-02,"1 Guest Access, 1 FSC (ONCE 2026-02-19)","Combined CSA","FSC-T","St. Louis","MO","63116",0,"Automatic","None","Not on Hold","Fair Shares - Thursday - Thursday","Debit on Delivery",0,0,0,2026-02-05,2026-02-05,NA,2026-02-13,692
2021-07-05 07:43:02,2017-07-18,"1  (BYO) FSG - Orders Only","Combined CSA","Fair Shares Thursday Pickup","St. Louis","MO","63110",0,"Automatic","Blue Orange","Not on Hold","Fair Shares - Thursday - Thursday","Debit on Delivery",0,0,0,2017-08-24,2021-07-01,NA,2026-02-13,383
2021-02-25 10:41:50,2020-03-18,"1  (BYO) FSG - Orders Only","Combined CSA","Fair Shares Wednesday Pickup","St. Louis","MO","63105",0,"Automatic","None","Not on Hold","Fair Shares - Wednesday  - Wednesday","Debit on Delivery",0,0,0,2020-03-25,2021-02-24,NA,2026-02-13,1475
2026-02-06 02:18:02,2023-04-06,"1 Half (Half Share - ODD week)","Combined CSA","KWB","Chesterfield","MO","63017",9.66,"Automatic","Green Orange","Not on Hold","Kirkwood - Thursday","Debit on Delivery",0,0,0,2023-04-13,2026-02-05,NA,2026-02-13,1618
2026-02-13 02:16:28,2017-07-18,"1 Mini (Weekly Shares)","Combined CSA","FSMini-t","St. Louis","63119","63119",60.57,"Automatic","None","Not on Hold","Fair Shares - Thursday - Thursday","Debit on Delivery",0,0,0,2017-10-19,2026-02-12,NA,2026-02-13,1521
2025-04-24 11:10:46,2023-09-26,"1  (BYO) FSG - Orders Only","Combined CSA","Fair Shares Thursday Pickup","St Louis","MO","63118",0,"Automatic","Orange","Hold","Fair Shares - Thursday - Thursday","Debit on Delivery",0,0,0,2023-09-28,2025-04-03,NA,2026-02-13,785
2026-02-06 03:51:16,2026-01-24,"1 Guest Access","Combined CSA","FSC-T","St. Louis","MO","63110",0,"Automatic","None","Not on Hold","Fair Shares - Thursday - Thursday","Debit on Delivery",0,0,0,2026-01-29,2026-02-05,NA,2026-02-13,573
2026-02-06 02:18:02,2017-07-18,"1 Half (Half Share - ODD week), 1 Eggs - Buttonwood (Half Share - ODD week)","Combined CSA","FSE","St. Louis","MO","63116",245.17,"Automatic","Orange","Not on Hold","Fair Shares - Thursday - Thursday","Debit on Delivery",0,0,0,2017-08-17,2026-02-05,NA,2026-02-13,203
2025-04-17 02:25:27,2024-03-24,"1 Guest Access","Combined CSA","Fair Shares Wednesday Pickup","St. Louis","MO","63104",5.94,"Automatic","None","Not on Hold","Fair Shares - Wednesday  - Wednesday","Debit on Delivery",0,0,0,2024-04-03,2025-04-16,NA,2026-02-13,1783
2026-02-13 02:16:28,2017-07-20,"1 No Produce - Order Only (even wk), 1 Half (Half Share - ODD week)","Combined CSA","KWB","St. Louis","MO","63122",229.14,"Automatic","Blue Orange","Not on Hold","Kirkwood - Thursday","Debit on Delivery",0,0,0,2017-08-24,2026-02-12,NA,2026-02-13,1570
2026-02-13 02:16:28,2019-05-03,"1 Mini (Weekly Shares)","Combined CSA","FSMini-t","Saint Louis","MO","63108",160.71,"Automatic","None","Not on Hold","Fair Shares - Thursday - Thursday","Debit on Delivery",0,0,0,2019-05-09,2026-02-12,NA,2026-02-13,463
2023-01-09 08:45:29,2022-09-20,"1  (BYO) FSG - Orders Only","Combined CSA","Fair Shares Wednesday Pickup","St. Louis","MO","63109",26.73,"Automatic","Green","Not on Hold","Fair Shares - Wednesday  - Wednesday","Debit on Delivery",0,0,0,2022-09-28,2023-01-04,NA,2026-02-13,1061
2025-01-28 13:24:25,2021-10-31,"1 (BYO) KWG - Orders Only (Weekly Shares)","Combined CSA","Kirkwood Pickup","Frontenac","MO","63131",75.55,"Automatic","Green","Not on Hold","Kirkwood - Thursday","Debit on Delivery",0,0,0,2021-11-04,2025-01-23,NA,2026-02-13,299
2020-02-10 08:45:13,2019-08-25,"1 BYO - No Share, Order Only (Weekly Shares)","Combined CSA","Fair Shares Wednesday Pickup","St. Louis","MO","63108",0.01,NA,"Purple","Not on Hold","Fair Shares - Wednesday  - Wednesday","Debit on Delivery",0,0,0,2019-08-28,2020-01-29,NA,2026-02-13,516
2026-02-09 10:14:36,2020-03-24,"1  (BYO) FSG - Orders Only","Combined CSA","Fair Shares Thursday Pickup","Saint Louis","MO","63118",0,NA,"None","Hold","Fair Shares - Thursday - Thursday",NA,0,0,0,2020-03-26,2020-09-10,NA,2026-02-13,1168
2026-02-06 02:18:02,2017-07-18,"1 Half (Half Share - ODD week), 1 No Produce - Order Only (even wk)","Combined CSA","FSE","St. Louis","MO","63123",96.2,"Automatic","Orange","Not on Hold","Fair Shares - Thursday - Thursday","Debit on Delivery",0,0,0,2017-08-23,2026-02-05,NA,2026-02-13,1156
2025-09-30 15:29:38,2025-09-11,"1  (BYO) FSG - Orders Only","Combined CSA","Fair Shares Thursday Pickup","St Louis","MO","63116",0,NA,"None","Not on Hold","Fair Shares - Thursday - Thursday",NA,0,0,0,2025-10-02,2025-10-02,NA,2026-02-13,174
2025-11-13 03:58:54,2025-05-27,"1 Half (Half Share - ODD week)","Combined CSA","FSB","Webster Groves","MO","63119",201.85,"Automatic","Orange","Temp Hold","Fair Shares - Wednesday  - Wednesday","Debit on Delivery",0,0,0,2025-06-04,2025-11-12,NA,2026-02-13,880
2026-02-13 02:16:28,2021-03-31,"1 Mini (Weekly Shares)","Combined CSA","KWM","Saint Louis","MO","63126",306.13,"Automatic","None","Not on Hold","Kirkwood - Thursday","Debit on Delivery",0,0,0,2021-04-08,2026-02-12,NA,2026-02-13,1217
2026-02-13 02:16:28,2020-08-11,"1 Half (Half Share - EVEN week)","Combined CSA","FSE","Saint Louis","MO","63139",91.83,"Automatic","Green Purple","Not on Hold","Fair Shares - Thursday - Thursday","Debit on Delivery",0,0,0,2020-08-20,2026-02-12,NA,2026-02-13,1884
2020-04-06 09:11:35,2020-01-20,"1 BYO - No Share, Order Only (Weekly Shares)","Combined CSA","Fair Shares Wednesday Pickup","Bridgeton","MO","63044",196.9,"Automatic","None","Not on Hold","Fair Shares - Wednesday  - Wednesday","Debit on Delivery",0,0,0,2020-01-23,2020-03-26,NA,2026-02-13,1461
2020-12-03 02:45:07,2017-10-10,"1 BYO - No Share, Order Only (Weekly Shares)","Combined CSA","Fair Shares Wednesday Pickup","Saint Louis","MO","63143",147.86,"Automatic","None","Not on Hold","Fair Shares - Wednesday  - Wednesday","Debit on Delivery",0,0,0,2017-10-12,2020-12-02,NA,2026-02-13,1136
2026-02-13 02:16:28,2020-01-12,"1 Mini (Weekly Shares)","Combined CSA","KWM","Kirkwood","MO","63122",61.49,"Automatic","None","Not on Hold","Kirkwood - Thursday","Debit on Delivery",0,0,0,2020-01-16,2026-02-12,NA,2026-02-13,1465
2026-01-26 14:03:28,2020-02-23,"1 Mini (Weekly Shares)","Combined CSA","KWM","Kirkwood","MO","63122",223.45,"Automatic","None","Not on Hold","Kirkwood - Thursday","Debit on Delivery",0,0,0,2020-02-27,2026-01-15,NA,2026-02-13,1725
2021-09-27 10:15:20,2020-05-04,"1  (BYO) FSG - Orders Only","Combined CSA","Fair Shares Thursday Pickup","Saint Louis","MO","63104",40.59,"Automatic","Blue Orange","Not on Hold","Fair Shares - Thursday - Thursday","Debit on Delivery",0,0,0,2020-05-07,2021-09-23,NA,2026-02-13,1298
2025-05-08 08:19:10,2018-06-06,"1  (BYO) FSG - Orders Only","Combined CSA","Fair Shares Thursday Pickup","Webster Groves","MO","63119",123.64,"Automatic","Purple","Not on Hold","Fair Shares - Thursday - Thursday","Debit on Delivery",0,0,0,2018-06-21,2025-04-10,NA,2026-02-13,121
2024-11-12 10:55:20,2020-05-20,"1 (BYO) UCG - Orders Only","Combined CSA","UCity Pickup","St. Louis","MO","63130",104.07,"Automatic","Green","Hold","UCity - Wednesday","Debit on Delivery",0,0,0,2020-05-27,2021-06-30,NA,2026-02-13,85
2026-02-12 02:21:32,2017-07-18,"1 Mini (Weekly Shares)","Combined CSA","FSMini-w","St. Louis","MO","63139",95.9,"Automatic","None","Not on Hold","Fair Shares - Wednesday  - Wednesday","Debit on Delivery",0,0,0,2017-08-16,2026-02-11,NA,2026-02-13,1614
2025-01-13 06:59:46,2020-05-10,"1 (BYO) KWG - Orders Only (Weekly Shares)","Combined CSA","Kirkwood Pickup","Kirkwood","MO","63122",0,NA,"None","Not on Hold","Kirkwood - Thursday","Debit on Delivery",0,0,0,2020-05-14,2021-08-26,NA,2026-02-13,213
2026-02-12 02:21:32,2017-07-20,"1 FSA/FSD","Combined CSA","FSA","St. Louis","63110","63118",99.87,"Automatic","None","Not on Hold","Fair Shares - Wednesday  - Wednesday","Debit on Delivery",0,0,0,2017-08-17,2026-02-11,NA,2026-02-13,1932
2020-11-13 02:39:19,2019-05-09,"1  (BYO) FSG - Orders Only","Combined CSA","Fair Shares Thursday Pickup","St. Louis","MO","63139",0.43,"Automatic","None","Not on Hold","Fair Shares - Thursday - Thursday","Debit on Delivery",0,0,0,2019-05-16,2020-11-12,NA,2026-02-13,385
2025-06-09 12:32:53,2025-04-24,"1 UCA/KWA","Combined CSA","KWA","St louis","MO","63122",192.52,"Automatic","None","Hold","Kirkwood - Thursday","Debit on Delivery",0,0,0,2025-05-01,2025-06-05,NA,2026-02-13,155
2024-12-05 17:35:42,2020-08-13,"1  (BYO) FSG - Orders Only","Combined CSA","Fair Shares Wednesday Pickup","St. Louis","MO","63104",-5.42,NA,"Purple","Not on Hold","Fair Shares - Wednesday  - Wednesday","Debit on Delivery",0,0,0,2020-08-19,2022-04-27,NA,2026-02-13,1858
2025-06-02 09:04:05,2024-02-22,"1  (BYO) FSG - Orders Only","Combined CSA","Fair Shares Wednesday Pickup","Saint Louis","MO","63103",127.47,"Automatic","None","Not on Hold","Fair Shares - Wednesday  - Wednesday","Debit on Delivery",0,0,0,2024-02-28,2025-02-26,NA,2026-02-13,1874
2026-02-13 02:16:28,2017-10-16,"1 UCA/KWA","Combined CSA","KWA","St. Louis","MO","63122",96.46,"Automatic","None","Temp Hold","Kirkwood - Thursday","Debit on Delivery",0,0,0,2017-10-19,2026-02-12,NA,2026-02-13,305
2021-08-16 10:06:05,2019-02-28,"1  (BYO) FSG - Orders Only","Combined CSA","Fair Shares Thursday Pickup","Saint Louis","MO","63116",329.85,"Automatic","Purple","Not on Hold","Fair Shares - Thursday - Thursday","Debit on Delivery",0,0,0,2019-04-03,2021-08-05,NA,2026-02-13,1491
2020-10-26 08:32:08,2020-07-15,"1  (BYO) FSG - Orders Only","Combined CSA","Fair Shares Thursday Pickup","Ferguson","MO","63135",0,"Automatic","Green Orange","Not on Hold","Fair Shares - Thursday - Thursday","Debit on Delivery",0,0,0,2020-07-23,2020-10-22,NA,2026-02-13,1963
2025-12-17 19:42:41,2020-10-14,"1  (BYO) FSG - Orders Only","Combined CSA","Fair Shares Wednesday Pickup","Saint Louis","MO","63118",4.78,"Automatic","None","Not on Hold","Fair Shares - Wednesday  - Wednesday","Debit on Delivery",0,0,0,2020-10-21,2025-12-10,NA,2026-02-13,1749
2019-08-23 10:24:43,2017-07-18,"1 BYO - No Share, Order Only (Weekly Shares)","Combined CSA","Fair Shares Thursday Pickup","St. Louis","63124","55555",35.1,NA,"Orange","Hold","Fair Shares - Thursday - Thursday","Debit on Delivery",0,0,0,2017-08-23,2018-04-18,NA,2026-02-13,1060
2021-01-29 03:49:35,2020-02-28,"1  (BYO) FSG - Orders Only","Combined CSA","Fair Shares Thursday Pickup","Saint Louis","MO","63110",0,"Automatic","None","Not on Hold","Fair Shares - Thursday - Thursday","Debit on Delivery",0,0,0,2020-03-26,2021-01-28,NA,2026-02-13,1466
2021-06-10 19:07:18,2020-03-12,"1  (BYO) FSG - Orders Only","Combined CSA","Fair Shares Thursday Pickup","Saint Louis","MO","63108",0,"Automatic","None","Not on Hold","Fair Shares - Thursday - Thursday","Debit on Delivery",0,0,0,2020-03-26,2021-06-03,NA,2026-02-13,1439
2026-02-13 02:16:28,2017-07-20,"1 Mini (Weekly Shares)","Combined CSA","KWM","St. Louis","MO","63119",179.04,"Automatic","None","Not on Hold","Kirkwood - Thursday","Debit on Delivery",0,0,0,2017-08-17,2026-02-12,NA,2026-02-13,634
2024-09-02 10:57:18,2024-05-25,"1 (BYO) UCG - Orders Only","Combined CSA","UCity Pickup","St. Louis","MO","63130",3.45,"Automatic","Orange","Not on Hold","UCity - Wednesday","Debit on Delivery",0,0,0,2024-05-29,2024-08-21,NA,2026-02-13,944
2026-02-05 02:23:17,2025-01-30,"1 Half (Half Share - ODD week)","Combined CSA","FSB","St Louis","MO","63109",144.03,"Automatic","Orange","Not on Hold","Fair Shares - Wednesday  - Wednesday","Debit on Delivery",0,0,0,2025-02-05,2026-02-04,NA,2026-02-13,197
2023-11-24 03:47:02,2017-07-20,"1 (BYO) KWG - Orders Only (Weekly Shares)","Combined CSA","Kirkwood Pickup","St. Louis","MO","63146",0,"Automatic","Blue Orange","Not on Hold","Kirkwood - Thursday","Debit on Delivery",0,0,0,2017-08-24,2023-11-23,NA,2026-02-13,1841
2021-03-18 14:27:47,2020-04-18,"1  (BYO) FSG - Orders Only","Combined CSA","Fair Shares Thursday Pickup","St. Louis","MO","63139",0,"Automatic","Green","Not on Hold","Fair Shares - Thursday - Thursday","Debit on Delivery",0,0,0,2020-04-23,2021-02-25,NA,2026-02-13,1280
2026-02-13 02:16:28,2020-03-22,"1 Mini (Weekly Shares)","Combined CSA","KWM","St. Louis","MO","63139",85.15,"Automatic","None","Not on Hold","Kirkwood - Thursday","Debit on Delivery",0,0,0,2020-03-26,2026-02-12,NA,2026-02-13,467
2026-02-13 02:16:28,2017-07-18,"1 FSC","Combined CSA","FSC-W","St. Louis","MO","63105",89.07,"Automatic","None","Not on Hold","Fair Shares - Wednesday  - Wednesday","Debit on Delivery",0,0,0,2017-08-16,2026-02-12,NA,2026-02-13,618
2022-11-14 09:08:13,2022-08-23,"1 (BYO) KWG - Orders Only (Weekly Shares)","Combined CSA","Kirkwood Pickup","Kirkwood","MO","63122",1.2,"Automatic","Green","Not on Hold","Kirkwood - Thursday","Debit on Delivery",0,0,0,2022-09-01,2022-11-10,NA,2026-02-13,680
2020-12-03 02:45:07,2020-09-28,"1  (BYO) FSG - Orders Only","Combined CSA","Fair Shares Wednesday Pickup","St. Louis","MO","63109",8.42,"Automatic","Green","Not on Hold","Fair Shares - Wednesday  - Wednesday","Debit on Delivery",0,0,0,2020-10-07,2020-12-02,NA,2026-02-13,1701
2020-05-26 17:36:57,2019-05-02,"1 BYO - No Share, Order Only (Weekly Shares)","Combined CSA","Fair Shares Wednesday Pickup","St. Louis","MO","63143",116.83,NA,"Orange","Not on Hold","Fair Shares - Wednesday  - Wednesday","Debit on Delivery",0,0,0,2019-05-15,2020-05-20,NA,2026-02-13,675
2026-02-13 02:16:28,2024-04-01,"1 Mini (Weekly Shares)","Combined CSA","FSMini-t","Saint Louis","MO","63139",105.68,"Automatic","None","Not on Hold","Fair Shares - Thursday - Thursday","Debit on Delivery",0,0,0,2024-04-04,2026-02-12,NA,2026-02-13,1873
2025-10-30 11:11:43,2024-04-01,"1  (BYO) FSG - Orders Only","Combined CSA","Fair Shares Wednesday Pickup","St. Louis","MO","63108",133.72,"Automatic","Purple","Not on Hold","Fair Shares - Wednesday  - Wednesday","Debit on Delivery",0,0,0,2024-04-03,2025-06-18,NA,2026-02-13,1016
2026-02-12 02:21:32,2017-07-18,"1 FSA/FSD","Combined CSA","FSA","St. Louis","MO","63105",252.56,"Automatic","None","Not on Hold","Fair Shares - Wednesday  - Wednesday","Debit on Delivery",0,0,0,2017-08-16,2026-02-11,NA,2026-02-13,718
2026-02-13 02:16:28,2017-07-18,"1 Mini (Weekly Shares)","Combined CSA","FSMini-t","St. Louis","MO","63125",1124.14,"Automatic","None","Not on Hold","Fair Shares - Thursday - Thursday","Debit on Delivery",0,0,0,2017-08-16,2026-02-12,NA,2026-02-13,133
2026-02-13 02:16:28,2020-07-18,"1 Mini (Weekly Shares)","Combined CSA","FSMini-t","Webster Groves","MO","63119",164.41,"Automatic","Green","Not on Hold","Fair Shares - Thursday - Thursday","Debit on Delivery",0,0,0,2020-07-23,2026-02-12,NA,2026-02-13,1680
2026-02-13 02:16:28,2021-04-16,"1 Half (Half Share - EVEN week)","Combined CSA","FSE","St Louis","MO","63139",203.91,"Automatic","Green Purple","Not on Hold","Fair Shares - Thursday - Thursday","Debit on Delivery",0,0,0,2021-04-22,2026-02-12,NA,2026-02-13,1149
2026-02-12 02:21:32,2017-07-18,"1 Half (Half Share - EVEN week), 1 No Produce - Order Only (odd wk)","Combined CSA","FSB","St. Louis","MO","63104",123.11,"Automatic","Purple","Not on Hold","Fair Shares - Wednesday  - Wednesday","Debit on Delivery",0,0,0,2017-08-16,2026-02-11,NA,2026-02-13,224
2026-02-06 02:18:02,2022-01-24,"1 Half (Half Share - ODD week)","Combined CSA","FSE","St. Louis","MO","63104",155.96,"Automatic","Green Orange","Not on Hold","Fair Shares - Thursday - Thursday","Debit on Delivery",0,0,0,2022-01-27,2026-02-05,NA,2026-02-13,434
2024-04-09 12:29:17,2017-07-18,"1  (BYO) FSG - Orders Only","Combined CSA","Fair Shares Wednesday Pickup","St. Louis","MO","63108",74.25,"Automatic","Orange","Not on Hold","Fair Shares - Wednesday  - Wednesday","Debit on Delivery",0,0,0,2017-08-23,2024-04-03,NA,2026-02-13,62
2026-02-13 02:16:28,2017-07-18,"1 FSA/FSD","Combined CSA","FSD","St. louis","MO","63139",231.53,"Automatic","None","Not on Hold","Fair Shares - Thursday - Thursday","Debit on Delivery",0,0,0,2017-08-17,2026-02-12,NA,2026-02-13,1236
2023-04-24 12:25:04,2022-10-14,"1 (BYO) KWG - Orders Only (Weekly Shares)","Combined CSA","Kirkwood Pickup","Saint Louis","MO","63126",26.09,"Automatic","Orange","Not on Hold","Kirkwood - Thursday","Debit on Delivery",0,0,0,2022-10-20,2023-04-13,NA,2026-02-13,585
2024-08-19 14:44:30,2020-10-01,"1  (BYO) FSG - Orders Only","Combined CSA","Fair Shares Wednesday Pickup","St Louis","MO","63123",0,"Automatic","Green","Not on Hold","Fair Shares - Wednesday  - Wednesday","Debit on Delivery",0,0,0,2020-10-07,2024-05-29,NA,2026-02-13,1350
2019-05-22 11:14:40,2018-05-02,"1 BYO - No Share, Order Only (Weekly Shares)","Combined CSA","Fair Shares Wednesday Pickup","St. Louis","MO","63116",51.18,NA,"None","Not on Hold","Fair Shares - Wednesday  - Wednesday","Debit on Delivery",0,0,0,2018-05-09,2018-12-05,NA,2026-02-13,248
2019-05-22 11:14:00,2018-05-16,"1 BYO - No Share, Order Only (Weekly Shares)","Combined CSA","Fair Shares Wednesday Pickup","St Louis","MO","63116",166.44,NA,"None","Hold","Fair Shares - Wednesday  - Wednesday","Debit on Delivery",0,0,0,2018-05-23,2018-11-07,NA,2026-02-13,1955
2026-02-12 02:21:32,2018-07-31,"1 UCA/KWA","Combined CSA","UCA","Saint louis","MO","63130",103.27,"Automatic","None","Not on Hold","UCity - Wednesday","Debit on Delivery",0,0,0,2018-08-08,2026-02-11,NA,2026-02-13,681
2025-06-08 18:48:11,2021-07-04,"1  (BYO) FSG - Orders Only","Combined CSA","Fair Shares Thursday Pickup","Creve Coeur","MO","63141",0.07,"Automatic","Purple","Not on Hold","Fair Shares - Thursday - Thursday","Debit on Delivery",0,0,0,2021-07-07,2025-06-05,NA,2026-02-13,1066
2025-12-11 11:03:51,2023-03-23,"1 (BYO) UCG - Orders Only","Combined CSA","UCity Pickup","St Louis","MO","63112",0,"Automatic","None","Not on Hold","UCity - Wednesday","Debit on Delivery",0,0,0,2023-03-29,2025-10-29,NA,2026-02-13,1306
2024-02-29 02:23:01,2020-03-26,"1 (BYO) UCG - Orders Only","Combined CSA","UCity Pickup","University City","MO","63130",83.04,"Automatic","Orange","Not on Hold","UCity - Wednesday","Debit on Delivery",0,0,0,2020-04-01,2024-02-28,NA,2026-02-13,1823
2026-02-12 02:21:32,2020-03-23,"1 UCA/KWA","Combined CSA","UCA","University City","MO","63130",171.78,"Automatic","None","Not on Hold","UCity - Wednesday","Debit on Delivery",0,0,0,2020-03-25,2026-02-11,NA,2026-02-13,1699
2025-01-13 06:54:26,2020-06-07,"1  (BYO) FSG - Orders Only","Combined CSA","Fair Shares Thursday Pickup","St louis","MO","63119",0,NA,"Green Purple","Not on Hold","Fair Shares - Thursday - Thursday","Debit on Delivery",0,0,0,2020-06-11,2023-09-28,NA,2026-02-13,555
2026-02-13 02:16:28,2023-07-05,"1 Mini (Weekly Shares)","Combined CSA","FSMini-t","St. Louis","MO","63139",381.04,"Automatic","None","Not on Hold","Fair Shares - Thursday - Thursday","Debit on Delivery",0,0,0,2023-07-13,2026-02-12,NA,2026-02-13,1671
2026-02-12 02:21:32,2020-03-25,"1 Half (Half Share - EVEN week)","Combined CSA","UCB","St. Louis","MO","63131",228.87,"Automatic","Purple","Not on Hold","UCity - Wednesday","Debit on Delivery",0,0,0,2020-04-02,2026-02-11,NA,2026-02-13,1928
2025-09-19 04:16:58,2019-08-21,"1 Half (Half Share - ODD week), 1 2% MILK-o","Combined CSA","KWB","Webster Groves","MO","63119",159.87,"Automatic","Orange","Hold","Kirkwood - Thursday","Debit on Delivery",0,0,0,2019-08-28,2025-09-04,NA,2026-02-13,1487
2021-05-26 06:26:48,2020-12-01,"1 (BYO) UCG - Orders Only","Combined CSA","UCity Pickup","St. Louis","MO","63130",0,"Automatic","None","Not on Hold","UCity - Wednesday","Debit on Delivery",0,0,0,2020-12-02,2021-05-19,NA,2026-02-13,857
2023-11-26 09:34:30,2021-08-12,"1  (BYO) FSG - Orders Only","Combined CSA","Fair Shares Thursday Pickup","St. Louis","MO","63109",80.46,"Automatic","Green","Not on Hold","Fair Shares - Thursday - Thursday","Debit on Delivery",0,0,0,2021-08-19,2023-11-23,NA,2026-02-13,838
2024-04-02 15:40:49,2017-07-18,"1  (BYO) FSG - Orders Only","Combined CSA","Fair Shares Thursday Pickup","St. Louis","MO","63119",928.69,"Automatic","None","Not on Hold","Fair Shares - Thursday - Thursday",NA,0,0,0,2017-08-17,2024-03-07,NA,2026-02-13,583
2023-04-11 13:19:52,2021-04-05,"1  (BYO) FSG - Orders Only","Combined CSA","Fair Shares Thursday Pickup","St. Louis","MO","63116",73.99,"Automatic","Green","Not on Hold","Fair Shares - Thursday - Thursday","Debit on Delivery",0,0,0,2021-04-08,2023-04-06,NA,2026-02-13,1894
2026-02-05 02:23:17,2025-01-14,"1 Half (Half Share - ODD week)","Combined CSA","UCB","St. Louis","MO","63146",141.8,"Automatic","Orange","Not on Hold","UCity - Wednesday","Debit on Delivery",0,0,0,2025-01-22,2026-02-04,NA,2026-02-13,139
2026-02-12 14:52:33,2017-07-18,"1 FSA/FSD","Combined CSA","FSA","St. Louis","MO","63129",314.77,"Automatic","None","Not on Hold","Fair Shares - Wednesday  - Wednesday",NA,0,0,0,2017-08-16,2026-02-11,NA,2026-02-13,423
2024-10-21 09:02:54,2022-08-26,"1 (BYO) KWG - Orders Only (Weekly Shares)","Combined CSA","Kirkwood Pickup","St. louis","MO","63119",0,"Automatic","Green Purple","Not on Hold","Kirkwood - Thursday","Debit on Delivery",0,0,0,2022-09-01,2024-10-10,NA,2026-02-13,158
2024-12-05 17:42:12,2017-07-18,"1 BYO - No Share, Order Only (Weekly Shares)","Combined CSA","Fair Shares Thursday Pickup","St. Louis","MO","63126",2408.64,"Automatic","None","Not on Hold","Fair Shares - Thursday - Thursday","Debit on Delivery",0,0,0,2017-08-16,2024-11-28,NA,2026-02-13,1087
2026-02-13 02:16:28,2017-07-18,"1 Mini (Weekly Shares), 1 Whole MILK-e","Combined CSA","FSMini-t","St. Louis","63117","MO",223.89,"Automatic","None","Not on Hold","Fair Shares - Thursday - Thursday","Debit on Delivery",0,0,0,2017-08-17,2026-02-12,NA,2026-02-13,1900
2026-02-06 03:51:12,2018-01-17,"1 Half (Half Share - ODD week)","Combined CSA","FSE","st. louis","MO","63112",195.61,"Automatic","None","Not on Hold","Fair Shares - Thursday - Thursday","Debit on Delivery",0,0,0,2024-05-30,2026-02-05,NA,2026-02-13,790
2026-02-13 02:16:28,2025-03-11,"1 UCA/KWA","Combined CSA","KWA","Kirkwood","MO","63122",205.17,"Automatic","None","Not on Hold","Kirkwood - Thursday","Debit on Delivery",0,0,0,2025-04-03,2026-02-12,NA,2026-02-13,622
2023-08-06 23:41:08,2022-08-09,"1 (BYO) UCG - Orders Only","Combined CSA","UCity Pickup","Richmond Heights","MO","63117",107.8,"Automatic","Green Purple","Not on Hold","UCity - Wednesday","Debit on Delivery",0,0,0,2022-08-17,2023-07-26,NA,2026-02-13,55
2026-01-13 08:57:14,2020-04-09,"1 Half (Half Share - EVEN week)","Combined CSA","KWB","Ballwin","MO","63021",223.29,"Automatic","Purple","Temp Hold","Kirkwood - Thursday","Debit on Delivery",0,0,0,2020-04-16,2025-12-18,NA,2026-02-13,1714
2021-10-28 02:45:23,2021-01-13,"1  (BYO) FSG - Orders Only","Combined CSA","Fair Shares Wednesday Pickup","St. Louis","MO","63141",58.94,"Automatic","Purple","Not on Hold","Fair Shares - Wednesday  - Wednesday","Debit on Delivery",0,0,0,2021-01-20,2021-10-27,NA,2026-02-13,1007
2022-08-18 03:58:52,2020-12-25,"1 (BYO) UCG - Orders Only","Combined CSA","UCity Pickup","St. Louis","MO","63121",0,"Automatic","Green Purple","Not on Hold","UCity - Wednesday","Debit on Delivery",0,0,0,2021-01-06,2022-08-17,NA,2026-02-13,1756
2026-01-16 02:17:15,2022-05-02,"1 Half (Half Share - EVEN week)","Combined CSA","FSE","Saint Louis","MO","63104",129.99,"Automatic","Green Purple","Not on Hold","Fair Shares - Thursday - Thursday","Debit on Delivery",0,0,0,2022-05-12,2026-01-15,NA,2026-02-13,1229
2022-02-11 03:53:56,2017-07-18,"1  (BYO) FSG - Orders Only","Combined CSA","Fair Shares Wednesday Pickup","St. Louis","63105","55555",0,"Automatic","Purple","Not on Hold","Fair Shares - Wednesday  - Wednesday","Debit on Delivery",0,0,0,2017-08-31,2022-02-09,NA,2026-02-13,1855
2020-10-01 12:56:52,2020-09-20,"1 (BYO) UCG - Orders Only","Combined CSA","UCity Pickup","St Peters","MO","63376",94.41,"Automatic","None","Not on Hold","UCity - Wednesday","Debit on Delivery",0,0,0,2020-09-30,2020-09-30,NA,2026-02-13,458
2025-11-17 09:02:55,2025-05-11,"1  (BYO) FSG - Orders Only","Combined CSA","Fair Shares Thursday Pickup","Saint Louis","MO","63110",0,"Automatic","Orange","Not on Hold","Fair Shares - Thursday - Thursday","Debit on Delivery",0,0,0,2025-05-15,2025-11-13,NA,2026-02-13,260
2023-10-04 17:28:14,2023-05-04,"1 (BYO) KWG - Orders Only (Weekly Shares)","Combined CSA","Kirkwood Pickup","Des Peres","MO","63131",0,"Automatic","None","Not on Hold","Kirkwood - Thursday","Debit on Delivery",0,0,0,2023-05-11,2023-09-21,NA,2026-02-13,1290
2026-02-12 02:21:32,2022-05-03,"1 Mini (Weekly Shares)","Combined CSA","FSMini-w","Webster Groves","MO","63119",271.15,"Automatic","Green","Not on Hold","Fair Shares - Wednesday  - Wednesday","Debit on Delivery",0,0,0,2022-05-11,2026-02-11,NA,2026-02-13,1983
2026-02-12 02:21:32,2017-07-20,"1 Mini (Weekly Shares)","Combined CSA","FSMini-w","Webster Groves","MO","63119",191.25,"Automatic","None","Not on Hold","Fair Shares - Wednesday  - Wednesday","Debit on Delivery",0,0,0,2017-08-17,2026-02-11,NA,2026-02-13,145
2026-02-06 03:51:05,2019-03-24,"1 Half (Half Share - ODD week)","Combined CSA","FSE","Saint Louis","MO","63126",221.71,"Automatic","Orange","Not on Hold","Fair Shares - Thursday - Thursday","Debit on Delivery",0,0,0,2019-04-04,2026-02-05,NA,2026-02-13,1706
2026-02-12 02:21:32,2017-07-18,"1 Mini (Weekly Shares)","Combined CSA","UCM","St. Louis","MO","63130",101.64,"Automatic","None","Not on Hold","UCity - Wednesday","Debit on Delivery",0,0,0,2017-08-16,2026-02-11,NA,2026-02-13,1498
2026-02-12 02:21:32,2020-05-13,"1 FSC, 1 Whole MILK","Combined CSA","FSC-W","St louis","MO","63104",165.65,"Automatic","Green","Not on Hold","Fair Shares - Wednesday  - Wednesday","Debit on Delivery",0,0,0,2020-05-21,2026-02-11,NA,2026-02-13,1453
2026-02-13 02:16:28,2026-01-11,"1 Mini (Weekly Shares)","Combined CSA","FSMini-t","St. Louis","MO","63118",156.89,"Automatic","None","Not on Hold","Fair Shares - Thursday - Thursday","Debit on Delivery",0,0,0,2026-01-15,2026-02-12,NA,2026-02-13,515
2026-02-12 02:21:32,2020-05-06,"1 Half (Half Share - EVEN week)","Combined CSA","UCB","Saint Louis","MO","63130",127.65,"Automatic","Purple","Not on Hold","UCity - Wednesday","Debit on Delivery",0,0,0,2020-05-13,2026-02-11,NA,2026-02-13,1107
2021-01-08 02:28:58,2020-06-21,"1  (BYO) FSG - Orders Only","Combined CSA","Fair Shares Thursday Pickup","St. Louis","MO","63139",13.28,"Automatic","Green","Not on Hold","Fair Shares - Thursday - Thursday","Debit on Delivery",0,0,0,2020-06-25,2021-01-07,NA,2026-02-13,1018
2026-01-15 02:22:40,2021-03-07,"1  (BYO) FSG - Orders Only","Combined CSA","Fair Shares Wednesday Pickup","SAINT LOUIS","MO","63104-2930",160.05,"Automatic","Green","Not on Hold","Fair Shares - Wednesday  - Wednesday","Debit on Delivery",0,0,0,2021-03-25,2026-01-14,NA,2026-02-13,1407
2024-12-05 17:40:43,2017-07-20,"1 BYO - No Share, Order Only (Weekly Shares)","Combined CSA","Fair Shares Thursday Pickup","St. Louis","MO","63116",168.99,"Automatic","None","Not on Hold","Fair Shares - Thursday - Thursday","Debit on Delivery",0,0,0,2017-08-24,2024-09-26,NA,2026-02-13,101
2021-03-29 13:41:03,2020-08-06,"1  (BYO) FSG - Orders Only","Combined CSA","Fair Shares Wednesday Pickup","Saint Louis","MO","63139",0,"Automatic","Green Orange","Not on Hold","Fair Shares - Wednesday  - Wednesday","Debit on Delivery",0,0,0,2020-08-12,2021-03-24,NA,2026-02-13,766
2026-02-13 03:50:59,2018-08-16,"1 Half (Half Share - EVEN week)","Combined CSA","KWB","Des peres","MO","63131",-0.01,"Automatic","Payment Purple","Not on Hold","Kirkwood - Thursday","Debit on Delivery",0,0,0,2018-08-30,2026-02-12,NA,2026-02-13,1987
2026-02-06 03:51:22,2025-03-28,"1 Half (Half Share - ODD week)","Combined CSA","FSE","St. Louis, Missouri 63104","MO","63104",176.6,"Automatic","Orange","Not on Hold","Fair Shares - Thursday - Thursday","Debit on Delivery",0,0,0,2025-04-03,2026-02-05,NA,2026-02-13,15
2022-09-15 04:01:36,2020-05-01,"1  (BYO) FSG - Orders Only","Combined CSA","Fair Shares Wednesday Pickup","Clayton","MO","63105",0,"Automatic","Green","Not on Hold","Fair Shares - Wednesday  - Wednesday","Debit on Delivery",0,0,0,2020-05-06,2022-09-14,NA,2026-02-13,1541
2026-02-13 02:16:28,2017-07-18,"1 FSA/FSD","Combined CSA","FSD","St. Louis","MO","63104",289.12,"Automatic","None","Not on Hold","Fair Shares - Thursday - Thursday","Debit on Delivery",0,0,0,2017-08-16,2026-02-12,NA,2026-02-13,1799
2025-11-21 14:22:32,2025-02-07,"1 (BYO) UCG - Orders Only","Combined CSA","UCity Pickup","St Louis","MO","63124",145.4,"Automatic","None","Not on Hold","UCity - Wednesday","Debit on Delivery",0,0,0,2025-02-13,2025-04-16,NA,2026-02-13,852
2020-10-27 19:30:56,2020-04-27,"1  (BYO) FSG - Orders Only","Combined CSA","Fair Shares Thursday Pickup","St. Louis","MO","63131",0,"Automatic","Green","Not on Hold","Fair Shares - Thursday - Thursday","Debit on Delivery",0,0,0,2020-04-30,2020-10-22,NA,2026-02-13,420
2026-02-12 05:35:47,2020-04-04,"1 UCA/KWA","Combined CSA","UCA","Saint Louis","MO","63130",14.38,"Automatic","None","Not on Hold","UCity - Wednesday","Debit on Delivery",0,0,0,2020-04-08,2026-02-11,NA,2026-02-13,570
2025-12-12 03:53:28,2024-10-11,"1 (BYO) KWG - Orders Only (Weekly Shares)","Combined CSA","Kirkwood Pickup","Ballwin","MO","63021",0,"Automatic","None","Not on Hold","Kirkwood - Thursday","Debit on Delivery",0,0,0,2024-10-17,2025-12-11,NA,2026-02-13,370
2026-02-12 02:21:32,2017-07-18,"1 Half (Half Share - EVEN week), 1 Whole MILK-e, 1 No Produce - Order Only (odd wk)","Combined CSA","FSB","St. Louis","MO","63109",111.53,"Automatic","Purple","Not on Hold","Fair Shares - Wednesday  - Wednesday","Debit on Delivery",0,0,0,2017-08-16,2026-02-11,NA,2026-02-13,390
2020-08-27 09:29:14,2019-03-12,"1 (BYO) UCG - Orders Only","Combined CSA","UCity Pickup","Brentwood","MO","63144",83.65,NA,"None","Hold","UCity - Wednesday",NA,0,0,0,2019-04-03,2020-08-19,NA,2026-02-13,234
2026-02-13 02:16:28,2017-07-18,"1 FSC","Combined CSA","FSC-T","St. Louis","MO","63119",182.47,"Automatic","None","Not on Hold","Fair Shares - Thursday - Thursday","Debit on Delivery",0,0,0,2017-08-17,2026-02-12,NA,2026-02-13,514
2025-12-05 03:54:38,2025-03-20,"1  (BYO) FSG - Orders Only","Combined CSA","Fair Shares Thursday Pickup","Saint Louis","MO","63129",0,"Automatic","None","Not on Hold","Fair Shares - Thursday - Thursday","Debit on Delivery",0,0,0,2025-04-03,2025-12-04,NA,2026-02-13,340
2026-02-13 02:16:28,2017-08-08,"1 FSA/FSD","Combined CSA","FSD","St. Louis","MO","63138",319.32,"Automatic","None","Not on Hold","Fair Shares - Thursday - Thursday","Debit on Delivery",0,0,0,2017-08-31,2026-02-12,NA,2026-02-13,250
2026-02-12 11:23:31,2025-07-13,"1  (BYO) FSG - Orders Only","Combined CSA","Fair Shares Thursday Pickup","Saint louis","MO","63109",0,"Automatic","Orange","Not on Hold","Fair Shares - Thursday - Thursday","Debit on Delivery",0,0,0,2025-07-17,2025-12-11,NA,2026-02-13,701
2023-06-05 07:37:10,2020-04-15,"1 (BYO) UCG - Orders Only","Combined CSA","UCity Pickup","Saint Louis","MO","63146",0,"Automatic","Orange","Not on Hold","UCity - Wednesday","Debit on Delivery",0,0,0,2020-04-22,2023-05-24,NA,2026-02-13,114
2026-02-06 02:18:02,2017-07-20,"1 Mini (Weekly Shares)","Combined CSA","KWM","St. Louis","MO","63122",1733.57,"Automatic","None","Not on Hold","Kirkwood - Thursday","Debit on Delivery",0,0,0,2017-08-17,2026-02-05,NA,2026-02-13,1196
2026-02-06 02:18:02,2022-03-21,"1 Half (Half Share - ODD week), 1 2% MILK-o","Combined CSA","FSE","St Louis","MO","63104",209.44,"Automatic","Green Orange","Not on Hold","Fair Shares - Thursday - Thursday","Debit on Delivery",0,0,0,2022-03-24,2026-02-05,NA,2026-02-13,289
2021-01-07 03:54:52,2020-05-14,"1  (BYO) FSG - Orders Only","Combined CSA","Fair Shares Wednesday Pickup","Creve Coeur","MO","63141",0,"Automatic","Green","Not on Hold","Fair Shares - Wednesday  - Wednesday","Debit on Delivery",0,0,0,2020-05-20,2021-01-06,NA,2026-02-13,843
2025-08-29 03:57:12,2021-03-28,"1 (BYO) KWG - Orders Only (Weekly Shares)","Combined CSA","Kirkwood Pickup","Kirkwood","MO","63122",0,"Automatic","Purple","Not on Hold","Kirkwood - Thursday","Debit on Delivery",0,0,0,2021-04-01,2025-08-28,NA,2026-02-13,68
2026-02-05 02:23:17,2023-10-10,"1 Half (Half Share - ODD week), 1 2% MILK-o, 7 Ground Chicken -o, 3 Eggs - Buttonwood (Half Share - ODD week)","Combined CSA","FSB","Glendale","MO","63122",76.24,"Automatic","Orange","Not on Hold","Fair Shares - Wednesday  - Wednesday","Debit on Delivery",0,0,0,2023-10-18,2026-02-04,NA,2026-02-13,1355
2024-03-03 03:39:24,2017-07-20,"1  (BYO) FSG - Orders Only","Combined CSA","Fair Shares Thursday Pickup","St. Louis","MO","63139",0,"Automatic","Orange","Not on Hold","Fair Shares - Thursday - Thursday","Debit on Delivery",0,0,0,2017-08-24,2024-02-29,NA,2026-02-13,1777
2025-05-13 14:25:07,2025-04-14,"1 Guest Access, 1 Mini (Weekly Shares)","Combined CSA","KWM","Saint Louis","MO","63122",0,"Automatic","None","Hold","Kirkwood - Thursday","Debit on Delivery",0,0,0,2025-04-17,2025-05-08,NA,2026-02-13,569
2020-04-13 14:44:41,2020-01-02,"1 BYO - No Share, Order Only (Weekly Shares)","Combined CSA","Fair Shares Thursday Pickup","Saint Louis","MO","63116",0,NA,"Orange","Hold","Fair Shares - Thursday - Thursday",NA,0,0,0,2020-01-09,2020-02-20,NA,2026-02-13,361
2026-02-12 02:21:32,2017-07-18,"1 Mini (Weekly Shares)","Combined CSA","UCM","St. Louis","MO","63130",63.17,"Automatic","None","Not on Hold","UCity - Wednesday","Debit on Delivery",0,0,0,2017-08-16,2026-02-11,NA,2026-02-13,1197
2025-07-29 18:06:30,2022-01-20,"1  (BYO) FSG - Orders Only","Combined CSA","Fair Shares Wednesday Pickup","St. Louis","MO","63116",0,"Automatic","Green Purple","Not on Hold","Fair Shares - Wednesday  - Wednesday","Debit on Delivery",0,0,0,2022-01-26,2025-06-18,NA,2026-02-13,1550
2021-08-13 03:57:21,2017-07-18,"1 BYO - No Share, Order Only (Weekly Shares)","Combined CSA","Fair Shares Thursday Pickup","St. Louis","MO","63104",0,"Automatic","None","Not on Hold","Fair Shares - Thursday - Thursday","Debit on Delivery",0,0,0,2017-08-16,2021-08-12,NA,2026-02-13,765
2022-12-16 03:51:25,2022-10-11,"1 (BYO) KWG - Orders Only (Weekly Shares)","Combined CSA","Kirkwood Pickup","Ballwin","MO","63011",0,"Automatic","None","Not on Hold","Kirkwood - Thursday","Debit on Delivery",0,0,0,2022-10-20,2022-12-15,NA,2026-02-13,1696
2026-02-05 02:23:17,2017-07-18,"1 Half (Half Share - ODD week), 1 No Produce - Order Only (even wk)","Combined CSA","FSB","St. Louis","MO","63122",75.77,"Automatic","Orange","Not on Hold","Fair Shares - Wednesday  - Wednesday","Debit on Delivery",0,0,0,2017-08-23,2026-02-04,NA,2026-02-13,1459
2023-09-05 14:07:40,2023-05-20,"1  (BYO) FSG - Orders Only","Combined CSA","Fair Shares Wednesday Pickup","Maplewood","MO","63143",213.73,"Automatic","None","Not on Hold","Fair Shares - Wednesday  - Wednesday","Debit on Delivery",0,0,0,2023-05-24,2023-08-30,NA,2026-02-13,1011
2026-02-13 02:16:28,2023-10-28,"1 Half (Half Share - EVEN week)","Combined CSA","KWB","Kirkwood","MO","63122",129.03,"Automatic","Purple","Not on Hold","Kirkwood - Thursday","Debit on Delivery",0,0,0,2023-11-02,2026-02-12,NA,2026-02-13,1313
2026-02-05 02:23:17,2017-07-18,"1 Half (Half Share - ODD week), 1 No Produce - Order Only (even wk)","Combined CSA","UCB","High Ridge","MO","63049",294.78,"Automatic","Orange","Not on Hold","UCity - Wednesday","Debit on Delivery",0,0,0,2017-08-23,2026-02-04,NA,2026-02-13,1336
2026-01-26 21:05:08,2020-04-06,"1  (BYO) FSG - Orders Only","Combined CSA","Fair Shares Thursday Pickup","Saint Charles","MO","63303",0,"Automatic","None","Not on Hold","Fair Shares - Thursday - Thursday","Debit on Delivery",0,0,0,2020-04-09,2020-10-29,NA,2026-02-13,539
2024-09-19 09:26:46,2017-07-20,"1  (BYO) FSG - Orders Only","Combined CSA","Fair Shares Thursday Pickup","Maplewood","MO","63143",0,"Automatic","Orange","Not on Hold","Fair Shares - Thursday - Thursday","Debit on Delivery",0,0,0,2017-08-17,2024-09-05,NA,2026-02-13,1493
2025-09-10 10:13:44,2025-09-09,"1  (BYO) FSG - Orders Only","Combined CSA","Fair Shares Thursday Pickup","St. Louis","MO","63116",0,NA,"None","Not on Hold","Fair Shares - Thursday - Thursday",NA,0,0,0,NA,NA,NA,2026-02-13,443
2026-02-13 02:16:28,2017-07-20,"1 UCA/KWA, 1 2% MILK","Combined CSA","KWA","St. Louis","63122","63122",107.37,"Automatic","None","Not on Hold","Kirkwood - Thursday","Debit on Delivery",0,0,0,2017-08-17,2026-02-12,NA,2026-02-13,807
2026-02-13 02:16:28,2017-07-18,"1 FSA/FSD","Combined CSA","FSD","St. Louis","MO","63011",170.15,"Automatic","None","Not on Hold","Fair Shares - Thursday - Thursday","Debit on Delivery",0,0,0,2017-08-16,2026-02-12,NA,2026-02-13,549
2025-07-21 08:45:55,2019-10-17,"1 (BYO) UCG - Orders Only","Combined CSA","UCity Pickup","Saint Louis","MO","63130",455.05,"Automatic","None","Not on Hold","UCity - Wednesday","Debit on Delivery",0,0,0,2019-10-23,2025-07-16,NA,2026-02-13,698
2024-10-25 09:19:48,2024-04-15,"1  (BYO) FSG - Orders Only","Combined CSA","Fair Shares Wednesday Pickup","St. Louis","MO","63109",0,"Automatic","Orange","Not on Hold","Fair Shares - Wednesday  - Wednesday","Debit on Delivery",0,0,0,2024-04-17,2024-10-16,NA,2026-02-13,1650
2025-03-20 13:45:18,2022-06-02,"1  (BYO) FSG - Orders Only","Combined CSA","Fair Shares Wednesday Pickup","St. Louis","MO","63110",0,"Automatic","Green","Not on Hold","Fair Shares - Wednesday  - Wednesday","Debit on Delivery",0,0,0,2022-06-08,2022-12-14,NA,2026-02-13,352
2022-03-12 11:44:43,2017-07-20,"1 (BYO) KWG - Orders Only (Weekly Shares)","Combined CSA","Kirkwood Pickup","Manchester","MO","63021",0,"Automatic","None","Not on Hold","Kirkwood - Thursday","Debit on Delivery",0,0,0,2017-08-17,2022-02-24,NA,2026-02-13,1278
2020-10-15 03:00:07,2020-07-11,"1 (BYO) UCG - Orders Only","Combined CSA","UCity Pickup","St. Louis","MO","63110",6.75,"Automatic","None","Not on Hold","UCity - Wednesday","Debit on Delivery",0,0,0,2020-07-15,2020-10-14,NA,2026-02-13,1318
2021-09-30 17:47:55,2021-04-08,"1  (BYO) FSG - Orders Only","Combined CSA","Fair Shares Thursday Pickup","St. Louis","MO","63118",0,NA,"None","Not on Hold","Fair Shares - Thursday - Thursday",NA,0,0,0,2021-04-08,2021-09-30,NA,2026-02-13,1655
2026-02-03 15:26:33,2025-03-20,"1  (BYO) FSG - Orders Only","Combined CSA","Fair Shares Thursday Pickup","St. Louis","MO","63110",147.52,"Automatic","None","Not on Hold","Fair Shares - Thursday - Thursday","Debit on Delivery",0,0,0,2025-04-03,2025-12-18,NA,2026-02-13,182
2022-06-08 19:10:58,2020-07-15,"1 BYO - No Share, Order Only (Weekly Shares)","Combined CSA","Fair Shares Thursday Pickup","St. Louis","MO","63118",0,"Automatic","None","Not on Hold","Fair Shares - Thursday - Thursday","Debit on Delivery",0,0,0,2020-07-22,2022-06-09,NA,2026-02-13,1332
2023-03-26 18:55:08,2022-07-17,"1  (BYO) FSG - Orders Only","Combined CSA","Fair Shares Wednesday Pickup","St louis","MO","63116",221.04,"Automatic","Green","Not on Hold","Fair Shares - Wednesday  - Wednesday","Debit on Delivery",0,0,0,2022-07-20,2023-03-01,NA,2026-02-13,26
2026-02-13 02:16:28,2020-10-16,"1 Half (Half Share - EVEN week), 1 No Produce - Order Only (odd wk)","Combined CSA","KWB","Ballwin","MO","63021",98.85,"Automatic","Purple","Not on Hold","Kirkwood - Thursday","Debit on Delivery",0,0,0,2020-10-29,2026-02-12,NA,2026-02-13,929
2023-05-18 02:28:39,2017-07-20,"1  (BYO) FSG - Orders Only","Combined CSA","Fair Shares Wednesday Pickup","Montgomery City","MO","63361",2.29,"Automatic","None","Not on Hold","Fair Shares - Wednesday  - Wednesday","Debit on Delivery",0,0,0,2017-08-17,2023-05-17,NA,2026-02-13,359
2019-05-22 11:23:35,2017-07-20,"1 BYO - No Share, Order Only (Weekly Shares)","Combined CSA","Fair Shares Thursday Pickup","St. Louis","MO","63139",-58.08,NA,"Purple","Hold","Fair Shares - Thursday - Thursday",NA,0,0,0,2017-08-17,2018-03-01,NA,2026-02-13,1825
2020-01-09 02:21:22,2018-08-25,"1 BYO - No Share, Order Only (Weekly Shares)","Combined CSA","Fair Shares Wednesday Pickup","St. Louis","MO","63123",178.39,"Automatic","None","Not on Hold","Fair Shares - Wednesday  - Wednesday","Debit on Delivery",0,0,0,2018-08-30,2020-01-08,NA,2026-02-13,1316
2021-02-22 08:28:57,2020-04-17,"1 (BYO) UCG - Orders Only","Combined CSA","UCity Pickup","St louis","MO","63130",40.63,"Automatic","Green","Not on Hold","UCity - Wednesday","Debit on Delivery",0,0,0,2020-04-22,2021-02-10,NA,2026-02-13,257
2025-09-12 03:56:48,2021-05-15,"1  (BYO) FSG - Orders Only","Combined CSA","Fair Shares Thursday Pickup","St. Louis","MO","63109",0,"Automatic","Purple","Not on Hold","Fair Shares - Thursday - Thursday","Debit on Delivery",0,0,0,2021-05-20,2025-09-11,NA,2026-02-13,1860
2018-03-27 22:44:10,2017-07-20,"1 BYO - No Share, Order Only (Weekly Shares)","Combined CSA","Fair Shares Thursday Pickup","St. Louis","MO","63139",92.44,NA,"None","Hold","Fair Shares - Thursday - Thursday","Debit on Delivery",0,0,0,2017-08-17,2018-03-01,NA,2026-02-13,1820
2025-12-08 16:40:50,2020-04-17,"1 Half (Half Share - ODD week)","Combined CSA","FSE","St. Louis","MO","63109",139.89,"Automatic","Orange","Temp Hold","Fair Shares - Thursday - Thursday","Debit on Delivery",0,0,0,2020-04-22,2025-11-27,NA,2026-02-13,1989
2022-07-07 17:14:02,2017-07-18,"1 Mini (Weekly Shares)","Combined CSA","FSMini-t","St. Louis","MO","63146",1134.23,"Automatic","None","Hold","Fair Shares - Thursday - Thursday","Debit on Delivery",0,0,0,2017-08-16,2022-03-31,NA,2026-02-13,413
2026-02-13 02:16:28,2025-12-29,"1 Half (Half Share - EVEN week)","Combined CSA","FSE","St. louis","MO","63104",3.97,"Automatic","Purple","Not on Hold","Fair Shares - Thursday - Thursday","Debit on Delivery",0,0,0,2026-01-07,2026-02-12,NA,2026-02-13,652
2026-02-05 03:54:41,2017-07-18,"1 Half (Half Share - ODD week), 1 No Produce - Order Only (even wk)","Combined CSA","FSB","St. Louis","MO","63117",364.41,"Automatic","Blue Orange","Not on Hold","Fair Shares - Wednesday  - Wednesday","Debit on Delivery",0,0,0,2017-08-23,2026-02-04,NA,2026-02-13,919
2023-12-29 03:51:24,2020-07-14,"1 (BYO) UCG - Orders Only","Combined CSA","UCity Pickup","University City","MO","63130",0,"Automatic","Green","Not on Hold","UCity - Wednesday","Debit on Delivery",0,0,0,2020-07-15,2023-11-01,NA,2026-02-13,1130
2026-02-12 02:21:32,2017-07-18,"1 UCA/KWA","Combined CSA","UCA","St. Louis","MO","63130",199.36,"Automatic","None","Not on Hold","UCity - Wednesday","Debit on Delivery",0,0,0,2017-08-16,2026-02-11,NA,2026-02-13,1923
2026-01-07 01:13:16,2017-07-18,"1 Eggs - Buttonwood (Weekly Shares), 1 Mini (Weekly Shares)","Combined CSA","UCM","St. Louis","MO","63124",725.96,"Automatic","None","Temp Hold","UCity - Wednesday","Debit on Delivery",0,0,0,2017-08-16,2025-12-17,NA,2026-02-13,1014
2026-02-13 02:16:28,2021-07-10,"1 FSC, 2 Skim MILK, 1 Half & Half (Weekly Shares)","Combined CSA","FSC-T","St. Louis","MO","63104",56.81,"Automatic","Green","Not on Hold","Fair Shares - Thursday - Thursday","Debit on Delivery",0,0,0,2021-07-15,2026-02-12,NA,2026-02-13,310
2026-02-12 02:21:32,2017-07-18,"1 UCA/KWA","Combined CSA","UCA","St. Louis","63130","63103",384.97,"Automatic","None","Not on Hold","UCity - Wednesday","Debit on Delivery",0,0,0,2017-08-16,2026-02-11,NA,2026-02-13,1000
2025-03-26 17:50:51,2019-09-10,"1 Half (Half Share - EVEN week)","Combined CSA","FSE","St Louis","MO","63110",300.47,"Automatic","Purple","Hold","Fair Shares - Thursday - Thursday","Debit on Delivery",0,0,0,2019-09-11,2024-07-18,NA,2026-02-13,1312
2026-02-12 02:21:32,2018-05-18,"1 BYO - No Share, Order Only (Weekly Shares)","Combined CSA","Fair Shares Wednesday Pickup","St Louis","MO","63110",23.12,"Automatic","None","Not on Hold","Fair Shares - Wednesday  - Wednesday","Debit on Delivery",0,0,0,2018-05-24,2026-02-11,NA,2026-02-13,1210
2026-02-13 02:16:28,2021-01-03,"1 UCA/KWA","Combined CSA","KWA","Kirkwood","MO","63122",134.01,"Automatic","None","Not on Hold","Kirkwood - Thursday","Debit on Delivery",0,0,0,2021-01-07,2026-02-12,NA,2026-02-13,128
2026-02-12 02:21:32,2020-11-07,"1 UCA/KWA","Combined CSA","UCA","St Louis","MO","63112",114.9,"Automatic","None","Not on Hold","UCity - Wednesday","Debit on Delivery",0,0,0,2020-11-11,2026-02-11,NA,2026-02-13,373
2021-10-15 10:02:18,2020-06-05,"1  (BYO) FSG - Orders Only","Combined CSA","Fair Shares Thursday Pickup","Wildwood","MO","63069",0,"Automatic","Purple","Not on Hold","Fair Shares - Thursday - Thursday","Debit on Delivery",0,0,0,2020-06-11,2021-10-14,NA,2026-02-13,567
2024-12-31 11:08:34,2021-10-09,"1  (BYO) FSG - Orders Only","Combined CSA","Fair Shares Thursday Pickup","St. Charles","MO","63303",113.7,"Automatic","Purple","Not on Hold","Fair Shares - Thursday - Thursday","Debit on Delivery",0,0,0,2021-10-14,2024-12-19,NA,2026-02-13,996
2026-02-12 02:21:32,2020-03-08,"1 FSA/FSD","Combined CSA","FSA","St. Louis","MO","63139",379.31,"Automatic","None","Not on Hold","Fair Shares - Wednesday  - Wednesday","Debit on Delivery",0,0,0,2020-03-25,2026-02-11,NA,2026-02-13,99
2026-02-12 02:21:32,2022-05-17,"1 FSA/FSD","Combined CSA","FSA","St. Louis","MO","63143",191.67,"Automatic","Green","Not on Hold","Fair Shares - Wednesday  - Wednesday","Debit on Delivery",0,0,0,2022-05-26,2026-02-11,NA,2026-02-13,962
2026-02-13 03:50:59,2020-12-25,"1 Half (Half Share - EVEN week)","Combined CSA","FSE","St Louis","MO","63116",0,"Automatic","Green Purple","Not on Hold","Fair Shares - Thursday - Thursday","Debit on Delivery",0,0,0,2021-01-07,2026-02-12,NA,2026-02-13,700
2024-12-05 17:39:18,2020-03-31,"1  (BYO) FSG - Orders Only","Combined CSA","Fair Shares Wednesday Pickup","Saint Louis","MO","63139",0,"Automatic","Green","Not on Hold","Fair Shares - Wednesday  - Wednesday","Debit on Delivery",0,0,0,2020-04-08,2020-12-09,NA,2026-02-13,920
2019-08-23 10:26:59,2017-07-18,"1 (BYO) UCG - Orders Only","Combined CSA","UCity Pickup","St. Louis","63105","63105",91.05,NA,"Purple","Hold","UCity - Wednesday",NA,0,0,0,2017-08-16,2019-05-08,NA,2026-02-13,411
2023-07-21 02:42:18,2021-04-23,"1 (BYO) KWG - Orders Only (Weekly Shares)","Combined CSA","Kirkwood Pickup","Kirkwood","MO","63122",0.31,"Automatic","Green","Not on Hold","Kirkwood - Thursday","Debit on Delivery",0,0,0,2021-04-28,2023-07-20,NA,2026-02-13,1082
2020-10-19 10:40:31,2020-05-27,"1  (BYO) FSG - Orders Only","Combined CSA","Fair Shares Wednesday Pickup","St louis","MO","63110",0,"Automatic","Green Purple","Not on Hold","Fair Shares - Wednesday  - Wednesday","Debit on Delivery",0,0,0,2020-06-03,2020-10-14,NA,2026-02-13,1852
2022-06-23 11:06:36,2022-04-27,"1  (BYO) FSG - Orders Only","Combined CSA","Fair Shares Thursday Pickup","St Louis","MO","63128",0,"Automatic","None","Not on Hold","Fair Shares - Thursday - Thursday","Debit on Delivery",0,0,0,2022-05-13,2022-06-03,NA,2026-02-13,1562
2026-02-13 02:16:28,2020-04-11,"1 Half (Half Share - EVEN week)","Combined CSA","KWB","Kirkwood","MO","63122",25.27,"Automatic","Purple","Not on Hold","Kirkwood - Thursday","Debit on Delivery",0,0,0,2020-04-16,2026-02-12,NA,2026-02-13,1329
2026-02-13 02:16:28,2017-07-18,"1 Half (Half Share - EVEN week), 1 Creamline MILK-e","Combined CSA","FSE","St. Louis","MO","63122",218.48,"Automatic","Purple","Not on Hold","Fair Shares - Thursday - Thursday","Debit on Delivery",0,0,0,2017-08-17,2026-02-12,NA,2026-02-13,22
2022-09-15 02:51:04,2017-07-18,"1 (BYO) UCG - Orders Only","Combined CSA","UCity Pickup","St. Louis","MO","63105",207.29,"Automatic","Purple","Not on Hold","UCity - Wednesday",NA,0,0,0,2017-08-16,2022-09-14,NA,2026-02-13,1700
2026-02-12 02:21:32,2021-07-21,"1 UCA/KWA","Combined CSA","UCA","Saint Louis","MO","63118",162.51,"Automatic","Green","Not on Hold","UCity - Wednesday","Debit on Delivery",0,0,0,2021-07-28,2026-02-11,NA,2026-02-13,1572
2026-02-13 02:16:28,2017-08-11,"1 BYO - No Share, Order Only (Weekly Shares)","Combined CSA","Fair Shares Thursday Pickup","St. Louis","MO","63110",58.13,"Automatic","None","Not on Hold","Fair Shares - Thursday - Thursday","Debit on Delivery",0,0,0,2017-09-13,2026-02-12,NA,2026-02-13,1522
2026-02-05 03:54:35,2017-07-18,"1 Whole MILK-o, 1 Half (Half Share - ODD week)","Combined CSA","FSB","St. Louis","MO","63119",175.38,"Automatic","Orange","Not on Hold","Fair Shares - Wednesday  - Wednesday","Debit on Delivery",0,0,0,2017-08-16,2026-02-04,NA,2026-02-13,671
2020-12-10 02:43:09,2018-08-22,"1 BYO - No Share, Order Only (Weekly Shares)","Combined CSA","Fair Shares Wednesday Pickup","Saint Louis","MO","63109",153.37,"Automatic","None","Not on Hold","Fair Shares - Wednesday  - Wednesday","Debit on Delivery",0,0,0,2018-08-22,2020-12-09,NA,2026-02-13,709
2026-02-13 02:16:28,2020-05-05,"1 Mini (Weekly Shares)","Combined CSA","FSMini-t","St. Louis","MO","63104",175.72,"Automatic","Green","Not on Hold","Fair Shares - Thursday - Thursday","Debit on Delivery",0,0,0,2020-05-07,2026-02-12,NA,2026-02-13,1131
2022-05-13 03:51:46,2020-03-22,"1  (BYO) FSG - Orders Only","Combined CSA","Fair Shares Thursday Pickup","St. Louis","MO","63139",0,"Automatic","Green","Not on Hold","Fair Shares - Thursday - Thursday","Debit on Delivery",0,0,0,2020-03-26,2022-05-12,NA,2026-02-13,537
2026-02-13 03:51:03,2026-02-09,"1 Guest Access, 1 FSC (ONCE 2026-02-26)","Combined CSA","FSC-T","St. Louis","MO","63128",0,"Automatic","None","Not on Hold","Fair Shares - Thursday - Thursday","Debit on Delivery",0,0,0,2026-02-12,2026-02-12,NA,2026-02-13,641
2022-11-24 02:30:27,2017-07-18,"1 BYO - No Share, Order Only (Weekly Shares)","Combined CSA","Fair Shares Wednesday Pickup","St. Louis","MO","63139",256.73,"Automatic","None","Not on Hold","Fair Shares - Wednesday  - Wednesday","Debit on Delivery",0,0,0,2017-08-16,2022-11-23,NA,2026-02-13,980
2026-01-19 07:55:08,2022-09-14,"1  (BYO) FSG - Orders Only","Combined CSA","Fair Shares Thursday Pickup","St. Louis","MO","63118",2.36,"Automatic","Green","Not on Hold","Fair Shares - Thursday - Thursday","Debit on Delivery",0,0,0,2022-09-29,2026-01-15,NA,2026-02-13,744
2024-06-06 03:48:26,2019-05-17,"1  (BYO) FSG - Orders Only","Combined CSA","Fair Shares Wednesday Pickup","St. Louis","MO","63110",0,"Automatic","None","Not on Hold","Fair Shares - Wednesday  - Wednesday","Debit on Delivery",0,0,0,2019-05-29,2024-06-05,NA,2026-02-13,1911
2025-11-18 15:47:21,2017-07-18,"1 BYO - No Share, Order Only (Weekly Shares)","Combined CSA","Fair Shares Wednesday Pickup","St. Louis","MO","63110",185.09,"Automatic","None","Not on Hold","Fair Shares - Wednesday  - Wednesday","Debit on Delivery",0,0,0,2017-08-16,2025-11-12,NA,2026-02-13,37
2026-02-05 14:35:15,2017-07-18,"1  (BYO) FSG - Orders Only","Combined CSA","Fair Shares Thursday Pickup","Webster Groves","MO","63119",69.54,"Automatic","Blue Orange","Not on Hold","Fair Shares - Thursday - Thursday","Debit on Delivery",0,0,0,2017-08-24,2023-04-27,NA,2026-02-13,1764
2024-08-23 03:57:17,2023-09-22,"1  (BYO) FSG - Orders Only","Combined CSA","Fair Shares Thursday Pickup","Ballwin","MO","63011",0,"Automatic","Orange","Not on Hold","Fair Shares - Thursday - Thursday","Debit on Delivery",0,0,0,2023-09-28,2024-08-22,NA,2026-02-13,917
2025-03-12 11:05:24,2020-05-18,"1  (BYO) FSG - Orders Only","Combined CSA","Fair Shares Wednesday Pickup","St. Louis","MO","63110",0,"Automatic","Green Purple","Not on Hold","Fair Shares - Wednesday  - Wednesday","Debit on Delivery",0,0,0,2020-05-21,2025-02-26,NA,2026-02-13,596
2023-02-24 03:52:15,2022-02-27,"1 BYO - No Share, Order Only (Weekly Shares)","Combined CSA","Fair Shares Thursday Pickup","St louis","MO","63118",0,"Automatic","Green","Not on Hold","Fair Shares - Thursday - Thursday","Debit on Delivery",0,0,0,2022-03-24,2023-02-23,NA,2026-02-13,188
2018-08-20 18:49:42,2017-07-18,"1 BYO - No Share, Order Only (Weekly Shares)","Combined CSA","Fair Shares Thursday Pickup","St. Louis","MO","63119",-8.95,NA,"Purple","Hold","Fair Shares - Thursday - Thursday","Debit on Delivery",0,0,0,2017-08-17,2018-04-12,NA,2026-02-13,942
2026-02-13 02:16:28,2022-03-22,"1 Half (Half Share - EVEN week)","Combined CSA","FSE","St. Louis","MO","63118",41.88,"Automatic","Purple","Not on Hold","Fair Shares - Thursday - Thursday","Debit on Delivery",0,0,0,2022-03-31,2026-02-12,NA,2026-02-13,27
2024-09-19 02:41:24,2019-06-25,"1  (BYO) FSG - Orders Only","Combined CSA","Fair Shares Wednesday Pickup","St. Louis","MO","63119",3.08,"Automatic","None","Not on Hold","Fair Shares - Wednesday  - Wednesday","Debit on Delivery",0,0,0,2019-07-10,2024-09-18,NA,2026-02-13,206
2025-11-17 08:35:20,2025-01-27,"1  (BYO) FSG - Orders Only","Combined CSA","Fair Shares Wednesday Pickup","St. Louis","MO","63123",0,"Automatic","None","Not on Hold","Fair Shares - Wednesday  - Wednesday","Debit on Delivery",0,0,0,2025-01-29,2025-11-12,NA,2026-02-13,588
2026-02-12 02:21:32,2017-07-18,"1 UCA/KWA","Combined CSA","UCA","St. Louis","63130","MO",387.84,"Automatic","None","Not on Hold","UCity - Wednesday","Debit on Delivery",0,0,0,2017-08-16,2026-02-11,NA,2026-02-13,541
2023-10-16 09:40:15,2019-09-26,"1  (BYO) FSG - Orders Only","Combined CSA","Fair Shares Wednesday Pickup","Saint louis","MO","63110",0,"Automatic","None","Not on Hold","Fair Shares - Wednesday  - Wednesday","Debit on Delivery",0,0,0,2019-10-02,2023-08-23,NA,2026-02-13,1165
2026-02-05 02:23:17,2019-06-09,"1 (BYO) UCG - Orders Only","Combined CSA","UCity Pickup","St Louis","MO","63130",0,"Automatic","Payment","Not on Hold","UCity - Wednesday","Debit on Delivery",0,0,0,2019-06-12,2025-10-15,NA,2026-02-13,1889
2023-11-02 02:37:55,2023-08-20,"1 (BYO) UCG - Orders Only","Combined CSA","UCity Pickup","University City","MO","63130",175.56,"Automatic","Purple","Not on Hold","UCity - Wednesday","Debit on Delivery",0,0,0,2023-08-23,2023-11-01,NA,2026-02-13,1029
2022-03-12 10:51:07,2020-03-23,"1 (BYO) UCG - Orders Only","Combined CSA","UCity Pickup","St.Louis","MO","63121",87.15,"Automatic","Green","Not on Hold","UCity - Wednesday","Debit on Delivery",0,0,0,2020-03-25,2022-02-16,NA,2026-02-13,1859
2026-02-05 02:23:17,2023-02-11,"1 Half (Half Share - ODD week)","Combined CSA","UCB","University City","MO","63130",536.97,"Automatic","Orange","Not on Hold","UCity - Wednesday","Debit on Delivery",0,0,0,2023-02-15,2026-02-04,NA,2026-02-13,1997
2026-02-06 03:51:13,2021-10-22,"1 Mini (Weekly Shares)","Combined CSA","FSMini-t","Saint Louis","MO","63139",220.43,"Automatic","None","Temp Hold","Fair Shares - Thursday - Thursday","Debit on Delivery",0,0,0,2021-10-28,2026-02-05,NA,2026-02-13,1227
2021-10-25 10:51:49,2020-05-28,"1  (BYO) FSG - Orders Only","Combined CSA","Fair Shares Wednesday Pickup","St. Louis","MO","63139",11.38,"Automatic","Green","Not on Hold","Fair Shares - Wednesday  - Wednesday","Debit on Delivery",0,0,0,2020-06-10,2021-10-20,NA,2026-02-13,1183
2025-03-26 17:50:06,2020-04-09,"1 Half (Half Share - EVEN week)","Combined CSA","FSE","St Louis","MO","63110",105.46,"Automatic","Purple","Hold","Fair Shares - Thursday - Thursday",NA,0,0,0,2020-04-15,2021-09-16,NA,2026-02-13,1430
2021-11-25 03:53:56,2020-04-07,"1  (BYO) FSG - Orders Only","Combined CSA","Fair Shares Wednesday Pickup","St. Louis","MO","63116",0,"Automatic","Green","Not on Hold","Fair Shares - Wednesday  - Wednesday","Debit on Delivery",0,0,0,2020-04-15,2021-11-24,NA,2026-02-13,1480
2024-06-14 03:52:46,2017-07-18,"1  (BYO) FSG - Orders Only","Combined CSA","Fair Shares Thursday Pickup","St. Louis","MO","63104",0,"Automatic","None","Not on Hold","Fair Shares - Thursday - Thursday","Debit on Delivery",0,0,0,2017-08-16,2024-06-13,NA,2026-02-13,1890
2026-02-12 02:21:32,2022-03-29,"1 Mini (Weekly Shares)","Combined CSA","UCM","St. Louis","MO","63130",50.35,"Automatic","Green","Not on Hold","UCity - Wednesday","Debit on Delivery",0,0,0,2022-04-06,2026-02-11,NA,2026-02-13,180
2021-09-18 10:42:46,2020-07-26,"1  (BYO) FSG - Orders Only","Combined CSA","Fair Shares Wednesday Pickup","St. Louis","MO","63108",0,"Automatic","Green","Not on Hold","Fair Shares - Wednesday  - Wednesday","Debit on Delivery",0,0,0,2020-07-29,2021-09-15,NA,2026-02-13,677
2026-02-13 02:16:28,2022-01-24,"1  (BYO) FSG - Orders Only","Combined CSA","Fair Shares Thursday Pickup","St. Louis","MO","63109",266.04,"Automatic","Green","Not on Hold","Fair Shares - Thursday - Thursday","Debit on Delivery",0,0,0,2022-01-27,2026-02-12,NA,2026-02-13,1339
2024-03-15 12:44:15,2022-03-14,"1 (BYO) KWG - Orders Only (Weekly Shares)","Combined CSA","Kirkwood Pickup","High Ridge","MO","63049",98,"Automatic","Purple","Not on Hold","Kirkwood - Thursday","Debit on Delivery",0,0,0,2022-03-24,2024-03-07,NA,2026-02-13,1945
2026-01-14 19:33:59,2021-04-08,"1  (BYO) FSG - Orders Only","Combined CSA","Fair Shares Thursday Pickup","St Louis","MO","63119",0,NA,"None","Not on Hold","Fair Shares - Thursday - Thursday",NA,0,0,0,2021-04-15,2025-10-16,NA,2026-02-13,978
2025-12-30 17:45:13,2020-04-04,"1  (BYO) FSG - Orders Only","Combined CSA","Fair Shares Thursday Pickup","St. Louis","MO","63139",34.6,"Automatic","Orange","Not on Hold","Fair Shares - Thursday - Thursday","Debit on Delivery",0,0,0,2020-04-09,2024-12-12,NA,2026-02-13,599
2021-05-12 19:15:48,2020-05-05,"1 (BYO) UCG - Orders Only","Combined CSA","UCity Pickup","University City","MO","63130",60.33,"Automatic","Green","Not on Hold","UCity - Wednesday","Debit on Delivery",0,0,0,2020-05-14,2021-05-05,NA,2026-02-13,1181
2025-10-16 03:59:18,2023-02-09,"1 (BYO) UCG - Orders Only","Combined CSA","UCity Pickup","Saint Louis","MO","63112",0,"Automatic","None","Not on Hold","UCity - Wednesday","Debit on Delivery",0,0,0,2023-02-15,2025-10-15,NA,2026-02-13,1185
2026-02-13 02:16:28,2024-03-25,"1 UCA/KWA","Combined CSA","KWA","Chesterfield","MO","63017",469.03,"Automatic","None","Not on Hold","Kirkwood - Thursday","Debit on Delivery",0,0,0,2024-04-04,2026-02-12,NA,2026-02-13,366
2026-02-06 02:18:02,2017-07-20,"1 Half (Half Share - ODD week)","Combined CSA","KWB","St. Louis","MO","63122",153.21,"Automatic","Orange","Not on Hold","Kirkwood - Thursday","Debit on Delivery",0,0,0,2017-08-24,2026-02-05,NA,2026-02-13,1626
2023-06-23 08:43:50,2019-05-29,"1  (BYO) FSG - Orders Only","Combined CSA","Fair Shares Wednesday Pickup","St Louis","MO","63108",30.02,"Automatic","None","Not on Hold","Fair Shares - Wednesday  - Wednesday","Debit on Delivery",0,0,0,2019-06-05,2023-06-21,NA,2026-02-13,1715
2025-03-26 17:58:53,2021-06-15,"1 Half (Half Share - ODD week)","Combined CSA","KWB","Chesterfield","MO","63017",115.87,"Automatic","Orange","Hold","Kirkwood - Thursday","Debit on Delivery",0,0,0,2021-06-24,2023-10-12,NA,2026-02-13,1678
2025-10-22 18:52:58,2024-01-06,"1 Mini (Weekly Shares)","Combined CSA","FSMini-w","Saint Louis","MO","63123",139.55,"Automatic","None","Hold","Fair Shares - Wednesday  - Wednesday","Debit on Delivery",0,0,0,2024-01-10,2025-10-15,NA,2026-02-13,332
2022-05-26 09:29:37,2017-11-13,"1 BYO - No Share, Order Only (Weekly Shares)","Combined CSA","Fair Shares Thursday Pickup","Maryland Heights","MO","63043",0,"Automatic","None","Not on Hold","Fair Shares - Thursday - Thursday","Debit on Delivery",0,0,0,2017-11-15,2022-05-25,NA,2026-02-13,1610
2026-02-12 02:21:32,2026-01-08,"1 UCA/KWA","Combined CSA","UCA","Saint Louis","MO","63105",278.15,"Automatic","None","Not on Hold","UCity - Wednesday","Debit on Delivery",0,0,0,2026-01-14,2026-02-11,NA,2026-02-13,938
2019-08-23 10:24:58,2017-07-18,"1 BYO - No Share, Order Only (Weekly Shares)","Combined CSA","Fair Shares Thursday Pickup","St. Louis","MO","63104",9.24,NA,"None","Hold","Fair Shares - Thursday - Thursday","Debit on Delivery",0,0,0,2017-08-16,2018-07-19,NA,2026-02-13,575
2021-07-15 03:57:21,2020-03-26,"1  (BYO) FSG - Orders Only","Combined CSA","Fair Shares Wednesday Pickup","St. Louis","MO","63130",0,"Automatic","Orange","Not on Hold","Fair Shares - Wednesday  - Wednesday","Debit on Delivery",0,0,0,2020-04-08,2021-07-14,NA,2026-02-13,226
2026-02-06 03:51:14,2020-03-15,"1  (BYO) FSG - Orders Only","Combined CSA","Fair Shares Thursday Pickup","St. Louis","MO","63110",0,"Automatic","Orange","Not on Hold","Fair Shares - Thursday - Thursday","Debit on Delivery",0,0,0,2020-03-26,2026-02-05,NA,2026-02-13,1308
2022-09-13 20:16:01,2020-10-11,"1  (BYO) FSG - Orders Only","Combined CSA","Fair Shares Wednesday Pickup","St Louis","MO","63110",212.36,"Automatic","Green Orange","Not on Hold","Fair Shares - Wednesday  - Wednesday","Debit on Delivery",0,0,0,2020-10-14,2022-07-27,NA,2026-02-13,1812
2021-12-19 20:28:45,2020-08-04,"1  (BYO) FSG - Orders Only","Combined CSA","Fair Shares Thursday Pickup","St. Louis","MO","63118",0,"Automatic","Green","Not on Hold","Fair Shares - Thursday - Thursday","Debit on Delivery",0,0,0,2020-08-13,2021-12-16,NA,2026-02-13,495
2023-05-04 02:30:23,2021-11-30,"1  (BYO) FSG - Orders Only","Combined CSA","Fair Shares Wednesday Pickup","ST LOUIS","MO","63125",7.12,"Automatic","None","Not on Hold","Fair Shares - Wednesday  - Wednesday","Debit on Delivery",0,0,0,2021-12-08,2023-05-03,NA,2026-02-13,910
2026-02-05 02:23:17,2024-08-10,"1 Mini (Weekly Shares)","Combined CSA","FSMini-w","Saint Louis","MO","63109",126.85,"Automatic","None","Not on Hold","Fair Shares - Wednesday  - Wednesday","Debit on Delivery",0,0,0,2024-08-15,2026-02-04,NA,2026-02-13,605
2020-09-17 03:00:48,2020-05-25,"1 BYO - No Share, Order Only (Weekly Shares)","Combined CSA","UCity Pickup","st. Louis","MO","63105",38.51,NA,"Green","Not on Hold","UCity - Wednesday","Debit on Delivery",0,0,0,2020-05-27,2020-09-16,NA,2026-02-13,683
2019-08-23 10:26:04,2017-07-18,"1 (BYO) UCG - Orders Only","Combined CSA","UCity Pickup","University City","MO","63130",4.19,NA,"Orange","Hold","UCity - Wednesday","Debit on Delivery",0,0,0,2017-08-16,2019-01-16,NA,2026-02-13,60
2022-08-11 02:48:21,2019-07-23,"1 (BYO) UCG - Orders Only","Combined CSA","UCity Pickup","Clayton","MO","63105",0,NA,"None","Not on Hold","UCity - Wednesday","Debit on Delivery",0,0,0,2019-08-14,2022-08-10,NA,2026-02-13,376
2026-02-06 02:18:02,2020-05-15,"1 Half (Half Share - ODD week)","Combined CSA","KWB","Chesterfield","MO","63017",150.01,"Automatic","Green Orange","Not on Hold","Kirkwood - Thursday","Debit on Delivery",0,0,0,2020-05-21,2026-02-05,NA,2026-02-13,1347
2026-02-13 02:16:28,2023-04-24,"1 UCA/KWA","Combined CSA","KWA","Fenton","MO","63026",260.84,"Automatic","Green","Not on Hold","Kirkwood - Thursday","Debit on Delivery",0,0,0,2023-04-27,2026-02-12,NA,2026-02-13,1683
2025-06-17 15:46:12,2018-11-14,"1  (BYO) FSG - Orders Only","Combined CSA","Fair Shares Wednesday Pickup","Saint Louis","MO","63104",0.07,"Automatic","Orange","Not on Hold","Fair Shares - Wednesday  - Wednesday","Debit on Delivery",0,0,0,2018-11-21,2024-02-28,NA,2026-02-13,177
2026-02-12 02:21:32,2022-07-20,"1 FSA/FSD","Combined CSA","FSA","St. Louis","MO","63110",282,"Automatic","None","Not on Hold","Fair Shares - Wednesday  - Wednesday","Debit on Delivery",0,0,0,2022-07-20,2026-02-11,NA,2026-02-13,1203
2026-02-12 02:21:32,2017-07-18,"1 Half (Half Share - EVEN week)","Combined CSA","UCB","St. Louis","MO","63119",164.09,"Automatic","Purple","Not on Hold","UCity - Wednesday","Debit on Delivery",0,0,0,2017-08-16,2026-02-11,NA,2026-02-13,814
2021-07-22 16:06:33,2017-09-13,"1 BYO - No Share, Order Only (Weekly Shares)","Combined CSA","Fair Shares Wednesday Pickup","Saint Louis","MO","63105",0,"Automatic","Purple","Not on Hold","Fair Shares - Wednesday  - Wednesday","Debit on Delivery",0,0,0,2017-09-13,2020-12-02,NA,2026-02-13,1076
2025-04-06 20:32:54,2022-11-06,"1 (BYO) KWG - Orders Only (Weekly Shares)","Combined CSA","Kirkwood Pickup","Kirkwood","MO","63122",43.15,"Automatic","None","Hold","Kirkwood - Thursday","Debit on Delivery",0,0,0,2022-11-10,2023-09-14,NA,2026-02-13,1785
2021-07-22 16:13:49,2021-02-03,"1  (BYO) FSG - Orders Only","Combined CSA","Fair Shares Thursday Pickup","Saint Louis","MO","63109",0,"Automatic","Green Orange","Not on Hold","Fair Shares - Thursday - Thursday","Debit on Delivery",0,0,0,2021-02-04,2021-07-15,NA,2026-02-13,363
2026-01-13 11:39:41,2017-08-20,"1  (BYO) FSG - Orders Only","Combined CSA","Fair Shares Thursday Pickup","shrewsbury","MO","63119",0,NA,"None","Not on Hold","Fair Shares - Thursday - Thursday","Debit on Delivery",0,0,0,2017-08-30,2024-11-14,NA,2026-02-13,619
2020-02-19 13:01:43,2018-05-01,"1 BYO - No Share, Order Only (Weekly Shares)","Combined CSA","Fair Shares Thursday Pickup","st. louis","MO","63110",0,NA,"None","Not on Hold","Fair Shares - Thursday - Thursday",NA,0,0,0,2018-11-08,2018-11-08,NA,2026-02-13,69
2025-11-14 03:56:29,2021-01-19,"1  (BYO) FSG - Orders Only","Combined CSA","Fair Shares Thursday Pickup","Saint Louis","MO","63139",0,"Automatic","Orange","Not on Hold","Fair Shares - Thursday - Thursday","Debit on Delivery",0,0,0,2021-01-21,2025-11-13,NA,2026-02-13,730
2021-11-05 02:41:39,2021-03-19,"1 (BYO) KWG - Orders Only (Weekly Shares)","Combined CSA","Kirkwood Pickup","Kirkwood","MO","63122",77.35,"Automatic","Green Orange","Not on Hold","Kirkwood - Thursday","Debit on Delivery",0,0,0,2021-03-24,2021-11-04,NA,2026-02-13,1068
2019-08-23 10:21:49,2017-07-18,"1 BYO - No Share, Order Only (Weekly Shares)","Combined CSA","Fair Shares Wednesday Pickup","Festus, MO","MO","63028",52.54,NA,"Orange","Hold","Fair Shares - Wednesday  - Wednesday","Debit on Delivery",0,0,0,2017-08-23,2018-02-21,NA,2026-02-13,1019
2025-11-18 15:53:13,2020-04-05,"1 (BYO) UCG - Orders Only","Combined CSA","UCity Pickup","St. Louis","MO","63130",0,"Automatic","None","Hold","UCity - Wednesday","Debit on Delivery",0,0,0,2020-04-15,2024-08-07,NA,2026-02-13,1628
2025-03-26 18:03:53,2020-03-30,"1 Half (Half Share - ODD week)","Combined CSA","UCB","Overland","MO","63114",0,NA,"Orange","Hold","UCity - Wednesday","Debit on Delivery",0,0,0,2020-04-08,2020-06-17,NA,2026-02-13,1426
2021-07-22 16:07:41,2018-06-18,"1  (BYO) FSG - Orders Only","Combined CSA","Fair Shares Wednesday Pickup","St. Louis","MO","63113",-11.21,NA,"None","Hold","Fair Shares - Wednesday  - Wednesday","Debit on Delivery",0,0,0,2018-07-11,2021-02-24,NA,2026-02-13,802
2026-02-12 02:21:32,2017-07-18,"1 Mini (Weekly Shares), 1 Whole MILK","Combined CSA","FSMini-w","St. Louis","MO","63110",196.44,"Automatic","None","Not on Hold","Fair Shares - Wednesday  - Wednesday","Debit on Delivery",0,0,0,2017-08-16,2026-02-11,NA,2026-02-13,1577
2026-02-05 03:54:34,2021-01-16,"1 Half (Half Share - ODD week)","Combined CSA","FSB","St. Louis","MO","63110",344.48,"Automatic","Orange","Not on Hold","Fair Shares - Wednesday  - Wednesday","Debit on Delivery",0,0,0,2021-01-20,2026-02-04,NA,2026-02-13,554
2023-03-07 08:53:49,2020-03-29,"1  (BYO) FSG - Orders Only","Combined CSA","Fair Shares Thursday Pickup","Saint Louis","MO","63110",98.59,"Automatic","Purple","Not on Hold","Fair Shares - Thursday - Thursday","Debit on Delivery",0,0,0,2020-04-02,2023-03-02,NA,2026-02-13,275
2024-05-03 03:55:47,2020-11-18,"1  (BYO) FSG - Orders Only","Combined CSA","Fair Shares Thursday Pickup","St. Louis","MO","63109",0,"Automatic","Purple","Not on Hold","Fair Shares - Thursday - Thursday","Debit on Delivery",0,0,0,2020-12-03,2024-05-02,NA,2026-02-13,268
2023-10-16 08:58:02,2017-07-18,"1  (BYO) FSG - Orders Only","Combined CSA","Fair Shares Wednesday Pickup","St. Louis","MO","63112",0,NA,"None","Hold","Fair Shares - Wednesday  - Wednesday","Debit on Delivery",0,0,0,2017-08-17,2022-07-13,NA,2026-02-13,1231
2020-02-18 15:08:18,2017-07-18,"1 (BYO) UCG - Orders Only","Combined CSA","UCity Pickup","St. Louis","MO","63043",33.68,NA,"None","Not on Hold","UCity - Wednesday","Debit on Delivery",0,0,0,2017-08-16,2020-02-12,NA,2026-02-13,805
2026-02-12 02:21:32,2019-10-23,"1 Half (Half Share - EVEN week)","Combined CSA","FSB","webster groves","MO","63119",73.78,"Automatic","Purple","Not on Hold","Fair Shares - Wednesday  - Wednesday","Debit on Delivery",0,0,0,2019-10-23,2026-02-11,NA,2026-02-13,637
2026-02-12 02:21:32,2022-06-13,"1 Half (Half Share - EVEN week)","Combined CSA","FSE","St Louis","MO","63104",100.96,"Automatic","Green Purple","Not on Hold","Fair Shares - Thursday - Thursday","Debit on Delivery",0,0,0,2022-06-22,2026-02-11,NA,2026-02-13,249
2026-02-13 02:16:28,2017-07-18,"1 FSA/FSD","Combined CSA","FSD","St. Louis","MO","63119",295.37,"Automatic","None","Not on Hold","Fair Shares - Thursday - Thursday","Debit on Delivery",0,0,0,2017-08-17,2026-02-12,NA,2026-02-13,471
2026-01-29 02:24:00,2017-07-18,"1 Half (Half Share - EVEN week)","Combined CSA","UCB","St. Louis","MO","63117",107.62,"Automatic","Purple","Temp Hold","UCity - Wednesday","Debit on Delivery",0,0,0,2017-08-16,2026-01-28,NA,2026-02-13,1105
2024-09-13 03:58:49,2020-03-27,"1 BYO - No Share, Order Only (Weekly Shares)","Combined CSA","Fair Shares Thursday Pickup","St. Louis","MO","63116",0,"Automatic","None","Not on Hold","Fair Shares - Thursday - Thursday","Debit on Delivery",0,0,0,2020-04-02,2024-09-12,NA,2026-02-13,369
2026-02-06 02:18:02,2020-08-18,"1  (BYO) FSG - Orders Only","Combined CSA","Fair Shares Thursday Pickup","St. Louis","MO","63109-1614",2.37,"Automatic","Green","Not on Hold","Fair Shares - Thursday - Thursday","Debit on Delivery",0,0,0,2020-08-27,2026-02-05,NA,2026-02-13,330
2021-12-06 09:48:50,2021-04-06,"1 (BYO) UCG - Orders Only","Combined CSA","UCity Pickup","St louis","MO","63130",0,"Automatic","None","Not on Hold","UCity - Wednesday","Debit on Delivery",0,0,0,2021-04-14,2021-12-01,NA,2026-02-13,820
2021-07-05 08:31:52,2021-03-08,"1  (BYO) FSG - Orders Only","Combined CSA","Kirkwood Pickup","Kirkwood","MO","63122",0,"Automatic","Green","Not on Hold","Kirkwood - Thursday","Debit on Delivery",0,0,0,2021-03-25,2021-07-01,NA,2026-02-13,1942
2026-02-13 02:16:28,2021-02-13,"1 Half (Half Share - EVEN week)","Combined CSA","FSE","Edwardsville","IL","62025",65.89,"Automatic","Purple","Not on Hold","Fair Shares - Thursday - Thursday","Debit on Delivery",0,0,0,2021-02-24,2026-02-12,NA,2026-02-13,1505
2026-02-06 02:18:02,2020-04-03,"1 Half (Half Share - ODD week)","Combined CSA","FSE","Saint Louis","MO","63139",105.63,"Automatic","Orange","Not on Hold","Fair Shares - Thursday - Thursday","Debit on Delivery",0,0,0,2020-04-09,2026-02-05,NA,2026-02-13,1102
2021-01-26 10:56:19,2020-05-03,"1  (BYO) FSG - Orders Only","Combined CSA","Fair Shares Wednesday Pickup","St. Louis","MO","63110",84.24,"Automatic","None","Not on Hold","Fair Shares - Wednesday  - Wednesday","Debit on Delivery",0,0,0,2020-05-06,2021-01-20,NA,2026-02-13,1234
2024-05-27 16:47:10,2024-03-04,"1 (BYO) KWG - Orders Only (Weekly Shares)","Combined CSA","Kirkwood Pickup","Saint Louis","MO","63128",206.26,"Automatic","Purple","Not on Hold","Kirkwood - Thursday","Debit on Delivery",0,0,0,2024-04-11,2024-05-09,NA,2026-02-13,1770
2019-08-23 10:28:46,2018-08-02,"1 BYO - No Share, Order Only (Weekly Shares)","Combined CSA","Fair Shares Wednesday Pickup","St. Louis","MO","63121",-8.31,NA,"None","Hold","Fair Shares - Wednesday  - Wednesday","Debit on Delivery",0,0,0,2018-08-08,2019-07-24,NA,2026-02-13,1240
2023-10-13 10:09:27,2023-08-10,"1 (BYO) KWG - Orders Only (Weekly Shares)","Combined CSA","Kirkwood Pickup","Chesterfield","MO","63017",3.02,"Automatic","Green","Not on Hold","Kirkwood - Thursday","Debit on Delivery",0,0,0,2023-08-17,2023-10-12,NA,2026-02-13,1738
2022-05-02 09:02:11,2020-04-25,"1 (BYO) UCG - Orders Only","Combined CSA","UCity Pickup","Olivette","MO","63132",0,"Automatic","Green Orange","Not on Hold","UCity - Wednesday","Debit on Delivery",0,0,0,2020-04-29,2021-11-03,NA,2026-02-13,1216
2026-02-12 02:21:32,2023-03-20,"1 Half (Half Share - EVEN week), 1 No Produce - Order Only (odd wk)","Combined CSA","FSB","Brentwood","MO","63144",81.61,"Automatic","Green Purple","Not on Hold","Fair Shares - Wednesday  - Wednesday","Debit on Delivery",0,0,0,2023-04-05,2026-02-11,NA,2026-02-13,620
2025-08-10 03:39:55,2017-07-18,"1  (BYO) FSG - Orders Only","Combined CSA","Fair Shares Thursday Pickup","Jacksonville","FL","32256",0,"Automatic","Purple","Not on Hold","Fair Shares - Thursday - Thursday","Debit on Delivery",0,0,0,2017-08-16,2021-06-23,NA,2026-02-13,937
2025-03-28 14:24:51,2017-11-20,"1 FSA/FSD","Combined CSA","FSD","st. Louis","MO","63129",121.29,"Automatic","None","Hold","Fair Shares - Thursday - Thursday","Debit on Delivery",0,0,0,2017-11-23,2019-01-03,NA,2026-02-13,1993
2023-04-24 08:07:19,2020-08-17,"1 (BYO) UCG - Orders Only","Combined CSA","UCity Pickup","St. Louis","MO","63105",0,"Automatic","Green","Not on Hold","UCity - Wednesday","Debit on Delivery",0,0,0,2020-08-20,2023-02-15,NA,2026-02-13,1382
2026-02-13 02:16:28,2020-04-05,"1 Half (Half Share - EVEN week), 1 No Produce - Order Only (odd wk)","Combined CSA","KWB","Glendale","MO","63122",228.68,"Automatic","Green Purple","Not on Hold","Kirkwood - Thursday","Debit on Delivery",0,0,0,2020-04-09,2026-02-12,NA,2026-02-13,1419
2026-02-13 02:16:28,2017-07-18,"1 Mini (Weekly Shares)","Combined CSA","KWM","Webster Groves","MO","63119",64.77,"Automatic","None","Not on Hold","Kirkwood - Thursday","Debit on Delivery",0,0,0,2017-08-16,2026-02-12,NA,2026-02-13,1763
2026-02-05 03:54:31,2024-04-06,"1  (BYO) FSG - Orders Only","Combined CSA","Fair Shares Wednesday Pickup","St. Louis","MO","63109",0,"Automatic","None","Not on Hold","Fair Shares - Wednesday  - Wednesday","Debit on Delivery",0,0,0,2024-04-10,2026-02-04,NA,2026-02-13,1289
2023-08-29 13:03:38,2017-07-20,"1 BYO - No Share, Order Only (Weekly Shares)","Combined CSA","Fair Shares Thursday Pickup","St. Louis","63366","55555",68.89,NA,"Purple","Hold","Fair Shares - Thursday - Thursday","Debit on Delivery",0,0,0,2017-08-17,2019-10-10,NA,2026-02-13,159
2026-02-12 02:21:32,2017-07-18,"1 Mini (Weekly Shares)","Combined CSA","UCM","St. Louis","MO","63103",47.16,"Automatic","None","Not on Hold","UCity - Wednesday","Debit on Delivery",0,0,0,2017-08-16,2026-02-11,NA,2026-02-13,809
2024-04-02 15:44:08,2023-03-17,"1  (BYO) FSG - Orders Only","Combined CSA","Fair Shares Wednesday Pickup","St Louis","MO","63111",0,"Automatic","Green","Not on Hold","Fair Shares - Wednesday  - Wednesday","Debit on Delivery",0,0,0,2023-03-29,2024-03-06,NA,2026-02-13,1925
2022-08-11 12:26:48,2018-04-12,"1  (BYO) FSG - Orders Only","Combined CSA","Fair Shares Thursday Pickup","St. Louis","MO","63130",0,"Automatic","Orange","Not on Hold","Fair Shares - Thursday - Thursday","Debit on Delivery",0,0,0,2018-04-19,2022-04-21,NA,2026-02-13,966
2020-10-02 04:06:07,2017-07-18,"1 (BYO) UCG - Orders Only","Combined CSA","UCity Pickup","St. Louis","MO","63124",0,"Automatic","Purple","Not on Hold","UCity - Wednesday","Debit on Delivery",0,0,0,2017-08-16,2020-09-30,NA,2026-02-13,1588
2026-02-06 02:18:02,2024-05-06,"1 FSA/FSD","Combined CSA","FSD","Saint Louis","MO","63116",92.86,"Automatic","None","Temp Hold","Fair Shares - Thursday - Thursday","Debit on Delivery",0,0,0,2024-05-09,2026-02-05,NA,2026-02-13,734
2023-10-08 08:20:55,2022-12-08,"1  (BYO) FSG - Orders Only","Combined CSA","Fair Shares Thursday Pickup","Saint Louis","MO","63126",0,"Automatic","None","Not on Hold","Fair Shares - Thursday - Thursday","Debit on Delivery",0,0,0,2022-12-15,2023-09-28,NA,2026-02-13,1188
2026-02-13 02:16:28,2018-08-16,"1 Half (Half Share - EVEN week), 1 No Produce - Order Only (odd wk)","Combined CSA","FSE","Webster Groves","MO","63119",117.55,"Automatic","Blue Purple","Not on Hold","Fair Shares - Thursday - Thursday","Debit on Delivery",0,0,0,2018-08-22,2026-02-12,NA,2026-02-13,1839
2024-08-19 14:44:57,2020-05-09,"1 (BYO) UCG - Orders Only","Combined CSA","UCity Pickup","Saint Louis","MO","63121",0,"Automatic","None","Not on Hold","UCity - Wednesday","Debit on Delivery",0,0,0,2020-05-13,2022-11-23,NA,2026-02-13,1621
2026-02-13 02:16:28,2025-10-20,"1 Mini (Weekly Shares)","Combined CSA","FSMini-t","Saint Louis","MO","63110",77.29,"Automatic","None","Not on Hold","Fair Shares - Thursday - Thursday","Debit on Delivery",0,0,0,2025-10-23,2026-02-12,NA,2026-02-13,638
2026-02-05 02:23:17,2024-03-25,"1 Half (Half Share - ODD week)","Combined CSA","FSB","Saint Louis","MO","63105",6.16,"Automatic","Orange","Not on Hold","Fair Shares - Wednesday  - Wednesday","Debit on Delivery",0,0,0,2024-04-04,2026-02-04,NA,2026-02-13,1147
2026-02-12 02:21:32,2025-02-03,"1 FSA/FSD","Combined CSA","FSA","St. Louis","MO","63118",425.75,"Automatic","None","Not on Hold","Fair Shares - Wednesday  - Wednesday","Debit on Delivery",0,0,0,2025-02-05,2026-02-11,NA,2026-02-13,508
2026-02-12 02:21:32,2017-07-18,"1 FSA/FSD","Combined CSA","FSA","St. Louis","MO","63108",187.79,"Automatic","None","Not on Hold","Fair Shares - Wednesday  - Wednesday","Debit on Delivery",0,0,0,2017-08-16,2026-02-11,NA,2026-02-13,1627
2026-02-13 02:16:28,2021-04-12,"1 Half (Half Share - EVEN week), 1 No Produce - Order Only (odd wk)","Combined CSA","FSE","St. Louis","MO","63110",112.24,"Automatic","Green Purple","Not on Hold","Fair Shares - Thursday - Thursday","Debit on Delivery",0,0,0,2021-04-15,2026-02-12,NA,2026-02-13,904
2026-02-06 03:51:13,2020-12-31,"1 Half (Half Share - ODD week), 1 No Produce - Order Only (even wk)","Combined CSA","UCB","University City","MO","63130",224.61,"Automatic","Green Orange","Not on Hold","UCity - Wednesday","Debit on Delivery",0,0,0,2021-01-07,2026-02-04,NA,2026-02-13,262
2025-11-25 13:55:02,2021-04-08,"1  (BYO) FSG - Orders Only","Combined CSA","Fair Shares Wednesday Pickup","St. Louis","MO","63116",0,NA,"None","Not on Hold","Fair Shares - Wednesday  - Wednesday",NA,0,0,0,2021-04-08,2025-07-09,NA,2026-02-13,589
2024-12-05 17:40:20,2018-04-09,"1 BYO - No Share, Order Only (Weekly Shares)","Combined CSA","Fair Shares Wednesday Pickup","Saint Louis","MO","63110",220.21,"Automatic","None","Not on Hold","Fair Shares - Wednesday  - Wednesday","Debit on Delivery",0,0,0,2018-04-11,2022-01-26,NA,2026-02-13,833
2025-03-28 14:27:55,2017-07-18,"1 FSA/FSD","Combined CSA","FSD","St. Louis","MO","63108",0,"Automatic","None","Hold","Fair Shares - Thursday - Thursday","Debit on Delivery",0,0,0,2017-08-16,2024-07-18,NA,2026-02-13,462
2026-02-13 03:51:01,2022-09-15,"1 FSC","Combined CSA","FSC-T","Ballwin","MO","63021",-0.01,"Automatic","Green","Not on Hold","Fair Shares - Thursday - Thursday","Debit on Delivery",0,0,0,2022-09-28,2026-02-12,NA,2026-02-13,171
2026-02-05 03:54:40,2024-03-22,"1 Half (Half Share - ODD week)","Combined CSA","FSB","Saint Louis","MO","63119",143.91,"Automatic","Orange","Not on Hold","Fair Shares - Wednesday  - Wednesday","Debit on Delivery",0,0,0,2024-04-03,2026-02-04,NA,2026-02-13,296
2024-03-23 14:56:11,2020-05-09,"1 (BYO) KWG - Orders Only (Weekly Shares)","Combined CSA","Kirkwood Pickup","Fenton","MO","63026",0,"Automatic","Green Blue Purple","Not on Hold","Kirkwood - Thursday","Debit on Delivery",0,0,0,2020-05-14,2023-10-19,NA,2026-02-13,861
2023-06-27 16:38:47,2021-10-28,"1 (BYO) UCG - Orders Only","Combined CSA","UCity Pickup","University City","MO","63130",0,"Automatic","Green","Not on Hold","UCity - Wednesday","Debit on Delivery",0,0,0,2021-11-03,2023-05-03,NA,2026-02-13,1530
