"last_modified_date","sign_up","subscription","season_member_page","pickup_site","city","state","zip","balance","payment","issues","status","route_name","payment_plan","discount","future_pending_payments","future_deliveries","first_delivery_date","last_delivery_date","coupon_id","file_date","member_id"
2026-09-24 02:41:05,2017-07-18,"1 Half (Half Share - EVEN week)","Combined CSA","FSB","St. Louis","MO","63104",716.46,"Automatic","Purple","Not on Hold","Fair Shares - Wednesday  - Wednesday","$150",0,0,0,2017-08-16,2026-09-23,NA,2026-09-25,1084
2026-01-02 08:42:53,2025-02-21,"1  (BYO) FSG - Orders Only","Combined CSA","Fair Shares Thursday Pickup","Saint Louis","MO","63109",0,"Automatic","None","Not on Hold","Fair Shares - Thursday - Thursday","Debit on Delivery",0,0,0,2025-02-27,2025-10-02,NA,2026-09-25,140
2026-09-24 03:52:43,2020-08-31,"1 Mini (Weekly Shares)","Combined CSA","FSMini-w","St. Louis","MO","63104",164.96,"Automatic","Green","Not on Hold","Fair Shares - Wednesday  - Wednesday","$150",0,0,0,2020-09-03,2026-09-23,NA,2026-09-25,1474
2026-07-31 02:36:46,2017-07-18,"1  (BYO) FSG - Orders Only","Combined CSA","Fair Shares Thursday Pickup","St. Louis","MO","63139",169.32,"Automatic","None","Not on Hold","Fair Shares - Thursday - Thursday","$600",0,0,0,2017-08-23,2026-07-30,NA,2026-09-25,1771
2026-09-25 02:41:09,2018-12-20,"1 Half (Half Share - EVEN week), 4 2% MILK-e","Combined CSA","FSE","Clayton","MO","63105",338.79,"Automatic","Purple","Not on Hold","Fair Shares - Thursday - Thursday","$600",0,0,0.27,2018-12-20,2026-09-24,NA,2026-09-25,1864
2026-04-27 09:37:09,2017-07-20,"1  (BYO) FSG - Orders Only","Combined CSA","Fair Shares Thursday Pickup","St. Louis","MO","63119",0,"Automatic","None","Hold","Fair Shares - Thursday - Thursday","Debit on Delivery",0,0,0,2017-08-17,2026-02-26,NA,2026-09-25,76
2024-01-21 10:52:58,2020-05-20,"1  (BYO) FSG - Orders Only","Combined CSA","Fair Shares Wednesday Pickup","St Louis","MO","63109",0,"Automatic","Purple","Not on Hold","Fair Shares - Wednesday  - Wednesday","Debit on Delivery",0,0,0,2020-05-27,2024-01-10,NA,2026-09-25,399
2024-12-05 17:43:33,2017-07-18,"1  (BYO) FSG - Orders Only","Combined CSA","Fair Shares Thursday Pickup","St. Louis","MO","63126",0,"Automatic","None","Not on Hold","Fair Shares - Thursday - Thursday","Debit on Delivery",0,0,0,2017-08-24,2024-01-18,NA,2026-09-25,1730
2026-03-30 10:43:33,2017-07-20,"1 BYO - No Share, Order Only (Weekly Shares)","Combined CSA","Fair Shares Thursday Pickup","St. Louis","MO","63119",0,NA,"None","Hold","Fair Shares - Thursday - Thursday","Debit on Delivery",0,0,0,2017-08-17,2018-03-01,NA,2026-09-25,705
2026-09-18 02:37:33,2024-06-18,"1 Half (Half Share - ODD week)","Combined CSA","FSE","St Louis","MO","63104",272.46,"Automatic","Green Orange","Not on Hold","Fair Shares - Thursday - Thursday","$300",0,0,0,2024-06-27,2026-09-17,NA,2026-09-25,834
2020-10-23 02:49:34,2020-08-01,"1  (BYO) FSG - Orders Only","Combined CSA","Fair Shares Thursday Pickup","St. Louis","MO","63139",1.59,"Automatic","None","Not on Hold","Fair Shares - Thursday - Thursday","Debit on Delivery",0,0,0,2020-08-06,2020-10-22,NA,2026-09-25,668
2026-09-25 04:02:43,2019-08-16,"1 UCA/KWA","Combined CSA","KWA","Kirkwood","MO","63122",313.56,"Automatic","None","Not on Hold","Kirkwood - Thursday","$300",0,0,0,2019-08-22,2026-09-24,NA,2026-09-25,1746
2026-04-24 08:09:08,2024-01-02,"1  (BYO) FSG - Orders Only","Combined CSA","Fair Shares Thursday Pickup","St. Louis","MO","63112",0,"Automatic","None","Not on Hold","Fair Shares - Thursday - Thursday","Debit on Delivery",0,0,0,2024-01-10,2026-02-26,NA,2026-09-25,855
2026-09-19 02:07:29,2019-08-13,"1 (BYO) UCG - Orders Only","Combined CSA","UCity Pickup","St. Louis","MO","63105",0,"Automatic","Payment","Not on Hold","UCity - Wednesday","Debit on Delivery",0,0,0,2019-08-14,2026-09-16,NA,2026-09-25,828
2026-09-19 02:07:29,2020-06-26,"1 Half (Half Share - ODD week)","Combined CSA","FSE","Chesterfield","MO","63005",218.03,"Automatic","Green Orange","Not on Hold","Fair Shares - Thursday - Thursday","$150",0,0,0,2020-07-02,2026-09-17,NA,2026-09-25,1047
2023-11-28 13:32:09,2022-01-13,"1  (BYO) FSG - Orders Only","Combined CSA","Fair Shares Thursday Pickup","Kirkwood","MO","63122",165.42,"Automatic","Green","Not on Hold","Fair Shares - Thursday - Thursday","Debit on Delivery",0,0,0,2022-01-19,2023-11-23,NA,2026-09-25,408
2025-07-22 09:10:36,2020-05-09,"1 (BYO) UCG - Orders Only","Combined CSA","UCity Pickup","St. Louis","MO","63124",0,"Automatic","Green","Not on Hold","UCity - Wednesday","Debit on Delivery",0,0,0,2020-05-14,2024-11-27,NA,2026-09-25,1434
2024-09-27 02:42:15,2021-06-13,"1 (BYO) KWG - Orders Only (Weekly Shares)","Combined CSA","Kirkwood Pickup","St. Louis","MO","63122",38.09,"Automatic","Orange","Not on Hold","Kirkwood - Thursday","Debit on Delivery",0,0,0,2021-06-17,2024-09-26,NA,2026-09-25,1753
2026-01-23 03:52:43,2025-08-04,"1 (BYO) KWG - Orders Only (Weekly Shares)","Combined CSA","Kirkwood Pickup","Kirkwood","MO","63122",0,"Automatic","None","Not on Hold","Kirkwood - Thursday","Debit on Delivery",0,0,0,2025-08-07,2026-01-22,NA,2026-09-25,558
2021-05-13 15:55:00,2021-04-01,"1  (BYO) FSG - Orders Only","Combined CSA","Fair Shares Thursday Pickup","St. Louis","MO","63118",0,NA,"None","Not on Hold","Fair Shares - Thursday - Thursday",NA,0,0,0,2021-04-08,2021-05-13,NA,2026-09-25,1133
2026-02-27 02:16:07,2017-07-18,"1 Half (Half Share - EVEN week), 1 No Produce - Order Only (odd wk)","Combined CSA","UCB","St. Louis","MO","63130",0,"Automatic","Blue Purple","Hold","UCity - Wednesday","Debit on Delivery",0,0,0,2017-08-16,2026-02-25,NA,2026-09-25,659
2024-04-02 20:03:51,2020-04-21,"1  (BYO) FSG - Orders Only","Combined CSA","Fair Shares Thursday Pickup","St. Louis","MO","63108",111,"Automatic","Purple","Not on Hold","Fair Shares - Thursday - Thursday","Debit on Delivery",0,0,0,2020-04-23,2024-03-06,NA,2026-09-25,1435
2021-09-04 07:54:27,2020-06-01,"1  (BYO) FSG - Orders Only","Combined CSA","Fair Shares Thursday Pickup","Saint Louis","MO","63110",0,"Automatic","Green","Not on Hold","Fair Shares - Thursday - Thursday","Debit on Delivery",0,0,0,2020-06-04,2021-09-02,NA,2026-09-25,748
2025-12-31 03:57:41,2017-07-20,"1  (BYO) FSG - Orders Only","Combined CSA","Fair Shares Thursday Pickup","St. Louis","MO","63108",0,"Automatic","None","Not on Hold","Fair Shares - Thursday - Thursday","Debit on Delivery",0,0,0,2017-08-17,2023-01-12,NA,2026-09-25,378
2026-04-20 14:09:15,2021-05-25,"1 (BYO) KWG - Orders Only (Weekly Shares)","Combined CSA","Kirkwood Pickup","Bloomsdale","MO","63627",0,"Automatic","None","Not on Hold","Kirkwood - Thursday","Debit on Delivery",0,0,0,2021-05-27,2026-02-26,NA,2026-09-25,312
2026-04-21 07:53:49,2017-07-18,"1  (BYO) FSG - Orders Only","Combined CSA","Fair Shares Thursday Pickup","St. Louis","MO","63103",0.01,"Automatic","None","Not on Hold","Fair Shares - Thursday - Thursday","Debit on Delivery",0,0,0,2017-08-16,2026-02-26,NA,2026-09-25,1819
2021-03-18 08:17:39,2020-03-31,"1  (BYO) FSG - Orders Only","Combined CSA","Fair Shares Thursday Pickup","St. Louis","MO","63116",0,"Automatic","None","Not on Hold","Fair Shares - Thursday - Thursday","Debit on Delivery",0,0,0,2020-04-02,2021-02-25,NA,2026-09-25,90
2026-09-24 02:41:05,2026-07-15,"1 UCA/KWA","Combined CSA","UCA","Clayton","MO","63105-3103",264.75,"Automatic","None","Not on Hold","UCity - Wednesday","$300",0,0,0,2026-07-22,2026-09-23,NA,2026-09-25,1004
2026-09-24 02:41:05,2026-09-19,"1 FSA/FSD","Combined CSA","FSA","St. Louis","MO","63139",520.21,"Automatic","None","Not on Hold","Fair Shares - Wednesday  - Wednesday","$600",0,0,0,2026-09-23,2026-09-23,NA,2026-09-25,660
2026-09-25 04:02:45,2026-09-20,"1 Guest Access, 1 FSA/FSD (ONCE 2026-10-01)","Combined CSA","FSD","St Louis","MO","63110",0,"Automatic","None","Not on Hold","Fair Shares - Thursday - Thursday","Debit on Delivery",0,0,0,2026-09-24,2026-09-24,NA,2026-09-25,811
2026-04-26 22:14:56,2022-07-08,"1 (BYO) KWG - Orders Only (Weekly Shares)","Combined CSA","Kirkwood Pickup","Saint Louis","MO","63123",0,"Automatic","Green","Hold","Kirkwood - Thursday","Debit on Delivery",0,0,0,2022-07-14,2026-01-22,NA,2026-09-25,1408
2026-01-11 04:18:11,2025-01-10,"1 (BYO) KWG - Orders Only (Weekly Shares)","Combined CSA","Kirkwood Pickup","Affton","MO","63123",6.17,"Automatic","Orange","Not on Hold","Kirkwood - Thursday","Debit on Delivery",0,0,0,2025-01-16,2026-01-08,NA,2026-09-25,102
2020-07-29 11:41:20,2020-07-29,"1 BYO - No Share, Order Only (Weekly Shares)","Combined CSA","Fair Shares Wednesday Pickup","St. Louis","MO","63110",0,NA,"None","Not on Hold","Fair Shares - Wednesday  - Wednesday",NA,0,0,0,NA,NA,NA,2026-09-25,1880
2026-03-27 08:04:05,2017-07-18,"1 BYO - No Share, Order Only (Weekly Shares)","Combined CSA","Fair Shares Wednesday Pickup","St. Louis","MO","63102",0,NA,"Purple","Hold","Fair Shares - Wednesday  - Wednesday",NA,0,0,0,2017-08-16,2019-02-13,NA,2026-09-25,221
2025-11-28 03:48:04,2022-04-01,"1  (BYO) FSG - Orders Only","Combined CSA","Fair Shares Thursday Pickup","St. Louis","MO","63110",0,"Automatic","Green","Not on Hold","Fair Shares - Thursday - Thursday","Debit on Delivery",0,0,0,2022-04-07,2025-11-27,NA,2026-09-25,1005
2026-09-24 03:53:01,2024-06-19,"1 Half (Half Share - EVEN week)","Combined CSA","UCB","University City","MO","63130",179.22,"Automatic","Purple","Not on Hold","UCity - Wednesday","$150",0,0,0,2024-06-26,2026-09-23,NA,2026-09-25,892
2026-04-13 12:39:51,2017-07-18,"1 (BYO) UCG - Orders Only","Combined CSA","UCity Pickup","St. Louis","MO","63105",77.55,"Automatic","Orange","Not on Hold","UCity - Wednesday","Debit on Delivery",0,0,0,2017-08-23,2026-02-18,NA,2026-09-25,1034
2026-03-27 08:04:30,2017-07-18,"1 BYO - No Share, Order Only (Weekly Shares)","Combined CSA","Fair Shares Wednesday Pickup","St. Louis","63108","MO",0,"Automatic","None","Hold","Fair Shares - Wednesday  - Wednesday","Debit on Delivery",0,0,0,2017-08-17,2018-09-12,NA,2026-09-25,930
2026-09-24 02:41:05,2024-08-16,"1 Mini (Weekly Shares)","Combined CSA","FSMini-w","Saint Louis","MO","63118",113.68,"Automatic","None","Not on Hold","Fair Shares - Wednesday  - Wednesday","$150",0,0,0,2024-08-21,2026-09-23,NA,2026-09-25,190
2024-03-07 03:46:16,2022-04-21,"1  (BYO) FSG - Orders Only","Combined CSA","Fair Shares Wednesday Pickup","Saint Louis","MO","63118",0,"Automatic","Purple","Not on Hold","Fair Shares - Wednesday  - Wednesday","Debit on Delivery",0,0,0,2022-04-27,2024-03-06,NA,2026-09-25,220
2026-09-24 02:41:05,2017-07-18,"1 2% MILK, 1 FSA/FSD","Combined CSA","FSA","St. Louis","MO","63108",198.5,"Automatic","None","Not on Hold","Fair Shares - Wednesday  - Wednesday","$600",0,0,0,2017-08-16,2026-09-23,NA,2026-09-25,1830
2025-10-29 10:11:30,2025-02-25,"1  (BYO) FSG - Orders Only","Combined CSA","Fair Shares Thursday Pickup","St Louis","MO","63108",0,"Automatic","None","Not on Hold","Fair Shares - Thursday - Thursday","Debit on Delivery",0,0,0,2025-04-03,2025-10-16,NA,2026-09-25,562
2026-03-27 07:07:33,2023-11-30,"1  (BYO) FSG - Orders Only","Combined CSA","Fair Shares Wednesday Pickup","St. Louis","MO","63109",0,"Automatic","Purple","Hold","Fair Shares - Wednesday  - Wednesday","Debit on Delivery",0,0,0,2023-12-06,2025-08-13,NA,2026-09-25,1141
2025-01-30 19:10:10,2021-09-14,"1  (BYO) FSG - Orders Only","Combined CSA","Fair Shares Thursday Pickup","St. Louis","MO","63104",0,"Automatic","None","Not on Hold","Fair Shares - Thursday - Thursday","Debit on Delivery",0,0,0,2021-09-16,2025-01-30,NA,2026-09-25,1421
2026-09-24 03:52:45,2017-07-18,"1 Mini (Weekly Shares)","Combined CSA","UCM","St. Louis","MO","63132",190.25,"Automatic","None","Not on Hold","UCity - Wednesday","$150",0,0,0,2017-08-16,2026-09-23,NA,2026-09-25,1448
2026-04-20 07:02:10,2017-10-12,"1  (BYO) FSG - Orders Only","Combined CSA","Fair Shares Thursday Pickup","Saint Louis","MO","63116",0,"Automatic","None","Hold","Fair Shares - Thursday - Thursday","Debit on Delivery",0,0,0,2017-10-25,2023-05-18,NA,2026-09-25,1164
2025-06-12 02:38:30,2024-08-29,"1 (BYO) UCG - Orders Only","Combined CSA","UCity Pickup","Saint Louis","MO","63112",0.2,"Automatic","None","Not on Hold","UCity - Wednesday","Debit on Delivery",0,0,0,2024-09-04,2025-06-11,NA,2026-09-25,752
2026-03-27 07:59:20,2017-08-18,"1 BYO - No Share, Order Only (Weekly Shares)","Combined CSA","Fair Shares Wednesday Pickup","St. Louis","MO","63104",0,NA,"Purple","Not on Hold","Fair Shares - Wednesday  - Wednesday","Debit on Delivery",0,0,0,2017-08-31,2020-07-08,NA,2026-09-25,261
2026-09-18 02:37:33,2024-02-19,"1 Mini (Weekly Shares)","Combined CSA","FSMini-t","Manchester","MO","63088",137.27,"Automatic","None","Temp Hold","Fair Shares - Thursday - Thursday","$150",0,0,0,2024-02-22,2026-09-17,NA,2026-09-25,1750
2026-04-20 06:12:48,2023-10-22,"1 (BYO) UCG - Orders Only","Combined CSA","UCity Pickup","Saint Louis","MO","63141",0,"Automatic","None","Hold","UCity - Wednesday","Debit on Delivery",0,0,0,2023-10-25,2024-05-08,NA,2026-09-25,1861
2026-08-13 03:58:09,2023-11-18,"1  (BYO) FSG - Orders Only","Combined CSA","Fair Shares Wednesday Pickup","St. Louis","MO","63110",0,"Automatic","None","Not on Hold","Fair Shares - Wednesday  - Wednesday","Debit on Delivery",0,0,0,2023-11-29,2026-02-25,NA,2026-09-25,553
2026-09-17 02:45:10,2021-01-10,"1 Half (Half Share - ODD week), 1 No Produce - Order Only (even wk)","Combined CSA","UCB","Ladue","MO","63124",97.57,"Automatic","Orange","Not on Hold","UCity - Wednesday","$300",0,0,0,2021-01-13,2026-09-16,NA,2026-09-25,162
2020-10-11 20:47:30,2020-05-21,"1  (BYO) FSG - Orders Only","Combined CSA","Fair Shares Thursday Pickup","SAINT LOUIS","MO","63139",0,"Automatic","None","Not on Hold","Fair Shares - Thursday - Thursday","Debit on Delivery",0,0,0,2020-05-28,2020-10-08,NA,2026-09-25,1824
2026-09-25 02:41:09,2024-11-18,"1 UCA/KWA","Combined CSA","KWA","Saint louis","MO","63124",208.88,"Automatic","None","Not on Hold","Kirkwood - Thursday","$300",0,0,0,2024-12-04,2026-09-24,NA,2026-09-25,326
2026-03-27 08:06:49,2017-07-18,"1 BYO - No Share, Order Only (Weekly Shares)","Combined CSA","Fair Shares Wednesday Pickup","St. Louis","63114","MO",0,"Automatic","None","Not on Hold","Fair Shares - Wednesday  - Wednesday","Debit on Delivery",0,0,0,2017-08-16,2018-05-09,NA,2026-09-25,106
2026-09-24 03:53:05,2025-05-10,"1 Half (Half Share - EVEN week)","Combined CSA","FSB","St. Louis","MO","63119",129.08,"Automatic","Purple","Not on Hold","Fair Shares - Wednesday  - Wednesday","$150",0,0,0,2025-05-15,2026-09-23,NA,2026-09-25,960
2021-08-17 12:49:42,2020-05-02,"1  (BYO) FSG - Orders Only","Combined CSA","Fair Shares Thursday Pickup","St. Louis","MO","63117",0,"Automatic","None","Not on Hold","Fair Shares - Thursday - Thursday","Debit on Delivery",0,0,0,2020-05-07,2021-08-12,NA,2026-09-25,152
2024-09-20 02:42:40,2020-01-16,"1  (BYO) FSG - Orders Only","Combined CSA","Fair Shares Thursday Pickup","St. Louis","MO","63110",0.3,"Automatic","None","Not on Hold","Fair Shares - Thursday - Thursday","Debit on Delivery",0,0,0,2020-01-22,2024-09-19,NA,2026-09-25,1641
2026-09-24 03:52:51,2017-07-20,"1 Half (Half Share - EVEN week)","Combined CSA","FSB","St. Louis","63139","63139",136.45,"Automatic","Purple","Not on Hold","Fair Shares - Wednesday  - Wednesday","$150",0,0,0,2017-08-17,2026-09-23,NA,2026-09-25,986
2025-04-07 10:25:29,2023-01-12,"1  (BYO) FSG - Orders Only","Combined CSA","Fair Shares Thursday Pickup","High Ridge","MO","63409",0,"Automatic","Green Purple","Not on Hold","Fair Shares - Thursday - Thursday","Debit on Delivery",0,0,0,2023-01-19,2025-01-30,NA,2026-09-25,836
2022-01-20 03:51:57,2017-07-18,"1  (BYO) FSG - Orders Only","Combined CSA","Fair Shares Wednesday Pickup","St. Louis","MO","63110",0,"Automatic","Purple","Not on Hold","Fair Shares - Wednesday  - Wednesday","Debit on Delivery",0,0,0,2017-08-16,2022-01-19,NA,2026-09-25,1454
2026-07-03 03:52:48,2017-07-18,"1  (BYO) FSG - Orders Only","Combined CSA","Fair Shares Thursday Pickup","St. Louis","63130","63130",0.01,"Automatic","None","Not on Hold","Fair Shares - Thursday - Thursday","Debit on Delivery",0,0,0,2017-08-16,2026-07-02,NA,2026-09-25,1496
2026-09-11 03:54:36,2026-08-23,"1 Guest Access","Combined CSA","FSE","Webster Groves","MO","63119",0,"Automatic","None","Not on Hold","Fair Shares - Thursday - Thursday","Debit on Delivery",0,0,0,2026-08-27,2026-09-10,NA,2026-09-25,982
2026-09-25 04:02:49,2026-09-01,"1 Guest Access","Combined CSA","FSD","St  Louis","MO","63116",150,"Automatic","None","Not on Hold","Fair Shares - Thursday - Thursday","$150",0,0,0,2026-09-10,2026-09-17,NA,2026-09-25,505
2026-09-24 02:41:05,2019-07-28,"1 Half (Half Share - EVEN week)","Combined CSA","UCB","Richmond Heights","MO","63117",126.07,"Automatic","Purple","Not on Hold","UCity - Wednesday","$150",0,0,0,2019-07-31,2026-09-23,NA,2026-09-25,178
2026-09-23 11:59:46,2025-07-31,"1 Mini (Weekly Shares)","Combined CSA","FSMini-t","St. Louis","MO","63116",115.78,"Automatic","Orange","Not on Hold","Fair Shares - Thursday - Thursday","$150",0,0,0,2025-08-07,2026-09-17,NA,2026-09-25,722
2021-01-04 12:41:50,2020-04-26,"1  (BYO) FSG - Orders Only","Combined CSA","Fair Shares Thursday Pickup","Webster Groves","MO","63119",0,"Automatic","None","Not on Hold","Fair Shares - Thursday - Thursday","Debit on Delivery",0,0,0,2020-04-30,2020-12-24,NA,2026-09-25,1794
2026-09-06 14:14:21,2026-07-04,"1 Guest Access","Combined CSA","Fair Shares Thursday Pickup","St Louis","MO","63110",0,"Automatic","None","Not on Hold","Fair Shares - Thursday - Thursday","Debit on Delivery",0,0,0,2026-07-09,2026-07-16,NA,2026-09-25,36
2026-08-18 16:54:22,2026-04-21,"1 (BYO) KWG - Orders Only (Weekly Shares)","Combined CSA","Kirkwood Pickup","Fenton","MO","63026",307.42,"Automatic","None","Not on Hold","Kirkwood - Thursday","Debit on Delivery",0,0,0,2026-04-30,2026-07-23,NA,2026-09-25,246
2026-09-17 02:45:10,2024-04-05,"1 Half (Half Share - ODD week)","Combined CSA","FSB","Saint Louis","MO","63116",226.55,"Automatic","Orange","Not on Hold","Fair Shares - Wednesday  - Wednesday","$300",0,0,0,2024-04-10,2026-09-16,NA,2026-09-25,1174
2025-08-27 10:59:31,2023-04-10,"1 (BYO) UCG - Orders Only","Combined CSA","UCity Pickup","St. Louis","MO","63124",0,"Automatic","Green Purple","Hold","UCity - Wednesday","Debit on Delivery",0,0,0,2023-04-19,2024-10-09,NA,2026-09-25,1631
2025-05-15 02:27:17,2021-06-11,"1 (BYO) UCG - Orders Only","Combined CSA","UCity Pickup","St Louis","MO","63146",82.59,"Automatic","Green","Not on Hold","UCity - Wednesday","Debit on Delivery",0,0,0,2021-06-16,2025-05-14,NA,2026-09-25,1118
2026-05-14 14:02:55,2021-04-05,"1  (BYO) FSG - Orders Only","Combined CSA","Fair Shares Thursday Pickup","Saint Louis","MO","63118",0,NA,"None","Not on Hold","Fair Shares - Thursday - Thursday",NA,0,0,0,2021-04-21,2026-05-14,NA,2026-09-25,1249
2025-02-25 19:19:48,2025-02-25,"1  (BYO) FSG - Orders Only","Combined CSA","Fair Shares Thursday Pickup","St. Louis","MO","63110",0,NA,"None","Not on Hold","Fair Shares - Thursday - Thursday",NA,0,0,0,NA,NA,NA,2026-09-25,183
2026-04-20 05:40:56,2020-04-20,"1  (BYO) FSG - Orders Only","Combined CSA","Fair Shares Wednesday Pickup","St. Louis","MO","63139",183.97,"Automatic","None","Hold","Fair Shares - Wednesday  - Wednesday","Debit on Delivery",0,0,0,2020-04-22,2025-04-09,NA,2026-09-25,1930
2026-04-20 14:10:25,2020-03-20,"1  (BYO) FSG - Orders Only","Combined CSA","Fair Shares Wednesday Pickup","Saint Louis","MO","63110",0,"Automatic","Purple","Not on Hold","Fair Shares - Wednesday  - Wednesday","Debit on Delivery",0,0,0,2020-03-25,2026-02-11,NA,2026-09-25,1348
2026-09-24 03:52:59,2026-03-04,"1 Mini (Weekly Shares)","Combined CSA","FSMini-w","Saint louis","MO","63109",197.12,"Automatic","None","Not on Hold","Fair Shares - Wednesday  - Wednesday","$150",0,0,0,2026-04-29,2026-09-23,NA,2026-09-25,235
2026-03-27 08:07:26,2017-07-18,"1 BYO - No Share, Order Only (Weekly Shares)","Combined CSA","Fair Shares Wednesday Pickup","Creve Coeur","MO","63141",0,"Automatic","None","Not on Hold","Fair Shares - Wednesday  - Wednesday","Debit on Delivery",0,0,0,2017-08-16,2020-07-08,NA,2026-09-25,1795
2026-09-24 03:53:06,2025-11-22,"1 FSA/FSD","Combined CSA","FSA","Saint Louis","MO","63139",365.4,"Automatic","None","Not on Hold","Fair Shares - Wednesday  - Wednesday","$300",0,0,0,2025-11-26,2026-09-23,NA,2026-09-25,952
2026-03-27 07:51:13,2018-10-01,"1 BYO - No Share, Order Only (Weekly Shares)","Combined CSA","Fair Shares Wednesday Pickup","St Louis","MO","63109",0,"Automatic","None","Not on Hold","Fair Shares - Wednesday  - Wednesday","Debit on Delivery",0,0,0,2018-10-03,2019-11-06,NA,2026-09-25,1049
2026-05-14 02:27:41,2017-07-18,"1  (BYO) FSG - Orders Only","Combined CSA","Fair Shares Thursday Pickup","St. Louis","MO","63116",0,"Automatic","Payment Blue Orange","Not on Hold","Fair Shares - Thursday - Thursday","Debit on Delivery",0,0,0,2017-08-24,2026-02-19,NA,2026-09-25,610
2026-09-25 02:41:09,2017-07-18,"1 FSA/FSD","Combined CSA","FSD","St. Louis","MO","63109",221.14,"Automatic","None","Not on Hold","Fair Shares - Thursday - Thursday","$300",0,0,12.37,2017-08-16,2026-09-24,NA,2026-09-25,287
2026-09-24 03:53:03,2026-07-12,"1 Mini (Weekly Shares)","Combined CSA","FSMini-w","Saint Louis","MO","63110",198.57,"Automatic","None","Not on Hold","Fair Shares - Wednesday  - Wednesday","$150",0,0,0,2026-07-15,2026-09-23,NA,2026-09-25,256
2026-08-04 14:18:11,2017-07-20,"1  (BYO) FSG - Orders Only","Combined CSA","Fair Shares Thursday Pickup","St. Louis","MO","63118",100.93,"Automatic","Purple","Not on Hold","Fair Shares - Thursday - Thursday","Debit on Delivery",0,0,0,2017-08-17,2026-07-30,NA,2026-09-25,1243
2025-07-31 04:01:32,2020-04-17,"1 (BYO) UCG - Orders Only","Combined CSA","UCity Pickup","St. Louis","MO","63105",0,"Automatic","None","Not on Hold","UCity - Wednesday","Debit on Delivery",0,0,0,2020-04-22,2025-07-30,NA,2026-09-25,1151
2022-05-23 08:21:26,2020-05-18,"1  (BYO) FSG - Orders Only","Combined CSA","Fair Shares Thursday Pickup","St. Louis","MO","63109",0,"Automatic","Green Purple","Not on Hold","Fair Shares - Thursday - Thursday","Debit on Delivery",0,0,0,2020-05-21,2022-04-28,NA,2026-09-25,909
2024-08-08 02:40:22,2024-01-26,"1 (BYO) UCG - Orders Only","Combined CSA","UCity Pickup","Saint Louis","MO","63130",127.39,"Automatic","None","Not on Hold","UCity - Wednesday","Debit on Delivery",0,0,0,2024-01-31,2024-08-07,NA,2026-09-25,1603
2024-06-25 08:02:32,2020-11-22,"1  (BYO) FSG - Orders Only","Combined CSA","Fair Shares Thursday Pickup","Maryland Heights","MO","63043",0,"Automatic","Orange","Not on Hold","Fair Shares - Thursday - Thursday","Debit on Delivery",0,0,0,2020-12-03,2024-05-30,NA,2026-09-25,1520
2023-06-13 16:51:04,2022-08-03,"1  (BYO) FSG - Orders Only","Combined CSA","Fair Shares Thursday Pickup","Saint Louis","MO","63104",0,"Automatic","None","Not on Hold","Fair Shares - Thursday - Thursday","Debit on Delivery",0,0,0,2022-08-10,2023-06-08,NA,2026-09-25,511
2026-09-25 02:41:09,2017-07-18,"1 FSA/FSD","Combined CSA","FSD","St. Louis","MO","63110",129.7,"Automatic","None","Not on Hold","Fair Shares - Thursday - Thursday","$300",0,0,0,2017-08-17,2026-09-24,NA,2026-09-25,959
2026-09-18 02:37:33,2017-07-20,"1 Half (Half Share - ODD week)","Combined CSA","FSB","St. Louis","MO","63109",95.32,"Automatic","Blue Orange","Not on Hold","Fair Shares - Wednesday  - Wednesday","$150",0,0,0,2017-08-17,2026-09-17,NA,2026-09-25,1111
2026-03-27 07:29:55,2020-06-23,"1  (BYO) FSG - Orders Only","Combined CSA","Fair Shares Wednesday Pickup","St. Louis","MO","63101",0,"Automatic","None","Not on Hold","Fair Shares - Wednesday  - Wednesday","Debit on Delivery",0,0,0,2020-06-24,2020-11-04,NA,2026-09-25,720
2026-04-06 13:21:20,2017-07-18,"1 (BYO) UCG - Orders Only","Combined CSA","UCity Pickup","St. Louis","63130","MO",0,"Automatic","None","Not on Hold","UCity - Wednesday","Debit on Delivery",0,0,0,2017-08-16,2026-02-25,NA,2026-09-25,1818
2026-08-10 09:23:02,2020-03-21,"1 Mini (Weekly Shares)","Combined CSA","UCM","St. Louis","MO","63146",68.24,"Automatic","None","Hold","UCity - Wednesday","Debit on Delivery",0,0,0,2020-03-25,2026-08-05,NA,2026-09-25,349
2025-12-11 11:04:32,2021-04-19,"1 (BYO) KWG - Orders Only (Weekly Shares)","Combined CSA","Kirkwood Pickup","Kirkwood","MO","63122",0,"Automatic","Green","Not on Hold","Kirkwood - Thursday","Debit on Delivery",0,0,0,2021-04-22,2025-11-27,NA,2026-09-25,270
2026-09-25 02:41:09,2017-07-18,"1 Mini (Weekly Shares), 1 Whole MILK-o","Combined CSA","FSMini-w","St. Louis","MO","63116",129.42,"Automatic","None","Not on Hold","Fair Shares - Wednesday  - Wednesday","$300",0,0,0,2017-08-16,2026-09-24,NA,2026-09-25,1427
2026-04-26 22:19:59,2017-07-18,"1  (BYO) FSG - Orders Only","Combined CSA","Fair Shares Thursday Pickup","St. Louis","MO","63130",34.77,"Automatic","Purple","Hold","Fair Shares - Thursday - Thursday","Debit on Delivery",0,0,0,2017-08-16,2026-02-26,NA,2026-09-25,1020
2026-09-17 03:57:43,2024-02-27,"1 Half (Half Share - ODD week)","Combined CSA","FSB","St louis","MO","63111",189.92,"Automatic","Orange","Not on Hold","Fair Shares - Wednesday  - Wednesday","$150",0,0,0,2024-04-03,2026-09-16,NA,2026-09-25,156
2026-09-24 02:41:05,2017-07-20,"1 Half (Half Share - EVEN week)","Combined CSA","FSB","St. Louis","MO","63110",88.44,"Automatic","Purple","Not on Hold","Fair Shares - Wednesday  - Wednesday","$150",0,0,0,2017-08-17,2026-09-23,NA,2026-09-25,346
2026-09-24 03:52:41,2026-02-05,"1 Mini (Weekly Shares)","Combined CSA","FSMini-w","Saint Louis","MO","63108",216.56,"Automatic","None","Not on Hold","Fair Shares - Wednesday  - Wednesday","$150",0,0,0,2026-02-11,2026-09-23,NA,2026-09-25,903
2024-10-21 09:11:10,2017-11-13,"1  (BYO) FSG - Orders Only","Combined CSA","Fair Shares Wednesday Pickup","Saint Louis","MO","63110",0,"Automatic","None","Not on Hold","Fair Shares - Wednesday  - Wednesday","Debit on Delivery",0,0,0,2017-11-15,2024-10-16,NA,2026-09-25,759
2026-02-26 02:22:28,2017-07-18,"1 Half (Half Share - EVEN week)","Combined CSA","UCB","St. Louis","MO","63130",0.87,"Automatic","Purple","Hold","UCity - Wednesday","Debit on Delivery",0,0,0,2017-08-16,2026-02-25,NA,2026-09-25,1304
2026-09-24 03:52:47,2025-04-13,"1 FSA/FSD","Combined CSA","FSA","St. Louis","MO","63104",311.94,"Automatic","None","Not on Hold","Fair Shares - Wednesday  - Wednesday","$300",0,0,0,2025-04-23,2026-09-23,NA,2026-09-25,240
2026-09-25 02:41:09,2020-04-01,"1 2% MILK, 1 UCA/KWA","Combined CSA","KWA","Saint louis","MO","63110",127.51,"Automatic","None","Not on Hold","Kirkwood - Thursday","$300",0,0,0,2020-04-08,2026-09-24,NA,2026-09-25,1488
2024-03-10 09:37:52,2017-07-20,"1  (BYO) FSG - Orders Only","Combined CSA","Fair Shares Thursday Pickup","St. Louis","MO","63105",1116.02,"Automatic","None","Not on Hold","Fair Shares - Thursday - Thursday","Debit on Delivery",0,0,0,2017-08-17,2024-03-07,NA,2026-09-25,987
2022-01-04 15:24:03,2020-06-09,"1 BYO - No Share, Order Only (Weekly Shares)","Combined CSA","Fair Shares Wednesday Pickup","St. Louis","MO","63118",0,NA,"None","Not on Hold","Fair Shares - Wednesday  - Wednesday",NA,0,0,0,2020-06-24,2022-01-05,NA,2026-09-25,819
2022-03-12 11:11:37,2020-03-21,"1  (BYO) FSG - Orders Only","Combined CSA","Fair Shares Thursday Pickup","St. Louis","MO","63143",0,"Automatic","Green Orange","Not on Hold","Fair Shares - Thursday - Thursday","Debit on Delivery",0,0,0,2020-03-26,2022-02-10,NA,2026-09-25,714
2026-09-24 02:41:05,2026-06-03,"1 Mini (Weekly Shares)","Combined CSA","UCM","Richmond Heights","MO","63117",154.89,"Automatic","None","Not on Hold","UCity - Wednesday","$150",0,0,0,2026-06-10,2026-09-23,NA,2026-09-25,107
2026-09-25 02:41:09,2020-08-14,"1 Mini (Weekly Shares)","Combined CSA","FSMini-t","Olivette","MO","63132",251.05,"Automatic","None","Not on Hold","Fair Shares - Thursday - Thursday","$300",0,0,64.37,2020-08-19,2026-09-24,NA,2026-09-25,401
2026-04-21 07:38:53,2022-03-24,"1  (BYO) FSG - Orders Only","Combined CSA","Fair Shares Wednesday Pickup","Chesterfield","MO","63017",0,"Automatic","Orange","Not on Hold","Fair Shares - Wednesday  - Wednesday","Debit on Delivery",0,0,0,2022-03-30,2026-02-18,NA,2026-09-25,337
2026-09-25 02:41:09,2025-02-05,"1 FSA/FSD","Combined CSA","FSD","Saint Louis","MO","63116",217.98,"Automatic","None","Not on Hold","Fair Shares - Thursday - Thursday","$300",0,0,4.26,2025-02-13,2026-09-24,NA,2026-09-25,643
2026-09-24 03:52:48,2017-07-18,"1 UCA/KWA","Combined CSA","UCA","St. Louis","MO","63105",272.16,"Automatic","None","Not on Hold","UCity - Wednesday","$300",0,0,0,2017-08-16,2026-09-23,NA,2026-09-25,42
2026-09-17 03:57:54,2019-08-20,"1 Half (Half Share - ODD week), 1 No Produce - Order Only (even wk)","Combined CSA","FSB","St. Louis","MO","63110",152.13,"Automatic","Orange","Not on Hold","Fair Shares - Wednesday  - Wednesday","$150",0,0,0,2019-08-28,2026-09-16,NA,2026-09-25,1286
2026-09-06 13:42:27,2026-06-05,"1 (BYO) KWG - Orders Only (Weekly Shares)","Combined CSA","Kirkwood Pickup","Webster Groves","MO","63119",280.04,"Automatic","None","Not on Hold","Kirkwood - Thursday","Debit on Delivery",0,0,0,2026-06-11,2026-08-27,NA,2026-09-25,894
2026-09-25 02:41:09,2020-04-17,"1  (BYO) FSG - Orders Only, 1 Mini (Weekly Shares)","Combined CSA","FSMini-t","Clayton","MO","63105",144.31,"Automatic","Green","Not on Hold","Fair Shares - Thursday - Thursday","$150",0,0,0.21,2020-04-23,2026-09-24,NA,2026-09-25,670
2025-10-02 14:41:08,2025-09-02,"1  (BYO) FSG - Orders Only","Combined CSA","Fair Shares Thursday Pickup","St Louiis","MO","63111",0,NA,"None","Not on Hold","Fair Shares - Thursday - Thursday",NA,0,0,0,2025-09-11,2025-10-02,NA,2026-09-25,131
2021-03-15 09:42:40,2020-04-18,"1 (BYO) UCG - Orders Only","Combined CSA","UCity Pickup","St Louis","MO","63117",0,"Automatic","Orange","Not on Hold","UCity - Wednesday","Debit on Delivery",0,0,0,2020-04-22,2021-02-24,NA,2026-09-25,66
2025-01-17 04:01:37,2022-01-18,"1  (BYO) FSG - Orders Only","Combined CSA","Fair Shares Thursday Pickup","Saint Louis","MO","63123",0,"Automatic","Green","Not on Hold","Fair Shares - Thursday - Thursday","Debit on Delivery",0,0,0,2022-01-27,2025-01-16,NA,2026-09-25,858
2026-09-17 02:45:10,2020-04-10,"1 Half (Half Share - ODD week)","Combined CSA","UCB","Saint Louis","MO","63105",118.51,"Automatic","Green Orange","Temp Hold","UCity - Wednesday","$150",0,0,0,2020-04-16,2026-09-16,NA,2026-09-25,1512
2026-04-29 06:04:10,2017-07-18,"1  (BYO) FSG - Orders Only","Combined CSA","Fair Shares Wednesday Pickup","St. Louis","MO","63109",0.01,"Automatic","Purple","Not on Hold","Fair Shares - Wednesday  - Wednesday","Debit on Delivery",0,0,0,2017-08-16,2026-02-25,NA,2026-09-25,1155
2026-09-25 04:02:59,2020-04-12,"1 UCA/KWA","Combined CSA","KWA","Glendale","MO","63122",663.48,"Automatic","None","Not on Hold","Kirkwood - Thursday","$600",0,0,0,2020-04-16,2026-09-24,NA,2026-09-25,1891
2022-05-02 08:32:51,2020-07-18,"1 (BYO) UCG - Orders Only","Combined CSA","UCity Pickup","University City","MO","63130",0,"Automatic","Purple","Not on Hold","UCity - Wednesday","Debit on Delivery",0,0,0,2020-07-22,2022-04-27,NA,2026-09-25,89
2026-09-17 02:45:10,2019-11-13,"1 Half (Half Share - ODD week)","Combined CSA","FSB","St. Louis","MO","63101",259.58,"Automatic","Orange","Not on Hold","Fair Shares - Wednesday  - Wednesday","$300",0,0,0,2019-11-20,2026-09-16,NA,2026-09-25,1124
2026-04-20 14:00:00,2017-07-18,"1  (BYO) FSG - Orders Only","Combined CSA","Fair Shares Wednesday Pickup","St. Louis","MO","63110",0.01,"Automatic","Purple","Not on Hold","Fair Shares - Wednesday  - Wednesday","Debit on Delivery",0,0,0,2017-08-16,2021-12-08,NA,2026-09-25,792
2023-06-09 11:22:26,2017-07-18,"1 BYO - No Share, Order Only (Weekly Shares)","Combined CSA","Fair Shares Wednesday Pickup","St. Louis","MO","63122",0,NA,"Orange","Not on Hold","Fair Shares - Wednesday  - Wednesday","Debit on Delivery",0,0,0,2017-08-23,2018-02-21,NA,2026-09-25,1915
2025-05-20 15:59:44,2025-03-30,"1 (BYO) KWG - Orders Only (Weekly Shares)","Combined CSA","Kirkwood Pickup","Sunset Hills","MO","63127",0,"Automatic","None","Hold","Kirkwood - Thursday","Debit on Delivery",0,0,0,2025-04-03,2025-04-17,NA,2026-09-25,272
2026-09-24 02:41:05,2017-07-18,"1 Half (Half Share - EVEN week), 1 2% MILK-e","Combined CSA","UCB","St. Louis","MO","63131",83.8,"Automatic","Purple","Not on Hold","UCity - Wednesday","$150",0,0,0,2017-08-16,2026-09-23,NA,2026-09-25,384
2026-03-27 07:49:39,2018-11-25,"1 BYO - No Share, Order Only (Weekly Shares)","Combined CSA","Fair Shares Wednesday Pickup","St. Charles","MO","63303",0,NA,"None","Not on Hold","Fair Shares - Wednesday  - Wednesday","Debit on Delivery",0,0,0,2018-11-28,2019-10-09,NA,2026-09-25,771
2023-07-21 02:42:18,2022-07-20,"1  (BYO) FSG - Orders Only","Combined CSA","Fair Shares Thursday Pickup","Saint Louis","MO","63110",1.35,"Automatic","Green","Not on Hold","Fair Shares - Thursday - Thursday","Debit on Delivery",0,0,0,2022-07-28,2023-07-20,NA,2026-09-25,1851
2026-09-24 03:52:45,2022-07-12,"1 (BYO) UCG - Orders Only","Combined CSA","UCity Pickup","Bridgeton","MO","63044",0,"Automatic","Green","Not on Hold","UCity - Wednesday","Debit on Delivery",0,0,0,2022-07-20,2026-09-23,NA,2026-09-25,1200
2021-02-19 15:30:05,2020-04-01,"1 (BYO) UCG - Orders Only","Combined CSA","UCity Pickup","Saint Louis","MO","63112",-0.07,NA,"None","Not on Hold","UCity - Wednesday","Debit on Delivery",0,0,0,2020-04-08,2021-02-10,NA,2026-09-25,1397
2026-09-24 03:52:49,2022-01-30,"1 UCA/KWA","Combined CSA","UCA","St. Louis","MO","63130",165.5,"Automatic","Green","Not on Hold","UCity - Wednesday","$150",0,0,0,2022-02-09,2026-09-23,NA,2026-09-25,1506
2026-03-27 07:09:29,2022-10-12,"1  (BYO) FSG - Orders Only","Combined CSA","Fair Shares Wednesday Pickup","Saint Louis","MO","63110",0,NA,"Green Orange","Not on Hold","Fair Shares - Wednesday  - Wednesday","Debit on Delivery",0,0,0,2022-10-19,2023-10-25,NA,2026-09-25,1676
2026-09-18 03:54:29,2022-06-10,"1  (BYO) FSG - Orders Only","Combined CSA","Fair Shares Thursday Pickup","St. Louis","MO","63119",0,"Automatic","None","Not on Hold","Fair Shares - Thursday - Thursday","Debit on Delivery",0,0,0,2022-06-16,2026-09-17,NA,2026-09-25,1910
2026-09-24 02:41:05,2021-11-05,"1 UCA/KWA","Combined CSA","UCA","St. Louis","MO","63130",264.67,"Automatic","None","Not on Hold","UCity - Wednesday","$300",0,0,0,2021-11-10,2026-09-23,NA,2026-09-25,526
2025-03-27 16:49:44,2024-02-04,"1  (BYO) FSG - Orders Only","Combined CSA","Fair Shares Wednesday Pickup","St. Louis","MO","63110",0,"Automatic","Purple","Not on Hold","Fair Shares - Wednesday  - Wednesday","Debit on Delivery",0,0,0,2024-02-07,2024-10-23,NA,2026-09-25,1536
2026-09-17 03:57:55,2021-08-19,"1 Half (Half Share - ODD week)","Combined CSA","FSB","St. Louis","MO","63108",147.8,"Automatic","Green Orange","Temp Hold","Fair Shares - Wednesday  - Wednesday","$150",0,0,0,2021-08-25,2026-09-16,NA,2026-09-25,976
2024-09-19 02:41:24,2024-07-24,"1 (BYO) UCG - Orders Only","Combined CSA","UCity Pickup","St Louis","MO","63108",0.41,"Automatic","None","Not on Hold","UCity - Wednesday","Debit on Delivery",0,0,0,2024-07-31,2024-09-18,NA,2026-09-25,582
2022-09-13 10:43:36,2020-04-18,"1 (BYO) UCG - Orders Only","Combined CSA","UCity Pickup","Clayton","MO","63105",0,"Automatic","None","Not on Hold","UCity - Wednesday","Debit on Delivery",0,0,0,2020-04-22,2022-09-07,NA,2026-09-25,215
2025-09-21 12:43:57,2020-05-28,"1  (BYO) FSG - Orders Only","Combined CSA","Fair Shares Thursday Pickup","St Louis","MO","63110",62.06,"Automatic","Green","Not on Hold","Fair Shares - Thursday - Thursday","Debit on Delivery",0,0,0,2020-06-04,2025-09-11,NA,2026-09-25,1171
2024-05-31 02:26:12,2023-02-10,"1 (BYO) KWG - Orders Only (Weekly Shares)","Combined CSA","Kirkwood Pickup","Kirkwood","MO","63122",7.74,"Automatic","Green Orange","Not on Hold","Kirkwood - Thursday","Debit on Delivery",0,0,0,2023-02-16,2024-05-30,NA,2026-09-25,1433
2021-07-15 03:57:28,2020-05-28,"1  (BYO) FSG - Orders Only","Combined CSA","Fair Shares Wednesday Pickup","St. Louis","MO","63104",0,"Automatic","None","Not on Hold","Fair Shares - Wednesday  - Wednesday","Debit on Delivery",0,0,0,2020-06-03,2021-07-14,NA,2026-09-25,1008
2025-11-20 02:35:19,2020-03-31,"1  (BYO) FSG - Orders Only","Combined CSA","Fair Shares Wednesday Pickup","Saint louis","MO","63109",43.38,"Automatic","Green","Not on Hold","Fair Shares - Wednesday  - Wednesday","Debit on Delivery",0,0,0,2020-04-01,2025-11-19,NA,2026-09-25,274
2026-09-17 02:45:10,2026-07-25,"1 Mini (Weekly Shares)","Combined CSA","UCM","Olivette","MO","63132",97.13,"Automatic","None","Not on Hold","UCity - Wednesday","$150",0,0,0,2026-07-29,2026-09-16,NA,2026-09-25,543
2026-02-17 14:51:30,2021-01-04,"1 (BYO) UCG - Orders Only","Combined CSA","UCity Pickup","St. Louis","MO","63112",0,NA,"Purple","Not on Hold","UCity - Wednesday","Debit on Delivery",0,0,0,2021-01-13,2026-02-11,NA,2026-09-25,1040
2023-12-17 03:43:00,2019-03-17,"1  (BYO) FSG - Orders Only","Combined CSA","Fair Shares Thursday Pickup","St. Louis","MO","63139",144.85,"Automatic","None","Not on Hold","Fair Shares - Thursday - Thursday","Debit on Delivery",0,0,0,2019-04-04,2023-12-14,NA,2026-09-25,509
2026-09-17 02:45:10,2017-07-18,"1 FSA/FSD","Combined CSA","FSA","St. Louis","MO","63119",257.78,"Automatic","None","Not on Hold","Fair Shares - Wednesday  - Wednesday","$300",0,0,0,2017-08-16,2026-09-16,NA,2026-09-25,863
2026-09-24 02:41:05,2025-04-06,"1 Mini (Weekly Shares)","Combined CSA","UCM","St. Louis","MO","63118",150.25,"Automatic","None","Not on Hold","UCity - Wednesday","$150",0,0,0,2025-04-09,2026-09-23,NA,2026-09-25,627
2026-09-24 02:41:05,2017-07-18,"1 UCA/KWA","Combined CSA","UCA","St. Louis","MO","63112",121.22,"Automatic","None","Not on Hold","UCity - Wednesday","$300",0,0,0,2017-08-16,2026-09-23,NA,2026-09-25,1039
2026-01-21 14:16:11,2025-07-08,"1  (BYO) FSG - Orders Only","Combined CSA","Fair Shares Wednesday Pickup","St. Louis","MO","63123",0,NA,"None","Not on Hold","Fair Shares - Wednesday  - Wednesday",NA,0,0,0,2025-07-10,2026-01-21,NA,2026-09-25,45
2026-04-20 08:37:13,2025-02-09,"1  (BYO) FSG - Orders Only","Combined CSA","Fair Shares Thursday Pickup","St Louis","MO","63103",0,"Automatic","Purple","Hold","Fair Shares - Thursday - Thursday","Debit on Delivery",0,0,0,2025-02-13,2025-04-10,NA,2026-09-25,626
2026-09-24 02:41:05,2017-07-18,"1 Half (Half Share - EVEN week)","Combined CSA","FSB","St. Louis","MO","63143",91.82,"Automatic","Purple","Not on Hold","Fair Shares - Wednesday  - Wednesday","$150",0,0,0,2017-08-16,2026-09-23,NA,2026-09-25,351
2026-04-08 16:21:24,2017-07-18,"1  (BYO) FSG - Orders Only","Combined CSA","Fair Shares Thursday Pickup","St. Louis","MO","63124",123.68,"Automatic","None","Temp Hold","Fair Shares - Thursday - Thursday",NA,0,0,0,2017-08-16,2026-02-26,NA,2026-09-25,1377
2026-04-13 17:38:00,2022-07-23,"1 (BYO) KWG - Orders Only (Weekly Shares)","Combined CSA","Kirkwood Pickup","St. Louis","MO","63123",0,"Automatic","Purple","Not on Hold","Kirkwood - Thursday","Debit on Delivery",0,0,0,2022-07-28,2026-02-26,NA,2026-09-25,405
2026-09-24 03:53:01,2020-02-09,"1 (BYO) UCG - Orders Only","Combined CSA","UCity Pickup","Overland","MO","63114",0,"Automatic","None","Not on Hold","UCity - Wednesday","Debit on Delivery",0,0,0,2020-02-12,2026-09-23,NA,2026-09-25,1713
2026-09-18 03:54:32,2025-04-10,"1 Half (Half Share - ODD week)","Combined CSA","FSE","Saint Lohis","MO","63109",125.51,"Automatic","Orange","Not on Hold","Fair Shares - Thursday - Thursday","$150",0,0,0,2025-04-17,2026-09-17,NA,2026-09-25,587
2026-09-24 02:41:05,2024-07-23,"1 Mini (Weekly Shares)","Combined CSA","UCM","Olivette","MO","63132",153.8,"Automatic","None","Not on Hold","UCity - Wednesday","$150",0,0,0,2024-07-31,2026-09-23,NA,2026-09-25,598
2026-02-05 12:06:26,2020-04-14,"1 (BYO) KWG - Orders Only (Weekly Shares)","Combined CSA","Kirkwood Pickup","St. louis","MO","63128",0,"Automatic","None","Not on Hold","Kirkwood - Thursday","Debit on Delivery",0,0,0,2020-04-23,2025-11-27,NA,2026-09-25,510
2026-08-27 04:00:33,2026-08-11,"1 Guest Access","Combined CSA","FSMini-w","St. Louis","MO","63139",0,"Automatic","None","Not on Hold","Fair Shares - Wednesday  - Wednesday","Debit on Delivery",0,0,0,2026-08-19,2026-08-26,NA,2026-09-25,362
2026-09-17 03:57:47,2020-04-25,"1 Half (Half Share - ODD week)","Combined CSA","FSB","Saint Louis","MO","63143",87.65,"Automatic","Green Orange","Not on Hold","Fair Shares - Wednesday  - Wednesday","$150",0,0,0,2020-04-29,2026-09-16,NA,2026-09-25,1272
2025-12-19 10:22:38,2023-03-22,"1 (BYO) UCG - Orders Only","Combined CSA","UCity Pickup","St. Louis","MO","63130",0,"Automatic","None","Not on Hold","UCity - Wednesday","Debit on Delivery",0,0,0,2023-03-29,2025-12-03,NA,2026-09-25,998
2026-03-17 10:26:25,2020-03-24,"1  (BYO) FSG - Orders Only","Combined CSA","Fair Shares Wednesday Pickup","St. Louis","MO","63105-3044",241.94,"Automatic","Purple","Temp Hold","Fair Shares - Wednesday  - Wednesday","Debit on Delivery",0,0,0,2020-03-25,2024-09-11,NA,2026-09-25,9
2026-09-24 03:52:47,2020-10-13,"1  (BYO) FSG - Orders Only","Combined CSA","Fair Shares Wednesday Pickup","Saint Louis","MO","63116",0,"Automatic","None","Not on Hold","Fair Shares - Wednesday  - Wednesday","Debit on Delivery",0,0,0,2020-10-22,2026-09-23,NA,2026-09-25,1537
2026-09-25 04:02:34,2020-03-31,"1 Whole MILK, 1 FSA/FSD","Combined CSA","FSD","Ballwin","MO","63021",348.5,"Automatic","Green","Not on Hold","Fair Shares - Thursday - Thursday","$300",0,0,0,2020-04-02,2026-09-24,NA,2026-09-25,900
2024-10-25 02:40:17,2024-07-09,"1  (BYO) FSG - Orders Only","Combined CSA","Fair Shares Thursday Pickup","St. Louis","MO","63118",0.07,"Automatic","Purple","Not on Hold","Fair Shares - Thursday - Thursday","Debit on Delivery",0,0,0,2024-07-17,2024-10-24,NA,2026-09-25,697
2026-05-14 02:27:41,2020-05-03,"1 (BYO) KWG - Orders Only (Weekly Shares)","Combined CSA","Kirkwood Pickup","St. Louis","MO","63146",0,"Automatic","Payment","Not on Hold","Kirkwood - Thursday","Debit on Delivery",0,0,0,2020-05-06,2025-11-06,NA,2026-09-25,1832
2026-09-25 02:41:09,2020-04-10,"1 Half (Half Share - EVEN week), 1 No Produce - Order Only (odd wk)","Combined CSA","KWB","Kirkwood","MO","63122",284.52,"Automatic","Purple","Not on Hold","Kirkwood - Thursday","$600",0,0,39.63,2020-04-16,2026-09-24,NA,2026-09-25,473
2026-03-27 07:59:57,2017-07-20,"1  (BYO) FSG - Orders Only","Combined CSA","Fair Shares Wednesday Pickup","St. Louis","MO","63108",0,"Automatic","None","Not on Hold","Fair Shares - Wednesday  - Wednesday","Debit on Delivery",0,0,0,2017-08-17,2022-02-16,NA,2026-09-25,214
2026-09-18 02:37:33,2026-07-03,"1 UCA/KWA","Combined CSA","KWA","Kirkwood","MO","63122",187.55,"Automatic","None","Not on Hold","Kirkwood - Thursday","$300",0,0,0,2026-07-09,2026-09-17,NA,2026-09-25,685
2025-12-11 11:05:18,2017-08-08,"1  (BYO) FSG - Orders Only","Combined CSA","Fair Shares Wednesday Pickup","St. Louis","MO","63129",0,"Automatic","None","Not on Hold","Fair Shares - Wednesday  - Wednesday","Debit on Delivery",0,0,0,2017-08-16,2025-11-26,NA,2026-09-25,592
2020-10-08 11:40:54,2020-05-02,"1  (BYO) FSG - Orders Only","Combined CSA","Fair Shares Wednesday Pickup","Webster Groves","MO","63119",0,"Automatic","None","Not on Hold","Fair Shares - Wednesday  - Wednesday","Debit on Delivery",0,0,0,2020-05-06,2020-10-07,NA,2026-09-25,625
2026-09-25 04:02:40,2017-07-18,"1 Mini (Weekly Shares)","Combined CSA","FSMini-t","St. Louis","MO","63139",666.68,"Automatic","None","Not on Hold","Fair Shares - Thursday - Thursday","$600",0,0,3.72,2017-08-16,2026-09-24,NA,2026-09-25,1431
2025-07-22 14:11:26,2025-03-07,"1  (BYO) FSG - Orders Only","Combined CSA","Fair Shares Thursday Pickup","Manchester","MO","63021",149.9,"Automatic","Orange","Not on Hold","Fair Shares - Thursday - Thursday","Debit on Delivery",0,0,0,2025-04-03,2025-07-10,NA,2026-09-25,331
2026-09-25 04:02:39,2020-04-07,"1 Mini (Weekly Shares)","Combined CSA","FSMini-t","St. Louis","MO","63116",371.34,"Automatic","Green","Temp Hold","Fair Shares - Thursday - Thursday","$300",0,0,0,2020-04-09,2026-09-24,NA,2026-09-25,1896
2025-07-18 02:39:03,2017-07-20,"1  (BYO) FSG - Orders Only","Combined CSA","Fair Shares Thursday Pickup","St. Louis","MO","63104",486.68,"Automatic","Blue","Not on Hold","Fair Shares - Thursday - Thursday","Debit on Delivery",0,0,0,2017-08-17,2025-07-17,NA,2026-09-25,1169
2026-05-14 02:27:41,2018-05-04,"1  (BYO) FSG - Orders Only","Combined CSA","Fair Shares Wednesday Pickup","Saint Louis","MO","63104",0,"Automatic","Payment","Hold","Fair Shares - Wednesday  - Wednesday","Debit on Delivery",0,0,0,2018-05-09,2024-04-03,NA,2026-09-25,1109
2024-09-20 02:42:40,2021-04-07,"1 (BYO) KWG - Orders Only (Weekly Shares)","Combined CSA","Kirkwood Pickup","Saint Louis","MO","63122",27.49,"Automatic","None","Not on Hold","Kirkwood - Thursday","Debit on Delivery",0,0,0,2021-04-15,2024-09-19,NA,2026-09-25,269
2021-04-02 03:54:26,2019-08-14,"1 (BYO) UCG - Orders Only","Combined CSA","UCity Pickup","Saint Louis","MO","63130",0,"Automatic","Purple","Not on Hold","UCity - Wednesday","Debit on Delivery",0,0,0,2019-08-28,2021-03-31,NA,2026-09-25,1564
2026-09-25 04:03:03,2022-07-26,"1 Half (Half Share - EVEN week)","Combined CSA","UCB","U-City","MO","63132",221.2,"Automatic","Green Purple","Not on Hold","UCity - Wednesday","$150",0,0,0,2022-08-04,2026-09-23,NA,2026-09-25,317
2024-11-27 10:14:28,2024-03-06,"1  (BYO) FSG - Orders Only","Combined CSA","Fair Shares Thursday Pickup","Saint Louis","MO","63111",0,NA,"None","Not on Hold","Fair Shares - Thursday - Thursday",NA,0,0,0,2024-03-07,2024-11-28,NA,2026-09-25,1744
2026-09-20 08:55:26,2017-07-18,"1 No Produce - Order Only (even wk), 0 2% MILK, 1 Half (Half Share - ODD week)","Combined CSA","FSE","St. Louis","MO","63110",192.9,"Automatic","Blue Orange","Not on Hold","Fair Shares - Thursday - Thursday","$600",0,0,0,2017-08-23,2026-09-24,NA,2026-09-25,31
2026-09-10 04:00:57,2026-08-24,"1 Guest Access","Combined CSA","FSMini-w","Scott afb","IL","62225",0,"Automatic","None","Not on Hold","Fair Shares - Wednesday  - Wednesday","Debit on Delivery",0,0,0,2026-09-02,2026-09-09,NA,2026-09-25,760
2026-09-24 02:41:05,2026-03-26,"1 Mini (Weekly Shares)","Combined CSA","UCM","Saint Louis","MO","63130",143.47,"Automatic","None","Not on Hold","UCity - Wednesday","$150",0,0,0,2026-04-29,2026-09-23,NA,2026-09-25,228
2026-02-26 14:28:01,2024-09-03,"1  (BYO) FSG - Orders Only","Combined CSA","Fair Shares Thursday Pickup","St. Louis","MO","63108",0,NA,"None","Not on Hold","Fair Shares - Thursday - Thursday",NA,0,0,0,2024-09-04,2026-02-26,NA,2026-09-25,556
2026-09-24 03:53:02,2026-01-30,"1 UCA/KWA","Combined CSA","UCA","University City","MO","63130",371.18,"Automatic","None","Not on Hold","UCity - Wednesday","$300",0,0,0,2026-02-04,2026-09-23,NA,2026-09-25,227
2025-06-14 11:17:17,2019-11-03,"1  (BYO) FSG - Orders Only","Combined CSA","Fair Shares Thursday Pickup","St. louis","MO","63117",442.73,"Automatic","None","Not on Hold","Fair Shares - Thursday - Thursday","Debit on Delivery",0,0,0,2019-11-07,2025-06-12,NA,2026-09-25,1472
2026-05-01 10:19:47,2020-07-07,"1  (BYO) FSG - Orders Only","Combined CSA","Fair Shares Wednesday Pickup","Webster Groves","MO","63119",0,"Automatic","Green","Not on Hold","Fair Shares - Wednesday  - Wednesday","Debit on Delivery",0,0,0,2020-07-16,2026-02-25,NA,2026-09-25,1387
2026-04-26 10:22:37,2017-07-20,"1  (BYO) FSG - Orders Only","Combined CSA","Kirkwood Pickup","St. Louis","MO","63141",0,"Automatic","None","Hold","Kirkwood - Thursday","Debit on Delivery",0,0,0,2017-08-17,2026-02-26,NA,2026-09-25,1145
2026-04-29 12:54:13,2023-02-02,"1 (BYO) KWG - Orders Only (Weekly Shares)","Combined CSA","Kirkwood Pickup","High Ridge","MO","63049",96.99,"Automatic","None","Not on Hold","Kirkwood - Thursday","Debit on Delivery",0,0,0,2023-02-09,2026-02-26,NA,2026-09-25,1132
2021-11-29 10:06:05,2017-07-20,"1 (BYO) KWG - Orders Only (Weekly Shares)","Combined CSA","Kirkwood Pickup","Chesterfield","MO","63017",0,"Automatic","Orange","Not on Hold","Kirkwood - Thursday","Debit on Delivery",0,0,0,2017-08-17,2021-11-25,NA,2026-09-25,466
2021-08-16 10:08:35,2020-08-11,"1  (BYO) FSG - Orders Only","Combined CSA","Fair Shares Thursday Pickup","St. Louis","MO","63108",0,"Automatic","None","Not on Hold","Fair Shares - Thursday - Thursday","Debit on Delivery",0,0,0,2020-08-20,2021-08-12,NA,2026-09-25,142
2026-03-27 07:33:17,2020-05-18,"1  (BYO) FSG - Orders Only","Combined CSA","Fair Shares Wednesday Pickup","St. Louis","MO","63118",0,"Automatic","Green","Not on Hold","Fair Shares - Wednesday  - Wednesday",NA,0,0,0,2020-05-21,2023-05-10,NA,2026-09-25,1573
2022-12-18 08:03:21,2017-07-18,"1 Guest Access","Combined CSA","Fair Shares Wednesday Pickup","St. Louis","MO","63104",0,"Automatic","None","Not on Hold","Fair Shares - Wednesday  - Wednesday","Debit on Delivery",0,0,0,2017-08-16,2022-12-14,NA,2026-09-25,1032
2026-04-02 13:08:14,2023-05-24,"1  (BYO) FSG - Orders Only","Combined CSA","Fair Shares Wednesday Pickup","St. louis","MO","63139",0,"Automatic","Green Orange","Not on Hold","Fair Shares - Wednesday  - Wednesday","Debit on Delivery",0,0,0,2023-05-31,2026-02-18,NA,2026-09-25,624
2026-09-18 02:37:33,2017-07-18,"1 Half (Half Share - ODD week), 1 No Produce - Order Only (even wk)","Combined CSA","FSE","St. Louis","MO","63124",116.43,"Automatic","Blue Orange","Not on Hold","Fair Shares - Thursday - Thursday","$150",0,0,0,2017-08-24,2026-09-17,NA,2026-09-25,979
2026-08-28 03:54:27,2026-08-17,"1 Guest Access","Combined CSA","KWM","Imperial","MO","63052",0,"Automatic","None","Not on Hold","Kirkwood - Thursday","Debit on Delivery",0,0,0,2026-08-20,2026-08-27,NA,2026-09-25,503
2026-09-24 02:41:05,2017-07-18,"1 UCA/KWA","Combined CSA","UCA","St. Louis","63105","MO",195.6,"Automatic","None","Not on Hold","UCity - Wednesday","$300",0,0,0,2017-08-16,2026-09-23,NA,2026-09-25,125
2026-09-18 03:54:19,2026-04-14,"1 Half (Half Share - ODD week)","Combined CSA","KWB","St. Louis","MO","63126",294.42,"Automatic","Orange","Not on Hold","Kirkwood - Thursday","$300",0,0,0,2026-04-30,2026-09-17,NA,2026-09-25,82
2024-06-28 03:55:31,2017-07-20,"1  (BYO) FSG - Orders Only","Combined CSA","Fair Shares Thursday Pickup","St. Louis","MO","63104",134.04,"Automatic","None","Not on Hold","Fair Shares - Thursday - Thursday","Debit on Delivery",0,0,0,2017-08-17,2024-06-27,NA,2026-09-25,867
2025-06-13 02:35:37,2019-01-06,"1  (BYO) FSG - Orders Only","Combined CSA","Fair Shares Thursday Pickup","Saint Louis","MO","63110",94.86,"Automatic","Orange","Not on Hold","Fair Shares - Thursday - Thursday","Debit on Delivery",0,0,0,2019-01-09,2025-06-12,NA,2026-09-25,1246
2021-09-15 03:44:25,2020-04-24,"1  (BYO) FSG - Orders Only","Combined CSA","Fair Shares Wednesday Pickup","St. Louis","MO","63119",0,"Automatic","Green","Not on Hold","Fair Shares - Wednesday  - Wednesday","Debit on Delivery",0,0,0,2020-04-29,2021-09-08,NA,2026-09-25,1031
2026-05-07 12:05:58,2020-01-02,"1 BYO - No Share, Order Only (Weekly Shares)","Combined CSA","Fair Shares Thursday Pickup","St. Louis","MO","63116",0,"Automatic","Blue Purple","Not on Hold","Fair Shares - Thursday - Thursday","Debit on Delivery",0,0,0,2020-01-16,2026-02-26,NA,2026-09-25,1424
2026-09-17 03:57:31,2017-07-18,"1 Half (Half Share - ODD week)","Combined CSA","FSB","St. Louis","MO","63108",168.44,"Automatic","Orange","Not on Hold","Fair Shares - Wednesday  - Wednesday","$150",0,0,0,2017-08-23,2026-09-16,NA,2026-09-25,911
2026-03-30 10:42:35,2017-07-20,"1 BYO - No Share, Order Only (Weekly Shares)","Combined CSA","Fair Shares Thursday Pickup","St. Louis","63110","MO",0,NA,"None","Not on Hold","Fair Shares - Thursday - Thursday",NA,0,0,0,2019-11-28,2024-09-05,NA,2026-09-25,1805
2020-10-19 09:55:40,2017-07-18,"1  (BYO) FSG - Orders Only","Combined CSA","Fair Shares Wednesday Pickup","St. Louis","MO","63118",0,"Automatic","Purple","Not on Hold","Fair Shares - Wednesday  - Wednesday","Debit on Delivery",0,0,0,2017-08-16,2020-10-14,NA,2026-09-25,427
2026-03-27 07:03:03,2025-04-16,"1  (BYO) FSG - Orders Only","Combined CSA","Fair Shares Wednesday Pickup","St. Louis","MO","63118",0,NA,"None","Not on Hold","Fair Shares - Wednesday  - Wednesday",NA,0,0,0,2025-04-23,2026-01-14,NA,2026-09-25,94
2026-03-27 07:36:36,2020-04-17,"1  (BYO) FSG - Orders Only","Combined CSA","Fair Shares Wednesday Pickup","Saint Louis","MO","63109",0,"Automatic","Green","Not on Hold","Fair Shares - Wednesday  - Wednesday","Debit on Delivery",0,0,0,2020-04-23,2021-02-03,NA,2026-09-25,222
2026-09-25 02:41:09,2017-07-20,"1 FSA/FSD","Combined CSA","FSA","St. Louis","MO","63110",169.25,"Automatic","None","Not on Hold","Fair Shares - Wednesday  - Wednesday","$150",0,0,0,2017-08-17,2026-09-23,NA,2026-09-25,704
2026-09-17 02:45:10,2017-07-18,"1  (BYO) FSG - Orders Only","Combined CSA","Fair Shares Wednesday Pickup","St. Louis","MO","63108",88.03,"Automatic","Payment Orange","Not on Hold","Fair Shares - Wednesday  - Wednesday","$150",0,0,0,2017-08-23,2026-09-16,NA,2026-09-25,1284
2026-04-20 13:32:58,2020-12-04,"1  (BYO) FSG - Orders Only","Combined CSA","Fair Shares Wednesday Pickup","St. Louis","MO","63104",0.01,"Automatic","Green","Not on Hold","Fair Shares - Wednesday  - Wednesday","Debit on Delivery",0,0,0,2020-12-10,2023-02-01,NA,2026-09-25,1418
2023-10-25 07:20:56,2023-01-01,"1  (BYO) FSG - Orders Only","Combined CSA","Fair Shares Wednesday Pickup","Saint Louis","MO","63104",0,"Automatic","Green","Not on Hold","Fair Shares - Wednesday  - Wednesday","Debit on Delivery",0,0,0,2023-01-05,2023-10-18,NA,2026-09-25,1115
2026-04-26 10:21:56,2017-07-18,"1 (BYO) UCG - Orders Only","Combined CSA","UCity Pickup","St. Louis","63130","MO",0,"Automatic","None","Hold","UCity - Wednesday","Debit on Delivery",0,0,0,2017-08-16,2026-02-25,NA,2026-09-25,479
2026-04-09 11:52:54,2019-09-04,"1  (BYO) FSG - Orders Only","Combined CSA","Fair Shares Thursday Pickup","Webster Groves","MO","63119",0,"Automatic","None","Not on Hold","Fair Shares - Thursday - Thursday","Debit on Delivery",0,0,0,2019-09-11,2026-02-26,NA,2026-09-25,710
2026-09-24 03:52:57,2026-09-01,"1 Mini (Weekly Shares)","Combined CSA","UCM","Creve Coeur","MO","63141",0,"Automatic","None","Not on Hold","UCity - Wednesday","Debit on Delivery",0,0,0,2026-09-09,2026-09-23,NA,2026-09-25,925
2026-04-14 08:26:22,2019-04-17,"1  (BYO) FSG - Orders Only","Combined CSA","Fair Shares Thursday Pickup","St. Louis","MO","63123",0,"Automatic","Orange","Not on Hold","Fair Shares - Thursday - Thursday","Debit on Delivery",0,0,0,2019-04-24,2026-02-19,NA,2026-09-25,1786
2024-03-07 15:26:47,2022-10-06,"1 (BYO) KWG - Orders Only (Weekly Shares)","Combined CSA","Fair Shares Thursday Pickup","kirkwood","MO","63122",0,NA,"None","Not on Hold","Fair Shares - Thursday - Thursday","Debit on Delivery",0,0,0,2022-10-27,2024-03-07,NA,2026-09-25,393
2026-01-22 03:56:27,2025-03-24,"1 (BYO) UCG - Orders Only","Combined CSA","UCity Pickup","St. Louis","MO","63130",0,"Automatic","Orange","Not on Hold","UCity - Wednesday","Debit on Delivery",0,0,0,2025-04-02,2026-01-21,NA,2026-09-25,49
2020-12-18 03:54:16,2017-07-18,"1 BYO - No Share, Order Only (Weekly Shares)","Combined CSA","Fair Shares Thursday Pickup","St. Louis","MO","63103",180.62,"Automatic","Orange","Not on Hold","Fair Shares - Thursday - Thursday","Debit on Delivery",0,0,0,2017-08-24,2020-12-17,NA,2026-09-25,956
2025-05-02 14:34:46,2023-07-26,"1 (BYO) UCG - Orders Only","Combined CSA","UCity Pickup","St Louis","MO","63117",265.41,"Automatic","None","Hold","UCity - Wednesday","Debit on Delivery",0,0,0,2023-08-02,2025-03-05,NA,2026-09-25,905
2026-09-24 02:41:05,2022-07-24,"1 UCA/KWA","Combined CSA","UCA","Clayton","MO","63105",179.62,"Automatic","None","Not on Hold","UCity - Wednesday","$300",0,0,0,2022-07-27,2026-09-23,NA,2026-09-25,444
2026-05-14 02:27:41,2020-04-10,"1  (BYO) FSG - Orders Only","Combined CSA","Fair Shares Wednesday Pickup","St louis","MO","63116",0,"Automatic","Payment","Hold","Fair Shares - Wednesday  - Wednesday","Debit on Delivery",0,0,0,2020-04-15,2026-02-26,NA,2026-09-25,810
2026-04-02 11:46:40,2017-07-18,"1  (BYO) FSG - Orders Only","Combined CSA","Fair Shares Thursday Pickup","St. Louis","MO","62298",0,"Automatic","None","Not on Hold","Fair Shares - Thursday - Thursday","Debit on Delivery",0,0,0,2017-08-16,2026-02-26,NA,2026-09-25,1002
2026-03-27 07:05:55,2024-03-06,"1  (BYO) FSG - Orders Only","Combined CSA","Fair Shares Wednesday Pickup","St. Louis","MO","63116",0,"Automatic","None","Not on Hold","Fair Shares - Wednesday  - Wednesday","Debit on Delivery",0,0,0,2024-04-04,2024-12-04,NA,2026-09-25,1058
2026-03-27 07:57:50,2018-02-11,"1 BYO - No Share, Order Only (Weekly Shares)","Combined CSA","Fair Shares Wednesday Pickup","Saint Louis","MO","63103",0,NA,"None","Not on Hold","Fair Shares - Wednesday  - Wednesday","Debit on Delivery",0,0,0,2018-02-14,2019-11-27,NA,2026-09-25,426
2026-09-18 02:37:33,2017-07-18,"1 Half (Half Share - ODD week)","Combined CSA","FSE","Webster Groves","MO","63119",292.35,"Automatic","Orange","Not on Hold","Fair Shares - Thursday - Thursday","$150",0,0,0,2017-08-16,2026-09-17,NA,2026-09-25,1268
2025-06-08 18:49:13,2023-03-19,"1  (BYO) FSG - Orders Only","Combined CSA","Fair Shares Thursday Pickup","St. Louis","MO","63110",42.52,"Automatic","Green Purple","Not on Hold","Fair Shares - Thursday - Thursday","Debit on Delivery",0,0,0,2023-03-30,2025-06-05,NA,2026-09-25,796
2026-09-17 02:45:10,2020-04-06,"1 Half (Half Share - ODD week)","Combined CSA","FSB","Saint Louis","MO","63118",197.69,"Automatic","Green Orange","Not on Hold","Fair Shares - Wednesday  - Wednesday","$300",0,0,0,2020-04-09,2026-09-16,NA,2026-09-25,282
2026-09-24 03:53:05,2026-08-05,"1 Half (Half Share - EVEN week), 1 No Produce - Order Only (odd wk)","Combined CSA","FSB","St Louis","MO","63110",182.11,"Automatic","Purple","Not on Hold","Fair Shares - Wednesday  - Wednesday","$150",0,0,0,2026-08-12,2026-09-23,NA,2026-09-25,56
2024-01-21 03:40:20,2019-08-21,"1  (BYO) FSG - Orders Only","Combined CSA","Fair Shares Thursday Pickup","Clayton","MO","63117",0,"Automatic","Blue Orange","Not on Hold","Fair Shares - Thursday - Thursday","Debit on Delivery",0,0,0,2019-09-04,2024-01-18,NA,2026-09-25,1605
2024-06-07 03:56:41,2021-03-20,"1 (BYO) KWG - Orders Only (Weekly Shares)","Combined CSA","Kirkwood Pickup","Kirkwood","MO","63122",0,"Automatic","Purple","Not on Hold","Kirkwood - Thursday","Debit on Delivery",0,0,0,2021-04-01,2024-06-06,NA,2026-09-25,1150
2023-07-13 03:55:55,2020-03-31,"1  (BYO) FSG - Orders Only","Combined CSA","Fair Shares Wednesday Pickup","St. Louis","MO","63109",0,"Automatic","Green Orange","Not on Hold","Fair Shares - Wednesday  - Wednesday","Debit on Delivery",0,0,0,2020-04-01,2023-07-12,NA,2026-09-25,1179
2026-09-24 02:41:05,2017-07-18,"1 FSA/FSD","Combined CSA","FSA","St. Louis","MO","63119",262.92,"Automatic","None","Not on Hold","Fair Shares - Wednesday  - Wednesday","$300",0,0,0,2017-08-16,2026-09-23,NA,2026-09-25,557
2026-09-25 02:41:09,2026-02-18,"1 FSA/FSD","Combined CSA","FSD","St. Louis","MO","63118",85.27,"Automatic","None","Not on Hold","Fair Shares - Thursday - Thursday","$300",0,0,0,2026-05-14,2026-09-24,NA,2026-09-25,876
2025-12-11 11:05:10,2019-11-05,"1  (BYO) FSG - Orders Only","Combined CSA","Fair Shares Thursday Pickup","St Louis","MO","63131",0,"Automatic","Purple","Not on Hold","Fair Shares - Thursday - Thursday","Debit on Delivery",0,0,0,2019-11-07,2025-10-30,NA,2026-09-25,1657
2026-04-02 11:50:04,2022-07-08,"1  (BYO) FSG - Orders Only","Combined CSA","Fair Shares Thursday Pickup","Brentwood","MO","63144",70.53,"Automatic","Green Purple","Not on Hold","Fair Shares - Thursday - Thursday","Debit on Delivery",0,0,0,2022-07-13,2026-02-26,NA,2026-09-25,1363
2026-03-27 07:49:12,2019-03-29,"1 BYO - No Share, Order Only (Weekly Shares)","Combined CSA","Fair Shares Wednesday Pickup","Saint Louis","MO","63139",0,"Automatic","None","Not on Hold","Fair Shares - Wednesday  - Wednesday","Debit on Delivery",0,0,0,2019-04-03,2019-10-30,NA,2026-09-25,1601
2026-09-17 02:45:10,2023-01-26,"1 Half (Half Share - ODD week), 1 No Produce - Order Only (even wk)","Combined CSA","KWB","Florissant","MO","63031",111.92,"Automatic","Orange","Not on Hold","Kirkwood - Thursday","$150",0,0,0,2023-02-02,2026-09-16,NA,2026-09-25,1489
2026-02-26 03:55:15,2021-02-14,"1 Half (Half Share - EVEN week)","Combined CSA","UCB","University City","MO","63130",0,"Automatic","Green Purple","Hold","UCity - Wednesday","Debit on Delivery",0,0,0,2021-02-24,2026-02-25,NA,2026-09-25,1126
2026-05-05 07:02:08,2021-10-11,"1 (BYO) KWG - Orders Only (Weekly Shares)","Combined CSA","Kirkwood Pickup","Chesterfield","MO","63017",64.37,"Automatic","None","Hold","Kirkwood - Thursday","Debit on Delivery",0,0,0,2021-10-14,2026-02-26,NA,2026-09-25,649
2021-11-01 09:24:43,2020-07-01,"1 (BYO) KWG - Orders Only (Weekly Shares)","Combined CSA","Kirkwood Pickup","Manchester","MO","63088",0,"Automatic","None","Not on Hold","Kirkwood - Thursday","Debit on Delivery",0,0,0,2020-07-09,2021-10-28,NA,2026-09-25,1881
2026-09-18 03:54:23,2021-05-20,"1 Half (Half Share - ODD week)","Combined CSA","KWB","Kirkwood","MO","63122",134.21,"Automatic","Orange","Not on Hold","Kirkwood - Thursday","$150",0,0,0,2021-05-27,2026-09-17,NA,2026-09-25,804
2026-04-20 10:31:27,2022-01-03,"1 (BYO) KWG - Orders Only (Weekly Shares)","Combined CSA","Kirkwood Pickup","Ballwin","MO","63021",98.75,"Automatic","Green Purple","Hold","Kirkwood - Thursday","Debit on Delivery",0,0,0,2022-01-13,2024-12-05,NA,2026-09-25,1784
2026-09-18 02:37:33,2020-04-14,"1 No Produce - Order Only (even wk), 1 Half (Half Share - ODD week)","Combined CSA","FSE","kirkwood","MO","63122",86.64,"Automatic","Orange","Not on Hold","Fair Shares - Thursday - Thursday","$150",0,0,0,2020-04-16,2026-09-17,NA,2026-09-25,699
2026-05-12 11:07:44,2023-06-25,"1 (BYO) UCG - Orders Only","Combined CSA","UCity Pickup","Saint Louis","MO","63132",108.58,"Automatic","Green Purple","Not on Hold","UCity - Wednesday","Debit on Delivery",0,0,0,2023-06-28,2026-05-06,NA,2026-09-25,708
2023-12-06 10:10:00,2023-01-08,"1  (BYO) FSG - Orders Only","Combined CSA","Fair Shares Thursday Pickup","St. Louis","MO","63108",92.17,"Automatic","Green","Not on Hold","Fair Shares - Thursday - Thursday","Debit on Delivery",0,0,0,2023-01-12,2023-11-30,NA,2026-09-25,1661
2026-04-26 11:12:29,2020-04-25,"1 (BYO) KWG - Orders Only (Weekly Shares)","Combined CSA","Kirkwood Pickup","Crestwood","MO","63126",64.37,"Automatic","None","Hold","Kirkwood - Thursday","Debit on Delivery",0,0,0,2020-04-30,2026-02-26,NA,2026-09-25,1206
2026-05-05 06:45:36,2017-07-20,"1  (BYO) FSG - Orders Only","Combined CSA","Fair Shares Thursday Pickup","St. Louis","63119","63116",0.01,"Automatic","None","Hold","Fair Shares - Thursday - Thursday","Debit on Delivery",0,0,0,2017-08-17,2026-02-26,NA,2026-09-25,579
2025-05-04 08:01:50,2025-04-10,"1 Guest Access","Combined CSA","UCity Pickup","St. Louis","MO","63130",0,"Automatic","None","Not on Hold","UCity - Wednesday","Debit on Delivery",0,0,0,2025-04-16,2025-04-30,NA,2026-09-25,255
2026-03-27 07:25:23,2020-10-07,"1  (BYO) FSG - Orders Only","Combined CSA","Fair Shares Wednesday Pickup","Saint Louis","MO","63103",0,"Automatic","Green Orange","Not on Hold","Fair Shares - Wednesday  - Wednesday","Debit on Delivery",0,0,0,2020-10-15,2022-02-09,NA,2026-09-25,534
2026-04-20 13:33:30,2020-08-31,"1  (BYO) FSG - Orders Only","Combined CSA","Fair Shares Wednesday Pickup","Saint Louis","MO","63108",0.01,"Automatic","Green","Not on Hold","Fair Shares - Wednesday  - Wednesday","Debit on Delivery",0,0,0,2020-09-09,2021-10-27,NA,2026-09-25,817
2026-09-25 04:02:33,2017-07-18,"1 FSA/FSD, 1 Whole MILK","Combined CSA","FSD","St. Louis","MO","63109",315.79,"Automatic","None","Not on Hold","Fair Shares - Thursday - Thursday","$300",0,0,0,2017-08-16,2026-09-24,NA,2026-09-25,636
2026-09-24 02:41:05,2017-07-18,"1 Mini (Weekly Shares)","Combined CSA","UCM","St. Louis","63130","63130",118.63,"Automatic","None","Not on Hold","UCity - Wednesday","$150",0,0,0,2017-08-16,2026-09-23,NA,2026-09-25,356
2025-01-30 03:49:30,2022-07-28,"1  (BYO) FSG - Orders Only","Combined CSA","Fair Shares Wednesday Pickup","St. Louis","MO","63105",0,"Automatic","Green Purple","Not on Hold","Fair Shares - Wednesday  - Wednesday","Debit on Delivery",0,0,0,2022-08-03,2025-01-29,NA,2026-09-25,74
2026-09-18 02:37:33,2026-07-29,"1 Half (Half Share - ODD week)","Combined CSA","FSE","St. Louis","MO","63119",197.59,"Automatic","Orange","Not on Hold","Fair Shares - Thursday - Thursday","$600",0,0,0,2026-08-06,2026-09-17,NA,2026-09-25,67
2026-04-29 05:36:21,2025-10-12,"1  (BYO) FSG - Orders Only","Combined CSA","Fair Shares Wednesday Pickup","St. Louis","MO","63108",65.41,"Automatic","Orange","Hold","Fair Shares - Wednesday  - Wednesday","Debit on Delivery",0,0,0,2025-10-15,2026-02-18,NA,2026-09-25,642
2026-04-07 03:42:31,2020-04-19,"1  (BYO) FSG - Orders Only","Combined CSA","Fair Shares Thursday Pickup","Fenton","MO","63026",0,"Automatic","Orange","Not on Hold","Fair Shares - Thursday - Thursday","Debit on Delivery",0,0,0,2020-04-23,2026-02-26,NA,2026-09-25,1436
2026-04-26 22:16:07,2021-03-16,"1  (BYO) FSG - Orders Only","Combined CSA","Fair Shares Thursday Pickup","Kirkwood","MO","63122",0.01,"Automatic","None","Hold","Fair Shares - Thursday - Thursday","Debit on Delivery",0,0,0,2021-03-24,2026-02-26,NA,2026-09-25,127
2026-09-24 03:52:41,2020-04-22,"1 Mini (Weekly Shares)","Combined CSA","UCM","St. louis","MO","63130",203.87,"Automatic","None","Not on Hold","UCity - Wednesday","$150",0,0,0,2020-04-29,2026-09-23,NA,2026-09-25,418
2026-05-04 08:02:34,2023-12-28,"1  (BYO) FSG - Orders Only","Combined CSA","Fair Shares Thursday Pickup","St. Louis","MO","63116",0,"Automatic","None","Hold","Fair Shares - Thursday - Thursday","Debit on Delivery",0,0,0,2024-01-04,2026-02-26,NA,2026-09-25,941
2021-08-05 03:55:55,2020-06-20,"1 (BYO) UCG - Orders Only","Combined CSA","UCity Pickup","St. Louis","MO","63130",0,"Automatic","Blue Orange","Not on Hold","UCity - Wednesday","Debit on Delivery",0,0,0,2020-06-24,2021-08-04,NA,2026-09-25,1693
2025-10-24 03:57:05,2020-08-25,"1 (BYO) KWG - Orders Only (Weekly Shares)","Combined CSA","Kirkwood Pickup","Des Peres","MO","63131",0,"Automatic","Green","Not on Hold","Kirkwood - Thursday","Debit on Delivery",0,0,0,2020-09-03,2025-10-23,NA,2026-09-25,19
2021-05-08 09:08:44,2021-04-10,"1 Guest Access","Combined CSA","Fair Shares Thursday Pickup","Saint Louis","MO","63110",0,"Automatic","None","Not on Hold","Fair Shares - Thursday - Thursday","Debit on Delivery",0,0,0,2021-04-15,2021-04-22,NA,2026-09-25,169
2026-09-25 02:41:09,2020-04-14,"1 FSA/FSD","Combined CSA","FSD","St. Louis","MO","63119",83.12,"Automatic","Green","Not on Hold","Fair Shares - Thursday - Thursday","$300",0,0,19.04,2020-04-16,2026-09-24,NA,2026-09-25,1857
2026-04-08 15:36:14,2017-07-18,"1  (BYO) FSG - Orders Only","Combined CSA","Fair Shares Wednesday Pickup","St. Louis","MO","63116",35.06,"Automatic","Purple","Not on Hold","Fair Shares - Wednesday  - Wednesday","Debit on Delivery",0,0,0,2017-08-16,2026-02-25,NA,2026-09-25,1380
2024-05-06 08:23:46,2023-05-12,"1  (BYO) FSG - Orders Only","Combined CSA","Fair Shares Thursday Pickup","Glendale","MO","63122",104.11,"Automatic","Green Purple","Not on Hold","Fair Shares - Thursday - Thursday","Debit on Delivery",0,0,0,2023-05-18,2023-11-30,NA,2026-09-25,801
2026-04-19 17:58:53,2017-07-18,"1  (BYO) FSG - Orders Only","Combined CSA","Fair Shares Wednesday Pickup","St. Louis","MO","63117",0,"Automatic","Orange","Not on Hold","Fair Shares - Wednesday  - Wednesday","Debit on Delivery",0,0,0,2017-08-16,2026-02-25,NA,2026-09-25,1309
2026-04-29 05:34:15,2020-03-23,"1 Half (Half Share - ODD week)","Combined CSA","FSB","St. Louis","MO","63119",153.56,"Automatic","Orange","Hold","Fair Shares - Wednesday  - Wednesday","Debit on Delivery",0,0,0,2020-03-26,2025-10-15,NA,2026-09-25,243
2026-01-04 08:16:10,2021-08-23,"1  (BYO) FSG - Orders Only","Combined CSA","Fair Shares Wednesday Pickup","St. Louis","MO","63110",0,"Automatic","Orange","Not on Hold","Fair Shares - Wednesday  - Wednesday","Debit on Delivery",0,0,0,2021-08-25,2025-12-10,NA,2026-09-25,975
2026-09-25 02:41:09,2017-07-18,"1 Half (Half Share - EVEN week)","Combined CSA","FSE","St. Louis","MO","63119",77.81,"Automatic","Purple","Not on Hold","Fair Shares - Thursday - Thursday","$150",0,0,25.53,2017-08-16,2026-09-24,NA,2026-09-25,499
2026-09-24 02:41:05,2026-07-18,"1 UCA/KWA","Combined CSA","UCA","St. Louis","MO","63105",265.27,"Automatic","None","Not on Hold","UCity - Wednesday","$300",0,0,0,2026-07-22,2026-09-23,NA,2026-09-25,727
2026-04-02 10:45:52,2022-03-26,"1  (BYO) FSG - Orders Only","Combined CSA","Fair Shares Thursday Pickup","St Louis","MO","63118",0,"Automatic","Green Orange","Not on Hold","Fair Shares - Thursday - Thursday","Debit on Delivery",0,0,0,2022-03-31,2026-02-19,NA,2026-09-25,21
2022-07-14 03:54:48,2020-07-12,"1 (BYO) UCG - Orders Only","Combined CSA","UCity Pickup","St Louis, Missouri","MO","63130",0,"Automatic","Green","Not on Hold","UCity - Wednesday","Debit on Delivery",0,0,0,2020-07-15,2022-07-13,NA,2026-09-25,1870
2026-09-18 03:54:28,2020-07-22,"1 Half (Half Share - ODD week), 1 No Produce - Order Only (even wk)","Combined CSA","FSE","St. Louis","MO","63143",207.28,"Automatic","Green Blue Orange","Not on Hold","Fair Shares - Thursday - Thursday","$150",0,0,0,2020-07-30,2026-09-17,NA,2026-09-25,1719
2026-09-25 02:41:09,2025-03-15,"1 FSA/FSD","Combined CSA","FSD","Manchester","MO","63021",110.49,"Automatic","None","Not on Hold","Fair Shares - Thursday - Thursday","$300",0,0,0.53,2025-04-03,2026-09-24,NA,2026-09-25,293
2024-01-29 08:33:18,2022-07-20,"1  (BYO) FSG - Orders Only","Combined CSA","Fair Shares Thursday Pickup","saint Louis","MO","63139",95.63,"Automatic","Green","Not on Hold","Fair Shares - Thursday - Thursday","Debit on Delivery",0,0,0,2022-07-28,2024-01-25,NA,2026-09-25,165
2022-11-17 03:56:58,2020-03-24,"1  (BYO) FSG - Orders Only","Combined CSA","Fair Shares Wednesday Pickup","Ellisville","MO","63021",0,"Automatic","Green Orange","Not on Hold","Fair Shares - Wednesday  - Wednesday","Debit on Delivery",0,0,0,2020-03-25,2022-11-16,NA,2026-09-25,799
2020-12-17 04:00:45,2020-04-13,"1 (BYO) UCG - Orders Only","Combined CSA","UCity Pickup","St. Louis","MO","63130",0,"Automatic","None","Not on Hold","UCity - Wednesday","Debit on Delivery",0,0,0,2020-04-15,2020-12-16,NA,2026-09-25,767
2025-12-01 09:12:31,2024-08-23,"1  (BYO) FSG - Orders Only","Combined CSA","Fair Shares Wednesday Pickup","St. Louis","MO","63110",0,"Automatic","Purple","Not on Hold","Fair Shares - Wednesday  - Wednesday","Debit on Delivery",0,0,0,2024-08-28,2025-11-19,NA,2026-09-25,141
2026-03-27 07:36:10,2020-04-18,"1  (BYO) FSG - Orders Only","Combined CSA","Fair Shares Wednesday Pickup","St. Louis","MO","63146",0,"Automatic","Orange","Not on Hold","Fair Shares - Wednesday  - Wednesday","Debit on Delivery",0,0,0,2020-04-22,2021-11-03,NA,2026-09-25,7
2026-09-18 03:54:30,2022-07-09,"1  (BYO) FSG - Orders Only","Combined CSA","Fair Shares Thursday Pickup","St Louis","MO","63110",0,"Automatic","Green","Not on Hold","Fair Shares - Thursday - Thursday","Debit on Delivery",0,0,0,2022-07-21,2026-09-17,NA,2026-09-25,1375
2026-09-25 02:41:09,2017-07-18,"1 FSA/FSD","Combined CSA","FSD","St. Louis","MO","63110",180.5,"Automatic","None","Not on Hold","Fair Shares - Thursday - Thursday","$300",0,0,3.94,2017-08-17,2026-09-24,NA,2026-09-25,928
2026-09-24 03:52:48,2021-09-29,"1  (BYO) FSG - Orders Only","Combined CSA","UCity Pickup","St Louis","MO","63110",0,"Automatic","Payment","Not on Hold","UCity - Wednesday","Debit on Delivery",0,0,0,2021-10-13,2026-09-23,NA,2026-09-25,788
2026-08-24 08:22:33,2026-05-27,"1  (BYO) FSG - Orders Only","Combined CSA","Fair Shares Wednesday Pickup","St. Louis","MO","63123",0,"Automatic","None","Not on Hold","Fair Shares - Wednesday  - Wednesday","Debit on Delivery",0,0,0,2026-06-03,2026-08-19,NA,2026-09-25,77
2026-01-30 02:18:58,2023-04-28,"1  (BYO) FSG - Orders Only","Combined CSA","Fair Shares Thursday Pickup","St. Louis","MO","63143",395.74,"Automatic","None","Not on Hold","Fair Shares - Thursday - Thursday","Debit on Delivery",0,0,0,2023-05-04,2026-01-29,NA,2026-09-25,529
2022-08-16 07:15:20,2021-03-12,"1  (BYO) FSG - Orders Only","Combined CSA","Fair Shares Wednesday Pickup","St. Louis","MO","63118",0,"Automatic","Purple","Hold","Fair Shares - Wednesday  - Wednesday","Debit on Delivery",0,0,0,2021-03-31,2022-02-16,NA,2026-09-25,109
2021-11-26 03:46:41,2018-09-20,"1 (BYO) KWG - Orders Only (Weekly Shares)","Combined CSA","Kirkwood Pickup","Saint Louis","MO","63122",0,"Automatic","None","Not on Hold","Kirkwood - Thursday","Debit on Delivery",0,0,0,2018-09-27,2021-11-25,NA,2026-09-25,164
2024-09-20 11:23:45,2020-04-12,"1 (BYO) UCG - Orders Only","Combined CSA","UCity Pickup","Richmond Heights","MO","63117",114.08,"Automatic","None","Not on Hold","UCity - Wednesday","Debit on Delivery",0,0,0,2020-04-15,2024-09-18,NA,2026-09-25,16
2023-02-03 03:52:22,2021-09-06,"1 (BYO) KWG - Orders Only (Weekly Shares)","Combined CSA","Kirkwood Pickup","Des Peres","MO","63131",0,"Automatic","Green Purple","Not on Hold","Kirkwood - Thursday","Debit on Delivery",0,0,0,2021-09-16,2023-02-02,NA,2026-09-25,1718
2023-12-29 03:51:26,2022-06-12,"1  (BYO) FSG - Orders Only","Combined CSA","Fair Shares Thursday Pickup","Chesterfield","MO","63017",0,"Automatic","None","Not on Hold","Fair Shares - Thursday - Thursday","Debit on Delivery",0,0,0,2022-06-16,2023-01-05,NA,2026-09-25,315
2021-03-29 19:17:19,2020-05-04,"1  (BYO) FSG - Orders Only","Combined CSA","Fair Shares Wednesday Pickup","St. Louis","MO","63110",0,"Automatic","Green Orange","Hold","Fair Shares - Wednesday  - Wednesday","Debit on Delivery",0,0,0,2020-05-07,2021-03-25,NA,2026-09-25,1372
2025-08-14 10:55:09,2022-04-26,"1 BYO - No Share, Order Only (Weekly Shares)","Combined CSA","Fair Shares Thursday Pickup","St. Louis","MO","63118",0,NA,"None","Not on Hold","Fair Shares - Thursday - Thursday",NA,0,0,0,2025-08-14,2025-08-14,NA,2026-09-25,1359
2025-07-11 03:58:22,2024-01-07,"1  (BYO) FSG - Orders Only","Combined CSA","Fair Shares Thursday Pickup","St. Louis","MO","63139",0,"Automatic","Orange","Not on Hold","Fair Shares - Thursday - Thursday","Debit on Delivery",0,0,0,2024-01-11,2025-07-10,NA,2026-09-25,779
2026-09-25 02:41:09,2021-02-14,"1 Mini (Weekly Shares)","Combined CSA","FSMini-t","St. Louis","MO","63118",219.81,"Automatic","None","Not on Hold","Fair Shares - Thursday - Thursday","$300",0,0,25.91,2021-02-25,2026-09-24,NA,2026-09-25,1593
2026-01-23 03:53:07,2025-04-04,"1 (BYO) KWG - Orders Only (Weekly Shares)","Combined CSA","Kirkwood Pickup","St Louis","MO","63126",0,"Automatic","Purple","Not on Hold","Kirkwood - Thursday","Debit on Delivery",0,0,0,2025-04-10,2026-01-22,NA,2026-09-25,968
2025-12-07 17:42:10,2024-08-21,"1 (BYO) KWG - Orders Only (Weekly Shares)","Combined CSA","Kirkwood Pickup","Kirkwood","MO","63122",26.55,"Automatic","None","Not on Hold","Kirkwood - Thursday","Debit on Delivery",0,0,0,2024-08-29,2025-12-04,NA,2026-09-25,404
2023-11-10 03:57:47,2020-04-04,"1  (BYO) FSG - Orders Only","Combined CSA","Fair Shares Thursday Pickup","St. Louis","MO","63104",0,"Automatic","Green Purple","Not on Hold","Fair Shares - Thursday - Thursday","Debit on Delivery",0,0,0,2020-04-09,2023-11-09,NA,2026-09-25,1929
2026-03-27 08:02:50,2017-07-18,"1 BYO - No Share, Order Only (Weekly Shares)","Combined CSA","Fair Shares Wednesday Pickup","St. Louis","MO","63050",0,NA,"None","Hold","Fair Shares - Wednesday  - Wednesday",NA,0,0,0,2017-08-16,2018-02-28,NA,2026-09-25,1729
2026-05-14 02:27:41,2020-02-26,"1 (BYO) UCG - Orders Only","Combined CSA","UCity Pickup","St. Louis","MO","63105",0,"Automatic","Payment Orange","Not on Hold","UCity - Wednesday","Debit on Delivery",0,0,0,2020-03-25,2025-11-19,NA,2026-09-25,957
2026-04-20 10:38:50,2020-04-16,"1 (BYO) KWG - Orders Only (Weekly Shares)","Combined CSA","Kirkwood Pickup","St. Louis","MO","63126",122.46,"Automatic","Blue Orange","Hold","Kirkwood - Thursday","Debit on Delivery",0,0,0,2020-04-23,2021-11-04,NA,2026-09-25,386
2026-09-17 02:45:10,2020-03-02,"1 Half (Half Share - ODD week)","Combined CSA","FSB","St Louis","MO","63110",237.15,"Automatic","Orange","Not on Hold","Fair Shares - Wednesday  - Wednesday","$300",0,0,0,2020-03-25,2026-09-16,NA,2026-09-25,1045
2026-09-24 02:41:05,2017-07-18,"1 Mini (Weekly Shares)","Combined CSA","UCM","St. Louis","MO","63112",195.5,"Automatic","None","Not on Hold","UCity - Wednesday","$300",0,0,0,2017-08-16,2026-09-23,NA,2026-09-25,1559
2026-09-25 04:02:46,2026-04-09,"1 FSA/FSD","Combined CSA","FSD","Saint Louis","MO","63119",350.56,"Automatic","None","Not on Hold","Fair Shares - Thursday - Thursday","$300",0,0,0.27,2026-04-30,2026-09-24,NA,2026-09-25,433
2026-09-17 02:45:10,2017-07-18,"1 Half (Half Share - ODD week)","Combined CSA","UCB","St. Louis","MO","63105",250.37,"Automatic","Orange","Not on Hold","UCity - Wednesday","$300",0,0,0,2017-08-16,2026-09-16,NA,2026-09-25,430
2021-05-18 17:35:26,2021-04-01,"1 (BYO) UCG - Orders Only","Combined CSA","UCity Pickup","Florissant","MO","63031",0,"Automatic","None","Not on Hold","UCity - Wednesday","Debit on Delivery",0,0,0,2021-04-07,2021-05-12,NA,2026-09-25,2
2025-06-30 13:01:27,2022-03-18,"1  (BYO) FSG - Orders Only","Combined CSA","Fair Shares Wednesday Pickup","Saint Louis","MO","63139",0,"Automatic","Green","Not on Hold","Fair Shares - Wednesday  - Wednesday","Debit on Delivery",0,0,0,2022-03-23,2025-04-02,NA,2026-09-25,848
2024-06-02 20:22:54,2020-04-03,"1 (BYO) KWG - Orders Only (Weekly Shares)","Combined CSA","Kirkwood Pickup","Ballwin","MO","63021",141.95,"Automatic","Orange","Not on Hold","Kirkwood - Thursday","Debit on Delivery",0,0,0,2020-04-09,2024-05-30,NA,2026-09-25,1988
2020-05-04 09:33:13,2020-03-21,"1 Guest Access","Combined CSA","Fair Shares Wednesday Pickup","st. louis","MO","63110",0,NA,"None","Not on Hold","Fair Shares - Wednesday  - Wednesday",NA,0,0,0,NA,NA,NA,2026-09-25,664
2026-04-20 09:02:25,2024-07-08,"1  (BYO) FSG - Orders Only","Combined CSA","Fair Shares Thursday Pickup","Saint louis","MO","63110",0,"Automatic","Purple","Hold","Fair Shares - Thursday - Thursday","Debit on Delivery",0,0,0,2024-07-11,2024-07-18,NA,2026-09-25,477
2021-04-13 17:05:10,2020-08-21,"1  (BYO) FSG - Orders Only","Combined CSA","Fair Shares Wednesday Pickup","St. Louis","MO","63139",0,"Automatic","None","Hold","Fair Shares - Wednesday  - Wednesday","Debit on Delivery",0,0,0,2020-08-26,2021-02-03,NA,2026-09-25,702
2026-04-30 06:41:06,2020-09-08,"1 (BYO) UCG - Orders Only","Combined CSA","UCity Pickup","St. Louis","MO","63114",168.18,"Automatic","Green Orange","Not on Hold","UCity - Wednesday","Debit on Delivery",0,0,0,2020-09-16,2026-02-18,NA,2026-09-25,1741
2026-09-24 02:41:05,2017-07-18,"1 Half (Half Share - EVEN week)","Combined CSA","UCB","St. Louis","MO","63119",259.22,"Automatic","Purple","Not on Hold","UCity - Wednesday","$600",0,0,0,2017-08-16,2026-09-23,NA,2026-09-25,1410
2021-09-30 17:14:27,2021-04-14,"1 (BYO) KWG - Orders Only (Weekly Shares)","Combined CSA","Kirkwood Pickup","Saint Louis","MO","63127",0,"Automatic","Purple","Hold","Kirkwood - Thursday","Debit on Delivery",0,0,0,2021-04-29,2021-09-16,NA,2026-09-25,1492
2026-09-24 02:41:05,2019-10-23,"1 Half (Half Share - EVEN week)","Combined CSA","FSB","St. Louis","MO","63103",125.79,"Automatic","Purple","Not on Hold","Fair Shares - Wednesday  - Wednesday","$300",0,0,0,2019-10-23,2026-09-23,NA,2026-09-25,712
2024-11-21 02:32:04,2023-08-20,"1 (BYO) UCG - Orders Only","Combined CSA","UCity Pickup","St louis","MO","63130",39.16,"Automatic","None","Not on Hold","UCity - Wednesday","Debit on Delivery",0,0,0,2023-08-23,2024-11-20,NA,2026-09-25,989
2026-02-09 10:31:41,2018-04-22,"1 BYO - No Share, Order Only (Weekly Shares)","Combined CSA","Fair Shares Thursday Pickup","St. Louis","MO","63128",0,NA,"None","Hold","Fair Shares - Thursday - Thursday",NA,0,0,0,2018-04-26,2018-08-16,NA,2026-09-25,1265
2026-03-27 07:16:18,2022-06-28,"1  (BYO) FSG - Orders Only","Combined CSA","Fair Shares Wednesday Pickup","St. Louis","MO","63139",0,"Automatic","Purple","Not on Hold","Fair Shares - Wednesday  - Wednesday","Debit on Delivery",0,0,0,2022-07-06,2024-10-16,NA,2026-09-25,1814
2025-04-24 03:57:21,2017-07-18,"1  (BYO) FSG - Orders Only","Combined CSA","Fair Shares Wednesday Pickup","Columbia","IL","62236",0.01,"Automatic","None","Not on Hold","Fair Shares - Wednesday  - Wednesday","Debit on Delivery",0,0,0,2017-08-16,2025-04-23,NA,2026-09-25,1245
2025-02-06 02:22:28,2024-04-01,"1 (BYO) UCG - Orders Only","Combined CSA","UCity Pickup","U City","MO","63130",65.57,"Automatic","None","Not on Hold","UCity - Wednesday","Debit on Delivery",0,0,0,2024-04-03,2025-02-05,NA,2026-09-25,117
2023-07-19 09:16:36,2020-09-17,"1 (BYO) KWG - Orders Only (Weekly Shares)","Combined CSA","Kirkwood Pickup","st louis","MO","63119",0,"Automatic","Green Orange","Not on Hold","Kirkwood - Thursday","Debit on Delivery",0,0,0,2020-09-30,2023-06-08,NA,2026-09-25,821
2022-06-07 15:24:19,2021-11-14,"1  (BYO) FSG - Orders Only","Combined CSA","Fair Shares Thursday Pickup","St. Louis","MO","63139",0,"Automatic","None","Not on Hold","Fair Shares - Thursday - Thursday","Debit on Delivery",0,0,0,2021-11-17,2022-06-01,NA,2026-09-25,419
2025-10-09 03:59:35,2020-04-24,"1  (BYO) FSG - Orders Only","Combined CSA","Fair Shares Wednesday Pickup","St louis","MO","63110",0,"Automatic","None","Not on Hold","Fair Shares - Wednesday  - Wednesday","Debit on Delivery",0,0,0,2020-04-29,2025-10-08,NA,2026-09-25,568
2026-04-18 20:20:29,2020-04-10,"1  (BYO) FSG - Orders Only","Combined CSA","Fair Shares Thursday Pickup","St. Louis","MO","63118",59.37,"Automatic","Green Purple","Not on Hold","Fair Shares - Thursday - Thursday","Debit on Delivery",0,0,0,2020-04-16,2026-02-26,NA,2026-09-25,1213
2026-09-25 04:02:50,2017-07-20,"1 FSA/FSD","Combined CSA","FSD","St. Louis","MO","63143",306.3,"Automatic","None","Not on Hold","Fair Shares - Thursday - Thursday","$300",0,0,0.53,2017-08-24,2026-09-24,NA,2026-09-25,761
2025-11-28 03:48:12,2021-09-11,"1  (BYO) FSG - Orders Only","Combined CSA","Fair Shares Thursday Pickup","St. Louis","MO","63104",0,"Automatic","Green","Not on Hold","Fair Shares - Thursday - Thursday","Debit on Delivery",0,0,0,2021-09-16,2025-11-27,NA,2026-09-25,204
2026-08-25 15:26:07,2026-08-25,"1  (BYO) FSG - Orders Only","Combined CSA","Fair Shares Thursday Pickup","Saint Louis","MO","63118",0,NA,"None","Not on Hold","Fair Shares - Thursday - Thursday",NA,0,0,0,NA,NA,NA,2026-09-25,71
2025-10-31 03:55:58,2023-01-11,"1  (BYO) FSG - Orders Only","Combined CSA","Fair Shares Thursday Pickup","St Charles","MO","63301",0,"Automatic","Green Purple","Not on Hold","Fair Shares - Thursday - Thursday","Debit on Delivery",0,0,0,2023-01-19,2025-10-30,NA,2026-09-25,1283
2024-09-09 08:42:44,2023-03-30,"1 (BYO) UCG - Orders Only","Combined CSA","UCity Pickup","Saint Louis","MO","63114",159.28,"Automatic","Purple","Not on Hold","UCity - Wednesday","Debit on Delivery",0,0,0,2023-04-05,2024-08-14,NA,2026-09-25,1445
2026-02-26 15:34:24,2024-05-15,"1  (BYO) FSG - Orders Only","Combined CSA","Fair Shares Thursday Pickup","St Louis","MO","63118",0,NA,"None","Not on Hold","Fair Shares - Thursday - Thursday",NA,0,0,0,2024-06-19,2026-02-26,NA,2026-09-25,580
2025-12-04 17:11:09,2017-07-20,"1  (BYO) FSG - Orders Only","Combined CSA","Fair Shares Thursday Pickup","St. Louis","MO","63124",43.61,"Automatic","None","Not on Hold","Fair Shares - Thursday - Thursday","Debit on Delivery",0,0,0,2017-08-17,2022-09-29,NA,2026-09-25,1374
2026-09-24 02:41:05,2017-07-18,"1 UCA/KWA, 1 2% MILK-e","Combined CSA","UCA","St. Louis","63143","63143",565.86,"Automatic","None","Not on Hold","UCity - Wednesday","$600",0,0,0,2017-08-16,2026-09-23,NA,2026-09-25,322
2026-08-23 12:51:31,2026-07-18,"1  (BYO) FSG - Orders Only","Combined CSA","Fair Shares Wednesday Pickup","St. Louis","MO","63110",0,"Automatic","None","Hold","Fair Shares - Wednesday  - Wednesday","Debit on Delivery",0,0,0,2026-07-22,2026-07-29,NA,2026-09-25,266
2026-03-27 07:20:27,2021-01-12,"1  (BYO) FSG - Orders Only","Combined CSA","Fair Shares Wednesday Pickup","Saint Louis","MO","63139",0,"Automatic","Green","Not on Hold","Fair Shares - Wednesday  - Wednesday","Debit on Delivery",0,0,0,2021-01-13,2021-10-27,NA,2026-09-25,1167
2026-09-25 02:41:09,2017-07-18,"1 Half (Half Share - EVEN week)","Combined CSA","UCB","St. Louis","63146","55555",21.65,NA,"Payment Purple","Not on Hold","UCity - Wednesday","$150",0,-150,0,2017-08-16,2026-09-23,NA,2026-09-25,371
2026-04-20 09:03:09,2018-08-22,"1  (BYO) FSG - Orders Only","Combined CSA","Fair Shares Thursday Pickup","St. Louis","MO","63126",220.39,"Automatic","Purple","Hold","Fair Shares - Thursday - Thursday","Debit on Delivery",0,0,0,2018-08-22,2024-01-11,NA,2026-09-25,993
2024-11-15 04:00:47,2020-06-17,"1 Guest Access, 1 BYO - No Share, Order Only (Weekly Shares)","Combined CSA","Fair Shares Thursday Pickup","Saint Louis","MO","63110",347.61,"Automatic","None","Not on Hold","Fair Shares - Thursday - Thursday","Debit on Delivery",0,0,0,2020-07-09,2024-11-14,NA,2026-09-25,827
2026-08-07 02:36:10,2023-04-06,"1 (BYO) KWG - Orders Only (Weekly Shares)","Combined CSA","Kirkwood Pickup","St. Louis","MO","63132",0.94,"Automatic","None","Not on Hold","Kirkwood - Thursday","Debit on Delivery",0,0,0,2023-04-12,2026-08-06,NA,2026-09-25,793
2026-01-04 02:07:04,2017-07-20,"1 (BYO) KWG - Orders Only (Weekly Shares)","Combined CSA","Kirkwood Pickup","St. Louis","MO","63119",0,"Automatic","None","Not on Hold","Kirkwood - Thursday","Debit on Delivery",0,0,0,2017-08-17,2025-08-21,NA,2026-09-25,743
2026-09-25 04:02:53,2017-07-18,"1 Half (Half Share - EVEN week), 1 No Produce - Order Only (odd wk)","Combined CSA","FSE","St. Louis","MO","63110",199.06,"Automatic","Purple","Not on Hold","Fair Shares - Thursday - Thursday","$150",0,0,0,2017-08-16,2026-09-24,NA,2026-09-25,725
2026-04-02 12:39:41,2022-02-23,"1  (BYO) FSG - Orders Only","Combined CSA","Fair Shares Wednesday Pickup","St. Louis","MO","63116",0,"Automatic","Green","Not on Hold","Fair Shares - Wednesday  - Wednesday","Debit on Delivery",0,0,0,2022-03-23,2026-02-25,NA,2026-09-25,547
2026-03-27 07:15:37,2021-12-13,"1  (BYO) FSG - Orders Only","Combined CSA","Fair Shares Wednesday Pickup","St. Louis","MO","63123",0,NA,"Green","Hold","Fair Shares - Wednesday  - Wednesday","Debit on Delivery",0,0,0,2021-12-22,2022-10-12,NA,2026-09-25,1609
2026-03-27 07:30:44,2020-05-26,"1  (BYO) FSG - Orders Only","Combined CSA","Fair Shares Wednesday Pickup","St. Louis","MO","63119",0,NA,"None","Not on Hold","Fair Shares - Wednesday  - Wednesday","Debit on Delivery",0,0,0,2020-06-03,2025-01-15,NA,2026-09-25,1276
2026-09-18 02:37:33,2017-07-18,"1 Half (Half Share - ODD week), 1 No Produce - Order Only (even wk)","Combined CSA","FSE","St. Louis","63116","63116",140.88,"Automatic","Orange","Not on Hold","Fair Shares - Thursday - Thursday","$300",0,0,0,2017-08-24,2026-09-17,NA,2026-09-25,1977
2021-04-01 09:47:54,2020-03-25,"1  (BYO) FSG - Orders Only","Combined CSA","Fair Shares Thursday Pickup","St Louis","MO","63104",0,"Automatic","Green Purple","Not on Hold","Fair Shares - Thursday - Thursday","Debit on Delivery",0,0,0,2020-03-26,2021-02-25,NA,2026-09-25,1775
2025-10-30 03:59:39,2025-10-14,"1 Guest Access","Combined CSA","UCM","Saint Louis","MO","63130",0,"Automatic","None","Not on Hold","UCity - Wednesday","Debit on Delivery",0,0,0,2025-10-22,2025-10-29,NA,2026-09-25,755
2026-09-24 03:52:46,2026-09-17,"1 Guest Access, 1 Mini (ONCE 2026-09-30)","Combined CSA","FSA","St. Louis","MO","63109",0,"Automatic","None","Not on Hold","Fair Shares - Wednesday  - Wednesday","Debit on Delivery",0,0,0,2026-09-23,2026-09-23,NA,2026-09-25,5
2022-04-08 03:53:24,2020-05-05,"1  (BYO) FSG - Orders Only","Combined CSA","Fair Shares Thursday Pickup","St. Louis","MO","63118",0,"Automatic","Green","Not on Hold","Fair Shares - Thursday - Thursday","Debit on Delivery",0,0,0,2020-05-07,2022-04-07,NA,2026-09-25,890
2026-09-24 02:41:05,2026-08-30,"1 FSA/FSD","Combined CSA","FSA","Fenton","MO","63026",100.5,"Automatic","None","Not on Hold","Fair Shares - Wednesday  - Wednesday","$300",0,0,0,2026-09-02,2026-09-23,NA,2026-09-25,484
2022-08-29 08:25:01,2020-04-09,"1  (BYO) FSG - Orders Only","Combined CSA","Fair Shares Wednesday Pickup","Webster Groves","MO","63119",0,"Automatic","Orange","Not on Hold","Fair Shares - Wednesday  - Wednesday","Debit on Delivery",0,0,0,2020-04-15,2022-08-24,NA,2026-09-25,897
2026-09-25 04:02:48,2019-06-04,"1 Mini (Weekly Shares)","Combined CSA","FSMini-t","St. Louis","MO","63109",223.62,"Automatic","None","Not on Hold","Fair Shares - Thursday - Thursday","$150",0,0,1.33,2019-06-06,2026-09-24,NA,2026-09-25,1941
2024-03-08 02:19:49,2022-11-27,"1 (BYO) KWG - Orders Only (Weekly Shares)","Combined CSA","Kirkwood Pickup","Kirkwood","MO","63122",41.54,"Automatic","Green","Not on Hold","Kirkwood - Thursday","Debit on Delivery",0,0,0,2022-12-01,2024-03-07,NA,2026-09-25,1293
2026-08-08 12:33:49,2026-06-25,"1  (BYO) FSG - Orders Only","Combined CSA","Fair Shares Thursday Pickup","St Louis","MO","63139",28.64,"Automatic","None","Not on Hold","Fair Shares - Thursday - Thursday","Debit on Delivery",0,0,0,2026-07-02,2026-08-06,NA,2026-09-25,825
2026-03-27 07:12:17,2022-03-15,"1  (BYO) FSG - Orders Only","Combined CSA","Fair Shares Wednesday Pickup","Webster Groves","MO","63119",0,"Automatic","None","Not on Hold","Fair Shares - Wednesday  - Wednesday","Debit on Delivery",0,0,0,2022-03-23,2022-07-27,NA,2026-09-25,882
2026-07-09 03:54:43,2024-04-01,"1 (BYO) UCG - Orders Only","Combined CSA","UCity Pickup","Overland","MO","63114",0,"Automatic","Orange","Not on Hold","UCity - Wednesday","Debit on Delivery",0,0,0,2024-04-03,2026-07-08,NA,2026-09-25,482
2025-12-18 03:57:52,2025-05-01,"1 (BYO) UCG - Orders Only","Combined CSA","UCity Pickup","Ballwin","MO","63021",0,"Automatic","None","Not on Hold","UCity - Wednesday","Debit on Delivery",0,0,0,2025-05-07,2025-12-17,NA,2026-09-25,320
2026-09-24 03:52:50,2024-01-05,"1 Mini (Weekly Shares)","Combined CSA","FSMini-w","St. Louis","MO","63111",179.12,"Automatic","None","Not on Hold","Fair Shares - Wednesday  - Wednesday","$150",0,0,0,2024-01-11,2026-09-23,NA,2026-09-25,1879
2026-03-27 07:13:41,2022-02-27,"1  (BYO) FSG - Orders Only","Combined CSA","Fair Shares Wednesday Pickup","Belleville","IL","62223",0,"Automatic","None","Not on Hold","Fair Shares - Wednesday  - Wednesday","Debit on Delivery",0,0,0,2022-03-23,2022-06-29,NA,2026-09-25,457
2026-04-20 14:02:59,2017-07-18,"1  (BYO) FSG - Orders Only","Combined CSA","Fair Shares Wednesday Pickup","St. Louis","MO","63104",0.01,"Automatic","Purple","Not on Hold","Fair Shares - Wednesday  - Wednesday","Debit on Delivery",0,0,0,2017-08-16,2022-10-26,NA,2026-09-25,519
2026-04-20 13:31:40,2021-01-02,"1  (BYO) FSG - Orders Only","Combined CSA","Fair Shares Wednesday Pickup","Creve Coeur","MO","63141",0.01,"Automatic","Green Purple","Not on Hold","Fair Shares - Wednesday  - Wednesday","Debit on Delivery",0,0,0,2021-01-06,2023-02-01,NA,2026-09-25,1361
2026-09-24 02:41:05,2020-04-03,"1 Mini (Weekly Shares)","Combined CSA","FSMini-w","Affton","MO","63143",236.59,"Automatic","None","Not on Hold","Fair Shares - Wednesday  - Wednesday","$300",0,0,0,2020-04-08,2026-09-23,NA,2026-09-25,100
2021-01-18 09:34:22,2020-09-27,"1  (BYO) FSG - Orders Only","Combined CSA","Fair Shares Wednesday Pickup","St. Louis","MO","63118",0,"Automatic","Green Purple","Not on Hold","Fair Shares - Wednesday  - Wednesday","Debit on Delivery",0,0,0,2020-09-30,2021-01-06,NA,2026-09-25,1114
2026-09-18 02:37:33,2020-04-17,"1 Half (Half Share - ODD week)","Combined CSA","FSE","St. Louis","MO","63116",261.64,"Automatic","Orange","Not on Hold","Fair Shares - Thursday - Thursday","$600",0,0,0,2020-04-22,2026-09-17,NA,2026-09-25,566
2026-04-29 06:07:36,2017-07-18,"1  (BYO) FSG - Orders Only","Combined CSA","Fair Shares Wednesday Pickup","St. Louis","MO","63101",73.16,"Automatic","None","Not on Hold","Fair Shares - Wednesday  - Wednesday","Debit on Delivery",0,0,0,2017-08-16,2026-02-25,NA,2026-09-25,194
2026-02-15 20:19:58,2020-03-24,"1  (BYO) FSG - Orders Only","Combined CSA","Fair Shares Wednesday Pickup","Saint Louis","MO","63110",0,"Automatic","Green","Not on Hold","Fair Shares - Wednesday  - Wednesday","Debit on Delivery",0,0,0,2020-03-25,2026-02-11,NA,2026-09-25,422
2024-08-19 14:45:49,2020-04-18,"1  (BYO) FSG - Orders Only","Combined CSA","Fair Shares Thursday Pickup","St. Louis","MO","63139",0,"Automatic","None","Not on Hold","Fair Shares - Thursday - Thursday","Debit on Delivery",0,0,0,2020-04-22,2024-05-09,NA,2026-09-25,646
2026-09-25 02:41:09,2017-07-18,"1 Half (Half Share - EVEN week), 1 No Produce - Order Only (odd wk)","Combined CSA","FSE","St. Louis","MO","63143",85.61,"Automatic","Purple","Not on Hold","Fair Shares - Thursday - Thursday","$150",0,0,1.12,2017-08-16,2026-09-24,NA,2026-09-25,1717
2026-09-24 03:52:46,2026-08-17,"1 Half (Half Share - EVEN week)","Combined CSA","FSB","Saint Louis","MO","63103",222.22,"Automatic","Purple","Not on Hold","Fair Shares - Wednesday  - Wednesday","$150",0,0,0,2026-08-26,2026-09-23,NA,2026-09-25,972
2026-09-18 03:54:20,2025-08-30,"1 Half (Half Share - ODD week), 1 No Produce - Order Only (even wk)","Combined CSA","FSE","Saint Louis","MO","63129",196.13,"Automatic","Orange","Not on Hold","Fair Shares - Thursday - Thursday","$150",0,0,0,2025-09-04,2026-09-17,NA,2026-09-25,885
2024-09-27 07:45:55,2020-03-24,"1 (BYO) UCG - Orders Only","Combined CSA","UCity Pickup","St Ann","MO","63074",211,"Automatic","Green","Not on Hold","UCity - Wednesday","Debit on Delivery",0,0,0,2020-03-25,2024-08-14,NA,2026-09-25,1924
2026-09-25 04:02:31,2023-02-09,"1 Half (Half Share - EVEN week)","Combined CSA","KWB","St. Louis","MO","63119",331.23,"Automatic","Green Purple","Not on Hold","Kirkwood - Thursday","$300",0,0,0.69,2023-02-16,2026-09-24,NA,2026-09-25,540
2019-08-29 02:38:50,2018-01-13,"1 BYO - No Share, Order Only (Weekly Shares)","Combined CSA","Fair Shares Wednesday Pickup","Villa Ridge","MO","63089",0,NA,"None","Not on Hold","Fair Shares - Wednesday  - Wednesday","Debit on Delivery",0,0,0,2018-01-18,2019-08-28,NA,2026-09-25,935
2026-09-11 03:54:48,2020-06-11,"1 (BYO) KWG - Orders Only (Weekly Shares)","Combined CSA","Kirkwood Pickup","Chesterfield","MO","63017",0,"Automatic","Orange","Not on Hold","Kirkwood - Thursday","Debit on Delivery",0,0,0,2020-06-18,2026-09-10,NA,2026-09-25,267
2026-09-25 02:41:09,2017-08-09,"1 2% MILK, 1 Mini (Weekly Shares)","Combined CSA","KWM","Webster Groves","MO","63119",137.03,"Automatic","None","Not on Hold","Kirkwood - Thursday","$150",0,0,2.13,2017-08-16,2026-09-24,NA,2026-09-25,192
2026-09-24 02:41:05,2017-07-18,"1 UCA/KWA","Combined CSA","UCA","St. Louis","MO","63112",151.24,"Automatic","None","Not on Hold","UCity - Wednesday","$600",0,0,0,2017-08-16,2026-09-23,NA,2026-09-25,1735
2026-09-25 02:41:09,2022-07-21,"1 Mini (Weekly Shares)","Combined CSA","FSMini-t","St. Louis","MO","63126",137.41,"Automatic","None","Not on Hold","Fair Shares - Thursday - Thursday","$150",0,0,10.91,2022-07-28,2026-09-24,NA,2026-09-25,1468
2026-07-24 03:55:07,2017-07-20,"1 BYO - No Share, Order Only (Weekly Shares)","Combined CSA","Fair Shares Thursday Pickup","St. Louis","63124","MO",0,"Automatic","Payment","Not on Hold","Fair Shares - Thursday - Thursday","Debit on Delivery",0,0,0,2017-10-05,2026-07-23,NA,2026-09-25,1211
2026-09-24 02:41:05,2017-07-18,"1 Half (Half Share - EVEN week)","Combined CSA","FSB","webster Groves","MO","63119",84.88,"Automatic","Purple","Not on Hold","Fair Shares - Wednesday  - Wednesday","$150",0,0,0,2017-08-16,2026-09-23,NA,2026-09-25,30
2026-09-25 02:41:09,2024-01-08,"1 Mini (Weekly Shares)","Combined CSA","KWM","Bridgeton","MO","63044",134.88,"Automatic","None","Not on Hold","Kirkwood - Thursday","$150",0,0,6.65,2024-01-17,2026-09-24,NA,2026-09-25,1476
2026-09-24 02:41:05,2023-07-13,"1 Half (Half Share - EVEN week)","Combined CSA","UCB","University City","MO","63130",125.06,"Automatic","Green Purple","Not on Hold","UCity - Wednesday","$300",0,0,0,2023-07-19,2026-09-23,NA,2026-09-25,472
2026-09-18 02:37:33,2020-04-06,"1 Half (Half Share - ODD week), 1 No Produce - Order Only (even wk)","Combined CSA","FSE","St. Louis","MO","63139",107.3,"Automatic","Orange","Not on Hold","Fair Shares - Thursday - Thursday","$150",0,0,0,2020-04-09,2026-09-17,NA,2026-09-25,1871
2025-10-24 02:37:57,2025-03-18,"1  (BYO) FSG - Orders Only","Combined CSA","Fair Shares Thursday Pickup","St Louis","MO","63104",67.82,"Automatic","Purple","Not on Hold","Fair Shares - Thursday - Thursday","Debit on Delivery",0,0,0,2025-04-03,2025-10-23,NA,2026-09-25,559
2026-09-24 03:52:55,2026-07-14,"1 Mini (Weekly Shares)","Combined CSA","UCM","University City","MO","63130",0,"Automatic","None","Not on Hold","UCity - Wednesday","Debit on Delivery",0,0,0,2026-07-22,2026-09-23,NA,2026-09-25,391
2026-09-24 03:52:42,2025-08-17,"1 Half (Half Share - EVEN week)","Combined CSA","FSB","St. Louis","MO","63144",180.85,"Automatic","Purple","Not on Hold","Fair Shares - Wednesday  - Wednesday","$150",0,0,0,2025-08-21,2026-09-23,NA,2026-09-25,83
2026-02-26 02:22:28,2023-04-27,"1 (BYO) KWG - Orders Only (Weekly Shares)","Combined CSA","Fair Shares Wednesday Pickup","Saint Louis","MO","63119",12.04,"Automatic","Purple","Not on Hold","Fair Shares - Wednesday  - Wednesday","Debit on Delivery",0,0,0,2023-05-04,2026-02-25,NA,2026-09-25,603
2026-09-25 04:03:03,2026-02-23,"1 FSA/FSD","Combined CSA","FSD","St louis","MO","63104",373.82,"Automatic","None","Not on Hold","Fair Shares - Thursday - Thursday","$300",0,0,159.5,2026-04-30,2026-09-24,NA,2026-09-25,963
2026-09-17 03:57:32,2020-04-12,"1 Mini (Weekly Shares)","Combined CSA","FSMini-w","St. Louis","MO","63116",171.11,"Automatic","None","Not on Hold","Fair Shares - Wednesday  - Wednesday","$150",0,0,0,2020-04-16,2026-09-16,NA,2026-09-25,1038
2024-12-06 02:29:00,2017-07-18,"1  (BYO) FSG - Orders Only","Combined CSA","Fair Shares Wednesday Pickup","St. Charles","MO","63303",0,"Automatic","None","Not on Hold","Fair Shares - Wednesday  - Wednesday","Debit on Delivery",0,0,0,2017-08-17,2024-11-27,NA,2026-09-25,1189
2023-12-29 03:51:23,2017-07-20,"1 (BYO) KWG - Orders Only (Weekly Shares)","Combined CSA","Kirkwood Pickup","St. Louis","MO","63088",0,"Automatic","Orange","Not on Hold","Kirkwood - Thursday","Debit on Delivery",0,0,0,2017-08-17,2023-09-14,NA,2026-09-25,943
2026-03-27 07:47:22,2019-05-17,"1 BYO - No Share, Order Only (Weekly Shares)","Combined CSA","Fair Shares Wednesday Pickup","St. Louis","MO","63112",0,NA,"None","Not on Hold","Fair Shares - Wednesday  - Wednesday","Debit on Delivery",0,0,0,2019-05-23,2019-10-03,NA,2026-09-25,323
2026-04-29 18:39:25,2024-02-23,"1 (BYO) UCG - Orders Only","Combined CSA","UCity Pickup","St Louis","MO","63146",193.45,"Automatic","None","Not on Hold","UCity - Wednesday","Debit on Delivery",0,0,0,2024-02-28,2026-02-25,NA,2026-09-25,1052
2021-08-02 08:55:36,2021-03-18,"1  (BYO) FSG - Orders Only","Combined CSA","Fair Shares Thursday Pickup","Saint Louis","MO","63139",0,"Automatic","None","Hold","Fair Shares - Thursday - Thursday","Debit on Delivery",0,0,0,2021-03-25,2021-07-29,NA,2026-09-25,1001
2026-09-25 04:02:30,2023-05-20,"1 Mini (Weekly Shares)","Combined CSA","FSMini-w","Ballwin","MO","63021",217.33,"Automatic","None","Not on Hold","Fair Shares - Wednesday  - Wednesday","$150",0,0,0,2023-05-25,2026-09-24,NA,2026-09-25,1968
2025-01-19 20:39:32,2019-07-09,"1 (BYO) UCG - Orders Only","Combined CSA","UCity Pickup","St. Louis","MO","63132",9.68,"Automatic","None","Not on Hold","UCity - Wednesday","Debit on Delivery",0,0,0,2019-07-10,2025-01-15,NA,2026-09-25,691
2025-04-02 10:39:49,2019-04-14,"1  (BYO) FSG - Orders Only","Combined CSA","Fair Shares Thursday Pickup","St. Louis","MO","63119",181.95,"Automatic","None","Not on Hold","Fair Shares - Thursday - Thursday",NA,0,0,0,2019-04-18,2025-03-06,NA,2026-09-25,276
2026-09-25 02:41:09,2017-07-18,"1 FSA/FSD","Combined CSA","FSD","St. Louis","MO","63119",129.24,"Automatic","None","Not on Hold","Fair Shares - Thursday - Thursday","$600",0,0,1.33,2017-08-16,2026-09-24,NA,2026-09-25,11
2026-09-10 04:01:14,2021-03-23,"1 Mini (Weekly Shares)","Combined CSA","UCM","St Louis","MO","63132",158.32,"Automatic","None","Not on Hold","UCity - Wednesday","$150",0,0,0,2021-03-24,2026-09-09,NA,2026-09-25,207
2026-09-24 02:41:05,2026-07-03,"1 Mini (Weekly Shares)","Combined CSA","FSMini-t","Maplewood","MO","63143",99.83,"Automatic","Payment","Not on Hold","Fair Shares - Thursday - Thursday","$150",0,0,0,2026-07-09,2026-09-23,NA,2026-09-25,329
2026-03-27 07:44:06,2019-11-02,"1  (BYO) FSG - Orders Only","Combined CSA","Fair Shares Wednesday Pickup","St. Louis","MO","63116",0,"Automatic","None","Not on Hold","Fair Shares - Wednesday  - Wednesday","Debit on Delivery",0,0,0,2019-11-06,2022-06-29,NA,2026-09-25,1623
2026-07-10 03:54:16,2017-07-20,"1  (BYO) FSG - Orders Only","Combined CSA","Fair Shares Wednesday Pickup","St. Louis","MO","63144",0,"Automatic","None","Not on Hold","Fair Shares - Wednesday  - Wednesday","Debit on Delivery",0,0,0,2017-08-24,2026-07-09,NA,2026-09-25,88
2026-04-20 13:34:15,2020-08-09,"1  (BYO) FSG - Orders Only","Combined CSA","Fair Shares Wednesday Pickup","St. Louis","MO","63110",0.01,"Automatic","Green","Not on Hold","Fair Shares - Wednesday  - Wednesday","Debit on Delivery",0,0,0,2020-08-12,2023-02-01,NA,2026-09-25,460
2023-06-09 03:53:56,2021-06-30,"1  (BYO) FSG - Orders Only","Combined CSA","Fair Shares Thursday Pickup","St Louis","MO","63123",0,"Automatic","Green Purple","Not on Hold","Fair Shares - Thursday - Thursday","Debit on Delivery",0,0,0,2021-07-08,2023-06-08,NA,2026-09-25,1327
2026-03-27 08:03:19,2017-07-18,"1 BYO - No Share, Order Only (Weekly Shares)","Combined CSA","Fair Shares Wednesday Pickup","St. Louis","MO","63139",0,NA,"Purple","Hold","Fair Shares - Wednesday  - Wednesday","Debit on Delivery",0,0,0,2017-08-16,2018-07-18,NA,2026-09-25,388
2026-09-17 03:57:46,2017-07-18,"1 Half (Half Share - ODD week), 1 No Produce - Order Only (even wk)","Combined CSA","FSB","St. Louis","MO","63110",204.3,"Automatic","Orange","Not on Hold","Fair Shares - Wednesday  - Wednesday","$150",0,0,0,2017-08-23,2026-09-16,NA,2026-09-25,732
2026-09-17 03:57:49,2017-07-20,"1 Half (Half Share - ODD week), 1 Whole MILK-o","Combined CSA","FSB","St. Louis","MO","63110",323.81,"Automatic","Blue Orange","Not on Hold","Fair Shares - Wednesday  - Wednesday","$300",0,0,0,2017-08-17,2026-09-16,NA,2026-09-25,1534
2026-04-02 11:03:51,2017-07-20,"1  (BYO) FSG - Orders Only","Combined CSA","Fair Shares Thursday Pickup","St. Louis","MO","63108",0,"Automatic","None","Not on Hold","Fair Shares - Thursday - Thursday","Debit on Delivery",0,0,0,2017-08-17,2026-02-26,NA,2026-09-25,550
2026-09-18 03:54:22,2024-03-07,"1 Half (Half Share - ODD week)","Combined CSA","FSE","St. Louis","MO","63118",209.51,"Automatic","Orange","Not on Hold","Fair Shares - Thursday - Thursday","$150",0,0,0,2024-04-04,2026-09-17,NA,2026-09-25,1752
2026-05-14 15:29:35,2023-04-29,"1 (BYO) KWG - Orders Only (Weekly Shares)","Combined CSA","Kirkwood Pickup","Kirkwood","MO","63122",61.23,"Automatic","Orange","Hold","Kirkwood - Thursday","Debit on Delivery",0,0,0,2023-05-04,2026-04-30,NA,2026-09-25,1684
2026-07-08 10:33:36,2026-06-15,"1 Guest Access","Combined CSA","UCity Pickup","St. Louis","MO","63130",0,"Automatic","None","Not on Hold","UCity - Wednesday","Debit on Delivery",0,0,0,2026-06-17,2026-07-08,NA,2026-09-25,347
2026-03-27 07:45:46,2019-07-27,"1 BYO - No Share, Order Only (Weekly Shares)","Combined CSA","Fair Shares Wednesday Pickup","Saint Louis","MO","63116",0,NA,"Purple","Not on Hold","Fair Shares - Wednesday  - Wednesday","Debit on Delivery",0,0,0,2019-07-31,2020-06-17,NA,2026-09-25,1974
2026-09-24 02:41:05,2017-07-18,"1 Mini (Weekly Shares)","Combined CSA","FSMini-w","St. Louis","MO","63126",154.03,"Automatic","None","Not on Hold","Fair Shares - Wednesday  - Wednesday","$150",0,0,0,2017-08-16,2026-09-23,NA,2026-09-25,1162
2026-05-14 02:27:41,2023-11-20,"1  (BYO) FSG - Orders Only","Combined CSA","Fair Shares Wednesday Pickup","St. Louis","MO","63116",0,"Automatic","Payment Purple","Hold","Fair Shares - Wednesday  - Wednesday","Debit on Delivery",0,0,0,2023-11-29,2026-02-25,NA,2026-09-25,1789
2026-09-24 02:41:05,2021-05-06,"1 UCA/KWA","Combined CSA","UCA","CHESTERFIELD","MO","63017",132.59,"Automatic","Green","Not on Hold","UCity - Wednesday","$600",0,0,0,2021-05-12,2026-09-23,NA,2026-09-25,1048
2026-03-27 07:25:56,2020-09-30,"1  (BYO) FSG - Orders Only","Combined CSA","Fair Shares Wednesday Pickup","St. Louis","MO","63139",0,"Automatic","Green Orange","Not on Hold","Fair Shares - Wednesday  - Wednesday","Debit on Delivery",0,0,0,2020-10-07,2021-07-28,NA,2026-09-25,343
2025-11-02 10:09:12,2023-09-29,"1 (BYO) KWG - Orders Only (Weekly Shares)","Combined CSA","Kirkwood Pickup","Saint louis","MO","63127",0,"Automatic","None","Not on Hold","Kirkwood - Thursday","Debit on Delivery",0,0,0,2023-11-09,2024-04-11,NA,2026-09-25,1050
2022-09-16 03:54:39,2021-05-03,"1  (BYO) FSG - Orders Only","Combined CSA","Fair Shares Thursday Pickup","St Louis","MO","63116",0,"Automatic","None","Not on Hold","Fair Shares - Thursday - Thursday","Debit on Delivery",0,0,0,2021-05-06,2022-09-15,NA,2026-09-25,1247
2026-09-25 02:41:09,2023-09-25,"1 Half (Half Share - EVEN week)","Combined CSA","FSE","Saint Louis","MO","63122",87.78,"Automatic","Green Purple","Not on Hold","Fair Shares - Thursday - Thursday","$150",0,0,3.46,2023-09-28,2026-09-24,NA,2026-09-25,657
2026-02-18 19:03:24,2020-03-29,"1 (BYO) UCG - Orders Only","Combined CSA","UCity Pickup","Creve Coeur","MO","63141",0,"Automatic","None","Not on Hold","UCity - Wednesday","Debit on Delivery",0,0,0,2020-04-01,2026-02-11,NA,2026-09-25,981
2026-09-25 04:02:42,2025-09-14,"1 Half (Half Share - EVEN week)","Combined CSA","FSE","St. Louis","MO","63122-3952",212.27,"Automatic","Purple","Not on Hold","Fair Shares - Thursday - Thursday","$150",0,0,0,2025-10-23,2026-09-24,NA,2026-09-25,875
2026-04-08 09:27:15,2020-04-27,"1 Half (Half Share - EVEN week)","Combined CSA","FSB","St Louis","MO","63118",0,"Automatic","Purple","Hold","Fair Shares - Wednesday  - Wednesday","Debit on Delivery",0,0,0,2020-05-06,2026-02-25,NA,2026-09-25,1364
2026-09-25 02:41:09,2017-07-18,"1 Mini (Weekly Shares)","Combined CSA","UCM","St. Louis","MO","63130",355.73,"Automatic","None","Not on Hold","UCity - Wednesday","$300",0,0,0,2017-08-16,2026-09-23,NA,2026-09-25,1689
2026-09-19 06:19:58,2017-07-18,"1 Cream pint (Half Share - EVEN week), 1 Whole MILK-e, 1 Plain yogurt, 1 Eggs - Buttonwood (Half Share - EVEN week), 1 (BYO) UCG - Orders Only","Combined CSA","UCity Pickup","St. Louis","MO","63121",0.01,"Automatic","None","Not on Hold","UCity - Wednesday","Debit on Delivery",0,0,0,2017-08-16,2026-09-09,NA,2026-09-25,225
2026-08-20 02:43:55,2022-06-10,"1 (BYO) UCG - Orders Only","Combined CSA","UCity Pickup","University City","MO","63130",0.97,"Automatic","None","Not on Hold","UCity - Wednesday","Debit on Delivery",0,0,0,2022-06-15,2026-08-19,NA,2026-09-25,98
2025-07-24 04:02:01,2025-01-29,"1  (BYO) FSG - Orders Only","Combined CSA","Fair Shares Wednesday Pickup","St. Charles","MO","63301",0,"Automatic","Orange","Not on Hold","Fair Shares - Wednesday  - Wednesday","Debit on Delivery",0,0,0,2025-02-05,2025-07-23,NA,2026-09-25,233
2026-09-25 04:02:52,2024-05-30,"1 Mini (Weekly Shares)","Combined CSA","FSMini-t","St. louis","MO","63116",182.08,"Automatic","None","Not on Hold","Fair Shares - Thursday - Thursday","$150",0,0,0,2024-06-06,2026-09-24,NA,2026-09-25,39
2023-11-23 02:28:11,2017-07-18,"1 (BYO) UCG - Orders Only","Combined CSA","UCity Pickup","St. Louis","MO","63130",66.91,"Automatic","Blue Orange","Not on Hold","UCity - Wednesday","Debit on Delivery",0,0,0,2017-08-16,2023-11-22,NA,2026-09-25,483
2026-09-25 02:41:09,2026-04-06,"1 Half (Half Share - EVEN week)","Combined CSA","UCB","St. Louis","MO","63105",261.56,"Automatic","Purple","Not on Hold","UCity - Wednesday","$300",0,0,0,2026-05-06,2026-09-24,NA,2026-09-25,639
2026-09-25 02:41:09,2018-06-02,"1 No Produce - Order Only (odd wk), 1 Half (Half Share - EVEN week)","Combined CSA","FSE","St Louis","MO","63104",98.29,"Automatic","Blue Purple","Not on Hold","Fair Shares - Thursday - Thursday","$150",0,0,1.06,2018-06-07,2026-09-24,NA,2026-09-25,493
2026-01-22 03:56:39,2024-08-20,"1 (BYO) UCG - Orders Only","Combined CSA","UCity Pickup","St. Louis","MO","63112",0,"Automatic","Orange","Not on Hold","UCity - Wednesday","Debit on Delivery",0,0,0,2024-08-28,2026-01-21,NA,2026-09-25,202
2026-08-21 03:55:48,2025-01-18,"1 Half (Half Share - ODD week)","Combined CSA","FSE","Saint Louis","MO","63109",140.07,"Automatic","Orange","Not on Hold","Fair Shares - Thursday - Thursday","$150",0,0,0,2025-01-22,2026-08-20,NA,2026-09-25,281
2026-05-05 11:54:21,2025-05-13,"1  (BYO) FSG - Orders Only","Combined CSA","Fair Shares Thursday Pickup","St. Louis","MO","63110",34.59,"Automatic","None","Hold","Fair Shares - Thursday - Thursday","Debit on Delivery",0,0,0,2025-05-22,2026-04-30,NA,2026-09-25,970
2026-05-22 10:24:30,2026-04-08,"1 Guest Access","Combined CSA","Fair Shares Wednesday Pickup","Saint Louis","MO","63116",0,"Automatic","None","Not on Hold","Fair Shares - Wednesday  - Wednesday","Debit on Delivery",0,0,0,2026-04-29,2026-05-13,NA,2026-09-25,342
2026-09-24 03:52:54,2022-07-14,"1 Mini (Weekly Shares)","Combined CSA","FSMini-w","St. Louis","MO","63110",166.41,"Automatic","Green","Not on Hold","Fair Shares - Wednesday  - Wednesday","$150",0,0,0,2022-07-20,2026-09-23,NA,2026-09-25,883
2020-12-18 02:32:43,2017-07-18,"1 BYO - No Share, Order Only (Weekly Shares)","Combined CSA","Fair Shares Thursday Pickup","St. Louis","MO","63110",-287.01,NA,"Orange","Not on Hold","Fair Shares - Thursday - Thursday","Debit on Delivery",0,0,0,2017-08-24,2020-12-17,NA,2026-09-25,1731
2026-08-20 04:00:12,2017-07-20,"1  (BYO) FSG - Orders Only","Combined CSA","Fair Shares Wednesday Pickup","St. Louis","MO","63119",0,"Automatic","None","Not on Hold","Fair Shares - Wednesday  - Wednesday","Debit on Delivery",0,0,0,2017-08-17,2026-08-19,NA,2026-09-25,837
2026-05-04 08:03:03,2017-07-18,"1  (BYO) FSG - Orders Only","Combined CSA","Fair Shares Thursday Pickup","St. Louis","MO","63139",0,"Automatic","None","Hold","Fair Shares - Thursday - Thursday","Debit on Delivery",0,0,0,2017-08-24,2026-02-26,NA,2026-09-25,845
2023-09-24 13:36:48,2023-05-07,"1  (BYO) FSG - Orders Only","Combined CSA","Fair Shares Thursday Pickup","Saint Louis","MO","63116",0.07,"Automatic","Green","Not on Hold","Fair Shares - Thursday - Thursday","Debit on Delivery",0,0,0,2023-05-11,2023-09-21,NA,2026-09-25,1542
2026-04-26 22:23:39,2021-12-12,"1  (BYO) FSG - Orders Only","Combined CSA","Fair Shares Wednesday Pickup","St. Louis","MO","63110",0,"Automatic","None","Hold","Fair Shares - Wednesday  - Wednesday","Debit on Delivery",0,0,0,2021-12-15,2026-02-25,NA,2026-09-25,406
2026-09-24 03:53:02,2026-07-05,"1 FSA/FSD","Combined CSA","FSA","St. Louis","MO","63131",0,"Automatic","None","Not on Hold","Fair Shares - Wednesday  - Wednesday","Debit on Delivery",0,0,0,2026-07-08,2026-09-23,NA,2026-09-25,763
2026-09-24 03:52:51,2026-04-18,"1 Mini (Weekly Shares)","Combined CSA","UCM","Maplewood","MO","63143",212.46,"Automatic","None","Not on Hold","UCity - Wednesday","$150",0,0,0,2026-04-30,2026-09-23,NA,2026-09-25,824
2026-03-27 08:05:08,2017-07-18,"1 BYO - No Share, Order Only (Weekly Shares)","Combined CSA","Fair Shares Wednesday Pickup","St. Louis","MO","63119",0,NA,"None","Hold","Fair Shares - Wednesday  - Wednesday","Debit on Delivery",0,0,0,2017-08-16,2019-05-29,NA,2026-09-25,280
2024-03-06 13:24:24,2021-08-11,"1  (BYO) FSG - Orders Only","Combined CSA","Fair Shares Thursday Pickup","St. Louis","MO","63103",2.08,"Automatic","Green Purple","Not on Hold","Fair Shares - Thursday - Thursday","Debit on Delivery",0,0,0,2021-08-19,2024-02-22,NA,2026-09-25,1809
2026-03-27 08:06:22,2017-07-18,"1  (BYO) FSG - Orders Only","Combined CSA","Fair Shares Wednesday Pickup","St. Louis","MO","63104",0,"Automatic","Orange","Not on Hold","Fair Shares - Wednesday  - Wednesday",NA,0,0,0,2017-08-17,2024-06-12,NA,2026-09-25,581
2026-09-24 02:41:05,2017-07-18,"1 UCA/KWA","Combined CSA","UCA","St. Louis","MO","63103",253.94,"Automatic","None","Not on Hold","UCity - Wednesday","$600",0,0,0,2017-08-16,2026-09-23,NA,2026-09-25,1030
2026-05-14 15:30:36,2020-04-14,"1 (BYO) KWG - Orders Only (Weekly Shares)","Combined CSA","Kirkwood Pickup","Kirkwood","MO","63122",0,"Automatic","None","Hold","Kirkwood - Thursday","Debit on Delivery",0,0,0,2020-04-23,2026-02-26,NA,2026-09-25,1903
2026-03-30 18:17:30,2021-10-13,"1  (BYO) FSG - Orders Only","Combined CSA","Fair Shares Wednesday Pickup","St. Louis","MO","63125",16.9,"Automatic","None","Not on Hold","Fair Shares - Wednesday  - Wednesday","Debit on Delivery",0,0,0,2021-10-20,2023-05-03,NA,2026-09-25,1658
2026-09-18 03:54:28,2017-07-20,"1 BYO - No Share, Order Only (Weekly Shares)","Combined CSA","Fair Shares Thursday Pickup","St. Louis","63116","63110",201.27,"Automatic","None","Not on Hold","Fair Shares - Thursday - Thursday","$150",0,0,0,2017-09-14,2026-09-17,NA,2026-09-25,856
2026-09-24 02:41:05,2017-07-18,"1 Whole MILK, 1 Mini (Weekly Shares)","Combined CSA","UCM","St. Louis","MO","63130",111.71,"Automatic","None","Not on Hold","UCity - Wednesday","$300",0,0,0,2017-08-16,2026-09-23,NA,2026-09-25,520
2026-09-24 02:41:05,2017-07-18,"1 Half (Half Share - EVEN week)","Combined CSA","FSB","St. Louis","MO","63118",107.55,"Automatic","Purple","Not on Hold","Fair Shares - Wednesday  - Wednesday","$150",0,0,0,2017-08-16,2026-09-23,NA,2026-09-25,544
2026-09-24 02:41:05,2026-07-29,"1 Mini (Weekly Shares)","Combined CSA","FSMini-w","St. Louis","MO","63104",82,"Automatic","None","Not on Hold","Fair Shares - Wednesday  - Wednesday","$150",0,0,0,2026-08-05,2026-09-23,NA,2026-09-25,465
2026-09-25 02:41:09,2017-07-20,"1 Mini (Weekly Shares)","Combined CSA","FSMini-t","St. Louis","63109","63103",142.55,"Automatic","None","Not on Hold","Fair Shares - Thursday - Thursday","$300",0,0,0,2017-08-17,2026-09-24,NA,2026-09-25,1622
2026-09-25 02:41:09,2023-12-29,"1 Whole MILK-o, 1 FSA/FSD","Combined CSA","FSD","Saint Louis","MO","63104",215.48,"Automatic","None","Not on Hold","Fair Shares - Thursday - Thursday","$300",0,0,19.42,2024-01-04,2026-09-24,NA,2026-09-25,364
2026-03-27 07:18:17,2021-04-07,"1  (BYO) FSG - Orders Only","Combined CSA","Fair Shares Wednesday Pickup","St. Louis","MO","63122",0,"Automatic","None","Not on Hold","Fair Shares - Wednesday  - Wednesday","Debit on Delivery",0,0,0,2021-04-14,2022-02-16,NA,2026-09-25,1228
2026-09-17 02:45:10,2017-07-18,"1 Half (Half Share - ODD week), 1 No Produce - Order Only (even wk)","Combined CSA","FSB","St. Louis","MO","63110",82.84,"Automatic","Orange","Not on Hold","Fair Shares - Wednesday  - Wednesday","$150",0,0,0,2017-08-23,2026-09-16,NA,2026-09-25,291
2026-02-06 02:18:02,2020-04-27,"1  (BYO) FSG - Orders Only","Combined CSA","Fair Shares Thursday Pickup","Ballwin","MO","63011",0.15,"Automatic","None","Not on Hold","Fair Shares - Thursday - Thursday","Debit on Delivery",0,0,0,2020-04-30,2026-02-05,NA,2026-09-25,1277
2026-07-16 04:00:06,2023-11-29,"1 Half (Half Share - EVEN week)","Combined CSA","FSB","St.Louis","MO","63125",157.32,"Automatic","Purple","Not on Hold","Fair Shares - Wednesday  - Wednesday","$150",0,0,0,2023-12-07,2026-07-15,NA,2026-09-25,1602
2023-01-16 09:59:32,2019-12-29,"1  (BYO) FSG - Orders Only","Combined CSA","Kirkwood Pickup","Kirkwood","MO","63122",0.02,"Automatic","Orange","Not on Hold","Kirkwood - Thursday","Debit on Delivery",0,0,0,2020-01-09,2022-12-15,NA,2026-09-25,1208
2026-09-10 04:01:26,2026-08-23,"1 Guest Access","Combined CSA","FSB","Saint Louis","MO","63116",0,"Automatic","None","Not on Hold","Fair Shares - Wednesday  - Wednesday","Debit on Delivery",0,0,0,2026-08-26,2026-09-09,NA,2026-09-25,542
2026-09-11 03:54:50,2025-10-20,"1 (BYO) KWG - Orders Only (Weekly Shares)","Combined CSA","Kirkwood Pickup","Manchester","MO","63021",0,"Automatic","None","Not on Hold","Kirkwood - Thursday","Debit on Delivery",0,0,0,2025-10-23,2026-09-10,NA,2026-09-25,615
2026-09-25 04:03:00,2017-07-20,"1 Whole MILK-e, 1 Half (Half Share - EVEN week)","Combined CSA","FSE","Ballwin","MO","63021",222.43,"Automatic","Blue Purple","Not on Hold","Fair Shares - Thursday - Thursday","$150",0,0,0,2017-08-17,2026-09-24,NA,2026-09-25,1353
2026-09-25 02:41:09,2026-05-20,"1 Mini (Weekly Shares)","Combined CSA","KWM","Ballwin","MO","63021",116.46,"Automatic","None","Not on Hold","Kirkwood - Thursday","$150",0,0,0,2026-05-28,2026-09-24,NA,2026-09-25,452
2021-03-22 09:08:32,2020-07-29,"1  (BYO) FSG - Orders Only","Combined CSA","Fair Shares Thursday Pickup","St Louis","MO","63104",0,"Automatic","None","Not on Hold","Fair Shares - Thursday - Thursday","Debit on Delivery",0,0,0,2020-08-06,2021-02-25,NA,2026-09-25,1926
2026-07-31 03:54:04,2020-05-14,"1  (BYO) FSG - Orders Only","Combined CSA","Fair Shares Thursday Pickup","St. Louis","MO","63110",0,"Automatic","None","Not on Hold","Fair Shares - Thursday - Thursday","Debit on Delivery",0,0,0,2020-05-21,2026-07-30,NA,2026-09-25,533
2026-09-25 02:41:09,2026-05-07,"1 Half (Half Share - EVEN week)","Combined CSA","FSE","St. Louis","MO","63109",125.62,"Automatic","Purple","Not on Hold","Fair Shares - Thursday - Thursday","$150",0,0,0,2026-05-14,2026-09-24,NA,2026-09-25,756
2022-01-11 13:33:14,2020-04-25,"1 BYO - No Share, Order Only (Weekly Shares)","Combined CSA","Fair Shares Wednesday Pickup","Saint Louis","MO","63116",0,"Automatic","None","Not on Hold","Fair Shares - Wednesday  - Wednesday","Debit on Delivery",0,0,0,2020-04-30,2022-01-05,NA,2026-09-25,686
2022-09-02 10:24:39,2021-09-30,"1 (BYO) UCG - Orders Only","Combined CSA","UCity Pickup","Saint Louis","MO","63109",0,NA,"Green","Not on Hold","UCity - Wednesday","Debit on Delivery",0,0,0,2021-10-13,2022-08-31,NA,2026-09-25,112
2026-04-08 15:46:43,2024-04-13,"1 (BYO) UCG - Orders Only","Combined CSA","UCity Pickup","Saint Ann","MO","63074",8.28,"Automatic","None","Not on Hold","UCity - Wednesday","Debit on Delivery",0,0,0,2024-04-17,2026-02-25,NA,2026-09-25,859
2026-09-18 03:54:25,2021-03-04,"1 (BYO) KWG - Orders Only (Weekly Shares)","Combined CSA","Kirkwood Pickup","St. Louis","MO","63128",0,"Automatic","Green","Not on Hold","Kirkwood - Thursday","Debit on Delivery",0,0,0,2021-03-25,2026-09-17,NA,2026-09-25,196
2026-04-20 13:30:45,2021-03-05,"1 BYO - No Share, Order Only (Weekly Shares)","Combined CSA","UCity Pickup","Florissant","MO","63034",0,"Automatic","None","Not on Hold","UCity - Wednesday","Debit on Delivery",0,0,0,2021-03-24,2026-02-04,NA,2026-09-25,1846
2024-08-02 03:57:24,2017-07-20,"1  (BYO) FSG - Orders Only","Combined CSA","Fair Shares Thursday Pickup","St. Louis","MO","63110",0,"Automatic","None","Not on Hold","Fair Shares - Thursday - Thursday","Debit on Delivery",0,0,0,2017-08-17,2024-08-01,NA,2026-09-25,1351
2025-07-04 09:48:08,2025-04-11,"1 (BYO) KWG - Orders Only (Weekly Shares)","Combined CSA","Kirkwood Pickup","Saint louis","MO","63127",91.31,"Automatic","None","Not on Hold","Kirkwood - Thursday","Debit on Delivery",0,0,0,2025-04-17,2025-07-03,NA,2026-09-25,189
2026-03-27 07:37:09,2020-04-12,"1  (BYO) FSG - Orders Only","Combined CSA","Fair Shares Wednesday Pickup","Maplewood","MO","63143",0,"Automatic","Green Orange","Not on Hold","Fair Shares - Wednesday  - Wednesday","Debit on Delivery",0,0,0,2020-04-16,2021-11-17,NA,2026-09-25,1836
2026-09-25 04:02:54,2017-08-11,"1 Mini (Weekly Shares)","Combined CSA","FSMini-t","St. Louis","MO","63104",145.03,"Automatic","None","Not on Hold","Fair Shares - Thursday - Thursday","$150",0,0,118.56,2017-08-17,2026-09-24,NA,2026-09-25,1652
2025-06-27 02:39:56,2021-08-14,"1 (BYO) KWG - Orders Only (Weekly Shares)","Combined CSA","Kirkwood Pickup","Kirkwood","MO","63122",153.95,"Automatic","None","Not on Hold","Kirkwood - Thursday","Debit on Delivery",0,0,0,2021-08-19,2025-06-26,NA,2026-09-25,530
2025-02-27 03:55:03,2024-01-05,"1 (BYO) UCG - Orders Only","Combined CSA","UCity Pickup","Saint Louis","MO","63132",0,"Automatic","None","Not on Hold","UCity - Wednesday","Debit on Delivery",0,0,0,2024-01-10,2025-02-26,NA,2026-09-25,1845
2026-09-11 03:54:36,2020-04-14,"1 (BYO) KWG - Orders Only (Weekly Shares)","Combined CSA","Kirkwood Pickup","Chesterfield","MO","63017",0,"Automatic","Payment Orange","Not on Hold","Kirkwood - Thursday","Debit on Delivery",0,0,0,2020-04-15,2026-09-10,NA,2026-09-25,1545
2026-03-27 07:43:03,2020-01-20,"1  (BYO) FSG - Orders Only","Combined CSA","Fair Shares Wednesday Pickup","St louis","MO","63110",0,NA,"Purple","Not on Hold","Fair Shares - Wednesday  - Wednesday","Debit on Delivery",0,0,0,2020-01-22,2020-09-30,NA,2026-09-25,571
2026-04-06 13:31:35,2024-12-28,"1 BYO - No Share, Order Only (Weekly Shares)","Combined CSA","Kirkwood Pickup","Kirkwood","MO","63122",0,"Automatic","None","Not on Hold","Kirkwood - Thursday","Debit on Delivery",0,0,0,2025-01-16,2026-02-26,NA,2026-09-25,239
2026-09-25 04:02:39,2021-04-04,"1 FSA/FSD","Combined CSA","FSD","St. Louis","MO","63105",342.73,"Automatic","Green","Not on Hold","Fair Shares - Thursday - Thursday","$300",0,0,2.66,2021-04-08,2026-09-24,NA,2026-09-25,502
2026-02-25 11:04:25,2026-02-20,"1 Two Week Trial of Full Share","Combined CSA","2 Wk Trial at FS Mothership Wednesday","St. Louis","MO","63116",0,"Automatic","None","Hold","Fair Shares Trial Wednesday - Wednesday","Debit on Delivery",0,0,0,NA,NA,NA,2026-09-25,853
2026-03-27 08:07:55,2017-07-18,"1 BYO - No Share, Order Only (Weekly Shares)","Combined CSA","Fair Shares Wednesday Pickup","St. Louis","MO","63110",0,NA,"Orange","Hold","Fair Shares - Wednesday  - Wednesday","Debit on Delivery",0,0,0,2017-08-23,2019-04-17,NA,2026-09-25,191
2026-09-18 02:37:33,2017-07-18,"1 Half (Half Share - ODD week)","Combined CSA","FSE","St. Louis","MO","63119",119.38,"Automatic","Orange","Not on Hold","Fair Shares - Thursday - Thursday","$300",0,0,0,2017-08-16,2026-09-17,NA,2026-09-25,245
2026-03-27 08:08:23,2017-07-18,"1 BYO - No Share, Order Only (Weekly Shares)","Combined CSA","Fair Shares Wednesday Pickup","St. Louis","MO","63108",0,NA,"None","Hold","Fair Shares - Wednesday  - Wednesday","Debit on Delivery",0,0,0,2017-08-16,2019-01-23,NA,2026-09-25,1772
2026-09-17 02:45:10,2026-07-09,"1 Half (Half Share - ODD week)","Combined CSA","FSB","St. Louis","MO","63118",106.27,"Automatic","Orange","Not on Hold","Fair Shares - Wednesday  - Wednesday","$150",0,0,0,2026-07-15,2026-09-16,NA,2026-09-25,431
2026-05-14 02:27:41,2017-07-20,"1  (BYO) FSG - Orders Only","Combined CSA","Fair Shares Wednesday Pickup","St. Louis","MO","63141",0,"Automatic","Payment","Not on Hold","Fair Shares - Wednesday  - Wednesday","Debit on Delivery",0,0,0,2017-08-17,2025-11-26,NA,2026-09-25,572
2026-09-19 02:07:29,2019-02-05,"1 Half (Half Share - ODD week)","Combined CSA","FSE","St. Louis","MO","63118",181.2,"Automatic","Orange","Not on Hold","Fair Shares - Thursday - Thursday","$150",0,0,0,2019-02-07,2026-09-17,NA,2026-09-25,1271
2020-08-21 11:39:03,2020-04-16,"1 (BYO) UCG - Orders Only","Combined CSA","UCity Pickup","University City","MO","63130",0,NA,"None","Not on Hold","UCity - Wednesday",NA,0,0,0,2020-04-22,2020-08-05,NA,2026-09-25,1065
2026-09-04 02:37:32,2017-07-20,"1 BYO - No Share, Order Only (Weekly Shares)","Combined CSA","Fair Shares Thursday Pickup","St. Louis","MO","63123",92.1,"Automatic","None","Not on Hold","Fair Shares - Thursday - Thursday","$150",0,0,0,2017-09-07,2026-09-03,NA,2026-09-25,616
2020-11-30 08:35:27,2020-06-19,"1  (BYO) FSG - Orders Only","Combined CSA","Fair Shares Thursday Pickup","St. Louis","MO","63135",0,"Automatic","Green","Not on Hold","Fair Shares - Thursday - Thursday","Debit on Delivery",0,0,0,2020-06-25,2020-11-26,NA,2026-09-25,1875
2023-01-13 03:50:52,2021-01-30,"1 (BYO) KWG - Orders Only (Weekly Shares)","Combined CSA","Kirkwood Pickup","Webster Groves","MO","63119",0,"Automatic","Blue Orange","Not on Hold","Kirkwood - Thursday","Debit on Delivery",0,0,0,2021-02-04,2023-01-12,NA,2026-09-25,283
2026-09-25 04:02:56,2017-08-24,"1 Half (Half Share - EVEN week)","Combined CSA","FSE","Saint Louis","MO","63129",165.9,"Automatic","Purple","Not on Hold","Fair Shares - Thursday - Thursday","$150",0,0,56.24,2017-09-14,2026-09-24,NA,2026-09-25,1440
2026-08-20 04:00:47,2024-10-30,"1 Half (Half Share - EVEN week)","Combined CSA","UCB","Saint Louis","MO","63124",224.98,"Automatic","Purple","Not on Hold","UCity - Wednesday","$150",0,0,0,2024-11-06,2026-08-19,NA,2026-09-25,866
2026-03-30 10:31:17,2017-07-18,"1 BYO - No Share, Order Only (Weekly Shares)","Combined CSA","Fair Shares Thursday Pickup","Maryland Heights","MO","63043",0.01,"Automatic","None","Not on Hold","Fair Shares - Thursday - Thursday","Debit on Delivery",0,0,0,2017-08-16,2017-09-13,NA,2026-09-25,1497
2021-11-25 03:53:35,2020-04-08,"1  (BYO) FSG - Orders Only","Combined CSA","Fair Shares Wednesday Pickup","St. Louis","MO","63116",0,"Automatic","Orange","Not on Hold","Fair Shares - Wednesday  - Wednesday","Debit on Delivery",0,0,0,2020-04-15,2021-11-24,NA,2026-09-25,1885
2026-09-25 02:41:09,2020-05-16,"1 UCA/KWA","Combined CSA","KWA","Sunset Hills","MO","63127",542.7,"Automatic","Green","Not on Hold","Kirkwood - Thursday","$600",0,0,28.46,2020-05-21,2026-09-24,NA,2026-09-25,1386
2026-03-27 07:41:59,2020-02-28,"1  (BYO) FSG - Orders Only","Combined CSA","Fair Shares Wednesday Pickup","Saint Louis","MO","63146",0,"Automatic","Purple","Not on Hold","Fair Shares - Wednesday  - Wednesday","Debit on Delivery",0,0,0,2020-03-25,2023-11-22,NA,2026-09-25,1788
2020-09-04 04:03:31,2020-06-15,"1  (BYO) FSG - Orders Only","Combined CSA","Fair Shares Thursday Pickup","St Louis","MO","63110",0,"Automatic","Green","Not on Hold","Fair Shares - Thursday - Thursday","Debit on Delivery",0,0,0,2020-06-18,2020-09-03,NA,2026-09-25,1064
2026-04-02 13:04:36,2024-12-01,"1  (BYO) FSG - Orders Only","Combined CSA","Fair Shares Thursday Pickup","St. Louis","MO","63118",124.59,"Automatic","None","Not on Hold","Fair Shares - Thursday - Thursday","Debit on Delivery",0,0,0,2024-12-05,2026-02-26,NA,2026-09-25,997
2026-09-25 04:03:00,2017-07-18,"1 Mini (Weekly Shares)","Combined CSA","FSMini-w","Glendale","MO","63122",367.23,"Automatic","Payment","Not on Hold","Fair Shares - Wednesday  - Wednesday","$300",0,0,0,2017-08-16,2026-09-23,NA,2026-09-25,1154
2024-12-05 17:43:18,2017-07-18,"1 (BYO) UCG - Orders Only","Combined CSA","UCity Pickup","St. Louis","MO","63105",0,"Automatic","None","Not on Hold","UCity - Wednesday","Debit on Delivery",0,0,0,2017-08-16,2022-06-01,NA,2026-09-25,1420
2025-08-24 10:01:47,2021-08-05,"1  (BYO) FSG - Orders Only","Combined CSA","Fair Shares Wednesday Pickup","Clayton","MO","63105",212.92,"Automatic","Green","Not on Hold","Fair Shares - Wednesday  - Wednesday","Debit on Delivery",0,0,0,2021-08-11,2025-08-20,NA,2026-09-25,1393
2026-04-20 13:46:02,2019-09-20,"1  (BYO) FSG - Orders Only","Combined CSA","Fair Shares Wednesday Pickup","St. Louis","MO","63109",0.01,"Automatic","None","Not on Hold","Fair Shares - Wednesday  - Wednesday","Debit on Delivery",0,0,0,2019-09-25,2021-07-28,NA,2026-09-25,1337
2026-09-24 03:52:40,2020-03-28,"1 Half (Half Share - EVEN week)","Combined CSA","FSB","Saint Louis","MO","63116",155.86,"Automatic","Green Purple","Not on Hold","Fair Shares - Wednesday  - Wednesday","$150",0,0,0,2020-04-01,2026-09-23,NA,2026-09-25,132
2025-04-29 17:06:07,2021-08-08,"1 (BYO) KWG - Orders Only (Weekly Shares)","Combined CSA","Kirkwood Pickup","Town & Country","MO","63017",92.97,"Automatic","Purple","Not on Hold","Kirkwood - Thursday","Debit on Delivery",0,0,0,2021-08-12,2025-04-24,NA,2026-09-25,1482
2026-09-24 02:41:05,2017-07-18,"1 UCA/KWA","Combined CSA","UCA","St. Louis","MO","63105",134.2,"Automatic","None","Not on Hold","UCity - Wednesday","$300",0,0,0,2017-08-16,2026-09-23,NA,2026-09-25,1143
2026-09-18 03:54:18,2017-08-30,"1 Half (Half Share - ODD week), 1 No Produce - Order Only (even wk)","Combined CSA","FSE","Saint Louis","MO","63112",0,"Automatic","Blue Orange","Not on Hold","Fair Shares - Thursday - Thursday","Debit on Delivery",0,0,0,2017-09-07,2026-09-17,NA,2026-09-25,1416
2024-11-09 02:08:27,2017-07-18,"1  (BYO) FSG - Orders Only","Combined CSA","Fair Shares Thursday Pickup","St. Louis","MO","63110",0,"Automatic","None","Not on Hold","Fair Shares - Thursday - Thursday","Debit on Delivery",0,0,0,2017-08-17,2024-11-07,NA,2026-09-25,1644
2026-09-24 02:41:05,2017-07-18,"1 Half (Half Share - EVEN week)","Combined CSA","UCB","St. Louis","MO","63130",76.66,"Automatic","Purple","Not on Hold","UCity - Wednesday","$150",0,0,0,2017-08-16,2026-09-23,NA,2026-09-25,1920
2026-09-18 02:37:33,2017-10-15,"1 Mini (Weekly Shares)","Combined CSA","FSMini-w","St. Louis","MO","63110",193.34,"Automatic","None","Temp Hold","Fair Shares - Wednesday  - Wednesday","$150",0,0,0,2017-10-18,2026-09-16,NA,2026-09-25,1707
2026-04-29 05:41:56,2023-08-16,"1  (BYO) FSG - Orders Only","Combined CSA","Fair Shares Wednesday Pickup","Saint Louis","MO","63116",161.7,"Automatic","Green Orange","Not on Hold","Fair Shares - Wednesday  - Wednesday","Debit on Delivery",0,0,0,2023-08-23,2026-02-18,NA,2026-09-25,1212
2026-09-25 02:41:09,2020-04-12,"1 Half (Half Share - EVEN week)","Combined CSA","FSE","St. Louis","MO","63112",85.44,"Automatic","Purple","Not on Hold","Fair Shares - Thursday - Thursday","$150",0,0,0.53,2020-04-16,2026-09-24,NA,2026-09-25,308
2024-07-09 13:23:57,2018-11-26,"1 BYO - No Share, Order Only (Weekly Shares)","Combined CSA","Fair Shares Wednesday Pickup","Saint Louis","MO","63144",0,NA,"None","Not on Hold","Fair Shares - Wednesday  - Wednesday",NA,0,0,0,2020-11-04,2024-04-24,NA,2026-09-25,217
2026-05-01 04:20:00,2020-06-25,"1 (BYO) KWG - Orders Only (Weekly Shares)","Combined CSA","Kirkwood Pickup","Chesterfield","MO","63005",0,"Automatic","Green","Not on Hold","Kirkwood - Thursday","Debit on Delivery",0,0,0,2020-07-01,2026-04-30,NA,2026-09-25,1990
2026-09-25 04:02:33,2022-08-18,"1 Half (Half Share - EVEN week)","Combined CSA","FSE","St. Louis","MO","63118",139.92,"Automatic","Green Purple","Not on Hold","Fair Shares - Thursday - Thursday","$150",0,0,6.92,2022-08-25,2026-09-24,NA,2026-09-25,1383
2026-04-27 10:16:42,2017-07-18,"1  (BYO) FSG - Orders Only","Combined CSA","Fair Shares Wednesday Pickup","St. Louis","MO","63109",0,"Automatic","None","Hold","Fair Shares - Wednesday  - Wednesday","Debit on Delivery",0,0,0,2017-08-16,2026-02-25,NA,2026-09-25,421
2026-09-24 03:52:41,2026-06-14,"1 Mini (Weekly Shares)","Combined CSA","FSMini-w","St Louis","MO","63104",0,"Automatic","None","Not on Hold","Fair Shares - Wednesday  - Wednesday","Debit on Delivery",0,0,0,2026-06-17,2026-09-23,NA,2026-09-25,288
2022-08-25 03:52:49,2017-07-18,"1  (BYO) FSG - Orders Only","Combined CSA","Fair Shares Wednesday Pickup","St. Louis","MO","63126",0,"Automatic","Blue Orange","Not on Hold","Fair Shares - Wednesday  - Wednesday","Debit on Delivery",0,0,0,2017-08-23,2022-08-24,NA,2026-09-25,536
2023-10-16 09:40:45,2019-11-26,"1 BYO - No Share, Order Only (Weekly Shares)","Combined CSA","Fair Shares Wednesday Pickup","St. Louis","MO","63109",0,"Automatic","None","Not on Hold","Fair Shares - Wednesday  - Wednesday","Debit on Delivery",0,0,0,2019-12-04,2019-12-04,NA,2026-09-25,345
2026-03-19 02:06:59,2017-07-18,"1 (BYO) UCG - Orders Only","Combined CSA","UCity Pickup","St. Louis","MO","63114",0,"Automatic","None","Not on Hold","UCity - Wednesday","Debit on Delivery",0,0,0,2017-08-16,2026-01-14,NA,2026-09-25,654
2026-09-24 02:41:05,2026-08-23,"1 Mini (Weekly Shares)","Combined CSA","FSMini-w","Maplewood","MO","63143",81.37,"Automatic","None","Not on Hold","Fair Shares - Wednesday  - Wednesday","$150",0,0,0,2026-08-26,2026-09-23,NA,2026-09-25,994
2026-04-20 13:39:54,2020-05-02,"1  (BYO) FSG - Orders Only","Combined CSA","Fair Shares Wednesday Pickup","Clayton","MO","63105",0.01,"Automatic","None","Not on Hold","Fair Shares - Wednesday  - Wednesday","Debit on Delivery",0,0,0,2020-05-06,2022-01-26,NA,2026-09-25,711
2026-03-27 07:38:12,2020-03-29,"1 BYO - No Share, Order Only (Weekly Shares)","Combined CSA","Fair Shares Wednesday Pickup","St Louis","MO","63108",0,NA,"Green","Not on Hold","Fair Shares - Wednesday  - Wednesday","Debit on Delivery",0,0,0,2020-04-01,2020-06-03,NA,2026-09-25,878
2021-06-01 18:12:09,2018-05-15,"1 BYO - No Share, Order Only (Weekly Shares)","Combined CSA","Fair Shares Thursday Pickup","DeSoto","MO","63020",-0.8,NA,"None","Not on Hold","Fair Shares - Thursday - Thursday",NA,0,0,0,2018-05-24,2021-06-03,NA,2026-09-25,1003
2026-06-23 13:38:41,2017-07-20,"1 (BYO) KWG - Orders Only (Weekly Shares)","Combined CSA","Kirkwood Pickup","St. Louis","MO","63122",99.62,NA,"None","Not on Hold","Kirkwood - Thursday","Debit on Delivery",0,0,0,2018-03-01,2022-12-01,NA,2026-09-25,1221
2023-03-26 19:18:04,2017-07-18,"1  (BYO) FSG - Orders Only","Combined CSA","Fair Shares Thursday Pickup","St. Louis","MO","63118",0,"Automatic","Orange","Not on Hold","Fair Shares - Thursday - Thursday","Debit on Delivery",0,0,0,2017-08-17,2023-02-23,NA,2026-09-25,921
2025-12-07 17:36:49,2025-03-09,"1  (BYO) FSG - Orders Only","Combined CSA","Fair Shares Wednesday Pickup","Saint Charles","MO","63303",0,"Automatic","Orange","Not on Hold","Fair Shares - Wednesday  - Wednesday","Debit on Delivery",0,0,0,2025-04-02,2025-11-26,NA,2026-09-25,402
2026-05-05 16:09:17,2024-11-13,"1 (BYO) UCG - Orders Only","Combined CSA","UCity Pickup","St Louis","MO","63130",182.57,"Automatic","None","Not on Hold","UCity - Wednesday","Debit on Delivery",0,0,0,2024-11-20,2026-04-29,NA,2026-09-25,470
2024-12-19 02:24:16,2018-06-20,"1 BYO - No Share, Order Only (Weekly Shares)","Combined CSA","Fair Shares Wednesday Pickup","St. Louis","MO","63117",303,"Automatic","None","Not on Hold","Fair Shares - Wednesday  - Wednesday","Debit on Delivery",0,0,0,2018-06-27,2024-12-18,NA,2026-09-25,1457
2026-09-18 02:37:33,2024-08-21,"1 Half (Half Share - ODD week)","Combined CSA","KWB","Glendale","MO","63122",100.92,"Automatic","Orange","Not on Hold","Kirkwood - Thursday","$150",0,0,0,2024-08-29,2026-09-17,NA,2026-09-25,896
2026-08-21 03:55:59,2020-04-07,"1 Half (Half Share - ODD week)","Combined CSA","KWB","St. Louis","MO","63131",216.22,"Automatic","Orange","Not on Hold","Kirkwood - Thursday","$150",0,0,0,2020-04-09,2026-08-20,NA,2026-09-25,1766
2026-02-27 02:16:07,2019-11-14,"1  (BYO) FSG - Orders Only","Combined CSA","Kirkwood Pickup","St. Louis","MO","63110",-68.46,NA,"Orange","Not on Hold","Kirkwood - Thursday",NA,0,0,0,2020-04-08,2026-02-26,NA,2026-09-25,525
2019-09-20 02:39:24,2017-07-20,"1 BYO - No Share, Order Only (Weekly Shares)","Combined CSA","Fair Shares Thursday Pickup","St. Louis","MO","63109",1.53,NA,"Purple","Not on Hold","Fair Shares - Thursday - Thursday","Debit on Delivery",0,0,0,2017-08-17,2019-09-19,NA,2026-09-25,1524
2026-09-25 04:02:30,2020-12-19,"1  (BYO) FSG - Orders Only","Combined CSA","Fair Shares Thursday Pickup","St. Louis","MO","63139",150,"Automatic","Orange","Hold","Fair Shares - Thursday - Thursday","$150",0,0,0,2021-04-28,2026-02-19,NA,2026-09-25,327
2026-05-01 09:53:43,2025-12-23,"1  (BYO) FSG - Orders Only","Combined CSA","Fair Shares Thursday Pickup","Webster Groves","MO","63119",21.04,"Automatic","None","Hold","Fair Shares - Thursday - Thursday","Debit on Delivery",0,0,0,2026-01-08,2026-02-26,NA,2026-09-25,65
2025-03-06 02:23:05,2017-08-24,"1 BYO - No Share, Order Only (Weekly Shares)","Combined CSA","Fair Shares Wednesday Pickup","St.","MO","63110",0,NA,"None","Not on Hold","Fair Shares - Wednesday  - Wednesday",NA,0,0,0,2017-08-30,2025-03-05,NA,2026-09-25,24
2026-03-27 07:38:58,2020-03-29,"1  (BYO) FSG - Orders Only","Combined CSA","Fair Shares Wednesday Pickup","Saint Louis","MO","63105",0,"Automatic","None","Not on Hold","Fair Shares - Wednesday  - Wednesday","Debit on Delivery",0,0,0,2020-04-01,2020-11-11,NA,2026-09-25,1868
2025-08-10 11:02:56,2023-09-07,"1  (BYO) FSG - Orders Only","Combined CSA","Fair Shares Thursday Pickup","St Louis","MO","63108",83.04,"Automatic","None","Not on Hold","Fair Shares - Thursday - Thursday","Debit on Delivery",0,0,0,2023-09-14,2025-08-07,NA,2026-09-25,939
2026-09-24 03:52:58,2026-02-24,"1 Half (Half Share - EVEN week)","Combined CSA","FSB","Fenton","MO","63026",203.18,"Automatic","Purple","Not on Hold","Fair Shares - Wednesday  - Wednesday","$150",0,0,0,2026-05-06,2026-09-23,NA,2026-09-25,136
2026-05-06 15:45:51,2017-07-18,"1  (BYO) FSG - Orders Only","Combined CSA","Fair Shares Wednesday Pickup","St. Louis","MO","63104",0,"Automatic","Purple","Hold","Fair Shares - Wednesday  - Wednesday","Debit on Delivery",0,0,0,2017-08-16,2026-02-25,NA,2026-09-25,325
2026-09-24 02:41:05,2017-07-18,"1 Mini (Weekly Shares)","Combined CSA","KWM","Kirkwood","MO","63122",133.16,"Automatic","None","Not on Hold","Kirkwood - Thursday","$150",0,0,0,2017-08-16,2026-09-23,NA,2026-09-25,1970
2023-12-28 11:23:47,2022-08-31,"1  (BYO) FSG - Orders Only","Combined CSA","Fair Shares Thursday Pickup","Saint Louis","MO","63104",0.73,"Automatic","Green","Not on Hold","Fair Shares - Thursday - Thursday","Debit on Delivery",0,0,0,2022-09-08,2023-01-05,NA,2026-09-25,1711
2026-03-27 07:34:00,2020-05-11,"1  (BYO) FSG - Orders Only","Combined CSA","Fair Shares Wednesday Pickup","St Charles","MO","63303",0,"Automatic","Green Purple","Not on Hold","Fair Shares - Wednesday  - Wednesday","Debit on Delivery",0,0,0,2020-05-13,2021-09-01,NA,2026-09-25,1186
2026-03-27 07:48:36,2019-04-06,"1 BYO - No Share, Order Only (Weekly Shares)","Combined CSA","Fair Shares Wednesday Pickup","St. Louis","MO","63132",0,NA,"None","Hold","Fair Shares - Wednesday  - Wednesday","Debit on Delivery",0,0,0,2019-04-10,2019-05-29,NA,2026-09-25,1294
2026-09-06 13:44:06,2026-03-31,"1  (BYO) FSG - Orders Only","Combined CSA","Fair Shares Thursday Pickup","Saint Louis","MO","63119",0.39,"Automatic","Orange","Not on Hold","Fair Shares - Thursday - Thursday","Debit on Delivery",0,0,0,2026-04-30,2026-09-03,NA,2026-09-25,593
2026-05-07 15:07:02,2020-05-03,"1 (BYO) KWG - Orders Only (Weekly Shares)","Combined CSA","Kirkwood Pickup","Saint Louis","MO","63124",402.47,"Automatic","None","Not on Hold","Kirkwood - Thursday","Debit on Delivery",0,0,0,2020-05-07,2026-04-30,NA,2026-09-25,123
2019-05-22 11:30:44,2017-07-18,"1 BYO - No Share, Order Only (Weekly Shares)","Combined CSA","Fair Shares Wednesday Pickup","St. Louis","63104","55555",0,NA,"Orange","Hold","Fair Shares - Wednesday  - Wednesday",NA,0,0,0,2017-08-24,2017-10-04,NA,2026-09-25,372
2023-09-12 11:09:09,2017-07-20,"1 (BYO) KWG - Orders Only (Weekly Shares)","Combined CSA","Kirkwood Pickup","St. Louis","MO","63122",48.12,"Automatic","None","Not on Hold","Kirkwood - Thursday","Debit on Delivery",0,0,0,2017-08-17,2023-09-07,NA,2026-09-25,1600
2026-09-19 02:07:29,2020-02-27,"1 2% MILK-o, 1 Half (Half Share - ODD week)","Combined CSA","KWB","Saint Louis","MO","63126",221.81,"Automatic","Orange","Not on Hold","Kirkwood - Thursday","$150",0,0,0,2020-03-26,2026-09-17,NA,2026-09-25,1075
2026-04-26 10:20:12,2024-03-30,"1 (BYO) UCG - Orders Only","Combined CSA","UCity Pickup","University City","MO","63130",0,"Automatic","None","Hold","UCity - Wednesday","Debit on Delivery",0,0,0,2024-04-03,2026-02-25,NA,2026-09-25,135
2026-09-24 02:41:05,2020-04-14,"1 Mini (Weekly Shares), 1 2% MILK-e","Combined CSA","UCM","Olivette","MO","63132",75.15,"Automatic","None","Not on Hold","UCity - Wednesday","$150",0,0,0,2020-04-15,2026-09-23,NA,2026-09-25,1098
2021-07-05 07:43:02,2017-07-18,"1  (BYO) FSG - Orders Only","Combined CSA","Fair Shares Thursday Pickup","St. Louis","MO","63110",0,"Automatic","Blue Orange","Not on Hold","Fair Shares - Thursday - Thursday","Debit on Delivery",0,0,0,2017-08-24,2021-07-01,NA,2026-09-25,383
2021-02-25 10:41:50,2020-03-18,"1  (BYO) FSG - Orders Only","Combined CSA","Fair Shares Wednesday Pickup","St. Louis","MO","63105",0,"Automatic","None","Not on Hold","Fair Shares - Wednesday  - Wednesday","Debit on Delivery",0,0,0,2020-03-25,2021-02-24,NA,2026-09-25,1475
2026-09-18 03:54:24,2023-04-06,"1 Half (Half Share - ODD week)","Combined CSA","KWB","Chesterfield","MO","63017",150.21,"Automatic","Green Orange","Not on Hold","Kirkwood - Thursday","$150",0,0,0,2023-04-13,2026-09-17,NA,2026-09-25,1618
2026-09-25 04:02:53,2017-07-18,"1 Mini (Weekly Shares)","Combined CSA","FSMini-t","St. Louis","63119","63119",212.61,"Automatic","None","Not on Hold","Fair Shares - Thursday - Thursday","$150",0,0,1.86,2017-10-19,2026-09-24,NA,2026-09-25,1521
2025-04-24 11:10:46,2023-09-26,"1  (BYO) FSG - Orders Only","Combined CSA","Fair Shares Thursday Pickup","St Louis","MO","63118",0,"Automatic","Orange","Hold","Fair Shares - Thursday - Thursday","Debit on Delivery",0,0,0,2023-09-28,2025-04-03,NA,2026-09-25,785
2026-04-11 11:17:51,2026-01-24,"1 Guest Access","Combined CSA","Fair Shares Thursday Pickup","St. Louis","MO","63110",0,"Automatic","None","Not on Hold","Fair Shares - Thursday - Thursday","Debit on Delivery",0,0,0,2026-01-29,2026-02-05,NA,2026-09-25,770
2026-04-28 09:20:56,2017-07-18,"1  (BYO) FSG - Orders Only","Combined CSA","Fair Shares Thursday Pickup","St. Louis","MO","63116",21.52,"Automatic","Orange","Not on Hold","Fair Shares - Thursday - Thursday","Debit on Delivery",0,0,0,2017-08-17,2026-02-19,NA,2026-09-25,203
2026-09-04 02:37:32,2017-07-20,"1 No Produce - Order Only (even wk), 1 Half (Half Share - ODD week)","Combined CSA","KWB","St. Louis","MO","63122",115.14,"Automatic","Blue Orange","Not on Hold","Kirkwood - Thursday","$300",0,0,0,2017-08-24,2026-09-03,NA,2026-09-25,1570
2026-09-25 04:02:47,2019-05-03,"1 Mini (Weekly Shares)","Combined CSA","FSMini-t","Saint Louis","MO","63108",205.84,"Automatic","None","Not on Hold","Fair Shares - Thursday - Thursday","$150",0,0,8.78,2019-05-09,2026-09-24,NA,2026-09-25,463
2026-03-27 07:10:21,2022-09-20,"1  (BYO) FSG - Orders Only","Combined CSA","Fair Shares Wednesday Pickup","St. Louis","MO","63109",0,"Automatic","Green","Not on Hold","Fair Shares - Wednesday  - Wednesday","Debit on Delivery",0,0,0,2022-09-28,2023-01-04,NA,2026-09-25,1061
2025-01-28 13:24:25,2021-10-31,"1 (BYO) KWG - Orders Only (Weekly Shares)","Combined CSA","Kirkwood Pickup","Frontenac","MO","63131",75.55,"Automatic","Green","Not on Hold","Kirkwood - Thursday","Debit on Delivery",0,0,0,2021-11-04,2025-01-23,NA,2026-09-25,299
2020-02-10 08:45:13,2019-08-25,"1 BYO - No Share, Order Only (Weekly Shares)","Combined CSA","Fair Shares Wednesday Pickup","St. Louis","MO","63108",0.01,NA,"Purple","Not on Hold","Fair Shares - Wednesday  - Wednesday","Debit on Delivery",0,0,0,2019-08-28,2020-01-29,NA,2026-09-25,516
2026-09-24 02:41:05,2026-06-04,"1 Half (Half Share - EVEN week)","Combined CSA","FSB","University City","MO","63130",83.16,"Automatic","Purple","Not on Hold","Fair Shares - Wednesday  - Wednesday","$150",0,0,0,2026-06-10,2026-09-23,NA,2026-09-25,902
2026-02-09 10:14:36,2020-03-24,"1  (BYO) FSG - Orders Only","Combined CSA","Fair Shares Thursday Pickup","Saint Louis","MO","63118",0,NA,"None","Hold","Fair Shares - Thursday - Thursday",NA,0,0,0,2020-03-26,2020-09-10,NA,2026-09-25,1168
2026-04-08 16:32:40,2017-07-18,"1 Half (Half Share - ODD week), 1 No Produce - Order Only (even wk)","Combined CSA","FSE","St. Louis","MO","63123",27.32,"Automatic","Orange","Hold","Fair Shares - Thursday - Thursday","Debit on Delivery",0,0,0,2017-08-23,2026-02-19,NA,2026-09-25,1156
2025-09-30 15:29:38,2025-09-11,"1  (BYO) FSG - Orders Only","Combined CSA","Fair Shares Thursday Pickup","St Louis","MO","63116",0,NA,"None","Not on Hold","Fair Shares - Thursday - Thursday",NA,0,0,0,2025-10-02,2025-10-02,NA,2026-09-25,174
2026-04-29 05:48:46,2025-05-27,"1  (BYO) FSG - Orders Only","Combined CSA","Fair Shares Wednesday Pickup","Webster Groves","MO","63119",201.85,"Automatic","Orange","Not on Hold","Fair Shares - Wednesday  - Wednesday","Debit on Delivery",0,0,0,2025-06-04,2025-11-12,NA,2026-09-25,880
2026-09-25 02:41:09,2021-03-31,"1 Mini (Weekly Shares)","Combined CSA","KWM","Saint Louis","MO","63126",458.08,"Automatic","None","Not on Hold","Kirkwood - Thursday","$600",0,0,10.67,2021-04-08,2026-09-24,NA,2026-09-25,1217
2026-04-21 07:59:19,2020-08-11,"1  (BYO) FSG - Orders Only","Combined CSA","Fair Shares Thursday Pickup","Saint Louis","MO","63139",31.24,"Automatic","Green Purple","Not on Hold","Fair Shares - Thursday - Thursday","Debit on Delivery",0,0,0,2020-08-20,2026-02-26,NA,2026-09-25,1884
2026-03-27 07:42:35,2020-01-20,"1 BYO - No Share, Order Only (Weekly Shares)","Combined CSA","Fair Shares Wednesday Pickup","Bridgeton","MO","63044",0,"Automatic","None","Not on Hold","Fair Shares - Wednesday  - Wednesday","Debit on Delivery",0,0,0,2020-01-23,2020-03-26,NA,2026-09-25,1461
2026-03-27 07:58:48,2017-10-10,"1 BYO - No Share, Order Only (Weekly Shares)","Combined CSA","Fair Shares Wednesday Pickup","Saint Louis","MO","63143",0,"Automatic","None","Not on Hold","Fair Shares - Wednesday  - Wednesday","Debit on Delivery",0,0,0,2017-10-12,2020-12-02,NA,2026-09-25,1136
2026-04-11 08:18:37,2020-01-12,"1 (BYO) KWG - Orders Only (Weekly Shares)","Combined CSA","Kirkwood Pickup","Kirkwood","MO","63122",0,"Automatic","None","Not on Hold","Kirkwood - Thursday","Debit on Delivery",0,0,0,2020-01-16,2026-02-26,NA,2026-09-25,1465
2026-08-08 03:51:08,2020-02-23,"1 Mini (Weekly Shares)","Combined CSA","KWM","Kirkwood","MO","63122",176.13,"Automatic","Payment","Not on Hold","Kirkwood - Thursday","$150",0,0,0,2020-02-27,2026-08-06,NA,2026-09-25,1725
2025-05-08 08:19:10,2018-06-06,"1  (BYO) FSG - Orders Only","Combined CSA","Fair Shares Thursday Pickup","Webster Groves","MO","63119",123.64,"Automatic","Purple","Not on Hold","Fair Shares - Thursday - Thursday","Debit on Delivery",0,0,0,2018-06-21,2025-04-10,NA,2026-09-25,121
2025-01-13 06:59:46,2020-05-10,"1 (BYO) KWG - Orders Only (Weekly Shares)","Combined CSA","Kirkwood Pickup","Kirkwood","MO","63122",0,NA,"None","Not on Hold","Kirkwood - Thursday","Debit on Delivery",0,0,0,2020-05-14,2021-08-26,NA,2026-09-25,213
2026-09-17 02:45:10,2017-07-20,"1 FSA/FSD","Combined CSA","FSD","St. Louis","63110","63118",149.22,"Automatic","None","Not on Hold","Fair Shares - Thursday - Thursday","$300",0,0,0,2017-08-17,2026-09-16,NA,2026-09-25,1932
2026-04-20 12:53:40,2025-04-24,"1 (BYO) KWG - Orders Only (Weekly Shares)","Combined CSA","Kirkwood Pickup","St louis","MO","63122",192.52,"Automatic","None","Hold","Kirkwood - Thursday","Debit on Delivery",0,0,0,2025-05-01,2025-06-05,NA,2026-09-25,155
2026-09-25 02:41:09,2026-08-16,"1 UCA/KWA","Combined CSA","KWA","Kirkwood","MO","63122",140.42,"Automatic","None","Not on Hold","Kirkwood - Thursday","$300",0,0,0,2026-08-20,2026-09-24,NA,2026-09-25,496
2026-03-27 07:27:55,2020-08-13,"1  (BYO) FSG - Orders Only","Combined CSA","Fair Shares Wednesday Pickup","St. Louis","MO","63104",0,NA,"Purple","Not on Hold","Fair Shares - Wednesday  - Wednesday","Debit on Delivery",0,0,0,2020-08-19,2022-04-27,NA,2026-09-25,1858
2026-03-27 07:06:41,2024-02-22,"1  (BYO) FSG - Orders Only","Combined CSA","Fair Shares Wednesday Pickup","Saint Louis","MO","63103",0,"Automatic","None","Not on Hold","Fair Shares - Wednesday  - Wednesday","Debit on Delivery",0,0,0,2024-02-28,2025-02-26,NA,2026-09-25,1874
2026-09-18 02:37:33,2017-10-16,"1 Half (Half Share - ODD week), 1 No Produce - Order Only (even wk)","Combined CSA","KWB","St. Louis","MO","63122",317.66,"Automatic","Orange","Not on Hold","Kirkwood - Thursday","$600",0,0,0,2017-10-19,2026-09-17,NA,2026-09-25,305
2020-10-26 08:32:08,2020-07-15,"1  (BYO) FSG - Orders Only","Combined CSA","Fair Shares Thursday Pickup","Ferguson","MO","63135",0,"Automatic","Green Orange","Not on Hold","Fair Shares - Thursday - Thursday","Debit on Delivery",0,0,0,2020-07-23,2020-10-22,NA,2026-09-25,1963
2025-12-17 19:42:41,2020-10-14,"1  (BYO) FSG - Orders Only","Combined CSA","Fair Shares Wednesday Pickup","Saint Louis","MO","63118",4.78,"Automatic","None","Not on Hold","Fair Shares - Wednesday  - Wednesday","Debit on Delivery",0,0,0,2020-10-21,2025-12-10,NA,2026-09-25,1749
2026-09-11 03:54:38,2026-08-31,"1 Guest Access","Combined CSA","KWA","Barnhart","MO","63012",0,"Automatic","None","Not on Hold","Kirkwood - Thursday","Debit on Delivery",0,0,0,2026-09-03,2026-09-10,NA,2026-09-25,115
2021-01-29 03:49:35,2020-02-28,"1  (BYO) FSG - Orders Only","Combined CSA","Fair Shares Thursday Pickup","Saint Louis","MO","63110",0,"Automatic","None","Not on Hold","Fair Shares - Thursday - Thursday","Debit on Delivery",0,0,0,2020-03-26,2021-01-28,NA,2026-09-25,1466
2021-06-10 19:07:18,2020-03-12,"1  (BYO) FSG - Orders Only","Combined CSA","Fair Shares Thursday Pickup","Saint Louis","MO","63108",0,"Automatic","None","Not on Hold","Fair Shares - Thursday - Thursday","Debit on Delivery",0,0,0,2020-03-26,2021-06-03,NA,2026-09-25,1439
2026-09-25 02:41:09,2017-07-20,"1 Mini (Weekly Shares)","Combined CSA","KWM","St. Louis","MO","63119",244.55,"Automatic","None","Not on Hold","Kirkwood - Thursday","$600",0,0,5.05,2017-08-17,2026-09-24,NA,2026-09-25,634
2024-09-02 10:57:18,2024-05-25,"1 (BYO) UCG - Orders Only","Combined CSA","UCity Pickup","St. Louis","MO","63130",3.45,"Automatic","Orange","Not on Hold","UCity - Wednesday","Debit on Delivery",0,0,0,2024-05-29,2024-08-21,NA,2026-09-25,944
2023-11-24 03:47:02,2017-07-20,"1 (BYO) KWG - Orders Only (Weekly Shares)","Combined CSA","Kirkwood Pickup","St. Louis","MO","63146",0,"Automatic","Blue Orange","Not on Hold","Kirkwood - Thursday","Debit on Delivery",0,0,0,2017-08-24,2023-11-23,NA,2026-09-25,1841
2021-03-18 14:27:47,2020-04-18,"1  (BYO) FSG - Orders Only","Combined CSA","Fair Shares Thursday Pickup","St. Louis","MO","63139",0,"Automatic","Green","Not on Hold","Fair Shares - Thursday - Thursday","Debit on Delivery",0,0,0,2020-04-23,2021-02-25,NA,2026-09-25,1280
2026-09-17 07:02:55,2020-03-22,"1 (BYO) KWG - Orders Only (Weekly Shares)","Combined CSA","Kirkwood Pickup","St. Louis","MO","63139",129.1,"Automatic","None","Not on Hold","Kirkwood - Thursday","Debit on Delivery",0,0,0,2020-03-26,2026-09-09,NA,2026-09-25,467
2026-09-24 03:52:50,2017-07-18,"1 Mini (Weekly Shares)","Combined CSA","FSMini-w","St. Louis","MO","63105",218.26,"Automatic","None","Not on Hold","Fair Shares - Wednesday  - Wednesday","$150",0,0,0,2017-08-16,2026-09-23,NA,2026-09-25,618
2026-03-27 07:26:25,2020-09-28,"1  (BYO) FSG - Orders Only","Combined CSA","Fair Shares Wednesday Pickup","St. Louis","MO","63109",0,"Automatic","Green","Not on Hold","Fair Shares - Wednesday  - Wednesday","Debit on Delivery",0,0,0,2020-10-07,2020-12-02,NA,2026-09-25,1701
2026-03-27 07:47:52,2019-05-02,"1 BYO - No Share, Order Only (Weekly Shares)","Combined CSA","Fair Shares Wednesday Pickup","St. Louis","MO","63143",0,NA,"Orange","Not on Hold","Fair Shares - Wednesday  - Wednesday","Debit on Delivery",0,0,0,2019-05-15,2020-05-20,NA,2026-09-25,675
2026-09-25 04:02:46,2024-04-01,"1 Mini (Weekly Shares)","Combined CSA","FSMini-t","Saint Louis","MO","63110",224.44,"Automatic","None","Not on Hold","Fair Shares - Thursday - Thursday","$150",0,0,30.2,2024-04-04,2026-09-24,NA,2026-09-25,1873
2026-03-27 07:04:16,2024-04-01,"1  (BYO) FSG - Orders Only","Combined CSA","Fair Shares Wednesday Pickup","St. Louis","MO","63108",0,"Automatic","Purple","Not on Hold","Fair Shares - Wednesday  - Wednesday","Debit on Delivery",0,0,0,2024-04-03,2025-06-18,NA,2026-09-25,1016
2026-04-17 08:04:19,2017-07-18,"1  (BYO) FSG - Orders Only","Combined CSA","Fair Shares Wednesday Pickup","St. Louis","MO","63105",100.36,"Automatic","None","Not on Hold","Fair Shares - Wednesday  - Wednesday","Debit on Delivery",0,0,0,2017-08-16,2026-02-25,NA,2026-09-25,718
2026-09-24 02:41:05,2026-08-23,"1 FSA/FSD","Combined CSA","FSA","Webster Groves","MO","63119-3639",91.44,"Automatic","None","Not on Hold","Fair Shares - Wednesday  - Wednesday","$300",0,0,0,2026-08-26,2026-09-23,NA,2026-09-25,381
2026-09-25 04:02:29,2017-07-18,"1 Mini (Weekly Shares)","Combined CSA","FSMini-t","St. Louis","MO","63125",656.83,"Automatic","None","Not on Hold","Fair Shares - Thursday - Thursday","$600",0,0,1.06,2017-08-16,2026-09-24,NA,2026-09-25,133
2026-04-20 14:26:53,2020-07-18,"1  (BYO) FSG - Orders Only","Combined CSA","Fair Shares Thursday Pickup","Webster Groves","MO","63119",0,"Automatic","Green","Not on Hold","Fair Shares - Thursday - Thursday","Debit on Delivery",0,0,0,2020-07-23,2026-02-26,NA,2026-09-25,1680
2026-06-29 08:34:59,2021-04-16,"1  (BYO) FSG - Orders Only","Combined CSA","Fair Shares Thursday Pickup","St Louis","MO","63139",0.01,"Automatic","Green","Not on Hold","Fair Shares - Thursday - Thursday","Debit on Delivery",0,0,0,2021-04-22,2026-06-18,NA,2026-09-25,1149
2026-04-02 11:08:54,2017-07-18,"1  (BYO) FSG - Orders Only","Combined CSA","Fair Shares Wednesday Pickup","St. Louis","MO","63104",7.3,"Automatic","Purple","Not on Hold","Fair Shares - Wednesday  - Wednesday","Debit on Delivery",0,0,0,2017-08-16,2026-02-25,NA,2026-09-25,224
2026-03-27 08:01:57,2017-07-18,"1  (BYO) FSG - Orders Only","Combined CSA","Fair Shares Wednesday Pickup","St. Louis","MO","63108",0.01,"Automatic","Orange","Not on Hold","Fair Shares - Wednesday  - Wednesday","Debit on Delivery",0,0,0,2017-08-23,2024-04-03,NA,2026-09-25,62
2026-09-25 04:03:01,2017-07-18,"1 FSA/FSD","Combined CSA","FSD","St. louis","MO","63139",327.44,"Automatic","None","Not on Hold","Fair Shares - Thursday - Thursday","$300",0,0,1.86,2017-08-17,2026-09-24,NA,2026-09-25,1236
2024-08-19 14:44:30,2020-10-01,"1  (BYO) FSG - Orders Only","Combined CSA","Fair Shares Wednesday Pickup","St Louis","MO","63123",0,"Automatic","Green","Not on Hold","Fair Shares - Wednesday  - Wednesday","Debit on Delivery",0,0,0,2020-10-07,2024-05-29,NA,2026-09-25,1350
2026-03-27 07:56:03,2018-05-02,"1 BYO - No Share, Order Only (Weekly Shares)","Combined CSA","Fair Shares Wednesday Pickup","St. Louis","MO","63116",0,NA,"None","Not on Hold","Fair Shares - Wednesday  - Wednesday","Debit on Delivery",0,0,0,2018-05-09,2018-12-05,NA,2026-09-25,248
2026-09-18 03:54:31,2022-09-09,"1 Half (Half Share - ODD week)","Combined CSA","FSE","St Louis","MO","63108",177.27,"Automatic","Orange","Not on Hold","Fair Shares - Thursday - Thursday","$150",0,0,0,2022-09-14,2026-09-17,NA,2026-09-25,168
2026-03-27 07:54:58,2018-05-16,"1 BYO - No Share, Order Only (Weekly Shares)","Combined CSA","Fair Shares Wednesday Pickup","St Louis","MO","63116",0,NA,"None","Hold","Fair Shares - Wednesday  - Wednesday","Debit on Delivery",0,0,0,2018-05-23,2018-11-07,NA,2026-09-25,1955
2026-09-24 02:41:05,2018-07-31,"1 UCA/KWA","Combined CSA","UCA","Saint louis","MO","63130",246.44,"Automatic","None","Not on Hold","UCity - Wednesday","$600",0,0,0,2018-08-08,2026-09-23,NA,2026-09-25,681
2025-06-08 18:48:11,2021-07-04,"1  (BYO) FSG - Orders Only","Combined CSA","Fair Shares Thursday Pickup","Creve Coeur","MO","63141",0.07,"Automatic","Purple","Not on Hold","Fair Shares - Thursday - Thursday","Debit on Delivery",0,0,0,2021-07-07,2025-06-05,NA,2026-09-25,1066
2025-12-11 11:03:51,2023-03-23,"1 (BYO) UCG - Orders Only","Combined CSA","UCity Pickup","St Louis","MO","63112",0,"Automatic","None","Not on Hold","UCity - Wednesday","Debit on Delivery",0,0,0,2023-03-29,2025-10-29,NA,2026-09-25,1306
2024-02-29 02:23:01,2020-03-26,"1 (BYO) UCG - Orders Only","Combined CSA","UCity Pickup","University City","MO","63130",83.04,"Automatic","Orange","Not on Hold","UCity - Wednesday","Debit on Delivery",0,0,0,2020-04-01,2024-02-28,NA,2026-09-25,1823
2026-09-24 02:41:05,2020-03-23,"1 UCA/KWA","Combined CSA","UCA","University City","MO","63130",223.4,"Automatic","None","Not on Hold","UCity - Wednesday","$300",0,0,0,2020-03-25,2026-09-23,NA,2026-09-25,1699
2025-01-13 06:54:26,2020-06-07,"1  (BYO) FSG - Orders Only","Combined CSA","Fair Shares Thursday Pickup","St louis","MO","63119",0,NA,"Green Purple","Not on Hold","Fair Shares - Thursday - Thursday","Debit on Delivery",0,0,0,2020-06-11,2023-09-28,NA,2026-09-25,555
2026-09-25 02:41:09,2023-07-05,"1 Mini (Weekly Shares)","Combined CSA","FSMini-t","St. Louis","MO","63139",556.36,"Automatic","None","Not on Hold","Fair Shares - Thursday - Thursday","$600",0,0,3.72,2023-07-13,2026-09-24,NA,2026-09-25,1671
2026-09-24 02:41:05,2020-03-25,"1 Half (Half Share - EVEN week)","Combined CSA","UCB","St. Louis","MO","63131",233.06,"Automatic","Purple","Not on Hold","UCity - Wednesday","$600",0,0,0,2020-04-02,2026-09-23,NA,2026-09-25,1928
2026-09-18 03:54:29,2019-08-21,"1 Half (Half Share - ODD week), 1 2% MILK-o","Combined CSA","KWB","Webster Groves","MO","63119",190.03,"Automatic","Orange","Not on Hold","Kirkwood - Thursday","$150",0,0,0,2019-08-28,2026-09-17,NA,2026-09-25,1487
2021-05-26 06:26:48,2020-12-01,"1 (BYO) UCG - Orders Only","Combined CSA","UCity Pickup","St. Louis","MO","63130",0,"Automatic","None","Not on Hold","UCity - Wednesday","Debit on Delivery",0,0,0,2020-12-02,2021-05-19,NA,2026-09-25,857
2026-08-22 03:50:10,2021-08-12,"1  (BYO) FSG - Orders Only","Combined CSA","Fair Shares Thursday Pickup","St. Louis","MO","63109",0,"Automatic","Payment Green","Not on Hold","Fair Shares - Thursday - Thursday","Debit on Delivery",0,0,0,2021-08-19,2026-08-20,NA,2026-09-25,838
2026-03-30 10:06:43,2017-07-18,"1  (BYO) FSG - Orders Only","Combined CSA","Fair Shares Thursday Pickup","St. Louis","MO","63119",913.69,"Automatic","None","Not on Hold","Fair Shares - Thursday - Thursday",NA,0,0,0,2017-08-17,2024-03-07,NA,2026-09-25,583
2026-04-26 22:20:36,2025-01-14,"1 (BYO) UCG - Orders Only","Combined CSA","UCity Pickup","St. Louis","MO","63146",37.53,"Automatic","Orange","Hold","UCity - Wednesday","Debit on Delivery",0,0,0,2025-01-22,2026-02-18,NA,2026-09-25,139
2026-09-24 11:51:01,2017-07-18,"1 FSA/FSD","Combined CSA","FSA","St. Louis","MO","63129",109.71,"Automatic","None","Not on Hold","Fair Shares - Wednesday  - Wednesday","$300",0,0,0,2017-08-16,2026-09-23,NA,2026-09-25,423
2026-06-30 11:28:15,2017-07-18,"1 BYO - No Share, Order Only (Weekly Shares)","Combined CSA","Fair Shares Thursday Pickup","St. Louis","MO","63126",0.01,"Automatic","None","Not on Hold","Fair Shares - Thursday - Thursday","Debit on Delivery",0,0,0,2017-08-16,2024-11-28,NA,2026-09-25,1087
2026-09-25 04:02:40,2017-07-18,"1 Mini (Weekly Shares), 1 Whole MILK-e","Combined CSA","FSMini-t","St. Louis","63117","MO",607.94,"Automatic","None","Not on Hold","Fair Shares - Thursday - Thursday","$600",0,0,36.7,2017-08-17,2026-09-24,NA,2026-09-25,1900
2026-09-24 12:54:17,2018-01-17,"1 Half (Half Share - ODD week)","Combined CSA","FSE","st. louis","MO","63112",81.91,"Automatic","Orange","Not on Hold","Fair Shares - Thursday - Thursday","$150",0,0,0,2024-05-30,2026-09-17,NA,2026-09-25,790
2026-09-25 02:41:09,2025-03-11,"1 UCA/KWA","Combined CSA","KWA","Kirkwood","MO","63122",130.81,"Automatic","None","Not on Hold","Kirkwood - Thursday","$300",0,0,2.39,2025-04-03,2026-09-24,NA,2026-09-25,622
2022-08-18 03:58:52,2020-12-25,"1 (BYO) UCG - Orders Only","Combined CSA","UCity Pickup","St. Louis","MO","63121",0,"Automatic","Green Purple","Not on Hold","UCity - Wednesday","Debit on Delivery",0,0,0,2021-01-06,2022-08-17,NA,2026-09-25,1756
2026-04-03 11:49:18,2022-05-02,"1  (BYO) FSG - Orders Only","Combined CSA","Fair Shares Thursday Pickup","Saint Louis","MO","63104",39.19,"Automatic","Green Purple","Not on Hold","Fair Shares - Thursday - Thursday","Debit on Delivery",0,0,0,2022-05-12,2026-02-26,NA,2026-09-25,1229
2022-02-11 03:53:56,2017-07-18,"1  (BYO) FSG - Orders Only","Combined CSA","Fair Shares Wednesday Pickup","St. Louis","63105","55555",0,"Automatic","Purple","Not on Hold","Fair Shares - Wednesday  - Wednesday","Debit on Delivery",0,0,0,2017-08-31,2022-02-09,NA,2026-09-25,1855
2025-11-17 09:02:55,2025-05-11,"1  (BYO) FSG - Orders Only","Combined CSA","Fair Shares Thursday Pickup","Saint Louis","MO","63110",0,"Automatic","Orange","Not on Hold","Fair Shares - Thursday - Thursday","Debit on Delivery",0,0,0,2025-05-15,2025-11-13,NA,2026-09-25,260
2026-09-24 03:52:53,2022-05-03,"1 Mini (Weekly Shares)","Combined CSA","FSMini-w","Webster Groves","MO","63119",152.84,"Automatic","Green","Not on Hold","Fair Shares - Wednesday  - Wednesday","$150",0,0,0,2022-05-11,2026-09-23,NA,2026-09-25,1983
2026-09-25 02:41:09,2017-07-20,"1 Mini (Weekly Shares)","Combined CSA","FSMini-w","Webster Groves","MO","63119",219.94,"Automatic","None","Not on Hold","Fair Shares - Wednesday  - Wednesday","$150",0,0,0,2017-08-17,2026-09-23,NA,2026-09-25,145
2026-09-18 03:54:17,2019-03-24,"1 Half (Half Share - ODD week)","Combined CSA","FSE","Saint Louis","MO","63126",189.74,"Automatic","Orange","Not on Hold","Fair Shares - Thursday - Thursday","$150",0,0,0,2019-04-04,2026-09-17,NA,2026-09-25,1706
2026-09-24 02:41:05,2017-07-18,"1 Mini (Weekly Shares)","Combined CSA","UCM","St. Louis","MO","63130",266.58,"Automatic","None","Not on Hold","UCity - Wednesday","$300",0,0,0,2017-08-16,2026-09-23,NA,2026-09-25,1498
2026-09-21 21:22:29,2020-05-13,"1 Whole MILK, 1 Mini (Weekly Shares)","Combined CSA","FSMini-t","St louis","MO","63104",132.2,"Automatic","Green","Temp Hold","Fair Shares - Thursday - Thursday","$150",0,0,0,2020-05-21,2026-09-17,NA,2026-09-25,1453
2026-09-24 02:41:05,2026-06-05,"1 Mini (Weekly Shares)","Combined CSA","FSMini-w","St. Louis","MO","63117",166.84,"Automatic","None","Not on Hold","Fair Shares - Wednesday  - Wednesday","$150",0,0,0,2026-06-10,2026-09-23,NA,2026-09-25,335
2026-05-05 06:51:04,2026-01-11,"1  (BYO) FSG - Orders Only","Combined CSA","Fair Shares Thursday Pickup","St. Louis","MO","63118",0,"Automatic","None","Hold","Fair Shares - Thursday - Thursday","Debit on Delivery",0,0,0,2026-01-15,2026-02-26,NA,2026-09-25,515
2026-09-24 03:52:40,2020-05-06,"1 Half (Half Share - EVEN week)","Combined CSA","UCB","Saint Louis","MO","63130",203.64,"Automatic","Purple","Not on Hold","UCity - Wednesday","$150",0,0,0,2020-05-13,2026-09-23,NA,2026-09-25,1107
2026-09-03 04:02:18,2021-03-07,"1  (BYO) FSG - Orders Only","Combined CSA","Fair Shares Wednesday Pickup","SAINT LOUIS","MO","63104-2930",0,"Automatic","Payment Green","Not on Hold","Fair Shares - Wednesday  - Wednesday","Debit on Delivery",0,0,0,2021-03-25,2026-09-02,NA,2026-09-25,1407
2026-09-24 03:52:44,2017-07-20,"1 Mini (Weekly Shares), 1 2% MILK, 1 Half & Half (Weekly Shares)","Combined CSA","FSMini-w","St. Louis","MO","63116",340.46,"Automatic","None","Not on Hold","Fair Shares - Wednesday  - Wednesday","$300",0,0,0,2017-08-24,2026-09-23,NA,2026-09-25,1255
2021-03-29 13:41:03,2020-08-06,"1  (BYO) FSG - Orders Only","Combined CSA","Fair Shares Wednesday Pickup","Saint Louis","MO","63139",0,"Automatic","Green Orange","Not on Hold","Fair Shares - Wednesday  - Wednesday","Debit on Delivery",0,0,0,2020-08-12,2021-03-24,NA,2026-09-25,766
2026-04-12 03:38:43,2018-08-16,"1 (BYO) KWG - Orders Only (Weekly Shares)","Combined CSA","Kirkwood Pickup","Des peres","MO","63131",0,"Automatic","Purple","Not on Hold","Kirkwood - Thursday","Debit on Delivery",0,0,0,2018-08-30,2026-02-26,NA,2026-09-25,1987
2022-09-15 04:01:36,2020-05-01,"1  (BYO) FSG - Orders Only","Combined CSA","Fair Shares Wednesday Pickup","Clayton","MO","63105",0,"Automatic","Green","Not on Hold","Fair Shares - Wednesday  - Wednesday","Debit on Delivery",0,0,0,2020-05-06,2022-09-14,NA,2026-09-25,1541
2026-09-24 02:41:05,2017-07-18,"1 FSA/FSD","Combined CSA","FSA","St. Louis","MO","63104",371.2,"Automatic","None","Not on Hold","Fair Shares - Wednesday  - Wednesday","$600",0,0,0,2017-08-16,2026-09-23,NA,2026-09-25,1799
2025-11-21 14:22:32,2025-02-07,"1 (BYO) UCG - Orders Only","Combined CSA","UCity Pickup","St Louis","MO","63124",145.4,"Automatic","None","Not on Hold","UCity - Wednesday","Debit on Delivery",0,0,0,2025-02-13,2025-04-16,NA,2026-09-25,852
2020-10-27 19:30:56,2020-04-27,"1  (BYO) FSG - Orders Only","Combined CSA","Fair Shares Thursday Pickup","St. Louis","MO","63131",0,"Automatic","Green","Not on Hold","Fair Shares - Thursday - Thursday","Debit on Delivery",0,0,0,2020-04-30,2020-10-22,NA,2026-09-25,420
2026-09-17 02:45:10,2020-04-04,"1 Half (Half Share - ODD week)","Combined CSA","UCB","Saint Louis","MO","63130",599.94,"Automatic","Orange","Not on Hold","UCity - Wednesday","$600",0,0,0,2020-04-08,2026-09-16,NA,2026-09-25,570
2026-05-06 15:46:18,2017-07-18,"1  (BYO) FSG - Orders Only","Combined CSA","Fair Shares Wednesday Pickup","St. Louis","MO","63109",30.69,"Automatic","Purple","Hold","Fair Shares - Wednesday  - Wednesday","Debit on Delivery",0,0,0,2017-08-16,2026-02-25,NA,2026-09-25,390
2026-09-25 02:41:09,2017-07-18,"1 Mini (Weekly Shares)","Combined CSA","FSMini-t","St. Louis","MO","63119",293.93,"Automatic","None","Not on Hold","Fair Shares - Thursday - Thursday","$600",0,0,11.17,2017-08-17,2026-09-24,NA,2026-09-25,514
2025-12-05 03:54:38,2025-03-20,"1  (BYO) FSG - Orders Only","Combined CSA","Fair Shares Thursday Pickup","Saint Louis","MO","63129",0,"Automatic","None","Not on Hold","Fair Shares - Thursday - Thursday","Debit on Delivery",0,0,0,2025-04-03,2025-12-04,NA,2026-09-25,340
2026-09-04 02:37:32,2017-08-08,"1 FSA/FSD","Combined CSA","FSD","St. Louis","MO","63138",497.37,"Automatic","None","Temp Hold","Fair Shares - Thursday - Thursday","$600",0,0,0,2017-08-31,2026-09-03,NA,2026-09-25,250
2026-02-12 11:23:31,2025-07-13,"1  (BYO) FSG - Orders Only","Combined CSA","Fair Shares Thursday Pickup","Saint louis","MO","63109",0,"Automatic","Orange","Not on Hold","Fair Shares - Thursday - Thursday","Debit on Delivery",0,0,0,2025-07-17,2025-12-11,NA,2026-09-25,701
2023-06-05 07:37:10,2020-04-15,"1 (BYO) UCG - Orders Only","Combined CSA","UCity Pickup","Saint Louis","MO","63146",0,"Automatic","Orange","Not on Hold","UCity - Wednesday","Debit on Delivery",0,0,0,2020-04-22,2023-05-24,NA,2026-09-25,114
2026-09-25 02:41:09,2017-07-20,"1 Mini (Weekly Shares)","Combined CSA","KWM","St. Louis","MO","63122",337.22,"Automatic","None","Not on Hold","Kirkwood - Thursday","$150",0,0,0.27,2017-08-17,2026-09-24,NA,2026-09-25,1196
2026-09-18 02:37:33,2022-03-21,"1 Half (Half Share - ODD week), 1 2% MILK-o","Combined CSA","FSE","St Louis","MO","63104",143.8,"Automatic","Green Orange","Not on Hold","Fair Shares - Thursday - Thursday","$300",0,0,0,2022-03-24,2026-09-17,NA,2026-09-25,289
2021-01-07 03:54:52,2020-05-14,"1  (BYO) FSG - Orders Only","Combined CSA","Fair Shares Wednesday Pickup","Creve Coeur","MO","63141",0,"Automatic","Green","Not on Hold","Fair Shares - Wednesday  - Wednesday","Debit on Delivery",0,0,0,2020-05-20,2021-01-06,NA,2026-09-25,843
2025-08-29 03:57:12,2021-03-28,"1 (BYO) KWG - Orders Only (Weekly Shares)","Combined CSA","Kirkwood Pickup","Kirkwood","MO","63122",0,"Automatic","Purple","Not on Hold","Kirkwood - Thursday","Debit on Delivery",0,0,0,2021-04-01,2025-08-28,NA,2026-09-25,68
2026-09-17 03:57:48,2023-10-10,"1 Half (Half Share - ODD week), 2 Eggs - Buttonwood (Half Share - ODD week), 1 Whole MILK-o","Combined CSA","FSB","Glendale","MO","63122",0.01,"Automatic","Orange","Not on Hold","Fair Shares - Wednesday  - Wednesday","Debit on Delivery",0,0,0,2023-10-18,2026-09-16,NA,2026-09-25,1355
2024-03-03 03:39:24,2017-07-20,"1  (BYO) FSG - Orders Only","Combined CSA","Fair Shares Thursday Pickup","St. Louis","MO","63139",0,"Automatic","Orange","Not on Hold","Fair Shares - Thursday - Thursday","Debit on Delivery",0,0,0,2017-08-24,2024-02-29,NA,2026-09-25,1777
2020-04-13 14:44:41,2020-01-02,"1 BYO - No Share, Order Only (Weekly Shares)","Combined CSA","Fair Shares Thursday Pickup","Saint Louis","MO","63116",0,NA,"Orange","Hold","Fair Shares - Thursday - Thursday",NA,0,0,0,2020-01-09,2020-02-20,NA,2026-09-25,361
2026-09-03 04:02:19,2017-07-18,"1 (BYO) UCG - Orders Only","Combined CSA","UCity Pickup","St. Louis","MO","63130",0,"Automatic","Payment","Not on Hold","UCity - Wednesday","Debit on Delivery",0,0,0,2017-08-16,2026-09-02,NA,2026-09-25,1197
2025-07-29 18:06:30,2022-01-20,"1  (BYO) FSG - Orders Only","Combined CSA","Fair Shares Wednesday Pickup","St. Louis","MO","63116",0,"Automatic","Green Purple","Not on Hold","Fair Shares - Wednesday  - Wednesday","Debit on Delivery",0,0,0,2022-01-26,2025-06-18,NA,2026-09-25,1550
2021-08-13 03:57:21,2017-07-18,"1 BYO - No Share, Order Only (Weekly Shares)","Combined CSA","Fair Shares Thursday Pickup","St. Louis","MO","63104",0,"Automatic","None","Not on Hold","Fair Shares - Thursday - Thursday","Debit on Delivery",0,0,0,2017-08-16,2021-08-12,NA,2026-09-25,765
2022-12-16 03:51:25,2022-10-11,"1 (BYO) KWG - Orders Only (Weekly Shares)","Combined CSA","Kirkwood Pickup","Ballwin","MO","63011",0,"Automatic","None","Not on Hold","Kirkwood - Thursday","Debit on Delivery",0,0,0,2022-10-20,2022-12-15,NA,2026-09-25,1696
2026-09-20 07:57:09,2017-07-18,"1 Half (Half Share - ODD week), 1 No Produce - Order Only (even wk)","Combined CSA","FSB","St. Louis","MO","63122",133.63,"Automatic","Orange","Not on Hold","Fair Shares - Wednesday  - Wednesday","$150",0,0,0,2017-08-23,2026-09-16,NA,2026-09-25,1459
2026-03-27 07:08:21,2023-05-20,"1  (BYO) FSG - Orders Only","Combined CSA","Fair Shares Wednesday Pickup","Maplewood","MO","63143",0,"Automatic","None","Not on Hold","Fair Shares - Wednesday  - Wednesday","Debit on Delivery",0,0,0,2023-05-24,2023-08-30,NA,2026-09-25,1011
2026-04-26 22:26:46,2023-10-28,"1 (BYO) KWG - Orders Only (Weekly Shares)","Combined CSA","Kirkwood Pickup","Kirkwood","MO","63122",0,"Automatic","Purple","Hold","Kirkwood - Thursday","Debit on Delivery",0,0,0,2023-11-02,2026-02-26,NA,2026-09-25,1313
2026-09-10 04:00:58,2017-07-18,"1 (BYO) UCG - Orders Only","Combined CSA","UCity Pickup","High Ridge","MO","63049",0,"Automatic","Orange","Not on Hold","UCity - Wednesday","Debit on Delivery",0,0,0,2017-08-23,2026-09-09,NA,2026-09-25,1336
2026-01-26 21:05:08,2020-04-06,"1  (BYO) FSG - Orders Only","Combined CSA","Fair Shares Thursday Pickup","Saint Charles","MO","63303",0,"Automatic","None","Not on Hold","Fair Shares - Thursday - Thursday","Debit on Delivery",0,0,0,2020-04-09,2020-10-29,NA,2026-09-25,539
2024-09-19 09:26:46,2017-07-20,"1  (BYO) FSG - Orders Only","Combined CSA","Fair Shares Thursday Pickup","Maplewood","MO","63143",0,"Automatic","Orange","Not on Hold","Fair Shares - Thursday - Thursday","Debit on Delivery",0,0,0,2017-08-17,2024-09-05,NA,2026-09-25,1493
2025-09-10 10:13:44,2025-09-09,"1  (BYO) FSG - Orders Only","Combined CSA","Fair Shares Thursday Pickup","St. Louis","MO","63116",0,NA,"None","Not on Hold","Fair Shares - Thursday - Thursday",NA,0,0,0,NA,NA,NA,2026-09-25,443
2026-09-25 04:02:54,2017-07-20,"1 UCA/KWA, 1 2% MILK","Combined CSA","KWA","St. Louis","63122","63122",304.37,"Automatic","None","Not on Hold","Kirkwood - Thursday","$300",0,0,43.09,2017-08-17,2026-09-24,NA,2026-09-25,807
2026-09-25 04:03:01,2017-07-18,"1 FSA/FSD","Combined CSA","FSD","St. Louis","MO","63011",645.37,"Automatic","None","Not on Hold","Fair Shares - Thursday - Thursday","$600",0,0,0,2017-08-16,2026-09-24,NA,2026-09-25,549
2025-07-21 08:45:55,2019-10-17,"1 (BYO) UCG - Orders Only","Combined CSA","UCity Pickup","Saint Louis","MO","63130",455.05,"Automatic","None","Not on Hold","UCity - Wednesday","Debit on Delivery",0,0,0,2019-10-23,2025-07-16,NA,2026-09-25,698
2024-10-25 09:19:48,2024-04-15,"1  (BYO) FSG - Orders Only","Combined CSA","Fair Shares Wednesday Pickup","St. Louis","MO","63109",0,"Automatic","Orange","Not on Hold","Fair Shares - Wednesday  - Wednesday","Debit on Delivery",0,0,0,2024-04-17,2024-10-16,NA,2026-09-25,1650
2025-03-20 13:45:18,2022-06-02,"1  (BYO) FSG - Orders Only","Combined CSA","Fair Shares Wednesday Pickup","St. Louis","MO","63110",0,"Automatic","Green","Not on Hold","Fair Shares - Wednesday  - Wednesday","Debit on Delivery",0,0,0,2022-06-08,2022-12-14,NA,2026-09-25,352
2022-03-12 11:44:43,2017-07-20,"1 (BYO) KWG - Orders Only (Weekly Shares)","Combined CSA","Kirkwood Pickup","Manchester","MO","63021",0,"Automatic","None","Not on Hold","Kirkwood - Thursday","Debit on Delivery",0,0,0,2017-08-17,2022-02-24,NA,2026-09-25,1278
2021-09-30 17:47:55,2021-04-08,"1  (BYO) FSG - Orders Only","Combined CSA","Fair Shares Thursday Pickup","St. Louis","MO","63118",0,NA,"None","Not on Hold","Fair Shares - Thursday - Thursday",NA,0,0,0,2021-04-08,2021-09-30,NA,2026-09-25,1655
2026-02-20 03:51:09,2025-03-20,"1  (BYO) FSG - Orders Only","Combined CSA","Fair Shares Thursday Pickup","St. Louis","MO","63110",0,"Automatic","None","Not on Hold","Fair Shares - Thursday - Thursday","Debit on Delivery",0,0,0,2025-04-03,2026-02-19,NA,2026-09-25,182
2022-06-08 19:10:58,2020-07-15,"1 BYO - No Share, Order Only (Weekly Shares)","Combined CSA","Fair Shares Thursday Pickup","St. Louis","MO","63118",0,"Automatic","None","Not on Hold","Fair Shares - Thursday - Thursday","Debit on Delivery",0,0,0,2020-07-22,2022-06-09,NA,2026-09-25,1332
2026-03-27 07:11:02,2022-07-17,"1  (BYO) FSG - Orders Only","Combined CSA","Fair Shares Wednesday Pickup","St louis","MO","63116",0,"Automatic","Green","Not on Hold","Fair Shares - Wednesday  - Wednesday","Debit on Delivery",0,0,0,2022-07-20,2023-03-01,NA,2026-09-25,26
2026-09-25 04:02:34,2020-10-16,"1 Half (Half Share - EVEN week), 1 No Produce - Order Only (odd wk)","Combined CSA","KWB","Ballwin","MO","63021",168.99,"Automatic","Purple","Not on Hold","Kirkwood - Thursday","$150",0,0,38.19,2020-10-29,2026-09-24,NA,2026-09-25,929
2026-05-12 15:15:21,2017-07-20,"1  (BYO) FSG - Orders Only","Combined CSA","Fair Shares Wednesday Pickup","Montgomery City","MO","63361",22.5,"Automatic","None","Not on Hold","Fair Shares - Wednesday  - Wednesday","Debit on Delivery",0,0,0,2017-08-17,2023-05-17,NA,2026-09-25,359
2019-05-22 11:23:35,2017-07-20,"1 BYO - No Share, Order Only (Weekly Shares)","Combined CSA","Fair Shares Thursday Pickup","St. Louis","MO","63139",-58.08,NA,"Purple","Hold","Fair Shares - Thursday - Thursday",NA,0,0,0,2017-08-17,2018-03-01,NA,2026-09-25,1825
2026-03-27 07:52:23,2018-08-25,"1 BYO - No Share, Order Only (Weekly Shares)","Combined CSA","Fair Shares Wednesday Pickup","St. Louis","MO","63123",0.01,"Automatic","None","Not on Hold","Fair Shares - Wednesday  - Wednesday","Debit on Delivery",0,0,0,2018-08-30,2020-01-08,NA,2026-09-25,1316
2025-09-12 03:56:48,2021-05-15,"1  (BYO) FSG - Orders Only","Combined CSA","Fair Shares Thursday Pickup","St. Louis","MO","63109",0,"Automatic","Purple","Not on Hold","Fair Shares - Thursday - Thursday","Debit on Delivery",0,0,0,2021-05-20,2025-09-11,NA,2026-09-25,1860
2026-09-02 12:48:15,2020-04-17,"1  (BYO) FSG - Orders Only","Combined CSA","Fair Shares Wednesday Pickup","St. Louis","MO","63109",81.73,"Automatic","None","Not on Hold","Fair Shares - Wednesday  - Wednesday","Debit on Delivery",0,0,0,2020-04-22,2026-08-26,NA,2026-09-25,316
2026-09-24 02:41:05,2026-08-13,"1 Half (Half Share - EVEN week)","Combined CSA","UCB","St Louis","MO","63117",107.76,"Automatic","Purple","Not on Hold","UCity - Wednesday","$150",0,0,0,2026-08-19,2026-09-23,NA,2026-09-25,8
2026-09-25 02:41:09,2025-12-29,"1 Half (Half Share - EVEN week)","Combined CSA","FSE","St. louis","MO","63104",130.37,"Automatic","Purple","Not on Hold","Fair Shares - Thursday - Thursday","Debit on Delivery",0,0,8.85,2026-01-07,2026-09-24,NA,2026-09-25,652
2026-09-17 03:57:57,2017-07-18,"1 Half (Half Share - ODD week), 1 No Produce - Order Only (even wk)","Combined CSA","FSB","St. Louis","MO","63117",213.58,"Automatic","Blue Orange","Not on Hold","Fair Shares - Wednesday  - Wednesday","$150",0,0,0,2017-08-23,2026-09-16,NA,2026-09-25,919
2023-12-29 03:51:24,2020-07-14,"1 (BYO) UCG - Orders Only","Combined CSA","UCity Pickup","University City","MO","63130",0,"Automatic","Green","Not on Hold","UCity - Wednesday","Debit on Delivery",0,0,0,2020-07-15,2023-11-01,NA,2026-09-25,1130
2026-09-24 02:41:05,2017-07-18,"1 UCA/KWA","Combined CSA","UCA","St. Louis","MO","63130",166.31,"Automatic","None","Not on Hold","UCity - Wednesday","$300",0,0,0,2017-08-16,2026-09-23,NA,2026-09-25,1923
2026-09-25 02:41:09,2017-07-18,"1 Eggs - Buttonwood (Weekly Shares), 1 Mini (Weekly Shares)","Combined CSA","UCM","St. Louis","MO","63124",0,"Automatic","None","Not on Hold","UCity - Wednesday","Debit on Delivery",0,0,0,2017-08-16,2026-09-23,NA,2026-09-25,1014
2026-09-25 04:02:39,2021-07-10,"2 Skim MILK, 1 FSA/FSD","Combined CSA","FSD","St. Louis","MO","63104",253.09,"Automatic","Green","Not on Hold","Fair Shares - Thursday - Thursday","$300",0,0,59.71,2021-07-15,2026-09-24,NA,2026-09-25,310
2026-07-21 16:49:19,2024-01-16,"1  (BYO) FSG - Orders Only","Combined CSA","Fair Shares Thursday Pickup","St. Louis","MO","63144",171.96,"Automatic","Orange","Not on Hold","Fair Shares - Thursday - Thursday","Debit on Delivery",0,0,0,2024-01-25,2026-07-09,NA,2026-09-25,208
2026-08-03 08:05:33,2017-07-18,"1 (BYO) UCG - Orders Only","Combined CSA","UCity Pickup","St. Louis","63130","63103",0.16,"Automatic","None","Not on Hold","UCity - Wednesday","Debit on Delivery",0,0,0,2017-08-16,2026-07-29,NA,2026-09-25,1000
2026-04-20 12:54:23,2019-09-10,"1  (BYO) FSG - Orders Only","Combined CSA","Fair Shares Thursday Pickup","St Louis","MO","63110",300.47,"Automatic","Purple","Hold","Fair Shares - Thursday - Thursday","Debit on Delivery",0,0,0,2019-09-11,2024-07-18,NA,2026-09-25,1312
2026-04-20 14:10:53,2018-05-18,"1 BYO - No Share, Order Only (Weekly Shares)","Combined CSA","Fair Shares Wednesday Pickup","St Louis","MO","63110",0,"Automatic","None","Not on Hold","Fair Shares - Wednesday  - Wednesday","Debit on Delivery",0,0,0,2018-05-24,2026-02-18,NA,2026-09-25,1210
2026-09-24 02:41:05,2020-11-07,"1 UCA/KWA","Combined CSA","UCA","St Louis","MO","63112",271.03,"Automatic","None","Not on Hold","UCity - Wednesday","$300",0,0,0,2020-11-11,2026-09-23,NA,2026-09-25,373
2021-10-15 10:02:18,2020-06-05,"1  (BYO) FSG - Orders Only","Combined CSA","Fair Shares Thursday Pickup","Wildwood","MO","63069",0,"Automatic","Purple","Not on Hold","Fair Shares - Thursday - Thursday","Debit on Delivery",0,0,0,2020-06-11,2021-10-14,NA,2026-09-25,567
2024-12-31 11:08:34,2021-10-09,"1  (BYO) FSG - Orders Only","Combined CSA","Fair Shares Thursday Pickup","St. Charles","MO","63303",113.7,"Automatic","Purple","Not on Hold","Fair Shares - Thursday - Thursday","Debit on Delivery",0,0,0,2021-10-14,2024-12-19,NA,2026-09-25,996
2026-09-24 02:41:05,2020-03-08,"1 FSA/FSD","Combined CSA","FSA","St. Louis","MO","63139",233.87,"Automatic","None","Not on Hold","Fair Shares - Wednesday  - Wednesday","Debit on Delivery",0,0,0,2020-03-25,2026-09-23,NA,2026-09-25,99
2026-09-17 02:45:10,2022-05-17,"1 Half (Half Share - ODD week), 1 No Produce - Order Only (even wk)","Combined CSA","FSB","St. Louis","MO","63143",282.87,"Automatic","Green Orange","Not on Hold","Fair Shares - Wednesday  - Wednesday","$600",0,0,0,2022-05-26,2026-09-16,NA,2026-09-25,962
2026-09-25 04:02:45,2020-12-25,"1 Half (Half Share - EVEN week), 3 Whole MILK-e","Combined CSA","FSE","St Louis","MO","63116",208.78,"Automatic","Green Purple","Not on Hold","Fair Shares - Thursday - Thursday","$150",0,0,1.06,2021-01-07,2026-09-24,NA,2026-09-25,700
2026-09-24 03:53:03,2026-09-08,"1 Guest Access","Combined CSA","FSA","St. Louis","MO","63144",0,"Automatic","None","Not on Hold","Fair Shares - Wednesday  - Wednesday","Debit on Delivery",0,0,0,2026-09-16,2026-09-23,NA,2026-09-25,999
2024-12-05 17:39:18,2020-03-31,"1  (BYO) FSG - Orders Only","Combined CSA","Fair Shares Wednesday Pickup","Saint Louis","MO","63139",0,"Automatic","Green","Not on Hold","Fair Shares - Wednesday  - Wednesday","Debit on Delivery",0,0,0,2020-04-08,2020-12-09,NA,2026-09-25,920
2023-07-21 02:42:18,2021-04-23,"1 (BYO) KWG - Orders Only (Weekly Shares)","Combined CSA","Kirkwood Pickup","Kirkwood","MO","63122",0.31,"Automatic","Green","Not on Hold","Kirkwood - Thursday","Debit on Delivery",0,0,0,2021-04-28,2023-07-20,NA,2026-09-25,1082
2020-10-19 10:40:31,2020-05-27,"1  (BYO) FSG - Orders Only","Combined CSA","Fair Shares Wednesday Pickup","St louis","MO","63110",0,"Automatic","Green Purple","Not on Hold","Fair Shares - Wednesday  - Wednesday","Debit on Delivery",0,0,0,2020-06-03,2020-10-14,NA,2026-09-25,1852
2022-06-23 11:06:36,2022-04-27,"1  (BYO) FSG - Orders Only","Combined CSA","Fair Shares Thursday Pickup","St Louis","MO","63128",0,"Automatic","None","Not on Hold","Fair Shares - Thursday - Thursday","Debit on Delivery",0,0,0,2022-05-13,2022-06-03,NA,2026-09-25,1562
2026-05-05 07:09:07,2020-04-11,"1 (BYO) KWG - Orders Only (Weekly Shares)","Combined CSA","Kirkwood Pickup","Kirkwood","MO","63122",0,"Automatic","Purple","Hold","Kirkwood - Thursday","Debit on Delivery",0,0,0,2020-04-16,2026-02-26,NA,2026-09-25,1329
2026-09-25 02:41:09,2017-07-18,"1 Half (Half Share - EVEN week), 1 Creamline MILK-e","Combined CSA","FSE","St. Louis","MO","63122",245.54,"Automatic","Purple","Not on Hold","Fair Shares - Thursday - Thursday","$300",0,0,1.6,2017-08-17,2026-09-24,NA,2026-09-25,22
2026-09-04 02:37:32,2017-08-11,"1 BYO - No Share, Order Only (Weekly Shares)","Combined CSA","Fair Shares Thursday Pickup","St. Louis","MO","63110",-652.83,NA,"None","Not on Hold","Fair Shares - Thursday - Thursday","$150",0,0,0,2017-09-13,2026-09-03,NA,2026-09-25,1522
2026-04-14 09:09:22,2017-07-18,"1  (BYO) FSG - Orders Only","Combined CSA","Fair Shares Wednesday Pickup","St. Louis","MO","63119",3.53,"Automatic","Orange","Not on Hold","Fair Shares - Wednesday  - Wednesday","Debit on Delivery",0,0,0,2017-08-16,2026-02-18,NA,2026-09-25,671
2026-09-24 03:52:58,2018-08-22,"1 FSA/FSD, 1 Whole MILK","Combined CSA","FSA","Saint Louis","MO","63109",257.18,"Automatic","None","Not on Hold","Fair Shares - Wednesday  - Wednesday","$300",0,0,0,2018-08-22,2026-09-23,NA,2026-09-25,709
2026-09-18 02:37:33,2020-05-05,"1 Half (Half Share - ODD week)","Combined CSA","FSE","St. Louis","MO","63104",82.87,"Automatic","Green Orange","Not on Hold","Fair Shares - Thursday - Thursday","$300",0,0,0,2020-05-07,2026-09-17,NA,2026-09-25,1131
2022-05-13 03:51:46,2020-03-22,"1  (BYO) FSG - Orders Only","Combined CSA","Fair Shares Thursday Pickup","St. Louis","MO","63139",0,"Automatic","Green","Not on Hold","Fair Shares - Thursday - Thursday","Debit on Delivery",0,0,0,2020-03-26,2022-05-12,NA,2026-09-25,537
2026-09-25 02:41:09,2026-02-09,"1 Mini (Weekly Shares)","Combined CSA","FSMini-t","St. Louis","MO","63128",107.75,"Automatic","None","Not on Hold","Fair Shares - Thursday - Thursday","$150",0,0,53.2,2026-02-12,2026-09-24,NA,2026-09-25,32
2026-03-27 08:01:17,2017-07-18,"1 BYO - No Share, Order Only (Weekly Shares)","Combined CSA","Fair Shares Wednesday Pickup","St. Louis","MO","63139",0,"Automatic","None","Not on Hold","Fair Shares - Wednesday  - Wednesday","Debit on Delivery",0,0,0,2017-08-16,2022-11-23,NA,2026-09-25,980
2024-06-06 03:48:26,2019-05-17,"1  (BYO) FSG - Orders Only","Combined CSA","Fair Shares Wednesday Pickup","St. Louis","MO","63110",0,"Automatic","None","Not on Hold","Fair Shares - Wednesday  - Wednesday","Debit on Delivery",0,0,0,2019-05-29,2024-06-05,NA,2026-09-25,1911
2026-09-10 02:45:39,2017-07-18,"1 BYO - No Share, Order Only (Weekly Shares)","Combined CSA","Fair Shares Wednesday Pickup","St. Louis","MO","63110",85.51,"Automatic","None","Not on Hold","Fair Shares - Wednesday  - Wednesday","Debit on Delivery",0,0,0,2017-08-16,2026-09-09,NA,2026-09-25,37
2024-08-23 03:57:17,2023-09-22,"1  (BYO) FSG - Orders Only","Combined CSA","Fair Shares Thursday Pickup","Ballwin","MO","63011",0,"Automatic","Orange","Not on Hold","Fair Shares - Thursday - Thursday","Debit on Delivery",0,0,0,2023-09-28,2024-08-22,NA,2026-09-25,917
2025-03-12 11:05:24,2020-05-18,"1  (BYO) FSG - Orders Only","Combined CSA","Fair Shares Wednesday Pickup","St. Louis","MO","63110",0,"Automatic","Green Purple","Not on Hold","Fair Shares - Wednesday  - Wednesday","Debit on Delivery",0,0,0,2020-05-21,2025-02-26,NA,2026-09-25,596
2018-08-20 18:49:42,2017-07-18,"1 BYO - No Share, Order Only (Weekly Shares)","Combined CSA","Fair Shares Thursday Pickup","St. Louis","MO","63119",-8.95,NA,"Purple","Hold","Fair Shares - Thursday - Thursday","Debit on Delivery",0,0,0,2017-08-17,2018-04-12,NA,2026-09-25,942
2026-04-28 21:21:50,2022-03-22,"1  (BYO) FSG - Orders Only","Combined CSA","Fair Shares Thursday Pickup","St. Louis","MO","63118",0.02,"Automatic","Purple","Hold","Fair Shares - Thursday - Thursday","Debit on Delivery",0,0,0,2022-03-31,2026-02-26,NA,2026-09-25,27
2026-05-14 02:27:41,2019-06-25,"1  (BYO) FSG - Orders Only","Combined CSA","Fair Shares Wednesday Pickup","St. Louis","MO","63119",0,"Automatic","Payment","Not on Hold","Fair Shares - Wednesday  - Wednesday","Debit on Delivery",0,0,0,2019-07-10,2024-09-18,NA,2026-09-25,206
2025-11-17 08:35:20,2025-01-27,"1  (BYO) FSG - Orders Only","Combined CSA","Fair Shares Wednesday Pickup","St. Louis","MO","63123",0,"Automatic","None","Not on Hold","Fair Shares - Wednesday  - Wednesday","Debit on Delivery",0,0,0,2025-01-29,2025-11-12,NA,2026-09-25,588
2026-09-24 02:41:05,2017-07-18,"1 UCA/KWA","Combined CSA","UCA","St. Louis","63130","MO",390.13,"Automatic","None","Not on Hold","UCity - Wednesday","$600",0,0,0,2017-08-16,2026-09-23,NA,2026-09-25,541
2023-10-16 09:40:15,2019-09-26,"1  (BYO) FSG - Orders Only","Combined CSA","Fair Shares Wednesday Pickup","Saint louis","MO","63110",0,"Automatic","None","Not on Hold","Fair Shares - Wednesday  - Wednesday","Debit on Delivery",0,0,0,2019-10-02,2023-08-23,NA,2026-09-25,1165
2026-05-14 02:27:41,2019-06-09,"1 (BYO) UCG - Orders Only","Combined CSA","UCity Pickup","St Louis","MO","63130",0,"Automatic","Payment","Not on Hold","UCity - Wednesday","Debit on Delivery",0,0,0,2019-06-12,2025-10-15,NA,2026-09-25,1889
2023-11-02 02:37:55,2023-08-20,"1 (BYO) UCG - Orders Only","Combined CSA","UCity Pickup","University City","MO","63130",175.56,"Automatic","Purple","Not on Hold","UCity - Wednesday","Debit on Delivery",0,0,0,2023-08-23,2023-11-01,NA,2026-09-25,1029
2026-09-17 02:45:10,2023-02-11,"1 Half (Half Share - ODD week)","Combined CSA","UCB","University City","MO","63130",508.77,"Automatic","Orange","Not on Hold","UCity - Wednesday","$600",0,0,0,2023-02-15,2026-09-16,NA,2026-09-25,1997
2026-04-28 09:14:02,2021-10-22,"1  (BYO) FSG - Orders Only","Combined CSA","Fair Shares Thursday Pickup","Saint Louis","MO","63139",168.83,"Automatic","None","Not on Hold","Fair Shares - Thursday - Thursday","Debit on Delivery",0,0,0,2021-10-28,2026-02-05,NA,2026-09-25,1227
2026-04-20 13:34:42,2020-05-28,"1  (BYO) FSG - Orders Only","Combined CSA","Fair Shares Wednesday Pickup","St. Louis","MO","63139",0.01,"Automatic","Green","Not on Hold","Fair Shares - Wednesday  - Wednesday","Debit on Delivery",0,0,0,2020-06-10,2021-10-20,NA,2026-09-25,1183
2026-04-20 08:36:20,2020-04-09,"1  (BYO) FSG - Orders Only","Combined CSA","Fair Shares Thursday Pickup","St Louis","MO","63110",105.46,"Automatic","Purple","Hold","Fair Shares - Thursday - Thursday",NA,0,0,0,2020-04-15,2021-09-16,NA,2026-09-25,1430
2021-11-25 03:53:56,2020-04-07,"1  (BYO) FSG - Orders Only","Combined CSA","Fair Shares Wednesday Pickup","St. Louis","MO","63116",0,"Automatic","Green","Not on Hold","Fair Shares - Wednesday  - Wednesday","Debit on Delivery",0,0,0,2020-04-15,2021-11-24,NA,2026-09-25,1480
2024-06-14 03:52:46,2017-07-18,"1  (BYO) FSG - Orders Only","Combined CSA","Fair Shares Thursday Pickup","St. Louis","MO","63104",0,"Automatic","None","Not on Hold","Fair Shares - Thursday - Thursday","Debit on Delivery",0,0,0,2017-08-16,2024-06-13,NA,2026-09-25,1890
2026-05-01 09:44:26,2022-03-29,"1 (BYO) UCG - Orders Only","Combined CSA","UCity Pickup","St. Louis","MO","63130",0,"Automatic","Green","Hold","UCity - Wednesday","Debit on Delivery",0,0,0,2022-04-06,2026-02-25,NA,2026-09-25,180
2026-09-04 03:54:04,2026-08-18,"1 Guest Access","Combined CSA","FSMini-t","St louis","MO","63111",0,"Automatic","None","Not on Hold","Fair Shares - Thursday - Thursday","Debit on Delivery",0,0,0,2026-08-27,2026-09-03,NA,2026-09-25,669
2021-09-18 10:42:46,2020-07-26,"1  (BYO) FSG - Orders Only","Combined CSA","Fair Shares Wednesday Pickup","St. Louis","MO","63108",0,"Automatic","Green","Not on Hold","Fair Shares - Wednesday  - Wednesday","Debit on Delivery",0,0,0,2020-07-29,2021-09-15,NA,2026-09-25,677
2026-03-02 09:01:15,2022-01-24,"1  (BYO) FSG - Orders Only","Combined CSA","Fair Shares Thursday Pickup","St. Louis","MO","63109",6.91,"Automatic","Green","Not on Hold","Fair Shares - Thursday - Thursday","Debit on Delivery",0,0,0,2022-01-27,2026-02-19,NA,2026-09-25,1339
2024-03-15 12:44:15,2022-03-14,"1 (BYO) KWG - Orders Only (Weekly Shares)","Combined CSA","Kirkwood Pickup","Kirkwood","MO","63122",98,"Automatic","Purple","Not on Hold","Kirkwood - Thursday","Debit on Delivery",0,0,0,2022-03-24,2024-03-07,NA,2026-09-25,1945
2026-07-14 15:25:05,2021-04-08,"1  (BYO) FSG - Orders Only","Combined CSA","Fair Shares Thursday Pickup","St Louis","MO","63119",0,NA,"None","Not on Hold","Fair Shares - Thursday - Thursday",NA,0,0,0,2021-04-15,2025-10-16,NA,2026-09-25,978
2026-04-20 14:10:00,2020-04-04,"1  (BYO) FSG - Orders Only","Combined CSA","Fair Shares Thursday Pickup","St. Louis","MO","63139",0,"Automatic","Orange","Not on Hold","Fair Shares - Thursday - Thursday","Debit on Delivery",0,0,0,2020-04-09,2026-02-19,NA,2026-09-25,599
2025-10-16 03:59:18,2023-02-09,"1 (BYO) UCG - Orders Only","Combined CSA","UCity Pickup","Saint Louis","MO","63112",0,"Automatic","None","Not on Hold","UCity - Wednesday","Debit on Delivery",0,0,0,2023-02-15,2025-10-15,NA,2026-09-25,1185
2026-09-18 03:54:27,2017-07-20,"1 Half (Half Share - ODD week)","Combined CSA","KWB","St. Louis","MO","63122",207.92,"Automatic","Orange","Not on Hold","Kirkwood - Thursday","$150",0,0,0,2017-08-24,2026-09-17,NA,2026-09-25,1626
2026-03-27 07:46:58,2019-05-29,"1  (BYO) FSG - Orders Only","Combined CSA","Fair Shares Wednesday Pickup","St Louis","MO","63108",0,"Automatic","None","Not on Hold","Fair Shares - Wednesday  - Wednesday","Debit on Delivery",0,0,0,2019-06-05,2023-06-21,NA,2026-09-25,1715
2026-04-20 10:35:24,2021-06-15,"1 (BYO) KWG - Orders Only (Weekly Shares)","Combined CSA","Kirkwood Pickup","Chesterfield","MO","63017",115.87,"Automatic","Orange","Hold","Kirkwood - Thursday","Debit on Delivery",0,0,0,2021-06-24,2023-10-12,NA,2026-09-25,1678
2026-04-13 09:52:01,2024-01-06,"1  (BYO) FSG - Orders Only","Combined CSA","Fair Shares Wednesday Pickup","Saint Louis","MO","63123",139.55,"Automatic","None","Hold","Fair Shares - Wednesday  - Wednesday","Debit on Delivery",0,0,0,2024-01-10,2025-10-15,NA,2026-09-25,332
2022-05-26 09:29:37,2017-11-13,"1 BYO - No Share, Order Only (Weekly Shares)","Combined CSA","Fair Shares Thursday Pickup","Maryland Heights","MO","63043",0,"Automatic","None","Not on Hold","Fair Shares - Thursday - Thursday","Debit on Delivery",0,0,0,2017-11-15,2022-05-25,NA,2026-09-25,1610
2026-04-29 06:17:57,2026-01-08,"1 (BYO) UCG - Orders Only","Combined CSA","UCity Pickup","Saint Louis","MO","63105",149.41,"Automatic","None","Not on Hold","UCity - Wednesday","Debit on Delivery",0,0,0,2026-01-14,2026-02-25,NA,2026-09-25,938
2021-07-15 03:57:21,2020-03-26,"1  (BYO) FSG - Orders Only","Combined CSA","Fair Shares Wednesday Pickup","St. Louis","MO","63130",0,"Automatic","Orange","Not on Hold","Fair Shares - Wednesday  - Wednesday","Debit on Delivery",0,0,0,2020-04-08,2021-07-14,NA,2026-09-25,226
2026-09-25 02:41:09,2026-08-28,"1 FSA/FSD","Combined CSA","FSD","St. Louis","MO","63109",245.44,"Automatic","None","Not on Hold","Fair Shares - Thursday - Thursday","$300",0,0,4.52,2026-09-03,2026-09-24,NA,2026-09-25,936
2026-09-18 03:54:25,2020-03-15,"1  (BYO) FSG - Orders Only","Combined CSA","Fair Shares Thursday Pickup","St. Louis","MO","63110",0,"Automatic","Orange","Not on Hold","Fair Shares - Thursday - Thursday","Debit on Delivery",0,0,0,2020-03-26,2026-09-17,NA,2026-09-25,1308
2026-03-27 07:24:34,2020-10-11,"1  (BYO) FSG - Orders Only","Combined CSA","Fair Shares Wednesday Pickup","St Louis","MO","63110",0,"Automatic","Green Orange","Not on Hold","Fair Shares - Wednesday  - Wednesday","Debit on Delivery",0,0,0,2020-10-14,2022-07-27,NA,2026-09-25,1812
2021-12-19 20:28:45,2020-08-04,"1  (BYO) FSG - Orders Only","Combined CSA","Fair Shares Thursday Pickup","St. Louis","MO","63118",0,"Automatic","Green","Not on Hold","Fair Shares - Thursday - Thursday","Debit on Delivery",0,0,0,2020-08-13,2021-12-16,NA,2026-09-25,495
2026-03-27 07:16:55,2021-11-30,"1  (BYO) FSG - Orders Only","Combined CSA","Fair Shares Wednesday Pickup","ST LOUIS","MO","63125",0,"Automatic","None","Not on Hold","Fair Shares - Wednesday  - Wednesday","Debit on Delivery",0,0,0,2021-12-08,2023-05-03,NA,2026-09-25,910
2026-09-03 04:02:08,2026-08-22,"1 Guest Access","Combined CSA","FSA","St louis","MO","63109",0,"Automatic","None","Not on Hold","Fair Shares - Wednesday  - Wednesday","Debit on Delivery",0,0,0,2026-08-26,2026-09-02,NA,2026-09-25,964
2022-08-11 02:48:21,2019-07-23,"1 (BYO) UCG - Orders Only","Combined CSA","UCity Pickup","Clayton","MO","63105",0,NA,"None","Not on Hold","UCity - Wednesday","Debit on Delivery",0,0,0,2019-08-14,2022-08-10,NA,2026-09-25,376
2026-07-14 11:36:14,2026-06-24,"1  (BYO) FSG - Orders Only","Combined CSA","Fair Shares Wednesday Pickup","St. Louis","MO","63138",0,NA,"None","Not on Hold","Fair Shares - Wednesday  - Wednesday",NA,0,0,0,2026-06-24,2026-07-01,NA,2026-09-25,144
2026-09-11 02:37:07,2023-04-24,"1 UCA/KWA","Combined CSA","KWA","Fenton","MO","63026",121.25,"Automatic","Green","Not on Hold","Kirkwood - Thursday","$300",0,0,0,2023-04-27,2026-09-10,NA,2026-09-25,1683
2026-09-24 02:41:05,2026-06-12,"1 FSA/FSD","Combined CSA","FSA","Saint Louis","MO","63139",127.1,"Automatic","None","Not on Hold","Fair Shares - Wednesday  - Wednesday","$300",0,0,0,2026-06-17,2026-09-23,NA,2026-09-25,751
2026-03-27 07:50:01,2018-11-14,"1  (BYO) FSG - Orders Only","Combined CSA","Fair Shares Wednesday Pickup","Saint Louis","MO","63104",0,"Automatic","Orange","Not on Hold","Fair Shares - Wednesday  - Wednesday","Debit on Delivery",0,0,0,2018-11-21,2024-02-28,NA,2026-09-25,177
2026-09-24 02:41:05,2022-07-20,"1 FSA/FSD","Combined CSA","FSA","St. Louis","MO","63110",154.8,"Automatic","None","Not on Hold","Fair Shares - Wednesday  - Wednesday","$600",0,0,0,2022-07-20,2026-09-23,NA,2026-09-25,1203
2026-09-24 03:52:55,2017-07-18,"1 Half (Half Share - EVEN week), 1 Creamline MILK-e, 1 Whole MILK-e","Combined CSA","UCB","St. Louis","MO","63119",365.2,"Automatic","Purple","Not on Hold","UCity - Wednesday","$300",0,0,0,2017-08-16,2026-09-23,NA,2026-09-25,814
2021-07-22 16:06:33,2017-09-13,"1 BYO - No Share, Order Only (Weekly Shares)","Combined CSA","Fair Shares Wednesday Pickup","Saint Louis","MO","63105",0,"Automatic","Purple","Not on Hold","Fair Shares - Wednesday  - Wednesday","Debit on Delivery",0,0,0,2017-09-13,2020-12-02,NA,2026-09-25,1076
2021-07-22 16:13:49,2021-02-03,"1  (BYO) FSG - Orders Only","Combined CSA","Fair Shares Thursday Pickup","Saint Louis","MO","63109",0,"Automatic","Green Orange","Not on Hold","Fair Shares - Thursday - Thursday","Debit on Delivery",0,0,0,2021-02-04,2021-07-15,NA,2026-09-25,363
2026-04-08 09:14:10,2017-08-20,"1  (BYO) FSG - Orders Only","Combined CSA","Fair Shares Thursday Pickup","shrewsbury","MO","63119",0,NA,"None","Not on Hold","Fair Shares - Thursday - Thursday","Debit on Delivery",0,0,0,2017-08-30,2024-11-14,NA,2026-09-25,619
2020-02-19 13:01:43,2018-05-01,"1 BYO - No Share, Order Only (Weekly Shares)","Combined CSA","Fair Shares Thursday Pickup","st. louis","MO","63110",0,NA,"None","Not on Hold","Fair Shares - Thursday - Thursday",NA,0,0,0,2018-11-08,2018-11-08,NA,2026-09-25,69
2025-11-14 03:56:29,2021-01-19,"1  (BYO) FSG - Orders Only","Combined CSA","Fair Shares Thursday Pickup","Saint Louis","MO","63139",0,"Automatic","Orange","Not on Hold","Fair Shares - Thursday - Thursday","Debit on Delivery",0,0,0,2021-01-21,2025-11-13,NA,2026-09-25,730
2026-03-27 08:05:45,2017-07-18,"1 BYO - No Share, Order Only (Weekly Shares)","Combined CSA","Fair Shares Wednesday Pickup","Festus, MO","MO","63028",0,NA,"Orange","Hold","Fair Shares - Wednesday  - Wednesday","Debit on Delivery",0,0,0,2017-08-23,2018-02-21,NA,2026-09-25,1019
2025-11-18 15:53:13,2020-04-05,"1 (BYO) UCG - Orders Only","Combined CSA","UCity Pickup","St. Louis","MO","63130",0,"Automatic","None","Hold","UCity - Wednesday","Debit on Delivery",0,0,0,2020-04-15,2024-08-07,NA,2026-09-25,1628
2026-09-25 02:41:09,2026-03-20,"1 Mini (Weekly Shares)","Combined CSA","KWM","SAINT LOUIS","MO","63122",123.27,"Automatic","None","Not on Hold","Kirkwood - Thursday","$150",0,0,4.52,2026-04-29,2026-09-24,NA,2026-09-25,868
2026-04-13 10:03:58,2020-03-30,"1 (BYO) UCG - Orders Only","Combined CSA","UCity Pickup","Overland","MO","63114",0,NA,"Orange","Hold","UCity - Wednesday","Debit on Delivery",0,0,0,2020-04-08,2020-06-17,NA,2026-09-25,1426
2026-03-27 07:54:15,2018-06-18,"1  (BYO) FSG - Orders Only","Combined CSA","Fair Shares Wednesday Pickup","St. Louis","MO","63113",0,NA,"None","Hold","Fair Shares - Wednesday  - Wednesday","Debit on Delivery",0,0,0,2018-07-11,2021-02-24,NA,2026-09-25,802
2026-09-24 02:41:05,2017-07-18,"1 Mini (Weekly Shares), 1 Whole MILK","Combined CSA","FSMini-w","St. Louis","MO","63110",109.56,"Automatic","None","Not on Hold","Fair Shares - Wednesday  - Wednesday","$300",0,0,0,2017-08-16,2026-09-23,NA,2026-09-25,1577
2026-09-17 02:45:10,2021-01-16,"1 Mini (Weekly Shares)","Combined CSA","FSMini-w","St. Louis","MO","63110",133.99,"Automatic","None","Not on Hold","Fair Shares - Wednesday  - Wednesday","$150",0,0,0,2021-01-20,2026-09-16,NA,2026-09-25,554
2026-09-24 03:53:03,2019-10-23,"1 Half (Half Share - EVEN week)","Combined CSA","FSB","webster groves","MO","63119",154.55,"Automatic","Purple","Not on Hold","Fair Shares - Wednesday  - Wednesday","$150",0,0,0,2019-10-23,2026-09-23,NA,2026-09-25,637
2026-09-25 04:02:50,2022-06-13,"1 Half (Half Share - EVEN week)","Combined CSA","FSE","St Louis","MO","63104",615.45,"Automatic","Green Purple","Not on Hold","Fair Shares - Thursday - Thursday","$600",0,0,0,2022-06-22,2026-09-24,NA,2026-09-25,249
2026-09-25 04:02:29,2017-07-18,"1 FSA/FSD","Combined CSA","FSD","St. Louis","MO","63119",330.75,"Automatic","None","Not on Hold","Fair Shares - Thursday - Thursday","$300",0,0,0,2017-08-17,2026-09-24,NA,2026-09-25,471
2026-09-24 03:52:41,2017-07-18,"1 Half (Half Share - EVEN week)","Combined CSA","UCB","St. Louis","MO","63117",220.62,"Automatic","Purple","Not on Hold","UCity - Wednesday","$150",0,0,0,2017-08-16,2026-09-23,NA,2026-09-25,1105
2024-09-13 03:58:49,2020-03-27,"1 BYO - No Share, Order Only (Weekly Shares)","Combined CSA","Fair Shares Thursday Pickup","St. Louis","MO","63116",0,"Automatic","None","Not on Hold","Fair Shares - Thursday - Thursday","Debit on Delivery",0,0,0,2020-04-02,2024-09-12,NA,2026-09-25,369
2026-02-20 03:51:13,2020-08-18,"1  (BYO) FSG - Orders Only","Combined CSA","Fair Shares Thursday Pickup","St. Louis","MO","63109-1614",0,"Automatic","Green","Not on Hold","Fair Shares - Thursday - Thursday","Debit on Delivery",0,0,0,2020-08-27,2026-02-19,NA,2026-09-25,330
2021-12-06 09:48:50,2021-04-06,"1 (BYO) UCG - Orders Only","Combined CSA","UCity Pickup","St louis","MO","63130",0,"Automatic","None","Not on Hold","UCity - Wednesday","Debit on Delivery",0,0,0,2021-04-14,2021-12-01,NA,2026-09-25,820
2021-07-05 08:31:52,2021-03-08,"1  (BYO) FSG - Orders Only","Combined CSA","Kirkwood Pickup","Kirkwood","MO","63122",0,"Automatic","Green","Not on Hold","Kirkwood - Thursday","Debit on Delivery",0,0,0,2021-03-25,2021-07-01,NA,2026-09-25,1942
2026-09-25 04:02:57,2021-02-13,"1 Half (Half Share - EVEN week), 1 No Produce - Order Only (odd wk)","Combined CSA","FSE","Edwardsville","IL","62025",124.17,"Automatic","Purple","Not on Hold","Fair Shares - Thursday - Thursday","$150",0,0,65.09,2021-02-24,2026-09-24,NA,2026-09-25,1505
2026-09-18 03:54:31,2020-04-03,"1 Half (Half Share - ODD week)","Combined CSA","FSE","Saint Louis","MO","63139",86.28,"Automatic","Orange","Not on Hold","Fair Shares - Thursday - Thursday","$150",0,0,0,2020-04-09,2026-09-17,NA,2026-09-25,1102
2026-03-27 07:34:16,2020-05-03,"1  (BYO) FSG - Orders Only","Combined CSA","Fair Shares Wednesday Pickup","St. Louis","MO","63110",0,"Automatic","None","Not on Hold","Fair Shares - Wednesday  - Wednesday","Debit on Delivery",0,0,0,2020-05-06,2021-01-20,NA,2026-09-25,1234
2024-05-27 16:47:10,2024-03-04,"1 (BYO) KWG - Orders Only (Weekly Shares)","Combined CSA","Kirkwood Pickup","Saint Louis","MO","63128",206.26,"Automatic","Purple","Not on Hold","Kirkwood - Thursday","Debit on Delivery",0,0,0,2024-04-11,2024-05-09,NA,2026-09-25,1770
2026-03-27 07:53:39,2018-08-02,"1 BYO - No Share, Order Only (Weekly Shares)","Combined CSA","Fair Shares Wednesday Pickup","St. Louis","MO","63121",0,NA,"None","Hold","Fair Shares - Wednesday  - Wednesday","Debit on Delivery",0,0,0,2018-08-08,2019-07-24,NA,2026-09-25,1240
2022-05-02 09:02:11,2020-04-25,"1 (BYO) UCG - Orders Only","Combined CSA","UCity Pickup","Olivette","MO","63132",0,"Automatic","Green Orange","Not on Hold","UCity - Wednesday","Debit on Delivery",0,0,0,2020-04-29,2021-11-03,NA,2026-09-25,1216
2026-09-24 07:44:45,2023-03-20,"1 Half (Half Share - EVEN week), 1 No Produce - Order Only (odd wk)","Combined CSA","FSB","Brentwood","MO","63144",665.87,"Automatic","Purple","Not on Hold","Fair Shares - Wednesday  - Wednesday","$600",0,0,0,2023-04-05,2026-09-23,NA,2026-09-25,620
2025-08-10 03:39:55,2017-07-18,"1  (BYO) FSG - Orders Only","Combined CSA","Fair Shares Thursday Pickup","Jacksonville","FL","32256",0,"Automatic","Purple","Not on Hold","Fair Shares - Thursday - Thursday","Debit on Delivery",0,0,0,2017-08-16,2021-06-23,NA,2026-09-25,937
2023-04-24 08:07:19,2020-08-17,"1 (BYO) UCG - Orders Only","Combined CSA","UCity Pickup","St. Louis","MO","63105",0,"Automatic","Green","Not on Hold","UCity - Wednesday","Debit on Delivery",0,0,0,2020-08-20,2023-02-15,NA,2026-09-25,1382
2026-09-25 02:41:09,2020-04-05,"1 Half (Half Share - EVEN week), 1 No Produce - Order Only (odd wk)","Combined CSA","KWB","Glendale","MO","63122",175.95,"Automatic","Green Purple","Not on Hold","Kirkwood - Thursday","$300",0,0,1.06,2020-04-09,2026-09-24,NA,2026-09-25,1419
2026-09-25 02:41:09,2026-07-01,"1 Mini (Weekly Shares)","Combined CSA","FSMini-t","Richmond Heights","MO","63117",99.13,"Automatic","None","Not on Hold","Fair Shares - Thursday - Thursday","$150",0,0,0,2026-07-09,2026-09-24,NA,2026-09-25,501
2026-04-02 11:35:06,2017-07-18,"1 (BYO) KWG - Orders Only (Weekly Shares)","Combined CSA","Kirkwood Pickup","Webster Groves","MO","63119",0,"Automatic","None","Not on Hold","Kirkwood - Thursday","Debit on Delivery",0,0,0,2017-08-16,2026-02-26,NA,2026-09-25,1763
2026-02-05 03:54:31,2024-04-06,"1  (BYO) FSG - Orders Only","Combined CSA","Fair Shares Wednesday Pickup","St. Louis","MO","63109",0,"Automatic","None","Not on Hold","Fair Shares - Wednesday  - Wednesday","Debit on Delivery",0,0,0,2024-04-10,2026-02-04,NA,2026-09-25,1289
2024-04-02 15:44:08,2023-03-17,"1  (BYO) FSG - Orders Only","Combined CSA","Fair Shares Wednesday Pickup","St Louis","MO","63111",0,"Automatic","Green","Not on Hold","Fair Shares - Wednesday  - Wednesday","Debit on Delivery",0,0,0,2023-03-29,2024-03-06,NA,2026-09-25,1925
2022-08-11 12:26:48,2018-04-12,"1  (BYO) FSG - Orders Only","Combined CSA","Fair Shares Thursday Pickup","St. Louis","MO","63130",0,"Automatic","Orange","Not on Hold","Fair Shares - Thursday - Thursday","Debit on Delivery",0,0,0,2018-04-19,2022-04-21,NA,2026-09-25,966
2026-09-10 04:01:17,2026-08-26,"1 Guest Access","Combined CSA","FSMini-w","Saint Louis","MO","63110",0,"Automatic","None","Not on Hold","Fair Shares - Wednesday  - Wednesday","Debit on Delivery",0,0,0,2026-09-02,2026-09-09,NA,2026-09-25,1009
2020-10-02 04:06:07,2017-07-18,"1 (BYO) UCG - Orders Only","Combined CSA","UCity Pickup","St. Louis","MO","63124",0,"Automatic","Purple","Not on Hold","UCity - Wednesday","Debit on Delivery",0,0,0,2017-08-16,2020-09-30,NA,2026-09-25,1588
2026-06-25 02:41:38,2024-05-06,"1  (BYO) FSG - Orders Only","Combined CSA","Fair Shares Wednesday Pickup","Saint Louis","MO","63116",2.12,"Automatic","None","Not on Hold","Fair Shares - Wednesday  - Wednesday","Debit on Delivery",0,0,0,2024-05-09,2026-06-24,NA,2026-09-25,734
2023-10-08 08:20:55,2022-12-08,"1  (BYO) FSG - Orders Only","Combined CSA","Fair Shares Thursday Pickup","Saint Louis","MO","63126",0,"Automatic","None","Not on Hold","Fair Shares - Thursday - Thursday","Debit on Delivery",0,0,0,2022-12-15,2023-09-28,NA,2026-09-25,1188
2026-09-25 04:02:56,2018-08-16,"1 Half (Half Share - EVEN week), 1 No Produce - Order Only (odd wk)","Combined CSA","FSE","Webster Groves","MO","63119",352.15,"Automatic","Blue Purple","Not on Hold","Fair Shares - Thursday - Thursday","$300",0,0,11.65,2018-08-22,2026-09-24,NA,2026-09-25,1839
2024-08-19 14:44:57,2020-05-09,"1 (BYO) UCG - Orders Only","Combined CSA","UCity Pickup","Saint Louis","MO","63121",0,"Automatic","None","Not on Hold","UCity - Wednesday","Debit on Delivery",0,0,0,2020-05-13,2022-11-23,NA,2026-09-25,1621
2026-03-27 07:05:13,2024-03-25,"1  (BYO) FSG - Orders Only","Combined CSA","Fair Shares Wednesday Pickup","Saint Louis","MO","63105",0,"Automatic","Orange","Not on Hold","Fair Shares - Wednesday  - Wednesday","Debit on Delivery",0,0,0,2024-04-04,2026-02-04,NA,2026-09-25,1147
2026-08-24 08:15:00,2026-06-01,"1 Guest Access","Combined CSA","FSD","Olivette","MO","63132",140.42,"Automatic","None","Hold","Fair Shares - Thursday - Thursday",NA,0,0,0,2026-06-04,2026-06-11,NA,2026-09-25,912
2026-04-29 05:31:39,2025-02-03,"1  (BYO) FSG - Orders Only","Combined CSA","Fair Shares Wednesday Pickup","St. Louis","MO","63118",101.16,"Automatic","None","Not on Hold","Fair Shares - Wednesday  - Wednesday","Debit on Delivery",0,0,0,2025-02-05,2026-02-25,NA,2026-09-25,508
2026-09-24 02:41:05,2017-07-18,"1 FSA/FSD","Combined CSA","FSA","St. Louis","MO","63108",141.5,"Automatic","None","Not on Hold","Fair Shares - Wednesday  - Wednesday","$300",0,0,0,2017-08-16,2026-09-23,NA,2026-09-25,1627
2026-09-25 04:02:32,2021-04-12,"1 Half (Half Share - EVEN week), 1 No Produce - Order Only (odd wk)","Combined CSA","FSE","St. Louis","MO","63110",326.23,"Automatic","Green Purple","Not on Hold","Fair Shares - Thursday - Thursday","$300",0,0,2.13,2021-04-15,2026-09-24,NA,2026-09-25,904
2026-09-17 03:57:42,2020-12-31,"1 Half (Half Share - ODD week), 1 No Produce - Order Only (even wk)","Combined CSA","UCB","University City","MO","63130",115.25,"Automatic","Green Orange","Not on Hold","UCity - Wednesday","$150",0,0,0,2021-01-07,2026-09-16,NA,2026-09-25,262
2025-11-25 13:55:02,2021-04-08,"1  (BYO) FSG - Orders Only","Combined CSA","Fair Shares Wednesday Pickup","St. Louis","MO","63116",0,NA,"None","Not on Hold","Fair Shares - Wednesday  - Wednesday",NA,0,0,0,2021-04-08,2025-07-09,NA,2026-09-25,589
2026-03-27 07:57:25,2018-04-09,"1 BYO - No Share, Order Only (Weekly Shares)","Combined CSA","Fair Shares Wednesday Pickup","Saint Louis","MO","63110",0,"Automatic","None","Not on Hold","Fair Shares - Wednesday  - Wednesday","Debit on Delivery",0,0,0,2018-04-11,2022-01-26,NA,2026-09-25,833
2026-04-09 14:56:12,2017-07-18,"1  (BYO) FSG - Orders Only","Combined CSA","Fair Shares Wednesday Pickup","St. Louis","MO","63108",0,"Automatic","None","Hold","Fair Shares - Wednesday  - Wednesday","Debit on Delivery",0,0,0,2017-08-16,2024-07-18,NA,2026-09-25,462
2026-09-25 02:41:09,2022-09-15,"1 Mini (Weekly Shares)","Combined CSA","FSMini-t","Ballwin","MO","63021",155.13,"Automatic","Green","Not on Hold","Fair Shares - Thursday - Thursday","$150",0,0,0,2022-09-28,2026-09-24,NA,2026-09-25,171
2026-09-17 03:57:56,2024-03-22,"1 Half (Half Share - ODD week)","Combined CSA","FSB","Saint Louis","MO","63119",188.06,"Automatic","Orange","Not on Hold","Fair Shares - Wednesday  - Wednesday","$150",0,0,0,2024-04-03,2026-09-16,NA,2026-09-25,296
2026-09-18 02:37:33,2020-05-09,"1 (BYO) KWG - Orders Only (Weekly Shares)","Combined CSA","Kirkwood Pickup","Fenton","MO","63026",148.29,"Automatic","Green Blue Purple","Not on Hold","Kirkwood - Thursday","$300",0,0,0,2020-05-14,2026-09-17,NA,2026-09-25,861
2023-06-27 16:38:47,2021-10-28,"1 (BYO) UCG - Orders Only","Combined CSA","UCity Pickup","University City","MO","63130",0,"Automatic","Green","Not on Hold","UCity - Wednesday","Debit on Delivery",0,0,0,2021-11-03,2023-05-03,NA,2026-09-25,1530
