"last_modified_date","sign_up","subscription","season_member_page","pickup_site","city","state","zip","balance","payment","issues","status","route_name","payment_plan","discount","future_pending_payments","future_deliveries","first_delivery_date","last_delivery_date","coupon_id","file_date","member_id"
2026-07-17 02:36:03,2017-07-18,"1 Half (Half Share - EVEN week)","Combined CSA","FSB","St. Louis","MO","63104",88.85,"Automatic","Purple","Not on Hold","Fair Shares - Wednesday  - Wednesday","$150",0,0,0,2017-08-16,2026-07-16,NA,2026-07-24,1084
2026-01-02 08:42:53,2025-02-21,"1  (BYO) FSG - Orders Only","Combined CSA","Fair Shares Thursday Pickup","Saint Louis","MO","63109",0,"Automatic","None","Not on Hold","Fair Shares - Thursday - Thursday","Debit on Delivery",0,0,0,2025-02-27,2025-10-02,NA,2026-07-24,140
2026-07-23 02:43:56,2020-08-31,"1 Mini (Weekly Shares)","Combined CSA","FSMini-w","St. Louis","MO","63104",130.23,"Automatic","Green","Not on Hold","Fair Shares - Wednesday  - Wednesday","$150",0,0,0,2020-09-03,2026-07-22,NA,2026-07-24,1474
2026-07-10 02:36:31,2017-07-18,"1  (BYO) FSG - Orders Only","Combined CSA","Fair Shares Thursday Pickup","St. Louis","MO","63139",295.66,"Automatic","None","Not on Hold","Fair Shares - Thursday - Thursday","$600",0,0,0,2017-08-23,2026-07-09,NA,2026-07-24,1771
2026-07-17 02:36:03,2018-12-20,"1 Half (Half Share - EVEN week), 4 2% MILK-e","Combined CSA","FSE","Clayton","MO","63105",167.95,"Automatic","Purple","Not on Hold","Fair Shares - Thursday - Thursday","$600",0,0,0,2018-12-20,2026-07-16,NA,2026-07-24,1864
2026-04-27 09:37:09,2017-07-20,"1  (BYO) FSG - Orders Only","Combined CSA","Fair Shares Thursday Pickup","St. Louis","MO","63119",0,"Automatic","None","Hold","Fair Shares - Thursday - Thursday","Debit on Delivery",0,0,0,2017-08-17,2026-02-26,NA,2026-07-24,76
2024-01-21 10:52:58,2020-05-20,"1  (BYO) FSG - Orders Only","Combined CSA","Fair Shares Wednesday Pickup","St Louis","MO","63109",0,"Automatic","Purple","Not on Hold","Fair Shares - Wednesday  - Wednesday","Debit on Delivery",0,0,0,2020-05-27,2024-01-10,NA,2026-07-24,399
2024-12-05 17:43:33,2017-07-18,"1  (BYO) FSG - Orders Only","Combined CSA","Fair Shares Thursday Pickup","St. Louis","MO","63126",0,"Automatic","None","Not on Hold","Fair Shares - Thursday - Thursday","Debit on Delivery",0,0,0,2017-08-24,2024-01-18,NA,2026-07-24,1730
2026-03-30 10:43:33,2017-07-20,"1 BYO - No Share, Order Only (Weekly Shares)","Combined CSA","Fair Shares Thursday Pickup","St. Louis","MO","63119",0,NA,"None","Hold","Fair Shares - Thursday - Thursday","Debit on Delivery",0,0,0,2017-08-17,2018-03-01,NA,2026-07-24,705
2026-07-24 03:55:02,2024-06-18,"1 Half (Half Share - ODD week)","Combined CSA","FSE","St Louis","MO","63104",324.65,"Automatic","Green Orange","Not on Hold","Fair Shares - Thursday - Thursday","$300",0,0,0,2024-06-27,2026-07-23,NA,2026-07-24,834
2020-10-23 02:49:34,2020-08-01,"1  (BYO) FSG - Orders Only","Combined CSA","Fair Shares Thursday Pickup","St. Louis","MO","63139",1.59,"Automatic","None","Not on Hold","Fair Shares - Thursday - Thursday","Debit on Delivery",0,0,0,2020-08-06,2020-10-22,NA,2026-07-24,668
2026-07-24 02:36:40,2019-08-16,"1 UCA/KWA","Combined CSA","KWA","Kirkwood","MO","63122",139.85,"Automatic","None","Not on Hold","Kirkwood - Thursday","$300",0,0,0,2019-08-22,2026-07-23,NA,2026-07-24,1746
2026-04-24 08:09:08,2024-01-02,"1  (BYO) FSG - Orders Only","Combined CSA","Fair Shares Thursday Pickup","St. Louis","MO","63112",0,"Automatic","None","Not on Hold","Fair Shares - Thursday - Thursday","Debit on Delivery",0,0,0,2024-01-10,2026-02-26,NA,2026-07-24,855
2026-07-23 02:43:56,2019-08-13,"1 Mini (Weekly Shares)","Combined CSA","UCM","St. Louis","MO","63105",76.93,"Automatic","None","Not on Hold","UCity - Wednesday","$150",0,0,0,2019-08-14,2026-07-22,NA,2026-07-24,828
2026-07-24 03:55:04,2020-06-26,"1 Half (Half Share - ODD week)","Combined CSA","FSE","Chesterfield","MO","63005",200.54,"Automatic","Green Orange","Not on Hold","Fair Shares - Thursday - Thursday","$150",0,0,0,2020-07-02,2026-07-23,NA,2026-07-24,1047
2023-11-28 13:32:09,2022-01-13,"1  (BYO) FSG - Orders Only","Combined CSA","Fair Shares Thursday Pickup","Kirkwood","MO","63122",165.42,"Automatic","Green","Not on Hold","Fair Shares - Thursday - Thursday","Debit on Delivery",0,0,0,2022-01-19,2023-11-23,NA,2026-07-24,408
2025-07-22 09:10:36,2020-05-09,"1 (BYO) UCG - Orders Only","Combined CSA","UCity Pickup","St. Louis","MO","63124",0,"Automatic","Green","Not on Hold","UCity - Wednesday","Debit on Delivery",0,0,0,2020-05-14,2024-11-27,NA,2026-07-24,1434
2024-09-27 02:42:15,2021-06-13,"1 (BYO) KWG - Orders Only (Weekly Shares)","Combined CSA","Kirkwood Pickup","St. Louis","MO","63122",38.09,"Automatic","Orange","Not on Hold","Kirkwood - Thursday","Debit on Delivery",0,0,0,2021-06-17,2024-09-26,NA,2026-07-24,1753
2026-01-23 03:52:43,2025-08-04,"1 (BYO) KWG - Orders Only (Weekly Shares)","Combined CSA","Kirkwood Pickup","Kirkwood","MO","63122",0,"Automatic","None","Not on Hold","Kirkwood - Thursday","Debit on Delivery",0,0,0,2025-08-07,2026-01-22,NA,2026-07-24,558
2021-05-13 15:55:00,2021-04-01,"1  (BYO) FSG - Orders Only","Combined CSA","Fair Shares Thursday Pickup","St. Louis","MO","63118",0,NA,"None","Not on Hold","Fair Shares - Thursday - Thursday",NA,0,0,0,2021-04-08,2021-05-13,NA,2026-07-24,1133
2026-02-27 02:16:07,2017-07-18,"1 Half (Half Share - EVEN week), 1 No Produce - Order Only (odd wk)","Combined CSA","UCB","St. Louis","MO","63130",0,"Automatic","Blue Purple","Hold","UCity - Wednesday","Debit on Delivery",0,0,0,2017-08-16,2026-02-25,NA,2026-07-24,659
2024-04-02 20:03:51,2020-04-21,"1  (BYO) FSG - Orders Only","Combined CSA","Fair Shares Thursday Pickup","St. Louis","MO","63108",111,"Automatic","Purple","Not on Hold","Fair Shares - Thursday - Thursday","Debit on Delivery",0,0,0,2020-04-23,2024-03-06,NA,2026-07-24,1435
2021-09-04 07:54:27,2020-06-01,"1  (BYO) FSG - Orders Only","Combined CSA","Fair Shares Thursday Pickup","Saint Louis","MO","63110",0,"Automatic","Green","Not on Hold","Fair Shares - Thursday - Thursday","Debit on Delivery",0,0,0,2020-06-04,2021-09-02,NA,2026-07-24,748
2025-12-31 03:57:41,2017-07-20,"1  (BYO) FSG - Orders Only","Combined CSA","Fair Shares Thursday Pickup","St. Louis","MO","63108",0,"Automatic","None","Not on Hold","Fair Shares - Thursday - Thursday","Debit on Delivery",0,0,0,2017-08-17,2023-01-12,NA,2026-07-24,378
2026-04-20 14:09:15,2021-05-25,"1 (BYO) KWG - Orders Only (Weekly Shares)","Combined CSA","Kirkwood Pickup","Bloomsdale","MO","63627",0,"Automatic","None","Not on Hold","Kirkwood - Thursday","Debit on Delivery",0,0,0,2021-05-27,2026-02-26,NA,2026-07-24,312
2026-04-21 07:53:49,2017-07-18,"1  (BYO) FSG - Orders Only","Combined CSA","Fair Shares Thursday Pickup","St. Louis","MO","63103",0.01,"Automatic","None","Not on Hold","Fair Shares - Thursday - Thursday","Debit on Delivery",0,0,0,2017-08-16,2026-02-26,NA,2026-07-24,1819
2021-03-18 08:17:39,2020-03-31,"1  (BYO) FSG - Orders Only","Combined CSA","Fair Shares Thursday Pickup","St. Louis","MO","63116",0,"Automatic","None","Not on Hold","Fair Shares - Thursday - Thursday","Debit on Delivery",0,0,0,2020-04-02,2021-02-25,NA,2026-07-24,90
2026-07-23 02:43:56,2026-07-15,"1 Guest Access, 1 UCA/KWA (ONCE 2026-07-29)","Combined CSA","UCA","Clayton","MO","63105-3103",214.89,"Automatic","None","Not on Hold","UCity - Wednesday","$300",0,0,0,2026-07-22,2026-07-22,NA,2026-07-24,984
2026-04-26 22:14:56,2022-07-08,"1 (BYO) KWG - Orders Only (Weekly Shares)","Combined CSA","Kirkwood Pickup","Saint Louis","MO","63123",0,"Automatic","Green","Hold","Kirkwood - Thursday","Debit on Delivery",0,0,0,2022-07-14,2026-01-22,NA,2026-07-24,1408
2026-01-11 04:18:11,2025-01-10,"1 (BYO) KWG - Orders Only (Weekly Shares)","Combined CSA","Kirkwood Pickup","Affton","MO","63123",6.17,"Automatic","Orange","Not on Hold","Kirkwood - Thursday","Debit on Delivery",0,0,0,2025-01-16,2026-01-08,NA,2026-07-24,102
2020-07-29 11:41:20,2020-07-29,"1 BYO - No Share, Order Only (Weekly Shares)","Combined CSA","Fair Shares Wednesday Pickup","St. Louis","MO","63110",0,NA,"None","Not on Hold","Fair Shares - Wednesday  - Wednesday",NA,0,0,0,NA,NA,NA,2026-07-24,1880
2026-03-27 08:04:05,2017-07-18,"1 BYO - No Share, Order Only (Weekly Shares)","Combined CSA","Fair Shares Wednesday Pickup","St. Louis","MO","63102",0,NA,"Purple","Hold","Fair Shares - Wednesday  - Wednesday",NA,0,0,0,2017-08-16,2019-02-13,NA,2026-07-24,221
2025-11-28 03:48:04,2022-04-01,"1  (BYO) FSG - Orders Only","Combined CSA","Fair Shares Thursday Pickup","St. Louis","MO","63110",0,"Automatic","Green","Not on Hold","Fair Shares - Thursday - Thursday","Debit on Delivery",0,0,0,2022-04-07,2025-11-27,NA,2026-07-24,1005
2026-07-16 04:01:18,2024-06-19,"1 Half (Half Share - EVEN week)","Combined CSA","UCB","University City","MO","63130",200.51,"Automatic","Purple","Not on Hold","UCity - Wednesday","$150",0,0,0,2024-06-26,2026-07-15,NA,2026-07-24,892
2026-04-13 12:39:51,2017-07-18,"1 (BYO) UCG - Orders Only","Combined CSA","UCity Pickup","St. Louis","MO","63105",77.55,"Automatic","Orange","Not on Hold","UCity - Wednesday","Debit on Delivery",0,0,0,2017-08-23,2026-02-18,NA,2026-07-24,1034
2026-03-27 08:04:30,2017-07-18,"1 BYO - No Share, Order Only (Weekly Shares)","Combined CSA","Fair Shares Wednesday Pickup","St. Louis","63108","MO",0,"Automatic","None","Hold","Fair Shares - Wednesday  - Wednesday","Debit on Delivery",0,0,0,2017-08-17,2018-09-12,NA,2026-07-24,930
2026-07-16 04:01:20,2024-08-16,"1 Mini (Weekly Shares)","Combined CSA","FSMini-w","Saint Louis","MO","63118",221.11,"Automatic","None","Not on Hold","Fair Shares - Wednesday  - Wednesday","$150",0,0,0,2024-08-21,2026-07-15,NA,2026-07-24,190
2024-03-07 03:46:16,2022-04-21,"1  (BYO) FSG - Orders Only","Combined CSA","Fair Shares Wednesday Pickup","Saint Louis","MO","63118",0,"Automatic","Purple","Not on Hold","Fair Shares - Wednesday  - Wednesday","Debit on Delivery",0,0,0,2022-04-27,2024-03-06,NA,2026-07-24,220
2026-07-23 02:43:56,2017-07-18,"1 2% MILK, 1 Mini (Weekly Shares)","Combined CSA","FSMini-w","St. Louis","MO","63108",451.71,"Automatic","None","Not on Hold","Fair Shares - Wednesday  - Wednesday","$600",0,0,0,2017-08-16,2026-07-22,NA,2026-07-24,1830
2025-10-29 10:11:30,2025-02-25,"1  (BYO) FSG - Orders Only","Combined CSA","Fair Shares Thursday Pickup","St Louis","MO","63108",0,"Automatic","None","Not on Hold","Fair Shares - Thursday - Thursday","Debit on Delivery",0,0,0,2025-04-03,2025-10-16,NA,2026-07-24,562
2026-03-27 07:07:33,2023-11-30,"1  (BYO) FSG - Orders Only","Combined CSA","Fair Shares Wednesday Pickup","St. Louis","MO","63109",0,"Automatic","Purple","Hold","Fair Shares - Wednesday  - Wednesday","Debit on Delivery",0,0,0,2023-12-06,2025-08-13,NA,2026-07-24,1141
2025-01-30 19:10:10,2021-09-14,"1  (BYO) FSG - Orders Only","Combined CSA","Fair Shares Thursday Pickup","St. Louis","MO","63104",0,"Automatic","None","Not on Hold","Fair Shares - Thursday - Thursday","Debit on Delivery",0,0,0,2021-09-16,2025-01-30,NA,2026-07-24,1421
2026-07-23 02:43:56,2017-07-18,"1 Mini (Weekly Shares)","Combined CSA","UCM","St. Louis","MO","63132",87.05,"Automatic","None","Not on Hold","UCity - Wednesday","$150",0,0,0,2017-08-16,2026-07-22,NA,2026-07-24,1448
2026-04-20 07:02:10,2017-10-12,"1  (BYO) FSG - Orders Only","Combined CSA","Fair Shares Thursday Pickup","Saint Louis","MO","63116",0,"Automatic","None","Hold","Fair Shares - Thursday - Thursday","Debit on Delivery",0,0,0,2017-10-25,2023-05-18,NA,2026-07-24,1164
2025-06-12 02:38:30,2024-08-29,"1 (BYO) UCG - Orders Only","Combined CSA","UCity Pickup","Saint Louis","MO","63112",0.2,"Automatic","None","Not on Hold","UCity - Wednesday","Debit on Delivery",0,0,0,2024-09-04,2025-06-11,NA,2026-07-24,752
2026-03-27 07:59:20,2017-08-18,"1 BYO - No Share, Order Only (Weekly Shares)","Combined CSA","Fair Shares Wednesday Pickup","St. Louis","MO","63104",0,NA,"Purple","Not on Hold","Fair Shares - Wednesday  - Wednesday","Debit on Delivery",0,0,0,2017-08-31,2020-07-08,NA,2026-07-24,261
2026-07-24 03:55:16,2024-02-19,"1 Mini (Weekly Shares)","Combined CSA","FSMini-t","Manchester","MO","63088",180.59,"Automatic","None","Not on Hold","Fair Shares - Thursday - Thursday","$150",0,0,0,2024-02-22,2026-07-23,NA,2026-07-24,1750
2026-04-20 06:12:48,2023-10-22,"1 (BYO) UCG - Orders Only","Combined CSA","UCity Pickup","Saint Louis","MO","63141",0,"Automatic","None","Hold","UCity - Wednesday","Debit on Delivery",0,0,0,2023-10-25,2024-05-08,NA,2026-07-24,1861
2026-04-16 10:06:09,2023-11-18,"1  (BYO) FSG - Orders Only","Combined CSA","Fair Shares Wednesday Pickup","St. Louis","MO","63110",0,"Automatic","None","Not on Hold","Fair Shares - Wednesday  - Wednesday","Debit on Delivery",0,0,0,2023-11-29,2026-02-25,NA,2026-07-24,553
2026-07-23 02:43:56,2021-01-10,"1 Half (Half Share - ODD week), 1 No Produce - Order Only (even wk)","Combined CSA","UCB","Ladue","MO","63124",218.71,"Automatic","Orange","Not on Hold","UCity - Wednesday","$300",0,0,0,2021-01-13,2026-07-22,NA,2026-07-24,162
2020-10-11 20:47:30,2020-05-21,"1  (BYO) FSG - Orders Only","Combined CSA","Fair Shares Thursday Pickup","SAINT LOUIS","MO","63139",0,"Automatic","None","Not on Hold","Fair Shares - Thursday - Thursday","Debit on Delivery",0,0,0,2020-05-28,2020-10-08,NA,2026-07-24,1824
2026-07-24 03:55:09,2024-11-18,"1 UCA/KWA","Combined CSA","KWA","Saint louis","MO","63124",297.58,"Automatic","None","Not on Hold","Kirkwood - Thursday","$300",0,0,0,2024-12-04,2026-07-23,NA,2026-07-24,326
2026-03-27 08:06:49,2017-07-18,"1 BYO - No Share, Order Only (Weekly Shares)","Combined CSA","Fair Shares Wednesday Pickup","St. Louis","63114","MO",0,"Automatic","None","Not on Hold","Fair Shares - Wednesday  - Wednesday","Debit on Delivery",0,0,0,2017-08-16,2018-05-09,NA,2026-07-24,106
2026-07-16 04:01:25,2025-05-10,"1 Half (Half Share - EVEN week)","Combined CSA","FSB","St. Louis","MO","63119",133.18,"Automatic","Purple","Not on Hold","Fair Shares - Wednesday  - Wednesday","$150",0,0,0,2025-05-15,2026-07-15,NA,2026-07-24,960
2021-08-17 12:49:42,2020-05-02,"1  (BYO) FSG - Orders Only","Combined CSA","Fair Shares Thursday Pickup","St. Louis","MO","63117",0,"Automatic","None","Not on Hold","Fair Shares - Thursday - Thursday","Debit on Delivery",0,0,0,2020-05-07,2021-08-12,NA,2026-07-24,152
2024-09-20 02:42:40,2020-01-16,"1  (BYO) FSG - Orders Only","Combined CSA","Fair Shares Thursday Pickup","St. Louis","MO","63110",0.3,"Automatic","None","Not on Hold","Fair Shares - Thursday - Thursday","Debit on Delivery",0,0,0,2020-01-22,2024-09-19,NA,2026-07-24,1641
2026-07-16 04:00:19,2017-07-20,"1 Half (Half Share - EVEN week)","Combined CSA","FSB","St. Louis","63139","63139",176.31,"Automatic","Purple","Not on Hold","Fair Shares - Wednesday  - Wednesday","$150",0,0,0,2017-08-17,2026-07-15,NA,2026-07-24,986
2025-04-07 10:25:29,2023-01-12,"1  (BYO) FSG - Orders Only","Combined CSA","Fair Shares Thursday Pickup","High Ridge","MO","63409",0,"Automatic","Green Purple","Not on Hold","Fair Shares - Thursday - Thursday","Debit on Delivery",0,0,0,2023-01-19,2025-01-30,NA,2026-07-24,836
2022-01-20 03:51:57,2017-07-18,"1  (BYO) FSG - Orders Only","Combined CSA","Fair Shares Wednesday Pickup","St. Louis","MO","63110",0,"Automatic","Purple","Not on Hold","Fair Shares - Wednesday  - Wednesday","Debit on Delivery",0,0,0,2017-08-16,2022-01-19,NA,2026-07-24,1454
2026-07-03 03:52:48,2017-07-18,"1  (BYO) FSG - Orders Only","Combined CSA","Fair Shares Thursday Pickup","St. Louis","63130","63130",0.01,"Automatic","None","Not on Hold","Fair Shares - Thursday - Thursday","Debit on Delivery",0,0,0,2017-08-16,2026-07-02,NA,2026-07-24,1496
2026-07-16 02:44:04,2019-07-28,"1 Half (Half Share - EVEN week)","Combined CSA","UCB","Richmond Heights","MO","63117",75.74,"Automatic","Purple","Not on Hold","UCity - Wednesday","$150",0,0,0,2019-07-31,2026-07-15,NA,2026-07-24,178
2026-07-24 03:55:02,2025-07-31,"1 Half (Half Share - ODD week)","Combined CSA","FSE","St. Louis","MO","63116",154.94,"Automatic","Orange","Not on Hold","Fair Shares - Thursday - Thursday","$150",0,0,0,2025-08-07,2026-07-23,NA,2026-07-24,722
2021-01-04 12:41:50,2020-04-26,"1  (BYO) FSG - Orders Only","Combined CSA","Fair Shares Thursday Pickup","Webster Groves","MO","63119",0,"Automatic","None","Not on Hold","Fair Shares - Thursday - Thursday","Debit on Delivery",0,0,0,2020-04-30,2020-12-24,NA,2026-07-24,1794
2026-07-17 03:55:30,2026-07-04,"1 Guest Access","Combined CSA","FSD","St Louis","MO","63110",0,"Automatic","None","Not on Hold","Fair Shares - Thursday - Thursday","Debit on Delivery",0,0,0,2026-07-09,2026-07-16,NA,2026-07-24,958
2026-07-24 02:36:40,2026-04-21,"3 RL Chocolate Milk, 1 Mini (Weekly Shares)","Combined CSA","KWM","Fenton","MO","63026",183.44,"Automatic","None","Not on Hold","Kirkwood - Thursday","Debit on Delivery",0,0,0,2026-04-30,2026-07-23,NA,2026-07-24,246
2026-07-23 04:03:00,2024-04-05,"1 Half (Half Share - ODD week)","Combined CSA","FSB","Saint Louis","MO","63116",285.13,"Automatic","Orange","Not on Hold","Fair Shares - Wednesday  - Wednesday","$300",0,0,0,2024-04-10,2026-07-22,NA,2026-07-24,1174
2025-08-27 10:59:31,2023-04-10,"1 (BYO) UCG - Orders Only","Combined CSA","UCity Pickup","St. Louis","MO","63124",0,"Automatic","Green Purple","Hold","UCity - Wednesday","Debit on Delivery",0,0,0,2023-04-19,2024-10-09,NA,2026-07-24,1631
2025-05-15 02:27:17,2021-06-11,"1 (BYO) UCG - Orders Only","Combined CSA","UCity Pickup","St Louis","MO","63146",82.59,"Automatic","Green","Not on Hold","UCity - Wednesday","Debit on Delivery",0,0,0,2021-06-16,2025-05-14,NA,2026-07-24,1118
2026-05-14 14:02:55,2021-04-05,"1  (BYO) FSG - Orders Only","Combined CSA","Fair Shares Thursday Pickup","Saint Louis","MO","63118",0,NA,"None","Not on Hold","Fair Shares - Thursday - Thursday",NA,0,0,0,2021-04-21,2026-05-14,NA,2026-07-24,1249
2025-02-25 19:19:48,2025-02-25,"1  (BYO) FSG - Orders Only","Combined CSA","Fair Shares Thursday Pickup","St. Louis","MO","63110",0,NA,"None","Not on Hold","Fair Shares - Thursday - Thursday",NA,0,0,0,NA,NA,NA,2026-07-24,183
2026-04-20 05:40:56,2020-04-20,"1  (BYO) FSG - Orders Only","Combined CSA","Fair Shares Wednesday Pickup","St. Louis","MO","63139",183.97,"Automatic","None","Hold","Fair Shares - Wednesday  - Wednesday","Debit on Delivery",0,0,0,2020-04-22,2025-04-09,NA,2026-07-24,1930
2026-04-20 14:10:25,2020-03-20,"1  (BYO) FSG - Orders Only","Combined CSA","Fair Shares Wednesday Pickup","Saint Louis","MO","63110",0,"Automatic","Purple","Not on Hold","Fair Shares - Wednesday  - Wednesday","Debit on Delivery",0,0,0,2020-03-25,2026-02-11,NA,2026-07-24,1348
2026-07-20 09:58:16,2026-03-04,"1 Mini (Weekly Shares)","Combined CSA","FSMini-w","Saint louis","MO","63109",151.08,"Automatic","None","Not on Hold","Fair Shares - Wednesday  - Wednesday","$150",0,0,0,2026-04-29,2026-07-15,NA,2026-07-24,235
2026-03-27 08:07:26,2017-07-18,"1 BYO - No Share, Order Only (Weekly Shares)","Combined CSA","Fair Shares Wednesday Pickup","Creve Coeur","MO","63141",0,"Automatic","None","Not on Hold","Fair Shares - Wednesday  - Wednesday","Debit on Delivery",0,0,0,2017-08-16,2020-07-08,NA,2026-07-24,1795
2026-07-23 13:17:36,2025-11-22,"1 FSA/FSD","Combined CSA","FSA","Saint Louis","MO","63139",310.51,"Automatic","None","Not on Hold","Fair Shares - Wednesday  - Wednesday","$300",0,0,0,2025-11-26,2026-07-22,NA,2026-07-24,952
2026-03-27 07:51:13,2018-10-01,"1 BYO - No Share, Order Only (Weekly Shares)","Combined CSA","Fair Shares Wednesday Pickup","St Louis","MO","63109",0,"Automatic","None","Not on Hold","Fair Shares - Wednesday  - Wednesday","Debit on Delivery",0,0,0,2018-10-03,2019-11-06,NA,2026-07-24,1049
2026-05-14 02:27:41,2017-07-18,"1  (BYO) FSG - Orders Only","Combined CSA","Fair Shares Thursday Pickup","St. Louis","MO","63116",0,"Automatic","Payment Blue Orange","Not on Hold","Fair Shares - Thursday - Thursday","Debit on Delivery",0,0,0,2017-08-24,2026-02-19,NA,2026-07-24,610
2026-07-24 02:36:40,2017-07-18,"1 FSA/FSD","Combined CSA","FSD","St. Louis","MO","63109",133.85,"Automatic","None","Not on Hold","Fair Shares - Thursday - Thursday","$300",0,0,0,2017-08-16,2026-07-23,NA,2026-07-24,287
2026-07-23 04:03:30,2026-07-12,"1 Guest Access","Combined CSA","FSMini-w","Saint Louis","MO","63110",0,"Automatic","None","Not on Hold","Fair Shares - Wednesday  - Wednesday","Debit on Delivery",0,0,0,2026-07-15,2026-07-22,NA,2026-07-24,186
2026-07-17 02:36:03,2017-07-20,"1 Half (Half Share - EVEN week)","Combined CSA","FSE","St. Louis","MO","63118",187.85,"Automatic","Purple","Not on Hold","Fair Shares - Thursday - Thursday","$150",0,0,0,2017-08-17,2026-07-16,NA,2026-07-24,1243
2025-07-31 04:01:32,2020-04-17,"1 (BYO) UCG - Orders Only","Combined CSA","UCity Pickup","St. Louis","MO","63105",0,"Automatic","None","Not on Hold","UCity - Wednesday","Debit on Delivery",0,0,0,2020-04-22,2025-07-30,NA,2026-07-24,1151
2022-05-23 08:21:26,2020-05-18,"1  (BYO) FSG - Orders Only","Combined CSA","Fair Shares Thursday Pickup","St. Louis","MO","63109",0,"Automatic","Green Purple","Not on Hold","Fair Shares - Thursday - Thursday","Debit on Delivery",0,0,0,2020-05-21,2022-04-28,NA,2026-07-24,909
2024-08-08 02:40:22,2024-01-26,"1 (BYO) UCG - Orders Only","Combined CSA","UCity Pickup","Saint Louis","MO","63130",127.39,"Automatic","None","Not on Hold","UCity - Wednesday","Debit on Delivery",0,0,0,2024-01-31,2024-08-07,NA,2026-07-24,1603
2024-06-25 08:02:32,2020-11-22,"1  (BYO) FSG - Orders Only","Combined CSA","Fair Shares Thursday Pickup","Maryland Heights","MO","63043",0,"Automatic","Orange","Not on Hold","Fair Shares - Thursday - Thursday","Debit on Delivery",0,0,0,2020-12-03,2024-05-30,NA,2026-07-24,1520
2023-06-13 16:51:04,2022-08-03,"1  (BYO) FSG - Orders Only","Combined CSA","Fair Shares Thursday Pickup","Saint Louis","MO","63104",0,"Automatic","None","Not on Hold","Fair Shares - Thursday - Thursday","Debit on Delivery",0,0,0,2022-08-10,2023-06-08,NA,2026-07-24,511
2026-07-23 04:02:53,2017-07-18,"1 FSA/FSD","Combined CSA","FSD","St. Louis","MO","63110",363.64,"Automatic","None","Not on Hold","Fair Shares - Thursday - Thursday","$300",0,0,0,2017-08-17,2026-07-22,NA,2026-07-24,959
2026-07-09 03:55:05,2017-07-20,"1 Half (Half Share - ODD week)","Combined CSA","FSB","St. Louis","MO","63109",223.76,"Automatic","Blue Orange","Temp Hold","Fair Shares - Wednesday  - Wednesday","$150",0,0,0,2017-08-17,2026-07-08,NA,2026-07-24,1111
2026-03-27 07:29:55,2020-06-23,"1  (BYO) FSG - Orders Only","Combined CSA","Fair Shares Wednesday Pickup","St. Louis","MO","63101",0,"Automatic","None","Not on Hold","Fair Shares - Wednesday  - Wednesday","Debit on Delivery",0,0,0,2020-06-24,2020-11-04,NA,2026-07-24,720
2026-04-06 13:21:20,2017-07-18,"1 (BYO) UCG - Orders Only","Combined CSA","UCity Pickup","St. Louis","63130","MO",0,"Automatic","None","Not on Hold","UCity - Wednesday","Debit on Delivery",0,0,0,2017-08-16,2026-02-25,NA,2026-07-24,1818
2026-06-29 08:32:15,2020-03-21,"1 Mini (Weekly Shares)","Combined CSA","UCM","St. Louis","MO","63146",121.44,"Automatic","None","Temp Hold","UCity - Wednesday","Debit on Delivery",0,0,0,2020-03-25,2025-05-07,NA,2026-07-24,349
2025-12-11 11:04:32,2021-04-19,"1 (BYO) KWG - Orders Only (Weekly Shares)","Combined CSA","Kirkwood Pickup","Kirkwood","MO","63122",0,"Automatic","Green","Not on Hold","Kirkwood - Thursday","Debit on Delivery",0,0,0,2021-04-22,2025-11-27,NA,2026-07-24,270
2026-07-23 02:43:56,2017-07-18,"1 Mini (Weekly Shares), 1 Whole MILK-o","Combined CSA","FSMini-w","St. Louis","MO","63116",266.93,"Automatic","None","Not on Hold","Fair Shares - Wednesday  - Wednesday","$300",0,0,0,2017-08-16,2026-07-22,NA,2026-07-24,1427
2026-04-26 22:19:59,2017-07-18,"1  (BYO) FSG - Orders Only","Combined CSA","Fair Shares Thursday Pickup","St. Louis","MO","63130",34.77,"Automatic","Purple","Hold","Fair Shares - Thursday - Thursday","Debit on Delivery",0,0,0,2017-08-16,2026-02-26,NA,2026-07-24,1020
2026-07-23 02:43:56,2024-02-27,"1 Half (Half Share - ODD week)","Combined CSA","FSB","St louis","MO","63111",109.25,"Automatic","Orange","Not on Hold","Fair Shares - Wednesday  - Wednesday","$150",0,0,0,2024-04-03,2026-07-22,NA,2026-07-24,156
2026-07-16 04:01:03,2017-07-20,"1 Half (Half Share - EVEN week)","Combined CSA","FSB","St. Louis","MO","63110",180.61,"Automatic","Purple","Not on Hold","Fair Shares - Wednesday  - Wednesday","$150",0,0,0,2017-08-17,2026-07-15,NA,2026-07-24,346
2026-07-23 02:43:56,2026-02-05,"1 Mini (Weekly Shares)","Combined CSA","FSMini-w","Saint Louis","MO","63108",167.24,"Automatic","None","Not on Hold","Fair Shares - Wednesday  - Wednesday","$150",0,0,0,2026-02-11,2026-07-22,NA,2026-07-24,903
2024-10-21 09:11:10,2017-11-13,"1  (BYO) FSG - Orders Only","Combined CSA","Fair Shares Wednesday Pickup","Saint Louis","MO","63110",0,"Automatic","None","Not on Hold","Fair Shares - Wednesday  - Wednesday","Debit on Delivery",0,0,0,2017-11-15,2024-10-16,NA,2026-07-24,759
2026-02-26 02:22:28,2017-07-18,"1 Half (Half Share - EVEN week)","Combined CSA","UCB","St. Louis","MO","63130",0.87,"Automatic","Purple","Hold","UCity - Wednesday","Debit on Delivery",0,0,0,2017-08-16,2026-02-25,NA,2026-07-24,1304
2026-07-23 02:43:56,2025-04-13,"1 FSA/FSD","Combined CSA","FSA","St. Louis","MO","63104",150.23,"Automatic","None","Not on Hold","Fair Shares - Wednesday  - Wednesday","$300",0,0,0,2025-04-23,2026-07-22,NA,2026-07-24,240
2026-07-24 02:36:40,2020-04-01,"1 2% MILK, 1 UCA/KWA","Combined CSA","KWA","Saint louis","MO","63110",158.54,"Automatic","None","Not on Hold","Kirkwood - Thursday","$300",0,0,0,2020-04-08,2026-07-23,NA,2026-07-24,1488
2024-03-10 09:37:52,2017-07-20,"1  (BYO) FSG - Orders Only","Combined CSA","Fair Shares Thursday Pickup","St. Louis","MO","63105",1116.02,"Automatic","None","Not on Hold","Fair Shares - Thursday - Thursday","Debit on Delivery",0,0,0,2017-08-17,2024-03-07,NA,2026-07-24,987
2022-01-04 15:24:03,2020-06-09,"1 BYO - No Share, Order Only (Weekly Shares)","Combined CSA","Fair Shares Wednesday Pickup","St. Louis","MO","63118",0,NA,"None","Not on Hold","Fair Shares - Wednesday  - Wednesday",NA,0,0,0,2020-06-24,2022-01-05,NA,2026-07-24,819
2022-03-12 11:11:37,2020-03-21,"1  (BYO) FSG - Orders Only","Combined CSA","Fair Shares Thursday Pickup","St. Louis","MO","63143",0,"Automatic","Green Orange","Not on Hold","Fair Shares - Thursday - Thursday","Debit on Delivery",0,0,0,2020-03-26,2022-02-10,NA,2026-07-24,714
2026-07-23 02:43:56,2026-06-03,"1 Mini (Weekly Shares)","Combined CSA","UCM","Richmond Heights","MO","63117",75.73,"Automatic","None","Not on Hold","UCity - Wednesday","$150",0,0,0,2026-06-10,2026-07-22,NA,2026-07-24,107
2026-07-24 02:36:40,2020-08-14,"1 Mini (Weekly Shares)","Combined CSA","FSMini-t","Olivette","MO","63132",94.51,"Automatic","None","Not on Hold","Fair Shares - Thursday - Thursday","$300",0,0,0,2020-08-19,2026-07-23,NA,2026-07-24,401
2026-04-21 07:38:53,2022-03-24,"1  (BYO) FSG - Orders Only","Combined CSA","Fair Shares Wednesday Pickup","Chesterfield","MO","63017",0,"Automatic","Orange","Not on Hold","Fair Shares - Wednesday  - Wednesday","Debit on Delivery",0,0,0,2022-03-30,2026-02-18,NA,2026-07-24,337
2026-07-23 02:43:56,2025-02-05,"1 FSA/FSD","Combined CSA","FSD","Saint Louis","MO","63116",95.45,"Automatic","None","Not on Hold","Fair Shares - Thursday - Thursday","$300",0,0,0,2025-02-13,2026-07-22,NA,2026-07-24,643
2026-07-23 02:43:56,2017-07-18,"1 UCA/KWA","Combined CSA","UCA","St. Louis","MO","63105",239.53,"Automatic","None","Not on Hold","UCity - Wednesday","$300",0,0,0,2017-08-16,2026-07-22,NA,2026-07-24,42
2026-07-23 02:43:56,2019-08-20,"1 Half (Half Share - ODD week), 1 No Produce - Order Only (even wk)","Combined CSA","FSB","St. Louis","MO","63110",87.28,"Automatic","Orange","Not on Hold","Fair Shares - Wednesday  - Wednesday","$150",0,0,0,2019-08-28,2026-07-22,NA,2026-07-24,1286
2026-07-24 03:55:10,2026-06-05,"1 FSA/FSD","Combined CSA","FSD","Webster Groves","MO","63119",0,"Automatic","None","Not on Hold","Fair Shares - Thursday - Thursday","Debit on Delivery",0,0,0,2026-06-11,2026-07-23,NA,2026-07-24,894
2026-07-24 02:36:40,2020-04-17,"1  (BYO) FSG - Orders Only, 1 Mini (Weekly Shares)","Combined CSA","FSMini-t","Clayton","MO","63105",132.9,"Automatic","Green","Not on Hold","Fair Shares - Thursday - Thursday","$150",0,0,0,2020-04-23,2026-07-23,NA,2026-07-24,670
2025-10-02 14:41:08,2025-09-02,"1  (BYO) FSG - Orders Only","Combined CSA","Fair Shares Thursday Pickup","St Louiis","MO","63111",0,NA,"None","Not on Hold","Fair Shares - Thursday - Thursday",NA,0,0,0,2025-09-11,2025-10-02,NA,2026-07-24,131
2021-03-15 09:42:40,2020-04-18,"1 (BYO) UCG - Orders Only","Combined CSA","UCity Pickup","St Louis","MO","63117",0,"Automatic","Orange","Not on Hold","UCity - Wednesday","Debit on Delivery",0,0,0,2020-04-22,2021-02-24,NA,2026-07-24,66
2025-01-17 04:01:37,2022-01-18,"1  (BYO) FSG - Orders Only","Combined CSA","Fair Shares Thursday Pickup","Saint Louis","MO","63123",0,"Automatic","Green","Not on Hold","Fair Shares - Thursday - Thursday","Debit on Delivery",0,0,0,2022-01-27,2025-01-16,NA,2026-07-24,858
2026-07-23 02:43:56,2020-04-10,"1 Half (Half Share - ODD week)","Combined CSA","UCB","Saint Louis","MO","63105",114.8,"Automatic","Green Orange","Not on Hold","UCity - Wednesday","$150",0,0,0,2020-04-16,2026-07-22,NA,2026-07-24,1512
2026-04-29 06:04:10,2017-07-18,"1  (BYO) FSG - Orders Only","Combined CSA","Fair Shares Wednesday Pickup","St. Louis","MO","63109",0.01,"Automatic","Purple","Not on Hold","Fair Shares - Wednesday  - Wednesday","Debit on Delivery",0,0,0,2017-08-16,2026-02-25,NA,2026-07-24,1155
2026-07-24 02:36:40,2020-04-12,"1 UCA/KWA","Combined CSA","KWA","Glendale","MO","63122",194.51,"Automatic","None","Not on Hold","Kirkwood - Thursday","$600",0,0,0,2020-04-16,2026-07-23,NA,2026-07-24,1891
2022-05-02 08:32:51,2020-07-18,"1 (BYO) UCG - Orders Only","Combined CSA","UCity Pickup","University City","MO","63130",0,"Automatic","Purple","Not on Hold","UCity - Wednesday","Debit on Delivery",0,0,0,2020-07-22,2022-04-27,NA,2026-07-24,89
2026-07-23 04:03:20,2019-11-13,"1 Half (Half Share - ODD week)","Combined CSA","FSB","St. Louis","MO","63101",296.81,"Automatic","Orange","Not on Hold","Fair Shares - Wednesday  - Wednesday","$300",0,0,0,2019-11-20,2026-07-22,NA,2026-07-24,1124
2026-04-20 14:00:00,2017-07-18,"1  (BYO) FSG - Orders Only","Combined CSA","Fair Shares Wednesday Pickup","St. Louis","MO","63110",0.01,"Automatic","Purple","Not on Hold","Fair Shares - Wednesday  - Wednesday","Debit on Delivery",0,0,0,2017-08-16,2021-12-08,NA,2026-07-24,792
2023-06-09 11:22:26,2017-07-18,"1 BYO - No Share, Order Only (Weekly Shares)","Combined CSA","Fair Shares Wednesday Pickup","St. Louis","MO","63122",0,NA,"Orange","Not on Hold","Fair Shares - Wednesday  - Wednesday","Debit on Delivery",0,0,0,2017-08-23,2018-02-21,NA,2026-07-24,1915
2025-05-20 15:59:44,2025-03-30,"1 (BYO) KWG - Orders Only (Weekly Shares)","Combined CSA","Kirkwood Pickup","Sunset Hills","MO","63127",0,"Automatic","None","Hold","Kirkwood - Thursday","Debit on Delivery",0,0,0,2025-04-03,2025-04-17,NA,2026-07-24,272
2026-07-17 02:36:03,2017-07-18,"1 Half (Half Share - EVEN week), 1 2% MILK-e","Combined CSA","UCB","St. Louis","MO","63131",176.78,"Automatic","Purple","Not on Hold","UCity - Wednesday","$150",0,0,0,2017-08-16,2026-07-15,NA,2026-07-24,384
2026-03-27 07:49:39,2018-11-25,"1 BYO - No Share, Order Only (Weekly Shares)","Combined CSA","Fair Shares Wednesday Pickup","St. Charles","MO","63303",0,NA,"None","Not on Hold","Fair Shares - Wednesday  - Wednesday","Debit on Delivery",0,0,0,2018-11-28,2019-10-09,NA,2026-07-24,771
2023-07-21 02:42:18,2022-07-20,"1  (BYO) FSG - Orders Only","Combined CSA","Fair Shares Thursday Pickup","Saint Louis","MO","63110",1.35,"Automatic","Green","Not on Hold","Fair Shares - Thursday - Thursday","Debit on Delivery",0,0,0,2022-07-28,2023-07-20,NA,2026-07-24,1851
2026-07-23 04:03:09,2022-07-12,"1 (BYO) UCG - Orders Only","Combined CSA","UCity Pickup","Bridgeton","MO","63044",0,"Automatic","Green","Not on Hold","UCity - Wednesday","Debit on Delivery",0,0,0,2022-07-20,2026-07-22,NA,2026-07-24,1200
2021-02-19 15:30:05,2020-04-01,"1 (BYO) UCG - Orders Only","Combined CSA","UCity Pickup","Saint Louis","MO","63112",-0.07,NA,"None","Not on Hold","UCity - Wednesday","Debit on Delivery",0,0,0,2020-04-08,2021-02-10,NA,2026-07-24,1397
2026-07-23 12:26:51,2022-01-30,"1 UCA/KWA","Combined CSA","UCA","St. Louis","MO","63130",118.73,"Automatic","Green","Not on Hold","UCity - Wednesday","$150",0,0,0,2022-02-09,2026-07-22,NA,2026-07-24,1506
2026-03-27 07:09:29,2022-10-12,"1  (BYO) FSG - Orders Only","Combined CSA","Fair Shares Wednesday Pickup","Saint Louis","MO","63110",0,NA,"Green Orange","Not on Hold","Fair Shares - Wednesday  - Wednesday","Debit on Delivery",0,0,0,2022-10-19,2023-10-25,NA,2026-07-24,1676
2026-07-10 03:54:25,2022-06-10,"1  (BYO) FSG - Orders Only","Combined CSA","Fair Shares Thursday Pickup","St. Louis","MO","63119",0,"Automatic","None","Not on Hold","Fair Shares - Thursday - Thursday","Debit on Delivery",0,0,0,2022-06-16,2026-07-02,NA,2026-07-24,1910
2026-07-23 02:43:56,2021-11-05,"1 UCA/KWA","Combined CSA","UCA","St. Louis","MO","63130",150.81,"Automatic","None","Not on Hold","UCity - Wednesday","$300",0,0,0,2021-11-10,2026-07-22,NA,2026-07-24,526
2025-03-27 16:49:44,2024-02-04,"1  (BYO) FSG - Orders Only","Combined CSA","Fair Shares Wednesday Pickup","St. Louis","MO","63110",0,"Automatic","Purple","Not on Hold","Fair Shares - Wednesday  - Wednesday","Debit on Delivery",0,0,0,2024-02-07,2024-10-23,NA,2026-07-24,1536
2026-07-24 03:55:14,2021-08-19,"1 Half (Half Share - ODD week)","Combined CSA","FSB","St. Louis","MO","63108",185.55,"Automatic","Green Orange","Not on Hold","Fair Shares - Wednesday  - Wednesday","$150",0,0,0,2021-08-25,2026-07-23,NA,2026-07-24,976
2024-09-19 02:41:24,2024-07-24,"1 (BYO) UCG - Orders Only","Combined CSA","UCity Pickup","St Louis","MO","63108",0.41,"Automatic","None","Not on Hold","UCity - Wednesday","Debit on Delivery",0,0,0,2024-07-31,2024-09-18,NA,2026-07-24,582
2022-09-13 10:43:36,2020-04-18,"1 (BYO) UCG - Orders Only","Combined CSA","UCity Pickup","Clayton","MO","63105",0,"Automatic","None","Not on Hold","UCity - Wednesday","Debit on Delivery",0,0,0,2020-04-22,2022-09-07,NA,2026-07-24,215
2025-09-21 12:43:57,2020-05-28,"1  (BYO) FSG - Orders Only","Combined CSA","Fair Shares Thursday Pickup","St Louis","MO","63110",62.06,"Automatic","Green","Not on Hold","Fair Shares - Thursday - Thursday","Debit on Delivery",0,0,0,2020-06-04,2025-09-11,NA,2026-07-24,1171
2024-05-31 02:26:12,2023-02-10,"1 (BYO) KWG - Orders Only (Weekly Shares)","Combined CSA","Kirkwood Pickup","Kirkwood","MO","63122",7.74,"Automatic","Green Orange","Not on Hold","Kirkwood - Thursday","Debit on Delivery",0,0,0,2023-02-16,2024-05-30,NA,2026-07-24,1433
2021-07-15 03:57:28,2020-05-28,"1  (BYO) FSG - Orders Only","Combined CSA","Fair Shares Wednesday Pickup","St. Louis","MO","63104",0,"Automatic","None","Not on Hold","Fair Shares - Wednesday  - Wednesday","Debit on Delivery",0,0,0,2020-06-03,2021-07-14,NA,2026-07-24,1008
2025-11-20 02:35:19,2020-03-31,"1  (BYO) FSG - Orders Only","Combined CSA","Fair Shares Wednesday Pickup","Saint louis","MO","63109",43.38,"Automatic","Green","Not on Hold","Fair Shares - Wednesday  - Wednesday","Debit on Delivery",0,0,0,2020-04-01,2025-11-19,NA,2026-07-24,274
2026-02-17 14:51:30,2021-01-04,"1 (BYO) UCG - Orders Only","Combined CSA","UCity Pickup","St. Louis","MO","63112",0,NA,"Purple","Not on Hold","UCity - Wednesday","Debit on Delivery",0,0,0,2021-01-13,2026-02-11,NA,2026-07-24,1040
2023-12-17 03:43:00,2019-03-17,"1  (BYO) FSG - Orders Only","Combined CSA","Fair Shares Thursday Pickup","St. Louis","MO","63139",144.85,"Automatic","None","Not on Hold","Fair Shares - Thursday - Thursday","Debit on Delivery",0,0,0,2019-04-04,2023-12-14,NA,2026-07-24,509
2026-07-24 02:36:40,2017-07-18,"1 FSA/FSD","Combined CSA","FSA","St. Louis","MO","63119",320.66,"Automatic","None","Not on Hold","Fair Shares - Wednesday  - Wednesday","$300",0,0,0,2017-08-16,2026-07-22,NA,2026-07-24,863
2026-07-23 02:43:56,2025-04-06,"1 Mini (Weekly Shares)","Combined CSA","UCM","St. Louis","MO","63118",161.24,"Automatic","None","Not on Hold","UCity - Wednesday","$150",0,0,0,2025-04-09,2026-07-22,NA,2026-07-24,627
2026-07-23 02:43:56,2017-07-18,"1 UCA/KWA","Combined CSA","UCA","St. Louis","MO","63112",211.39,"Automatic","None","Not on Hold","UCity - Wednesday","$300",0,0,0,2017-08-16,2026-07-22,NA,2026-07-24,1039
2026-01-21 14:16:11,2025-07-08,"1  (BYO) FSG - Orders Only","Combined CSA","Fair Shares Wednesday Pickup","St. Louis","MO","63123",0,NA,"None","Not on Hold","Fair Shares - Wednesday  - Wednesday",NA,0,0,0,2025-07-10,2026-01-21,NA,2026-07-24,45
2026-04-20 08:37:13,2025-02-09,"1  (BYO) FSG - Orders Only","Combined CSA","Fair Shares Thursday Pickup","St Louis","MO","63103",0,"Automatic","Purple","Hold","Fair Shares - Thursday - Thursday","Debit on Delivery",0,0,0,2025-02-13,2025-04-10,NA,2026-07-24,626
2026-07-16 04:00:22,2017-07-18,"1 Half (Half Share - EVEN week)","Combined CSA","FSB","St. Louis","MO","63143",172.86,"Automatic","Purple","Not on Hold","Fair Shares - Wednesday  - Wednesday","$150",0,0,0,2017-08-16,2026-07-15,NA,2026-07-24,351
2026-04-08 16:21:24,2017-07-18,"1  (BYO) FSG - Orders Only","Combined CSA","Fair Shares Thursday Pickup","St. Louis","MO","63124",123.68,"Automatic","None","Temp Hold","Fair Shares - Thursday - Thursday",NA,0,0,0,2017-08-16,2026-02-26,NA,2026-07-24,1377
2026-04-13 17:38:00,2022-07-23,"1 (BYO) KWG - Orders Only (Weekly Shares)","Combined CSA","Kirkwood Pickup","St. Louis","MO","63123",0,"Automatic","Purple","Not on Hold","Kirkwood - Thursday","Debit on Delivery",0,0,0,2022-07-28,2026-02-26,NA,2026-07-24,405
2026-07-23 04:03:25,2020-02-09,"1 (BYO) UCG - Orders Only","Combined CSA","UCity Pickup","Overland","MO","63114",0,"Automatic","None","Not on Hold","UCity - Wednesday","Debit on Delivery",0,0,0,2020-02-12,2026-07-22,NA,2026-07-24,1713
2026-06-26 03:54:17,2025-04-10,"1 Half (Half Share - ODD week)","Combined CSA","FSE","Saint Lohis","MO","63109",182.59,"Automatic","Orange","Temp Hold","Fair Shares - Thursday - Thursday","$150",0,0,0,2025-04-17,2026-06-25,NA,2026-07-24,587
2026-07-16 02:44:04,2024-07-23,"1 Mini (Weekly Shares)","Combined CSA","UCM","Olivette","MO","63132",136.58,"Automatic","None","Not on Hold","UCity - Wednesday","$150",0,0,0,2024-07-31,2026-07-15,NA,2026-07-24,598
2026-02-05 12:06:26,2020-04-14,"1 (BYO) KWG - Orders Only (Weekly Shares)","Combined CSA","Kirkwood Pickup","St. louis","MO","63128",0,"Automatic","None","Not on Hold","Kirkwood - Thursday","Debit on Delivery",0,0,0,2020-04-23,2025-11-27,NA,2026-07-24,510
2026-07-23 04:03:15,2020-04-25,"1 Half (Half Share - ODD week)","Combined CSA","FSB","Saint Louis","MO","63143",210.82,"Automatic","Green Orange","Not on Hold","Fair Shares - Wednesday  - Wednesday","$150",0,0,0,2020-04-29,2026-07-22,NA,2026-07-24,1272
2025-12-19 10:22:38,2023-03-22,"1 (BYO) UCG - Orders Only","Combined CSA","UCity Pickup","St. Louis","MO","63130",0,"Automatic","None","Not on Hold","UCity - Wednesday","Debit on Delivery",0,0,0,2023-03-29,2025-12-03,NA,2026-07-24,998
2026-03-17 10:26:25,2020-03-24,"1  (BYO) FSG - Orders Only","Combined CSA","Fair Shares Wednesday Pickup","St. Louis","MO","63105-3044",241.94,"Automatic","Purple","Not on Hold","Fair Shares - Wednesday  - Wednesday","Debit on Delivery",0,0,0,2020-03-25,2024-09-11,NA,2026-07-24,9
2026-06-18 04:00:03,2020-10-13,"1  (BYO) FSG - Orders Only","Combined CSA","Fair Shares Wednesday Pickup","Saint Louis","MO","63116",0,"Automatic","None","Not on Hold","Fair Shares - Wednesday  - Wednesday","Debit on Delivery",0,0,0,2020-10-22,2026-06-17,NA,2026-07-24,1537
2026-07-24 03:55:05,2020-03-31,"1 Whole MILK, 1 FSA/FSD","Combined CSA","FSD","Ballwin","MO","63021",288.45,"Automatic","Green","Not on Hold","Fair Shares - Thursday - Thursday","$300",0,0,0,2020-04-02,2026-07-23,NA,2026-07-24,900
2024-10-25 02:40:17,2024-07-09,"1  (BYO) FSG - Orders Only","Combined CSA","Fair Shares Thursday Pickup","St. Louis","MO","63118",0.07,"Automatic","Purple","Not on Hold","Fair Shares - Thursday - Thursday","Debit on Delivery",0,0,0,2024-07-17,2024-10-24,NA,2026-07-24,697
2026-05-14 02:27:41,2020-05-03,"1 (BYO) KWG - Orders Only (Weekly Shares)","Combined CSA","Kirkwood Pickup","St. Louis","MO","63146",0,"Automatic","Payment","Not on Hold","Kirkwood - Thursday","Debit on Delivery",0,0,0,2020-05-06,2025-11-06,NA,2026-07-24,1832
2026-07-17 02:36:03,2020-04-10,"1 Half (Half Share - EVEN week), 1 No Produce - Order Only (odd wk)","Combined CSA","KWB","Kirkwood","MO","63122",212.99,"Automatic","Purple","Not on Hold","Kirkwood - Thursday","$600",0,0,0,2020-04-16,2026-07-16,NA,2026-07-24,473
2026-03-27 07:59:57,2017-07-20,"1  (BYO) FSG - Orders Only","Combined CSA","Fair Shares Wednesday Pickup","St. Louis","MO","63108",0,"Automatic","None","Not on Hold","Fair Shares - Wednesday  - Wednesday","Debit on Delivery",0,0,0,2017-08-17,2022-02-16,NA,2026-07-24,214
2026-07-24 02:36:40,2026-07-03,"1 UCA/KWA","Combined CSA","KWA","Kirkwood","MO","63122",218.35,"Automatic","None","Not on Hold","Kirkwood - Thursday","$300",0,0,0,2026-07-09,2026-07-23,NA,2026-07-24,685
2025-12-11 11:05:18,2017-08-08,"1  (BYO) FSG - Orders Only","Combined CSA","Fair Shares Wednesday Pickup","St. Louis","MO","63129",0,"Automatic","None","Not on Hold","Fair Shares - Wednesday  - Wednesday","Debit on Delivery",0,0,0,2017-08-16,2025-11-26,NA,2026-07-24,592
2020-10-08 11:40:54,2020-05-02,"1  (BYO) FSG - Orders Only","Combined CSA","Fair Shares Wednesday Pickup","Webster Groves","MO","63119",0,"Automatic","None","Not on Hold","Fair Shares - Wednesday  - Wednesday","Debit on Delivery",0,0,0,2020-05-06,2020-10-07,NA,2026-07-24,625
2026-07-24 02:36:40,2017-07-18,"1 Mini (Weekly Shares)","Combined CSA","FSMini-t","St. Louis","MO","63139",566.51,"Automatic","None","Not on Hold","Fair Shares - Thursday - Thursday","$600",0,0,0,2017-08-16,2026-07-23,NA,2026-07-24,1431
2025-07-22 14:11:26,2025-03-07,"1  (BYO) FSG - Orders Only","Combined CSA","Fair Shares Thursday Pickup","Manchester","MO","63021",149.9,"Automatic","Orange","Not on Hold","Fair Shares - Thursday - Thursday","Debit on Delivery",0,0,0,2025-04-03,2025-07-10,NA,2026-07-24,331
2026-07-23 02:43:56,2020-04-07,"1 Mini (Weekly Shares)","Combined CSA","FSMini-w","St. Louis","MO","63116",83.08,"Automatic","Green","Not on Hold","Fair Shares - Wednesday  - Wednesday","$300",0,0,0,2020-04-09,2026-07-22,NA,2026-07-24,1896
2025-07-18 02:39:03,2017-07-20,"1  (BYO) FSG - Orders Only","Combined CSA","Fair Shares Thursday Pickup","St. Louis","MO","63104",486.68,"Automatic","Blue","Not on Hold","Fair Shares - Thursday - Thursday","Debit on Delivery",0,0,0,2017-08-17,2025-07-17,NA,2026-07-24,1169
2026-05-14 02:27:41,2018-05-04,"1  (BYO) FSG - Orders Only","Combined CSA","Fair Shares Wednesday Pickup","Saint Louis","MO","63104",0,"Automatic","Payment","Hold","Fair Shares - Wednesday  - Wednesday","Debit on Delivery",0,0,0,2018-05-09,2024-04-03,NA,2026-07-24,1109
2024-09-20 02:42:40,2021-04-07,"1 (BYO) KWG - Orders Only (Weekly Shares)","Combined CSA","Kirkwood Pickup","Saint Louis","MO","63122",27.49,"Automatic","None","Not on Hold","Kirkwood - Thursday","Debit on Delivery",0,0,0,2021-04-15,2024-09-19,NA,2026-07-24,269
2021-04-02 03:54:26,2019-08-14,"1 (BYO) UCG - Orders Only","Combined CSA","UCity Pickup","Saint Louis","MO","63130",0,"Automatic","Purple","Not on Hold","UCity - Wednesday","Debit on Delivery",0,0,0,2019-08-28,2021-03-31,NA,2026-07-24,1564
2026-07-16 04:01:23,2022-07-26,"1 Half (Half Share - EVEN week)","Combined CSA","UCB","U-City","MO","63132",136.31,"Automatic","Green Purple","Not on Hold","UCity - Wednesday","$150",0,0,0,2022-08-04,2026-07-15,NA,2026-07-24,317
2024-11-27 10:14:28,2024-03-06,"1  (BYO) FSG - Orders Only","Combined CSA","Fair Shares Thursday Pickup","Saint Louis","MO","63111",0,NA,"None","Not on Hold","Fair Shares - Thursday - Thursday",NA,0,0,0,2024-03-07,2024-11-28,NA,2026-07-24,1744
2026-07-23 02:43:56,2017-07-18,"1 No Produce - Order Only (even wk), 0 2% MILK, 1 Half (Half Share - ODD week)","Combined CSA","FSE","St. Louis","MO","63110",77.42,"Automatic","Blue Orange","Not on Hold","Fair Shares - Thursday - Thursday","$600",0,0,0,2017-08-23,2026-07-22,NA,2026-07-24,31
2026-07-23 04:03:13,2026-03-26,"1 Mini (Weekly Shares)","Combined CSA","UCM","Saint Louis","MO","63130",196.19,"Automatic","None","Not on Hold","UCity - Wednesday","$150",0,0,0,2026-04-29,2026-07-22,NA,2026-07-24,228
2026-02-26 14:28:01,2024-09-03,"1  (BYO) FSG - Orders Only","Combined CSA","Fair Shares Thursday Pickup","St. Louis","MO","63108",0,NA,"None","Not on Hold","Fair Shares - Thursday - Thursday",NA,0,0,0,2024-09-04,2026-02-26,NA,2026-07-24,556
2026-07-23 04:03:27,2026-01-30,"1 UCA/KWA","Combined CSA","UCA","University City","MO","63130",346.47,"Automatic","None","Not on Hold","UCity - Wednesday","$300",0,0,0,2026-02-04,2026-07-22,NA,2026-07-24,227
2025-06-14 11:17:17,2019-11-03,"1  (BYO) FSG - Orders Only","Combined CSA","Fair Shares Thursday Pickup","St. louis","MO","63117",442.73,"Automatic","None","Not on Hold","Fair Shares - Thursday - Thursday","Debit on Delivery",0,0,0,2019-11-07,2025-06-12,NA,2026-07-24,1472
2026-05-01 10:19:47,2020-07-07,"1  (BYO) FSG - Orders Only","Combined CSA","Fair Shares Wednesday Pickup","Webster Groves","MO","63119",0,"Automatic","Green","Not on Hold","Fair Shares - Wednesday  - Wednesday","Debit on Delivery",0,0,0,2020-07-16,2026-02-25,NA,2026-07-24,1387
2026-04-26 10:22:37,2017-07-20,"1  (BYO) FSG - Orders Only","Combined CSA","Kirkwood Pickup","St. Louis","MO","63141",0,"Automatic","None","Hold","Kirkwood - Thursday","Debit on Delivery",0,0,0,2017-08-17,2026-02-26,NA,2026-07-24,1145
2026-04-29 12:54:13,2023-02-02,"1 (BYO) KWG - Orders Only (Weekly Shares)","Combined CSA","Kirkwood Pickup","High Ridge","MO","63049",96.99,"Automatic","None","Not on Hold","Kirkwood - Thursday","Debit on Delivery",0,0,0,2023-02-09,2026-02-26,NA,2026-07-24,1132
2021-11-29 10:06:05,2017-07-20,"1 (BYO) KWG - Orders Only (Weekly Shares)","Combined CSA","Kirkwood Pickup","Chesterfield","MO","63017",0,"Automatic","Orange","Not on Hold","Kirkwood - Thursday","Debit on Delivery",0,0,0,2017-08-17,2021-11-25,NA,2026-07-24,466
2021-08-16 10:08:35,2020-08-11,"1  (BYO) FSG - Orders Only","Combined CSA","Fair Shares Thursday Pickup","St. Louis","MO","63108",0,"Automatic","None","Not on Hold","Fair Shares - Thursday - Thursday","Debit on Delivery",0,0,0,2020-08-20,2021-08-12,NA,2026-07-24,142
2026-03-27 07:33:17,2020-05-18,"1  (BYO) FSG - Orders Only","Combined CSA","Fair Shares Wednesday Pickup","St. Louis","MO","63118",0,"Automatic","Green","Not on Hold","Fair Shares - Wednesday  - Wednesday",NA,0,0,0,2020-05-21,2023-05-10,NA,2026-07-24,1573
2022-12-18 08:03:21,2017-07-18,"1 Guest Access","Combined CSA","Fair Shares Wednesday Pickup","St. Louis","MO","63104",0,"Automatic","None","Not on Hold","Fair Shares - Wednesday  - Wednesday","Debit on Delivery",0,0,0,2017-08-16,2022-12-14,NA,2026-07-24,1032
2026-04-02 13:08:14,2023-05-24,"1  (BYO) FSG - Orders Only","Combined CSA","Fair Shares Wednesday Pickup","St. louis","MO","63139",0,"Automatic","Green Orange","Not on Hold","Fair Shares - Wednesday  - Wednesday","Debit on Delivery",0,0,0,2023-05-31,2026-02-18,NA,2026-07-24,624
2026-07-24 02:36:40,2017-07-18,"1 Half (Half Share - ODD week), 1 No Produce - Order Only (even wk)","Combined CSA","FSE","St. Louis","MO","63124",34.05,"Automatic","Payment Blue Orange","Not on Hold","Fair Shares - Thursday - Thursday","$150",0,-150,0,2017-08-24,2026-07-23,NA,2026-07-24,979
2026-07-23 02:43:56,2017-07-18,"1 UCA/KWA","Combined CSA","UCA","St. Louis","63105","MO",283.57,"Automatic","None","Not on Hold","UCity - Wednesday","$300",0,0,0,2017-08-16,2026-07-22,NA,2026-07-24,125
2026-07-24 03:55:06,2026-04-14,"1 Half (Half Share - ODD week)","Combined CSA","KWB","St. Louis","MO","63126",353.05,"Automatic","Orange","Not on Hold","Kirkwood - Thursday","$300",0,0,0,2026-04-30,2026-07-23,NA,2026-07-24,82
2024-06-28 03:55:31,2017-07-20,"1  (BYO) FSG - Orders Only","Combined CSA","Fair Shares Thursday Pickup","St. Louis","MO","63104",134.04,"Automatic","None","Not on Hold","Fair Shares - Thursday - Thursday","Debit on Delivery",0,0,0,2017-08-17,2024-06-27,NA,2026-07-24,867
2025-06-13 02:35:37,2019-01-06,"1  (BYO) FSG - Orders Only","Combined CSA","Fair Shares Thursday Pickup","Saint Louis","MO","63110",94.86,"Automatic","Orange","Not on Hold","Fair Shares - Thursday - Thursday","Debit on Delivery",0,0,0,2019-01-09,2025-06-12,NA,2026-07-24,1246
2021-09-15 03:44:25,2020-04-24,"1  (BYO) FSG - Orders Only","Combined CSA","Fair Shares Wednesday Pickup","St. Louis","MO","63119",0,"Automatic","Green","Not on Hold","Fair Shares - Wednesday  - Wednesday","Debit on Delivery",0,0,0,2020-04-29,2021-09-08,NA,2026-07-24,1031
2026-05-07 12:05:58,2020-01-02,"1 BYO - No Share, Order Only (Weekly Shares)","Combined CSA","Fair Shares Thursday Pickup","St. Louis","MO","63116",0,"Automatic","Blue Purple","Not on Hold","Fair Shares - Thursday - Thursday","Debit on Delivery",0,0,0,2020-01-16,2026-02-26,NA,2026-07-24,1424
2026-07-23 04:02:54,2017-07-18,"1 Half (Half Share - ODD week)","Combined CSA","FSB","St. Louis","MO","63108",157.2,"Automatic","Orange","Not on Hold","Fair Shares - Wednesday  - Wednesday","$150",0,0,0,2017-08-23,2026-07-22,NA,2026-07-24,911
2026-03-30 10:42:35,2017-07-20,"1 BYO - No Share, Order Only (Weekly Shares)","Combined CSA","Fair Shares Thursday Pickup","St. Louis","63110","MO",0,NA,"None","Not on Hold","Fair Shares - Thursday - Thursday",NA,0,0,0,2019-11-28,2024-09-05,NA,2026-07-24,1805
2020-10-19 09:55:40,2017-07-18,"1  (BYO) FSG - Orders Only","Combined CSA","Fair Shares Wednesday Pickup","St. Louis","MO","63118",0,"Automatic","Purple","Not on Hold","Fair Shares - Wednesday  - Wednesday","Debit on Delivery",0,0,0,2017-08-16,2020-10-14,NA,2026-07-24,427
2026-03-27 07:03:03,2025-04-16,"1  (BYO) FSG - Orders Only","Combined CSA","Fair Shares Wednesday Pickup","St. Louis","MO","63118",0,NA,"None","Not on Hold","Fair Shares - Wednesday  - Wednesday",NA,0,0,0,2025-04-23,2026-01-14,NA,2026-07-24,94
2026-03-27 07:36:36,2020-04-17,"1  (BYO) FSG - Orders Only","Combined CSA","Fair Shares Wednesday Pickup","Saint Louis","MO","63109",0,"Automatic","Green","Not on Hold","Fair Shares - Wednesday  - Wednesday","Debit on Delivery",0,0,0,2020-04-23,2021-02-03,NA,2026-07-24,222
2026-07-23 04:03:00,2017-07-20,"1 FSA/FSD","Combined CSA","FSA","St. Louis","MO","63110",199.01,"Automatic","None","Not on Hold","Fair Shares - Wednesday  - Wednesday","$150",0,0,0,2017-08-17,2026-07-22,NA,2026-07-24,704
2026-06-11 03:58:41,2017-07-18,"1  (BYO) FSG - Orders Only","Combined CSA","Fair Shares Wednesday Pickup","St. Louis","MO","63108",0,"Automatic","Orange","Not on Hold","Fair Shares - Wednesday  - Wednesday","Debit on Delivery",0,0,0,2017-08-23,2026-06-10,NA,2026-07-24,1284
2026-04-20 13:32:58,2020-12-04,"1  (BYO) FSG - Orders Only","Combined CSA","Fair Shares Wednesday Pickup","St. Louis","MO","63104",0.01,"Automatic","Green","Not on Hold","Fair Shares - Wednesday  - Wednesday","Debit on Delivery",0,0,0,2020-12-10,2023-02-01,NA,2026-07-24,1418
2023-10-25 07:20:56,2023-01-01,"1  (BYO) FSG - Orders Only","Combined CSA","Fair Shares Wednesday Pickup","Saint Louis","MO","63104",0,"Automatic","Green","Not on Hold","Fair Shares - Wednesday  - Wednesday","Debit on Delivery",0,0,0,2023-01-05,2023-10-18,NA,2026-07-24,1115
2026-04-26 10:21:56,2017-07-18,"1 (BYO) UCG - Orders Only","Combined CSA","UCity Pickup","St. Louis","63130","MO",0,"Automatic","None","Hold","UCity - Wednesday","Debit on Delivery",0,0,0,2017-08-16,2026-02-25,NA,2026-07-24,479
2026-04-09 11:52:54,2019-09-04,"1  (BYO) FSG - Orders Only","Combined CSA","Fair Shares Thursday Pickup","Webster Groves","MO","63119",0,"Automatic","None","Not on Hold","Fair Shares - Thursday - Thursday","Debit on Delivery",0,0,0,2019-09-11,2026-02-26,NA,2026-07-24,710
2026-04-14 08:26:22,2019-04-17,"1  (BYO) FSG - Orders Only","Combined CSA","Fair Shares Thursday Pickup","St. Louis","MO","63123",0,"Automatic","Orange","Not on Hold","Fair Shares - Thursday - Thursday","Debit on Delivery",0,0,0,2019-04-24,2026-02-19,NA,2026-07-24,1786
2024-03-07 15:26:47,2022-10-06,"1 (BYO) KWG - Orders Only (Weekly Shares)","Combined CSA","Fair Shares Thursday Pickup","kirkwood","MO","63122",0,NA,"None","Not on Hold","Fair Shares - Thursday - Thursday","Debit on Delivery",0,0,0,2022-10-27,2024-03-07,NA,2026-07-24,393
2026-01-22 03:56:27,2025-03-24,"1 (BYO) UCG - Orders Only","Combined CSA","UCity Pickup","St. Louis","MO","63130",0,"Automatic","Orange","Not on Hold","UCity - Wednesday","Debit on Delivery",0,0,0,2025-04-02,2026-01-21,NA,2026-07-24,49
2020-12-18 03:54:16,2017-07-18,"1 BYO - No Share, Order Only (Weekly Shares)","Combined CSA","Fair Shares Thursday Pickup","St. Louis","MO","63103",180.62,"Automatic","Orange","Not on Hold","Fair Shares - Thursday - Thursday","Debit on Delivery",0,0,0,2017-08-24,2020-12-17,NA,2026-07-24,956
2025-05-02 14:34:46,2023-07-26,"1 (BYO) UCG - Orders Only","Combined CSA","UCity Pickup","St Louis","MO","63117",265.41,"Automatic","None","Hold","UCity - Wednesday","Debit on Delivery",0,0,0,2023-08-02,2025-03-05,NA,2026-07-24,905
2026-07-23 04:03:07,2022-07-24,"1 UCA/KWA","Combined CSA","UCA","Clayton","MO","63105",357.98,"Automatic","None","Not on Hold","UCity - Wednesday","$300",0,0,0,2022-07-27,2026-07-22,NA,2026-07-24,444
2026-05-14 02:27:41,2020-04-10,"1  (BYO) FSG - Orders Only","Combined CSA","Fair Shares Wednesday Pickup","St louis","MO","63116",0,"Automatic","Payment","Hold","Fair Shares - Wednesday  - Wednesday","Debit on Delivery",0,0,0,2020-04-15,2026-02-26,NA,2026-07-24,810
2026-04-02 11:46:40,2017-07-18,"1  (BYO) FSG - Orders Only","Combined CSA","Fair Shares Thursday Pickup","St. Louis","MO","62298",0,"Automatic","None","Not on Hold","Fair Shares - Thursday - Thursday","Debit on Delivery",0,0,0,2017-08-16,2026-02-26,NA,2026-07-24,1002
2026-03-27 07:05:55,2024-03-06,"1  (BYO) FSG - Orders Only","Combined CSA","Fair Shares Wednesday Pickup","St. Louis","MO","63116",0,"Automatic","None","Not on Hold","Fair Shares - Wednesday  - Wednesday","Debit on Delivery",0,0,0,2024-04-04,2024-12-04,NA,2026-07-24,1058
2026-03-27 07:57:50,2018-02-11,"1 BYO - No Share, Order Only (Weekly Shares)","Combined CSA","Fair Shares Wednesday Pickup","Saint Louis","MO","63103",0,NA,"None","Not on Hold","Fair Shares - Wednesday  - Wednesday","Debit on Delivery",0,0,0,2018-02-14,2019-11-27,NA,2026-07-24,426
2026-07-24 02:36:40,2017-07-18,"1 Half (Half Share - ODD week)","Combined CSA","FSE","Webster Groves","MO","63119",649.33,"Automatic","Orange","Not on Hold","Fair Shares - Thursday - Thursday","$150",0,0,0,2017-08-16,2026-07-23,NA,2026-07-24,1268
2025-06-08 18:49:13,2023-03-19,"1  (BYO) FSG - Orders Only","Combined CSA","Fair Shares Thursday Pickup","St. Louis","MO","63110",42.52,"Automatic","Green Purple","Not on Hold","Fair Shares - Thursday - Thursday","Debit on Delivery",0,0,0,2023-03-30,2025-06-05,NA,2026-07-24,796
2026-07-23 02:43:56,2020-04-06,"1 Half (Half Share - ODD week)","Combined CSA","FSB","Saint Louis","MO","63118",256.53,"Automatic","Green Orange","Not on Hold","Fair Shares - Wednesday  - Wednesday","$300",0,0,0,2020-04-09,2026-07-22,NA,2026-07-24,282
2024-01-21 03:40:20,2019-08-21,"1  (BYO) FSG - Orders Only","Combined CSA","Fair Shares Thursday Pickup","Clayton","MO","63117",0,"Automatic","Blue Orange","Not on Hold","Fair Shares - Thursday - Thursday","Debit on Delivery",0,0,0,2019-09-04,2024-01-18,NA,2026-07-24,1605
2024-06-07 03:56:41,2021-03-20,"1 (BYO) KWG - Orders Only (Weekly Shares)","Combined CSA","Kirkwood Pickup","Kirkwood","MO","63122",0,"Automatic","Purple","Not on Hold","Kirkwood - Thursday","Debit on Delivery",0,0,0,2021-04-01,2024-06-06,NA,2026-07-24,1150
2023-07-13 03:55:55,2020-03-31,"1  (BYO) FSG - Orders Only","Combined CSA","Fair Shares Wednesday Pickup","St. Louis","MO","63109",0,"Automatic","Green Orange","Not on Hold","Fair Shares - Wednesday  - Wednesday","Debit on Delivery",0,0,0,2020-04-01,2023-07-12,NA,2026-07-24,1179
2026-07-23 02:43:56,2017-07-18,"1 FSA/FSD","Combined CSA","FSA","St. Louis","MO","63119",102.68,"Automatic","None","Not on Hold","Fair Shares - Wednesday  - Wednesday","$300",0,0,0,2017-08-16,2026-07-22,NA,2026-07-24,557
2026-07-24 02:36:40,2026-02-18,"1 FSA/FSD","Combined CSA","FSD","St. Louis","MO","63118",203.38,"Automatic","None","Not on Hold","Fair Shares - Thursday - Thursday","$300",0,0,0,2026-05-14,2026-07-23,NA,2026-07-24,876
2025-12-11 11:05:10,2019-11-05,"1  (BYO) FSG - Orders Only","Combined CSA","Fair Shares Thursday Pickup","St Louis","MO","63131",0,"Automatic","Purple","Not on Hold","Fair Shares - Thursday - Thursday","Debit on Delivery",0,0,0,2019-11-07,2025-10-30,NA,2026-07-24,1657
2026-04-02 11:50:04,2022-07-08,"1  (BYO) FSG - Orders Only","Combined CSA","Fair Shares Thursday Pickup","Brentwood","MO","63144",70.53,"Automatic","Green Purple","Not on Hold","Fair Shares - Thursday - Thursday","Debit on Delivery",0,0,0,2022-07-13,2026-02-26,NA,2026-07-24,1363
2026-03-27 07:49:12,2019-03-29,"1 BYO - No Share, Order Only (Weekly Shares)","Combined CSA","Fair Shares Wednesday Pickup","Saint Louis","MO","63139",0,"Automatic","None","Not on Hold","Fair Shares - Wednesday  - Wednesday","Debit on Delivery",0,0,0,2019-04-03,2019-10-30,NA,2026-07-24,1601
2026-07-23 04:03:23,2023-01-26,"1 Half (Half Share - ODD week), 1 No Produce - Order Only (even wk)","Combined CSA","KWB","Florissant","MO","63031",151.75,"Automatic","Orange","Not on Hold","Kirkwood - Thursday","$150",0,0,0,2023-02-02,2026-07-22,NA,2026-07-24,1489
2026-02-26 03:55:15,2021-02-14,"1 Half (Half Share - EVEN week)","Combined CSA","UCB","University City","MO","63130",0,"Automatic","Green Purple","Hold","UCity - Wednesday","Debit on Delivery",0,0,0,2021-02-24,2026-02-25,NA,2026-07-24,1126
2026-05-05 07:02:08,2021-10-11,"1 (BYO) KWG - Orders Only (Weekly Shares)","Combined CSA","Kirkwood Pickup","Chesterfield","MO","63017",64.37,"Automatic","None","Hold","Kirkwood - Thursday","Debit on Delivery",0,0,0,2021-10-14,2026-02-26,NA,2026-07-24,649
2021-11-01 09:24:43,2020-07-01,"1 (BYO) KWG - Orders Only (Weekly Shares)","Combined CSA","Kirkwood Pickup","Manchester","MO","63088",0,"Automatic","None","Not on Hold","Kirkwood - Thursday","Debit on Delivery",0,0,0,2020-07-09,2021-10-28,NA,2026-07-24,1881
2026-07-10 03:54:15,2021-05-20,"1 Half (Half Share - ODD week)","Combined CSA","KWB","Kirkwood","MO","63122",109.81,"Automatic","Orange","Not on Hold","Kirkwood - Thursday","$150",0,0,0,2021-05-27,2026-07-09,NA,2026-07-24,804
2026-04-20 10:31:27,2022-01-03,"1 (BYO) KWG - Orders Only (Weekly Shares)","Combined CSA","Kirkwood Pickup","Ballwin","MO","63021",98.75,"Automatic","Green Purple","Hold","Kirkwood - Thursday","Debit on Delivery",0,0,0,2022-01-13,2024-12-05,NA,2026-07-24,1784
2026-07-24 03:55:08,2020-04-14,"1 No Produce - Order Only (even wk), 1 Half (Half Share - ODD week)","Combined CSA","FSE","kirkwood","MO","63122",206.2,"Automatic","Orange","Not on Hold","Fair Shares - Thursday - Thursday","$150",0,0,0,2020-04-16,2026-07-23,NA,2026-07-24,699
2026-05-12 11:07:44,2023-06-25,"1 (BYO) UCG - Orders Only","Combined CSA","UCity Pickup","Saint Louis","MO","63132",108.58,"Automatic","Green Purple","Not on Hold","UCity - Wednesday","Debit on Delivery",0,0,0,2023-06-28,2026-05-06,NA,2026-07-24,708
2023-12-06 10:10:00,2023-01-08,"1  (BYO) FSG - Orders Only","Combined CSA","Fair Shares Thursday Pickup","St. Louis","MO","63108",92.17,"Automatic","Green","Not on Hold","Fair Shares - Thursday - Thursday","Debit on Delivery",0,0,0,2023-01-12,2023-11-30,NA,2026-07-24,1661
2026-04-26 11:12:29,2020-04-25,"1 (BYO) KWG - Orders Only (Weekly Shares)","Combined CSA","Kirkwood Pickup","Crestwood","MO","63126",64.37,"Automatic","None","Hold","Kirkwood - Thursday","Debit on Delivery",0,0,0,2020-04-30,2026-02-26,NA,2026-07-24,1206
2026-05-05 06:45:36,2017-07-20,"1  (BYO) FSG - Orders Only","Combined CSA","Fair Shares Thursday Pickup","St. Louis","63119","63116",0.01,"Automatic","None","Hold","Fair Shares - Thursday - Thursday","Debit on Delivery",0,0,0,2017-08-17,2026-02-26,NA,2026-07-24,579
2025-05-04 08:01:50,2025-04-10,"1 Guest Access","Combined CSA","UCity Pickup","St. Louis","MO","63130",0,"Automatic","None","Not on Hold","UCity - Wednesday","Debit on Delivery",0,0,0,2025-04-16,2025-04-30,NA,2026-07-24,255
2026-03-27 07:25:23,2020-10-07,"1  (BYO) FSG - Orders Only","Combined CSA","Fair Shares Wednesday Pickup","Saint Louis","MO","63103",0,"Automatic","Green Orange","Not on Hold","Fair Shares - Wednesday  - Wednesday","Debit on Delivery",0,0,0,2020-10-15,2022-02-09,NA,2026-07-24,534
2026-04-20 13:33:30,2020-08-31,"1  (BYO) FSG - Orders Only","Combined CSA","Fair Shares Wednesday Pickup","Saint Louis","MO","63108",0.01,"Automatic","Green","Not on Hold","Fair Shares - Wednesday  - Wednesday","Debit on Delivery",0,0,0,2020-09-09,2021-10-27,NA,2026-07-24,817
2026-07-24 02:36:40,2017-07-18,"1 FSA/FSD, 1 Whole MILK","Combined CSA","FSD","St. Louis","MO","63109",122.94,"Automatic","None","Not on Hold","Fair Shares - Thursday - Thursday","$300",0,0,0,2017-08-16,2026-07-23,NA,2026-07-24,636
2026-07-23 04:03:12,2017-07-18,"1 Mini (Weekly Shares)","Combined CSA","UCM","St. Louis","63130","63130",198.03,"Automatic","None","Not on Hold","UCity - Wednesday","$150",0,0,0,2017-08-16,2026-07-22,NA,2026-07-24,356
2025-01-30 03:49:30,2022-07-28,"1  (BYO) FSG - Orders Only","Combined CSA","Fair Shares Wednesday Pickup","St. Louis","MO","63105",0,"Automatic","Green Purple","Not on Hold","Fair Shares - Wednesday  - Wednesday","Debit on Delivery",0,0,0,2022-08-03,2025-01-29,NA,2026-07-24,74
2026-04-29 05:36:21,2025-10-12,"1  (BYO) FSG - Orders Only","Combined CSA","Fair Shares Wednesday Pickup","St. Louis","MO","63108",65.41,"Automatic","Orange","Hold","Fair Shares - Wednesday  - Wednesday","Debit on Delivery",0,0,0,2025-10-15,2026-02-18,NA,2026-07-24,642
2026-04-07 03:42:31,2020-04-19,"1  (BYO) FSG - Orders Only","Combined CSA","Fair Shares Thursday Pickup","Fenton","MO","63026",0,"Automatic","Orange","Not on Hold","Fair Shares - Thursday - Thursday","Debit on Delivery",0,0,0,2020-04-23,2026-02-26,NA,2026-07-24,1436
2026-04-26 22:16:07,2021-03-16,"1  (BYO) FSG - Orders Only","Combined CSA","Fair Shares Thursday Pickup","Kirkwood","MO","63122",0.01,"Automatic","None","Hold","Fair Shares - Thursday - Thursday","Debit on Delivery",0,0,0,2021-03-24,2026-02-26,NA,2026-07-24,127
2026-07-23 02:43:56,2020-04-22,"1 Mini (Weekly Shares)","Combined CSA","UCM","St. louis","MO","63130",86.22,"Automatic","None","Not on Hold","UCity - Wednesday","$150",0,0,0,2020-04-29,2026-07-22,NA,2026-07-24,418
2026-05-04 08:02:34,2023-12-28,"1  (BYO) FSG - Orders Only","Combined CSA","Fair Shares Thursday Pickup","St. Louis","MO","63116",0,"Automatic","None","Hold","Fair Shares - Thursday - Thursday","Debit on Delivery",0,0,0,2024-01-04,2026-02-26,NA,2026-07-24,941
2021-08-05 03:55:55,2020-06-20,"1 (BYO) UCG - Orders Only","Combined CSA","UCity Pickup","St. Louis","MO","63130",0,"Automatic","Blue Orange","Not on Hold","UCity - Wednesday","Debit on Delivery",0,0,0,2020-06-24,2021-08-04,NA,2026-07-24,1693
2025-10-24 03:57:05,2020-08-25,"1 (BYO) KWG - Orders Only (Weekly Shares)","Combined CSA","Kirkwood Pickup","Des Peres","MO","63131",0,"Automatic","Green","Not on Hold","Kirkwood - Thursday","Debit on Delivery",0,0,0,2020-09-03,2025-10-23,NA,2026-07-24,19
2021-05-08 09:08:44,2021-04-10,"1 Guest Access","Combined CSA","Fair Shares Thursday Pickup","Saint Louis","MO","63110",0,"Automatic","None","Not on Hold","Fair Shares - Thursday - Thursday","Debit on Delivery",0,0,0,2021-04-15,2021-04-22,NA,2026-07-24,169
2026-07-24 02:36:40,2020-04-14,"1 FSA/FSD","Combined CSA","FSD","St. Louis","MO","63119",38.58,"Automatic","Payment Green","Not on Hold","Fair Shares - Thursday - Thursday","$300",0,-300,0,2020-04-16,2026-07-23,NA,2026-07-24,1857
2026-04-08 15:36:14,2017-07-18,"1  (BYO) FSG - Orders Only","Combined CSA","Fair Shares Wednesday Pickup","St. Louis","MO","63116",35.06,"Automatic","Purple","Not on Hold","Fair Shares - Wednesday  - Wednesday","Debit on Delivery",0,0,0,2017-08-16,2026-02-25,NA,2026-07-24,1380
2024-05-06 08:23:46,2023-05-12,"1  (BYO) FSG - Orders Only","Combined CSA","Fair Shares Thursday Pickup","Glendale","MO","63122",104.11,"Automatic","Green Purple","Not on Hold","Fair Shares - Thursday - Thursday","Debit on Delivery",0,0,0,2023-05-18,2023-11-30,NA,2026-07-24,801
2026-04-19 17:58:53,2017-07-18,"1  (BYO) FSG - Orders Only","Combined CSA","Fair Shares Wednesday Pickup","St. Louis","MO","63117",0,"Automatic","Orange","Not on Hold","Fair Shares - Wednesday  - Wednesday","Debit on Delivery",0,0,0,2017-08-16,2026-02-25,NA,2026-07-24,1309
2026-04-29 05:34:15,2020-03-23,"1 Half (Half Share - ODD week)","Combined CSA","FSB","St. Louis","MO","63119",153.56,"Automatic","Orange","Hold","Fair Shares - Wednesday  - Wednesday","Debit on Delivery",0,0,0,2020-03-26,2025-10-15,NA,2026-07-24,243
2026-01-04 08:16:10,2021-08-23,"1  (BYO) FSG - Orders Only","Combined CSA","Fair Shares Wednesday Pickup","St. Louis","MO","63110",0,"Automatic","Orange","Not on Hold","Fair Shares - Wednesday  - Wednesday","Debit on Delivery",0,0,0,2021-08-25,2025-12-10,NA,2026-07-24,975
2026-07-03 03:52:51,2017-07-18,"1 Half (Half Share - EVEN week)","Combined CSA","FSE","St. Louis","MO","63119",171.22,"Automatic","Purple","Temp Hold","Fair Shares - Thursday - Thursday","$150",0,0,0,2017-08-16,2026-07-02,NA,2026-07-24,499
2026-07-23 04:03:29,2026-07-18,"1 Two Week Trial - 1 Full, 1 Mini Share, 1 Guest Access, 1 Mini (ONCE 2026-07-29)","Combined CSA","UCA","St. Louis","MO","63105",0,"Automatic","None","Not on Hold","UCity - Wednesday","Debit on Delivery",0,0,0,2026-07-22,2026-07-22,NA,2026-07-24,70
2026-04-02 10:45:52,2022-03-26,"1  (BYO) FSG - Orders Only","Combined CSA","Fair Shares Thursday Pickup","St Louis","MO","63118",0,"Automatic","Green Orange","Not on Hold","Fair Shares - Thursday - Thursday","Debit on Delivery",0,0,0,2022-03-31,2026-02-19,NA,2026-07-24,21
2022-07-14 03:54:48,2020-07-12,"1 (BYO) UCG - Orders Only","Combined CSA","UCity Pickup","St Louis, Missouri","MO","63130",0,"Automatic","Green","Not on Hold","UCity - Wednesday","Debit on Delivery",0,0,0,2020-07-15,2022-07-13,NA,2026-07-24,1870
2026-07-24 02:36:40,2020-07-22,"1 Half (Half Share - ODD week), 1 No Produce - Order Only (even wk)","Combined CSA","FSE","St. Louis","MO","63143",108.81,"Automatic","Green Blue Orange","Not on Hold","Fair Shares - Thursday - Thursday","$150",0,0,0,2020-07-30,2026-07-23,NA,2026-07-24,1719
2026-07-24 03:55:10,2025-03-15,"1 FSA/FSD","Combined CSA","FSD","Manchester","MO","63021",314.15,"Automatic","None","Not on Hold","Fair Shares - Thursday - Thursday","$300",0,0,0,2025-04-03,2026-07-23,NA,2026-07-24,293
2024-01-29 08:33:18,2022-07-20,"1  (BYO) FSG - Orders Only","Combined CSA","Fair Shares Thursday Pickup","saint Louis","MO","63139",95.63,"Automatic","Green","Not on Hold","Fair Shares - Thursday - Thursday","Debit on Delivery",0,0,0,2022-07-28,2024-01-25,NA,2026-07-24,165
2022-11-17 03:56:58,2020-03-24,"1  (BYO) FSG - Orders Only","Combined CSA","Fair Shares Wednesday Pickup","Ellisville","MO","63021",0,"Automatic","Green Orange","Not on Hold","Fair Shares - Wednesday  - Wednesday","Debit on Delivery",0,0,0,2020-03-25,2022-11-16,NA,2026-07-24,799
2020-12-17 04:00:45,2020-04-13,"1 (BYO) UCG - Orders Only","Combined CSA","UCity Pickup","St. Louis","MO","63130",0,"Automatic","None","Not on Hold","UCity - Wednesday","Debit on Delivery",0,0,0,2020-04-15,2020-12-16,NA,2026-07-24,767
2025-12-01 09:12:31,2024-08-23,"1  (BYO) FSG - Orders Only","Combined CSA","Fair Shares Wednesday Pickup","St. Louis","MO","63110",0,"Automatic","Purple","Not on Hold","Fair Shares - Wednesday  - Wednesday","Debit on Delivery",0,0,0,2024-08-28,2025-11-19,NA,2026-07-24,141
2026-03-27 07:36:10,2020-04-18,"1  (BYO) FSG - Orders Only","Combined CSA","Fair Shares Wednesday Pickup","St. Louis","MO","63146",0,"Automatic","Orange","Not on Hold","Fair Shares - Wednesday  - Wednesday","Debit on Delivery",0,0,0,2020-04-22,2021-11-03,NA,2026-07-24,7
2025-12-11 11:04:07,2022-07-09,"1  (BYO) FSG - Orders Only","Combined CSA","Fair Shares Thursday Pickup","St Louis","MO","63110",0,"Automatic","Green","Not on Hold","Fair Shares - Thursday - Thursday","Debit on Delivery",0,0,0,2022-07-21,2025-12-04,NA,2026-07-24,1375
2026-07-24 02:36:40,2017-07-18,"1 FSA/FSD","Combined CSA","FSD","St. Louis","MO","63110",147.87,"Automatic","None","Not on Hold","Fair Shares - Thursday - Thursday","$300",0,0,0,2017-08-17,2026-07-23,NA,2026-07-24,928
2026-02-26 03:54:45,2021-09-29,"1  (BYO) FSG - Orders Only","Combined CSA","UCity Pickup","St Louis","MO","63110",0,"Automatic","None","Not on Hold","UCity - Wednesday","Debit on Delivery",0,0,0,2021-10-13,2026-02-25,NA,2026-07-24,788
2026-07-23 04:03:04,2026-05-27,"1 Mini (Weekly Shares)","Combined CSA","FSMini-w","St. Louis","MO","63123",211.35,"Automatic","None","Not on Hold","Fair Shares - Wednesday  - Wednesday","$150",0,0,0,2026-06-03,2026-07-22,NA,2026-07-24,77
2026-01-30 02:18:58,2023-04-28,"1  (BYO) FSG - Orders Only","Combined CSA","Fair Shares Thursday Pickup","St. Louis","MO","63143",395.74,"Automatic","None","Not on Hold","Fair Shares - Thursday - Thursday","Debit on Delivery",0,0,0,2023-05-04,2026-01-29,NA,2026-07-24,529
2022-08-16 07:15:20,2021-03-12,"1  (BYO) FSG - Orders Only","Combined CSA","Fair Shares Wednesday Pickup","St. Louis","MO","63118",0,"Automatic","Purple","Hold","Fair Shares - Wednesday  - Wednesday","Debit on Delivery",0,0,0,2021-03-31,2022-02-16,NA,2026-07-24,109
2021-11-26 03:46:41,2018-09-20,"1 (BYO) KWG - Orders Only (Weekly Shares)","Combined CSA","Kirkwood Pickup","Saint Louis","MO","63122",0,"Automatic","None","Not on Hold","Kirkwood - Thursday","Debit on Delivery",0,0,0,2018-09-27,2021-11-25,NA,2026-07-24,164
2024-09-20 11:23:45,2020-04-12,"1 (BYO) UCG - Orders Only","Combined CSA","UCity Pickup","Richmond Heights","MO","63117",114.08,"Automatic","None","Not on Hold","UCity - Wednesday","Debit on Delivery",0,0,0,2020-04-15,2024-09-18,NA,2026-07-24,16
2023-02-03 03:52:22,2021-09-06,"1 (BYO) KWG - Orders Only (Weekly Shares)","Combined CSA","Kirkwood Pickup","Des Peres","MO","63131",0,"Automatic","Green Purple","Not on Hold","Kirkwood - Thursday","Debit on Delivery",0,0,0,2021-09-16,2023-02-02,NA,2026-07-24,1718
2023-12-29 03:51:26,2022-06-12,"1  (BYO) FSG - Orders Only","Combined CSA","Fair Shares Thursday Pickup","Chesterfield","MO","63017",0,"Automatic","None","Not on Hold","Fair Shares - Thursday - Thursday","Debit on Delivery",0,0,0,2022-06-16,2023-01-05,NA,2026-07-24,315
2021-03-29 19:17:19,2020-05-04,"1  (BYO) FSG - Orders Only","Combined CSA","Fair Shares Wednesday Pickup","St. Louis","MO","63110",0,"Automatic","Green Orange","Hold","Fair Shares - Wednesday  - Wednesday","Debit on Delivery",0,0,0,2020-05-07,2021-03-25,NA,2026-07-24,1372
2021-08-06 02:50:00,2020-07-27,"1  (BYO) FSG - Orders Only","Combined CSA","Fair Shares Thursday Pickup","St. Louis","MO","63105",7.42,"Automatic","Green","Not on Hold","Fair Shares - Thursday - Thursday","Debit on Delivery",0,0,0,2020-07-30,2021-08-05,NA,2026-07-24,1036
2025-08-14 10:55:09,2022-04-26,"1 BYO - No Share, Order Only (Weekly Shares)","Combined CSA","Fair Shares Thursday Pickup","St. Louis","MO","63118",0,NA,"None","Not on Hold","Fair Shares - Thursday - Thursday",NA,0,0,0,2025-08-14,2025-08-14,NA,2026-07-24,1359
2025-07-11 03:58:22,2024-01-07,"1  (BYO) FSG - Orders Only","Combined CSA","Fair Shares Thursday Pickup","St. Louis","MO","63139",0,"Automatic","Orange","Not on Hold","Fair Shares - Thursday - Thursday","Debit on Delivery",0,0,0,2024-01-11,2025-07-10,NA,2026-07-24,779
2026-07-24 02:36:40,2021-02-14,"1 Mini (Weekly Shares)","Combined CSA","FSMini-t","St. Louis","MO","63118",165.18,"Automatic","None","Not on Hold","Fair Shares - Thursday - Thursday","$300",0,0,0,2021-02-25,2026-07-23,NA,2026-07-24,1593
2026-01-23 03:53:07,2025-04-04,"1 (BYO) KWG - Orders Only (Weekly Shares)","Combined CSA","Kirkwood Pickup","St Louis","MO","63126",0,"Automatic","Purple","Not on Hold","Kirkwood - Thursday","Debit on Delivery",0,0,0,2025-04-10,2026-01-22,NA,2026-07-24,968
2025-12-07 17:42:10,2024-08-21,"1 (BYO) KWG - Orders Only (Weekly Shares)","Combined CSA","Kirkwood Pickup","Kirkwood","MO","63122",26.55,"Automatic","None","Not on Hold","Kirkwood - Thursday","Debit on Delivery",0,0,0,2024-08-29,2025-12-04,NA,2026-07-24,404
2023-11-10 03:57:47,2020-04-04,"1  (BYO) FSG - Orders Only","Combined CSA","Fair Shares Thursday Pickup","St. Louis","MO","63104",0,"Automatic","Green Purple","Not on Hold","Fair Shares - Thursday - Thursday","Debit on Delivery",0,0,0,2020-04-09,2023-11-09,NA,2026-07-24,1929
2026-03-27 08:02:50,2017-07-18,"1 BYO - No Share, Order Only (Weekly Shares)","Combined CSA","Fair Shares Wednesday Pickup","St. Louis","MO","63050",0,NA,"None","Hold","Fair Shares - Wednesday  - Wednesday",NA,0,0,0,2017-08-16,2018-02-28,NA,2026-07-24,1729
2026-05-14 02:27:41,2020-02-26,"1 (BYO) UCG - Orders Only","Combined CSA","UCity Pickup","St. Louis","MO","63105",0,"Automatic","Payment Orange","Not on Hold","UCity - Wednesday","Debit on Delivery",0,0,0,2020-03-25,2025-11-19,NA,2026-07-24,957
2026-04-20 10:38:50,2020-04-16,"1 (BYO) KWG - Orders Only (Weekly Shares)","Combined CSA","Kirkwood Pickup","St. Louis","MO","63126",122.46,"Automatic","Blue Orange","Hold","Kirkwood - Thursday","Debit on Delivery",0,0,0,2020-04-23,2021-11-04,NA,2026-07-24,386
2026-07-23 02:43:56,2020-03-02,"1 Half (Half Share - ODD week)","Combined CSA","FSB","St Louis","MO","63110",281.2,"Automatic","Orange","Not on Hold","Fair Shares - Wednesday  - Wednesday","$300",0,0,0,2020-03-25,2026-07-22,NA,2026-07-24,1045
2026-07-23 02:43:56,2017-07-18,"1 Mini (Weekly Shares)","Combined CSA","UCM","St. Louis","MO","63112",181.44,"Automatic","None","Not on Hold","UCity - Wednesday","$300",0,0,0,2017-08-16,2026-07-22,NA,2026-07-24,1559
2026-07-24 02:36:40,2026-04-09,"1 FSA/FSD","Combined CSA","FSD","Saint Louis","MO","63119",89.6,"Automatic","None","Not on Hold","Fair Shares - Thursday - Thursday","$300",0,0,0,2026-04-30,2026-07-23,NA,2026-07-24,433
2026-07-23 02:43:56,2017-07-18,"1 Half (Half Share - ODD week)","Combined CSA","UCB","St. Louis","MO","63105",124.97,"Automatic","Orange","Not on Hold","UCity - Wednesday","$300",0,0,0,2017-08-16,2026-07-22,NA,2026-07-24,430
2021-05-18 17:35:26,2021-04-01,"1 (BYO) UCG - Orders Only","Combined CSA","UCity Pickup","Florissant","MO","63031",0,"Automatic","None","Not on Hold","UCity - Wednesday","Debit on Delivery",0,0,0,2021-04-07,2021-05-12,NA,2026-07-24,2
2025-06-30 13:01:27,2022-03-18,"1  (BYO) FSG - Orders Only","Combined CSA","Fair Shares Wednesday Pickup","Saint Louis","MO","63139",0,"Automatic","Green","Not on Hold","Fair Shares - Wednesday  - Wednesday","Debit on Delivery",0,0,0,2022-03-23,2025-04-02,NA,2026-07-24,848
2024-06-02 20:22:54,2020-04-03,"1 (BYO) KWG - Orders Only (Weekly Shares)","Combined CSA","Kirkwood Pickup","Ballwin","MO","63021",141.95,"Automatic","Orange","Not on Hold","Kirkwood - Thursday","Debit on Delivery",0,0,0,2020-04-09,2024-05-30,NA,2026-07-24,1988
2020-05-04 09:33:13,2020-03-21,"1 Guest Access","Combined CSA","Fair Shares Wednesday Pickup","st. louis","MO","63110",0,NA,"None","Not on Hold","Fair Shares - Wednesday  - Wednesday",NA,0,0,0,NA,NA,NA,2026-07-24,664
2026-04-20 09:02:25,2024-07-08,"1  (BYO) FSG - Orders Only","Combined CSA","Fair Shares Thursday Pickup","Saint louis","MO","63110",0,"Automatic","Purple","Hold","Fair Shares - Thursday - Thursday","Debit on Delivery",0,0,0,2024-07-11,2024-07-18,NA,2026-07-24,477
2021-04-13 17:05:10,2020-08-21,"1  (BYO) FSG - Orders Only","Combined CSA","Fair Shares Wednesday Pickup","St. Louis","MO","63139",0,"Automatic","None","Hold","Fair Shares - Wednesday  - Wednesday","Debit on Delivery",0,0,0,2020-08-26,2021-02-03,NA,2026-07-24,702
2026-04-30 06:41:06,2020-09-08,"1 (BYO) UCG - Orders Only","Combined CSA","UCity Pickup","St. Louis","MO","63114",168.18,"Automatic","Green Orange","Not on Hold","UCity - Wednesday","Debit on Delivery",0,0,0,2020-09-16,2026-02-18,NA,2026-07-24,1741
2026-07-16 04:00:23,2017-07-18,"1 Half (Half Share - EVEN week)","Combined CSA","UCB","St. Louis","MO","63119",627.62,"Automatic","Purple","Not on Hold","UCity - Wednesday","$600",0,0,0,2017-08-16,2026-07-15,NA,2026-07-24,1410
2021-09-30 17:14:27,2021-04-14,"1 (BYO) KWG - Orders Only (Weekly Shares)","Combined CSA","Kirkwood Pickup","Saint Louis","MO","63127",0,"Automatic","Purple","Hold","Kirkwood - Thursday","Debit on Delivery",0,0,0,2021-04-29,2021-09-16,NA,2026-07-24,1492
2026-07-16 04:00:07,2019-10-23,"1 Half (Half Share - EVEN week)","Combined CSA","FSB","St. Louis","MO","63103",282.58,"Automatic","Purple","Not on Hold","Fair Shares - Wednesday  - Wednesday","$300",0,0,0,2019-10-23,2026-07-15,NA,2026-07-24,712
2024-11-21 02:32:04,2023-08-20,"1 (BYO) UCG - Orders Only","Combined CSA","UCity Pickup","St louis","MO","63130",39.16,"Automatic","None","Not on Hold","UCity - Wednesday","Debit on Delivery",0,0,0,2023-08-23,2024-11-20,NA,2026-07-24,989
2026-02-09 10:31:41,2018-04-22,"1 BYO - No Share, Order Only (Weekly Shares)","Combined CSA","Fair Shares Thursday Pickup","St. Louis","MO","63128",0,NA,"None","Hold","Fair Shares - Thursday - Thursday",NA,0,0,0,2018-04-26,2018-08-16,NA,2026-07-24,1265
2026-03-27 07:16:18,2022-06-28,"1  (BYO) FSG - Orders Only","Combined CSA","Fair Shares Wednesday Pickup","St. Louis","MO","63139",0,"Automatic","Purple","Not on Hold","Fair Shares - Wednesday  - Wednesday","Debit on Delivery",0,0,0,2022-07-06,2024-10-16,NA,2026-07-24,1814
2025-04-24 03:57:21,2017-07-18,"1  (BYO) FSG - Orders Only","Combined CSA","Fair Shares Wednesday Pickup","Columbia","IL","62236",0.01,"Automatic","None","Not on Hold","Fair Shares - Wednesday  - Wednesday","Debit on Delivery",0,0,0,2017-08-16,2025-04-23,NA,2026-07-24,1245
2026-03-27 07:40:35,2020-03-23,"1 BYO - No Share, Order Only (Weekly Shares)","Combined CSA","Fair Shares Wednesday Pickup","Saint louis","MO","63124",0,NA,"Green","Not on Hold","Fair Shares - Wednesday  - Wednesday",NA,0,0,0,2020-03-25,2020-06-17,NA,2026-07-24,95
2025-02-06 02:22:28,2024-04-01,"1 (BYO) UCG - Orders Only","Combined CSA","UCity Pickup","U City","MO","63130",65.57,"Automatic","None","Not on Hold","UCity - Wednesday","Debit on Delivery",0,0,0,2024-04-03,2025-02-05,NA,2026-07-24,117
2023-07-19 09:16:36,2020-09-17,"1 (BYO) KWG - Orders Only (Weekly Shares)","Combined CSA","Kirkwood Pickup","st louis","MO","63119",0,"Automatic","Green Orange","Not on Hold","Kirkwood - Thursday","Debit on Delivery",0,0,0,2020-09-30,2023-06-08,NA,2026-07-24,821
2022-06-07 15:24:19,2021-11-14,"1  (BYO) FSG - Orders Only","Combined CSA","Fair Shares Thursday Pickup","St. Louis","MO","63139",0,"Automatic","None","Not on Hold","Fair Shares - Thursday - Thursday","Debit on Delivery",0,0,0,2021-11-17,2022-06-01,NA,2026-07-24,419
2025-10-09 03:59:35,2020-04-24,"1  (BYO) FSG - Orders Only","Combined CSA","Fair Shares Wednesday Pickup","St louis","MO","63110",0,"Automatic","None","Not on Hold","Fair Shares - Wednesday  - Wednesday","Debit on Delivery",0,0,0,2020-04-29,2025-10-08,NA,2026-07-24,568
2026-04-18 20:20:29,2020-04-10,"1  (BYO) FSG - Orders Only","Combined CSA","Fair Shares Thursday Pickup","St. Louis","MO","63118",59.37,"Automatic","Green Purple","Not on Hold","Fair Shares - Thursday - Thursday","Debit on Delivery",0,0,0,2020-04-16,2026-02-26,NA,2026-07-24,1213
2026-07-24 02:36:40,2017-07-20,"1 FSA/FSD","Combined CSA","FSD","St. Louis","MO","63143",145.42,"Automatic","None","Not on Hold","Fair Shares - Thursday - Thursday","$300",0,0,0,2017-08-24,2026-07-23,NA,2026-07-24,761
2025-11-28 03:48:12,2021-09-11,"1  (BYO) FSG - Orders Only","Combined CSA","Fair Shares Thursday Pickup","St. Louis","MO","63104",0,"Automatic","Green","Not on Hold","Fair Shares - Thursday - Thursday","Debit on Delivery",0,0,0,2021-09-16,2025-11-27,NA,2026-07-24,204
2025-10-31 03:55:58,2023-01-11,"1  (BYO) FSG - Orders Only","Combined CSA","Fair Shares Thursday Pickup","St Charles","MO","63301",0,"Automatic","Green Purple","Not on Hold","Fair Shares - Thursday - Thursday","Debit on Delivery",0,0,0,2023-01-19,2025-10-30,NA,2026-07-24,1283
2024-09-09 08:42:44,2023-03-30,"1 (BYO) UCG - Orders Only","Combined CSA","UCity Pickup","Saint Louis","MO","63114",159.28,"Automatic","Purple","Not on Hold","UCity - Wednesday","Debit on Delivery",0,0,0,2023-04-05,2024-08-14,NA,2026-07-24,1445
2026-02-26 15:34:24,2024-05-15,"1  (BYO) FSG - Orders Only","Combined CSA","Fair Shares Thursday Pickup","St Louis","MO","63118",0,NA,"None","Not on Hold","Fair Shares - Thursday - Thursday",NA,0,0,0,2024-06-19,2026-02-26,NA,2026-07-24,580
2025-12-04 17:11:09,2017-07-20,"1  (BYO) FSG - Orders Only","Combined CSA","Fair Shares Thursday Pickup","St. Louis","MO","63124",43.61,"Automatic","None","Not on Hold","Fair Shares - Thursday - Thursday","Debit on Delivery",0,0,0,2017-08-17,2022-09-29,NA,2026-07-24,1374
2026-07-23 02:43:56,2017-07-18,"1 UCA/KWA, 1 2% MILK-e","Combined CSA","UCA","St. Louis","63143","63143",109.64,"Automatic","None","Not on Hold","UCity - Wednesday","$600",0,0,0,2017-08-16,2026-07-22,NA,2026-07-24,322
2026-07-23 04:03:26,2026-07-18,"1 Guest Access, 1 Mini (ONCE 2026-07-29)","Combined CSA","FSMini-w","St. Louis","MO","63110",0,"Automatic","None","Not on Hold","Fair Shares - Wednesday  - Wednesday","Debit on Delivery",0,0,0,2026-07-22,2026-07-22,NA,2026-07-24,521
2026-03-27 07:20:27,2021-01-12,"1  (BYO) FSG - Orders Only","Combined CSA","Fair Shares Wednesday Pickup","Saint Louis","MO","63139",0,"Automatic","Green","Not on Hold","Fair Shares - Wednesday  - Wednesday","Debit on Delivery",0,0,0,2021-01-13,2021-10-27,NA,2026-07-24,1167
2026-07-16 02:44:04,2017-07-18,"1 Half (Half Share - EVEN week)","Combined CSA","UCB","St. Louis","63146","55555",141.34,"Automatic","Purple","Not on Hold","UCity - Wednesday","$150",0,0,0,2017-08-16,2026-07-15,NA,2026-07-24,371
2026-04-20 09:03:09,2018-08-22,"1  (BYO) FSG - Orders Only","Combined CSA","Fair Shares Thursday Pickup","St. Louis","MO","63126",220.39,"Automatic","Purple","Hold","Fair Shares - Thursday - Thursday","Debit on Delivery",0,0,0,2018-08-22,2024-01-11,NA,2026-07-24,993
2024-11-15 04:00:47,2020-06-17,"1 Guest Access, 1 BYO - No Share, Order Only (Weekly Shares)","Combined CSA","Fair Shares Thursday Pickup","Saint Louis","MO","63110",347.61,"Automatic","None","Not on Hold","Fair Shares - Thursday - Thursday","Debit on Delivery",0,0,0,2020-07-09,2024-11-14,NA,2026-07-24,827
2026-07-24 02:36:40,2023-04-06,"1 (BYO) KWG - Orders Only (Weekly Shares)","Combined CSA","Kirkwood Pickup","St. Louis","MO","63132",94.56,"Automatic","None","Not on Hold","Kirkwood - Thursday","Debit on Delivery",0,0,0,2023-04-12,2026-07-23,NA,2026-07-24,793
2026-01-04 02:07:04,2017-07-20,"1 (BYO) KWG - Orders Only (Weekly Shares)","Combined CSA","Kirkwood Pickup","St. Louis","MO","63119",0,"Automatic","None","Not on Hold","Kirkwood - Thursday","Debit on Delivery",0,0,0,2017-08-17,2025-08-21,NA,2026-07-24,743
2026-07-17 03:55:25,2017-07-18,"1 Half (Half Share - EVEN week), 1 No Produce - Order Only (odd wk)","Combined CSA","FSE","St. Louis","MO","63110",217.06,"Automatic","Purple","Not on Hold","Fair Shares - Thursday - Thursday","$150",0,0,0,2017-08-16,2026-07-16,NA,2026-07-24,725
2026-04-02 12:39:41,2022-02-23,"1  (BYO) FSG - Orders Only","Combined CSA","Fair Shares Wednesday Pickup","St. Louis","MO","63116",0,"Automatic","Green","Not on Hold","Fair Shares - Wednesday  - Wednesday","Debit on Delivery",0,0,0,2022-03-23,2026-02-25,NA,2026-07-24,547
2026-03-27 07:15:37,2021-12-13,"1  (BYO) FSG - Orders Only","Combined CSA","Fair Shares Wednesday Pickup","St. Louis","MO","63123",0,NA,"Green","Hold","Fair Shares - Wednesday  - Wednesday","Debit on Delivery",0,0,0,2021-12-22,2022-10-12,NA,2026-07-24,1609
2026-03-27 07:30:44,2020-05-26,"1  (BYO) FSG - Orders Only","Combined CSA","Fair Shares Wednesday Pickup","St. Louis","MO","63119",0,NA,"None","Not on Hold","Fair Shares - Wednesday  - Wednesday","Debit on Delivery",0,0,0,2020-06-03,2025-01-15,NA,2026-07-24,1276
2026-07-24 03:55:12,2017-07-18,"1 Half (Half Share - ODD week), 1 No Produce - Order Only (even wk)","Combined CSA","FSE","St. Louis","63116","63116",188.56,"Automatic","Orange","Not on Hold","Fair Shares - Thursday - Thursday","$150",0,0,0,2017-08-24,2026-07-23,NA,2026-07-24,1977
2021-04-01 09:47:54,2020-03-25,"1  (BYO) FSG - Orders Only","Combined CSA","Fair Shares Thursday Pickup","St Louis","MO","63104",0,"Automatic","Green Purple","Not on Hold","Fair Shares - Thursday - Thursday","Debit on Delivery",0,0,0,2020-03-26,2021-02-25,NA,2026-07-24,1775
2025-10-30 03:59:39,2025-10-14,"1 Guest Access","Combined CSA","UCM","Saint Louis","MO","63130",0,"Automatic","None","Not on Hold","UCity - Wednesday","Debit on Delivery",0,0,0,2025-10-22,2025-10-29,NA,2026-07-24,755
2022-04-08 03:53:24,2020-05-05,"1  (BYO) FSG - Orders Only","Combined CSA","Fair Shares Thursday Pickup","St. Louis","MO","63118",0,"Automatic","Green","Not on Hold","Fair Shares - Thursday - Thursday","Debit on Delivery",0,0,0,2020-05-07,2022-04-07,NA,2026-07-24,890
2022-08-29 08:25:01,2020-04-09,"1  (BYO) FSG - Orders Only","Combined CSA","Fair Shares Wednesday Pickup","Webster Groves","MO","63119",0,"Automatic","Orange","Not on Hold","Fair Shares - Wednesday  - Wednesday","Debit on Delivery",0,0,0,2020-04-15,2022-08-24,NA,2026-07-24,897
2026-07-24 03:55:10,2019-06-04,"1 Mini (Weekly Shares)","Combined CSA","FSMini-t","St. Louis","MO","63109",186.64,"Automatic","None","Not on Hold","Fair Shares - Thursday - Thursday","$150",0,0,0,2019-06-06,2026-07-23,NA,2026-07-24,1941
2024-03-08 02:19:49,2022-11-27,"1 (BYO) KWG - Orders Only (Weekly Shares)","Combined CSA","Kirkwood Pickup","Kirkwood","MO","63122",41.54,"Automatic","Green","Not on Hold","Kirkwood - Thursday","Debit on Delivery",0,0,0,2022-12-01,2024-03-07,NA,2026-07-24,1293
2026-07-24 02:36:40,2026-06-25,"1 FSA/FSD","Combined CSA","FSD","St Louis","MO","63139",188.22,"Automatic","None","Not on Hold","Fair Shares - Thursday - Thursday","$300",0,0,0,2026-07-02,2026-07-23,NA,2026-07-24,825
2026-03-27 07:12:17,2022-03-15,"1  (BYO) FSG - Orders Only","Combined CSA","Fair Shares Wednesday Pickup","Webster Groves","MO","63119",0,"Automatic","None","Not on Hold","Fair Shares - Wednesday  - Wednesday","Debit on Delivery",0,0,0,2022-03-23,2022-07-27,NA,2026-07-24,882
2026-07-09 03:54:43,2024-04-01,"1 (BYO) UCG - Orders Only","Combined CSA","UCity Pickup","Overland","MO","63114",0,"Automatic","Orange","Not on Hold","UCity - Wednesday","Debit on Delivery",0,0,0,2024-04-03,2026-07-08,NA,2026-07-24,482
2025-12-18 03:57:52,2025-05-01,"1 (BYO) UCG - Orders Only","Combined CSA","UCity Pickup","Ballwin","MO","63021",0,"Automatic","None","Not on Hold","UCity - Wednesday","Debit on Delivery",0,0,0,2025-05-07,2025-12-17,NA,2026-07-24,320
2026-07-23 04:03:14,2024-01-05,"1 Mini (Weekly Shares)","Combined CSA","FSMini-w","St. Louis","MO","63111",177.32,"Automatic","None","Not on Hold","Fair Shares - Wednesday  - Wednesday","$150",0,0,0,2024-01-11,2026-07-22,NA,2026-07-24,1879
2026-03-27 07:13:41,2022-02-27,"1  (BYO) FSG - Orders Only","Combined CSA","Fair Shares Wednesday Pickup","Belleville","IL","62223",0,"Automatic","None","Not on Hold","Fair Shares - Wednesday  - Wednesday","Debit on Delivery",0,0,0,2022-03-23,2022-06-29,NA,2026-07-24,457
2026-04-20 14:02:59,2017-07-18,"1  (BYO) FSG - Orders Only","Combined CSA","Fair Shares Wednesday Pickup","St. Louis","MO","63104",0.01,"Automatic","Purple","Not on Hold","Fair Shares - Wednesday  - Wednesday","Debit on Delivery",0,0,0,2017-08-16,2022-10-26,NA,2026-07-24,519
2026-04-20 13:31:40,2021-01-02,"1  (BYO) FSG - Orders Only","Combined CSA","Fair Shares Wednesday Pickup","Creve Coeur","MO","63141",0.01,"Automatic","Green Purple","Not on Hold","Fair Shares - Wednesday  - Wednesday","Debit on Delivery",0,0,0,2021-01-06,2023-02-01,NA,2026-07-24,1361
2026-07-23 02:43:56,2020-04-03,"1 Mini (Weekly Shares)","Combined CSA","FSMini-w","Affton","MO","63143",271.66,"Automatic","None","Not on Hold","Fair Shares - Wednesday  - Wednesday","$300",0,0,0,2020-04-08,2026-07-22,NA,2026-07-24,100
2021-01-18 09:34:22,2020-09-27,"1  (BYO) FSG - Orders Only","Combined CSA","Fair Shares Wednesday Pickup","St. Louis","MO","63118",0,"Automatic","Green Purple","Not on Hold","Fair Shares - Wednesday  - Wednesday","Debit on Delivery",0,0,0,2020-09-30,2021-01-06,NA,2026-07-24,1114
2026-07-24 03:55:03,2020-04-17,"1 Half (Half Share - ODD week)","Combined CSA","FSE","St. Louis","MO","63116",600.8,"Automatic","Orange","Not on Hold","Fair Shares - Thursday - Thursday","$600",0,0,0,2020-04-22,2026-07-23,NA,2026-07-24,566
2026-04-29 06:07:36,2017-07-18,"1  (BYO) FSG - Orders Only","Combined CSA","Fair Shares Wednesday Pickup","St. Louis","MO","63101",73.16,"Automatic","None","Not on Hold","Fair Shares - Wednesday  - Wednesday","Debit on Delivery",0,0,0,2017-08-16,2026-02-25,NA,2026-07-24,194
2026-02-15 20:19:58,2020-03-24,"1  (BYO) FSG - Orders Only","Combined CSA","Fair Shares Wednesday Pickup","Saint Louis","MO","63110",0,"Automatic","Green","Not on Hold","Fair Shares - Wednesday  - Wednesday","Debit on Delivery",0,0,0,2020-03-25,2026-02-11,NA,2026-07-24,422
2024-08-19 14:45:49,2020-04-18,"1  (BYO) FSG - Orders Only","Combined CSA","Fair Shares Thursday Pickup","St. Louis","MO","63139",0,"Automatic","None","Not on Hold","Fair Shares - Thursday - Thursday","Debit on Delivery",0,0,0,2020-04-22,2024-05-09,NA,2026-07-24,646
2026-07-18 02:07:16,2017-07-18,"1 Half (Half Share - EVEN week), 1 No Produce - Order Only (odd wk)","Combined CSA","FSE","St. Louis","MO","63143",215.14,"Automatic","Purple","Not on Hold","Fair Shares - Thursday - Thursday","$150",0,0,0,2017-08-16,2026-07-16,NA,2026-07-24,1717
2026-07-24 02:36:40,2025-08-30,"1 Half (Half Share - ODD week), 1 No Produce - Order Only (even wk)","Combined CSA","FSE","Saint Louis","MO","63129",78.64,"Automatic","Orange","Not on Hold","Fair Shares - Thursday - Thursday","$150",0,0,0,2025-09-04,2026-07-23,NA,2026-07-24,885
2024-09-27 07:45:55,2020-03-24,"1 (BYO) UCG - Orders Only","Combined CSA","UCity Pickup","St Ann","MO","63074",211,"Automatic","Green","Not on Hold","UCity - Wednesday","Debit on Delivery",0,0,0,2020-03-25,2024-08-14,NA,2026-07-24,1924
2026-07-17 02:36:03,2023-02-09,"1 Half (Half Share - EVEN week)","Combined CSA","KWB","St. Louis","MO","63119",158.59,"Automatic","Green Purple","Not on Hold","Kirkwood - Thursday","$300",0,0,0,2023-02-16,2026-07-16,NA,2026-07-24,540
2019-08-29 02:38:50,2018-01-13,"1 BYO - No Share, Order Only (Weekly Shares)","Combined CSA","Fair Shares Wednesday Pickup","Villa Ridge","MO","63089",0,NA,"None","Not on Hold","Fair Shares - Wednesday  - Wednesday","Debit on Delivery",0,0,0,2018-01-18,2019-08-28,NA,2026-07-24,935
2026-07-17 03:55:30,2020-06-11,"1 (BYO) KWG - Orders Only (Weekly Shares)","Combined CSA","Kirkwood Pickup","Chesterfield","MO","63017",0,"Automatic","Orange","Not on Hold","Kirkwood - Thursday","Debit on Delivery",0,0,0,2020-06-18,2026-07-16,NA,2026-07-24,267
2026-07-24 02:36:40,2017-08-09,"1 2% MILK, 1 Mini (Weekly Shares)","Combined CSA","KWM","Webster Groves","MO","63119",124.34,"Automatic","None","Not on Hold","Kirkwood - Thursday","$150",0,0,0,2017-08-16,2026-07-23,NA,2026-07-24,192
2026-07-23 02:43:56,2017-07-18,"1 UCA/KWA","Combined CSA","UCA","St. Louis","MO","63112",224.82,"Automatic","None","Not on Hold","UCity - Wednesday","$600",0,0,0,2017-08-16,2026-07-22,NA,2026-07-24,1735
2026-07-24 03:55:16,2022-07-21,"1 Mini (Weekly Shares)","Combined CSA","FSMini-t","St. Louis","MO","63126",203.35,"Automatic","None","Not on Hold","Fair Shares - Thursday - Thursday","$150",0,0,0,2022-07-28,2026-07-23,NA,2026-07-24,1468
2026-07-24 03:55:07,2017-07-20,"1 BYO - No Share, Order Only (Weekly Shares)","Combined CSA","Fair Shares Thursday Pickup","St. Louis","63124","MO",0,"Automatic","Payment","Not on Hold","Fair Shares - Thursday - Thursday","Debit on Delivery",0,0,0,2017-10-05,2026-07-23,NA,2026-07-24,1211
2026-07-16 04:00:08,2017-07-18,"1 Half (Half Share - EVEN week)","Combined CSA","FSB","webster Groves","MO","63119",224.01,"Automatic","Purple","Not on Hold","Fair Shares - Wednesday  - Wednesday","$150",0,0,0,2017-08-16,2026-07-15,NA,2026-07-24,30
2026-07-10 03:54:22,2024-01-08,"1 Mini (Weekly Shares)","Combined CSA","KWM","Bridgeton","MO","63044",213.67,"Automatic","None","Not on Hold","Kirkwood - Thursday","$150",0,0,0,2024-01-17,2026-07-09,NA,2026-07-24,1476
2026-07-16 04:00:16,2023-07-13,"1 Half (Half Share - EVEN week)","Combined CSA","UCB","University City","MO","63130",177.22,"Automatic","Payment Green Purple","Not on Hold","UCity - Wednesday","$300",0,0,0,2023-07-19,2026-07-15,NA,2026-07-24,472
2026-07-24 03:55:10,2020-04-06,"1 Half (Half Share - ODD week), 1 No Produce - Order Only (even wk)","Combined CSA","FSE","St. Louis","MO","63139",181.71,"Automatic","Orange","Not on Hold","Fair Shares - Thursday - Thursday","$150",0,0,0,2020-04-09,2026-07-23,NA,2026-07-24,1871
2025-10-24 02:37:57,2025-03-18,"1  (BYO) FSG - Orders Only","Combined CSA","Fair Shares Thursday Pickup","St Louis","MO","63104",67.82,"Automatic","Purple","Not on Hold","Fair Shares - Thursday - Thursday","Debit on Delivery",0,0,0,2025-04-03,2025-10-23,NA,2026-07-24,559
2026-07-23 04:03:21,2026-07-14,"1 Mini (Weekly Shares)","Combined CSA","UCM","University City","MO","63130",0,"Automatic","None","Not on Hold","UCity - Wednesday","Debit on Delivery",0,0,0,2026-07-22,2026-07-22,NA,2026-07-24,667
2026-07-17 03:55:20,2025-08-17,"1 Half (Half Share - EVEN week)","Combined CSA","FSE","St. Louis","MO","63144",181.71,"Automatic","Purple","Not on Hold","Fair Shares - Thursday - Thursday","$150",0,0,0,2025-08-21,2026-07-16,NA,2026-07-24,83
2026-02-26 02:22:28,2023-04-27,"1 (BYO) KWG - Orders Only (Weekly Shares)","Combined CSA","Fair Shares Wednesday Pickup","Saint Louis","MO","63119",12.04,"Automatic","Purple","Not on Hold","Fair Shares - Wednesday  - Wednesday","Debit on Delivery",0,0,0,2023-05-04,2026-02-25,NA,2026-07-24,603
2026-07-24 02:36:40,2026-02-23,"1 FSA/FSD","Combined CSA","FSD","St louis","MO","63104",107.91,"Automatic","None","Not on Hold","Fair Shares - Thursday - Thursday","$300",0,0,0,2026-04-30,2026-07-23,NA,2026-07-24,963
2026-07-23 04:02:55,2020-04-12,"1 Mini (Weekly Shares)","Combined CSA","FSMini-w","St. Louis","MO","63116",198.68,"Automatic","None","Not on Hold","Fair Shares - Wednesday  - Wednesday","$150",0,0,0,2020-04-16,2026-07-22,NA,2026-07-24,1038
2024-12-06 02:29:00,2017-07-18,"1  (BYO) FSG - Orders Only","Combined CSA","Fair Shares Wednesday Pickup","St. Charles","MO","63303",0,"Automatic","None","Not on Hold","Fair Shares - Wednesday  - Wednesday","Debit on Delivery",0,0,0,2017-08-17,2024-11-27,NA,2026-07-24,1189
2026-07-24 03:55:07,2026-06-30,"1 Guest Access","Combined CSA","FSE","St. Louis","MO","63104",0,"Automatic","None","Not on Hold","Fair Shares - Thursday - Thursday","Debit on Delivery",0,0,0,2026-07-09,2026-07-23,NA,2026-07-24,138
2023-12-29 03:51:23,2017-07-20,"1 (BYO) KWG - Orders Only (Weekly Shares)","Combined CSA","Kirkwood Pickup","St. Louis","MO","63088",0,"Automatic","Orange","Not on Hold","Kirkwood - Thursday","Debit on Delivery",0,0,0,2017-08-17,2023-09-14,NA,2026-07-24,943
2026-03-27 07:47:22,2019-05-17,"1 BYO - No Share, Order Only (Weekly Shares)","Combined CSA","Fair Shares Wednesday Pickup","St. Louis","MO","63112",0,NA,"None","Not on Hold","Fair Shares - Wednesday  - Wednesday","Debit on Delivery",0,0,0,2019-05-23,2019-10-03,NA,2026-07-24,323
2026-04-29 18:39:25,2024-02-23,"1 (BYO) UCG - Orders Only","Combined CSA","UCity Pickup","St Louis","MO","63146",193.45,"Automatic","None","Not on Hold","UCity - Wednesday","Debit on Delivery",0,0,0,2024-02-28,2026-02-25,NA,2026-07-24,1052
2021-08-02 08:55:36,2021-03-18,"1  (BYO) FSG - Orders Only","Combined CSA","Fair Shares Thursday Pickup","Saint Louis","MO","63139",0,"Automatic","None","Hold","Fair Shares - Thursday - Thursday","Debit on Delivery",0,0,0,2021-03-25,2021-07-29,NA,2026-07-24,1001
2026-07-16 04:00:02,2023-05-20,"1 Mini (Weekly Shares)","Combined CSA","FSMini-w","Ballwin","MO","63021",203.58,"Automatic","None","Temp Hold","Fair Shares - Wednesday  - Wednesday","$150",0,0,0,2023-05-25,2026-07-15,NA,2026-07-24,1968
2025-01-19 20:39:32,2019-07-09,"1 (BYO) UCG - Orders Only","Combined CSA","UCity Pickup","St. Louis","MO","63132",9.68,"Automatic","None","Not on Hold","UCity - Wednesday","Debit on Delivery",0,0,0,2019-07-10,2025-01-15,NA,2026-07-24,691
2025-04-02 10:39:49,2019-04-14,"1  (BYO) FSG - Orders Only","Combined CSA","Fair Shares Thursday Pickup","St. Louis","MO","63119",181.95,"Automatic","None","Not on Hold","Fair Shares - Thursday - Thursday",NA,0,0,0,2019-04-18,2025-03-06,NA,2026-07-24,276
2026-07-24 02:36:40,2017-07-18,"1 FSA/FSD","Combined CSA","FSD","St. Louis","MO","63119",270.07,"Automatic","None","Not on Hold","Fair Shares - Thursday - Thursday","$600",0,0,0,2017-08-16,2026-07-23,NA,2026-07-24,11
2026-07-16 02:44:04,2021-03-23,"1 Mini (Weekly Shares)","Combined CSA","UCM","St Louis","MO","63132",89.5,"Automatic","None","Not on Hold","UCity - Wednesday","$150",0,0,0,2021-03-24,2026-07-15,NA,2026-07-24,207
2026-07-24 03:55:04,2026-07-03,"1 Mini (Weekly Shares)","Combined CSA","FSMini-t","Maplewood","MO","63143",214.62,"Automatic","None","Not on Hold","Fair Shares - Thursday - Thursday","$150",0,0,0,2026-07-09,2026-07-23,NA,2026-07-24,329
2026-03-27 07:44:06,2019-11-02,"1  (BYO) FSG - Orders Only","Combined CSA","Fair Shares Wednesday Pickup","St. Louis","MO","63116",0,"Automatic","None","Not on Hold","Fair Shares - Wednesday  - Wednesday","Debit on Delivery",0,0,0,2019-11-06,2022-06-29,NA,2026-07-24,1623
2026-07-10 03:54:16,2017-07-20,"1  (BYO) FSG - Orders Only","Combined CSA","Fair Shares Wednesday Pickup","St. Louis","MO","63144",0,"Automatic","None","Not on Hold","Fair Shares - Wednesday  - Wednesday","Debit on Delivery",0,0,0,2017-08-24,2026-07-09,NA,2026-07-24,88
2026-04-20 13:34:15,2020-08-09,"1  (BYO) FSG - Orders Only","Combined CSA","Fair Shares Wednesday Pickup","St. Louis","MO","63110",0.01,"Automatic","Green","Not on Hold","Fair Shares - Wednesday  - Wednesday","Debit on Delivery",0,0,0,2020-08-12,2023-02-01,NA,2026-07-24,460
2023-06-09 03:53:56,2021-06-30,"1  (BYO) FSG - Orders Only","Combined CSA","Fair Shares Thursday Pickup","St Louis","MO","63123",0,"Automatic","Green Purple","Not on Hold","Fair Shares - Thursday - Thursday","Debit on Delivery",0,0,0,2021-07-08,2023-06-08,NA,2026-07-24,1327
2026-03-27 08:03:19,2017-07-18,"1 BYO - No Share, Order Only (Weekly Shares)","Combined CSA","Fair Shares Wednesday Pickup","St. Louis","MO","63139",0,NA,"Purple","Hold","Fair Shares - Wednesday  - Wednesday","Debit on Delivery",0,0,0,2017-08-16,2018-07-18,NA,2026-07-24,388
2026-06-30 19:24:29,2017-07-18,"1 Half (Half Share - ODD week)","Combined CSA","FSB","St. Louis","MO","63110",125.21,"Automatic","Orange","Temp Hold","Fair Shares - Wednesday  - Wednesday","$150",0,0,0,2017-08-23,2026-06-24,NA,2026-07-24,732
2026-07-23 04:03:19,2017-07-20,"1 Half (Half Share - ODD week), 1 Whole MILK-o, 1 No Produce - Order Only (even wk)","Combined CSA","FSB","St. Louis","MO","63110",252.42,"Automatic","Blue Orange","Not on Hold","Fair Shares - Wednesday  - Wednesday","$300",0,0,0,2017-08-17,2026-07-22,NA,2026-07-24,1534
2026-04-02 11:03:51,2017-07-20,"1  (BYO) FSG - Orders Only","Combined CSA","Fair Shares Thursday Pickup","St. Louis","MO","63108",0,"Automatic","None","Not on Hold","Fair Shares - Thursday - Thursday","Debit on Delivery",0,0,0,2017-08-17,2026-02-26,NA,2026-07-24,550
2026-07-24 02:36:40,2024-03-07,"1 Half (Half Share - ODD week)","Combined CSA","FSE","St. Louis","MO","63118",126.42,"Automatic","Orange","Not on Hold","Fair Shares - Thursday - Thursday","$150",0,0,0,2024-04-04,2026-07-23,NA,2026-07-24,1752
2026-05-14 15:29:35,2023-04-29,"1 (BYO) KWG - Orders Only (Weekly Shares)","Combined CSA","Kirkwood Pickup","Kirkwood","MO","63122",61.23,"Automatic","Orange","Hold","Kirkwood - Thursday","Debit on Delivery",0,0,0,2023-05-04,2026-04-30,NA,2026-07-24,1684
2026-07-08 10:33:36,2026-06-15,"1 Guest Access","Combined CSA","UCity Pickup","St. Louis","MO","63130",0,"Automatic","None","Not on Hold","UCity - Wednesday","Debit on Delivery",0,0,0,2026-06-17,2026-07-08,NA,2026-07-24,347
2026-03-27 07:45:46,2019-07-27,"1 BYO - No Share, Order Only (Weekly Shares)","Combined CSA","Fair Shares Wednesday Pickup","Saint Louis","MO","63116",0,NA,"Purple","Not on Hold","Fair Shares - Wednesday  - Wednesday","Debit on Delivery",0,0,0,2019-07-31,2020-06-17,NA,2026-07-24,1974
2026-07-24 02:36:40,2017-07-18,"1 Mini (Weekly Shares)","Combined CSA","FSMini-w","St. Louis","MO","63126",196.13,"Automatic","None","Not on Hold","Fair Shares - Wednesday  - Wednesday","$150",0,0,0,2017-08-16,2026-07-22,NA,2026-07-24,1162
2026-05-14 02:27:41,2023-11-20,"1  (BYO) FSG - Orders Only","Combined CSA","Fair Shares Wednesday Pickup","St. Louis","MO","63116",0,"Automatic","Payment Purple","Hold","Fair Shares - Wednesday  - Wednesday","Debit on Delivery",0,0,0,2023-11-29,2026-02-25,NA,2026-07-24,1789
2026-07-23 02:43:56,2021-05-06,"1 UCA/KWA","Combined CSA","UCA","CHESTERFIELD","MO","63017",261.94,"Automatic","Green","Not on Hold","UCity - Wednesday","$600",0,0,0,2021-05-12,2026-07-22,NA,2026-07-24,1048
2026-03-27 07:25:56,2020-09-30,"1  (BYO) FSG - Orders Only","Combined CSA","Fair Shares Wednesday Pickup","St. Louis","MO","63139",0,"Automatic","Green Orange","Not on Hold","Fair Shares - Wednesday  - Wednesday","Debit on Delivery",0,0,0,2020-10-07,2021-07-28,NA,2026-07-24,343
2025-11-02 10:09:12,2023-09-29,"1 (BYO) KWG - Orders Only (Weekly Shares)","Combined CSA","Kirkwood Pickup","Saint louis","MO","63127",0,"Automatic","None","Not on Hold","Kirkwood - Thursday","Debit on Delivery",0,0,0,2023-11-09,2024-04-11,NA,2026-07-24,1050
2022-09-16 03:54:39,2021-05-03,"1  (BYO) FSG - Orders Only","Combined CSA","Fair Shares Thursday Pickup","St Louis","MO","63116",0,"Automatic","None","Not on Hold","Fair Shares - Thursday - Thursday","Debit on Delivery",0,0,0,2021-05-06,2022-09-15,NA,2026-07-24,1247
2026-07-17 02:36:03,2023-09-25,"1 Half (Half Share - EVEN week)","Combined CSA","FSE","Saint Louis","MO","63122",133.49,"Automatic","Green Purple","Not on Hold","Fair Shares - Thursday - Thursday","$150",0,0,0,2023-09-28,2026-07-16,NA,2026-07-24,657
2026-02-18 19:03:24,2020-03-29,"1 (BYO) UCG - Orders Only","Combined CSA","UCity Pickup","Creve Coeur","MO","63141",0,"Automatic","None","Not on Hold","UCity - Wednesday","Debit on Delivery",0,0,0,2020-04-01,2026-02-11,NA,2026-07-24,981
2026-07-17 03:55:24,2025-09-14,"1 Half (Half Share - EVEN week)","Combined CSA","FSE","St. Louis","MO","63122-3952",189.41,"Automatic","Purple","Not on Hold","Fair Shares - Thursday - Thursday","$150",0,0,0,2025-10-23,2026-07-16,NA,2026-07-24,875
2026-04-08 09:27:15,2020-04-27,"1 Half (Half Share - EVEN week)","Combined CSA","FSB","St Louis","MO","63118",0,"Automatic","Purple","Hold","Fair Shares - Wednesday  - Wednesday","Debit on Delivery",0,0,0,2020-05-06,2026-02-25,NA,2026-07-24,1364
2026-07-23 02:43:56,2017-07-18,"1 Mini (Weekly Shares)","Combined CSA","UCM","St. Louis","MO","63130",140.92,"Automatic","None","Not on Hold","UCity - Wednesday","$300",0,0,0,2017-08-16,2026-07-22,NA,2026-07-24,1689
2026-07-16 04:00:01,2017-07-18,"1 Cream pint (Half Share - EVEN week), 1 Whole MILK-e, 1 Plain yogurt, 1 Eggs - Buttonwood (Half Share - EVEN week), 1 (BYO) UCG - Orders Only","Combined CSA","UCity Pickup","St. Louis","MO","63121",0,"Automatic","Payment","Not on Hold","UCity - Wednesday","Debit on Delivery",0,0,0,2017-08-16,2026-07-15,NA,2026-07-24,225
2026-07-16 02:44:04,2022-06-10,"1 (BYO) UCG - Orders Only","Combined CSA","UCity Pickup","University City","MO","63130",154.59,"Automatic","None","Not on Hold","UCity - Wednesday","Debit on Delivery",0,0,0,2022-06-15,2026-07-15,NA,2026-07-24,98
2025-07-24 04:02:01,2025-01-29,"1  (BYO) FSG - Orders Only","Combined CSA","Fair Shares Wednesday Pickup","St. Charles","MO","63301",0,"Automatic","Orange","Not on Hold","Fair Shares - Wednesday  - Wednesday","Debit on Delivery",0,0,0,2025-02-05,2025-07-23,NA,2026-07-24,233
2026-07-24 03:55:11,2024-05-30,"1 Mini (Weekly Shares)","Combined CSA","FSMini-t","St. louis","MO","63116",171.19,"Automatic","None","Not on Hold","Fair Shares - Thursday - Thursday","$150",0,0,0,2024-06-06,2026-07-23,NA,2026-07-24,39
2023-11-23 02:28:11,2017-07-18,"1 (BYO) UCG - Orders Only","Combined CSA","UCity Pickup","St. Louis","MO","63130",66.91,"Automatic","Blue Orange","Not on Hold","UCity - Wednesday","Debit on Delivery",0,0,0,2017-08-16,2023-11-22,NA,2026-07-24,483
2026-07-16 02:44:04,2026-04-06,"1 Half (Half Share - EVEN week)","Combined CSA","UCB","St. Louis","MO","63105",87.11,"Automatic","Purple","Not on Hold","UCity - Wednesday","$300",0,0,0,2026-05-06,2026-07-15,NA,2026-07-24,639
2026-07-17 03:55:21,2018-06-02,"1 No Produce - Order Only (odd wk), 1 Half (Half Share - EVEN week)","Combined CSA","FSE","St Louis","MO","63104",140.91,"Automatic","Blue Purple","Not on Hold","Fair Shares - Thursday - Thursday","$150",0,0,0,2018-06-07,2026-07-23,NA,2026-07-24,493
2026-01-22 03:56:39,2024-08-20,"1 (BYO) UCG - Orders Only","Combined CSA","UCity Pickup","St. Louis","MO","63112",0,"Automatic","Orange","Not on Hold","UCity - Wednesday","Debit on Delivery",0,0,0,2024-08-28,2026-01-21,NA,2026-07-24,202
2026-07-24 02:36:40,2025-01-18,"1 Half (Half Share - ODD week)","Combined CSA","FSE","Saint Louis","MO","63109",116.26,"Automatic","Orange","Not on Hold","Fair Shares - Thursday - Thursday","$150",0,0,0,2025-01-22,2026-07-23,NA,2026-07-24,281
2026-05-05 11:54:21,2025-05-13,"1  (BYO) FSG - Orders Only","Combined CSA","Fair Shares Thursday Pickup","St. Louis","MO","63110",34.59,"Automatic","None","Hold","Fair Shares - Thursday - Thursday","Debit on Delivery",0,0,0,2025-05-22,2026-04-30,NA,2026-07-24,970
2026-05-22 10:24:30,2026-04-08,"1 Guest Access","Combined CSA","Fair Shares Wednesday Pickup","Saint Louis","MO","63116",0,"Automatic","None","Not on Hold","Fair Shares - Wednesday  - Wednesday","Debit on Delivery",0,0,0,2026-04-29,2026-05-13,NA,2026-07-24,342
2026-07-23 02:43:56,2022-07-14,"1 Mini (Weekly Shares)","Combined CSA","FSMini-w","St. Louis","MO","63110",76.83,"Automatic","Green","Not on Hold","Fair Shares - Wednesday  - Wednesday","$150",0,0,0,2022-07-20,2026-07-22,NA,2026-07-24,883
2020-12-18 02:32:43,2017-07-18,"1 BYO - No Share, Order Only (Weekly Shares)","Combined CSA","Fair Shares Thursday Pickup","St. Louis","MO","63110",-287.01,NA,"Orange","Not on Hold","Fair Shares - Thursday - Thursday","Debit on Delivery",0,0,0,2017-08-24,2020-12-17,NA,2026-07-24,1731
2026-07-02 03:58:43,2017-07-20,"1  (BYO) FSG - Orders Only","Combined CSA","Fair Shares Wednesday Pickup","St. Louis","MO","63119",0,"Automatic","None","Not on Hold","Fair Shares - Wednesday  - Wednesday","Debit on Delivery",0,0,0,2017-08-17,2026-07-01,NA,2026-07-24,837
2026-05-04 08:03:03,2017-07-18,"1  (BYO) FSG - Orders Only","Combined CSA","Fair Shares Thursday Pickup","St. Louis","MO","63139",0,"Automatic","None","Hold","Fair Shares - Thursday - Thursday","Debit on Delivery",0,0,0,2017-08-24,2026-02-26,NA,2026-07-24,845
2023-09-24 13:36:48,2023-05-07,"1  (BYO) FSG - Orders Only","Combined CSA","Fair Shares Thursday Pickup","Saint Louis","MO","63116",0.07,"Automatic","Green","Not on Hold","Fair Shares - Thursday - Thursday","Debit on Delivery",0,0,0,2023-05-11,2023-09-21,NA,2026-07-24,1542
2026-04-26 22:23:39,2021-12-12,"1  (BYO) FSG - Orders Only","Combined CSA","Fair Shares Wednesday Pickup","St. Louis","MO","63110",0,"Automatic","None","Hold","Fair Shares - Wednesday  - Wednesday","Debit on Delivery",0,0,0,2021-12-15,2026-02-25,NA,2026-07-24,406
2026-07-23 04:03:27,2026-07-05,"1 FSA/FSD","Combined CSA","FSA","St. Louis","MO","63131",0,"Automatic","None","Not on Hold","Fair Shares - Wednesday  - Wednesday","Debit on Delivery",0,0,0,2026-07-08,2026-07-22,NA,2026-07-24,763
2026-07-23 02:43:56,2026-04-18,"1 Mini (Weekly Shares)","Combined CSA","UCM","Maplewood","MO","63143",164.48,"Automatic","None","Not on Hold","UCity - Wednesday","$150",0,0,0,2026-04-30,2026-07-22,NA,2026-07-24,824
2026-07-14 11:09:56,2025-01-05,"1 FSA/FSD","Combined CSA","FSD","St. Louis","MO","63139",-239.37,NA,"None","Not on Hold","Fair Shares - Thursday - Thursday","$300",0,0,0,2025-01-16,2026-07-09,NA,2026-07-24,2001
2026-03-27 08:05:08,2017-07-18,"1 BYO - No Share, Order Only (Weekly Shares)","Combined CSA","Fair Shares Wednesday Pickup","St. Louis","MO","63119",0,NA,"None","Hold","Fair Shares - Wednesday  - Wednesday","Debit on Delivery",0,0,0,2017-08-16,2019-05-29,NA,2026-07-24,280
2024-03-06 13:24:24,2021-08-11,"1  (BYO) FSG - Orders Only","Combined CSA","Fair Shares Thursday Pickup","St. Louis","MO","63103",2.08,"Automatic","Green Purple","Not on Hold","Fair Shares - Thursday - Thursday","Debit on Delivery",0,0,0,2021-08-19,2024-02-22,NA,2026-07-24,1809
2026-03-27 08:06:22,2017-07-18,"1  (BYO) FSG - Orders Only","Combined CSA","Fair Shares Wednesday Pickup","St. Louis","MO","63104",0,"Automatic","Orange","Not on Hold","Fair Shares - Wednesday  - Wednesday",NA,0,0,0,2017-08-17,2024-06-12,NA,2026-07-24,581
2026-07-23 02:43:56,2017-07-18,"1 UCA/KWA","Combined CSA","UCA","St. Louis","MO","63103",508.31,"Automatic","None","Not on Hold","UCity - Wednesday","$600",0,0,0,2017-08-16,2026-07-22,NA,2026-07-24,1030
2026-05-14 15:30:36,2020-04-14,"1 (BYO) KWG - Orders Only (Weekly Shares)","Combined CSA","Kirkwood Pickup","Kirkwood","MO","63122",0,"Automatic","None","Hold","Kirkwood - Thursday","Debit on Delivery",0,0,0,2020-04-23,2026-02-26,NA,2026-07-24,1903
2026-03-30 18:17:30,2021-10-13,"1  (BYO) FSG - Orders Only","Combined CSA","Fair Shares Wednesday Pickup","St. Louis","MO","63125",16.9,"Automatic","None","Not on Hold","Fair Shares - Wednesday  - Wednesday","Debit on Delivery",0,0,0,2021-10-20,2023-05-03,NA,2026-07-24,1658
2026-07-17 02:36:03,2017-07-20,"1 BYO - No Share, Order Only (Weekly Shares)","Combined CSA","Fair Shares Thursday Pickup","St. Louis","63116","63110",130.87,"Automatic","None","Not on Hold","Fair Shares - Thursday - Thursday","$150",0,0,0,2017-09-14,2026-07-16,NA,2026-07-24,856
2026-07-23 02:43:56,2017-07-18,"1 Whole MILK, 1 Mini (Weekly Shares)","Combined CSA","UCM","St. Louis","MO","63130",277.54,"Automatic","None","Not on Hold","UCity - Wednesday","$300",0,0,0,2017-08-16,2026-07-22,NA,2026-07-24,520
2026-07-16 04:00:42,2017-07-18,"1 Half (Half Share - EVEN week)","Combined CSA","FSB","St. Louis","MO","63118",144.6,"Automatic","Purple","Not on Hold","Fair Shares - Wednesday  - Wednesday","$150",0,0,0,2017-08-16,2026-07-15,NA,2026-07-24,544
2026-07-24 02:36:40,2017-07-20,"1 Mini (Weekly Shares)","Combined CSA","FSMini-t","St. Louis","63109","63103",76.84,"Automatic","None","Not on Hold","Fair Shares - Thursday - Thursday","$300",0,0,0,2017-08-17,2026-07-23,NA,2026-07-24,1622
2026-07-24 02:36:40,2023-12-29,"1 Whole MILK-o, 1 FSA/FSD","Combined CSA","FSD","Saint Louis","MO","63104",222.25,"Automatic","None","Not on Hold","Fair Shares - Thursday - Thursday","$300",0,0,0,2024-01-04,2026-07-23,NA,2026-07-24,364
2026-03-27 07:18:17,2021-04-07,"1  (BYO) FSG - Orders Only","Combined CSA","Fair Shares Wednesday Pickup","St. Louis","MO","63122",0,"Automatic","None","Not on Hold","Fair Shares - Wednesday  - Wednesday","Debit on Delivery",0,0,0,2021-04-14,2022-02-16,NA,2026-07-24,1228
2026-07-23 02:43:56,2017-07-18,"1 Half (Half Share - ODD week), 1 No Produce - Order Only (even wk)","Combined CSA","FSB","St. Louis","MO","63110",98.76,"Automatic","Orange","Not on Hold","Fair Shares - Wednesday  - Wednesday","$150",0,0,0,2017-08-23,2026-07-22,NA,2026-07-24,291
2026-02-06 02:18:02,2020-04-27,"1  (BYO) FSG - Orders Only","Combined CSA","Fair Shares Thursday Pickup","Ballwin","MO","63011",0.15,"Automatic","None","Not on Hold","Fair Shares - Thursday - Thursday","Debit on Delivery",0,0,0,2020-04-30,2026-02-05,NA,2026-07-24,1277
2026-07-16 04:00:06,2023-11-29,"1 Half (Half Share - EVEN week)","Combined CSA","FSB","St.Louis","MO","63125",157.32,"Automatic","Purple","Not on Hold","Fair Shares - Wednesday  - Wednesday","$150",0,0,0,2023-12-07,2026-07-15,NA,2026-07-24,1602
2023-01-16 09:59:32,2019-12-29,"1  (BYO) FSG - Orders Only","Combined CSA","Kirkwood Pickup","Kirkwood","MO","63122",0.02,"Automatic","Orange","Not on Hold","Kirkwood - Thursday","Debit on Delivery",0,0,0,2020-01-09,2022-12-15,NA,2026-07-24,1208
2026-06-26 03:54:21,2025-10-20,"1 (BYO) KWG - Orders Only (Weekly Shares)","Combined CSA","Kirkwood Pickup","Manchester","MO","63021",0,"Automatic","None","Not on Hold","Kirkwood - Thursday","Debit on Delivery",0,0,0,2025-10-23,2026-06-25,NA,2026-07-24,615
2026-07-18 02:07:16,2017-07-20,"1 Whole MILK-e, 1 Half (Half Share - EVEN week)","Combined CSA","FSE","Ballwin","MO","63021",152.01,"Automatic","Blue Purple","Not on Hold","Fair Shares - Thursday - Thursday","$150",0,0,0,2017-08-17,2026-07-16,NA,2026-07-24,1353
2026-07-24 03:55:10,2026-05-20,"1 Mini (Weekly Shares)","Combined CSA","KWM","Ballwin","MO","63021",190.21,"Automatic","None","Not on Hold","Kirkwood - Thursday","$150",0,0,0,2026-05-28,2026-07-23,NA,2026-07-24,452
2021-03-22 09:08:32,2020-07-29,"1  (BYO) FSG - Orders Only","Combined CSA","Fair Shares Thursday Pickup","St Louis","MO","63104",0,"Automatic","None","Not on Hold","Fair Shares - Thursday - Thursday","Debit on Delivery",0,0,0,2020-08-06,2021-02-25,NA,2026-07-24,1926
2026-06-02 11:08:18,2020-05-14,"1  (BYO) FSG - Orders Only","Combined CSA","Fair Shares Thursday Pickup","St. Louis","MO","63110",0,"Automatic","None","Not on Hold","Fair Shares - Thursday - Thursday","Debit on Delivery",0,0,0,2020-05-21,2026-02-19,NA,2026-07-24,533
2026-07-17 02:36:03,2026-05-07,"1 Half (Half Share - EVEN week)","Combined CSA","FSE","St. Louis","MO","63109",108.34,"Automatic","Purple","Not on Hold","Fair Shares - Thursday - Thursday","$150",0,0,0,2026-05-14,2026-07-16,NA,2026-07-24,756
2022-01-11 13:33:14,2020-04-25,"1 BYO - No Share, Order Only (Weekly Shares)","Combined CSA","Fair Shares Wednesday Pickup","Saint Louis","MO","63116",0,"Automatic","None","Not on Hold","Fair Shares - Wednesday  - Wednesday","Debit on Delivery",0,0,0,2020-04-30,2022-01-05,NA,2026-07-24,686
2022-09-02 10:24:39,2021-09-30,"1 (BYO) UCG - Orders Only","Combined CSA","UCity Pickup","Saint Louis","MO","63109",0,NA,"Green","Not on Hold","UCity - Wednesday","Debit on Delivery",0,0,0,2021-10-13,2022-08-31,NA,2026-07-24,112
2026-04-08 15:46:43,2024-04-13,"1 (BYO) UCG - Orders Only","Combined CSA","UCity Pickup","Saint Ann","MO","63074",8.28,"Automatic","None","Not on Hold","UCity - Wednesday","Debit on Delivery",0,0,0,2024-04-17,2026-02-25,NA,2026-07-24,859
2026-07-03 03:52:48,2021-03-04,"1 (BYO) KWG - Orders Only (Weekly Shares)","Combined CSA","Kirkwood Pickup","St. Louis","MO","63128",0,"Automatic","Green","Not on Hold","Kirkwood - Thursday","Debit on Delivery",0,0,0,2021-03-25,2026-07-02,NA,2026-07-24,196
2026-04-20 13:30:45,2021-03-05,"1 BYO - No Share, Order Only (Weekly Shares)","Combined CSA","UCity Pickup","Florissant","MO","63034",0,"Automatic","None","Not on Hold","UCity - Wednesday","Debit on Delivery",0,0,0,2021-03-24,2026-02-04,NA,2026-07-24,1846
2024-08-02 03:57:24,2017-07-20,"1  (BYO) FSG - Orders Only","Combined CSA","Fair Shares Thursday Pickup","St. Louis","MO","63110",0,"Automatic","None","Not on Hold","Fair Shares - Thursday - Thursday","Debit on Delivery",0,0,0,2017-08-17,2024-08-01,NA,2026-07-24,1351
2025-07-04 09:48:08,2025-04-11,"1 (BYO) KWG - Orders Only (Weekly Shares)","Combined CSA","Kirkwood Pickup","Saint louis","MO","63127",91.31,"Automatic","None","Not on Hold","Kirkwood - Thursday","Debit on Delivery",0,0,0,2025-04-17,2025-07-03,NA,2026-07-24,189
2026-03-27 07:37:09,2020-04-12,"1  (BYO) FSG - Orders Only","Combined CSA","Fair Shares Wednesday Pickup","Maplewood","MO","63143",0,"Automatic","Green Orange","Not on Hold","Fair Shares - Wednesday  - Wednesday","Debit on Delivery",0,0,0,2020-04-16,2021-11-17,NA,2026-07-24,1836
2026-07-24 02:36:40,2017-08-11,"1 Mini (Weekly Shares)","Combined CSA","FSMini-t","St. Louis","MO","63104",100.56,"Automatic","None","Not on Hold","Fair Shares - Thursday - Thursday","$150",0,0,0,2017-08-17,2026-07-23,NA,2026-07-24,1652
2025-06-27 02:39:56,2021-08-14,"1 (BYO) KWG - Orders Only (Weekly Shares)","Combined CSA","Kirkwood Pickup","Kirkwood","MO","63122",153.95,"Automatic","None","Not on Hold","Kirkwood - Thursday","Debit on Delivery",0,0,0,2021-08-19,2025-06-26,NA,2026-07-24,530
2025-02-27 03:55:03,2024-01-05,"1 (BYO) UCG - Orders Only","Combined CSA","UCity Pickup","Saint Louis","MO","63132",0,"Automatic","None","Not on Hold","UCity - Wednesday","Debit on Delivery",0,0,0,2024-01-10,2025-02-26,NA,2026-07-24,1845
2026-04-20 13:41:06,2020-04-14,"1 (BYO) KWG - Orders Only (Weekly Shares)","Combined CSA","Kirkwood Pickup","Chesterfield","MO","63017",0.01,"Automatic","Orange","Not on Hold","Kirkwood - Thursday","Debit on Delivery",0,0,0,2020-04-15,2026-02-19,NA,2026-07-24,1545
2026-03-27 07:43:03,2020-01-20,"1  (BYO) FSG - Orders Only","Combined CSA","Fair Shares Wednesday Pickup","St louis","MO","63110",0,NA,"Purple","Not on Hold","Fair Shares - Wednesday  - Wednesday","Debit on Delivery",0,0,0,2020-01-22,2020-09-30,NA,2026-07-24,571
2026-04-06 13:31:35,2024-12-28,"1 BYO - No Share, Order Only (Weekly Shares)","Combined CSA","Kirkwood Pickup","Kirkwood","MO","63122",0,"Automatic","None","Not on Hold","Kirkwood - Thursday","Debit on Delivery",0,0,0,2025-01-16,2026-02-26,NA,2026-07-24,239
2026-07-24 02:36:40,2021-04-04,"1 FSA/FSD","Combined CSA","FSD","St. Louis","MO","63105",183.76,"Automatic","Green","Not on Hold","Fair Shares - Thursday - Thursday","$300",0,0,0,2021-04-08,2026-07-23,NA,2026-07-24,502
2026-02-25 11:04:25,2026-02-20,"1 Two Week Trial of Full Share","Combined CSA","2 Wk Trial at FS Mothership Wednesday","St. Louis","MO","63116",0,"Automatic","None","Hold","Fair Shares Trial Wednesday - Wednesday","Debit on Delivery",0,0,0,NA,NA,NA,2026-07-24,853
2026-03-27 08:07:55,2017-07-18,"1 BYO - No Share, Order Only (Weekly Shares)","Combined CSA","Fair Shares Wednesday Pickup","St. Louis","MO","63110",0,NA,"Orange","Hold","Fair Shares - Wednesday  - Wednesday","Debit on Delivery",0,0,0,2017-08-23,2019-04-17,NA,2026-07-24,191
2026-07-24 02:36:40,2017-07-18,"1 Half (Half Share - ODD week)","Combined CSA","FSE","St. Louis","MO","63119",157.37,"Automatic","Orange","Not on Hold","Fair Shares - Thursday - Thursday","$300",0,0,0,2017-08-16,2026-07-23,NA,2026-07-24,245
2026-03-27 08:08:23,2017-07-18,"1 BYO - No Share, Order Only (Weekly Shares)","Combined CSA","Fair Shares Wednesday Pickup","St. Louis","MO","63108",0,NA,"None","Hold","Fair Shares - Wednesday  - Wednesday","Debit on Delivery",0,0,0,2017-08-16,2019-01-23,NA,2026-07-24,1772
2026-07-23 04:03:24,2026-07-09,"1 Guest Access","Combined CSA","FSMini-w","St. Louis","MO","63118",0,"Automatic","None","Not on Hold","Fair Shares - Wednesday  - Wednesday","Debit on Delivery",0,0,0,2026-07-15,2026-07-22,NA,2026-07-24,397
2026-05-14 02:27:41,2017-07-20,"1  (BYO) FSG - Orders Only","Combined CSA","Fair Shares Wednesday Pickup","St. Louis","MO","63141",0,"Automatic","Payment","Not on Hold","Fair Shares - Wednesday  - Wednesday","Debit on Delivery",0,0,0,2017-08-17,2025-11-26,NA,2026-07-24,572
2026-07-24 02:36:40,2019-02-05,"1 Half (Half Share - ODD week)","Combined CSA","FSE","St. Louis","MO","63118",126.11,"Automatic","Orange","Not on Hold","Fair Shares - Thursday - Thursday","$150",0,0,0,2019-02-07,2026-07-23,NA,2026-07-24,1271
2020-08-21 11:39:03,2020-04-16,"1 (BYO) UCG - Orders Only","Combined CSA","UCity Pickup","University City","MO","63130",0,NA,"None","Not on Hold","UCity - Wednesday",NA,0,0,0,2020-04-22,2020-08-05,NA,2026-07-24,1065
2026-07-24 03:55:14,2017-07-20,"1 BYO - No Share, Order Only (Weekly Shares)","Combined CSA","Fair Shares Thursday Pickup","St. Louis","MO","63123",209.45,"Automatic","None","Not on Hold","Fair Shares - Thursday - Thursday","$150",0,0,0,2017-09-07,2026-07-23,NA,2026-07-24,616
2020-11-30 08:35:27,2020-06-19,"1  (BYO) FSG - Orders Only","Combined CSA","Fair Shares Thursday Pickup","St. Louis","MO","63135",0,"Automatic","Green","Not on Hold","Fair Shares - Thursday - Thursday","Debit on Delivery",0,0,0,2020-06-25,2020-11-26,NA,2026-07-24,1875
2023-01-13 03:50:52,2021-01-30,"1 (BYO) KWG - Orders Only (Weekly Shares)","Combined CSA","Kirkwood Pickup","Webster Groves","MO","63119",0,"Automatic","Blue Orange","Not on Hold","Kirkwood - Thursday","Debit on Delivery",0,0,0,2021-02-04,2023-01-12,NA,2026-07-24,283
2026-07-17 03:55:27,2017-08-24,"1 Half (Half Share - EVEN week)","Combined CSA","FSE","Saint Louis","MO","63129",192.14,"Automatic","Purple","Not on Hold","Fair Shares - Thursday - Thursday","$150",0,0,0,2017-09-14,2026-07-16,NA,2026-07-24,1440
2026-07-09 03:55:32,2024-10-30,"1 Half (Half Share - EVEN week)","Combined CSA","UCB","Saint Louis","MO","63124",163.23,"Automatic","Purple","Temp Hold","UCity - Wednesday","$150",0,0,0,2024-11-06,2026-07-08,NA,2026-07-24,866
2026-03-30 10:31:17,2017-07-18,"1 BYO - No Share, Order Only (Weekly Shares)","Combined CSA","Fair Shares Thursday Pickup","Maryland Heights","MO","63043",0.01,"Automatic","None","Not on Hold","Fair Shares - Thursday - Thursday","Debit on Delivery",0,0,0,2017-08-16,2017-09-13,NA,2026-07-24,1497
2021-11-25 03:53:35,2020-04-08,"1  (BYO) FSG - Orders Only","Combined CSA","Fair Shares Wednesday Pickup","St. Louis","MO","63116",0,"Automatic","Orange","Not on Hold","Fair Shares - Wednesday  - Wednesday","Debit on Delivery",0,0,0,2020-04-15,2021-11-24,NA,2026-07-24,1885
2026-07-24 02:36:40,2020-05-16,"1 UCA/KWA","Combined CSA","KWA","Sunset Hills","MO","63127",136.44,"Automatic","Green","Not on Hold","Kirkwood - Thursday","$600",0,0,0,2020-05-21,2026-07-23,NA,2026-07-24,1386
2026-03-27 07:41:59,2020-02-28,"1  (BYO) FSG - Orders Only","Combined CSA","Fair Shares Wednesday Pickup","Saint Louis","MO","63146",0,"Automatic","Purple","Not on Hold","Fair Shares - Wednesday  - Wednesday","Debit on Delivery",0,0,0,2020-03-25,2023-11-22,NA,2026-07-24,1788
2020-09-04 04:03:31,2020-06-15,"1  (BYO) FSG - Orders Only","Combined CSA","Fair Shares Thursday Pickup","St Louis","MO","63110",0,"Automatic","Green","Not on Hold","Fair Shares - Thursday - Thursday","Debit on Delivery",0,0,0,2020-06-18,2020-09-03,NA,2026-07-24,1064
2026-04-02 13:04:36,2024-12-01,"1  (BYO) FSG - Orders Only","Combined CSA","Fair Shares Thursday Pickup","St. Louis","MO","63118",124.59,"Automatic","None","Not on Hold","Fair Shares - Thursday - Thursday","Debit on Delivery",0,0,0,2024-12-05,2026-02-26,NA,2026-07-24,997
2026-07-24 02:36:40,2017-07-18,"1 Mini (Weekly Shares)","Combined CSA","FSMini-w","Glendale","MO","63122",338.56,"Automatic","None","Not on Hold","Fair Shares - Wednesday  - Wednesday","$300",0,0,0,2017-08-16,2026-07-22,NA,2026-07-24,1154
2024-12-05 17:43:18,2017-07-18,"1 (BYO) UCG - Orders Only","Combined CSA","UCity Pickup","St. Louis","MO","63105",0,"Automatic","None","Not on Hold","UCity - Wednesday","Debit on Delivery",0,0,0,2017-08-16,2022-06-01,NA,2026-07-24,1420
2025-08-24 10:01:47,2021-08-05,"1  (BYO) FSG - Orders Only","Combined CSA","Fair Shares Wednesday Pickup","Clayton","MO","63105",212.92,"Automatic","Green","Not on Hold","Fair Shares - Wednesday  - Wednesday","Debit on Delivery",0,0,0,2021-08-11,2025-08-20,NA,2026-07-24,1393
2026-04-20 13:46:02,2019-09-20,"1  (BYO) FSG - Orders Only","Combined CSA","Fair Shares Wednesday Pickup","St. Louis","MO","63109",0.01,"Automatic","None","Not on Hold","Fair Shares - Wednesday  - Wednesday","Debit on Delivery",0,0,0,2019-09-25,2021-07-28,NA,2026-07-24,1337
2026-07-16 03:59:59,2020-03-28,"1 Half (Half Share - EVEN week)","Combined CSA","FSB","Saint Louis","MO","63116",180.88,"Automatic","Green Purple","Not on Hold","Fair Shares - Wednesday  - Wednesday","$150",0,0,0,2020-04-01,2026-07-15,NA,2026-07-24,132
2025-04-29 17:06:07,2021-08-08,"1 (BYO) KWG - Orders Only (Weekly Shares)","Combined CSA","Kirkwood Pickup","Town & Country","MO","63017",92.97,"Automatic","Purple","Not on Hold","Kirkwood - Thursday","Debit on Delivery",0,0,0,2021-08-12,2025-04-24,NA,2026-07-24,1482
2026-07-09 02:44:17,2017-07-18,"1 UCA/KWA","Combined CSA","UCA","St. Louis","MO","63105",258.01,"Automatic","None","Not on Hold","UCity - Wednesday","$300",0,0,0,2017-08-16,2026-07-08,NA,2026-07-24,1143
2026-07-24 03:55:02,2017-08-30,"1 Half (Half Share - ODD week), 1 No Produce - Order Only (even wk)","Combined CSA","FSE","Saint Louis","MO","63112",0,"Automatic","Blue Orange","Not on Hold","Fair Shares - Thursday - Thursday","Debit on Delivery",0,0,0,2017-09-07,2026-07-23,NA,2026-07-24,1416
2024-11-09 02:08:27,2017-07-18,"1  (BYO) FSG - Orders Only","Combined CSA","Fair Shares Thursday Pickup","St. Louis","MO","63110",0,"Automatic","None","Not on Hold","Fair Shares - Thursday - Thursday","Debit on Delivery",0,0,0,2017-08-17,2024-11-07,NA,2026-07-24,1644
2026-07-16 04:00:21,2017-07-18,"1 Half (Half Share - EVEN week)","Combined CSA","UCB","St. Louis","MO","63130",218.94,"Automatic","Purple","Not on Hold","UCity - Wednesday","$150",0,0,0,2017-08-16,2026-07-15,NA,2026-07-24,1920
2026-07-24 02:36:40,2017-10-15,"1 Mini (Weekly Shares)","Combined CSA","FSMini-w","St. Louis","MO","63110",216.79,"Automatic","None","Not on Hold","Fair Shares - Wednesday  - Wednesday","$150",0,0,0,2017-10-18,2026-07-22,NA,2026-07-24,1707
2026-04-29 05:41:56,2023-08-16,"1  (BYO) FSG - Orders Only","Combined CSA","Fair Shares Wednesday Pickup","Saint Louis","MO","63116",161.7,"Automatic","Green Orange","Not on Hold","Fair Shares - Wednesday  - Wednesday","Debit on Delivery",0,0,0,2023-08-23,2026-02-18,NA,2026-07-24,1212
2026-07-17 03:55:23,2020-04-12,"1 Half (Half Share - EVEN week)","Combined CSA","FSE","St. Louis","MO","63112",213.12,"Automatic","Purple","Not on Hold","Fair Shares - Thursday - Thursday","$150",0,0,0,2020-04-16,2026-07-16,NA,2026-07-24,308
2024-07-09 13:23:57,2018-11-26,"1 BYO - No Share, Order Only (Weekly Shares)","Combined CSA","Fair Shares Wednesday Pickup","Saint Louis","MO","63110",0,NA,"None","Not on Hold","Fair Shares - Wednesday  - Wednesday",NA,0,0,0,2020-11-04,2024-04-24,NA,2026-07-24,217
2026-05-01 04:20:00,2020-06-25,"1 (BYO) KWG - Orders Only (Weekly Shares)","Combined CSA","Kirkwood Pickup","Chesterfield","MO","63005",0,"Automatic","Green","Not on Hold","Kirkwood - Thursday","Debit on Delivery",0,0,0,2020-07-01,2026-04-30,NA,2026-07-24,1990
2026-07-17 03:55:20,2022-08-18,"1 Half (Half Share - EVEN week)","Combined CSA","FSE","St. Louis","MO","63118",154.03,"Automatic","Green Purple","Not on Hold","Fair Shares - Thursday - Thursday","$150",0,0,0,2022-08-25,2026-07-16,NA,2026-07-24,1383
2026-04-27 10:16:42,2017-07-18,"1  (BYO) FSG - Orders Only","Combined CSA","Fair Shares Wednesday Pickup","St. Louis","MO","63109",0,"Automatic","None","Hold","Fair Shares - Wednesday  - Wednesday","Debit on Delivery",0,0,0,2017-08-16,2026-02-25,NA,2026-07-24,421
2026-07-23 04:03:02,2026-06-14,"1 Mini (Weekly Shares)","Combined CSA","FSMini-w","St Louis","MO","63104",0,"Automatic","None","Not on Hold","Fair Shares - Wednesday  - Wednesday","Debit on Delivery",0,0,0,2026-06-17,2026-07-22,NA,2026-07-24,288
2022-08-25 03:52:49,2017-07-18,"1  (BYO) FSG - Orders Only","Combined CSA","Fair Shares Wednesday Pickup","St. Louis","MO","63126",0,"Automatic","Blue Orange","Not on Hold","Fair Shares - Wednesday  - Wednesday","Debit on Delivery",0,0,0,2017-08-23,2022-08-24,NA,2026-07-24,536
2023-10-16 09:40:45,2019-11-26,"1 BYO - No Share, Order Only (Weekly Shares)","Combined CSA","Fair Shares Wednesday Pickup","St. Louis","MO","63109",0,"Automatic","None","Not on Hold","Fair Shares - Wednesday  - Wednesday","Debit on Delivery",0,0,0,2019-12-04,2019-12-04,NA,2026-07-24,345
2026-03-19 02:06:59,2017-07-18,"1 (BYO) UCG - Orders Only","Combined CSA","UCity Pickup","St. Louis","MO","63114",0,"Automatic","None","Not on Hold","UCity - Wednesday","Debit on Delivery",0,0,0,2017-08-16,2026-01-14,NA,2026-07-24,654
2026-04-20 13:39:54,2020-05-02,"1  (BYO) FSG - Orders Only","Combined CSA","Fair Shares Wednesday Pickup","Clayton","MO","63105",0.01,"Automatic","None","Not on Hold","Fair Shares - Wednesday  - Wednesday","Debit on Delivery",0,0,0,2020-05-06,2022-01-26,NA,2026-07-24,711
2026-03-27 07:38:12,2020-03-29,"1 BYO - No Share, Order Only (Weekly Shares)","Combined CSA","Fair Shares Wednesday Pickup","St Louis","MO","63108",0,NA,"Green","Not on Hold","Fair Shares - Wednesday  - Wednesday","Debit on Delivery",0,0,0,2020-04-01,2020-06-03,NA,2026-07-24,878
2021-06-01 18:12:09,2018-05-15,"1 BYO - No Share, Order Only (Weekly Shares)","Combined CSA","Fair Shares Thursday Pickup","DeSoto","MO","63020",-0.8,NA,"None","Not on Hold","Fair Shares - Thursday - Thursday",NA,0,0,0,2018-05-24,2021-06-03,NA,2026-07-24,1003
2026-06-23 13:38:41,2017-07-20,"1 (BYO) KWG - Orders Only (Weekly Shares)","Combined CSA","Kirkwood Pickup","St. Louis","MO","63122",99.62,NA,"None","Not on Hold","Kirkwood - Thursday","Debit on Delivery",0,0,0,2018-03-01,2022-12-01,NA,2026-07-24,1221
2023-03-26 19:18:04,2017-07-18,"1  (BYO) FSG - Orders Only","Combined CSA","Fair Shares Thursday Pickup","St. Louis","MO","63118",0,"Automatic","Orange","Not on Hold","Fair Shares - Thursday - Thursday","Debit on Delivery",0,0,0,2017-08-17,2023-02-23,NA,2026-07-24,921
2025-12-07 17:36:49,2025-03-09,"1  (BYO) FSG - Orders Only","Combined CSA","Fair Shares Wednesday Pickup","Saint Charles","MO","63303",0,"Automatic","Orange","Not on Hold","Fair Shares - Wednesday  - Wednesday","Debit on Delivery",0,0,0,2025-04-02,2025-11-26,NA,2026-07-24,402
2026-05-05 16:09:17,2024-11-13,"1 (BYO) UCG - Orders Only","Combined CSA","UCity Pickup","St Louis","MO","63130",182.57,"Automatic","None","Not on Hold","UCity - Wednesday","Debit on Delivery",0,0,0,2024-11-20,2026-04-29,NA,2026-07-24,470
2024-12-19 02:24:16,2018-06-20,"1 BYO - No Share, Order Only (Weekly Shares)","Combined CSA","Fair Shares Wednesday Pickup","St. Louis","MO","63117",303,"Automatic","None","Not on Hold","Fair Shares - Wednesday  - Wednesday","Debit on Delivery",0,0,0,2018-06-27,2024-12-18,NA,2026-07-24,1457
2026-07-24 03:55:13,2024-08-21,"1 Half (Half Share - ODD week)","Combined CSA","KWB","Glendale","MO","63122",174.91,"Automatic","Orange","Not on Hold","Kirkwood - Thursday","$150",0,0,0,2024-08-29,2026-07-23,NA,2026-07-24,896
2026-06-26 16:24:10,2020-04-07,"1 Half (Half Share - ODD week)","Combined CSA","KWB","St. Louis","MO","63131",91.13,"Automatic","Orange","Not on Hold","Kirkwood - Thursday","$150",0,0,0,2020-04-09,2026-06-25,NA,2026-07-24,1766
2026-02-27 02:16:07,2019-11-14,"1  (BYO) FSG - Orders Only","Combined CSA","Kirkwood Pickup","St. Louis","MO","63110",-68.46,NA,"Orange","Not on Hold","Kirkwood - Thursday",NA,0,0,0,2020-04-08,2026-02-26,NA,2026-07-24,525
2019-09-20 02:39:24,2017-07-20,"1 BYO - No Share, Order Only (Weekly Shares)","Combined CSA","Fair Shares Thursday Pickup","St. Louis","MO","63109",1.53,NA,"Purple","Not on Hold","Fair Shares - Thursday - Thursday","Debit on Delivery",0,0,0,2017-08-17,2019-09-19,NA,2026-07-24,1524
2026-04-26 10:23:30,2020-12-19,"1  (BYO) FSG - Orders Only","Combined CSA","Fair Shares Thursday Pickup","St. Louis","MO","63139",0,"Automatic","Orange","Hold","Fair Shares - Thursday - Thursday","Debit on Delivery",0,0,0,2021-04-28,2026-02-19,NA,2026-07-24,327
2026-05-01 09:53:43,2025-12-23,"1  (BYO) FSG - Orders Only","Combined CSA","Fair Shares Thursday Pickup","Webster Groves","MO","63119",21.04,"Automatic","None","Hold","Fair Shares - Thursday - Thursday","Debit on Delivery",0,0,0,2026-01-08,2026-02-26,NA,2026-07-24,65
2025-03-06 02:23:05,2017-08-24,"1 BYO - No Share, Order Only (Weekly Shares)","Combined CSA","Fair Shares Wednesday Pickup","St.","MO","63110",0,NA,"None","Not on Hold","Fair Shares - Wednesday  - Wednesday",NA,0,0,0,2017-08-30,2025-03-05,NA,2026-07-24,24
2026-03-27 07:38:58,2020-03-29,"1  (BYO) FSG - Orders Only","Combined CSA","Fair Shares Wednesday Pickup","Saint Louis","MO","63105",0,"Automatic","None","Not on Hold","Fair Shares - Wednesday  - Wednesday","Debit on Delivery",0,0,0,2020-04-01,2020-11-11,NA,2026-07-24,1868
2025-08-10 11:02:56,2023-09-07,"1  (BYO) FSG - Orders Only","Combined CSA","Fair Shares Thursday Pickup","St Louis","MO","63108",83.04,"Automatic","None","Not on Hold","Fair Shares - Thursday - Thursday","Debit on Delivery",0,0,0,2023-09-14,2025-08-07,NA,2026-07-24,939
2026-07-16 04:00:23,2026-02-24,"1 Half (Half Share - EVEN week)","Combined CSA","FSB","Fenton","MO","63026",184.68,"Automatic","Purple","Not on Hold","Fair Shares - Wednesday  - Wednesday","$150",0,0,0,2026-05-06,2026-07-15,NA,2026-07-24,136
2026-05-06 15:45:51,2017-07-18,"1  (BYO) FSG - Orders Only","Combined CSA","Fair Shares Wednesday Pickup","St. Louis","MO","63104",0,"Automatic","Purple","Hold","Fair Shares - Wednesday  - Wednesday","Debit on Delivery",0,0,0,2017-08-16,2026-02-25,NA,2026-07-24,325
2026-07-24 03:55:04,2017-07-18,"1 Mini (Weekly Shares)","Combined CSA","KWM","Kirkwood","MO","63122",194.93,"Automatic","None","Not on Hold","Kirkwood - Thursday","$150",0,0,0,2017-08-16,2026-07-23,NA,2026-07-24,1970
2023-12-28 11:23:47,2022-08-31,"1  (BYO) FSG - Orders Only","Combined CSA","Fair Shares Thursday Pickup","Saint Louis","MO","63104",0.73,"Automatic","Green","Not on Hold","Fair Shares - Thursday - Thursday","Debit on Delivery",0,0,0,2022-09-08,2023-01-05,NA,2026-07-24,1711
2026-03-27 07:34:00,2020-05-11,"1  (BYO) FSG - Orders Only","Combined CSA","Fair Shares Wednesday Pickup","St Charles","MO","63303",0,"Automatic","Green Purple","Not on Hold","Fair Shares - Wednesday  - Wednesday","Debit on Delivery",0,0,0,2020-05-13,2021-09-01,NA,2026-07-24,1186
2026-03-27 07:48:36,2019-04-06,"1 BYO - No Share, Order Only (Weekly Shares)","Combined CSA","Fair Shares Wednesday Pickup","St. Louis","MO","63132",0,NA,"None","Hold","Fair Shares - Wednesday  - Wednesday","Debit on Delivery",0,0,0,2019-04-10,2019-05-29,NA,2026-07-24,1294
2026-07-24 02:36:40,2026-03-31,"1 Half (Half Share - ODD week)","Combined CSA","FSE","Saint Louis","MO","63119",82.18,"Automatic","Orange","Not on Hold","Fair Shares - Thursday - Thursday","$150",0,0,0,2026-04-30,2026-07-23,NA,2026-07-24,593
2026-05-07 15:07:02,2020-05-03,"1 (BYO) KWG - Orders Only (Weekly Shares)","Combined CSA","Kirkwood Pickup","Saint Louis","MO","63124",402.47,"Automatic","None","Not on Hold","Kirkwood - Thursday","Debit on Delivery",0,0,0,2020-05-07,2026-04-30,NA,2026-07-24,123
2019-05-22 11:30:44,2017-07-18,"1 BYO - No Share, Order Only (Weekly Shares)","Combined CSA","Fair Shares Wednesday Pickup","St. Louis","63104","55555",0,NA,"Orange","Hold","Fair Shares - Wednesday  - Wednesday",NA,0,0,0,2017-08-24,2017-10-04,NA,2026-07-24,372
2023-09-12 11:09:09,2017-07-20,"1 (BYO) KWG - Orders Only (Weekly Shares)","Combined CSA","Kirkwood Pickup","St. Louis","MO","63122",48.12,"Automatic","None","Not on Hold","Kirkwood - Thursday","Debit on Delivery",0,0,0,2017-08-17,2023-09-07,NA,2026-07-24,1600
2026-07-11 02:07:38,2020-02-27,"1 2% MILK-o, 1 Half (Half Share - ODD week)","Combined CSA","KWB","Saint Louis","MO","63126",165.31,"Automatic","Orange","Not on Hold","Kirkwood - Thursday","$150",0,0,0,2020-03-26,2026-07-09,NA,2026-07-24,1075
2026-04-26 10:20:12,2024-03-30,"1 (BYO) UCG - Orders Only","Combined CSA","UCity Pickup","University City","MO","63130",0,"Automatic","None","Hold","UCity - Wednesday","Debit on Delivery",0,0,0,2024-04-03,2026-02-25,NA,2026-07-24,135
2026-07-23 19:17:53,2020-04-14,"1 2% MILK-o, 1 Mini (Weekly Shares)","Combined CSA","UCM","Olivette","MO","63132",172.48,"Automatic","Orange","Not on Hold","UCity - Wednesday","$150",0,0,0,2020-04-15,2026-07-22,NA,2026-07-24,1098
2021-07-05 07:43:02,2017-07-18,"1  (BYO) FSG - Orders Only","Combined CSA","Fair Shares Thursday Pickup","St. Louis","MO","63110",0,"Automatic","Blue Orange","Not on Hold","Fair Shares - Thursday - Thursday","Debit on Delivery",0,0,0,2017-08-24,2021-07-01,NA,2026-07-24,383
2021-02-25 10:41:50,2020-03-18,"1  (BYO) FSG - Orders Only","Combined CSA","Fair Shares Wednesday Pickup","St. Louis","MO","63105",0,"Automatic","None","Not on Hold","Fair Shares - Wednesday  - Wednesday","Debit on Delivery",0,0,0,2020-03-25,2021-02-24,NA,2026-07-24,1475
2026-07-14 11:47:24,2023-04-06,"1 Half (Half Share - ODD week), 1 Half (ONCE 2026-07-30)","Combined CSA","KWB","Chesterfield","MO","63017",139.59,"Automatic","Green Orange","Not on Hold","Kirkwood - Thursday","$150",0,0,0,2023-04-13,2026-07-09,NA,2026-07-24,1618
2026-07-24 02:36:40,2017-07-18,"1 Mini (Weekly Shares)","Combined CSA","FSMini-t","St. Louis","63119","63119",75.39,"Automatic","None","Not on Hold","Fair Shares - Thursday - Thursday","$150",0,0,0,2017-10-19,2026-07-23,NA,2026-07-24,1521
2025-04-24 11:10:46,2023-09-26,"1  (BYO) FSG - Orders Only","Combined CSA","Fair Shares Thursday Pickup","St Louis","MO","63118",0,"Automatic","Orange","Hold","Fair Shares - Thursday - Thursday","Debit on Delivery",0,0,0,2023-09-28,2025-04-03,NA,2026-07-24,785
2026-04-11 11:17:51,2026-01-24,"1 Guest Access","Combined CSA","Fair Shares Thursday Pickup","St. Louis","MO","63110",0,"Automatic","None","Not on Hold","Fair Shares - Thursday - Thursday","Debit on Delivery",0,0,0,2026-01-29,2026-02-05,NA,2026-07-24,770
2026-04-28 09:20:56,2017-07-18,"1  (BYO) FSG - Orders Only","Combined CSA","Fair Shares Thursday Pickup","St. Louis","MO","63116",21.52,"Automatic","Orange","Not on Hold","Fair Shares - Thursday - Thursday","Debit on Delivery",0,0,0,2017-08-17,2026-02-19,NA,2026-07-24,203
2026-07-24 02:36:40,2017-07-20,"1 No Produce - Order Only (even wk), 1 Half (Half Share - ODD week)","Combined CSA","KWB","St. Louis","MO","63122",271.66,"Automatic","Blue Orange","Not on Hold","Kirkwood - Thursday","$300",0,0,0,2017-08-24,2026-07-23,NA,2026-07-24,1570
2026-05-01 02:20:51,2019-05-03,"1 Mini (Weekly Shares)","Combined CSA","FSMini-t","Saint Louis","MO","63108",88.75,"Automatic","None","Temp Hold","Fair Shares - Thursday - Thursday","$150",0,0,0,2019-05-09,2026-04-30,NA,2026-07-24,463
2026-03-27 07:10:21,2022-09-20,"1  (BYO) FSG - Orders Only","Combined CSA","Fair Shares Wednesday Pickup","St. Louis","MO","63109",0,"Automatic","Green","Not on Hold","Fair Shares - Wednesday  - Wednesday","Debit on Delivery",0,0,0,2022-09-28,2023-01-04,NA,2026-07-24,1061
2025-01-28 13:24:25,2021-10-31,"1 (BYO) KWG - Orders Only (Weekly Shares)","Combined CSA","Kirkwood Pickup","Frontenac","MO","63131",75.55,"Automatic","Green","Not on Hold","Kirkwood - Thursday","Debit on Delivery",0,0,0,2021-11-04,2025-01-23,NA,2026-07-24,299
2020-02-10 08:45:13,2019-08-25,"1 BYO - No Share, Order Only (Weekly Shares)","Combined CSA","Fair Shares Wednesday Pickup","St. Louis","MO","63108",0.01,NA,"Purple","Not on Hold","Fair Shares - Wednesday  - Wednesday","Debit on Delivery",0,0,0,2019-08-28,2020-01-29,NA,2026-07-24,516
2026-07-16 04:00:14,2026-06-04,"1 Half (Half Share - EVEN week)","Combined CSA","FSB","University City","MO","63130",211.49,"Automatic","Purple","Not on Hold","Fair Shares - Wednesday  - Wednesday","$150",0,0,0,2026-06-10,2026-07-15,NA,2026-07-24,902
2026-02-09 10:14:36,2020-03-24,"1  (BYO) FSG - Orders Only","Combined CSA","Fair Shares Thursday Pickup","Saint Louis","MO","63118",0,NA,"None","Hold","Fair Shares - Thursday - Thursday",NA,0,0,0,2020-03-26,2020-09-10,NA,2026-07-24,1168
2026-04-08 16:32:40,2017-07-18,"1 Half (Half Share - ODD week), 1 No Produce - Order Only (even wk)","Combined CSA","FSE","St. Louis","MO","63123",27.32,"Automatic","Orange","Hold","Fair Shares - Thursday - Thursday","Debit on Delivery",0,0,0,2017-08-23,2026-02-19,NA,2026-07-24,1156
2025-09-30 15:29:38,2025-09-11,"1  (BYO) FSG - Orders Only","Combined CSA","Fair Shares Thursday Pickup","St Louis","MO","63116",0,NA,"None","Not on Hold","Fair Shares - Thursday - Thursday",NA,0,0,0,2025-10-02,2025-10-02,NA,2026-07-24,174
2026-04-29 05:48:46,2025-05-27,"1  (BYO) FSG - Orders Only","Combined CSA","Fair Shares Wednesday Pickup","Webster Groves","MO","63119",201.85,"Automatic","Orange","Not on Hold","Fair Shares - Wednesday  - Wednesday","Debit on Delivery",0,0,0,2025-06-04,2025-11-12,NA,2026-07-24,880
2026-07-17 02:36:03,2021-03-31,"1 Mini (Weekly Shares)","Combined CSA","KWM","Saint Louis","MO","63126",566.79,"Automatic","None","Not on Hold","Kirkwood - Thursday","$600",0,0,0,2021-04-08,2026-07-16,NA,2026-07-24,1217
2026-04-21 07:59:19,2020-08-11,"1  (BYO) FSG - Orders Only","Combined CSA","Fair Shares Thursday Pickup","Saint Louis","MO","63139",31.24,"Automatic","Green Purple","Not on Hold","Fair Shares - Thursday - Thursday","Debit on Delivery",0,0,0,2020-08-20,2026-02-26,NA,2026-07-24,1884
2026-03-27 07:42:35,2020-01-20,"1 BYO - No Share, Order Only (Weekly Shares)","Combined CSA","Fair Shares Wednesday Pickup","Bridgeton","MO","63044",0,"Automatic","None","Not on Hold","Fair Shares - Wednesday  - Wednesday","Debit on Delivery",0,0,0,2020-01-23,2020-03-26,NA,2026-07-24,1461
2026-03-27 07:58:48,2017-10-10,"1 BYO - No Share, Order Only (Weekly Shares)","Combined CSA","Fair Shares Wednesday Pickup","Saint Louis","MO","63143",0,"Automatic","None","Not on Hold","Fair Shares - Wednesday  - Wednesday","Debit on Delivery",0,0,0,2017-10-12,2020-12-02,NA,2026-07-24,1136
2026-04-11 08:18:37,2020-01-12,"1 (BYO) KWG - Orders Only (Weekly Shares)","Combined CSA","Kirkwood Pickup","Kirkwood","MO","63122",0,"Automatic","None","Not on Hold","Kirkwood - Thursday","Debit on Delivery",0,0,0,2020-01-16,2026-02-26,NA,2026-07-24,1465
2026-07-03 03:52:40,2020-02-23,"1 Mini (Weekly Shares)","Combined CSA","KWM","Kirkwood","MO","63122",184.56,"Automatic","None","Not on Hold","Kirkwood - Thursday","$150",0,0,0,2020-02-27,2026-07-02,NA,2026-07-24,1725
2025-05-08 08:19:10,2018-06-06,"1  (BYO) FSG - Orders Only","Combined CSA","Fair Shares Thursday Pickup","Webster Groves","MO","63119",123.64,"Automatic","Purple","Not on Hold","Fair Shares - Thursday - Thursday","Debit on Delivery",0,0,0,2018-06-21,2025-04-10,NA,2026-07-24,121
2025-01-13 06:59:46,2020-05-10,"1 (BYO) KWG - Orders Only (Weekly Shares)","Combined CSA","Kirkwood Pickup","Kirkwood","MO","63122",0,NA,"None","Not on Hold","Kirkwood - Thursday","Debit on Delivery",0,0,0,2020-05-14,2021-08-26,NA,2026-07-24,213
2026-07-24 03:55:18,2017-07-20,"1 FSA/FSD","Combined CSA","FSD","St. Louis","63110","63118",361.33,"Automatic","None","Not on Hold","Fair Shares - Thursday - Thursday","$300",0,0,0,2017-08-17,2026-07-23,NA,2026-07-24,1932
2026-04-20 12:53:40,2025-04-24,"1 (BYO) KWG - Orders Only (Weekly Shares)","Combined CSA","Kirkwood Pickup","St louis","MO","63122",192.52,"Automatic","None","Hold","Kirkwood - Thursday","Debit on Delivery",0,0,0,2025-05-01,2025-06-05,NA,2026-07-24,155
2026-03-27 07:27:55,2020-08-13,"1  (BYO) FSG - Orders Only","Combined CSA","Fair Shares Wednesday Pickup","St. Louis","MO","63104",0,NA,"Purple","Not on Hold","Fair Shares - Wednesday  - Wednesday","Debit on Delivery",0,0,0,2020-08-19,2022-04-27,NA,2026-07-24,1858
2026-03-27 07:06:41,2024-02-22,"1  (BYO) FSG - Orders Only","Combined CSA","Fair Shares Wednesday Pickup","Saint Louis","MO","63103",0,"Automatic","None","Not on Hold","Fair Shares - Wednesday  - Wednesday","Debit on Delivery",0,0,0,2024-02-28,2025-02-26,NA,2026-07-24,1874
2026-07-24 02:36:40,2017-10-16,"1 Half (Half Share - ODD week), 1 No Produce - Order Only (even wk)","Combined CSA","KWB","St. Louis","MO","63122",573.36,"Automatic","Orange","Not on Hold","Kirkwood - Thursday","$600",0,0,0,2017-10-19,2026-07-23,NA,2026-07-24,305
2020-10-26 08:32:08,2020-07-15,"1  (BYO) FSG - Orders Only","Combined CSA","Fair Shares Thursday Pickup","Ferguson","MO","63135",0,"Automatic","Green Orange","Not on Hold","Fair Shares - Thursday - Thursday","Debit on Delivery",0,0,0,2020-07-23,2020-10-22,NA,2026-07-24,1963
2025-12-17 19:42:41,2020-10-14,"1  (BYO) FSG - Orders Only","Combined CSA","Fair Shares Wednesday Pickup","Saint Louis","MO","63118",4.78,"Automatic","None","Not on Hold","Fair Shares - Wednesday  - Wednesday","Debit on Delivery",0,0,0,2020-10-21,2025-12-10,NA,2026-07-24,1749
2021-01-29 03:49:35,2020-02-28,"1  (BYO) FSG - Orders Only","Combined CSA","Fair Shares Thursday Pickup","Saint Louis","MO","63110",0,"Automatic","None","Not on Hold","Fair Shares - Thursday - Thursday","Debit on Delivery",0,0,0,2020-03-26,2021-01-28,NA,2026-07-24,1466
2021-06-10 19:07:18,2020-03-12,"1  (BYO) FSG - Orders Only","Combined CSA","Fair Shares Thursday Pickup","Saint Louis","MO","63108",0,"Automatic","None","Not on Hold","Fair Shares - Thursday - Thursday","Debit on Delivery",0,0,0,2020-03-26,2021-06-03,NA,2026-07-24,1439
2026-07-24 02:36:40,2017-07-20,"1 Mini (Weekly Shares)","Combined CSA","KWM","St. Louis","MO","63119",149.68,"Automatic","None","Not on Hold","Kirkwood - Thursday","$600",0,0,0,2017-08-17,2026-07-23,NA,2026-07-24,634
2024-09-02 10:57:18,2024-05-25,"1 (BYO) UCG - Orders Only","Combined CSA","UCity Pickup","St. Louis","MO","63130",3.45,"Automatic","Orange","Not on Hold","UCity - Wednesday","Debit on Delivery",0,0,0,2024-05-29,2024-08-21,NA,2026-07-24,944
2023-11-24 03:47:02,2017-07-20,"1 (BYO) KWG - Orders Only (Weekly Shares)","Combined CSA","Kirkwood Pickup","St. Louis","MO","63146",0,"Automatic","Blue Orange","Not on Hold","Kirkwood - Thursday","Debit on Delivery",0,0,0,2017-08-24,2023-11-23,NA,2026-07-24,1841
2021-03-18 14:27:47,2020-04-18,"1  (BYO) FSG - Orders Only","Combined CSA","Fair Shares Thursday Pickup","St. Louis","MO","63139",0,"Automatic","Green","Not on Hold","Fair Shares - Thursday - Thursday","Debit on Delivery",0,0,0,2020-04-23,2021-02-25,NA,2026-07-24,1280
2026-07-24 02:36:40,2020-03-22,"1 Mini (Weekly Shares)","Combined CSA","KWM","St. Louis","MO","63139",110.2,"Automatic","None","Not on Hold","Kirkwood - Thursday","$150",0,0,0,2020-03-26,2026-07-23,NA,2026-07-24,467
2026-07-23 04:03:17,2017-07-18,"1 Mini (Weekly Shares)","Combined CSA","FSMini-w","St. Louis","MO","63105",216.33,"Automatic","None","Not on Hold","Fair Shares - Wednesday  - Wednesday","$150",0,0,0,2017-08-16,2026-07-22,NA,2026-07-24,618
2026-03-27 07:26:25,2020-09-28,"1  (BYO) FSG - Orders Only","Combined CSA","Fair Shares Wednesday Pickup","St. Louis","MO","63109",0,"Automatic","Green","Not on Hold","Fair Shares - Wednesday  - Wednesday","Debit on Delivery",0,0,0,2020-10-07,2020-12-02,NA,2026-07-24,1701
2026-03-27 07:47:52,2019-05-02,"1 BYO - No Share, Order Only (Weekly Shares)","Combined CSA","Fair Shares Wednesday Pickup","St. Louis","MO","63143",0,NA,"Orange","Not on Hold","Fair Shares - Wednesday  - Wednesday","Debit on Delivery",0,0,0,2019-05-15,2020-05-20,NA,2026-07-24,675
2026-07-19 21:25:59,2024-04-01,"1 Mini (Weekly Shares)","Combined CSA","FSMini-t","Saint Louis","MO","63110",100.81,"Automatic","None","Not on Hold","Fair Shares - Thursday - Thursday","$150",0,0,0,2024-04-04,2026-07-16,NA,2026-07-24,1873
2026-03-27 07:04:16,2024-04-01,"1  (BYO) FSG - Orders Only","Combined CSA","Fair Shares Wednesday Pickup","St. Louis","MO","63108",0,"Automatic","Purple","Not on Hold","Fair Shares - Wednesday  - Wednesday","Debit on Delivery",0,0,0,2024-04-03,2025-06-18,NA,2026-07-24,1016
2026-04-17 08:04:19,2017-07-18,"1  (BYO) FSG - Orders Only","Combined CSA","Fair Shares Wednesday Pickup","St. Louis","MO","63105",100.36,"Automatic","None","Not on Hold","Fair Shares - Wednesday  - Wednesday","Debit on Delivery",0,0,0,2017-08-16,2026-02-25,NA,2026-07-24,718
2026-07-24 02:36:40,2017-07-18,"1 Mini (Weekly Shares)","Combined CSA","FSMini-t","St. Louis","MO","63125",598.53,"Automatic","None","Not on Hold","Fair Shares - Thursday - Thursday","$600",0,0,0,2017-08-16,2026-07-23,NA,2026-07-24,133
2026-04-20 14:26:53,2020-07-18,"1  (BYO) FSG - Orders Only","Combined CSA","Fair Shares Thursday Pickup","Webster Groves","MO","63119",0,"Automatic","Green","Not on Hold","Fair Shares - Thursday - Thursday","Debit on Delivery",0,0,0,2020-07-23,2026-02-26,NA,2026-07-24,1680
2026-06-29 08:34:59,2021-04-16,"1  (BYO) FSG - Orders Only","Combined CSA","Fair Shares Thursday Pickup","St Louis","MO","63139",0.01,"Automatic","Green","Not on Hold","Fair Shares - Thursday - Thursday","Debit on Delivery",0,0,0,2021-04-22,2026-06-18,NA,2026-07-24,1149
2026-04-02 11:08:54,2017-07-18,"1  (BYO) FSG - Orders Only","Combined CSA","Fair Shares Wednesday Pickup","St. Louis","MO","63104",7.3,"Automatic","Purple","Not on Hold","Fair Shares - Wednesday  - Wednesday","Debit on Delivery",0,0,0,2017-08-16,2026-02-25,NA,2026-07-24,224
2026-03-27 08:01:57,2017-07-18,"1  (BYO) FSG - Orders Only","Combined CSA","Fair Shares Wednesday Pickup","St. Louis","MO","63108",0.01,"Automatic","Orange","Not on Hold","Fair Shares - Wednesday  - Wednesday","Debit on Delivery",0,0,0,2017-08-23,2024-04-03,NA,2026-07-24,62
2026-07-24 03:55:18,2017-07-18,"1 FSA/FSD","Combined CSA","FSD","St. louis","MO","63139",365.76,"Automatic","None","Not on Hold","Fair Shares - Thursday - Thursday","$300",0,0,0,2017-08-17,2026-07-23,NA,2026-07-24,1236
2024-08-19 14:44:30,2020-10-01,"1  (BYO) FSG - Orders Only","Combined CSA","Fair Shares Wednesday Pickup","St Louis","MO","63123",0,"Automatic","Green","Not on Hold","Fair Shares - Wednesday  - Wednesday","Debit on Delivery",0,0,0,2020-10-07,2024-05-29,NA,2026-07-24,1350
2026-03-27 07:56:03,2018-05-02,"1 BYO - No Share, Order Only (Weekly Shares)","Combined CSA","Fair Shares Wednesday Pickup","St. Louis","MO","63116",0,NA,"None","Not on Hold","Fair Shares - Wednesday  - Wednesday","Debit on Delivery",0,0,0,2018-05-09,2018-12-05,NA,2026-07-24,248
2026-03-27 07:54:58,2018-05-16,"1 BYO - No Share, Order Only (Weekly Shares)","Combined CSA","Fair Shares Wednesday Pickup","St Louis","MO","63116",0,NA,"None","Hold","Fair Shares - Wednesday  - Wednesday","Debit on Delivery",0,0,0,2018-05-23,2018-11-07,NA,2026-07-24,1955
2026-07-23 02:43:56,2018-07-31,"1 UCA/KWA","Combined CSA","UCA","Saint louis","MO","63130",320.26,"Automatic","None","Not on Hold","UCity - Wednesday","$600",0,0,0,2018-08-08,2026-07-22,NA,2026-07-24,681
2025-06-08 18:48:11,2021-07-04,"1  (BYO) FSG - Orders Only","Combined CSA","Fair Shares Thursday Pickup","Creve Coeur","MO","63141",0.07,"Automatic","Purple","Not on Hold","Fair Shares - Thursday - Thursday","Debit on Delivery",0,0,0,2021-07-07,2025-06-05,NA,2026-07-24,1066
2025-12-11 11:03:51,2023-03-23,"1 (BYO) UCG - Orders Only","Combined CSA","UCity Pickup","St Louis","MO","63112",0,"Automatic","None","Not on Hold","UCity - Wednesday","Debit on Delivery",0,0,0,2023-03-29,2025-10-29,NA,2026-07-24,1306
2024-02-29 02:23:01,2020-03-26,"1 (BYO) UCG - Orders Only","Combined CSA","UCity Pickup","University City","MO","63130",83.04,"Automatic","Orange","Not on Hold","UCity - Wednesday","Debit on Delivery",0,0,0,2020-04-01,2024-02-28,NA,2026-07-24,1823
2026-07-23 02:43:56,2020-03-23,"1 UCA/KWA","Combined CSA","UCA","University City","MO","63130",197.29,"Automatic","None","Not on Hold","UCity - Wednesday","$300",0,0,0,2020-03-25,2026-07-22,NA,2026-07-24,1699
2025-01-13 06:54:26,2020-06-07,"1  (BYO) FSG - Orders Only","Combined CSA","Fair Shares Thursday Pickup","St louis","MO","63119",0,NA,"Green Purple","Not on Hold","Fair Shares - Thursday - Thursday","Debit on Delivery",0,0,0,2020-06-11,2023-09-28,NA,2026-07-24,555
2026-07-24 02:36:40,2023-07-05,"1 Mini (Weekly Shares)","Combined CSA","FSMini-t","St. Louis","MO","63139",410,"Automatic","None","Not on Hold","Fair Shares - Thursday - Thursday","$600",0,0,0,2023-07-13,2026-07-23,NA,2026-07-24,1671
2026-07-16 02:44:04,2020-03-25,"1 Half (Half Share - EVEN week)","Combined CSA","UCB","St. Louis","MO","63131",573.42,"Automatic","Purple","Not on Hold","UCity - Wednesday","$600",0,0,0,2020-04-02,2026-07-15,NA,2026-07-24,1928
2026-07-24 02:36:40,2019-08-21,"1 Half (Half Share - ODD week), 1 2% MILK-o","Combined CSA","KWB","Webster Groves","MO","63119",109.79,"Automatic","Orange","Not on Hold","Kirkwood - Thursday","$150",0,0,0,2019-08-28,2026-07-23,NA,2026-07-24,1487
2021-05-26 06:26:48,2020-12-01,"1 (BYO) UCG - Orders Only","Combined CSA","UCity Pickup","St. Louis","MO","63130",0,"Automatic","None","Not on Hold","UCity - Wednesday","Debit on Delivery",0,0,0,2020-12-02,2021-05-19,NA,2026-07-24,857
2023-11-26 09:34:30,2021-08-12,"1  (BYO) FSG - Orders Only","Combined CSA","Fair Shares Thursday Pickup","St. Louis","MO","63109",80.46,"Automatic","Green","Not on Hold","Fair Shares - Thursday - Thursday","Debit on Delivery",0,0,0,2021-08-19,2023-11-23,NA,2026-07-24,838
2026-03-30 10:06:43,2017-07-18,"1  (BYO) FSG - Orders Only","Combined CSA","Fair Shares Thursday Pickup","St. Louis","MO","63119",913.69,"Automatic","None","Not on Hold","Fair Shares - Thursday - Thursday",NA,0,0,0,2017-08-17,2024-03-07,NA,2026-07-24,583
2026-04-26 22:20:36,2025-01-14,"1 (BYO) UCG - Orders Only","Combined CSA","UCity Pickup","St. Louis","MO","63146",37.53,"Automatic","Orange","Hold","UCity - Wednesday","Debit on Delivery",0,0,0,2025-01-22,2026-02-18,NA,2026-07-24,139
2026-07-23 02:43:56,2017-07-18,"1 FSA/FSD","Combined CSA","FSA","St. Louis","MO","63129",-467.98,NA,"Payment","Not on Hold","Fair Shares - Wednesday  - Wednesday","$300",0,0,0,2017-08-16,2026-07-22,NA,2026-07-24,423
2026-06-30 11:28:15,2017-07-18,"1 BYO - No Share, Order Only (Weekly Shares)","Combined CSA","Fair Shares Thursday Pickup","St. Louis","MO","63126",0.01,"Automatic","None","Not on Hold","Fair Shares - Thursday - Thursday","Debit on Delivery",0,0,0,2017-08-16,2024-11-28,NA,2026-07-24,1087
2026-07-24 02:36:40,2017-07-18,"1 Mini (Weekly Shares), 1 Whole MILK-e","Combined CSA","FSMini-t","St. Louis","63117","MO",224.55,"Automatic","None","Not on Hold","Fair Shares - Thursday - Thursday","$600",0,0,0,2017-08-17,2026-07-23,NA,2026-07-24,1900
2026-07-24 02:36:40,2018-01-17,"1 Half (Half Share - ODD week)","Combined CSA","FSE","st. louis","MO","63112",8.07,"Automatic","Payment Orange","Not on Hold","Fair Shares - Thursday - Thursday","$150",0,-150,0,2024-05-30,2026-07-23,NA,2026-07-24,790
2026-07-24 02:36:40,2025-03-11,"1 UCA/KWA","Combined CSA","KWA","Kirkwood","MO","63122",187.75,"Automatic","None","Not on Hold","Kirkwood - Thursday","$300",0,0,0,2025-04-03,2026-07-23,NA,2026-07-24,622
2022-08-18 03:58:52,2020-12-25,"1 (BYO) UCG - Orders Only","Combined CSA","UCity Pickup","St. Louis","MO","63121",0,"Automatic","Green Purple","Not on Hold","UCity - Wednesday","Debit on Delivery",0,0,0,2021-01-06,2022-08-17,NA,2026-07-24,1756
2026-04-03 11:49:18,2022-05-02,"1  (BYO) FSG - Orders Only","Combined CSA","Fair Shares Thursday Pickup","Saint Louis","MO","63104",39.19,"Automatic","Green Purple","Not on Hold","Fair Shares - Thursday - Thursday","Debit on Delivery",0,0,0,2022-05-12,2026-02-26,NA,2026-07-24,1229
2022-02-11 03:53:56,2017-07-18,"1  (BYO) FSG - Orders Only","Combined CSA","Fair Shares Wednesday Pickup","St. Louis","63105","55555",0,"Automatic","Purple","Not on Hold","Fair Shares - Wednesday  - Wednesday","Debit on Delivery",0,0,0,2017-08-31,2022-02-09,NA,2026-07-24,1855
2025-11-17 09:02:55,2025-05-11,"1  (BYO) FSG - Orders Only","Combined CSA","Fair Shares Thursday Pickup","Saint Louis","MO","63110",0,"Automatic","Orange","Not on Hold","Fair Shares - Thursday - Thursday","Debit on Delivery",0,0,0,2025-05-15,2025-11-13,NA,2026-07-24,260
2026-07-23 04:03:18,2022-05-03,"1 Mini (Weekly Shares)","Combined CSA","FSMini-w","Webster Groves","MO","63119",217.81,"Automatic","Green","Not on Hold","Fair Shares - Wednesday  - Wednesday","$150",0,0,0,2022-05-11,2026-07-22,NA,2026-07-24,1983
2026-07-23 02:43:56,2017-07-20,"1 Mini (Weekly Shares)","Combined CSA","FSMini-w","Webster Groves","MO","63119",105.84,"Automatic","None","Not on Hold","Fair Shares - Wednesday  - Wednesday","$150",0,0,0,2017-08-17,2026-07-22,NA,2026-07-24,145
2026-07-24 02:36:40,2019-03-24,"1 Half (Half Share - ODD week)","Combined CSA","FSE","Saint Louis","MO","63126",77.17,"Automatic","Orange","Not on Hold","Fair Shares - Thursday - Thursday","$150",0,0,0,2019-04-04,2026-07-23,NA,2026-07-24,1706
2026-07-23 02:43:56,2017-07-18,"1 Mini (Weekly Shares)","Combined CSA","UCM","St. Louis","MO","63130",237.9,"Automatic","None","Not on Hold","UCity - Wednesday","$300",0,0,0,2017-08-16,2026-07-22,NA,2026-07-24,1498
2026-07-24 03:55:08,2020-05-13,"1 Whole MILK, 1 Mini (Weekly Shares)","Combined CSA","FSMini-t","St louis","MO","63104",216.99,"Automatic","Green","Not on Hold","Fair Shares - Thursday - Thursday","$150",0,0,0,2020-05-21,2026-07-23,NA,2026-07-24,1453
2026-07-23 02:43:56,2026-06-05,"1 Mini (Weekly Shares)","Combined CSA","FSMini-w","St. Louis","MO","63117",144.65,"Automatic","None","Not on Hold","Fair Shares - Wednesday  - Wednesday","$150",0,0,0,2026-06-10,2026-07-22,NA,2026-07-24,335
2026-05-05 06:51:04,2026-01-11,"1  (BYO) FSG - Orders Only","Combined CSA","Fair Shares Thursday Pickup","St. Louis","MO","63118",0,"Automatic","None","Hold","Fair Shares - Thursday - Thursday","Debit on Delivery",0,0,0,2026-01-15,2026-02-26,NA,2026-07-24,515
2026-07-16 02:44:04,2020-05-06,"1 Half (Half Share - EVEN week)","Combined CSA","UCB","Saint Louis","MO","63130",100.22,"Automatic","Purple","Not on Hold","UCity - Wednesday","$150",0,0,0,2020-05-13,2026-07-15,NA,2026-07-24,1107
2026-07-23 04:03:22,2021-03-07,"1  (BYO) FSG - Orders Only","Combined CSA","Fair Shares Wednesday Pickup","SAINT LOUIS","MO","63104-2930",0,"Automatic","Payment Green","Not on Hold","Fair Shares - Wednesday  - Wednesday","Debit on Delivery",0,0,0,2021-03-25,2026-07-22,NA,2026-07-24,1407
2026-07-23 02:43:56,2017-07-20,"1 Mini (Weekly Shares), 1 2% MILK, 1 Half & Half (Weekly Shares)","Combined CSA","FSMini-w","St. Louis","MO","63116",121.31,"Automatic","None","Not on Hold","Fair Shares - Wednesday  - Wednesday","$300",0,0,0,2017-08-24,2026-07-22,NA,2026-07-24,1255
2021-03-29 13:41:03,2020-08-06,"1  (BYO) FSG - Orders Only","Combined CSA","Fair Shares Wednesday Pickup","Saint Louis","MO","63139",0,"Automatic","Green Orange","Not on Hold","Fair Shares - Wednesday  - Wednesday","Debit on Delivery",0,0,0,2020-08-12,2021-03-24,NA,2026-07-24,766
2026-04-12 03:38:43,2018-08-16,"1 (BYO) KWG - Orders Only (Weekly Shares)","Combined CSA","Kirkwood Pickup","Des peres","MO","63131",0,"Automatic","Purple","Not on Hold","Kirkwood - Thursday","Debit on Delivery",0,0,0,2018-08-30,2026-02-26,NA,2026-07-24,1987
2022-09-15 04:01:36,2020-05-01,"1  (BYO) FSG - Orders Only","Combined CSA","Fair Shares Wednesday Pickup","Clayton","MO","63105",0,"Automatic","Green","Not on Hold","Fair Shares - Wednesday  - Wednesday","Debit on Delivery",0,0,0,2020-05-06,2022-09-14,NA,2026-07-24,1541
2026-07-24 02:36:40,2017-07-18,"1 FSA/FSD","Combined CSA","FSA","St. Louis","MO","63104",602.07,"Automatic","None","Not on Hold","Fair Shares - Wednesday  - Wednesday","$600",0,0,0,2017-08-16,2026-07-22,NA,2026-07-24,1799
2025-11-21 14:22:32,2025-02-07,"1 (BYO) UCG - Orders Only","Combined CSA","UCity Pickup","St Louis","MO","63124",145.4,"Automatic","None","Not on Hold","UCity - Wednesday","Debit on Delivery",0,0,0,2025-02-13,2025-04-16,NA,2026-07-24,852
2020-10-27 19:30:56,2020-04-27,"1  (BYO) FSG - Orders Only","Combined CSA","Fair Shares Thursday Pickup","St. Louis","MO","63131",0,"Automatic","Green","Not on Hold","Fair Shares - Thursday - Thursday","Debit on Delivery",0,0,0,2020-04-30,2020-10-22,NA,2026-07-24,420
2026-07-23 02:43:56,2020-04-04,"1 Half (Half Share - ODD week)","Combined CSA","UCB","Saint Louis","MO","63130",219.38,"Automatic","Orange","Not on Hold","UCity - Wednesday","$600",0,0,0,2020-04-08,2026-07-22,NA,2026-07-24,570
2026-05-06 15:46:18,2017-07-18,"1  (BYO) FSG - Orders Only","Combined CSA","Fair Shares Wednesday Pickup","St. Louis","MO","63109",30.69,"Automatic","Purple","Hold","Fair Shares - Wednesday  - Wednesday","Debit on Delivery",0,0,0,2017-08-16,2026-02-25,NA,2026-07-24,390
2026-07-24 02:36:40,2017-07-18,"1 Mini (Weekly Shares)","Combined CSA","FSMini-t","St. Louis","MO","63119",446.16,"Automatic","None","Not on Hold","Fair Shares - Thursday - Thursday","$600",0,0,0,2017-08-17,2026-07-23,NA,2026-07-24,514
2025-12-05 03:54:38,2025-03-20,"1  (BYO) FSG - Orders Only","Combined CSA","Fair Shares Thursday Pickup","Saint Louis","MO","63129",0,"Automatic","None","Not on Hold","Fair Shares - Thursday - Thursday","Debit on Delivery",0,0,0,2025-04-03,2025-12-04,NA,2026-07-24,340
2026-07-24 02:36:40,2017-08-08,"1 FSA/FSD","Combined CSA","FSD","St. Louis","MO","63138",340.81,"Automatic","None","Not on Hold","Fair Shares - Thursday - Thursday","$600",0,0,0,2017-08-31,2026-07-23,NA,2026-07-24,250
2026-02-12 11:23:31,2025-07-13,"1  (BYO) FSG - Orders Only","Combined CSA","Fair Shares Thursday Pickup","Saint louis","MO","63109",0,"Automatic","Orange","Not on Hold","Fair Shares - Thursday - Thursday","Debit on Delivery",0,0,0,2025-07-17,2025-12-11,NA,2026-07-24,701
2023-06-05 07:37:10,2020-04-15,"1 (BYO) UCG - Orders Only","Combined CSA","UCity Pickup","Saint Louis","MO","63146",0,"Automatic","Orange","Not on Hold","UCity - Wednesday","Debit on Delivery",0,0,0,2020-04-22,2023-05-24,NA,2026-07-24,114
2026-07-24 02:36:40,2017-07-20,"1 Mini (Weekly Shares)","Combined CSA","KWM","St. Louis","MO","63122",850.41,"Automatic","None","Not on Hold","Kirkwood - Thursday","$150",0,0,0,2017-08-17,2026-07-23,NA,2026-07-24,1196
2026-07-24 02:36:40,2022-03-21,"1 Half (Half Share - ODD week), 1 2% MILK-o","Combined CSA","FSE","St Louis","MO","63104",221.85,"Automatic","Green Orange","Not on Hold","Fair Shares - Thursday - Thursday","$300",0,0,0,2022-03-24,2026-07-23,NA,2026-07-24,289
2021-01-07 03:54:52,2020-05-14,"1  (BYO) FSG - Orders Only","Combined CSA","Fair Shares Wednesday Pickup","Creve Coeur","MO","63141",0,"Automatic","Green","Not on Hold","Fair Shares - Wednesday  - Wednesday","Debit on Delivery",0,0,0,2020-05-20,2021-01-06,NA,2026-07-24,843
2025-08-29 03:57:12,2021-03-28,"1 (BYO) KWG - Orders Only (Weekly Shares)","Combined CSA","Kirkwood Pickup","Kirkwood","MO","63122",0,"Automatic","Purple","Not on Hold","Kirkwood - Thursday","Debit on Delivery",0,0,0,2021-04-01,2025-08-28,NA,2026-07-24,68
2026-07-23 04:03:18,2023-10-10,"1 Half (Half Share - ODD week), 3 Eggs - Buttonwood (Half Share - ODD week), 1 Whole MILK-o","Combined CSA","FSB","Glendale","MO","63122",0,"Automatic","Orange","Not on Hold","Fair Shares - Wednesday  - Wednesday","Debit on Delivery",0,0,0,2023-10-18,2026-07-22,NA,2026-07-24,1355
2024-03-03 03:39:24,2017-07-20,"1  (BYO) FSG - Orders Only","Combined CSA","Fair Shares Thursday Pickup","St. Louis","MO","63139",0,"Automatic","Orange","Not on Hold","Fair Shares - Thursday - Thursday","Debit on Delivery",0,0,0,2017-08-24,2024-02-29,NA,2026-07-24,1777
2020-04-13 14:44:41,2020-01-02,"1 BYO - No Share, Order Only (Weekly Shares)","Combined CSA","Fair Shares Thursday Pickup","Saint Louis","MO","63116",0,NA,"Orange","Hold","Fair Shares - Thursday - Thursday",NA,0,0,0,2020-01-09,2020-02-20,NA,2026-07-24,361
2026-07-23 04:03:22,2017-07-18,"1 (BYO) UCG - Orders Only","Combined CSA","UCity Pickup","St. Louis","MO","63130",0,"Automatic","Payment","Not on Hold","UCity - Wednesday","Debit on Delivery",0,0,0,2017-08-16,2026-07-22,NA,2026-07-24,1197
2025-07-29 18:06:30,2022-01-20,"1  (BYO) FSG - Orders Only","Combined CSA","Fair Shares Wednesday Pickup","St. Louis","MO","63116",0,"Automatic","Green Purple","Not on Hold","Fair Shares - Wednesday  - Wednesday","Debit on Delivery",0,0,0,2022-01-26,2025-06-18,NA,2026-07-24,1550
2021-08-13 03:57:21,2017-07-18,"1 BYO - No Share, Order Only (Weekly Shares)","Combined CSA","Fair Shares Thursday Pickup","St. Louis","MO","63104",0,"Automatic","None","Not on Hold","Fair Shares - Thursday - Thursday","Debit on Delivery",0,0,0,2017-08-16,2021-08-12,NA,2026-07-24,765
2022-12-16 03:51:25,2022-10-11,"1 (BYO) KWG - Orders Only (Weekly Shares)","Combined CSA","Kirkwood Pickup","Ballwin","MO","63011",0,"Automatic","None","Not on Hold","Kirkwood - Thursday","Debit on Delivery",0,0,0,2022-10-20,2022-12-15,NA,2026-07-24,1696
2026-07-23 04:03:05,2017-07-18,"1 Half (Half Share - ODD week), 1 No Produce - Order Only (even wk)","Combined CSA","FSB","St. Louis","MO","63122",214.8,"Automatic","Orange","Not on Hold","Fair Shares - Wednesday  - Wednesday","$150",0,0,0,2017-08-23,2026-07-22,NA,2026-07-24,1459
2026-03-27 07:08:21,2023-05-20,"1  (BYO) FSG - Orders Only","Combined CSA","Fair Shares Wednesday Pickup","Maplewood","MO","63143",0,"Automatic","None","Not on Hold","Fair Shares - Wednesday  - Wednesday","Debit on Delivery",0,0,0,2023-05-24,2023-08-30,NA,2026-07-24,1011
2026-04-26 22:26:46,2023-10-28,"1 (BYO) KWG - Orders Only (Weekly Shares)","Combined CSA","Kirkwood Pickup","Kirkwood","MO","63122",0,"Automatic","Purple","Hold","Kirkwood - Thursday","Debit on Delivery",0,0,0,2023-11-02,2026-02-26,NA,2026-07-24,1313
2026-07-16 04:00:00,2017-07-18,"1 (BYO) UCG - Orders Only","Combined CSA","UCity Pickup","High Ridge","MO","63049",0,"Automatic","Orange","Not on Hold","UCity - Wednesday","Debit on Delivery",0,0,0,2017-08-23,2026-07-15,NA,2026-07-24,1336
2026-01-26 21:05:08,2020-04-06,"1  (BYO) FSG - Orders Only","Combined CSA","Fair Shares Thursday Pickup","Saint Charles","MO","63303",0,"Automatic","None","Not on Hold","Fair Shares - Thursday - Thursday","Debit on Delivery",0,0,0,2020-04-09,2020-10-29,NA,2026-07-24,539
2024-09-19 09:26:46,2017-07-20,"1  (BYO) FSG - Orders Only","Combined CSA","Fair Shares Thursday Pickup","Maplewood","MO","63143",0,"Automatic","Orange","Not on Hold","Fair Shares - Thursday - Thursday","Debit on Delivery",0,0,0,2017-08-17,2024-09-05,NA,2026-07-24,1493
2025-09-10 10:13:44,2025-09-09,"1  (BYO) FSG - Orders Only","Combined CSA","Fair Shares Thursday Pickup","St. Louis","MO","63116",0,NA,"None","Not on Hold","Fair Shares - Thursday - Thursday",NA,0,0,0,NA,NA,NA,2026-07-24,443
2026-07-24 02:36:40,2017-07-20,"1 UCA/KWA, 1 2% MILK","Combined CSA","KWA","St. Louis","63122","63122",147.55,"Automatic","None","Not on Hold","Kirkwood - Thursday","$300",0,0,0,2017-08-17,2026-07-23,NA,2026-07-24,807
2026-07-24 02:36:40,2017-07-18,"1 FSA/FSD","Combined CSA","FSD","St. Louis","MO","63011",174.92,"Automatic","None","Not on Hold","Fair Shares - Thursday - Thursday","$600",0,0,0,2017-08-16,2026-07-23,NA,2026-07-24,549
2025-07-21 08:45:55,2019-10-17,"1 (BYO) UCG - Orders Only","Combined CSA","UCity Pickup","Saint Louis","MO","63130",455.05,"Automatic","None","Not on Hold","UCity - Wednesday","Debit on Delivery",0,0,0,2019-10-23,2025-07-16,NA,2026-07-24,698
2024-10-25 09:19:48,2024-04-15,"1  (BYO) FSG - Orders Only","Combined CSA","Fair Shares Wednesday Pickup","St. Louis","MO","63109",0,"Automatic","Orange","Not on Hold","Fair Shares - Wednesday  - Wednesday","Debit on Delivery",0,0,0,2024-04-17,2024-10-16,NA,2026-07-24,1650
2025-03-20 13:45:18,2022-06-02,"1  (BYO) FSG - Orders Only","Combined CSA","Fair Shares Wednesday Pickup","St. Louis","MO","63110",0,"Automatic","Green","Not on Hold","Fair Shares - Wednesday  - Wednesday","Debit on Delivery",0,0,0,2022-06-08,2022-12-14,NA,2026-07-24,352
2022-03-12 11:44:43,2017-07-20,"1 (BYO) KWG - Orders Only (Weekly Shares)","Combined CSA","Kirkwood Pickup","Manchester","MO","63021",0,"Automatic","None","Not on Hold","Kirkwood - Thursday","Debit on Delivery",0,0,0,2017-08-17,2022-02-24,NA,2026-07-24,1278
2021-09-30 17:47:55,2021-04-08,"1  (BYO) FSG - Orders Only","Combined CSA","Fair Shares Thursday Pickup","St. Louis","MO","63118",0,NA,"None","Not on Hold","Fair Shares - Thursday - Thursday",NA,0,0,0,2021-04-08,2021-09-30,NA,2026-07-24,1655
2026-02-20 03:51:09,2025-03-20,"1  (BYO) FSG - Orders Only","Combined CSA","Fair Shares Thursday Pickup","St. Louis","MO","63110",0,"Automatic","None","Not on Hold","Fair Shares - Thursday - Thursday","Debit on Delivery",0,0,0,2025-04-03,2026-02-19,NA,2026-07-24,182
2022-06-08 19:10:58,2020-07-15,"1 BYO - No Share, Order Only (Weekly Shares)","Combined CSA","Fair Shares Thursday Pickup","St. Louis","MO","63118",0,"Automatic","None","Not on Hold","Fair Shares - Thursday - Thursday","Debit on Delivery",0,0,0,2020-07-22,2022-06-09,NA,2026-07-24,1332
2026-03-27 07:11:02,2022-07-17,"1  (BYO) FSG - Orders Only","Combined CSA","Fair Shares Wednesday Pickup","St louis","MO","63116",0,"Automatic","Green","Not on Hold","Fair Shares - Wednesday  - Wednesday","Debit on Delivery",0,0,0,2022-07-20,2023-03-01,NA,2026-07-24,26
2026-07-17 02:36:03,2020-10-16,"1 Half (Half Share - EVEN week), 1 No Produce - Order Only (odd wk)","Combined CSA","KWB","Ballwin","MO","63021",94.43,"Automatic","Purple","Not on Hold","Kirkwood - Thursday","$150",0,0,0,2020-10-29,2026-07-16,NA,2026-07-24,929
2026-05-12 15:15:21,2017-07-20,"1  (BYO) FSG - Orders Only","Combined CSA","Fair Shares Wednesday Pickup","Montgomery City","MO","63361",22.5,"Automatic","None","Not on Hold","Fair Shares - Wednesday  - Wednesday","Debit on Delivery",0,0,0,2017-08-17,2023-05-17,NA,2026-07-24,359
2019-05-22 11:23:35,2017-07-20,"1 BYO - No Share, Order Only (Weekly Shares)","Combined CSA","Fair Shares Thursday Pickup","St. Louis","MO","63139",-58.08,NA,"Purple","Hold","Fair Shares - Thursday - Thursday",NA,0,0,0,2017-08-17,2018-03-01,NA,2026-07-24,1825
2026-03-27 07:52:23,2018-08-25,"1 BYO - No Share, Order Only (Weekly Shares)","Combined CSA","Fair Shares Wednesday Pickup","St. Louis","MO","63123",0.01,"Automatic","None","Not on Hold","Fair Shares - Wednesday  - Wednesday","Debit on Delivery",0,0,0,2018-08-30,2020-01-08,NA,2026-07-24,1316
2025-09-12 03:56:48,2021-05-15,"1  (BYO) FSG - Orders Only","Combined CSA","Fair Shares Thursday Pickup","St. Louis","MO","63109",0,"Automatic","Purple","Not on Hold","Fair Shares - Thursday - Thursday","Debit on Delivery",0,0,0,2021-05-20,2025-09-11,NA,2026-07-24,1860
2026-07-16 12:32:02,2020-04-17,"1 Half (Half Share - EVEN week)","Combined CSA","FSB","St. Louis","MO","63109",189.48,"Automatic","Purple","Not on Hold","Fair Shares - Wednesday  - Wednesday","$150",0,0,0,2020-04-22,2026-07-15,NA,2026-07-24,1989
2026-07-17 02:36:03,2025-12-29,"1 Half (Half Share - EVEN week)","Combined CSA","FSE","St. louis","MO","63104",79.13,"Automatic","Purple","Not on Hold","Fair Shares - Thursday - Thursday","$150",0,0,0,2026-01-07,2026-07-16,NA,2026-07-24,652
2026-07-23 02:43:56,2017-07-18,"1 Half (Half Share - ODD week), 1 No Produce - Order Only (even wk)","Combined CSA","FSB","St. Louis","MO","63117",115.25,"Automatic","Blue Orange","Not on Hold","Fair Shares - Wednesday  - Wednesday","$150",0,0,0,2017-08-23,2026-07-22,NA,2026-07-24,919
2023-12-29 03:51:24,2020-07-14,"1 (BYO) UCG - Orders Only","Combined CSA","UCity Pickup","University City","MO","63130",0,"Automatic","Green","Not on Hold","UCity - Wednesday","Debit on Delivery",0,0,0,2020-07-15,2023-11-01,NA,2026-07-24,1130
2026-07-23 02:43:56,2017-07-18,"1 UCA/KWA","Combined CSA","UCA","St. Louis","MO","63130",80.79,"Automatic","None","Not on Hold","UCity - Wednesday","$300",0,0,0,2017-08-16,2026-07-22,NA,2026-07-24,1923
2026-07-24 02:36:40,2017-07-18,"1 Eggs - Buttonwood (Weekly Shares), 1 Mini (Weekly Shares)","Combined CSA","UCM","St. Louis","MO","63124",0,"Automatic","None","Not on Hold","UCity - Wednesday","Debit on Delivery",0,0,0,2017-08-16,2026-07-22,NA,2026-07-24,1014
2026-07-24 03:55:06,2021-07-10,"2 Skim MILK, 1 FSA/FSD","Combined CSA","FSD","St. Louis","MO","63104",311.33,"Automatic","Green","Not on Hold","Fair Shares - Thursday - Thursday","$300",0,0,0,2021-07-15,2026-07-23,NA,2026-07-24,310
2026-07-21 16:49:19,2024-01-16,"1  (BYO) FSG - Orders Only","Combined CSA","Fair Shares Thursday Pickup","St. Louis","MO","63144",171.96,"Automatic","Orange","Not on Hold","Fair Shares - Thursday - Thursday","Debit on Delivery",0,0,0,2024-01-25,2026-07-09,NA,2026-07-24,208
2026-07-23 12:34:33,2017-07-18,"1 Mini (Weekly Shares)","Combined CSA","UCM","St. Louis","63130","63103",54.7,"Automatic","None","Not on Hold","UCity - Wednesday","Debit on Delivery",0,0,0,2017-08-16,2026-07-22,NA,2026-07-24,1000
2026-04-20 12:54:23,2019-09-10,"1  (BYO) FSG - Orders Only","Combined CSA","Fair Shares Thursday Pickup","St Louis","MO","63110",300.47,"Automatic","Purple","Hold","Fair Shares - Thursday - Thursday","Debit on Delivery",0,0,0,2019-09-11,2024-07-18,NA,2026-07-24,1312
2026-04-20 14:10:53,2018-05-18,"1 BYO - No Share, Order Only (Weekly Shares)","Combined CSA","Fair Shares Wednesday Pickup","St Louis","MO","63110",0,"Automatic","None","Not on Hold","Fair Shares - Wednesday  - Wednesday","Debit on Delivery",0,0,0,2018-05-24,2026-02-18,NA,2026-07-24,1210
2026-06-25 02:41:38,2020-11-07,"1 UCA/KWA","Combined CSA","UCA","St Louis","MO","63112",160.99,"Automatic","None","Not on Hold","UCity - Wednesday","$300",0,0,0,2020-11-11,2026-06-24,NA,2026-07-24,373
2021-10-15 10:02:18,2020-06-05,"1  (BYO) FSG - Orders Only","Combined CSA","Fair Shares Thursday Pickup","Wildwood","MO","63069",0,"Automatic","Purple","Not on Hold","Fair Shares - Thursday - Thursday","Debit on Delivery",0,0,0,2020-06-11,2021-10-14,NA,2026-07-24,567
2024-12-31 11:08:34,2021-10-09,"1  (BYO) FSG - Orders Only","Combined CSA","Fair Shares Thursday Pickup","St. Charles","MO","63303",113.7,"Automatic","Purple","Not on Hold","Fair Shares - Thursday - Thursday","Debit on Delivery",0,0,0,2021-10-14,2024-12-19,NA,2026-07-24,996
2026-07-16 02:44:04,2020-03-08,"1 FSA/FSD","Combined CSA","FSA","St. Louis","MO","63139",363.94,"Automatic","None","Not on Hold","Fair Shares - Wednesday  - Wednesday","Debit on Delivery",0,0,0,2020-03-25,2026-07-22,NA,2026-07-24,99
2026-07-23 04:02:59,2022-05-17,"1 Half (Half Share - ODD week), 1 No Produce - Order Only (even wk)","Combined CSA","FSB","St. Louis","MO","63143",650.03,"Automatic","Green Orange","Not on Hold","Fair Shares - Wednesday  - Wednesday","$600",0,0,0,2022-05-26,2026-07-22,NA,2026-07-24,962
2026-07-17 08:21:38,2020-12-25,"1 Half (Half Share - EVEN week), 3 Whole MILK-e","Combined CSA","FSE","St Louis","MO","63116",185.22,"Automatic","Green Purple","Not on Hold","Fair Shares - Thursday - Thursday","$150",0,0,0,2021-01-07,2026-07-16,NA,2026-07-24,700
2024-12-05 17:39:18,2020-03-31,"1  (BYO) FSG - Orders Only","Combined CSA","Fair Shares Wednesday Pickup","Saint Louis","MO","63139",0,"Automatic","Green","Not on Hold","Fair Shares - Wednesday  - Wednesday","Debit on Delivery",0,0,0,2020-04-08,2020-12-09,NA,2026-07-24,920
2023-07-21 02:42:18,2021-04-23,"1 (BYO) KWG - Orders Only (Weekly Shares)","Combined CSA","Kirkwood Pickup","Kirkwood","MO","63122",0.31,"Automatic","Green","Not on Hold","Kirkwood - Thursday","Debit on Delivery",0,0,0,2021-04-28,2023-07-20,NA,2026-07-24,1082
2020-10-19 10:40:31,2020-05-27,"1  (BYO) FSG - Orders Only","Combined CSA","Fair Shares Wednesday Pickup","St louis","MO","63110",0,"Automatic","Green Purple","Not on Hold","Fair Shares - Wednesday  - Wednesday","Debit on Delivery",0,0,0,2020-06-03,2020-10-14,NA,2026-07-24,1852
2022-06-23 11:06:36,2022-04-27,"1  (BYO) FSG - Orders Only","Combined CSA","Fair Shares Thursday Pickup","St Louis","MO","63128",0,"Automatic","None","Not on Hold","Fair Shares - Thursday - Thursday","Debit on Delivery",0,0,0,2022-05-13,2022-06-03,NA,2026-07-24,1562
2026-05-05 07:09:07,2020-04-11,"1 (BYO) KWG - Orders Only (Weekly Shares)","Combined CSA","Kirkwood Pickup","Kirkwood","MO","63122",0,"Automatic","Purple","Hold","Kirkwood - Thursday","Debit on Delivery",0,0,0,2020-04-16,2026-02-26,NA,2026-07-24,1329
2026-07-17 02:36:03,2017-07-18,"1 Half (Half Share - EVEN week), 1 Creamline MILK-e","Combined CSA","FSE","St. Louis","MO","63122",107.2,"Automatic","Purple","Not on Hold","Fair Shares - Thursday - Thursday","$300",0,0,0,2017-08-17,2026-07-16,NA,2026-07-24,22
2026-07-17 02:36:03,2017-08-11,"1 BYO - No Share, Order Only (Weekly Shares)","Combined CSA","Fair Shares Thursday Pickup","St. Louis","MO","63110",-351.35,NA,"None","Not on Hold","Fair Shares - Thursday - Thursday","$150",0,0,0,2017-09-13,2026-07-16,NA,2026-07-24,1522
2026-04-14 09:09:22,2017-07-18,"1  (BYO) FSG - Orders Only","Combined CSA","Fair Shares Wednesday Pickup","St. Louis","MO","63119",3.53,"Automatic","Orange","Not on Hold","Fair Shares - Wednesday  - Wednesday","Debit on Delivery",0,0,0,2017-08-16,2026-02-18,NA,2026-07-24,671
2026-07-23 04:03:23,2018-08-22,"1 FSA/FSD, 1 Whole MILK","Combined CSA","FSA","Saint Louis","MO","63109",293.14,"Automatic","None","Not on Hold","Fair Shares - Wednesday  - Wednesday","$300",0,0,0,2018-08-22,2026-07-22,NA,2026-07-24,709
2026-07-10 02:36:31,2020-05-05,"1 Half (Half Share - ODD week)","Combined CSA","FSE","St. Louis","MO","63104",75.96,"Automatic","Green Orange","Temp Hold","Fair Shares - Thursday - Thursday","$300",0,0,0,2020-05-07,2026-07-09,NA,2026-07-24,1131
2022-05-13 03:51:46,2020-03-22,"1  (BYO) FSG - Orders Only","Combined CSA","Fair Shares Thursday Pickup","St. Louis","MO","63139",0,"Automatic","Green","Not on Hold","Fair Shares - Thursday - Thursday","Debit on Delivery",0,0,0,2020-03-26,2022-05-12,NA,2026-07-24,537
2026-07-24 02:36:40,2026-02-09,"1 Mini (Weekly Shares)","Combined CSA","FSMini-t","St. Louis","MO","63128",106.88,"Automatic","None","Not on Hold","Fair Shares - Thursday - Thursday","$150",0,0,0,2026-02-12,2026-07-23,NA,2026-07-24,32
2026-03-27 08:01:17,2017-07-18,"1 BYO - No Share, Order Only (Weekly Shares)","Combined CSA","Fair Shares Wednesday Pickup","St. Louis","MO","63139",0,"Automatic","None","Not on Hold","Fair Shares - Wednesday  - Wednesday","Debit on Delivery",0,0,0,2017-08-16,2022-11-23,NA,2026-07-24,980
2026-01-19 07:55:08,2022-09-14,"1  (BYO) FSG - Orders Only","Combined CSA","Fair Shares Thursday Pickup","St. Louis","MO","63118",2.36,"Automatic","Green","Not on Hold","Fair Shares - Thursday - Thursday","Debit on Delivery",0,0,0,2022-09-29,2026-01-15,NA,2026-07-24,744
2024-06-06 03:48:26,2019-05-17,"1  (BYO) FSG - Orders Only","Combined CSA","Fair Shares Wednesday Pickup","St. Louis","MO","63110",0,"Automatic","None","Not on Hold","Fair Shares - Wednesday  - Wednesday","Debit on Delivery",0,0,0,2019-05-29,2024-06-05,NA,2026-07-24,1911
2026-05-05 16:20:29,2017-07-18,"1 BYO - No Share, Order Only (Weekly Shares)","Combined CSA","Fair Shares Wednesday Pickup","St. Louis","MO","63110",144.13,"Automatic","None","Not on Hold","Fair Shares - Wednesday  - Wednesday","Debit on Delivery",0,0,0,2017-08-16,2026-05-06,NA,2026-07-24,37
2024-08-23 03:57:17,2023-09-22,"1  (BYO) FSG - Orders Only","Combined CSA","Fair Shares Thursday Pickup","Ballwin","MO","63011",0,"Automatic","Orange","Not on Hold","Fair Shares - Thursday - Thursday","Debit on Delivery",0,0,0,2023-09-28,2024-08-22,NA,2026-07-24,917
2025-03-12 11:05:24,2020-05-18,"1  (BYO) FSG - Orders Only","Combined CSA","Fair Shares Wednesday Pickup","St. Louis","MO","63110",0,"Automatic","Green Purple","Not on Hold","Fair Shares - Wednesday  - Wednesday","Debit on Delivery",0,0,0,2020-05-21,2025-02-26,NA,2026-07-24,596
2018-08-20 18:49:42,2017-07-18,"1 BYO - No Share, Order Only (Weekly Shares)","Combined CSA","Fair Shares Thursday Pickup","St. Louis","MO","63119",-8.95,NA,"Purple","Hold","Fair Shares - Thursday - Thursday","Debit on Delivery",0,0,0,2017-08-17,2018-04-12,NA,2026-07-24,942
2026-04-28 21:21:50,2022-03-22,"1  (BYO) FSG - Orders Only","Combined CSA","Fair Shares Thursday Pickup","St. Louis","MO","63118",0.02,"Automatic","Purple","Hold","Fair Shares - Thursday - Thursday","Debit on Delivery",0,0,0,2022-03-31,2026-02-26,NA,2026-07-24,27
2026-05-14 02:27:41,2019-06-25,"1  (BYO) FSG - Orders Only","Combined CSA","Fair Shares Wednesday Pickup","St. Louis","MO","63119",0,"Automatic","Payment","Not on Hold","Fair Shares - Wednesday  - Wednesday","Debit on Delivery",0,0,0,2019-07-10,2024-09-18,NA,2026-07-24,206
2025-11-17 08:35:20,2025-01-27,"1  (BYO) FSG - Orders Only","Combined CSA","Fair Shares Wednesday Pickup","St. Louis","MO","63123",0,"Automatic","None","Not on Hold","Fair Shares - Wednesday  - Wednesday","Debit on Delivery",0,0,0,2025-01-29,2025-11-12,NA,2026-07-24,588
2026-07-23 02:43:56,2017-07-18,"1 UCA/KWA","Combined CSA","UCA","St. Louis","63130","MO",497.81,"Automatic","None","Not on Hold","UCity - Wednesday","$600",0,0,0,2017-08-16,2026-07-22,NA,2026-07-24,541
2023-10-16 09:40:15,2019-09-26,"1  (BYO) FSG - Orders Only","Combined CSA","Fair Shares Wednesday Pickup","Saint louis","MO","63110",0,"Automatic","None","Not on Hold","Fair Shares - Wednesday  - Wednesday","Debit on Delivery",0,0,0,2019-10-02,2023-08-23,NA,2026-07-24,1165
2026-05-14 02:27:41,2019-06-09,"1 (BYO) UCG - Orders Only","Combined CSA","UCity Pickup","St Louis","MO","63130",0,"Automatic","Payment","Not on Hold","UCity - Wednesday","Debit on Delivery",0,0,0,2019-06-12,2025-10-15,NA,2026-07-24,1889
2023-11-02 02:37:55,2023-08-20,"1 (BYO) UCG - Orders Only","Combined CSA","UCity Pickup","University City","MO","63130",175.56,"Automatic","Purple","Not on Hold","UCity - Wednesday","Debit on Delivery",0,0,0,2023-08-23,2023-11-01,NA,2026-07-24,1029
2026-07-09 02:44:17,2023-02-11,"1 Half (Half Share - ODD week)","Combined CSA","UCB","University City","MO","63130",181.58,"Automatic","Orange","Not on Hold","UCity - Wednesday","$600",0,0,0,2023-02-15,2026-07-08,NA,2026-07-24,1997
2026-04-28 09:14:02,2021-10-22,"1  (BYO) FSG - Orders Only","Combined CSA","Fair Shares Thursday Pickup","Saint Louis","MO","63139",168.83,"Automatic","None","Not on Hold","Fair Shares - Thursday - Thursday","Debit on Delivery",0,0,0,2021-10-28,2026-02-05,NA,2026-07-24,1227
2026-04-20 13:34:42,2020-05-28,"1  (BYO) FSG - Orders Only","Combined CSA","Fair Shares Wednesday Pickup","St. Louis","MO","63139",0.01,"Automatic","Green","Not on Hold","Fair Shares - Wednesday  - Wednesday","Debit on Delivery",0,0,0,2020-06-10,2021-10-20,NA,2026-07-24,1183
2026-04-20 08:36:20,2020-04-09,"1  (BYO) FSG - Orders Only","Combined CSA","Fair Shares Thursday Pickup","St Louis","MO","63110",105.46,"Automatic","Purple","Hold","Fair Shares - Thursday - Thursday",NA,0,0,0,2020-04-15,2021-09-16,NA,2026-07-24,1430
2021-11-25 03:53:56,2020-04-07,"1  (BYO) FSG - Orders Only","Combined CSA","Fair Shares Wednesday Pickup","St. Louis","MO","63116",0,"Automatic","Green","Not on Hold","Fair Shares - Wednesday  - Wednesday","Debit on Delivery",0,0,0,2020-04-15,2021-11-24,NA,2026-07-24,1480
2024-06-14 03:52:46,2017-07-18,"1  (BYO) FSG - Orders Only","Combined CSA","Fair Shares Thursday Pickup","St. Louis","MO","63104",0,"Automatic","None","Not on Hold","Fair Shares - Thursday - Thursday","Debit on Delivery",0,0,0,2017-08-16,2024-06-13,NA,2026-07-24,1890
2026-05-01 09:44:26,2022-03-29,"1 (BYO) UCG - Orders Only","Combined CSA","UCity Pickup","St. Louis","MO","63130",0,"Automatic","Green","Hold","UCity - Wednesday","Debit on Delivery",0,0,0,2022-04-06,2026-02-25,NA,2026-07-24,180
2021-09-18 10:42:46,2020-07-26,"1  (BYO) FSG - Orders Only","Combined CSA","Fair Shares Wednesday Pickup","St. Louis","MO","63108",0,"Automatic","Green","Not on Hold","Fair Shares - Wednesday  - Wednesday","Debit on Delivery",0,0,0,2020-07-29,2021-09-15,NA,2026-07-24,677
2026-03-02 09:01:15,2022-01-24,"1  (BYO) FSG - Orders Only","Combined CSA","Fair Shares Thursday Pickup","St. Louis","MO","63109",6.91,"Automatic","Green","Not on Hold","Fair Shares - Thursday - Thursday","Debit on Delivery",0,0,0,2022-01-27,2026-02-19,NA,2026-07-24,1339
2024-03-15 12:44:15,2022-03-14,"1 (BYO) KWG - Orders Only (Weekly Shares)","Combined CSA","Kirkwood Pickup","Kirkwood","MO","63122",98,"Automatic","Purple","Not on Hold","Kirkwood - Thursday","Debit on Delivery",0,0,0,2022-03-24,2024-03-07,NA,2026-07-24,1945
2026-07-14 15:25:05,2021-04-08,"1  (BYO) FSG - Orders Only","Combined CSA","Fair Shares Thursday Pickup","St Louis","MO","63119",0,NA,"None","Not on Hold","Fair Shares - Thursday - Thursday",NA,0,0,0,2021-04-15,2025-10-16,NA,2026-07-24,978
2026-04-20 14:10:00,2020-04-04,"1  (BYO) FSG - Orders Only","Combined CSA","Fair Shares Thursday Pickup","St. Louis","MO","63139",0,"Automatic","Orange","Not on Hold","Fair Shares - Thursday - Thursday","Debit on Delivery",0,0,0,2020-04-09,2026-02-19,NA,2026-07-24,599
2025-10-16 03:59:18,2023-02-09,"1 (BYO) UCG - Orders Only","Combined CSA","UCity Pickup","Saint Louis","MO","63112",0,"Automatic","None","Not on Hold","UCity - Wednesday","Debit on Delivery",0,0,0,2023-02-15,2025-10-15,NA,2026-07-24,1185
2026-07-10 03:54:23,2017-07-20,"1 Half (Half Share - ODD week)","Combined CSA","KWB","St. Louis","MO","63122",164.64,"Automatic","Orange","Temp Hold","Kirkwood - Thursday","$150",0,0,0,2017-08-24,2026-07-09,NA,2026-07-24,1626
2026-03-27 07:46:58,2019-05-29,"1  (BYO) FSG - Orders Only","Combined CSA","Fair Shares Wednesday Pickup","St Louis","MO","63108",0,"Automatic","None","Not on Hold","Fair Shares - Wednesday  - Wednesday","Debit on Delivery",0,0,0,2019-06-05,2023-06-21,NA,2026-07-24,1715
2026-04-20 10:35:24,2021-06-15,"1 (BYO) KWG - Orders Only (Weekly Shares)","Combined CSA","Kirkwood Pickup","Chesterfield","MO","63017",115.87,"Automatic","Orange","Hold","Kirkwood - Thursday","Debit on Delivery",0,0,0,2021-06-24,2023-10-12,NA,2026-07-24,1678
2026-04-13 09:52:01,2024-01-06,"1  (BYO) FSG - Orders Only","Combined CSA","Fair Shares Wednesday Pickup","Saint Louis","MO","63123",139.55,"Automatic","None","Hold","Fair Shares - Wednesday  - Wednesday","Debit on Delivery",0,0,0,2024-01-10,2025-10-15,NA,2026-07-24,332
2022-05-26 09:29:37,2017-11-13,"1 BYO - No Share, Order Only (Weekly Shares)","Combined CSA","Fair Shares Thursday Pickup","Maryland Heights","MO","63043",0,"Automatic","None","Not on Hold","Fair Shares - Thursday - Thursday","Debit on Delivery",0,0,0,2017-11-15,2022-05-25,NA,2026-07-24,1610
2026-04-29 06:17:57,2026-01-08,"1 (BYO) UCG - Orders Only","Combined CSA","UCity Pickup","Saint Louis","MO","63105",149.41,"Automatic","None","Not on Hold","UCity - Wednesday","Debit on Delivery",0,0,0,2026-01-14,2026-02-25,NA,2026-07-24,938
2021-07-15 03:57:21,2020-03-26,"1  (BYO) FSG - Orders Only","Combined CSA","Fair Shares Wednesday Pickup","St. Louis","MO","63130",0,"Automatic","Orange","Not on Hold","Fair Shares - Wednesday  - Wednesday","Debit on Delivery",0,0,0,2020-04-08,2021-07-14,NA,2026-07-24,226
2026-06-12 03:54:59,2020-03-15,"1  (BYO) FSG - Orders Only","Combined CSA","Fair Shares Thursday Pickup","St. Louis","MO","63110",0,"Automatic","Orange","Not on Hold","Fair Shares - Thursday - Thursday","Debit on Delivery",0,0,0,2020-03-26,2026-06-11,NA,2026-07-24,1308
2026-03-27 07:24:34,2020-10-11,"1  (BYO) FSG - Orders Only","Combined CSA","Fair Shares Wednesday Pickup","St Louis","MO","63110",0,"Automatic","Green Orange","Not on Hold","Fair Shares - Wednesday  - Wednesday","Debit on Delivery",0,0,0,2020-10-14,2022-07-27,NA,2026-07-24,1812
2021-12-19 20:28:45,2020-08-04,"1  (BYO) FSG - Orders Only","Combined CSA","Fair Shares Thursday Pickup","St. Louis","MO","63118",0,"Automatic","Green","Not on Hold","Fair Shares - Thursday - Thursday","Debit on Delivery",0,0,0,2020-08-13,2021-12-16,NA,2026-07-24,495
2026-03-27 07:16:55,2021-11-30,"1  (BYO) FSG - Orders Only","Combined CSA","Fair Shares Wednesday Pickup","ST LOUIS","MO","63125",0,"Automatic","None","Not on Hold","Fair Shares - Wednesday  - Wednesday","Debit on Delivery",0,0,0,2021-12-08,2023-05-03,NA,2026-07-24,910
2022-08-11 02:48:21,2019-07-23,"1 (BYO) UCG - Orders Only","Combined CSA","UCity Pickup","Clayton","MO","63105",0,NA,"None","Not on Hold","UCity - Wednesday","Debit on Delivery",0,0,0,2019-08-14,2022-08-10,NA,2026-07-24,376
2026-07-14 11:36:14,2026-06-24,"1  (BYO) FSG - Orders Only","Combined CSA","Fair Shares Wednesday Pickup","St. Louis","MO","63138",0,NA,"None","Not on Hold","Fair Shares - Wednesday  - Wednesday",NA,0,0,0,2026-06-24,2026-07-01,NA,2026-07-24,144
2026-07-17 03:55:25,2023-04-24,"1 UCA/KWA","Combined CSA","KWA","Fenton","MO","63026",315.49,"Automatic","Green","Not on Hold","Kirkwood - Thursday","$300",0,0,0,2023-04-27,2026-07-16,NA,2026-07-24,1683
2026-07-24 02:36:40,2026-06-12,"1 FSA/FSD","Combined CSA","FSA","Saint Louis","MO","63139",264.09,"Automatic","None","Not on Hold","Fair Shares - Wednesday  - Wednesday","$300",0,0,0,2026-06-17,2026-07-23,NA,2026-07-24,751
2026-03-27 07:50:01,2018-11-14,"1  (BYO) FSG - Orders Only","Combined CSA","Fair Shares Wednesday Pickup","Saint Louis","MO","63104",0,"Automatic","Orange","Not on Hold","Fair Shares - Wednesday  - Wednesday","Debit on Delivery",0,0,0,2018-11-21,2024-02-28,NA,2026-07-24,177
2026-07-23 02:43:56,2022-07-20,"1 FSA/FSD","Combined CSA","FSA","St. Louis","MO","63110",296.3,"Automatic","None","Not on Hold","Fair Shares - Wednesday  - Wednesday","$600",0,0,0,2022-07-20,2026-07-22,NA,2026-07-24,1203
2026-07-16 02:44:04,2017-07-18,"1 Half (Half Share - EVEN week), 1 Creamline MILK-e, 1 Whole MILK-e","Combined CSA","UCB","St. Louis","MO","63119",203.62,"Automatic","Purple","Not on Hold","UCity - Wednesday","$300",0,0,0,2017-08-16,2026-07-15,NA,2026-07-24,814
2021-07-22 16:06:33,2017-09-13,"1 BYO - No Share, Order Only (Weekly Shares)","Combined CSA","Fair Shares Wednesday Pickup","Saint Louis","MO","63105",0,"Automatic","Purple","Not on Hold","Fair Shares - Wednesday  - Wednesday","Debit on Delivery",0,0,0,2017-09-13,2020-12-02,NA,2026-07-24,1076
2021-07-22 16:13:49,2021-02-03,"1  (BYO) FSG - Orders Only","Combined CSA","Fair Shares Thursday Pickup","Saint Louis","MO","63109",0,"Automatic","Green Orange","Not on Hold","Fair Shares - Thursday - Thursday","Debit on Delivery",0,0,0,2021-02-04,2021-07-15,NA,2026-07-24,363
2026-04-08 09:14:10,2017-08-20,"1  (BYO) FSG - Orders Only","Combined CSA","Fair Shares Thursday Pickup","shrewsbury","MO","63119",0,NA,"None","Not on Hold","Fair Shares - Thursday - Thursday","Debit on Delivery",0,0,0,2017-08-30,2024-11-14,NA,2026-07-24,619
2020-02-19 13:01:43,2018-05-01,"1 BYO - No Share, Order Only (Weekly Shares)","Combined CSA","Fair Shares Thursday Pickup","st. louis","MO","63110",0,NA,"None","Not on Hold","Fair Shares - Thursday - Thursday",NA,0,0,0,2018-11-08,2018-11-08,NA,2026-07-24,69
2025-11-14 03:56:29,2021-01-19,"1  (BYO) FSG - Orders Only","Combined CSA","Fair Shares Thursday Pickup","Saint Louis","MO","63139",0,"Automatic","Orange","Not on Hold","Fair Shares - Thursday - Thursday","Debit on Delivery",0,0,0,2021-01-21,2025-11-13,NA,2026-07-24,730
2026-03-27 08:05:45,2017-07-18,"1 BYO - No Share, Order Only (Weekly Shares)","Combined CSA","Fair Shares Wednesday Pickup","Festus, MO","MO","63028",0,NA,"Orange","Hold","Fair Shares - Wednesday  - Wednesday","Debit on Delivery",0,0,0,2017-08-23,2018-02-21,NA,2026-07-24,1019
2025-11-18 15:53:13,2020-04-05,"1 (BYO) UCG - Orders Only","Combined CSA","UCity Pickup","St. Louis","MO","63130",0,"Automatic","None","Hold","UCity - Wednesday","Debit on Delivery",0,0,0,2020-04-15,2024-08-07,NA,2026-07-24,1628
2026-07-24 03:55:01,2026-03-20,"1 Mini (Weekly Shares)","Combined CSA","KWM","SAINT LOUIS","MO","63122",188.91,"Automatic","None","Not on Hold","Kirkwood - Thursday","$150",0,0,0,2026-04-29,2026-07-23,NA,2026-07-24,868
2026-04-13 10:03:58,2020-03-30,"1 (BYO) UCG - Orders Only","Combined CSA","UCity Pickup","Overland","MO","63114",0,NA,"Orange","Hold","UCity - Wednesday","Debit on Delivery",0,0,0,2020-04-08,2020-06-17,NA,2026-07-24,1426
2026-03-27 07:54:15,2018-06-18,"1  (BYO) FSG - Orders Only","Combined CSA","Fair Shares Wednesday Pickup","St. Louis","MO","63113",0,NA,"None","Hold","Fair Shares - Wednesday  - Wednesday","Debit on Delivery",0,0,0,2018-07-11,2021-02-24,NA,2026-07-24,802
2026-06-25 02:41:38,2017-07-18,"1 Mini (Weekly Shares), 1 Whole MILK","Combined CSA","FSMini-w","St. Louis","MO","63110",208.4,"Automatic","None","Temp Hold","Fair Shares - Wednesday  - Wednesday","$300",0,0,0,2017-08-16,2026-06-24,NA,2026-07-24,1577
2026-07-23 02:43:56,2021-01-16,"1 Mini (Weekly Shares)","Combined CSA","FSMini-w","St. Louis","MO","63110",140.39,"Automatic","None","Not on Hold","Fair Shares - Wednesday  - Wednesday","$150",0,0,0,2021-01-20,2026-07-22,NA,2026-07-24,554
2026-07-16 04:00:40,2019-10-23,"1 Half (Half Share - EVEN week)","Combined CSA","FSB","webster groves","MO","63119",199.03,"Automatic","Purple","Not on Hold","Fair Shares - Wednesday  - Wednesday","$150",0,0,0,2019-10-23,2026-07-15,NA,2026-07-24,637
2026-07-16 02:44:04,2022-06-13,"1 Half (Half Share - EVEN week)","Combined CSA","FSE","St Louis","MO","63104",457.75,"Automatic","Green Purple","Not on Hold","Fair Shares - Thursday - Thursday","$600",0,0,0,2022-06-22,2026-07-15,NA,2026-07-24,249
2026-07-24 02:36:40,2017-07-18,"1 FSA/FSD","Combined CSA","FSD","St. Louis","MO","63119",160.81,"Automatic","None","Not on Hold","Fair Shares - Thursday - Thursday","$300",0,0,0,2017-08-17,2026-07-23,NA,2026-07-24,471
2026-07-16 04:00:03,2017-07-18,"1 Half (Half Share - EVEN week)","Combined CSA","UCB","St. Louis","MO","63117",196.94,"Automatic","Purple","Not on Hold","UCity - Wednesday","$150",0,0,0,2017-08-16,2026-07-15,NA,2026-07-24,1105
2024-09-13 03:58:49,2020-03-27,"1 BYO - No Share, Order Only (Weekly Shares)","Combined CSA","Fair Shares Thursday Pickup","St. Louis","MO","63116",0,"Automatic","None","Not on Hold","Fair Shares - Thursday - Thursday","Debit on Delivery",0,0,0,2020-04-02,2024-09-12,NA,2026-07-24,369
2026-02-20 03:51:13,2020-08-18,"1  (BYO) FSG - Orders Only","Combined CSA","Fair Shares Thursday Pickup","St. Louis","MO","63109-1614",0,"Automatic","Green","Not on Hold","Fair Shares - Thursday - Thursday","Debit on Delivery",0,0,0,2020-08-27,2026-02-19,NA,2026-07-24,330
2021-12-06 09:48:50,2021-04-06,"1 (BYO) UCG - Orders Only","Combined CSA","UCity Pickup","St louis","MO","63130",0,"Automatic","None","Not on Hold","UCity - Wednesday","Debit on Delivery",0,0,0,2021-04-14,2021-12-01,NA,2026-07-24,820
2021-07-05 08:31:52,2021-03-08,"1  (BYO) FSG - Orders Only","Combined CSA","Kirkwood Pickup","Kirkwood","MO","63122",0,"Automatic","Green","Not on Hold","Kirkwood - Thursday","Debit on Delivery",0,0,0,2021-03-25,2021-07-01,NA,2026-07-24,1942
2026-07-16 02:44:04,2021-02-13,"1 Half (Half Share - EVEN week)","Combined CSA","FSE","Edwardsville","IL","62025",76.38,"Automatic","Purple","Not on Hold","Fair Shares - Thursday - Thursday","$150",0,0,0,2021-02-24,2026-07-15,NA,2026-07-24,1505
2026-07-24 03:55:15,2020-04-03,"1 Half (Half Share - ODD week)","Combined CSA","FSE","Saint Louis","MO","63139",170.34,"Automatic","Orange","Not on Hold","Fair Shares - Thursday - Thursday","$150",0,0,0,2020-04-09,2026-07-23,NA,2026-07-24,1102
2026-03-27 07:34:16,2020-05-03,"1  (BYO) FSG - Orders Only","Combined CSA","Fair Shares Wednesday Pickup","St. Louis","MO","63110",0,"Automatic","None","Not on Hold","Fair Shares - Wednesday  - Wednesday","Debit on Delivery",0,0,0,2020-05-06,2021-01-20,NA,2026-07-24,1234
2024-05-27 16:47:10,2024-03-04,"1 (BYO) KWG - Orders Only (Weekly Shares)","Combined CSA","Kirkwood Pickup","Saint Louis","MO","63128",206.26,"Automatic","Purple","Not on Hold","Kirkwood - Thursday","Debit on Delivery",0,0,0,2024-04-11,2024-05-09,NA,2026-07-24,1770
2026-03-27 07:53:39,2018-08-02,"1 BYO - No Share, Order Only (Weekly Shares)","Combined CSA","Fair Shares Wednesday Pickup","St. Louis","MO","63121",0,NA,"None","Hold","Fair Shares - Wednesday  - Wednesday","Debit on Delivery",0,0,0,2018-08-08,2019-07-24,NA,2026-07-24,1240
2022-05-02 09:02:11,2020-04-25,"1 (BYO) UCG - Orders Only","Combined CSA","UCity Pickup","Olivette","MO","63132",0,"Automatic","Green Orange","Not on Hold","UCity - Wednesday","Debit on Delivery",0,0,0,2020-04-29,2021-11-03,NA,2026-07-24,1216
2026-07-16 04:00:15,2023-03-20,"1 Half (Half Share - EVEN week), 1 No Produce - Order Only (odd wk)","Combined CSA","FSB","Brentwood","MO","63144",587.96,"Automatic","Green Purple","Not on Hold","Fair Shares - Wednesday  - Wednesday","$600",0,0,0,2023-04-05,2026-07-15,NA,2026-07-24,620
2025-08-10 03:39:55,2017-07-18,"1  (BYO) FSG - Orders Only","Combined CSA","Fair Shares Thursday Pickup","Jacksonville","FL","32256",0,"Automatic","Purple","Not on Hold","Fair Shares - Thursday - Thursday","Debit on Delivery",0,0,0,2017-08-16,2021-06-23,NA,2026-07-24,937
2023-04-24 08:07:19,2020-08-17,"1 (BYO) UCG - Orders Only","Combined CSA","UCity Pickup","St. Louis","MO","63105",0,"Automatic","Green","Not on Hold","UCity - Wednesday","Debit on Delivery",0,0,0,2020-08-20,2023-02-15,NA,2026-07-24,1382
2026-07-08 12:08:17,2020-04-05,"1 Half (Half Share - EVEN week), 1 No Produce - Order Only (odd wk)","Combined CSA","KWB","Glendale","MO","63122",320.85,"Automatic","Green Purple","Not on Hold","Kirkwood - Thursday","$300",0,0,0,2020-04-09,2026-07-02,NA,2026-07-24,1419
2026-07-23 04:03:29,2026-07-01,"1 Mini (Weekly Shares)","Combined CSA","FSMini-t","Richmond Heights","MO","63117",223.82,"Automatic","None","Not on Hold","Fair Shares - Thursday - Thursday","$150",0,0,0,2026-07-09,2026-07-22,NA,2026-07-24,501
2026-04-02 11:35:06,2017-07-18,"1 (BYO) KWG - Orders Only (Weekly Shares)","Combined CSA","Kirkwood Pickup","Webster Groves","MO","63119",0,"Automatic","None","Not on Hold","Kirkwood - Thursday","Debit on Delivery",0,0,0,2017-08-16,2026-02-26,NA,2026-07-24,1763
2026-02-05 03:54:31,2024-04-06,"1  (BYO) FSG - Orders Only","Combined CSA","Fair Shares Wednesday Pickup","St. Louis","MO","63109",0,"Automatic","None","Not on Hold","Fair Shares - Wednesday  - Wednesday","Debit on Delivery",0,0,0,2024-04-10,2026-02-04,NA,2026-07-24,1289
2024-04-02 15:44:08,2023-03-17,"1  (BYO) FSG - Orders Only","Combined CSA","Fair Shares Wednesday Pickup","St Louis","MO","63111",0,"Automatic","Green","Not on Hold","Fair Shares - Wednesday  - Wednesday","Debit on Delivery",0,0,0,2023-03-29,2024-03-06,NA,2026-07-24,1925
2022-08-11 12:26:48,2018-04-12,"1  (BYO) FSG - Orders Only","Combined CSA","Fair Shares Thursday Pickup","St. Louis","MO","63130",0,"Automatic","Orange","Not on Hold","Fair Shares - Thursday - Thursday","Debit on Delivery",0,0,0,2018-04-19,2022-04-21,NA,2026-07-24,966
2020-10-02 04:06:07,2017-07-18,"1 (BYO) UCG - Orders Only","Combined CSA","UCity Pickup","St. Louis","MO","63124",0,"Automatic","Purple","Not on Hold","UCity - Wednesday","Debit on Delivery",0,0,0,2017-08-16,2020-09-30,NA,2026-07-24,1588
2026-06-25 02:41:38,2024-05-06,"1  (BYO) FSG - Orders Only","Combined CSA","Fair Shares Wednesday Pickup","Saint Louis","MO","63116",2.12,"Automatic","None","Not on Hold","Fair Shares - Wednesday  - Wednesday","Debit on Delivery",0,0,0,2024-05-09,2026-06-24,NA,2026-07-24,734
2023-10-08 08:20:55,2022-12-08,"1  (BYO) FSG - Orders Only","Combined CSA","Fair Shares Thursday Pickup","Saint Louis","MO","63126",0,"Automatic","None","Not on Hold","Fair Shares - Thursday - Thursday","Debit on Delivery",0,0,0,2022-12-15,2023-09-28,NA,2026-07-24,1188
2026-07-17 02:36:03,2018-08-16,"1 Half (Half Share - EVEN week), 1 No Produce - Order Only (odd wk)","Combined CSA","FSE","Webster Groves","MO","63119",260.2,"Automatic","Blue Purple","Not on Hold","Fair Shares - Thursday - Thursday","$300",0,0,0,2018-08-22,2026-07-23,NA,2026-07-24,1839
2024-08-19 14:44:57,2020-05-09,"1 (BYO) UCG - Orders Only","Combined CSA","UCity Pickup","Saint Louis","MO","63121",0,"Automatic","None","Not on Hold","UCity - Wednesday","Debit on Delivery",0,0,0,2020-05-13,2022-11-23,NA,2026-07-24,1621
2026-03-27 07:05:13,2024-03-25,"1  (BYO) FSG - Orders Only","Combined CSA","Fair Shares Wednesday Pickup","Saint Louis","MO","63105",0,"Automatic","Orange","Not on Hold","Fair Shares - Wednesday  - Wednesday","Debit on Delivery",0,0,0,2024-04-04,2026-02-04,NA,2026-07-24,1147
2026-06-12 02:31:27,2026-06-01,"1 Guest Access","Combined CSA","FSD","Olivette","MO","63132",140.42,"Automatic","None","Not on Hold","Fair Shares - Thursday - Thursday",NA,0,0,0,2026-06-04,2026-06-11,NA,2026-07-24,912
2026-04-29 05:31:39,2025-02-03,"1  (BYO) FSG - Orders Only","Combined CSA","Fair Shares Wednesday Pickup","St. Louis","MO","63118",101.16,"Automatic","None","Not on Hold","Fair Shares - Wednesday  - Wednesday","Debit on Delivery",0,0,0,2025-02-05,2026-02-25,NA,2026-07-24,508
2026-07-23 04:02:56,2017-07-18,"1 FSA/FSD","Combined CSA","FSA","St. Louis","MO","63108",305.69,"Automatic","None","Not on Hold","Fair Shares - Wednesday  - Wednesday","$300",0,0,0,2017-08-16,2026-07-22,NA,2026-07-24,1627
2026-07-17 02:36:03,2021-04-12,"1 Half (Half Share - EVEN week), 1 No Produce - Order Only (odd wk)","Combined CSA","FSE","St. Louis","MO","63110",162.01,"Automatic","Green Purple","Not on Hold","Fair Shares - Thursday - Thursday","$300",0,0,0,2021-04-15,2026-07-16,NA,2026-07-24,904
2026-07-23 04:03:10,2020-12-31,"1 Half (Half Share - ODD week), 1 No Produce - Order Only (even wk)","Combined CSA","UCB","University City","MO","63130",98.27,"Automatic","Green Orange","Not on Hold","UCity - Wednesday","$150",0,0,0,2021-01-07,2026-07-22,NA,2026-07-24,262
2025-11-25 13:55:02,2021-04-08,"1  (BYO) FSG - Orders Only","Combined CSA","Fair Shares Wednesday Pickup","St. Louis","MO","63116",0,NA,"None","Not on Hold","Fair Shares - Wednesday  - Wednesday",NA,0,0,0,2021-04-08,2025-07-09,NA,2026-07-24,589
2026-03-27 07:57:25,2018-04-09,"1 BYO - No Share, Order Only (Weekly Shares)","Combined CSA","Fair Shares Wednesday Pickup","Saint Louis","MO","63110",0,"Automatic","None","Not on Hold","Fair Shares - Wednesday  - Wednesday","Debit on Delivery",0,0,0,2018-04-11,2022-01-26,NA,2026-07-24,833
2026-04-09 14:56:12,2017-07-18,"1  (BYO) FSG - Orders Only","Combined CSA","Fair Shares Wednesday Pickup","St. Louis","MO","63108",0,"Automatic","None","Hold","Fair Shares - Wednesday  - Wednesday","Debit on Delivery",0,0,0,2017-08-16,2024-07-18,NA,2026-07-24,462
2026-07-24 03:55:13,2022-09-15,"1 Mini (Weekly Shares)","Combined CSA","FSMini-t","Ballwin","MO","63021",196.98,"Automatic","Green","Not on Hold","Fair Shares - Thursday - Thursday","$150",0,0,0,2022-09-28,2026-07-23,NA,2026-07-24,171
2026-07-23 02:43:56,2024-03-22,"1 Half (Half Share - ODD week)","Combined CSA","FSB","Saint Louis","MO","63119",121.64,"Automatic","Orange","Not on Hold","Fair Shares - Wednesday  - Wednesday","$150",0,0,0,2024-04-03,2026-07-22,NA,2026-07-24,296
2026-07-10 02:36:31,2020-05-09,"1 (BYO) KWG - Orders Only (Weekly Shares)","Combined CSA","Kirkwood Pickup","Fenton","MO","63026",218.51,"Automatic","Green Blue Purple","Not on Hold","Kirkwood - Thursday","$300",0,0,0,2020-05-14,2026-07-09,NA,2026-07-24,861
2023-06-27 16:38:47,2021-10-28,"1 (BYO) UCG - Orders Only","Combined CSA","UCity Pickup","University City","MO","63130",0,"Automatic","Green","Not on Hold","UCity - Wednesday","Debit on Delivery",0,0,0,2021-11-03,2023-05-03,NA,2026-07-24,1530
