"member_id","file_date","delivery_date","item_unit","sales","price"
704,2025-12-12,"2025-12-03","Cheese Choice $6.50 - Each",2,6.5
704,2025-12-12,"2025-12-03","Eggs - Dozen",1,6.25
704,2025-12-12,"2025-12-03","Ground Beef - D&M - Lb.",1,10.25
704,2025-12-12,"2025-12-03","Sourdough Bread - Lb.",1,6.25
704,2025-12-12,"2025-12-03","Extra Credit - Each",1.75,1.06
704,2025-12-12,"2025-12-03","FSA/FSD",1,64.37
371,2025-12-12,"2025-12-03","Gringo's Salsa Choice ($5) - Pint",1,5
371,2025-12-12,"2025-12-03","UCity Pickup Time (2.0 @5-5:30) - @5-5:30",1,0
371,2025-12-12,"2025-12-03","Bagels - Honey Buckwheat - BU - Bag",1,10.9
371,2025-12-12,"2025-12-03","Beef - Stew Meat - Pack",1,10.25
371,2025-12-12,"2025-12-03","Pork Snack Sticks - 5 pk - Plain",1,8.25
371,2025-12-12,"2025-12-03","Seedy Wheaty - Frozen - Loaf",1,3.5
371,2025-12-12,"2025-12-03","Extra Credit - Each",9.65,1.06
371,2025-12-12,"2025-12-03","Half",1,68.89
482,2025-12-12,"2025-12-03","Eggs - BW - Dozen",1,6.25
482,2025-12-12,"2025-12-03","UCity Pickup Time - @4:30-5",1,0
482,2025-12-12,"2025-12-03","Cauliflower - hd. - Head",1,6.5
482,2025-12-12,"2025-12-03","Curds Garlic Herb HBC 10 oz  - Bag",1,6.5
482,2025-12-12,"2025-12-03","Semolina - Wednesday - Loaf",1,6.75
482,2025-12-12,"2025-12-03","Extra Credit - Each",1,1.06
482,2025-12-12,"2025-12-03","Mini",1,46.28
1410,2025-12-12,"2025-12-03","Salsa - Gringo's Hot - Pint",1,5
1410,2025-12-12,"2025-12-03","Chicken - Ground - Lb.",1,8.75
1410,2025-12-12,"2025-12-03","Chicken Links - Chorizo - Lb.",1,10
1410,2025-12-12,"2025-12-03","Eggs - Dozen",1,6.25
1410,2025-12-12,"2025-12-03","Meatballs D&M - Package",1,14.5
1410,2025-12-12,"2025-12-03","Extra Credit - Each",16.25,1.06
1410,2025-12-12,"2025-12-03","Half",1,68.89
1983,2025-12-12,"2025-12-03","Mothership Pickup Time (1.0 @3:30-4) - @3:30-4",1,0
1983,2025-12-12,"2025-12-03","Aged Cheddar - HBC - Each",1,6.5
1983,2025-12-12,"2025-12-03","Eggs - Dozen",1,6.25
1983,2025-12-12,"2025-12-03","Ground Beef - BM&P - Each",1,10.25
1983,2025-12-12,"2025-12-03","Lettuce Mix - Bag",1,5.75
1983,2025-12-12,"2025-12-03","Marinara Sauce - Jar",1,8.75
1983,2025-12-12,"2025-12-03","Pork - Kielbasa - Pack",1,14.65
1983,2025-12-12,"2025-12-03","Tomatoes - Funky Bunch - Pint",1,5.75
1983,2025-12-12,"2025-12-03","Extra Credit - Each",32.9,1.06
1983,2025-12-12,"2025-12-03","Mini",1,46.28
553,2025-12-12,"2025-12-03","Eggs - BW - Dozen",1,6.25
553,2025-12-12,"2025-12-03","Mothership Pickup Time (1.0 @3:30-4) - @3:30-4",1,0
553,2025-12-12,"2025-12-03","Maple Syrup 64 oz. - Jar",1,62
553,2025-12-12,"2025-12-03","Pasta Long Bi-color - Lb.",1,6.5
553,2025-12-12,"2025-12-03","Pork Italian Bulk - D&M - Lb.",1,8
553,2025-12-12,"2025-12-03","Extra Credit - Each",57.75,1.06
553,2025-12-12,"2025-12-03","Mini",1,46.28
346,2025-12-12,"2025-12-03","Salsa - Gringo's Hot - Pint",1,5
346,2025-12-12,"2025-12-03","Chicken Thighs - Boneless/lb. - lbs",1,14.28
346,2025-12-12,"2025-12-03","Eggs - Dozen",1,6.25
346,2025-12-12,"2025-12-03","Yogurt Choice  - Each",1,6.75
346,2025-12-12,"2025-12-03","Extra Credit - Each",4.03,1.06
346,2025-12-12,"2025-12-03","Half",1,68.89
1339,2025-12-12,"2025-12-03","Winter Squash - Acorn - Each",1,3.25
1339,2025-12-12,"2025-12-03","Mothership Pickup Time (2.0 @4-4:30) - @4-4:30",1,0
1339,2025-12-12,"2025-12-03","Broccoli (1.0 Head) - Head",2,4.25
1339,2025-12-12,"2025-12-03","Carrots no tops - Lb.",1,5.75
1339,2025-12-12,"2025-12-03","Peppers - Green/Red Bell - 3-pack",3,4
1339,2025-12-12,"2025-12-03","Tomatoes - Funky Bunch - Pint",1,5.75
1339,2025-12-12,"2025-12-03","Extra Credit - Each",1.25,1.06
1339,2025-12-12,"2025-12-03","FSA/FSD",1,64.37
1339,2025-12-12,"2025-12-03","Whole MILK",1,8.49
1038,2025-12-12,"2025-12-03","Milk - Whole - Oz.",1,7.98
1038,2025-12-12,"2025-12-03","Mothership Pickup Time (4.0 @5-5:30) - @5-5:30",1,0
1038,2025-12-12,"2025-12-03","Garlic - Cured Bag - Bag",1,4.5
1038,2025-12-12,"2025-12-03","Kale - Green Curly - Bag",1,5
1038,2025-12-12,"2025-12-03","Yogurt - Plain - Oz.",1,6.75
1038,2025-12-12,"2025-12-03","Mini",1,46.28
1197,2025-12-12,"2025-12-03","Pizza - Deluxe - Each",1,8
1197,2025-12-12,"2025-12-03","Pizza - Four Meat  - Each",1,8
1197,2025-12-12,"2025-12-03","Pizza - Tomato Basil Garlic  - Each",1,8
1197,2025-12-12,"2025-12-03","Apples - Suncrisp - Bag",1,5.75
1197,2025-12-12,"2025-12-03","Carrots no tops - Lb.",1,5.75
1197,2025-12-12,"2025-12-03","Eggs - Dozen",1,6.25
1197,2025-12-12,"2025-12-03","German Quark HBC - Jar",1,6.5
1197,2025-12-12,"2025-12-03","Pasta Long Bi-color - Lb.",1,6.5
1197,2025-12-12,"2025-12-03","Pork Bacon Burgers - Pack",1,15.75
1197,2025-12-12,"2025-12-03","Extra Credit - Each",45.5,1.06
1039,2025-12-12,"2025-12-03","UCity Pickup Time (3.0 @5:30-6) - @5:30-6",1,0
1039,2025-12-12,"2025-12-03","Apples - Suncrisp - Bag",1,5.75
1039,2025-12-12,"2025-12-03","Broccoli (1.0 Head) - Head",1,4.25
1039,2025-12-12,"2025-12-03","Mushrooms (1.0 Shiitake) - Shiitake",1,8.25
1039,2025-12-12,"2025-12-03","Mushrooms - Chestnut - Bag",1,8.25
1039,2025-12-12,"2025-12-03","Semolina - Wednesday - Loaf",1,6.75
1039,2025-12-12,"2025-12-03","Extra Credit - Each",9.75,1.06
1039,2025-12-12,"2025-12-03","UCA/KWA",1,64.37
618,2025-12-12,"2025-12-03","Eggs - BW - Dozen",1,6.25
618,2025-12-12,"2025-12-03","Mothership Pickup Time (4.0 @5-5:30) - @5-5:30",1,0
618,2025-12-12,"2025-12-03","Oat Porridge Bread - Wednesday - Loaf",1,8.8
618,2025-12-12,"2025-12-03","Olive Oil Large - Bottle",1,18.5
618,2025-12-12,"2025-12-03","Seedy Wheaty - Frozen - Loaf",1,3.5
618,2025-12-12,"2025-12-03","Tomatoes - Slicing - Bag",1,6.5
618,2025-12-12,"2025-12-03","Yogurt - Plain - Oz.",1,6.75
618,2025-12-12,"2025-12-03","Yogurt - Vanilla - Oz.",1,6.75
618,2025-12-12,"2025-12-03","Extra Credit - Each",27.8,1.06
618,2025-12-12,"2025-12-03","FSC",1,64.37
180,2025-12-12,"2025-12-03","Potato Chips Kickers Mini - Oz.",1,1.5
180,2025-12-12,"2025-12-03","UCity Pickup Time - @4:30-5",1,0
180,2025-12-12,"2025-12-03","Apples - Fuji - Bag",1,5.75
180,2025-12-12,"2025-12-03","Eggs - Dozen",1,6.25
180,2025-12-12,"2025-12-03","Lettuce Head - Head",1,4.25
180,2025-12-12,"2025-12-03","Pork - Ground  - Lb.",1,7.25
180,2025-12-12,"2025-12-03","Mini",1,46.28
390,2025-12-12,"2025-12-03","Jam - Red Raspberry HBY - Pint",1,7.5
390,2025-12-12,"2025-12-03","Mothership Pickup Time (5.0 @5:30-6) - @5:30-6",1,0
390,2025-12-12,"2025-12-03","Apple Cider - Half Gallon",1,9.25
390,2025-12-12,"2025-12-03","Bacon Ends /lb. - Package",1,14.54
390,2025-12-12,"2025-12-03","Yogurt - Plain - Oz.",1,6.75
390,2025-12-12,"2025-12-03","Half",1,68.89
390,2025-12-12,"2025-12-03","Whole MILK-e",0,8.49
421,2025-12-12,"2025-12-03","Apple Sauce - Organic Qt. - Quart",1,10.5
421,2025-12-12,"2025-12-03","Pasta Long Bi-color - Lb.",1,6.5
421,2025-12-12,"2025-12-03","Pork Italian Bulk - D&M - Lb.",1,8
421,2025-12-12,"2025-12-03","Mini",1,46.28
508,2025-12-12,"2025-12-03","Gouda - Cave Aged - Pack",1,6.5
508,2025-12-12,"2025-12-03","Mothership Pickup Time (1.0 @3:30-4) - @3:30-4",1,0
508,2025-12-12,"2025-12-03","Cinnamon Rolls - Pack",1,6.5
508,2025-12-12,"2025-12-03","Croissants - Pack",1,4.5
508,2025-12-12,"2025-12-03","Gluten Free Black Beans & Rice - Tub",1,6.25
508,2025-12-12,"2025-12-03","Grains Wildcard $4.75 - Each",1,4.75
508,2025-12-12,"2025-12-03","Ground Beef - D&M - Lb.",1,10.25
508,2025-12-12,"2025-12-03","Extra Credit - Each",4.75,1.06
508,2025-12-12,"2025-12-03","FSA/FSD",1,64.37
1203,2025-12-12,"2025-12-03","Mothership Pickup Time (2.0 @4-4:30) - @4-4:30",1,0
1203,2025-12-12,"2025-12-03","Eggs - Dozen",1,6.25
1203,2025-12-12,"2025-12-03","Kale - Green Curly - Bag",1,5
1203,2025-12-12,"2025-12-03","Oats - 1lb. (1.0 Rolled) - Rolled",1,3.75
1203,2025-12-12,"2025-12-03","Onions - Green - Bunch",1,3.5
1203,2025-12-12,"2025-12-03","Peppers - Jalapenos - 5-pack",1,3.5
1203,2025-12-12,"2025-12-03","Pork - Ground  - Lb.",1,7.25
1203,2025-12-12,"2025-12-03","Winter Squash - Red Kuri - Each",1,4.75
1203,2025-12-12,"2025-12-03","FSA/FSD",1,64.37
892,2025-12-12,"2025-12-03","Gringo's Salsa Choice ($5) - Pint",1,5
892,2025-12-12,"2025-12-03","UCity Pickup Time - @4:30-5",1,0
892,2025-12-12,"2025-12-03","Mole Sauce - Jar",1,11.5
892,2025-12-12,"2025-12-03","Apples - Suncrisp - Bag",1,5.75
892,2025-12-12,"2025-12-03","Janie's Bread - Wednesday - Each",1,6.75
892,2025-12-12,"2025-12-03","Extra Credit - Each",0.75,1.06
892,2025-12-12,"2025-12-03","Half",1,68.89
444,2025-12-12,"2025-12-03","Almonds - Raw - Oz.",1,14.75
444,2025-12-12,"2025-12-03","Eggs - BW - Dozen",2,6.25
444,2025-12-12,"2025-12-03","UCity Pickup Time - @4:30-5",1,0
444,2025-12-12,"2025-12-03","Bacon - Uncured/lb - Pack",1,15.25
444,2025-12-12,"2025-12-03","Bagels - Everything - BU - Bag",1,10.9
444,2025-12-12,"2025-12-03","Gr. Beef Bundle DM ( 5-pack) - Each",1,48.75
444,2025-12-12,"2025-12-03","Hummus - Carrot & Ginger - Tub",1,6.75
444,2025-12-12,"2025-12-03","Popcorn - White - Lb.",1,4.5
444,2025-12-12,"2025-12-03","RL Chocolate Milk - Bottle",4,2.75
444,2025-12-12,"2025-12-03","Rice - Brown - Lb.",1,6
444,2025-12-12,"2025-12-03","Extra Credit - Each",106.9,1.06
444,2025-12-12,"2025-12-03","UCA/KWA",1,64.37
828,2025-12-12,"2025-12-03","Bagels - Blueberry - BU - Bag",1,10.9
828,2025-12-12,"2025-12-03","F2F: Seafood Mac N Cheese - lbs",1,33.35
828,2025-12-12,"2025-12-03","Extra Credit - Each",19.25,1.06
828,2025-12-12,"2025-12-03","Mini",1,46.28
1543,2025-12-12,"2025-12-03","Mothership Pickup Time (2.0 @4-4:30) - @4-4:30",1,0
1543,2025-12-12,"2025-12-03","Applewood Smoked Cheddar - Each",1,6.5
1543,2025-12-12,"2025-12-03","Black Beans DC - Tub",1,6.25
1543,2025-12-12,"2025-12-03","Eggs - Dozen",1,6.25
1543,2025-12-12,"2025-12-03","Polenta - Oz.",1,4.75
1543,2025-12-12,"2025-12-03","Pork - Ground  - Lb.",1,7.25
1543,2025-12-12,"2025-12-03","RL Chocolate Milk - Bottle",2,2.75
1543,2025-12-12,"2025-12-03","Extra Credit - Each",2.5,1.06
1543,2025-12-12,"2025-12-03","FSA/FSD",1,64.37
472,2025-12-12,"2025-12-03","Beef - Stew Meat - Pack",1,10.25
472,2025-12-12,"2025-12-03","Eggs - Dozen",1,6.25
472,2025-12-12,"2025-12-03","Winter Squash - Butternut (1.0 Large) - Large",1,5
472,2025-12-12,"2025-12-03","Yogurt - Strawberry - Oz.",1,6.75
472,2025-12-12,"2025-12-03","Half",1,68.89
1286,2025-12-12,"2025-12-03","Mothership Pickup Time (1.0 @3:30-4) - @3:30-4",1,0
1286,2025-12-12,"2025-12-03","Chicken Thighs - Boneless/lb. - Wee* - lbs",1,6.97
1286,2025-12-12,"2025-12-03","Chocolate Gooey Butter Cake - Each",2,15
1286,2025-12-12,"2025-12-03","Eggs - Dozen",1,6.25
1286,2025-12-12,"2025-12-03","Kairos Sourdough Choice $5 - Pack",1,4.5
1286,2025-12-12,"2025-12-03","Yogurt - Vanilla - Oz.",1,6.75
1286,2025-12-12,"2025-12-03","Extra Credit - Each",25.22,1.06
1286,2025-12-12,"2025-12-03","FSC",1,64.37
467,2025-12-12,"2025-12-03","Eggs - BW - Dozen",2,6.25
467,2025-12-12,"2025-12-03","Mothership Pickup Time (1.0 @3:30-4) - @3:30-4",1,0
467,2025-12-12,"2025-12-03","Broccoli (1.0 Head) - Head",1,4.25
467,2025-12-12,"2025-12-03","Chicken - Ground - Lb.",2,8.75
467,2025-12-12,"2025-12-03","Turkey Thighs /lb - Each",1,10.51
467,2025-12-12,"2025-12-03","Extra Credit - Each",19.76,1.06
467,2025-12-12,"2025-12-03","Mini",1,46.28
1920,2025-12-12,"2025-12-03","UCity Pickup Time (2.0 @5-5:30) - @5-5:30",1,0
1920,2025-12-12,"2025-12-03","Beef - Stew Meat - Pack",2,10.25
1920,2025-12-12,"2025-12-03","Eggs - Dozen",1,6.25
1920,2025-12-12,"2025-12-03","Kale - Green Curly - Bag",1,5
1920,2025-12-12,"2025-12-03","Multigrain Bread - Frozen - Loaf",2,6.25
1920,2025-12-12,"2025-12-03","Pasta Long Bi-color - Lb.",1,6.5
1920,2025-12-12,"2025-12-03","Potatoes - Yukon Gold - lbs",1,6
1920,2025-12-12,"2025-12-03","Extra Credit - Each",28.5,1.06
1920,2025-12-12,"2025-12-03","Half",1,68.89
30,2025-12-12,"2025-12-03","Mothership Pickup Time (1.0 @3:30-4) - @3:30-4",1,0
30,2025-12-12,"2025-12-03","Chicken - Ground - Lb.",1,8.75
30,2025-12-12,"2025-12-03","Eggs - Dozen",1,6.25
30,2025-12-12,"2025-12-03","Janie's Bread - Wednesday - Each",1,6.75
30,2025-12-12,"2025-12-03","Yogurt - Vanilla - Oz.",1,6.75
30,2025-12-12,"2025-12-03","Extra Credit - Each",0.25,1.06
30,2025-12-12,"2025-12-03","Half",1,68.89
981,2025-12-12,"2025-12-03","UCity Pickup Time (2.0 @5-5:30) - @5-5:30",1,0
981,2025-12-12,"2025-12-03","Apples - Fuji - Bag",1,5.75
981,2025-12-12,"2025-12-03","Cabbage - Chinese - Head",1,4.25
981,2025-12-12,"2025-12-03","Honey - Pint - Jar",1,10.75
981,2025-12-12,"2025-12-03","Pasta Long Bi-color - Lb.",1,6.5
981,2025-12-12,"2025-12-03","Extra Credit - Each",2.25,1.06
981,2025-12-12,"2025-12-03","Mini",1,46.28
1699,2025-12-12,"2025-12-03","Eggs - BW - Dozen",1,6.25
1699,2025-12-12,"2025-12-03","UCity Pickup Time - @4:30-5",1,0
1699,2025-12-12,"2025-12-03","Deluxe Mixed Nuts - Bag",1,4.25
1699,2025-12-12,"2025-12-03","Hoagie - Wednesday - Each",1,3.35
1699,2025-12-12,"2025-12-03","Kale - Green Curly - Bag",1,5
1699,2025-12-12,"2025-12-03","Rice - Basmati White - Lb.",1,6.75
1699,2025-12-12,"2025-12-03","Extra Credit - Each",2.1,1.06
1699,2025-12-12,"2025-12-03","UCA/KWA",1,64.37
570,2025-12-12,"2025-12-03","UCity Pickup Time - @4:30-5",1,0
570,2025-12-12,"2025-12-03","Chicken - Ground - Lb.",1,8.75
570,2025-12-12,"2025-12-03","Mushrooms (1.0 Shiitake) - Shiitake",1,8.25
570,2025-12-12,"2025-12-03","Pasta Bi-color Short - Lb.",1,6.5
570,2025-12-12,"2025-12-03","UCA/KWA",1,64.37
1154,2025-12-12,"2025-12-03","Mothership Pickup Time (4.0 @5-5:30) - @5-5:30",1,0
1154,2025-12-12,"2025-12-03","Apple Sauce - Chunky - NS - Quart",1,7.5
1154,2025-12-12,"2025-12-03","Apples - Suncrisp - Bag",1,5.75
1154,2025-12-12,"2025-12-03","Pasta Long Bi-color - Lb.",1,6.5
1154,2025-12-12,"2025-12-03","Pork Italian Bulk - D&M - Lb.",1,8
1154,2025-12-12,"2025-12-03","Tomatoes - Heirloom - Bag",1,8.5
1154,2025-12-12,"2025-12-03","Extra Credit - Each",11.25,1.06
1154,2025-12-12,"2025-12-03","Mini",1,46.28
541,2025-12-12,"2025-12-03","UCity Pickup Time - @4:30-5",1,0
541,2025-12-12,"2025-12-03","$ for green bags donation - $",1,1
541,2025-12-12,"2025-12-03","Blackberries - Frozen (1.0 Large) - Large",1,10.5
541,2025-12-12,"2025-12-03","Janie's Bread - Wednesday - Each",1,6.75
541,2025-12-12,"2025-12-03","Mushrooms - Choice",1,8.25
541,2025-12-12,"2025-12-03","Extra Credit - Each",0.5,1.06
541,2025-12-12,"2025-12-03","UCA/KWA",1,64.37
1928,2025-12-12,"2025-12-03","UCity Pickup Time - @4:30-5",1,0
1928,2025-12-12,"2025-12-03","Apple Butter - Pint",1,7.5
1928,2025-12-12,"2025-12-03","Apple Cider - Half Gallon",1,9.25
1928,2025-12-12,"2025-12-03","Bread Pudding - Muffin - Froz. - Each",3,4
1928,2025-12-12,"2025-12-03","Dish Washer Soap - Bag",1,7.25
1928,2025-12-12,"2025-12-03","Eggs - Dozen",1,6.25
1928,2025-12-12,"2025-12-03","F2F: Seafood Mac N Cheese - lbs",1,33.35
1928,2025-12-12,"2025-12-03","Lettuce Mix - Bag",1,5.75
1928,2025-12-12,"2025-12-03","Ravioli - Butternut Squash  - Lb.",1,9
1928,2025-12-12,"2025-12-03","Tallow Cream - Unscented - Jar",1,20.3
1928,2025-12-12,"2025-12-03","Tomatoes - Funky Bunch - Pint",1,5.75
1928,2025-12-12,"2025-12-03","Extra Credit - Each",88.15,1.06
1928,2025-12-12,"2025-12-03","Half",1,68.89
1559,2025-12-12,"2025-12-03","UCity Pickup Time (3.0 @5:30-6) - @5:30-6",1,0
1559,2025-12-12,"2025-12-03","Aged Cheddar - HBC - Each",1,6.5
1559,2025-12-12,"2025-12-03","Apples - Suncrisp - Bag",1,5.75
1559,2025-12-12,"2025-12-03","Chips - Tortilla - Bag",1,4.25
1559,2025-12-12,"2025-12-03","Kale - Green Curly - Bag",1,5
1559,2025-12-12,"2025-12-03","Mini",1,38.3
788,2025-12-12,"2025-12-03","Half & Half - Pint",1,4.75
788,2025-12-12,"2025-12-03","Apples - Golden Delicious - Bag",1,5.75
788,2025-12-12,"2025-12-03","Hoagie - Wednesday - Each",1,3.35
788,2025-12-12,"2025-12-03","Onions - Green - Bunch",1,3.5
788,2025-12-12,"2025-12-03","Radishes - Mini Daikon - Bunch",1,4
788,2025-12-12,"2025-12-03","Extra Credit - Each",21.35,1.06
1098,2025-12-12,"2025-12-03","Eggs - BW - Dozen",1,6.25
1098,2025-12-12,"2025-12-03","UCity Pickup Time - @4:30-5",1,0
1098,2025-12-12,"2025-12-03","Apple Cider - Half Gallon",1,9.25
1098,2025-12-12,"2025-12-03","Auction Donation - $",1,1
1098,2025-12-12,"2025-12-03","Cinnamon Rolls - Pack",1,6.5
1098,2025-12-12,"2025-12-03","Kale - Green Curly - Bag",1,5
1098,2025-12-12,"2025-12-03","Marbled Rye -Wednesday - Loaf",1,8.35
1098,2025-12-12,"2025-12-03","Salmon - Fillet Whole/LB - Each",1,19.25
1098,2025-12-12,"2025-12-03","Semolina - Wednesday - Loaf",1,6.75
1098,2025-12-12,"2025-12-03","Extra Credit - Each",38.85,1.06
1098,2025-12-12,"2025-12-03","UCA/KWA",1,64.37
557,2025-12-12,"2025-12-03","Jam - Strawberry HBY - Pint",1,7
557,2025-12-12,"2025-12-03","Mothership Pickup Time (1.0 @3:30-4) - @3:30-4",1,0
557,2025-12-12,"2025-12-03","Applewood Smoked Cheddar - Each",1,6.5
557,2025-12-12,"2025-12-03","Eggs - Dozen",1,6.25
557,2025-12-12,"2025-12-03","Ground Beef - D&M - Lb.",1,10.25
557,2025-12-12,"2025-12-03","Rice - Basmati White - Lb.",1,6.75
557,2025-12-12,"2025-12-03","Extra Credit - Each",2.75,1.06
557,2025-12-12,"2025-12-03","FSA/FSD",1,64.37
986,2025-12-12,"2025-12-03","Mothership Pickup Time (4.0 @5-5:30) - @5-5:30",1,0
986,2025-12-12,"2025-12-03","Boneless Pork Chop - D&M /lb - Lb.",1,13.42
986,2025-12-12,"2025-12-03","Eggs - Dozen",1,6.25
986,2025-12-12,"2025-12-03","Rice - Basmati White - Lb.",1,6.75
986,2025-12-12,"2025-12-03","Salmon - Fillet Whole/LB - Each",2,35.25
986,2025-12-12,"2025-12-03","Extra Credit - Each",68.67,1.06
986,2025-12-12,"2025-12-03","Half",1,68.89
1896,2025-12-12,"2025-12-03","Eggs - BW - Dozen",2,6.25
1896,2025-12-12,"2025-12-03","Mothership Pickup Time (4.0 @5-5:30) - @5-5:30",1,0
1896,2025-12-12,"2025-12-03","Apple Sauce - Organic Qt. - Quart",1,10.5
1896,2025-12-12,"2025-12-03","Oat Porridge Bread - Wednesday - Loaf",1,8.8
1896,2025-12-12,"2025-12-03","Peppers - Carmen - 2-pack",1,3
1896,2025-12-12,"2025-12-03","Tomatoes - Funky Bunch - Pint",1,5.75
1896,2025-12-12,"2025-12-03","Extra Credit - Each",15.55,1.06
1896,2025-12-12,"2025-12-03","Mini",1,46.28
1000,2025-12-12,"2025-12-03","Chicken - Ground - Lb.",1,8.75
1000,2025-12-12,"2025-12-03","Mushrooms - Choice",1,8.25
1000,2025-12-12,"2025-12-03","Pasta Bi-color Short - Lb.",1,6.5
1000,2025-12-12,"2025-12-03","UCA/KWA",1,64.37
1040,2025-12-12,"2025-12-03","Potato Chips Original - Mini - Oz.",1,1.5
1040,2025-12-12,"2025-12-03","Salsa - Black Bean & Corn - Pint",1,5
1040,2025-12-12,"2025-12-03","UCity Pickup Time (2.0 @5-5:30) - @5-5:30",1,0
1040,2025-12-12,"2025-12-03","Eggs - Dozen",1,6.25
1040,2025-12-12,"2025-12-03","Ravioli - Butternut Squash  - Lb.",1,9
1040,2025-12-12,"2025-12-03","Yogurt - Vanilla - Oz.",1,6.75
1040,2025-12-12,"2025-12-03","Extra Credit - Each",0.25,1.06
1040,2025-12-12,"2025-12-03","Half",1,68.89
718,2025-12-12,"2025-12-03","Mothership Pickup Time (4.0 @5-5:30) - @5-5:30",1,0
718,2025-12-12,"2025-12-03","Mozzarella HBC - Oz.",1,6.5
718,2025-12-12,"2025-12-03","Salame - Calabrese - Package",1,12.35
718,2025-12-12,"2025-12-03","Salame - Finocchiona - Each",1,12.35
718,2025-12-12,"2025-12-03","Sesame Hoagie -W - Each",1,3.6
718,2025-12-12,"2025-12-03","Tomatoes - Slicing - Bag",1,6.5
718,2025-12-12,"2025-12-03","Extra Credit - Each",7.3,1.06
718,2025-12-12,"2025-12-03","FSA/FSD",1,64.37
207,2025-12-12,"2025-12-03","Eggs - BW - Dozen",1,6.25
207,2025-12-12,"2025-12-03","Apples - Fuji - Bag",1,5.75
207,2025-12-12,"2025-12-03","Apples - Golden Delicious - Bag",1,5.75
207,2025-12-12,"2025-12-03","Broccoli (1.0 Head) - Head",1,4.25
207,2025-12-12,"2025-12-03","Kale - Green Curly - Bag",1,5
207,2025-12-12,"2025-12-03","Kohlrabi  - Head",1,3
207,2025-12-12,"2025-12-03","Lettuce Head - Head",1,4.25
207,2025-12-12,"2025-12-03","Spinach - Bag",1,5.25
207,2025-12-12,"2025-12-03","Tomatoes - Funky Bunch - Pint",1,5.75
207,2025-12-12,"2025-12-03","Tomatoes - Slicing - Bag",1,6.5
207,2025-12-12,"2025-12-03","Extra Credit - Each",26.75,1.06
207,2025-12-12,"2025-12-03","Mini",1,46.28
100,2025-12-12,"2025-12-03","Mothership Pickup Time (3.0 @4:30-5) - @4:30-5",1,0
100,2025-12-12,"2025-12-03","Cauliflower - Romanesco - Lb.",1,6.5
100,2025-12-12,"2025-12-03","Ground Beef - BM&P - Each",1,10.25
100,2025-12-12,"2025-12-03","Pork Italian Bulk - D&M - Lb.",1,8
100,2025-12-12,"2025-12-03","Sesame Hoagie -W - Each",1,3.6
100,2025-12-12,"2025-12-03","Extra Credit - Each",3.35,1.06
100,2025-12-12,"2025-12-03","Mini",1,46.28
178,2025-12-12,"2025-12-03","Chicken - BULK Breasts /lb. - Pack",2,38.6
178,2025-12-12,"2025-12-03","Rice - Basmati White - Lb.",1,6.75
178,2025-12-12,"2025-12-03","Yogurt Choice  - Each",1,6.75
178,2025-12-12,"2025-12-03","Extra Credit - Each",62.45,1.06
178,2025-12-12,"2025-12-03","Half",1,68.89
99,2025-12-12,"2025-12-03","Ground Turkey - Pack",1,8.75
99,2025-12-12,"2025-12-03","Mothership Pickup Time (2.0 @4-4:30) - @4-4:30",1,0
99,2025-12-12,"2025-12-03","Apples - Rome - Bag",1,5.75
99,2025-12-12,"2025-12-03","Chicken Links - Lemon Pepper - Lb.",1,10
99,2025-12-12,"2025-12-03","Eggs - Dozen",2,6.25
99,2025-12-12,"2025-12-03","Kale - Green Curly - Bag",1,5
99,2025-12-12,"2025-12-03","Mushrooms (1.0 Lion's Mane) - Lion's Mane",1,8.25
99,2025-12-12,"2025-12-03","Extra Credit - Each",16.25,1.06
637,2025-12-12,"2025-12-03","Walnuts - Oz.",1,12.75
637,2025-12-12,"2025-12-03","Mothership Pickup Time (1.0 @3:30-4) - @3:30-4",1,0
637,2025-12-12,"2025-12-03","Aged Cheddar - HBC - Each",1,6.5
637,2025-12-12,"2025-12-03","Eggs - Dozen",1,6.25
637,2025-12-12,"2025-12-03","Ham Hocks/lb. - Pack",1,17.12
637,2025-12-12,"2025-12-03","Yogurt Choice  - Each",1,6.75
637,2025-12-12,"2025-12-03","Extra Credit - Each",21.12,1.06
637,2025-12-12,"2025-12-03","Half",1,68.89
708,2025-12-12,"2025-12-03","UCity Pickup Time (3.0 @5:30-6) - @5:30-6",1,0
708,2025-12-12,"2025-12-03","Bacon - Each",1,12.75
708,2025-12-12,"2025-12-03","Bagels - Poppy Seed - BU - Bag",1,10.9
708,2025-12-12,"2025-12-03","Broccoli (1.0 Head) - Head",1,4.25
708,2025-12-12,"2025-12-03","Semolina - Wednesday - Loaf",1,6.75
708,2025-12-12,"2025-12-03","Winter Squash - Butternut (1.0 Medium) - Medium",1,4
708,2025-12-12,"2025-12-03","Extra Credit - Each",10.4,1.06
708,2025-12-12,"2025-12-03","Half",1,68.89
422,2025-12-12,"2025-12-03","Chevre PF - Choice",1,8.5
422,2025-12-12,"2025-12-03","Chicken - Links ($10) - Each",1,10
422,2025-12-12,"2025-12-03","Eggs - Dozen",1,6.25
422,2025-12-12,"2025-12-03","Kairos Sourdough Choice $5 - Pack",1,4.5
422,2025-12-12,"2025-12-03","FSC",1,64.37
422,2025-12-12,"2025-12-03","Creamline MILK",2,8.49
659,2025-12-12,"2025-12-03","Bacon - Each",1,12.75
659,2025-12-12,"2025-12-03","Beef - Stew Meat - Pack",1,10.25
659,2025-12-12,"2025-12-03","Eggs - Dozen",1,6.25
659,2025-12-12,"2025-12-03","Extra Credit - Each",1,1.06
659,2025-12-12,"2025-12-03","Half",1,68.89
34,2025-12-12,"2025-12-03","Mothership Pickup Time (1.0 @3:30-4) - @3:30-4",1,0
34,2025-12-12,"2025-12-03","Black Bean Dip - Tub",1,6.25
34,2025-12-12,"2025-12-03","Eggs - Dozen",1,6.25
34,2025-12-12,"2025-12-03","Mushrooms - Hen of the Woods/Maitake - Bag",1,8.25
34,2025-12-12,"2025-12-03","Oat Flour Pancake Mix - Bag",1,4.25
34,2025-12-12,"2025-12-03","Tortellini - Cheese - Lb.",1,9
34,2025-12-12,"2025-12-03","FSA/FSD",1,64.37
859,2025-12-12,"2025-12-03","Eggs - BW - Dozen",1,6.25
859,2025-12-12,"2025-12-03","UCity Pickup Time - @4:30-5",1,0
859,2025-12-12,"2025-12-03","Bagels - Everything - BU - Bag",1,10.9
859,2025-12-12,"2025-12-03","Kale - Green Curly - Bag",1,5
859,2025-12-12,"2025-12-03","Peppers - Beaver Dam / Poblano - 3-pack",1,2.75
859,2025-12-12,"2025-12-03","Shoots - Specialty Mix - Bag",1,4.25
859,2025-12-12,"2025-12-03","Extra Credit - Each",4.15,1.06
859,2025-12-12,"2025-12-03","Mini",1,46.28
351,2025-12-12,"2025-12-03","Mothership Pickup Time (1.0 @3:30-4) - @3:30-4",1,0
351,2025-12-12,"2025-12-03","Feta Cheese - HBC - Each",1,6.5
351,2025-12-12,"2025-12-03","Janie's Bread - Wednesday - Each",1,6.75
351,2025-12-12,"2025-12-03","Potatoes - Sweet - lbs",1,5.75
351,2025-12-12,"2025-12-03","Spinach - Bag",1,5.25
351,2025-12-12,"2025-12-03","Tomatoes - Funky Bunch - Pint",1,5.75
351,2025-12-12,"2025-12-03","Extra Credit - Each",1.75,1.06
351,2025-12-12,"2025-12-03","Half",1,68.89
998,2025-12-12,"2025-12-03","UCity Pickup Time (2.0 @5-5:30) - @5-5:30",1,0
998,2025-12-12,"2025-12-03","Greens Mix - Bag",1,3.5
998,2025-12-12,"2025-12-03","Kale - Green Curly - Bag",1,5
998,2025-12-12,"2025-12-03","Winter Squash - Acorn Sweet Potato (1.0 Large) - Large",1,6
998,2025-12-12,"2025-12-03","Winter Squash - Butternut (1.0 Large) - Large",1,5
998,2025-12-12,"2025-12-03","Winter Squash - Spaghetti (1.0 Large) - Large",1,4.75
998,2025-12-12,"2025-12-03","Extra Credit - Each",0.75,1.06
998,2025-12-12,"2025-12-03","UCA/KWA",1,64.37
401,2025-12-12,"2025-12-03","UCity Pickup Time - @4:30-5",1,0
401,2025-12-12,"2025-12-03","Mushrooms (1.0 Lion's Mane) - Lion's Mane",1,8.25
401,2025-12-12,"2025-12-03","Peppers - Carmen - 2-pack",1,3
401,2025-12-12,"2025-12-03","Peppers - Green/Red Bell - 3-pack",1,4
401,2025-12-12,"2025-12-03","Shoots - Pea - Bag",1,4.25
401,2025-12-12,"2025-12-03","Tomatoes - Funky Bunch - Pint",2,5.75
401,2025-12-12,"2025-12-03","Winter Squash - Acorn Sweet Potato (1.0 Small) - Small",1,3.25
401,2025-12-12,"2025-12-03","Extra Credit - Each",9.25,1.06
401,2025-12-12,"2025-12-03","Mini",1,46.28
1818,2025-12-12,"2025-12-03","UCity Pickup Time - @4:30-5",1,0
1818,2025-12-12,"2025-12-03","Honey - Qt. - Jar",1,20
1818,2025-12-12,"2025-12-03","Lettuce Mix - Bag",1,5.75
1818,2025-12-12,"2025-12-03","Multigrain Bread  - Each",1,6.25
1818,2025-12-12,"2025-12-03","Pork Italian Bulk - D&M - Lb.",1,8
1818,2025-12-12,"2025-12-03","Spinach - Bag",1,5.25
1818,2025-12-12,"2025-12-03","Extra Credit - Each",20.25,1.06
1818,2025-12-12,"2025-12-03","Mini",1,38.3
1155,2025-12-12,"2025-12-03","Eggs - BW - Dozen",2,6.25
1155,2025-12-12,"2025-12-03","Mothership Pickup Time (5.0 @5:30-6) - @5:30-6",1,0
1155,2025-12-12,"2025-12-03","$ for green bags donation - $",2,1
1155,2025-12-12,"2025-12-03","Beef - Stew Meat - Pack",1,10.25
1155,2025-12-12,"2025-12-03","Collards - Bunch",1,5
1155,2025-12-12,"2025-12-03","Garlic - Cured Bag - Bag",1,4.5
1155,2025-12-12,"2025-12-03","Lettuce Mix - Bag",1,5.75
1155,2025-12-12,"2025-12-03","Mushrooms - Hen of the Woods/Maitake - Bag",1,8.25
1155,2025-12-12,"2025-12-03","Onions - Green - Bunch",1,3.5
1155,2025-12-12,"2025-12-03","Peppers - Carmen - 2-pack",2,3
1155,2025-12-12,"2025-12-03","Peppers - Green/Red Bell - 3-pack",1,4
1155,2025-12-12,"2025-12-03","Potatoes - Yukon Gold - lbs",1,6
1155,2025-12-12,"2025-12-03","Shoots - Specialty Mix - Bag",1,4.25
1155,2025-12-12,"2025-12-03","Spinach - Bag",1,5.25
1155,2025-12-12,"2025-12-03","Swiss Chard - Bunch",1,5
1155,2025-12-12,"2025-12-03","Tallow Cream - Lavender - Jar",1,20.3
1155,2025-12-12,"2025-12-03","Winter Squash - Butternut (1.0 Medium) - Medium",1,4
1155,2025-12-12,"2025-12-03","Extra Credit - Each",78.3,1.06
1155,2025-12-12,"2025-12-03","Half",1,68.89
1923,2025-12-12,"2025-12-03","Chicken - Ground - Lb.",1,8.75
1923,2025-12-12,"2025-12-03","Mushrooms - Choice",1,8.25
1923,2025-12-12,"2025-12-03","Pasta Bi-color Short - Lb.",1,6.5
1923,2025-12-12,"2025-12-03","UCA/KWA",1,64.37
373,2025-12-12,"2025-12-03","UCity Pickup Time (2.0 @5-5:30) - @5-5:30",1,0
373,2025-12-12,"2025-12-03","Bagels - Everything - Frozen - Bag",1,6.75
373,2025-12-12,"2025-12-03","Broccoli (1.0 Head) - Head",1,4.25
373,2025-12-12,"2025-12-03","Kale - Green Curly - Bag",1,5
373,2025-12-12,"2025-12-03","Light and Mild - Wednesday - Loaf",1,8
373,2025-12-12,"2025-12-03","Extra Credit - Each",0.5,1.06
373,2025-12-12,"2025-12-03","UCA/KWA",1,64.37
1498,2025-12-12,"2025-12-03","Apple Sauce - Organic Qt. - Quart",1,10.5
1498,2025-12-12,"2025-12-03","Pasta Long Bi-color - Lb.",1,6.5
1498,2025-12-12,"2025-12-03","Pork Italian Bulk - D&M - Lb.",1,8
1498,2025-12-12,"2025-12-03","Mini",1,46.28
526,2025-12-12,"2025-12-03","Bagels - Poppy Seed - BU - Bag",1,10.9
526,2025-12-12,"2025-12-03","Light and Mild - Wednesday - Loaf",1,8
526,2025-12-12,"2025-12-03","Pork Italian Bulk - D&M - Lb.",1,8
526,2025-12-12,"2025-12-03","RL Chocolate Milk - Bottle",2,2.75
526,2025-12-12,"2025-12-03","Extra Credit - Each",7.4,1.06
526,2025-12-12,"2025-12-03","Mini",1,46.28
42,2025-12-12,"2025-12-03","Eggs - BW - Dozen",1,6.25
42,2025-12-12,"2025-12-03","UCity Pickup Time - @4:30-5",1,0
42,2025-12-12,"2025-12-03","Marinara Sauce - Jar",2,8.75
42,2025-12-12,"2025-12-03","Extra Credit - Each",0.25,1.06
42,2025-12-12,"2025-12-03","UCA/KWA",1,64.37
544,2025-12-12,"2025-12-03","Ground Turkey - Pack",1,8.75
544,2025-12-12,"2025-12-03","Salsa - Gringo's Hot - Pint",1,5
544,2025-12-12,"2025-12-03","Beef - Stew Meat - Pack",1,10.25
544,2025-12-12,"2025-12-03","Chicken Breasts /lb. - Pack",1,8.91
544,2025-12-12,"2025-12-03","Eggs - Dozen",1,6.25
544,2025-12-12,"2025-12-03","Granola Bar - Each",1,3.75
544,2025-12-12,"2025-12-03","Popcorn - McKaskle - Lb.",1,5.25
544,2025-12-12,"2025-12-03","RL Eggnog 16 oz - Pint",1,6.5
544,2025-12-12,"2025-12-03","Sesame Hoagie -W - Each",1,3.6
544,2025-12-12,"2025-12-03","Turkey Thighs /lb - Each",2,11.9
544,2025-12-12,"2025-12-03","Yogurt - Vanilla - Oz.",1,6.75
544,2025-12-12,"2025-12-03","Extra Credit - Each",60.56,1.06
544,2025-12-12,"2025-12-03","Half",1,68.89
1030,2025-12-12,"2025-12-03","UCity Pickup Time (2.0 @5-5:30) - @5-5:30",1,0
1030,2025-12-12,"2025-12-03","Bagels - Blueberry - BU - Bag",1,10.9
1030,2025-12-12,"2025-12-03","Bagels - Poppy Seed - BU - Bag",1,10.9
1030,2025-12-12,"2025-12-03","Cauliflower - Romanesco - Lb.",1,6.5
1030,2025-12-12,"2025-12-03","Cheese - Grisontaler Small - $ - Each",1,6.56
1030,2025-12-12,"2025-12-03","Eggs - Dozen",1,6.25
1030,2025-12-12,"2025-12-03","Granola Bar - Each",1,3.75
1030,2025-12-12,"2025-12-03","Mustard Greens - Bag",1,4.5
1030,2025-12-12,"2025-12-03","Pasta Bi-color Short - Lb.",1,6.5
1030,2025-12-12,"2025-12-03","Semolina - Wednesday - Loaf",1,6.75
1030,2025-12-12,"2025-12-03","Stringbean Ethiopian - Bag",1,15.45
1030,2025-12-12,"2025-12-03","Extra Credit - Each",54.56,1.06
1030,2025-12-12,"2025-12-03","UCA/KWA",1,64.37
1448,2025-12-12,"2025-12-03","Eggs - BW - Dozen",1,6.25
1448,2025-12-12,"2025-12-03","Chicken Breasts /lb. - Pack",2,8.66
1448,2025-12-12,"2025-12-03","Winter Squash - Butternut (1.0 Large) - Large",1,5
1448,2025-12-12,"2025-12-03","Extra Credit - Each",3.57,1.06
1448,2025-12-12,"2025-12-03","Mini",1,38.3
145,2025-12-12,"2025-12-03","Eggs - BW - Dozen",1,6.25
145,2025-12-12,"2025-12-03","Mothership Pickup Time (4.0 @5-5:30) - @5-5:30",1,0
145,2025-12-12,"2025-12-03","Apples - Jonathan - Bag",1,5.75
145,2025-12-12,"2025-12-03","Collards - Bunch",1,5
145,2025-12-12,"2025-12-03","Tomatoes - Funky Bunch - Pint",1,5.75
145,2025-12-12,"2025-12-03","Winter Squash - Mashed Potato - Each",1,2.25
145,2025-12-12,"2025-12-03","Mini",1,46.28
1749,2025-12-12,"2025-12-03","Apple Sauce - Organic Qt. - Quart",1,10.5
1749,2025-12-12,"2025-12-03","Pasta Long Bi-color - Lb.",1,6.5
1749,2025-12-12,"2025-12-03","Pork Italian Bulk - D&M - Lb.",1,8
1749,2025-12-12,"2025-12-03","Mini",1,46.28
1614,2025-12-12,"2025-12-03","Pizza - Cheese  - Each",1,7.25
1614,2025-12-12,"2025-12-03","Mothership Pickup Time (2.0 @4-4:30) - @4-4:30",1,0
1614,2025-12-12,"2025-12-03","Apple Sauce - Organic Qt. - Quart",1,10.5
1614,2025-12-12,"2025-12-03","Bagel Chips - Bag",1,5.25
1614,2025-12-12,"2025-12-03","Black Bean Soup - Tub",1,6.25
1614,2025-12-12,"2025-12-03","Pasta Long Bi-color - Lb.",1,6.5
1614,2025-12-12,"2025-12-03","Extra Credit - Each",10.75,1.06
1614,2025-12-12,"2025-12-03","Mini",1,46.28
1380,2025-12-12,"2025-12-03","Eggs - BW - Dozen",2,6.25
1380,2025-12-12,"2025-12-03","Gringo's Salsa Choice ($5) - Pint",1,5
1380,2025-12-12,"2025-12-03","Light and Mild - Wednesday - Loaf",1,8
1380,2025-12-12,"2025-12-03","Pork Breakfast Link D&M - Pack",2,8
1380,2025-12-12,"2025-12-03","Extra Credit - Each",13.25,1.06
1380,2025-12-12,"2025-12-03","Half",1,68.89
1304,2025-12-12,"2025-12-03","Chicken - Breakfast Links - Each",1,10
1304,2025-12-12,"2025-12-03","Eggs - Dozen",2,6.25
1304,2025-12-12,"2025-12-03","Semolina - Wednesday - Loaf",1,6.75
1304,2025-12-12,"2025-12-03","Extra Credit - Each",1,1.06
1304,2025-12-12,"2025-12-03","Half",1,68.89
1572,2025-12-12,"2025-12-03","UCity Pickup Time - @4:30-5",1,0
1572,2025-12-12,"2025-12-03","Cheese - Enzian Bleu Small - $ - Each",1,7.3
1572,2025-12-12,"2025-12-03","Hoagie - Wednesday - Each",1,3.35
1572,2025-12-12,"2025-12-03","Mushrooms - Choice",1,8.25
1572,2025-12-12,"2025-12-03","Yogurt - Vanilla - Oz.",1,6.75
1572,2025-12-12,"2025-12-03","Extra Credit - Each",2.15,1.06
1572,2025-12-12,"2025-12-03","UCA/KWA",1,64.37
863,2025-12-12,"2025-12-03","Mothership Pickup Time - @6:30-7",1,0
863,2025-12-12,"2025-12-03","Black Beans DC - Tub",1,6.25
863,2025-12-12,"2025-12-03","Cauliflower - hd. - Head",1,6.5
863,2025-12-12,"2025-12-03","Eggs - Dozen",1,6.25
863,2025-12-12,"2025-12-03","Grains Wildcard $4.75 - Each",1,4.75
863,2025-12-12,"2025-12-03","Ground Beef - D&M - Lb.",1,10.25
863,2025-12-12,"2025-12-03","FSA/FSD",1,64.37
190,2025-12-12,"2025-12-03","Mothership Pickup Time (3.0 @4:30-5) - @4:30-5",1,0
190,2025-12-12,"2025-12-03","Apple Cider - Half Gallon",1,9.25
190,2025-12-12,"2025-12-03","Apples - Golden Delicious - Bag",1,5.75
190,2025-12-12,"2025-12-03","Chips - Tortilla - Bag",1,4.25
190,2025-12-12,"2025-12-03","Dark Chocolate Square  - Each",2,1.75
190,2025-12-12,"2025-12-03","Salsa - Gringo's Mild - Jar",1,5
190,2025-12-12,"2025-12-03","Extra Credit - Each",2.75,1.06
190,2025-12-12,"2025-12-03","Mini",1,46.28
962,2025-12-12,"2025-12-03","Mothership Pickup Time (5.0 @5:30-6) - @5:30-6",1,0
962,2025-12-12,"2025-12-03","Applewood Smoked Cheddar - Each",1,6.5
962,2025-12-12,"2025-12-03","Buckwheat Pancake Mix - Bag",1,4.25
962,2025-12-12,"2025-12-03","Collards - Bunch",1,5
962,2025-12-12,"2025-12-03","Eggs - Dozen",1,6.25
962,2025-12-12,"2025-12-03","Lettuce Mix - Bag",1,5.75
962,2025-12-12,"2025-12-03","Tomatoes - Slicing - Bag",1,6.5
962,2025-12-12,"2025-12-03","Turnips - Japanese/White - Lb.",2,5.5
962,2025-12-12,"2025-12-03","Extra Credit - Each",11.25,1.06
962,2025-12-12,"2025-12-03","FSA/FSD",1,64.37
125,2025-12-12,"2025-12-03","$ for green bags donation - $",3,1
125,2025-12-12,"2025-12-03","Apples - Organic Red Delicious - Bag",1,5.75
125,2025-12-12,"2025-12-03","Apples - Suncrisp - Bag",1,5.75
125,2025-12-12,"2025-12-03","Garlic - Cured Bag - Bag",1,4.5
125,2025-12-12,"2025-12-03","Potatoes - Sweet - lbs",1,5.75
125,2025-12-12,"2025-12-03","Potatoes - Yukon Gold - lbs",1,6
125,2025-12-12,"2025-12-03","Shoots - Specialty Mix - Bag",1,4.25
125,2025-12-12,"2025-12-03","Swiss Chard - Bunch",2,5
125,2025-12-12,"2025-12-03","Tomatoes - Funky Bunch - Pint",1,5.75
125,2025-12-12,"2025-12-03","Tomatoes - Slicing - Bag",2,6.5
125,2025-12-12,"2025-12-03","Winter Squash - Butternut (1.0 Medium) - Medium",1,4
125,2025-12-12,"2025-12-03","Extra Credit - Each",44.25,1.06
125,2025-12-12,"2025-12-03","UCA/KWA",1,64.37
605,2025-12-12,"2025-12-03","Mothership Pickup Time (2.0 @4-4:30) - @4-4:30",1,0
605,2025-12-12,"2025-12-03","Apple Butter - Organic - Pint",1,7.5
605,2025-12-12,"2025-12-03","Apple Sauce - Organic Qt. - Quart",1,10.5
605,2025-12-12,"2025-12-03","Blackberries - Frozen (1.0 Large) - Large",2,10.5
605,2025-12-12,"2025-12-03","Ground Beef - BM&P - Each",1,10.25
605,2025-12-12,"2025-12-03","Ground Lamb  - Lb.",1,16
605,2025-12-12,"2025-12-03","Lettuce Mix - Bag",2,5.75
605,2025-12-12,"2025-12-03","Peppers - Green/Red Bell - 3-pack",2,4
605,2025-12-12,"2025-12-03","Pork - Ground  - Lb.",1,7.25
605,2025-12-12,"2025-12-03","Pork Andouille Links - D&M - Each",1,8
605,2025-12-12,"2025-12-03","Potatoes - Regular - lbs",1,5.75
605,2025-12-12,"2025-12-03","Potatoes - Yukon Gold - lbs",1,6
605,2025-12-12,"2025-12-03","Winter Squash - Red Kuri - Each",1,4.75
605,2025-12-12,"2025-12-03","Extra Credit - Each",91.5,1.06
605,2025-12-12,"2025-12-03","Mini",1,46.28
479,2025-12-12,"2025-12-03","UCity Pickup Time - @4:30-5",1,0
479,2025-12-12,"2025-12-03","Bacon - Each",1,12.75
479,2025-12-12,"2025-12-03","Collards - Bunch",1,5
479,2025-12-12,"2025-12-03","Dark Chocolate Square  - Each",1,1.75
479,2025-12-12,"2025-12-03","Milk Chocolate Square - Each",1,1.75
479,2025-12-12,"2025-12-03","Pork - Brats Cheddar DM - 4-pack",1,8
479,2025-12-12,"2025-12-03","Extra Credit - Each",4.25,1.06
479,2025-12-12,"2025-12-03","Mini",1,46.28
356,2025-12-12,"2025-12-03","UCity Pickup Time - @4:30-5",1,0
356,2025-12-12,"2025-12-03","Chicken Breasts /lb. - Pack",1,8.42
356,2025-12-12,"2025-12-03","Chicken Wings/lb. - lbs",1,6.62
356,2025-12-12,"2025-12-03","Ground Beef - BM&P - Each",1,10.25
356,2025-12-12,"2025-12-03","Hummus - Beet & Pepita - Tub",1,6.75
356,2025-12-12,"2025-12-03","Extra Credit - Each",7.04,1.06
356,2025-12-12,"2025-12-03","Mini",1,46.28
1908,2025-12-12,"2025-12-03","UCity Pickup Time - @4:30-5",1,0
1908,2025-12-12,"2025-12-03","Apples - Suncrisp - Bag",2,5.75
1908,2025-12-12,"2025-12-03","Hoagie - Wednesday - Each",1,3.35
1908,2025-12-12,"2025-12-03","Peppers - Green/Red Bell - 3-pack",1,4
1908,2025-12-12,"2025-12-03","Pork Italian Bulk - D&M - Lb.",1,8
1908,2025-12-12,"2025-12-03","Extra Credit - Each",1.85,1.06
1908,2025-12-12,"2025-12-03","Mini",1,46.28
1107,2025-12-12,"2025-12-03","Chocolate Gooey Butter Cake - Each",1,15
1107,2025-12-12,"2025-12-03","Eggs - Dozen",1,6.25
1107,2025-12-12,"2025-12-03","Oat Flour Pancake Mix - Bag",1,4.25
1107,2025-12-12,"2025-12-03","Turnips - Japanese/White - Lb.",1,5.5
1107,2025-12-12,"2025-12-03","Extra Credit - Each",2.75,1.06
1107,2025-12-12,"2025-12-03","Half",1,68.89
520,2025-12-12,"2025-12-03","UCity Pickup Time - @4:30-5",1,0
520,2025-12-12,"2025-12-03","Broccoli (1.0 Head) - Head",1,4.25
520,2025-12-12,"2025-12-03","Cauliflower - Romanesco - Lb.",1,6.5
520,2025-12-12,"2025-12-03","Kohlrabi  - Head",1,3
520,2025-12-12,"2025-12-03","Lettuce Head - Head",1,4.25
520,2025-12-12,"2025-12-03","Lettuce Mix - Bag",1,5.75
520,2025-12-12,"2025-12-03","Pork Italian Bulk - D&M - Lb.",1,8
520,2025-12-12,"2025-12-03","Mini",1,46.28
520,2025-12-12,"2025-12-03","Whole MILK",1,8.49
1387,2025-12-12,"2025-12-03","Eggs - BW - Dozen",1,6.25
1387,2025-12-12,"2025-12-03","Mothership Pickup Time (1.0 @3:30-4) - @3:30-4",1,0
1387,2025-12-12,"2025-12-03","Apples - Fuji - Bag",1,5.75
1387,2025-12-12,"2025-12-03","Bagels - Honey Buckwheat - BU - Bag",1,10.9
1387,2025-12-12,"2025-12-03","Carrots no tops - Lb.",1,5.75
1387,2025-12-12,"2025-12-03","Peppers - Green/Red Bell - 3-pack",1,4
1387,2025-12-12,"2025-12-03","Extra Credit - Each",0.9,1.06
1387,2025-12-12,"2025-12-03","FSC",1,64.37
598,2025-12-12,"2025-12-03","Pasta Bi-color Short - Lb.",1,6.5
598,2025-12-12,"2025-12-03","Pork Italian Bulk - D&M - Lb.",1,8
598,2025-12-12,"2025-12-03","Red Chile Sauce - Jar",1,11.5
598,2025-12-12,"2025-12-03","Extra Credit - Each",1,1.06
598,2025-12-12,"2025-12-03","Mini",1,46.28
1707,2025-12-12,"2025-12-03","Pizza - Pepperoni  - Each",1,8
1707,2025-12-12,"2025-12-03","Mothership Pickup Time (2.0 @4-4:30) - @4-4:30",1,0
1707,2025-12-12,"2025-12-03","Bacon - Each",1,12.75
1707,2025-12-12,"2025-12-03","Hoagie - Wednesday - Each",1,3.35
1707,2025-12-12,"2025-12-03","Winter Squash - Butternut (1.0 Medium) - Medium",1,4
1707,2025-12-12,"2025-12-03","Extra Credit - Each",3.1,1.06
1707,2025-12-12,"2025-12-03","Mini",1,46.28
1364,2025-12-12,"2025-12-03","Beef - Stew Meat - Pack",1,10.25
1364,2025-12-12,"2025-12-03","Croissants - Pack",1,4.5
1364,2025-12-12,"2025-12-03","Eggs - Dozen",1,6.25
1364,2025-12-12,"2025-12-03","Mustard Greens - Bag",1,4.5
1364,2025-12-12,"2025-12-03","Peppers - Beaver Dam / Poblano - 3-pack",1,2.75
1364,2025-12-12,"2025-12-03","Half",1,68.89
1846,2025-12-12,"2025-12-03","UCity Pickup Time - @4:30-5",1,0
1846,2025-12-12,"2025-12-03","Cauliflower - Romanesco - Lb.",1,6.5
1846,2025-12-12,"2025-12-03","Eggs - Dozen",1,6.25
1846,2025-12-12,"2025-12-03","Garlic - Cured Bag - Bag",1,4.5
1846,2025-12-12,"2025-12-03","Hoagie - Wednesday - Each",1,3.35
1846,2025-12-12,"2025-12-03","Tomatoes - Slicing - Bag",1,6.5
1846,2025-12-12,"2025-12-03","Extra Credit - Each",2.1,1.06
1846,2025-12-12,"2025-12-03","Mini",1,46.28
423,2025-12-12,"2025-12-03","Mothership Pickup Time (6.0 @6-6:30) - @6-6:30",1,0
423,2025-12-12,"2025-12-03","Broccoli (1.0 Head) - Head",1,4.25
423,2025-12-12,"2025-12-03","Cauliflower - Romanesco - Lb.",1,6.5
423,2025-12-12,"2025-12-03","Cinnamon Rolls - Pack",1,6.5
423,2025-12-12,"2025-12-03","Eggs - Dozen",1,6.25
423,2025-12-12,"2025-12-03","Ground Beef - D&M - Lb.",1,10.25
423,2025-12-12,"2025-12-03","Potatoes - Sweet - lbs",1,5.75
423,2025-12-12,"2025-12-03","Yogurt - Vanilla - Oz.",1,6.75
423,2025-12-12,"2025-12-03","Extra Credit - Each",12.25,1.06
423,2025-12-12,"2025-12-03","FSA/FSD",1,64.37
224,2025-12-12,"2025-12-03","Cheddar - White MJC - Package",1,6.5
224,2025-12-12,"2025-12-03","Mothership Pickup Time (2.0 @4-4:30) - @4-4:30",1,0
224,2025-12-12,"2025-12-03","Eggs - Dozen",2,6.25
224,2025-12-12,"2025-12-03","Pork Chop Bone-in /lb. - Lb.",1,15.62
224,2025-12-12,"2025-12-03","Extra Credit - Each",6.37,1.06
224,2025-12-12,"2025-12-03","Half",1,68.89
809,2025-12-12,"2025-12-03","Apple Sauce - Organic Qt. - Quart",1,10.5
809,2025-12-12,"2025-12-03","Apples - Jonathan - Bag",1,5.75
809,2025-12-12,"2025-12-03","Bagels - Raisin - Frozen - Bag",1,6.75
809,2025-12-12,"2025-12-03","Chicken Breasts /lb. - Pack",1,10.23
809,2025-12-12,"2025-12-03","Chips - Tortilla - Bag",1,4.25
809,2025-12-12,"2025-12-03","Eggs - Dozen",1,6.25
809,2025-12-12,"2025-12-03","Semolina - Wednesday - Loaf",1,6.75
809,2025-12-12,"2025-12-03","Extra Credit - Each",25.48,1.06
809,2025-12-12,"2025-12-03","Mini",1,46.28
547,2025-12-12,"2025-12-03","Apples - Suncrisp - Bag",1,5.75
547,2025-12-12,"2025-12-03","Bada Bing - Sub - Bag",1,6.25
547,2025-12-12,"2025-12-03","Lasagna (1.0 Cheese) - Cheese",1,14.5
547,2025-12-12,"2025-12-03","Milk Chocolate Square - Each",1,1.75
547,2025-12-12,"2025-12-03","Onions - Green - Bunch",1,3.5
547,2025-12-12,"2025-12-03","Extra Credit - Each",6.75,1.06
547,2025-12-12,"2025-12-03","Mini",1,46.28
1577,2025-12-12,"2025-12-03","Apple Sauce - Organic Qt. - Quart",1,10.5
1577,2025-12-12,"2025-12-03","Pasta Long Bi-color - Lb.",1,6.5
1577,2025-12-12,"2025-12-03","Pork Italian Bulk - D&M - Lb.",1,8
1577,2025-12-12,"2025-12-03","Tomatoes - Slicing - Bag",1,6.5
1577,2025-12-12,"2025-12-03","Extra Credit - Each",6.5,1.06
1577,2025-12-12,"2025-12-03","Mini",1,46.28
1577,2025-12-12,"2025-12-03","Whole MILK",1,8.49
814,2025-12-12,"2025-12-03","Milk - Creamline - Oz.",1,7.98
814,2025-12-12,"2025-12-03","Milk - Whole - Oz.",1,7.98
814,2025-12-12,"2025-12-03","Gringo's Salsa Choice ($5) - Pint",1,5
814,2025-12-12,"2025-12-03","UCity Pickup Time - @4:30-5",1,0
814,2025-12-12,"2025-12-03","Auction Donation - $",1,1
814,2025-12-12,"2025-12-03","Eggs - Dozen",1,6.25
814,2025-12-12,"2025-12-03","Soy Sauce - Mushroom - Bottle",1,7.25
814,2025-12-12,"2025-12-03","Yogurt Choice  - Each",1,6.75
814,2025-12-12,"2025-12-03","Extra Credit - Each",8.96,1.06
814,2025-12-12,"2025-12-03","Half",1,68.89
1627,2025-12-12,"2025-12-03","Mothership Pickup Time (2.0 @4-4:30) - @4-4:30",1,0
1627,2025-12-12,"2025-12-03","Apples - Fuji - Bag",1,5.75
1627,2025-12-12,"2025-12-03","Baklava  - Each",1,11.75
1627,2025-12-12,"2025-12-03","Beef - Stew Meat - Pack",1,10.25
1627,2025-12-12,"2025-12-03","Chicken Thighs - Boneless/lb. - lbs",2,9.44
1627,2025-12-12,"2025-12-03","Eggs - Dozen",1,6.25
1627,2025-12-12,"2025-12-03","Extra Credit - Each",18.88,1.06
1627,2025-12-12,"2025-12-03","FSA/FSD",1,64.37
322,2025-12-12,"2025-12-03","Chicken - Ground - Lb.",1,8.75
322,2025-12-12,"2025-12-03","Mushrooms - Choice",1,8.25
322,2025-12-12,"2025-12-03","Pasta Bi-color Short - Lb.",1,6.5
322,2025-12-12,"2025-12-03","UCA/KWA",1,64.37
322,2025-12-12,"2025-12-03","2% MILK-e",0,8.49
132,2025-12-12,"2025-12-03","Gringo's Salsa Choice ($5) - Pint",1,5
132,2025-12-12,"2025-12-03","Beef - Stew Meat - Pack",1,10.25
132,2025-12-12,"2025-12-03","Eggs - Dozen",1,6.25
132,2025-12-12,"2025-12-03","Yogurt Choice  - Each",1,6.75
132,2025-12-12,"2025-12-03","Half",1,68.89
681,2025-12-12,"2025-12-03","Chicken - Ground - Lb.",1,8.75
681,2025-12-12,"2025-12-03","Mushrooms - Chestnut - Bag",1,8.25
681,2025-12-12,"2025-12-03","Pasta Bi-color Short - Lb.",1,6.5
681,2025-12-12,"2025-12-03","UCA/KWA",1,64.37
135,2025-12-12,"2025-12-03","UCity Pickup Time (2.0 @5-5:30) - @5-5:30",1,0
135,2025-12-12,"2025-12-03","Eggs - Dozen",2,6.25
135,2025-12-12,"2025-12-03","Kale - Green Curly - Bag",1,5
135,2025-12-12,"2025-12-03","Pasta Long Bi-color - Lb.",1,6.5
135,2025-12-12,"2025-12-03","Semolina - Wednesday - Loaf",1,6.75
135,2025-12-12,"2025-12-03","Extra Credit - Each",5.75,1.06
135,2025-12-12,"2025-12-03","Mini",1,46.28
135,2025-12-12,"2025-12-03","Whole MILK",0,8.49
960,2025-12-12,"2025-12-03","Chicken - Big Bag Deboned Thighs/lb. - Bag",1,41.76
960,2025-12-12,"2025-12-03","Gringo's Salsa Choice ($5) - Pint",1,5
960,2025-12-12,"2025-12-03","Eggs - Dozen",1,6.25
960,2025-12-12,"2025-12-03","Shoots - Pea - Bag",1,4.25
960,2025-12-12,"2025-12-03","Yogurt - Plain - Oz.",1,6.75
960,2025-12-12,"2025-12-03","Extra Credit - Each",35.75,1.06
960,2025-12-12,"2025-12-03","Half",1,68.89
430,2025-12-12,"2025-12-03","Mothership Pickup Time (4.0 @5-5:30) - @5-5:30",1,0
430,2025-12-12,"2025-12-03","Buttermilk - Qt.  - Quart",1,6.5
430,2025-12-12,"2025-12-03","Bagels - Everything - Bag",1,6.75
430,2025-12-12,"2025-12-03","Black Beans DC - Tub",1,6.25
430,2025-12-12,"2025-12-03","Ground Beef - D&M - Lb.",1,10.25
430,2025-12-12,"2025-12-03","Potato Chips Original - Med - Oz.",1,3
430,2025-12-12,"2025-12-03","Rice - Brown - Lb.",1,6
430,2025-12-12,"2025-12-03","Stringbean Ethiopian - Bag",1,15.45
430,2025-12-12,"2025-12-03","Extra Credit - Each",20.2,1.06
430,2025-12-12,"2025-12-03","FSA/FSD",1,64.37
406,2025-12-12,"2025-12-03","Mothership Pickup Time (3.0 @4:30-5) - @4:30-5",1,0
406,2025-12-12,"2025-12-03","Beans & Rice - Tub",1,6.25
406,2025-12-12,"2025-12-03","Eggs - Dozen",1,6.25
406,2025-12-12,"2025-12-03","Mushrooms (1.0 Shiitake) - Shiitake",1,8.25
406,2025-12-12,"2025-12-03","Oat Porridge Bread - Wednesday - Loaf",1,8.8
406,2025-12-12,"2025-12-03","Extra Credit - Each",0.3,1.06
406,2025-12-12,"2025-12-03","FSC",1,64.37
1052,2025-12-12,"2025-12-03","Apple Sauce - Organic Qt. - Quart",1,10.5
1052,2025-12-12,"2025-12-03","Pasta Long Bi-color - Lb.",1,6.5
1052,2025-12-12,"2025-12-03","Pork Italian Bulk - D&M - Lb.",1,8
1052,2025-12-12,"2025-12-03","Mini",1,46.28
1474,2025-12-12,"2025-12-03","Apple Sauce - Organic Qt. - Quart",1,10.5
1474,2025-12-12,"2025-12-03","Pasta Long Bi-color - Lb.",1,6.5
1474,2025-12-12,"2025-12-03","Pork - Breakfast ($8) - Pack",1,8
1474,2025-12-12,"2025-12-03","Staff - Something to ask Jamie - Oz.",1,0
1474,2025-12-12,"2025-12-03","Mini",1,46.28
1048,2025-12-12,"2025-12-03","UCity Pickup Time (3.0 @5:30-6) - @5:30-6",1,0
1048,2025-12-12,"2025-12-03","Broccoli (1.0 Head) - Head",1,4.25
1048,2025-12-12,"2025-12-03","Cauliflower - hd. - Head",1,6.5
1048,2025-12-12,"2025-12-03","Ghost Pepper Cheddar - Each",1,6.5
1048,2025-12-12,"2025-12-03","Pork - Ground  - Lb.",1,7.25
1048,2025-12-12,"2025-12-03","Extra Credit - Each",1,1.06
1048,2025-12-12,"2025-12-03","UCA/KWA",1,64.37
1496,2025-12-12,"2025-12-03","Eggs - BW - Dozen",1,6.25
1496,2025-12-12,"2025-12-03","UCity Pickup Time (3.0 @5:30-6) - @5:30-6",1,0
1496,2025-12-12,"2025-12-03","Ham Hocks/lb. - Pack",1,17.92
1496,2025-12-12,"2025-12-03","Pork Andouille Links - D&M - Each",1,8
1496,2025-12-12,"2025-12-03","Yogurt - Strawberry - Oz.",1,6.75
1496,2025-12-12,"2025-12-03","Extra Credit - Each",13.92,1.06
1496,2025-12-12,"2025-12-03","Mini",1,38.3
620,2025-12-12,"2025-12-03","Mothership Pickup Time (1.0 @3:30-4) - @3:30-4",1,0
620,2025-12-12,"2025-12-03","Apples - Fuji - Bag",1,5.75
620,2025-12-12,"2025-12-03","Broccoli (1.0 Head) - Head",1,4.25
620,2025-12-12,"2025-12-03","Eggs - Dozen",1,6.25
620,2025-12-12,"2025-12-03","Semolina - Wednesday - Loaf",1,6.75
620,2025-12-12,"2025-12-03","Spinach - Bag",1,5.25
620,2025-12-12,"2025-12-03","Half",1,68.89
1162,2025-12-12,"2025-12-03","Apple Sauce - Organic Qt. - Quart",1,10.5
1162,2025-12-12,"2025-12-03","Pasta Long Bi-color - Lb.",1,6.5
1162,2025-12-12,"2025-12-03","Pork Italian Bulk - D&M - Lb.",1,8
1162,2025-12-12,"2025-12-03","Mini",1,46.28
1735,2025-12-12,"2025-12-03","UCity Pickup Time - @4:30-5",1,0
1735,2025-12-12,"2025-12-03","Ground Beef - BM&P - Each",1,10.25
1735,2025-12-12,"2025-12-03","Rack of Lamb - lbs",1,37.38
1735,2025-12-12,"2025-12-03","Extra Credit - Each",24.13,1.06
1735,2025-12-12,"2025-12-03","UCA/KWA",1,64.37
627,2025-12-12,"2025-12-03","Ground Turkey - Pack",1,8.75
627,2025-12-12,"2025-12-03","UCity Pickup Time - @4:30-5",1,0
627,2025-12-12,"2025-12-03","Apple Sauce - Organic Qt. - Quart",1,10.5
627,2025-12-12,"2025-12-03","Rice - Brown - Lb.",1,6
627,2025-12-12,"2025-12-03","Extra Credit - Each",0.25,1.06
627,2025-12-12,"2025-12-03","Mini",1,46.28
1014,2025-12-12,"2025-12-03","UCity Pickup Time (3.0 @5:30-6) - @5:30-6",1,0
1014,2025-12-12,"2025-12-03","Apples - Organic Red Delicious - Bag",1,5.75
1014,2025-12-12,"2025-12-03","Beets - No Tops - Lb.",1,5.75
1014,2025-12-12,"2025-12-03","Broccoli (1.0 Head) - Head",1,4.25
1014,2025-12-12,"2025-12-03","Collards - Bunch",1,5
1014,2025-12-12,"2025-12-03","Garlic - Cured Bag - Bag",1,4.5
1014,2025-12-12,"2025-12-03","Winter Squash - Butternut (1.0 Medium) - Medium",1,4
1014,2025-12-12,"2025-12-03","Extra Credit - Each",4.25,1.06
1014,2025-12-12,"2025-12-03","Mini",1,46.28
1014,2025-12-12,"2025-12-03","Eggs - Buttonwood",1,6.65
1427,2025-12-12,"2025-12-03","Mothership Pickup Time (1.0 @3:30-4) - @3:30-4",1,0
1427,2025-12-12,"2025-12-03","Chicken - Thighs /lbs  - lbs",2,7.94
1427,2025-12-12,"2025-12-03","Cinnamon Rolls - Pack",1,6.5
1427,2025-12-12,"2025-12-03","Peppers - Green/Red Bell - 3-pack",1,4
1427,2025-12-12,"2025-12-03","Pork Italian Bulk - D&M - Lb.",1,8
1427,2025-12-12,"2025-12-03","Winter Squash - Butternut (1.0 Large) - Large",1,5
1427,2025-12-12,"2025-12-03","Extra Credit - Each",14.38,1.06
1789,2025-12-12,"2025-12-03","Mothership Pickup Time (1.0 @3:30-4) - @3:30-4",1,0
1789,2025-12-12,"2025-12-03","Food For FS Cats Donation - $",2,1
1789,2025-12-12,"2025-12-03","Kale - Green Curly - Bag",1,5
1789,2025-12-12,"2025-12-03","Ravioli - Mushroom  - Lb.",1,9
1789,2025-12-12,"2025-12-03","Seedy Wheaty - Frozen - Loaf",1,3.5
1789,2025-12-12,"2025-12-03","Tortellini - Goat Cheese - Pack",1,9
1789,2025-12-12,"2025-12-03","Extra Credit - Each",0.25,1.06
1789,2025-12-12,"2025-12-03","Half",1,68.89
384,2025-12-12,"2025-12-03","UCity Pickup Time - @4:30-5",1,0
384,2025-12-12,"2025-12-03","Apple Cider - Half Gallon",1,9.25
384,2025-12-12,"2025-12-03","Apples - Rome - Bag",1,5.75
384,2025-12-12,"2025-12-03","Broccoli (1.0 Head) - Head",1,4.25
384,2025-12-12,"2025-12-03","Chicken - Ground - Lb.",1,8.75
384,2025-12-12,"2025-12-03","Eggs - H - Dozen",1,6.25
384,2025-12-12,"2025-12-03","Lettuce Head - Head",1,4.25
384,2025-12-12,"2025-12-03","Mustard Greens - Bag",1,4.5
384,2025-12-12,"2025-12-03","Onions - Green - Bunch",1,3.5
384,2025-12-12,"2025-12-03","Pasta Sheets - Lb.",1,6.5
384,2025-12-12,"2025-12-03","Pork Italian Links - D&M - Each",1,8
384,2025-12-12,"2025-12-03","Ravioli - 4-Cheese - Lb.",1,9
384,2025-12-12,"2025-12-03","Tomatoes - Funky Bunch - Pint",1,5.75
384,2025-12-12,"2025-12-03","Yogurt - Plain - Oz.",1,6.75
384,2025-12-12,"2025-12-03","Extra Credit - Each",51.75,1.06
384,2025-12-12,"2025-12-03","Half",1,68.89
384,2025-12-12,"2025-12-03","2% MILK-e",0,8.49
240,2025-12-12,"2025-12-03","Mothership Pickup Time (1.0 @3:30-4) - @3:30-4",1,0
240,2025-12-12,"2025-12-03","Cheese - Aged Alpine - Pack",1,6.5
240,2025-12-12,"2025-12-03","Honey - Pint - Jar",1,10.75
240,2025-12-12,"2025-12-03","Light and Mild - Wednesday - Loaf",1,8
240,2025-12-12,"2025-12-03","Milk Chocolate Square - Each",2,1.75
240,2025-12-12,"2025-12-03","Spinach - Bag",1,5.25
240,2025-12-12,"2025-12-03","FSA/FSD",1,64.37
952,2025-12-12,"2025-12-03","Cheddar - Tipsy - Package",1,6.5
952,2025-12-12,"2025-12-03","Mothership Pickup Time (4.0 @5-5:30) - @5-5:30",1,0
952,2025-12-12,"2025-12-03","Black Beans DC - Tub",1,6.25
952,2025-12-12,"2025-12-03","Granola Bar - Each",1,3.75
952,2025-12-12,"2025-12-03","Ground Beef - D&M - Lb.",1,10.25
952,2025-12-12,"2025-12-03","Pork Breakfast Link D&M - Pack",1,8
952,2025-12-12,"2025-12-03","Semolina - Wednesday - Loaf",1,6.75
952,2025-12-12,"2025-12-03","Tomatoes - Heirloom - Bag",1,8.5
952,2025-12-12,"2025-12-03","Extra Credit - Each",16,1.06
952,2025-12-12,"2025-12-03","FSA/FSD",1,64.37
1143,2025-12-12,"2025-12-03","UCity Pickup Time (2.0 @5-5:30) - @5-5:30",1,0
1143,2025-12-12,"2025-12-03","FF Soup - Butternut Squash - Tub",1,10.15
1143,2025-12-12,"2025-12-03","Mushrooms (1.0 Shiitake) - Shiitake",1,8.25
1143,2025-12-12,"2025-12-03","Toffee - Package",1,6.45
1143,2025-12-12,"2025-12-03","Tomatoes - Slicing - Bag",1,6.5
1143,2025-12-12,"2025-12-03","Extra Credit - Each",7.85,1.06
1143,2025-12-12,"2025-12-03","UCA/KWA",1,64.37
1689,2025-12-12,"2025-12-03","UCity Pickup Time (2.0 @5-5:30) - @5-5:30",1,0
1689,2025-12-12,"2025-12-03","Broccoli (1.0 Head) - Head",1,4.25
1689,2025-12-12,"2025-12-03","Cauliflower - hd. - Head",1,6.5
1689,2025-12-12,"2025-12-03","Eggs - Dozen",1,6.25
1689,2025-12-12,"2025-12-03","Lettuce Head - Head",1,4.25
1689,2025-12-12,"2025-12-03","Swiss Chard - Bunch",1,5
1689,2025-12-12,"2025-12-03","Extra Credit - Each",1.25,1.06
1689,2025-12-12,"2025-12-03","Mini",1,46.28
1126,2025-12-12,"2025-12-03","Salsa - Gringo's Medium - Pint",1,5
1126,2025-12-12,"2025-12-03","UCity Pickup Time (2.0 @5-5:30) - @5-5:30",1,0
1126,2025-12-12,"2025-12-03","Beef - Stew Meat - Pack",1,10.25
1126,2025-12-12,"2025-12-03","Eggs - Dozen",1,6.25
1126,2025-12-12,"2025-12-03","Winter Squash - Acorn Sweet Potato (1.0 Large) - Large",1,6
1126,2025-12-12,"2025-12-03","Yogurt - Plain - Oz.",1,6.75
1126,2025-12-12,"2025-12-03","Extra Credit - Each",6,1.06
1126,2025-12-12,"2025-12-03","Half",1,68.89
418,2025-12-12,"2025-12-03","UCity Pickup Time - @4:30-5",1,0
418,2025-12-12,"2025-12-03","Bagels - Sesame Seed - BU - Bag",1,10.9
418,2025-12-12,"2025-12-03","Carrots no tops - Lb.",1,5.75
418,2025-12-12,"2025-12-03","Marbled Rye -Wednesday - Loaf",1,8.35
418,2025-12-12,"2025-12-03","Extra Credit - Each",1.7763568e-15,1.06
418,2025-12-12,"2025-12-03","Mini",1,46.28
1105,2025-12-12,"2025-12-03","Ground Turkey - Pack",1,8.75
1105,2025-12-12,"2025-12-03","UCity Pickup Time - @4:30-5",1,0
1105,2025-12-12,"2025-12-03","Bacon - Each",1,12.75
1105,2025-12-12,"2025-12-03","Chicken Breasts /lb. - Pack",2,9.49
1105,2025-12-12,"2025-12-03","Eggs - Dozen",1,6.25
1105,2025-12-12,"2025-12-03","Ground Beef - Jersey MJC - Lb.",1,8.75
1105,2025-12-12,"2025-12-03","Hummus - Garlic - Tub",1,6.75
1105,2025-12-12,"2025-12-03","Pork - Ground  - Lb.",1,7.25
1105,2025-12-12,"2025-12-03","Extra Credit - Each",41.23,1.06
1105,2025-12-12,"2025-12-03","Half",1,68.89
1506,2025-12-12,"2025-12-03","Eggs - BW - Dozen",1,6.25
1506,2025-12-12,"2025-12-03","UCity Pickup Time - @4:30-5",1,0
1506,2025-12-12,"2025-12-03","Apple Sauce - Organic Qt. - Quart",1,10.5
1506,2025-12-12,"2025-12-03","Olive Oil Large - Bottle",1,18.5
1506,2025-12-12,"2025-12-03","Extra Credit - Each",0.5,1.06
1506,2025-12-12,"2025-12-03","UCA/KWA",1,64.37
1505,2025-12-12,"2025-12-03","Chicken - Big Bag Deboned Thighs/lb. - Bag",1,40.96
1505,2025-12-12,"2025-12-03","Mothership Pickup Time (3.0 @4:30-5) - @4:30-5",1,0
1505,2025-12-12,"2025-12-03","Mothership Pickup Time (4.0 @5-5:30) - @5-5:30",1,0
1505,2025-12-12,"2025-12-03","Buttermilk - Qt.  - Quart",1,6.5
1505,2025-12-12,"2025-12-03","Chicken Thighs - Big Bag/lb. - Pack",1,27.5
1505,2025-12-12,"2025-12-03","Hoagie - Wednesday - Each",1,3.35
1505,2025-12-12,"2025-12-03","Oat Porridge Bread - Wednesday - Loaf",1,8.8
1505,2025-12-12,"2025-12-03","Pork Shoulder/lb. - Each",1,44.13
1505,2025-12-12,"2025-12-03","RL Eggnog 16 oz - Pint",1,6.5
1505,2025-12-12,"2025-12-03","Extra Credit - Each",109.49,1.06
1505,2025-12-12,"2025-12-03","Half",1,68.89
883,2025-12-12,"2025-12-03","Apple Sauce - Organic Qt. - Quart",1,10.5
883,2025-12-12,"2025-12-03","Pasta Long Bi-color - Lb.",1,6.5
883,2025-12-12,"2025-12-03","Pork Italian Bulk - D&M - Lb.",1,8
883,2025-12-12,"2025-12-03","Mini",1,46.28
194,2025-12-12,"2025-12-03","Mothership Pickup Time (3.0 @4:30-5) - @4:30-5",1,0
194,2025-12-12,"2025-12-03","Pasta Long Bi-color - Lb.",1,6.5
194,2025-12-12,"2025-12-03","Pork - Breakfast ($8) - Pack",1,8
194,2025-12-12,"2025-12-03","Pork - Tenderloin/lb - Wee - Lb.",1,11.03
194,2025-12-12,"2025-12-03","Extra Credit - Each",0.53,1.06
194,2025-12-12,"2025-12-03","Mini",1,46.28
712,2025-12-12,"2025-12-03","Gringo's Salsa Choice ($5) - Pint",1,5
712,2025-12-12,"2025-12-03","Mothership Pickup Time (1.0 @3:30-4) - @3:30-4",1,0
712,2025-12-12,"2025-12-03","$ for green bags donation - $",1,1
712,2025-12-12,"2025-12-03","Auction Donation - $",1,1
712,2025-12-12,"2025-12-03","Beef - Stew Meat - Pack",1,10.25
712,2025-12-12,"2025-12-03","Beets - No Tops - Lb.",1,5.75
712,2025-12-12,"2025-12-03","Cabbage - Chinese - Head",1,4.25
712,2025-12-12,"2025-12-03","Carrots no tops - Lb.",1,5.75
712,2025-12-12,"2025-12-03","Cauliflower - Romanesco - Lb.",1,6.5
712,2025-12-12,"2025-12-03","Eggs - Dozen",1,6.25
712,2025-12-12,"2025-12-03","Peppers - Beaver Dam / Poblano - 3-pack",1,2.75
712,2025-12-12,"2025-12-03","Peppers - Jalapenos - 5-pack",1,3.5
712,2025-12-12,"2025-12-03","Potatoes - Regular - lbs",1,5.75
712,2025-12-12,"2025-12-03","Potatoes - Yukon Gold - lbs",1,6
712,2025-12-12,"2025-12-03","Sesame Hoagie -W - Each",1,3.6
712,2025-12-12,"2025-12-03","Turmeric - Bag",1,6
712,2025-12-12,"2025-12-03","Yogurt Choice  - Each",1,6.75
712,2025-12-12,"2025-12-03","Extra Credit - Each",51.85,1.06
712,2025-12-12,"2025-12-03","Half",1,68.89
1217,2025-12-12,"2025-12-04","Eggs - BW - Dozen",1,6.25
1217,2025-12-12,"2025-12-04","Kirkwood Pickup Time (1.0 PORCH) - PORCH",1,0
1217,2025-12-12,"2025-12-04","Apple Sauce - Organic Qt. - Quart",1,10.5
1217,2025-12-12,"2025-12-04","Chicken Breasts /lb. - Pack",1,11.63
1217,2025-12-12,"2025-12-04","Pork Chop Bone-in /lb. - Lb.",1,16.61
1217,2025-12-12,"2025-12-04","Extra Credit - Each",19.99,1.06
1217,2025-12-12,"2025-12-04","Mini",1,46.28
1891,2025-12-12,"2025-12-04","Kirkwood Pickup Time (2.0 @1:30-2) - @1:30-2",1,0
1891,2025-12-12,"2025-12-04","Mushrooms (1.0 Lion's Mane) - Lion's Mane",1,8.25
1891,2025-12-12,"2025-12-04","Mushrooms (1.0 Oyster) - Oyster",1,8.25
1891,2025-12-12,"2025-12-04","Spinach - Bag",1,5.25
1891,2025-12-12,"2025-12-04","Tomatoes - Heirloom - Bag",1,8.5
1891,2025-12-12,"2025-12-04","Extra Credit - Each",6.75,1.06
1891,2025-12-12,"2025-12-04","UCA/KWA",1,64.37
1196,2025-12-12,"2025-12-04","Kirkwood Pickup Time - @1-1:30",1,0
1196,2025-12-12,"2025-12-04","Apples - Organic Red Delicious - Bag",1,5.75
1196,2025-12-12,"2025-12-04","Bison - Ground - Lb.",1,21
1196,2025-12-12,"2025-12-04","Tomatoes - Funky Bunch - Pint",1,5.75
1196,2025-12-12,"2025-12-04","Extra Credit - Each",7.5,1.06
1196,2025-12-12,"2025-12-04","Mini",1,46.28
499,2025-12-12,"2025-12-04","Gringo's Salsa Choice ($5) - Pint",1,5
499,2025-12-12,"2025-12-04","Beef - Stew Meat - Pack",1,10.25
499,2025-12-12,"2025-12-04","Eggs - Dozen",1,6.25
499,2025-12-12,"2025-12-04","Yogurt Choice  - Each",1,6.75
499,2025-12-12,"2025-12-04","Half",1,68.89
192,2025-12-12,"2025-12-04","Kirkwood Pickup Time (2.0 @1:30-2) - @1:30-2",1,0
192,2025-12-12,"2025-12-04","Chicken - Ground - Lb.",1,8.75
192,2025-12-12,"2025-12-04","Curds Creamy Ranch 10 oz - Bag",1,6.5
192,2025-12-12,"2025-12-04","Popcorn - McKaskle - Lb.",1,5.25
192,2025-12-12,"2025-12-04","Sesame Hoagie - T - Each",1,3.6
192,2025-12-12,"2025-12-04","UCA/KWA",1,64.37
192,2025-12-12,"2025-12-04","2% MILK",2,8.49
1830,2025-12-12,"2025-12-04","Black Beans - Dry - Lb.",1,3
1830,2025-12-12,"2025-12-04","Buckwheat Pancake Mix - Bag",1,4.25
1830,2025-12-12,"2025-12-04","Eggs - Dozen",1,6.25
1830,2025-12-12,"2025-12-04","Ground Beef - D&M - Lb.",1,10.25
1830,2025-12-12,"2025-12-04","Mushrooms - French Horn/King - Bag",1,8.25
1830,2025-12-12,"2025-12-04","Spinach - Bag",1,5.25
1830,2025-12-12,"2025-12-04","FSA/FSD",1,64.37
1830,2025-12-12,"2025-12-04","2% MILK",1,8.49
1465,2025-12-12,"2025-12-04","Kirkwood Pickup Time (1.0 PORCH) - PORCH",1,0
1465,2025-12-12,"2025-12-04","Black Beans - Dry - Lb.",1,3
1465,2025-12-12,"2025-12-04","Broccoli (1.0 Head) - Head",1,4.25
1465,2025-12-12,"2025-12-04","Garlic - Cured Bag - Bag",1,4.5
1465,2025-12-12,"2025-12-04","Rice - Basmati Brown - Lb.",1,6.75
1465,2025-12-12,"2025-12-04","Shoots - Pea - Bag",1,4.25
1465,2025-12-12,"2025-12-04","Mini",1,46.28
1708,2025-12-12,"2025-12-04","Bacon - Each",1,12.75
1708,2025-12-12,"2025-12-04","Peppers - Beaver Dam / Poblano - 3-pack",1,2.75
1708,2025-12-12,"2025-12-04","Peppers - Carmen - 2-pack",1,3
1708,2025-12-12,"2025-12-04","Potatoes - Yukon Gold - lbs",1,6
1708,2025-12-12,"2025-12-04","Queso Quesadilla - HBC - Each",1,6.5
1708,2025-12-12,"2025-12-04","Half",1,68.89
1708,2025-12-12,"2025-12-04","Skim MILK-e",1,8.49
1386,2025-12-12,"2025-12-04","Kirkwood Pickup Time - @1-1:30",1,0
1386,2025-12-12,"2025-12-04","Chicken - Ground - Lb.",1,8.75
1386,2025-12-12,"2025-12-04","Lettuce Mix - Bag",1,5.75
1386,2025-12-12,"2025-12-04","Mushrooms (1.0 Shiitake) - Shiitake",1,8.25
1386,2025-12-12,"2025-12-04","Semolina - T - Loaf",1,6.75
1386,2025-12-12,"2025-12-04","Extra Credit - Each",6,1.06
1386,2025-12-12,"2025-12-04","UCA/KWA",1,64.37
970,2025-12-12,"2025-12-04","Apple Sauce - Organic Qt. - Quart",1,10.5
970,2025-12-12,"2025-12-04","Pasta Long Bi-color - Lb.",1,6.5
970,2025-12-12,"2025-12-04","Pork Italian Bulk - D&M - Lb.",1,8
970,2025-12-12,"2025-12-04","Mini",1,46.28
700,2025-12-12,"2025-12-04","Milk - Whole - Oz.",1,7.98
700,2025-12-12,"2025-12-04","Gringo's Salsa Choice ($5) - Pint",1,5
700,2025-12-12,"2025-12-04","Beef - Stew Meat - Pack",1,10.25
700,2025-12-12,"2025-12-04","Eggs - Dozen",1,6.25
700,2025-12-12,"2025-12-04","Yogurt Choice  - Each",1,6.75
700,2025-12-12,"2025-12-04","Extra Credit - Each",7.98,1.06
700,2025-12-12,"2025-12-04","Half",1,68.89
1488,2025-12-12,"2025-12-04","Kirkwood Pickup Time - @1-1:30",1,0
1488,2025-12-12,"2025-12-04","Chicken - Ground - Lb.",1,8.75
1488,2025-12-12,"2025-12-04","Milk Chocolate Caramels - 4-pack",1,11.25
1488,2025-12-12,"2025-12-04","Peaches - Spiced - Jar",1,13.25
1488,2025-12-12,"2025-12-04","Yogurt - Plain - Oz.",1,6.75
1488,2025-12-12,"2025-12-04","Extra Credit - Each",16.5,1.06
1488,2025-12-12,"2025-12-04","UCA/KWA",1,64.37
1488,2025-12-12,"2025-12-04","2% MILK",0,8.49
287,2025-12-12,"2025-12-04","Mothership Pickup Time (1.0 @3:30-4) - @3:30-4",1,0
287,2025-12-12,"2025-12-04","Chicken Thighs - Boneless/lb. - lbs",1,14.11
287,2025-12-12,"2025-12-04","Eggs - Dozen",1,6.25
287,2025-12-12,"2025-12-04","Ground Beef - D&M - Lb.",1,10.25
287,2025-12-12,"2025-12-04","Janie's Bread - Thursday - Each",1,6.75
287,2025-12-12,"2025-12-04","Lettuce Mix - Bag",1,5.75
287,2025-12-12,"2025-12-04","Extra Credit - Each",9.11,1.06
287,2025-12-12,"2025-12-04","FSA/FSD",1,64.37
1970,2025-12-12,"2025-12-04","Kirkwood Pickup Time - @1-1:30",1,0
1970,2025-12-12,"2025-12-04","Apple Sauce - w/sugar - qt. - Jar",1,7.5
1970,2025-12-12,"2025-12-04","Buckwheat Pancake Mix - Bag",1,4.25
1970,2025-12-12,"2025-12-04","Hoagie - T - Each",1,3.35
1970,2025-12-12,"2025-12-04","Pork Italian Bulk - D&M - Lb.",1,8
1970,2025-12-12,"2025-12-04","Queso Quesadilla - HBC - Each",1,6.5
1970,2025-12-12,"2025-12-04","Tortillas Sourdough - Frozen - Pack",1,4.5
1970,2025-12-12,"2025-12-04","Extra Credit - Each",9.1,1.06
1970,2025-12-12,"2025-12-04","Mini",1,46.28
1132,2025-12-12,"2025-12-04","Chicken - BULK Breasts /lb. - Pack",1,41.08
1132,2025-12-12,"2025-12-04","Eggs - BW - Dozen",2,6.25
1132,2025-12-12,"2025-12-04","Kirkwood Pickup Time - @1-1:30",1,0
1132,2025-12-12,"2025-12-04","Apples - Fuji - Bag",1,5.75
1132,2025-12-12,"2025-12-04","Carrots no tops - Lb.",2,5.75
1132,2025-12-12,"2025-12-04","Eggs - Dozen",2,6.25
1132,2025-12-12,"2025-12-04","Winter Squash - Butternut (1.0 Large) - Large",1,5
1132,2025-12-12,"2025-12-04","Extra Credit - Each",88.33,1.06
1132,2025-12-12,"2025-12-04","(BYO) KWG - Orders Only",1,0
1132,2025-12-12,"2025-12-04","Whole MILK",2,8.49
1671,2025-12-12,"2025-12-04","Mothership Pickup Time (5.0 @5:30-6) - @5:30-6",1,0
1671,2025-12-12,"2025-12-04","Hummus - Garlic - Tub",1,6.75
1671,2025-12-12,"2025-12-04","Jalapeno Pepper Relish - Pint",1,8
1671,2025-12-12,"2025-12-04","Pita Bread - Frozen (1.0 White) - White",1,4.5
1671,2025-12-12,"2025-12-04","Pork Italian Bulk - D&M - Lb.",1,8
1671,2025-12-12,"2025-12-04","Extra Credit - Each",2.25,1.06
1671,2025-12-12,"2025-12-04","Mini",1,46.28
579,2025-12-12,"2025-12-04","Apple Sauce - Organic Qt. - Quart",1,10.5
579,2025-12-12,"2025-12-04","Pasta Long Bi-color - Lb.",1,6.5
579,2025-12-12,"2025-12-04","Pork Italian Bulk - D&M - Lb.",1,8
579,2025-12-12,"2025-12-04","Mini",1,46.28
123,2025-12-12,"2025-12-04","Chicken - Ground - Lb.",1,8.75
123,2025-12-12,"2025-12-04","Mushrooms - Choice",1,8.25
123,2025-12-12,"2025-12-04","Pasta Bi-color Short - Lb.",1,6.5
123,2025-12-12,"2025-12-04","UCA/KWA",1,64.37
1799,2025-12-12,"2025-12-04","Cheese Choice $6.50 - Each",1,6.5
1799,2025-12-12,"2025-12-04","Del Carmen Choice - Tub",1,6.25
1799,2025-12-12,"2025-12-04","Eggs - Dozen",1,6.25
1799,2025-12-12,"2025-12-04","Grains Wildcard $4.75 - Each",1,4.75
1799,2025-12-12,"2025-12-04","Ground Beef - D&M - Lb.",1,10.25
1799,2025-12-12,"2025-12-04","FSA/FSD",1,64.37
1987,2025-12-12,"2025-12-04","Eggs - BW - Dozen",2,6.25
1987,2025-12-12,"2025-12-04","Kirkwood Pickup Time (1.0 PORCH) - PORCH",1,0
1987,2025-12-12,"2025-12-04","Kirkwood Pickup Time (2.0 @1:30-2) - @1:30-2",1,0
1987,2025-12-12,"2025-12-04","Eggs - H - Dozen",2,6.25
1987,2025-12-12,"2025-12-04","Pizza - Bacon Bacon   - Each",2,8
1987,2025-12-12,"2025-12-04","Extra Credit - Each",12.75,1.06
1987,2025-12-12,"2025-12-04","Half",1,68.89
1522,2025-12-12,"2025-12-04","Milk - Whole - Oz.",1,7.98
1522,2025-12-12,"2025-12-04","Eggs - BW - Dozen",2,6.25
1522,2025-12-12,"2025-12-04","Chicken Thighs - Big Bag/lb. - Pack",1,27.5
1522,2025-12-12,"2025-12-04","Eggnog - half gallon - Oz.",1,10.5
1522,2025-12-12,"2025-12-04","Ground Beef - Jersey MJC - Lb.",2,8.75
1522,2025-12-12,"2025-12-04","Honey - Gallon - Jar",1,69.25
1522,2025-12-12,"2025-12-04","Marshmallow Pie - Each",2,7.85
1522,2025-12-12,"2025-12-04","Seedy Wheaty - Frozen - Loaf",1,3.5
1522,2025-12-12,"2025-12-04","Extra Credit - Each",164.43,1.06
615,2025-12-12,"2025-12-04","Kirkwood Pickup Time (2.0 @1:30-2) - @1:30-2",1,0
615,2025-12-12,"2025-12-04","Apples - Golden Delicious - Bag",1,5.75
615,2025-12-12,"2025-12-04","Apples - Jonathan - Bag",1,5.75
615,2025-12-12,"2025-12-04","Carrots no tops - Lb.",1,5.75
615,2025-12-12,"2025-12-04","Collards - Bunch",1,5
615,2025-12-12,"2025-12-04","Garlic - Cured Bag - Bag",1,4.5
615,2025-12-12,"2025-12-04","Ground Beef - Jersey MJC - Lb.",1,8.75
615,2025-12-12,"2025-12-04","Honey - sm. 6oz mbb.  - Each",1,6.5
615,2025-12-12,"2025-12-04","Hummus - Beet & Pepita - Tub",1,6.75
615,2025-12-12,"2025-12-04","Maple Syrup 12 oz. - Jar",1,12.5
615,2025-12-12,"2025-12-04","Pasta Long Bi-color - Lb.",1,6.5
615,2025-12-12,"2025-12-04","Potatoes - Regular - lbs",1,5.75
615,2025-12-12,"2025-12-04","Salmon - Fillet Whole/LB - Each",1,26.53
615,2025-12-12,"2025-12-04","Spinach - Bag",1,5.25
615,2025-12-12,"2025-12-04","Wild Cod/LB* - Pack",1,9.75
615,2025-12-12,"2025-12-04","Yogurt - Vanilla - Oz.",1,6.75
615,2025-12-12,"2025-12-04","Extra Credit - Each",96.78,1.06
615,2025-12-12,"2025-12-04","Mini",1,46.28
182,2025-12-12,"2025-12-04","Mothership Pickup Time (1.0 @3:30-4) - @3:30-4",1,0
182,2025-12-12,"2025-12-04","FF Soup - Seafood - Oz.",1,10.15
182,2025-12-12,"2025-12-04","Potatoes - Yukon Gold - lbs",1,6
182,2025-12-12,"2025-12-04","Short Ribs/lbs. - lbs",2,19.68
182,2025-12-12,"2025-12-04","Extra Credit - Each",21.51,1.06
182,2025-12-12,"2025-12-04","FSA/FSD",1,64.37
929,2025-12-12,"2025-12-04","Gouda - Cave Aged - Pack",1,6.5
929,2025-12-12,"2025-12-04","Apples - Jonathan - Bag",1,5.75
929,2025-12-12,"2025-12-04","Apples - Organic Red Delicious - Bag",1,5.75
929,2025-12-12,"2025-12-04","Black Beans - Dry - Lb.",1,3
929,2025-12-12,"2025-12-04","Cabbage - Chinese - Head",1,4.25
929,2025-12-12,"2025-12-04","Carrots no tops - Lb.",1,5.75
929,2025-12-12,"2025-12-04","Eggs - Dozen",1,6.25
929,2025-12-12,"2025-12-04","Flour - Bread 5# - Lb.",1,9.8
929,2025-12-12,"2025-12-04","Oat Groats Organic - Bag",1,3.75
929,2025-12-12,"2025-12-04","Oats - 1lb. (1.0 Rolled) - Rolled",1,3.75
929,2025-12-12,"2025-12-04","Rice - Basmati Brown - Lb.",1,6.75
929,2025-12-12,"2025-12-04","Sorghum Molasses Syrup - Jar",1,8
929,2025-12-12,"2025-12-04","Tortellini - Goat Cheese - Pack",1,9
929,2025-12-12,"2025-12-04","Wheat Berries - Bag",1,3.75
929,2025-12-12,"2025-12-04","Winter Squash - Butternut (1.0 Large) - Large",1,5
929,2025-12-12,"2025-12-04","Yogurt - Plain - Oz.",1,6.75
929,2025-12-12,"2025-12-04","Extra Credit - Each",65.55,1.06
929,2025-12-12,"2025-12-04","Half",1,68.89
31,2025-12-12,"2025-12-04","Eggs - BW - Dozen",1,6.25
31,2025-12-12,"2025-12-04","Mothership Pickup Time (2.0 @4-4:30) - @4-4:30",1,0
31,2025-12-12,"2025-12-04","$ for green bags donation - $",1,1
31,2025-12-12,"2025-12-04","Aged Cheddar - HBC - Each",1,6.5
31,2025-12-12,"2025-12-04","Carrots no tops - Lb.",1,5.75
31,2025-12-12,"2025-12-04","Mushrooms - Chestnut - Bag",1,8.25
31,2025-12-12,"2025-12-04","Winter Squash - Spaghetti (1.0 Large) - Large",1,4.75
31,2025-12-12,"2025-12-04","Extra Credit - Each",25,1.06
31,2025-12-12,"2025-12-04","No Produce - Order Only (even wk)",1,0
31,2025-12-12,"2025-12-04","2% MILK",2,8.49
1249,2025-12-12,"2025-12-04","Mothership Pickup Time (1.0 @3:30-4) - @3:30-4",1,0
1249,2025-12-12,"2025-12-04","Apples - Suncrisp - Bag",1,5.75
1249,2025-12-12,"2025-12-04","Broccoli (1.0 Head) - Head",1,4.25
1249,2025-12-12,"2025-12-04","Carrots no tops - Lb.",1,5.75
1249,2025-12-12,"2025-12-04","Chicken Links - Sundried Tomato - lbs",1,10
1249,2025-12-12,"2025-12-04","Janie's Bread - Thursday - Each",1,6.75
1249,2025-12-12,"2025-12-04","Maple Syrup 12 oz. - Jar",1,12.5
1249,2025-12-12,"2025-12-04","Stringbean Ethiopian - Bag",1,15.45
1249,2025-12-12,"2025-12-04","Winter Squash - Spaghetti (1.0 Large) - Large",1,4.75
1249,2025-12-12,"2025-12-04","Yogurt - Vanilla - Oz.",1,6.75
1249,2025-12-12,"2025-12-04","Extra Credit - Each",71.95,1.06
1363,2025-12-12,"2025-12-04","Salsa - Black Bean & Corn - Pint",1,5
1363,2025-12-12,"2025-12-04","Mothership Pickup Time (4.0 @5-5:30) - @5-5:30",1,0
1363,2025-12-12,"2025-12-04","Eggs - Dozen",1,6.25
1363,2025-12-12,"2025-12-04","Maple Syrup 12 oz. - Jar",1,12.5
1363,2025-12-12,"2025-12-04","Potatoes - Regular - lbs",1,5.75
1363,2025-12-12,"2025-12-04","Extra Credit - Each",1.25,1.06
1363,2025-12-12,"2025-12-04","Half",1,68.89
1857,2025-12-12,"2025-12-04","Salsa - Gringo's Hot - Pint",1,5
1857,2025-12-12,"2025-12-04","Mothership Pickup Time (4.0 @5-5:30) - @5-5:30",1,0
1857,2025-12-12,"2025-12-04","Croissants - Pack",1,4.5
1857,2025-12-12,"2025-12-04","Eggs - H - Dozen",2,6.25
1857,2025-12-12,"2025-12-04","Hand Pie: Veggie Samosa - Bag",1,10.25
1857,2025-12-12,"2025-12-04","Pork - Bratwurst  - Pack",1,8
1857,2025-12-12,"2025-12-04","Salsa - Gringo's Mild - Jar",1,5
1857,2025-12-12,"2025-12-04","Spinach - Bag",1,5.25
1857,2025-12-12,"2025-12-04","Thick Cut Dill Pickles - Quart",1,7.75
1857,2025-12-12,"2025-12-04","Extra Credit - Each",29.25,1.06
1857,2025-12-12,"2025-12-04","FSC",1,64.37
1408,2025-12-12,"2025-12-04","Kirkwood Pickup Time (1.0 PORCH) - PORCH",1,0
1408,2025-12-12,"2025-12-04","Pork - Chorizo (bulk) - Lb.",1,13.5
1408,2025-12-12,"2025-12-04","Pork Andouille Links - D&M - Each",2,8
1408,2025-12-12,"2025-12-04","Extra Credit - Each",6,1.06
1408,2025-12-12,"2025-12-04","UCA/KWA",1,64.37
1131,2025-12-12,"2025-12-04","Apple Sauce - Organic Qt. - Quart",1,10.5
1131,2025-12-12,"2025-12-04","Pasta Long Bi-color - Lb.",1,6.5
1131,2025-12-12,"2025-12-04","Pork Italian Bulk - D&M - Lb.",1,8
1131,2025-12-12,"2025-12-04","Mini",1,46.28
1622,2025-12-12,"2025-12-04","Apple Sauce - Organic Qt. - Quart",1,10.5
1622,2025-12-12,"2025-12-04","Bagels - Raisin - Bag",1,6.75
1622,2025-12-12,"2025-12-04","Pasta Long Bi-color - Lb.",1,6.5
1622,2025-12-12,"2025-12-04","Pork Italian Bulk - D&M - Lb.",1,8
1622,2025-12-12,"2025-12-04","Tomatoes - Funky Bunch - Pint",1,5.75
1622,2025-12-12,"2025-12-04","Extra Credit - Each",12.5,1.06
1622,2025-12-12,"2025-12-04","Mini",1,46.28
1383,2025-12-12,"2025-12-04","Gringo's Salsa Choice ($5) - Pint",2,5
1383,2025-12-12,"2025-12-04","Winter Squash - Acorn - Each",1,3.25
1383,2025-12-12,"2025-12-04","Mothership Pickup Time (1.0 @3:30-4) - @3:30-4",1,0
1383,2025-12-12,"2025-12-04","Beef - Stew Meat - Pack",2,10.25
1383,2025-12-12,"2025-12-04","Eggs - Dozen",2,6.25
1383,2025-12-12,"2025-12-04","Staff - Something to ask Jamie - Oz.",1,0
1383,2025-12-12,"2025-12-04","Winter Squash - Acorn Sweet Potato (1.0 Small) - Small",1,3.25
1383,2025-12-12,"2025-12-04","Yogurt Choice  - Each",2,6.75
1383,2025-12-12,"2025-12-04","Extra Credit - Each",6.5,1.06
1383,2025-12-12,"2025-12-04","Half",1,0
670,2025-12-12,"2025-12-04","Mothership Pickup Time (1.0 @3:30-4) - @3:30-4",1,0
670,2025-12-12,"2025-12-04","Cauliflower - Romanesco - Lb.",1,6.5
670,2025-12-12,"2025-12-04","Janie's Bread - Thursday - Each",1,6.75
670,2025-12-12,"2025-12-04","Pecan Pieces - Oz.",1,18
670,2025-12-12,"2025-12-04","Yogurt - Plain - Oz.",1,6.75
670,2025-12-12,"2025-12-04","Extra Credit - Each",13,1.06
670,2025-12-12,"2025-12-04","Mini",1,46.28
11,2025-12-12,"2025-12-04","Eggs - BW - Dozen",1,6.25
11,2025-12-12,"2025-12-04","Blushing Goat - Each",1,11.75
11,2025-12-12,"2025-12-04","Cauliflower - Romanesco - Lb.",1,6.5
11,2025-12-12,"2025-12-04","Ground Beef - Jersey MJC - Lb.",1,8.75
11,2025-12-12,"2025-12-04","Semolina - T - Loaf",1,6.75
11,2025-12-12,"2025-12-04","Extra Credit - Each",6,1.06
11,2025-12-12,"2025-12-04","FSA/FSD",1,64.37
83,2025-12-12,"2025-12-04","Gringo's Salsa Choice ($5) - Pint",1,5
83,2025-12-12,"2025-12-04","Beef - Stew Meat - Pack",1,10.25
83,2025-12-12,"2025-12-04","Eggs - Dozen",1,6.25
83,2025-12-12,"2025-12-04","Yogurt Choice  - Each",1,6.75
83,2025-12-12,"2025-12-04","Half",1,68.89
1714,2025-12-12,"2025-12-04","Kirkwood Pickup Time - @1-1:30",1,0
1714,2025-12-12,"2025-12-04","Apples - Rome - Bag",1,5.75
1714,2025-12-12,"2025-12-04","Eggs - Dozen",1,6.25
1714,2025-12-12,"2025-12-04","Lettuce Mix - Bag",1,5.75
1714,2025-12-12,"2025-12-04","Yogurt - Blueberry - Oz.",1,6.75
1714,2025-12-12,"2025-12-04","Yogurt Choice  - Each",1,6.75
1714,2025-12-12,"2025-12-04","Extra Credit - Each",3,1.06
1714,2025-12-12,"2025-12-04","Half",1,68.89
473,2025-12-12,"2025-12-04","Stringbean Red Eye  - Oz.",1,15.45
473,2025-12-12,"2025-12-04","Kirkwood Pickup Time (1.0 PORCH) - PORCH",1,0
473,2025-12-12,"2025-12-04","Croissants - Pack",3,4.5
473,2025-12-12,"2025-12-04","Maple Syrup 12 oz. - Jar",1,12.5
473,2025-12-12,"2025-12-04","Semolina - T - Loaf",1,6.75
473,2025-12-12,"2025-12-04","Extra Credit - Each",19.95,1.06
473,2025-12-12,"2025-12-04","Half",1,68.89
1229,2025-12-12,"2025-12-04","Mothership Pickup Time (4.0 @5-5:30) - @5-5:30",1,0
1229,2025-12-12,"2025-12-04","Cauliflower - Romanesco - Lb.",1,6.5
1229,2025-12-12,"2025-12-04","Kale - Green Curly - Bag",1,5
1229,2025-12-12,"2025-12-04","Mushrooms (1.0 Shiitake) - Shiitake",1,8.25
1229,2025-12-12,"2025-12-04","Shoots - Specialty Mix - Bag",1,4.25
1229,2025-12-12,"2025-12-04","Winter Squash - Butternut (1.0 Medium) - Medium",1,4
1229,2025-12-12,"2025-12-04","Winter Squash - Delicata - Each",1,2.5
1229,2025-12-12,"2025-12-04","Extra Credit - Each",2.25,1.06
1229,2025-12-12,"2025-12-04","Half",1,68.89
471,2025-12-12,"2025-12-04","Cheese Choice $6.50 - Each",1,6.5
471,2025-12-12,"2025-12-04","Del Carmen Choice - Tub",1,6.25
471,2025-12-12,"2025-12-04","Eggs - Dozen",1,6.25
471,2025-12-12,"2025-12-04","Grains Wildcard $4.75 - Each",1,4.75
471,2025-12-12,"2025-12-04","Ground Beef - D&M - Lb.",1,10.25
471,2025-12-12,"2025-12-04","FSA/FSD",1,64.37
1593,2025-12-12,"2025-12-04","Pizza - Tomato Basil Garlic  - Each",1,8
1593,2025-12-12,"2025-12-04","Mothership Pickup Time (4.0 @5-5:30) - @5-5:30",1,0
1593,2025-12-12,"2025-12-04","Peppers - Shishitos - Bag",1,5
1593,2025-12-12,"2025-12-04","Thick Cut Dill Pickles - Quart",1,7.75
1593,2025-12-12,"2025-12-04","Tomatoes - Heirloom - Bag",1,8.5
1593,2025-12-12,"2025-12-04","Extra Credit - Each",4.25,1.06
1593,2025-12-12,"2025-12-04","Mini",1,46.28
550,2025-12-12,"2025-12-04","Mothership Pickup Time (6.0 @6-6:30) - @6-6:30",1,0
550,2025-12-12,"2025-12-04","Bagels - Raisin - Bag",1,6.75
550,2025-12-12,"2025-12-04","Eggs - Dozen",1,6.25
550,2025-12-12,"2025-12-04","FF Soup - Chowder - Pint",1,10.8
550,2025-12-12,"2025-12-04","Light and Mild - T - Loaf",1,8
550,2025-12-12,"2025-12-04","Milk Chocolate Bar - Pack",1,2.75
550,2025-12-12,"2025-12-04","Extra Credit - Each",0.55,1.06
550,2025-12-12,"2025-12-04","FSA/FSD",1,64.37
1839,2025-12-12,"2025-12-04","Half & Half - Pint",2,4.75
1839,2025-12-12,"2025-12-04","Mothership Pickup Time (1.0 @3:30-4) - @3:30-4",1,0
1839,2025-12-12,"2025-12-04","Black Beans DC - Tub",1,6.25
1839,2025-12-12,"2025-12-04","Eggs - Dozen",1,6.25
1839,2025-12-12,"2025-12-04","Greens Mix - Bag",1,3.5
1839,2025-12-12,"2025-12-04","Spinach - Bag",1,5.25
1839,2025-12-12,"2025-12-04","Extra Credit - Each",2.5,1.06
1839,2025-12-12,"2025-12-04","Half",1,68.89
514,2025-12-12,"2025-12-04","Stringbean Red Eye  - Oz.",1,15.45
514,2025-12-12,"2025-12-04","Cauliflower - hd. - Head",1,6.5
514,2025-12-12,"2025-12-04","Eggs - Dozen",1,6.25
514,2025-12-12,"2025-12-04","Garlic - Cured Bag - Bag",1,4.5
514,2025-12-12,"2025-12-04","Maple Syrup 12 oz. - Jar",1,12.5
514,2025-12-12,"2025-12-04","Semolina - T - Loaf",1,6.75
514,2025-12-12,"2025-12-04","Extra Credit - Each",22.7,1.06
514,2025-12-12,"2025-12-04","FSC",1,64.37
744,2025-12-12,"2025-12-04","Mothership Pickup Time (2.0 @4-4:30) - @4-4:30",1,0
744,2025-12-12,"2025-12-04","Collards - Bunch",1,5
744,2025-12-12,"2025-12-04","Dark Bar 61% - Package",4,2.75
744,2025-12-12,"2025-12-04","Stringbean Half Caf - Bag",1,15.45
744,2025-12-12,"2025-12-04","Extra Credit - Each",2.2,1.06
744,2025-12-12,"2025-12-04","FSC",1,64.37
875,2025-12-12,"2025-12-04","Gringo's Salsa Choice ($5) - Pint",1,5
875,2025-12-12,"2025-12-04","Mothership Pickup Time (1.0 @3:30-4) - @3:30-4",1,0
875,2025-12-12,"2025-12-04","Applewood Smoked Cheddar - Each",1,6.5
875,2025-12-12,"2025-12-04","Eggs - Dozen",1,6.25
875,2025-12-12,"2025-12-04","Garlic - Cured Bag - Bag",1,4.5
875,2025-12-12,"2025-12-04","Potatoes - Regular - lbs",1,5.75
875,2025-12-12,"2025-12-04","Yogurt Choice  - Each",1,6.75
875,2025-12-12,"2025-12-04","Extra Credit - Each",6.5,1.06
875,2025-12-12,"2025-12-04","Half",1,68.89
325,2025-12-12,"2025-12-04","Mothership Pickup Time (1.0 @3:30-4) - @3:30-4",1,0
325,2025-12-12,"2025-12-04","Coconut Oil Pint Organic - Pint",1,7.5
325,2025-12-12,"2025-12-04","Olive Oil Large - Bottle",1,18.5
325,2025-12-12,"2025-12-04","Yogurt - Vanilla - Oz.",1,6.75
325,2025-12-12,"2025-12-04","Extra Credit - Each",4.5,1.06
325,2025-12-12,"2025-12-04","Half",1,68.89
325,2025-12-12,"2025-12-04","Whole MILK-e",1,8.49
308,2025-12-12,"2025-12-04","Mothership Pickup Time (1.0 @3:30-4) - @3:30-4",1,0
308,2025-12-12,"2025-12-04","Bagels - Blueberry - BU - Bag",1,10.9
308,2025-12-12,"2025-12-04","Broccoli (1.0 Head) - Head",1,4.25
308,2025-12-12,"2025-12-04","Dark Chocolate Bon Bons - Pack",1,11.25
308,2025-12-12,"2025-12-04","Gnocchi - Garlic Chive  - Lb.",1,6.5
308,2025-12-12,"2025-12-04","Pink Sauce - Oz.",1,8.75
308,2025-12-12,"2025-12-04","Extra Credit - Each",13.4,1.06
308,2025-12-12,"2025-12-04","Half",1,68.89
556,2025-12-12,"2025-12-04","Carrots no tops - Lb.",1,5.75
556,2025-12-12,"2025-12-04","Lettuce Head (1.0 Medium) - Medium",1,4
556,2025-12-12,"2025-12-04","Peppers - Shishitos - Bag",1,5
556,2025-12-12,"2025-12-04","Shoots - Pea - Bag",1,4.25
556,2025-12-12,"2025-12-04","Spinach - Bag",1,5.25
556,2025-12-12,"2025-12-04","Tomatoes - Heirloom - Bag",1,8.5
621,2025-12-12,"2025-12-04","Gouda - Cave Aged - Pack",1,6.5
621,2025-12-12,"2025-12-04","Salsa - Gringo's Medium - Pint",1,5
621,2025-12-12,"2025-12-04","Mothership Pickup Time (1.0 @3:30-4) - @3:30-4",1,0
621,2025-12-12,"2025-12-04","Cheese - Grisontaler Small - $ - Each",1,6.56
621,2025-12-12,"2025-12-04","Eggs - Dozen",2,6.25
621,2025-12-12,"2025-12-04","Marbled Rye - Thursday - Each",1,8.35
621,2025-12-12,"2025-12-04","Extra Credit - Each",4.91,1.06
621,2025-12-12,"2025-12-04","FSA/FSD",1,64.37
558,2025-12-12,"2025-12-04","Kirkwood Pickup Time - @1-1:30",1,0
558,2025-12-12,"2025-12-04","Apples - Jonathan - Bag",1,5.75
558,2025-12-12,"2025-12-04","Cinnamon Rolls - Pack",1,6.5
558,2025-12-12,"2025-12-04","Curds Jalapeno Habanero 10 oz - Bag",1,6.5
558,2025-12-12,"2025-12-04","Pork Italian Bulk - D&M - Lb.",1,8
558,2025-12-12,"2025-12-04","Extra Credit - Each",1.75,1.06
558,2025-12-12,"2025-12-04","Mini",1,46.28
540,2025-12-12,"2025-12-04","Kirkwood Pickup Time - @1-1:30",1,0
540,2025-12-12,"2025-12-04","Apple Seconds - Share",1,5.75
540,2025-12-12,"2025-12-04","Feta Cheese - HBC - Each",1,6.5
540,2025-12-12,"2025-12-04","Peppers - Beaver Dam / Poblano - 3-pack",1,2.75
540,2025-12-12,"2025-12-04","Pink Sauce - Oz.",1,8.75
540,2025-12-12,"2025-12-04","Sesame Hoagie - T - Each",1,3.6
540,2025-12-12,"2025-12-04","Half",1,68.89
525,2025-12-12,"2025-12-04","Chicken - Ground - Lb.",1,8.75
525,2025-12-12,"2025-12-04","Chicken Chorizo - Lb.",1,10
525,2025-12-12,"2025-12-04","Eggs - Dozen",1,6.25
525,2025-12-12,"2025-12-04","Powder - Lion's Mane Mushrooms - Each",1,11.5
525,2025-12-12,"2025-12-04","Radishes - Mini Daikon - Bunch",1,4
525,2025-12-12,"2025-12-04","Extra Credit - Each",40.5,1.06
1476,2025-12-12,"2025-12-04","Kirkwood Pickup Time - @1-1:30",1,0
1476,2025-12-12,"2025-12-04","Eggplant - Globe (1.0 Medium) - Medium",1,2.5
1476,2025-12-12,"2025-12-04","Peppers - Carmen - 2-pack",1,3
1476,2025-12-12,"2025-12-04","Ravioli - Goat Cheese  - Lb.",1,9
1476,2025-12-12,"2025-12-04","Raviolini - Mozzerella Herb - Lb.",1,9
1476,2025-12-12,"2025-12-04","Tomatoes - Funky Bunch - Pint",1,5.75
1476,2025-12-12,"2025-12-04","Winter Squash - Butternut (1.0 Medium) - Medium",1,4
1476,2025-12-12,"2025-12-04","Extra Credit - Each",8.25,1.06
1476,2025-12-12,"2025-12-04","Mini",1,46.28
837,2025-12-12,"2025-12-04","Collards - Bunch",1,5
837,2025-12-12,"2025-12-04","Eggs - Dozen",2,6.25
837,2025-12-12,"2025-12-04","Ground Beef - Jersey MJC - Lb.",4,8.75
837,2025-12-12,"2025-12-04","Kale - Green Curly - Bag",1,5
837,2025-12-12,"2025-12-04","Lettuce Mix - Bag",1,5.75
837,2025-12-12,"2025-12-04","Oat Groats Organic - Bag",1,3.75
837,2025-12-12,"2025-12-04","Potatoes - Regular - lbs",1,5.75
837,2025-12-12,"2025-12-04","Potatoes - Sweet - lbs",1,5.75
837,2025-12-12,"2025-12-04","Winter Squash - Acorn Sweet Potato - Each",1,4.75
837,2025-12-12,"2025-12-04","Winter Squash - Buttercup - Each",1,5.75
837,2025-12-12,"2025-12-04","Extra Credit - Each",55,1.06
837,2025-12-12,"2025-12-04","FSA/FSD",1,64.37
1084,2025-12-12,"2025-12-04","Mothership Pickup Time - @6:30-7",1,0
1084,2025-12-12,"2025-12-04","Bison - Ground - Lb.",1,21
1084,2025-12-12,"2025-12-04","Chicken Links - Chorizo - Lb.",1,10
1084,2025-12-12,"2025-12-04","Chicken Thighs - Boneless/lb. - lbs",1,17.17
1084,2025-12-12,"2025-12-04","Eggs - Dozen",2,6.25
1084,2025-12-12,"2025-12-04","Extra Credit - Each",32.42,1.06
1084,2025-12-12,"2025-12-04","Half",1,68.89
502,2025-12-12,"2025-12-04","Mothership Pickup Time (4.0 @5-5:30) - @5-5:30",1,0
502,2025-12-12,"2025-12-04","Bagel Chips - Bag",1,5.25
502,2025-12-12,"2025-12-04","Dark Bar 72% - Package",1,2.75
502,2025-12-12,"2025-12-04","Eggs - Dozen",1,6.25
502,2025-12-12,"2025-12-04","Hoagie - T - Each",1,3.35
502,2025-12-12,"2025-12-04","Hummus - Garlic - Tub",1,6.75
502,2025-12-12,"2025-12-04","Pork - Ground  - Lb.",1,7.25
502,2025-12-12,"2025-12-04","Extra Credit - Each",2.35,1.06
502,2025-12-12,"2025-12-04","FSC",1,64.37
549,2025-12-12,"2025-12-04","Mothership Pickup Time - @6:30-7",1,0
549,2025-12-12,"2025-12-04","Eggs - Dozen",1,6.25
549,2025-12-12,"2025-12-04","Ground Beef - D&M - Lb.",1,10.25
549,2025-12-12,"2025-12-04","Ground Beef - Jersey MJC - Lb.",1,8.75
549,2025-12-12,"2025-12-04","Pork Breakfast Patties D&M - Pack",1,8.5
549,2025-12-12,"2025-12-04","FSA/FSD",1,64.37
22,2025-12-12,"2025-12-04","Mothership Pickup Time (1.0 @3:30-4) - @3:30-4",1,0
22,2025-12-12,"2025-12-04","Eggs - Dozen",1,6.25
22,2025-12-12,"2025-12-04","Gnocchi - Garlic Chive  - Lb.",1,6.5
22,2025-12-12,"2025-12-04","Ground Lamb  - Lb.",1,16
22,2025-12-12,"2025-12-04","Mustard Greens - Bag",1,4.5
22,2025-12-12,"2025-12-04","Polenta - Oz.",1,4.75
22,2025-12-12,"2025-12-04","Extra Credit - Each",9.75,1.06
22,2025-12-12,"2025-12-04","Half",1,68.89
22,2025-12-12,"2025-12-04","Creamline MILK-e",1,8.49
710,2025-12-12,"2025-12-04","Mothership Pickup Time (1.0 @3:30-4) - @3:30-4",1,0
710,2025-12-12,"2025-12-04","Apples - Suncrisp - Bag",1,5.75
710,2025-12-12,"2025-12-04","Eggs - Dozen",1,6.25
710,2025-12-12,"2025-12-04","Ground Beef - D&M - Lb.",1,10.25
710,2025-12-12,"2025-12-04","Pork - Ground  - Lb.",1,7.25
710,2025-12-12,"2025-12-04","Ravioli - Goat Cheese  - Lb.",1,9
710,2025-12-12,"2025-12-04","Extra Credit - Each",4.5,1.06
710,2025-12-12,"2025-12-04","FSA/FSD",1,64.37
1879,2025-12-12,"2025-12-04","Mothership Pickup Time (3.0 @4:30-5) - @4:30-5",1,0
1879,2025-12-12,"2025-12-04","Apple Sauce - Organic Qt. - Quart",1,10.5
1879,2025-12-12,"2025-12-04","Pork Italian Bulk - D&M - Lb.",1,8
1879,2025-12-12,"2025-12-04","Shakshuka Sauce - Jar",1,11.5
1879,2025-12-12,"2025-12-04","Tomatoes - Slicing - Bag",1,6.5
1879,2025-12-12,"2025-12-04","Extra Credit - Each",11.5,1.06
1879,2025-12-12,"2025-12-04","Mini",1,46.28
340,2025-12-12,"2025-12-04","Winter Squash - Acorn - Each",1,3.25
340,2025-12-12,"2025-12-04","Mothership Pickup Time (2.0 @4-4:30) - @4-4:30",1,0
340,2025-12-12,"2025-12-04","Apples - Golden Delicious - Bag",1,5.75
340,2025-12-12,"2025-12-04","Apples - Jonathan - Bag",1,5.75
340,2025-12-12,"2025-12-04","Sourdough Bread - Lb.",1,6.25
340,2025-12-12,"2025-12-04","Tomatoes - Funky Bunch - Pint",1,5.75
340,2025-12-12,"2025-12-04","Extra Credit - Each",26.75,1.06
493,2025-12-12,"2025-12-04","Mothership Pickup Time (4.0 @5-5:30) - @5-5:30",1,0
493,2025-12-12,"2025-12-04","Eggs - Dozen",1,6.25
493,2025-12-12,"2025-12-04","Peppers - Green/Red Bell - 3-pack",1,4
493,2025-12-12,"2025-12-04","Pizza Sauce - Jar",1,6.75
493,2025-12-12,"2025-12-04","Shoots - Specialty Mix - Bag",1,4.25
493,2025-12-12,"2025-12-04","Yogurt - Plain - Oz.",1,6.75
493,2025-12-12,"2025-12-04","Half",1,68.89
807,2025-12-12,"2025-12-04","Bacon - Each",1,12.75
807,2025-12-12,"2025-12-04","Bagels - Everything - Frozen - Bag",1,6.75
807,2025-12-12,"2025-12-04","Bagels - Plain - Frozen - Each",1,6.75
807,2025-12-12,"2025-12-04","Chicken - Ground - Lb.",1,8.75
807,2025-12-12,"2025-12-04","Mushrooms (1.0 Shiitake) - Shiitake",1,8.25
807,2025-12-12,"2025-12-04","Extra Credit - Each",19.75,1.06
807,2025-12-12,"2025-12-04","UCA/KWA",1,64.37
807,2025-12-12,"2025-12-04","2% MILK",1,8.49
1717,2025-12-12,"2025-12-04","Bacon - Each",1,12.75
1717,2025-12-12,"2025-12-04","Eggs - Dozen",1,6.25
1717,2025-12-12,"2025-12-04","FF Dish - Masala - Pint",1,13.05
1717,2025-12-12,"2025-12-04","Extra Credit - Each",3.8,1.06
1717,2025-12-12,"2025-12-04","Half",1,68.89
1377,2025-12-12,"2025-12-04","Cheese Choice $6.50 - Each",1,6.5
1377,2025-12-12,"2025-12-04","Del Carmen Choice - Tub",1,6.25
1377,2025-12-12,"2025-12-04","Eggs - Dozen",1,6.25
1377,2025-12-12,"2025-12-04","Grains Wildcard $4.75 - Each",1,4.75
1377,2025-12-12,"2025-12-04","Ground Beef - D&M - Lb.",1,10.25
1377,2025-12-12,"2025-12-04","FSA/FSD",1,64.35
1763,2025-12-12,"2025-12-04","Apple Sauce - Organic Qt. - Quart",1,10.5
1763,2025-12-12,"2025-12-04","Pasta Long Bi-color - Lb.",1,6.5
1763,2025-12-12,"2025-12-04","Pork Italian Bulk - D&M - Lb.",1,8
1763,2025-12-12,"2025-12-04","Mini",1,46.28
1680,2025-12-12,"2025-12-04","Mothership Pickup Time (2.0 @4-4:30) - @4-4:30",1,0
1680,2025-12-12,"2025-12-04","Food Pantry Donation - $",10,1
1680,2025-12-12,"2025-12-04","Apples - Suncrisp - Bag",1,5.75
1680,2025-12-12,"2025-12-04","Multigrain Bread  - Each",1,6.25
1680,2025-12-12,"2025-12-04","Pork Breakfast Link D&M - Pack",1,8
1680,2025-12-12,"2025-12-04","Potatoes - Yukon Gold - lbs",1,6
1680,2025-12-12,"2025-12-04","Ravioli - 4-Cheese - Lb.",1,9
1680,2025-12-12,"2025-12-04","Extra Credit - Each",20,1.06
1680,2025-12-12,"2025-12-04","Mini",1,46.28
245,2025-12-12,"2025-12-04","Dark Chocolate Square  - Each",1,1.75
245,2025-12-12,"2025-12-04","Eggs - Dozen",1,6.25
245,2025-12-12,"2025-12-04","Light and Mild - T - Loaf",1,8
245,2025-12-12,"2025-12-04","Mojo Marinade - Tub",1,6.25
245,2025-12-12,"2025-12-04","Potatoes - Sweet - lbs",1,5.75
245,2025-12-12,"2025-12-04","Tomatoes - Slicing - Bag",1,6.5
245,2025-12-12,"2025-12-04","Extra Credit - Each",0.5,1.06
245,2025-12-12,"2025-12-04","FSA/FSD",1,64.37
1884,2025-12-12,"2025-12-04","Gringo's Salsa Choice ($5) - Pint",1,5
1884,2025-12-12,"2025-12-04","Beef - Stew Meat - Pack",1,10.25
1884,2025-12-12,"2025-12-04","Eggs - Dozen",1,6.25
1884,2025-12-12,"2025-12-04","Yogurt Choice  - Each",1,6.75
1884,2025-12-12,"2025-12-04","Half",1,68.89
1419,2025-12-12,"2025-12-04","Kirkwood Pickup Time - @1-1:30",1,0
1419,2025-12-12,"2025-12-04","Chicken Thighs - Boneless/lb. - lbs",1,10.88
1419,2025-12-12,"2025-12-04","Curds Creamy Ranch 10 oz - Bag",1,6.5
1419,2025-12-12,"2025-12-04","Rice - Basmati White - Lb.",1,6.75
1419,2025-12-12,"2025-12-04","Semolina - T - Loaf",1,6.75
1419,2025-12-12,"2025-12-04","Extra Credit - Each",2.63,1.06
1419,2025-12-12,"2025-12-04","Half",1,68.89
1766,2025-12-12,"2025-12-04","Stringbean Brazilian - Oz.",1,15.45
1766,2025-12-12,"2025-12-04","Kirkwood Pickup Time (2.0 @1:30-2) - @1:30-2",1,0
1766,2025-12-12,"2025-12-04","Chicken - Ground - Lb.",1,8.75
1766,2025-12-12,"2025-12-04","Dark Chocolate Caramels - Pack",2,11.25
1766,2025-12-12,"2025-12-04","Hoagie - T - Each",1,3.35
1766,2025-12-12,"2025-12-04","Mushrooms - Choice",1,8.25
1766,2025-12-12,"2025-12-04","Extra Credit - Each",34.8,1.06
1766,2025-12-12,"2025-12-04","UCA/KWA",1,64.37
1864,2025-12-12,"2025-12-04","Mothership Pickup Time (1.0 @3:30-4) - @3:30-4",1,0
1864,2025-12-12,"2025-12-04","Black Beans DC - Tub",1,6.25
1864,2025-12-12,"2025-12-04","Eggs - Dozen",1,6.25
1864,2025-12-12,"2025-12-04","Hummus - Garlic - Tub",1,6.75
1864,2025-12-12,"2025-12-04","Kale - Green Curly - Bag",1,5
1864,2025-12-12,"2025-12-04","Mustard Greens - Bag",1,4.5
1864,2025-12-12,"2025-12-04","Half",1,68.89
1864,2025-12-12,"2025-12-04","2% MILK-e",4,8.49
239,2025-12-12,"2025-12-04","Kirkwood Pickup Time (2.0 @1:30-2) - @1:30-2",1,0
239,2025-12-12,"2025-12-04","Ground Beef - Jersey MJC - Lb.",1,8.75
239,2025-12-12,"2025-12-04","Mushrooms - Hen of the Woods/Maitake - Bag",1,8.25
239,2025-12-12,"2025-12-04","Pasta Bi-color Short - Lb.",1,6.5
239,2025-12-12,"2025-12-04","UCA/KWA",1,64.37
1941,2025-12-12,"2025-12-04","Stringbean Brazilian - Oz.",1,15.45
1941,2025-12-12,"2025-12-04","Mothership Pickup Time (2.0 @4-4:30) - @4-4:30",1,0
1941,2025-12-12,"2025-12-04","Aged Cheddar - HBC - Each",1,6.5
1941,2025-12-12,"2025-12-04","Cheese - Aged Alpine - Pack",1,6.5
1941,2025-12-12,"2025-12-04","Kale - Green Curly - Bag",2,5
1941,2025-12-12,"2025-12-04","Lamb Gyro Seasoned - Lb.",1,17.5
1941,2025-12-12,"2025-12-04","Popcorn - McKaskle - Lb.",1,5.25
1941,2025-12-12,"2025-12-04","Extra Credit - Each",36.2,1.06
1941,2025-12-12,"2025-12-04","Mini",1,46.28
293,2025-12-12,"2025-12-04","Mothership Pickup Time (5.0 @5:30-6) - @5:30-6",1,0
293,2025-12-12,"2025-12-04","Crunchy Peanut Butter - Jar",1,7.75
293,2025-12-12,"2025-12-04","Eggs - Dozen",1,6.25
293,2025-12-12,"2025-12-04","Grains Wildcard $4.75 - Each",1,4.75
293,2025-12-12,"2025-12-04","Ground Beef - D&M - Lb.",1,10.25
293,2025-12-12,"2025-12-04","RL Chocolate Milk - Bottle",2,2.75
293,2025-12-12,"2025-12-04","Extra Credit - Each",0.5,1.06
293,2025-12-12,"2025-12-04","FSA/FSD",1,64.37
1149,2025-12-12,"2025-12-04","Mothership Pickup Time (1.0 @3:30-4) - @3:30-4",1,0
1149,2025-12-12,"2025-12-04","Aged Cheddar - HBC - Each",1,6.5
1149,2025-12-12,"2025-12-04","Cabbage - Green (1.0 Small) - Small",1,3
1149,2025-12-12,"2025-12-04","Hoagie - T - Each",1,3.35
1149,2025-12-12,"2025-12-04","Pink Sauce - Oz.",1,8.75
1149,2025-12-12,"2025-12-04","Ravioli - Goat Cheese  - Lb.",1,9
1149,2025-12-12,"2025-12-04","Extra Credit - Each",2.35,1.06
1149,2025-12-12,"2025-12-04","Half",1,68.89
310,2025-12-12,"2025-12-04","Jam - Blackberry HBY - Pint",1,7.5
310,2025-12-12,"2025-12-04","Mothership Pickup Time (1.0 @3:30-4) - @3:30-4",1,0
310,2025-12-12,"2025-12-04","Apples - Fuji - Bag",1,5.75
310,2025-12-12,"2025-12-04","Bagel Chips - Bag",1,5.25
310,2025-12-12,"2025-12-04","Cauliflower - Romanesco - Lb.",1,6.5
310,2025-12-12,"2025-12-04","Cauliflower - hd. - Head",1,6.5
310,2025-12-12,"2025-12-04","Chicken - Ground - Lb.",1,8.75
310,2025-12-12,"2025-12-04","Chicken Breasts /lb. - Pack",1,8.91
310,2025-12-12,"2025-12-04","Chips - Tortilla - Bag",1,4.25
310,2025-12-12,"2025-12-04","Eggs - Dozen",1,6.25
310,2025-12-12,"2025-12-04","Potatoes - Yukon Gold - lbs",1,6
310,2025-12-12,"2025-12-04","Tomatoes - Slicing - Bag",1,6.5
310,2025-12-12,"2025-12-04","Extra Credit - Each",37.91,1.06
310,2025-12-12,"2025-12-04","FSC",1,64.37
310,2025-12-12,"2025-12-04","Half & Half",1,5.05
310,2025-12-12,"2025-12-04","Skim MILK",2,8.49
1353,2025-12-12,"2025-12-04","Gringo's Salsa Choice ($5) - Pint",1,5
1353,2025-12-12,"2025-12-04","Beef - Stew Meat - Pack",1,10.25
1353,2025-12-12,"2025-12-04","Eggs - Dozen",1,6.25
1353,2025-12-12,"2025-12-04","Yogurt Choice  - Each",1,6.75
1353,2025-12-12,"2025-12-04","Half",1,68.89
1353,2025-12-12,"2025-12-04","Whole MILK-e",1,8.49
1271,2025-12-12,"2025-12-04","Gouda - Cave Aged - Pack",1,6.5
1271,2025-12-12,"2025-12-04","Mothership Pickup Time (2.0 @4-4:30) - @4-4:30",1,0
1271,2025-12-12,"2025-12-04","Bacon - Each",1,12.75
1271,2025-12-12,"2025-12-04","Blushing Goat - Each",1,11.75
1271,2025-12-12,"2025-12-04","Dark Chocolate Lolli - Each",2,1.75
1271,2025-12-12,"2025-12-04","Hoagie - T - Each",1,3.35
1271,2025-12-12,"2025-12-04","Salame - Veneto - Pack",1,12.35
1271,2025-12-12,"2025-12-04","Extra Credit - Each",16.2,1.06
1271,2025-12-12,"2025-12-04","FSA/FSD",1,64.37
634,2025-12-12,"2025-12-04","Apple Sauce - Organic Qt. - Quart",1,10.5
634,2025-12-12,"2025-12-04","Pasta Long Bi-color - Lb.",1,6.5
634,2025-12-12,"2025-12-04","Pork Italian Bulk - D&M - Lb.",1,8
634,2025-12-12,"2025-12-04","Mini",1,46.28
1211,2025-12-12,"2025-12-04","Mothership Pickup Time (1.0 @3:30-4) - @3:30-4",1,0
1211,2025-12-12,"2025-12-04","Bagels - Sesame Seed - BU - Bag",1,10.9
1211,2025-12-12,"2025-12-04","Oat Porridge Bread - T - Each",1,8.8
1211,2025-12-12,"2025-12-04","Tomatoes - Funky Bunch - Pint",1,5.75
1211,2025-12-12,"2025-12-04","Winter Squash - Georgia Candy Roaster - Each",1,8.5
1211,2025-12-12,"2025-12-04","Extra Credit - Each",33.95,1.06
997,2025-12-12,"2025-12-04","Mothership Pickup Time (1.0 @3:30-4) - @3:30-4",1,0
997,2025-12-12,"2025-12-04","Chicken - Ground - Lb.",1,8.75
997,2025-12-12,"2025-12-04","Chicken Wings/lb. - lbs",1,9.03
997,2025-12-12,"2025-12-04","Cinnamon Rolls - Pack",1,6.5
997,2025-12-12,"2025-12-04","Mushrooms (1.0 Oyster) - Oyster",1,8.25
997,2025-12-12,"2025-12-04","Extra Credit - Each",3.28,1.06
997,2025-12-12,"2025-12-04","FSC",1,64.37
281,2025-12-12,"2025-12-04","Eggs - BW - Dozen",1,6.25
281,2025-12-12,"2025-12-04","Pizza - Pepperoni  - Each",1,8
281,2025-12-12,"2025-12-04","Mothership Pickup Time (1.0 @3:30-4) - @3:30-4",1,0
281,2025-12-12,"2025-12-04","Apple Sauce - Organic Qt. - Quart",1,10.5
281,2025-12-12,"2025-12-04","Apples - Organic Red Delicious - Bag",1,5.75
281,2025-12-12,"2025-12-04","Brioche - Loaf - Frozen - Lb.",1,7
281,2025-12-12,"2025-12-04","Dish Washer Soap - Bag",1,7.25
281,2025-12-12,"2025-12-04","Kale - Green Curly - Bag",1,5
281,2025-12-12,"2025-12-04","Semolina - T - Loaf",1,6.75
281,2025-12-12,"2025-12-04","Shoots - Pea - Bag",1,4.25
281,2025-12-12,"2025-12-04","Extra Credit - Each",35.75,1.06
281,2025-12-12,"2025-12-04","Mini",1,46.28
1652,2025-12-12,"2025-12-04","Chicken Breasts /lb. - Pack",1,8.25
1652,2025-12-12,"2025-12-04","Dark Chocolate Almond Bar - Pack",1,4.8
1652,2025-12-12,"2025-12-04","Pasta Long Bi-color - Lb.",1,6.5
1652,2025-12-12,"2025-12-04","Tomatoes - Heirloom - Bag",1,8.5
1652,2025-12-12,"2025-12-04","Extra Credit - Each",3.05,1.06
1652,2025-12-12,"2025-12-04","Mini",1,46.28
1431,2025-12-12,"2025-12-04","Mothership Pickup Time (4.0 @5-5:30) - @5-5:30",1,0
1431,2025-12-12,"2025-12-04","Apple Sauce - Organic Qt. - Quart",1,10.5
1431,2025-12-12,"2025-12-04","Carrots no tops - Lb.",1,5.75
1431,2025-12-12,"2025-12-04","Oat Porridge Bread - T - Each",1,8.8
1431,2025-12-12,"2025-12-04","Pork Italian Bulk - D&M - Lb.",1,8
1431,2025-12-12,"2025-12-04","Extra Credit - Each",8.05,1.06
1431,2025-12-12,"2025-12-04","Mini",1,46.28
1145,2025-12-12,"2025-12-04","Chicken - Ground - Lb.",1,8.75
1145,2025-12-12,"2025-12-04","Mushrooms - Choice",1,8.25
1145,2025-12-12,"2025-12-04","Pasta Bi-color Short - Lb.",1,6.5
1145,2025-12-12,"2025-12-04","UCA/KWA",1,64.37
1329,2025-12-12,"2025-12-04","Salsa - Gringo's Medium - Pint",1,5
1329,2025-12-12,"2025-12-04","Kirkwood Pickup Time (2.0 @1:30-2) - @1:30-2",1,0
1329,2025-12-12,"2025-12-04","Eggs - Dozen",1,6.25
1329,2025-12-12,"2025-12-04","Jam - Blackberry Jalapeno - Pint",1,7
1329,2025-12-12,"2025-12-04","Pork Italian Bulk - D&M - Lb.",1,8
1329,2025-12-12,"2025-12-04","Semolina - T - Loaf",1,6.75
1329,2025-12-12,"2025-12-04","Extra Credit - Each",4.75,1.06
1329,2025-12-12,"2025-12-04","Half",1,68.89
1903,2025-12-12,"2025-12-04","Kirkwood Pickup Time (1.0 PORCH) - PORCH",1,0
1903,2025-12-12,"2025-12-04","Bada Bing - Sub - Bag",1,6.25
1903,2025-12-12,"2025-12-04","Eggs - Dozen",2,6.25
1903,2025-12-12,"2025-12-04","Hoagie - T - Each",1,3.35
1903,2025-12-12,"2025-12-04","Spinach - Bag",1,5.25
1903,2025-12-12,"2025-12-04","Extra Credit - Each",2.35,1.06
1903,2025-12-12,"2025-12-04","Mini",1,46.28
657,2025-12-12,"2025-12-04","Salsa - Gringo's Medium - Pint",1,5
657,2025-12-12,"2025-12-04","Mothership Pickup Time (3.0 @4:30-5) - @4:30-5",1,0
657,2025-12-12,"2025-12-04","Beef - Stew Meat - Pack",1,10.25
657,2025-12-12,"2025-12-04","Eggs - Dozen",2,6.25
657,2025-12-12,"2025-12-04","Yogurt Choice  - Each",1,6.75
657,2025-12-12,"2025-12-04","Extra Credit - Each",6.25,1.06
657,2025-12-12,"2025-12-04","Half",1,68.89
366,2025-12-12,"2025-12-04","Chicken - Ground - Lb.",1,8.75
366,2025-12-12,"2025-12-04","Mushrooms - Choice",1,8.25
366,2025-12-12,"2025-12-04","Pasta Bi-color Short - Lb.",1,6.5
366,2025-12-12,"2025-12-04","UCA/KWA",1,64.37
405,2025-12-12,"2025-12-04","Ground Turkey - Pack",1,8.75
405,2025-12-12,"2025-12-04","Kirkwood Pickup Time (1.0 PORCH) - PORCH",1,0
405,2025-12-12,"2025-12-04","Chicken Breasts /lb. - Pack",1,10.73
405,2025-12-12,"2025-12-04","Gr. Beef Bundle DM ( 5-pack) - Each",1,48.75
405,2025-12-12,"2025-12-04","Extra Credit - Each",39.98,1.06
405,2025-12-12,"2025-12-04","Half",1,68.89
928,2025-12-12,"2025-12-04","Mothership Pickup Time (1.0 @3:30-4) - @3:30-4",1,0
928,2025-12-12,"2025-12-04","Boneless Pork Chop - D&M /lb - Lb.",2,15.29
928,2025-12-12,"2025-12-04","Curds Garlic Herb HBC 10 oz  - Bag",1,6.5
928,2025-12-12,"2025-12-04","Eggs - Dozen",1,6.25
928,2025-12-12,"2025-12-04","Grains Wildcard $4.75 - Each",1,4.75
928,2025-12-12,"2025-12-04","Ground Beef - D&M - Lb.",1,10.25
928,2025-12-12,"2025-12-04","Extra Credit - Each",24.33,1.06
928,2025-12-12,"2025-12-04","FSA/FSD",1,64.37
1002,2025-12-12,"2025-12-04","Mothership Pickup Time (2.0 @4-4:30) - @4-4:30",1,0
1002,2025-12-12,"2025-12-04","Apples - Fuji - Bag",1,5.75
1002,2025-12-12,"2025-12-04","Apples - Suncrisp - Bag",1,5.75
1002,2025-12-12,"2025-12-04","Cauliflower - hd. - Head",1,6.5
1002,2025-12-12,"2025-12-04","Eggs - Dozen",2,6.25
1002,2025-12-12,"2025-12-04","Lettuce Mix - Bag",1,5.75
1002,2025-12-12,"2025-12-04","Peppers - Carmen - 2-pack",1,3
1002,2025-12-12,"2025-12-04","Swiss Chard - Bunch",1,5
1002,2025-12-12,"2025-12-04","Tomatoes - Funky Bunch - Pint",2,5.75
1002,2025-12-12,"2025-12-04","Extra Credit - Each",21.75,1.06
1002,2025-12-12,"2025-12-04","FSA/FSD",1,64.37
1570,2025-12-12,"2025-12-04","No Produce - Order Only (even wk)",1,0
27,2025-12-12,"2025-12-04","Gringo's Salsa Choice ($5) - Pint",1,5
27,2025-12-12,"2025-12-04","Peanut Butter MC - Tub",1,7.75
27,2025-12-12,"2025-12-04","Beef - Stew Meat - Pack",1,10.25
27,2025-12-12,"2025-12-04","Eggs - Dozen",1,6.25
27,2025-12-12,"2025-12-04","Popcorn - McKaskle - Lb.",1,5.25
27,2025-12-12,"2025-12-04","Yogurt Choice  - Each",1,6.75
27,2025-12-12,"2025-12-04","Extra Credit - Each",5.5,1.06
27,2025-12-12,"2025-12-04","Half",1,68.89
941,2025-12-12,"2025-12-04","Mothership Pickup Time (4.0 @5-5:30) - @5-5:30",1,0
941,2025-12-12,"2025-12-04","Chevre PF - Choice",1,8.5
941,2025-12-12,"2025-12-04","Chicken - Links ($10) - Each",1,10
941,2025-12-12,"2025-12-04","Cinnamon Rolls - Pack",1,6.5
941,2025-12-12,"2025-12-04","Eggs - Dozen",1,6.25
941,2025-12-12,"2025-12-04","Extra Credit - Each",2,1.06
941,2025-12-12,"2025-12-04","FSC",1,64.37
1206,2025-12-12,"2025-12-04","Kirkwood Pickup Time - @1-1:30",1,0
1206,2025-12-12,"2025-12-04","Bagels - Everything - BU - Bag",1,10.9
1206,2025-12-12,"2025-12-04","Peppers - Beaver Dam / Poblano - 3-pack",1,2.75
1206,2025-12-12,"2025-12-04","Peppers - Carmen - 2-pack",1,3
1206,2025-12-12,"2025-12-04","RL Eggnog 16 oz - Pint",1,6.5
1206,2025-12-12,"2025-12-04","UCA/KWA",1,64.37
1900,2025-12-12,"2025-12-04","Eggs - BW - Dozen",1,6.25
1900,2025-12-12,"2025-12-04","Half & Half - Pint",1,4.75
1900,2025-12-12,"2025-12-04","Mothership Pickup Time (1.0 @3:30-4) - @3:30-4",1,0
1900,2025-12-12,"2025-12-04","$ for green bags donation - $",1,1
1900,2025-12-12,"2025-12-04","Cooler Repair Donation - $",1,1
1900,2025-12-12,"2025-12-04","Food Pantry Donation - $",1,1
1900,2025-12-12,"2025-12-04","Apples - Fuji - Bag",1,5.75
1900,2025-12-12,"2025-12-04","Auction Donation - $",1,1
1900,2025-12-12,"2025-12-04","Bagels - Honey Buckwheat - BU - Bag",1,10.9
1900,2025-12-12,"2025-12-04","Chicken - Thighs /lbs  - lbs",1,7.94
1900,2025-12-12,"2025-12-04","Eggs - Dozen",1,6.25
1900,2025-12-12,"2025-12-04","Multigrain Bread  - Each",2,6.25
1900,2025-12-12,"2025-12-04","Mushrooms (1.0 Shiitake) - Shiitake",1,8.25
1900,2025-12-12,"2025-12-04","Pasta Long Bi-color - Lb.",1,6.5
1900,2025-12-12,"2025-12-04","Peppers - Green/Red Bell - 3-pack",1,4
1900,2025-12-12,"2025-12-04","Popped Corn - Organic - Bag",1,3
1900,2025-12-12,"2025-12-04","Pork Italian Bulk - D&M - Lb.",1,8
1900,2025-12-12,"2025-12-04","Tastachios - Oz.",1,8.5
1900,2025-12-12,"2025-12-04","Tomatoes - Funky Bunch - Pint",1,5.75
1900,2025-12-12,"2025-12-04","Extra Credit - Each",74.84,1.06
1900,2025-12-12,"2025-12-04","Mini",1,46.28
1900,2025-12-12,"2025-12-04","Whole MILK-e",1,8.49
1236,2025-12-12,"2025-12-04","Eggs - BW - Dozen",1,6.25
1236,2025-12-12,"2025-12-04","Cauliflower - lb. - lbs",1,6.5
1236,2025-12-12,"2025-12-04","Dark Chocolate Lolli - Each",1,1.75
1236,2025-12-12,"2025-12-04","Dark Chocolate Square  - Each",1,1.75
1236,2025-12-12,"2025-12-04","Eggs - Dozen",1,6.25
1236,2025-12-12,"2025-12-04","Ground Beef - D&M - Lb.",1,10.25
1236,2025-12-12,"2025-12-04","Tomatoes - Heirloom - Bag",1,8.5
1236,2025-12-12,"2025-12-04","Extra Credit - Each",7.25,1.06
1236,2025-12-12,"2025-12-04","FSA/FSD",1,64.37
1725,2025-12-12,"2025-12-04","Milk - Creamline - Oz.",1,7.98
1725,2025-12-12,"2025-12-04","Eggs - BW - Dozen",2,6.25
1725,2025-12-12,"2025-12-04","Kirkwood Pickup Time (1.0 PORCH) - PORCH",1,0
1725,2025-12-12,"2025-12-04","Apple Cider - Half Gallon",1,9.25
1725,2025-12-12,"2025-12-04","Ground Beef - Wagyu MJC - Lb.",1,10.25
1725,2025-12-12,"2025-12-04","Extra Credit - Each",14.98,1.06
1725,2025-12-12,"2025-12-04","Mini",1,46.28
364,2025-12-12,"2025-12-04","Milk - Whole - Oz.",1,7.98
364,2025-12-12,"2025-12-04","Eggs - Dozen",1,6.25
364,2025-12-12,"2025-12-04","Hoagie - T - Each",1,3.35
364,2025-12-12,"2025-12-04","Light and Mild - T - Loaf",1,8
364,2025-12-12,"2025-12-04","Yogurt - Vanilla - Oz.",1,6.75
364,2025-12-12,"2025-12-04","Extra Credit - Each",3.08,1.06
364,2025-12-12,"2025-12-04","FSC",1,64.37
1873,2025-12-12,"2025-12-04","Eggs - BW - Dozen",1,6.25
1873,2025-12-12,"2025-12-04","Mothership Pickup Time (3.0 @4:30-5) - @4:30-5",1,0
1873,2025-12-12,"2025-12-04","Apples - Suncrisp - Bag",1,5.75
1873,2025-12-12,"2025-12-04","Bagels - Everything - Bag",1,6.75
1873,2025-12-12,"2025-12-04","Boneless Pork Chop - D&M /lb - Lb.",1,14.52
1873,2025-12-12,"2025-12-04","Spinach - Bag",1,5.25
1873,2025-12-12,"2025-12-04","Extra Credit - Each",13.52,1.06
1873,2025-12-12,"2025-12-04","Mini",1,46.28
1006,2025-12-12,"2025-12-04","Broccoli (1.0 Head) - Head",1,4.25
1006,2025-12-12,"2025-12-04","Dark Bar 72% - Package",1,2.75
1006,2025-12-12,"2025-12-04","Dark Chocolate Almond Bar - Pack",1,4.8
1006,2025-12-12,"2025-12-04","Kale - Green Curly - Bag",1,5
1006,2025-12-12,"2025-12-04","Pasta Bi-color Short - Lb.",1,6.5
1006,2025-12-12,"2025-12-04","UCA/KWA",1,64.37
76,2025-12-12,"2025-12-04","Apple Sauce - Organic Qt. - Quart",1,10.5
76,2025-12-12,"2025-12-04","Pasta Long Bi-color - Lb.",1,6.5
76,2025-12-12,"2025-12-04","Pork Italian Bulk - D&M - Lb.",1,8
76,2025-12-12,"2025-12-04","Mini",1,46.28
734,2025-12-12,"2025-12-04","Mothership Pickup Time (4.0 @5-5:30) - @5-5:30",1,0
734,2025-12-12,"2025-12-04","Cauliflower - Romanesco - Lb.",1,6.5
734,2025-12-12,"2025-12-04","Eggs - Dozen",1,6.25
734,2025-12-12,"2025-12-04","Oat Porridge Bread - T - Each",1,8.8
734,2025-12-12,"2025-12-04","Peppers - Carmen - 2-pack",1,3
734,2025-12-12,"2025-12-04","Tomatoes - Funky Bunch - Pint",1,5.75
734,2025-12-12,"2025-12-04","Winter Squash - Autumn Frost - Each",1,3.5
734,2025-12-12,"2025-12-04","FSA/FSD",1,64.37
1453,2025-12-12,"2025-12-04","Mothership Pickup Time (1.0 @3:30-4) - @3:30-4",1,0
1453,2025-12-12,"2025-12-04","Apple Cider - Half Gallon",1,9.25
1453,2025-12-12,"2025-12-04","Chevre PF - Choice",1,8.5
1453,2025-12-12,"2025-12-04","Chips - Tortilla - Bag",1,4.25
1453,2025-12-12,"2025-12-04","Ground Beef - Jersey MJC - Lb.",1,8.75
1453,2025-12-12,"2025-12-04","Extra Credit - Each",1.5,1.06
1453,2025-12-12,"2025-12-04","FSC",1,64.37
1453,2025-12-12,"2025-12-04","Whole MILK",1,8.49
587,2025-12-12,"2025-12-04","Gringo's Salsa Choice ($5) - Pint",1,5
587,2025-12-12,"2025-12-04","Mothership Pickup Time (1.0 @3:30-4) - @3:30-4",1,0
587,2025-12-12,"2025-12-04","Beef - Stew Meat - Pack",1,10.25
587,2025-12-12,"2025-12-04","Eggs - Dozen",1,6.25
587,2025-12-12,"2025-12-04","Yogurt Choice  - Each",1,6.75
587,2025-12-12,"2025-12-04","Half",1,68.89
404,2025-12-12,"2025-12-04","Kirkwood Pickup Time - @1-1:30",1,0
404,2025-12-12,"2025-12-04","Cashews Raw - Bag",1,18.75
404,2025-12-12,"2025-12-04","Mushrooms - Choice",1,8.25
404,2025-12-12,"2025-12-04","Extra Credit - Each",3.5,1.06
404,2025-12-12,"2025-12-04","UCA/KWA",1,64.37
608,2025-12-12,"2025-12-04","Jam - Strawberry - Rhubarb - Pint",1,7.5
608,2025-12-12,"2025-12-04","Kirkwood Pickup Time (2.0 @1:30-2) - @1:30-2",1,0
608,2025-12-12,"2025-12-04","Beef - Stew Meat - Pack",1,10.25
608,2025-12-12,"2025-12-04","Eggs - Dozen",1,6.25
608,2025-12-12,"2025-12-04","Lasagna (1.0 Cheese) - Cheese",1,14.5
608,2025-12-12,"2025-12-04","Pork Steaks/lb. - Pack",1,18.39
608,2025-12-12,"2025-12-04","Salame - Finocchiona - Each",1,12.35
608,2025-12-12,"2025-12-04","Extra Credit - Each",40.99,1.06
608,2025-12-12,"2025-12-04","Half",1,68.89
1746,2025-12-12,"2025-12-04","Stringbean Peru - Oz.",1,15.45
1746,2025-12-12,"2025-12-04","Kirkwood Pickup Time - @1-1:30",1,0
1746,2025-12-12,"2025-12-04","Apples - Golden Delicious - Bag",1,5.75
1746,2025-12-12,"2025-12-04","Eggs - Dozen",1,6.25
1746,2025-12-12,"2025-12-04","Garlic - Cured Bag - Bag",1,4.5
1746,2025-12-12,"2025-12-04","Extra Credit - Each",8.45,1.06
1746,2025-12-12,"2025-12-04","UCA/KWA",1,64.37
1313,2025-12-12,"2025-12-04","Kirkwood Pickup Time (1.0 PORCH) - PORCH",1,0
1313,2025-12-12,"2025-12-04","Aged Cheddar - HBC - Each",1,6.5
1313,2025-12-12,"2025-12-04","Chicken - Breakfast Links - Each",1,10
1313,2025-12-12,"2025-12-04","Eggs - Dozen",1,6.25
1313,2025-12-12,"2025-12-04","Hoagie - T - Each",1,3.35
1313,2025-12-12,"2025-12-04","Pasta - Short Egg  - Lb.",1,6.5
1313,2025-12-12,"2025-12-04","Pork Snack Sticks - 5 pk (1.0 Spicy) - Spicy",1,8.25
1313,2025-12-12,"2025-12-04","Extra Credit - Each",12.6,1.06
1313,2025-12-12,"2025-12-04","Half",1,68.89
1375,2025-12-12,"2025-12-04","Mothership Pickup Time (2.0 @4-4:30) - @4-4:30",1,0
1375,2025-12-12,"2025-12-04","Apples - Suncrisp - Bag",1,5.75
1375,2025-12-12,"2025-12-04","Gnocchi - Spinach  - Lb.",1,6.5
1375,2025-12-12,"2025-12-04","Mushrooms - Chestnut - Bag",1,8.25
1375,2025-12-12,"2025-12-04","Extra Credit - Each",20.5,1.06
491,2025-12-12,"2025-12-04","Kirkwood Pickup Time (1.0 PORCH) - PORCH",1,0
491,2025-12-12,"2025-12-04","Bagels - Raisin - Bag",1,6.75
491,2025-12-12,"2025-12-04","Peppers - Green/Red Bell - 3-pack",1,4
491,2025-12-12,"2025-12-04","Pork Italian Bulk - D&M - Lb.",1,8
491,2025-12-12,"2025-12-04","Winter Squash - Butternut (1.0 Medium) - Medium",1,4
491,2025-12-12,"2025-12-04","Yogurt - Vanilla - Oz.",1,6.75
491,2025-12-12,"2025-12-04","Extra Credit - Each",4.5,1.06
491,2025-12-12,"2025-12-04","Mini",1,46.28
1752,2025-12-12,"2025-12-04","Mothership Pickup Time - @6:30-7",1,0
1752,2025-12-12,"2025-12-04","Apples - Suncrisp - Bag",1,5.75
1752,2025-12-12,"2025-12-04","Beef - Stew Meat - Pack",1,10.25
1752,2025-12-12,"2025-12-04","Chicken Links - Sundried Tomato - lbs",1,10
1752,2025-12-12,"2025-12-04","Eggs - Dozen",1,6.25
1752,2025-12-12,"2025-12-04","Multigrain Bread - Frozen - Loaf",1,6.25
1752,2025-12-12,"2025-12-04","Ravioli - Mushroom  - Lb.",1,9
1752,2025-12-12,"2025-12-04","Tomatoes - Funky Bunch - Pint",1,5.75
1752,2025-12-12,"2025-12-04","Extra Credit - Each",25,1.06
1752,2025-12-12,"2025-12-04","Half",1,68.89
636,2025-12-12,"2025-12-04","Cheese Choice $6.50 - Each",1,6.5
636,2025-12-12,"2025-12-04","Chicken - Breakfast - Pack",1,10
636,2025-12-12,"2025-12-04","Del Carmen Choice - Tub",1,6.25
636,2025-12-12,"2025-12-04","Honey - Qt. - Jar",1,20
636,2025-12-12,"2025-12-04","Pork Snack Sticks - 5 pk (1.0 Spicy) - Spicy",1,8.25
636,2025-12-12,"2025-12-04","Extra Credit - Each",14.5,1.06
636,2025-12-12,"2025-12-04","FSA/FSD",1,64.37
636,2025-12-12,"2025-12-04","Whole MILK",1,8.49
250,2025-12-12,"2025-12-04","Half & Half - Pint",1,4.75
250,2025-12-12,"2025-12-04","Mothership Pickup Time (1.0 @3:30-4) - @3:30-4",1,0
250,2025-12-12,"2025-12-04","Mothership Pickup Time (5.0 @5:30-6) - @5:30-6",1,0
250,2025-12-12,"2025-12-04","Eggs - Dozen",1,6.25
250,2025-12-12,"2025-12-04","Ground Beef - BM&P - Each",1,10.25
250,2025-12-12,"2025-12-04","Kale - Green Curly - Bag",1,5
250,2025-12-12,"2025-12-04","Lettuce Mix - Bag",1,5.75
250,2025-12-12,"2025-12-04","Onions - Green - Bunch",1,3.5
250,2025-12-12,"2025-12-04","Potatoes - Sweet - lbs",1,5.75
250,2025-12-12,"2025-12-04","Extra Credit - Each",7.25,1.06
250,2025-12-12,"2025-12-04","FSA/FSD",1,64.37
725,2025-12-12,"2025-12-04","Ground Turkey - Pack",1,8.75
725,2025-12-12,"2025-12-04","Mushrooms (1.0 Lion's Mane) - Lion's Mane",1,8.25
725,2025-12-12,"2025-12-04","Pork - Ground  - Lb.",1,7.25
725,2025-12-12,"2025-12-04","Winter Squash - Butternut (1.0 Large) - Large",1,5
725,2025-12-12,"2025-12-04","Extra Credit - Each",1,1.06
725,2025-12-12,"2025-12-04","Half",1,68.89
162,2025-12-12,"2025-12-04","Mothership Pickup Time (5.0 @5:30-6) - @5:30-6",1,0
162,2025-12-12,"2025-12-04","Chevre PF - Choice",1,8.5
162,2025-12-12,"2025-12-04","Janie's Bread - Thursday - Each",1,6.75
162,2025-12-12,"2025-12-04","Lettuce Head - Head",1,4.25
162,2025-12-12,"2025-12-04","Winter Squash - Acorn Sweet Potato - Each",1,4.75
162,2025-12-12,"2025-12-04","Winter Squash - Buttercup - Each",1,5.75
162,2025-12-12,"2025-12-04","Winter Squash - Georgia Candy Roaster - Each",2,8.5
162,2025-12-12,"2025-12-04","Extra Credit - Each",17.75,1.06
162,2025-12-12,"2025-12-04","FSC",1,64.37
1020,2025-12-12,"2025-12-04","Apple Cider - Half Gallon",2,9.25
1020,2025-12-12,"2025-12-04","Broccoli (1.0 Head) - Head",1,4.25
1020,2025-12-12,"2025-12-04","Cauliflower - hd. - Head",1,6.5
1020,2025-12-12,"2025-12-04","Eggs - Dozen",1,6.25
1020,2025-12-12,"2025-12-04","Extra Credit - Each",7.25,1.06
1020,2025-12-12,"2025-12-04","Half",1,68.89
196,2025-12-12,"2025-12-04","Kirkwood Pickup Time - @1-1:30",1,0
196,2025-12-12,"2025-12-04","Beets - No Tops - Lb.",1,5.75
196,2025-12-12,"2025-12-04","Broccoli (1.0 Head) - Head",1,4.25
196,2025-12-12,"2025-12-04","Cauliflower - hd. - Head",1,6.5
196,2025-12-12,"2025-12-04","Garlic - Cured Bag - Bag",1,4.5
196,2025-12-12,"2025-12-04","Pork - Tenderloin/lb - Wee - Lb.",1,11.27
196,2025-12-12,"2025-12-04","Extra Credit - Each",32.24,1.06
1243,2025-12-12,"2025-12-04","Salsa - Black Bean & Corn - Pint",1,5
1243,2025-12-12,"2025-12-04","Mothership Pickup Time (3.0 @4:30-5) - @4:30-5",1,0
1243,2025-12-12,"2025-12-04","Beef - Stew Meat - Pack",1,10.25
1243,2025-12-12,"2025-12-04","RL Eggnog 16 oz - Pint",1,6.5
1243,2025-12-12,"2025-12-04","Yogurt - Vanilla - Oz.",1,6.75
1243,2025-12-12,"2025-12-04","Extra Credit - Each",0.25,1.06
1243,2025-12-12,"2025-12-04","Half",1,68.89
133,2025-12-12,"2025-12-04","Mothership Pickup Time (2.0 @4-4:30) - @4-4:30",1,0
133,2025-12-12,"2025-12-04","Chicken Thighs - Boneless/lb. - lbs",2,8.5
133,2025-12-12,"2025-12-04","Pork Breakfast Link D&M - Pack",1,8
133,2025-12-12,"2025-12-04","Mini",1,46.28
1932,2025-12-12,"2025-12-04","Mothership Pickup Time (2.0 @4-4:30) - @4-4:30",1,0
1932,2025-12-12,"2025-12-04","Aged Cheddar - HBC - Each",1,6.5
1932,2025-12-12,"2025-12-04","Eggs - Dozen",2,6.25
1932,2025-12-12,"2025-12-04","Olive Oil Large - Bottle",1,18.5
1932,2025-12-12,"2025-12-04","Extra Credit - Each",3.5,1.06
1932,2025-12-12,"2025-12-04","FSA/FSD",1,64.37
305,2025-12-12,"2025-12-04","Eggs - BW - Dozen",1,6.25
305,2025-12-12,"2025-12-04","Kirkwood Pickup Time (1.0 PORCH) - PORCH",1,0
305,2025-12-12,"2025-12-04","Chicken - Ground - Lb.",1,8.75
305,2025-12-12,"2025-12-04","Chicken Breasts /lb. - Pack",1,9.08
305,2025-12-12,"2025-12-04","Extra Credit - Each",0.58,1.06
305,2025-12-12,"2025-12-04","UCA/KWA",1,64.37
1424,2025-12-12,"2025-12-04","Ground Turkey - Pack",1,8.75
1424,2025-12-12,"2025-12-04","Dark Chocolate Almond Bar - Pack",1,4.8
1424,2025-12-12,"2025-12-04","Ground Beef - BM&P - Each",1,10.25
1424,2025-12-12,"2025-12-04","Kale - Green Curly - Bag",1,5
1424,2025-12-12,"2025-12-04","Peppers - Green/Red Bell - 3-pack",1,4
1424,2025-12-12,"2025-12-04","Potatoes - Regular - lbs",1,5.75
1424,2025-12-12,"2025-12-04","Potatoes - Yukon Gold - lbs",1,6
1424,2025-12-12,"2025-12-04","Extra Credit - Each",44.55,1.06
1424,2025-12-12,"2025-12-04","BYO - No Share, Order Only",1,0
1424,2025-12-12,"2025-12-04","Whole MILK-e",1,8.49
127,2025-12-12,"2025-12-04","Mothership Pickup Time (1.0 @3:30-4) - @3:30-4",1,0
127,2025-12-12,"2025-12-04","Bacon Ends /lb. - Package",1,15.84
127,2025-12-12,"2025-12-04","Chicken - Whole $4.75/lb. - Each",1,18.91
127,2025-12-12,"2025-12-04","Eggs - Dozen",1,6.25
127,2025-12-12,"2025-12-04","Granola Bar - Each",1,3.75
127,2025-12-12,"2025-12-04","Pork Shoulder Small/lb. - Pack",1,32.71
127,2025-12-12,"2025-12-04","Extra Credit - Each",48.21,1.06
127,2025-12-12,"2025-12-04","FSC",1,64.37
128,2025-12-12,"2025-12-04","Kirkwood Pickup Time (2.0 @1:30-2) - @1:30-2",1,0
128,2025-12-12,"2025-12-04","Chicken - Ground - Lb.",1,8.75
128,2025-12-12,"2025-12-04","Mushrooms (1.0 Shiitake) - Shiitake",1,8.25
128,2025-12-12,"2025-12-04","Pasta Bi-color Short - Lb.",1,6.5
128,2025-12-12,"2025-12-04","UCA/KWA",1,64.37
643,2025-12-12,"2025-12-04","Mothership Pickup Time (5.0 @5:30-6) - @5:30-6",1,0
643,2025-12-12,"2025-12-04","Ground Beef - D&M - Lb.",1,10.25
643,2025-12-12,"2025-12-04","Hummus - Beet & Pepita - Tub",1,6.75
643,2025-12-12,"2025-12-04","Hummus - Carrot & Ginger - Tub",1,6.75
643,2025-12-12,"2025-12-04","Radishes - Purple Heart - Bunch",1,5.25
643,2025-12-12,"2025-12-04","Tortellini - Cheese - Lb.",1,9
643,2025-12-12,"2025-12-04","Wild Cod/LB* - Pack",1,7.75
643,2025-12-12,"2025-12-04","Winter Squash - Autumn Frost - Each",1,3.5
643,2025-12-12,"2025-12-04","Winter Squash - Buttercup - Each",1,5.75
643,2025-12-12,"2025-12-04","Extra Credit - Each",21,1.06
643,2025-12-12,"2025-12-04","FSA/FSD",1,64.37
1468,2025-12-12,"2025-12-04","Mothership Pickup Time (3.0 @4:30-5) - @4:30-5",1,0
1468,2025-12-12,"2025-12-04","Apple Sauce - Organic Qt. - Quart",1,10.5
1468,2025-12-12,"2025-12-04","Pork Italian Bulk - D&M - Lb.",1,8
1468,2025-12-12,"2025-12-04","Tomatoes - Slicing - Bag",1,6.5
1468,2025-12-12,"2025-12-04","Mini",1,46.28
622,2025-12-12,"2025-12-04","Chicken - Ground - Lb.",1,8.75
622,2025-12-12,"2025-12-04","Mushrooms - Choice",1,8.25
622,2025-12-12,"2025-12-04","Pasta Bi-color Short - Lb.",1,6.5
622,2025-12-12,"2025-12-04","UCA/KWA",1,64.37
793,2025-12-12,"2025-12-04","Apple Sauce - Organic Qt. - Quart",1,10.5
793,2025-12-12,"2025-12-04","Eggs - Dozen",2,6.25
793,2025-12-12,"2025-12-04","Sesame Hoagie - T - Each",1,3.6
793,2025-12-12,"2025-12-04","Extra Credit - Each",1.6,1.06
793,2025-12-12,"2025-12-04","Mini",1,46.28
242,2025-12-12,"2025-12-04","Peanut Butter EW - Pint",1,7.75
242,2025-12-12,"2025-12-04","Pizza - Sausage Pepperoni - Each",1,8
242,2025-12-12,"2025-12-04","Mothership Pickup Time (1.0 @3:30-4) - @3:30-4",1,0
242,2025-12-12,"2025-12-04","Auction Donation - $",1,1
242,2025-12-12,"2025-12-04","Eggs - Dozen",1,6.25
242,2025-12-12,"2025-12-04","Semolina - T - Loaf",1,6.75
242,2025-12-12,"2025-12-04","Extra Credit - Each",0.5,1.06
242,2025-12-12,"2025-12-04","FSC",1,64.37
1213,2025-12-12,"2025-12-04","Mothership Pickup Time (2.0 @4-4:30) - @4-4:30",1,0
1213,2025-12-12,"2025-12-04","Beef - Stew Meat - Pack",1,10.25
1213,2025-12-12,"2025-12-04","Rice - White - Lb.",1,6
1213,2025-12-12,"2025-12-04","Sourdough Bread - Lb.",1,6.25
1213,2025-12-12,"2025-12-04","Yogurt - Vanilla - Oz.",1,6.75
1213,2025-12-12,"2025-12-04","Extra Credit - Each",1,1.06
1213,2025-12-12,"2025-12-04","Half",1,68.89
1213,2025-12-12,"2025-12-04","Skim MILK-e",1,8.49
39,2025-12-12,"2025-12-04","Apple Sauce - Organic Qt. - Quart",1,10.5
39,2025-12-12,"2025-12-04","F2F: Seafood Mac N Cheese - lbs",1,33.35
39,2025-12-12,"2025-12-04","FF Dish -  Risotto Crawfish - Tub",1,14
39,2025-12-12,"2025-12-04","FF Dish - Risotto - Tub",1,14
39,2025-12-12,"2025-12-04","FF Soup - Butternut Squash - Tub",1,10.15
39,2025-12-12,"2025-12-04","Milk Chocolate Caramels - 4-pack",1,11.25
39,2025-12-12,"2025-12-04","Pasta Long Bi-color - Lb.",1,6.5
39,2025-12-12,"2025-12-04","Pork Italian Bulk - D&M - Lb.",1,8
39,2025-12-12,"2025-12-04","Extra Credit - Each",82.75,1.06
39,2025-12-12,"2025-12-04","Mini",1,46.28
1750,2025-12-12,"2025-12-04","Ground Turkey - Pack",1,8.75
1750,2025-12-12,"2025-12-04","Salsa - Gringo's Medium - Pint",1,5
1750,2025-12-12,"2025-12-04","Mothership Pickup Time (5.0 @5:30-6) - @5:30-6",1,0
1750,2025-12-12,"2025-12-04","Black Beans DC - Tub",1,6.25
1750,2025-12-12,"2025-12-04","Broccoli (1.0 Head) - Head",1,4.25
1750,2025-12-12,"2025-12-04","Carrots no tops - Lb.",1,5.75
1750,2025-12-12,"2025-12-04","Chicken Breasts /lb. - Pack",1,9.08
1750,2025-12-12,"2025-12-04","Potatoes - Regular - lbs",1,5.75
1750,2025-12-12,"2025-12-04","Winter Squash - Butternut (1.0 Medium) - Medium",1,4
1750,2025-12-12,"2025-12-04","Extra Credit - Each",23.83,1.06
1750,2025-12-12,"2025-12-04","Mini",1,46.28
1771,2025-12-12,"2025-12-04","Half & Half - Pint",1,4.75
1771,2025-12-12,"2025-12-04","Stringbean Red Eye  - Oz.",1,15.45
1771,2025-12-12,"2025-12-04","Mothership Pickup Time (2.0 @4-4:30) - @4-4:30",1,0
1771,2025-12-12,"2025-12-04","Bagels - Everything - BU - Bag",1,10.9
1771,2025-12-12,"2025-12-04","Pasta Long Bi-color - Lb.",1,6.5
1771,2025-12-12,"2025-12-04","Extra Credit - Each",12.6,1.06
1771,2025-12-12,"2025-12-04","Mini",1,46.28
370,2025-12-12,"2025-12-04","Ground Turkey - Pack",1,8.75
370,2025-12-12,"2025-12-04","Eggs - BW - Dozen",1,6.25
370,2025-12-12,"2025-12-04","Kirkwood Pickup Time (2.0 @1:30-2) - @1:30-2",1,0
370,2025-12-12,"2025-12-04","Chicken - Ground - Lb.",1,8.75
370,2025-12-12,"2025-12-04","Chicken - Whole $4.75/lb. - Each",1,17.58
370,2025-12-12,"2025-12-04","Chicken Links - Sundried Tomato - lbs",1,10
370,2025-12-12,"2025-12-04","Chicken Thighs - Big Bag/lb. - Pack",1,28.49
370,2025-12-12,"2025-12-04","Chicken Wings/lb. - lbs",3,5.88
370,2025-12-12,"2025-12-04","Chips - Tortilla - Bag",1,4.25
370,2025-12-12,"2025-12-04","Curds Creamy Ranch 10 oz - Bag",1,6.5
370,2025-12-12,"2025-12-04","Ground Beef - Jersey MJC - Lb.",2,8.75
370,2025-12-12,"2025-12-04","Honey - med. 12 oz. mbb  - Each",1,12.5
370,2025-12-12,"2025-12-04","Kohlrabi  - Head",1,3
370,2025-12-12,"2025-12-04","Manicotti - Spinach - Package",1,9.8
370,2025-12-12,"2025-12-04","Pork Bacon Burgers - Pack",1,15.75
370,2025-12-12,"2025-12-04","Potatoes - Yukon Gold - lbs",1,6
370,2025-12-12,"2025-12-04","Extra Credit - Each",172.76,1.06
1521,2025-12-12,"2025-12-04","Eggs - BW - Dozen",1,6.25
1521,2025-12-12,"2025-12-04","Mothership Pickup Time (1.0 @3:30-4) - @3:30-4",1,0
1521,2025-12-12,"2025-12-04","Rice - Basmati Brown - Lb.",1,6.75
1521,2025-12-12,"2025-12-04","Semolina - T - Loaf",1,6.75
1521,2025-12-12,"2025-12-04","Wild Cod/LB* - Pack",1,9
1521,2025-12-12,"2025-12-04","Extra Credit - Each",3.75,1.06
1521,2025-12-12,"2025-12-04","Mini",1,46.28
885,2025-12-12,"2025-12-04","Mothership Pickup Time - @6:30-7",1,0
885,2025-12-12,"2025-12-04","Collards - Bunch",1,5
885,2025-12-12,"2025-12-04","Dark Bar 61% - Package",1,2.75
885,2025-12-12,"2025-12-04","Laundry Soap - Bag",1,8.75
885,2025-12-12,"2025-12-04","Winter Squash - Georgia Candy Roaster - Each",1,8.5
885,2025-12-12,"2025-12-04","Mini",1,46.28
797,2025-12-12,"2025-12-04","Kirkwood Pickup Time - @1-1:30",1,0
797,2025-12-12,"2025-12-04","Cinnamon Rolls - Pack",1,6.5
797,2025-12-12,"2025-12-04","Eggs - Dozen",1,6.25
797,2025-12-12,"2025-12-04","Honey - sm. 6oz mbb.  - Each",1,6.5
797,2025-12-12,"2025-12-04","Loofah Soap (1.0 Honey Oat) - Honey Oat",2,6.5
797,2025-12-12,"2025-12-04","Extra Credit - Each",4,1.06
797,2025-12-12,"2025-12-04","Half",1,68.89
533,2025-12-12,"2025-12-04","Chicken - Big Bag Deboned Thighs/lb. - Bag",2,40
533,2025-12-12,"2025-12-04","Mothership Pickup Time (1.0 @3:30-4) - @3:30-4",1,0
533,2025-12-12,"2025-12-04","Broccoli (1.0 Head) - Head",1,4.25
533,2025-12-12,"2025-12-04","Carrots no tops - Lb.",3,5.75
533,2025-12-12,"2025-12-04","Chicken - Ground - Lb.",3,8.75
533,2025-12-12,"2025-12-04","Lettuce Mix - Bag",1,5.75
533,2025-12-12,"2025-12-04","Light and Mild - T - Loaf",1,8
533,2025-12-12,"2025-12-04","Popcorn - McKaskle - Lb.",1,5.25
533,2025-12-12,"2025-12-04","Extra Credit - Each",146.75,1.06
1819,2025-12-12,"2025-12-04","Eggs - BW - Dozen",2,6.25
1819,2025-12-12,"2025-12-04","Jam - Red Cherry HBY - Pint",1,7.5
1819,2025-12-12,"2025-12-04","Mothership Pickup Time (4.0 @5-5:30) - @5-5:30",1,0
1819,2025-12-12,"2025-12-04","Bacon - Each",1,12.75
1819,2025-12-12,"2025-12-04","Eggs - H - Dozen",1,6.25
1819,2025-12-12,"2025-12-04","Ground Beef - D&M - Lb.",2,10.25
1819,2025-12-12,"2025-12-04","Oat Porridge Bread - T - Each",1,8.8
1819,2025-12-12,"2025-12-04","Pork Chop Bone-in /lb. - Lb.",3,17.78
1819,2025-12-12,"2025-12-04","Pork Italian Links - D&M - Each",1,8
1819,2025-12-12,"2025-12-04","Spinach - Bag",1,5.25
1819,2025-12-12,"2025-12-04","Extra Credit - Each",100.89,1.06
1819,2025-12-12,"2025-12-04","FSA/FSD",1,64.37
1819,2025-12-12,"2025-12-04","Whole MILK",4,8.49
904,2025-12-12,"2025-12-04","Milk - Whole - Oz.",1,7.98
904,2025-12-12,"2025-12-04","Mothership Pickup Time (2.0 @4-4:30) - @4-4:30",1,0
904,2025-12-12,"2025-12-04","Eggs - Dozen",1,6.25
904,2025-12-12,"2025-12-04","Peppers - Green/Red Bell - 3-pack",1,4
904,2025-12-12,"2025-12-04","Winter Squash - Georgia Candy Roaster - Each",1,8.5
904,2025-12-12,"2025-12-04","Winter Squash - Pie Pumpkin - Each",1,3.75
904,2025-12-12,"2025-12-04","Half",1,68.89
1440,2025-12-12,"2025-12-04","Peanuts - Salted Blanched - Oz.",1,6.5
1440,2025-12-12,"2025-12-04","Beef - Stew Meat - Pack",1,10.25
1440,2025-12-12,"2025-12-04","Chicken Breasts /lb. - Pack",1,9.08
1440,2025-12-12,"2025-12-04","Spinach - Bag",1,5.25
1440,2025-12-12,"2025-12-04","Extra Credit - Each",2.83,1.06
1440,2025-12-12,"2025-12-04","Half",1,68.89
1683,2025-12-12,"2025-12-04","Kirkwood Pickup Time - @1-1:30",1,0
1683,2025-12-12,"2025-12-04","Bacon - Each",1,12.75
1683,2025-12-12,"2025-12-04","Chicken Breasts /lb. - Pack",1,9.08
1683,2025-12-12,"2025-12-04","Seedy Wheaty - Frozen - Loaf",1,3.5
1683,2025-12-12,"2025-12-04","Extra Credit - Each",1.83,1.06
1683,2025-12-12,"2025-12-04","UCA/KWA",1,64.37
959,2025-12-12,"2025-12-04","Gringo's Salsa Choice ($5) - Pint",1,5
959,2025-12-12,"2025-12-04","Mothership Pickup Time - @6:30-7",1,0
959,2025-12-12,"2025-12-04","Beef - Stew Meat - Pack",1,10.25
959,2025-12-12,"2025-12-04","Black Beans - Dry - Lb.",1,3
959,2025-12-12,"2025-12-04","Eggs - Dozen",1,6.25
959,2025-12-12,"2025-12-04","Garlic - Cured Bag - Bag",1,4.5
959,2025-12-12,"2025-12-04","Oats - Rolled 5# - Bag",1,12.25
959,2025-12-12,"2025-12-04","Tomatoes - Slicing - Bag",1,6.5
959,2025-12-12,"2025-12-04","Yogurt Choice  - Each",1,6.75
959,2025-12-12,"2025-12-04","Extra Credit - Each",26.25,1.06
959,2025-12-12,"2025-12-04","Half",1,50.19
959,2025-12-12,"2025-12-04","2% MILK-e",1,8.49
959,2025-12-12,"2025-12-04","Creamline MILK-e",1,8.49
845,2025-12-12,"2025-12-04","Salsa - Gringo's Hot - Pint",1,5
845,2025-12-12,"2025-12-04","Stringbean Malawi Peaberry - Oz.",1,15.45
845,2025-12-12,"2025-12-04","Mothership Pickup Time (4.0 @5-5:30) - @5-5:30",1,0
845,2025-12-12,"2025-12-04","Chips - Tortilla - Bag",1,4.25
845,2025-12-12,"2025-12-04","Feta Cheese - HBC - Each",1,6.5
845,2025-12-12,"2025-12-04","Pork Italian Links - D&M - Each",1,8
845,2025-12-12,"2025-12-04","Extra Credit - Each",9.95,1.06
845,2025-12-12,"2025-12-04","FSC",1,64.37
1582,2025-12-12,"2025-12-04","Potato Chips Original - Mini - Oz.",1,1.5
1582,2025-12-12,"2025-12-04","Apple Sauce - Organic Qt. - Quart",1,10.5
1582,2025-12-12,"2025-12-04","Marshmallow Pie - Each",1,8
1582,2025-12-12,"2025-12-04","Pasta Long Bi-color - Lb.",1,6.5
1582,2025-12-12,"2025-12-04","Pork Italian Bulk - D&M - Lb.",1,8
1582,2025-12-12,"2025-12-04","Semolina - T - Loaf",1,6.75
1582,2025-12-12,"2025-12-04","Extra Credit - Each",16.25,1.06
1582,2025-12-12,"2025-12-04","Mini",1,46.28
463,2025-12-12,"2025-12-04","Apple Sauce - Organic Qt. - Quart",1,10.5
463,2025-12-12,"2025-12-04","Pasta Long Bi-color - Lb.",1,6.5
463,2025-12-12,"2025-12-04","Pork Italian Bulk - D&M - Lb.",1,8
463,2025-12-12,"2025-12-04","Mini",1,46.28
810,2025-12-12,"2025-12-04","Peanut Butter MC - Tub",1,7.75
810,2025-12-12,"2025-12-04","Mothership Pickup Time (3.0 @4:30-5) - @4:30-5",1,0
810,2025-12-12,"2025-12-04","Apple Sauce - Organic Qt. - Quart",1,10.5
810,2025-12-12,"2025-12-04","Bacon - Each",1,12.75
810,2025-12-12,"2025-12-04","Hoagie - Wednesday - Each",1,3.35
810,2025-12-12,"2025-12-04","Mushrooms (1.0 Lion's Mane) - Lion's Mane",1,8.25
810,2025-12-12,"2025-12-04","Pork Italian Bulk - D&M - Lb.",1,8
810,2025-12-12,"2025-12-04","Extra Credit - Each",23.1,1.06
810,2025-12-12,"2025-12-04","Mini",1,46.28
810,2025-12-12,"2025-12-04","Chocolate MILK",1,9.43
704,2025-12-12,"2025-12-10","Eggs - BW - Dozen",1,6.25
704,2025-12-12,"2025-12-10","Apples - Golden Delicious - Bag",1,5.75
704,2025-12-12,"2025-12-10","Black Pepper Cheddar - Each",2,6.5
704,2025-12-12,"2025-12-10","Bread Pudding - Muffin - Each",1,4
704,2025-12-12,"2025-12-10","Sourdough Bread - Frozen - Lb.",1,6.25
704,2025-12-12,"2025-12-10","Extra Credit - Each",5.5,1.06
704,2025-12-12,"2025-12-10","FSA/FSD",1,64.37
291,2025-12-12,"2025-12-10","Mothership Pickup Time (2.0 @4-4:30) - @4-4:30",1,0
291,2025-12-12,"2025-12-10","Buttermilk - Qt.  - Quart",1,6.5
291,2025-12-12,"2025-12-10","Bacon - Each",1,12.75
291,2025-12-12,"2025-12-10","Eggs - Dozen",1,6.25
291,2025-12-12,"2025-12-10","Semolina - Wednesday - Loaf",1,6.75
291,2025-12-12,"2025-12-10","Wildcard $6.5 - Each",1,6.5
291,2025-12-12,"2025-12-10","Extra Credit - Each",2.75,1.06
291,2025-12-12,"2025-12-10","Half",1,68.89
1045,2025-12-12,"2025-12-10","Apple Cider - Frozen - Half Gallon",1,9.25
1045,2025-12-12,"2025-12-10","Cheddar - Tipsy - Package",1,6.5
1045,2025-12-12,"2025-12-10","Mothership Pickup Time (3.0 @4:30-5) - @4:30-5",1,0
1045,2025-12-12,"2025-12-10","$ for green bags donation - $",1,1
1045,2025-12-12,"2025-12-10","Cabbage - Chinese - Head",1,3.75
1045,2025-12-12,"2025-12-10","Cauliflower - hd. - Head",1,6.5
1045,2025-12-12,"2025-12-10","Chicken - Breakfast Links - Each",1,10
1045,2025-12-12,"2025-12-10","Deli Rye Bread - Frozen - Lb.",1,9.75
1045,2025-12-12,"2025-12-10","Eggs - Dozen",2,6.25
1045,2025-12-12,"2025-12-10","Onions - Green - Bunch",1,3.5
1045,2025-12-12,"2025-12-10","Pizza Sourdough - Frozen - Pack",1,5
1045,2025-12-12,"2025-12-10","Sesame Hoagie -W - Each",1,3.6
1045,2025-12-12,"2025-12-10","Extra Credit - Each",35.35,1.06
1045,2025-12-12,"2025-12-10","Half",1,68.89
482,2025-12-12,"2025-12-10","Eggs - BW - Dozen",2,6.25
482,2025-12-12,"2025-12-10","Marinara Sauce - Jar",1,8.75
482,2025-12-12,"2025-12-10","Pasta Bi-color Short - Lb.",1,6.5
482,2025-12-12,"2025-12-10","Mini",1,46.28
1983,2025-12-12,"2025-12-10","Aged Cheddar - HBC - Each",1,6.5
1983,2025-12-12,"2025-12-10","Beef - Stew Meat - Pack",1,10.25
1983,2025-12-12,"2025-12-10","Chevre PF (1.0 Plain) - Plain",1,8.5
1983,2025-12-12,"2025-12-10","Lettuce - Salanova - Bag",1,4.25
1983,2025-12-12,"2025-12-10","Tastachios - Oz.",1,8.5
1983,2025-12-12,"2025-12-10","Tomatoes - Heirloom - Bag",1,8.5
1983,2025-12-12,"2025-12-10","Tortillas Sourdough - Frozen - Pack",1,5
1983,2025-12-12,"2025-12-10","Extra Credit - Each",23.75,1.06
1983,2025-12-12,"2025-12-10","Mini",1,46.28
553,2025-12-12,"2025-12-10","Stringbean Brazilian - Oz.",1,15.45
553,2025-12-12,"2025-12-10","Mothership Pickup Time (1.0 @3:30-4) - @3:30-4",1,0
553,2025-12-12,"2025-12-10","Chicken Links - Apple Cinnamon - Lb.",1,10
553,2025-12-12,"2025-12-10","Eggs - Dozen",1,6.25
553,2025-12-12,"2025-12-10","English Muffin Sourdough - Frozen - Pack",1,5
553,2025-12-12,"2025-12-10","Missouri Pecans - Each",1,6.5
553,2025-12-12,"2025-12-10","Extra Credit - Each",15.45,1.06
553,2025-12-12,"2025-12-10","Mini",1,46.28
262,2025-12-12,"2025-12-10","Chicken - BULK Breasts /lb. - Pack",1,41.4
262,2025-12-12,"2025-12-10","Chicken - Big Bag Deboned Thighs/lb. - Bag",1,40.16
262,2025-12-12,"2025-12-10","Milk - 2%  - Oz.",1,7.98
262,2025-12-12,"2025-12-10","Milk - Whole - Oz.",1,7.98
262,2025-12-12,"2025-12-10","Eggs - BW - Dozen",2,6.25
262,2025-12-12,"2025-12-10","UCity Pickup Time - @4:30-5",1,0
262,2025-12-12,"2025-12-10","Chicken - Breakfast Links - Each",2,10
262,2025-12-12,"2025-12-10","Chicken Links - Andouille  - Lb.",1,10
262,2025-12-12,"2025-12-10","Chicken Links - Chorizo - Lb.",1,10
262,2025-12-12,"2025-12-10","Eggs - H - Dozen",2,6.25
262,2025-12-12,"2025-12-10","Flaked Salmon/lb. - Lb.",1,18.46
262,2025-12-12,"2025-12-10","Gr. Beef Bundle DM(10-pack) - 10-pack",1,95
262,2025-12-12,"2025-12-10","Rice - Basmati Brown - Lb.",2,6.75
262,2025-12-12,"2025-12-10","Sliced Summer Sausage - Bag",1,8.5
262,2025-12-12,"2025-12-10","Yogurt - Plain - Oz.",1,6.75
262,2025-12-12,"2025-12-10","Extra Credit - Each",266.23,1.06
262,2025-12-12,"2025-12-10","Half",1,68.89
1339,2025-12-12,"2025-12-10","Milk - 2%  - Oz.",1,7.98
1339,2025-12-12,"2025-12-10","Milk - Whole - Oz.",1,7.98
1339,2025-12-12,"2025-12-10","Winter Squash - Acorn - Each",1,3.25
1339,2025-12-12,"2025-12-10","Mothership Pickup Time (5.0 @5:30-6) - @5:30-6",1,0
1339,2025-12-12,"2025-12-10","Carrots no tops - Lb.",1,5.75
1339,2025-12-12,"2025-12-10","Winter Squash - Spaghetti (1.0 Large) - Large",1,4.75
1339,2025-12-12,"2025-12-10","FSA/FSD",1,64.37
1339,2025-12-12,"2025-12-10","Whole MILK",1,8.49
1038,2025-12-12,"2025-12-10","Mothership Pickup Time (4.0 @5-5:30) - @5-5:30",1,0
1038,2025-12-12,"2025-12-10","Missouri Pecans (1.0 Halves) - Halves",1,6.5
1038,2025-12-12,"2025-12-10","Mushrooms (1.0 Lion's Mane) - Lion's Mane",1,8.25
1038,2025-12-12,"2025-12-10","Winter Squash - Butternut (1.0 Medium) - Medium",1,4
1038,2025-12-12,"2025-12-10","Yogurt - Plain - Oz.",2,6.75
1038,2025-12-12,"2025-12-10","Extra Credit - Each",4.5,1.06
1038,2025-12-12,"2025-12-10","Mini",1,46.28
1741,2025-12-12,"2025-12-10","Apple Sauce - Organic Qt. - Quart",1,10.5
1741,2025-12-12,"2025-12-10","Eggs - Dozen",1,6.25
1741,2025-12-12,"2025-12-10","Grains Wildcard $4.75 - Each",1,4.75
1741,2025-12-12,"2025-12-10","Pork Choice $8 - Pack",1,8
1741,2025-12-12,"2025-12-10","Wildcard $6.5 - Each",1,6.5
1741,2025-12-12,"2025-12-10","Half",1,68.89
1197,2025-12-12,"2025-12-10","Apple Cider - Frozen - Half Gallon",1,9.25
1197,2025-12-12,"2025-12-10","Salsa - Black Bean & Corn - Pint",1,5
1197,2025-12-12,"2025-12-10","Chicken Links - Lemon Pepper - Lb.",1,10
1197,2025-12-12,"2025-12-10","Crunchy Peanut Butter - Jar",1,7.75
1197,2025-12-12,"2025-12-10","Curry Sauce (1.0 Mango) - Mango",1,11.5
1197,2025-12-12,"2025-12-10","Eggs - Dozen",2,6.25
1197,2025-12-12,"2025-12-10","Kairos Sourdough Choice $5 - Pack",1,5
1197,2025-12-12,"2025-12-10","Extra Credit - Each",33.25,1.06
1687,2025-12-12,"2025-12-10","Milk - Whole - Oz.",1,7.98
1687,2025-12-12,"2025-12-10","Mothership Pickup Time (1.0 @3:30-4) - @3:30-4",1,0
1687,2025-12-12,"2025-12-10","Food for Ferals Donation - $",5,1
1687,2025-12-12,"2025-12-10","Auction Donation - $",5,1
1687,2025-12-12,"2025-12-10","Black Beans - Dry - Lb.",1,3
1687,2025-12-12,"2025-12-10","Curds Taco Spice 10 oz - Bag",1,6.5
1687,2025-12-12,"2025-12-10","Eggs - Dozen",2,6.25
1687,2025-12-12,"2025-12-10","Lettuce - Salanova - Bag",1,4.25
1687,2025-12-12,"2025-12-10","Mushrooms (1.0 Lion's Mane) - Lion's Mane",1,8.25
1687,2025-12-12,"2025-12-10","Peppers - Lunchbox - Bag",1,5
1687,2025-12-12,"2025-12-10","Semolina - Wednesday - Loaf",1,6.75
1687,2025-12-12,"2025-12-10","Tomatoes - Slicing - Bag",1,6.5
1687,2025-12-12,"2025-12-10","Extra Credit - Each",34.73,1.06
1687,2025-12-12,"2025-12-10","Half",1,68.89
1039,2025-12-12,"2025-12-10","UCity Pickup Time (3.0 @5:30-6) - @5:30-6",1,0
1039,2025-12-12,"2025-12-10","Cauliflower - Romanesco - Lb.",1,6.5
1039,2025-12-12,"2025-12-10","Eggs - Dozen",1,6.25
1039,2025-12-12,"2025-12-10","Leeks - Each",2,4
1039,2025-12-12,"2025-12-10","Semolina - Wednesday - Loaf",1,6.75
1039,2025-12-12,"2025-12-10","Tomatoes - Funky Bunch - Pint",1,5.75
1039,2025-12-12,"2025-12-10","Extra Credit - Each",2,1.06
1039,2025-12-12,"2025-12-10","UCA/KWA",1,64.37
618,2025-12-12,"2025-12-10","Eggs - BW - Dozen",1,6.25
618,2025-12-12,"2025-12-10","Mothership Pickup Time (4.0 @5-5:30) - @5-5:30",1,0
618,2025-12-12,"2025-12-10","Brussels Sprouts (1.0 Stalk) - Stalk",1,4.75
618,2025-12-12,"2025-12-10","Cauliflower - hd. - Head",1,6.5
618,2025-12-12,"2025-12-10","Missouri Pecans (1.0 Halves) - Halves",1,6.5
618,2025-12-12,"2025-12-10","Yogurt - Vanilla - Oz.",1,6.75
618,2025-12-12,"2025-12-10","Extra Credit - Each",1.5,1.06
618,2025-12-12,"2025-12-10","FSC",1,64.37
180,2025-12-12,"2025-12-10","UCity Pickup Time - @4:30-5",1,0
180,2025-12-12,"2025-12-10","Carrots no tops - Lb.",1,5.75
180,2025-12-12,"2025-12-10","Honey - Wildflower - Bottle",1,11.25
180,2025-12-12,"2025-12-10","Kairos Sourdough Choice $5 - Pack",1,5
180,2025-12-12,"2025-12-10","Yogurt - Strawberry - Oz.",1,6.75
180,2025-12-12,"2025-12-10","Extra Credit - Each",1,1.06
180,2025-12-12,"2025-12-10","Mini",1,46.28
1830,2025-12-12,"2025-12-10","Mothership Pickup Time (1.0 @3:30-4) - @3:30-4",1,0
1830,2025-12-12,"2025-12-10","Chicken - Breakfast Links - Each",1,10
1830,2025-12-12,"2025-12-10","Chicken - Ground - Lb.",1,8.75
1830,2025-12-12,"2025-12-10","Eggs - Dozen",1,6.25
1830,2025-12-12,"2025-12-10","Janie's Bread - Wednesday - Each",1,6.75
1830,2025-12-12,"2025-12-10","Mushrooms - Choice",1,8.25
1830,2025-12-12,"2025-12-10","Extra Credit - Each",7.75,1.06
1830,2025-12-12,"2025-12-10","FSA/FSD",1,64.37
1830,2025-12-12,"2025-12-10","2% MILK",1,8.49
732,2025-12-12,"2025-12-10","Mothership Pickup Time (3.0 @4:30-5) - @4:30-5",1,0
732,2025-12-12,"2025-12-10","Applewood Smoked Cheddar - Each",1,6.5
732,2025-12-12,"2025-12-10","Chicken Thighs - Boneless/lb. - lbs",2,13.86
732,2025-12-12,"2025-12-10","Eggs - Dozen",1,6.25
732,2025-12-12,"2025-12-10","Extra Credit - Each",4.47,1.06
732,2025-12-12,"2025-12-10","Half",1,68.89
421,2025-12-12,"2025-12-10","Milk - Whole - Oz.",1,7.98
421,2025-12-12,"2025-12-10","Chicken - Links ($10) - Each",1,10
421,2025-12-12,"2025-12-10","Eggs - Dozen",1,6.25
421,2025-12-12,"2025-12-10","Kairos Sourdough Choice $5 - Pack",1,5
421,2025-12-12,"2025-12-10","Missouri Pecans - Each",1,6.5
421,2025-12-12,"2025-12-10","Extra Credit - Each",7.98,1.06
421,2025-12-12,"2025-12-10","Mini",1,46.28
1034,2025-12-12,"2025-12-10","UCity Pickup Time (2.0 @5-5:30) - @5-5:30",1,0
1034,2025-12-12,"2025-12-10","Apple Butter - Pint",1,7.5
1034,2025-12-12,"2025-12-10","Hummus - Carrot & Ginger - Tub",1,6.75
1034,2025-12-12,"2025-12-10","Loofah Soap (1.0 Eucalyptus Mint) - Eucalyptus Mint",1,6.5
1034,2025-12-12,"2025-12-10","Loofah Soap (1.0 Honey Oat) - Honey Oat",1,6.5
1034,2025-12-12,"2025-12-10","T-Shirt Women's Navy (1.0 XL) - XL",1,12
1034,2025-12-12,"2025-12-10","Extra Credit - Each",3.25,1.06
1034,2025-12-12,"2025-12-10","Half",1,68.89
508,2025-12-12,"2025-12-10","Mothership Pickup Time (1.0 @3:30-4) - @3:30-4",1,0
508,2025-12-12,"2025-12-10","Cinnamon Rolls - Pack",1,6.5
508,2025-12-12,"2025-12-10","Ground Beef - Jersey MJC - Lb.",1,8.75
508,2025-12-12,"2025-12-10","Mushrooms - Choice",1,8.25
508,2025-12-12,"2025-12-10","Pasta Wildcard $6.50 - Pack",1,6.5
508,2025-12-12,"2025-12-10","Sourdough Bread - Frozen - Lb.",1,6.25
508,2025-12-12,"2025-12-10","Extra Credit - Each",6.5,1.06
508,2025-12-12,"2025-12-10","FSA/FSD",1,64.37
49,2025-12-12,"2025-12-10","Eggs - BW - Dozen",1,6.25
49,2025-12-12,"2025-12-10","UCity Pickup Time - @4:30-5",1,0
49,2025-12-12,"2025-12-10","Chicken - Ground - Lb.",1,8.75
49,2025-12-12,"2025-12-10","Curry Sauce (1.0 Red) - Red",1,11.5
49,2025-12-12,"2025-12-10","Kohlrabi  - Head",1,3
49,2025-12-12,"2025-12-10","Mushrooms (1.0 Shiitake) - Shiitake",1,8.25
49,2025-12-12,"2025-12-10","Shoots - Specialty Mix - Bag",1,4.25
49,2025-12-12,"2025-12-10","Umami Heat - Japanese - Bag",1,9.5
49,2025-12-12,"2025-12-10","oo'ma'me - Moroccan - Jar",1,12
49,2025-12-12,"2025-12-10","Extra Credit - Each",63.5,1.06
1203,2025-12-12,"2025-12-10","Mothership Pickup Time (2.0 @4-4:30) - @4-4:30",1,0
1203,2025-12-12,"2025-12-10","Collards - Bunch",1,5.25
1203,2025-12-12,"2025-12-10","Eggs - Dozen",1,6.25
1203,2025-12-12,"2025-12-10","Mushrooms - Choice",1,8.25
1203,2025-12-12,"2025-12-10","Peppers - Green/Red Bell - 3-pack",1,3
1203,2025-12-12,"2025-12-10","Peppers - Jalapenos - 5-pack",1,3.5
1203,2025-12-12,"2025-12-10","Turnips - Japanese/White - Lb.",1,5.5
1203,2025-12-12,"2025-12-10","Extra Credit - Each",2,1.06
1203,2025-12-12,"2025-12-10","FSA/FSD",1,64.37
1210,2025-12-12,"2025-12-10","Eggs - BW - Dozen",1,6.25
1210,2025-12-12,"2025-12-10","Mothership Pickup Time (1.0 @3:30-4) - @3:30-4",1,0
1210,2025-12-12,"2025-12-10","Chips - Tortilla - Bag",1,4.25
1210,2025-12-12,"2025-12-10","Cornmeal - Oz.",1,4.75
1210,2025-12-12,"2025-12-10","Eggs - H - Dozen",1,6.25
1210,2025-12-12,"2025-12-10","Flour - All Purpose 5 lb - Bag",1,8.5
1210,2025-12-12,"2025-12-10","Peppers - Carmen - 2-pack",1,3
1210,2025-12-12,"2025-12-10","Potatoes - Regular - lbs",1,5.75
1210,2025-12-12,"2025-12-10","Rice - Basmati Brown - Lb.",1,6.75
1210,2025-12-12,"2025-12-10","Winter Squash - Butternut (1.0 Large) - Large",1,5
1210,2025-12-12,"2025-12-10","Winter Squash - Butternut (1.0 Medium) - Medium",1,4
1210,2025-12-12,"2025-12-10","Extra Credit - Each",54.5,1.06
444,2025-12-12,"2025-12-10","Eggs - BW - Dozen",2,6.25
444,2025-12-12,"2025-12-10","UCity Pickup Time - @4:30-5",1,0
444,2025-12-12,"2025-12-10","Bacon - Uncured/lb - Pack",1,15.25
444,2025-12-12,"2025-12-10","Bagels - Honey Buckwheat - BU - Bag",1,10.9
444,2025-12-12,"2025-12-10","RL Chocolate Milk - Bottle",4,2.75
444,2025-12-12,"2025-12-10","Rice - White - Lb.",1,6
444,2025-12-12,"2025-12-10","Salame - Finocchiona - Each",1,12.35
444,2025-12-12,"2025-12-10","Extra Credit - Each",36.75,1.06
444,2025-12-12,"2025-12-10","UCA/KWA",1,64.37
828,2025-12-12,"2025-12-10","Pizza - Pepperoni  - Each",1,8
828,2025-12-12,"2025-12-10","Flank Steak/lbs. - lbs",1,32.71
828,2025-12-12,"2025-12-10","Pizza - Bacon Bacon   - Each",1,8
828,2025-12-12,"2025-12-10","Mini",1,46.28
671,2025-12-12,"2025-12-10","Mothership Pickup Time (1.0 @3:30-4) - @3:30-4",1,0
671,2025-12-12,"2025-12-10","Chocolate Gooey Butter Cake - Each",1,15
671,2025-12-12,"2025-12-10","Dark Chocolate Coffee Bark - Pack",1,6.45
671,2025-12-12,"2025-12-10","Eggs - Dozen",2,6.25
671,2025-12-12,"2025-12-10","Semolina - Wednesday - Loaf",1,6.75
671,2025-12-12,"2025-12-10","Extra Credit - Each",4.7,1.06
671,2025-12-12,"2025-12-10","Half",1,68.89
671,2025-12-12,"2025-12-10","Whole MILK-o",1,8.49
1543,2025-12-12,"2025-12-10","Mothership Pickup Time (1.0 @3:30-4) - @3:30-4",1,0
1543,2025-12-12,"2025-12-10","$ for green bags donation - $",1,1
1543,2025-12-12,"2025-12-10","Donation to Food Pantry - Each",2,1
1543,2025-12-12,"2025-12-10","Food For FS Cats Donation - $",1,1
1543,2025-12-12,"2025-12-10","Chicken - Ground - Lb.",1,8.75
1543,2025-12-12,"2025-12-10","Mushrooms (1.0 Shiitake) - Shiitake",1,8.25
1543,2025-12-12,"2025-12-10","Tortellini - Mushroom - Lb.",1,9
1543,2025-12-12,"2025-12-10","Extra Credit - Each",0.25,1.06
1543,2025-12-12,"2025-12-10","FSA/FSD",1,64.37
1286,2025-12-12,"2025-12-10","Ground Turkey - Pack",1,8.75
1286,2025-12-12,"2025-12-10","Mothership Pickup Time (1.0 @3:30-4) - @3:30-4",1,0
1286,2025-12-12,"2025-12-10","Chicken Thighs -/lb*. - Wee - Pack",1,4.89
1286,2025-12-12,"2025-12-10","Dark Chocolate Almond Bar - Pack",1,4.8
1286,2025-12-12,"2025-12-10","Garlic - Cured Bag - Bag",1,4.5
1286,2025-12-12,"2025-12-10","Missouri Pecans (1.0 Halves) - Halves",1,6.5
1286,2025-12-12,"2025-12-10","Olive Oil Large - Bottle",1,18.5
1286,2025-12-12,"2025-12-10","Potatoes - Sweet - lbs",1,5.75
1286,2025-12-12,"2025-12-10","Thick Cut Dill Pickles - Quart",1,7.75
1286,2025-12-12,"2025-12-10","Yogurt - Vanilla - Oz.",1,6.75
1286,2025-12-12,"2025-12-10","Extra Credit - Each",38.94,1.06
1286,2025-12-12,"2025-12-10","FSC",1,64.37
296,2025-12-12,"2025-12-10","Mothership Pickup Time (1.0 @3:30-4) - @3:30-4",1,0
296,2025-12-12,"2025-12-10","Eggs - Dozen",1,6.25
296,2025-12-12,"2025-12-10","F2F: Savory Leek & Mushroom Bread Pudding - lbs",1,26
296,2025-12-12,"2025-12-10","Grains Wildcard $4.75 - Each",1,4.75
296,2025-12-12,"2025-12-10","Pork Choice $8 - Pack",1,8
296,2025-12-12,"2025-12-10","Wildcard $6.5 - Each",1,6.5
296,2025-12-12,"2025-12-10","Extra Credit - Each",15.5,1.06
296,2025-12-12,"2025-12-10","Half",1,68.89
919,2025-12-12,"2025-12-10","Mothership Pickup Time (2.0 @4-4:30) - @4-4:30",1,0
919,2025-12-12,"2025-12-10","Asian Greens - Bunch",1,5.25
919,2025-12-12,"2025-12-10","Cauliflower - Romanesco - Lb.",1,6.5
919,2025-12-12,"2025-12-10","Chicken - Ground - Lb.",1,8.75
919,2025-12-12,"2025-12-10","Eggs - Dozen",1,6.25
919,2025-12-12,"2025-12-10","Kohlrabi  - Head",1,3
919,2025-12-12,"2025-12-10","Mushrooms (1.0 Oyster) - Oyster",1,8.25
919,2025-12-12,"2025-12-10","Rice - White - Lb.",1,6
919,2025-12-12,"2025-12-10","Extra Credit - Each",8,1.06
919,2025-12-12,"2025-12-10","Half",1,68.89
981,2025-12-12,"2025-12-10","UCity Pickup Time (2.0 @5-5:30) - @5-5:30",1,0
981,2025-12-12,"2025-12-10","Cabbage - Red - Share",1,3
981,2025-12-12,"2025-12-10","Eggs - Dozen",2,6.25
981,2025-12-12,"2025-12-10","Hummus - Beet & Pepita - Tub",1,6.75
981,2025-12-12,"2025-12-10","Missouri Pecans - Each",1,6.5
981,2025-12-12,"2025-12-10","Extra Credit - Each",1,1.06
981,2025-12-12,"2025-12-10","Mini",1,46.28
1699,2025-12-12,"2025-12-10","UCity Pickup Time - @4:30-5",1,0
1699,2025-12-12,"2025-12-10","Chuck Roast/lbs. - lbs",1,31.98
1699,2025-12-12,"2025-12-10","Hoagie - Wednesday - Each",1,3.35
1699,2025-12-12,"2025-12-10","Missouri Pecans (1.0 Halves) - Halves",1,6.5
1699,2025-12-12,"2025-12-10","Turkey Breast /lbs. - Each",1,19
1699,2025-12-12,"2025-12-10","Winter Squash - Butternut (1.0 Medium) - Medium",1,4
1699,2025-12-12,"2025-12-10","Extra Credit - Each",33.58,1.06
1699,2025-12-12,"2025-12-10","UCA/KWA",1,64.37
570,2025-12-12,"2025-12-10","Apple Butter - Pint",1,7.5
570,2025-12-12,"2025-12-10","Beef - Stew Meat - Pack",1,10.25
570,2025-12-12,"2025-12-10","Eggs - Dozen",1,6.25
570,2025-12-12,"2025-12-10","Multigrain Bread - Frozen - Loaf",1,6.25
570,2025-12-12,"2025-12-10","Yogurt - Vanilla - Oz.",1,6.75
570,2025-12-12,"2025-12-10","Extra Credit - Each",5.75,1.06
570,2025-12-12,"2025-12-10","UCA/KWA",1,64.37
1471,2025-12-12,"2025-12-10","Mothership Pickup Time (3.0 @4:30-5) - @4:30-5",1,0
1471,2025-12-12,"2025-12-10","Bison - Ground - Lb.",1,21
1471,2025-12-12,"2025-12-10","Black Beans - Dry - Lb.",3,3
1471,2025-12-12,"2025-12-10","Eggs - Dozen",1,6.25
1471,2025-12-12,"2025-12-10","Light and Mild - Wednesday - Loaf",1,8
1471,2025-12-12,"2025-12-10","Potatoes - Yukon Gold - lbs",1,6
1471,2025-12-12,"2025-12-10","Ravioli - Mushroom  - Lb.",2,9
1471,2025-12-12,"2025-12-10","Tortellini - Mushroom - Lb.",1,9
1471,2025-12-12,"2025-12-10","Extra Credit - Each",41.25,1.06
1471,2025-12-12,"2025-12-10","Half",1,68.89
1154,2025-12-12,"2025-12-10","Mothership Pickup Time (4.0 @5-5:30) - @5-5:30",1,0
1154,2025-12-12,"2025-12-10","Brisket - half/lb. - lbs",3,32.46
1154,2025-12-12,"2025-12-10","Dark Chocolate Bon Bons - Pack",1,11.25
1154,2025-12-12,"2025-12-10","Extra Credit - Each",80.88,1.06
1154,2025-12-12,"2025-12-10","Mini",1,46.28
541,2025-12-12,"2025-12-10","Cashew Butter - Roasted - Pint",1,11.75
541,2025-12-12,"2025-12-10","UCity Pickup Time - @4:30-5",1,0
541,2025-12-12,"2025-12-10","$ for green bags donation - $",1,1
541,2025-12-12,"2025-12-10","Apples - Suncrisp - Bag",1,5.75
541,2025-12-12,"2025-12-10","Cauliflower - Romanesco - Lb.",1,6.5
541,2025-12-12,"2025-12-10","Eggs - Dozen",1,6.25
541,2025-12-12,"2025-12-10","Winter Squash - Pie Pumpkin - Each",1,3.75
541,2025-12-12,"2025-12-10","Extra Credit - Each",3.75,1.06
541,2025-12-12,"2025-12-10","UCA/KWA",1,64.37
1559,2025-12-12,"2025-12-10","UCity Pickup Time (3.0 @5:30-6) - @5:30-6",1,0
1559,2025-12-12,"2025-12-10","Applewood Smoked Cheddar - Each",1,6.5
1559,2025-12-12,"2025-12-10","Blushing Goat - Each",1,11.75
1559,2025-12-12,"2025-12-10","Brussels Sprouts (1.0 Stalk) - Stalk",1,4.75
1559,2025-12-12,"2025-12-10","Carrots no tops - Lb.",1,5.75
1559,2025-12-12,"2025-12-10","Chicken Links - Sundried Tomato - lbs",1,10
1559,2025-12-12,"2025-12-10","Eggs - Dozen",1,6.25
1559,2025-12-12,"2025-12-10","Garlic - Cured Bag - Bag",1,4.5
1559,2025-12-12,"2025-12-10","Hand Pie: Smoked Whitefish - Bag",1,14.5
1559,2025-12-12,"2025-12-10","Leeks - Each",1,4
1559,2025-12-12,"2025-12-10","Missouri Pecans - Each",1,6.5
1559,2025-12-12,"2025-12-10","Mushrooms - Sale! - Bag",1,8
1559,2025-12-12,"2025-12-10","Onions - Green - Bunch",1,3.5
1559,2025-12-12,"2025-12-10","Potatoes - Sweet - lbs",1,5.75
1559,2025-12-12,"2025-12-10","Salmon - Fillet Pieces/LB* - Each",2,13.29
1559,2025-12-12,"2025-12-10","Semolina - Wednesday - Loaf",1,6.75
1559,2025-12-12,"2025-12-10","Soy Sauce - Mushroom - Bottle",1,7.25
1559,2025-12-12,"2025-12-10","Extra Credit - Each",104.58,1.06
1559,2025-12-12,"2025-12-10","Mini",1,38.3
788,2025-12-12,"2025-12-10","Milk - Whole - Oz.",1,7.98
788,2025-12-12,"2025-12-10","Eggs - BW - Dozen",1,6.25
788,2025-12-12,"2025-12-10","RL Heavy Cream  - Pint",1,7.5
788,2025-12-12,"2025-12-10","Eggnog - half gallon - Oz.",1,10.5
788,2025-12-12,"2025-12-10","Marbled Rye -Wednesday - Loaf",1,8.35
1098,2025-12-12,"2025-12-10","Stringbean Malawi Peaberry - Oz.",1,15.45
1098,2025-12-12,"2025-12-10","UCity Pickup Time - @4:30-5",1,0
1098,2025-12-12,"2025-12-10","Beets - No Tops - Lb.",1,5.75
1098,2025-12-12,"2025-12-10","Capsules - Lion's Mane Mushrooms - Bag",1,11.5
1098,2025-12-12,"2025-12-10","Carrots no tops - Lb.",1,5.75
1098,2025-12-12,"2025-12-10","Chicken - Thighs /lbs  - lbs",1,9.32
1098,2025-12-12,"2025-12-10","Chips - Tortilla - Bag",1,4.25
1098,2025-12-12,"2025-12-10","Light and Mild - Wednesday - Loaf",1,8
1098,2025-12-12,"2025-12-10","Potatoes - Sweet - lbs",1,5.75
1098,2025-12-12,"2025-12-10","Semolina - Wednesday - Loaf",1,6.75
1098,2025-12-12,"2025-12-10","Winter Squash - Butternut (1.0 Medium) - Medium",1,4
1098,2025-12-12,"2025-12-10","Extra Credit - Each",46.27,1.06
1098,2025-12-12,"2025-12-10","UCA/KWA",1,64.37
1098,2025-12-12,"2025-12-10","2% MILK-o",1,8.49
557,2025-12-12,"2025-12-10","Ground Turkey - Pack",1,8.75
557,2025-12-12,"2025-12-10","Mothership Pickup Time (1.0 @3:30-4) - @3:30-4",1,0
557,2025-12-12,"2025-12-10","Mushrooms (1.0 Shiitake) - Shiitake",1,8.25
557,2025-12-12,"2025-12-10","Pasta Wildcard $6.50 - Pack",1,6.5
557,2025-12-12,"2025-12-10","Semolina - Wednesday - Loaf",1,6.75
557,2025-12-12,"2025-12-10","Extra Credit - Each",0.5,1.06
557,2025-12-12,"2025-12-10","FSA/FSD",1,64.37
1896,2025-12-12,"2025-12-10","Mothership Pickup Time (4.0 @5-5:30) - @5-5:30",1,0
1896,2025-12-12,"2025-12-10","Apples - Suncrisp - Bag",1,5.75
1896,2025-12-12,"2025-12-10","Eggs - Dozen",1,6.25
1896,2025-12-12,"2025-12-10","Missouri Pecans - Each",1,6.5
1896,2025-12-12,"2025-12-10","Multigrain Bread - Frozen - Loaf",1,6.25
1896,2025-12-12,"2025-12-10","Tomatoes - Funky Bunch - Pint",1,5.75
1896,2025-12-12,"2025-12-10","Extra Credit - Each",2.75,1.06
1896,2025-12-12,"2025-12-10","Mini",1,46.28
1309,2025-12-12,"2025-12-10","Havarti - MJC - Pack",1,6.5
1309,2025-12-12,"2025-12-10","Sugar Free - Wild Elderberry  - Pint",1,7.5
1309,2025-12-12,"2025-12-10","Mothership Pickup Time - @6:30-7",1,0
1309,2025-12-12,"2025-12-10","Eggs - Dozen",1,6.25
1309,2025-12-12,"2025-12-10","Mushrooms - Choice",1,8.25
197,2025-12-12,"2025-12-10","Kuva Nicaragua - Bag",1,15.45
197,2025-12-12,"2025-12-10","Mothership Pickup Time (2.0 @4-4:30) - @4-4:30",1,0
197,2025-12-12,"2025-12-10","Chicken Thighs - Boneless/lb. - lbs",1,17.85
197,2025-12-12,"2025-12-10","English Muffin Sourdough - Frozen - Pack",1,5
197,2025-12-12,"2025-12-10","Potatoes - Sweet - lbs",1,5.75
197,2025-12-12,"2025-12-10","Tomatoes - Funky Bunch - Pint",1,5.75
197,2025-12-12,"2025-12-10","Tortellini - Cheese - Lb.",1,9
197,2025-12-12,"2025-12-10","Extra Credit - Each",22.8,1.06
197,2025-12-12,"2025-12-10","Half",1,68.89
1000,2025-12-12,"2025-12-10","UCity Pickup Time (3.0 @5:30-6) - @5:30-6",1,0
1000,2025-12-12,"2025-12-10","Apples - Organic Red Delicious - Bag",1,5.75
1000,2025-12-12,"2025-12-10","Dark Chocolate Fudge Sauce  - Jar",1,16
1000,2025-12-12,"2025-12-10","Eggs - Dozen",1,6.25
1000,2025-12-12,"2025-12-10","Hummus - Carrot & Ginger - Tub",1,6.75
1000,2025-12-12,"2025-12-10","Extra Credit - Each",3.5,1.06
1000,2025-12-12,"2025-12-10","UCA/KWA",1,64.37
718,2025-12-12,"2025-12-10","Bread Choice ($6.25) - Loaf",1,6.25
718,2025-12-12,"2025-12-10","Chicken - Ground - Lb.",1,8.75
718,2025-12-12,"2025-12-10","Mushrooms - Choice",1,8.25
718,2025-12-12,"2025-12-10","Pasta Wildcard $6.50 - Pack",1,6.5
718,2025-12-12,"2025-12-10","FSA/FSD",1,64.37
207,2025-12-12,"2025-12-10","Eggs - Dozen",1,6.25
207,2025-12-12,"2025-12-10","Honey - Qt. - Jar",1,20
207,2025-12-12,"2025-12-10","Kohlrabi  - Head",1,3
207,2025-12-12,"2025-12-10","Lettuce - Salanova - Bag",1,4.25
207,2025-12-12,"2025-12-10","Missouri Pecans - Each",1,6.5
207,2025-12-12,"2025-12-10","Oats - Rolled 5# - Bag",1,12.25
207,2025-12-12,"2025-12-10","Tomatoes - Funky Bunch - Pint",1,5.75
207,2025-12-12,"2025-12-10","Extra Credit - Each",30.25,1.06
207,2025-12-12,"2025-12-10","Mini",1,46.28
100,2025-12-12,"2025-12-10","Mothership Pickup Time (3.0 @4:30-5) - @4:30-5",1,0
100,2025-12-12,"2025-12-10","Beef - Stew Meat - Pack",1,10.25
100,2025-12-12,"2025-12-10","Eggs - Dozen",1,6.25
100,2025-12-12,"2025-12-10","Hoagie - Wednesday - Each",1,3.35
100,2025-12-12,"2025-12-10","Pork Snack Sticks - Honey 4pk - Pack",1,8.25
100,2025-12-12,"2025-12-10","Extra Credit - Each",0.35,1.06
100,2025-12-12,"2025-12-10","Mini",1,46.28
99,2025-12-12,"2025-12-10","Apple Cider - Frozen - Half Gallon",1,9.25
99,2025-12-12,"2025-12-10","Chicken - BULK Breasts /lb. - Pack",1,37.51
99,2025-12-12,"2025-12-10","Milk - Creamline - Oz.",1,7.98
99,2025-12-12,"2025-12-10","Mothership Pickup Time (6.0 @6-6:30) - @6-6:30",1,0
99,2025-12-12,"2025-12-10","Chicken Thighs - Boneless/lb. - lbs",1,13.94
99,2025-12-12,"2025-12-10","Eggs - Dozen",1,6.25
325,2025-12-12,"2025-12-10","No Produce - Order Only (odd wk)",1,0
1147,2025-12-12,"2025-12-10","Mothership Pickup Time (2.0 @4-4:30) - @4-4:30",1,0
1147,2025-12-12,"2025-12-10","Brussels Sprouts (1.0 Stalk) - Stalk",2,4.75
1147,2025-12-12,"2025-12-10","Cauliflower - Romanesco - Lb.",1,6.5
1147,2025-12-12,"2025-12-10","Grains Wildcard $4.75 - Each",1,4.75
1147,2025-12-12,"2025-12-10","Oat Porridge Bread - Wednesday - Loaf",1,8.8
1147,2025-12-12,"2025-12-10","Tomatoes - Slicing - Bag",1,6.5
1147,2025-12-12,"2025-12-10","Extra Credit - Each",0.05,1.06
1147,2025-12-12,"2025-12-10","Half",1,68.89
422,2025-12-12,"2025-12-10","Carrots no tops - Lb.",1,5.75
422,2025-12-12,"2025-12-10","Eggs - Dozen",1,6.25
422,2025-12-12,"2025-12-10","Ground Beef - D&M - Lb.",1,10.25
422,2025-12-12,"2025-12-10","Yogurt - Plain - Oz.",1,6.75
422,2025-12-12,"2025-12-10","FSC",1,64.37
422,2025-12-12,"2025-12-10","Creamline MILK",2,8.49
837,2025-12-12,"2025-12-10","Mothership Pickup Time (2.0 @4-4:30) - @4-4:30",1,0
837,2025-12-12,"2025-12-10","Chicken - Ground - Lb.",2,8.75
837,2025-12-12,"2025-12-10","Eggs - Dozen",2,6.25
837,2025-12-12,"2025-12-10","Gr. Beef Bundle DM ( 5-pack) - Each",1,48.75
837,2025-12-12,"2025-12-10","Louise's Original Granola - Bag",2,10.75
837,2025-12-12,"2025-12-10","Mushrooms (1.0 Shiitake) - Shiitake",1,8.25
837,2025-12-12,"2025-12-10","Onions - Green - Bunch",1,3.5
837,2025-12-12,"2025-12-10","Peppers - Lunchbox - Bag",1,5
837,2025-12-12,"2025-12-10","Turmeric - Bag",1,6
837,2025-12-12,"2025-12-10","Extra Credit - Each",90.75,1.06
837,2025-12-12,"2025-12-10","FSA/FSD",1,64.37
837,2025-12-12,"2025-12-10","Creamline MILK-o",1,8.49
34,2025-12-12,"2025-12-10","Mothership Pickup Time (1.0 @3:30-4) - @3:30-4",1,0
34,2025-12-12,"2025-12-10","Brussels Sprouts (1.0 Stalk) - Stalk",4,4.75
34,2025-12-12,"2025-12-10","FF Dish - Cauliflower Curry - Pint",1,11.5
34,2025-12-12,"2025-12-10","Yogurt - Blueberry - Oz.",1,6.75
34,2025-12-12,"2025-12-10","Extra Credit - Each",7.5,1.06
34,2025-12-12,"2025-12-10","FSA/FSD",1,64.37
859,2025-12-12,"2025-12-10","Eggs - BW - Dozen",2,6.25
859,2025-12-12,"2025-12-10","Winter Squash - Acorn - Each",1,3.25
859,2025-12-12,"2025-12-10","UCity Pickup Time - @4:30-5",1,0
859,2025-12-12,"2025-12-10","Apples - Suncrisp - Bag",1,5.75
859,2025-12-12,"2025-12-10","Brussels Sprouts (1.0 Stalk) - Stalk",1,4.75
859,2025-12-12,"2025-12-10","Cabbage - Red - Share",1,3
859,2025-12-12,"2025-12-10","Extra Credit - Each",1.5,1.06
859,2025-12-12,"2025-12-10","Mini",1,46.28
401,2025-12-12,"2025-12-10","UCity Pickup Time - @4:30-5",1,0
401,2025-12-12,"2025-12-10","Brussels Sprouts (1.0 Stalk) - Stalk",1,4.75
401,2025-12-12,"2025-12-10","Cabbage - Green (1.0 Small) - Small",1,3
401,2025-12-12,"2025-12-10","Leeks - Each",1,4
401,2025-12-12,"2025-12-10","Peppers - Carmen - 2-pack",1,3
401,2025-12-12,"2025-12-10","Peppers - Lunchbox - Bag",2,5
401,2025-12-12,"2025-12-10","Shoots - Pea - Bag",1,4.25
401,2025-12-12,"2025-12-10","Tomatoes - Funky Bunch - Pint",1,5.75
401,2025-12-12,"2025-12-10","Winter Squash - Spaghetti (1.0 Large) - Large",1,4.75
401,2025-12-12,"2025-12-10","Extra Credit - Each",11.75,1.06
401,2025-12-12,"2025-12-10","Mini",1,46.28
1818,2025-12-12,"2025-12-10","UCity Pickup Time - @4:30-5",1,0
1818,2025-12-12,"2025-12-10","Apples - Fuji - Bag",1,5.75
1818,2025-12-12,"2025-12-10","Chicken Bones - SM/lb.* - Bag",1,6.93
1818,2025-12-12,"2025-12-10","Eggs - Dozen",2,6.25
1818,2025-12-12,"2025-12-10","Ground Beef - Jersey MJC - Lb.",1,8.75
1818,2025-12-12,"2025-12-10","Hoagie - Wednesday - Each",1,3.35
1818,2025-12-12,"2025-12-10","Missouri Pecans - Each",1,6.5
1818,2025-12-12,"2025-12-10","Turkey Wings /lb - Each",1,20.75
1818,2025-12-12,"2025-12-10","Extra Credit - Each",36.78,1.06
1818,2025-12-12,"2025-12-10","Mini",1,38.3
1818,2025-12-12,"2025-12-10","Multigrain Bread",1,4.26
1997,2025-12-12,"2025-12-10","UCity Pickup Time (2.0 @5-5:30) - @5-5:30",1,0
1997,2025-12-12,"2025-12-10","Chevre PF (1.0 Pepper) - Pepper",1,8.5
1997,2025-12-12,"2025-12-10","Grains Wildcard $4.75 - Each",1,4.75
1997,2025-12-12,"2025-12-10","Lamb Chops/lb. DM - Each",1,35.33
1997,2025-12-12,"2025-12-10","Extra Credit - Each",12.58,1.06
1997,2025-12-12,"2025-12-10","Half",1,68.89
326,2025-12-12,"2025-12-10","Milk - 2%  - Oz.",1,7.98
326,2025-12-12,"2025-12-10","Pizza - Cheese  - Each",1,7.25
326,2025-12-12,"2025-12-10","Pizza - Four Meat  - Each",1,8
326,2025-12-12,"2025-12-10","Pizza - Pepperoni  - Each",1,8
326,2025-12-12,"2025-12-10","Bagels - Everything - Frozen - Bag",1,6.75
326,2025-12-12,"2025-12-10","Brussels Sprouts (1.0 Stalk) - Stalk",1,4.75
326,2025-12-12,"2025-12-10","Cabbage - Green (1.0 Small) - Small",1,3
326,2025-12-12,"2025-12-10","Cabbage - Red - Share",1,3
326,2025-12-12,"2025-12-10","Cauliflower - Romanesco - Lb.",1,6.5
326,2025-12-12,"2025-12-10","Chicken - Thighs /lbs  - lbs",2,7.84
326,2025-12-12,"2025-12-10","Chicken Bones - SM/lb.* - Bag",1,6.48
326,2025-12-12,"2025-12-10","Chicken Breasts /lb. - Pack",2,15.1
326,2025-12-12,"2025-12-10","Chicken Drumsticks /LB - Pack",1,3.42
326,2025-12-12,"2025-12-10","Chicken Links - Lemon Pepper - Lb.",1,10
326,2025-12-12,"2025-12-10","Eggs - Dozen",1,6.25
326,2025-12-12,"2025-12-10","Gnocchi - Garlic Chive  - Lb.",1,6.5
326,2025-12-12,"2025-12-10","Gnocchi - Sundried Tomato  - Lb.",1,6.5
326,2025-12-12,"2025-12-10","Ground Beef - D&M - Lb.",1,10.25
326,2025-12-12,"2025-12-10","Leeks - Each",1,4
326,2025-12-12,"2025-12-10","Oat Flour Pancake Mix - Bag",1,4.25
326,2025-12-12,"2025-12-10","Oat Porridge Bread - Wednesday - Loaf",1,8.8
326,2025-12-12,"2025-12-10","Oats - Rolled 5# - Bag",1,12.25
326,2025-12-12,"2025-12-10","Onions - Green - Bunch",1,3.5
326,2025-12-12,"2025-12-10","Peppers - Lunchbox - Bag",1,5
326,2025-12-12,"2025-12-10","Potatoes - Yukon Gold - lbs",1,6
326,2025-12-12,"2025-12-10","Rice - Basmati Brown - Lb.",1,6.75
326,2025-12-12,"2025-12-10","Shoots - Specialty Mix - Bag",1,4.25
326,2025-12-12,"2025-12-10","Tomato Juice - Quart",1,7.5
326,2025-12-12,"2025-12-10","Tomatoes - Funky Bunch - Pint",1,5.75
326,2025-12-12,"2025-12-10","Tortellini - Cheese - Lb.",1,9
326,2025-12-12,"2025-12-10","Extra Credit - Each",198.31,1.06
326,2025-12-12,"2025-12-10","FSC",1,64.37
1923,2025-12-12,"2025-12-10","Beef - Stew Meat - Pack",1,10.25
1923,2025-12-12,"2025-12-10","Eggs - Dozen",1,6.25
1923,2025-12-12,"2025-12-10","Wildcard $8 - Each",1,8
1923,2025-12-12,"2025-12-10","Yogurt Choice  - Each",1,6.75
1923,2025-12-12,"2025-12-10","UCA/KWA",1,64.37
1174,2025-12-12,"2025-12-10","Mothership Pickup Time (1.0 @3:30-4) - @3:30-4",1,0
1174,2025-12-12,"2025-12-10","Brussels Sprouts (1.0 Stalk) - Stalk",1,4.75
1174,2025-12-12,"2025-12-10","Eggs - Dozen",1,6.25
1174,2025-12-12,"2025-12-10","Hoagie - Wednesday - Each",1,3.35
1174,2025-12-12,"2025-12-10","Lettuce - Salanova - Bag",1,4.25
1174,2025-12-12,"2025-12-10","Missouri Pecans (1.0 Halves) - Halves",1,6.5
1174,2025-12-12,"2025-12-10","Mushrooms (1.0 Shiitake) - Shiitake",1,8.25
1174,2025-12-12,"2025-12-10","Mushrooms - Chestnut - Bag",1,8.25
1174,2025-12-12,"2025-12-10","Rice - Brown - Lb.",1,6
1174,2025-12-12,"2025-12-10","Extra Credit - Each",11.6,1.06
1174,2025-12-12,"2025-12-10","Half",1,68.89
373,2025-12-12,"2025-12-10","Milk - Skim  - Oz.",1,7.98
373,2025-12-12,"2025-12-10","Lettuce - Salanova - Bag",1,4.25
373,2025-12-12,"2025-12-10","Salmon - Fillet Whole/LB - Each",1,37.8
373,2025-12-12,"2025-12-10","Staff - Something to ask Jamie - Oz.",1,0
373,2025-12-12,"2025-12-10","Staff - pick up change - Bag",1,0
373,2025-12-12,"2025-12-10","Tomatoes - Funky Bunch - Pint",1,5.75
373,2025-12-12,"2025-12-10","Extra Credit - Each",24.53,1.06
373,2025-12-12,"2025-12-10","UCA/KWA",1,64.37
1498,2025-12-12,"2025-12-10","UCity Pickup Time - @4:30-5",1,0
1498,2025-12-12,"2025-12-10","Food For FS Cats Donation - $",1,1
1498,2025-12-12,"2025-12-10","Carrots no tops - Lb.",1,5.75
1498,2025-12-12,"2025-12-10","Chicken Chorizo - Lb.",1,10
1498,2025-12-12,"2025-12-10","Missouri Pecans - Each",1,6.5
1498,2025-12-12,"2025-12-10","Winter Squash - Pie Pumpkin - Each",1,3.75
1498,2025-12-12,"2025-12-10","Mini",1,46.28
526,2025-12-12,"2025-12-10","UCity Pickup Time - @4:30-5",1,0
526,2025-12-12,"2025-12-10","Eggs - Dozen",1,6.25
526,2025-12-12,"2025-12-10","Marbled Rye -Wednesday - Loaf",1,8.35
526,2025-12-12,"2025-12-10","Pork - Bratwurst  - Pack",1,8
526,2025-12-12,"2025-12-10","RL Chocolate Milk - Bottle",2,2.75
526,2025-12-12,"2025-12-10","Extra Credit - Each",0.35,1.06
526,2025-12-12,"2025-12-10","Mini",1,46.28
42,2025-12-12,"2025-12-10","Beef - Stew Meat - Pack",1,10.25
42,2025-12-12,"2025-12-10","Eggs - Dozen",1,6.25
42,2025-12-12,"2025-12-10","Wildcard $8 - Each",1,8
42,2025-12-12,"2025-12-10","Yogurt Choice  - Each",1,6.75
42,2025-12-12,"2025-12-10","UCA/KWA",1,64.37
1030,2025-12-12,"2025-12-10","Asian Greens - Bunch",1,5.25
1030,2025-12-12,"2025-12-10","Beef - Stew Meat - Pack",1,10.25
1030,2025-12-12,"2025-12-10","Eggs - Dozen",1,6.25
1030,2025-12-12,"2025-12-10","Maple Syrup 12 oz. - Jar",1,12.5
1030,2025-12-12,"2025-12-10","Oat Porridge Bread - Wednesday - Loaf",1,8.8
1030,2025-12-12,"2025-12-10","Shoots - Sunflower - Bag",1,4.25
1030,2025-12-12,"2025-12-10","Extra Credit - Each",16.05,1.06
1030,2025-12-12,"2025-12-10","UCA/KWA",1,64.37
1448,2025-12-12,"2025-12-10","Eggs - BW - Dozen",1,6.25
1448,2025-12-12,"2025-12-10","Cooler Donation - $",1,1
1448,2025-12-12,"2025-12-10","Leeks - Each",1,4
1448,2025-12-12,"2025-12-10","Pork - Tenderloin/lb - Lb.",1,16.66
1448,2025-12-12,"2025-12-10","Winter Squash - Butternut (1.0 Large) - Large",1,5
1448,2025-12-12,"2025-12-10","Extra Credit - Each",5.16,1.06
1448,2025-12-12,"2025-12-10","Mini",1,38.3
145,2025-12-12,"2025-12-10","Eggs - BW - Dozen",1,6.25
145,2025-12-12,"2025-12-10","Mothership Pickup Time (1.0 @3:30-4) - @3:30-4",1,0
145,2025-12-12,"2025-12-10","Apples - Jonathan - Bag",1,5.75
145,2025-12-12,"2025-12-10","Broccoli (1.0 Bag) - Bag",1,5
145,2025-12-12,"2025-12-10","Cabbage - Red - Share",1,3
145,2025-12-12,"2025-12-10","Kale - Green Curly - Bag",1,5
145,2025-12-12,"2025-12-10","Peppers - Carmen - 2-pack",1,3
145,2025-12-12,"2025-12-10","Extra Credit - Each",0.25,1.06
145,2025-12-12,"2025-12-10","Mini",1,46.28
1749,2025-12-12,"2025-12-10","Quark-Frozen - Tub",1,6.5
1749,2025-12-12,"2025-12-10","Bacon Ends /lb. - Package",1,10.52
1749,2025-12-12,"2025-12-10","Chicken - Breakfast Links - Each",1,10
1749,2025-12-12,"2025-12-10","Eggs - Dozen",1,6.25
1749,2025-12-12,"2025-12-10","Hummus - Beet & Pepita - Tub",1,6.75
1749,2025-12-12,"2025-12-10","Missouri Pecans - Each",1,6.5
1749,2025-12-12,"2025-12-10","Pizza Sourdough - Frozen - Pack",1,5
1749,2025-12-12,"2025-12-10","Pork Italian Bulk - D&M - Lb.",1,8
1749,2025-12-12,"2025-12-10","Pretzel Slider Buns - Frozen - Bag",1,6.25
1749,2025-12-12,"2025-12-10","Sesame Hoagie -W - Each",1,3.6
1749,2025-12-12,"2025-12-10","Yogurt - Vanilla - Oz.",1,6.75
1749,2025-12-12,"2025-12-10","Extra Credit - Each",48.37,1.06
1749,2025-12-12,"2025-12-10","Mini",1,46.28
1614,2025-12-12,"2025-12-10","Pizza - Cheese  - Each",1,7.25
1614,2025-12-12,"2025-12-10","Mothership Pickup Time (1.0 @3:30-4) - @3:30-4",1,0
1614,2025-12-12,"2025-12-10","Bagel Chips - Bag",1,5.25
1614,2025-12-12,"2025-12-10","Semolina - Wednesday - Loaf",1,6.75
1614,2025-12-12,"2025-12-10","Yogurt - Plain - Oz.",1,6.75
1614,2025-12-12,"2025-12-10","Yogurt - Vanilla - Oz.",1,6.75
1614,2025-12-12,"2025-12-10","Extra Credit - Each",5,1.06
1614,2025-12-12,"2025-12-10","Mini",1,46.28
1682,2025-12-12,"2025-12-10","Mothership Pickup Time (3.0 @4:30-5) - @4:30-5",1,0
1682,2025-12-12,"2025-12-10","Eggs - Dozen",1,6.25
1682,2025-12-12,"2025-12-10","English Muffin Sourdough - Frozen - Pack",1,5
1682,2025-12-12,"2025-12-10","FF Grits - Smoked Cheddar - Pint",1,10.5
1682,2025-12-12,"2025-12-10","Manicotti - Spinach - Package",1,9.8
1682,2025-12-12,"2025-12-10","Peppers - Carmen - 2-pack",1,3
1682,2025-12-12,"2025-12-10","Tomatoes - Funky Bunch - Pint",1,5.75
1682,2025-12-12,"2025-12-10","Extra Credit - Each",4.3,1.06
1682,2025-12-12,"2025-12-10","Half",1,68.89
863,2025-12-12,"2025-12-10","Mothership Pickup Time (6.0 @6-6:30) - @6-6:30",1,0
863,2025-12-12,"2025-12-10","$ for green bags donation - $",1,1
863,2025-12-12,"2025-12-10","Apples - Rome - Bag",1,5.75
863,2025-12-12,"2025-12-10","Asian Greens - Bunch",1,5.25
863,2025-12-12,"2025-12-10","Chicken Links - Chorizo - Lb.",1,10
863,2025-12-12,"2025-12-10","Mushrooms - Chestnut - Bag",1,8.25
863,2025-12-12,"2025-12-10","Extra Credit - Each",0.5,1.06
863,2025-12-12,"2025-12-10","FSA/FSD",1,64.37
911,2025-12-12,"2025-12-10","Almonds - Raw - Oz.",1,14.75
911,2025-12-12,"2025-12-10","Eggs - BW - Dozen",2,6.25
911,2025-12-12,"2025-12-10","Walnuts - Oz.",1,12.75
911,2025-12-12,"2025-12-10","Pizza - Sausage Pepperoni - Each",1,8
911,2025-12-12,"2025-12-10","UCity Pickup Time (2.0 @5-5:30) - @5-5:30",1,0
911,2025-12-12,"2025-12-10","Asian Greens - Bunch",1,5.25
911,2025-12-12,"2025-12-10","Beef - Stew Meat - Pack",2,10.25
911,2025-12-12,"2025-12-10","Garlic - Cured Bag - Bag",1,4.5
911,2025-12-12,"2025-12-10","Honey - Qt. - Jar",1,20
911,2025-12-12,"2025-12-10","Lasagna (1.0 Spinach) - Spinach",1,14.5
911,2025-12-12,"2025-12-10","Louise's Cocoa Brownie Crisp Granola - Bag",2,10.75
911,2025-12-12,"2025-12-10","Oat Porridge Bread - Wednesday - Loaf",1,8.8
911,2025-12-12,"2025-12-10","Onions - Green - Bunch",1,3.5
911,2025-12-12,"2025-12-10","Pork - Ground  - Lb.",1,7.25
911,2025-12-12,"2025-12-10","Pork Italian Bulk - D&M - Lb.",2,8
911,2025-12-12,"2025-12-10","Rice - Basmati Brown - Lb.",1,6.75
911,2025-12-12,"2025-12-10","Rice - Basmati White - Lb.",1,6.75
911,2025-12-12,"2025-12-10","Extra Credit - Each",147.3,1.06
911,2025-12-12,"2025-12-10","Half",1,68.89
962,2025-12-12,"2025-12-10","Cheddar - Mauna Loa - Package",1,6.5
962,2025-12-12,"2025-12-10","Jam - Strawberry HBY - Pint",1,7
962,2025-12-12,"2025-12-10","Applewood Smoked Cheddar - Each",1,6.5
962,2025-12-12,"2025-12-10","English Muffin Sourdough - Frozen - Pack",1,5
962,2025-12-12,"2025-12-10","Lettuce - Salanova - Bag",1,4.25
962,2025-12-12,"2025-12-10","FSA/FSD",1,64.37
125,2025-12-12,"2025-12-10","Apple Seconds - Share",1,5.75
125,2025-12-12,"2025-12-10","Apples - Organic Red Delicious - Bag",1,5.75
125,2025-12-12,"2025-12-10","Apples - Suncrisp - Bag",1,5.75
125,2025-12-12,"2025-12-10","Potatoes - Yukon Gold - lbs",1,6
125,2025-12-12,"2025-12-10","Shoots - Specialty Mix - Bag",1,4.25
125,2025-12-12,"2025-12-10","Tomatoes - Slicing - Bag",1,6.5
125,2025-12-12,"2025-12-10","Turmeric - Bag",1,6
125,2025-12-12,"2025-12-10","Winter Squash - Butternut (1.0 Medium) - Medium",1,4
125,2025-12-12,"2025-12-10","Yogurt - Vanilla - Oz.",1,6.75
125,2025-12-12,"2025-12-10","Extra Credit - Each",19.5,1.06
125,2025-12-12,"2025-12-10","UCA/KWA",1,64.37
1336,2025-12-12,"2025-12-10","Eggs - BW - Dozen",1,6.25
1336,2025-12-12,"2025-12-10","Jam - Strawberry HBY - Pint",1,7
1336,2025-12-12,"2025-12-10","UCity Pickup Time (2.0 @5-5:30) - @5-5:30",1,0
1336,2025-12-12,"2025-12-10","$ for green bags donation - $",1,1
1336,2025-12-12,"2025-12-10","Bacon - Uncured/lb - Pack",1,16.01
1336,2025-12-12,"2025-12-10","Eggs - Dozen",2,6.25
1336,2025-12-12,"2025-12-10","Hoagie - Wednesday - Each",1,3.35
1336,2025-12-12,"2025-12-10","Peppers - Jalapenos - 5-pack",1,3.5
1336,2025-12-12,"2025-12-10","Peppers - Lunchbox - Bag",1,5
1336,2025-12-12,"2025-12-10","Pork Italian Bulk - D&M - Lb.",1,8
1336,2025-12-12,"2025-12-10","Potatoes - Regular - lbs",1,5.75
1336,2025-12-12,"2025-12-10","Potatoes - Yukon Gold - lbs",1,6
1336,2025-12-12,"2025-12-10","Sesame Hoagie -W - Each",1,3.6
1336,2025-12-12,"2025-12-10","Extra Credit - Each",41.96,1.06
1336,2025-12-12,"2025-12-10","Half",1,68.89
605,2025-12-12,"2025-12-10","Almond Butter - Pint",1,11.25
605,2025-12-12,"2025-12-10","Mothership Pickup Time (2.0 @4-4:30) - @4-4:30",1,0
605,2025-12-12,"2025-12-10","Apples - Rome - Bag",1,5.75
605,2025-12-12,"2025-12-10","Bagel Chips - Bag",1,5.25
605,2025-12-12,"2025-12-10","Buttermilk Waffles Sourdough - Frozen - Pack",1,5
605,2025-12-12,"2025-12-10","Cauliflower - hd. - Head",1,6.5
605,2025-12-12,"2025-12-10","Chicken Thighs - Boneless/lb. - lbs",2,13.77
605,2025-12-12,"2025-12-10","Cinnamon Rolls - Pack",1,6.5
605,2025-12-12,"2025-12-10","Eggs - Dozen",1,6.25
605,2025-12-12,"2025-12-10","Garlic - Cured Bag - Bag",1,4.5
605,2025-12-12,"2025-12-10","Missouri Pecans - Each",1,6.5
605,2025-12-12,"2025-12-10","Peppers - Jalapenos - 5-pack",1,3.5
605,2025-12-12,"2025-12-10","Winter Squash - Butternut (1.0 Large) - Large",1,5
605,2025-12-12,"2025-12-10","Extra Credit - Each",65.79,1.06
605,2025-12-12,"2025-12-10","Mini",1,46.28
479,2025-12-12,"2025-12-10","Stringbean Brazilian - Oz.",1,15.45
479,2025-12-12,"2025-12-10","UCity Pickup Time - @4:30-5",1,0
479,2025-12-12,"2025-12-10","Bone in Ham* - Lb.",1,42.35
479,2025-12-12,"2025-12-10","Cabbage - Green (1.0 Medium) - Medium",1,4
479,2025-12-12,"2025-12-10","Cabbage - Red - Share",1,3
479,2025-12-12,"2025-12-10","Chicken - Whole $4.75/lb. - Each",1,17
479,2025-12-12,"2025-12-10","Extra Credit - Each",54.05,1.06
479,2025-12-12,"2025-12-10","Mini",1,46.28
1512,2025-12-12,"2025-12-10","UCity Pickup Time - @4:30-5",1,0
1512,2025-12-12,"2025-12-10","Apple Sauce - Organic Qt. - Quart",1,10.5
1512,2025-12-12,"2025-12-10","Black Pepper Cheddar - Each",1,6.5
1512,2025-12-12,"2025-12-10","Cheese - Grisontaler Small - $ - Each",1,7.5
1512,2025-12-12,"2025-12-10","Eggs - Dozen",1,6.25
1512,2025-12-12,"2025-12-10","Winter Squash - Butternut (1.0 Medium) - Medium",2,4
1512,2025-12-12,"2025-12-10","Extra Credit - Each",2.75,1.06
1512,2025-12-12,"2025-12-10","Half",1,68.89
356,2025-12-12,"2025-12-10","UCity Pickup Time - @4:30-5",1,0
356,2025-12-12,"2025-12-10","Chicken - Whole $4.75/lb. - Each",1,17.1
356,2025-12-12,"2025-12-10","Eggs - Dozen",1,6.25
356,2025-12-12,"2025-12-10","Flank Steak/lbs. - lbs",1,32.36
356,2025-12-12,"2025-12-10","Extra Credit - Each",27.96,1.06
356,2025-12-12,"2025-12-10","Mini",1,46.28
1908,2025-12-12,"2025-12-10","UCity Pickup Time - @4:30-5",1,0
1908,2025-12-12,"2025-12-10","Asian Greens - Bunch",1,5.25
1908,2025-12-12,"2025-12-10","Black Beans - Dry - Lb.",1,3
1908,2025-12-12,"2025-12-10","Eggs - Dozen",1,6.25
1908,2025-12-12,"2025-12-10","Honey - sm. 6oz mbb.  - Each",1,6.5
1908,2025-12-12,"2025-12-10","Mushrooms (1.0 Shiitake) - Shiitake",1,8.25
1908,2025-12-12,"2025-12-10","Onions - Green - Bunch",1,3.5
1908,2025-12-12,"2025-12-10","Extra Credit - Each",5,1.06
1908,2025-12-12,"2025-12-10","Mini",1,46.28
520,2025-12-12,"2025-12-10","Stringbean Disco Inferno - Oz.",1,15.45
520,2025-12-12,"2025-12-10","UCity Pickup Time - @4:30-5",1,0
520,2025-12-12,"2025-12-10","Brussels Sprouts (1.0 Stalk) - Stalk",1,4.75
520,2025-12-12,"2025-12-10","Cabbage - Red - Share",1,3
520,2025-12-12,"2025-12-10","Eggs - Dozen",1,6.25
520,2025-12-12,"2025-12-10","Lettuce - Salanova - Bag",1,4.25
520,2025-12-12,"2025-12-10","Missouri Pecans - Each",1,6.5
520,2025-12-12,"2025-12-10","Oats - Rolled 5# - Bag",1,12.25
520,2025-12-12,"2025-12-10","Extra Credit - Each",22.2,1.06
520,2025-12-12,"2025-12-10","Mini",1,46.28
520,2025-12-12,"2025-12-10","Whole MILK",1,8.49
1387,2025-12-12,"2025-12-10","Milk - 2%  - Oz.",1,7.98
1387,2025-12-12,"2025-12-10","Eggs - BW - Dozen",1,6.25
1387,2025-12-12,"2025-12-10","Mothership Pickup Time (1.0 @3:30-4) - @3:30-4",1,0
1387,2025-12-12,"2025-12-10","Brussels Sprouts (1.0 Stalk) - Stalk",1,4.75
1387,2025-12-12,"2025-12-10","Cabbage - Red - Share",1,3
1387,2025-12-12,"2025-12-10","Carrots no tops - Lb.",1,5.75
1387,2025-12-12,"2025-12-10","Leeks - Each",1,4
1387,2025-12-12,"2025-12-10","Extra Credit - Each",2.48,1.06
1387,2025-12-12,"2025-12-10","FSC",1,64.37
1355,2025-12-12,"2025-12-10","Apple Sauce - Organic Qt. - Quart",1,10.5
1355,2025-12-12,"2025-12-10","Eggs - Dozen",1,6.25
1355,2025-12-12,"2025-12-10","Grains Wildcard $4.75 - Each",1,4.75
1355,2025-12-12,"2025-12-10","Pork Choice $8 - Pack",1,8
1355,2025-12-12,"2025-12-10","Wildcard $6.5 - Each",1,6.5
1355,2025-12-12,"2025-12-10","Half",1,68.89
1355,2025-12-12,"2025-12-10","2% MILK-o",1,8.49
1355,2025-12-12,"2025-12-10","Eggs - Buttonwood",3,6.65
1355,2025-12-12,"2025-12-10","Ground Chicken -o",7,8.84
1212,2025-12-12,"2025-12-10","Mothership Pickup Time (1.0 @3:30-4) - @3:30-4",1,0
1212,2025-12-12,"2025-12-10","Carrots no tops - Lb.",1,5.75
1212,2025-12-12,"2025-12-10","Eggs - Dozen",1,6.25
1212,2025-12-12,"2025-12-10","Jalapeno Pepper Relish - Pint",1,8
1212,2025-12-12,"2025-12-10","Potatoes - Sweet - lbs",1,5.75
1212,2025-12-12,"2025-12-10","Half",1,68.89
1272,2025-12-12,"2025-12-10","Mothership Pickup Time (3.0 @4:30-5) - @4:30-5",1,0
1272,2025-12-12,"2025-12-10","Apple Sauce - w/sugar - qt. - Jar",1,7.5
1272,2025-12-12,"2025-12-10","Apples - Fuji - Bag",1,5.75
1272,2025-12-12,"2025-12-10","Apples - Suncrisp - Bag",1,5.75
1272,2025-12-12,"2025-12-10","Eggs - Dozen",1,6.25
1272,2025-12-12,"2025-12-10","Peaches - Spiced - Jar",2,13.25
1272,2025-12-12,"2025-12-10","Tomatoes - Sungold - Pint",1,5.5
1272,2025-12-12,"2025-12-10","Extra Credit - Each",21.25,1.06
1272,2025-12-12,"2025-12-10","Half",1,68.89
687,2025-12-12,"2025-12-10","Winter Squash - Acorn - Each",1,3.25
687,2025-12-12,"2025-12-10","UCity Pickup Time - @4:30-5",1,0
687,2025-12-12,"2025-12-10","Beef - Stew Meat - Pack",1,10.25
687,2025-12-12,"2025-12-10","Blackberries - Frozen (1.0 Large) - Large",1,10.5
687,2025-12-12,"2025-12-10","Cabbage - Green (1.0 Small) - Small",1,3
687,2025-12-12,"2025-12-10","Cinnamon Rolls - Pack",1,6.5
687,2025-12-12,"2025-12-10","Eggs - Dozen",1,6.25
687,2025-12-12,"2025-12-10","Staff - Something to ask Jamie - Oz.",1,0
687,2025-12-12,"2025-12-10","Tastachios - Oz.",1,8.5
687,2025-12-12,"2025-12-10","Tomatoes - Heirloom - Bag",1,8.5
687,2025-12-12,"2025-12-10","Yogurt Choice  - Each",1,6.75
687,2025-12-12,"2025-12-10","Extra Credit - Each",32.25,1.06
687,2025-12-12,"2025-12-10","UCA/KWA",1,64.37
598,2025-12-12,"2025-12-10","Carrots no tops - Lb.",1,5.75
598,2025-12-12,"2025-12-10","Chicken Chorizo - Lb.",1,10
598,2025-12-12,"2025-12-10","Eggs - Dozen",1,6.25
598,2025-12-12,"2025-12-10","English Muffin Sourdough - Frozen - Pack",1,5
598,2025-12-12,"2025-12-10","Mini",1,46.28
1846,2025-12-12,"2025-12-10","UCity Pickup Time - @4:30-5",1,0
1846,2025-12-12,"2025-12-10","Cabbage - Chinese - Head",1,3.75
1846,2025-12-12,"2025-12-10","Eggs - Dozen",1,6.25
1846,2025-12-12,"2025-12-10","Hoagie - Wednesday - Each",1,3.35
1846,2025-12-12,"2025-12-10","Leeks - Each",1,4
1846,2025-12-12,"2025-12-10","Marbled Rye - Thursday - Each",1,8.35
1846,2025-12-12,"2025-12-10","Missouri Pecans - Each",1,6.5
1846,2025-12-12,"2025-12-10","Onions - Green - Bunch",1,3.5
1846,2025-12-12,"2025-12-10","Sesame Hoagie -W - Each",1,3.6
1846,2025-12-12,"2025-12-10","Tomatoes - Slicing - Bag",1,6.5
1846,2025-12-12,"2025-12-10","Extra Credit - Each",18.05,1.06
1846,2025-12-12,"2025-12-10","Mini",1,46.28
423,2025-12-12,"2025-12-10","Mothership Pickup Time (6.0 @6-6:30) - @6-6:30",1,0
423,2025-12-12,"2025-12-10","Beef - Tenderloin 8oz - $",1,18
423,2025-12-12,"2025-12-10","Brussels Sprouts (1.0 Stalk) - Stalk",1,4.75
423,2025-12-12,"2025-12-10","Cinnamon Rolls - Pack",1,6.5
423,2025-12-12,"2025-12-10","Mushrooms - Choice",1,8.25
423,2025-12-12,"2025-12-10","Extra Credit - Each",7.75,1.06
423,2025-12-12,"2025-12-10","FSA/FSD",1,64.37
94,2025-12-12,"2025-12-10","Asian Greens - Bunch",1,5.25
94,2025-12-12,"2025-12-10","Brussels Sprouts (1.0 Stalk) - Stalk",2,4.75
94,2025-12-12,"2025-12-10","Leeks - Each",2,4
809,2025-12-12,"2025-12-10","UCity Pickup Time (2.0 @5-5:30) - @5-5:30",1,0
809,2025-12-12,"2025-12-10","Bagels - Raisin - Frozen - Bag",1,6.75
809,2025-12-12,"2025-12-10","Brussels Sprouts (1.0 Stalk) - Stalk",1,4.75
809,2025-12-12,"2025-12-10","Carrots no tops - Lb.",1,5.75
809,2025-12-12,"2025-12-10","Chips - Tortilla - Bag",1,4.25
809,2025-12-12,"2025-12-10","Eggs - Dozen",1,6.25
809,2025-12-12,"2025-12-10","Kale - Green Curly - Bag",1,5
809,2025-12-12,"2025-12-10","Semolina - Wednesday - Loaf",1,6.75
809,2025-12-12,"2025-12-10","Tomatoes - Funky Bunch - Pint",1,5.75
809,2025-12-12,"2025-12-10","Extra Credit - Each",17.5,1.06
809,2025-12-12,"2025-12-10","Mini",1,46.28
1459,2025-12-12,"2025-12-10","Mothership Pickup Time (5.0 @5:30-6) - @5:30-6",1,0
1459,2025-12-12,"2025-12-10","Bacon - Each",1,12.75
1459,2025-12-12,"2025-12-10","Eggs - Dozen",1,6.25
1459,2025-12-12,"2025-12-10","Hummus - Carrot & Ginger - Tub",1,6.75
1459,2025-12-12,"2025-12-10","Rice - Brown - Lb.",1,6
1459,2025-12-12,"2025-12-10","Shoots - Specialty Mix - Bag",1,4.25
1459,2025-12-12,"2025-12-10","Tortillas Sourdough - Frozen - Pack",1,5
1459,2025-12-12,"2025-12-10","Extra Credit - Each",5,1.06
1459,2025-12-12,"2025-12-10","Half",1,68.89
547,2025-12-12,"2025-12-10","Cabbage - Green (1.0 Medium) - Medium",1,4
547,2025-12-12,"2025-12-10","Gnocchi - Sweet Potato  - Lb.",1,6.5
547,2025-12-12,"2025-12-10","Milk Chocolate Bar - Pack",1,2.75
547,2025-12-12,"2025-12-10","Tomatoes - Funky Bunch - Pint",1,5.75
547,2025-12-12,"2025-12-10","Tortellini - Cheese - Lb.",1,9
547,2025-12-12,"2025-12-10","Extra Credit - Each",0.25,1.06
547,2025-12-12,"2025-12-10","Mini",1,46.28
624,2025-12-12,"2025-12-10","Apple Sauce - Organic Qt. - Quart",1,10.5
624,2025-12-12,"2025-12-10","Eggs - Dozen",1,6.25
624,2025-12-12,"2025-12-10","Grains Wildcard $4.75 - Each",1,4.75
624,2025-12-12,"2025-12-10","Pork Choice $8 - Pack",1,8
624,2025-12-12,"2025-12-10","Wildcard $6.5 - Each",1,6.5
624,2025-12-12,"2025-12-10","Half",1,68.89
1577,2025-12-12,"2025-12-10","Mothership Pickup Time (5.0 @5:30-6) - @5:30-6",1,0
1577,2025-12-12,"2025-12-10","Eggs - Dozen",1,6.25
1577,2025-12-12,"2025-12-10","Janie's Bread - Wednesday - Each",1,6.75
1577,2025-12-12,"2025-12-10","Lettuce - Salanova - Bag",1,4.25
1577,2025-12-12,"2025-12-10","Missouri Pecans - Each",1,6.5
1577,2025-12-12,"2025-12-10","Tomatoes - Funky Bunch - Pint",1,5.75
1577,2025-12-12,"2025-12-10","Extra Credit - Each",1.75,1.06
1577,2025-12-12,"2025-12-10","Mini",1,46.28
1577,2025-12-12,"2025-12-10","Whole MILK",1,8.49
1627,2025-12-12,"2025-12-10","Mothership Pickup Time (2.0 @4-4:30) - @4-4:30",1,0
1627,2025-12-12,"2025-12-10","Chicken Thighs - Boneless/lb. - lbs",1,13.77
1627,2025-12-12,"2025-12-10","Cinnamon Rolls - Pack",1,6.5
1627,2025-12-12,"2025-12-10","Hoagie - Wednesday - Each",1,3.35
1627,2025-12-12,"2025-12-10","Onions - Green - Bunch",1,3.5
1627,2025-12-12,"2025-12-10","Pita Bread - Frozen (1.0 White) - White",1,4.5
1627,2025-12-12,"2025-12-10","Pork Breakfast Patties D&M - Pack",1,8.5
1627,2025-12-12,"2025-12-10","Potatoes - Yukon Gold - lbs",1,6
1627,2025-12-12,"2025-12-10","Extra Credit - Each",16.37,1.06
1627,2025-12-12,"2025-12-10","FSA/FSD",1,64.37
1537,2025-12-12,"2025-12-10","Milk - Whole - Oz.",1,7.98
1537,2025-12-12,"2025-12-10","Peanut Butter MC - Tub",1,7.75
1537,2025-12-12,"2025-12-10","Mothership Pickup Time (1.0 @3:30-4) - @3:30-4",1,0
1537,2025-12-12,"2025-12-10","Honey - Qt. - Jar",1,20
1537,2025-12-12,"2025-12-10","Honey - Wildflower - Bottle",1,11.25
1537,2025-12-12,"2025-12-10","Lettuce - Salanova - Bag",1,4.25
1537,2025-12-12,"2025-12-10","Extra Credit - Each",51.23,1.06
322,2025-12-12,"2025-12-10","Beef - Stew Meat - Pack",1,10.25
322,2025-12-12,"2025-12-10","Cauliflower - Romanesco - Lb.",1,6.5
322,2025-12-12,"2025-12-10","Eggs - Dozen",1,6.25
322,2025-12-12,"2025-12-10","Purple Straw SRW Sifted Wheat Flour - Bag",1,8.6
322,2025-12-12,"2025-12-10","Extra Credit - Each",0.35,1.06
322,2025-12-12,"2025-12-10","UCA/KWA",1,64.37
975,2025-12-12,"2025-12-10","Beets - No Tops - Lb.",2,5.75
975,2025-12-12,"2025-12-10","Black Pepper Cheddar - Each",1,6.5
975,2025-12-12,"2025-12-10","Eggs - Dozen",1,6.25
975,2025-12-12,"2025-12-10","Feta Cheese - HBC - Each",1,6.5
975,2025-12-12,"2025-12-10","Manicotti - Spinach - Package",1,9.8
975,2025-12-12,"2025-12-10","Mushrooms (1.0 Shiitake) - Shiitake",1,8.25
975,2025-12-12,"2025-12-10","Turnips - Japanese/White - Lb.",1,5.5
975,2025-12-12,"2025-12-10","Extra Credit - Each",18.3,1.06
975,2025-12-12,"2025-12-10","Half",1,68.89
681,2025-12-12,"2025-12-10","Cornmeal - Oz.",1,4.75
681,2025-12-12,"2025-12-10","Eggs - Dozen",1,6.25
681,2025-12-12,"2025-12-10","Pork - Bratwurst  - Pack",1,8
681,2025-12-12,"2025-12-10","Turnips - Japanese/White - Lb.",1,5.5
681,2025-12-12,"2025-12-10","Yogurt - Vanilla - Oz.",1,6.75
681,2025-12-12,"2025-12-10","UCA/KWA",1,64.37
135,2025-12-12,"2025-12-10","UCity Pickup Time (2.0 @5-5:30) - @5-5:30",1,0
135,2025-12-12,"2025-12-10","Apples - Fuji - Bag",1,5.75
135,2025-12-12,"2025-12-10","Brussels Sprouts (1.0 Stalk) - Stalk",1,4.75
135,2025-12-12,"2025-12-10","Eggs - Dozen",2,6.25
135,2025-12-12,"2025-12-10","Janie's Bread - Wednesday - Each",1,6.75
135,2025-12-12,"2025-12-10","Missouri Pecans - Each",1,6.5
135,2025-12-12,"2025-12-10","Extra Credit - Each",8.5,1.06
135,2025-12-12,"2025-12-10","Mini",1,46.28
135,2025-12-12,"2025-12-10","Whole MILK",1,8.49
1453,2025-12-12,"2025-12-10","Brussels Sprouts (1.0 Stalk) - Stalk",1,4.75
1453,2025-12-12,"2025-12-10","Eggs - Dozen",1,6.25
1453,2025-12-12,"2025-12-10","English Muffin Sourdough - Frozen - Pack",1,5
1453,2025-12-12,"2025-12-10","Ground Beef - D&M - Lb.",1,10.25
1453,2025-12-12,"2025-12-10","Peppers - Green/Red Bell - 3-pack",1,3
1453,2025-12-12,"2025-12-10","FSC",1,64.37
1453,2025-12-12,"2025-12-10","Whole MILK",1,8.49
430,2025-12-12,"2025-12-10","Eggs - BW - Dozen",1,6.25
430,2025-12-12,"2025-12-10","Havarti - MJC - Pack",1,6.5
430,2025-12-12,"2025-12-10","Mothership Pickup Time (1.0 @3:30-4) - @3:30-4",1,0
430,2025-12-12,"2025-12-10","Pork Bacon Burgers - Pack",1,15.75
430,2025-12-12,"2025-12-10","Sourdough Bread - Frozen - Lb.",1,6.25
430,2025-12-12,"2025-12-10","Extra Credit - Each",5,1.06
430,2025-12-12,"2025-12-10","FSA/FSD",1,64.37
406,2025-12-12,"2025-12-10","Mothership Pickup Time (3.0 @4:30-5) - @4:30-5",1,0
406,2025-12-12,"2025-12-10","Bagels - Everything - Frozen - Bag",1,6.75
406,2025-12-12,"2025-12-10","Cinnamon Rolls - Pack",1,6.5
406,2025-12-12,"2025-12-10","Eggs - Dozen",1,6.25
406,2025-12-12,"2025-12-10","Ground Beef - D&M - Lb.",1,10.25
406,2025-12-12,"2025-12-10","Extra Credit - Each",0.5,1.06
406,2025-12-12,"2025-12-10","FSC",1,64.37
1052,2025-12-12,"2025-12-10","Chicken - Links ($10) - Each",1,10
1052,2025-12-12,"2025-12-10","Eggs - Dozen",1,6.25
1052,2025-12-12,"2025-12-10","Kairos Sourdough Choice $5 - Pack",1,5
1052,2025-12-12,"2025-12-10","Missouri Pecans - Each",1,6.5
1052,2025-12-12,"2025-12-10","Mini",1,46.28
1048,2025-12-12,"2025-12-10","UCity Pickup Time (3.0 @5:30-6) - @5:30-6",1,0
1048,2025-12-12,"2025-12-10","Apples - Golden Delicious - Bag",1,5.75
1048,2025-12-12,"2025-12-10","Missouri Pecans (1.0 Halves) - Halves",4,6.5
1048,2025-12-12,"2025-12-10","Extra Credit - Each",0.5,1.06
1048,2025-12-12,"2025-12-10","UCA/KWA",1,64.37
337,2025-12-12,"2025-12-10","Mothership Pickup Time (6.0 @6-6:30) - @6-6:30",1,0
337,2025-12-12,"2025-12-10","Apple Sauce - w/sugar - qt. - Jar",1,7.5
337,2025-12-12,"2025-12-10","Eggs - Dozen",1,6.25
337,2025-12-12,"2025-12-10","Ground Beef - Jersey MJC - Lb.",1,8.75
337,2025-12-12,"2025-12-10","Tomatoes - Slicing - Bag",1,6.5
337,2025-12-12,"2025-12-10","Yogurt - Vanilla - Oz.",1,6.75
337,2025-12-12,"2025-12-10","Half",1,68.89
139,2025-12-12,"2025-12-10","Pizza - Four Meat  - Each",1,8
139,2025-12-12,"2025-12-10","Brussels Sprouts (1.0 Stalk) - Stalk",1,4.75
139,2025-12-12,"2025-12-10","Jam - Peach HBY - Jar",1,7.5
139,2025-12-12,"2025-12-10","Lettuce - Salanova - Bag",1,4.25
139,2025-12-12,"2025-12-10","Pasta Bi-color Short - Lb.",1,6.5
139,2025-12-12,"2025-12-10","Rice - Brown - Lb.",1,6
139,2025-12-12,"2025-12-10","Extra Credit - Each",1,1.06
139,2025-12-12,"2025-12-10","Half",1,68.89
1162,2025-12-12,"2025-12-10","Curds Garlic Herb HBC 10 oz  - Bag",1,6.5
1162,2025-12-12,"2025-12-10","Eggs - Dozen",1,6.25
1162,2025-12-12,"2025-12-10","Kairos Sourdough Choice $5 - Pack",1,5
1162,2025-12-12,"2025-12-10","Missouri Pecans - Each",1,6.5
1162,2025-12-12,"2025-12-10","Yogurt - Vanilla - Oz.",1,6.75
1162,2025-12-12,"2025-12-10","Extra Credit - Each",3.25,1.06
1162,2025-12-12,"2025-12-10","Mini",1,46.28
1735,2025-12-12,"2025-12-10","UCity Pickup Time - @4:30-5",1,0
1735,2025-12-12,"2025-12-10","Dark Chocolate Salted Bark - Pack",1,6.45
1735,2025-12-12,"2025-12-10","Eggs - Dozen",1,6.25
1735,2025-12-12,"2025-12-10","Pork Chop Bone-in /lb. - Lb.",1,14.52
1735,2025-12-12,"2025-12-10","Purple Straw SRW Sifted Wheat Flour - Bag",1,8.6
1735,2025-12-12,"2025-12-10","White Rice Flour - Bag",1,3.75
1735,2025-12-12,"2025-12-10","Extra Credit - Each",8.32,1.06
1735,2025-12-12,"2025-12-10","UCA/KWA",1,64.37
1932,2025-12-12,"2025-12-10","Mothership Pickup Time (3.0 @4:30-5) - @4:30-5",1,0
1932,2025-12-12,"2025-12-10","Asian Greens - Bunch",1,5.25
1932,2025-12-12,"2025-12-10","Ground Beef - Jersey MJC - Lb.",1,8.75
1932,2025-12-12,"2025-12-10","Ground Lamb  - Lb.",1,16
1932,2025-12-12,"2025-12-10","Extra Credit - Each",0.25,1.06
1932,2025-12-12,"2025-12-10","FSA/FSD",1,64.37
627,2025-12-12,"2025-12-10","UCity Pickup Time - @4:30-5",1,0
627,2025-12-12,"2025-12-10","Buttermilk Waffles Sourdough - Frozen - Pack",1,5
627,2025-12-12,"2025-12-10","Leeks - Each",1,4
627,2025-12-12,"2025-12-10","Potatoes - Sweet - lbs",1,5.75
627,2025-12-12,"2025-12-10","Wild Cod/LB* - Pack",1,9.31
627,2025-12-12,"2025-12-10","Winter Squash - Mashed Potato - Each",2,2.25
627,2025-12-12,"2025-12-10","Extra Credit - Each",0.81,1.06
627,2025-12-12,"2025-12-10","Mini",1,46.28
1014,2025-12-12,"2025-12-10","UCity Pickup Time (3.0 @5:30-6) - @5:30-6",1,0
1014,2025-12-12,"2025-12-10","Cabbage - Red - Share",1,3
1014,2025-12-12,"2025-12-10","Chicken - Whole $4.75/lb. - Each",1,16.92
1014,2025-12-12,"2025-12-10","Garlic - Cured Bag - Bag",1,4.5
1014,2025-12-12,"2025-12-10","Lettuce - Salanova - Bag",1,4.25
1014,2025-12-12,"2025-12-10","Missouri Pecans - Each",1,6.5
1014,2025-12-12,"2025-12-10","Mushrooms - French Horn/King - Bag",1,8.25
1014,2025-12-12,"2025-12-10","Extra Credit - Each",15.67,1.06
1014,2025-12-12,"2025-12-10","Mini",1,46.28
1014,2025-12-12,"2025-12-10","Eggs - Buttonwood",1,6.65
470,2025-12-12,"2025-12-10","Chicken - Links ($10) - Each",1,10
470,2025-12-12,"2025-12-10","Eggs - Dozen",1,6.25
470,2025-12-12,"2025-12-10","Kairos Sourdough Choice $5 - Pack",1,5
470,2025-12-12,"2025-12-10","Missouri Pecans - Each",1,6.5
470,2025-12-12,"2025-12-10","Mini",1,46.28
1427,2025-12-12,"2025-12-10","Eggs - BW - Dozen",2,6.25
1427,2025-12-12,"2025-12-10","Stringbean Brazilian - Oz.",1,15.45
1427,2025-12-12,"2025-12-10","Mothership Pickup Time (1.0 @3:30-4) - @3:30-4",1,0
1427,2025-12-12,"2025-12-10","Onions - Green - Bunch",1,3.5
1427,2025-12-12,"2025-12-10","Pretzel Slider Buns - Bag",1,6.25
1427,2025-12-12,"2025-12-10","Extra Credit - Each",9.95,1.06
1427,2025-12-12,"2025-12-10","Mini",1,0
1427,2025-12-12,"2025-12-10","Whole MILK-o",1,5.99
225,2025-12-12,"2025-12-10","UCity Pickup Time - @4:30-5",1,0
225,2025-12-12,"2025-12-10","Cauliflower - Romanesco - Lb.",1,6.5
225,2025-12-12,"2025-12-10","Missouri Pecans - Each",1,6.5
225,2025-12-12,"2025-12-10","Shoots - Sunflower - Bag",1,4.25
225,2025-12-12,"2025-12-10","Tomatoes - Funky Bunch - Pint",1,5.75
225,2025-12-12,"2025-12-10","Tomatoes - Heirloom - Bag",1,8.5
225,2025-12-12,"2025-12-10","Yogurt - Plain - Oz.",1,6.75
225,2025-12-12,"2025-12-10","Extra Credit - Each",8,1.06
225,2025-12-12,"2025-12-10","Mini",1,37.24
225,2025-12-12,"2025-12-10","Whole MILK",1,8.49
554,2025-12-12,"2025-12-10","Apple Sauce - Organic Qt. - Quart",1,10.5
554,2025-12-12,"2025-12-10","Eggs - Dozen",1,6.25
554,2025-12-12,"2025-12-10","Grains Wildcard $4.75 - Each",1,4.75
554,2025-12-12,"2025-12-10","Pork Choice $8 - Pack",1,8
554,2025-12-12,"2025-12-10","Salame - Veneto - Pack",1,12.35
554,2025-12-12,"2025-12-10","Wildcard $6.5 - Each",1,6.5
554,2025-12-12,"2025-12-10","Extra Credit - Each",12.35,1.06
554,2025-12-12,"2025-12-10","Half",1,68.89
240,2025-12-12,"2025-12-10","Mothership Pickup Time (3.0 @4:30-5) - @4:30-5",1,0
240,2025-12-12,"2025-12-10","Garlic - Cured Bag - Bag",1,4.5
240,2025-12-12,"2025-12-10","Jam - Damson Plum HBY - Pint",1,7.5
240,2025-12-12,"2025-12-10","Milk Chocolate Bar - Pack",1,2.75
240,2025-12-12,"2025-12-10","Milk Chocolate Lolli - Each",1,1.75
240,2025-12-12,"2025-12-10","Mozzarella HBC - Oz.",1,6.5
240,2025-12-12,"2025-12-10","Semolina - Wednesday - Loaf",1,6.75
240,2025-12-12,"2025-12-10","FSA/FSD",1,64.37
952,2025-12-12,"2025-12-10","Kuva Nicaragua - Bag",1,15.45
952,2025-12-12,"2025-12-10","Mothership Pickup Time (5.0 @5:30-6) - @5:30-6",1,0
952,2025-12-12,"2025-12-10","Bagels - Honey Buckwheat - BU - Bag",1,10.9
952,2025-12-12,"2025-12-10","Black Beans - Dry - Lb.",1,3
952,2025-12-12,"2025-12-10","Chicken - Ground - Lb.",1,8.75
952,2025-12-12,"2025-12-10","Eggs - Dozen",1,6.25
952,2025-12-12,"2025-12-10","Multigrain Bread - Frozen - Loaf",1,6.25
952,2025-12-12,"2025-12-10","Mushrooms - Choice",1,8.25
952,2025-12-12,"2025-12-10","Oats - Rolled 5# - Bag",1,12.25
952,2025-12-12,"2025-12-10","Extra Credit - Each",41.35,1.06
952,2025-12-12,"2025-12-10","FSA/FSD",1,64.37
642,2025-12-12,"2025-12-10","Mothership Pickup Time (3.0 @4:30-5) - @4:30-5",1,0
642,2025-12-12,"2025-12-10","Apple Sauce - Organic Qt. - Quart",1,10.5
642,2025-12-12,"2025-12-10","Buttermilk Waffles Sourdough - Frozen - Pack",2,5
642,2025-12-12,"2025-12-10","Eggs - Dozen",1,6.25
642,2025-12-12,"2025-12-10","Grains Wildcard $4.75 - Each",1,4.75
642,2025-12-12,"2025-12-10","Pork Choice $8 - Pack",1,8
642,2025-12-12,"2025-12-10","Wildcard $6.5 - Each",1,6.5
642,2025-12-12,"2025-12-10","Extra Credit - Each",10,1.06
642,2025-12-12,"2025-12-10","Half",1,68.89
1143,2025-12-12,"2025-12-10","Jam - Grape HBY - Pint",1,7.5
1143,2025-12-12,"2025-12-10","UCity Pickup Time (2.0 @5-5:30) - @5-5:30",1,0
1143,2025-12-12,"2025-12-10","Eggs - Dozen",1,6.25
1143,2025-12-12,"2025-12-10","Maple Syrup 12 oz. - Jar",1,12.5
1143,2025-12-12,"2025-12-10","Pork Italian Bulk - D&M - Lb.",1,8
1143,2025-12-12,"2025-12-10","Extra Credit - Each",3,1.06
1143,2025-12-12,"2025-12-10","UCA/KWA",1,64.37
1689,2025-12-12,"2025-12-10","Cabbage - Red - Share",1,3
1689,2025-12-12,"2025-12-10","Cauliflower - Romanesco - Lb.",1,6.5
1689,2025-12-12,"2025-12-10","Cauliflower - hd. - Head",1,6.5
1689,2025-12-12,"2025-12-10","Eggs - Dozen",2,6.25
1689,2025-12-12,"2025-12-10","Granola Bar - Each",2,3.75
1689,2025-12-12,"2025-12-10","Leeks - Each",1,4
1689,2025-12-12,"2025-12-10","Missouri Pecans (1.0 Halves) - Halves",4,6.5
1689,2025-12-12,"2025-12-10","Radishes - Mini Daikon - Bunch",1,4
1689,2025-12-12,"2025-12-10","Extra Credit - Each",42.25,1.06
1689,2025-12-12,"2025-12-10","Mini",1,46.28
418,2025-12-12,"2025-12-10","Cheddar - Mauna Loa - Package",1,6.5
418,2025-12-12,"2025-12-10","UCity Pickup Time - @4:30-5",1,0
418,2025-12-12,"2025-12-10","Bagels - Pumpernickel - BU - Bag",1,10.9
418,2025-12-12,"2025-12-10","Bagels - Sesame Seed - BU - Bag",1,10.9
418,2025-12-12,"2025-12-10","Chicken Thighs - Boneless/lb. - lbs",1,10.03
418,2025-12-12,"2025-12-10","Eggs - Dozen",1,6.25
418,2025-12-12,"2025-12-10","Janie's Bread - Wednesday - Each",1,6.75
418,2025-12-12,"2025-12-10","Extra Credit - Each",23.58,1.06
418,2025-12-12,"2025-12-10","Mini",1,46.28
1407,2025-12-12,"2025-12-10","Ground Turkey - Pack",2,8.75
1407,2025-12-12,"2025-12-10","Milk - 2%  - Oz.",1,7.98
1407,2025-12-12,"2025-12-10","Eggs - BW - Dozen",2,6.25
1407,2025-12-12,"2025-12-10","Havarti - MJC - Pack",1,6.5
1407,2025-12-12,"2025-12-10","Mothership Pickup Time (1.0 @3:30-4) - @3:30-4",1,0
1407,2025-12-12,"2025-12-10","Food For FS Cats Donation - $",1,1
1407,2025-12-12,"2025-12-10","Asian Greens - Bunch",1,5.25
1407,2025-12-12,"2025-12-10","Beets - No Tops - Lb.",1,5.75
1407,2025-12-12,"2025-12-10","Cabbage - Red - Share",1,3
1407,2025-12-12,"2025-12-10","Chicken Breasts /lb. - Pack",2,14.76
1407,2025-12-12,"2025-12-10","Chicken Thighs - Boneless/lb. - Wee* - lbs",3,7.48
1407,2025-12-12,"2025-12-10","Garlic - Cured Bag - Bag",1,4.5
1407,2025-12-12,"2025-12-10","Lettuce - Salanova - Bag",1,4.25
1407,2025-12-12,"2025-12-10","Light and Mild - Wednesday - Loaf",1,8
1407,2025-12-12,"2025-12-10","Mushrooms - Hen of the Woods/Maitake - Bag",1,8.25
1407,2025-12-12,"2025-12-10","Oats - Rolled 5# - Bag",1,12.25
1407,2025-12-12,"2025-12-10","Onions - Green - Bunch",1,3.5
1407,2025-12-12,"2025-12-10","Peppers - Lunchbox - Bag",1,5
1407,2025-12-12,"2025-12-10","Radishes - Red - Lb.",1,3.5
1407,2025-12-12,"2025-12-10","Extra Credit - Each",153.05,1.06
1506,2025-12-12,"2025-12-10","Almond Butter - Pint",1,11.25
1506,2025-12-12,"2025-12-10","Havarti - MJC - Pack",1,6.5
1506,2025-12-12,"2025-12-10","UCity Pickup Time (3.0 @5:30-6) - @5:30-6",1,0
1506,2025-12-12,"2025-12-10","Applewood Smoked Cheddar - Each",1,6.5
1506,2025-12-12,"2025-12-10","Black Pepper Cheddar - Each",1,6.5
1506,2025-12-12,"2025-12-10","Dark Chocolate Almond Bar - Pack",1,4.8
1506,2025-12-12,"2025-12-10","Dark Chocolate Salted Bark - Pack",1,6.45
1506,2025-12-12,"2025-12-10","Eggs - Dozen",1,6.25
1506,2025-12-12,"2025-12-10","Ground Beef - Jersey MJC - Lb.",3,8.75
1506,2025-12-12,"2025-12-10","Milk Choc. Peanut Butter Bark - Pack",1,6.45
1506,2025-12-12,"2025-12-10","Salmon - Fillet Pieces/LB* - Each",1,8.54
1506,2025-12-12,"2025-12-10","Tahini - Pint",1,8.75
1506,2025-12-12,"2025-12-10","Extra Credit - Each",61.45,1.06
1506,2025-12-12,"2025-12-10","UCA/KWA",1,64.37
883,2025-12-12,"2025-12-10","Mothership Pickup Time (6.0 @6-6:30) - @6-6:30",1,0
883,2025-12-12,"2025-12-10","Apples - Fuji - Bag",1,5.75
883,2025-12-12,"2025-12-10","Broccoli (1.0 Bag) - Bag",1,5
883,2025-12-12,"2025-12-10","Chicken Breasts /lb. - Pack",1,13.2
883,2025-12-12,"2025-12-10","Ground Beef - Jersey MJC - Lb.",1,8.75
883,2025-12-12,"2025-12-10","Extra Credit - Each",4.95,1.06
883,2025-12-12,"2025-12-10","Mini",1,46.28
976,2025-12-12,"2025-12-10","Buttermilk Waffles Sourdough - Frozen - Pack",1,5
976,2025-12-12,"2025-12-10","Carrots no tops - Lb.",1,5.75
976,2025-12-12,"2025-12-10","Cauliflower - Romanesco - Lb.",1,6.5
976,2025-12-12,"2025-12-10","Eggs - Dozen",1,6.25
976,2025-12-12,"2025-12-10","Light and Mild - Wednesday - Loaf",1,8
976,2025-12-12,"2025-12-10","Potatoes - Regular - lbs",1,5.75
976,2025-12-12,"2025-12-10","Extra Credit - Each",1.25,1.06
976,2025-12-12,"2025-12-10","Half",1,68.89
194,2025-12-12,"2025-12-10","Mothership Pickup Time (3.0 @4:30-5) - @4:30-5",1,0
194,2025-12-12,"2025-12-10","Chicken Links - Sundried Tomato - lbs",1,10
194,2025-12-12,"2025-12-10","Missouri Pecans - Each",1,6.5
194,2025-12-12,"2025-12-10","Mozzarella HBC - Oz.",1,6.5
194,2025-12-12,"2025-12-10","Pizza Sourdough - Frozen - Pack",1,5
194,2025-12-12,"2025-12-10","Extra Credit - Each",0.25,1.06
194,2025-12-12,"2025-12-10","Mini",1,46.28
810,2025-12-12,"2025-12-10","Mothership Pickup Time (3.0 @4:30-5) - @4:30-5",1,0
810,2025-12-12,"2025-12-10","Eggs - Dozen",1,6.25
810,2025-12-12,"2025-12-10","Granola Bar - Each",2,3.75
810,2025-12-12,"2025-12-10","Hoagie - Wednesday - Each",1,3.35
810,2025-12-12,"2025-12-10","Kairos Sourdough Choice $5 - Pack",1,5
810,2025-12-12,"2025-12-10","Missouri Pecans - Each",1,6.5
810,2025-12-12,"2025-12-10","Pork - Brats Cheddar DM - 4-pack",1,8
810,2025-12-12,"2025-12-10","Extra Credit - Each",8.85,1.06
810,2025-12-12,"2025-12-10","Mini",1,46.28
810,2025-12-12,"2025-12-10","Chocolate MILK",1,9.43
866,2025-12-12,"2025-12-10","UCity Pickup Time - @4:30-5",1,0
866,2025-12-12,"2025-12-10","Cauliflower - Romanesco - Lb.",1,6.5
866,2025-12-12,"2025-12-10","Eggs - Dozen",1,6.25
866,2025-12-12,"2025-12-10","FF - Fry Bread - Bag",1,7.25
866,2025-12-12,"2025-12-10","Missouri Pecans (1.0 Halves) - Halves",1,6.5
866,2025-12-12,"2025-12-10","Potatoes - Regular - lbs",1,5.75
866,2025-12-12,"2025-12-10","Vinaigrette - Greek Style - Bottle",1,6.25
866,2025-12-12,"2025-12-10","Extra Credit - Each",38.5,1.06
1871,2025-12-12,"2025-12-11","Mothership Pickup Time (2.0 @4-4:30) - @4-4:30",1,0
1871,2025-12-12,"2025-12-11","RL Heavy Cream  - Pint",1,7.5
1871,2025-12-12,"2025-12-11","Chicken Thighs - Boneless/lb. - lbs",1,11.9
1871,2025-12-12,"2025-12-11","Eggs - Dozen",2,6.25
1871,2025-12-12,"2025-12-11","Light and Mild - T - Loaf",1,8
1871,2025-12-12,"2025-12-11","Extra Credit - Each",3.9,1.06
1871,2025-12-12,"2025-12-11","Half",1,68.89
21,2025-12-12,"2025-12-11","Mothership Pickup Time (1.0 @3:30-4) - @3:30-4",1,0
21,2025-12-12,"2025-12-11","Eggs - Dozen",1,6.25
21,2025-12-12,"2025-12-11","Oats - Rolled 5# - Bag",1,12.25
21,2025-12-12,"2025-12-11","Winter Squash - Georgia Candy Roaster - Each",2,9.5
21,2025-12-12,"2025-12-11","Extra Credit - Each",1.5,1.06
21,2025-12-12,"2025-12-11","Half",1,68.89
1217,2025-12-12,"2025-12-11","Eggs - BW - Dozen",1,6.25
1217,2025-12-12,"2025-12-11","Kirkwood Pickup Time - @1-1:30",1,0
1217,2025-12-12,"2025-12-11","Chicken Breasts /lb. - Pack",1,13.37
1217,2025-12-12,"2025-12-11","Eggs - Dozen",1,6.25
1217,2025-12-12,"2025-12-11","English Muffin Sourdough - Frozen - Pack",1,5
1217,2025-12-12,"2025-12-11","Missouri Pecans - Each",1,6.5
1217,2025-12-12,"2025-12-11","Extra Credit - Each",9.62,1.06
1217,2025-12-12,"2025-12-11","Mini",1,46.28
1891,2025-12-12,"2025-12-11","Kirkwood Pickup Time (2.0 @1:30-2) - @1:30-2",1,0
1891,2025-12-12,"2025-12-11","Cabbage - Red - Share",1,3
1891,2025-12-12,"2025-12-11","Cauliflower - Romanesco - Lb.",1,6.5
1891,2025-12-12,"2025-12-11","Cauliflower - hd. - Head",1,6.5
1891,2025-12-12,"2025-12-11","Mushrooms (1.0 Oyster) - Oyster",1,8.25
1891,2025-12-12,"2025-12-11","Tomatoes - Heirloom - Bag",1,8.5
1891,2025-12-12,"2025-12-11","Extra Credit - Each",1.5,1.06
1891,2025-12-12,"2025-12-11","UCA/KWA",1,64.37
1196,2025-12-12,"2025-12-11","Kirkwood Pickup Time (1.0 PORCH) - PORCH",1,0
1196,2025-12-12,"2025-12-11","Apples - Fuji - Bag",1,5.75
1196,2025-12-12,"2025-12-11","Eggs - Dozen",1,6.25
1196,2025-12-12,"2025-12-11","Lamb Shank/lb. - Lb.",1,14.5
1196,2025-12-12,"2025-12-11","Tomatoes - Funky Bunch - Pint",1,5.75
1196,2025-12-12,"2025-12-11","Extra Credit - Each",4.5,1.06
1196,2025-12-12,"2025-12-11","Mini",1,46.28
584,2025-12-12,"2025-12-11","Apple Sauce - Organic Qt. - Quart",1,10.5
584,2025-12-12,"2025-12-11","Eggs - Dozen",1,6.25
584,2025-12-12,"2025-12-11","Grains Wildcard $4.75 - Each",1,4.75
584,2025-12-12,"2025-12-11","Pork Choice $8 - Pack",1,8
584,2025-12-12,"2025-12-11","Wildcard $6.5 - Each",1,6.5
584,2025-12-12,"2025-12-11","Half",1,68.89
192,2025-12-12,"2025-12-11","Ground Turkey - Pack",1,8.75
192,2025-12-12,"2025-12-11","Kirkwood Pickup Time (2.0 @1:30-2) - @1:30-2",1,0
192,2025-12-12,"2025-12-11","Eggs - Dozen",1,6.25
192,2025-12-12,"2025-12-11","Flank Steak/lbs. - lbs",1,27.49
192,2025-12-12,"2025-12-11","Hoagie - T - Each",1,3.35
192,2025-12-12,"2025-12-11","Sesame Hoagie - T - Each",1,3.6
192,2025-12-12,"2025-12-11","Extra Credit - Each",15.69,1.06
192,2025-12-12,"2025-12-11","UCA/KWA",1,64.37
192,2025-12-12,"2025-12-11","2% MILK",2,8.49
1977,2025-12-12,"2025-12-11","Mothership Pickup Time (1.0 @3:30-4) - @3:30-4",1,0
1977,2025-12-12,"2025-12-11","Eggs - Dozen",1,6.25
1977,2025-12-12,"2025-12-11","Ground Beef - Jersey MJC - Lb.",4,8.75
1977,2025-12-12,"2025-12-11","Extra Credit - Each",5.25,1.06
1977,2025-12-12,"2025-12-11","Half",1,68.89
1465,2025-12-12,"2025-12-11","Kirkwood Pickup Time (1.0 PORCH) - PORCH",1,0
1465,2025-12-12,"2025-12-11","Bada Bing - Sub - Frozen - Each",1,6.25
1465,2025-12-12,"2025-12-11","Black Beans - Dry - Lb.",1,3
1465,2025-12-12,"2025-12-11","Flour - All Purpose 5 lb - Bag",1,8.5
1465,2025-12-12,"2025-12-11","Rice - Basmati Brown - Lb.",1,6.75
1465,2025-12-12,"2025-12-11","Shoots - Pea - Bag",1,4.25
1465,2025-12-12,"2025-12-11","Extra Credit - Each",1,1.06
1465,2025-12-12,"2025-12-11","Mini",1,46.28
1075,2025-12-12,"2025-12-11","Ground Turkey - Pack",4,8.75
1075,2025-12-12,"2025-12-11","Kirkwood Pickup Time - @1-1:30",1,0
1075,2025-12-12,"2025-12-11","Eggs - Dozen",1,6.25
1075,2025-12-12,"2025-12-11","Extra Credit - Each",5.25,1.06
1075,2025-12-12,"2025-12-11","Half",1,68.89
1075,2025-12-12,"2025-12-11","2% MILK-o",1,8.49
1489,2025-12-12,"2025-12-11","Eggs - BW - Dozen",1,6.25
1489,2025-12-12,"2025-12-11","Kirkwood Pickup Time (1.0 PORCH) - PORCH",1,0
1489,2025-12-12,"2025-12-11","Brussels Sprouts (1.0 Stalk) - Stalk",1,4.75
1489,2025-12-12,"2025-12-11","Carrots no tops - Lb.",1,5.75
1489,2025-12-12,"2025-12-11","Cauliflower - Romanesco - Lb.",1,6.5
1489,2025-12-12,"2025-12-11","Hoagie - T - Each",1,3.35
1489,2025-12-12,"2025-12-11","Lettuce - Salanova - Bag",1,4.25
1489,2025-12-12,"2025-12-11","Seedy Wheaty - Frozen - Loaf",1,3.5
1489,2025-12-12,"2025-12-11","Half",1,68.89
1386,2025-12-12,"2025-12-11","Kirkwood Pickup Time - @1-1:30",1,0
1386,2025-12-12,"2025-12-11","Chicken Breasts /lb. - Pack",2,12.95
1386,2025-12-12,"2025-12-11","Eggs - Dozen",1,6.25
1386,2025-12-12,"2025-12-11","Leeks - Each",1,4
1386,2025-12-12,"2025-12-11","Lettuce - Salanova - Bag",1,4.25
1386,2025-12-12,"2025-12-11","Light and Mild - T - Loaf",1,8
1386,2025-12-12,"2025-12-11","Extra Credit - Each",17.15,1.06
1386,2025-12-12,"2025-12-11","UCA/KWA",1,64.37
282,2025-12-12,"2025-12-11","Apple Sauce - Organic Qt. - Quart",1,10.5
282,2025-12-12,"2025-12-11","Bagels - Everything - BU - Bag",1,10.9
282,2025-12-12,"2025-12-11","Eggs - Dozen",1,6.25
282,2025-12-12,"2025-12-11","Grains Wildcard $4.75 - Each",1,4.75
282,2025-12-12,"2025-12-11","Pork Choice $8 - Pack",1,8
282,2025-12-12,"2025-12-11","Wildcard $6.5 - Each",1,6.5
282,2025-12-12,"2025-12-11","Extra Credit - Each",10.9,1.06
282,2025-12-12,"2025-12-11","Half",1,68.89
970,2025-12-12,"2025-12-11","Chicken - Links ($10) - Each",1,10
970,2025-12-12,"2025-12-11","Eggs - Dozen",1,6.25
970,2025-12-12,"2025-12-11","Kairos Sourdough Choice $5 - Pack",1,5
970,2025-12-12,"2025-12-11","Missouri Pecans - Each",1,6.5
970,2025-12-12,"2025-12-11","Mini",1,46.28
1488,2025-12-12,"2025-12-11","Kirkwood Pickup Time - @1-1:30",1,0
1488,2025-12-12,"2025-12-11","Milk Chocolate Caramels - 4-pack",1,11.25
1488,2025-12-12,"2025-12-11","Mozzarella HBC - Oz.",1,6.5
1488,2025-12-12,"2025-12-11","Rice - Basmati White - Lb.",1,6.75
1488,2025-12-12,"2025-12-11","Yogurt - Plain - Oz.",1,6.75
1488,2025-12-12,"2025-12-11","UCA/KWA",1,64.37
1488,2025-12-12,"2025-12-11","2% MILK",0,8.49
566,2025-12-12,"2025-12-11","Mothership Pickup Time (4.0 @5-5:30) - @5-5:30",1,0
566,2025-12-12,"2025-12-11","Apple Sauce - Organic Qt. - Quart",1,10.5
566,2025-12-12,"2025-12-11","Eggs - Dozen",1,6.25
566,2025-12-12,"2025-12-11","Grains Wildcard $4.75 - Each",1,4.75
566,2025-12-12,"2025-12-11","Pork Choice $8 - Pack",1,8
566,2025-12-12,"2025-12-11","Wildcard $6.5 - Each",1,6.5
566,2025-12-12,"2025-12-11","Half",1,68.89
287,2025-12-12,"2025-12-11","Mothership Pickup Time (1.0 @3:30-4) - @3:30-4",1,0
287,2025-12-12,"2025-12-11","$ for green bags donation - $",1,1
287,2025-12-12,"2025-12-11","Bread Choice ($6.25) - Loaf",1,6.25
287,2025-12-12,"2025-12-11","Chicken - Ground - Lb.",1,8.75
287,2025-12-12,"2025-12-11","Janie's Bread - Thursday - Each",1,6.75
287,2025-12-12,"2025-12-11","Semolina - T - Loaf",1,6.75
287,2025-12-12,"2025-12-11","FSA/FSD",1,64.37
1970,2025-12-12,"2025-12-11","Kirkwood Pickup Time (2.0 @1:30-2) - @1:30-2",1,0
1970,2025-12-12,"2025-12-11","Carrots no tops - Lb.",1,5.75
1970,2025-12-12,"2025-12-11","Eggs - Dozen",1,6.25
1970,2025-12-12,"2025-12-11","Ground Beef - Jersey MJC - Lb.",1,8.75
1970,2025-12-12,"2025-12-11","Janie's Bread - Thursday - Each",1,6.75
1970,2025-12-12,"2025-12-11","Leeks - Each",1,4
1970,2025-12-12,"2025-12-11","Missouri Pecans - Each",1,6.5
1970,2025-12-12,"2025-12-11","Extra Credit - Each",10.25,1.06
1970,2025-12-12,"2025-12-11","Mini",1,46.28
1132,2025-12-12,"2025-12-11","Chicken - BULK Breasts /lb. - Pack",1,7.75
1132,2025-12-12,"2025-12-11","Kirkwood Pickup Time (2.0 @1:30-2) - @1:30-2",1,0
1132,2025-12-12,"2025-12-11","Apples - Suncrisp - Bag",1,5.75
1132,2025-12-12,"2025-12-11","Brussels Sprouts (1.0 Stalk) - Stalk",1,4.75
1132,2025-12-12,"2025-12-11","Carrots no tops - Lb.",1,5.75
1132,2025-12-12,"2025-12-11","Eggs - Dozen",2,6.25
1132,2025-12-12,"2025-12-11","Onions - Green - Bunch",1,3.5
1132,2025-12-12,"2025-12-11","Potatoes - Regular - lbs",1,5.75
1132,2025-12-12,"2025-12-11","Yogurt - Plain - Oz.",1,6.75
1132,2025-12-12,"2025-12-11","Extra Credit - Each",27.5,1.06
1132,2025-12-12,"2025-12-11","(BYO) KWG - Orders Only",1,0
1132,2025-12-12,"2025-12-11","Whole MILK",2,8.49
1671,2025-12-12,"2025-12-11","Walnuts - Oz.",1,12.75
1671,2025-12-12,"2025-12-11","Bagels - Everything - BU - Bag",1,10.9
1671,2025-12-12,"2025-12-11","Missouri Pecans - Each",1,6.5
1671,2025-12-12,"2025-12-11","Pork Italian Links - D&M - Each",1,8
1671,2025-12-12,"2025-12-11","Rice - White - Lb.",1,6
1671,2025-12-12,"2025-12-11","Tahini - Pint",1,8.75
1671,2025-12-12,"2025-12-11","Tomatoes - Slicing - Bag",1,6.5
1671,2025-12-12,"2025-12-11","Extra Credit - Each",31.65,1.06
1671,2025-12-12,"2025-12-11","Mini",1,46.28
579,2025-12-12,"2025-12-11","Chicken - Links ($10) - Each",1,10
579,2025-12-12,"2025-12-11","Eggs - Dozen",1,6.25
579,2025-12-12,"2025-12-11","Kairos Sourdough Choice $5 - Pack",1,5
579,2025-12-12,"2025-12-11","Missouri Pecans - Each",1,6.5
579,2025-12-12,"2025-12-11","Mini",1,46.28
1799,2025-12-12,"2025-12-11","Bread Choice ($6.25) - Loaf",1,6.25
1799,2025-12-12,"2025-12-11","Chicken - Ground - Lb.",1,8.75
1799,2025-12-12,"2025-12-11","Mushrooms - Choice",1,8.25
1799,2025-12-12,"2025-12-11","Pasta Wildcard $6.50 - Pack",1,6.5
1799,2025-12-12,"2025-12-11","FSA/FSD",1,64.37
467,2025-12-12,"2025-12-11","Eggs - BW - Dozen",1,6.25
467,2025-12-12,"2025-12-11","Salsa - Gringo's Hot - Pint",1,5
467,2025-12-12,"2025-12-11","Kirkwood Pickup Time - @1-1:30",1,0
467,2025-12-12,"2025-12-11","Cauliflower - hd. - Head",1,6.5
467,2025-12-12,"2025-12-11","Chicken - Ground - Lb.",2,8.75
467,2025-12-12,"2025-12-11","Chicken - Links ($10) - Each",1,10
467,2025-12-12,"2025-12-11","Extra Credit - Each",17.5,1.06
467,2025-12-12,"2025-12-11","Mini",1,46.28
615,2025-12-12,"2025-12-11","Peanut Butter EW - Pint",1,7.75
615,2025-12-12,"2025-12-11","Quark-Frozen - Tub",1,6.5
615,2025-12-12,"2025-12-11","Kirkwood Pickup Time (1.0 PORCH) - PORCH",1,0
615,2025-12-12,"2025-12-11","Apples - Golden Delicious - Bag",1,5.75
615,2025-12-12,"2025-12-11","Buttermilk Waffles Sourdough - Frozen - Pack",1,5
615,2025-12-12,"2025-12-11","Carrots no tops - Lb.",1,5.75
615,2025-12-12,"2025-12-11","Chicken - Links ($10) - Each",1,9.13
615,2025-12-12,"2025-12-11","Chuck Roast/lbs. - lbs",1,30.14
615,2025-12-12,"2025-12-11","Croissants - Frozen - Pack",1,4.5
615,2025-12-12,"2025-12-11","Ground Beef - Jersey MJC - Lb.",1,8.75
615,2025-12-12,"2025-12-11","Hummus - Garlic - Tub",1,6.75
615,2025-12-12,"2025-12-11","Kairos Sourdough Choice $5 - Pack",1,5
615,2025-12-12,"2025-12-11","Onions - Green - Bunch",1,3.5
615,2025-12-12,"2025-12-11","Peppers - Carmen - 2-pack",1,3
615,2025-12-12,"2025-12-11","Potatoes - Sweet - lbs",1,5.75
615,2025-12-12,"2025-12-11","Shoots - Pea - Bag",1,4.25
615,2025-12-12,"2025-12-11","Tomatoes - Funky Bunch - Pint",1,5.75
615,2025-12-12,"2025-12-11","Tortellini - Cheese - Lb.",1,9
615,2025-12-12,"2025-12-11","Tortillas Sourdough - Frozen - Pack",1,5
615,2025-12-12,"2025-12-11","Wild Cod/LB* - Pack",1,7.75
615,2025-12-12,"2025-12-11","Extra Credit - Each",111.27,1.06
615,2025-12-12,"2025-12-11","Mini",1,46.28
182,2025-12-12,"2025-12-11","Mothership Pickup Time (3.0 @4:30-5) - @4:30-5",1,0
182,2025-12-12,"2025-12-11","Apples - Golden Delicious - Bag",1,5.75
182,2025-12-12,"2025-12-11","Apples - Rome - Bag",1,5.75
182,2025-12-12,"2025-12-11","Brussels Sprouts (1.0 Stalk) - Stalk",1,4.75
182,2025-12-12,"2025-12-11","Chevre PF (1.0 Herb) - Herb",1,8.5
182,2025-12-12,"2025-12-11","Pork Breakfast Patties D&M - Pack",1,8.5
182,2025-12-12,"2025-12-11","Extra Credit - Each",3.5,1.06
182,2025-12-12,"2025-12-11","FSA/FSD",1,64.37
31,2025-12-12,"2025-12-11","Apple Cider - Frozen - Half Gallon",1,9.25
31,2025-12-12,"2025-12-11","Eggs - BW - Dozen",1,6.25
31,2025-12-12,"2025-12-11","Peanut Butter MC - Tub",1,7.75
31,2025-12-12,"2025-12-11","Mothership Pickup Time (2.0 @4-4:30) - @4-4:30",1,0
31,2025-12-12,"2025-12-11","$ for green bags donation - $",1,1
31,2025-12-12,"2025-12-11","Apple Sauce - Organic Qt. - Quart",1,10.5
31,2025-12-12,"2025-12-11","Eggs - Dozen",1,6.25
31,2025-12-12,"2025-12-11","Ground Beef - Jersey MJC - Lb.",1,8.75
31,2025-12-12,"2025-12-11","Marbled Rye - Thursday - Each",1,8.35
31,2025-12-12,"2025-12-11","Salmon - Fillet Pieces/LB* - Each",2,8.03
31,2025-12-12,"2025-12-11","Extra Credit - Each",33.16,1.06
31,2025-12-12,"2025-12-11","Half",1,34.18
31,2025-12-12,"2025-12-11","2% MILK",2,8.49
1249,2025-12-12,"2025-12-11","Winter Squash - Acorn - Each",1,3.25
1249,2025-12-12,"2025-12-11","Mothership Pickup Time (1.0 @3:30-4) - @3:30-4",1,0
1249,2025-12-12,"2025-12-11","Apples - Golden Delicious - Bag",1,5.75
1249,2025-12-12,"2025-12-11","Buttermilk Waffles Sourdough - Frozen - Pack",1,5
1249,2025-12-12,"2025-12-11","Carrots no tops - Lb.",1,5.75
1249,2025-12-12,"2025-12-11","Cauliflower - Romanesco - Lb.",1,6.5
1249,2025-12-12,"2025-12-11","Chicken Thighs - Boneless/lb. - lbs",1,9.69
1249,2025-12-12,"2025-12-11","Chuck Roast/lbs. - lbs",1,35.47
1249,2025-12-12,"2025-12-11","Kuva Ethiopian - Bag",1,15.45
1249,2025-12-12,"2025-12-11","Potatoes - Regular - lbs",1,5.75
701,2025-12-12,"2025-12-11","Apple Sauce - Organic Qt. - Quart",1,10.5
701,2025-12-12,"2025-12-11","Eggs - Dozen",1,6.25
701,2025-12-12,"2025-12-11","Grains Wildcard $4.75 - Each",1,4.75
701,2025-12-12,"2025-12-11","Pork Choice $8 - Pack",1,8
701,2025-12-12,"2025-12-11","Wildcard $6.5 - Each",1,6.5
701,2025-12-12,"2025-12-11","Half",1,68.89
1102,2025-12-12,"2025-12-11","Mothership Pickup Time (3.0 @4:30-5) - @4:30-5",1,0
1102,2025-12-12,"2025-12-11","Apple Sauce - Organic Qt. - Quart",1,10.5
1102,2025-12-12,"2025-12-11","Black Pepper Cheddar - Each",1,6.5
1102,2025-12-12,"2025-12-11","Cabbage - Chinese - Head",1,3.75
1102,2025-12-12,"2025-12-11","Carrots no tops - Lb.",1,5.75
1102,2025-12-12,"2025-12-11","Cauliflower - Romanesco - Lb.",1,6.5
1102,2025-12-12,"2025-12-11","Cheese - Grisontaler Small - $ - Each",1,7.01
1102,2025-12-12,"2025-12-11","Eggs - Dozen",1,6.25
1102,2025-12-12,"2025-12-11","Grains Wildcard $4.75 - Each",1,4.75
1102,2025-12-12,"2025-12-11","Mushrooms - Hen of the Woods/Maitake - Bag",1,8.25
1102,2025-12-12,"2025-12-11","Olive Oil Small - ML",1,8
1102,2025-12-12,"2025-12-11","Potatoes - Sweet - lbs",1,5.75
1102,2025-12-12,"2025-12-11","Potatoes - Yukon Gold - lbs",1,6
1102,2025-12-12,"2025-12-11","Raviolini - Mozzerella Herb - Lb.",1,9
1102,2025-12-12,"2025-12-11","Semolina - T - Loaf",2,6.75
1102,2025-12-12,"2025-12-11","Wildcard $6.5 - Each",1,6.5
1102,2025-12-12,"2025-12-11","Winter Squash - Buttercup - Each",1,5.75
1102,2025-12-12,"2025-12-11","Extra Credit - Each",77.76,1.06
1102,2025-12-12,"2025-12-11","Half",1,68.89
1857,2025-12-12,"2025-12-11","Mothership Pickup Time (4.0 @5-5:30) - @5-5:30",1,0
1857,2025-12-12,"2025-12-11","Broccoli (1.0 Bag) - Bag",1,5
1857,2025-12-12,"2025-12-11","Eggs - H - Dozen",2,6.25
1857,2025-12-12,"2025-12-11","Ground Beef - Jersey MJC - Lb.",1,8.75
1857,2025-12-12,"2025-12-11","Missouri Pecans (1.0 Halves) - Halves",1,6.5
1857,2025-12-12,"2025-12-11","Shoots - Sunflower - Bag",1,4.25
1857,2025-12-12,"2025-12-11","Extra Credit - Each",7.75,1.06
1857,2025-12-12,"2025-12-11","FSC",1,64.37
1131,2025-12-12,"2025-12-11","Almond Butter - Pint",1,11.25
1131,2025-12-12,"2025-12-11","Eggs - Dozen",1,6.25
1131,2025-12-12,"2025-12-11","Raviolini - Mozzerella Herb - Lb.",1,9
1131,2025-12-12,"2025-12-11","Tortillas Sourdough - Frozen - Pack",1,5
1131,2025-12-12,"2025-12-11","Extra Credit - Each",3.75,1.06
1131,2025-12-12,"2025-12-11","Mini",1,46.28
1622,2025-12-12,"2025-12-11","Bagels - Pumpernickel - BU - Bag",1,10.9
1622,2025-12-12,"2025-12-11","Chicken - Links ($10) - Each",1,10
1622,2025-12-12,"2025-12-11","Eggs - Dozen",1,6.25
1622,2025-12-12,"2025-12-11","German Quark HBC - Jar",1,6.5
1622,2025-12-12,"2025-12-11","Kairos Sourdough Choice $5 - Pack",1,5
1622,2025-12-12,"2025-12-11","Missouri Pecans - Each",1,6.5
1622,2025-12-12,"2025-12-11","Extra Credit - Each",17.4,1.06
1622,2025-12-12,"2025-12-11","Mini",1,46.28
670,2025-12-12,"2025-12-11","Mothership Pickup Time (1.0 @3:30-4) - @3:30-4",1,0
670,2025-12-12,"2025-12-11","Bagels - Poppy Seed - BU - Bag",1,10.9
670,2025-12-12,"2025-12-11","Carrots no tops - Lb.",1,5.75
670,2025-12-12,"2025-12-11","Flour - All Purpose 5 lb - Bag",1,8.5
670,2025-12-12,"2025-12-11","Honey - Wildflower - Bottle",1,11.25
670,2025-12-12,"2025-12-11","Yogurt - Plain - Oz.",1,6.75
670,2025-12-12,"2025-12-11","Extra Credit - Each",15.4,1.06
670,2025-12-12,"2025-12-11","Mini",1,46.28
1047,2025-12-12,"2025-12-11","Apple Sauce - Organic Qt. - Quart",1,10.5
1047,2025-12-12,"2025-12-11","Eggs - Dozen",1,6.25
1047,2025-12-12,"2025-12-11","Grains Wildcard $4.75 - Each",1,4.75
1047,2025-12-12,"2025-12-11","Pork Choice $8 - Pack",1,8
1047,2025-12-12,"2025-12-11","Wildcard $6.5 - Each",1,6.5
1047,2025-12-12,"2025-12-11","Half",1,68.89
11,2025-12-12,"2025-12-11","Bacon - Each",1,12.75
11,2025-12-12,"2025-12-11","Ground Beef - Jersey MJC - Lb.",1,8.75
11,2025-12-12,"2025-12-11","Maple Syrup 12 oz. - Jar",1,12.5
11,2025-12-12,"2025-12-11","Extra Credit - Each",4.25,1.06
11,2025-12-12,"2025-12-11","FSA/FSD",1,64.37
471,2025-12-12,"2025-12-11","Bagels - Poppy Seed - BU - Bag",1,10.9
471,2025-12-12,"2025-12-11","Bread Choice ($6.25) - Loaf",1,6.25
471,2025-12-12,"2025-12-11","Chicken - Ground - Lb.",1,8.75
471,2025-12-12,"2025-12-11","Mushrooms - Choice",1,8.25
471,2025-12-12,"2025-12-11","Pasta Wildcard $6.50 - Pack",1,6.5
471,2025-12-12,"2025-12-11","Extra Credit - Each",10.9,1.06
471,2025-12-12,"2025-12-11","FSA/FSD",1,64.37
610,2025-12-12,"2025-12-11","Mothership Pickup Time (1.0 @3:30-4) - @3:30-4",1,0
610,2025-12-12,"2025-12-11","Bagels - Everything - Frozen - Bag",1,6.75
610,2025-12-12,"2025-12-11","Buttermilk Waffles Sourdough - Frozen - Pack",1,5
610,2025-12-12,"2025-12-11","Curry Sauce (1.0 Green) - Green",1,11.5
610,2025-12-12,"2025-12-11","Eggs - Dozen",1,6.25
610,2025-12-12,"2025-12-11","Grains Wildcard $4.75 - Each",1,4.75
610,2025-12-12,"2025-12-11","Ham Steak RFF/lb. - Each",1,13.86
610,2025-12-12,"2025-12-11","Wildcard $6.5 - Each",1,6.5
610,2025-12-12,"2025-12-11","Extra Credit - Each",18.61,1.06
610,2025-12-12,"2025-12-11","Half",1,68.89
1593,2025-12-12,"2025-12-11","Chicken - Links ($10) - Each",1,10
1593,2025-12-12,"2025-12-11","Eggs - Dozen",1,6.25
1593,2025-12-12,"2025-12-11","Kairos Sourdough Choice $5 - Pack",1,5
1593,2025-12-12,"2025-12-11","Missouri Pecans - Each",1,6.5
1593,2025-12-12,"2025-12-11","Mini",1,46.28
550,2025-12-12,"2025-12-11","Mothership Pickup Time (5.0 @5:30-6) - @5:30-6",1,0
550,2025-12-12,"2025-12-11","Buttermilk - Qt.  - Quart",1,6.5
550,2025-12-12,"2025-12-11","Pork - Bratwurst  - Pack",1,8
550,2025-12-12,"2025-12-11","Ravioli - Butternut Squash  - Lb.",2,9
550,2025-12-12,"2025-12-11","Extra Credit - Each",2.75,1.06
550,2025-12-12,"2025-12-11","FSA/FSD",1,64.37
1839,2025-12-12,"2025-12-11","No Produce - Order Only (odd wk)",1,0
968,2025-12-12,"2025-12-11","Eggs - BW - Dozen",2,6.25
968,2025-12-12,"2025-12-11","Kirkwood Pickup Time (2.0 @1:30-2) - @1:30-2",1,0
968,2025-12-12,"2025-12-11","Almond Butter - Crunchy  - Pint",1,11.25
968,2025-12-12,"2025-12-11","Bagels - Plain - Frozen - Each",1,6.75
968,2025-12-12,"2025-12-11","Carrots no tops - Lb.",1,5.75
968,2025-12-12,"2025-12-11","Mushrooms (1.0 Lion's Mane) - Lion's Mane",1,8.25
968,2025-12-12,"2025-12-11","Peppers - Lunchbox - Bag",1,5
968,2025-12-12,"2025-12-11","Pita Bread - Frozen (1.0 Wheat) - Wheat",1,4.5
968,2025-12-12,"2025-12-11","Tomatoes - Funky Bunch - Pint",1,5.75
968,2025-12-12,"2025-12-11","Tortillas Sourdough - Frozen - Pack",1,5
968,2025-12-12,"2025-12-11","Extra Credit - Each",64.75,1.06
303,2025-12-12,"2025-12-11","Cheese Choice $6.50 - Each",1,6.5
303,2025-12-12,"2025-12-11","Del Carmen Choice - Tub",1,6.25
303,2025-12-12,"2025-12-11","Eggs - Dozen",1,6.25
303,2025-12-12,"2025-12-11","Ground Beef - D&M - Lb.",1,10.25
303,2025-12-12,"2025-12-11","FSC",1,64.37
744,2025-12-12,"2025-12-11","Cheddar - Tipsy - Package",1,6.5
744,2025-12-12,"2025-12-11","Mothership Pickup Time (2.0 @4-4:30) - @4-4:30",1,0
744,2025-12-12,"2025-12-11","Gluten Free Black Beans & Rice - Tub",1,6.25
744,2025-12-12,"2025-12-11","Hummus - Carrot & Ginger - Tub",1,6.75
744,2025-12-12,"2025-12-11","Stringbean Half Caf - Bag",1,15.45
744,2025-12-12,"2025-12-11","Extra Credit - Each",5.7,1.06
744,2025-12-12,"2025-12-11","FSC",1,64.37
556,2025-12-12,"2025-12-11","Milk - 2%  - Oz.",1,5.5
556,2025-12-12,"2025-12-11","Eggs - Dozen",1,6.25
556,2025-12-12,"2025-12-11","Pink Sauce - Oz.",1,8.75
621,2025-12-12,"2025-12-11","Mothership Pickup Time (1.0 @3:30-4) - @3:30-4",1,0
621,2025-12-12,"2025-12-11","Bagels - Pumpernickel - BU - Bag",1,10.9
621,2025-12-12,"2025-12-11","Deli Rye Bread - Frozen - Lb.",1,9.75
621,2025-12-12,"2025-12-11","Mushrooms (1.0 Lion's Mane) - Lion's Mane",1,8.25
621,2025-12-12,"2025-12-11","Winter Squash - Pie Pumpkin - Each",1,3.75
621,2025-12-12,"2025-12-11","Extra Credit - Each",2.9,1.06
621,2025-12-12,"2025-12-11","FSA/FSD",1,64.37
1834,2025-12-12,"2025-12-11","Apple Sauce - Organic Qt. - Quart",1,10.5
1834,2025-12-12,"2025-12-11","Eggs - Dozen",1,6.25
1834,2025-12-12,"2025-12-11","Grains Wildcard $4.75 - Each",1,4.75
1834,2025-12-12,"2025-12-11","Pork Choice $8 - Pack",1,8
1834,2025-12-12,"2025-12-11","Wildcard $6.5 - Each",1,6.5
1834,2025-12-12,"2025-12-11","Half",1,68.89
558,2025-12-12,"2025-12-11","Apples - Suncrisp - Bag",1,5.75
558,2025-12-12,"2025-12-11","Kairos Sourdough Choice $5 - Pack",1,5
558,2025-12-12,"2025-12-11","Missouri Pecans - Each",1,6.5
558,2025-12-12,"2025-12-11","Missouri Pecans (1.0 Halves) - Halves",1,6.5
558,2025-12-12,"2025-12-11","Mini",1,46.28
525,2025-12-12,"2025-12-11","Kuva Sumatra - Oz.",1,15.45
525,2025-12-12,"2025-12-11","Almond Butter - Crunchy  - Pint",1,11.25
525,2025-12-12,"2025-12-11","Chicken Links - Andouille  - Lb.",1,10
525,2025-12-12,"2025-12-11","Eggs - Dozen",2,6.25
525,2025-12-12,"2025-12-11","Jam - Blackberry Jalapeno - Pint",1,7
525,2025-12-12,"2025-12-11","Semolina - T - Loaf",1,6.75
525,2025-12-12,"2025-12-11","Winter Squash - Pie Pumpkin - Each",1,3.75
327,2025-12-12,"2025-12-11","Mothership Pickup Time (1.0 @3:30-4) - @3:30-4",1,0
327,2025-12-12,"2025-12-11","Eggs - Dozen",1,6.25
327,2025-12-12,"2025-12-11","Mushrooms (1.0 Shiitake) - Shiitake",1,8.25
327,2025-12-12,"2025-12-11","Pork Choice $8 - Pack",1,8
327,2025-12-12,"2025-12-11","Salmon - Fillet Pieces/LB* - Each",1,9.66
327,2025-12-12,"2025-12-11","Wildcard $6.5 - Each",1,6.5
327,2025-12-12,"2025-12-11","Extra Credit - Each",2.66,1.06
327,2025-12-12,"2025-12-11","Half",1,68.89
1476,2025-12-12,"2025-12-11","Kirkwood Pickup Time - @1-1:30",1,0
1476,2025-12-12,"2025-12-11","Carrots no tops - Lb.",1,5.75
1476,2025-12-12,"2025-12-11","Eggs - H - Dozen",1,6.25
1476,2025-12-12,"2025-12-11","Marbled Rye - Thursday - Each",1,8.35
1476,2025-12-12,"2025-12-11","Peppers - Carmen - 2-pack",1,3
1476,2025-12-12,"2025-12-11","Swiss Chard - Bunch",1,5
1476,2025-12-12,"2025-12-11","Winter Squash - Butternut (1.0 Large) - Large",1,5
1476,2025-12-12,"2025-12-11","Extra Credit - Each",5.6,1.06
1476,2025-12-12,"2025-12-11","Mini",1,46.28
434,2025-12-12,"2025-12-11","Apple Sauce - Organic Qt. - Quart",1,10.5
434,2025-12-12,"2025-12-11","Eggs - Dozen",1,6.25
434,2025-12-12,"2025-12-11","Grains Wildcard $4.75 - Each",1,4.75
434,2025-12-12,"2025-12-11","Pork Choice $8 - Pack",1,8
434,2025-12-12,"2025-12-11","Wildcard $6.5 - Each",1,6.5
434,2025-12-12,"2025-12-11","Half",1,68.89
502,2025-12-12,"2025-12-11","Mothership Pickup Time (4.0 @5-5:30) - @5-5:30",1,0
502,2025-12-12,"2025-12-11","Bagel Chips - Bag",1,5.25
502,2025-12-12,"2025-12-11","Dark Bar 72% - Package",1,2.75
502,2025-12-12,"2025-12-11","Eggs - Dozen",1,6.25
502,2025-12-12,"2025-12-11","Ground Beef - D&M - Lb.",1,10.25
502,2025-12-12,"2025-12-11","Sesame Hoagie - T - Each",1,3.6
502,2025-12-12,"2025-12-11","FSC",1,64.37
549,2025-12-12,"2025-12-11","RL Heavy Cream  - Pint",1,6.75
549,2025-12-12,"2025-12-11","Bacon - Each",1,12.75
549,2025-12-12,"2025-12-11","Bread Choice ($6.25) - Loaf",1,6.25
549,2025-12-12,"2025-12-11","Chicken - Ground - Lb.",1,8.75
549,2025-12-12,"2025-12-11","Janie's Bread - Thursday - Each",1,6.75
549,2025-12-12,"2025-12-11","Mushrooms - Choice",1,8.25
549,2025-12-12,"2025-12-11","Pasta Wildcard $6.50 - Pack",1,6.5
549,2025-12-12,"2025-12-11","Popcorn - McKaskle - Lb.",1,5.25
549,2025-12-12,"2025-12-11","Extra Credit - Each",31.5,1.06
549,2025-12-12,"2025-12-11","FSA/FSD",1,64.37
710,2025-12-12,"2025-12-11","Mothership Pickup Time (1.0 @3:30-4) - @3:30-4",1,0
710,2025-12-12,"2025-12-11","Bagels - Plain - Frozen - Each",1,6.75
710,2025-12-12,"2025-12-11","Mushrooms - Chestnut - Bag",1,8.25
710,2025-12-12,"2025-12-11","Raviolini - Mozzerella Herb - Lb.",1,9
710,2025-12-12,"2025-12-11","Tortellini - Goat Cheese - Pack",1,9
710,2025-12-12,"2025-12-11","Extra Credit - Each",3.25,1.06
710,2025-12-12,"2025-12-11","FSA/FSD",1,64.37
1268,2025-12-12,"2025-12-11","Half & Half - Pint",2,4.75
1268,2025-12-12,"2025-12-11","Mothership Pickup Time (1.0 @3:30-4) - @3:30-4",1,0
1268,2025-12-12,"2025-12-11","Brussels Sprouts (1.0 Stalk) - Stalk",1,4.75
1268,2025-12-12,"2025-12-11","Cabbage - Chinese - Head",1,3.75
1268,2025-12-12,"2025-12-11","Eggs - Dozen",1,6.25
1268,2025-12-12,"2025-12-11","Salmon - Fillet Pieces/LB* - Each",2,9.38
1268,2025-12-12,"2025-12-11","Extra Credit - Each",7.01,1.06
1268,2025-12-12,"2025-12-11","Half",1,68.89
1879,2025-12-12,"2025-12-11","Mothership Pickup Time (3.0 @4:30-5) - @4:30-5",1,0
1879,2025-12-12,"2025-12-11","Chicken - Links ($10) - Each",1,10
1879,2025-12-12,"2025-12-11","Eggs - Dozen",1,6.25
1879,2025-12-12,"2025-12-11","Kairos Sourdough Choice $5 - Pack",1,5
1879,2025-12-12,"2025-12-11","Missouri Pecans - Each",1,6.5
1879,2025-12-12,"2025-12-11","Mini",1,46.28
493,2025-12-12,"2025-12-11","No Produce - Order Only (odd wk)",1,0
807,2025-12-12,"2025-12-11","Ground Turkey - Pack",1,8.75
807,2025-12-12,"2025-12-11","Brisket - whole/lb. - lbs",1,77.29
807,2025-12-12,"2025-12-11","Chicken Thighs - Boneless/lb. - lbs",2,9.1
807,2025-12-12,"2025-12-11","Eggs - Dozen",1,6.25
807,2025-12-12,"2025-12-11","Yogurt - Plain - Oz.",1,6.75
807,2025-12-12,"2025-12-11","Extra Credit - Each",83.49,1.06
807,2025-12-12,"2025-12-11","UCA/KWA",1,64.37
807,2025-12-12,"2025-12-11","2% MILK",1,8.49
1377,2025-12-12,"2025-12-11","Mothership Pickup Time (5.0 @5:30-6) - @5:30-6",1,0
1377,2025-12-12,"2025-12-11","Chicken - Ground - Lb.",1,8.75
1377,2025-12-12,"2025-12-11","Eggs - Dozen",1,6.25
1377,2025-12-12,"2025-12-11","Oats - 1lb. (1.0 Rolled) - Rolled",1,3.75
1377,2025-12-12,"2025-12-11","Shoots - Pea - Bag",1,4.25
1377,2025-12-12,"2025-12-11","Tomatoes - Slicing - Bag",1,6.5
1377,2025-12-12,"2025-12-11","FSA/FSD",1,64.35
1763,2025-12-12,"2025-12-11","Chicken - Breakfast Links - Each",1,10
1763,2025-12-12,"2025-12-11","Chicken - Links ($10) - Each",1,10
1763,2025-12-12,"2025-12-11","Pork Italian Bulk - D&M - Lb.",1,8
1763,2025-12-12,"2025-12-11","Semolina - T - Loaf",1,6.75
1763,2025-12-12,"2025-12-11","Extra Credit - Each",7,1.06
1763,2025-12-12,"2025-12-11","Mini",1,46.28
1680,2025-12-12,"2025-12-11","Havarti - MJC - Pack",1,6.5
1680,2025-12-12,"2025-12-11","Mothership Pickup Time (2.0 @4-4:30) - @4-4:30",1,0
1680,2025-12-12,"2025-12-11","Food Pantry Donation - $",10,1
1680,2025-12-12,"2025-12-11","Chicken - Breakfast Links - Each",1,10
1680,2025-12-12,"2025-12-11","Ground Beef - BM&P - Each",1,10.25
1680,2025-12-12,"2025-12-11","Ground Beef - Jersey MJC - Lb.",1,8.75
1680,2025-12-12,"2025-12-11","Extra Credit - Each",17.75,1.06
1680,2025-12-12,"2025-12-11","Mini",1,46.28
245,2025-12-12,"2025-12-11","Peanut Butter MC - Tub",1,7.75
245,2025-12-12,"2025-12-11","Chicken - Ground - Lb.",1,8.75
245,2025-12-12,"2025-12-11","Chicken Chorizo - Lb.",1,10
245,2025-12-12,"2025-12-11","Missouri Pecans (1.0 Halves) - Halves",1,6.5
245,2025-12-12,"2025-12-11","Mushrooms - Choice",1,8.25
245,2025-12-12,"2025-12-11","T-Shirt Women's Navy (1.0 Small) - Small",1,12
245,2025-12-12,"2025-12-11","Extra Credit - Each",23.5,1.06
245,2025-12-12,"2025-12-11","FSA/FSD",1,64.37
1766,2025-12-12,"2025-12-11","Stringbean Malawi Peaberry - Oz.",1,15.45
1766,2025-12-12,"2025-12-11","Kirkwood Pickup Time - @1-1:30",1,0
1766,2025-12-12,"2025-12-11","Apples - Jonathan - Bag",1,5.75
1766,2025-12-12,"2025-12-11","Chicken Thighs - Boneless/lb. - Wee* - lbs",1,4.59
1766,2025-12-12,"2025-12-11","Eggs - Dozen",1,6.25
1766,2025-12-12,"2025-12-11","Hoagie - T - Each",1,3.35
1766,2025-12-12,"2025-12-11","Extra Credit - Each",4.14,1.06
1766,2025-12-12,"2025-12-11","UCA/KWA",1,64.37
267,2025-12-12,"2025-12-11","Kirkwood Pickup Time - @1-1:30",1,0
267,2025-12-12,"2025-12-11","Asian Greens - Bunch",1,5.25
267,2025-12-12,"2025-12-11","Auction Donation - $",1,1
267,2025-12-12,"2025-12-11","Cabbage - Red - Share",1,3
267,2025-12-12,"2025-12-11","Eggs - Dozen",1,6.25
267,2025-12-12,"2025-12-11","Flour - Bread 5# - Lb.",1,9.8
267,2025-12-12,"2025-12-11","Kohlrabi  - Head",1,3
267,2025-12-12,"2025-12-11","Oat Groats Organic - Bag",1,3.75
267,2025-12-12,"2025-12-11","Wheat Berries - Bag",1,3.75
267,2025-12-12,"2025-12-11","Half",1,68.89
239,2025-12-12,"2025-12-11","Pizza - Tomato Basil Garlic  - Each",1,8
239,2025-12-12,"2025-12-11","Kirkwood Pickup Time (2.0 @1:30-2) - @1:30-2",1,0
239,2025-12-12,"2025-12-11","Beef - Stew Meat - Pack",1,10.25
239,2025-12-12,"2025-12-11","Eggs - Dozen",1,6.25
239,2025-12-12,"2025-12-11","Yogurt - Vanilla - Oz.",1,6.75
239,2025-12-12,"2025-12-11","UCA/KWA",1,64.37
1941,2025-12-12,"2025-12-11","RL Heavy Cream  - Pint",1,6.75
1941,2025-12-12,"2025-12-11","Bagels - Poppy Seed - BU - Bag",1,10.9
1941,2025-12-12,"2025-12-11","Bagels - Pumpernickel - BU - Bag",1,10.9
1941,2025-12-12,"2025-12-11","Chicken Breasts /lb. - Pack",2,8.75
1941,2025-12-12,"2025-12-11","Eggs - Dozen",2,6.25
1941,2025-12-12,"2025-12-11","Feta Cheese - HBC - Each",1,6.5
1941,2025-12-12,"2025-12-11","Mexican Dark Bark - Package",1,6.45
1941,2025-12-12,"2025-12-11","Popcorn - McKaskle - Lb.",1,5.25
1941,2025-12-12,"2025-12-11","Extra Credit - Each",49.55,1.06
1941,2025-12-12,"2025-12-11","Mini",1,46.28
293,2025-12-12,"2025-12-11","Mothership Pickup Time (5.0 @5:30-6) - @5:30-6",1,0
293,2025-12-12,"2025-12-11","Bison Stew Meat - Wee - Each",1,7.2
293,2025-12-12,"2025-12-11","Cauliflower - Romanesco - Lb.",1,6.5
293,2025-12-12,"2025-12-11","Chicken - Ground - Lb.",1,8.75
293,2025-12-12,"2025-12-11","Dark Chocolate Square  - Each",1,1.75
293,2025-12-12,"2025-12-11","Missouri Pecans (1.0 Halves) - Halves",1,6.5
293,2025-12-12,"2025-12-11","Extra Credit - Each",0.95,1.06
293,2025-12-12,"2025-12-11","FSA/FSD",1,64.37
310,2025-12-12,"2025-12-11","Chicken - BULK Breasts /lb. - Pack",1,36.74
310,2025-12-12,"2025-12-11","Mothership Pickup Time (1.0 @3:30-4) - @3:30-4",1,0
310,2025-12-12,"2025-12-11","Brussels Sprouts (1.0 Stalk) - Stalk",1,4.75
310,2025-12-12,"2025-12-11","Carrots no tops - Lb.",1,5.75
310,2025-12-12,"2025-12-11","Cauliflower - hd. - Head",1,6.5
310,2025-12-12,"2025-12-11","Chicken - Ground - Lb.",2,8.75
310,2025-12-12,"2025-12-11","Eggs - Dozen",2,6.25
310,2025-12-12,"2025-12-11","Hoagie - T - Each",1,3.35
310,2025-12-12,"2025-12-11","Missouri Pecans (1.0 Halves) - Halves",1,6.5
310,2025-12-12,"2025-12-11","Pork - Ground  - Lb.",1,7.25
310,2025-12-12,"2025-12-11","Potatoes - Sweet - lbs",1,5.75
310,2025-12-12,"2025-12-11","Potatoes - Yukon Gold - lbs",1,6
310,2025-12-12,"2025-12-11","Tomatoes - Funky Bunch - Pint",1,5.75
310,2025-12-12,"2025-12-11","Extra Credit - Each",84.9,1.06
310,2025-12-12,"2025-12-11","FSC",1,64.37
310,2025-12-12,"2025-12-11","Half & Half",1,5.05
310,2025-12-12,"2025-12-11","Skim MILK",2,8.49
1271,2025-12-12,"2025-12-11","Mothership Pickup Time (2.0 @4-4:30) - @4-4:30",1,0
1271,2025-12-12,"2025-12-11","Buttermilk - Qt.  - Quart",1,6.5
1271,2025-12-12,"2025-12-11","Light and Mild - T - Loaf",1,8
1271,2025-12-12,"2025-12-11","Milk Chocolate Lolli - Each",2,1.75
1271,2025-12-12,"2025-12-11","Mushrooms - Chestnut - Bag",1,8.25
1271,2025-12-12,"2025-12-11","Mushrooms - Hen of the Woods/Maitake - Bag",1,8.25
1271,2025-12-12,"2025-12-11","Extra Credit - Each",4.75,1.06
1271,2025-12-12,"2025-12-11","FSA/FSD",1,64.37
634,2025-12-12,"2025-12-11","Kirkwood Pickup Time (2.0 @1:30-2) - @1:30-2",1,0
634,2025-12-12,"2025-12-11","Beef - Stew Meat - Pack",1,10.25
634,2025-12-12,"2025-12-11","Buttermilk Waffles Sourdough - Frozen - Pack",1,5
634,2025-12-12,"2025-12-11","Chicken - Links ($10) - Each",1,10
634,2025-12-12,"2025-12-11","Missouri Pecans - Each",1,6.5
634,2025-12-12,"2025-12-11","Extra Credit - Each",4,1.06
634,2025-12-12,"2025-12-11","Mini",1,46.28
15,2025-12-12,"2025-12-11","Apple Sauce - Organic Qt. - Quart",1,10.5
15,2025-12-12,"2025-12-11","Eggs - Dozen",1,6.25
15,2025-12-12,"2025-12-11","Grains Wildcard $4.75 - Each",1,4.75
15,2025-12-12,"2025-12-11","Stringbean Half Caf - Bag",1,15.45
15,2025-12-12,"2025-12-11","Wildcard $6.5 - Each",1,6.5
15,2025-12-12,"2025-12-11","Extra Credit - Each",7.45,1.06
15,2025-12-12,"2025-12-11","Half",1,68.89
722,2025-12-12,"2025-12-11","Mothership Pickup Time (6.0 @6-6:30) - @6-6:30",1,0
722,2025-12-12,"2025-12-11","Apples - Suncrisp - Bag",1,5.75
722,2025-12-12,"2025-12-11","Ghost Pepper Cheddar - Each",1,6.5
722,2025-12-12,"2025-12-11","Leeks - Each",1,4
722,2025-12-12,"2025-12-11","Lettuce - Salanova - Bag",1,4.25
722,2025-12-12,"2025-12-11","Onions - Green - Bunch",1,3.5
722,2025-12-12,"2025-12-11","Potatoes - Regular - lbs",1,5.75
722,2025-12-12,"2025-12-11","Tomatoes - Funky Bunch - Pint",1,5.75
722,2025-12-12,"2025-12-11","Half",1,68.89
1706,2025-12-12,"2025-12-11","Mothership Pickup Time (2.0 @4-4:30) - @4-4:30",1,0
1706,2025-12-12,"2025-12-11","Brussels Sprouts (1.0 Stalk) - Stalk",1,4.75
1706,2025-12-12,"2025-12-11","Gnocchi - Garlic Chive  - Lb.",1,6.5
1706,2025-12-12,"2025-12-11","Potatoes - Regular - lbs",1,5.75
1706,2025-12-12,"2025-12-11","Potatoes - Yukon Gold - lbs",1,6
1706,2025-12-12,"2025-12-11","Purple Straw SRW Sifted Wheat Flour - Bag",1,8.6
1706,2025-12-12,"2025-12-11","Tomatoes - Funky Bunch - Pint",1,5.75
1706,2025-12-12,"2025-12-11","Extra Credit - Each",1.35,1.06
1706,2025-12-12,"2025-12-11","Half",1,68.89
834,2025-12-12,"2025-12-11","Mothership Pickup Time (3.0 @4:30-5) - @4:30-5",1,0
834,2025-12-12,"2025-12-11","Apple Sauce - Organic Qt. - Quart",1,10.5
834,2025-12-12,"2025-12-11","Carrots no tops - Lb.",1,5.75
834,2025-12-12,"2025-12-11","Chicken Links - Andouille  - Lb.",1,10
834,2025-12-12,"2025-12-11","Eggs - Dozen",1,6.25
834,2025-12-12,"2025-12-11","Potatoes - Sweet Jumbo (1.0 XL) - XL",1,6.5
834,2025-12-12,"2025-12-11","Rice - Basmati Brown - Lb.",1,6.75
834,2025-12-12,"2025-12-11","Extra Credit - Each",9.75,1.06
834,2025-12-12,"2025-12-11","Half",1,68.89
997,2025-12-12,"2025-12-11","Mothership Pickup Time (1.0 @3:30-4) - @3:30-4",1,0
997,2025-12-12,"2025-12-11","Bacon - Each",1,12.75
997,2025-12-12,"2025-12-11","Cheese Choice $6.50 - Each",1,6.5
997,2025-12-12,"2025-12-11","Del Carmen Choice - Tub",1,6.25
997,2025-12-12,"2025-12-11","Milk Chocolate Square - Each",2,1.75
997,2025-12-12,"2025-12-11","FSC",1,64.37
281,2025-12-12,"2025-12-11","Pepitas - Oz.",1,7.75
281,2025-12-12,"2025-12-11","Mothership Pickup Time (1.0 @3:30-4) - @3:30-4",1,0
281,2025-12-12,"2025-12-11","Cooler Repair Donation - $",1,1
281,2025-12-12,"2025-12-11","Aged Cheddar - HBC - Each",1,6.5
281,2025-12-12,"2025-12-11","Bagels - Everything - Frozen - Bag",1,6.75
281,2025-12-12,"2025-12-11","Carrots no tops - Lb.",1,5.75
281,2025-12-12,"2025-12-11","Cinnamon Rolls - Pack",1,6.5
281,2025-12-12,"2025-12-11","Eggs - Dozen",1,6.25
281,2025-12-12,"2025-12-11","FF - Fry Bread - Bag",1,7.25
281,2025-12-12,"2025-12-11","Hoagie - T - Each",1,3.35
281,2025-12-12,"2025-12-11","Hummus - Carrot & Ginger - Tub",1,6.75
281,2025-12-12,"2025-12-11","Leeks - Each",1,4
281,2025-12-12,"2025-12-11","Lettuce - Salanova - Bag",1,4.25
281,2025-12-12,"2025-12-11","Missouri Pecans - Each",1,6.5
281,2025-12-12,"2025-12-11","Olive Oil Small - ML",1,8
281,2025-12-12,"2025-12-11","Pizza - Bacon Bacon   - Each",2,8
281,2025-12-12,"2025-12-11","Pork - Breakfast ($8) - Pack",1,8
281,2025-12-12,"2025-12-11","Potato Chips Original - Med - Oz.",1,3
281,2025-12-12,"2025-12-11","Powder - Lion's Mane Mushrooms - Each",1,11.5
281,2025-12-12,"2025-12-11","Queso Quesadilla - HBC - Each",1,6.5
281,2025-12-12,"2025-12-11","Shakshuka Sauce - Jar",1,11.5
281,2025-12-12,"2025-12-11","Shoots - Specialty Mix - Bag",1,4.25
281,2025-12-12,"2025-12-11","Extra Credit - Each",113.6,1.06
281,2025-12-12,"2025-12-11","Mini",1,46.28
1652,2025-12-12,"2025-12-11","Apples - Organic Red Delicious - Bag",1,5.75
1652,2025-12-12,"2025-12-11","Brussels Sprouts (1.0 Stalk) - Stalk",1,4.75
1652,2025-12-12,"2025-12-11","Dark Chocolate Almond Bar - Pack",1,4.8
1652,2025-12-12,"2025-12-11","Eggs - Dozen",1,6.25
1652,2025-12-12,"2025-12-11","Missouri Pecans - Each",1,6.5
1652,2025-12-12,"2025-12-11","Salmon - Fillet Pieces/LB* - Each",2,9.62
1652,2025-12-12,"2025-12-11","Seedy Wheaty - Frozen - Loaf",1,3.5
1652,2025-12-12,"2025-12-11","Extra Credit - Each",23.04,1.06
1652,2025-12-12,"2025-12-11","Mini",1,46.28
1431,2025-12-12,"2025-12-11","Mothership Pickup Time (4.0 @5-5:30) - @5-5:30",1,0
1431,2025-12-12,"2025-12-11","Chicken - Links ($10) - Each",1,10
1431,2025-12-12,"2025-12-11","Eggs - Dozen",1,6.25
1431,2025-12-12,"2025-12-11","Kairos Sourdough Choice $5 - Pack",1,5
1431,2025-12-12,"2025-12-11","Missouri Pecans - Each",1,6.5
1431,2025-12-12,"2025-12-11","Mini",1,46.28
1626,2025-12-12,"2025-12-11","Eggs - BW - Dozen",2,6.25
1626,2025-12-12,"2025-12-11","Kirkwood Pickup Time (1.0 PORCH) - PORCH",1,0
1626,2025-12-12,"2025-12-11","Bagels - Raisin - Frozen - Bag",1,6.75
1626,2025-12-12,"2025-12-11","Hummus - Garlic - Tub",1,6.75
1626,2025-12-12,"2025-12-11","Kuva Brazil - Bag",1,15.45
1626,2025-12-12,"2025-12-11","Extra Credit - Each",5.45,1.06
1626,2025-12-12,"2025-12-11","Half",1,68.89
1436,2025-12-12,"2025-12-11","Mothership Pickup Time (1.0 @3:30-4) - @3:30-4",1,0
1436,2025-12-12,"2025-12-11","Cabbage - Green (1.0 Small) - Small",1,3
1436,2025-12-12,"2025-12-11","Eggs - Dozen",1,6.25
1436,2025-12-12,"2025-12-11","Lasagna (1.0 Spinach) - Spinach",1,14.5
1436,2025-12-12,"2025-12-11","Potatoes - Sweet - lbs",1,5.75
1436,2025-12-12,"2025-12-11","Yogurt - Plain - Oz.",1,6.75
1436,2025-12-12,"2025-12-11","Extra Credit - Each",0.25,1.06
1436,2025-12-12,"2025-12-11","Half",1,68.89
1145,2025-12-12,"2025-12-11","Eggs - BW - Dozen",1,6.25
1145,2025-12-12,"2025-12-11","Kirkwood Pickup Time - @1-1:30",1,0
1145,2025-12-12,"2025-12-11","Aged Cheddar - HBC - Each",1,6.5
1145,2025-12-12,"2025-12-11","Chicken Thighs - Boneless/lb. - lbs",1,14.62
1145,2025-12-12,"2025-12-11","Lettuce - Salanova - Bag",1,4.25
1145,2025-12-12,"2025-12-11","Mushrooms (1.0 Shiitake) - Shiitake",1,8.25
1145,2025-12-12,"2025-12-11","Extra Credit - Each",8.62,1.06
1145,2025-12-12,"2025-12-11","UCA/KWA",1,64.37
1903,2025-12-12,"2025-12-11","Kirkwood Pickup Time - @1-1:30",1,0
1903,2025-12-12,"2025-12-11","Eggs - Dozen",2,6.25
1903,2025-12-12,"2025-12-11","Milk Chocolate Square - Each",1,1.75
1903,2025-12-12,"2025-12-11","Mushrooms - Hen of the Woods/Maitake - Bag",1,8.25
1903,2025-12-12,"2025-12-11","Tomatoes - Slicing - Bag",1,6.5
1903,2025-12-12,"2025-12-11","Extra Credit - Each",1.25,1.06
1903,2025-12-12,"2025-12-11","Mini",1,46.28
366,2025-12-12,"2025-12-11","Beef - Stew Meat - Pack",1,10.25
366,2025-12-12,"2025-12-11","Eggs - Dozen",1,6.25
366,2025-12-12,"2025-12-11","Wildcard $8 - Each",1,8
366,2025-12-12,"2025-12-11","Yogurt Choice  - Each",1,6.75
366,2025-12-12,"2025-12-11","UCA/KWA",1,64.37
1156,2025-12-12,"2025-12-11","Canned Peaches - sugar - Jar",1,13.25
1156,2025-12-12,"2025-12-11","Mothership Pickup Time (2.0 @4-4:30) - @4-4:30",1,0
1156,2025-12-12,"2025-12-11","Apples - Golden Delicious - Bag",1,5.75
1156,2025-12-12,"2025-12-11","Oat Porridge Bread - T - Each",1,8.8
1156,2025-12-12,"2025-12-11","Pork - Brats Cheddar DM - 4-pack",1,8
1156,2025-12-12,"2025-12-11","Sesame Hoagie - T - Each",1,3.6
1156,2025-12-12,"2025-12-11","Yogurt - Plain - Oz.",2,6.75
1156,2025-12-12,"2025-12-11","Extra Credit - Each",16.9,1.06
1156,2025-12-12,"2025-12-11","Half",1,68.89
102,2025-12-12,"2025-12-11","Kirkwood Pickup Time - @1-1:30",1,0
102,2025-12-12,"2025-12-11","Eggs - Dozen",1,6.25
102,2025-12-12,"2025-12-11","Grains Wildcard $4.75 - Each",1,4.75
102,2025-12-12,"2025-12-11","Pork Choice $8 - Pack",1,8
102,2025-12-12,"2025-12-11","Shoots - Sunflower - Bag",1,4.25
102,2025-12-12,"2025-12-11","Wildcard $6.5 - Each",1,6.5
102,2025-12-12,"2025-12-11","Yogurt - Plain - Oz.",1,6.75
102,2025-12-12,"2025-12-11","Extra Credit - Each",0.5,1.06
102,2025-12-12,"2025-12-11","Half",1,68.89
405,2025-12-12,"2025-12-11","Ground Turkey - Pack",1,8.75
405,2025-12-12,"2025-12-11","Kirkwood Pickup Time (1.0 PORCH) - PORCH",1,0
405,2025-12-12,"2025-12-11","Carrots no tops - Lb.",1,5.75
405,2025-12-12,"2025-12-11","Cauliflower - Romanesco - Lb.",1,6.5
405,2025-12-12,"2025-12-11","Chicken - Ground - Lb.",1,8.75
405,2025-12-12,"2025-12-11","Eggs - Dozen",1,6.25
405,2025-12-12,"2025-12-11","Onions - Green - Bunch",1,3.5
405,2025-12-12,"2025-12-11","Potatoes - Sweet - lbs",1,5.75
405,2025-12-12,"2025-12-11","Winter Squash - Butternut (1.0 Medium) - Medium",1,4
405,2025-12-12,"2025-12-11","Extra Credit - Each",49.25,1.06
928,2025-12-12,"2025-12-11","Mothership Pickup Time (1.0 @3:30-4) - @3:30-4",1,0
928,2025-12-12,"2025-12-11","Chicken - Ground - Lb.",2,8.75
928,2025-12-12,"2025-12-11","Cinnamon Rolls - Pack",1,6.5
928,2025-12-12,"2025-12-11","Pasta Wildcard $6.50 - Pack",1,6.5
928,2025-12-12,"2025-12-11","Sourdough Bread - Frozen - Lb.",1,6.25
928,2025-12-12,"2025-12-11","Extra Credit - Each",7,1.06
928,2025-12-12,"2025-12-11","FSA/FSD",1,64.37
1002,2025-12-12,"2025-12-11","Mothership Pickup Time (3.0 @4:30-5) - @4:30-5",1,0
1002,2025-12-12,"2025-12-11","Apples - Suncrisp - Bag",1,5.75
1002,2025-12-12,"2025-12-11","Asian Greens - Bunch",1,5.25
1002,2025-12-12,"2025-12-11","Mushrooms (1.0 Shiitake) - Shiitake",1,8.25
1002,2025-12-12,"2025-12-11","Peppers - Carmen - 2-pack",1,3
1002,2025-12-12,"2025-12-11","Pork - Ground  - Lb.",2,7.25
1002,2025-12-12,"2025-12-11","Swiss Chard - Bunch",1,5
1002,2025-12-12,"2025-12-11","Winter Squash - Red Kuri - Each",1,4.75
1002,2025-12-12,"2025-12-11","Extra Credit - Each",16.75,1.06
1002,2025-12-12,"2025-12-11","FSA/FSD",1,64.37
1570,2025-12-12,"2025-12-11","Peanut Butter MC - Tub",1,7.75
1570,2025-12-12,"2025-12-11","Kirkwood Pickup Time (1.0 PORCH) - PORCH",1,0
1570,2025-12-12,"2025-12-11","Bacon - Each",1,12.75
1570,2025-12-12,"2025-12-11","Eggs - Dozen",2,6.25
1570,2025-12-12,"2025-12-11","Peppers - Green/Red Bell - 3-pack",1,3
1570,2025-12-12,"2025-12-11","Half",1,34.19
941,2025-12-12,"2025-12-11","Mothership Pickup Time (4.0 @5-5:30) - @5-5:30",1,0
941,2025-12-12,"2025-12-11","Curds Garlic Herb HBC 10 oz  - Bag",1,6.5
941,2025-12-12,"2025-12-11","Eggs - Dozen",1,6.25
941,2025-12-12,"2025-12-11","Ground Beef - D&M - Lb.",1,10.25
941,2025-12-12,"2025-12-11","Pork Italian Bulk - D&M - Lb.",1,8
941,2025-12-12,"2025-12-11","Extra Credit - Each",1.75,1.06
941,2025-12-12,"2025-12-11","FSC",1,64.37
203,2025-12-12,"2025-12-11","Mothership Pickup Time (1.0 @3:30-4) - @3:30-4",1,0
203,2025-12-12,"2025-12-11","Cabbage - Chinese - Head",1,3.75
203,2025-12-12,"2025-12-11","Cauliflower - Romanesco - Lb.",1,6.5
203,2025-12-12,"2025-12-11","Eggs - Dozen",1,6.25
203,2025-12-12,"2025-12-11","Feta Cheese - HBC - Each",1,6.5
203,2025-12-12,"2025-12-11","Jar Tomatoes - Quart",1,7.5
203,2025-12-12,"2025-12-11","Pork - Jowl Uncured/LB* - Pack",1,16.18
203,2025-12-12,"2025-12-11","Extra Credit - Each",10.68,1.06
203,2025-12-12,"2025-12-11","Half",1,68.89
203,2025-12-12,"2025-12-11","Eggs - Buttonwood",1,6.65
1206,2025-12-12,"2025-12-11","Pizza - Deluxe - Each",1,8
1206,2025-12-12,"2025-12-11","Kirkwood Pickup Time (1.0 PORCH) - PORCH",1,0
1206,2025-12-12,"2025-12-11","Brussels Sprouts (1.0 Stalk) - Stalk",1,4.75
1206,2025-12-12,"2025-12-11","Buttermilk Waffles Sourdough - Frozen - Pack",1,5
1206,2025-12-12,"2025-12-11","Cabbage - Green (1.0 Medium) - Medium",1,4
1206,2025-12-12,"2025-12-11","Cabbage - Red - Share",1,3
1206,2025-12-12,"2025-12-11","Granola Bar - Each",1,3.75
1206,2025-12-12,"2025-12-11","Peppers - Carmen - 2-pack",1,3
1206,2025-12-12,"2025-12-11","Extra Credit - Each",0.25,1.06
1206,2025-12-12,"2025-12-11","UCA/KWA",1,64.37
1900,2025-12-12,"2025-12-11","Chicken - Links ($10) - Each",1,10
1900,2025-12-12,"2025-12-11","Eggs - Dozen",1,6.25
1900,2025-12-12,"2025-12-11","Kairos Sourdough Choice $5 - Pack",1,5
1900,2025-12-12,"2025-12-11","Missouri Pecans - Each",1,6.5
1900,2025-12-12,"2025-12-11","Mini",1,46.28
1236,2025-12-12,"2025-12-11","Chicken Wings/lb. - lbs",1,22.79
1236,2025-12-12,"2025-12-11","Mushrooms - Choice",1,8.25
1236,2025-12-12,"2025-12-11","Extra Credit - Each",1.29,1.06
1236,2025-12-12,"2025-12-11","FSA/FSD",1,64.37
1725,2025-12-12,"2025-12-11","Chicken - Big Bag Deboned Thighs/lb. - Bag",2,40.24
1725,2025-12-12,"2025-12-11","Milk - Creamline - Oz.",1,7.98
1725,2025-12-12,"2025-12-11","Eggs - BW - Dozen",2,6.25
1725,2025-12-12,"2025-12-11","Jam - Strawberry - Rhubarb - Pint",1,7.5
1725,2025-12-12,"2025-12-11","Kirkwood Pickup Time (1.0 PORCH) - PORCH",1,0
1725,2025-12-12,"2025-12-11","Ground Beef - Wagyu MJC - Lb.",1,10.25
1725,2025-12-12,"2025-12-11","Hoagie - T - Each",1,3.35
1725,2025-12-12,"2025-12-11","Missouri Pecans - Each",1,6.5
1725,2025-12-12,"2025-12-11","Sesame Hoagie - T - Each",1,3.6
1725,2025-12-12,"2025-12-11","Extra Credit - Each",104.41,1.06
1725,2025-12-12,"2025-12-11","Mini",1,46.28
364,2025-12-12,"2025-12-11","Mothership Pickup Time (6.0 @6-6:30) - @6-6:30",1,0
364,2025-12-12,"2025-12-11","Cauliflower - hd. - Head",1,6.5
364,2025-12-12,"2025-12-11","Eggs - Dozen",1,6.25
364,2025-12-12,"2025-12-11","Light and Mild - T - Loaf",1,8
364,2025-12-12,"2025-12-11","Winter Squash - Spaghetti (1.0 Large) - Large",1,4.75
364,2025-12-12,"2025-12-11","Yogurt - Vanilla - Oz.",1,6.75
364,2025-12-12,"2025-12-11","Extra Credit - Each",3,1.06
364,2025-12-12,"2025-12-11","FSC",1,64.37
1873,2025-12-12,"2025-12-11","Mothership Pickup Time (3.0 @4:30-5) - @4:30-5",1,0
1873,2025-12-12,"2025-12-11","Chicken Links - Sundried Tomato - lbs",1,10
1873,2025-12-12,"2025-12-11","Eggs - Dozen",1,6.25
1873,2025-12-12,"2025-12-11","Missouri Pecans - Each",1,6.5
1873,2025-12-12,"2025-12-11","Winter Squash - Butternut (1.0 Large) - Large",1,5
1873,2025-12-12,"2025-12-11","Mini",1,46.28
580,2025-12-12,"2025-12-11","German Quark HBC - Jar",1,6.5
580,2025-12-12,"2025-12-11","Semolina - T - Loaf",1,6.75
580,2025-12-12,"2025-12-11","Tomatoes - Funky Bunch - Pint",1,5.75
289,2025-12-12,"2025-12-11","Dark Chocolate Square  - Each",1,1.75
289,2025-12-12,"2025-12-11","Eggnog - half gallon - Oz.",1,10.5
289,2025-12-12,"2025-12-11","Eggs - Dozen",1,6.25
289,2025-12-12,"2025-12-11","Milk Chocolate Square - Each",1,1.75
289,2025-12-12,"2025-12-11","Potato Chips Original Lg - Oz.",1,9.25
289,2025-12-12,"2025-12-11","Semolina - T - Loaf",1,6.75
289,2025-12-12,"2025-12-11","Extra Credit - Each",0.25,1.06
289,2025-12-12,"2025-12-11","Half",1,68.89
289,2025-12-12,"2025-12-11","2% MILK-o",1,8.49
1006,2025-12-12,"2025-12-11","Dark Chocolate Fudge Sauce  - Jar",1,16
1006,2025-12-12,"2025-12-11","Honey - Qt. - Jar",1,20
1006,2025-12-12,"2025-12-11","Extra Credit - Each",4.75,1.06
1006,2025-12-12,"2025-12-11","UCA/KWA",1,64.37
76,2025-12-12,"2025-12-11","Chicken - Links ($10) - Each",1,10
76,2025-12-12,"2025-12-11","Eggs - Dozen",1,6.25
76,2025-12-12,"2025-12-11","Kairos Sourdough Choice $5 - Pack",1,5
76,2025-12-12,"2025-12-11","Missouri Pecans - Each",1,6.5
76,2025-12-12,"2025-12-11","Mini",1,46.28
734,2025-12-12,"2025-12-11","Eggs - BW - Dozen",1,6.25
734,2025-12-12,"2025-12-11","Mothership Pickup Time (4.0 @5-5:30) - @5-5:30",1,0
734,2025-12-12,"2025-12-11","Cauliflower - Romanesco - Lb.",1,6.5
734,2025-12-12,"2025-12-11","Chicken - Ground - Lb.",1,8.75
734,2025-12-12,"2025-12-11","Oat Flour Pancake Mix - Bag",1,4.25
734,2025-12-12,"2025-12-11","Tomatoes - Funky Bunch - Pint",1,5.75
734,2025-12-12,"2025-12-11","Extra Credit - Each",1.75,1.06
734,2025-12-12,"2025-12-11","FSA/FSD",1,64.37
644,2025-12-12,"2025-12-11","Apple Cider - Frozen - Half Gallon",2,9.25
644,2025-12-12,"2025-12-11","Kirkwood Pickup Time (1.0 PORCH) - PORCH",1,0
644,2025-12-12,"2025-12-11","Apples - Suncrisp - Bag",1,5.75
644,2025-12-12,"2025-12-11","Bacon - Each",2,12.75
644,2025-12-12,"2025-12-11","Blackberries - Frozen (1.0 Large) - Large",1,10.5
644,2025-12-12,"2025-12-11","Eggs - Dozen",1,6.25
644,2025-12-12,"2025-12-11","Honey - Qt. - Jar",3,20
644,2025-12-12,"2025-12-11","Peppers - Beaver Dam / Poblano - 3-pack",1,2.75
644,2025-12-12,"2025-12-11","Shoots - Specialty Mix - Bag",1,4.25
644,2025-12-12,"2025-12-11","Tomatoes - Heirloom - Bag",1,8.5
644,2025-12-12,"2025-12-11","Tomatoes - Slicing - Bag",1,6.5
644,2025-12-12,"2025-12-11","Extra Credit - Each",117.25,1.06
644,2025-12-12,"2025-12-11","UCA/KWA",1,64.37
1746,2025-12-12,"2025-12-11","Stringbean Disco Inferno - Oz.",1,15.45
1746,2025-12-12,"2025-12-11","Kirkwood Pickup Time (2.0 @1:30-2) - @1:30-2",1,0
1746,2025-12-12,"2025-12-11","Carrots no tops - Lb.",1,5.75
1746,2025-12-12,"2025-12-11","Eggs - Dozen",1,6.25
1746,2025-12-12,"2025-12-11","Potatoes - Yukon Gold - lbs",1,6
1746,2025-12-12,"2025-12-11","Extra Credit - Each",2.2,1.06
1746,2025-12-12,"2025-12-11","UCA/KWA",1,64.37
1416,2025-12-12,"2025-12-11","Mothership Pickup Time (4.0 @5-5:30) - @5-5:30",1,0
1416,2025-12-12,"2025-12-11","Apple Sauce - Organic Qt. - Quart",1,10.5
1416,2025-12-12,"2025-12-11","Bagels - Sesame Seed - BU - Bag",1,10.9
1416,2025-12-12,"2025-12-11","Eggs - Dozen",1,6.25
1416,2025-12-12,"2025-12-11","English Muffin Sourdough - Frozen - Pack",1,5
1416,2025-12-12,"2025-12-11","Mushrooms - French Horn/King - Bag",1,8.25
1416,2025-12-12,"2025-12-11","Semolina - T - Loaf",1,6.75
1416,2025-12-12,"2025-12-11","Extra Credit - Each",11.65,1.06
1416,2025-12-12,"2025-12-11","Half",1,68.89
1474,2025-12-12,"2025-12-11","Apple Sauce - Organic Qt. - Quart",1,0
1474,2025-12-12,"2025-12-11","Bagels - Blueberry - BU - Bag",1,10.9
1474,2025-12-12,"2025-12-11","Cauliflower - Romanesco - Lb.",1,0
1474,2025-12-12,"2025-12-11","Eggs - Dozen",1,6.25
1474,2025-12-12,"2025-12-11","Kairos Sourdough Choice $5 - Pack",1,5
1474,2025-12-12,"2025-12-11","Olive Oil Small - ML",5,8
1474,2025-12-12,"2025-12-11","Pasta Long Bi-color - Lb.",1,0
1474,2025-12-12,"2025-12-11","Pizza Sourdough - Frozen - Pack",1,5
1474,2025-12-12,"2025-12-11","Pork - Breakfast ($8) - Pack",1,0
1474,2025-12-12,"2025-12-11","Turnips - Japanese/White - Lb.",1,0
1474,2025-12-12,"2025-12-11","Winter Squash - Spaghetti (1.0 Large) - Large",1,4.75
1474,2025-12-12,"2025-12-11","Extra Credit - Each",44.15,1.06
1474,2025-12-12,"2025-12-11","Mini",1,46.28
1786,2025-12-12,"2025-12-11","Apple Sauce - Organic Qt. - Quart",1,10.5
1786,2025-12-12,"2025-12-11","Eggs - Dozen",1,6.25
1786,2025-12-12,"2025-12-11","Grains Wildcard $4.75 - Each",1,4.75
1786,2025-12-12,"2025-12-11","Pork Choice $8 - Pack",1,8
1786,2025-12-12,"2025-12-11","Wildcard $6.5 - Each",1,6.5
1786,2025-12-12,"2025-12-11","Half",1,68.89
1719,2025-12-12,"2025-12-11","Mothership Pickup Time (1.0 @3:30-4) - @3:30-4",1,0
1719,2025-12-12,"2025-12-11","Beets - No Tops - Lb.",1,5.75
1719,2025-12-12,"2025-12-11","Broccoli (1.0 Bag) - Bag",1,5
1719,2025-12-12,"2025-12-11","Cabbage - Red - Share",1,3
1719,2025-12-12,"2025-12-11","Carrots no tops - Lb.",2,5.75
1719,2025-12-12,"2025-12-11","Cauliflower - Romanesco - Lb.",2,6.5
1719,2025-12-12,"2025-12-11","Extra Credit - Each",2.25,1.06
1719,2025-12-12,"2025-12-11","Half",1,68.89
491,2025-12-12,"2025-12-11","Kirkwood Pickup Time (2.0 @1:30-2) - @1:30-2",1,0
491,2025-12-12,"2025-12-11","Chicken - Links ($10) - Each",1,10
491,2025-12-12,"2025-12-11","Ground Beef - Jersey MJC - Lb.",2,8.75
491,2025-12-12,"2025-12-11","Kairos Sourdough Choice $5 - Pack",1,5
491,2025-12-12,"2025-12-11","Extra Credit - Each",4.75,1.06
491,2025-12-12,"2025-12-11","Mini",1,46.28
636,2025-12-12,"2025-12-11","Bread Choice ($6.25) - Loaf",1,6.25
636,2025-12-12,"2025-12-11","Honey - Qt. - Jar",1,20
636,2025-12-12,"2025-12-11","Pasta Wildcard $6.50 - Pack",1,6.5
636,2025-12-12,"2025-12-11","Extra Credit - Each",0.5,1.06
636,2025-12-12,"2025-12-11","FSA/FSD",1,64.37
636,2025-12-12,"2025-12-11","Whole MILK",1,8.49
250,2025-12-12,"2025-12-11","Half & Half - Pint",1,4.75
250,2025-12-12,"2025-12-11","Mothership Pickup Time (1.0 @3:30-4) - @3:30-4",1,0
250,2025-12-12,"2025-12-11","Chicken Breasts /lb. - Pack",1,12.87
250,2025-12-12,"2025-12-11","Mushrooms - Choice",1,8.25
250,2025-12-12,"2025-12-11","Pizza Sauce - Jar",1,6.75
250,2025-12-12,"2025-12-11","Potatoes - Regular - lbs",1,5.75
250,2025-12-12,"2025-12-11","Extra Credit - Each",8.62,1.06
250,2025-12-12,"2025-12-11","FSA/FSD",1,64.37
1618,2025-12-12,"2025-12-11","Kirkwood Pickup Time - @1-1:30",1,0
1618,2025-12-12,"2025-12-11","Apples - Suncrisp - Bag",1,5.75
1618,2025-12-12,"2025-12-11","Cauliflower - hd. - Head",1,6.5
1618,2025-12-12,"2025-12-11","Garlic - Cured Bag - Bag",1,4.5
1618,2025-12-12,"2025-12-11","Mushrooms (1.0 Shiitake) - Shiitake",1,8.25
1618,2025-12-12,"2025-12-11","Potatoes - Sweet - lbs",1,5.75
1618,2025-12-12,"2025-12-11","Tomatoes - Funky Bunch - Pint",1,5.75
1618,2025-12-12,"2025-12-11","Extra Credit - Each",0.5,1.06
1618,2025-12-12,"2025-12-11","Half",1,68.89
162,2025-12-12,"2025-12-11","Mothership Pickup Time (6.0 @6-6:30) - @6-6:30",1,0
162,2025-12-12,"2025-12-11","Bagel Chips - Bag",1,5.25
162,2025-12-12,"2025-12-11","Dark Bar 72% - Package",1,2.75
162,2025-12-12,"2025-12-11","Eggs - Dozen",1,6.25
162,2025-12-12,"2025-12-11","Ground Beef - D&M - Lb.",1,10.25
162,2025-12-12,"2025-12-11","Onions - Green - Bunch",1,3.5
162,2025-12-12,"2025-12-11","Sesame Hoagie - T - Each",1,3.6
162,2025-12-12,"2025-12-11","FSC",1,64.37
133,2025-12-12,"2025-12-11","Mothership Pickup Time (2.0 @4-4:30) - @4-4:30",1,0
133,2025-12-12,"2025-12-11","Eggs - Dozen",1,6.25
133,2025-12-12,"2025-12-11","Honey - Qt. - Jar",1,20
133,2025-12-12,"2025-12-11","Leeks - Each",1,4
133,2025-12-12,"2025-12-11","Extra Credit - Each",2.5,1.06
133,2025-12-12,"2025-12-11","Mini",1,46.28
305,2025-12-12,"2025-12-11","Beef - Stew Meat - Pack",1,10.25
305,2025-12-12,"2025-12-11","Eggs - Dozen",1,6.25
305,2025-12-12,"2025-12-11","Wildcard $8 - Each",1,8
305,2025-12-12,"2025-12-11","Yogurt Choice  - Each",1,6.75
305,2025-12-12,"2025-12-11","UCA/KWA",1,64.37
127,2025-12-12,"2025-12-11","Mothership Pickup Time (1.0 @3:30-4) - @3:30-4",1,0
127,2025-12-12,"2025-12-11","Bacon - Each",1,12.75
127,2025-12-12,"2025-12-11","Eggs - Dozen",1,6.25
127,2025-12-12,"2025-12-11","FF - Fry Bread - Bag",1,7.25
127,2025-12-12,"2025-12-11","Ground Beef - D&M - Lb.",1,10.25
127,2025-12-12,"2025-12-11","Extra Credit - Each",7.25,1.06
127,2025-12-12,"2025-12-11","FSC",1,64.37
128,2025-12-12,"2025-12-11","Beef - Stew Meat - Pack",1,10.25
128,2025-12-12,"2025-12-11","Eggs - Dozen",1,6.25
128,2025-12-12,"2025-12-11","Wildcard $8 - Each",1,8
128,2025-12-12,"2025-12-11","Yogurt Choice  - Each",1,6.75
128,2025-12-12,"2025-12-11","UCA/KWA",1,64.37
1534,2025-12-12,"2025-12-11","Apple Sauce - Organic Qt. - Quart",1,10.5
1534,2025-12-12,"2025-12-11","Salmon - Fillet Pieces/LB* - Each",2,8.61
1534,2025-12-12,"2025-12-11","Wildcard $6.5 - Each",1,6.5
1534,2025-12-12,"2025-12-11","Half",1,68.89
1534,2025-12-12,"2025-12-11","Whole MILK-o",1,8.49
643,2025-12-12,"2025-12-11","Mothership Pickup Time (5.0 @5:30-6) - @5:30-6",1,0
643,2025-12-12,"2025-12-11","Chicken - Ground - Lb.",1,8.75
643,2025-12-12,"2025-12-11","Chicken Thighs - Boneless/lb. - lbs",1,17.51
643,2025-12-12,"2025-12-11","Leeks - Each",1,4
643,2025-12-12,"2025-12-11","Winter Squash - Georgia Candy Roaster - Each",1,9.5
643,2025-12-12,"2025-12-11","Extra Credit - Each",10.01,1.06
643,2025-12-12,"2025-12-11","FSA/FSD",1,64.37
1347,2025-12-12,"2025-12-11","Apple Sauce - Organic Qt. - Quart",1,10.5
1347,2025-12-12,"2025-12-11","Eggs - Dozen",1,6.25
1347,2025-12-12,"2025-12-11","Grains Wildcard $4.75 - Each",1,4.75
1347,2025-12-12,"2025-12-11","Pork Choice $8 - Pack",1,8
1347,2025-12-12,"2025-12-11","Wildcard $6.5 - Each",1,6.5
1347,2025-12-12,"2025-12-11","Half",1,68.89
1468,2025-12-12,"2025-12-11","Mothership Pickup Time (3.0 @4:30-5) - @4:30-5",1,0
1468,2025-12-12,"2025-12-11","Beef Marrow Bones /lb - Lb.",1,10.97
1468,2025-12-12,"2025-12-11","Cabbage - Red - Share",1,3
1468,2025-12-12,"2025-12-11","Chicken - Links ($10) - Each",1,10
1468,2025-12-12,"2025-12-11","Marinara Sauce - Jar",1,8.75
1468,2025-12-12,"2025-12-11","Pork Chop Bone-in /lb. - Lb.",1,14.74
1468,2025-12-12,"2025-12-11","Extra Credit - Each",19.71,1.06
1468,2025-12-12,"2025-12-11","Mini",1,46.28
622,2025-12-12,"2025-12-11","Kirkwood Pickup Time - @1-1:30",1,0
622,2025-12-12,"2025-12-11","Beef - Stew Meat - Pack",1,10.25
622,2025-12-12,"2025-12-11","Carrots no tops - Lb.",1,5.75
622,2025-12-12,"2025-12-11","Eggs - Dozen",1,6.25
622,2025-12-12,"2025-12-11","Toffee - Package",1,6.45
622,2025-12-12,"2025-12-11","Yogurt - Vanilla - Oz.",1,6.75
622,2025-12-12,"2025-12-11","Extra Credit - Each",4.2,1.06
622,2025-12-12,"2025-12-11","UCA/KWA",1,64.37
899,2025-12-12,"2025-12-11","Apple Sauce - Organic Qt. - Quart",1,10.5
899,2025-12-12,"2025-12-11","Eggs - Dozen",1,6.25
899,2025-12-12,"2025-12-11","Grains Wildcard $4.75 - Each",1,4.75
899,2025-12-12,"2025-12-11","Pork Choice $8 - Pack",1,8
899,2025-12-12,"2025-12-11","Wildcard $6.5 - Each",1,6.5
899,2025-12-12,"2025-12-11","Half",1,68.89
638,2025-12-12,"2025-12-11","Chicken - Links ($10) - Each",1,10
638,2025-12-12,"2025-12-11","Eggs - Dozen",1,6.25
638,2025-12-12,"2025-12-11","Kairos Sourdough Choice $5 - Pack",1,5
638,2025-12-12,"2025-12-11","Milk Chocolate Lolli - Each",3,1.75
638,2025-12-12,"2025-12-11","Missouri Pecans - Each",1,6.5
638,2025-12-12,"2025-12-11","Pork Snack Sticks - 5 pk - Plain",1,8.25
638,2025-12-12,"2025-12-11","Semolina - T - Loaf",1,6.75
638,2025-12-12,"2025-12-11","Extra Credit - Each",20.25,1.06
638,2025-12-12,"2025-12-11","Mini",1,46.28
793,2025-12-12,"2025-12-11","Chicken - Links ($10) - Each",1,10
793,2025-12-12,"2025-12-11","Eggs - Dozen",1,6.25
793,2025-12-12,"2025-12-11","Kairos Sourdough Choice $5 - Pack",1,5
793,2025-12-12,"2025-12-11","Missouri Pecans - Each",1,6.5
793,2025-12-12,"2025-12-11","Mini",1,46.28
242,2025-12-12,"2025-12-11","Mothership Pickup Time (1.0 @3:30-4) - @3:30-4",1,0
242,2025-12-12,"2025-12-11","Boneless Pork Chop - D&M /lb - Lb.",1,16.28
242,2025-12-12,"2025-12-11","Ground Beef - D&M - Lb.",1,10.25
242,2025-12-12,"2025-12-11","Pork Italian Bulk - D&M - Lb.",1,8
242,2025-12-12,"2025-12-11","Extra Credit - Each",5.28,1.06
242,2025-12-12,"2025-12-11","FSC",1,64.37
1545,2025-12-12,"2025-12-11","Ground Turkey - Pack",1,8.75
1545,2025-12-12,"2025-12-11","Eggs - BW - Dozen",1,6.25
1545,2025-12-12,"2025-12-11","Kirkwood Pickup Time - @1-1:30",1,0
1545,2025-12-12,"2025-12-11","Chicken - Thighs /lbs  - lbs",1,6.67
1545,2025-12-12,"2025-12-11","Chicken - Whole $4.75/lb. - Each",1,18.72
1545,2025-12-12,"2025-12-11","Dark Bar 72% - Package",1,2.75
1545,2025-12-12,"2025-12-11","Extra Credit - Each",7.14,1.06
1545,2025-12-12,"2025-12-11","Half",1,68.89
1750,2025-12-12,"2025-12-11","Chicken - Links ($10) - Each",1,10
1750,2025-12-12,"2025-12-11","Eggs - Dozen",1,6.25
1750,2025-12-12,"2025-12-11","Kairos Sourdough Choice $5 - Pack",1,5
1750,2025-12-12,"2025-12-11","Missouri Pecans - Each",1,6.5
1750,2025-12-12,"2025-12-11","Mini",1,46.28
1771,2025-12-12,"2025-12-11","Half & Half - Pint",1,4.75
1771,2025-12-12,"2025-12-11","Sugar Free - Blueberry HBY - Pint",1,7.5
1771,2025-12-12,"2025-12-11","Mothership Pickup Time (2.0 @4-4:30) - @4-4:30",1,0
1771,2025-12-12,"2025-12-11","Cooler Donation - $",5,1
1771,2025-12-12,"2025-12-11","Buttermilk Waffles Sourdough - Frozen - Pack",1,5
1771,2025-12-12,"2025-12-11","Eggs - Dozen",1,6.25
1771,2025-12-12,"2025-12-11","Louise's Cocoa Brownie Crisp Granola - Bag",1,10.75
1771,2025-12-12,"2025-12-11","Luna Maki Dark Coffee - Oz.",1,22.5
1771,2025-12-12,"2025-12-11","Oat Porridge Bread - T - Each",1,8.8
1771,2025-12-12,"2025-12-11","Peppers - Carmen - 2-pack",1,3
1771,2025-12-12,"2025-12-11","Rice - Basmati White - Lb.",1,6.75
1771,2025-12-12,"2025-12-11","Extra Credit - Each",50.05,1.06
1771,2025-12-12,"2025-12-11","Mini",1,46.28
370,2025-12-12,"2025-12-11","Salsa - Gringo's Medium - Pint",1,5
370,2025-12-12,"2025-12-11","Kirkwood Pickup Time (2.0 @1:30-2) - @1:30-2",1,0
370,2025-12-12,"2025-12-11","Chicken Links - Sundried Tomato - lbs",1,10
370,2025-12-12,"2025-12-11","Ravioli - Mushroom  - Lb.",1,9
370,2025-12-12,"2025-12-11","Extra Credit - Each",24,1.06
1521,2025-12-12,"2025-12-11","Mothership Pickup Time (1.0 @3:30-4) - @3:30-4",1,0
1521,2025-12-12,"2025-12-11","Asian Greens - Bunch",1,5.25
1521,2025-12-12,"2025-12-11","Brussels Sprouts (1.0 Stalk) - Stalk",1,4.75
1521,2025-12-12,"2025-12-11","Chicken - Breakfast Links - Each",1,10
1521,2025-12-12,"2025-12-11","Milk Chocolate Bar - Pack",1,2.75
1521,2025-12-12,"2025-12-11","Potatoes - Sweet - lbs",1,5.75
1521,2025-12-12,"2025-12-11","Tomatoes - Funky Bunch - Pint",1,5.75
1521,2025-12-12,"2025-12-11","Extra Credit - Each",6.5,1.06
1521,2025-12-12,"2025-12-11","Mini",1,46.28
885,2025-12-12,"2025-12-11","Milk - 2%  - Oz.",1,7.98
885,2025-12-12,"2025-12-11","Mothership Pickup Time - @6:30-7",1,0
885,2025-12-12,"2025-12-11","Bagels - Everything - BU - Bag",1,10.9
885,2025-12-12,"2025-12-11","Bagels - Pumpernickel - BU - Bag",1,10.9
885,2025-12-12,"2025-12-11","Curds Creamy Ranch 10 oz - Bag",1,6.5
885,2025-12-12,"2025-12-11","Eggs - Dozen",1,6.25
885,2025-12-12,"2025-12-11","Hummus - Garlic - Tub",1,6.75
885,2025-12-12,"2025-12-11","Missouri Pecans (1.0 Halves) - Halves",1,6.5
885,2025-12-12,"2025-12-11","Peppers - Green/Red Bell - 3-pack",1,3
885,2025-12-12,"2025-12-11","Extra Credit - Each",22.78,1.06
885,2025-12-12,"2025-12-11","Half",1,68.89
900,2025-12-12,"2025-12-11","Mothership Pickup Time (1.0 @3:30-4) - @3:30-4",1,0
900,2025-12-12,"2025-12-11","Cauliflower - Romanesco - Lb.",1,6.5
900,2025-12-12,"2025-12-11","Chicken Breasts /lb. - Pack",1,13.86
900,2025-12-12,"2025-12-11","Eggs - Dozen",1,6.25
900,2025-12-12,"2025-12-11","Jar Tomatoes - Quart",1,7.5
900,2025-12-12,"2025-12-11","Leeks - Each",1,4
900,2025-12-12,"2025-12-11","Extra Credit - Each",6.36,1.06
900,2025-12-12,"2025-12-11","FSC",1,64.37
900,2025-12-12,"2025-12-11","Whole MILK",1,8.49
896,2025-12-12,"2025-12-11","Quark-Frozen - Tub",1,6.5
896,2025-12-12,"2025-12-11","Kirkwood Pickup Time (2.0 @1:30-2) - @1:30-2",1,0
896,2025-12-12,"2025-12-11","Food Pantry Donation - $",10,1
896,2025-12-12,"2025-12-11","Broccoli (1.0 Bag) - Bag",1,5
896,2025-12-12,"2025-12-11","Eggs - Dozen",1,6.25
896,2025-12-12,"2025-12-11","Lettuce - Salanova - Bag",1,4.25
896,2025-12-12,"2025-12-11","Mozzarella HBC - Oz.",1,6.5
896,2025-12-12,"2025-12-11","Oats - 1lb. (1.0 Rolled) - Rolled",2,3.75
896,2025-12-12,"2025-12-11","Yogurt - Plain - Oz.",1,6.75
896,2025-12-12,"2025-12-11","Extra Credit - Each",16.75,1.06
896,2025-12-12,"2025-12-11","Half",1,68.89
171,2025-12-12,"2025-12-11","Mothership Pickup Time (5.0 @5:30-6) - @5:30-6",1,0
171,2025-12-12,"2025-12-11","Apples - Suncrisp - Bag",1,5.75
171,2025-12-12,"2025-12-11","Bagel Chips - Bag",1,5.25
171,2025-12-12,"2025-12-11","Black Bean Hummus - Tub",1,6.25
171,2025-12-12,"2025-12-11","Carrots no tops - Lb.",1,5.75
171,2025-12-12,"2025-12-11","Ground Beef - D&M - Lb.",1,10.25
171,2025-12-12,"2025-12-11","Hummus - Beet & Pepita - Tub",1,6.75
171,2025-12-12,"2025-12-11","Jar Tomatoes - Quart",1,7.5
171,2025-12-12,"2025-12-11","Louise's Original Granola - Bag",1,10.75
171,2025-12-12,"2025-12-11","Peppers - Lunchbox - Bag",1,5
171,2025-12-12,"2025-12-11","Potatoes - Regular - lbs",1,5.75
171,2025-12-12,"2025-12-11","Queso Quesadilla - HBC - Each",1,6.5
171,2025-12-12,"2025-12-11","Yogurt - Blueberry - Oz.",1,6.75
171,2025-12-12,"2025-12-11","Yogurt - Strawberry - Oz.",1,6.75
171,2025-12-12,"2025-12-11","Extra Credit - Each",59.75,1.06
171,2025-12-12,"2025-12-11","FSC",1,64.37
1819,2025-12-12,"2025-12-11","Eggs - BW - Dozen",1,6.25
1819,2025-12-12,"2025-12-11","Salsa - Gringo's Hot - Pint",1,5
1819,2025-12-12,"2025-12-11","Salsa - Gringo's Medium - Pint",1,5
1819,2025-12-12,"2025-12-11","Mothership Pickup Time (4.0 @5-5:30) - @5-5:30",1,0
1819,2025-12-12,"2025-12-11","Carrots no tops - Lb.",1,5.75
1819,2025-12-12,"2025-12-11","Chicken - Ground - Lb.",2,8.75
1819,2025-12-12,"2025-12-11","Chicken Wings/lb. - lbs",1,24.89
1819,2025-12-12,"2025-12-11","Dark Chocolate Salted Bark - Pack",1,6.45
1819,2025-12-12,"2025-12-11","Janie's Bread - Thursday - Each",1,6.75
1819,2025-12-12,"2025-12-11","Tomatoes - Slicing - Bag",1,6.5
1819,2025-12-12,"2025-12-11","Extra Credit - Each",31.84,1.06
1819,2025-12-12,"2025-12-11","FSA/FSD",1,64.37
1819,2025-12-12,"2025-12-11","Whole MILK",4,8.49
1683,2025-12-12,"2025-12-11","Peanut Butter MC - Tub",1,7.75
1683,2025-12-12,"2025-12-11","Kirkwood Pickup Time - @1-1:30",1,0
1683,2025-12-12,"2025-12-11","Eggs - Dozen",1,6.25
1683,2025-12-12,"2025-12-11","Honey - med. 12 oz. mbb  - Each",1,12.5
1683,2025-12-12,"2025-12-11","Seedy Wheaty - Frozen - Loaf",2,3.5
1683,2025-12-12,"2025-12-11","Extra Credit - Each",2.25,1.06
1683,2025-12-12,"2025-12-11","UCA/KWA",1,64.37
845,2025-12-12,"2025-12-11","Salsa - Gringo's Medium - Pint",1,5
845,2025-12-12,"2025-12-11","Bagels - Pumpernickel - BU - Bag",1,10.9
845,2025-12-12,"2025-12-11","Cheese Choice $6.50 - Each",1,6.5
845,2025-12-12,"2025-12-11","Chips - Tortilla - Bag",1,4.25
845,2025-12-12,"2025-12-11","Del Carmen Choice - Tub",1,6.25
845,2025-12-12,"2025-12-11","Eggs - Dozen",1,6.25
845,2025-12-12,"2025-12-11","Ground Beef - D&M - Lb.",1,10.25
845,2025-12-12,"2025-12-11","Stringbean Half Caf - Bag",1,15.45
845,2025-12-12,"2025-12-11","Extra Credit - Each",35.6,1.06
845,2025-12-12,"2025-12-11","FSC",1,64.37
1582,2025-12-12,"2025-12-11","Mothership Pickup Time (2.0 @4-4:30) - @4-4:30",1,0
1582,2025-12-12,"2025-12-11","Curds Jalapeno Habanero 10 oz - Bag",2,6.5
1582,2025-12-12,"2025-12-11","Eggs - Dozen",1,6.25
1582,2025-12-12,"2025-12-11","Kairos Sourdough Choice $5 - Pack",1,5
1582,2025-12-12,"2025-12-11","Semolina - T - Loaf",1,6.75
1582,2025-12-12,"2025-12-11","Sourdough Bread - Frozen - Lb.",1,6.25
1582,2025-12-12,"2025-12-11","Extra Credit - Each",9.5,1.06
1582,2025-12-12,"2025-12-11","Mini",1,46.28
463,2025-12-12,"2025-12-11","RL Heavy Cream  - Pint",1,6.75
463,2025-12-12,"2025-12-11","Kairos Sourdough Choice $5 - Pack",1,5
463,2025-12-12,"2025-12-11","Missouri Pecans - Each",1,6.5
463,2025-12-12,"2025-12-11","Pork - Breakfast ($8) - Pack",1,8
463,2025-12-12,"2025-12-11","Pork - Chorizo (bulk) - Lb.",1,13.5
463,2025-12-12,"2025-12-11","Extra Credit - Each",12,1.06
463,2025-12-12,"2025-12-11","Mini",1,46.28
1525,2025-12-12,"2025-12-11","Kirkwood Pickup Time - @1-1:30",1,0
1525,2025-12-12,"2025-12-11","Eggs - Dozen",1,6.25
1525,2025-12-12,"2025-12-11","Ground Beef - BM&P - Each",1,10.25
1525,2025-12-12,"2025-12-11","Pork - Ground  - Lb.",1,7.25
1525,2025-12-12,"2025-12-11","Pork Italian Bulk - D&M - Lb.",1,8
1525,2025-12-12,"2025-12-11","RL Chocolate Milk - Bottle",2,2.75
1525,2025-12-12,"2025-12-11","Extra Credit - Each",1.25,1.06
1525,2025-12-12,"2025-12-11","Half",1,68.89
699,2025-12-12,"2025-12-11","Mothership Pickup Time (1.0 @3:30-4) - @3:30-4",1,0
699,2025-12-12,"2025-12-11","Granola Bar - Each",2,3.75
699,2025-12-12,"2025-12-11","Hoagie - T - Each",1,3.35
699,2025-12-12,"2025-12-11","Mushrooms - French Horn/King - Bag",1,8.25
699,2025-12-12,"2025-12-11","Oat Porridge Bread - T - Each",1,8.8
699,2025-12-12,"2025-12-11","Tomatoes - Slicing - Bag",1,6.5
699,2025-12-12,"2025-12-11","Turkey Thighs /lb - Each",1,13.6
699,2025-12-12,"2025-12-11","Extra Credit - Each",12,1.06
699,2025-12-12,"2025-12-11","Half",1,68.89
979,2025-12-12,"2025-12-11","Apple Sauce - Organic Qt. - Quart",1,10.5
979,2025-12-12,"2025-12-11","Beef - Stew Meat - Pack",1,10.25
979,2025-12-12,"2025-12-11","Eggs - Dozen",1,6.25
979,2025-12-12,"2025-12-11","Oat Porridge Bread - T - Each",1,8.8
979,2025-12-12,"2025-12-11","Pork Italian Bulk - D&M - Lb.",1,8
979,2025-12-12,"2025-12-11","Rice - Brown - Lb.",1,6
979,2025-12-12,"2025-12-11","Extra Credit - Each",13.8,1.06
979,2025-12-12,"2025-12-11","Half",1,68.89
