"member_id","file_date","delivery_date","item_unit","sales","price"
704,2025-12-19,"2025-12-10","Eggs - BW - Dozen",1,6.25
704,2025-12-19,"2025-12-10","Apples - Golden Delicious - Bag",1,5.75
704,2025-12-19,"2025-12-10","Black Pepper Cheddar - Each",2,6.5
704,2025-12-19,"2025-12-10","Bread Pudding - Muffin - Each",1,4
704,2025-12-19,"2025-12-10","Sourdough Bread - Frozen - Lb.",1,6.25
704,2025-12-19,"2025-12-10","Extra Credit - Each",5.5,1.06
704,2025-12-19,"2025-12-10","FSA/FSD",1,64.37
291,2025-12-19,"2025-12-10","Mothership Pickup Time (2.0 @4-4:30) - @4-4:30",1,0
291,2025-12-19,"2025-12-10","Buttermilk - Qt.  - Quart",1,6.5
291,2025-12-19,"2025-12-10","Bacon - Each",1,12.75
291,2025-12-19,"2025-12-10","Eggs - Dozen",1,6.25
291,2025-12-19,"2025-12-10","Semolina - Wednesday - Loaf",1,6.75
291,2025-12-19,"2025-12-10","Wildcard $6.5 - Each",1,6.5
291,2025-12-19,"2025-12-10","Extra Credit - Each",2.75,1.06
291,2025-12-19,"2025-12-10","Half",1,68.89
1045,2025-12-19,"2025-12-10","Apple Cider - Frozen - Half Gallon",1,9.25
1045,2025-12-19,"2025-12-10","Cheddar - Tipsy - Package",1,6.5
1045,2025-12-19,"2025-12-10","Mothership Pickup Time (3.0 @4:30-5) - @4:30-5",1,0
1045,2025-12-19,"2025-12-10","$ for green bags donation - $",1,1
1045,2025-12-19,"2025-12-10","Cabbage - Chinese - Head",1,3.75
1045,2025-12-19,"2025-12-10","Cauliflower - hd. - Head",1,6.5
1045,2025-12-19,"2025-12-10","Chicken - Breakfast Links - Each",1,10
1045,2025-12-19,"2025-12-10","Deli Rye Bread - Frozen - Lb.",1,9.75
1045,2025-12-19,"2025-12-10","Eggs - Dozen",2,6.25
1045,2025-12-19,"2025-12-10","Onions - Green - Bunch",1,3.5
1045,2025-12-19,"2025-12-10","Pizza Sourdough - Frozen - Pack",1,5
1045,2025-12-19,"2025-12-10","Sesame Hoagie -W - Each",1,3.6
1045,2025-12-19,"2025-12-10","Extra Credit - Each",35.35,1.06
1045,2025-12-19,"2025-12-10","Half",1,68.89
482,2025-12-19,"2025-12-10","Eggs - BW - Dozen",2,6.25
482,2025-12-19,"2025-12-10","Marinara Sauce - Jar",1,8.75
482,2025-12-19,"2025-12-10","Pasta Bi-color Short - Lb.",1,6.5
482,2025-12-19,"2025-12-10","Mini",1,46.28
1983,2025-12-19,"2025-12-10","Aged Cheddar - HBC - Each",1,6.5
1983,2025-12-19,"2025-12-10","Beef - Stew Meat - Pack",1,10.25
1983,2025-12-19,"2025-12-10","Chevre PF (1.0 Plain) - Plain",1,8.5
1983,2025-12-19,"2025-12-10","Lettuce - Salanova - Bag",1,4.25
1983,2025-12-19,"2025-12-10","Tastachios - Oz.",1,8.5
1983,2025-12-19,"2025-12-10","Tomatoes - Heirloom - Bag",1,8.5
1983,2025-12-19,"2025-12-10","Tortillas Sourdough - Frozen - Pack",1,5
1983,2025-12-19,"2025-12-10","Extra Credit - Each",23.75,1.06
1983,2025-12-19,"2025-12-10","Mini",1,46.28
553,2025-12-19,"2025-12-10","Stringbean Brazilian - Oz.",1,15.45
553,2025-12-19,"2025-12-10","Mothership Pickup Time (1.0 @3:30-4) - @3:30-4",1,0
553,2025-12-19,"2025-12-10","Chicken Links - Apple Cinnamon - Lb.",1,10
553,2025-12-19,"2025-12-10","Eggs - Dozen",1,6.25
553,2025-12-19,"2025-12-10","English Muffin Sourdough - Frozen - Pack",1,5
553,2025-12-19,"2025-12-10","Missouri Pecans - Each",1,6.5
553,2025-12-19,"2025-12-10","Extra Credit - Each",15.45,1.06
553,2025-12-19,"2025-12-10","Mini",1,46.28
262,2025-12-19,"2025-12-10","Chicken - BULK Breasts /lb. - Pack",1,41.4
262,2025-12-19,"2025-12-10","Chicken - Big Bag Deboned Thighs/lb. - Bag",1,40.16
262,2025-12-19,"2025-12-10","Milk - 2%  - Oz.",1,7.98
262,2025-12-19,"2025-12-10","Milk - Whole - Oz.",1,7.98
262,2025-12-19,"2025-12-10","Eggs - BW - Dozen",2,6.25
262,2025-12-19,"2025-12-10","UCity Pickup Time - @4:30-5",1,0
262,2025-12-19,"2025-12-10","Chicken - Breakfast Links - Each",2,10
262,2025-12-19,"2025-12-10","Chicken Links - Andouille  - Lb.",1,10
262,2025-12-19,"2025-12-10","Chicken Links - Chorizo - Lb.",1,10
262,2025-12-19,"2025-12-10","Eggs - H - Dozen",2,6.25
262,2025-12-19,"2025-12-10","Flaked Salmon/lb. - Lb.",1,18.46
262,2025-12-19,"2025-12-10","Gr. Beef Bundle DM(10-pack) - 10-pack",1,95
262,2025-12-19,"2025-12-10","Rice - Basmati Brown - Lb.",2,6.75
262,2025-12-19,"2025-12-10","Sliced Summer Sausage - Bag",1,8.5
262,2025-12-19,"2025-12-10","Yogurt - Plain - Oz.",1,6.75
262,2025-12-19,"2025-12-10","Extra Credit - Each",266.23,1.06
262,2025-12-19,"2025-12-10","Half",1,68.89
1339,2025-12-19,"2025-12-10","Milk - 2%  - Oz.",1,7.98
1339,2025-12-19,"2025-12-10","Milk - Whole - Oz.",1,7.98
1339,2025-12-19,"2025-12-10","Winter Squash - Acorn - Each",1,3.25
1339,2025-12-19,"2025-12-10","Mothership Pickup Time (5.0 @5:30-6) - @5:30-6",1,0
1339,2025-12-19,"2025-12-10","Carrots no tops - Lb.",1,5.75
1339,2025-12-19,"2025-12-10","Winter Squash - Spaghetti (1.0 Large) - Large",1,4.75
1339,2025-12-19,"2025-12-10","FSA/FSD",1,64.37
1339,2025-12-19,"2025-12-10","Whole MILK",1,8.49
1038,2025-12-19,"2025-12-10","Mothership Pickup Time (4.0 @5-5:30) - @5-5:30",1,0
1038,2025-12-19,"2025-12-10","Missouri Pecans (1.0 Halves) - Halves",1,6.5
1038,2025-12-19,"2025-12-10","Mushrooms (1.0 Lion's Mane) - Lion's Mane",1,8.25
1038,2025-12-19,"2025-12-10","Winter Squash - Butternut (1.0 Medium) - Medium",1,4
1038,2025-12-19,"2025-12-10","Yogurt - Plain - Oz.",2,6.75
1038,2025-12-19,"2025-12-10","Extra Credit - Each",4.5,1.06
1038,2025-12-19,"2025-12-10","Mini",1,46.28
1741,2025-12-19,"2025-12-10","Apple Sauce - Organic Qt. - Quart",1,10.5
1741,2025-12-19,"2025-12-10","Eggs - Dozen",1,6.25
1741,2025-12-19,"2025-12-10","Grains Wildcard $4.75 - Each",1,4.75
1741,2025-12-19,"2025-12-10","Pork Choice $8 - Pack",1,8
1741,2025-12-19,"2025-12-10","Wildcard $6.5 - Each",1,6.5
1741,2025-12-19,"2025-12-10","Half",1,68.89
1197,2025-12-19,"2025-12-10","Apple Cider - Frozen - Half Gallon",1,9.25
1197,2025-12-19,"2025-12-10","Salsa - Black Bean & Corn - Pint",1,5
1197,2025-12-19,"2025-12-10","Chicken Links - Lemon Pepper - Lb.",1,10
1197,2025-12-19,"2025-12-10","Crunchy Peanut Butter - Jar",1,7.75
1197,2025-12-19,"2025-12-10","Curry Sauce (1.0 Mango) - Mango",1,11.5
1197,2025-12-19,"2025-12-10","Eggs - Dozen",2,6.25
1197,2025-12-19,"2025-12-10","Kairos Sourdough Choice $5 - Pack",1,5
1197,2025-12-19,"2025-12-10","Extra Credit - Each",33.25,1.06
1687,2025-12-19,"2025-12-10","Milk - Whole - Oz.",1,7.98
1687,2025-12-19,"2025-12-10","Mothership Pickup Time (1.0 @3:30-4) - @3:30-4",1,0
1687,2025-12-19,"2025-12-10","Food for Ferals Donation - $",5,1
1687,2025-12-19,"2025-12-10","Auction Donation - $",5,1
1687,2025-12-19,"2025-12-10","Black Beans - Dry - Lb.",1,3
1687,2025-12-19,"2025-12-10","Curds Taco Spice 10 oz - Bag",1,6.5
1687,2025-12-19,"2025-12-10","Eggs - Dozen",2,6.25
1687,2025-12-19,"2025-12-10","Lettuce - Salanova - Bag",1,4.25
1687,2025-12-19,"2025-12-10","Mushrooms (1.0 Lion's Mane) - Lion's Mane",1,8.25
1687,2025-12-19,"2025-12-10","Peppers - Lunchbox - Bag",1,5
1687,2025-12-19,"2025-12-10","Semolina - Wednesday - Loaf",1,6.75
1687,2025-12-19,"2025-12-10","Tomatoes - Slicing - Bag",1,6.5
1687,2025-12-19,"2025-12-10","Extra Credit - Each",34.73,1.06
1687,2025-12-19,"2025-12-10","Half",1,68.89
1039,2025-12-19,"2025-12-10","UCity Pickup Time (3.0 @5:30-6) - @5:30-6",1,0
1039,2025-12-19,"2025-12-10","Cauliflower - Romanesco - Lb.",1,6.5
1039,2025-12-19,"2025-12-10","Eggs - Dozen",1,6.25
1039,2025-12-19,"2025-12-10","Leeks - Each",2,4
1039,2025-12-19,"2025-12-10","Semolina - Wednesday - Loaf",1,6.75
1039,2025-12-19,"2025-12-10","Tomatoes - Funky Bunch - Pint",1,5.75
1039,2025-12-19,"2025-12-10","Extra Credit - Each",2,1.06
1039,2025-12-19,"2025-12-10","UCA/KWA",1,64.37
618,2025-12-19,"2025-12-10","Eggs - BW - Dozen",1,6.25
618,2025-12-19,"2025-12-10","Mothership Pickup Time (4.0 @5-5:30) - @5-5:30",1,0
618,2025-12-19,"2025-12-10","Brussels Sprouts (1.0 Stalk) - Stalk",1,4.75
618,2025-12-19,"2025-12-10","Cauliflower - hd. - Head",1,6.5
618,2025-12-19,"2025-12-10","Missouri Pecans (1.0 Halves) - Halves",1,6.5
618,2025-12-19,"2025-12-10","Yogurt - Vanilla - Oz.",1,6.75
618,2025-12-19,"2025-12-10","Extra Credit - Each",1.5,1.06
618,2025-12-19,"2025-12-10","FSC",1,64.37
180,2025-12-19,"2025-12-10","UCity Pickup Time - @4:30-5",1,0
180,2025-12-19,"2025-12-10","Carrots no tops - Lb.",1,5.75
180,2025-12-19,"2025-12-10","Honey - Wildflower - Bottle",1,11.25
180,2025-12-19,"2025-12-10","Kairos Sourdough Choice $5 - Pack",1,5
180,2025-12-19,"2025-12-10","Yogurt - Strawberry - Oz.",1,6.75
180,2025-12-19,"2025-12-10","Extra Credit - Each",1,1.06
180,2025-12-19,"2025-12-10","Mini",1,46.28
1830,2025-12-19,"2025-12-10","Mothership Pickup Time (1.0 @3:30-4) - @3:30-4",1,0
1830,2025-12-19,"2025-12-10","Chicken - Breakfast Links - Each",1,10
1830,2025-12-19,"2025-12-10","Chicken - Ground - Lb.",1,8.75
1830,2025-12-19,"2025-12-10","Eggs - Dozen",1,6.25
1830,2025-12-19,"2025-12-10","Janie's Bread - Wednesday - Each",1,6.75
1830,2025-12-19,"2025-12-10","Mushrooms - Choice",1,8.25
1830,2025-12-19,"2025-12-10","Extra Credit - Each",7.75,1.06
1830,2025-12-19,"2025-12-10","FSA/FSD",1,64.37
1830,2025-12-19,"2025-12-10","2% MILK",1,8.49
732,2025-12-19,"2025-12-10","Mothership Pickup Time (3.0 @4:30-5) - @4:30-5",1,0
732,2025-12-19,"2025-12-10","Applewood Smoked Cheddar - Each",1,6.5
732,2025-12-19,"2025-12-10","Chicken Thighs - Boneless/lb. - lbs",2,13.86
732,2025-12-19,"2025-12-10","Eggs - Dozen",1,6.25
732,2025-12-19,"2025-12-10","Extra Credit - Each",4.47,1.06
732,2025-12-19,"2025-12-10","Half",1,68.89
421,2025-12-19,"2025-12-10","Milk - Whole - Oz.",1,7.98
421,2025-12-19,"2025-12-10","Chicken - Links ($10) - Each",1,10
421,2025-12-19,"2025-12-10","Eggs - Dozen",1,6.25
421,2025-12-19,"2025-12-10","Kairos Sourdough Choice $5 - Pack",1,5
421,2025-12-19,"2025-12-10","Missouri Pecans - Each",1,6.5
421,2025-12-19,"2025-12-10","Extra Credit - Each",7.98,1.06
421,2025-12-19,"2025-12-10","Mini",1,46.28
1034,2025-12-19,"2025-12-10","UCity Pickup Time (2.0 @5-5:30) - @5-5:30",1,0
1034,2025-12-19,"2025-12-10","Apple Butter - Pint",1,7.5
1034,2025-12-19,"2025-12-10","Hummus - Carrot & Ginger - Tub",1,6.75
1034,2025-12-19,"2025-12-10","Loofah Soap (1.0 Eucalyptus Mint) - Eucalyptus Mint",1,6.5
1034,2025-12-19,"2025-12-10","Loofah Soap (1.0 Honey Oat) - Honey Oat",1,6.5
1034,2025-12-19,"2025-12-10","T-Shirt Women's Navy (1.0 XL) - XL",1,12
1034,2025-12-19,"2025-12-10","Extra Credit - Each",3.25,1.06
1034,2025-12-19,"2025-12-10","Half",1,68.89
508,2025-12-19,"2025-12-10","Mothership Pickup Time (1.0 @3:30-4) - @3:30-4",1,0
508,2025-12-19,"2025-12-10","Cinnamon Rolls - Pack",1,6.5
508,2025-12-19,"2025-12-10","Ground Beef - Jersey MJC - Lb.",1,8.75
508,2025-12-19,"2025-12-10","Mushrooms - Choice",1,8.25
508,2025-12-19,"2025-12-10","Pasta Wildcard $6.50 - Pack",1,6.5
508,2025-12-19,"2025-12-10","Sourdough Bread - Frozen - Lb.",1,6.25
508,2025-12-19,"2025-12-10","Extra Credit - Each",6.5,1.06
508,2025-12-19,"2025-12-10","FSA/FSD",1,64.37
49,2025-12-19,"2025-12-10","Eggs - BW - Dozen",1,6.25
49,2025-12-19,"2025-12-10","UCity Pickup Time - @4:30-5",1,0
49,2025-12-19,"2025-12-10","Chicken - Ground - Lb.",1,8.75
49,2025-12-19,"2025-12-10","Curry Sauce (1.0 Red) - Red",1,11.5
49,2025-12-19,"2025-12-10","Kohlrabi  - Head",1,3
49,2025-12-19,"2025-12-10","Mushrooms (1.0 Shiitake) - Shiitake",1,8.25
49,2025-12-19,"2025-12-10","Shoots - Specialty Mix - Bag",1,4.25
49,2025-12-19,"2025-12-10","Umami Heat - Japanese - Bag",1,9.5
49,2025-12-19,"2025-12-10","oo'ma'me - Moroccan - Jar",1,12
49,2025-12-19,"2025-12-10","Extra Credit - Each",63.5,1.06
1203,2025-12-19,"2025-12-10","Mothership Pickup Time (2.0 @4-4:30) - @4-4:30",1,0
1203,2025-12-19,"2025-12-10","Collards - Bunch",1,5.25
1203,2025-12-19,"2025-12-10","Eggs - Dozen",1,6.25
1203,2025-12-19,"2025-12-10","Mushrooms - Choice",1,8.25
1203,2025-12-19,"2025-12-10","Peppers - Green/Red Bell - 3-pack",1,3
1203,2025-12-19,"2025-12-10","Peppers - Jalapenos - 5-pack",1,3.5
1203,2025-12-19,"2025-12-10","Turnips - Japanese/White - Lb.",1,5.5
1203,2025-12-19,"2025-12-10","Extra Credit - Each",2,1.06
1203,2025-12-19,"2025-12-10","FSA/FSD",1,64.37
1210,2025-12-19,"2025-12-10","Eggs - BW - Dozen",1,6.25
1210,2025-12-19,"2025-12-10","Mothership Pickup Time (1.0 @3:30-4) - @3:30-4",1,0
1210,2025-12-19,"2025-12-10","Chips - Tortilla - Bag",1,4.25
1210,2025-12-19,"2025-12-10","Cornmeal - Oz.",1,4.75
1210,2025-12-19,"2025-12-10","Eggs - H - Dozen",1,6.25
1210,2025-12-19,"2025-12-10","Flour - All Purpose 5 lb - Bag",1,8.5
1210,2025-12-19,"2025-12-10","Peppers - Carmen - 2-pack",1,3
1210,2025-12-19,"2025-12-10","Potatoes - Regular - lbs",1,5.75
1210,2025-12-19,"2025-12-10","Rice - Basmati Brown - Lb.",1,6.75
1210,2025-12-19,"2025-12-10","Winter Squash - Butternut (1.0 Large) - Large",1,5
1210,2025-12-19,"2025-12-10","Winter Squash - Butternut (1.0 Medium) - Medium",1,4
1210,2025-12-19,"2025-12-10","Extra Credit - Each",54.5,1.06
444,2025-12-19,"2025-12-10","Eggs - BW - Dozen",2,6.25
444,2025-12-19,"2025-12-10","UCity Pickup Time - @4:30-5",1,0
444,2025-12-19,"2025-12-10","Bacon - Uncured/lb - Pack",1,15.25
444,2025-12-19,"2025-12-10","Bagels - Honey Buckwheat - BU - Bag",1,10.9
444,2025-12-19,"2025-12-10","RL Chocolate Milk - Bottle",4,2.75
444,2025-12-19,"2025-12-10","Rice - White - Lb.",1,6
444,2025-12-19,"2025-12-10","Salame - Finocchiona - Each",1,12.35
444,2025-12-19,"2025-12-10","Extra Credit - Each",36.75,1.06
444,2025-12-19,"2025-12-10","UCA/KWA",1,64.37
828,2025-12-19,"2025-12-10","Pizza - Pepperoni  - Each",1,8
828,2025-12-19,"2025-12-10","Flank Steak/lbs. - lbs",1,32.71
828,2025-12-19,"2025-12-10","Pizza - Bacon Bacon   - Each",1,8
828,2025-12-19,"2025-12-10","Mini",1,46.28
671,2025-12-19,"2025-12-10","Mothership Pickup Time (1.0 @3:30-4) - @3:30-4",1,0
671,2025-12-19,"2025-12-10","Chocolate Gooey Butter Cake - Each",1,15
671,2025-12-19,"2025-12-10","Dark Chocolate Coffee Bark - Pack",1,6.45
671,2025-12-19,"2025-12-10","Eggs - Dozen",2,6.25
671,2025-12-19,"2025-12-10","Semolina - Wednesday - Loaf",1,6.75
671,2025-12-19,"2025-12-10","Extra Credit - Each",4.7,1.06
671,2025-12-19,"2025-12-10","Half",1,68.89
671,2025-12-19,"2025-12-10","Whole MILK-o",1,8.49
1543,2025-12-19,"2025-12-10","Mothership Pickup Time (1.0 @3:30-4) - @3:30-4",1,0
1543,2025-12-19,"2025-12-10","$ for green bags donation - $",1,1
1543,2025-12-19,"2025-12-10","Donation to Food Pantry - Each",2,1
1543,2025-12-19,"2025-12-10","Food For FS Cats Donation - $",1,1
1543,2025-12-19,"2025-12-10","Chicken - Ground - Lb.",1,8.75
1543,2025-12-19,"2025-12-10","Mushrooms (1.0 Shiitake) - Shiitake",1,8.25
1543,2025-12-19,"2025-12-10","Tortellini - Mushroom - Lb.",1,9
1543,2025-12-19,"2025-12-10","Extra Credit - Each",0.25,1.06
1543,2025-12-19,"2025-12-10","FSA/FSD",1,64.37
1286,2025-12-19,"2025-12-10","Ground Turkey - Pack",1,8.75
1286,2025-12-19,"2025-12-10","Mothership Pickup Time (1.0 @3:30-4) - @3:30-4",1,0
1286,2025-12-19,"2025-12-10","Chicken Thighs -/lb*. - Wee - Pack",1,4.89
1286,2025-12-19,"2025-12-10","Dark Chocolate Almond Bar - Pack",1,4.8
1286,2025-12-19,"2025-12-10","Garlic - Cured Bag - Bag",1,4.5
1286,2025-12-19,"2025-12-10","Missouri Pecans (1.0 Halves) - Halves",1,6.5
1286,2025-12-19,"2025-12-10","Olive Oil Large - Bottle",1,18.5
1286,2025-12-19,"2025-12-10","Potatoes - Sweet - lbs",1,5.75
1286,2025-12-19,"2025-12-10","Thick Cut Dill Pickles - Quart",1,7.75
1286,2025-12-19,"2025-12-10","Yogurt - Vanilla - Oz.",1,6.75
1286,2025-12-19,"2025-12-10","Extra Credit - Each",38.94,1.06
1286,2025-12-19,"2025-12-10","FSC",1,64.37
296,2025-12-19,"2025-12-10","Mothership Pickup Time (1.0 @3:30-4) - @3:30-4",1,0
296,2025-12-19,"2025-12-10","Eggs - Dozen",1,6.25
296,2025-12-19,"2025-12-10","F2F: Savory Leek & Mushroom Bread Pudding - lbs",1,26
296,2025-12-19,"2025-12-10","Grains Wildcard $4.75 - Each",1,4.75
296,2025-12-19,"2025-12-10","Pork Choice $8 - Pack",1,8
296,2025-12-19,"2025-12-10","Wildcard $6.5 - Each",1,6.5
296,2025-12-19,"2025-12-10","Extra Credit - Each",15.5,1.06
296,2025-12-19,"2025-12-10","Half",1,68.89
919,2025-12-19,"2025-12-10","Mothership Pickup Time (2.0 @4-4:30) - @4-4:30",1,0
919,2025-12-19,"2025-12-10","Asian Greens - Bunch",1,5.25
919,2025-12-19,"2025-12-10","Cauliflower - Romanesco - Lb.",1,6.5
919,2025-12-19,"2025-12-10","Chicken - Ground - Lb.",1,8.75
919,2025-12-19,"2025-12-10","Eggs - Dozen",1,6.25
919,2025-12-19,"2025-12-10","Kohlrabi  - Head",1,3
919,2025-12-19,"2025-12-10","Mushrooms (1.0 Oyster) - Oyster",1,8.25
919,2025-12-19,"2025-12-10","Rice - White - Lb.",1,6
919,2025-12-19,"2025-12-10","Extra Credit - Each",8,1.06
919,2025-12-19,"2025-12-10","Half",1,68.89
981,2025-12-19,"2025-12-10","UCity Pickup Time (2.0 @5-5:30) - @5-5:30",1,0
981,2025-12-19,"2025-12-10","Cabbage - Red - Share",1,3
981,2025-12-19,"2025-12-10","Eggs - Dozen",2,6.25
981,2025-12-19,"2025-12-10","Hummus - Beet & Pepita - Tub",1,6.75
981,2025-12-19,"2025-12-10","Missouri Pecans - Each",1,6.5
981,2025-12-19,"2025-12-10","Extra Credit - Each",1,1.06
981,2025-12-19,"2025-12-10","Mini",1,46.28
1699,2025-12-19,"2025-12-10","UCity Pickup Time - @4:30-5",1,0
1699,2025-12-19,"2025-12-10","Chuck Roast/lbs. - lbs",1,31.98
1699,2025-12-19,"2025-12-10","Hoagie - Wednesday - Each",1,3.35
1699,2025-12-19,"2025-12-10","Missouri Pecans (1.0 Halves) - Halves",1,6.5
1699,2025-12-19,"2025-12-10","Turkey Breast /lbs. - Each",1,19
1699,2025-12-19,"2025-12-10","Winter Squash - Butternut (1.0 Medium) - Medium",1,4
1699,2025-12-19,"2025-12-10","Extra Credit - Each",33.58,1.06
1699,2025-12-19,"2025-12-10","UCA/KWA",1,64.37
570,2025-12-19,"2025-12-10","Apple Butter - Pint",1,7.5
570,2025-12-19,"2025-12-10","Beef - Stew Meat - Pack",1,10.25
570,2025-12-19,"2025-12-10","Eggs - Dozen",1,6.25
570,2025-12-19,"2025-12-10","Multigrain Bread - Frozen - Loaf",1,6.25
570,2025-12-19,"2025-12-10","Yogurt - Vanilla - Oz.",1,6.75
570,2025-12-19,"2025-12-10","Extra Credit - Each",5.75,1.06
570,2025-12-19,"2025-12-10","UCA/KWA",1,64.37
1471,2025-12-19,"2025-12-10","Mothership Pickup Time (3.0 @4:30-5) - @4:30-5",1,0
1471,2025-12-19,"2025-12-10","Bison - Ground - Lb.",1,21
1471,2025-12-19,"2025-12-10","Black Beans - Dry - Lb.",3,3
1471,2025-12-19,"2025-12-10","Eggs - Dozen",1,6.25
1471,2025-12-19,"2025-12-10","Light and Mild - Wednesday - Loaf",1,8
1471,2025-12-19,"2025-12-10","Potatoes - Yukon Gold - lbs",1,6
1471,2025-12-19,"2025-12-10","Ravioli - Mushroom  - Lb.",2,9
1471,2025-12-19,"2025-12-10","Tortellini - Mushroom - Lb.",1,9
1471,2025-12-19,"2025-12-10","Extra Credit - Each",41.25,1.06
1471,2025-12-19,"2025-12-10","Half",1,68.89
1154,2025-12-19,"2025-12-10","Mothership Pickup Time (4.0 @5-5:30) - @5-5:30",1,0
1154,2025-12-19,"2025-12-10","Brisket - half/lb. - lbs",3,32.46
1154,2025-12-19,"2025-12-10","Dark Chocolate Bon Bons - Pack",1,11.25
1154,2025-12-19,"2025-12-10","Extra Credit - Each",80.88,1.06
1154,2025-12-19,"2025-12-10","Mini",1,46.28
541,2025-12-19,"2025-12-10","Cashew Butter - Roasted - Pint",1,11.75
541,2025-12-19,"2025-12-10","UCity Pickup Time - @4:30-5",1,0
541,2025-12-19,"2025-12-10","$ for green bags donation - $",1,1
541,2025-12-19,"2025-12-10","Apples - Suncrisp - Bag",1,5.75
541,2025-12-19,"2025-12-10","Cauliflower - Romanesco - Lb.",1,6.5
541,2025-12-19,"2025-12-10","Eggs - Dozen",1,6.25
541,2025-12-19,"2025-12-10","Winter Squash - Pie Pumpkin - Each",1,3.75
541,2025-12-19,"2025-12-10","Extra Credit - Each",3.75,1.06
541,2025-12-19,"2025-12-10","UCA/KWA",1,64.37
1559,2025-12-19,"2025-12-10","UCity Pickup Time (3.0 @5:30-6) - @5:30-6",1,0
1559,2025-12-19,"2025-12-10","Applewood Smoked Cheddar - Each",1,6.5
1559,2025-12-19,"2025-12-10","Blushing Goat - Each",1,11.75
1559,2025-12-19,"2025-12-10","Brussels Sprouts (1.0 Stalk) - Stalk",1,4.75
1559,2025-12-19,"2025-12-10","Carrots no tops - Lb.",1,5.75
1559,2025-12-19,"2025-12-10","Chicken Links - Sundried Tomato - lbs",1,10
1559,2025-12-19,"2025-12-10","Eggs - Dozen",1,6.25
1559,2025-12-19,"2025-12-10","Garlic - Cured Bag - Bag",1,4.5
1559,2025-12-19,"2025-12-10","Hand Pie: Smoked Whitefish - Bag",1,14.5
1559,2025-12-19,"2025-12-10","Leeks - Each",1,4
1559,2025-12-19,"2025-12-10","Missouri Pecans - Each",1,6.5
1559,2025-12-19,"2025-12-10","Mushrooms - Sale! - Bag",1,8
1559,2025-12-19,"2025-12-10","Onions - Green - Bunch",1,3.5
1559,2025-12-19,"2025-12-10","Potatoes - Sweet - lbs",1,5.75
1559,2025-12-19,"2025-12-10","Salmon - Fillet Pieces/LB* - Each",2,13.29
1559,2025-12-19,"2025-12-10","Semolina - Wednesday - Loaf",1,6.75
1559,2025-12-19,"2025-12-10","Soy Sauce - Mushroom - Bottle",1,7.25
1559,2025-12-19,"2025-12-10","Extra Credit - Each",104.58,1.06
1559,2025-12-19,"2025-12-10","Mini",1,38.3
788,2025-12-19,"2025-12-10","Milk - Whole - Oz.",1,7.98
788,2025-12-19,"2025-12-10","Eggs - BW - Dozen",1,6.25
788,2025-12-19,"2025-12-10","RL Heavy Cream  - Pint",1,7.5
788,2025-12-19,"2025-12-10","Eggnog - half gallon - Oz.",1,10.5
788,2025-12-19,"2025-12-10","Marbled Rye -Wednesday - Loaf",1,8.35
1098,2025-12-19,"2025-12-10","Stringbean Malawi Peaberry - Oz.",1,15.45
1098,2025-12-19,"2025-12-10","UCity Pickup Time - @4:30-5",1,0
1098,2025-12-19,"2025-12-10","Beets - No Tops - Lb.",1,5.75
1098,2025-12-19,"2025-12-10","Capsules - Lion's Mane Mushrooms - Bag",1,11.5
1098,2025-12-19,"2025-12-10","Carrots no tops - Lb.",1,5.75
1098,2025-12-19,"2025-12-10","Chicken - Thighs /lbs  - lbs",1,9.32
1098,2025-12-19,"2025-12-10","Chips - Tortilla - Bag",1,4.25
1098,2025-12-19,"2025-12-10","Light and Mild - Wednesday - Loaf",1,8
1098,2025-12-19,"2025-12-10","Potatoes - Sweet - lbs",1,5.75
1098,2025-12-19,"2025-12-10","Semolina - Wednesday - Loaf",1,6.75
1098,2025-12-19,"2025-12-10","Winter Squash - Butternut (1.0 Medium) - Medium",1,4
1098,2025-12-19,"2025-12-10","Extra Credit - Each",46.27,1.06
1098,2025-12-19,"2025-12-10","UCA/KWA",1,64.37
1098,2025-12-19,"2025-12-10","2% MILK-o",1,8.49
557,2025-12-19,"2025-12-10","Ground Turkey - Pack",1,8.75
557,2025-12-19,"2025-12-10","Mothership Pickup Time (1.0 @3:30-4) - @3:30-4",1,0
557,2025-12-19,"2025-12-10","Mushrooms (1.0 Shiitake) - Shiitake",1,8.25
557,2025-12-19,"2025-12-10","Pasta Wildcard $6.50 - Pack",1,6.5
557,2025-12-19,"2025-12-10","Semolina - Wednesday - Loaf",1,6.75
557,2025-12-19,"2025-12-10","Extra Credit - Each",0.5,1.06
557,2025-12-19,"2025-12-10","FSA/FSD",1,64.37
1896,2025-12-19,"2025-12-10","Mothership Pickup Time (4.0 @5-5:30) - @5-5:30",1,0
1896,2025-12-19,"2025-12-10","Apples - Suncrisp - Bag",1,5.75
1896,2025-12-19,"2025-12-10","Eggs - Dozen",1,6.25
1896,2025-12-19,"2025-12-10","Missouri Pecans - Each",1,6.5
1896,2025-12-19,"2025-12-10","Multigrain Bread - Frozen - Loaf",1,6.25
1896,2025-12-19,"2025-12-10","Tomatoes - Funky Bunch - Pint",1,5.75
1896,2025-12-19,"2025-12-10","Extra Credit - Each",2.75,1.06
1896,2025-12-19,"2025-12-10","Mini",1,46.28
1309,2025-12-19,"2025-12-10","Havarti - MJC - Pack",1,6.5
1309,2025-12-19,"2025-12-10","Sugar Free - Wild Elderberry  - Pint",1,7.5
1309,2025-12-19,"2025-12-10","Mothership Pickup Time - @6:30-7",1,0
1309,2025-12-19,"2025-12-10","Eggs - Dozen",1,6.25
1309,2025-12-19,"2025-12-10","Mushrooms - Choice",1,8.25
197,2025-12-19,"2025-12-10","Kuva Nicaragua - Bag",1,15.45
197,2025-12-19,"2025-12-10","Mothership Pickup Time (2.0 @4-4:30) - @4-4:30",1,0
197,2025-12-19,"2025-12-10","Chicken Thighs - Boneless/lb. - lbs",1,17.85
197,2025-12-19,"2025-12-10","English Muffin Sourdough - Frozen - Pack",1,5
197,2025-12-19,"2025-12-10","Potatoes - Sweet - lbs",1,5.75
197,2025-12-19,"2025-12-10","Tomatoes - Funky Bunch - Pint",1,5.75
197,2025-12-19,"2025-12-10","Tortellini - Cheese - Lb.",1,9
197,2025-12-19,"2025-12-10","Extra Credit - Each",22.8,1.06
197,2025-12-19,"2025-12-10","Half",1,68.89
1000,2025-12-19,"2025-12-10","UCity Pickup Time (3.0 @5:30-6) - @5:30-6",1,0
1000,2025-12-19,"2025-12-10","Apples - Organic Red Delicious - Bag",1,5.75
1000,2025-12-19,"2025-12-10","Dark Chocolate Fudge Sauce  - Jar",1,16
1000,2025-12-19,"2025-12-10","Eggs - Dozen",1,6.25
1000,2025-12-19,"2025-12-10","Hummus - Carrot & Ginger - Tub",1,6.75
1000,2025-12-19,"2025-12-10","Extra Credit - Each",3.5,1.06
1000,2025-12-19,"2025-12-10","UCA/KWA",1,64.37
718,2025-12-19,"2025-12-10","Bread Choice ($6.25) - Loaf",1,6.25
718,2025-12-19,"2025-12-10","Chicken - Ground - Lb.",1,8.75
718,2025-12-19,"2025-12-10","Mushrooms - Choice",1,8.25
718,2025-12-19,"2025-12-10","Pasta Wildcard $6.50 - Pack",1,6.5
718,2025-12-19,"2025-12-10","FSA/FSD",1,64.37
207,2025-12-19,"2025-12-10","Eggs - Dozen",1,6.25
207,2025-12-19,"2025-12-10","Honey - Qt. - Jar",1,20
207,2025-12-19,"2025-12-10","Kohlrabi  - Head",1,3
207,2025-12-19,"2025-12-10","Lettuce - Salanova - Bag",1,4.25
207,2025-12-19,"2025-12-10","Missouri Pecans - Each",1,6.5
207,2025-12-19,"2025-12-10","Oats - Rolled 5# - Bag",1,12.25
207,2025-12-19,"2025-12-10","Tomatoes - Funky Bunch - Pint",1,5.75
207,2025-12-19,"2025-12-10","Extra Credit - Each",30.25,1.06
207,2025-12-19,"2025-12-10","Mini",1,46.28
100,2025-12-19,"2025-12-10","Mothership Pickup Time (3.0 @4:30-5) - @4:30-5",1,0
100,2025-12-19,"2025-12-10","Beef - Stew Meat - Pack",1,10.25
100,2025-12-19,"2025-12-10","Eggs - Dozen",1,6.25
100,2025-12-19,"2025-12-10","Hoagie - Wednesday - Each",1,3.35
100,2025-12-19,"2025-12-10","Pork Snack Sticks - Honey 4pk - Pack",1,8.25
100,2025-12-19,"2025-12-10","Extra Credit - Each",0.35,1.06
100,2025-12-19,"2025-12-10","Mini",1,46.28
99,2025-12-19,"2025-12-10","Apple Cider - Frozen - Half Gallon",1,9.25
99,2025-12-19,"2025-12-10","Chicken - BULK Breasts /lb. - Pack",1,37.51
99,2025-12-19,"2025-12-10","Milk - Creamline - Oz.",1,7.98
99,2025-12-19,"2025-12-10","Mothership Pickup Time (6.0 @6-6:30) - @6-6:30",1,0
99,2025-12-19,"2025-12-10","Chicken Thighs - Boneless/lb. - lbs",1,13.94
99,2025-12-19,"2025-12-10","Eggs - Dozen",1,6.25
325,2025-12-19,"2025-12-10","No Produce - Order Only (odd wk)",1,0
1147,2025-12-19,"2025-12-10","Mothership Pickup Time (2.0 @4-4:30) - @4-4:30",1,0
1147,2025-12-19,"2025-12-10","Brussels Sprouts (1.0 Stalk) - Stalk",2,4.75
1147,2025-12-19,"2025-12-10","Cauliflower - Romanesco - Lb.",1,6.5
1147,2025-12-19,"2025-12-10","Grains Wildcard $4.75 - Each",1,4.75
1147,2025-12-19,"2025-12-10","Oat Porridge Bread - Wednesday - Loaf",1,8.8
1147,2025-12-19,"2025-12-10","Tomatoes - Slicing - Bag",1,6.5
1147,2025-12-19,"2025-12-10","Extra Credit - Each",0.05,1.06
1147,2025-12-19,"2025-12-10","Half",1,68.89
422,2025-12-19,"2025-12-10","Carrots no tops - Lb.",1,5.75
422,2025-12-19,"2025-12-10","Eggs - Dozen",1,6.25
422,2025-12-19,"2025-12-10","Ground Beef - D&M - Lb.",1,10.25
422,2025-12-19,"2025-12-10","Yogurt - Plain - Oz.",1,6.75
422,2025-12-19,"2025-12-10","FSC",1,64.37
422,2025-12-19,"2025-12-10","Creamline MILK",2,8.49
837,2025-12-19,"2025-12-10","Mothership Pickup Time (2.0 @4-4:30) - @4-4:30",1,0
837,2025-12-19,"2025-12-10","Chicken - Ground - Lb.",2,8.75
837,2025-12-19,"2025-12-10","Eggs - Dozen",2,6.25
837,2025-12-19,"2025-12-10","Gr. Beef Bundle DM ( 5-pack) - Each",1,48.75
837,2025-12-19,"2025-12-10","Louise's Original Granola - Bag",2,10.75
837,2025-12-19,"2025-12-10","Mushrooms (1.0 Shiitake) - Shiitake",1,8.25
837,2025-12-19,"2025-12-10","Onions - Green - Bunch",1,3.5
837,2025-12-19,"2025-12-10","Peppers - Lunchbox - Bag",1,5
837,2025-12-19,"2025-12-10","Turmeric - Bag",1,6
837,2025-12-19,"2025-12-10","Extra Credit - Each",90.75,1.06
837,2025-12-19,"2025-12-10","FSA/FSD",1,64.37
837,2025-12-19,"2025-12-10","Creamline MILK-o",1,8.49
34,2025-12-19,"2025-12-10","Mothership Pickup Time (1.0 @3:30-4) - @3:30-4",1,0
34,2025-12-19,"2025-12-10","Brussels Sprouts (1.0 Stalk) - Stalk",4,4.75
34,2025-12-19,"2025-12-10","FF Dish - Cauliflower Curry - Pint",1,11.5
34,2025-12-19,"2025-12-10","Yogurt - Blueberry - Oz.",1,6.75
34,2025-12-19,"2025-12-10","Extra Credit - Each",7.5,1.06
34,2025-12-19,"2025-12-10","FSA/FSD",1,64.37
859,2025-12-19,"2025-12-10","Eggs - BW - Dozen",2,6.25
859,2025-12-19,"2025-12-10","Winter Squash - Acorn - Each",1,3.25
859,2025-12-19,"2025-12-10","UCity Pickup Time - @4:30-5",1,0
859,2025-12-19,"2025-12-10","Apples - Suncrisp - Bag",1,5.75
859,2025-12-19,"2025-12-10","Brussels Sprouts (1.0 Stalk) - Stalk",1,4.75
859,2025-12-19,"2025-12-10","Cabbage - Red - Share",1,3
859,2025-12-19,"2025-12-10","Extra Credit - Each",1.5,1.06
859,2025-12-19,"2025-12-10","Mini",1,46.28
401,2025-12-19,"2025-12-10","UCity Pickup Time - @4:30-5",1,0
401,2025-12-19,"2025-12-10","Brussels Sprouts (1.0 Stalk) - Stalk",1,4.75
401,2025-12-19,"2025-12-10","Cabbage - Green (1.0 Small) - Small",1,3
401,2025-12-19,"2025-12-10","Leeks - Each",1,4
401,2025-12-19,"2025-12-10","Peppers - Carmen - 2-pack",1,3
401,2025-12-19,"2025-12-10","Peppers - Lunchbox - Bag",2,5
401,2025-12-19,"2025-12-10","Shoots - Pea - Bag",1,4.25
401,2025-12-19,"2025-12-10","Tomatoes - Funky Bunch - Pint",1,5.75
401,2025-12-19,"2025-12-10","Winter Squash - Spaghetti (1.0 Large) - Large",1,4.75
401,2025-12-19,"2025-12-10","Extra Credit - Each",11.75,1.06
401,2025-12-19,"2025-12-10","Mini",1,46.28
1818,2025-12-19,"2025-12-10","UCity Pickup Time - @4:30-5",1,0
1818,2025-12-19,"2025-12-10","Apples - Fuji - Bag",1,5.75
1818,2025-12-19,"2025-12-10","Chicken Bones - SM/lb.* - Bag",1,6.93
1818,2025-12-19,"2025-12-10","Eggs - Dozen",2,6.25
1818,2025-12-19,"2025-12-10","Ground Beef - Jersey MJC - Lb.",1,8.75
1818,2025-12-19,"2025-12-10","Hoagie - Wednesday - Each",1,3.35
1818,2025-12-19,"2025-12-10","Missouri Pecans - Each",1,6.5
1818,2025-12-19,"2025-12-10","Turkey Wings /lb - Each",1,20.75
1818,2025-12-19,"2025-12-10","Extra Credit - Each",36.78,1.06
1818,2025-12-19,"2025-12-10","Mini",1,38.3
1818,2025-12-19,"2025-12-10","Multigrain Bread",1,4.26
1997,2025-12-19,"2025-12-10","UCity Pickup Time (2.0 @5-5:30) - @5-5:30",1,0
1997,2025-12-19,"2025-12-10","Chevre PF (1.0 Pepper) - Pepper",1,8.5
1997,2025-12-19,"2025-12-10","Grains Wildcard $4.75 - Each",1,4.75
1997,2025-12-19,"2025-12-10","Lamb Chops/lb. DM - Each",1,35.33
1997,2025-12-19,"2025-12-10","Extra Credit - Each",12.58,1.06
1997,2025-12-19,"2025-12-10","Half",1,68.89
326,2025-12-19,"2025-12-10","Milk - 2%  - Oz.",1,7.98
326,2025-12-19,"2025-12-10","Pizza - Cheese  - Each",1,7.25
326,2025-12-19,"2025-12-10","Pizza - Four Meat  - Each",1,8
326,2025-12-19,"2025-12-10","Pizza - Pepperoni  - Each",1,8
326,2025-12-19,"2025-12-10","Bagels - Everything - Frozen - Bag",1,6.75
326,2025-12-19,"2025-12-10","Brussels Sprouts (1.0 Stalk) - Stalk",1,4.75
326,2025-12-19,"2025-12-10","Cabbage - Green (1.0 Small) - Small",1,3
326,2025-12-19,"2025-12-10","Cabbage - Red - Share",1,3
326,2025-12-19,"2025-12-10","Cauliflower - Romanesco - Lb.",1,6.5
326,2025-12-19,"2025-12-10","Chicken - Thighs /lbs  - lbs",2,7.84
326,2025-12-19,"2025-12-10","Chicken Bones - SM/lb.* - Bag",1,6.48
326,2025-12-19,"2025-12-10","Chicken Breasts /lb. - Pack",2,15.1
326,2025-12-19,"2025-12-10","Chicken Drumsticks /LB - Pack",1,3.42
326,2025-12-19,"2025-12-10","Chicken Links - Lemon Pepper - Lb.",1,10
326,2025-12-19,"2025-12-10","Eggs - Dozen",1,6.25
326,2025-12-19,"2025-12-10","Gnocchi - Garlic Chive  - Lb.",1,6.5
326,2025-12-19,"2025-12-10","Gnocchi - Sundried Tomato  - Lb.",1,6.5
326,2025-12-19,"2025-12-10","Ground Beef - D&M - Lb.",1,10.25
326,2025-12-19,"2025-12-10","Leeks - Each",1,4
326,2025-12-19,"2025-12-10","Oat Flour Pancake Mix - Bag",1,4.25
326,2025-12-19,"2025-12-10","Oat Porridge Bread - Wednesday - Loaf",1,8.8
326,2025-12-19,"2025-12-10","Oats - Rolled 5# - Bag",1,12.25
326,2025-12-19,"2025-12-10","Onions - Green - Bunch",1,3.5
326,2025-12-19,"2025-12-10","Peppers - Lunchbox - Bag",1,5
326,2025-12-19,"2025-12-10","Potatoes - Yukon Gold - lbs",1,6
326,2025-12-19,"2025-12-10","Rice - Basmati Brown - Lb.",1,6.75
326,2025-12-19,"2025-12-10","Shoots - Specialty Mix - Bag",1,4.25
326,2025-12-19,"2025-12-10","Tomato Juice - Quart",1,7.5
326,2025-12-19,"2025-12-10","Tomatoes - Funky Bunch - Pint",1,5.75
326,2025-12-19,"2025-12-10","Tortellini - Cheese - Lb.",1,9
326,2025-12-19,"2025-12-10","Extra Credit - Each",198.31,1.06
326,2025-12-19,"2025-12-10","FSC",1,64.37
1923,2025-12-19,"2025-12-10","Beef - Stew Meat - Pack",1,10.25
1923,2025-12-19,"2025-12-10","Eggs - Dozen",1,6.25
1923,2025-12-19,"2025-12-10","Wildcard $8 - Each",1,8
1923,2025-12-19,"2025-12-10","Yogurt Choice  - Each",1,6.75
1923,2025-12-19,"2025-12-10","UCA/KWA",1,64.37
1174,2025-12-19,"2025-12-10","Mothership Pickup Time (1.0 @3:30-4) - @3:30-4",1,0
1174,2025-12-19,"2025-12-10","Brussels Sprouts (1.0 Stalk) - Stalk",1,4.75
1174,2025-12-19,"2025-12-10","Eggs - Dozen",1,6.25
1174,2025-12-19,"2025-12-10","Hoagie - Wednesday - Each",1,3.35
1174,2025-12-19,"2025-12-10","Lettuce - Salanova - Bag",1,4.25
1174,2025-12-19,"2025-12-10","Missouri Pecans (1.0 Halves) - Halves",1,6.5
1174,2025-12-19,"2025-12-10","Mushrooms (1.0 Shiitake) - Shiitake",1,8.25
1174,2025-12-19,"2025-12-10","Mushrooms - Chestnut - Bag",1,8.25
1174,2025-12-19,"2025-12-10","Rice - Brown - Lb.",1,6
1174,2025-12-19,"2025-12-10","Extra Credit - Each",11.6,1.06
1174,2025-12-19,"2025-12-10","Half",1,68.89
373,2025-12-19,"2025-12-10","Milk - Skim  - Oz.",1,7.98
373,2025-12-19,"2025-12-10","Lettuce - Salanova - Bag",1,4.25
373,2025-12-19,"2025-12-10","Salmon - Fillet Whole/LB - Each",1,37.8
373,2025-12-19,"2025-12-10","Staff - Something to ask Jamie - Oz.",1,0
373,2025-12-19,"2025-12-10","Staff - pick up change - Bag",1,0
373,2025-12-19,"2025-12-10","Tomatoes - Funky Bunch - Pint",1,5.75
373,2025-12-19,"2025-12-10","Extra Credit - Each",24.53,1.06
373,2025-12-19,"2025-12-10","UCA/KWA",1,64.37
1498,2025-12-19,"2025-12-10","UCity Pickup Time - @4:30-5",1,0
1498,2025-12-19,"2025-12-10","Food For FS Cats Donation - $",1,1
1498,2025-12-19,"2025-12-10","Carrots no tops - Lb.",1,5.75
1498,2025-12-19,"2025-12-10","Chicken Chorizo - Lb.",1,10
1498,2025-12-19,"2025-12-10","Missouri Pecans - Each",1,6.5
1498,2025-12-19,"2025-12-10","Winter Squash - Pie Pumpkin - Each",1,3.75
1498,2025-12-19,"2025-12-10","Mini",1,46.28
526,2025-12-19,"2025-12-10","UCity Pickup Time - @4:30-5",1,0
526,2025-12-19,"2025-12-10","Eggs - Dozen",1,6.25
526,2025-12-19,"2025-12-10","Marbled Rye -Wednesday - Loaf",1,8.35
526,2025-12-19,"2025-12-10","Pork - Bratwurst  - Pack",1,8
526,2025-12-19,"2025-12-10","RL Chocolate Milk - Bottle",2,2.75
526,2025-12-19,"2025-12-10","Extra Credit - Each",0.35,1.06
526,2025-12-19,"2025-12-10","Mini",1,46.28
42,2025-12-19,"2025-12-10","Beef - Stew Meat - Pack",1,10.25
42,2025-12-19,"2025-12-10","Eggs - Dozen",1,6.25
42,2025-12-19,"2025-12-10","Wildcard $8 - Each",1,8
42,2025-12-19,"2025-12-10","Yogurt Choice  - Each",1,6.75
42,2025-12-19,"2025-12-10","UCA/KWA",1,64.37
1030,2025-12-19,"2025-12-10","Asian Greens - Bunch",1,5.25
1030,2025-12-19,"2025-12-10","Beef - Stew Meat - Pack",1,10.25
1030,2025-12-19,"2025-12-10","Eggs - Dozen",1,6.25
1030,2025-12-19,"2025-12-10","Maple Syrup 12 oz. - Jar",1,12.5
1030,2025-12-19,"2025-12-10","Oat Porridge Bread - Wednesday - Loaf",1,8.8
1030,2025-12-19,"2025-12-10","Shoots - Sunflower - Bag",1,4.25
1030,2025-12-19,"2025-12-10","Extra Credit - Each",16.05,1.06
1030,2025-12-19,"2025-12-10","UCA/KWA",1,64.37
1448,2025-12-19,"2025-12-10","Eggs - BW - Dozen",1,6.25
1448,2025-12-19,"2025-12-10","Cooler Donation - $",1,1
1448,2025-12-19,"2025-12-10","Leeks - Each",1,4
1448,2025-12-19,"2025-12-10","Pork - Tenderloin/lb - Lb.",1,16.66
1448,2025-12-19,"2025-12-10","Winter Squash - Butternut (1.0 Large) - Large",1,5
1448,2025-12-19,"2025-12-10","Extra Credit - Each",5.16,1.06
1448,2025-12-19,"2025-12-10","Mini",1,38.3
145,2025-12-19,"2025-12-10","Eggs - BW - Dozen",1,6.25
145,2025-12-19,"2025-12-10","Mothership Pickup Time (1.0 @3:30-4) - @3:30-4",1,0
145,2025-12-19,"2025-12-10","Apples - Jonathan - Bag",1,5.75
145,2025-12-19,"2025-12-10","Broccoli (1.0 Bag) - Bag",1,5
145,2025-12-19,"2025-12-10","Cabbage - Red - Share",1,3
145,2025-12-19,"2025-12-10","Kale - Green Curly - Bag",1,5
145,2025-12-19,"2025-12-10","Peppers - Carmen - 2-pack",1,3
145,2025-12-19,"2025-12-10","Extra Credit - Each",0.25,1.06
145,2025-12-19,"2025-12-10","Mini",1,46.28
1749,2025-12-19,"2025-12-10","Quark-Frozen - Tub",1,6.5
1749,2025-12-19,"2025-12-10","Bacon Ends /lb. - Package",1,10.52
1749,2025-12-19,"2025-12-10","Chicken - Breakfast Links - Each",1,10
1749,2025-12-19,"2025-12-10","Eggs - Dozen",1,6.25
1749,2025-12-19,"2025-12-10","Hummus - Beet & Pepita - Tub",1,6.75
1749,2025-12-19,"2025-12-10","Missouri Pecans - Each",1,6.5
1749,2025-12-19,"2025-12-10","Pizza Sourdough - Frozen - Pack",1,5
1749,2025-12-19,"2025-12-10","Pork Italian Bulk - D&M - Lb.",1,8
1749,2025-12-19,"2025-12-10","Pretzel Slider Buns - Frozen - Bag",1,6.25
1749,2025-12-19,"2025-12-10","Sesame Hoagie -W - Each",1,3.6
1749,2025-12-19,"2025-12-10","Yogurt - Vanilla - Oz.",1,6.75
1749,2025-12-19,"2025-12-10","Extra Credit - Each",48.37,1.06
1749,2025-12-19,"2025-12-10","Mini",1,46.28
1614,2025-12-19,"2025-12-10","Pizza - Cheese  - Each",1,7.25
1614,2025-12-19,"2025-12-10","Mothership Pickup Time (1.0 @3:30-4) - @3:30-4",1,0
1614,2025-12-19,"2025-12-10","Bagel Chips - Bag",1,5.25
1614,2025-12-19,"2025-12-10","Semolina - Wednesday - Loaf",1,6.75
1614,2025-12-19,"2025-12-10","Yogurt - Plain - Oz.",1,6.75
1614,2025-12-19,"2025-12-10","Yogurt - Vanilla - Oz.",1,6.75
1614,2025-12-19,"2025-12-10","Extra Credit - Each",5,1.06
1614,2025-12-19,"2025-12-10","Mini",1,46.28
1682,2025-12-19,"2025-12-10","Mothership Pickup Time (3.0 @4:30-5) - @4:30-5",1,0
1682,2025-12-19,"2025-12-10","Eggs - Dozen",1,6.25
1682,2025-12-19,"2025-12-10","English Muffin Sourdough - Frozen - Pack",1,5
1682,2025-12-19,"2025-12-10","FF Grits - Smoked Cheddar - Pint",1,10.5
1682,2025-12-19,"2025-12-10","Manicotti - Spinach - Package",1,9.8
1682,2025-12-19,"2025-12-10","Peppers - Carmen - 2-pack",1,3
1682,2025-12-19,"2025-12-10","Tomatoes - Funky Bunch - Pint",1,5.75
1682,2025-12-19,"2025-12-10","Extra Credit - Each",4.3,1.06
1682,2025-12-19,"2025-12-10","Half",1,68.89
863,2025-12-19,"2025-12-10","Mothership Pickup Time (6.0 @6-6:30) - @6-6:30",1,0
863,2025-12-19,"2025-12-10","$ for green bags donation - $",1,1
863,2025-12-19,"2025-12-10","Apples - Rome - Bag",1,5.75
863,2025-12-19,"2025-12-10","Asian Greens - Bunch",1,5.25
863,2025-12-19,"2025-12-10","Chicken Links - Chorizo - Lb.",1,10
863,2025-12-19,"2025-12-10","Mushrooms - Chestnut - Bag",1,8.25
863,2025-12-19,"2025-12-10","Extra Credit - Each",0.5,1.06
863,2025-12-19,"2025-12-10","FSA/FSD",1,64.37
911,2025-12-19,"2025-12-10","Almonds - Raw - Oz.",1,14.75
911,2025-12-19,"2025-12-10","Eggs - BW - Dozen",2,6.25
911,2025-12-19,"2025-12-10","Walnuts - Oz.",1,12.75
911,2025-12-19,"2025-12-10","Pizza - Sausage Pepperoni - Each",1,8
911,2025-12-19,"2025-12-10","UCity Pickup Time (2.0 @5-5:30) - @5-5:30",1,0
911,2025-12-19,"2025-12-10","Asian Greens - Bunch",1,5.25
911,2025-12-19,"2025-12-10","Beef - Stew Meat - Pack",2,10.25
911,2025-12-19,"2025-12-10","Garlic - Cured Bag - Bag",1,4.5
911,2025-12-19,"2025-12-10","Honey - Qt. - Jar",1,20
911,2025-12-19,"2025-12-10","Lasagna (1.0 Spinach) - Spinach",1,14.5
911,2025-12-19,"2025-12-10","Louise's Cocoa Brownie Crisp Granola - Bag",2,10.75
911,2025-12-19,"2025-12-10","Oat Porridge Bread - Wednesday - Loaf",1,8.8
911,2025-12-19,"2025-12-10","Onions - Green - Bunch",1,3.5
911,2025-12-19,"2025-12-10","Pork - Ground  - Lb.",1,7.25
911,2025-12-19,"2025-12-10","Pork Italian Bulk - D&M - Lb.",2,8
911,2025-12-19,"2025-12-10","Rice - Basmati Brown - Lb.",1,6.75
911,2025-12-19,"2025-12-10","Rice - Basmati White - Lb.",1,6.75
911,2025-12-19,"2025-12-10","Extra Credit - Each",147.3,1.06
911,2025-12-19,"2025-12-10","Half",1,68.89
962,2025-12-19,"2025-12-10","Cheddar - Mauna Loa - Package",1,6.5
962,2025-12-19,"2025-12-10","Jam - Strawberry HBY - Pint",1,7
962,2025-12-19,"2025-12-10","Applewood Smoked Cheddar - Each",1,6.5
962,2025-12-19,"2025-12-10","English Muffin Sourdough - Frozen - Pack",1,5
962,2025-12-19,"2025-12-10","Lettuce - Salanova - Bag",1,4.25
962,2025-12-19,"2025-12-10","FSA/FSD",1,64.37
125,2025-12-19,"2025-12-10","Apple Seconds - Share",1,5.75
125,2025-12-19,"2025-12-10","Apples - Organic Red Delicious - Bag",1,5.75
125,2025-12-19,"2025-12-10","Apples - Suncrisp - Bag",1,5.75
125,2025-12-19,"2025-12-10","Potatoes - Yukon Gold - lbs",1,6
125,2025-12-19,"2025-12-10","Shoots - Specialty Mix - Bag",1,4.25
125,2025-12-19,"2025-12-10","Tomatoes - Slicing - Bag",1,6.5
125,2025-12-19,"2025-12-10","Turmeric - Bag",1,6
125,2025-12-19,"2025-12-10","Winter Squash - Butternut (1.0 Medium) - Medium",1,4
125,2025-12-19,"2025-12-10","Yogurt - Vanilla - Oz.",1,6.75
125,2025-12-19,"2025-12-10","Extra Credit - Each",19.5,1.06
125,2025-12-19,"2025-12-10","UCA/KWA",1,64.37
1336,2025-12-19,"2025-12-10","Eggs - BW - Dozen",1,6.25
1336,2025-12-19,"2025-12-10","Jam - Strawberry HBY - Pint",1,7
1336,2025-12-19,"2025-12-10","UCity Pickup Time (2.0 @5-5:30) - @5-5:30",1,0
1336,2025-12-19,"2025-12-10","$ for green bags donation - $",1,1
1336,2025-12-19,"2025-12-10","Bacon - Uncured/lb - Pack",1,16.01
1336,2025-12-19,"2025-12-10","Eggs - Dozen",2,6.25
1336,2025-12-19,"2025-12-10","Hoagie - Wednesday - Each",1,3.35
1336,2025-12-19,"2025-12-10","Peppers - Jalapenos - 5-pack",1,3.5
1336,2025-12-19,"2025-12-10","Peppers - Lunchbox - Bag",1,5
1336,2025-12-19,"2025-12-10","Pork Italian Bulk - D&M - Lb.",1,8
1336,2025-12-19,"2025-12-10","Potatoes - Regular - lbs",1,5.75
1336,2025-12-19,"2025-12-10","Potatoes - Yukon Gold - lbs",1,6
1336,2025-12-19,"2025-12-10","Sesame Hoagie -W - Each",1,3.6
1336,2025-12-19,"2025-12-10","Extra Credit - Each",41.96,1.06
1336,2025-12-19,"2025-12-10","Half",1,68.89
605,2025-12-19,"2025-12-10","Almond Butter - Pint",1,11.25
605,2025-12-19,"2025-12-10","Mothership Pickup Time (2.0 @4-4:30) - @4-4:30",1,0
605,2025-12-19,"2025-12-10","Apples - Rome - Bag",1,5.75
605,2025-12-19,"2025-12-10","Bagel Chips - Bag",1,5.25
605,2025-12-19,"2025-12-10","Buttermilk Waffles Sourdough - Frozen - Pack",1,5
605,2025-12-19,"2025-12-10","Cauliflower - hd. - Head",1,6.5
605,2025-12-19,"2025-12-10","Chicken Thighs - Boneless/lb. - lbs",2,13.77
605,2025-12-19,"2025-12-10","Cinnamon Rolls - Pack",1,6.5
605,2025-12-19,"2025-12-10","Eggs - Dozen",1,6.25
605,2025-12-19,"2025-12-10","Garlic - Cured Bag - Bag",1,4.5
605,2025-12-19,"2025-12-10","Missouri Pecans - Each",1,6.5
605,2025-12-19,"2025-12-10","Peppers - Jalapenos - 5-pack",1,3.5
605,2025-12-19,"2025-12-10","Winter Squash - Butternut (1.0 Large) - Large",1,5
605,2025-12-19,"2025-12-10","Extra Credit - Each",65.79,1.06
605,2025-12-19,"2025-12-10","Mini",1,46.28
479,2025-12-19,"2025-12-10","Stringbean Brazilian - Oz.",1,15.45
479,2025-12-19,"2025-12-10","UCity Pickup Time - @4:30-5",1,0
479,2025-12-19,"2025-12-10","Bone in Ham* - Lb.",1,42.35
479,2025-12-19,"2025-12-10","Cabbage - Green (1.0 Medium) - Medium",1,4
479,2025-12-19,"2025-12-10","Cabbage - Red - Share",1,3
479,2025-12-19,"2025-12-10","Chicken - Whole $4.75/lb. - Each",1,17
479,2025-12-19,"2025-12-10","Extra Credit - Each",54.05,1.06
479,2025-12-19,"2025-12-10","Mini",1,46.28
1512,2025-12-19,"2025-12-10","UCity Pickup Time - @4:30-5",1,0
1512,2025-12-19,"2025-12-10","Apple Sauce - Organic Qt. - Quart",1,10.5
1512,2025-12-19,"2025-12-10","Black Pepper Cheddar - Each",1,6.5
1512,2025-12-19,"2025-12-10","Cheese - Grisontaler Small - $ - Each",1,7.5
1512,2025-12-19,"2025-12-10","Eggs - Dozen",1,6.25
1512,2025-12-19,"2025-12-10","Winter Squash - Butternut (1.0 Medium) - Medium",2,4
1512,2025-12-19,"2025-12-10","Extra Credit - Each",2.75,1.06
1512,2025-12-19,"2025-12-10","Half",1,68.89
356,2025-12-19,"2025-12-10","UCity Pickup Time - @4:30-5",1,0
356,2025-12-19,"2025-12-10","Chicken - Whole $4.75/lb. - Each",1,17.1
356,2025-12-19,"2025-12-10","Eggs - Dozen",1,6.25
356,2025-12-19,"2025-12-10","Flank Steak/lbs. - lbs",1,32.36
356,2025-12-19,"2025-12-10","Extra Credit - Each",27.96,1.06
356,2025-12-19,"2025-12-10","Mini",1,46.28
1908,2025-12-19,"2025-12-10","UCity Pickup Time - @4:30-5",1,0
1908,2025-12-19,"2025-12-10","Asian Greens - Bunch",1,5.25
1908,2025-12-19,"2025-12-10","Black Beans - Dry - Lb.",1,3
1908,2025-12-19,"2025-12-10","Eggs - Dozen",1,6.25
1908,2025-12-19,"2025-12-10","Honey - sm. 6oz mbb.  - Each",1,6.5
1908,2025-12-19,"2025-12-10","Mushrooms (1.0 Shiitake) - Shiitake",1,8.25
1908,2025-12-19,"2025-12-10","Onions - Green - Bunch",1,3.5
1908,2025-12-19,"2025-12-10","Extra Credit - Each",5,1.06
1908,2025-12-19,"2025-12-10","Mini",1,46.28
520,2025-12-19,"2025-12-10","Stringbean Disco Inferno - Oz.",1,15.45
520,2025-12-19,"2025-12-10","UCity Pickup Time - @4:30-5",1,0
520,2025-12-19,"2025-12-10","Brussels Sprouts (1.0 Stalk) - Stalk",1,4.75
520,2025-12-19,"2025-12-10","Cabbage - Red - Share",1,3
520,2025-12-19,"2025-12-10","Eggs - Dozen",1,6.25
520,2025-12-19,"2025-12-10","Lettuce - Salanova - Bag",1,4.25
520,2025-12-19,"2025-12-10","Missouri Pecans - Each",1,6.5
520,2025-12-19,"2025-12-10","Oats - Rolled 5# - Bag",1,12.25
520,2025-12-19,"2025-12-10","Extra Credit - Each",22.2,1.06
520,2025-12-19,"2025-12-10","Mini",1,46.28
520,2025-12-19,"2025-12-10","Whole MILK",1,8.49
1387,2025-12-19,"2025-12-10","Milk - 2%  - Oz.",1,7.98
1387,2025-12-19,"2025-12-10","Eggs - BW - Dozen",1,6.25
1387,2025-12-19,"2025-12-10","Mothership Pickup Time (1.0 @3:30-4) - @3:30-4",1,0
1387,2025-12-19,"2025-12-10","Brussels Sprouts (1.0 Stalk) - Stalk",1,4.75
1387,2025-12-19,"2025-12-10","Cabbage - Red - Share",1,3
1387,2025-12-19,"2025-12-10","Carrots no tops - Lb.",1,5.75
1387,2025-12-19,"2025-12-10","Leeks - Each",1,4
1387,2025-12-19,"2025-12-10","Extra Credit - Each",2.48,1.06
1387,2025-12-19,"2025-12-10","FSC",1,64.37
1355,2025-12-19,"2025-12-10","Apple Sauce - Organic Qt. - Quart",1,10.5
1355,2025-12-19,"2025-12-10","Eggs - Dozen",1,6.25
1355,2025-12-19,"2025-12-10","Grains Wildcard $4.75 - Each",1,4.75
1355,2025-12-19,"2025-12-10","Pork Choice $8 - Pack",1,8
1355,2025-12-19,"2025-12-10","Wildcard $6.5 - Each",1,6.5
1355,2025-12-19,"2025-12-10","Half",1,68.89
1355,2025-12-19,"2025-12-10","2% MILK-o",1,8.49
1355,2025-12-19,"2025-12-10","Eggs - Buttonwood",3,6.65
1355,2025-12-19,"2025-12-10","Ground Chicken -o",7,8.84
1212,2025-12-19,"2025-12-10","Mothership Pickup Time (1.0 @3:30-4) - @3:30-4",1,0
1212,2025-12-19,"2025-12-10","Carrots no tops - Lb.",1,5.75
1212,2025-12-19,"2025-12-10","Eggs - Dozen",1,6.25
1212,2025-12-19,"2025-12-10","Jalapeno Pepper Relish - Pint",1,8
1212,2025-12-19,"2025-12-10","Potatoes - Sweet - lbs",1,5.75
1212,2025-12-19,"2025-12-10","Half",1,68.89
1272,2025-12-19,"2025-12-10","Mothership Pickup Time (3.0 @4:30-5) - @4:30-5",1,0
1272,2025-12-19,"2025-12-10","Apple Sauce - w/sugar - qt. - Jar",1,7.5
1272,2025-12-19,"2025-12-10","Apples - Fuji - Bag",1,5.75
1272,2025-12-19,"2025-12-10","Apples - Suncrisp - Bag",1,5.75
1272,2025-12-19,"2025-12-10","Eggs - Dozen",1,6.25
1272,2025-12-19,"2025-12-10","Peaches - Spiced - Jar",2,13.25
1272,2025-12-19,"2025-12-10","Tomatoes - Sungold - Pint",1,5.5
1272,2025-12-19,"2025-12-10","Extra Credit - Each",21.25,1.06
1272,2025-12-19,"2025-12-10","Half",1,68.89
598,2025-12-19,"2025-12-10","Carrots no tops - Lb.",1,5.75
598,2025-12-19,"2025-12-10","Chicken Chorizo - Lb.",1,10
598,2025-12-19,"2025-12-10","Eggs - Dozen",1,6.25
598,2025-12-19,"2025-12-10","English Muffin Sourdough - Frozen - Pack",1,5
598,2025-12-19,"2025-12-10","Mini",1,46.28
1846,2025-12-19,"2025-12-10","UCity Pickup Time - @4:30-5",1,0
1846,2025-12-19,"2025-12-10","Cabbage - Chinese - Head",1,3.75
1846,2025-12-19,"2025-12-10","Eggs - Dozen",1,6.25
1846,2025-12-19,"2025-12-10","Hoagie - Wednesday - Each",1,3.35
1846,2025-12-19,"2025-12-10","Leeks - Each",1,4
1846,2025-12-19,"2025-12-10","Marbled Rye - Thursday - Each",1,8.35
1846,2025-12-19,"2025-12-10","Missouri Pecans - Each",1,6.5
1846,2025-12-19,"2025-12-10","Onions - Green - Bunch",1,3.5
1846,2025-12-19,"2025-12-10","Sesame Hoagie -W - Each",1,3.6
1846,2025-12-19,"2025-12-10","Tomatoes - Slicing - Bag",1,6.5
1846,2025-12-19,"2025-12-10","Extra Credit - Each",18.05,1.06
1846,2025-12-19,"2025-12-10","Mini",1,46.28
423,2025-12-19,"2025-12-10","Mothership Pickup Time (6.0 @6-6:30) - @6-6:30",1,0
423,2025-12-19,"2025-12-10","Beef - Tenderloin 8oz - 1-each",1,18
423,2025-12-19,"2025-12-10","Brussels Sprouts (1.0 Stalk) - Stalk",1,4.75
423,2025-12-19,"2025-12-10","Cinnamon Rolls - Pack",1,6.5
423,2025-12-19,"2025-12-10","Mushrooms - Choice",1,8.25
423,2025-12-19,"2025-12-10","Extra Credit - Each",7.75,1.06
423,2025-12-19,"2025-12-10","FSA/FSD",1,64.37
94,2025-12-19,"2025-12-10","Asian Greens - Bunch",1,5.25
94,2025-12-19,"2025-12-10","Brussels Sprouts (1.0 Stalk) - Stalk",2,4.75
94,2025-12-19,"2025-12-10","Leeks - Each",2,4
809,2025-12-19,"2025-12-10","UCity Pickup Time (2.0 @5-5:30) - @5-5:30",1,0
809,2025-12-19,"2025-12-10","Bagels - Raisin - Frozen - Bag",1,6.75
809,2025-12-19,"2025-12-10","Brussels Sprouts (1.0 Stalk) - Stalk",1,4.75
809,2025-12-19,"2025-12-10","Carrots no tops - Lb.",1,5.75
809,2025-12-19,"2025-12-10","Chips - Tortilla - Bag",1,4.25
809,2025-12-19,"2025-12-10","Eggs - Dozen",1,6.25
809,2025-12-19,"2025-12-10","Kale - Green Curly - Bag",1,5
809,2025-12-19,"2025-12-10","Semolina - Wednesday - Loaf",1,6.75
809,2025-12-19,"2025-12-10","Tomatoes - Funky Bunch - Pint",1,5.75
809,2025-12-19,"2025-12-10","Extra Credit - Each",17.5,1.06
809,2025-12-19,"2025-12-10","Mini",1,46.28
1459,2025-12-19,"2025-12-10","Mothership Pickup Time (5.0 @5:30-6) - @5:30-6",1,0
1459,2025-12-19,"2025-12-10","Bacon - Each",1,12.75
1459,2025-12-19,"2025-12-10","Eggs - Dozen",1,6.25
1459,2025-12-19,"2025-12-10","Hummus - Carrot & Ginger - Tub",1,6.75
1459,2025-12-19,"2025-12-10","Rice - Brown - Lb.",1,6
1459,2025-12-19,"2025-12-10","Shoots - Specialty Mix - Bag",1,4.25
1459,2025-12-19,"2025-12-10","Tortillas Sourdough - Frozen - Pack",1,5
1459,2025-12-19,"2025-12-10","Extra Credit - Each",5,1.06
1459,2025-12-19,"2025-12-10","Half",1,68.89
547,2025-12-19,"2025-12-10","Cabbage - Green (1.0 Medium) - Medium",1,4
547,2025-12-19,"2025-12-10","Gnocchi - Sweet Potato  - Lb.",1,6.5
547,2025-12-19,"2025-12-10","Milk Chocolate Bar - Pack",1,2.75
547,2025-12-19,"2025-12-10","Tomatoes - Funky Bunch - Pint",1,5.75
547,2025-12-19,"2025-12-10","Tortellini - Cheese - Lb.",1,9
547,2025-12-19,"2025-12-10","Extra Credit - Each",0.25,1.06
547,2025-12-19,"2025-12-10","Mini",1,46.28
624,2025-12-19,"2025-12-10","Apple Sauce - Organic Qt. - Quart",1,10.5
624,2025-12-19,"2025-12-10","Eggs - Dozen",1,6.25
624,2025-12-19,"2025-12-10","Grains Wildcard $4.75 - Each",1,4.75
624,2025-12-19,"2025-12-10","Pork Choice $8 - Pack",1,8
624,2025-12-19,"2025-12-10","Wildcard $6.5 - Each",1,6.5
624,2025-12-19,"2025-12-10","Half",1,68.89
1577,2025-12-19,"2025-12-10","Mothership Pickup Time (5.0 @5:30-6) - @5:30-6",1,0
1577,2025-12-19,"2025-12-10","Eggs - Dozen",1,6.25
1577,2025-12-19,"2025-12-10","Janie's Bread - Wednesday - Each",1,6.75
1577,2025-12-19,"2025-12-10","Lettuce - Salanova - Bag",1,4.25
1577,2025-12-19,"2025-12-10","Missouri Pecans - Each",1,6.5
1577,2025-12-19,"2025-12-10","Tomatoes - Funky Bunch - Pint",1,5.75
1577,2025-12-19,"2025-12-10","Extra Credit - Each",1.75,1.06
1577,2025-12-19,"2025-12-10","Mini",1,46.28
1577,2025-12-19,"2025-12-10","Whole MILK",1,8.49
1627,2025-12-19,"2025-12-10","Mothership Pickup Time (2.0 @4-4:30) - @4-4:30",1,0
1627,2025-12-19,"2025-12-10","Chicken Thighs - Boneless/lb. - lbs",1,13.77
1627,2025-12-19,"2025-12-10","Cinnamon Rolls - Pack",1,6.5
1627,2025-12-19,"2025-12-10","Hoagie - Wednesday - Each",1,3.35
1627,2025-12-19,"2025-12-10","Onions - Green - Bunch",1,3.5
1627,2025-12-19,"2025-12-10","Pita Bread - Frozen (1.0 White) - White",1,4.5
1627,2025-12-19,"2025-12-10","Pork Breakfast Patties D&M - Pack",1,8.5
1627,2025-12-19,"2025-12-10","Potatoes - Yukon Gold - lbs",1,6
1627,2025-12-19,"2025-12-10","Extra Credit - Each",16.37,1.06
1627,2025-12-19,"2025-12-10","FSA/FSD",1,64.37
1537,2025-12-19,"2025-12-10","Milk - Whole - Oz.",1,7.98
1537,2025-12-19,"2025-12-10","Peanut Butter MC - Tub",1,7.75
1537,2025-12-19,"2025-12-10","Mothership Pickup Time (1.0 @3:30-4) - @3:30-4",1,0
1537,2025-12-19,"2025-12-10","Honey - Qt. - Jar",1,20
1537,2025-12-19,"2025-12-10","Honey - Wildflower - Bottle",1,11.25
1537,2025-12-19,"2025-12-10","Lettuce - Salanova - Bag",1,4.25
1537,2025-12-19,"2025-12-10","Extra Credit - Each",51.23,1.06
322,2025-12-19,"2025-12-10","Beef - Stew Meat - Pack",1,10.25
322,2025-12-19,"2025-12-10","Cauliflower - Romanesco - Lb.",1,6.5
322,2025-12-19,"2025-12-10","Eggs - Dozen",1,6.25
322,2025-12-19,"2025-12-10","Purple Straw SRW Sifted Wheat Flour - Bag",1,8.6
322,2025-12-19,"2025-12-10","Extra Credit - Each",0.35,1.06
322,2025-12-19,"2025-12-10","UCA/KWA",1,64.37
975,2025-12-19,"2025-12-10","Beets - No Tops - Lb.",2,5.75
975,2025-12-19,"2025-12-10","Black Pepper Cheddar - Each",1,6.5
975,2025-12-19,"2025-12-10","Eggs - Dozen",1,6.25
975,2025-12-19,"2025-12-10","Feta Cheese - HBC - Each",1,6.5
975,2025-12-19,"2025-12-10","Manicotti - Spinach - Package",1,9.8
975,2025-12-19,"2025-12-10","Mushrooms (1.0 Shiitake) - Shiitake",1,8.25
975,2025-12-19,"2025-12-10","Turnips - Japanese/White - Lb.",1,5.5
975,2025-12-19,"2025-12-10","Extra Credit - Each",18.3,1.06
975,2025-12-19,"2025-12-10","Half",1,68.89
681,2025-12-19,"2025-12-10","Cornmeal - Oz.",1,4.75
681,2025-12-19,"2025-12-10","Eggs - Dozen",1,6.25
681,2025-12-19,"2025-12-10","Pork - Bratwurst  - Pack",1,8
681,2025-12-19,"2025-12-10","Turnips - Japanese/White - Lb.",1,5.5
681,2025-12-19,"2025-12-10","Yogurt - Vanilla - Oz.",1,6.75
681,2025-12-19,"2025-12-10","UCA/KWA",1,64.37
135,2025-12-19,"2025-12-10","UCity Pickup Time (2.0 @5-5:30) - @5-5:30",1,0
135,2025-12-19,"2025-12-10","Apples - Fuji - Bag",1,5.75
135,2025-12-19,"2025-12-10","Brussels Sprouts (1.0 Stalk) - Stalk",1,4.75
135,2025-12-19,"2025-12-10","Eggs - Dozen",2,6.25
135,2025-12-19,"2025-12-10","Janie's Bread - Wednesday - Each",1,6.75
135,2025-12-19,"2025-12-10","Missouri Pecans - Each",1,6.5
135,2025-12-19,"2025-12-10","Extra Credit - Each",8.5,1.06
135,2025-12-19,"2025-12-10","Mini",1,46.28
135,2025-12-19,"2025-12-10","Whole MILK",1,8.49
1453,2025-12-19,"2025-12-10","Brussels Sprouts (1.0 Stalk) - Stalk",1,4.75
1453,2025-12-19,"2025-12-10","Eggs - Dozen",1,6.25
1453,2025-12-19,"2025-12-10","English Muffin Sourdough - Frozen - Pack",1,5
1453,2025-12-19,"2025-12-10","Ground Beef - D&M - Lb.",1,10.25
1453,2025-12-19,"2025-12-10","Peppers - Green/Red Bell - 3-pack",1,3
1453,2025-12-19,"2025-12-10","FSC",1,64.37
1453,2025-12-19,"2025-12-10","Whole MILK",1,8.49
430,2025-12-19,"2025-12-10","Eggs - BW - Dozen",1,6.25
430,2025-12-19,"2025-12-10","Havarti - MJC - Pack",1,6.5
430,2025-12-19,"2025-12-10","Mothership Pickup Time (1.0 @3:30-4) - @3:30-4",1,0
430,2025-12-19,"2025-12-10","Pork Bacon Burgers - Pack",1,15.75
430,2025-12-19,"2025-12-10","Sourdough Bread - Frozen - Lb.",1,6.25
430,2025-12-19,"2025-12-10","Extra Credit - Each",5,1.06
430,2025-12-19,"2025-12-10","FSA/FSD",1,64.37
406,2025-12-19,"2025-12-10","Mothership Pickup Time (3.0 @4:30-5) - @4:30-5",1,0
406,2025-12-19,"2025-12-10","Bagels - Everything - Frozen - Bag",1,6.75
406,2025-12-19,"2025-12-10","Cinnamon Rolls - Pack",1,6.5
406,2025-12-19,"2025-12-10","Eggs - Dozen",1,6.25
406,2025-12-19,"2025-12-10","Ground Beef - D&M - Lb.",1,10.25
406,2025-12-19,"2025-12-10","Extra Credit - Each",0.5,1.06
406,2025-12-19,"2025-12-10","FSC",1,64.37
1052,2025-12-19,"2025-12-10","Chicken - Links ($10) - Each",1,10
1052,2025-12-19,"2025-12-10","Eggs - Dozen",1,6.25
1052,2025-12-19,"2025-12-10","Kairos Sourdough Choice $5 - Pack",1,5
1052,2025-12-19,"2025-12-10","Missouri Pecans - Each",1,6.5
1052,2025-12-19,"2025-12-10","Mini",1,46.28
1048,2025-12-19,"2025-12-10","UCity Pickup Time (3.0 @5:30-6) - @5:30-6",1,0
1048,2025-12-19,"2025-12-10","Apples - Golden Delicious - Bag",1,5.75
1048,2025-12-19,"2025-12-10","Missouri Pecans (1.0 Halves) - Halves",4,6.5
1048,2025-12-19,"2025-12-10","Extra Credit - Each",0.5,1.06
1048,2025-12-19,"2025-12-10","UCA/KWA",1,64.37
337,2025-12-19,"2025-12-10","Mothership Pickup Time (6.0 @6-6:30) - @6-6:30",1,0
337,2025-12-19,"2025-12-10","Apple Sauce - w/sugar - qt. - Jar",1,7.5
337,2025-12-19,"2025-12-10","Eggs - Dozen",1,6.25
337,2025-12-19,"2025-12-10","Ground Beef - Jersey MJC - Lb.",1,8.75
337,2025-12-19,"2025-12-10","Tomatoes - Slicing - Bag",1,6.5
337,2025-12-19,"2025-12-10","Yogurt - Vanilla - Oz.",1,6.75
337,2025-12-19,"2025-12-10","Half",1,68.89
139,2025-12-19,"2025-12-10","Pizza - Four Meat  - Each",1,8
139,2025-12-19,"2025-12-10","Brussels Sprouts (1.0 Stalk) - Stalk",1,4.75
139,2025-12-19,"2025-12-10","Jam - Peach HBY - Jar",1,7.5
139,2025-12-19,"2025-12-10","Lettuce - Salanova - Bag",1,4.25
139,2025-12-19,"2025-12-10","Pasta Bi-color Short - Lb.",1,6.5
139,2025-12-19,"2025-12-10","Rice - Brown - Lb.",1,6
139,2025-12-19,"2025-12-10","Extra Credit - Each",1,1.06
139,2025-12-19,"2025-12-10","Half",1,68.89
1162,2025-12-19,"2025-12-10","Curds Garlic Herb HBC 10 oz  - Bag",1,6.5
1162,2025-12-19,"2025-12-10","Eggs - Dozen",1,6.25
1162,2025-12-19,"2025-12-10","Kairos Sourdough Choice $5 - Pack",1,5
1162,2025-12-19,"2025-12-10","Missouri Pecans - Each",1,6.5
1162,2025-12-19,"2025-12-10","Yogurt - Vanilla - Oz.",1,6.75
1162,2025-12-19,"2025-12-10","Extra Credit - Each",3.25,1.06
1162,2025-12-19,"2025-12-10","Mini",1,46.28
1735,2025-12-19,"2025-12-10","UCity Pickup Time - @4:30-5",1,0
1735,2025-12-19,"2025-12-10","Dark Chocolate Salted Bark - Pack",1,6.45
1735,2025-12-19,"2025-12-10","Eggs - Dozen",1,6.25
1735,2025-12-19,"2025-12-10","Pork Chop Bone-in /lb. - Lb.",1,14.52
1735,2025-12-19,"2025-12-10","Purple Straw SRW Sifted Wheat Flour - Bag",1,8.6
1735,2025-12-19,"2025-12-10","White Rice Flour - Bag",1,3.75
1735,2025-12-19,"2025-12-10","Extra Credit - Each",8.32,1.06
1735,2025-12-19,"2025-12-10","UCA/KWA",1,64.37
1932,2025-12-19,"2025-12-10","Mothership Pickup Time (3.0 @4:30-5) - @4:30-5",1,0
1932,2025-12-19,"2025-12-10","Asian Greens - Bunch",1,5.25
1932,2025-12-19,"2025-12-10","Ground Beef - Jersey MJC - Lb.",1,8.75
1932,2025-12-19,"2025-12-10","Ground Lamb  - Lb.",1,16
1932,2025-12-19,"2025-12-10","Extra Credit - Each",0.25,1.06
1932,2025-12-19,"2025-12-10","FSA/FSD",1,64.37
627,2025-12-19,"2025-12-10","UCity Pickup Time - @4:30-5",1,0
627,2025-12-19,"2025-12-10","Buttermilk Waffles Sourdough - Frozen - Pack",1,5
627,2025-12-19,"2025-12-10","Leeks - Each",1,4
627,2025-12-19,"2025-12-10","Potatoes - Sweet - lbs",1,5.75
627,2025-12-19,"2025-12-10","Wild Cod/LB* - Pack",1,9.31
627,2025-12-19,"2025-12-10","Winter Squash - Mashed Potato - Each",2,2.25
627,2025-12-19,"2025-12-10","Extra Credit - Each",0.81,1.06
627,2025-12-19,"2025-12-10","Mini",1,46.28
1014,2025-12-19,"2025-12-10","UCity Pickup Time (3.0 @5:30-6) - @5:30-6",1,0
1014,2025-12-19,"2025-12-10","Cabbage - Red - Share",1,3
1014,2025-12-19,"2025-12-10","Chicken - Whole $4.75/lb. - Each",1,16.92
1014,2025-12-19,"2025-12-10","Garlic - Cured Bag - Bag",1,4.5
1014,2025-12-19,"2025-12-10","Lettuce - Salanova - Bag",1,4.25
1014,2025-12-19,"2025-12-10","Missouri Pecans - Each",1,6.5
1014,2025-12-19,"2025-12-10","Mushrooms - French Horn/King - Bag",1,8.25
1014,2025-12-19,"2025-12-10","Extra Credit - Each",15.67,1.06
1014,2025-12-19,"2025-12-10","Mini",1,46.28
1014,2025-12-19,"2025-12-10","Eggs - Buttonwood",1,6.65
470,2025-12-19,"2025-12-10","Chicken - Links ($10) - Each",1,10
470,2025-12-19,"2025-12-10","Eggs - Dozen",1,6.25
470,2025-12-19,"2025-12-10","Kairos Sourdough Choice $5 - Pack",1,5
470,2025-12-19,"2025-12-10","Missouri Pecans - Each",1,6.5
470,2025-12-19,"2025-12-10","Mini",1,46.28
1427,2025-12-19,"2025-12-10","Eggs - BW - Dozen",2,6.25
1427,2025-12-19,"2025-12-10","Stringbean Brazilian - Oz.",1,15.45
1427,2025-12-19,"2025-12-10","Mothership Pickup Time (1.0 @3:30-4) - @3:30-4",1,0
1427,2025-12-19,"2025-12-10","Onions - Green - Bunch",1,3.5
1427,2025-12-19,"2025-12-10","Pretzel Slider Buns - Bag",1,6.25
1427,2025-12-19,"2025-12-10","Extra Credit - Each",9.95,1.06
1427,2025-12-19,"2025-12-10","Mini",1,0
1427,2025-12-19,"2025-12-10","Whole MILK-o",1,5.99
225,2025-12-19,"2025-12-10","UCity Pickup Time - @4:30-5",1,0
225,2025-12-19,"2025-12-10","Cauliflower - Romanesco - Lb.",1,6.5
225,2025-12-19,"2025-12-10","Missouri Pecans - Each",1,6.5
225,2025-12-19,"2025-12-10","Shoots - Sunflower - Bag",1,4.25
225,2025-12-19,"2025-12-10","Tomatoes - Funky Bunch - Pint",1,5.75
225,2025-12-19,"2025-12-10","Tomatoes - Heirloom - Bag",1,8.5
225,2025-12-19,"2025-12-10","Yogurt - Plain - Oz.",1,6.75
225,2025-12-19,"2025-12-10","Extra Credit - Each",8,1.06
225,2025-12-19,"2025-12-10","Mini",1,37.24
225,2025-12-19,"2025-12-10","Whole MILK",1,8.49
554,2025-12-19,"2025-12-10","Apple Sauce - Organic Qt. - Quart",1,10.5
554,2025-12-19,"2025-12-10","Eggs - Dozen",1,6.25
554,2025-12-19,"2025-12-10","Grains Wildcard $4.75 - Each",1,4.75
554,2025-12-19,"2025-12-10","Pork Choice $8 - Pack",1,8
554,2025-12-19,"2025-12-10","Salame - Veneto - Pack",1,12.35
554,2025-12-19,"2025-12-10","Wildcard $6.5 - Each",1,6.5
554,2025-12-19,"2025-12-10","Extra Credit - Each",12.35,1.06
554,2025-12-19,"2025-12-10","Half",1,68.89
240,2025-12-19,"2025-12-10","Mothership Pickup Time (3.0 @4:30-5) - @4:30-5",1,0
240,2025-12-19,"2025-12-10","Garlic - Cured Bag - Bag",1,4.5
240,2025-12-19,"2025-12-10","Jam - Damson Plum HBY - Pint",1,7.5
240,2025-12-19,"2025-12-10","Milk Chocolate Bar - Pack",1,2.75
240,2025-12-19,"2025-12-10","Milk Chocolate Lolli - Each",1,1.75
240,2025-12-19,"2025-12-10","Mozzarella HBC - Oz.",1,6.5
240,2025-12-19,"2025-12-10","Semolina - Wednesday - Loaf",1,6.75
240,2025-12-19,"2025-12-10","FSA/FSD",1,64.37
952,2025-12-19,"2025-12-10","Kuva Nicaragua - Bag",1,15.45
952,2025-12-19,"2025-12-10","Mothership Pickup Time (5.0 @5:30-6) - @5:30-6",1,0
952,2025-12-19,"2025-12-10","Bagels - Honey Buckwheat - BU - Bag",1,10.9
952,2025-12-19,"2025-12-10","Black Beans - Dry - Lb.",1,3
952,2025-12-19,"2025-12-10","Chicken - Ground - Lb.",1,8.75
952,2025-12-19,"2025-12-10","Eggs - Dozen",1,6.25
952,2025-12-19,"2025-12-10","Multigrain Bread - Frozen - Loaf",1,6.25
952,2025-12-19,"2025-12-10","Mushrooms - Choice",1,8.25
952,2025-12-19,"2025-12-10","Oats - Rolled 5# - Bag",1,12.25
952,2025-12-19,"2025-12-10","Extra Credit - Each",41.35,1.06
952,2025-12-19,"2025-12-10","FSA/FSD",1,64.37
642,2025-12-19,"2025-12-10","Mothership Pickup Time (3.0 @4:30-5) - @4:30-5",1,0
642,2025-12-19,"2025-12-10","Apple Sauce - Organic Qt. - Quart",1,10.5
642,2025-12-19,"2025-12-10","Buttermilk Waffles Sourdough - Frozen - Pack",2,5
642,2025-12-19,"2025-12-10","Eggs - Dozen",1,6.25
642,2025-12-19,"2025-12-10","Grains Wildcard $4.75 - Each",1,4.75
642,2025-12-19,"2025-12-10","Pork Choice $8 - Pack",1,8
642,2025-12-19,"2025-12-10","Wildcard $6.5 - Each",1,6.5
642,2025-12-19,"2025-12-10","Extra Credit - Each",10,1.06
642,2025-12-19,"2025-12-10","Half",1,68.89
1143,2025-12-19,"2025-12-10","Jam - Grape HBY - Pint",1,7.5
1143,2025-12-19,"2025-12-10","UCity Pickup Time (2.0 @5-5:30) - @5-5:30",1,0
1143,2025-12-19,"2025-12-10","Eggs - Dozen",1,6.25
1143,2025-12-19,"2025-12-10","Maple Syrup 12 oz. - Jar",1,12.5
1143,2025-12-19,"2025-12-10","Pork Italian Bulk - D&M - Lb.",1,8
1143,2025-12-19,"2025-12-10","Extra Credit - Each",3,1.06
1143,2025-12-19,"2025-12-10","UCA/KWA",1,64.37
1689,2025-12-19,"2025-12-10","Cabbage - Red - Share",1,3
1689,2025-12-19,"2025-12-10","Cauliflower - Romanesco - Lb.",1,6.5
1689,2025-12-19,"2025-12-10","Cauliflower - hd. - Head",1,6.5
1689,2025-12-19,"2025-12-10","Eggs - Dozen",2,6.25
1689,2025-12-19,"2025-12-10","Granola Bar - Each",2,3.75
1689,2025-12-19,"2025-12-10","Leeks - Each",1,4
1689,2025-12-19,"2025-12-10","Missouri Pecans (1.0 Halves) - Halves",4,6.5
1689,2025-12-19,"2025-12-10","Radishes - Mini Daikon - Bunch",1,4
1689,2025-12-19,"2025-12-10","Extra Credit - Each",42.25,1.06
1689,2025-12-19,"2025-12-10","Mini",1,46.28
418,2025-12-19,"2025-12-10","Cheddar - Mauna Loa - Package",1,6.5
418,2025-12-19,"2025-12-10","UCity Pickup Time - @4:30-5",1,0
418,2025-12-19,"2025-12-10","Bagels - Pumpernickel - BU - Bag",1,10.9
418,2025-12-19,"2025-12-10","Bagels - Sesame Seed - BU - Bag",1,10.9
418,2025-12-19,"2025-12-10","Chicken Thighs - Boneless/lb. - lbs",1,10.03
418,2025-12-19,"2025-12-10","Eggs - Dozen",1,6.25
418,2025-12-19,"2025-12-10","Janie's Bread - Wednesday - Each",1,6.75
418,2025-12-19,"2025-12-10","Extra Credit - Each",23.58,1.06
418,2025-12-19,"2025-12-10","Mini",1,46.28
1407,2025-12-19,"2025-12-10","Ground Turkey - Pack",2,8.75
1407,2025-12-19,"2025-12-10","Milk - 2%  - Oz.",1,7.98
1407,2025-12-19,"2025-12-10","Eggs - BW - Dozen",2,6.25
1407,2025-12-19,"2025-12-10","Havarti - MJC - Pack",1,6.5
1407,2025-12-19,"2025-12-10","Mothership Pickup Time (1.0 @3:30-4) - @3:30-4",1,0
1407,2025-12-19,"2025-12-10","Food For FS Cats Donation - $",1,1
1407,2025-12-19,"2025-12-10","Asian Greens - Bunch",1,5.25
1407,2025-12-19,"2025-12-10","Beets - No Tops - Lb.",1,5.75
1407,2025-12-19,"2025-12-10","Cabbage - Red - Share",1,3
1407,2025-12-19,"2025-12-10","Chicken Breasts /lb. - Pack",2,14.76
1407,2025-12-19,"2025-12-10","Chicken Thighs - Boneless/lb. - Wee* - lbs",3,7.48
1407,2025-12-19,"2025-12-10","Garlic - Cured Bag - Bag",1,4.5
1407,2025-12-19,"2025-12-10","Lettuce - Salanova - Bag",1,4.25
1407,2025-12-19,"2025-12-10","Light and Mild - Wednesday - Loaf",1,8
1407,2025-12-19,"2025-12-10","Mushrooms - Hen of the Woods/Maitake - Bag",1,8.25
1407,2025-12-19,"2025-12-10","Oats - Rolled 5# - Bag",1,12.25
1407,2025-12-19,"2025-12-10","Onions - Green - Bunch",1,3.5
1407,2025-12-19,"2025-12-10","Peppers - Lunchbox - Bag",1,5
1407,2025-12-19,"2025-12-10","Radishes - Red - Lb.",1,3.5
1407,2025-12-19,"2025-12-10","Extra Credit - Each",153.05,1.06
1506,2025-12-19,"2025-12-10","Almond Butter - Pint",1,11.25
1506,2025-12-19,"2025-12-10","Havarti - MJC - Pack",1,6.5
1506,2025-12-19,"2025-12-10","UCity Pickup Time (3.0 @5:30-6) - @5:30-6",1,0
1506,2025-12-19,"2025-12-10","Applewood Smoked Cheddar - Each",1,6.5
1506,2025-12-19,"2025-12-10","Black Pepper Cheddar - Each",1,6.5
1506,2025-12-19,"2025-12-10","Dark Chocolate Almond Bar - Pack",1,4.8
1506,2025-12-19,"2025-12-10","Dark Chocolate Salted Bark - Pack",1,6.45
1506,2025-12-19,"2025-12-10","Eggs - Dozen",1,6.25
1506,2025-12-19,"2025-12-10","Ground Beef - Jersey MJC - Lb.",3,8.75
1506,2025-12-19,"2025-12-10","Milk Choc. Peanut Butter Bark - Pack",1,6.45
1506,2025-12-19,"2025-12-10","Salmon - Fillet Pieces/LB* - Each",1,8.54
1506,2025-12-19,"2025-12-10","Tahini - Pint",1,8.75
1506,2025-12-19,"2025-12-10","Extra Credit - Each",61.45,1.06
1506,2025-12-19,"2025-12-10","UCA/KWA",1,64.37
883,2025-12-19,"2025-12-10","Mothership Pickup Time (6.0 @6-6:30) - @6-6:30",1,0
883,2025-12-19,"2025-12-10","Apples - Fuji - Bag",1,5.75
883,2025-12-19,"2025-12-10","Broccoli (1.0 Bag) - Bag",1,5
883,2025-12-19,"2025-12-10","Chicken Breasts /lb. - Pack",1,13.2
883,2025-12-19,"2025-12-10","Ground Beef - Jersey MJC - Lb.",1,8.75
883,2025-12-19,"2025-12-10","Extra Credit - Each",4.95,1.06
883,2025-12-19,"2025-12-10","Mini",1,46.28
976,2025-12-19,"2025-12-10","Buttermilk Waffles Sourdough - Frozen - Pack",1,5
976,2025-12-19,"2025-12-10","Carrots no tops - Lb.",1,5.75
976,2025-12-19,"2025-12-10","Cauliflower - Romanesco - Lb.",1,6.5
976,2025-12-19,"2025-12-10","Eggs - Dozen",1,6.25
976,2025-12-19,"2025-12-10","Light and Mild - Wednesday - Loaf",1,8
976,2025-12-19,"2025-12-10","Potatoes - Regular - lbs",1,5.75
976,2025-12-19,"2025-12-10","Extra Credit - Each",1.25,1.06
976,2025-12-19,"2025-12-10","Half",1,68.89
194,2025-12-19,"2025-12-10","Mothership Pickup Time (3.0 @4:30-5) - @4:30-5",1,0
194,2025-12-19,"2025-12-10","Chicken Links - Sundried Tomato - lbs",1,10
194,2025-12-19,"2025-12-10","Missouri Pecans - Each",1,6.5
194,2025-12-19,"2025-12-10","Mozzarella HBC - Oz.",1,6.5
194,2025-12-19,"2025-12-10","Pizza Sourdough - Frozen - Pack",1,5
194,2025-12-19,"2025-12-10","Extra Credit - Each",0.25,1.06
194,2025-12-19,"2025-12-10","Mini",1,46.28
810,2025-12-19,"2025-12-10","Mothership Pickup Time (3.0 @4:30-5) - @4:30-5",1,0
810,2025-12-19,"2025-12-10","Eggs - Dozen",1,6.25
810,2025-12-19,"2025-12-10","Granola Bar - Each",2,3.75
810,2025-12-19,"2025-12-10","Hoagie - Wednesday - Each",1,3.35
810,2025-12-19,"2025-12-10","Kairos Sourdough Choice $5 - Pack",1,5
810,2025-12-19,"2025-12-10","Missouri Pecans - Each",1,6.5
810,2025-12-19,"2025-12-10","Pork - Brats Cheddar DM - 4-pack",1,8
810,2025-12-19,"2025-12-10","Extra Credit - Each",8.85,1.06
810,2025-12-19,"2025-12-10","Mini",1,46.28
810,2025-12-19,"2025-12-10","Chocolate MILK",1,9.43
866,2025-12-19,"2025-12-10","UCity Pickup Time - @4:30-5",1,0
866,2025-12-19,"2025-12-10","Cauliflower - Romanesco - Lb.",1,6.5
866,2025-12-19,"2025-12-10","Eggs - Dozen",1,6.25
866,2025-12-19,"2025-12-10","FF - Fry Bread - Bag",1,7.25
866,2025-12-19,"2025-12-10","Missouri Pecans (1.0 Halves) - Halves",1,6.5
866,2025-12-19,"2025-12-10","Potatoes - Regular - lbs",1,5.75
866,2025-12-19,"2025-12-10","Vinaigrette - Greek Style - Bottle",1,6.25
866,2025-12-19,"2025-12-10","Extra Credit - Each",38.5,1.06
1871,2025-12-19,"2025-12-11","Mothership Pickup Time (2.0 @4-4:30) - @4-4:30",1,0
1871,2025-12-19,"2025-12-11","RL Heavy Cream  - Pint",1,7.5
1871,2025-12-19,"2025-12-11","Chicken Thighs - Boneless/lb. - lbs",1,11.9
1871,2025-12-19,"2025-12-11","Eggs - Dozen",2,6.25
1871,2025-12-19,"2025-12-11","Light and Mild - T - Loaf",1,8
1871,2025-12-19,"2025-12-11","Extra Credit - Each",3.9,1.06
1871,2025-12-19,"2025-12-11","Half",1,68.89
21,2025-12-19,"2025-12-11","Mothership Pickup Time (1.0 @3:30-4) - @3:30-4",1,0
21,2025-12-19,"2025-12-11","Eggs - Dozen",1,6.25
21,2025-12-19,"2025-12-11","Oats - Rolled 5# - Bag",1,12.25
21,2025-12-19,"2025-12-11","Winter Squash - Georgia Candy Roaster - Each",2,9.5
21,2025-12-19,"2025-12-11","Extra Credit - Each",1.5,1.06
21,2025-12-19,"2025-12-11","Half",1,68.89
1217,2025-12-19,"2025-12-11","Eggs - BW - Dozen",1,6.25
1217,2025-12-19,"2025-12-11","Kirkwood Pickup Time - @1-1:30",1,0
1217,2025-12-19,"2025-12-11","Chicken Breasts /lb. - Pack",1,13.37
1217,2025-12-19,"2025-12-11","Eggs - Dozen",1,6.25
1217,2025-12-19,"2025-12-11","English Muffin Sourdough - Frozen - Pack",1,5
1217,2025-12-19,"2025-12-11","Missouri Pecans - Each",1,6.5
1217,2025-12-19,"2025-12-11","Extra Credit - Each",9.62,1.06
1217,2025-12-19,"2025-12-11","Mini",1,46.28
1891,2025-12-19,"2025-12-11","Kirkwood Pickup Time (2.0 @1:30-2) - @1:30-2",1,0
1891,2025-12-19,"2025-12-11","Cabbage - Red - Share",1,3
1891,2025-12-19,"2025-12-11","Cauliflower - Romanesco - Lb.",1,6.5
1891,2025-12-19,"2025-12-11","Cauliflower - hd. - Head",1,6.5
1891,2025-12-19,"2025-12-11","Mushrooms (1.0 Oyster) - Oyster",1,8.25
1891,2025-12-19,"2025-12-11","Tomatoes - Heirloom - Bag",1,8.5
1891,2025-12-19,"2025-12-11","Extra Credit - Each",1.5,1.06
1891,2025-12-19,"2025-12-11","UCA/KWA",1,64.37
1196,2025-12-19,"2025-12-11","Kirkwood Pickup Time (1.0 PORCH) - PORCH",1,0
1196,2025-12-19,"2025-12-11","Apples - Fuji - Bag",1,5.75
1196,2025-12-19,"2025-12-11","Eggs - Dozen",1,6.25
1196,2025-12-19,"2025-12-11","Lamb Shank/lb. - Lb.",1,14.5
1196,2025-12-19,"2025-12-11","Tomatoes - Funky Bunch - Pint",1,5.75
1196,2025-12-19,"2025-12-11","Extra Credit - Each",4.5,1.06
1196,2025-12-19,"2025-12-11","Mini",1,46.28
584,2025-12-19,"2025-12-11","Apple Sauce - Organic Qt. - Quart",1,10.5
584,2025-12-19,"2025-12-11","Eggs - Dozen",1,6.25
584,2025-12-19,"2025-12-11","Grains Wildcard $4.75 - Each",1,4.75
584,2025-12-19,"2025-12-11","Pork Choice $8 - Pack",1,8
584,2025-12-19,"2025-12-11","Wildcard $6.5 - Each",1,6.5
584,2025-12-19,"2025-12-11","Half",1,68.89
192,2025-12-19,"2025-12-11","Ground Turkey - Pack",1,8.75
192,2025-12-19,"2025-12-11","Kirkwood Pickup Time (2.0 @1:30-2) - @1:30-2",1,0
192,2025-12-19,"2025-12-11","Eggs - Dozen",1,6.25
192,2025-12-19,"2025-12-11","Flank Steak/lbs. - lbs",1,27.49
192,2025-12-19,"2025-12-11","Hoagie - T - Each",1,3.35
192,2025-12-19,"2025-12-11","Sesame Hoagie - T - Each",1,3.6
192,2025-12-19,"2025-12-11","Extra Credit - Each",15.69,1.06
192,2025-12-19,"2025-12-11","UCA/KWA",1,64.37
192,2025-12-19,"2025-12-11","2% MILK",2,8.49
1977,2025-12-19,"2025-12-11","Mothership Pickup Time (1.0 @3:30-4) - @3:30-4",1,0
1977,2025-12-19,"2025-12-11","Eggs - Dozen",1,6.25
1977,2025-12-19,"2025-12-11","Ground Beef - Jersey MJC - Lb.",4,8.75
1977,2025-12-19,"2025-12-11","Extra Credit - Each",5.25,1.06
1977,2025-12-19,"2025-12-11","Half",1,68.89
1465,2025-12-19,"2025-12-11","Kirkwood Pickup Time (1.0 PORCH) - PORCH",1,0
1465,2025-12-19,"2025-12-11","Bada Bing - Sub - Frozen - Each",1,6.25
1465,2025-12-19,"2025-12-11","Black Beans - Dry - Lb.",1,3
1465,2025-12-19,"2025-12-11","Flour - All Purpose 5 lb - Bag",1,8.5
1465,2025-12-19,"2025-12-11","Rice - Basmati Brown - Lb.",1,6.75
1465,2025-12-19,"2025-12-11","Shoots - Pea - Bag",1,4.25
1465,2025-12-19,"2025-12-11","Extra Credit - Each",1,1.06
1465,2025-12-19,"2025-12-11","Mini",1,46.28
1075,2025-12-19,"2025-12-11","Ground Turkey - Pack",4,8.75
1075,2025-12-19,"2025-12-11","Kirkwood Pickup Time - @1-1:30",1,0
1075,2025-12-19,"2025-12-11","Eggs - Dozen",1,6.25
1075,2025-12-19,"2025-12-11","Extra Credit - Each",5.25,1.06
1075,2025-12-19,"2025-12-11","Half",1,68.89
1075,2025-12-19,"2025-12-11","2% MILK-o",1,8.49
1489,2025-12-19,"2025-12-11","Eggs - BW - Dozen",1,6.25
1489,2025-12-19,"2025-12-11","Kirkwood Pickup Time (1.0 PORCH) - PORCH",1,0
1489,2025-12-19,"2025-12-11","Brussels Sprouts (1.0 Stalk) - Stalk",1,4.75
1489,2025-12-19,"2025-12-11","Carrots no tops - Lb.",1,5.75
1489,2025-12-19,"2025-12-11","Cauliflower - Romanesco - Lb.",1,6.5
1489,2025-12-19,"2025-12-11","Hoagie - T - Each",1,3.35
1489,2025-12-19,"2025-12-11","Lettuce - Salanova - Bag",1,4.25
1489,2025-12-19,"2025-12-11","Seedy Wheaty - Frozen - Loaf",1,3.5
1489,2025-12-19,"2025-12-11","Half",1,68.89
1386,2025-12-19,"2025-12-11","Kirkwood Pickup Time - @1-1:30",1,0
1386,2025-12-19,"2025-12-11","Chicken Breasts /lb. - Pack",2,12.95
1386,2025-12-19,"2025-12-11","Eggs - Dozen",1,6.25
1386,2025-12-19,"2025-12-11","Leeks - Each",1,4
1386,2025-12-19,"2025-12-11","Lettuce - Salanova - Bag",1,4.25
1386,2025-12-19,"2025-12-11","Light and Mild - T - Loaf",1,8
1386,2025-12-19,"2025-12-11","Extra Credit - Each",17.15,1.06
1386,2025-12-19,"2025-12-11","UCA/KWA",1,64.37
282,2025-12-19,"2025-12-11","Apple Sauce - Organic Qt. - Quart",1,10.5
282,2025-12-19,"2025-12-11","Bagels - Everything - BU - Bag",1,10.9
282,2025-12-19,"2025-12-11","Eggs - Dozen",1,6.25
282,2025-12-19,"2025-12-11","Grains Wildcard $4.75 - Each",1,4.75
282,2025-12-19,"2025-12-11","Pork Choice $8 - Pack",1,8
282,2025-12-19,"2025-12-11","Wildcard $6.5 - Each",1,6.5
282,2025-12-19,"2025-12-11","Extra Credit - Each",10.9,1.06
282,2025-12-19,"2025-12-11","Half",1,68.89
970,2025-12-19,"2025-12-11","Chicken - Links ($10) - Each",1,10
970,2025-12-19,"2025-12-11","Eggs - Dozen",1,6.25
970,2025-12-19,"2025-12-11","Kairos Sourdough Choice $5 - Pack",1,5
970,2025-12-19,"2025-12-11","Missouri Pecans - Each",1,6.5
970,2025-12-19,"2025-12-11","Mini",1,46.28
1488,2025-12-19,"2025-12-11","Kirkwood Pickup Time - @1-1:30",1,0
1488,2025-12-19,"2025-12-11","Milk Chocolate Caramels - 4-pack",1,11.25
1488,2025-12-19,"2025-12-11","Mozzarella HBC - Oz.",1,6.5
1488,2025-12-19,"2025-12-11","Rice - Basmati White - Lb.",1,6.75
1488,2025-12-19,"2025-12-11","Yogurt - Plain - Oz.",1,6.75
1488,2025-12-19,"2025-12-11","UCA/KWA",1,64.37
1488,2025-12-19,"2025-12-11","2% MILK",0,8.49
566,2025-12-19,"2025-12-11","Mothership Pickup Time (4.0 @5-5:30) - @5-5:30",1,0
566,2025-12-19,"2025-12-11","Apple Sauce - Organic Qt. - Quart",1,10.5
566,2025-12-19,"2025-12-11","Eggs - Dozen",1,6.25
566,2025-12-19,"2025-12-11","Grains Wildcard $4.75 - Each",1,4.75
566,2025-12-19,"2025-12-11","Pork Choice $8 - Pack",1,8
566,2025-12-19,"2025-12-11","Wildcard $6.5 - Each",1,6.5
566,2025-12-19,"2025-12-11","Half",1,68.89
287,2025-12-19,"2025-12-11","Mothership Pickup Time (1.0 @3:30-4) - @3:30-4",1,0
287,2025-12-19,"2025-12-11","$ for green bags donation - $",1,1
287,2025-12-19,"2025-12-11","Bread Choice ($6.25) - Loaf",1,6.25
287,2025-12-19,"2025-12-11","Chicken - Ground - Lb.",1,8.75
287,2025-12-19,"2025-12-11","Janie's Bread - Thursday - Each",1,6.75
287,2025-12-19,"2025-12-11","Semolina - T - Loaf",1,6.75
287,2025-12-19,"2025-12-11","FSA/FSD",1,64.37
1970,2025-12-19,"2025-12-11","Kirkwood Pickup Time (2.0 @1:30-2) - @1:30-2",1,0
1970,2025-12-19,"2025-12-11","Carrots no tops - Lb.",1,5.75
1970,2025-12-19,"2025-12-11","Eggs - Dozen",1,6.25
1970,2025-12-19,"2025-12-11","Ground Beef - Jersey MJC - Lb.",1,8.75
1970,2025-12-19,"2025-12-11","Janie's Bread - Thursday - Each",1,6.75
1970,2025-12-19,"2025-12-11","Leeks - Each",1,4
1970,2025-12-19,"2025-12-11","Missouri Pecans - Each",1,6.5
1970,2025-12-19,"2025-12-11","Extra Credit - Each",10.25,1.06
1970,2025-12-19,"2025-12-11","Mini",1,46.28
1132,2025-12-19,"2025-12-11","Chicken - BULK Breasts /lb. - Pack",1,7.75
1132,2025-12-19,"2025-12-11","Kirkwood Pickup Time (2.0 @1:30-2) - @1:30-2",1,0
1132,2025-12-19,"2025-12-11","Apples - Suncrisp - Bag",1,5.75
1132,2025-12-19,"2025-12-11","Brussels Sprouts (1.0 Stalk) - Stalk",1,4.75
1132,2025-12-19,"2025-12-11","Carrots no tops - Lb.",1,5.75
1132,2025-12-19,"2025-12-11","Eggs - Dozen",2,6.25
1132,2025-12-19,"2025-12-11","Onions - Green - Bunch",1,3.5
1132,2025-12-19,"2025-12-11","Potatoes - Regular - lbs",1,5.75
1132,2025-12-19,"2025-12-11","Yogurt - Plain - Oz.",1,6.75
1132,2025-12-19,"2025-12-11","Extra Credit - Each",27.5,1.06
1132,2025-12-19,"2025-12-11","(BYO) KWG - Orders Only",1,0
1132,2025-12-19,"2025-12-11","Whole MILK",2,8.49
1671,2025-12-19,"2025-12-11","Walnuts - Oz.",1,12.75
1671,2025-12-19,"2025-12-11","Bagels - Everything - BU - Bag",1,10.9
1671,2025-12-19,"2025-12-11","Missouri Pecans - Each",1,6.5
1671,2025-12-19,"2025-12-11","Pork Italian Links - D&M - Each",1,8
1671,2025-12-19,"2025-12-11","Rice - White - Lb.",1,6
1671,2025-12-19,"2025-12-11","Tahini - Pint",1,8.75
1671,2025-12-19,"2025-12-11","Tomatoes - Slicing - Bag",1,6.5
1671,2025-12-19,"2025-12-11","Extra Credit - Each",31.65,1.06
1671,2025-12-19,"2025-12-11","Mini",1,46.28
579,2025-12-19,"2025-12-11","Chicken - Links ($10) - Each",1,10
579,2025-12-19,"2025-12-11","Eggs - Dozen",1,6.25
579,2025-12-19,"2025-12-11","Kairos Sourdough Choice $5 - Pack",1,5
579,2025-12-19,"2025-12-11","Missouri Pecans - Each",1,6.5
579,2025-12-19,"2025-12-11","Mini",1,46.28
1799,2025-12-19,"2025-12-11","Bread Choice ($6.25) - Loaf",1,6.25
1799,2025-12-19,"2025-12-11","Chicken - Ground - Lb.",1,8.75
1799,2025-12-19,"2025-12-11","Mushrooms - Choice",1,8.25
1799,2025-12-19,"2025-12-11","Pasta Wildcard $6.50 - Pack",1,6.5
1799,2025-12-19,"2025-12-11","FSA/FSD",1,64.37
467,2025-12-19,"2025-12-11","Eggs - BW - Dozen",1,6.25
467,2025-12-19,"2025-12-11","Salsa - Gringo's Hot - Pint",1,5
467,2025-12-19,"2025-12-11","Kirkwood Pickup Time - @1-1:30",1,0
467,2025-12-19,"2025-12-11","Cauliflower - hd. - Head",1,6.5
467,2025-12-19,"2025-12-11","Chicken - Ground - Lb.",2,8.75
467,2025-12-19,"2025-12-11","Chicken - Links ($10) - Each",1,10
467,2025-12-19,"2025-12-11","Extra Credit - Each",17.5,1.06
467,2025-12-19,"2025-12-11","Mini",1,46.28
615,2025-12-19,"2025-12-11","Peanut Butter EW - Pint",1,7.75
615,2025-12-19,"2025-12-11","Quark-Frozen - Tub",1,6.5
615,2025-12-19,"2025-12-11","Kirkwood Pickup Time (1.0 PORCH) - PORCH",1,0
615,2025-12-19,"2025-12-11","Apples - Golden Delicious - Bag",1,5.75
615,2025-12-19,"2025-12-11","Buttermilk Waffles Sourdough - Frozen - Pack",1,5
615,2025-12-19,"2025-12-11","Carrots no tops - Lb.",1,5.75
615,2025-12-19,"2025-12-11","Chicken - Links ($10) - Each",1,9.13
615,2025-12-19,"2025-12-11","Chuck Roast/lbs. - lbs",1,30.14
615,2025-12-19,"2025-12-11","Croissants - Frozen - Pack",1,4.5
615,2025-12-19,"2025-12-11","Ground Beef - Jersey MJC - Lb.",1,8.75
615,2025-12-19,"2025-12-11","Hummus - Garlic - Tub",1,6.75
615,2025-12-19,"2025-12-11","Kairos Sourdough Choice $5 - Pack",1,5
615,2025-12-19,"2025-12-11","Onions - Green - Bunch",1,3.5
615,2025-12-19,"2025-12-11","Peppers - Carmen - 2-pack",1,3
615,2025-12-19,"2025-12-11","Potatoes - Sweet - lbs",1,5.75
615,2025-12-19,"2025-12-11","Shoots - Pea - Bag",1,4.25
615,2025-12-19,"2025-12-11","Tomatoes - Funky Bunch - Pint",1,5.75
615,2025-12-19,"2025-12-11","Tortellini - Cheese - Lb.",1,9
615,2025-12-19,"2025-12-11","Tortillas Sourdough - Frozen - Pack",1,5
615,2025-12-19,"2025-12-11","Wild Cod/LB* - Pack",1,7.75
615,2025-12-19,"2025-12-11","Extra Credit - Each",111.27,1.06
615,2025-12-19,"2025-12-11","Mini",1,46.28
182,2025-12-19,"2025-12-11","Mothership Pickup Time (3.0 @4:30-5) - @4:30-5",1,0
182,2025-12-19,"2025-12-11","Apples - Golden Delicious - Bag",1,5.75
182,2025-12-19,"2025-12-11","Apples - Rome - Bag",1,5.75
182,2025-12-19,"2025-12-11","Brussels Sprouts (1.0 Stalk) - Stalk",1,4.75
182,2025-12-19,"2025-12-11","Chevre PF (1.0 Herb) - Herb",1,8.5
182,2025-12-19,"2025-12-11","Pork Breakfast Patties D&M - Pack",1,8.5
182,2025-12-19,"2025-12-11","Extra Credit - Each",3.5,1.06
182,2025-12-19,"2025-12-11","FSA/FSD",1,64.37
31,2025-12-19,"2025-12-11","Apple Cider - Frozen - Half Gallon",1,9.25
31,2025-12-19,"2025-12-11","Eggs - BW - Dozen",1,6.25
31,2025-12-19,"2025-12-11","Peanut Butter MC - Tub",1,7.75
31,2025-12-19,"2025-12-11","Mothership Pickup Time (2.0 @4-4:30) - @4-4:30",1,0
31,2025-12-19,"2025-12-11","$ for green bags donation - $",1,1
31,2025-12-19,"2025-12-11","Apple Sauce - Organic Qt. - Quart",1,10.5
31,2025-12-19,"2025-12-11","Eggs - Dozen",1,6.25
31,2025-12-19,"2025-12-11","Ground Beef - Jersey MJC - Lb.",1,8.75
31,2025-12-19,"2025-12-11","Marbled Rye - Thursday - Each",1,8.35
31,2025-12-19,"2025-12-11","Salmon - Fillet Pieces/LB* - Each",2,8.03
31,2025-12-19,"2025-12-11","Extra Credit - Each",33.16,1.06
31,2025-12-19,"2025-12-11","Half",1,34.18
31,2025-12-19,"2025-12-11","2% MILK",2,8.49
1249,2025-12-19,"2025-12-11","Winter Squash - Acorn - Each",1,3.25
1249,2025-12-19,"2025-12-11","Mothership Pickup Time (1.0 @3:30-4) - @3:30-4",1,0
1249,2025-12-19,"2025-12-11","Apples - Golden Delicious - Bag",1,5.75
1249,2025-12-19,"2025-12-11","Buttermilk Waffles Sourdough - Frozen - Pack",1,5
1249,2025-12-19,"2025-12-11","Carrots no tops - Lb.",1,5.75
1249,2025-12-19,"2025-12-11","Cauliflower - Romanesco - Lb.",1,6.5
1249,2025-12-19,"2025-12-11","Chicken Thighs - Boneless/lb. - lbs",1,9.69
1249,2025-12-19,"2025-12-11","Chuck Roast/lbs. - lbs",1,35.47
1249,2025-12-19,"2025-12-11","Kuva Ethiopian - Bag",1,15.45
1249,2025-12-19,"2025-12-11","Potatoes - Regular - lbs",1,5.75
701,2025-12-19,"2025-12-11","Apple Sauce - Organic Qt. - Quart",1,10.5
701,2025-12-19,"2025-12-11","Eggs - Dozen",1,6.25
701,2025-12-19,"2025-12-11","Grains Wildcard $4.75 - Each",1,4.75
701,2025-12-19,"2025-12-11","Pork Choice $8 - Pack",1,8
701,2025-12-19,"2025-12-11","Wildcard $6.5 - Each",1,6.5
701,2025-12-19,"2025-12-11","Half",1,68.89
1102,2025-12-19,"2025-12-11","Mothership Pickup Time (3.0 @4:30-5) - @4:30-5",1,0
1102,2025-12-19,"2025-12-11","Apple Sauce - Organic Qt. - Quart",1,10.5
1102,2025-12-19,"2025-12-11","Black Pepper Cheddar - Each",1,6.5
1102,2025-12-19,"2025-12-11","Cabbage - Chinese - Head",1,3.75
1102,2025-12-19,"2025-12-11","Carrots no tops - Lb.",1,5.75
1102,2025-12-19,"2025-12-11","Cauliflower - Romanesco - Lb.",1,6.5
1102,2025-12-19,"2025-12-11","Cheese - Grisontaler Small - $ - Each",1,7.01
1102,2025-12-19,"2025-12-11","Eggs - Dozen",1,6.25
1102,2025-12-19,"2025-12-11","Grains Wildcard $4.75 - Each",1,4.75
1102,2025-12-19,"2025-12-11","Mushrooms - Hen of the Woods/Maitake - Bag",1,8.25
1102,2025-12-19,"2025-12-11","Olive Oil Small - ML",1,8
1102,2025-12-19,"2025-12-11","Potatoes - Sweet - lbs",1,5.75
1102,2025-12-19,"2025-12-11","Potatoes - Yukon Gold - lbs",1,6
1102,2025-12-19,"2025-12-11","Raviolini - Mozzerella Herb - Lb.",1,9
1102,2025-12-19,"2025-12-11","Semolina - T - Loaf",2,6.75
1102,2025-12-19,"2025-12-11","Wildcard $6.5 - Each",1,6.5
1102,2025-12-19,"2025-12-11","Winter Squash - Buttercup - Each",1,5.75
1102,2025-12-19,"2025-12-11","Extra Credit - Each",77.76,1.06
1102,2025-12-19,"2025-12-11","Half",1,68.89
1857,2025-12-19,"2025-12-11","Mothership Pickup Time (4.0 @5-5:30) - @5-5:30",1,0
1857,2025-12-19,"2025-12-11","Broccoli (1.0 Bag) - Bag",1,5
1857,2025-12-19,"2025-12-11","Eggs - H - Dozen",2,6.25
1857,2025-12-19,"2025-12-11","Ground Beef - Jersey MJC - Lb.",1,8.75
1857,2025-12-19,"2025-12-11","Missouri Pecans (1.0 Halves) - Halves",1,6.5
1857,2025-12-19,"2025-12-11","Shoots - Sunflower - Bag",1,4.25
1857,2025-12-19,"2025-12-11","Extra Credit - Each",7.75,1.06
1857,2025-12-19,"2025-12-11","FSC",1,64.37
1131,2025-12-19,"2025-12-11","Almond Butter - Pint",1,11.25
1131,2025-12-19,"2025-12-11","Eggs - Dozen",1,6.25
1131,2025-12-19,"2025-12-11","Raviolini - Mozzerella Herb - Lb.",1,9
1131,2025-12-19,"2025-12-11","Tortillas Sourdough - Frozen - Pack",1,5
1131,2025-12-19,"2025-12-11","Extra Credit - Each",3.75,1.06
1131,2025-12-19,"2025-12-11","Mini",1,46.28
1622,2025-12-19,"2025-12-11","Bagels - Pumpernickel - BU - Bag",1,10.9
1622,2025-12-19,"2025-12-11","Chicken - Links ($10) - Each",1,10
1622,2025-12-19,"2025-12-11","Eggs - Dozen",1,6.25
1622,2025-12-19,"2025-12-11","German Quark HBC - Jar",1,6.5
1622,2025-12-19,"2025-12-11","Kairos Sourdough Choice $5 - Pack",1,5
1622,2025-12-19,"2025-12-11","Missouri Pecans - Each",1,6.5
1622,2025-12-19,"2025-12-11","Extra Credit - Each",17.4,1.06
1622,2025-12-19,"2025-12-11","Mini",1,46.28
670,2025-12-19,"2025-12-11","Mothership Pickup Time (1.0 @3:30-4) - @3:30-4",1,0
670,2025-12-19,"2025-12-11","Bagels - Poppy Seed - BU - Bag",1,10.9
670,2025-12-19,"2025-12-11","Carrots no tops - Lb.",1,5.75
670,2025-12-19,"2025-12-11","Flour - All Purpose 5 lb - Bag",1,8.5
670,2025-12-19,"2025-12-11","Honey - Wildflower - Bottle",1,11.25
670,2025-12-19,"2025-12-11","Yogurt - Plain - Oz.",1,6.75
670,2025-12-19,"2025-12-11","Extra Credit - Each",15.4,1.06
670,2025-12-19,"2025-12-11","Mini",1,46.28
1047,2025-12-19,"2025-12-11","Apple Sauce - Organic Qt. - Quart",1,10.5
1047,2025-12-19,"2025-12-11","Eggs - Dozen",1,6.25
1047,2025-12-19,"2025-12-11","Grains Wildcard $4.75 - Each",1,4.75
1047,2025-12-19,"2025-12-11","Pork Choice $8 - Pack",1,8
1047,2025-12-19,"2025-12-11","Wildcard $6.5 - Each",1,6.5
1047,2025-12-19,"2025-12-11","Half",1,68.89
11,2025-12-19,"2025-12-11","Bacon - Each",1,12.75
11,2025-12-19,"2025-12-11","Ground Beef - Jersey MJC - Lb.",1,8.75
11,2025-12-19,"2025-12-11","Maple Syrup 12 oz. - Jar",1,12.5
11,2025-12-19,"2025-12-11","Extra Credit - Each",4.25,1.06
11,2025-12-19,"2025-12-11","FSA/FSD",1,64.37
471,2025-12-19,"2025-12-11","Bagels - Poppy Seed - BU - Bag",1,10.9
471,2025-12-19,"2025-12-11","Bread Choice ($6.25) - Loaf",1,6.25
471,2025-12-19,"2025-12-11","Chicken - Ground - Lb.",1,8.75
471,2025-12-19,"2025-12-11","Mushrooms - Choice",1,8.25
471,2025-12-19,"2025-12-11","Pasta Wildcard $6.50 - Pack",1,6.5
471,2025-12-19,"2025-12-11","Extra Credit - Each",10.9,1.06
471,2025-12-19,"2025-12-11","FSA/FSD",1,64.37
610,2025-12-19,"2025-12-11","Mothership Pickup Time (1.0 @3:30-4) - @3:30-4",1,0
610,2025-12-19,"2025-12-11","Bagels - Everything - Frozen - Bag",1,6.75
610,2025-12-19,"2025-12-11","Buttermilk Waffles Sourdough - Frozen - Pack",1,5
610,2025-12-19,"2025-12-11","Curry Sauce (1.0 Green) - Green",1,11.5
610,2025-12-19,"2025-12-11","Eggs - Dozen",1,6.25
610,2025-12-19,"2025-12-11","Grains Wildcard $4.75 - Each",1,4.75
610,2025-12-19,"2025-12-11","Ham Steak RFF/lb. - Each",1,13.86
610,2025-12-19,"2025-12-11","Wildcard $6.5 - Each",1,6.5
610,2025-12-19,"2025-12-11","Extra Credit - Each",18.61,1.06
610,2025-12-19,"2025-12-11","Half",1,68.89
1593,2025-12-19,"2025-12-11","Chicken - Links ($10) - Each",1,10
1593,2025-12-19,"2025-12-11","Eggs - Dozen",1,6.25
1593,2025-12-19,"2025-12-11","Kairos Sourdough Choice $5 - Pack",1,5
1593,2025-12-19,"2025-12-11","Missouri Pecans - Each",1,6.5
1593,2025-12-19,"2025-12-11","Mini",1,46.28
550,2025-12-19,"2025-12-11","Mothership Pickup Time (5.0 @5:30-6) - @5:30-6",1,0
550,2025-12-19,"2025-12-11","Buttermilk - Qt.  - Quart",1,6.5
550,2025-12-19,"2025-12-11","Pork - Bratwurst  - Pack",1,8
550,2025-12-19,"2025-12-11","Ravioli - Butternut Squash  - Lb.",2,9
550,2025-12-19,"2025-12-11","Extra Credit - Each",2.75,1.06
550,2025-12-19,"2025-12-11","FSA/FSD",1,64.37
1839,2025-12-19,"2025-12-11","No Produce - Order Only (odd wk)",1,0
968,2025-12-19,"2025-12-11","Eggs - BW - Dozen",2,6.25
968,2025-12-19,"2025-12-11","Kirkwood Pickup Time (2.0 @1:30-2) - @1:30-2",1,0
968,2025-12-19,"2025-12-11","Almond Butter - Crunchy  - Pint",1,11.25
968,2025-12-19,"2025-12-11","Bagels - Plain - Frozen - Each",1,6.75
968,2025-12-19,"2025-12-11","Carrots no tops - Lb.",1,5.75
968,2025-12-19,"2025-12-11","Mushrooms (1.0 Lion's Mane) - Lion's Mane",1,8.25
968,2025-12-19,"2025-12-11","Peppers - Lunchbox - Bag",1,5
968,2025-12-19,"2025-12-11","Pita Bread - Frozen (1.0 Wheat) - Wheat",1,4.5
968,2025-12-19,"2025-12-11","Tomatoes - Funky Bunch - Pint",1,5.75
968,2025-12-19,"2025-12-11","Tortillas Sourdough - Frozen - Pack",1,5
968,2025-12-19,"2025-12-11","Extra Credit - Each",64.75,1.06
303,2025-12-19,"2025-12-11","Cheese Choice $6.50 - Each",1,6.5
303,2025-12-19,"2025-12-11","Del Carmen Choice - Tub",1,6.25
303,2025-12-19,"2025-12-11","Eggs - Dozen",1,6.25
303,2025-12-19,"2025-12-11","Ground Beef - D&M - Lb.",1,10.25
303,2025-12-19,"2025-12-11","FSC",1,64.37
744,2025-12-19,"2025-12-11","Cheddar - Tipsy - Package",1,6.5
744,2025-12-19,"2025-12-11","Mothership Pickup Time (2.0 @4-4:30) - @4-4:30",1,0
744,2025-12-19,"2025-12-11","Gluten Free Black Beans & Rice - Tub",1,6.25
744,2025-12-19,"2025-12-11","Hummus - Carrot & Ginger - Tub",1,6.75
744,2025-12-19,"2025-12-11","Stringbean Half Caf - Bag",1,15.45
744,2025-12-19,"2025-12-11","Extra Credit - Each",5.7,1.06
744,2025-12-19,"2025-12-11","FSC",1,64.37
556,2025-12-19,"2025-12-11","Milk - 2%  - Oz.",1,5.5
556,2025-12-19,"2025-12-11","Eggs - Dozen",1,6.25
556,2025-12-19,"2025-12-11","Pink Sauce - Oz.",1,8.75
621,2025-12-19,"2025-12-11","Mothership Pickup Time (1.0 @3:30-4) - @3:30-4",1,0
621,2025-12-19,"2025-12-11","Bagels - Pumpernickel - BU - Bag",1,10.9
621,2025-12-19,"2025-12-11","Deli Rye Bread - Frozen - Lb.",1,9.75
621,2025-12-19,"2025-12-11","Mushrooms (1.0 Lion's Mane) - Lion's Mane",1,8.25
621,2025-12-19,"2025-12-11","Winter Squash - Pie Pumpkin - Each",1,3.75
621,2025-12-19,"2025-12-11","Extra Credit - Each",2.9,1.06
621,2025-12-19,"2025-12-11","FSA/FSD",1,64.37
1834,2025-12-19,"2025-12-11","Apple Sauce - Organic Qt. - Quart",1,10.5
1834,2025-12-19,"2025-12-11","Eggs - Dozen",1,6.25
1834,2025-12-19,"2025-12-11","Grains Wildcard $4.75 - Each",1,4.75
1834,2025-12-19,"2025-12-11","Pork Choice $8 - Pack",1,8
1834,2025-12-19,"2025-12-11","Wildcard $6.5 - Each",1,6.5
1834,2025-12-19,"2025-12-11","Half",1,68.89
558,2025-12-19,"2025-12-11","Apples - Suncrisp - Bag",1,5.75
558,2025-12-19,"2025-12-11","Kairos Sourdough Choice $5 - Pack",1,5
558,2025-12-19,"2025-12-11","Missouri Pecans - Each",1,6.5
558,2025-12-19,"2025-12-11","Missouri Pecans (1.0 Halves) - Halves",1,6.5
558,2025-12-19,"2025-12-11","Mini",1,46.28
525,2025-12-19,"2025-12-11","Kuva Sumatra - Oz.",1,15.45
525,2025-12-19,"2025-12-11","Almond Butter - Crunchy  - Pint",1,11.25
525,2025-12-19,"2025-12-11","Chicken Links - Andouille  - Lb.",1,10
525,2025-12-19,"2025-12-11","Eggs - Dozen",2,6.25
525,2025-12-19,"2025-12-11","Jam - Blackberry Jalapeno - Pint",1,7
525,2025-12-19,"2025-12-11","Semolina - T - Loaf",1,6.75
525,2025-12-19,"2025-12-11","Winter Squash - Pie Pumpkin - Each",1,3.75
327,2025-12-19,"2025-12-11","Mothership Pickup Time (1.0 @3:30-4) - @3:30-4",1,0
327,2025-12-19,"2025-12-11","Eggs - Dozen",1,6.25
327,2025-12-19,"2025-12-11","Mushrooms (1.0 Shiitake) - Shiitake",1,8.25
327,2025-12-19,"2025-12-11","Pork Choice $8 - Pack",1,8
327,2025-12-19,"2025-12-11","Salmon - Fillet Pieces/LB* - Each",1,9.66
327,2025-12-19,"2025-12-11","Wildcard $6.5 - Each",1,6.5
327,2025-12-19,"2025-12-11","Extra Credit - Each",2.66,1.06
327,2025-12-19,"2025-12-11","Half",1,68.89
1476,2025-12-19,"2025-12-11","Kirkwood Pickup Time - @1-1:30",1,0
1476,2025-12-19,"2025-12-11","Carrots no tops - Lb.",1,5.75
1476,2025-12-19,"2025-12-11","Eggs - H - Dozen",1,6.25
1476,2025-12-19,"2025-12-11","Marbled Rye - Thursday - Each",1,8.35
1476,2025-12-19,"2025-12-11","Peppers - Carmen - 2-pack",1,3
1476,2025-12-19,"2025-12-11","Swiss Chard - Bunch",1,5
1476,2025-12-19,"2025-12-11","Winter Squash - Butternut (1.0 Large) - Large",1,5
1476,2025-12-19,"2025-12-11","Extra Credit - Each",5.6,1.06
1476,2025-12-19,"2025-12-11","Mini",1,46.28
434,2025-12-19,"2025-12-11","Apple Sauce - Organic Qt. - Quart",1,10.5
434,2025-12-19,"2025-12-11","Eggs - Dozen",1,6.25
434,2025-12-19,"2025-12-11","Grains Wildcard $4.75 - Each",1,4.75
434,2025-12-19,"2025-12-11","Pork Choice $8 - Pack",1,8
434,2025-12-19,"2025-12-11","Wildcard $6.5 - Each",1,6.5
434,2025-12-19,"2025-12-11","Half",1,68.89
502,2025-12-19,"2025-12-11","Mothership Pickup Time (4.0 @5-5:30) - @5-5:30",1,0
502,2025-12-19,"2025-12-11","Bagel Chips - Bag",1,5.25
502,2025-12-19,"2025-12-11","Dark Bar 72% - Package",1,2.75
502,2025-12-19,"2025-12-11","Eggs - Dozen",1,6.25
502,2025-12-19,"2025-12-11","Ground Beef - D&M - Lb.",1,10.25
502,2025-12-19,"2025-12-11","Sesame Hoagie - T - Each",1,3.6
502,2025-12-19,"2025-12-11","FSC",1,64.37
549,2025-12-19,"2025-12-11","RL Heavy Cream  - Pint",1,6.75
549,2025-12-19,"2025-12-11","Bacon - Each",1,12.75
549,2025-12-19,"2025-12-11","Bread Choice ($6.25) - Loaf",1,6.25
549,2025-12-19,"2025-12-11","Chicken - Ground - Lb.",1,8.75
549,2025-12-19,"2025-12-11","Janie's Bread - Thursday - Each",1,6.75
549,2025-12-19,"2025-12-11","Mushrooms - Choice",1,8.25
549,2025-12-19,"2025-12-11","Pasta Wildcard $6.50 - Pack",1,6.5
549,2025-12-19,"2025-12-11","Popcorn - McKaskle - Lb.",1,5.25
549,2025-12-19,"2025-12-11","Extra Credit - Each",31.5,1.06
549,2025-12-19,"2025-12-11","FSA/FSD",1,64.37
710,2025-12-19,"2025-12-11","Mothership Pickup Time (1.0 @3:30-4) - @3:30-4",1,0
710,2025-12-19,"2025-12-11","Bagels - Plain - Frozen - Each",1,6.75
710,2025-12-19,"2025-12-11","Mushrooms - Chestnut - Bag",1,8.25
710,2025-12-19,"2025-12-11","Raviolini - Mozzerella Herb - Lb.",1,9
710,2025-12-19,"2025-12-11","Tortellini - Goat Cheese - Pack",1,9
710,2025-12-19,"2025-12-11","Extra Credit - Each",3.25,1.06
710,2025-12-19,"2025-12-11","FSA/FSD",1,64.37
1268,2025-12-19,"2025-12-11","Half & Half - Pint",2,4.75
1268,2025-12-19,"2025-12-11","Mothership Pickup Time (1.0 @3:30-4) - @3:30-4",1,0
1268,2025-12-19,"2025-12-11","Brussels Sprouts (1.0 Stalk) - Stalk",1,4.75
1268,2025-12-19,"2025-12-11","Cabbage - Chinese - Head",1,3.75
1268,2025-12-19,"2025-12-11","Eggs - Dozen",1,6.25
1268,2025-12-19,"2025-12-11","Salmon - Fillet Pieces/LB* - Each",2,9.38
1268,2025-12-19,"2025-12-11","Extra Credit - Each",7.01,1.06
1268,2025-12-19,"2025-12-11","Half",1,68.89
1879,2025-12-19,"2025-12-11","Mothership Pickup Time (3.0 @4:30-5) - @4:30-5",1,0
1879,2025-12-19,"2025-12-11","Chicken - Links ($10) - Each",1,10
1879,2025-12-19,"2025-12-11","Eggs - Dozen",1,6.25
1879,2025-12-19,"2025-12-11","Kairos Sourdough Choice $5 - Pack",1,5
1879,2025-12-19,"2025-12-11","Missouri Pecans - Each",1,6.5
1879,2025-12-19,"2025-12-11","Mini",1,46.28
493,2025-12-19,"2025-12-11","No Produce - Order Only (odd wk)",1,0
807,2025-12-19,"2025-12-11","Ground Turkey - Pack",1,8.75
807,2025-12-19,"2025-12-11","Brisket - whole/lb. - lbs",1,77.29
807,2025-12-19,"2025-12-11","Chicken Thighs - Boneless/lb. - lbs",2,9.1
807,2025-12-19,"2025-12-11","Eggs - Dozen",1,6.25
807,2025-12-19,"2025-12-11","Yogurt - Plain - Oz.",1,6.75
807,2025-12-19,"2025-12-11","Extra Credit - Each",83.49,1.06
807,2025-12-19,"2025-12-11","UCA/KWA",1,64.37
807,2025-12-19,"2025-12-11","2% MILK",1,8.49
1377,2025-12-19,"2025-12-11","Mothership Pickup Time (5.0 @5:30-6) - @5:30-6",1,0
1377,2025-12-19,"2025-12-11","Chicken - Ground - Lb.",1,8.75
1377,2025-12-19,"2025-12-11","Eggs - Dozen",1,6.25
1377,2025-12-19,"2025-12-11","Oats - 1lb. (1.0 Rolled) - Rolled",1,3.75
1377,2025-12-19,"2025-12-11","Shoots - Pea - Bag",1,4.25
1377,2025-12-19,"2025-12-11","Tomatoes - Slicing - Bag",1,6.5
1377,2025-12-19,"2025-12-11","FSA/FSD",1,64.35
1763,2025-12-19,"2025-12-11","Chicken - Breakfast Links - Each",1,10
1763,2025-12-19,"2025-12-11","Chicken - Links ($10) - Each",1,10
1763,2025-12-19,"2025-12-11","Pork Italian Bulk - D&M - Lb.",1,8
1763,2025-12-19,"2025-12-11","Semolina - T - Loaf",1,6.75
1763,2025-12-19,"2025-12-11","Extra Credit - Each",7,1.06
1763,2025-12-19,"2025-12-11","Mini",1,46.28
1680,2025-12-19,"2025-12-11","Havarti - MJC - Pack",1,6.5
1680,2025-12-19,"2025-12-11","Mothership Pickup Time (2.0 @4-4:30) - @4-4:30",1,0
1680,2025-12-19,"2025-12-11","Food Pantry Donation - $",10,1
1680,2025-12-19,"2025-12-11","Chicken - Breakfast Links - Each",1,10
1680,2025-12-19,"2025-12-11","Ground Beef - BM&P - Each",1,10.25
1680,2025-12-19,"2025-12-11","Ground Beef - Jersey MJC - Lb.",1,8.75
1680,2025-12-19,"2025-12-11","Extra Credit - Each",17.75,1.06
1680,2025-12-19,"2025-12-11","Mini",1,46.28
245,2025-12-19,"2025-12-11","Peanut Butter MC - Tub",1,7.75
245,2025-12-19,"2025-12-11","Chicken - Ground - Lb.",1,8.75
245,2025-12-19,"2025-12-11","Chicken Chorizo - Lb.",1,10
245,2025-12-19,"2025-12-11","Missouri Pecans (1.0 Halves) - Halves",1,6.5
245,2025-12-19,"2025-12-11","Mushrooms - Choice",1,8.25
245,2025-12-19,"2025-12-11","T-Shirt Women's Navy (1.0 Small) - Small",1,12
245,2025-12-19,"2025-12-11","Extra Credit - Each",23.5,1.06
245,2025-12-19,"2025-12-11","FSA/FSD",1,64.37
1766,2025-12-19,"2025-12-11","Stringbean Malawi Peaberry - Oz.",1,15.45
1766,2025-12-19,"2025-12-11","Kirkwood Pickup Time - @1-1:30",1,0
1766,2025-12-19,"2025-12-11","Apples - Jonathan - Bag",1,5.75
1766,2025-12-19,"2025-12-11","Chicken Thighs - Boneless/lb. - Wee* - lbs",1,4.59
1766,2025-12-19,"2025-12-11","Eggs - Dozen",1,6.25
1766,2025-12-19,"2025-12-11","Hoagie - T - Each",1,3.35
1766,2025-12-19,"2025-12-11","Extra Credit - Each",4.14,1.06
1766,2025-12-19,"2025-12-11","UCA/KWA",1,64.37
267,2025-12-19,"2025-12-11","Kirkwood Pickup Time - @1-1:30",1,0
267,2025-12-19,"2025-12-11","Asian Greens - Bunch",1,5.25
267,2025-12-19,"2025-12-11","Auction Donation - $",1,1
267,2025-12-19,"2025-12-11","Cabbage - Red - Share",1,3
267,2025-12-19,"2025-12-11","Eggs - Dozen",1,6.25
267,2025-12-19,"2025-12-11","Flour - Bread 5# - Lb.",1,9.8
267,2025-12-19,"2025-12-11","Kohlrabi  - Head",1,3
267,2025-12-19,"2025-12-11","Oat Groats Organic - Bag",1,3.75
267,2025-12-19,"2025-12-11","Wheat Berries - Bag",1,3.75
267,2025-12-19,"2025-12-11","Half",1,68.89
239,2025-12-19,"2025-12-11","Pizza - Tomato Basil Garlic  - Each",1,8
239,2025-12-19,"2025-12-11","Kirkwood Pickup Time (2.0 @1:30-2) - @1:30-2",1,0
239,2025-12-19,"2025-12-11","Beef - Stew Meat - Pack",1,10.25
239,2025-12-19,"2025-12-11","Eggs - Dozen",1,6.25
239,2025-12-19,"2025-12-11","Yogurt - Vanilla - Oz.",1,6.75
239,2025-12-19,"2025-12-11","UCA/KWA",1,64.37
1941,2025-12-19,"2025-12-11","RL Heavy Cream  - Pint",1,6.75
1941,2025-12-19,"2025-12-11","Bagels - Poppy Seed - BU - Bag",1,10.9
1941,2025-12-19,"2025-12-11","Bagels - Pumpernickel - BU - Bag",1,10.9
1941,2025-12-19,"2025-12-11","Chicken Breasts /lb. - Pack",2,8.75
1941,2025-12-19,"2025-12-11","Eggs - Dozen",2,6.25
1941,2025-12-19,"2025-12-11","Feta Cheese - HBC - Each",1,6.5
1941,2025-12-19,"2025-12-11","Mexican Dark Bark - Package",1,6.45
1941,2025-12-19,"2025-12-11","Popcorn - McKaskle - Lb.",1,5.25
1941,2025-12-19,"2025-12-11","Extra Credit - Each",49.55,1.06
1941,2025-12-19,"2025-12-11","Mini",1,46.28
293,2025-12-19,"2025-12-11","Mothership Pickup Time (5.0 @5:30-6) - @5:30-6",1,0
293,2025-12-19,"2025-12-11","Bison Stew Meat - Wee - Each",1,7.2
293,2025-12-19,"2025-12-11","Cauliflower - Romanesco - Lb.",1,6.5
293,2025-12-19,"2025-12-11","Chicken - Ground - Lb.",1,8.75
293,2025-12-19,"2025-12-11","Dark Chocolate Square  - Each",1,1.75
293,2025-12-19,"2025-12-11","Missouri Pecans (1.0 Halves) - Halves",1,6.5
293,2025-12-19,"2025-12-11","Extra Credit - Each",0.95,1.06
293,2025-12-19,"2025-12-11","FSA/FSD",1,64.37
310,2025-12-19,"2025-12-11","Chicken - BULK Breasts /lb. - Pack",1,36.74
310,2025-12-19,"2025-12-11","Mothership Pickup Time (1.0 @3:30-4) - @3:30-4",1,0
310,2025-12-19,"2025-12-11","Brussels Sprouts (1.0 Stalk) - Stalk",1,4.75
310,2025-12-19,"2025-12-11","Carrots no tops - Lb.",1,5.75
310,2025-12-19,"2025-12-11","Cauliflower - hd. - Head",1,6.5
310,2025-12-19,"2025-12-11","Chicken - Ground - Lb.",2,8.75
310,2025-12-19,"2025-12-11","Eggs - Dozen",2,6.25
310,2025-12-19,"2025-12-11","Hoagie - T - Each",1,3.35
310,2025-12-19,"2025-12-11","Missouri Pecans (1.0 Halves) - Halves",1,6.5
310,2025-12-19,"2025-12-11","Pork - Ground  - Lb.",1,7.25
310,2025-12-19,"2025-12-11","Potatoes - Sweet - lbs",1,5.75
310,2025-12-19,"2025-12-11","Potatoes - Yukon Gold - lbs",1,6
310,2025-12-19,"2025-12-11","Tomatoes - Funky Bunch - Pint",1,5.75
310,2025-12-19,"2025-12-11","Extra Credit - Each",84.9,1.06
310,2025-12-19,"2025-12-11","FSC",1,64.37
310,2025-12-19,"2025-12-11","Half & Half",1,5.05
310,2025-12-19,"2025-12-11","Skim MILK",2,8.49
1271,2025-12-19,"2025-12-11","Mothership Pickup Time (2.0 @4-4:30) - @4-4:30",1,0
1271,2025-12-19,"2025-12-11","Buttermilk - Qt.  - Quart",1,6.5
1271,2025-12-19,"2025-12-11","Light and Mild - T - Loaf",1,8
1271,2025-12-19,"2025-12-11","Milk Chocolate Lolli - Each",2,1.75
1271,2025-12-19,"2025-12-11","Mushrooms - Chestnut - Bag",1,8.25
1271,2025-12-19,"2025-12-11","Mushrooms - Hen of the Woods/Maitake - Bag",1,8.25
1271,2025-12-19,"2025-12-11","Extra Credit - Each",4.75,1.06
1271,2025-12-19,"2025-12-11","FSA/FSD",1,64.37
634,2025-12-19,"2025-12-11","Kirkwood Pickup Time (2.0 @1:30-2) - @1:30-2",1,0
634,2025-12-19,"2025-12-11","Beef - Stew Meat - Pack",1,10.25
634,2025-12-19,"2025-12-11","Buttermilk Waffles Sourdough - Frozen - Pack",1,5
634,2025-12-19,"2025-12-11","Chicken - Links ($10) - Each",1,10
634,2025-12-19,"2025-12-11","Missouri Pecans - Each",1,6.5
634,2025-12-19,"2025-12-11","Extra Credit - Each",4,1.06
634,2025-12-19,"2025-12-11","Mini",1,46.28
15,2025-12-19,"2025-12-11","Apple Sauce - Organic Qt. - Quart",1,10.5
15,2025-12-19,"2025-12-11","Eggs - Dozen",1,6.25
15,2025-12-19,"2025-12-11","Grains Wildcard $4.75 - Each",1,4.75
15,2025-12-19,"2025-12-11","Stringbean Half Caf - Bag",1,15.45
15,2025-12-19,"2025-12-11","Wildcard $6.5 - Each",1,6.5
15,2025-12-19,"2025-12-11","Extra Credit - Each",7.45,1.06
15,2025-12-19,"2025-12-11","Half",1,68.89
722,2025-12-19,"2025-12-11","Mothership Pickup Time (6.0 @6-6:30) - @6-6:30",1,0
722,2025-12-19,"2025-12-11","Apples - Suncrisp - Bag",1,5.75
722,2025-12-19,"2025-12-11","Ghost Pepper Cheddar - Each",1,6.5
722,2025-12-19,"2025-12-11","Leeks - Each",1,4
722,2025-12-19,"2025-12-11","Lettuce - Salanova - Bag",1,4.25
722,2025-12-19,"2025-12-11","Onions - Green - Bunch",1,3.5
722,2025-12-19,"2025-12-11","Potatoes - Regular - lbs",1,5.75
722,2025-12-19,"2025-12-11","Tomatoes - Funky Bunch - Pint",1,5.75
722,2025-12-19,"2025-12-11","Half",1,68.89
1706,2025-12-19,"2025-12-11","Mothership Pickup Time (2.0 @4-4:30) - @4-4:30",1,0
1706,2025-12-19,"2025-12-11","Brussels Sprouts (1.0 Stalk) - Stalk",1,4.75
1706,2025-12-19,"2025-12-11","Gnocchi - Garlic Chive  - Lb.",1,6.5
1706,2025-12-19,"2025-12-11","Potatoes - Regular - lbs",1,5.75
1706,2025-12-19,"2025-12-11","Potatoes - Yukon Gold - lbs",1,6
1706,2025-12-19,"2025-12-11","Purple Straw SRW Sifted Wheat Flour - Bag",1,8.6
1706,2025-12-19,"2025-12-11","Tomatoes - Funky Bunch - Pint",1,5.75
1706,2025-12-19,"2025-12-11","Extra Credit - Each",1.35,1.06
1706,2025-12-19,"2025-12-11","Half",1,68.89
834,2025-12-19,"2025-12-11","Mothership Pickup Time (3.0 @4:30-5) - @4:30-5",1,0
834,2025-12-19,"2025-12-11","Apple Sauce - Organic Qt. - Quart",1,10.5
834,2025-12-19,"2025-12-11","Carrots no tops - Lb.",1,5.75
834,2025-12-19,"2025-12-11","Chicken Links - Andouille  - Lb.",1,10
834,2025-12-19,"2025-12-11","Eggs - Dozen",1,6.25
834,2025-12-19,"2025-12-11","Potatoes - Sweet Jumbo (1.0 XL) - XL",1,6.5
834,2025-12-19,"2025-12-11","Rice - Basmati Brown - Lb.",1,6.75
834,2025-12-19,"2025-12-11","Extra Credit - Each",9.75,1.06
834,2025-12-19,"2025-12-11","Half",1,68.89
997,2025-12-19,"2025-12-11","Mothership Pickup Time (1.0 @3:30-4) - @3:30-4",1,0
997,2025-12-19,"2025-12-11","Bacon - Each",1,12.75
997,2025-12-19,"2025-12-11","Cheese Choice $6.50 - Each",1,6.5
997,2025-12-19,"2025-12-11","Del Carmen Choice - Tub",1,6.25
997,2025-12-19,"2025-12-11","Milk Chocolate Square - Each",2,1.75
997,2025-12-19,"2025-12-11","FSC",1,64.37
281,2025-12-19,"2025-12-11","Pepitas - Oz.",1,7.75
281,2025-12-19,"2025-12-11","Mothership Pickup Time (1.0 @3:30-4) - @3:30-4",1,0
281,2025-12-19,"2025-12-11","Cooler Repair Donation - $",1,1
281,2025-12-19,"2025-12-11","Aged Cheddar - HBC - Each",1,6.5
281,2025-12-19,"2025-12-11","Bagels - Everything - Frozen - Bag",1,6.75
281,2025-12-19,"2025-12-11","Carrots no tops - Lb.",1,5.75
281,2025-12-19,"2025-12-11","Cinnamon Rolls - Pack",1,6.5
281,2025-12-19,"2025-12-11","Eggs - Dozen",1,6.25
281,2025-12-19,"2025-12-11","FF - Fry Bread - Bag",1,7.25
281,2025-12-19,"2025-12-11","Hoagie - T - Each",1,3.35
281,2025-12-19,"2025-12-11","Hummus - Carrot & Ginger - Tub",1,6.75
281,2025-12-19,"2025-12-11","Leeks - Each",1,4
281,2025-12-19,"2025-12-11","Lettuce - Salanova - Bag",1,4.25
281,2025-12-19,"2025-12-11","Missouri Pecans - Each",1,6.5
281,2025-12-19,"2025-12-11","Olive Oil Small - ML",1,8
281,2025-12-19,"2025-12-11","Pizza - Bacon Bacon   - Each",2,8
281,2025-12-19,"2025-12-11","Pork - Breakfast ($8) - Pack",1,8
281,2025-12-19,"2025-12-11","Potato Chips Original - Med - Oz.",1,3
281,2025-12-19,"2025-12-11","Powder - Lion's Mane Mushrooms - Each",1,11.5
281,2025-12-19,"2025-12-11","Queso Quesadilla - HBC - Each",1,6.5
281,2025-12-19,"2025-12-11","Shakshuka Sauce - Jar",1,11.5
281,2025-12-19,"2025-12-11","Shoots - Specialty Mix - Bag",1,4.25
281,2025-12-19,"2025-12-11","Extra Credit - Each",113.6,1.06
281,2025-12-19,"2025-12-11","Mini",1,46.28
1652,2025-12-19,"2025-12-11","Apples - Organic Red Delicious - Bag",1,5.75
1652,2025-12-19,"2025-12-11","Brussels Sprouts (1.0 Stalk) - Stalk",1,4.75
1652,2025-12-19,"2025-12-11","Dark Chocolate Almond Bar - Pack",1,4.8
1652,2025-12-19,"2025-12-11","Eggs - Dozen",1,6.25
1652,2025-12-19,"2025-12-11","Missouri Pecans - Each",1,6.5
1652,2025-12-19,"2025-12-11","Salmon - Fillet Pieces/LB* - Each",2,9.62
1652,2025-12-19,"2025-12-11","Seedy Wheaty - Frozen - Loaf",1,3.5
1652,2025-12-19,"2025-12-11","Extra Credit - Each",23.04,1.06
1652,2025-12-19,"2025-12-11","Mini",1,46.28
1431,2025-12-19,"2025-12-11","Mothership Pickup Time (4.0 @5-5:30) - @5-5:30",1,0
1431,2025-12-19,"2025-12-11","Chicken - Links ($10) - Each",1,10
1431,2025-12-19,"2025-12-11","Eggs - Dozen",1,6.25
1431,2025-12-19,"2025-12-11","Kairos Sourdough Choice $5 - Pack",1,5
1431,2025-12-19,"2025-12-11","Missouri Pecans - Each",1,6.5
1431,2025-12-19,"2025-12-11","Mini",1,46.28
1626,2025-12-19,"2025-12-11","Eggs - BW - Dozen",2,6.25
1626,2025-12-19,"2025-12-11","Kirkwood Pickup Time (1.0 PORCH) - PORCH",1,0
1626,2025-12-19,"2025-12-11","Bagels - Raisin - Frozen - Bag",1,6.75
1626,2025-12-19,"2025-12-11","Hummus - Garlic - Tub",1,6.75
1626,2025-12-19,"2025-12-11","Kuva Brazil - Bag",1,15.45
1626,2025-12-19,"2025-12-11","Extra Credit - Each",5.45,1.06
1626,2025-12-19,"2025-12-11","Half",1,68.89
1436,2025-12-19,"2025-12-11","Mothership Pickup Time (1.0 @3:30-4) - @3:30-4",1,0
1436,2025-12-19,"2025-12-11","Cabbage - Green (1.0 Small) - Small",1,3
1436,2025-12-19,"2025-12-11","Eggs - Dozen",1,6.25
1436,2025-12-19,"2025-12-11","Lasagna (1.0 Spinach) - Spinach",1,14.5
1436,2025-12-19,"2025-12-11","Potatoes - Sweet - lbs",1,5.75
1436,2025-12-19,"2025-12-11","Yogurt - Plain - Oz.",1,6.75
1436,2025-12-19,"2025-12-11","Extra Credit - Each",0.25,1.06
1436,2025-12-19,"2025-12-11","Half",1,68.89
1145,2025-12-19,"2025-12-11","Eggs - BW - Dozen",1,6.25
1145,2025-12-19,"2025-12-11","Kirkwood Pickup Time - @1-1:30",1,0
1145,2025-12-19,"2025-12-11","Aged Cheddar - HBC - Each",1,6.5
1145,2025-12-19,"2025-12-11","Chicken Thighs - Boneless/lb. - lbs",1,14.62
1145,2025-12-19,"2025-12-11","Lettuce - Salanova - Bag",1,4.25
1145,2025-12-19,"2025-12-11","Mushrooms (1.0 Shiitake) - Shiitake",1,8.25
1145,2025-12-19,"2025-12-11","Extra Credit - Each",8.62,1.06
1145,2025-12-19,"2025-12-11","UCA/KWA",1,64.37
1903,2025-12-19,"2025-12-11","Kirkwood Pickup Time - @1-1:30",1,0
1903,2025-12-19,"2025-12-11","Eggs - Dozen",2,6.25
1903,2025-12-19,"2025-12-11","Milk Chocolate Square - Each",1,1.75
1903,2025-12-19,"2025-12-11","Mushrooms - Hen of the Woods/Maitake - Bag",1,8.25
1903,2025-12-19,"2025-12-11","Tomatoes - Slicing - Bag",1,6.5
1903,2025-12-19,"2025-12-11","Extra Credit - Each",1.25,1.06
1903,2025-12-19,"2025-12-11","Mini",1,46.28
366,2025-12-19,"2025-12-11","Beef - Stew Meat - Pack",1,10.25
366,2025-12-19,"2025-12-11","Eggs - Dozen",1,6.25
366,2025-12-19,"2025-12-11","Wildcard $8 - Each",1,8
366,2025-12-19,"2025-12-11","Yogurt Choice  - Each",1,6.75
366,2025-12-19,"2025-12-11","UCA/KWA",1,64.37
1156,2025-12-19,"2025-12-11","Canned Peaches - sugar - Jar",1,13.25
1156,2025-12-19,"2025-12-11","Mothership Pickup Time (2.0 @4-4:30) - @4-4:30",1,0
1156,2025-12-19,"2025-12-11","Apples - Golden Delicious - Bag",1,5.75
1156,2025-12-19,"2025-12-11","Oat Porridge Bread - T - Each",1,8.8
1156,2025-12-19,"2025-12-11","Pork - Brats Cheddar DM - 4-pack",1,8
1156,2025-12-19,"2025-12-11","Sesame Hoagie - T - Each",1,3.6
1156,2025-12-19,"2025-12-11","Yogurt - Plain - Oz.",2,6.75
1156,2025-12-19,"2025-12-11","Extra Credit - Each",16.9,1.06
1156,2025-12-19,"2025-12-11","Half",1,68.89
102,2025-12-19,"2025-12-11","Kirkwood Pickup Time - @1-1:30",1,0
102,2025-12-19,"2025-12-11","Eggs - Dozen",1,6.25
102,2025-12-19,"2025-12-11","Grains Wildcard $4.75 - Each",1,4.75
102,2025-12-19,"2025-12-11","Pork Choice $8 - Pack",1,8
102,2025-12-19,"2025-12-11","Shoots - Sunflower - Bag",1,4.25
102,2025-12-19,"2025-12-11","Wildcard $6.5 - Each",1,6.5
102,2025-12-19,"2025-12-11","Yogurt - Plain - Oz.",1,6.75
102,2025-12-19,"2025-12-11","Extra Credit - Each",0.5,1.06
102,2025-12-19,"2025-12-11","Half",1,68.89
405,2025-12-19,"2025-12-11","Ground Turkey - Pack",1,8.75
405,2025-12-19,"2025-12-11","Kirkwood Pickup Time (1.0 PORCH) - PORCH",1,0
405,2025-12-19,"2025-12-11","Carrots no tops - Lb.",1,5.75
405,2025-12-19,"2025-12-11","Cauliflower - Romanesco - Lb.",1,6.5
405,2025-12-19,"2025-12-11","Chicken - Ground - Lb.",1,8.75
405,2025-12-19,"2025-12-11","Eggs - Dozen",1,6.25
405,2025-12-19,"2025-12-11","Onions - Green - Bunch",1,3.5
405,2025-12-19,"2025-12-11","Potatoes - Sweet - lbs",1,5.75
405,2025-12-19,"2025-12-11","Winter Squash - Butternut (1.0 Medium) - Medium",1,4
405,2025-12-19,"2025-12-11","Extra Credit - Each",49.25,1.06
928,2025-12-19,"2025-12-11","Mothership Pickup Time (1.0 @3:30-4) - @3:30-4",1,0
928,2025-12-19,"2025-12-11","Chicken - Ground - Lb.",2,8.75
928,2025-12-19,"2025-12-11","Cinnamon Rolls - Pack",1,6.5
928,2025-12-19,"2025-12-11","Pasta Wildcard $6.50 - Pack",1,6.5
928,2025-12-19,"2025-12-11","Sourdough Bread - Frozen - Lb.",1,6.25
928,2025-12-19,"2025-12-11","Extra Credit - Each",7,1.06
928,2025-12-19,"2025-12-11","FSA/FSD",1,64.37
1002,2025-12-19,"2025-12-11","Mothership Pickup Time (3.0 @4:30-5) - @4:30-5",1,0
1002,2025-12-19,"2025-12-11","Apples - Suncrisp - Bag",1,5.75
1002,2025-12-19,"2025-12-11","Asian Greens - Bunch",1,5.25
1002,2025-12-19,"2025-12-11","Mushrooms (1.0 Shiitake) - Shiitake",1,8.25
1002,2025-12-19,"2025-12-11","Peppers - Carmen - 2-pack",1,3
1002,2025-12-19,"2025-12-11","Pork - Ground  - Lb.",2,7.25
1002,2025-12-19,"2025-12-11","Swiss Chard - Bunch",1,5
1002,2025-12-19,"2025-12-11","Winter Squash - Red Kuri - Each",1,4.75
1002,2025-12-19,"2025-12-11","Extra Credit - Each",16.75,1.06
1002,2025-12-19,"2025-12-11","FSA/FSD",1,64.37
1570,2025-12-19,"2025-12-11","Peanut Butter MC - Tub",1,7.75
1570,2025-12-19,"2025-12-11","Kirkwood Pickup Time (1.0 PORCH) - PORCH",1,0
1570,2025-12-19,"2025-12-11","Bacon - Each",1,12.75
1570,2025-12-19,"2025-12-11","Eggs - Dozen",2,6.25
1570,2025-12-19,"2025-12-11","Peppers - Green/Red Bell - 3-pack",1,3
1570,2025-12-19,"2025-12-11","Half",1,34.19
941,2025-12-19,"2025-12-11","Mothership Pickup Time (4.0 @5-5:30) - @5-5:30",1,0
941,2025-12-19,"2025-12-11","Curds Garlic Herb HBC 10 oz  - Bag",1,6.5
941,2025-12-19,"2025-12-11","Eggs - Dozen",1,6.25
941,2025-12-19,"2025-12-11","Ground Beef - D&M - Lb.",1,10.25
941,2025-12-19,"2025-12-11","Pork Italian Bulk - D&M - Lb.",1,8
941,2025-12-19,"2025-12-11","Extra Credit - Each",1.75,1.06
941,2025-12-19,"2025-12-11","FSC",1,64.37
203,2025-12-19,"2025-12-11","Mothership Pickup Time (1.0 @3:30-4) - @3:30-4",1,0
203,2025-12-19,"2025-12-11","Cabbage - Chinese - Head",1,3.75
203,2025-12-19,"2025-12-11","Cauliflower - Romanesco - Lb.",1,6.5
203,2025-12-19,"2025-12-11","Eggs - Dozen",1,6.25
203,2025-12-19,"2025-12-11","Feta Cheese - HBC - Each",1,6.5
203,2025-12-19,"2025-12-11","Jar Tomatoes - Quart",1,7.5
203,2025-12-19,"2025-12-11","Pork - Jowl Uncured/LB* - Pack",1,16.18
203,2025-12-19,"2025-12-11","Extra Credit - Each",10.68,1.06
203,2025-12-19,"2025-12-11","Half",1,68.89
203,2025-12-19,"2025-12-11","Eggs - Buttonwood",1,6.65
1206,2025-12-19,"2025-12-11","Pizza - Deluxe - Each",1,8
1206,2025-12-19,"2025-12-11","Kirkwood Pickup Time (1.0 PORCH) - PORCH",1,0
1206,2025-12-19,"2025-12-11","Brussels Sprouts (1.0 Stalk) - Stalk",1,4.75
1206,2025-12-19,"2025-12-11","Buttermilk Waffles Sourdough - Frozen - Pack",1,5
1206,2025-12-19,"2025-12-11","Cabbage - Green (1.0 Medium) - Medium",1,4
1206,2025-12-19,"2025-12-11","Cabbage - Red - Share",1,3
1206,2025-12-19,"2025-12-11","Granola Bar - Each",1,3.75
1206,2025-12-19,"2025-12-11","Peppers - Carmen - 2-pack",1,3
1206,2025-12-19,"2025-12-11","Extra Credit - Each",0.25,1.06
1206,2025-12-19,"2025-12-11","UCA/KWA",1,64.37
1900,2025-12-19,"2025-12-11","Chicken - Links ($10) - Each",1,10
1900,2025-12-19,"2025-12-11","Eggs - Dozen",1,6.25
1900,2025-12-19,"2025-12-11","Kairos Sourdough Choice $5 - Pack",1,5
1900,2025-12-19,"2025-12-11","Missouri Pecans - Each",1,6.5
1900,2025-12-19,"2025-12-11","Mini",1,46.28
1236,2025-12-19,"2025-12-11","Chicken Wings/lb. - lbs",1,22.79
1236,2025-12-19,"2025-12-11","Mushrooms - Choice",1,8.25
1236,2025-12-19,"2025-12-11","Extra Credit - Each",1.29,1.06
1236,2025-12-19,"2025-12-11","FSA/FSD",1,64.37
1725,2025-12-19,"2025-12-11","Chicken - Big Bag Deboned Thighs/lb. - Bag",2,40.24
1725,2025-12-19,"2025-12-11","Milk - Creamline - Oz.",1,7.98
1725,2025-12-19,"2025-12-11","Eggs - BW - Dozen",2,6.25
1725,2025-12-19,"2025-12-11","Jam - Strawberry - Rhubarb - Pint",1,7.5
1725,2025-12-19,"2025-12-11","Kirkwood Pickup Time (1.0 PORCH) - PORCH",1,0
1725,2025-12-19,"2025-12-11","Ground Beef - Wagyu MJC - Lb.",1,10.25
1725,2025-12-19,"2025-12-11","Hoagie - T - Each",1,3.35
1725,2025-12-19,"2025-12-11","Missouri Pecans - Each",1,6.5
1725,2025-12-19,"2025-12-11","Sesame Hoagie - T - Each",1,3.6
1725,2025-12-19,"2025-12-11","Extra Credit - Each",104.41,1.06
1725,2025-12-19,"2025-12-11","Mini",1,46.28
364,2025-12-19,"2025-12-11","Mothership Pickup Time (6.0 @6-6:30) - @6-6:30",1,0
364,2025-12-19,"2025-12-11","Cauliflower - hd. - Head",1,6.5
364,2025-12-19,"2025-12-11","Eggs - Dozen",1,6.25
364,2025-12-19,"2025-12-11","Light and Mild - T - Loaf",1,8
364,2025-12-19,"2025-12-11","Winter Squash - Spaghetti (1.0 Large) - Large",1,4.75
364,2025-12-19,"2025-12-11","Yogurt - Vanilla - Oz.",1,6.75
364,2025-12-19,"2025-12-11","Extra Credit - Each",3,1.06
364,2025-12-19,"2025-12-11","FSC",1,64.37
1873,2025-12-19,"2025-12-11","Mothership Pickup Time (3.0 @4:30-5) - @4:30-5",1,0
1873,2025-12-19,"2025-12-11","Chicken Links - Sundried Tomato - lbs",1,10
1873,2025-12-19,"2025-12-11","Eggs - Dozen",1,6.25
1873,2025-12-19,"2025-12-11","Missouri Pecans - Each",1,6.5
1873,2025-12-19,"2025-12-11","Winter Squash - Butternut (1.0 Large) - Large",1,5
1873,2025-12-19,"2025-12-11","Mini",1,46.28
580,2025-12-19,"2025-12-11","German Quark HBC - Jar",1,6.5
580,2025-12-19,"2025-12-11","Semolina - T - Loaf",1,6.75
580,2025-12-19,"2025-12-11","Tomatoes - Funky Bunch - Pint",1,5.75
289,2025-12-19,"2025-12-11","Dark Chocolate Square  - Each",1,1.75
289,2025-12-19,"2025-12-11","Eggnog - half gallon - Oz.",1,10.5
289,2025-12-19,"2025-12-11","Eggs - Dozen",1,6.25
289,2025-12-19,"2025-12-11","Milk Chocolate Square - Each",1,1.75
289,2025-12-19,"2025-12-11","Potato Chips Original Lg - Oz.",1,9.25
289,2025-12-19,"2025-12-11","Semolina - T - Loaf",1,6.75
289,2025-12-19,"2025-12-11","Extra Credit - Each",0.25,1.06
289,2025-12-19,"2025-12-11","Half",1,68.89
289,2025-12-19,"2025-12-11","2% MILK-o",1,8.49
1006,2025-12-19,"2025-12-11","Dark Chocolate Fudge Sauce  - Jar",1,16
1006,2025-12-19,"2025-12-11","Honey - Qt. - Jar",1,20
1006,2025-12-19,"2025-12-11","Extra Credit - Each",4.75,1.06
1006,2025-12-19,"2025-12-11","UCA/KWA",1,64.37
76,2025-12-19,"2025-12-11","Chicken - Links ($10) - Each",1,10
76,2025-12-19,"2025-12-11","Eggs - Dozen",1,6.25
76,2025-12-19,"2025-12-11","Kairos Sourdough Choice $5 - Pack",1,5
76,2025-12-19,"2025-12-11","Missouri Pecans - Each",1,6.5
76,2025-12-19,"2025-12-11","Mini",1,46.28
734,2025-12-19,"2025-12-11","Eggs - BW - Dozen",1,6.25
734,2025-12-19,"2025-12-11","Mothership Pickup Time (4.0 @5-5:30) - @5-5:30",1,0
734,2025-12-19,"2025-12-11","Cauliflower - Romanesco - Lb.",1,6.5
734,2025-12-19,"2025-12-11","Chicken - Ground - Lb.",1,8.75
734,2025-12-19,"2025-12-11","Oat Flour Pancake Mix - Bag",1,4.25
734,2025-12-19,"2025-12-11","Tomatoes - Funky Bunch - Pint",1,5.75
734,2025-12-19,"2025-12-11","Extra Credit - Each",1.75,1.06
734,2025-12-19,"2025-12-11","FSA/FSD",1,64.37
644,2025-12-19,"2025-12-11","Apple Cider - Frozen - Half Gallon",2,9.25
644,2025-12-19,"2025-12-11","Kirkwood Pickup Time (1.0 PORCH) - PORCH",1,0
644,2025-12-19,"2025-12-11","Apples - Suncrisp - Bag",1,5.75
644,2025-12-19,"2025-12-11","Bacon - Each",2,12.75
644,2025-12-19,"2025-12-11","Blackberries - Frozen (1.0 Large) - Large",1,10.5
644,2025-12-19,"2025-12-11","Eggs - Dozen",1,6.25
644,2025-12-19,"2025-12-11","Honey - Qt. - Jar",3,20
644,2025-12-19,"2025-12-11","Peppers - Beaver Dam / Poblano - 3-pack",1,2.75
644,2025-12-19,"2025-12-11","Shoots - Specialty Mix - Bag",1,4.25
644,2025-12-19,"2025-12-11","Tomatoes - Heirloom - Bag",1,8.5
644,2025-12-19,"2025-12-11","Tomatoes - Slicing - Bag",1,6.5
644,2025-12-19,"2025-12-11","Extra Credit - Each",117.25,1.06
644,2025-12-19,"2025-12-11","UCA/KWA",1,64.37
1746,2025-12-19,"2025-12-11","Stringbean Disco Inferno - Oz.",1,15.45
1746,2025-12-19,"2025-12-11","Kirkwood Pickup Time (2.0 @1:30-2) - @1:30-2",1,0
1746,2025-12-19,"2025-12-11","Carrots no tops - Lb.",1,5.75
1746,2025-12-19,"2025-12-11","Eggs - Dozen",1,6.25
1746,2025-12-19,"2025-12-11","Potatoes - Yukon Gold - lbs",1,6
1746,2025-12-19,"2025-12-11","Extra Credit - Each",2.2,1.06
1746,2025-12-19,"2025-12-11","UCA/KWA",1,64.37
1416,2025-12-19,"2025-12-11","Mothership Pickup Time (4.0 @5-5:30) - @5-5:30",1,0
1416,2025-12-19,"2025-12-11","Apple Sauce - Organic Qt. - Quart",1,10.5
1416,2025-12-19,"2025-12-11","Bagels - Sesame Seed - BU - Bag",1,10.9
1416,2025-12-19,"2025-12-11","Eggs - Dozen",1,6.25
1416,2025-12-19,"2025-12-11","English Muffin Sourdough - Frozen - Pack",1,5
1416,2025-12-19,"2025-12-11","Mushrooms - French Horn/King - Bag",1,8.25
1416,2025-12-19,"2025-12-11","Semolina - T - Loaf",1,6.75
1416,2025-12-19,"2025-12-11","Extra Credit - Each",11.65,1.06
1416,2025-12-19,"2025-12-11","Half",1,68.89
1474,2025-12-19,"2025-12-11","Apple Sauce - Organic Qt. - Quart",1,0
1474,2025-12-19,"2025-12-11","Bagels - Blueberry - BU - Bag",1,10.9
1474,2025-12-19,"2025-12-11","Cauliflower - Romanesco - Lb.",1,0
1474,2025-12-19,"2025-12-11","Eggs - Dozen",1,6.25
1474,2025-12-19,"2025-12-11","Kairos Sourdough Choice $5 - Pack",1,5
1474,2025-12-19,"2025-12-11","Olive Oil Small - ML",5,8
1474,2025-12-19,"2025-12-11","Pasta Long Bi-color - Lb.",1,0
1474,2025-12-19,"2025-12-11","Pizza Sourdough - Frozen - Pack",1,5
1474,2025-12-19,"2025-12-11","Pork - Breakfast ($8) - Pack",1,0
1474,2025-12-19,"2025-12-11","Turnips - Japanese/White - Lb.",1,0
1474,2025-12-19,"2025-12-11","Winter Squash - Spaghetti (1.0 Large) - Large",1,4.75
1474,2025-12-19,"2025-12-11","Extra Credit - Each",44.15,1.06
1474,2025-12-19,"2025-12-11","Mini",1,46.28
1786,2025-12-19,"2025-12-11","Apple Sauce - Organic Qt. - Quart",1,10.5
1786,2025-12-19,"2025-12-11","Eggs - Dozen",1,6.25
1786,2025-12-19,"2025-12-11","Grains Wildcard $4.75 - Each",1,4.75
1786,2025-12-19,"2025-12-11","Pork Choice $8 - Pack",1,8
1786,2025-12-19,"2025-12-11","Wildcard $6.5 - Each",1,6.5
1786,2025-12-19,"2025-12-11","Half",1,68.89
1719,2025-12-19,"2025-12-11","Mothership Pickup Time (1.0 @3:30-4) - @3:30-4",1,0
1719,2025-12-19,"2025-12-11","Beets - No Tops - Lb.",1,5.75
1719,2025-12-19,"2025-12-11","Broccoli (1.0 Bag) - Bag",1,5
1719,2025-12-19,"2025-12-11","Cabbage - Red - Share",1,3
1719,2025-12-19,"2025-12-11","Carrots no tops - Lb.",2,5.75
1719,2025-12-19,"2025-12-11","Cauliflower - Romanesco - Lb.",2,6.5
1719,2025-12-19,"2025-12-11","Extra Credit - Each",2.25,1.06
1719,2025-12-19,"2025-12-11","Half",1,68.89
491,2025-12-19,"2025-12-11","Kirkwood Pickup Time (2.0 @1:30-2) - @1:30-2",1,0
491,2025-12-19,"2025-12-11","Chicken - Links ($10) - Each",1,10
491,2025-12-19,"2025-12-11","Ground Beef - Jersey MJC - Lb.",2,8.75
491,2025-12-19,"2025-12-11","Kairos Sourdough Choice $5 - Pack",1,5
491,2025-12-19,"2025-12-11","Extra Credit - Each",4.75,1.06
491,2025-12-19,"2025-12-11","Mini",1,46.28
636,2025-12-19,"2025-12-11","Bread Choice ($6.25) - Loaf",1,6.25
636,2025-12-19,"2025-12-11","Honey - Qt. - Jar",1,20
636,2025-12-19,"2025-12-11","Pasta Wildcard $6.50 - Pack",1,6.5
636,2025-12-19,"2025-12-11","Extra Credit - Each",0.5,1.06
636,2025-12-19,"2025-12-11","FSA/FSD",1,64.37
636,2025-12-19,"2025-12-11","Whole MILK",1,8.49
250,2025-12-19,"2025-12-11","Half & Half - Pint",1,4.75
250,2025-12-19,"2025-12-11","Mothership Pickup Time (1.0 @3:30-4) - @3:30-4",1,0
250,2025-12-19,"2025-12-11","Chicken Breasts /lb. - Pack",1,12.87
250,2025-12-19,"2025-12-11","Mushrooms - Choice",1,8.25
250,2025-12-19,"2025-12-11","Pizza Sauce - Jar",1,6.75
250,2025-12-19,"2025-12-11","Potatoes - Regular - lbs",1,5.75
250,2025-12-19,"2025-12-11","Extra Credit - Each",8.62,1.06
250,2025-12-19,"2025-12-11","FSA/FSD",1,64.37
1618,2025-12-19,"2025-12-11","Kirkwood Pickup Time - @1-1:30",1,0
1618,2025-12-19,"2025-12-11","Apples - Suncrisp - Bag",1,5.75
1618,2025-12-19,"2025-12-11","Cauliflower - hd. - Head",1,6.5
1618,2025-12-19,"2025-12-11","Garlic - Cured Bag - Bag",1,4.5
1618,2025-12-19,"2025-12-11","Mushrooms (1.0 Shiitake) - Shiitake",1,8.25
1618,2025-12-19,"2025-12-11","Potatoes - Sweet - lbs",1,5.75
1618,2025-12-19,"2025-12-11","Tomatoes - Funky Bunch - Pint",1,5.75
1618,2025-12-19,"2025-12-11","Extra Credit - Each",0.5,1.06
1618,2025-12-19,"2025-12-11","Half",1,68.89
162,2025-12-19,"2025-12-11","Mothership Pickup Time (6.0 @6-6:30) - @6-6:30",1,0
162,2025-12-19,"2025-12-11","Bagel Chips - Bag",1,5.25
162,2025-12-19,"2025-12-11","Dark Bar 72% - Package",1,2.75
162,2025-12-19,"2025-12-11","Eggs - Dozen",1,6.25
162,2025-12-19,"2025-12-11","Ground Beef - D&M - Lb.",1,10.25
162,2025-12-19,"2025-12-11","Onions - Green - Bunch",1,3.5
162,2025-12-19,"2025-12-11","Sesame Hoagie - T - Each",1,3.6
162,2025-12-19,"2025-12-11","FSC",1,64.37
133,2025-12-19,"2025-12-11","Mothership Pickup Time (2.0 @4-4:30) - @4-4:30",1,0
133,2025-12-19,"2025-12-11","Eggs - Dozen",1,6.25
133,2025-12-19,"2025-12-11","Honey - Qt. - Jar",1,20
133,2025-12-19,"2025-12-11","Leeks - Each",1,4
133,2025-12-19,"2025-12-11","Extra Credit - Each",2.5,1.06
133,2025-12-19,"2025-12-11","Mini",1,46.28
305,2025-12-19,"2025-12-11","Beef - Stew Meat - Pack",1,10.25
305,2025-12-19,"2025-12-11","Eggs - Dozen",1,6.25
305,2025-12-19,"2025-12-11","Wildcard $8 - Each",1,8
305,2025-12-19,"2025-12-11","Yogurt Choice  - Each",1,6.75
305,2025-12-19,"2025-12-11","UCA/KWA",1,64.37
127,2025-12-19,"2025-12-11","Mothership Pickup Time (1.0 @3:30-4) - @3:30-4",1,0
127,2025-12-19,"2025-12-11","Bacon - Each",1,12.75
127,2025-12-19,"2025-12-11","Eggs - Dozen",1,6.25
127,2025-12-19,"2025-12-11","FF - Fry Bread - Bag",1,7.25
127,2025-12-19,"2025-12-11","Ground Beef - D&M - Lb.",1,10.25
127,2025-12-19,"2025-12-11","Extra Credit - Each",7.25,1.06
127,2025-12-19,"2025-12-11","FSC",1,64.37
128,2025-12-19,"2025-12-11","Beef - Stew Meat - Pack",1,10.25
128,2025-12-19,"2025-12-11","Eggs - Dozen",1,6.25
128,2025-12-19,"2025-12-11","Wildcard $8 - Each",1,8
128,2025-12-19,"2025-12-11","Yogurt Choice  - Each",1,6.75
128,2025-12-19,"2025-12-11","UCA/KWA",1,64.37
1534,2025-12-19,"2025-12-11","Apple Sauce - Organic Qt. - Quart",1,10.5
1534,2025-12-19,"2025-12-11","Salmon - Fillet Pieces/LB* - Each",2,8.61
1534,2025-12-19,"2025-12-11","Wildcard $6.5 - Each",1,6.5
1534,2025-12-19,"2025-12-11","Half",1,68.89
1534,2025-12-19,"2025-12-11","Whole MILK-o",1,8.49
643,2025-12-19,"2025-12-11","Mothership Pickup Time (5.0 @5:30-6) - @5:30-6",1,0
643,2025-12-19,"2025-12-11","Chicken - Ground - Lb.",1,8.75
643,2025-12-19,"2025-12-11","Chicken Thighs - Boneless/lb. - lbs",1,17.51
643,2025-12-19,"2025-12-11","Leeks - Each",1,4
643,2025-12-19,"2025-12-11","Winter Squash - Georgia Candy Roaster - Each",1,9.5
643,2025-12-19,"2025-12-11","Extra Credit - Each",10.01,1.06
643,2025-12-19,"2025-12-11","FSA/FSD",1,64.37
1347,2025-12-19,"2025-12-11","Apple Sauce - Organic Qt. - Quart",1,10.5
1347,2025-12-19,"2025-12-11","Eggs - Dozen",1,6.25
1347,2025-12-19,"2025-12-11","Grains Wildcard $4.75 - Each",1,4.75
1347,2025-12-19,"2025-12-11","Pork Choice $8 - Pack",1,8
1347,2025-12-19,"2025-12-11","Wildcard $6.5 - Each",1,6.5
1347,2025-12-19,"2025-12-11","Half",1,68.89
1468,2025-12-19,"2025-12-11","Mothership Pickup Time (3.0 @4:30-5) - @4:30-5",1,0
1468,2025-12-19,"2025-12-11","Beef Marrow Bones /lb - Lb.",1,10.97
1468,2025-12-19,"2025-12-11","Cabbage - Red - Share",1,3
1468,2025-12-19,"2025-12-11","Chicken - Links ($10) - Each",1,10
1468,2025-12-19,"2025-12-11","Marinara Sauce - Jar",1,8.75
1468,2025-12-19,"2025-12-11","Pork Chop Bone-in /lb. - Lb.",1,14.74
1468,2025-12-19,"2025-12-11","Extra Credit - Each",19.71,1.06
1468,2025-12-19,"2025-12-11","Mini",1,46.28
622,2025-12-19,"2025-12-11","Kirkwood Pickup Time - @1-1:30",1,0
622,2025-12-19,"2025-12-11","Beef - Stew Meat - Pack",1,10.25
622,2025-12-19,"2025-12-11","Carrots no tops - Lb.",1,5.75
622,2025-12-19,"2025-12-11","Eggs - Dozen",1,6.25
622,2025-12-19,"2025-12-11","Toffee - Package",1,6.45
622,2025-12-19,"2025-12-11","Yogurt - Vanilla - Oz.",1,6.75
622,2025-12-19,"2025-12-11","Extra Credit - Each",4.2,1.06
622,2025-12-19,"2025-12-11","UCA/KWA",1,64.37
899,2025-12-19,"2025-12-11","Apple Sauce - Organic Qt. - Quart",1,10.5
899,2025-12-19,"2025-12-11","Eggs - Dozen",1,6.25
899,2025-12-19,"2025-12-11","Grains Wildcard $4.75 - Each",1,4.75
899,2025-12-19,"2025-12-11","Pork Choice $8 - Pack",1,8
899,2025-12-19,"2025-12-11","Wildcard $6.5 - Each",1,6.5
899,2025-12-19,"2025-12-11","Half",1,68.89
638,2025-12-19,"2025-12-11","Chicken - Links ($10) - Each",1,10
638,2025-12-19,"2025-12-11","Eggs - Dozen",1,6.25
638,2025-12-19,"2025-12-11","Kairos Sourdough Choice $5 - Pack",1,5
638,2025-12-19,"2025-12-11","Milk Chocolate Lolli - Each",3,1.75
638,2025-12-19,"2025-12-11","Missouri Pecans - Each",1,6.5
638,2025-12-19,"2025-12-11","Pork Snack Sticks - 5 pk - Plain",1,8.25
638,2025-12-19,"2025-12-11","Semolina - T - Loaf",1,6.75
638,2025-12-19,"2025-12-11","Extra Credit - Each",20.25,1.06
638,2025-12-19,"2025-12-11","Mini",1,46.28
793,2025-12-19,"2025-12-11","Chicken - Links ($10) - Each",1,10
793,2025-12-19,"2025-12-11","Eggs - Dozen",1,6.25
793,2025-12-19,"2025-12-11","Kairos Sourdough Choice $5 - Pack",1,5
793,2025-12-19,"2025-12-11","Missouri Pecans - Each",1,6.5
793,2025-12-19,"2025-12-11","Mini",1,46.28
242,2025-12-19,"2025-12-11","Mothership Pickup Time (1.0 @3:30-4) - @3:30-4",1,0
242,2025-12-19,"2025-12-11","Boneless Pork Chop - D&M /lb - Lb.",1,16.28
242,2025-12-19,"2025-12-11","Ground Beef - D&M - Lb.",1,10.25
242,2025-12-19,"2025-12-11","Pork Italian Bulk - D&M - Lb.",1,8
242,2025-12-19,"2025-12-11","Extra Credit - Each",5.28,1.06
242,2025-12-19,"2025-12-11","FSC",1,64.37
1545,2025-12-19,"2025-12-11","Ground Turkey - Pack",1,8.75
1545,2025-12-19,"2025-12-11","Eggs - BW - Dozen",1,6.25
1545,2025-12-19,"2025-12-11","Kirkwood Pickup Time - @1-1:30",1,0
1545,2025-12-19,"2025-12-11","Chicken - Thighs /lbs  - lbs",1,6.67
1545,2025-12-19,"2025-12-11","Chicken - Whole $4.75/lb. - Each",1,18.72
1545,2025-12-19,"2025-12-11","Dark Bar 72% - Package",1,2.75
1545,2025-12-19,"2025-12-11","Extra Credit - Each",7.14,1.06
1545,2025-12-19,"2025-12-11","Half",1,68.89
1750,2025-12-19,"2025-12-11","Chicken - Links ($10) - Each",1,10
1750,2025-12-19,"2025-12-11","Eggs - Dozen",1,6.25
1750,2025-12-19,"2025-12-11","Kairos Sourdough Choice $5 - Pack",1,5
1750,2025-12-19,"2025-12-11","Missouri Pecans - Each",1,6.5
1750,2025-12-19,"2025-12-11","Mini",1,46.28
1771,2025-12-19,"2025-12-11","Half & Half - Pint",1,4.75
1771,2025-12-19,"2025-12-11","Sugar Free - Blueberry HBY - Pint",1,7.5
1771,2025-12-19,"2025-12-11","Mothership Pickup Time (2.0 @4-4:30) - @4-4:30",1,0
1771,2025-12-19,"2025-12-11","Cooler Donation - $",5,1
1771,2025-12-19,"2025-12-11","Buttermilk Waffles Sourdough - Frozen - Pack",1,5
1771,2025-12-19,"2025-12-11","Eggs - Dozen",1,6.25
1771,2025-12-19,"2025-12-11","Louise's Cocoa Brownie Crisp Granola - Bag",1,10.75
1771,2025-12-19,"2025-12-11","Luna Maki Dark Coffee - Oz.",1,22.5
1771,2025-12-19,"2025-12-11","Oat Porridge Bread - T - Each",1,8.8
1771,2025-12-19,"2025-12-11","Peppers - Carmen - 2-pack",1,3
1771,2025-12-19,"2025-12-11","Rice - Basmati White - Lb.",1,6.75
1771,2025-12-19,"2025-12-11","Extra Credit - Each",50.05,1.06
1771,2025-12-19,"2025-12-11","Mini",1,46.28
370,2025-12-19,"2025-12-11","Salsa - Gringo's Medium - Pint",1,5
370,2025-12-19,"2025-12-11","Kirkwood Pickup Time (2.0 @1:30-2) - @1:30-2",1,0
370,2025-12-19,"2025-12-11","Chicken Links - Sundried Tomato - lbs",1,10
370,2025-12-19,"2025-12-11","Ravioli - Mushroom  - Lb.",1,9
370,2025-12-19,"2025-12-11","Extra Credit - Each",24,1.06
1521,2025-12-19,"2025-12-11","Mothership Pickup Time (1.0 @3:30-4) - @3:30-4",1,0
1521,2025-12-19,"2025-12-11","Asian Greens - Bunch",1,5.25
1521,2025-12-19,"2025-12-11","Brussels Sprouts (1.0 Stalk) - Stalk",1,4.75
1521,2025-12-19,"2025-12-11","Chicken - Breakfast Links - Each",1,10
1521,2025-12-19,"2025-12-11","Milk Chocolate Bar - Pack",1,2.75
1521,2025-12-19,"2025-12-11","Potatoes - Sweet - lbs",1,5.75
1521,2025-12-19,"2025-12-11","Tomatoes - Funky Bunch - Pint",1,5.75
1521,2025-12-19,"2025-12-11","Extra Credit - Each",6.5,1.06
1521,2025-12-19,"2025-12-11","Mini",1,46.28
885,2025-12-19,"2025-12-11","Milk - 2%  - Oz.",1,7.98
885,2025-12-19,"2025-12-11","Mothership Pickup Time - @6:30-7",1,0
885,2025-12-19,"2025-12-11","Bagels - Everything - BU - Bag",1,10.9
885,2025-12-19,"2025-12-11","Bagels - Pumpernickel - BU - Bag",1,10.9
885,2025-12-19,"2025-12-11","Curds Creamy Ranch 10 oz - Bag",1,6.5
885,2025-12-19,"2025-12-11","Eggs - Dozen",1,6.25
885,2025-12-19,"2025-12-11","Hummus - Garlic - Tub",1,6.75
885,2025-12-19,"2025-12-11","Missouri Pecans (1.0 Halves) - Halves",1,6.5
885,2025-12-19,"2025-12-11","Peppers - Green/Red Bell - 3-pack",1,3
885,2025-12-19,"2025-12-11","Extra Credit - Each",22.78,1.06
885,2025-12-19,"2025-12-11","Half",1,68.89
900,2025-12-19,"2025-12-11","Mothership Pickup Time (1.0 @3:30-4) - @3:30-4",1,0
900,2025-12-19,"2025-12-11","Cauliflower - Romanesco - Lb.",1,6.5
900,2025-12-19,"2025-12-11","Chicken Breasts /lb. - Pack",1,13.86
900,2025-12-19,"2025-12-11","Eggs - Dozen",1,6.25
900,2025-12-19,"2025-12-11","Jar Tomatoes - Quart",1,7.5
900,2025-12-19,"2025-12-11","Leeks - Each",1,4
900,2025-12-19,"2025-12-11","Extra Credit - Each",6.36,1.06
900,2025-12-19,"2025-12-11","FSC",1,64.37
900,2025-12-19,"2025-12-11","Whole MILK",1,8.49
896,2025-12-19,"2025-12-11","Quark-Frozen - Tub",1,6.5
896,2025-12-19,"2025-12-11","Kirkwood Pickup Time (2.0 @1:30-2) - @1:30-2",1,0
896,2025-12-19,"2025-12-11","Food Pantry Donation - $",10,1
896,2025-12-19,"2025-12-11","Broccoli (1.0 Bag) - Bag",1,5
896,2025-12-19,"2025-12-11","Eggs - Dozen",1,6.25
896,2025-12-19,"2025-12-11","Lettuce - Salanova - Bag",1,4.25
896,2025-12-19,"2025-12-11","Mozzarella HBC - Oz.",1,6.5
896,2025-12-19,"2025-12-11","Oats - 1lb. (1.0 Rolled) - Rolled",2,3.75
896,2025-12-19,"2025-12-11","Yogurt - Plain - Oz.",1,6.75
896,2025-12-19,"2025-12-11","Extra Credit - Each",16.75,1.06
896,2025-12-19,"2025-12-11","Half",1,68.89
171,2025-12-19,"2025-12-11","Mothership Pickup Time (5.0 @5:30-6) - @5:30-6",1,0
171,2025-12-19,"2025-12-11","Apples - Suncrisp - Bag",1,5.75
171,2025-12-19,"2025-12-11","Bagel Chips - Bag",1,5.25
171,2025-12-19,"2025-12-11","Black Bean Hummus - Tub",1,6.25
171,2025-12-19,"2025-12-11","Carrots no tops - Lb.",1,5.75
171,2025-12-19,"2025-12-11","Ground Beef - D&M - Lb.",1,10.25
171,2025-12-19,"2025-12-11","Hummus - Beet & Pepita - Tub",1,6.75
171,2025-12-19,"2025-12-11","Jar Tomatoes - Quart",1,7.5
171,2025-12-19,"2025-12-11","Louise's Original Granola - Bag",1,10.75
171,2025-12-19,"2025-12-11","Peppers - Lunchbox - Bag",1,5
171,2025-12-19,"2025-12-11","Potatoes - Regular - lbs",1,5.75
171,2025-12-19,"2025-12-11","Queso Quesadilla - HBC - Each",1,6.5
171,2025-12-19,"2025-12-11","Yogurt - Blueberry - Oz.",1,6.75
171,2025-12-19,"2025-12-11","Yogurt - Strawberry - Oz.",1,6.75
171,2025-12-19,"2025-12-11","Extra Credit - Each",59.75,1.06
171,2025-12-19,"2025-12-11","FSC",1,64.37
1819,2025-12-19,"2025-12-11","Eggs - BW - Dozen",1,6.25
1819,2025-12-19,"2025-12-11","Salsa - Gringo's Hot - Pint",1,5
1819,2025-12-19,"2025-12-11","Salsa - Gringo's Medium - Pint",1,5
1819,2025-12-19,"2025-12-11","Mothership Pickup Time (4.0 @5-5:30) - @5-5:30",1,0
1819,2025-12-19,"2025-12-11","Carrots no tops - Lb.",1,5.75
1819,2025-12-19,"2025-12-11","Chicken - Ground - Lb.",2,8.75
1819,2025-12-19,"2025-12-11","Chicken Wings/lb. - lbs",1,24.89
1819,2025-12-19,"2025-12-11","Dark Chocolate Salted Bark - Pack",1,6.45
1819,2025-12-19,"2025-12-11","Janie's Bread - Thursday - Each",1,6.75
1819,2025-12-19,"2025-12-11","Tomatoes - Slicing - Bag",1,6.5
1819,2025-12-19,"2025-12-11","Extra Credit - Each",31.84,1.06
1819,2025-12-19,"2025-12-11","FSA/FSD",1,64.37
1819,2025-12-19,"2025-12-11","Whole MILK",4,8.49
1683,2025-12-19,"2025-12-11","Peanut Butter MC - Tub",1,7.75
1683,2025-12-19,"2025-12-11","Kirkwood Pickup Time - @1-1:30",1,0
1683,2025-12-19,"2025-12-11","Eggs - Dozen",1,6.25
1683,2025-12-19,"2025-12-11","Honey - med. 12 oz. mbb  - Each",1,12.5
1683,2025-12-19,"2025-12-11","Seedy Wheaty - Frozen - Loaf",2,3.5
1683,2025-12-19,"2025-12-11","Extra Credit - Each",2.25,1.06
1683,2025-12-19,"2025-12-11","UCA/KWA",1,64.37
845,2025-12-19,"2025-12-11","Salsa - Gringo's Medium - Pint",1,5
845,2025-12-19,"2025-12-11","Bagels - Pumpernickel - BU - Bag",1,10.9
845,2025-12-19,"2025-12-11","Cheese Choice $6.50 - Each",1,6.5
845,2025-12-19,"2025-12-11","Chips - Tortilla - Bag",1,4.25
845,2025-12-19,"2025-12-11","Del Carmen Choice - Tub",1,6.25
845,2025-12-19,"2025-12-11","Eggs - Dozen",1,6.25
845,2025-12-19,"2025-12-11","Ground Beef - D&M - Lb.",1,10.25
845,2025-12-19,"2025-12-11","Stringbean Half Caf - Bag",1,15.45
845,2025-12-19,"2025-12-11","Extra Credit - Each",35.6,1.06
845,2025-12-19,"2025-12-11","FSC",1,64.37
1582,2025-12-19,"2025-12-11","Mothership Pickup Time (2.0 @4-4:30) - @4-4:30",1,0
1582,2025-12-19,"2025-12-11","Curds Jalapeno Habanero 10 oz - Bag",2,6.5
1582,2025-12-19,"2025-12-11","Eggs - Dozen",1,6.25
1582,2025-12-19,"2025-12-11","Kairos Sourdough Choice $5 - Pack",1,5
1582,2025-12-19,"2025-12-11","Semolina - T - Loaf",1,6.75
1582,2025-12-19,"2025-12-11","Sourdough Bread - Frozen - Lb.",1,6.25
1582,2025-12-19,"2025-12-11","Extra Credit - Each",9.5,1.06
1582,2025-12-19,"2025-12-11","Mini",1,46.28
463,2025-12-19,"2025-12-11","RL Heavy Cream  - Pint",1,6.75
463,2025-12-19,"2025-12-11","Kairos Sourdough Choice $5 - Pack",1,5
463,2025-12-19,"2025-12-11","Missouri Pecans - Each",1,6.5
463,2025-12-19,"2025-12-11","Pork - Breakfast ($8) - Pack",1,8
463,2025-12-19,"2025-12-11","Pork - Chorizo (bulk) - Lb.",1,13.5
463,2025-12-19,"2025-12-11","Extra Credit - Each",12,1.06
463,2025-12-19,"2025-12-11","Mini",1,46.28
1525,2025-12-19,"2025-12-11","Kirkwood Pickup Time - @1-1:30",1,0
1525,2025-12-19,"2025-12-11","Eggs - Dozen",1,6.25
1525,2025-12-19,"2025-12-11","Ground Beef - BM&P - Each",1,10.25
1525,2025-12-19,"2025-12-11","Pork - Ground  - Lb.",1,7.25
1525,2025-12-19,"2025-12-11","Pork Italian Bulk - D&M - Lb.",1,8
1525,2025-12-19,"2025-12-11","RL Chocolate Milk - Bottle",2,2.75
1525,2025-12-19,"2025-12-11","Extra Credit - Each",1.25,1.06
1525,2025-12-19,"2025-12-11","Half",1,68.89
699,2025-12-19,"2025-12-11","Mothership Pickup Time (1.0 @3:30-4) - @3:30-4",1,0
699,2025-12-19,"2025-12-11","Granola Bar - Each",2,3.75
699,2025-12-19,"2025-12-11","Hoagie - T - Each",1,3.35
699,2025-12-19,"2025-12-11","Mushrooms - French Horn/King - Bag",1,8.25
699,2025-12-19,"2025-12-11","Oat Porridge Bread - T - Each",1,8.8
699,2025-12-19,"2025-12-11","Tomatoes - Slicing - Bag",1,6.5
699,2025-12-19,"2025-12-11","Turkey Thighs /lb - Each",1,13.6
699,2025-12-19,"2025-12-11","Extra Credit - Each",12,1.06
699,2025-12-19,"2025-12-11","Half",1,68.89
979,2025-12-19,"2025-12-11","Apple Sauce - Organic Qt. - Quart",1,10.5
979,2025-12-19,"2025-12-11","Beef - Stew Meat - Pack",1,10.25
979,2025-12-19,"2025-12-11","Eggs - Dozen",1,6.25
979,2025-12-19,"2025-12-11","Oat Porridge Bread - T - Each",1,8.8
979,2025-12-19,"2025-12-11","Pork Italian Bulk - D&M - Lb.",1,8
979,2025-12-19,"2025-12-11","Rice - Brown - Lb.",1,6
979,2025-12-19,"2025-12-11","Extra Credit - Each",13.8,1.06
979,2025-12-19,"2025-12-11","Half",1,68.89
704,2025-12-19,"2025-12-17","Eggs - BW - Dozen",2,6.25
704,2025-12-19,"2025-12-17","Stringbean Malawi Peaberry - Oz.",1,15.45
704,2025-12-19,"2025-12-17","Mothership Pickup Time (3.0 @4:30-5) - @4:30-5",1,0
704,2025-12-19,"2025-12-17","Beef - Stew Meat - Pack",1,10.25
704,2025-12-19,"2025-12-17","Extra Credit - Each",4.45,1.06
704,2025-12-19,"2025-12-17","FSA/FSD",1,64.37
371,2025-12-19,"2025-12-17","Chicken - Links ($10) - Each",1,10
371,2025-12-19,"2025-12-17","Eggs - Dozen",1,6.25
371,2025-12-19,"2025-12-17","Kairos Sourdough Choice $5 - Pack",1,5
371,2025-12-19,"2025-12-17","Missouri Pecans (1.0 Halves) - Halves",1,6.5
371,2025-12-19,"2025-12-17","Pancake Mix Wildcard $4.25 - Bag",1,4.25
371,2025-12-19,"2025-12-17","Half",1,68.89
482,2025-12-19,"2025-12-17","Eggs - BW - Dozen",2,6.25
482,2025-12-19,"2025-12-17","UCity Pickup Time - @4:30-5",1,0
482,2025-12-19,"2025-12-17","Applewood Smoked Cheddar - Each",1,6.5
482,2025-12-19,"2025-12-17","Bagels - Sesame Seed - BU - Bag",1,10.9
482,2025-12-19,"2025-12-17","Brussels Sprouts (1.0 Bag) - Bag",1,4
482,2025-12-19,"2025-12-17","Curds Garlic Herb HBC 10 oz  - Bag",1,6.5
482,2025-12-19,"2025-12-17","Ground Beef - D&M - Lb.",1,10.25
482,2025-12-19,"2025-12-17","Oat Porridge Bread - Wednesday - Loaf",1,8.8
482,2025-12-19,"2025-12-17","Potatoes - Regular - lbs",1,5.75
482,2025-12-19,"2025-12-17","Extra Credit - Each",35.95,1.06
482,2025-12-19,"2025-12-17","Mini",1,46.28
1410,2025-12-19,"2025-12-17","UCity Pickup Time - @4:30-5",1,0
1410,2025-12-19,"2025-12-17","Bagels - Everything - BU - Bag",1,10.9
1410,2025-12-19,"2025-12-17","Buttermilk Waffles Sourdough - Frozen - Pack",1,5
1410,2025-12-19,"2025-12-17","Chicken - Ground - Lb.",1,8.75
1410,2025-12-19,"2025-12-17","Missouri Pecans (1.0 Halves) - Halves",1,6.5
1410,2025-12-19,"2025-12-17","Half",1,68.89
1983,2025-12-19,"2025-12-17","Gouda - Cave Aged - Pack",1,6.5
1983,2025-12-19,"2025-12-17","Peanut Butter MC - Tub",1,7.75
1983,2025-12-19,"2025-12-17","Mothership Pickup Time (1.0 @3:30-4) - @3:30-4",1,0
1983,2025-12-19,"2025-12-17","Bagels - Everything - Frozen - Bag",1,6.75
1983,2025-12-19,"2025-12-17","Eggs - Dozen",2,6.25
1983,2025-12-19,"2025-12-17","Popcorn - McKaskle - Lb.",1,5.25
1983,2025-12-19,"2025-12-17","Extra Credit - Each",9.5,1.06
1983,2025-12-19,"2025-12-17","Mini",1,46.28
553,2025-12-19,"2025-12-17","Mothership Pickup Time (1.0 @3:30-4) - @3:30-4",1,0
553,2025-12-19,"2025-12-17","Curds Garlic Herb HBC 10 oz  - Bag",1,6.5
553,2025-12-19,"2025-12-17","Eggs - Dozen",1,6.25
553,2025-12-19,"2025-12-17","Ground Beef - D&M - Lb.",1,10.25
553,2025-12-19,"2025-12-17","Winter Squash - Butternut (1.0 Medium) - Medium",1,4
553,2025-12-19,"2025-12-17","Winter Squash - Mashed Potato - Each",1,2.25
553,2025-12-19,"2025-12-17","Mini",1,46.28
346,2025-12-19,"2025-12-17","Pizza - Tomato Basil Garlic  - Each",1,8
346,2025-12-19,"2025-12-17","Cinnamon Rolls - Pack",1,6.5
346,2025-12-19,"2025-12-17","Eggs - Dozen",1,6.25
346,2025-12-19,"2025-12-17","Sliced Summer Sausage - Bag",1,8.5
346,2025-12-19,"2025-12-17","Yogurt - Plain - Oz.",1,6.75
346,2025-12-19,"2025-12-17","Extra Credit - Each",4,1.06
346,2025-12-19,"2025-12-17","Half",1,68.89
1038,2025-12-19,"2025-12-17","Milk - Whole - Oz.",1,7.98
1038,2025-12-19,"2025-12-17","Mothership Pickup Time (1.0 @3:30-4) - @3:30-4",1,0
1038,2025-12-19,"2025-12-17","Eggs - Dozen",1,6.25
1038,2025-12-19,"2025-12-17","Mushrooms (1.0 Shiitake) - Shiitake",1,8.25
1038,2025-12-19,"2025-12-17","Yogurt - Plain - Oz.",1,6.75
1038,2025-12-19,"2025-12-17","Mini",1,46.28
1197,2025-12-19,"2025-12-17","Jam - Blackberry HBY - Pint",1,7.5
1197,2025-12-19,"2025-12-17","Cinnamon Rolls - Frozen - Pack",1,6.25
1197,2025-12-19,"2025-12-17","Curds Garlic Herb HBC 10 oz  - Bag",1,6.5
1197,2025-12-19,"2025-12-17","Eggnog - half gallon - Oz.",1,10.5
1197,2025-12-19,"2025-12-17","Eggs - Dozen",3,6.25
1197,2025-12-19,"2025-12-17","Ground Beef - Jersey MJC - Lb.",1,8.75
1197,2025-12-19,"2025-12-17","Extra Credit - Each",29,1.06
1197,2025-12-19,"2025-12-17","Mini",1,0
1197,2025-12-19,"2025-12-17","2% MILK",1,8.49
1039,2025-12-19,"2025-12-17","UCity Pickup Time (3.0 @5:30-6) - @5:30-6",1,0
1039,2025-12-19,"2025-12-17","Bacon - Uncured/lb - Pack",1,16.78
1039,2025-12-19,"2025-12-17","Chicken Thighs - Boneless/lb. - lbs",1,9.01
1039,2025-12-19,"2025-12-17","Eggs - Dozen",2,6.25
1039,2025-12-19,"2025-12-17","Ground Beef - D&M - Lb.",1,10.25
1039,2025-12-19,"2025-12-17","Ground Lamb  - Lb.",1,16
1039,2025-12-19,"2025-12-17","Olive Oil Large - Bottle",1,18.5
1039,2025-12-19,"2025-12-17","Pork - Brats Cheddar DM - 4-pack",1,8
1039,2025-12-19,"2025-12-17","Pork Breakfast Patties D&M - Pack",1,8.5
1039,2025-12-19,"2025-12-17","Semolina - Wednesday - Loaf",1,6.75
1039,2025-12-19,"2025-12-17","Extra Credit - Each",75.29,1.06
1039,2025-12-19,"2025-12-17","UCA/KWA",1,64.37
618,2025-12-19,"2025-12-17","Eggs - BW - Dozen",2,6.25
618,2025-12-19,"2025-12-17","Mothership Pickup Time (1.0 @3:30-4) - @3:30-4",1,0
618,2025-12-19,"2025-12-17","Janie's Bread - Wednesday - Each",1,6.75
618,2025-12-19,"2025-12-17","Oat Porridge Bread - Wednesday - Loaf",1,8.8
618,2025-12-19,"2025-12-17","Seedy Wheaty Bread - Loaf",1,3.5
618,2025-12-19,"2025-12-17","Yogurt - Vanilla - Oz.",1,6.75
618,2025-12-19,"2025-12-17","Extra Credit - Each",10.05,1.06
618,2025-12-19,"2025-12-17","FSC",1,64.37
180,2025-12-19,"2025-12-17","Potato Chips Original - Mini - Oz.",1,1.5
180,2025-12-19,"2025-12-17","UCity Pickup Time - @4:30-5",1,0
180,2025-12-19,"2025-12-17","Bagels - Everything - Frozen - Bag",1,6.75
180,2025-12-19,"2025-12-17","Chicken - Whole $4.75/lb. - Each",1,18.81
180,2025-12-19,"2025-12-17","Eggs - Dozen",1,6.25
180,2025-12-19,"2025-12-17","Potato Chips Kickers med - Oz.",1,3
180,2025-12-19,"2025-12-17","Yogurt - Vanilla - Oz.",1,6.75
180,2025-12-19,"2025-12-17","Extra Credit - Each",13.81,1.06
180,2025-12-19,"2025-12-17","Mini",1,46.28
1830,2025-12-19,"2025-12-17","Quark-Frozen - Tub",1,6.5
1830,2025-12-19,"2025-12-17","Mothership Pickup Time (2.0 @4-4:30) - @4-4:30",1,0
1830,2025-12-19,"2025-12-17","Cheese - Enzian Bleu Small - $ - Each",1,7.3
1830,2025-12-19,"2025-12-17","Olive Oil Large - Bottle",1,18.5
1830,2025-12-19,"2025-12-17","Radishes - Watermelon  - Lb.",1,5.25
1830,2025-12-19,"2025-12-17","Seedy Wheaty Bread - Loaf",1,3.5
1830,2025-12-19,"2025-12-17","Spinach - Bag",1,5.25
1830,2025-12-19,"2025-12-17","Yogurt - Plain - Oz.",1,6.75
1830,2025-12-19,"2025-12-17","Extra Credit - Each",16.8,1.06
1830,2025-12-19,"2025-12-17","FSA/FSD",1,64.37
1830,2025-12-19,"2025-12-17","2% MILK",1,8.49
390,2025-12-19,"2025-12-17","Mothership Pickup Time (4.0 @5-5:30) - @5-5:30",1,0
390,2025-12-19,"2025-12-17","Chicken - Breakfast Links - Each",1,10
390,2025-12-19,"2025-12-17","English Muffin Sourdough - Frozen - Pack",1,5
390,2025-12-19,"2025-12-17","Ground Beef - Jersey MJC - Lb.",1,8.75
390,2025-12-19,"2025-12-17","Oats - 1lb. (1.0 Rolled) - Rolled",1,3.75
390,2025-12-19,"2025-12-17","Pork - Bratwurst  - Pack",1,8
390,2025-12-19,"2025-12-17","Extra Credit - Each",3.5,1.06
390,2025-12-19,"2025-12-17","Half",1,68.89
390,2025-12-19,"2025-12-17","Whole MILK-e",1,8.49
1713,2025-12-19,"2025-12-17","Winter Squash - Acorn - Each",2,3.25
1713,2025-12-19,"2025-12-17","UCity Pickup Time - @4:30-5",1,0
1713,2025-12-19,"2025-12-17","Dark Chocolate Lolli - Each",1,1.75
1713,2025-12-19,"2025-12-17","Milk Chocolate Lolli - Each",1,1.75
1713,2025-12-19,"2025-12-17","Onions - Green - Bunch",1,3.5
1713,2025-12-19,"2025-12-17","Winter Squash - Butternut (1.0 Large) - Large",1,5
1713,2025-12-19,"2025-12-17","Extra Credit - Each",18.5,1.06
421,2025-12-19,"2025-12-17","Mothership Pickup Time (1.0 @3:30-4) - @3:30-4",1,0
421,2025-12-19,"2025-12-17","Cheese Choice $6.50 - Each",1,6.5
421,2025-12-19,"2025-12-17","Del Carmen Choice - Tub",1,6.25
421,2025-12-19,"2025-12-17","Eggnog - half gallon - Oz.",1,10.5
421,2025-12-19,"2025-12-17","Eggs - Dozen",1,6.25
421,2025-12-19,"2025-12-17","Ground Beef - D&M - Lb.",1,10.25
421,2025-12-19,"2025-12-17","Extra Credit - Each",5.5,1.06
421,2025-12-19,"2025-12-17","Mini",1,46.28
508,2025-12-19,"2025-12-17","Mothership Pickup Time (1.0 @3:30-4) - @3:30-4",1,0
508,2025-12-19,"2025-12-17","Buttermilk - Qt.  - Quart",1,6.5
508,2025-12-19,"2025-12-17","Beef - Stew Meat - Pack",1,10.25
508,2025-12-19,"2025-12-17","Dark Bar 61% - Package",1,2.75
508,2025-12-19,"2025-12-17","Dark Chocolate Almond Bar - Pack",1,4.8
508,2025-12-19,"2025-12-17","Eggs - Dozen",1,6.25
508,2025-12-19,"2025-12-17","Stringbean Ethiopian - Bag",1,15.45
508,2025-12-19,"2025-12-17","Extra Credit - Each",12.25,1.06
508,2025-12-19,"2025-12-17","FSA/FSD",1,64.37
49,2025-12-19,"2025-12-17","UCity Pickup Time - @4:30-5",1,0
49,2025-12-19,"2025-12-17","Cabbage - Red - Share",1,4.25
49,2025-12-19,"2025-12-17","Chicken - Ground - Lb.",1,8.75
1203,2025-12-19,"2025-12-17","Cheddar - Tipsy - Package",1,6.5
1203,2025-12-19,"2025-12-17","Mothership Pickup Time (2.0 @4-4:30) - @4-4:30",1,0
1203,2025-12-19,"2025-12-17","Cheese - Grisontaler Small - $ - Each",1,7.82
1203,2025-12-19,"2025-12-17","Curds Applewood Smoked 10 oz - Bag",1,6.5
1203,2025-12-19,"2025-12-17","Eggs - Dozen",2,6.25
1203,2025-12-19,"2025-12-17","Onions - Green - Bunch",1,3.5
1203,2025-12-19,"2025-12-17","Extra Credit - Each",3.07,1.06
1203,2025-12-19,"2025-12-17","FSA/FSD",1,64.37
892,2025-12-19,"2025-12-17","UCity Pickup Time - @4:30-5",1,0
892,2025-12-19,"2025-12-17","Apples - Rome - Bag",1,5.75
892,2025-12-19,"2025-12-17","Gnocchi - Sweet Potato  - Lb.",1,6.5
892,2025-12-19,"2025-12-17","Kairos Sourdough Choice $5 - Pack",1,5
892,2025-12-19,"2025-12-17","Missouri Pecans (1.0 Halves) - Halves",1,6.5
892,2025-12-19,"2025-12-17","Oat Porridge Bread - Wednesday - Loaf",1,8.8
892,2025-12-19,"2025-12-17","Pancake Mix Wildcard $4.25 - Bag",1,4.25
892,2025-12-19,"2025-12-17","Extra Credit - Each",4.8,1.06
892,2025-12-19,"2025-12-17","Half",1,68.89
444,2025-12-19,"2025-12-17","UCity Pickup Time - @4:30-5",1,0
444,2025-12-19,"2025-12-17","Bacon - Uncured/lb - Pack",1,16.17
444,2025-12-19,"2025-12-17","Bagels - Everything - BU - Bag",1,10.9
444,2025-12-19,"2025-12-17","RL Chocolate Milk - Bottle",4,2.75
444,2025-12-19,"2025-12-17","Salame - Calabrese - Package",1,12.35
444,2025-12-19,"2025-12-17","Winter Squash - Butternut (1.0 Medium) - Medium",2,4
444,2025-12-19,"2025-12-17","Extra Credit - Each",27.42,1.06
444,2025-12-19,"2025-12-17","UCA/KWA",1,64.37
828,2025-12-19,"2025-12-17","Pizza - Pepperoni  - Each",1,8
828,2025-12-19,"2025-12-17","Pizza - Sausage Pepperoni - Each",1,8
828,2025-12-19,"2025-12-17","Pizza - Tomato Basil Garlic  - Each",1,8
828,2025-12-19,"2025-12-17","Pizza - Bacon Bacon   - Each",1,8
828,2025-12-19,"2025-12-17","Extra Credit - Each",2.75,1.06
828,2025-12-19,"2025-12-17","Mini",1,46.28
1543,2025-12-19,"2025-12-17","Mothership Pickup Time (2.0 @4-4:30) - @4-4:30",1,0
1543,2025-12-19,"2025-12-17","Chicken Links - Sundried Tomato - lbs",2,10
1543,2025-12-19,"2025-12-17","Eggs - Dozen",1,6.25
1543,2025-12-19,"2025-12-17","RL Chocolate Milk - Bottle",2,2.75
1543,2025-12-19,"2025-12-17","Yogurt - Plain - Oz.",1,6.75
1543,2025-12-19,"2025-12-17","Extra Credit - Each",4.75,1.06
1543,2025-12-19,"2025-12-17","FSA/FSD",1,64.37
472,2025-12-19,"2025-12-17","Black Bean Dip - Tub",1,6.25
472,2025-12-19,"2025-12-17","Black Beans DC - Tub",1,6.25
472,2025-12-19,"2025-12-17","Eggs - Dozen",1,6.25
472,2025-12-19,"2025-12-17","Ground Beef - Jersey MJC - Lb.",1,8.75
472,2025-12-19,"2025-12-17","Pork Snack Sticks - 5 pk - Plain",1,8.25
472,2025-12-19,"2025-12-17","Yogurt - Blueberry - Oz.",1,6.75
472,2025-12-19,"2025-12-17","Extra Credit - Each",10.5,1.06
472,2025-12-19,"2025-12-17","Half",1,68.89
1286,2025-12-19,"2025-12-17","Ground Turkey - Pack",1,8.75
1286,2025-12-19,"2025-12-17","Mothership Pickup Time (1.0 @3:30-4) - @3:30-4",1,0
1286,2025-12-19,"2025-12-17","Black Beans DC - Tub",1,6.25
1286,2025-12-19,"2025-12-17","Carrots no tops - Lb.",1,5.75
1286,2025-12-19,"2025-12-17","Chicken Bones - SM/lb.* - Bag",1,6.55
1286,2025-12-19,"2025-12-17","Chicken Thighs -/lb*. - Wee - Pack",2,5.98
1286,2025-12-19,"2025-12-17","Dark Chocolate Almond Bar - Pack",2,4.8
1286,2025-12-19,"2025-12-17","Eggs - Dozen",1,6.25
1286,2025-12-19,"2025-12-17","FF Grits - Smoked Cheddar - Pint",1,10.5
1286,2025-12-19,"2025-12-17","Potatoes - Sweet - lbs",1,5.75
1286,2025-12-19,"2025-12-17","Potatoes - Yukon Gold - lbs",1,6
1286,2025-12-19,"2025-12-17","Yogurt - Vanilla - Oz.",1,6.75
1286,2025-12-19,"2025-12-17","Extra Credit - Each",55.86,1.06
1286,2025-12-19,"2025-12-17","FSC",1,64.37
1920,2025-12-19,"2025-12-17","UCity Pickup Time (3.0 @5:30-6) - @5:30-6",1,0
1920,2025-12-19,"2025-12-17","Bagels - Plain - Frozen - Each",1,6.75
1920,2025-12-19,"2025-12-17","Eggs - Dozen",1,6.25
1920,2025-12-19,"2025-12-17","FF Dish - Cauliflower Curry - Pint",1,11.5
1920,2025-12-19,"2025-12-17","Multigrain Bread - Frozen - Loaf",1,6.25
1920,2025-12-19,"2025-12-17","Pasta Bi-color Short - Lb.",1,6.5
1920,2025-12-19,"2025-12-17","Short Ribs/lbs. - lbs",3,16.71
1920,2025-12-19,"2025-12-17","Extra Credit - Each",55.38,1.06
1920,2025-12-19,"2025-12-17","Half",1,68.89
30,2025-12-19,"2025-12-17","Mothership Pickup Time (2.0 @4-4:30) - @4-4:30",1,0
30,2025-12-19,"2025-12-17","Chicken - Ground - Lb.",1,8.75
30,2025-12-19,"2025-12-17","Curry Sauce (1.0 Green) - Green",1,11.5
30,2025-12-19,"2025-12-17","Eggs - Dozen",1,6.25
30,2025-12-19,"2025-12-17","Pancake Mix Wildcard $4.25 - Bag",1,4.25
30,2025-12-19,"2025-12-17","Winter Squash - Red Kuri - Each",1,2
30,2025-12-19,"2025-12-17","Extra Credit - Each",0.75,1.06
30,2025-12-19,"2025-12-17","Half",1,68.89
981,2025-12-19,"2025-12-17","UCity Pickup Time (2.0 @5-5:30) - @5-5:30",1,0
981,2025-12-19,"2025-12-17","Brussels Sprouts (1.0 Bag) - Bag",1,4
981,2025-12-19,"2025-12-17","Eggs - Dozen",2,6.25
981,2025-12-19,"2025-12-17","Potatoes - Yukon Gold - lbs",1,6
981,2025-12-19,"2025-12-17","Yogurt - Vanilla - Oz.",1,6.75
981,2025-12-19,"2025-12-17","Mini",1,46.28
1699,2025-12-19,"2025-12-17","Ground Turkey - Pack",1,8.75
1699,2025-12-19,"2025-12-17","Pizza - Pepperoni  - Each",1,8
1699,2025-12-19,"2025-12-17","UCity Pickup Time - @4:30-5",1,0
1699,2025-12-19,"2025-12-17","Hoagie - Wednesday - Each",1,3.35
1699,2025-12-19,"2025-12-17","Potatoes - Sweet - lbs",1,5.75
1699,2025-12-19,"2025-12-17","RL Eggnog 16 oz - Pint",1,6.5
1699,2025-12-19,"2025-12-17","Extra Credit - Each",1.35,1.06
1699,2025-12-19,"2025-12-17","UCA/KWA",1,64.37
1200,2025-12-19,"2025-12-17","Honey - Qt. - Jar",1,20
1200,2025-12-19,"2025-12-17","Hummus - Beet & Pepita - Tub",1,6.75
1200,2025-12-19,"2025-12-17","Onions - Green - Bunch",1,3.5
1200,2025-12-19,"2025-12-17","Extra Credit - Each",30.25,1.06
570,2025-12-19,"2025-12-17","UCity Pickup Time - @4:30-5",1,0
570,2025-12-19,"2025-12-17","Apple Sauce - Organic Qt. - Quart",1,10.5
570,2025-12-19,"2025-12-17","Pasta Long Bi-color - Lb.",1,6.5
570,2025-12-19,"2025-12-17","Pork - Breakfast ($8) - Pack",1,8
570,2025-12-19,"2025-12-17","Rice - Brown - Lb.",1,6
570,2025-12-19,"2025-12-17","UCA/KWA",1,64.37
541,2025-12-19,"2025-12-17","Milk - 2%  - Oz.",1,7.98
541,2025-12-19,"2025-12-17","Stringbean Red Eye  - Oz.",1,15.45
541,2025-12-19,"2025-12-17","UCity Pickup Time (2.0 @5-5:30) - @5-5:30",1,0
541,2025-12-19,"2025-12-17","Apples - Golden Delicious - Bag",1,5.75
541,2025-12-19,"2025-12-17","Jar Tomatoes - Quart",1,7.5
541,2025-12-19,"2025-12-17","Extra Credit - Each",5.68,1.06
541,2025-12-19,"2025-12-17","UCA/KWA",1,64.37
1928,2025-12-19,"2025-12-17","UCity Pickup Time - @4:30-5",1,0
1928,2025-12-19,"2025-12-17","Bread Pudding - Muffin - Froz. - Each",3,4
1928,2025-12-19,"2025-12-17","Chicken - Links ($10) - Each",1,10
1928,2025-12-19,"2025-12-17","Eggs - Dozen",2,6.25
1928,2025-12-19,"2025-12-17","Extra Credit - Each",2.5,1.06
1928,2025-12-19,"2025-12-17","Half",1,68.89
1559,2025-12-19,"2025-12-17","Stringbean Brazilian - Oz.",1,15.45
1559,2025-12-19,"2025-12-17","UCity Pickup Time (3.0 @5:30-6) - @5:30-6",1,0
1559,2025-12-19,"2025-12-17","Arugula - Bag",2,4
1559,2025-12-19,"2025-12-17","Bacon Ends /lb. - Package",1,11.07
1559,2025-12-19,"2025-12-17","Black Beans DC - Tub",1,6.25
1559,2025-12-19,"2025-12-17","Brisket - whole/lb. - lbs",1,48.38
1559,2025-12-19,"2025-12-17","Cabbage - Red - Share",1,4.25
1559,2025-12-19,"2025-12-17","Celery - Head",2,3.5
1559,2025-12-19,"2025-12-17","Coffee Stringbean Decaf - Bag",1,15.45
1559,2025-12-19,"2025-12-17","Eggs - Dozen",1,6.25
1559,2025-12-19,"2025-12-17","Hoagie - Wednesday - Each",1,3.35
1559,2025-12-19,"2025-12-17","Janie's Bread - Wednesday - Each",1,6.75
1559,2025-12-19,"2025-12-17","Marbled Rye -Wednesday - Loaf",1,8.35
1559,2025-12-19,"2025-12-17","Oat Porridge Bread - Wednesday - Loaf",1,8.8
1559,2025-12-19,"2025-12-17","Rice - Basmati Brown - Lb.",1,6.75
1559,2025-12-19,"2025-12-17","Sesame Hoagie -W - Each",1,3.6
1559,2025-12-19,"2025-12-17","Shoots - Fenugreek - Share",1,4.25
1559,2025-12-19,"2025-12-17","Extra Credit - Each",132.2,1.06
1559,2025-12-19,"2025-12-17","Mini",1,38.3
1098,2025-12-19,"2025-12-17","Eggs - BW - Dozen",1,6.25
1098,2025-12-19,"2025-12-17","Stringbean Peru - Oz.",1,15.45
1098,2025-12-19,"2025-12-17","Pizza - Tomato Basil Garlic  - Each",1,8
1098,2025-12-19,"2025-12-17","UCity Pickup Time - @4:30-5",1,0
1098,2025-12-19,"2025-12-17","Chicken - Breakfast Links - Each",1,10
1098,2025-12-19,"2025-12-17","Chicken - Thighs /lbs  - lbs",1,6.9
1098,2025-12-19,"2025-12-17","Chicken Breasts /lb. - Pack",1,18.65
1098,2025-12-19,"2025-12-17","Mushrooms (1.0 Oyster) - Oyster",1,8.25
1098,2025-12-19,"2025-12-17","Onions - Green - Bunch",1,3.5
1098,2025-12-19,"2025-12-17","Semolina - Wednesday - Loaf",1,6.75
1098,2025-12-19,"2025-12-17","Spinach - Bag",1,5.25
1098,2025-12-19,"2025-12-17","Extra Credit - Each",58,1.06
1098,2025-12-19,"2025-12-17","UCA/KWA",1,64.37
986,2025-12-19,"2025-12-17","Mothership Pickup Time (4.0 @5-5:30) - @5-5:30",1,0
986,2025-12-19,"2025-12-17","Boneless Pork Chop - D&M /lb - Lb.",1,16.5
986,2025-12-19,"2025-12-17","Chicken - Links ($10) - Each",1,10
986,2025-12-19,"2025-12-17","Eggs - Dozen",1,6.25
986,2025-12-19,"2025-12-17","Lamb Chops/lb. DM - Each",1,22.5
986,2025-12-19,"2025-12-17","Missouri Pecans (1.0 Halves) - Halves",1,6.5
986,2025-12-19,"2025-12-17","Pork Italian Bulk - D&M - Lb.",1,8
986,2025-12-19,"2025-12-17","Extra Credit - Each",32.25,1.06
986,2025-12-19,"2025-12-17","Half",1,68.89
1896,2025-12-19,"2025-12-17","Cheese Choice $6.50 - Each",1,6.5
1896,2025-12-19,"2025-12-17","Del Carmen Choice - Tub",1,6.25
1896,2025-12-19,"2025-12-17","Eggs - Dozen",1,6.25
1896,2025-12-19,"2025-12-17","Ground Beef - D&M - Lb.",1,10.25
1896,2025-12-19,"2025-12-17","Mini",1,46.28
1309,2025-12-19,"2025-12-17","Mothership Pickup Time (1.0 @3:30-4) - @3:30-4",1,0
1309,2025-12-19,"2025-12-17","Cabbage - Red - Share",1,4.25
1309,2025-12-19,"2025-12-17","Eggs - Dozen",1,6.25
1309,2025-12-19,"2025-12-17","Honey - Qt. - Jar",1,20
1309,2025-12-19,"2025-12-17","Potato Chips Kickers med - Oz.",1,3
1309,2025-12-19,"2025-12-17","Rice - Brown - Lb.",1,6
1309,2025-12-19,"2025-12-17","Spinach - Bag",1,5.25
1309,2025-12-19,"2025-12-17","Winter Squash - Butternut (1.0 Medium) - Medium",1,4
1309,2025-12-19,"2025-12-17","Winter Squash - Spaghetti (1.0 Large) - Large",1,4.75
1309,2025-12-19,"2025-12-17","Extra Credit - Each",19.75,1.06
1000,2025-12-19,"2025-12-17","UCity Pickup Time (3.0 @5:30-6) - @5:30-6",1,0
1000,2025-12-19,"2025-12-17","Manicotti - Spinach - Package",1,9.8
1000,2025-12-19,"2025-12-17","Semolina - Wednesday - Loaf",1,6.75
1000,2025-12-19,"2025-12-17","Yogurt - Vanilla - Oz.",1,6.75
1000,2025-12-19,"2025-12-17","oo'ma'me - Mexican - Jar",1,12
1000,2025-12-19,"2025-12-17","Extra Credit - Each",4.3,1.06
1000,2025-12-19,"2025-12-17","UCA/KWA",1,64.37
1040,2025-12-19,"2025-12-17","Chicken - Links ($10) - Each",1,10
1040,2025-12-19,"2025-12-17","Missouri Pecans (1.0 Halves) - Halves",2,6.5
1040,2025-12-19,"2025-12-17","Pancake Mix Wildcard $4.25 - Bag",1,4.25
1040,2025-12-19,"2025-12-17","Pizza Sourdough - Frozen - Pack",1,5
1040,2025-12-19,"2025-12-17","Extra Credit - Each",0.25,1.06
1040,2025-12-19,"2025-12-17","Half",1,68.89
718,2025-12-19,"2025-12-17","Mothership Pickup Time (2.0 @4-4:30) - @4-4:30",1,0
718,2025-12-19,"2025-12-17","Beef - Stew Meat - Pack",1,10.25
718,2025-12-19,"2025-12-17","Eggs - Dozen",1,6.25
718,2025-12-19,"2025-12-17","Wildcard $10.5 - Each",1,10.5
718,2025-12-19,"2025-12-17","Yogurt Choice  - Each",1,6.75
718,2025-12-19,"2025-12-17","FSA/FSD",1,64.37
207,2025-12-19,"2025-12-17","Apples - Rome - Bag",1,5.75
207,2025-12-19,"2025-12-17","Brussels Sprouts (1.0 Bag) - Bag",1,4
207,2025-12-19,"2025-12-17","Cheese Choice $6.50 - Each",1,6.5
207,2025-12-19,"2025-12-17","Croissants - Pack",2,4.5
207,2025-12-19,"2025-12-17","Eggs - Dozen",2,6.25
207,2025-12-19,"2025-12-17","Mushrooms (1.0 Shiitake) - Shiitake",1,8.25
207,2025-12-19,"2025-12-17","Tomatoes - Slicing - Bag",2,6.5
207,2025-12-19,"2025-12-17","Extra Credit - Each",29.75,1.06
207,2025-12-19,"2025-12-17","Mini",1,46.28
100,2025-12-19,"2025-12-17","Mothership Pickup Time (3.0 @4:30-5) - @4:30-5",1,0
100,2025-12-19,"2025-12-17","Boneless Pork Chop - D&M /lb - Lb.",1,16.94
100,2025-12-19,"2025-12-17","Eggs - Dozen",1,6.25
100,2025-12-19,"2025-12-17","Ground Beef - D&M - Lb.",1,10.25
100,2025-12-19,"2025-12-17","Shoots - Pea - Bag",1,4.25
100,2025-12-19,"2025-12-17","Extra Credit - Each",8.44,1.06
100,2025-12-19,"2025-12-17","Mini",1,46.28
178,2025-12-19,"2025-12-17","Curry Sauce (1.0 Mango) - Mango",1,11.5
178,2025-12-19,"2025-12-17","Eggs - Dozen",1,6.25
178,2025-12-19,"2025-12-17","Hoagie - Wednesday - Each",1,3.35
178,2025-12-19,"2025-12-17","Marinara Sauce - Jar",1,8.75
178,2025-12-19,"2025-12-17","Seedy Wheaty Bread - Loaf",1,3.5
178,2025-12-19,"2025-12-17","Extra Credit - Each",1.35,1.06
178,2025-12-19,"2025-12-17","Half",1,68.89
98,2025-12-19,"2025-12-17","Jam - Blackberry HBY - Pint",1,7.5
98,2025-12-19,"2025-12-17","UCity Pickup Time (2.0 @5-5:30) - @5-5:30",1,0
98,2025-12-19,"2025-12-17","Apple Butter - Organic - Pint",1,7.5
98,2025-12-19,"2025-12-17","Honey - Pint - Jar",1,10.75
98,2025-12-19,"2025-12-17","Marshmallow Pie - Each",1,8
98,2025-12-19,"2025-12-17","Extra Credit - Each",33.75,1.06
99,2025-12-19,"2025-12-17","Ground Turkey - Pack",1,8.75
99,2025-12-19,"2025-12-17","Peanut Butter MC - Tub",1,7.75
99,2025-12-19,"2025-12-17","Mothership Pickup Time (6.0 @6-6:30) - @6-6:30",1,0
99,2025-12-19,"2025-12-17","Bagels - Honey Buckwheat - BU - Bag",1,10.9
99,2025-12-19,"2025-12-17","Chicken - Breakfast - Pack",1,10
99,2025-12-19,"2025-12-17","Chicken Links - Lemon Pepper - Lb.",1,10
99,2025-12-19,"2025-12-17","Eggs - Dozen",2,6.25
99,2025-12-19,"2025-12-17","Popped Corn - Organic - Bag",1,3
325,2025-12-19,"2025-12-17","Milk - Creamline - Oz.",1,7.98
325,2025-12-19,"2025-12-17","Mothership Pickup Time (1.0 @3:30-4) - @3:30-4",1,0
325,2025-12-19,"2025-12-17","Cabbage - Green (1.0 Medium) - Medium",1,4
325,2025-12-19,"2025-12-17","Eggs - Dozen",1,6.25
325,2025-12-19,"2025-12-17","Missouri Pecans (1.0 Halves) - Halves",1,6.5
325,2025-12-19,"2025-12-17","Mushrooms - Chestnut - Bag",2,8.25
325,2025-12-19,"2025-12-17","Tomatoes - Slicing - Bag",1,6.5
325,2025-12-19,"2025-12-17","Extra Credit - Each",15.73,1.06
325,2025-12-19,"2025-12-17","Half",1,68.89
325,2025-12-19,"2025-12-17","Whole MILK-e",1,8.49
637,2025-12-19,"2025-12-17","Mothership Pickup Time (1.0 @3:30-4) - @3:30-4",1,0
637,2025-12-19,"2025-12-17","Bagels - Sesame Seed - BU - Bag",1,10.9
637,2025-12-19,"2025-12-17","Chicken - Links ($10) - Each",1,10
637,2025-12-19,"2025-12-17","Eggs - Dozen",2,6.25
637,2025-12-19,"2025-12-17","Kairos Sourdough Choice $5 - Pack",1,5
637,2025-12-19,"2025-12-17","Extra Credit - Each",6.4,1.06
637,2025-12-19,"2025-12-17","Half",1,68.89
708,2025-12-19,"2025-12-17","UCity Pickup Time (3.0 @5:30-6) - @5:30-6",1,0
708,2025-12-19,"2025-12-17","Bagels - Everything - BU - Bag",1,10.9
708,2025-12-19,"2025-12-17","Brussels Sprouts (1.0 Stalk) - Stalk",2,4.75
708,2025-12-19,"2025-12-17","Lip Balm (1.0 Honey Vanilla) - Honey Vanilla",1,3.5
708,2025-12-19,"2025-12-17","Rice - Basmati White - Lb.",1,6.75
708,2025-12-19,"2025-12-17","Yogurt - Plain - Oz.",1,6.75
708,2025-12-19,"2025-12-17","Extra Credit - Each",5.4,1.06
708,2025-12-19,"2025-12-17","Half",1,68.89
422,2025-12-19,"2025-12-17","Chicken - Ground - Lb.",1,8.75
422,2025-12-19,"2025-12-17","Grains Wildcard $4.75 - Each",1,4.75
422,2025-12-19,"2025-12-17","Mushrooms - Choice",1,8.25
422,2025-12-19,"2025-12-17","Pasta Bi-color Short - Lb.",1,6.5
422,2025-12-19,"2025-12-17","FSC",1,64.37
422,2025-12-19,"2025-12-17","Creamline MILK",2,8.49
659,2025-12-19,"2025-12-17","UCity Pickup Time (2.0 @5-5:30) - @5-5:30",1,0
659,2025-12-19,"2025-12-17","Bacon - Each",2,12.75
659,2025-12-19,"2025-12-17","Eggs - Dozen",2,6.25
659,2025-12-19,"2025-12-17","Extra Credit - Each",6,1.06
659,2025-12-19,"2025-12-17","Half",1,68.89
837,2025-12-19,"2025-12-17","Chicken - BULK Breasts /lb. - Pack",1,36.58
837,2025-12-19,"2025-12-17","Chicken - Big Bag Deboned Thighs/lb. - Bag",1,39.52
837,2025-12-19,"2025-12-17","Ground Turkey - Pack",2,8.75
837,2025-12-19,"2025-12-17","Mothership Pickup Time (2.0 @4-4:30) - @4-4:30",1,0
837,2025-12-19,"2025-12-17","Chicken Bones - SM/lb.* - Bag",1,6.7
837,2025-12-19,"2025-12-17","Chicken Feet /lb - Package",1,5.53
837,2025-12-19,"2025-12-17","Eggs - Dozen",2,6.25
837,2025-12-19,"2025-12-17","Winter Squash - Georgia Candy Roaster - Each",1,6.5
837,2025-12-19,"2025-12-17","Extra Credit - Each",88.58,1.06
837,2025-12-19,"2025-12-17","FSA/FSD",1,64.37
34,2025-12-19,"2025-12-17","Mothership Pickup Time (1.0 @3:30-4) - @3:30-4",1,0
34,2025-12-19,"2025-12-17","Black Bean Dip - Tub",1,6.25
34,2025-12-19,"2025-12-17","Chevre PF (1.0 Herb) - Herb",1,8.5
34,2025-12-19,"2025-12-17","Chips - Tortilla - Bag",1,4.25
34,2025-12-19,"2025-12-17","Cinnamon Rolls - Pack",1,6.5
34,2025-12-19,"2025-12-17","Mushrooms - Hen of the Woods/Maitake - Bag",1,8.25
34,2025-12-19,"2025-12-17","FSA/FSD",1,64.37
859,2025-12-19,"2025-12-17","Ground Turkey - Pack",1,8.75
859,2025-12-19,"2025-12-17","Eggs - BW - Dozen",2,6.25
859,2025-12-19,"2025-12-17","UCity Pickup Time - @4:30-5",1,0
859,2025-12-19,"2025-12-17","Bagels - Honey Buckwheat - BU - Bag",1,10.9
859,2025-12-19,"2025-12-17","Janie's Bread - Wednesday - Each",1,6.75
859,2025-12-19,"2025-12-17","Pork - Ground  - Lb.",1,7.25
859,2025-12-19,"2025-12-17","Extra Credit - Each",16.9,1.06
859,2025-12-19,"2025-12-17","Mini",1,46.28
351,2025-12-19,"2025-12-17","Mothership Pickup Time (1.0 @3:30-4) - @3:30-4",1,0
351,2025-12-19,"2025-12-17","Crunchy Peanut Butter - Jar",1,7.75
351,2025-12-19,"2025-12-17","Hoagie - Wednesday - Each",1,3.35
351,2025-12-19,"2025-12-17","Honey - Qt. - Jar",1,20
351,2025-12-19,"2025-12-17","Maple Syrup 12 oz. - Jar",1,12.5
351,2025-12-19,"2025-12-17","Marinara Sauce - Jar",1,8.75
351,2025-12-19,"2025-12-17","Mushrooms (1.0 Shiitake) - Shiitake",1,8.25
351,2025-12-19,"2025-12-17","Tortellini - Goat Cheese - Pack",1,9
351,2025-12-19,"2025-12-17","Extra Credit - Each",37.6,1.06
351,2025-12-19,"2025-12-17","Half",1,68.89
401,2025-12-19,"2025-12-17","UCity Pickup Time - @4:30-5",1,0
401,2025-12-19,"2025-12-17","Brussels Sprouts (1.0 Bag) - Bag",1,4
401,2025-12-19,"2025-12-17","Cauliflower - Romanesco - Lb.",1,6.5
401,2025-12-19,"2025-12-17","Kohlrabi  - Head",1,3
401,2025-12-19,"2025-12-17","Leeks - Each",1,4
401,2025-12-19,"2025-12-17","Onions - Green - Bunch",1,3.5
401,2025-12-19,"2025-12-17","Popped Corn - Organic - Bag",3,3
401,2025-12-19,"2025-12-17","Radishes - Watermelon  - Lb.",1,5.25
401,2025-12-19,"2025-12-17","Shoots - Pea - Bag",1,4.25
401,2025-12-19,"2025-12-17","Extra Credit - Each",10.25,1.06
401,2025-12-19,"2025-12-17","Mini",1,46.28
1818,2025-12-19,"2025-12-17","Havarti - MJC - Pack",1,6.5
1818,2025-12-19,"2025-12-17","Jam - Red Raspberry HBY - Pint",1,7.5
1818,2025-12-19,"2025-12-17","UCity Pickup Time - @4:30-5",1,0
1818,2025-12-19,"2025-12-17","Chicken - Thighs /lbs  - lbs",1,6.67
1818,2025-12-19,"2025-12-17","Eggs - Dozen",1,6.25
1818,2025-12-19,"2025-12-17","Pork - Tenderloin/lb - Lb.",1,13.23
1818,2025-12-19,"2025-12-17","Tortellini - Cheese - Lb.",1,9
1818,2025-12-19,"2025-12-17","Extra Credit - Each",19.9,1.06
1818,2025-12-19,"2025-12-17","Mini",1,38.3
326,2025-12-19,"2025-12-17","Milk - Skim  - Oz.",1,7.98
326,2025-12-19,"2025-12-17","Brioche - Loaf - Frozen - Lb.",1,7
326,2025-12-19,"2025-12-17","Jar Tomatoes - Quart",3,7.5
326,2025-12-19,"2025-12-17","Mushrooms - Hen of the Woods/Maitake - Bag",1,8.25
326,2025-12-19,"2025-12-17","Shoots - Pea - Bag",1,4.25
326,2025-12-19,"2025-12-17","Extra Credit - Each",21.73,1.06
326,2025-12-19,"2025-12-17","FSC",1,64.37
1155,2025-12-19,"2025-12-17","Ground Turkey - Pack",1,8.75
1155,2025-12-19,"2025-12-17","Mothership Pickup Time (2.0 @4-4:30) - @4-4:30",1,0
1155,2025-12-19,"2025-12-17","Chicken Breasts /lb. - Pack",1,17.99
1155,2025-12-19,"2025-12-17","Eggs - Dozen",1,6.25
1155,2025-12-19,"2025-12-17","Missouri Pecans (1.0 Halves) - Halves",1,6.5
1155,2025-12-19,"2025-12-17","Pork - Tenderloin/lb - Lb.",1,18.62
1155,2025-12-19,"2025-12-17","Extra Credit - Each",26.11,1.06
1155,2025-12-19,"2025-12-17","Half",1,68.89
1923,2025-12-19,"2025-12-17","Apple Sauce - Organic Qt. - Quart",1,10.5
1923,2025-12-19,"2025-12-17","Apples - Golden Delicious - Bag",1,5.75
1923,2025-12-19,"2025-12-17","Hoagie - Wednesday - Each",1,3.35
1923,2025-12-19,"2025-12-17","Light and Mild - T - Loaf",1,8
1923,2025-12-19,"2025-12-17","Pork Link Choice ($8) - Each",1,8
1923,2025-12-19,"2025-12-17","Wildcard $6.00 - Each",1,6
1923,2025-12-19,"2025-12-17","Winter Squash - Butternut (1.0 Medium) - Medium",1,4
1923,2025-12-19,"2025-12-17","Extra Credit - Each",14.6,1.06
1923,2025-12-19,"2025-12-17","UCA/KWA",1,64.37
1498,2025-12-19,"2025-12-17","Cheese Choice $6.50 - Each",1,6.5
1498,2025-12-19,"2025-12-17","Del Carmen Choice - Tub",1,6.25
1498,2025-12-19,"2025-12-17","Eggs - Dozen",1,6.25
1498,2025-12-19,"2025-12-17","Ground Beef - D&M - Lb.",1,10.25
1498,2025-12-19,"2025-12-17","Mini",1,46.28
526,2025-12-19,"2025-12-17","Eggs - Dozen",1,6.25
526,2025-12-19,"2025-12-17","Ground Lamb  - Lb.",1,16
526,2025-12-19,"2025-12-17","Light and Mild - Wednesday - Loaf",1,8
526,2025-12-19,"2025-12-17","RL Chocolate Milk - Bottle",2,2.75
526,2025-12-19,"2025-12-17","Extra Credit - Each",6.5,1.06
526,2025-12-19,"2025-12-17","Mini",1,46.28
42,2025-12-19,"2025-12-17","Eggs - BW - Dozen",1,6.25
42,2025-12-19,"2025-12-17","UCity Pickup Time - @4:30-5",1,0
42,2025-12-19,"2025-12-17","Gr. Beef Bundle DM ( 5-pack) - Each",1,48.75
42,2025-12-19,"2025-12-17","Marinara Sauce - Jar",2,8.75
42,2025-12-19,"2025-12-17","Missouri Pecans (1.0 Halves) - Halves",1,6.5
42,2025-12-19,"2025-12-17","Pink Sauce - Oz.",1,8.75
42,2025-12-19,"2025-12-17","Extra Credit - Each",56.75,1.06
42,2025-12-19,"2025-12-17","UCA/KWA",1,64.37
544,2025-12-19,"2025-12-17","Ground Turkey - Pack",1,8.75
544,2025-12-19,"2025-12-17","Chicken - Ground - Lb.",1,8.75
544,2025-12-19,"2025-12-17","Cinnamon Rolls - Pack",1,6.5
544,2025-12-19,"2025-12-17","Eggs - Dozen",1,6.25
544,2025-12-19,"2025-12-17","Kairos Sourdough Choice $5 - Pack",1,5
544,2025-12-19,"2025-12-17","Missouri Pecans (1.0 Halves) - Halves",1,6.5
544,2025-12-19,"2025-12-17","Pancake Mix Wildcard $4.25 - Bag",1,4.25
544,2025-12-19,"2025-12-17","Salmon - Fillet Pieces/LB* - Each",1,8.96
544,2025-12-19,"2025-12-17","Extra Credit - Each",22.96,1.06
544,2025-12-19,"2025-12-17","Half",1,68.89
493,2025-12-19,"2025-12-17","Eggs - Dozen",1,6.25
493,2025-12-19,"2025-12-17","Missouri Pecans (1.0 Halves) - Halves",1,6.5
493,2025-12-19,"2025-12-17","Pork Andouille Links - D&M - Each",1,8
493,2025-12-19,"2025-12-17","Pork Breakfast Patties D&M - Pack",1,8.5
493,2025-12-19,"2025-12-17","Thick Cut Dill Pickles - Quart",1,7.75
493,2025-12-19,"2025-12-17","Extra Credit - Each",5,1.06
493,2025-12-19,"2025-12-17","Half",1,68.89
1030,2025-12-19,"2025-12-17","Eggs - BW - Dozen",1,6.25
1030,2025-12-19,"2025-12-17","UCity Pickup Time (2.0 @5-5:30) - @5-5:30",1,0
1030,2025-12-19,"2025-12-17","Apple Sauce - Organic Qt. - Quart",1,10.5
1030,2025-12-19,"2025-12-17","Dark Bar 61% - Package",4,2.75
1030,2025-12-19,"2025-12-17","Dark Chocolate Square  - Each",1,1.75
1030,2025-12-19,"2025-12-17","Milk Chocolate Bar - Pack",3,2.75
1030,2025-12-19,"2025-12-17","Toffee - Package",1,6.45
1030,2025-12-19,"2025-12-17","Yogurt - Plain - Oz.",1,6.75
1030,2025-12-19,"2025-12-17","Extra Credit - Each",19.95,1.06
1030,2025-12-19,"2025-12-17","UCA/KWA",1,64.37
1717,2025-12-19,"2025-12-17","UCity Pickup Time - @4:30-5",1,0
1717,2025-12-19,"2025-12-17","Bacon - Each",1,12.75
1717,2025-12-19,"2025-12-17","Bagels - Raisin - Bag",1,6.75
1717,2025-12-19,"2025-12-17","Eggs - Dozen",1,6.25
1717,2025-12-19,"2025-12-17","Pancake Mix Wildcard $4.25 - Bag",1,4.25
1717,2025-12-19,"2025-12-17","Potato Chips Original - Med - Oz.",1,3
1717,2025-12-19,"2025-12-17","Extra Credit - Each",1,1.06
1717,2025-12-19,"2025-12-17","Half",1,68.89
1448,2025-12-19,"2025-12-17","Eggs - BW - Dozen",1,6.25
1448,2025-12-19,"2025-12-17","Auction Donation - $",2,1
1448,2025-12-19,"2025-12-17","Beef - Stew Meat - Pack",1,11.07
1448,2025-12-19,"2025-12-17","Boneless Pork Chop - D&M /lb - Lb.",1,17.38
1448,2025-12-19,"2025-12-17","Extra Credit - Each",7.45,1.06
1448,2025-12-19,"2025-12-17","Mini",1,38.3
145,2025-12-19,"2025-12-17","Eggs - BW - Dozen",1,6.25
145,2025-12-19,"2025-12-17","Mothership Pickup Time (2.0 @4-4:30) - @4-4:30",1,0
145,2025-12-19,"2025-12-17","Cabbage - Green (1.0 Medium) - Medium",1,4
145,2025-12-19,"2025-12-17","Hummus - Garlic - Tub",1,6.75
145,2025-12-19,"2025-12-17","Oats - Rolled 5# - Bag",1,12.25
145,2025-12-19,"2025-12-17","Mini",1,46.28
1614,2025-12-19,"2025-12-17","Pizza - Cheese  - Each",2,7.25
1614,2025-12-19,"2025-12-17","Mothership Pickup Time (1.0 @3:30-4) - @3:30-4",1,0
1614,2025-12-19,"2025-12-17","Black Beans DC - Tub",1,6.25
1614,2025-12-19,"2025-12-17","Croissants - Pack",1,4.5
1614,2025-12-19,"2025-12-17","Marinara Sauce - Jar",1,8.75
1614,2025-12-19,"2025-12-17","Extra Credit - Each",4.75,1.06
1614,2025-12-19,"2025-12-17","Mini",1,46.28
1380,2025-12-19,"2025-12-17","Mothership Pickup Time (1.0 @3:30-4) - @3:30-4",1,0
1380,2025-12-19,"2025-12-17","Eggs - Dozen",2,6.25
1380,2025-12-19,"2025-12-17","Kairos Sourdough Choice $5 - Pack",1,5
1380,2025-12-19,"2025-12-17","Light and Mild - Wednesday - Loaf",1,8
1380,2025-12-19,"2025-12-17","Pork Breakfast Link D&M - Pack",2,8
1380,2025-12-19,"2025-12-17","Extra Credit - Each",9.5,1.06
1380,2025-12-19,"2025-12-17","Half",1,68.89
1304,2025-12-19,"2025-12-17","Chicken - Links ($10) - Each",1,10
1304,2025-12-19,"2025-12-17","Cinnamon Rolls - Pack",1,6.5
1304,2025-12-19,"2025-12-17","Eggs - Dozen",2,6.25
1304,2025-12-19,"2025-12-17","Kairos Sourdough Choice $5 - Pack",1,5
1304,2025-12-19,"2025-12-17","Missouri Pecans (1.0 Halves) - Halves",1,6.5
1304,2025-12-19,"2025-12-17","Pancake Mix Wildcard $4.25 - Bag",1,4.25
1304,2025-12-19,"2025-12-17","Seedy Wheaty Bread - Loaf",1,3.5
1304,2025-12-19,"2025-12-17","Extra Credit - Each",16.25,1.06
1304,2025-12-19,"2025-12-17","Half",1,68.89
1572,2025-12-19,"2025-12-17","Eggs - Dozen",1,6.25
1572,2025-12-19,"2025-12-17","Hoagie - Wednesday - Each",1,3.35
1572,2025-12-19,"2025-12-17","Potatoes - Yukon Gold - lbs",1,6
1572,2025-12-19,"2025-12-17","Tortellini - Cheese - Lb.",1,9
1572,2025-12-19,"2025-12-17","Yogurt - Vanilla - Oz.",1,6.75
1572,2025-12-19,"2025-12-17","Extra Credit - Each",0.35,1.06
1572,2025-12-19,"2025-12-17","UCA/KWA",1,64.37
863,2025-12-19,"2025-12-17","Mothership Pickup Time (1.0 @3:30-4) - @3:30-4",1,0
863,2025-12-19,"2025-12-17","Chicken Links - Andouille  - Lb.",1,10
863,2025-12-19,"2025-12-17","Eggs - Dozen",1,6.25
863,2025-12-19,"2025-12-17","Leeks - Each",1,4
863,2025-12-19,"2025-12-17","Onions - Green - Bunch",1,3.5
863,2025-12-19,"2025-12-17","Spinach - Bag",1,5.25
863,2025-12-19,"2025-12-17","Tomatoes - Slicing - Bag",1,6.5
863,2025-12-19,"2025-12-17","Extra Credit - Each",1.75,1.06
863,2025-12-19,"2025-12-17","FSA/FSD",1,64.37
962,2025-12-19,"2025-12-17","Gouda - Cave Aged - Pack",1,6.5
962,2025-12-19,"2025-12-17","Havarti - MJC - Pack",1,6.5
962,2025-12-19,"2025-12-17","Mothership Pickup Time (4.0 @5-5:30) - @5-5:30",1,0
962,2025-12-19,"2025-12-17","Eggs - Dozen",1,6.25
962,2025-12-19,"2025-12-17","English Muffin Sourdough - Frozen - Pack",1,5
962,2025-12-19,"2025-12-17","Onions - Green - Bunch",1,3.5
962,2025-12-19,"2025-12-17","Spinach - Bag",1,5.25
962,2025-12-19,"2025-12-17","FSA/FSD",1,64.37
125,2025-12-19,"2025-12-17","Apples - Organic Red Delicious - Bag",1,5.75
125,2025-12-19,"2025-12-17","Apples - Rome - Bag",1,5.75
125,2025-12-19,"2025-12-17","Beets - No Tops - Lb.",1,5.75
125,2025-12-19,"2025-12-17","Brussels Sprouts (1.0 Bag) - Bag",1,4
125,2025-12-19,"2025-12-17","Carrots no tops - Lb.",1,5.75
125,2025-12-19,"2025-12-17","Celery - Head",1,3.5
125,2025-12-19,"2025-12-17","Granola Bar - Each",1,3.75
125,2025-12-19,"2025-12-17","Potatoes - Sweet - lbs",2,5.75
125,2025-12-19,"2025-12-17","Spinach - Bag",1,5.25
125,2025-12-19,"2025-12-17","Extra Credit - Each",20,1.06
125,2025-12-19,"2025-12-17","UCA/KWA",1,64.37
1336,2025-12-19,"2025-12-17","Chicken - Big Bag Deboned Thighs/lb. - Bag",1,39.36
1336,2025-12-19,"2025-12-17","Eggs - BW - Dozen",1,6.25
1336,2025-12-19,"2025-12-17","UCity Pickup Time (2.0 @5-5:30) - @5-5:30",1,0
1336,2025-12-19,"2025-12-17","Auction Donation - $",1,1
1336,2025-12-19,"2025-12-17","Bacon - Uncured/lb - Pack",1,16.17
1336,2025-12-19,"2025-12-17","Chicken - Ground - Lb.",1,8.75
1336,2025-12-19,"2025-12-17","Chicken - Whole $4.75/lb. - Each",1,17.29
1336,2025-12-19,"2025-12-17","Eggs - Dozen",2,6.25
1336,2025-12-19,"2025-12-17","Hoagie - Wednesday - Each",1,3.35
1336,2025-12-19,"2025-12-17","Pork Breakfast Link D&M - Pack",1,8
1336,2025-12-19,"2025-12-17","Pork Italian Bulk - D&M - Lb.",2,8
1336,2025-12-19,"2025-12-17","Potatoes - Yukon Gold - lbs",3,6
1336,2025-12-19,"2025-12-17","Pretzel Slider Buns - Bag",1,6.25
1336,2025-12-19,"2025-12-17","Sesame Hoagie -W - Each",1,3.6
1336,2025-12-19,"2025-12-17","Sourdough Bread - Frozen - Lb.",1,6.25
1336,2025-12-19,"2025-12-17","Extra Credit - Each",162.77,1.06
605,2025-12-19,"2025-12-17","Mothership Pickup Time (6.0 @6-6:30) - @6-6:30",1,0
605,2025-12-19,"2025-12-17","Blackberries - Frozen (1.0 Large) - Large",2,10.5
605,2025-12-19,"2025-12-17","Buttermilk Waffles Sourdough - Frozen - Pack",1,5
605,2025-12-19,"2025-12-17","Celery - Head",1,3.5
605,2025-12-19,"2025-12-17","Eggs - Dozen",1,6.25
605,2025-12-19,"2025-12-17","Extra Credit - Each",6.5,1.06
605,2025-12-19,"2025-12-17","Mini",1,46.28
479,2025-12-19,"2025-12-17","Milk - Whole - Oz.",2,7.98
479,2025-12-19,"2025-12-17","UCity Pickup Time - @4:30-5",1,0
479,2025-12-19,"2025-12-17","Mini",1,46.28
356,2025-12-19,"2025-12-17","UCity Pickup Time - @4:30-5",1,0
356,2025-12-19,"2025-12-17","Chicken Breasts /lb. - Pack",1,18.65
356,2025-12-19,"2025-12-17","Eggs - Dozen",1,6.25
356,2025-12-19,"2025-12-17","Ground Beef - D&M - Lb.",1,10.25
356,2025-12-19,"2025-12-17","Hummus - Beet & Pepita - Tub",1,6.75
356,2025-12-19,"2025-12-17","Extra Credit - Each",12.65,1.06
356,2025-12-19,"2025-12-17","Mini",1,46.28
1908,2025-12-19,"2025-12-17","UCity Pickup Time - @4:30-5",1,0
1908,2025-12-19,"2025-12-17","Blackberries - Frozen (1.0 Large) - Large",1,10.5
1908,2025-12-19,"2025-12-17","Eggs - Dozen",1,6.25
1908,2025-12-19,"2025-12-17","Ground Beef - D&M - Lb.",1,10.25
1908,2025-12-19,"2025-12-17","Spinach - Bag",1,5.25
1908,2025-12-19,"2025-12-17","Extra Credit - Each",3,1.06
1908,2025-12-19,"2025-12-17","Mini",1,46.28
1107,2025-12-19,"2025-12-17","UCity Pickup Time - @4:30-5",1,0
1107,2025-12-19,"2025-12-17","Chicken Links - Andouille  - Lb.",1,10
1107,2025-12-19,"2025-12-17","Eggs - Dozen",1,6.25
1107,2025-12-19,"2025-12-17","Granola Bar - Each",1,3.75
1107,2025-12-19,"2025-12-17","Grits - Oz.",1,4.75
1107,2025-12-19,"2025-12-17","Ground Beef - Jersey MJC - Lb.",1,8.75
1107,2025-12-19,"2025-12-17","Extra Credit - Each",1.5,1.06
1107,2025-12-19,"2025-12-17","Half",1,68.89
520,2025-12-19,"2025-12-17","UCity Pickup Time - @4:30-5",1,0
520,2025-12-19,"2025-12-17","Arugula - Bag",1,4
520,2025-12-19,"2025-12-17","Asian Greens - Bunch",1,5.25
520,2025-12-19,"2025-12-17","Brussels Sprouts (1.0 Bag) - Bag",1,4
520,2025-12-19,"2025-12-17","Carrots no tops - Lb.",1,5.75
520,2025-12-19,"2025-12-17","Eggs - Dozen",2,6.25
520,2025-12-19,"2025-12-17","Missouri Pecans (1.0 Halves) - Halves",1,6.5
520,2025-12-19,"2025-12-17","Onions - Green - Bunch",1,3.5
520,2025-12-19,"2025-12-17","Extra Credit - Each",12.25,1.06
520,2025-12-19,"2025-12-17","Mini",1,46.28
520,2025-12-19,"2025-12-17","Whole MILK",1,8.49
1387,2025-12-19,"2025-12-17","Mothership Pickup Time (1.0 @3:30-4) - @3:30-4",1,0
1387,2025-12-19,"2025-12-17","Bagels - Everything - BU - Bag",1,10.9
1387,2025-12-19,"2025-12-17","Light and Mild - Wednesday - Loaf",1,8
1387,2025-12-19,"2025-12-17","Popcorn - McKaskle - Lb.",1,5.25
1387,2025-12-19,"2025-12-17","Staff - Something to ask Jamie - Oz.",1,0
1387,2025-12-19,"2025-12-17","Whole Turkey/LB  - Each",1,83.12
1387,2025-12-19,"2025-12-17","Extra Credit - Each",79.02,1.06
1387,2025-12-19,"2025-12-17","FSC",1,64.37
598,2025-12-19,"2025-12-17","Cheese Choice $6.50 - Each",1,6.5
598,2025-12-19,"2025-12-17","Del Carmen Choice - Tub",1,6.25
598,2025-12-19,"2025-12-17","Eggs - Dozen",1,6.25
598,2025-12-19,"2025-12-17","Ground Beef - D&M - Lb.",1,10.25
598,2025-12-19,"2025-12-17","Mini",1,46.28
1364,2025-12-19,"2025-12-17","Chicken - Links ($10) - Each",1,10
1364,2025-12-19,"2025-12-17","Eggs - Dozen",1,6.25
1364,2025-12-19,"2025-12-17","Ground Beef - Jersey MJC - Lb.",1,8.75
1364,2025-12-19,"2025-12-17","Yogurt - Plain - Oz.",1,6.75
1364,2025-12-19,"2025-12-17","Half",1,68.89
1846,2025-12-19,"2025-12-17","UCity Pickup Time - @4:30-5",1,0
1846,2025-12-19,"2025-12-17","Celeriac - Head",1,3.5
1846,2025-12-19,"2025-12-17","Celery - Head",1,3.5
1846,2025-12-19,"2025-12-17","Chevre PF (1.0 Herb) - Herb",1,8.5
1846,2025-12-19,"2025-12-17","Eggs - Dozen",1,6.25
1846,2025-12-19,"2025-12-17","German Quark HBC - Jar",1,6.5
1846,2025-12-19,"2025-12-17","Gr. Beef Bundle DM ( 5-pack) - Each",1,48.75
1846,2025-12-19,"2025-12-17","Leeks - Each",1,4
1846,2025-12-19,"2025-12-17","Onions - Green - Bunch",1,3.5
1846,2025-12-19,"2025-12-17","Tomatoes - Funky Bunch - Pint",1,5.75
1846,2025-12-19,"2025-12-17","Extra Credit - Each",61,1.06
1846,2025-12-19,"2025-12-17","Mini",1,46.28
423,2025-12-19,"2025-12-17","Mothership Pickup Time (6.0 @6-6:30) - @6-6:30",1,0
423,2025-12-19,"2025-12-17","Beef - Stew Meat - Pack",1,10.25
423,2025-12-19,"2025-12-17","Beef - Tenderloin 8oz - 1-each",1,32.71
423,2025-12-19,"2025-12-17","Cinnamon Rolls - Pack",2,6.5
423,2025-12-19,"2025-12-17","Eggs - Dozen",1,6.25
423,2025-12-19,"2025-12-17","Potatoes - Sweet - lbs",1,5.75
423,2025-12-19,"2025-12-17","Potatoes - Yukon Gold - lbs",1,6
423,2025-12-19,"2025-12-17","Yogurt - Vanilla - Oz.",1,6.75
423,2025-12-19,"2025-12-17","Extra Credit - Each",46.96,1.06
423,2025-12-19,"2025-12-17","FSA/FSD",1,64.37
1602,2025-12-19,"2025-12-17","Mothership Pickup Time (1.0 @3:30-4) - @3:30-4",1,0
1602,2025-12-19,"2025-12-17","Apples - Rome - Bag",1,5.75
1602,2025-12-19,"2025-12-17","Beef - Stew Meat - Pack",1,10.25
1602,2025-12-19,"2025-12-17","Brussels Sprouts (1.0 Bag) - Bag",1,4
1602,2025-12-19,"2025-12-17","Chicken - Links ($10) - Each",1,10
1602,2025-12-19,"2025-12-17","Eggs - Dozen",1,6.25
1602,2025-12-19,"2025-12-17","Kairos Sourdough Choice $5 - Pack",1,5
1602,2025-12-19,"2025-12-17","Missouri Pecans (1.0 Halves) - Halves",1,6.5
1602,2025-12-19,"2025-12-17","Pasta Long Egg - Lb.",1,6.5
1602,2025-12-19,"2025-12-17","Potatoes - Yukon Gold - lbs",1,6
1602,2025-12-19,"2025-12-17","Extra Credit - Each",28.25,1.06
1602,2025-12-19,"2025-12-17","Half",1,68.89
224,2025-12-19,"2025-12-17","Mothership Pickup Time (2.0 @4-4:30) - @4-4:30",1,0
224,2025-12-19,"2025-12-17","Chicken Thighs - Boneless/lb. - lbs",1,9.69
224,2025-12-19,"2025-12-17","Eggs - Dozen",1,6.25
224,2025-12-19,"2025-12-17","Missouri Pecans (1.0 Halves) - Halves",1,6.5
224,2025-12-19,"2025-12-17","Pork Chop Bone-in /lb. - Lb.",1,17.27
224,2025-12-19,"2025-12-17","Sesame Hoagie -W - Each",1,3.6
224,2025-12-19,"2025-12-17","Winter Squash - Butternut (1.0 Medium) - Medium",1,4
224,2025-12-19,"2025-12-17","Extra Credit - Each",15.31,1.06
224,2025-12-19,"2025-12-17","Half",1,68.89
94,2025-12-19,"2025-12-17","Arugula - Bag",1,4
94,2025-12-19,"2025-12-17","Mushrooms - Hen of the Woods/Maitake - Bag",1,8.25
94,2025-12-19,"2025-12-17","Radishes - Purple Heart - Bunch",1,5.25
94,2025-12-19,"2025-12-17","Spinach - Bag",1,5.25
809,2025-12-19,"2025-12-17","UCity Pickup Time (2.0 @5-5:30) - @5-5:30",1,0
809,2025-12-19,"2025-12-17","Baklava  - Each",1,11.75
809,2025-12-19,"2025-12-17","Chips - Tortilla - Bag",1,4.25
809,2025-12-19,"2025-12-17","Deluxe Mixed Nuts - Bag",1,4.25
809,2025-12-19,"2025-12-17","Eggs - Dozen",1,6.25
809,2025-12-19,"2025-12-17","Semolina - Wednesday - Loaf",1,6.75
809,2025-12-19,"2025-12-17","Extra Credit - Each",4,1.06
809,2025-12-19,"2025-12-17","Mini",1,46.28
547,2025-12-19,"2025-12-17","Food for Ferals Donation - $",1,1
547,2025-12-19,"2025-12-17","Beets - No Tops - Lb.",1,5.75
547,2025-12-19,"2025-12-17","Celery - Head",1,3.5
547,2025-12-19,"2025-12-17","Olive Oil Large - Bottle",1,18.5
547,2025-12-19,"2025-12-17","Mini",1,46.28
1577,2025-12-19,"2025-12-17","Mothership Pickup Time (5.0 @5:30-6) - @5:30-6",1,0
1577,2025-12-19,"2025-12-17","Eggs - Dozen",1,6.25
1577,2025-12-19,"2025-12-17","Ground Beef - D&M - Lb.",1,10.25
1577,2025-12-19,"2025-12-17","Pretzel Slider Buns - Bag",1,6.25
1577,2025-12-19,"2025-12-17","Semolina - Wednesday - Loaf",1,6.75
1577,2025-12-19,"2025-12-17","Extra Credit - Each",0.25,1.06
1577,2025-12-19,"2025-12-17","Mini",1,46.28
1577,2025-12-19,"2025-12-17","Whole MILK",1,8.49
814,2025-12-19,"2025-12-17","UCity Pickup Time - @4:30-5",1,0
814,2025-12-19,"2025-12-17","Eggs - Dozen",1,6.25
814,2025-12-19,"2025-12-17","Kairos Sourdough Choice $5 - Pack",1,5
814,2025-12-19,"2025-12-17","Missouri Pecans (1.0 Halves) - Halves",1,6.5
814,2025-12-19,"2025-12-17","Half",1,68.89
1627,2025-12-19,"2025-12-17","Beef - Stew Meat - Pack",1,10.25
1627,2025-12-19,"2025-12-17","Chips - Tortilla - Bag",1,4.25
1627,2025-12-19,"2025-12-17","Eggs - Dozen",1,6.25
1627,2025-12-19,"2025-12-17","Ground Beef - D&M - Lb.",1,10.25
1627,2025-12-19,"2025-12-17","Wildcard $10.5 - Each",1,10.5
1627,2025-12-19,"2025-12-17","Yogurt Choice  - Each",1,6.75
1627,2025-12-19,"2025-12-17","Extra Credit - Each",14.5,1.06
1627,2025-12-19,"2025-12-17","FSA/FSD",1,64.37
1537,2025-12-19,"2025-12-17","Ground Turkey - Pack",2,8.75
1537,2025-12-19,"2025-12-17","Mothership Pickup Time (1.0 @3:30-4) - @3:30-4",1,0
1537,2025-12-19,"2025-12-17","Apples - Rome - Bag",1,5.75
1537,2025-12-19,"2025-12-17","Celery - Head",1,3.5
1537,2025-12-19,"2025-12-17","Chicken - Ground - Lb.",2,8.75
1537,2025-12-19,"2025-12-17","Missouri Pecans (1.0 Halves) - Halves",2,6.5
1537,2025-12-19,"2025-12-17","Mushrooms (1.0 Shiitake) - Shiitake",1,8.25
1537,2025-12-19,"2025-12-17","Popped Corn - Organic - Bag",2,3
1537,2025-12-19,"2025-12-17","Tastachio Nut Butter - Oz.",1,16.75
1537,2025-12-19,"2025-12-17","Winter Squash - Butternut (1.0 Medium) - Medium",1,4
1537,2025-12-19,"2025-12-17","Winter Squash - Red Kuri - Each",1,2
1537,2025-12-19,"2025-12-17","Extra Credit - Each",91.75,1.06
322,2025-12-19,"2025-12-17","Apple Sauce - Organic Qt. - Quart",1,10.5
322,2025-12-19,"2025-12-17","Eggs - Dozen",1,6.25
322,2025-12-19,"2025-12-17","Pork Italian Links - D&M - Each",1,8
322,2025-12-19,"2025-12-17","Rice - Brown - Lb.",1,6
322,2025-12-19,"2025-12-17","UCA/KWA",1,64.37
322,2025-12-19,"2025-12-17","2% MILK-e",1,8.49
132,2025-12-19,"2025-12-17","Stringbean Brazilian - Oz.",1,15.45
132,2025-12-19,"2025-12-17","Pizza - Deluxe - Each",1,8
132,2025-12-19,"2025-12-17","Pizza - Veggie  - Each",1,8
132,2025-12-19,"2025-12-17","Mothership Pickup Time (3.0 @4:30-5) - @4:30-5",1,0
132,2025-12-19,"2025-12-17","Cooler Donation - $",1,1
132,2025-12-19,"2025-12-17","Buttermilk Waffles Sourdough - Frozen - Pack",1,5
132,2025-12-19,"2025-12-17","Chicken - Links ($10) - Each",1,10
132,2025-12-19,"2025-12-17","Eggs - Dozen",1,6.25
132,2025-12-19,"2025-12-17","Missouri Pecans (1.0 Halves) - Halves",2,6.5
132,2025-12-19,"2025-12-17","Pancake Mix Wildcard $4.25 - Bag",1,4.25
132,2025-12-19,"2025-12-17","Sourdough Bread - Frozen - Lb.",2,6.25
132,2025-12-19,"2025-12-17","Extra Credit - Each",51.45,1.06
132,2025-12-19,"2025-12-17","Half",1,68.89
681,2025-12-19,"2025-12-17","Chicken - Big Bag Deboned Thighs/lb. - Bag",1,43.04
681,2025-12-19,"2025-12-17","Pasta Long Bi-color - Lb.",1,6.5
681,2025-12-19,"2025-12-17","Pork Link Choice ($8) - Each",1,8
681,2025-12-19,"2025-12-17","Radishes - Watermelon  - Lb.",1,5.25
681,2025-12-19,"2025-12-17","Seedy Wheaty - Frozen - Loaf",1,3.5
681,2025-12-19,"2025-12-17","Extra Credit - Each",35.29,1.06
681,2025-12-19,"2025-12-17","UCA/KWA",1,64.37
135,2025-12-19,"2025-12-17","Winter Squash - Acorn - Each",1,3.25
135,2025-12-19,"2025-12-17","UCity Pickup Time (2.0 @5-5:30) - @5-5:30",1,0
135,2025-12-19,"2025-12-17","Eggs - Dozen",4,6.25
135,2025-12-19,"2025-12-17","Gnocchi - Sweet Potato  - Lb.",1,6.5
135,2025-12-19,"2025-12-17","Janie's Bread - Wednesday - Each",1,6.75
135,2025-12-19,"2025-12-17","Onions - Green - Bunch",1,3.5
135,2025-12-19,"2025-12-17","Potatoes - Sweet - lbs",1,5.75
135,2025-12-19,"2025-12-17","Semolina - Wednesday - Loaf",1,6.75
135,2025-12-19,"2025-12-17","Extra Credit - Each",28.25,1.06
135,2025-12-19,"2025-12-17","Mini",1,46.28
135,2025-12-19,"2025-12-17","Whole MILK",1,8.49
960,2025-12-19,"2025-12-17","Chicken - Links ($10) - Each",1,10
960,2025-12-19,"2025-12-17","Eggs - Dozen",1,6.25
960,2025-12-19,"2025-12-17","English Muffin Sourdough - Frozen - Pack",1,5
960,2025-12-19,"2025-12-17","Light and Mild - Wednesday - Loaf",1,8
960,2025-12-19,"2025-12-17","Missouri Pecans (1.0 Halves) - Halves",1,6.5
960,2025-12-19,"2025-12-17","Extra Credit - Each",3.75,1.06
960,2025-12-19,"2025-12-17","Half",1,68.89
1453,2025-12-19,"2025-12-17","Mothership Pickup Time (1.0 @3:30-4) - @3:30-4",1,0
1453,2025-12-19,"2025-12-17","Apple Butter - Organic - Pint",1,7.5
1453,2025-12-19,"2025-12-17","Chicken - Ground - Lb.",1,8.75
1453,2025-12-19,"2025-12-17","Mushrooms - Choice",1,8.25
1453,2025-12-19,"2025-12-17","Pasta Bi-color Short - Lb.",1,6.5
1453,2025-12-19,"2025-12-17","Extra Credit - Each",2.75,1.06
1453,2025-12-19,"2025-12-17","FSC",1,64.37
1453,2025-12-19,"2025-12-17","Whole MILK",1,8.49
320,2025-12-19,"2025-12-17","UCity Pickup Time (2.0 @5-5:30) - @5-5:30",1,0
320,2025-12-19,"2025-12-17","Missouri Pecans (1.0 Halves) - Halves",2,6.5
320,2025-12-19,"2025-12-17","Extra Credit - Each",13,1.06
430,2025-12-19,"2025-12-17","Mothership Pickup Time (2.0 @4-4:30) - @4-4:30",1,0
430,2025-12-19,"2025-12-17","Bagels - Sesame Seed - BU - Bag",1,10.9
430,2025-12-19,"2025-12-17","Beef - Stew Meat - Pack",1,10.25
430,2025-12-19,"2025-12-17","Beef - Tenderloin 8oz - 1-each",1,12.82
430,2025-12-19,"2025-12-17","Eggs - Dozen",1,6.25
430,2025-12-19,"2025-12-17","Lamb Gyro Seasoned - Lb.",1,17.5
430,2025-12-19,"2025-12-17","Yogurt - Plain - Oz.",1,6.75
430,2025-12-19,"2025-12-17","Extra Credit - Each",30.72,1.06
430,2025-12-19,"2025-12-17","FSA/FSD",1,64.37
406,2025-12-19,"2025-12-17","Mothership Pickup Time (4.0 @5-5:30) - @5-5:30",1,0
406,2025-12-19,"2025-12-17","Bagels - Honey Buckwheat - BU - Bag",1,10.9
406,2025-12-19,"2025-12-17","Mushrooms (1.0 Lion's Mane) - Lion's Mane",1,8.25
406,2025-12-19,"2025-12-17","RL Chocolate Milk - Bottle",1,2.75
406,2025-12-19,"2025-12-17","Sourdough Bread - Frozen - Lb.",1,6.25
406,2025-12-19,"2025-12-17","FSC",1,64.37
1052,2025-12-19,"2025-12-17","Cheese Choice $6.50 - Each",1,6.5
1052,2025-12-19,"2025-12-17","Del Carmen Choice - Tub",1,6.25
1052,2025-12-19,"2025-12-17","Eggs - Dozen",1,6.25
1052,2025-12-19,"2025-12-17","Ground Beef - D&M - Lb.",1,10.25
1052,2025-12-19,"2025-12-17","Mini",1,46.28
1474,2025-12-19,"2025-12-17","Eggs - Dozen",1,6.25
1474,2025-12-19,"2025-12-17","Leeks - Each",1,4
1474,2025-12-19,"2025-12-17","Onions - Green - Bunch",1,3.5
1474,2025-12-19,"2025-12-17","Radishes - Watermelon  - Lb.",1,5.25
1474,2025-12-19,"2025-12-17","Stringbean Half Caf - Bag",1,15.45
1474,2025-12-19,"2025-12-17","Turmeric - Bag",1,6
1474,2025-12-19,"2025-12-17","Extra Credit - Each",11.2,1.06
1474,2025-12-19,"2025-12-17","Mini",1,46.28
1048,2025-12-19,"2025-12-17","UCity Pickup Time - @4:30-5",1,0
1048,2025-12-19,"2025-12-17","Apples - Fuji - Bag",1,5.75
1048,2025-12-19,"2025-12-17","Brussels Sprouts (1.0 Stalk) - Stalk",1,4.75
1048,2025-12-19,"2025-12-17","Chicken - Thighs /lbs  - lbs",2,8.34
1048,2025-12-19,"2025-12-17","Ghost Pepper Cheddar - Each",1,6.5
1048,2025-12-19,"2025-12-17","Missouri Pecans (1.0 Halves) - Halves",1,6.5
1048,2025-12-19,"2025-12-17","Extra Credit - Each",9.18,1.06
1048,2025-12-19,"2025-12-17","UCA/KWA",1,64.37
88,2025-12-19,"2025-12-17","Ground Turkey - Pack",1,8.75
88,2025-12-19,"2025-12-17","Eggs - BW - Dozen",1,6.25
88,2025-12-19,"2025-12-17","Mothership Pickup Time (1.0 @3:30-4) - @3:30-4",1,0
88,2025-12-19,"2025-12-17","Food For FS Cats Donation - $",5,1
88,2025-12-19,"2025-12-17","Apple Sauce - Chunky - NS - Quart",3,7.5
88,2025-12-19,"2025-12-17","Rice - Basmati Brown - Lb.",1,6.75
88,2025-12-19,"2025-12-17","Turnips - Japanese/White - Lb.",1,5.5
88,2025-12-19,"2025-12-17","Yogurt - Vanilla - Oz.",2,6.75
88,2025-12-19,"2025-12-17","Extra Credit - Each",68.25,1.06
1496,2025-12-19,"2025-12-17","Eggs - BW - Dozen",1,6.25
1496,2025-12-19,"2025-12-17","Peanut Butter MC - Tub",1,7.75
1496,2025-12-19,"2025-12-17","Pepitas - Oz.",1,7.75
1496,2025-12-19,"2025-12-17","UCity Pickup Time (3.0 @5:30-6) - @5:30-6",1,0
1496,2025-12-19,"2025-12-17","Bagels - Blueberry - BU - Bag",1,10.9
1496,2025-12-19,"2025-12-17","Louise's Original Granola - Bag",1,10.75
1496,2025-12-19,"2025-12-17","Olive Oil Large - Bottle",1,18.5
1496,2025-12-19,"2025-12-17","Yogurt - Strawberry - Oz.",1,6.75
1496,2025-12-19,"2025-12-17","Extra Credit - Each",39.4,1.06
1496,2025-12-19,"2025-12-17","Mini",1,38.3
620,2025-12-19,"2025-12-17","Eggs - BW - Dozen",1,6.25
620,2025-12-19,"2025-12-17","Mothership Pickup Time (1.0 @3:30-4) - @3:30-4",1,0
620,2025-12-19,"2025-12-17","Apples - Golden Delicious - Bag",1,5.75
620,2025-12-19,"2025-12-17","Eggs - Dozen",2,6.25
620,2025-12-19,"2025-12-17","Honey - Qt. - Jar",1,20
620,2025-12-19,"2025-12-17","Semolina - Wednesday - Loaf",1,6.75
620,2025-12-19,"2025-12-17","Spinach - Bag",1,5.25
620,2025-12-19,"2025-12-17","Extra Credit - Each",24.5,1.06
620,2025-12-19,"2025-12-17","Half",1,68.89
1162,2025-12-19,"2025-12-17","Cheese - Grisontaler Small - $ - Each",1,7.82
1162,2025-12-19,"2025-12-17","Ground Beef - Jersey MJC - Lb.",1,8.75
1162,2025-12-19,"2025-12-17","Mushrooms (1.0 Lion's Mane) - Lion's Mane",1,8.25
1162,2025-12-19,"2025-12-17","Shoots - Pea - Bag",1,4.25
1162,2025-12-19,"2025-12-17","Yogurt - Vanilla - Oz.",1,6.75
1162,2025-12-19,"2025-12-17","Extra Credit - Each",6.57,1.06
1162,2025-12-19,"2025-12-17","Mini",1,46.28
1735,2025-12-19,"2025-12-17","UCity Pickup Time - @4:30-5",1,0
1735,2025-12-19,"2025-12-17","Eggs - Dozen",1,6.25
1735,2025-12-19,"2025-12-17","Ground Beef - Wagyu MJC - Lb.",1,10.25
1735,2025-12-19,"2025-12-17","Missouri Pecans (1.0 Halves) - Halves",2,6.5
1735,2025-12-19,"2025-12-17","Mushrooms (1.0 Shiitake) - Shiitake",1,8.25
1735,2025-12-19,"2025-12-17","Mushrooms - Hen of the Woods/Maitake - Bag",1,8.25
1735,2025-12-19,"2025-12-17","Extra Credit - Each",15,1.06
1735,2025-12-19,"2025-12-17","UCA/KWA",1,64.37
627,2025-12-19,"2025-12-17","Cheese Choice $6.50 - Each",1,6.5
627,2025-12-19,"2025-12-17","Del Carmen Choice - Tub",1,6.25
627,2025-12-19,"2025-12-17","Eggs - Dozen",1,6.25
627,2025-12-19,"2025-12-17","Ground Beef - D&M - Lb.",1,10.25
627,2025-12-19,"2025-12-17","Mini",1,46.28
1014,2025-12-19,"2025-12-17","UCity Pickup Time (3.0 @5:30-6) - @5:30-6",1,0
1014,2025-12-19,"2025-12-17","Bison - Ground - Lb.",1,21
1014,2025-12-19,"2025-12-17","Cabbage - Red - Share",1,4.25
1014,2025-12-19,"2025-12-17","Chicken - Whole $4.75/lb. - Each",1,16.53
1014,2025-12-19,"2025-12-17","Leeks - Each",1,4
1014,2025-12-19,"2025-12-17","Peppers - Jalapenos - 5-pack",1,3.5
1014,2025-12-19,"2025-12-17","Skirt Steak/lbs. - Each",1,30.97
1014,2025-12-19,"2025-12-17","Extra Credit - Each",51,1.06
1014,2025-12-19,"2025-12-17","Mini",1,46.28
1014,2025-12-19,"2025-12-17","Eggs - Buttonwood",1,6.65
470,2025-12-19,"2025-12-17","Cheese Choice $6.50 - Each",1,6.5
470,2025-12-19,"2025-12-17","Del Carmen Choice - Tub",1,6.25
470,2025-12-19,"2025-12-17","Eggs - Dozen",1,6.25
470,2025-12-19,"2025-12-17","Ground Beef - D&M - Lb.",1,10.25
470,2025-12-19,"2025-12-17","Mini",1,46.28
1427,2025-12-19,"2025-12-17","Eggs - BW - Dozen",1,6.25
1427,2025-12-19,"2025-12-17","Mothership Pickup Time (1.0 @3:30-4) - @3:30-4",1,0
1427,2025-12-19,"2025-12-17","Chicken - Thighs /lbs  - lbs",2,6.56
1427,2025-12-19,"2025-12-17","Chicken Thighs - Boneless/lb. - lbs",1,9.95
1427,2025-12-19,"2025-12-17","Stringbean Half Caf - Bag",1,15.45
1427,2025-12-19,"2025-12-17","Winter Squash - Butternut (1.0 Large) - Large",1,5
1427,2025-12-19,"2025-12-17","Extra Credit - Each",20.52,1.06
225,2025-12-19,"2025-12-17","Bagels - Honey Buckwheat - BU - Bag",1,10.9
225,2025-12-19,"2025-12-17","Brussels Sprouts (1.0 Bag) - Bag",1,4
225,2025-12-19,"2025-12-17","Cauliflower - Romanesco - Lb.",1,6.5
225,2025-12-19,"2025-12-17","Eggs - Dozen",1,6.25
225,2025-12-19,"2025-12-17","Pizza - Bacon Bacon   - Each",1,8
225,2025-12-19,"2025-12-17","Extra Credit - Each",1.4,1.06
225,2025-12-19,"2025-12-17","Mini",1,37.24
225,2025-12-19,"2025-12-17","Cream pint",1,5.32
225,2025-12-19,"2025-12-17","Whole MILK",2,8.49
1789,2025-12-19,"2025-12-17","Gouda - Cave Aged - Pack",1,6.5
1789,2025-12-19,"2025-12-17","Mothership Pickup Time (1.0 @3:30-4) - @3:30-4",1,0
1789,2025-12-19,"2025-12-17","Chicken - Ground - Lb.",1,8.75
1789,2025-12-19,"2025-12-17","English Muffin Sourdough - Frozen - Pack",2,5
1789,2025-12-19,"2025-12-17","Pasta Long Bi-color - Lb.",1,6.5
1789,2025-12-19,"2025-12-17","Half",1,68.89
384,2025-12-19,"2025-12-17","Apple Cider - Frozen - Half Gallon",1,9.25
384,2025-12-19,"2025-12-17","Eggs - BW - Dozen",1,6.25
384,2025-12-19,"2025-12-17","UCity Pickup Time - @4:30-5",1,0
384,2025-12-19,"2025-12-17","RL Heavy Cream  - Pint",1,7.5
384,2025-12-19,"2025-12-17","Apples - Golden Delicious - Bag",1,5.75
384,2025-12-19,"2025-12-17","Arugula - Bag",1,4
384,2025-12-19,"2025-12-17","Asian Greens - Bunch",1,5.25
384,2025-12-19,"2025-12-17","Cabbage - Red - Share",1,4.25
384,2025-12-19,"2025-12-17","Cauliflower - Romanesco - Lb.",1,6.5
384,2025-12-19,"2025-12-17","Celeriac - Head",1,3.5
384,2025-12-19,"2025-12-17","Leeks - Each",1,4
384,2025-12-19,"2025-12-17","Missouri Pecans (1.0 Halves) - Halves",2,6.5
384,2025-12-19,"2025-12-17","Mushrooms - Chestnut - Bag",1,8.25
384,2025-12-19,"2025-12-17","Onions - Green - Bunch",1,3.5
384,2025-12-19,"2025-12-17","RL Eggnog 16 oz - Pint",1,6.5
384,2025-12-19,"2025-12-17","Radishes - Watermelon  - Lb.",1,5.25
384,2025-12-19,"2025-12-17","Spinach - Bag",1,5.25
384,2025-12-19,"2025-12-17","Tomatoes - Slicing - Bag",1,6.5
384,2025-12-19,"2025-12-17","Yogurt - Plain - Oz.",1,6.75
384,2025-12-19,"2025-12-17","Extra Credit - Each",79.25,1.06
384,2025-12-19,"2025-12-17","Half",1,68.89
384,2025-12-19,"2025-12-17","2% MILK-e",1,8.49
240,2025-12-19,"2025-12-17","Beef - Stew Meat - Pack",1,10.25
240,2025-12-19,"2025-12-17","Eggs - Dozen",1,6.25
240,2025-12-19,"2025-12-17","Wildcard $10.5 - Each",1,10.5
240,2025-12-19,"2025-12-17","Yogurt Choice  - Each",1,6.75
240,2025-12-19,"2025-12-17","FSA/FSD",1,64.37
952,2025-12-19,"2025-12-17","Bagels - Raisin - Bag",1,6.75
952,2025-12-19,"2025-12-17","Beef - Stew Meat - Pack",1,10.25
952,2025-12-19,"2025-12-17","Eggs - Dozen",1,6.25
952,2025-12-19,"2025-12-17","Seedy Wheaty Bread - Loaf",1,3.5
952,2025-12-19,"2025-12-17","Wildcard $10.5 - Each",1,10.5
952,2025-12-19,"2025-12-17","Extra Credit - Each",3.5,1.06
952,2025-12-19,"2025-12-17","FSA/FSD",1,64.37
1143,2025-12-19,"2025-12-17","UCity Pickup Time - @4:30-5",1,0
1143,2025-12-19,"2025-12-17","Black Bean Soup - Tub",1,6.25
1143,2025-12-19,"2025-12-17","Eggs - Dozen",1,6.25
1143,2025-12-19,"2025-12-17","Pasta Long Bi-color - Lb.",1,6.5
1143,2025-12-19,"2025-12-17","Pork - Tenderloin/lb - Lb.",1,17.27
1143,2025-12-19,"2025-12-17","Extra Credit - Each",5.27,1.06
1143,2025-12-19,"2025-12-17","UCA/KWA",1,64.37
1689,2025-12-19,"2025-12-17","UCity Pickup Time - @4:30-5",1,0
1689,2025-12-19,"2025-12-17","Buttermilk - Qt.  - Quart",1,6.5
1689,2025-12-19,"2025-12-17","Carrots no tops - Lb.",1,5.75
1689,2025-12-19,"2025-12-17","Celery - Head",1,3.5
1689,2025-12-19,"2025-12-17","Eggs - Dozen",2,6.25
1689,2025-12-19,"2025-12-17","Granola Bar - Each",2,3.75
1689,2025-12-19,"2025-12-17","Radishes - Purple Heart - Bunch",1,5.25
1689,2025-12-19,"2025-12-17","Winter Squash - Butternut (1.0 Large) - Large",1,5
1689,2025-12-19,"2025-12-17","Extra Credit - Each",16.75,1.06
1689,2025-12-19,"2025-12-17","Mini",1,46.28
1126,2025-12-19,"2025-12-17","UCity Pickup Time - @4:30-5",1,0
1126,2025-12-19,"2025-12-17","Buttermilk - Qt.  - Quart",1,6.5
1126,2025-12-19,"2025-12-17","Bacon - Each",1,12.75
1126,2025-12-19,"2025-12-17","Eggs - Dozen",1,6.25
1126,2025-12-19,"2025-12-17","Pizza Sourdough - Frozen - Pack",1,5
1126,2025-12-19,"2025-12-17","Winter Squash - Butternut (1.0 Large) - Large",1,5
1126,2025-12-19,"2025-12-17","Extra Credit - Each",3.5,1.06
1126,2025-12-19,"2025-12-17","Half",1,68.89
418,2025-12-19,"2025-12-17","Sugar Free - Strawberry Rhubarb - Pint",1,7.5
418,2025-12-19,"2025-12-17","UCity Pickup Time - @4:30-5",1,0
418,2025-12-19,"2025-12-17","Bagels - Sesame Seed - BU - Bag",1,10.9
418,2025-12-19,"2025-12-17","Cheese - Enzian Bleu Small - $ - Each",1,7.34
418,2025-12-19,"2025-12-17","Eggs - Dozen",1,6.25
418,2025-12-19,"2025-12-17","Marbled Rye -Wednesday - Loaf",1,8.35
418,2025-12-19,"2025-12-17","Extra Credit - Each",11.09,1.06
418,2025-12-19,"2025-12-17","Mini",1,46.28
1105,2025-12-19,"2025-12-17","Ground Turkey - Pack",1,8.75
1105,2025-12-19,"2025-12-17","UCity Pickup Time - @4:30-5",1,0
1105,2025-12-19,"2025-12-17","Bacon - Each",1,12.75
1105,2025-12-19,"2025-12-17","Chicken Breasts /lb. - Pack",2,8.66
1105,2025-12-19,"2025-12-17","Eggs - Dozen",1,6.25
1105,2025-12-19,"2025-12-17","Ground Beef - Jersey MJC - Lb.",2,8.75
1105,2025-12-19,"2025-12-17","Missouri Pecans (1.0 Halves) - Halves",1,6.5
1105,2025-12-19,"2025-12-17","Extra Credit - Each",37.07,1.06
1105,2025-12-19,"2025-12-17","Half",1,68.89
1506,2025-12-19,"2025-12-17","Eggs - BW - Dozen",1,6.25
1506,2025-12-19,"2025-12-17","Gouda - Cave Aged - Pack",1,6.5
1506,2025-12-19,"2025-12-17","UCity Pickup Time - @4:30-5",1,0
1506,2025-12-19,"2025-12-17","Chicken Breasts /lb. - Pack",3,19.09
1506,2025-12-19,"2025-12-17","Dark Chocolate Salted Bark - Pack",1,6.45
1506,2025-12-19,"2025-12-17","Maple Syrup 12 oz. - Jar",1,12.5
1506,2025-12-19,"2025-12-17","Milk Chocolate Bar - Pack",1,2.75
1506,2025-12-19,"2025-12-17","Salmon - Fillet Pieces/LB* - Each",1,10.15
1506,2025-12-19,"2025-12-17","Extra Credit - Each",70.87,1.06
1506,2025-12-19,"2025-12-17","UCA/KWA",1,64.37
1505,2025-12-19,"2025-12-17","Chicken - Links ($10) - Each",1,10
1505,2025-12-19,"2025-12-17","Eggs - Dozen",1,6.25
1505,2025-12-19,"2025-12-17","Kairos Sourdough Choice $5 - Pack",1,5
1505,2025-12-19,"2025-12-17","Missouri Pecans (1.0 Halves) - Halves",1,6.5
1505,2025-12-19,"2025-12-17","Pancake Mix Wildcard $4.25 - Bag",1,4.25
1505,2025-12-19,"2025-12-17","Half",1,68.89
883,2025-12-19,"2025-12-17","Mothership Pickup Time (6.0 @6-6:30) - @6-6:30",1,0
883,2025-12-19,"2025-12-17","Eggnog - half gallon - Oz.",2,10.5
883,2025-12-19,"2025-12-17","Eggs - Dozen",1,6.25
883,2025-12-19,"2025-12-17","FF - Fry Bread - Bag",1,7.25
883,2025-12-19,"2025-12-17","Ground Beef - D&M - Lb.",1,10.25
883,2025-12-19,"2025-12-17","Extra Credit - Each",15.5,1.06
883,2025-12-19,"2025-12-17","Mini",1,46.28
194,2025-12-19,"2025-12-17","Mothership Pickup Time (1.0 @3:30-4) - @3:30-4",1,0
194,2025-12-19,"2025-12-17","Beans & Rice - Tub",1,6.25
194,2025-12-19,"2025-12-17","Brussels Sprouts (1.0 Bag) - Bag",1,4
194,2025-12-19,"2025-12-17","Ground Beef - D&M - Lb.",1,10.25
194,2025-12-19,"2025-12-17","Louise's Original Granola - Bag",1,10.75
194,2025-12-19,"2025-12-17","Extra Credit - Each",2,1.06
194,2025-12-19,"2025-12-17","Mini",1,46.28
712,2025-12-19,"2025-12-17","Chicken - BULK Breasts /lb. - Pack",1,36.74
712,2025-12-19,"2025-12-17","Kuva Nicaragua - Bag",1,15.45
712,2025-12-19,"2025-12-17","Mothership Pickup Time (1.0 @3:30-4) - @3:30-4",1,0
712,2025-12-19,"2025-12-17","Food For FS Cats Donation - $",1,1
712,2025-12-19,"2025-12-17","Auction Donation - $",1,1
712,2025-12-19,"2025-12-17","Beets - No Tops - Lb.",1,5.75
712,2025-12-19,"2025-12-17","Brussels Sprouts (1.0 Bag) - Bag",1,4
712,2025-12-19,"2025-12-17","Carrots no tops - Lb.",1,5.75
712,2025-12-19,"2025-12-17","Chicken - Whole $4.75/lb. - Each",1,17.77
712,2025-12-19,"2025-12-17","Chicken Breasts /lb. - Pack",2,8.42
712,2025-12-19,"2025-12-17","Chuck Roast/lbs. - lbs",2,30.96
712,2025-12-19,"2025-12-17","Croissants - Frozen - Pack",1,4.5
712,2025-12-19,"2025-12-17","Eggs - Dozen",2,6.25
712,2025-12-19,"2025-12-17","Kairos Sourdough Choice $5 - Pack",1,5
712,2025-12-19,"2025-12-17","Kuva Ethiopian - Bag",1,15.45
712,2025-12-19,"2025-12-17","Missouri Pecans (1.0 Halves) - Halves",1,6.5
712,2025-12-19,"2025-12-17","Mushrooms (1.0 Shiitake) - Shiitake",1,8.25
712,2025-12-19,"2025-12-17","Potatoes - Yukon Gold - lbs",1,6
712,2025-12-19,"2025-12-17","Semolina - Wednesday - Loaf",1,6.75
712,2025-12-19,"2025-12-17","Stringbean Ethiopian - Bag",1,15.45
712,2025-12-19,"2025-12-17","Stringbean Half Caf - Bag",1,15.45
712,2025-12-19,"2025-12-17","Extra Credit - Each",230.07,1.06
712,2025-12-19,"2025-12-17","Half",1,68.89
810,2025-12-19,"2025-12-17","Jam - Grape HBY - Pint",1,7.5
810,2025-12-19,"2025-12-17","Mothership Pickup Time (3.0 @4:30-5) - @4:30-5",1,0
810,2025-12-19,"2025-12-17","Cheese Choice $6.50 - Each",1,6.5
810,2025-12-19,"2025-12-17","Eggs - Dozen",1,6.25
810,2025-12-19,"2025-12-17","Ground Beef - D&M - Lb.",1,10.25
810,2025-12-19,"2025-12-17","Hoagie - Wednesday - Each",1,3.35
810,2025-12-19,"2025-12-17","Mustard (1.0 Onion) - Onion",2,6
810,2025-12-19,"2025-12-17","Semolina - Wednesday - Loaf",1,6.75
810,2025-12-19,"2025-12-17","Extra Credit - Each",20.85,1.06
810,2025-12-19,"2025-12-17","Mini",1,46.28
810,2025-12-19,"2025-12-17","Chocolate MILK",1,9.43
866,2025-12-19,"2025-12-17","UCity Pickup Time - @4:30-5",1,0
866,2025-12-19,"2025-12-17","Celeriac - Head",1,3.5
866,2025-12-19,"2025-12-17","Louise's Original Granola - Bag",1,10.75
866,2025-12-19,"2025-12-17","Missouri Pecans (1.0 Halves) - Halves",1,6.5
866,2025-12-19,"2025-12-17","Radishes - Purple Heart - Bunch",1,5.25
866,2025-12-19,"2025-12-17","Radishes - Watermelon  - Lb.",1,5.25
866,2025-12-19,"2025-12-17","Half",1,68.89
1217,2025-12-19,"2025-12-18","Kirkwood Pickup Time (2.0 @1:30-2) - @1:30-2",1,0
1217,2025-12-19,"2025-12-18","Bagels - Raisin - Bag",1,6.75
1217,2025-12-19,"2025-12-18","Black Bean Hummus - Tub",1,6.25
1217,2025-12-19,"2025-12-18","Cheese - Enzian Bleu Large - $ - Each",1,7.82
1217,2025-12-19,"2025-12-18","Chicken Breasts /lb. - Pack",1,17.99
1217,2025-12-19,"2025-12-18","Eggs - Dozen",1,6.25
1217,2025-12-19,"2025-12-18","Ham Steak RFF/lb. - Each",1,16.83
1217,2025-12-19,"2025-12-18","Soap (1.0 Basil Lemongrass) - Basil Lemongrass",1,6
1217,2025-12-19,"2025-12-18","Soap (1.0 Lavender) - Lavender",1,6
1217,2025-12-19,"2025-12-18","Extra Credit - Each",44.64,1.06
1217,2025-12-19,"2025-12-18","Mini",1,46.28
1891,2025-12-19,"2025-12-18","Kirkwood Pickup Time (2.0 @1:30-2) - @1:30-2",1,0
1891,2025-12-19,"2025-12-18","Bagels - Sesame Seed - BU - Bag",1,10.9
1891,2025-12-19,"2025-12-18","Brioche - Loaf - Frozen - Lb.",1,7
1891,2025-12-19,"2025-12-18","Mushrooms (1.0 Oyster) - Oyster",1,8.25
1891,2025-12-19,"2025-12-18","Spinach - Bag",1,5.25
1891,2025-12-19,"2025-12-18","Extra Credit - Each",0.4,1.06
1891,2025-12-19,"2025-12-18","UCA/KWA",1,64.37
1196,2025-12-19,"2025-12-18","Kirkwood Pickup Time - @1-1:30",1,0
1196,2025-12-19,"2025-12-18","Apples - Golden Delicious - Bag",1,5.75
1196,2025-12-19,"2025-12-18","Bagel Chips - Bag",1,5.25
1196,2025-12-19,"2025-12-18","Eggs - Dozen",1,6.25
1196,2025-12-19,"2025-12-18","Ground Beef - D&M - Lb.",1,10.25
1196,2025-12-19,"2025-12-18","Yogurt - Plain - Oz.",1,6.75
1196,2025-12-19,"2025-12-18","Extra Credit - Each",5,1.06
1196,2025-12-19,"2025-12-18","Mini",1,46.28
499,2025-12-19,"2025-12-18","Chicken - Links ($10) - Each",1,10
499,2025-12-19,"2025-12-18","Eggs - Dozen",1,6.25
499,2025-12-19,"2025-12-18","Kairos Sourdough Choice $5 - Pack",1,5
499,2025-12-19,"2025-12-18","Missouri Pecans (1.0 Halves) - Halves",1,6.5
499,2025-12-19,"2025-12-18","Pancake Mix Wildcard $4.25 - Bag",1,4.25
499,2025-12-19,"2025-12-18","Half",1,68.89
192,2025-12-19,"2025-12-18","Kirkwood Pickup Time (2.0 @1:30-2) - @1:30-2",1,0
192,2025-12-19,"2025-12-18","Rack of Lamb - lbs",2,34.02
192,2025-12-19,"2025-12-18","Extra Credit - Each",32.04,1.06
192,2025-12-19,"2025-12-18","UCA/KWA",1,64.37
192,2025-12-19,"2025-12-18","2% MILK",2,8.49
1465,2025-12-19,"2025-12-18","Kirkwood Pickup Time (1.0 PORCH) - PORCH",1,0
1465,2025-12-19,"2025-12-18","Carrots no tops - Lb.",1,5.75
1465,2025-12-19,"2025-12-18","English Muffin Sourdough - Frozen - Pack",1,5
1465,2025-12-19,"2025-12-18","Hot Sauce - Green - Oz.",1,7.25
1465,2025-12-19,"2025-12-18","Popcorn - McKaskle - Lb.",1,5.25
1465,2025-12-19,"2025-12-18","Tomatoes - Slicing - Bag",1,6.5
1465,2025-12-19,"2025-12-18","Extra Credit - Each",0.5,1.06
1465,2025-12-19,"2025-12-18","Mini",1,46.28
1708,2025-12-19,"2025-12-18","Mothership Pickup Time (3.0 @4:30-5) - @4:30-5",1,0
1708,2025-12-19,"2025-12-18","Brisket - half/lb. - lbs",2,42.23
1708,2025-12-19,"2025-12-18","Janie's Bread - Thursday - Each",1,6.75
1708,2025-12-19,"2025-12-18","Wheat Flour Pancake Mix - Bag",1,4.25
1708,2025-12-19,"2025-12-18","Extra Credit - Each",63.46,1.06
1708,2025-12-19,"2025-12-18","Half",1,68.89
1708,2025-12-19,"2025-12-18","Skim MILK-e",1,8.49
1386,2025-12-19,"2025-12-18","Kirkwood Pickup Time - @1-1:30",1,0
1386,2025-12-19,"2025-12-18","Apple Sauce - Organic Qt. - Quart",1,10.5
1386,2025-12-19,"2025-12-18","Beets - No Tops - Lb.",1,5.75
1386,2025-12-19,"2025-12-18","Pork - Deli Ham RFF/lb. - Lb.",1,16.5
1386,2025-12-19,"2025-12-18","Extra Credit - Each",1.75,1.06
1386,2025-12-19,"2025-12-18","UCA/KWA",1,64.37
970,2025-12-19,"2025-12-18","Cheese Choice $6.50 - Each",1,6.5
970,2025-12-19,"2025-12-18","Del Carmen Choice - Tub",1,6.25
970,2025-12-19,"2025-12-18","Eggs - Dozen",1,6.25
970,2025-12-19,"2025-12-18","Ground Beef - D&M - Lb.",1,10.25
970,2025-12-19,"2025-12-18","Mini",1,46.28
700,2025-12-19,"2025-12-18","Milk - Whole - Oz.",1,7.98
700,2025-12-19,"2025-12-18","Mothership Pickup Time (2.0 @4-4:30) - @4-4:30",1,0
700,2025-12-19,"2025-12-18","RL Heavy Cream  - Pint",1,7.5
700,2025-12-19,"2025-12-18","Apple Butter - Pint",4,7.5
700,2025-12-19,"2025-12-18","Cheese - Enzian Bleu Small - $ - Each",1,7.66
700,2025-12-19,"2025-12-18","Chips - Tortilla - Bag",1,4.25
700,2025-12-19,"2025-12-18","Eggs - Dozen",1,6.25
700,2025-12-19,"2025-12-18","FF - Fry Bread - Bag",1,7.25
700,2025-12-19,"2025-12-18","Ground Beef - Jersey MJC - Lb.",1,8.75
700,2025-12-19,"2025-12-18","Leeks - Each",1,4
700,2025-12-19,"2025-12-18","Pork - Ground  - Lb.",1,7.25
700,2025-12-19,"2025-12-18","Potatoes - Yukon Gold - lbs",1,6
700,2025-12-19,"2025-12-18","Extra Credit - Each",64.89,1.06
700,2025-12-19,"2025-12-18","Half",1,68.89
287,2025-12-19,"2025-12-18","Gouda - Cave Aged - Pack",1,6.5
287,2025-12-19,"2025-12-18","Mothership Pickup Time (1.0 @3:30-4) - @3:30-4",1,0
287,2025-12-19,"2025-12-18","Chicken Thighs - Boneless/lb. - lbs",1,14.79
287,2025-12-19,"2025-12-18","Eggs - Dozen",1,6.25
287,2025-12-19,"2025-12-18","Pork Italian Bulk - D&M - Lb.",1,8
287,2025-12-19,"2025-12-18","Semolina - T - Loaf",1,6.75
287,2025-12-19,"2025-12-18","Extra Credit - Each",8.54,1.06
287,2025-12-19,"2025-12-18","FSA/FSD",1,64.37
1970,2025-12-19,"2025-12-18","Peanut Butter MC - Tub",1,7.75
1970,2025-12-19,"2025-12-18","Kirkwood Pickup Time - @1-1:30",1,0
1970,2025-12-19,"2025-12-18","Bagels - Everything - BU - Bag",1,10.9
1970,2025-12-19,"2025-12-18","Eggs - Dozen",1,6.25
1970,2025-12-19,"2025-12-18","Honey - Qt. - Jar",1,20
1970,2025-12-19,"2025-12-18","Extra Credit - Each",15.65,1.06
1970,2025-12-19,"2025-12-18","Mini",1,46.28
1132,2025-12-19,"2025-12-18","Milk - 2%  - Oz.",1,7.98
1132,2025-12-19,"2025-12-18","Kirkwood Pickup Time (2.0 @1:30-2) - @1:30-2",1,0
1132,2025-12-19,"2025-12-18","Carrots no tops - Lb.",1,5.75
1132,2025-12-19,"2025-12-18","Eggs - Dozen",2,6.25
1132,2025-12-19,"2025-12-18","Potatoes - Sweet - lbs",1,5.75
1132,2025-12-19,"2025-12-18","Rice - Brown - Lb.",2,6
1132,2025-12-19,"2025-12-18","Extra Credit - Each",43.98,1.06
1132,2025-12-19,"2025-12-18","(BYO) KWG - Orders Only",1,0
1132,2025-12-19,"2025-12-18","Whole MILK",2,8.49
1671,2025-12-19,"2025-12-18","Eggs - BW - Dozen",1,6.25
1671,2025-12-19,"2025-12-18","Mothership Pickup Time (5.0 @5:30-6) - @5:30-6",1,0
1671,2025-12-19,"2025-12-18","Hummus - Garlic - Tub",1,6.75
1671,2025-12-19,"2025-12-18","Manicotti - Spinach - Package",1,9.8
1671,2025-12-19,"2025-12-18","Pork - Bratwurst  - Pack",1,8
1671,2025-12-19,"2025-12-18","Extra Credit - Each",1.55,1.06
1671,2025-12-19,"2025-12-18","Mini",1,46.28
579,2025-12-19,"2025-12-18","Cheese Choice $6.50 - Each",1,6.5
579,2025-12-19,"2025-12-18","Del Carmen Choice - Tub",1,6.25
579,2025-12-19,"2025-12-18","Eggs - Dozen",1,6.25
579,2025-12-19,"2025-12-18","Ground Beef - D&M - Lb.",1,10.25
579,2025-12-19,"2025-12-18","Mini",1,46.28
1799,2025-12-19,"2025-12-18","Beef - Stew Meat - Pack",1,10.25
1799,2025-12-19,"2025-12-18","Eggs - Dozen",1,6.25
1799,2025-12-19,"2025-12-18","Wildcard $10.5 - Each",1,10.5
1799,2025-12-19,"2025-12-18","Yogurt Choice  - Each",1,6.75
1799,2025-12-19,"2025-12-18","FSA/FSD",1,64.37
1987,2025-12-19,"2025-12-18","Eggs - BW - Dozen",2,6.25
1987,2025-12-19,"2025-12-18","Kirkwood Pickup Time (1.0 PORCH) - PORCH",1,0
1987,2025-12-19,"2025-12-18","Eggs - H - Dozen",2,6.25
1987,2025-12-19,"2025-12-18","Lamb Gyro w/ Feta & Spinach - Lb.",1,17.5
1987,2025-12-19,"2025-12-18","Extra Credit - Each",10.5,1.06
1987,2025-12-19,"2025-12-18","Half",1,68.89
467,2025-12-19,"2025-12-18","Eggs - BW - Dozen",1,6.25
467,2025-12-19,"2025-12-18","Kirkwood Pickup Time - @1-1:30",1,0
467,2025-12-19,"2025-12-18","Cauliflower - Romanesco - Lb.",1,6.5
467,2025-12-19,"2025-12-18","Chicken - Ground - Lb.",2,8.75
467,2025-12-19,"2025-12-18","Chicken Links - Andouille  - Lb.",1,10
467,2025-12-19,"2025-12-18","Ghost Pepper Cheddar - Each",2,6.5
467,2025-12-19,"2025-12-18","Extra Credit - Each",24,1.06
467,2025-12-19,"2025-12-18","Mini",1,46.28
1522,2025-12-19,"2025-12-18","Eggs - H - Dozen",2,6.25
1522,2025-12-19,"2025-12-18","Semolina - T - Loaf",1,6.75
1522,2025-12-19,"2025-12-18","Extra Credit - Each",19.25,1.06
615,2025-12-19,"2025-12-18","Sugar Free - Wild Elderberry  - Pint",1,7.5
615,2025-12-19,"2025-12-18","Kirkwood Pickup Time (1.0 PORCH) - PORCH",1,0
615,2025-12-19,"2025-12-18","Apples - Rome - Bag",1,5.75
615,2025-12-19,"2025-12-18","Carrots no tops - Lb.",1,5.75
615,2025-12-19,"2025-12-18","Celery - Head",1,3.5
615,2025-12-19,"2025-12-18","English Muffin Sourdough - Frozen - Pack",1,5
615,2025-12-19,"2025-12-18","Gluten Free Black Bean Soup - Tub",1,6.25
615,2025-12-19,"2025-12-18","Hummus - Beet & Pepita - Tub",1,6.75
615,2025-12-19,"2025-12-18","Lip Balm (1.0 Honey Vanilla) - Honey Vanilla",1,3.5
615,2025-12-19,"2025-12-18","Missouri Pecans (1.0 Halves) - Halves",1,6.5
615,2025-12-19,"2025-12-18","Olive Oil Large - Bottle",1,18.5
615,2025-12-19,"2025-12-18","Potatoes - Sweet - lbs",1,5.75
615,2025-12-19,"2025-12-18","Salmon - Fillet Pieces/LB* - Each",1,9.45
615,2025-12-19,"2025-12-18","Sourdough Bread - Frozen - Lb.",1,6.25
615,2025-12-19,"2025-12-18","Yogurt - Strawberry - Oz.",1,6.75
615,2025-12-19,"2025-12-18","Extra Credit - Each",67.95,1.06
615,2025-12-19,"2025-12-18","Mini",1,46.28
182,2025-12-19,"2025-12-18","Mothership Pickup Time (3.0 @4:30-5) - @4:30-5",1,0
182,2025-12-19,"2025-12-18","Bagel Chips - Bag",1,5.25
182,2025-12-19,"2025-12-18","Cinnamon Rolls - Frozen - Pack",1,6.25
182,2025-12-19,"2025-12-18","Hoagie - T - Each",1,3.35
182,2025-12-19,"2025-12-18","Milk Chocolate Lolli - Each",1,1.75
182,2025-12-19,"2025-12-18","Potatoes - Yukon Gold - lbs",2,6
182,2025-12-19,"2025-12-18","Spinach - Bag",1,5.25
182,2025-12-19,"2025-12-18","Extra Credit - Each",0.1,1.06
182,2025-12-19,"2025-12-18","FSA/FSD",1,64.37
929,2025-12-19,"2025-12-18","Gouda - Cave Aged - Pack",1,6.5
929,2025-12-19,"2025-12-18","Oats Coarse 5# - Bag",1,11.5
929,2025-12-19,"2025-12-18","Pizza - Cheese  - Each",1,7.25
929,2025-12-19,"2025-12-18","Apples - Fuji - Bag",1,5.75
929,2025-12-19,"2025-12-18","Arugula - Bag",1,4
929,2025-12-19,"2025-12-18","Black Beans - Dry - Lb.",1,3
929,2025-12-19,"2025-12-18","Eggs - Dozen",1,6.25
929,2025-12-19,"2025-12-18","Missouri Pecans (1.0 Halves) - Halves",1,6.5
929,2025-12-19,"2025-12-18","Rice - Basmati White - Lb.",1,6.75
929,2025-12-19,"2025-12-18","Spinach - Bag",1,5.25
929,2025-12-19,"2025-12-18","Tortellini - Goat Cheese - Pack",1,9
929,2025-12-19,"2025-12-18","Extra Credit - Each",39.75,1.06
929,2025-12-19,"2025-12-18","Half",1,68.89
31,2025-12-19,"2025-12-18","Cashew Butter - Roasted - Pint",1,11.75
31,2025-12-19,"2025-12-18","Eggs - BW - Dozen",2,6.25
31,2025-12-19,"2025-12-18","Stringbean Malawi Peaberry - Oz.",1,15.45
31,2025-12-19,"2025-12-18","Mothership Pickup Time (1.0 @3:30-4) - @3:30-4",1,0
31,2025-12-19,"2025-12-18","$ for green bags donation - $",1,1
31,2025-12-19,"2025-12-18","Carrots no tops - Lb.",1,5.75
31,2025-12-19,"2025-12-18","Cauliflower - Romanesco - Lb.",1,6.5
31,2025-12-19,"2025-12-18","Ground Beef - Jersey MJC - Lb.",1,8.75
31,2025-12-19,"2025-12-18","Honey - Wildflower - Bottle",1,11.25
31,2025-12-19,"2025-12-18","Marinara Sauce - Jar",1,8.75
31,2025-12-19,"2025-12-18","Radishes - Purple Heart - Bunch",1,5.25
31,2025-12-19,"2025-12-18","Salmon - Fillet Pieces/LB* - Each",1,8.75
31,2025-12-19,"2025-12-18","Shoots - Specialty Mix - Bag",1,4.25
31,2025-12-19,"2025-12-18","Winter Squash - Butternut (1.0 Medium) - Medium",1,4
31,2025-12-19,"2025-12-18","Extra Credit - Each",98.95,1.06
31,2025-12-19,"2025-12-18","No Produce - Order Only (even wk)",1,0
31,2025-12-19,"2025-12-18","2% MILK",4,8.49
1249,2025-12-19,"2025-12-18","Eggs - BW - Dozen",1,6.25
1249,2025-12-19,"2025-12-18","Mothership Pickup Time (1.0 @3:30-4) - @3:30-4",1,0
1249,2025-12-19,"2025-12-18","Brussels Sprouts (1.0 Bag) - Bag",1,4
1249,2025-12-19,"2025-12-18","Carrots no tops - Lb.",1,5.75
1249,2025-12-19,"2025-12-18","Mushrooms (1.0 Shiitake) - Shiitake",1,8.25
1249,2025-12-19,"2025-12-18","Potatoes - Yukon Gold - lbs",1,6
1249,2025-12-19,"2025-12-18","Ravioli - Butternut Squash  - Lb.",1,9
1249,2025-12-19,"2025-12-18","Stringbean Ethiopian - Bag",1,15.45
1249,2025-12-19,"2025-12-18","Stringbean Half Caf - Bag",1,15.45
1249,2025-12-19,"2025-12-18","Winter Squash - Spaghetti (1.0 Large) - Large",1,4.75
1249,2025-12-19,"2025-12-18","Yogurt - Plain - Oz.",1,6.75
1363,2025-12-19,"2025-12-18","Chicken - Big Bag Deboned Thighs/lb. - Bag",1,41.28
1363,2025-12-19,"2025-12-18","Mothership Pickup Time (2.0 @4-4:30) - @4-4:30",1,0
1363,2025-12-19,"2025-12-18","Arugula - Bag",1,4
1363,2025-12-19,"2025-12-18","Bacon Ends /lb. - Package",1,11.5
1363,2025-12-19,"2025-12-18","Eggs - Dozen",1,6.25
1363,2025-12-19,"2025-12-18","Potatoes - Sweet - lbs",1,5.75
1363,2025-12-19,"2025-12-18","Extra Credit - Each",36.78,1.06
1363,2025-12-19,"2025-12-18","Half",1,68.89
1857,2025-12-19,"2025-12-18","Ground Turkey - Pack",1,8.75
1857,2025-12-19,"2025-12-18","Mothership Pickup Time (4.0 @5-5:30) - @5-5:30",1,0
1857,2025-12-19,"2025-12-18","Carrots no tops - Lb.",1,5.75
1857,2025-12-19,"2025-12-18","Eggs - H - Dozen",2,6.25
1857,2025-12-19,"2025-12-18","Hoagie - T - Each",1,3.35
1857,2025-12-19,"2025-12-18","Potato Chips Original - Med - Oz.",1,3
1857,2025-12-19,"2025-12-18","Extra Credit - Each",5.1,1.06
1857,2025-12-19,"2025-12-18","FSC",1,64.37
1131,2025-12-19,"2025-12-18","Cheese Choice $6.50 - Each",1,6.5
1131,2025-12-19,"2025-12-18","Del Carmen Choice - Tub",1,6.25
1131,2025-12-19,"2025-12-18","Eggs - Dozen",1,6.25
1131,2025-12-19,"2025-12-18","Ground Beef - D&M - Lb.",1,10.25
1131,2025-12-19,"2025-12-18","Mini",1,46.28
1622,2025-12-19,"2025-12-18","Gouda - Cave Aged - Pack",1,6.5
1622,2025-12-19,"2025-12-18","Mothership Pickup Time (4.0 @5-5:30) - @5-5:30",1,0
1622,2025-12-19,"2025-12-18","Gluten Free Black Beans & Rice - Tub",1,6.25
1622,2025-12-19,"2025-12-18","Ground Beef - D&M - Lb.",1,10.25
1622,2025-12-19,"2025-12-18","Mini",1,46.28
1383,2025-12-19,"2025-12-18","Jam - Blackberry HBY - Pint",1,7.5
1383,2025-12-19,"2025-12-18","Kuva Nicaragua - Bag",1,15.45
1383,2025-12-19,"2025-12-18","Chicken - Links ($10) - Each",1,10
1383,2025-12-19,"2025-12-18","Coconut Oil Quart - Quart",1,10.5
1383,2025-12-19,"2025-12-18","Eggs - Dozen",1,6.25
1383,2025-12-19,"2025-12-18","Kairos Sourdough Choice $5 - Pack",1,5
1383,2025-12-19,"2025-12-18","Missouri Pecans (1.0 Halves) - Halves",1,6.5
1383,2025-12-19,"2025-12-18","Pancake Mix Wildcard $4.25 - Bag",1,4.25
1383,2025-12-19,"2025-12-18","Pasta Bi-color Short - Lb.",1,6.5
1383,2025-12-19,"2025-12-18","Tomatoes - Slicing - Bag",1,6.5
1383,2025-12-19,"2025-12-18","Extra Credit - Each",46.45,1.06
1383,2025-12-19,"2025-12-18","Half",1,68.89
1383,2025-12-19,"2025-12-18","CREAM",5,16
11,2025-12-19,"2025-12-18","Eggs - BW - Dozen",1,6.25
11,2025-12-19,"2025-12-18","Bacon - Each",1,12.75
11,2025-12-19,"2025-12-18","Beef - Stew Meat - Pack",1,10.25
11,2025-12-19,"2025-12-18","Potatoes - Sweet - lbs",1,5.75
11,2025-12-19,"2025-12-18","Extra Credit - Each",1.25,1.06
11,2025-12-19,"2025-12-18","FSA/FSD",1,64.37
83,2025-12-19,"2025-12-18","Peanut Butter MC - Tub",1,7.75
83,2025-12-19,"2025-12-18","Mothership Pickup Time (1.0 @3:30-4) - @3:30-4",1,0
83,2025-12-19,"2025-12-18","Chicken - Links ($10) - Each",1,10
83,2025-12-19,"2025-12-18","Eggs - Dozen",1,6.25
83,2025-12-19,"2025-12-18","Kairos Sourdough Choice $5 - Pack",1,5
83,2025-12-19,"2025-12-18","RL Chocolate Milk - Bottle",1,2.75
83,2025-12-19,"2025-12-18","Half",1,68.89
1714,2025-12-19,"2025-12-18","Eggs - BW - Dozen",2,6.25
1714,2025-12-19,"2025-12-18","Kirkwood Pickup Time - @1-1:30",1,0
1714,2025-12-19,"2025-12-18","Brussels Sprouts (1.0 Bag) - Bag",1,4
1714,2025-12-19,"2025-12-18","Chevre PF (1.0 Pepper) - Pepper",1,8.5
1714,2025-12-19,"2025-12-18","Radishes - Mini Daikon - Bunch",1,4
1714,2025-12-19,"2025-12-18","Yogurt - Strawberry - Oz.",1,6.75
1714,2025-12-19,"2025-12-18","Extra Credit - Each",3.75,1.06
1714,2025-12-19,"2025-12-18","Half",1,68.89
473,2025-12-19,"2025-12-18","WOW! Turkey Breast /13.58 lbs. - Pack",1,129
473,2025-12-19,"2025-12-18","Stringbean Red Eye  - Oz.",1,15.45
473,2025-12-19,"2025-12-18","Kirkwood Pickup Time (1.0 PORCH) - PORCH",1,0
473,2025-12-19,"2025-12-18","Chicken Breasts /lb. - Pack",1,17.49
473,2025-12-19,"2025-12-18","Eggs - Dozen",1,6.25
473,2025-12-19,"2025-12-18","Oat Porridge Bread - T - Each",1,8.8
473,2025-12-19,"2025-12-18","Pasta Long Egg - Lb.",1,6.5
473,2025-12-19,"2025-12-18","Pork Shoulder/lb. - Each",1,39.08
473,2025-12-19,"2025-12-18","Extra Credit - Each",190.57,1.06
473,2025-12-19,"2025-12-18","Half",1,68.89
1229,2025-12-19,"2025-12-18","Kuva Sumatra - Oz.",1,15.45
1229,2025-12-19,"2025-12-18","Mothership Pickup Time (4.0 @5-5:30) - @5-5:30",1,0
1229,2025-12-19,"2025-12-18","Beets - No Tops - Lb.",1,5.75
1229,2025-12-19,"2025-12-18","Cabbage - Red - Share",1,4.25
1229,2025-12-19,"2025-12-18","Mushrooms (1.0 Shiitake) - Shiitake",1,8.25
1229,2025-12-19,"2025-12-18","Onions - Green - Bunch",1,3.5
1229,2025-12-19,"2025-12-18","Extra Credit - Each",5.2,1.06
1229,2025-12-19,"2025-12-18","Half",1,68.89
471,2025-12-19,"2025-12-18","Beef - Stew Meat - Pack",1,10.25
471,2025-12-19,"2025-12-18","Eggs - Dozen",1,6.25
471,2025-12-19,"2025-12-18","Wildcard $10.5 - Each",1,10.5
471,2025-12-19,"2025-12-18","Yogurt Choice  - Each",1,6.75
471,2025-12-19,"2025-12-18","FSA/FSD",1,64.37
1593,2025-12-19,"2025-12-18","Mothership Pickup Time (5.0 @5:30-6) - @5:30-6",1,0
1593,2025-12-19,"2025-12-18","Cabbage - Red - Share",1,4.25
1593,2025-12-19,"2025-12-18","Cheese Choice $6.50 - Each",1,6.5
1593,2025-12-19,"2025-12-18","Chips - Tortilla - Bag",1,4.25
1593,2025-12-19,"2025-12-18","Funds for Snacks - Each",1,1
1593,2025-12-19,"2025-12-18","Popped Corn - Organic - Bag",1,3
1593,2025-12-19,"2025-12-18","Ravioli - Mushroom  - Lb.",1,9
1593,2025-12-19,"2025-12-18","Winter Squash - Butternut (1.0 Medium) - Medium",1,4
1593,2025-12-19,"2025-12-18","Extra Credit - Each",2.75,1.06
1593,2025-12-19,"2025-12-18","Mini",1,46.28
550,2025-12-19,"2025-12-18","Gouda - Cave Aged - Pack",1,6.5
550,2025-12-19,"2025-12-18","Mothership Pickup Time (5.0 @5:30-6) - @5:30-6",1,0
550,2025-12-19,"2025-12-18","Bagels - Sesame Seed - BU - Bag",1,10.9
550,2025-12-19,"2025-12-18","Dark Bar 72% - Package",1,2.75
550,2025-12-19,"2025-12-18","Eggs - Dozen",1,6.25
550,2025-12-19,"2025-12-18","Ground Beef - Jersey MJC - Lb.",1,8.75
550,2025-12-19,"2025-12-18","Extra Credit - Each",1.4,1.06
550,2025-12-19,"2025-12-18","FSA/FSD",1,64.37
1839,2025-12-19,"2025-12-18","Half & Half - Pint",2,4.75
1839,2025-12-19,"2025-12-18","Mothership Pickup Time (1.0 @3:30-4) - @3:30-4",1,0
1839,2025-12-19,"2025-12-18","Black Beans DC - Tub",1,6.25
1839,2025-12-19,"2025-12-18","Eggs - Dozen",1,6.25
1839,2025-12-19,"2025-12-18","Janie's Bread - Thursday - Each",1,6.75
1839,2025-12-19,"2025-12-18","Spinach - Bag",1,5.25
1839,2025-12-19,"2025-12-18","Extra Credit - Each",2,1.06
1839,2025-12-19,"2025-12-18","Half",1,68.89
514,2025-12-19,"2025-12-18","Beef Bones - Knuckle/lb. - lbs",3,5.6
514,2025-12-19,"2025-12-18","Eggs - BW - Dozen",2,6.25
514,2025-12-19,"2025-12-18","Stringbean Red Eye  - Oz.",1,15.45
514,2025-12-19,"2025-12-18","Apples - Fuji - Bag",1,5.75
514,2025-12-19,"2025-12-18","Cabbage - Green (1.0 Medium) - Medium",1,4
514,2025-12-19,"2025-12-18","Cabbage - Red - Share",1,4.25
514,2025-12-19,"2025-12-18","Carrots no tops - Lb.",1,5.75
514,2025-12-19,"2025-12-18","Cauliflower - Romanesco - Lb.",1,6.5
514,2025-12-19,"2025-12-18","Celery - Head",1,3.5
514,2025-12-19,"2025-12-18","Gr. Beef Bundle DM ( 5-pack) - Each",1,48.75
514,2025-12-19,"2025-12-18","Ground Lamb  - Lb.",1,16
514,2025-12-19,"2025-12-18","Lamb Gyro Seasoned - Lb.",2,17.5
514,2025-12-19,"2025-12-18","Pork Italian Bulk - D&M - Lb.",1,8
514,2025-12-19,"2025-12-18","Potatoes - Regular - lbs",1,5.75
514,2025-12-19,"2025-12-18","Extra Credit - Each",159.75,1.06
514,2025-12-19,"2025-12-18","FSC",1,64.37
303,2025-12-19,"2025-12-18","Chicken - Ground - Lb.",1,8.75
303,2025-12-19,"2025-12-18","Grains Wildcard $4.75 - Each",1,4.75
303,2025-12-19,"2025-12-18","Mushrooms - Choice",1,8.25
303,2025-12-19,"2025-12-18","Pasta Bi-color Short - Lb.",1,6.5
303,2025-12-19,"2025-12-18","FSC",1,64.37
875,2025-12-19,"2025-12-18","Mothership Pickup Time (1.0 @3:30-4) - @3:30-4",1,0
875,2025-12-19,"2025-12-18","Chicken - Links ($10) - Each",1,10
875,2025-12-19,"2025-12-18","Eggs - Dozen",1,6.25
875,2025-12-19,"2025-12-18","Kairos Sourdough Choice $5 - Pack",1,5
875,2025-12-19,"2025-12-18","Missouri Pecans (1.0 Halves) - Halves",1,6.5
875,2025-12-19,"2025-12-18","Pancake Mix Wildcard $4.25 - Bag",1,4.25
875,2025-12-19,"2025-12-18","Half",1,68.89
308,2025-12-19,"2025-12-18","Mothership Pickup Time (1.0 @3:30-4) - @3:30-4",1,0
308,2025-12-19,"2025-12-18","Brussels Sprouts (1.0 Bag) - Bag",1,4
308,2025-12-19,"2025-12-18","Cheese - Enzian Bleu Large - $ - Each",1,9.29
308,2025-12-19,"2025-12-18","Chevre PF (1.0 Pepper) - Pepper",1,8.5
308,2025-12-19,"2025-12-18","Dark Chocolate Bon Bons - Pack",1,11.25
308,2025-12-19,"2025-12-18","Eggs - Dozen",1,6.25
308,2025-12-19,"2025-12-18","Rice - Basmati White - Lb.",1,6.75
308,2025-12-19,"2025-12-18","Extra Credit - Each",14.04,1.06
308,2025-12-19,"2025-12-18","Half",1,68.89
556,2025-12-19,"2025-12-18","Potato Chips Kickers Mini - Oz.",1,1.5
556,2025-12-19,"2025-12-18","Potato Chips Original - Mini - Oz.",1,1.5
556,2025-12-19,"2025-12-18","Dark Chocolate Almond Bar - Pack",1,4.8
556,2025-12-19,"2025-12-18","Dark Chocolate Lolli - Each",1,1.75
556,2025-12-19,"2025-12-18","Dark Chocolate Square  - Each",1,1.75
556,2025-12-19,"2025-12-18","Milk Choc. Peanut Butter Bark - Pack",1,6.45
556,2025-12-19,"2025-12-18","Milk Chocolate Lolli - Each",1,1.75
556,2025-12-19,"2025-12-18","Milk Chocolate Square - Each",1,1.75
556,2025-12-19,"2025-12-18","Tastachios - Oz.",1,8.5
556,2025-12-19,"2025-12-18","Toffee - Package",1,6.45
621,2025-12-19,"2025-12-18","Mothership Pickup Time (1.0 @3:30-4) - @3:30-4",1,0
621,2025-12-19,"2025-12-18","Bagels - Pumpernickel - BU - Bag",1,10.9
621,2025-12-19,"2025-12-18","Eggs - Dozen",2,6.25
621,2025-12-19,"2025-12-18","Kohlrabi  - Head",1,3
621,2025-12-19,"2025-12-18","Leeks - Each",1,4
621,2025-12-19,"2025-12-18","Radishes - Watermelon  - Lb.",1,5.25
621,2025-12-19,"2025-12-18","Extra Credit - Each",1.9,1.06
621,2025-12-19,"2025-12-18","FSA/FSD",1,64.37
558,2025-12-19,"2025-12-18","Carrots no tops - Lb.",2,5.75
558,2025-12-19,"2025-12-18","Cheese Choice $6.50 - Each",1,6.5
558,2025-12-19,"2025-12-18","Ground Beef - D&M - Lb.",1,10.25
558,2025-12-19,"2025-12-18","Mini",1,46.28
540,2025-12-19,"2025-12-18","Kirkwood Pickup Time - @1-1:30",1,0
540,2025-12-19,"2025-12-18","Apples - Suncrisp - Bag",1,5.75
540,2025-12-19,"2025-12-18","Eggs - Dozen",1,6.25
540,2025-12-19,"2025-12-18","Feta Cheese - HBC - Each",1,6.5
540,2025-12-19,"2025-12-18","Milk Chocolate Bar - Pack",1,2.75
540,2025-12-19,"2025-12-18","Semolina - T - Loaf",1,6.75
540,2025-12-19,"2025-12-18","Winter Squash - Red Kuri - Each",2,2
540,2025-12-19,"2025-12-18","Half",1,68.89
525,2025-12-19,"2025-12-18","Jam - Red Raspberry HBY - Pint",1,7.5
525,2025-12-19,"2025-12-18","Bagels - Everything - Frozen - Bag",1,6.75
525,2025-12-19,"2025-12-18","Bagels - Plain - Frozen - Each",1,6.75
525,2025-12-19,"2025-12-18","Chicken Links - Andouille  - Lb.",1,10
525,2025-12-19,"2025-12-18","Eggs - Dozen",1,6.25
525,2025-12-19,"2025-12-18","Leeks - Each",1,4
525,2025-12-19,"2025-12-18","Radishes - Mini Daikon - Bunch",1,4
1476,2025-12-19,"2025-12-18","Kirkwood Pickup Time - @1-1:30",1,0
1476,2025-12-19,"2025-12-18","Cabbage - Green (1.0 Small) - Small",1,3
1476,2025-12-19,"2025-12-18","Carrots no tops - Lb.",1,5.75
1476,2025-12-19,"2025-12-18","Celery - Head",2,3.5
1476,2025-12-19,"2025-12-18","Cheese - Meramec Small - $ - Each",1,7.67
1476,2025-12-19,"2025-12-18","Hoagie - T - Each",1,3.35
1476,2025-12-19,"2025-12-18","Janie's Bread - Thursday - Each",1,6.75
1476,2025-12-19,"2025-12-18","Kohlrabi  - Head",1,3
1476,2025-12-19,"2025-12-18","Potatoes - Sweet - lbs",2,5.75
1476,2025-12-19,"2025-12-18","Raviolini - Mozzerella Herb - Lb.",1,9
1476,2025-12-19,"2025-12-18","Extra Credit - Each",27.77,1.06
1476,2025-12-19,"2025-12-18","Mini",1,46.28
1084,2025-12-19,"2025-12-18","Peanuts - Blanched Unsalted - Oz.",1,6.75
1084,2025-12-19,"2025-12-18","Pizza - Veggie  - Each",1,8
1084,2025-12-19,"2025-12-18","Mothership Pickup Time - @6:30-7",1,0
1084,2025-12-19,"2025-12-18","Apple Sauce - Chunky - NS - Quart",1,7.5
1084,2025-12-19,"2025-12-18","Dark Chocolate Salted Bark - Pack",2,6.45
1084,2025-12-19,"2025-12-18","Eggs - Dozen",2,6.25
1084,2025-12-19,"2025-12-18","FF - Fry Bread - Bag",1,7.25
1084,2025-12-19,"2025-12-18","Missouri Pecans (1.0 Halves) - Halves",3,6.5
1084,2025-12-19,"2025-12-18","Mustard (1.0 Horseradish) - Horseradish",1,6
1084,2025-12-19,"2025-12-18","Pasta Bi-color Short - Lb.",2,6.5
1084,2025-12-19,"2025-12-18","Pepper Relish - Pint",1,8
1084,2025-12-19,"2025-12-18","Sugar Free - Strawberry Jam  - Pint",4,7.5
1084,2025-12-19,"2025-12-18","oo'ma'me - Mexican - Jar",3,12
1084,2025-12-19,"2025-12-18","Extra Credit - Each",135.4,1.06
1084,2025-12-19,"2025-12-18","Half",1,68.89
549,2025-12-19,"2025-12-18","Mothership Pickup Time - @6:30-7",1,0
549,2025-12-19,"2025-12-18","CBD - Sleep - Blackberry Mint - 10-pack",1,25
549,2025-12-19,"2025-12-18","Marinara Sauce - Jar",1,8.75
549,2025-12-19,"2025-12-18","FSA/FSD",1,64.37
22,2025-12-19,"2025-12-18","Mothership Pickup Time (1.0 @3:30-4) - @3:30-4",1,0
22,2025-12-19,"2025-12-18","Eggs - Dozen",1,6.25
22,2025-12-19,"2025-12-18","English Muffin Sourdough - Frozen - Pack",1,5
22,2025-12-19,"2025-12-18","Missouri Pecans (1.0 Halves) - Halves",2,6.5
22,2025-12-19,"2025-12-18","Semolina - T - Loaf",1,6.75
22,2025-12-19,"2025-12-18","Sesame Hoagie - T - Each",1,3.6
22,2025-12-19,"2025-12-18","Extra Credit - Each",0.1,1.06
22,2025-12-19,"2025-12-18","Half",1,68.89
22,2025-12-19,"2025-12-18","CREAM",1,20.17
22,2025-12-19,"2025-12-18","Creamline MILK-e",1,8.49
710,2025-12-19,"2025-12-18","Mothership Pickup Time (1.0 @3:30-4) - @3:30-4",1,0
710,2025-12-19,"2025-12-18","Bagels - Pumpernickel - BU - Bag",1,10.9
710,2025-12-19,"2025-12-18","Eggs - Dozen",1,6.25
710,2025-12-19,"2025-12-18","Lamb Gyro Seasoned - Lb.",2,17.5
710,2025-12-19,"2025-12-18","Extra Credit - Each",18.4,1.06
710,2025-12-19,"2025-12-18","FSA/FSD",1,64.37
1879,2025-12-19,"2025-12-18","Mothership Pickup Time (3.0 @4:30-5) - @4:30-5",1,0
1879,2025-12-19,"2025-12-18","Arugula - Bag",1,4
1879,2025-12-19,"2025-12-18","Brussels Sprouts (1.0 Bag) - Bag",1,4
1879,2025-12-19,"2025-12-18","Cheese Choice $6.50 - Each",1,6.5
1879,2025-12-19,"2025-12-18","Del Carmen Choice - Tub",1,6.25
1879,2025-12-19,"2025-12-18","Ground Beef - D&M - Lb.",1,10.25
1879,2025-12-19,"2025-12-18","Extra Credit - Each",1.75,1.06
1879,2025-12-19,"2025-12-18","Mini",1,46.28
807,2025-12-19,"2025-12-18","Bacon - Each",3,12.75
807,2025-12-19,"2025-12-18","Chicken - Thighs /lbs  - lbs",2,6.72
807,2025-12-19,"2025-12-18","Chicken Drumsticks /LB - Pack",2,3.63
807,2025-12-19,"2025-12-18","Cinnamon Rolls - Frozen - Pack",1,6.25
807,2025-12-19,"2025-12-18","Pork Shoulder Small/lb. - Pack",1,30.88
807,2025-12-19,"2025-12-18","Yogurt - Plain - Oz.",2,6.75
807,2025-12-19,"2025-12-18","Extra Credit - Each",78.58,1.06
807,2025-12-19,"2025-12-18","UCA/KWA",1,64.37
807,2025-12-19,"2025-12-18","2% MILK",1,8.49
1377,2025-12-19,"2025-12-18","Gouda - Cave Aged - Pack",1,6.5
1377,2025-12-19,"2025-12-18","Mothership Pickup Time (5.0 @5:30-6) - @5:30-6",1,0
1377,2025-12-19,"2025-12-18","Chips - Tortilla - Bag",1,4.25
1377,2025-12-19,"2025-12-18","Eggs - Dozen",2,6.25
1377,2025-12-19,"2025-12-18","Rice - Basmati White - Lb.",1,6.75
1377,2025-12-19,"2025-12-18","Shoots - Pea - Bag",1,4.25
1377,2025-12-19,"2025-12-18","Extra Credit - Each",0.5,1.06
1377,2025-12-19,"2025-12-18","FSA/FSD",1,64.35
1763,2025-12-19,"2025-12-18","Cheese Choice $6.50 - Each",1,6.5
1763,2025-12-19,"2025-12-18","Del Carmen Choice - Tub",1,6.25
1763,2025-12-19,"2025-12-18","Eggs - Dozen",1,6.25
1763,2025-12-19,"2025-12-18","Ground Beef - D&M - Lb.",1,10.25
1763,2025-12-19,"2025-12-18","Mini",1,46.28
1680,2025-12-19,"2025-12-18","Food Pantry Donation - $",10,1
1680,2025-12-19,"2025-12-18","Bagels - Blueberry - BU - Bag",1,10.9
1680,2025-12-19,"2025-12-18","Brussels Sprouts (1.0 Bag) - Bag",1,4
1680,2025-12-19,"2025-12-18","Carrots no tops - Lb.",1,5.75
1680,2025-12-19,"2025-12-18","Eggs - H - Dozen",1,6.25
1680,2025-12-19,"2025-12-18","Potatoes - Yukon Gold - lbs",1,6
1680,2025-12-19,"2025-12-18","Extra Credit - Each",13.65,1.06
1680,2025-12-19,"2025-12-18","Mini",1,46.28
245,2025-12-19,"2025-12-18","Chicken - Ground - Lb.",1,8.75
245,2025-12-19,"2025-12-18","Eggs - Dozen",1,6.25
245,2025-12-19,"2025-12-18","Light and Mild - T - Loaf",1,8
245,2025-12-19,"2025-12-18","Pasta - Short Egg  - Lb.",1,6.5
245,2025-12-19,"2025-12-18","Potatoes - Yukon Gold - lbs",1,6
245,2025-12-19,"2025-12-18","Extra Credit - Each",1.75,1.06
245,2025-12-19,"2025-12-18","FSA/FSD",1,64.37
1884,2025-12-19,"2025-12-18","Mothership Pickup Time (2.0 @4-4:30) - @4-4:30",1,0
1884,2025-12-19,"2025-12-18","Brussels Sprouts (1.0 Bag) - Bag",1,4
1884,2025-12-19,"2025-12-18","Leeks - Each",1,4
1884,2025-12-19,"2025-12-18","Mushrooms (1.0 Shiitake) - Shiitake",1,8.25
1884,2025-12-19,"2025-12-18","Stringbean Ethiopian - Bag",1,15.45
1884,2025-12-19,"2025-12-18","Half",1,68.89
1419,2025-12-19,"2025-12-18","Chicken - Livers /lb* - Pack",1,1.87
1419,2025-12-19,"2025-12-18","Chicken Thighs - Boneless/lb. - lbs",1,8.84
1419,2025-12-19,"2025-12-18","Pork Bacon Burgers - Pack",1,15.75
1419,2025-12-19,"2025-12-18","Semolina - Wednesday - Loaf",1,6.75
1419,2025-12-19,"2025-12-18","Extra Credit - Each",1.21,1.06
1419,2025-12-19,"2025-12-18","Half",1,68.89
1766,2025-12-19,"2025-12-18","Stringbean Red Eye  - Oz.",1,15.45
1766,2025-12-19,"2025-12-18","Kirkwood Pickup Time - @1-1:30",1,0
1766,2025-12-19,"2025-12-18","Bagels - Honey Buckwheat - BU - Bag",1,10.9
1766,2025-12-19,"2025-12-18","Brussels Sprouts (1.0 Bag) - Bag",1,4
1766,2025-12-19,"2025-12-18","Hoagie - T - Each",1,3.35
1766,2025-12-19,"2025-12-18","Missouri Pecans (1.0 Halves) - Halves",2,6.5
1766,2025-12-19,"2025-12-18","Salame - Veneto - Pack",1,12.35
1766,2025-12-19,"2025-12-18","Winter Squash - Butternut (1.0 Medium) - Medium",1,4
1766,2025-12-19,"2025-12-18","Extra Credit - Each",32.05,1.06
1766,2025-12-19,"2025-12-18","UCA/KWA",1,64.37
1864,2025-12-19,"2025-12-18","Mothership Pickup Time (1.0 @3:30-4) - @3:30-4",1,0
1864,2025-12-19,"2025-12-18","Arugula - Bag",1,4
1864,2025-12-19,"2025-12-18","Black Beans DC - Tub",1,6.25
1864,2025-12-19,"2025-12-18","Eggs - Dozen",2,6.25
1864,2025-12-19,"2025-12-18","Hummus - Garlic - Tub",1,6.75
1864,2025-12-19,"2025-12-18","Winter Squash - Mashed Potato - Each",1,2.25
1864,2025-12-19,"2025-12-18","Half",1,68.89
1864,2025-12-19,"2025-12-18","2% MILK-e",1,8.49
239,2025-12-19,"2025-12-18","Kirkwood Pickup Time - @1-1:30",1,0
239,2025-12-19,"2025-12-18","Marinara Sauce - Jar",1,8.75
239,2025-12-19,"2025-12-18","Pasta Long Bi-color - Lb.",1,6.5
239,2025-12-19,"2025-12-18","Pork Breakfast Link D&M - Pack",1,8
239,2025-12-19,"2025-12-18","Wheat Berries - Bag",1,3.75
239,2025-12-19,"2025-12-18","White Rice Flour - Bag",1,3.75
239,2025-12-19,"2025-12-18","UCA/KWA",1,64.37
1941,2025-12-19,"2025-12-18","Potato Chips Kickers Mini - Oz.",1,1.5
1941,2025-12-19,"2025-12-18","RL Heavy Cream  - Pint",1,7.5
1941,2025-12-19,"2025-12-18","Aged Cheddar - HBC - Each",1,6.5
1941,2025-12-19,"2025-12-18","Black Pepper Cheddar - Each",1,6.5
1941,2025-12-19,"2025-12-18","Cheese - Enzian Bleu Large - $ - Each",1,9.57
1941,2025-12-19,"2025-12-18","Cheese - Grisontaler Small - $ - Each",1,6.56
1941,2025-12-19,"2025-12-18","Cheese - Meramec Small - $ - Each",1,8.64
1941,2025-12-19,"2025-12-18","Chicken Breasts /lb. - Pack",1,16.83
1941,2025-12-19,"2025-12-18","Eggs - Dozen",3,6.25
1941,2025-12-19,"2025-12-18","RL Eggnog 16 oz - Pint",1,6.5
1941,2025-12-19,"2025-12-18","Extra Credit - Each",59.6,1.06
1941,2025-12-19,"2025-12-18","Mini",1,46.28
293,2025-12-19,"2025-12-18","Mothership Pickup Time (6.0 @6-6:30) - @6-6:30",1,0
293,2025-12-19,"2025-12-18","Brussels Sprouts (1.0 Bag) - Bag",1,4
293,2025-12-19,"2025-12-18","Chicken - Ground - Lb.",1,8.75
293,2025-12-19,"2025-12-18","Chicken Chorizo - Lb.",1,10
293,2025-12-19,"2025-12-18","Eggs - Dozen",1,6.25
293,2025-12-19,"2025-12-18","Winter Squash - Spaghetti (1.0 Large) - Large",1,4.75
293,2025-12-19,"2025-12-18","FSA/FSD",1,64.37
616,2025-12-19,"2025-12-18","Eggs - BW - Dozen",2,6.25
616,2025-12-19,"2025-12-18","Mothership Pickup Time (2.0 @4-4:30) - @4-4:30",1,0
616,2025-12-19,"2025-12-18","Brussels Sprouts (1.0 Stalk) - Stalk",1,4.75
616,2025-12-19,"2025-12-18","Eggs - H - Dozen",1,6.25
616,2025-12-19,"2025-12-18","Extra Credit - Each",23.5,1.06
1149,2025-12-19,"2025-12-18","Mothership Pickup Time (1.0 @3:30-4) - @3:30-4",1,0
1149,2025-12-19,"2025-12-18","Eggs - Dozen",1,6.25
1149,2025-12-19,"2025-12-18","Honey - Pint - Jar",1,10.75
1149,2025-12-19,"2025-12-18","Tortellini - Cheese - Lb.",2,9
1149,2025-12-19,"2025-12-18","Extra Credit - Each",3,1.06
1149,2025-12-19,"2025-12-18","Half",1,68.89
310,2025-12-19,"2025-12-18","Ground Turkey - Pack",2,8.75
310,2025-12-19,"2025-12-18","Mothership Pickup Time (1.0 @3:30-4) - @3:30-4",1,0
310,2025-12-19,"2025-12-18","Black Beans - Dry - Lb.",1,3
310,2025-12-19,"2025-12-18","Celery - Head",1,3.5
310,2025-12-19,"2025-12-18","Chicken - Ground - Lb.",1,8.75
310,2025-12-19,"2025-12-18","Cornmeal - Oz.",1,4.75
310,2025-12-19,"2025-12-18","Eggs - Dozen",2,6.25
310,2025-12-19,"2025-12-18","Missouri Pecans (1.0 Halves) - Halves",1,6.5
310,2025-12-19,"2025-12-18","Potatoes - Regular - lbs",1,5.75
310,2025-12-19,"2025-12-18","RL Eggnog 16 oz - Pint",1,6.5
310,2025-12-19,"2025-12-18","Winter Squash - Butternut (1.0 Large) - Large",1,5
310,2025-12-19,"2025-12-18","Extra Credit - Each",40.5,1.06
310,2025-12-19,"2025-12-18","FSC",1,64.37
310,2025-12-19,"2025-12-18","Half & Half",1,5.05
310,2025-12-19,"2025-12-18","Skim MILK",3,8.49
1353,2025-12-19,"2025-12-18","Chicken - Links ($10) - Each",1,10
1353,2025-12-19,"2025-12-18","Eggs - Dozen",1,6.25
1353,2025-12-19,"2025-12-18","Kairos Sourdough Choice $5 - Pack",1,5
1353,2025-12-19,"2025-12-18","Missouri Pecans (1.0 Halves) - Halves",1,6.5
1353,2025-12-19,"2025-12-18","Pancake Mix Wildcard $4.25 - Bag",1,4.25
1353,2025-12-19,"2025-12-18","Half",1,68.89
1353,2025-12-19,"2025-12-18","Whole MILK-e",1,8.49
1271,2025-12-19,"2025-12-18","Beef - Stew Meat - Pack",1,10.25
1271,2025-12-19,"2025-12-18","Eggs - Dozen",1,6.25
1271,2025-12-19,"2025-12-18","Wildcard $10.5 - Each",1,10.5
1271,2025-12-19,"2025-12-18","Yogurt Choice  - Each",1,6.75
1271,2025-12-19,"2025-12-18","FSA/FSD",1,64.37
634,2025-12-19,"2025-12-18","Kirkwood Pickup Time (2.0 @1:30-2) - @1:30-2",1,0
634,2025-12-19,"2025-12-18","Beans & Rice - Tub",1,6.25
634,2025-12-19,"2025-12-18","Chicken - Breakfast Links - Each",1,10
634,2025-12-19,"2025-12-18","Halibut/lb.* - Pack",1,28.42
634,2025-12-19,"2025-12-18","Extra Credit - Each",15.42,1.06
634,2025-12-19,"2025-12-18","Mini",1,46.28
997,2025-12-19,"2025-12-18","Eggs - BW - Dozen",1,6.25
997,2025-12-19,"2025-12-18","Mothership Pickup Time (1.0 @3:30-4) - @3:30-4",1,0
997,2025-12-19,"2025-12-18","Buttermilk Waffles Sourdough - Frozen - Pack",2,5
997,2025-12-19,"2025-12-18","Celery - Head",1,3.5
997,2025-12-19,"2025-12-18","Mushrooms - Hen of the Woods/Maitake - Bag",1,8.25
997,2025-12-19,"2025-12-18","FSC",1,64.37
281,2025-12-19,"2025-12-18","Eggs - BW - Dozen",1,6.25
281,2025-12-19,"2025-12-18","Gouda - Cave Aged - Pack",1,6.5
281,2025-12-19,"2025-12-18","Quark-Frozen - Tub",1,6.5
281,2025-12-19,"2025-12-18","Pizza - Veggie  - Each",1,8
281,2025-12-19,"2025-12-18","Mothership Pickup Time (1.0 @3:30-4) - @3:30-4",1,0
281,2025-12-19,"2025-12-18","Food For FS Cats Donation - $",1,1
281,2025-12-19,"2025-12-18","Black Pepper Cheddar - Each",1,6.5
281,2025-12-19,"2025-12-18","Brussels Sprouts (1.0 Bag) - Bag",1,4
281,2025-12-19,"2025-12-18","Cabbage - Green (1.0 Small) - Small",1,3
281,2025-12-19,"2025-12-18","Carrots no tops - Lb.",1,5.75
281,2025-12-19,"2025-12-18","Ground Beef - D&M - Lb.",1,10.25
281,2025-12-19,"2025-12-18","Janie's Bread - Thursday - Each",1,6.75
281,2025-12-19,"2025-12-18","Lasagna (1.0 Spinach) - Spinach",1,14.5
281,2025-12-19,"2025-12-18","Mushrooms - Chestnut - Bag",1,8.25
281,2025-12-19,"2025-12-18","Pasta Long Egg - Lb.",2,6.5
281,2025-12-19,"2025-12-18","Pretzel Slider Buns - Bag",1,6.25
281,2025-12-19,"2025-12-18","RL Eggnog 16 oz - Pint",1,6.5
281,2025-12-19,"2025-12-18","Radishes - Purple Heart - Bunch",1,5.25
281,2025-12-19,"2025-12-18","Ribs - Baby Back/lb. - Lb.",1,21.06
281,2025-12-19,"2025-12-18","Shoots - Pea - Bag",1,4.25
281,2025-12-19,"2025-12-18","Extra Credit - Each",114.31,1.06
281,2025-12-19,"2025-12-18","Mini",1,46.28
1652,2025-12-19,"2025-12-18","Bison - Ground - Lb.",1,21
1652,2025-12-19,"2025-12-18","Chicken Breasts /lb. - Pack",1,16.01
1652,2025-12-19,"2025-12-18","Dark Chocolate Almond Bar - Pack",1,4.8
1652,2025-12-19,"2025-12-18","Eggs - Dozen",1,6.25
1652,2025-12-19,"2025-12-18","Mushrooms (1.0 Shiitake) - Shiitake",1,8.25
1652,2025-12-19,"2025-12-18","Extra Credit - Each",27.06,1.06
1652,2025-12-19,"2025-12-18","Mini",1,46.28
1431,2025-12-19,"2025-12-18","Mothership Pickup Time (4.0 @5-5:30) - @5-5:30",1,0
1431,2025-12-19,"2025-12-18","Black Bean Hummus - Tub",1,6.25
1431,2025-12-19,"2025-12-18","Cheese - Enzian Bleu Small - $ - Each",1,7.3
1431,2025-12-19,"2025-12-18","Eggs - Dozen",1,6.25
1431,2025-12-19,"2025-12-18","Ground Beef - D&M - Lb.",1,10.25
1431,2025-12-19,"2025-12-18","Extra Credit - Each",0.8,1.06
1431,2025-12-19,"2025-12-18","Mini",1,46.28
1145,2025-12-19,"2025-12-18","Black Beans - Dry - Lb.",1,3
1145,2025-12-19,"2025-12-18","Pasta Bi-color Short - Lb.",1,6.5
1145,2025-12-19,"2025-12-18","Potatoes - Regular - lbs",1,5.75
1145,2025-12-19,"2025-12-18","Spinach - Bag",1,5.25
1145,2025-12-19,"2025-12-18","Tomatoes - Slicing - Bag",1,6.5
1145,2025-12-19,"2025-12-18","Wheat Flour Pancake Mix - Bag",1,4.25
1145,2025-12-19,"2025-12-18","Extra Credit - Each",0.25,1.06
1145,2025-12-19,"2025-12-18","UCA/KWA",1,64.37
1329,2025-12-19,"2025-12-18","Kirkwood Pickup Time (2.0 @1:30-2) - @1:30-2",1,0
1329,2025-12-19,"2025-12-18","Bagels - Blueberry - BU - Bag",1,10.9
1329,2025-12-19,"2025-12-18","Eggs - Dozen",1,6.25
1329,2025-12-19,"2025-12-18","Missouri Pecans (1.0 Halves) - Halves",1,6.5
1329,2025-12-19,"2025-12-18","Pork Italian Bulk - D&M - Lb.",1,8
1329,2025-12-19,"2025-12-18","Half",1,68.89
1903,2025-12-19,"2025-12-18","Kirkwood Pickup Time - @1-1:30",1,0
1903,2025-12-19,"2025-12-18","Eggs - Dozen",2,6.25
1903,2025-12-19,"2025-12-18","German Quark HBC - Jar",1,6.5
1903,2025-12-19,"2025-12-18","Pretzel Slider Buns - Bag",1,6.25
1903,2025-12-19,"2025-12-18","Winter Squash - Butternut (1.0 Medium) - Medium",1,4
1903,2025-12-19,"2025-12-18","Mini",1,46.28
657,2025-12-19,"2025-12-18","Mothership Pickup Time (3.0 @4:30-5) - @4:30-5",1,0
657,2025-12-19,"2025-12-18","Chicken - Links ($10) - Each",1,10
657,2025-12-19,"2025-12-18","Eggs - Dozen",1,6.25
657,2025-12-19,"2025-12-18","Missouri Pecans (1.0 Halves) - Halves",1,6.5
657,2025-12-19,"2025-12-18","Pancake Mix Wildcard $4.25 - Bag",1,4.25
657,2025-12-19,"2025-12-18","Pizza Sourdough - Frozen - Pack",1,5
657,2025-12-19,"2025-12-18","Half",1,68.89
366,2025-12-19,"2025-12-18","Apple Sauce - Organic Qt. - Quart",1,10.5
366,2025-12-19,"2025-12-18","Pasta Long Bi-color - Lb.",1,6.5
366,2025-12-19,"2025-12-18","Pork Link Choice ($8) - Each",1,8
366,2025-12-19,"2025-12-18","Wildcard $6.00 - Each",1,6
366,2025-12-19,"2025-12-18","UCA/KWA",1,64.37
405,2025-12-19,"2025-12-18","Ground Turkey - Pack",1,8.75
405,2025-12-19,"2025-12-18","Pepitas - Oz.",1,7.75
405,2025-12-19,"2025-12-18","Pignolas (Pine Nuts) - Oz.",1,11
405,2025-12-19,"2025-12-18","Kirkwood Pickup Time (1.0 PORCH) - PORCH",1,0
405,2025-12-19,"2025-12-18","Beets - No Tops - Lb.",1,5.75
405,2025-12-19,"2025-12-18","Brussels Sprouts (1.0 Bag) - Bag",1,4
405,2025-12-19,"2025-12-18","Carrots no tops - Lb.",1,5.75
405,2025-12-19,"2025-12-18","Chicken - Ground - Lb.",1,8.75
405,2025-12-19,"2025-12-18","Chicken Bones - SM/lb.* - Bag",1,5.55
405,2025-12-19,"2025-12-18","Chicken Breasts /lb. - Pack",1,17.33
405,2025-12-19,"2025-12-18","Eggs - Dozen",1,6.25
405,2025-12-19,"2025-12-18","Leeks - Each",1,4
405,2025-12-19,"2025-12-18","Missouri Pecans (1.0 Halves) - Halves",1,6.5
405,2025-12-19,"2025-12-18","Onions - Green - Bunch",1,3.5
405,2025-12-19,"2025-12-18","Shank Soup Bone/lbs. - lbs",1,9.66
405,2025-12-19,"2025-12-18","Spinach - Bag",1,5.25
405,2025-12-19,"2025-12-18","Tastachio - Shelled - Oz.",1,9.25
405,2025-12-19,"2025-12-18","Extra Credit - Each",87.04,1.06
405,2025-12-19,"2025-12-18","Half",1,68.89
928,2025-12-19,"2025-12-18","Mothership Pickup Time (2.0 @4-4:30) - @4-4:30",1,0
928,2025-12-19,"2025-12-18","Beef - Stew Meat - Pack",2,10.25
928,2025-12-19,"2025-12-18","Bread Pudding (1.0 Mocha Swirl) - Mocha Swirl",1,6
928,2025-12-19,"2025-12-18","Chevre PF (1.0 Herb) - Herb",1,8.5
928,2025-12-19,"2025-12-18","Cinnamon Rolls - Pack",1,6.5
928,2025-12-19,"2025-12-18","Eggs - Dozen",1,6.25
928,2025-12-19,"2025-12-18","Yogurt - Blueberry - Oz.",1,6.75
928,2025-12-19,"2025-12-18","Extra Credit - Each",20.75,1.06
928,2025-12-19,"2025-12-18","FSA/FSD",1,64.37
1570,2025-12-19,"2025-12-18","Kirkwood Pickup Time (1.0 PORCH) - PORCH",1,0
1570,2025-12-19,"2025-12-18","RL Heavy Cream  - Pint",1,7.5
1570,2025-12-19,"2025-12-18","Eggs - Dozen",1,6.25
1570,2025-12-19,"2025-12-18","Extra Credit - Each",13.75,1.06
1570,2025-12-19,"2025-12-18","No Produce - Order Only (even wk)",1,0
27,2025-12-19,"2025-12-18","Food for Ferals Donation - $",1,1
27,2025-12-19,"2025-12-18","Carrots no tops - Lb.",1,5.75
27,2025-12-19,"2025-12-18","Missouri Pecans (1.0 Halves) - Halves",1,6.5
27,2025-12-19,"2025-12-18","Mushrooms - Chestnut - Bag",1,8.25
27,2025-12-19,"2025-12-18","Onions - Green - Bunch",1,3.5
27,2025-12-19,"2025-12-18","Pancake Mix Wildcard $4.25 - Bag",1,4.25
27,2025-12-19,"2025-12-18","Radishes - Watermelon  - Lb.",1,5.25
27,2025-12-19,"2025-12-18","Extra Credit - Each",2.5,1.06
27,2025-12-19,"2025-12-18","Half",1,68.89
941,2025-12-19,"2025-12-18","Mothership Pickup Time - @6:30-7",1,0
941,2025-12-19,"2025-12-18","Chicken - Ground - Lb.",1,8.75
941,2025-12-19,"2025-12-18","Cinnamon Rolls - Pack",1,6.5
941,2025-12-19,"2025-12-18","Grains Wildcard $4.75 - Each",1,4.75
941,2025-12-19,"2025-12-18","Mushrooms - Choice",1,8.25
941,2025-12-19,"2025-12-18","Pasta Bi-color Short - Lb.",1,6.5
941,2025-12-19,"2025-12-18","Extra Credit - Each",6.5,1.06
941,2025-12-19,"2025-12-18","FSC",1,64.37
1206,2025-12-19,"2025-12-18","Eggs - BW - Dozen",1,6.25
1206,2025-12-19,"2025-12-18","Kirkwood Pickup Time - @1-1:30",1,0
1206,2025-12-19,"2025-12-18","Cabbage - Red - Share",1,4.25
1206,2025-12-19,"2025-12-18","Ground Beef - Jersey MJC - Lb.",1,8.75
1206,2025-12-19,"2025-12-18","Hoagie - T - Each",1,3.35
1206,2025-12-19,"2025-12-18","Pork Italian Bulk - D&M - Lb.",1,8
1206,2025-12-19,"2025-12-18","RL Eggnog 16 oz - Pint",1,6.5
1206,2025-12-19,"2025-12-18","Extra Credit - Each",6.1,1.06
1206,2025-12-19,"2025-12-18","UCA/KWA",1,64.37
1900,2025-12-19,"2025-12-18","Chicken - Big Bag Deboned Thighs/lb. - Bag",1,42.08
1900,2025-12-19,"2025-12-18","Half & Half - Pint",1,4.75
1900,2025-12-19,"2025-12-18","Mothership Pickup Time (1.0 @3:30-4) - @3:30-4",1,0
1900,2025-12-19,"2025-12-18","$ for green bags donation - $",1,1
1900,2025-12-19,"2025-12-18","Cooler Donation - $",1,1
1900,2025-12-19,"2025-12-18","Cooler Repair Donation - $",1,1
1900,2025-12-19,"2025-12-18","Almond Butter - Crunchy  - Pint",1,11.25
1900,2025-12-19,"2025-12-18","Auction Donation - $",1,1
1900,2025-12-19,"2025-12-18","Bacon - Each",2,12.75
1900,2025-12-19,"2025-12-18","Bagels - Honey Buckwheat - BU - Bag",1,10.9
1900,2025-12-19,"2025-12-18","Eggs - Dozen",2,6.25
1900,2025-12-19,"2025-12-18","Ground Beef - D&M - Lb.",1,10.25
1900,2025-12-19,"2025-12-18","Ham Hocks/lb. - Pack",1,23.52
1900,2025-12-19,"2025-12-18","Lamb Gyro w/ Feta & Spinach - Lb.",1,17.5
1900,2025-12-19,"2025-12-18","Multigrain Bread - Frozen - Loaf",1,6.25
1900,2025-12-19,"2025-12-18","Onions - Green - Bunch",1,3.5
1900,2025-12-19,"2025-12-18","Popped Corn - Organic - Bag",2,3
1900,2025-12-19,"2025-12-18","Spinach - Bag",1,5.25
1900,2025-12-19,"2025-12-18","Tastachios - Oz.",1,8.5
1900,2025-12-19,"2025-12-18","Tomatoes - Slicing - Bag",1,6.5
1900,2025-12-19,"2025-12-18","Extra Credit - Each",166.5,1.06
1900,2025-12-19,"2025-12-18","Mini",1,46.28
1900,2025-12-19,"2025-12-18","Whole MILK-e",1,8.49
1236,2025-12-19,"2025-12-18","Beef - Stew Meat - Pack",1,10.25
1236,2025-12-19,"2025-12-18","Eggs - Dozen",1,6.25
1236,2025-12-19,"2025-12-18","Mushrooms (1.0 Lion's Mane) - Lion's Mane",1,8.25
1236,2025-12-19,"2025-12-18","Mushrooms - French Horn/King - Bag",1,8.25
1236,2025-12-19,"2025-12-18","Wildcard $10.5 - Each",1,10.5
1236,2025-12-19,"2025-12-18","Yogurt Choice  - Each",1,6.75
1236,2025-12-19,"2025-12-18","Extra Credit - Each",16.5,1.06
1236,2025-12-19,"2025-12-18","FSA/FSD",1,64.37
330,2025-12-19,"2025-12-18","Cashew Butter - Roasted - Pint",1,11.75
330,2025-12-19,"2025-12-18","Peanut Butter MC - Tub",1,7.75
330,2025-12-19,"2025-12-18","Beets - No Tops - Lb.",1,5.75
330,2025-12-19,"2025-12-18","Carrots no tops - Lb.",1,5.75
330,2025-12-19,"2025-12-18","Missouri Pecans - Each",1,6.5
330,2025-12-19,"2025-12-18","Mushrooms (1.0 Oyster) - Oyster",1,8.25
330,2025-12-19,"2025-12-18","Onions - Green - Bunch",1,3.5
330,2025-12-19,"2025-12-18","Semolina - T - Loaf",1,6.75
330,2025-12-19,"2025-12-18","Shoots - Specialty Mix - Bag",1,4.25
330,2025-12-19,"2025-12-18","Turnips - Japanese/White - Lb.",1,5.5
330,2025-12-19,"2025-12-18","Vinaigrette - Greek Style - Bottle",1,6.25
330,2025-12-19,"2025-12-18","Extra Credit - Each",72,1.06
1725,2025-12-19,"2025-12-18","Eggs - BW - Dozen",2,6.25
1725,2025-12-19,"2025-12-18","Kirkwood Pickup Time (1.0 PORCH) - PORCH",1,0
1725,2025-12-19,"2025-12-18","Brussels Sprouts (1.0 Bag) - Bag",1,4
1725,2025-12-19,"2025-12-18","Dark Chocolate Coffee Bark - Pack",2,6.45
1725,2025-12-19,"2025-12-18","Hoagie - T - Each",1,3.35
1725,2025-12-19,"2025-12-18","Milk Chocolate Bar - Pack",2,2.75
1725,2025-12-19,"2025-12-18","Mustard (1.0 Onion) - Onion",1,6
1725,2025-12-19,"2025-12-18","Sesame Hoagie - T - Each",1,3.6
1725,2025-12-19,"2025-12-18","Tallow Cream - Lavender - Jar",2,20.3
1725,2025-12-19,"2025-12-18","Extra Credit - Each",59.2,1.06
1725,2025-12-19,"2025-12-18","Mini",1,46.28
364,2025-12-19,"2025-12-18","Milk - 2%  - Oz.",1,7.98
364,2025-12-19,"2025-12-18","Eggs - BW - Dozen",2,6.25
364,2025-12-19,"2025-12-18","Mothership Pickup Time (6.0 @6-6:30) - @6-6:30",1,0
364,2025-12-19,"2025-12-18","Hoagie - T - Each",1,3.35
364,2025-12-19,"2025-12-18","Light and Mild - T - Loaf",1,8
364,2025-12-19,"2025-12-18","Mushrooms - Choice",1,8.25
364,2025-12-19,"2025-12-18","Extra Credit - Each",11.83,1.06
364,2025-12-19,"2025-12-18","FSC",1,64.37
1873,2025-12-19,"2025-12-18","Mothership Pickup Time (3.0 @4:30-5) - @4:30-5",1,0
1873,2025-12-19,"2025-12-18","Brisket - whole/lb. - lbs",1,35.26
1873,2025-12-19,"2025-12-18","Eggnog - half gallon - Oz.",1,10.5
1873,2025-12-19,"2025-12-18","Eggs - Dozen",1,6.25
1873,2025-12-19,"2025-12-18","Seedy Wheaty Bread - Loaf",1,3.5
1873,2025-12-19,"2025-12-18","Extra Credit - Each",26.26,1.06
1873,2025-12-19,"2025-12-18","Mini",1,46.28
580,2025-12-19,"2025-12-18","Bada Bing - Sub - Frozen - Each",1,6.25
580,2025-12-19,"2025-12-18","Granola Bar - Each",1,3.75
580,2025-12-19,"2025-12-18","Ground Beef - D&M - Lb.",1,10.25
580,2025-12-19,"2025-12-18","Ham Hocks/lb. - Pack",2.04,8
580,2025-12-19,"2025-12-18","Mushrooms (1.0 Shiitake) - Shiitake",1,8.25
580,2025-12-19,"2025-12-18","Pork Italian Bulk - D&M - Lb.",1,8
580,2025-12-19,"2025-12-18","Stringbean Half Caf - Bag",1,15.45
76,2025-12-19,"2025-12-18","Beef - Stew Meat - Pack",2,10.25
76,2025-12-19,"2025-12-18","Cheese Choice $6.50 - Each",1,6.5
76,2025-12-19,"2025-12-18","Curds Applewood Smoked 10 oz - Bag",1,6.5
76,2025-12-19,"2025-12-18","Extra Credit - Each",4.25,1.06
76,2025-12-19,"2025-12-18","Mini",1,46.28
587,2025-12-19,"2025-12-18","Mothership Pickup Time (3.0 @4:30-5) - @4:30-5",1,0
587,2025-12-19,"2025-12-18","Chicken - Links ($10) - Each",1,10
587,2025-12-19,"2025-12-18","Eggs - Dozen",1,6.25
587,2025-12-19,"2025-12-18","Kairos Sourdough Choice $5 - Pack",1,5
587,2025-12-19,"2025-12-18","Oats - 1lb. (1.0 Rolled) - Rolled",1,3.75
587,2025-12-19,"2025-12-18","Pancake Mix Wildcard $4.25 - Bag",1,4.25
587,2025-12-19,"2025-12-18","Potatoes - Yukon Gold - lbs",1,6
587,2025-12-19,"2025-12-18","Extra Credit - Each",3.25,1.06
587,2025-12-19,"2025-12-18","Half",1,68.89
608,2025-12-19,"2025-12-18","Chicken - Links ($10) - Each",1,10
608,2025-12-19,"2025-12-18","Eggs - Dozen",1,6.25
608,2025-12-19,"2025-12-18","Kairos Sourdough Choice $5 - Pack",1,5
608,2025-12-19,"2025-12-18","Missouri Pecans (1.0 Halves) - Halves",1,6.5
608,2025-12-19,"2025-12-18","Pancake Mix Wildcard $4.25 - Bag",1,4.25
608,2025-12-19,"2025-12-18","Semolina - T - Loaf",1,6.75
608,2025-12-19,"2025-12-18","Extra Credit - Each",6.75,1.06
608,2025-12-19,"2025-12-18","Half",1,68.89
1746,2025-12-19,"2025-12-18","Stringbean Disco Inferno - Oz.",1,15.45
1746,2025-12-19,"2025-12-18","Kirkwood Pickup Time (1.0 PORCH) - PORCH",1,0
1746,2025-12-19,"2025-12-18","Jam - Rhubarb HBY - 1-each",1,7.5
1746,2025-12-19,"2025-12-18","Pasta Long Bi-color - Lb.",1,6.5
1746,2025-12-19,"2025-12-18","Wildcard $6.00 - Each",1,6
1746,2025-12-19,"2025-12-18","Extra Credit - Each",4.45,1.06
1746,2025-12-19,"2025-12-18","UCA/KWA",1,64.37
1313,2025-12-19,"2025-12-18","Kirkwood Pickup Time (2.0 @1:30-2) - @1:30-2",1,0
1313,2025-12-19,"2025-12-18","Eggs - Dozen",1,6.25
1313,2025-12-19,"2025-12-18","Louise's Original Granola - Bag",1,10.75
1313,2025-12-19,"2025-12-18","Pork Breakfast Link D&M - Pack",1,8
1313,2025-12-19,"2025-12-18","Pork Snack Sticks - 5 pk (1.0 Spicy) - Spicy",1,8.25
1313,2025-12-19,"2025-12-18","Yogurt - Vanilla - Oz.",1,6.75
1313,2025-12-19,"2025-12-18","Extra Credit - Each",8,1.06
1313,2025-12-19,"2025-12-18","Half",1,68.89
491,2025-12-19,"2025-12-18","Ground Beef - D&M - Lb.",1,10.25
491,2025-12-19,"2025-12-18","Sea Scallops/LB - Bag",1,58.22
491,2025-12-19,"2025-12-18","Extra Credit - Each",39.22,1.06
491,2025-12-19,"2025-12-18","Mini",1,46.28
1752,2025-12-19,"2025-12-18","Mothership Pickup Time - @6:30-7",1,0
1752,2025-12-19,"2025-12-18","Apples - Arkansas Black - Bag",1,5.75
1752,2025-12-19,"2025-12-18","Chicken - Links ($10) - Each",1,10
1752,2025-12-19,"2025-12-18","Chuck Roast/lbs. - lbs",1,25.83
1752,2025-12-19,"2025-12-18","Eggs - Dozen",1,6.25
1752,2025-12-19,"2025-12-18","Missouri Pecans (1.0 Halves) - Halves",1,6.5
1752,2025-12-19,"2025-12-18","Pork Steaks/lb. - Pack",1,17.29
1752,2025-12-19,"2025-12-18","Extra Credit - Each",39.62,1.06
1752,2025-12-19,"2025-12-18","Half",1,68.89
636,2025-12-19,"2025-12-18","Potato Chips Kickers Mini - Oz.",1,1.5
636,2025-12-19,"2025-12-18","Chicken - Breakfast - Pack",1,10
636,2025-12-19,"2025-12-18","Granola Bar - Each",4,3.75
636,2025-12-19,"2025-12-18","Honey - Qt. - Jar",1,20
636,2025-12-19,"2025-12-18","Pita Bread - Frozen (1.0 Wheat) - Wheat",1,4.5
636,2025-12-19,"2025-12-18","Extra Credit - Each",17.25,1.06
636,2025-12-19,"2025-12-18","FSA/FSD",1,64.37
636,2025-12-19,"2025-12-18","Whole MILK",1,8.49
250,2025-12-19,"2025-12-18","Half & Half - Pint",1,4.75
250,2025-12-19,"2025-12-18","Mothership Pickup Time (6.0 @6-6:30) - @6-6:30",1,0
250,2025-12-19,"2025-12-18","RL Heavy Cream  - Pint",1,7.5
250,2025-12-19,"2025-12-18","Eggs - Dozen",1,6.25
250,2025-12-19,"2025-12-18","Onions - Green - Bunch",1,3.5
250,2025-12-19,"2025-12-18","Potatoes - Sweet - lbs",1,5.75
250,2025-12-19,"2025-12-18","Potatoes - Yukon Gold - lbs",1,6
250,2025-12-19,"2025-12-18","Shoots - Pea - Bag",1,4.25
250,2025-12-19,"2025-12-18","Wildcard $10.5 - Each",1,10.5
250,2025-12-19,"2025-12-18","Yogurt Choice  - Each",1,6.75
250,2025-12-19,"2025-12-18","Extra Credit - Each",21.5,1.06
250,2025-12-19,"2025-12-18","FSA/FSD",1,64.37
725,2025-12-19,"2025-12-18","Pork - Brats Cheddar DM - 4-pack",2,8
725,2025-12-19,"2025-12-18","Pork - Ground  - Lb.",1,7.25
725,2025-12-19,"2025-12-18","Salame - Calabrese - Package",1,12.35
725,2025-12-19,"2025-12-18","Extra Credit - Each",3.6,1.06
725,2025-12-19,"2025-12-18","Half",1,68.89
1910,2025-12-19,"2025-12-18","Eggs - BW - Dozen",1,6.25
1910,2025-12-19,"2025-12-18","Mothership Pickup Time (5.0 @5:30-6) - @5:30-6",1,0
1910,2025-12-19,"2025-12-18","Apples - Golden Delicious - Bag",2,5.75
1910,2025-12-19,"2025-12-18","Bagels - Pumpernickel - BU - Bag",1,10.9
1910,2025-12-19,"2025-12-18","Bagels - Sesame Seed - BU - Bag",1,10.9
1910,2025-12-19,"2025-12-18","Beets - No Tops - Lb.",1,5.75
1910,2025-12-19,"2025-12-18","Granola Bar - Each",1,3.75
1910,2025-12-19,"2025-12-18","Radishes - Watermelon  - Lb.",1,5.25
1910,2025-12-19,"2025-12-18","Extra Credit - Each",54.3,1.06
162,2025-12-19,"2025-12-18","Mothership Pickup Time (6.0 @6-6:30) - @6-6:30",1,0
162,2025-12-19,"2025-12-18","Chicken - Ground - Lb.",1,8.75
162,2025-12-19,"2025-12-18","Grains Wildcard $4.75 - Each",1,4.75
162,2025-12-19,"2025-12-18","Mushrooms - Choice",1,8.25
162,2025-12-19,"2025-12-18","Pasta Bi-color Short - Lb.",1,6.5
162,2025-12-19,"2025-12-18","FSC",1,64.37
1020,2025-12-19,"2025-12-18","Chicken - Links ($10) - Each",1,10
1020,2025-12-19,"2025-12-18","Eggs - Dozen",1,6.25
1020,2025-12-19,"2025-12-18","Kairos Sourdough Choice $5 - Pack",1,5
1020,2025-12-19,"2025-12-18","Missouri Pecans (1.0 Halves) - Halves",1,6.5
1020,2025-12-19,"2025-12-18","Pancake Mix Wildcard $4.25 - Bag",1,4.25
1020,2025-12-19,"2025-12-18","Half",1,68.89
196,2025-12-19,"2025-12-18","Kirkwood Pickup Time - @1-1:30",1,0
196,2025-12-19,"2025-12-18","Brussels Sprouts (1.0 Bag) - Bag",1,4
196,2025-12-19,"2025-12-18","Cabbage - Red - Share",1,4.25
196,2025-12-19,"2025-12-18","Winter Squash - Butternut (1.0 Medium) - Medium",1,4
196,2025-12-19,"2025-12-18","Winter Squash - Mashed Potato - Each",1,2.25
196,2025-12-19,"2025-12-18","Extra Credit - Each",7.5,1.06
1243,2025-12-19,"2025-12-18","Mothership Pickup Time (4.0 @5-5:30) - @5-5:30",1,0
1243,2025-12-19,"2025-12-18","Chicken - Breakfast Links - Each",1,10
1243,2025-12-19,"2025-12-18","Kairos Sourdough Choice $5 - Pack",1,5
1243,2025-12-19,"2025-12-18","Missouri Pecans (1.0 Halves) - Halves",1,6.5
1243,2025-12-19,"2025-12-18","Pancake Mix Wildcard $4.25 - Bag",1,4.25
1243,2025-12-19,"2025-12-18","Semolina - T - Loaf",1,6.75
1243,2025-12-19,"2025-12-18","Sesame Hoagie - T - Each",1,3.6
1243,2025-12-19,"2025-12-18","Extra Credit - Each",4.1,1.06
1243,2025-12-19,"2025-12-18","Half",1,68.89
133,2025-12-19,"2025-12-18","Mothership Pickup Time (3.0 @4:30-5) - @4:30-5",1,0
133,2025-12-19,"2025-12-18","Eggs - Dozen",2,6.25
133,2025-12-19,"2025-12-18","Hoagie - T - Each",1,3.35
133,2025-12-19,"2025-12-18","Jalapenos - Fire Roasted - Oz.",1,12.25
133,2025-12-19,"2025-12-18","Kohlrabi  - Head",2,3
133,2025-12-19,"2025-12-18","Polish Dill Pickles - Quart",1,9.75
133,2025-12-19,"2025-12-18","Red Chile Sauce - Jar",1,11.5
133,2025-12-19,"2025-12-18","Sesame Hoagie - T - Each",1,3.6
133,2025-12-19,"2025-12-18","Extra Credit - Each",29.7,1.06
133,2025-12-19,"2025-12-18","Mini",1,46.28
1932,2025-12-19,"2025-12-18","Mothership Pickup Time (1.0 @3:30-4) - @3:30-4",1,0
1932,2025-12-19,"2025-12-18","Buttermilk - Qt.  - Quart",2,6.5
1932,2025-12-19,"2025-12-18","Mushrooms (1.0 Oyster) - Oyster",2,8.25
1932,2025-12-19,"2025-12-18","Winter Squash - Spaghetti (1.0 Large) - Large",2,4.75
1932,2025-12-19,"2025-12-18","Extra Credit - Each",5.25,1.06
1932,2025-12-19,"2025-12-18","FSA/FSD",1,64.37
305,2025-12-19,"2025-12-18","Kirkwood Pickup Time (3.0 @2-2:30) - @2-2:30",1,0
305,2025-12-19,"2025-12-18","Chicken - Breakfast - Pack",1,10
305,2025-12-19,"2025-12-18","Chicken Breasts /lb. - Pack",1,17.33
305,2025-12-19,"2025-12-18","Eggs - Dozen",2,6.25
305,2025-12-19,"2025-12-18","Extra Credit - Each",8.83,1.06
305,2025-12-19,"2025-12-18","UCA/KWA",1,64.37
1424,2025-12-19,"2025-12-18","BYO - No Share, Order Only",1,0
1424,2025-12-19,"2025-12-18","Whole MILK-e",1,8.49
128,2025-12-19,"2025-12-18","Kirkwood Pickup Time (2.0 @1:30-2) - @1:30-2",1,0
128,2025-12-19,"2025-12-18","Apple Sauce - Organic Qt. - Quart",1,10.5
128,2025-12-19,"2025-12-18","Bagels - Plain - Frozen - Each",1,6.75
128,2025-12-19,"2025-12-18","Pasta Long Bi-color - Lb.",1,6.5
128,2025-12-19,"2025-12-18","Pork Italian Bulk - D&M - Lb.",1,8
128,2025-12-19,"2025-12-18","Extra Credit - Each",0.75,1.06
128,2025-12-19,"2025-12-18","UCA/KWA",1,64.37
643,2025-12-19,"2025-12-18","Mothership Pickup Time (5.0 @5:30-6) - @5:30-6",1,0
643,2025-12-19,"2025-12-18","Beef - Stew Meat - Pack",1,10.25
643,2025-12-19,"2025-12-18","Leeks - Each",1,4
643,2025-12-19,"2025-12-18","Potatoes - Yukon Gold - lbs",1,6
643,2025-12-19,"2025-12-18","Wild Cod/LB* - Pack",2,8.45
643,2025-12-19,"2025-12-18","Extra Credit - Each",3.4,1.06
643,2025-12-19,"2025-12-18","FSA/FSD",1,64.37
1468,2025-12-19,"2025-12-18","Mothership Pickup Time (3.0 @4:30-5) - @4:30-5",1,0
1468,2025-12-19,"2025-12-18","Beef Marrow Bones /lb - Lb.",1,9.29
1468,2025-12-19,"2025-12-18","Cauliflower - Romanesco - Lb.",1,6.5
1468,2025-12-19,"2025-12-18","Eggs - Dozen",1,6.25
1468,2025-12-19,"2025-12-18","Leeks - Each",1,4
1468,2025-12-19,"2025-12-18","Mushrooms (1.0 Oyster) - Oyster",1,8.25
1468,2025-12-19,"2025-12-18","Extra Credit - Each",5.04,1.06
1468,2025-12-19,"2025-12-18","Mini",1,46.28
622,2025-12-19,"2025-12-18","Kirkwood Pickup Time - @1-1:30",1,0
622,2025-12-19,"2025-12-18","Apple Sauce - Organic Qt. - Quart",1,10.5
622,2025-12-19,"2025-12-18","Bagels - Blueberry - BU - Bag",1,10.9
622,2025-12-19,"2025-12-18","Bagels - Sesame Seed - BU - Bag",1,10.9
622,2025-12-19,"2025-12-18","Extra Credit - Each",1.3,1.06
622,2025-12-19,"2025-12-18","UCA/KWA",1,64.37
638,2025-12-19,"2025-12-18","Eggs - BW - Dozen",1,6.25
638,2025-12-19,"2025-12-18","Cheese Choice $6.50 - Each",1,6.5
638,2025-12-19,"2025-12-18","Del Carmen Choice - Tub",1,6.25
638,2025-12-19,"2025-12-18","Eggs - Dozen",1,6.25
638,2025-12-19,"2025-12-18","Ground Beef - D&M - Lb.",1,10.25
638,2025-12-19,"2025-12-18","Milk Chocolate Lolli - Each",3,1.75
638,2025-12-19,"2025-12-18","Semolina - T - Loaf",1,6.75
638,2025-12-19,"2025-12-18","Extra Credit - Each",18.25,1.06
638,2025-12-19,"2025-12-18","Mini",1,46.28
793,2025-12-19,"2025-12-18","Buttermilk Waffles Sourdough - Frozen - Pack",2,5
793,2025-12-19,"2025-12-18","Eggs - Dozen",2,6.25
793,2025-12-19,"2025-12-18","Ground Beef - D&M - Lb.",1,10.25
793,2025-12-19,"2025-12-18","Light and Mild - T - Loaf",1,8
793,2025-12-19,"2025-12-18","Oat Porridge Bread - T - Each",1,8.8
793,2025-12-19,"2025-12-18","Extra Credit - Each",20.3,1.06
793,2025-12-19,"2025-12-18","Mini",1,46.28
242,2025-12-19,"2025-12-18","Mothership Pickup Time (1.0 @3:30-4) - @3:30-4",1,0
242,2025-12-19,"2025-12-18","Arugula - Bag",1,4
242,2025-12-19,"2025-12-18","Beef - Stew Meat - Pack",1,10.25
242,2025-12-19,"2025-12-18","Eggs - H - Dozen",1,6.25
242,2025-12-19,"2025-12-18","Pork Italian Bulk - D&M - Lb.",1,8
242,2025-12-19,"2025-12-18","Extra Credit - Each",0.25,1.06
242,2025-12-19,"2025-12-18","FSC",1,64.37
1213,2025-12-19,"2025-12-18","Pizza - Sausage Pepperoni - Each",1,8
1213,2025-12-19,"2025-12-18","Mothership Pickup Time (2.0 @4-4:30) - @4-4:30",1,0
1213,2025-12-19,"2025-12-18","Bagels - Blueberry - BU - Bag",1,10.9
1213,2025-12-19,"2025-12-18","Missouri Pecans (1.0 Halves) - Halves",1,6.5
1213,2025-12-19,"2025-12-18","Oat Porridge Bread - T - Each",1,8.8
1213,2025-12-19,"2025-12-18","Pancake Mix Wildcard $4.25 - Bag",1,4.25
1213,2025-12-19,"2025-12-18","Extra Credit - Each",6.45,1.06
1213,2025-12-19,"2025-12-18","Half",1,68.89
1213,2025-12-19,"2025-12-18","Skim MILK-e",1,8.49
1750,2025-12-19,"2025-12-18","Jam - Strawberry HBY - Pint",1,7
1750,2025-12-19,"2025-12-18","Salsa - Gringo's Medium - Pint",1,5
1750,2025-12-19,"2025-12-18","Mothership Pickup Time (5.0 @5:30-6) - @5:30-6",1,0
1750,2025-12-19,"2025-12-18","Bacon - Each",1,12.75
1750,2025-12-19,"2025-12-18","Brussels Sprouts (1.0 Bag) - Bag",1,4
1750,2025-12-19,"2025-12-18","Carrots no tops - Lb.",1,5.75
1750,2025-12-19,"2025-12-18","Celery - Head",1,3.5
1750,2025-12-19,"2025-12-18","Chicken Breasts /lb. - Pack",3,13.09
1750,2025-12-19,"2025-12-18","Maple Syrup 12 oz. - Jar",1,12.5
1750,2025-12-19,"2025-12-18","Pork Andouille Links - D&M - Each",1,8
1750,2025-12-19,"2025-12-18","Extra Credit - Each",68.52,1.06
1750,2025-12-19,"2025-12-18","Mini",1,46.28
1771,2025-12-19,"2025-12-18","Half & Half - Pint",1,4.75
1771,2025-12-19,"2025-12-18","Mothership Pickup Time (2.0 @4-4:30) - @4-4:30",1,0
1771,2025-12-19,"2025-12-18","Cooler Donation - $",5,1
1771,2025-12-19,"2025-12-18","Beets - No Tops - Lb.",1,5.75
1771,2025-12-19,"2025-12-18","Eggs - Dozen",1,6.25
1771,2025-12-19,"2025-12-18","Ground Beef - D&M - Lb.",1,10.25
1771,2025-12-19,"2025-12-18","Honey - Qt. - Jar",1,20
1771,2025-12-19,"2025-12-18","Extra Credit - Each",22.75,1.06
1771,2025-12-19,"2025-12-18","Mini",1,46.28
1521,2025-12-19,"2025-12-18","Mothership Pickup Time (1.0 @3:30-4) - @3:30-4",1,0
1521,2025-12-19,"2025-12-18","Brussels Sprouts (1.0 Stalk) - Stalk",1,4.75
1521,2025-12-19,"2025-12-18","Radishes - Purple Heart - Bunch",1,5.25
1521,2025-12-19,"2025-12-18","Semolina - T - Loaf",1,6.75
1521,2025-12-19,"2025-12-18","Wild Cod/LB* - Pack",1,8.75
1521,2025-12-19,"2025-12-18","Yogurt - Vanilla - Oz.",1,6.75
1521,2025-12-19,"2025-12-18","Extra Credit - Each",3,1.06
1521,2025-12-19,"2025-12-18","Mini",1,46.28
900,2025-12-19,"2025-12-18","Eggs - BW - Dozen",1,6.25
900,2025-12-19,"2025-12-18","Jam - Blueberry HBY - Pint",1,7.5
900,2025-12-19,"2025-12-18","Mothership Pickup Time (1.0 @3:30-4) - @3:30-4",1,0
900,2025-12-19,"2025-12-18","Chicken Breasts /lb. - Pack",1,15.18
900,2025-12-19,"2025-12-18","Pasta - Gluten Free Short LV - Each",1,5.25
900,2025-12-19,"2025-12-18","Potatoes - Sweet - lbs",1,5.75
900,2025-12-19,"2025-12-18","Winter Squash - Spaghetti (1.0 Large) - Large",1,4.75
900,2025-12-19,"2025-12-18","Extra Credit - Each",13.93,1.06
900,2025-12-19,"2025-12-18","FSC",1,64.37
900,2025-12-19,"2025-12-18","Whole MILK",1,8.49
797,2025-12-19,"2025-12-18","Jam - Strawberry - Rhubarb - Pint",1,7.5
797,2025-12-19,"2025-12-18","Jam - Wild Elderberry HBY - Pint",2,7.5
797,2025-12-19,"2025-12-18","Kirkwood Pickup Time - @1-1:30",1,0
797,2025-12-19,"2025-12-18","Eggs - Dozen",2,6.25
797,2025-12-19,"2025-12-18","Jam - Damson Plum HBY - Pint",1,7.5
797,2025-12-19,"2025-12-18","Extra Credit - Each",10.5,1.06
797,2025-12-19,"2025-12-18","Half",1,68.89
171,2025-12-19,"2025-12-18","Peanut Butter MC - Tub",1,7.75
171,2025-12-19,"2025-12-18","Mothership Pickup Time (5.0 @5:30-6) - @5:30-6",1,0
171,2025-12-19,"2025-12-18","Chicken - Ground - Lb.",1,8.75
171,2025-12-19,"2025-12-18","FF - Fry Bread - Bag",1,7.25
171,2025-12-19,"2025-12-18","Louise's Original Granola - Bag",1,10.75
171,2025-12-19,"2025-12-18","Popped Corn - Organic - Bag",1,3
171,2025-12-19,"2025-12-18","Tortillas Sourdough - Frozen - Pack",1,5
171,2025-12-19,"2025-12-18","Yogurt - Strawberry - Oz.",1,6.75
171,2025-12-19,"2025-12-18","Extra Credit - Each",21,1.06
171,2025-12-19,"2025-12-18","FSC",1,64.37
1819,2025-12-19,"2025-12-18","Eggs - BW - Dozen",1,6.25
1819,2025-12-19,"2025-12-18","Gouda - Cave Aged - Pack",1,6.5
1819,2025-12-19,"2025-12-18","Mothership Pickup Time (4.0 @5-5:30) - @5-5:30",1,0
1819,2025-12-19,"2025-12-18","Carrots no tops - Lb.",1,5.75
1819,2025-12-19,"2025-12-18","Eggs - Dozen",1,6.25
1819,2025-12-19,"2025-12-18","Ground Beef - Jersey MJC - Lb.",1,8.75
1819,2025-12-19,"2025-12-18","Oat Porridge Bread - T - Each",1,8.8
1819,2025-12-19,"2025-12-18","Tomatoes - Slicing - Bag",1,6.5
1819,2025-12-19,"2025-12-18","Extra Credit - Each",15.05,1.06
1819,2025-12-19,"2025-12-18","FSA/FSD",1,64.37
1819,2025-12-19,"2025-12-18","Whole MILK",4,8.49
904,2025-12-19,"2025-12-18","Milk - 2%  - Oz.",1,7.98
904,2025-12-19,"2025-12-18","Mothership Pickup Time (2.0 @4-4:30) - @4-4:30",1,0
904,2025-12-19,"2025-12-18","Brussels Sprouts (1.0 Bag) - Bag",1,4
904,2025-12-19,"2025-12-18","Chicken Chorizo - Lb.",1,10
904,2025-12-19,"2025-12-18","Eggs - Dozen",1,6.25
904,2025-12-19,"2025-12-18","Pasta Sheets - Lb.",1,6.5
904,2025-12-19,"2025-12-18","Extra Credit - Each",2.73,1.06
904,2025-12-19,"2025-12-18","Half",1,68.89
1440,2025-12-19,"2025-12-18","Bacon - Each",1,12.75
1440,2025-12-19,"2025-12-18","Bagels - Sesame Seed - BU - Bag",1,10.9
1440,2025-12-19,"2025-12-18","Chicken Breasts /lb. - Pack",2,13.7
1440,2025-12-19,"2025-12-18","Eggs - Dozen",1,6.25
1440,2025-12-19,"2025-12-18","Potatoes - Sweet - lbs",1,5.75
1440,2025-12-19,"2025-12-18","Extra Credit - Each",31.05,1.06
1440,2025-12-19,"2025-12-18","Half",1,68.89
1683,2025-12-19,"2025-12-18","Peanut Butter MC - Tub",1,7.75
1683,2025-12-19,"2025-12-18","Pizza - Tomato Basil Garlic  - Each",1,8
1683,2025-12-19,"2025-12-18","Kirkwood Pickup Time - @1-1:30",1,0
1683,2025-12-19,"2025-12-18","Bacon - Each",1,12.75
1683,2025-12-19,"2025-12-18","Chicken Breasts /lb. - Pack",1,17.99
1683,2025-12-19,"2025-12-18","Seedy Wheaty Bread - Loaf",1,3.5
1683,2025-12-19,"2025-12-18","Extra Credit - Each",18.99,1.06
1683,2025-12-19,"2025-12-18","UCA/KWA",1,64.37
959,2025-12-19,"2025-12-18","Mothership Pickup Time - @6:30-7",1,0
959,2025-12-19,"2025-12-18","Baklava  - Each",1,11.75
959,2025-12-19,"2025-12-18","Brussels Sprouts (1.0 Stalk) - Stalk",1,4.75
959,2025-12-19,"2025-12-18","Buttermilk Waffles Sourdough - Frozen - Pack",1,5
959,2025-12-19,"2025-12-18","Cabbage - Red - Share",1,4.25
959,2025-12-19,"2025-12-18","Chicken - Links ($10) - Each",1,10
959,2025-12-19,"2025-12-18","Eggs - Dozen",1,6.25
959,2025-12-19,"2025-12-18","Hummus - Garlic - Tub",1,6.75
959,2025-12-19,"2025-12-18","Meatballs D&M - Package",2,14.5
959,2025-12-19,"2025-12-18","Missouri Pecans (1.0 Halves) - Halves",1,6.5
959,2025-12-19,"2025-12-18","Mustard (1.0 Onion) - Onion",1,6
959,2025-12-19,"2025-12-18","Potatoes - Yukon Gold - lbs",2,6
959,2025-12-19,"2025-12-18","Spinach - Bag",1,5.25
959,2025-12-19,"2025-12-18","Tortillas Sourdough - Frozen - Pack",1,5
959,2025-12-19,"2025-12-18","Winter Squash - Georgia Candy Roaster - Each",1,6.5
959,2025-12-19,"2025-12-18","Extra Credit - Each",79.5,1.06
959,2025-12-19,"2025-12-18","Half",1,50.19
959,2025-12-19,"2025-12-18","2% MILK-e",1,8.49
959,2025-12-19,"2025-12-18","Creamline MILK-e",1,8.49
845,2025-12-19,"2025-12-18","Salsa - Gringo's Medium - Pint",1,5
845,2025-12-19,"2025-12-18","Mothership Pickup Time (4.0 @5-5:30) - @5-5:30",1,0
845,2025-12-19,"2025-12-18","Chicken Thighs - Boneless/lb. - lbs",1,15.98
845,2025-12-19,"2025-12-18","Chips - Tortilla - Bag",1,4.25
845,2025-12-19,"2025-12-18","Pork - Ground  - Lb.",1,7.25
845,2025-12-19,"2025-12-18","Pork Italian Links - D&M - Each",1,8
845,2025-12-19,"2025-12-18","Stringbean Half Caf - Bag",1,15.45
845,2025-12-19,"2025-12-18","Extra Credit - Each",27.68,1.06
845,2025-12-19,"2025-12-18","FSC",1,64.37
1582,2025-12-19,"2025-12-18","Eggs - BW - Dozen",1,6.25
1582,2025-12-19,"2025-12-18","Mothership Pickup Time (2.0 @4-4:30) - @4-4:30",1,0
1582,2025-12-19,"2025-12-18","Eggs - Dozen",1,6.25
1582,2025-12-19,"2025-12-18","Mexican Dark Bark - Package",1,6.45
1582,2025-12-19,"2025-12-18","Pork Breakfast Link D&M - Pack",1,8
1582,2025-12-19,"2025-12-18","Semolina - T - Loaf",1,6.75
1582,2025-12-19,"2025-12-18","Extra Credit - Each",4.45,1.06
1582,2025-12-19,"2025-12-18","Mini",1,46.28
1227,2025-12-19,"2025-12-18","Mothership Pickup Time (1.0 @3:30-4) - @3:30-4",1,0
1227,2025-12-19,"2025-12-18","Dark Chocolate Lolli - Each",1,1.75
1227,2025-12-19,"2025-12-18","Del Carmen Choice - Tub",1,6.25
1227,2025-12-19,"2025-12-18","Eggs - Dozen",2,6.25
1227,2025-12-19,"2025-12-18","Ground Beef - D&M - Lb.",1,10.25
1227,2025-12-19,"2025-12-18","Extra Credit - Each",1.5,1.06
1227,2025-12-19,"2025-12-18","Mini",1,46.28
463,2025-12-19,"2025-12-18","Black Pepper Cheddar - Each",1,6.5
463,2025-12-19,"2025-12-18","Cheese Choice $6.50 - Each",1,6.5
463,2025-12-19,"2025-12-18","Ground Beef - D&M - Lb.",1,10.25
463,2025-12-19,"2025-12-18","Mustard (1.0 Garlic) - Garlic",1,6
463,2025-12-19,"2025-12-18","Mustard (1.0 Honey) - Honey",1,6
463,2025-12-19,"2025-12-18","Extra Credit - Each",6,1.06
463,2025-12-19,"2025-12-18","Mini",1,46.28
