"member_id","file_date","delivery_date","item_unit","sales","price"
704,2026-06-12,"2026-06-03","Eggs - BW - Dozen",2,6.5
704,2026-06-12,"2026-06-03","Mothership Pickup Time (3.0 @4:30-5) - @4:30-5",1,0
704,2026-06-12,"2026-06-03","Multigrain Bread  - Each",1,6.75
704,2026-06-12,"2026-06-03","Strawberries - Qt - Quart",2,8.25
704,2026-06-12,"2026-06-03","Extra Credit - Each",8.75,1.06
704,2026-06-12,"2026-06-03","FSA/FSD",1,79.79
1410,2026-06-12,"2026-06-03","UCity Pickup Time - @4:30-5",1,0
1410,2026-06-12,"2026-06-03","Buttermilk Waffles Sourdough - Frozen - Pack",1,5
1410,2026-06-12,"2026-06-03","Chicken Links - Sundried Tomato - lbs",1,10.5
1410,2026-06-12,"2026-06-03","Mushrooms - last week's - Bag",1,8
1410,2026-06-12,"2026-06-03","Thick Cut Dill Pickles - Quart",1,7.75
1410,2026-06-12,"2026-06-03","Extra Credit - Each",1.25,1.06
1410,2026-06-12,"2026-06-03","Half",1,68.89
1983,2026-06-12,"2026-06-03","Eggs - Dozen",2,6.5
1983,2026-06-12,"2026-06-03","Sliced Summer Sausage - Bag",1,8.5
1983,2026-06-12,"2026-06-03","Strawberries - Qt - Quart",1,8.25
1983,2026-06-12,"2026-06-03","Extra Credit - Each",7.75,1.06
1983,2026-06-12,"2026-06-03","Mini",1,53.2
136,2026-06-12,"2026-06-03","Chicken Links - Andouille  - Lb.",1,10.5
136,2026-06-12,"2026-06-03","English Muffin Sourdough - Frozen - Pack",1,5
136,2026-06-12,"2026-06-03","Kale - Green Curly - Bag",1,5
136,2026-06-12,"2026-06-03","Kohlrabi  - Head",2,1
136,2026-06-12,"2026-06-03","Pork - Bratwurst  - Pack",1,8.5
136,2026-06-12,"2026-06-03","Squash - Zucchini - Each",1,2.5
136,2026-06-12,"2026-06-03","Extra Credit - Each",3.5,1.06
136,2026-06-12,"2026-06-03","Half",1,84.79
346,2026-06-12,"2026-06-03","Salsa - Gringo's Hot - Pint",1,5
346,2026-06-12,"2026-06-03","Cannolis - 2-pack",1,8.5
346,2026-06-12,"2026-06-03","Chicken - Links ($10.50) - Each",1,10.5
346,2026-06-12,"2026-06-03","Mushrooms - last week's - Bag",1,8
346,2026-06-12,"2026-06-03","Extra Credit - Each",2,1.06
346,2026-06-12,"2026-06-03","Half",1,84.79
1038,2026-06-12,"2026-06-03","Milk - Whole - Oz.",1,8.32
1038,2026-06-12,"2026-06-03","Mothership Pickup Time (1.0 @3:30-4) - @3:30-4",1,0
1038,2026-06-12,"2026-06-03","Asparagus - Bunch",1,6.5
1038,2026-06-12,"2026-06-03","Broccoli (1.0 Head) - Head",1,4.25
1038,2026-06-12,"2026-06-03","Yogurt - Plain - Oz.",1,7.1
1038,2026-06-12,"2026-06-03","Mini",1,53.2
1197,2026-06-12,"2026-06-03","Ground Turkey - Pack",1,9
1197,2026-06-12,"2026-06-03","Asparagus - Bunch",1,6.5
1197,2026-06-12,"2026-06-03","Chicken Links - Lemon Pepper - Lb.",1,10.5
1197,2026-06-12,"2026-06-03","Garlic Scapes - Bag",1,4
1197,2026-06-12,"2026-06-03","German Quark HBC - Jar",1,6.75
1197,2026-06-12,"2026-06-03","Squash - Zucchini - Each",1,2.5
1197,2026-06-12,"2026-06-03","Extra Credit - Each",39.25,1.06
1039,2026-06-12,"2026-06-03","UCity Pickup Time (3.0 @5:30-6) - @5:30-6",1,0
1039,2026-06-12,"2026-06-03","Bagels - Everything - Frozen - Bag",1,6.75
1039,2026-06-12,"2026-06-03","Chicken Thighs - Boneless/lb. - lbs",1,16.45
1039,2026-06-12,"2026-06-03","Pork - Ground  - Lb.",1,7.5
1039,2026-06-12,"2026-06-03","Strawberries - Qt - Quart",1,8.25
1039,2026-06-12,"2026-06-03","Extra Credit - Each",13.2,1.06
1039,2026-06-12,"2026-06-03","UCA/KWA",1,79.79
618,2026-06-12,"2026-06-03","Eggs - BW - Dozen",2,6.5
618,2026-06-12,"2026-06-03","Mothership Pickup Time (4.0 @5-5:30) - @5-5:30",1,0
618,2026-06-12,"2026-06-03","Janie's Bread - Wednesday - Each",1,7
618,2026-06-12,"2026-06-03","Yogurt - Vanilla - Oz.",1,7.1
618,2026-06-12,"2026-06-03","Extra Credit - Each",5.1,1.06
618,2026-06-12,"2026-06-03","Mini",1,53.2
1830,2026-06-12,"2026-06-03","Chicken - BULK Breasts /lb. - Pack",1,45.54
1830,2026-06-12,"2026-06-03","Mothership Pickup Time (2.0 @4-4:30) - @4-4:30",1,0
1830,2026-06-12,"2026-06-03","Hoagie - PIB - 6-pack",1,6.75
1830,2026-06-12,"2026-06-03","Pre-ordered plants are in - Pot",1,0
1830,2026-06-12,"2026-06-03","Rice - Basmati White - Lb.",1,7.5
1830,2026-06-12,"2026-06-03","Extra Credit - Each",37.79,1.06
1830,2026-06-12,"2026-06-03","Mini",1,53.2
1830,2026-06-12,"2026-06-03","2% MILK",1,8.85
228,2026-06-12,"2026-06-03","UCity Pickup Time (2.0 @5-5:30) - @5-5:30",1,0
228,2026-06-12,"2026-06-03","Aged Cheddar - HBC - Each",1,6.75
228,2026-06-12,"2026-06-03","Hoagie - PIB - 6-pack",1,6.75
228,2026-06-12,"2026-06-03","Pork - Bratwurst  - Pack",1,8.5
228,2026-06-12,"2026-06-03","Mini",1,53.2
1203,2026-06-12,"2026-06-03","Mothership Pickup Time (2.0 @4-4:30) - @4-4:30",1,0
1203,2026-06-12,"2026-06-03","Black Pepper Cheddar - Each",1,6.75
1203,2026-06-12,"2026-06-03","Eggs - Dozen",1,6.5
1203,2026-06-12,"2026-06-03","Mushrooms - last week's - Bag",1,8
1203,2026-06-12,"2026-06-03","Pork - Bratwurst  - Pack",1,8.5
1203,2026-06-12,"2026-06-03","Extra Credit - Each",2.25,1.06
1203,2026-06-12,"2026-06-03","FSA/FSD",1,79.79
892,2026-06-12,"2026-06-03","UCity Pickup Time (2.0 @5-5:30) - @5-5:30",1,0
892,2026-06-12,"2026-06-03","Bagels - Everything - Frozen - Bag",1,6.75
892,2026-06-12,"2026-06-03","Croissant - PIB - 1-each",1,2.8
892,2026-06-12,"2026-06-03","Oat Porridge Bread - Wednesday - Loaf",1,9
892,2026-06-12,"2026-06-03","Semolina - Wednesday - Loaf",1,7
892,2026-06-12,"2026-06-03","Strawberries - Qt - Quart",1,8.25
892,2026-06-12,"2026-06-03","Extra Credit - Each",3.8,1.06
892,2026-06-12,"2026-06-03","Half",1,84.79
444,2026-06-12,"2026-06-03","Eggs - BW - Dozen",1,6.5
444,2026-06-12,"2026-06-03","UCity Pickup Time - @4:30-5",1,0
444,2026-06-12,"2026-06-03","Chicken - Thighs /lbs  - lbs",2,8.58
444,2026-06-12,"2026-06-03","Hummus - Carrot & Ginger - Tub",1,6.75
444,2026-06-12,"2026-06-03","Pork Shoulder Small/lb. - Pack",1,34.3
444,2026-06-12,"2026-06-03","RL Chocolate Milk - Bottle",2,2.75
444,2026-06-12,"2026-06-03","Extra Credit - Each",44.46,1.06
444,2026-06-12,"2026-06-03","UCA/KWA",1,79.79
472,2026-06-12,"2026-06-03","Chicken - Big Bag Deboned Thighs/lb. - Bag",1,42.57
472,2026-06-12,"2026-06-03","UCity Pickup Time - @4:30-5",1,0
472,2026-06-12,"2026-06-03","Garlic Scapes - Bag",1,4
472,2026-06-12,"2026-06-03","Mushrooms - last week's - Bag",1,8
472,2026-06-12,"2026-06-03","Pre-ordered plants are in - Pot",1,0
472,2026-06-12,"2026-06-03","Swiss Chard - Bunch",1,5
472,2026-06-12,"2026-06-03","Yogurt - Strawberry - Oz.",1,7.1
472,2026-06-12,"2026-06-03","Extra Credit - Each",36.67,1.06
472,2026-06-12,"2026-06-03","Half",1,68.89
1799,2026-06-12,"2026-06-03","Mothership Pickup Time (3.0 @4:30-5) - @4:30-5",1,0
1799,2026-06-12,"2026-06-03","Chevre PF (1.0 Plain) - Plain",1,8.5
1799,2026-06-12,"2026-06-03","Eggs - Dozen",1,6.5
1799,2026-06-12,"2026-06-03","Hand Pie: Spanakopita - Bag",1,10.5
1799,2026-06-12,"2026-06-03","Mushrooms - last week's - Bag",1,8
1799,2026-06-12,"2026-06-03","Strawberries - Qt - Quart",1,8.25
1799,2026-06-12,"2026-06-03","Yogurt - Strawberry - Oz.",1,7.1
1799,2026-06-12,"2026-06-03","Extra Credit - Each",21.35,1.06
1799,2026-06-12,"2026-06-03","FSA/FSD",1,79.79
1920,2026-06-12,"2026-06-03","UCity Pickup Time (2.0 @5-5:30) - @5-5:30",1,0
1920,2026-06-12,"2026-06-03","Applewood Smoked Cheddar - Each",1,6.5
1920,2026-06-12,"2026-06-03","Bagels - Plain - Frozen - Each",1,6.75
1920,2026-06-12,"2026-06-03","Boneless Pork Chop - D&M /lb - Lb.",1,13.42
1920,2026-06-12,"2026-06-03","Carrots w/tops - Bunch",1,5.25
1920,2026-06-12,"2026-06-03","Eggs - Dozen",1,6.5
1920,2026-06-12,"2026-06-03","Multigrain Bread  - Each",1,6.75
1920,2026-06-12,"2026-06-03","Pasta Bi-color Short - Lb.",1,6.5
1920,2026-06-12,"2026-06-03","Semolina - Wednesday - Loaf",1,7
1920,2026-06-12,"2026-06-03","Strawberries - Qt - Quart",1,8.25
1920,2026-06-12,"2026-06-03","Extra Credit - Each",36.92,1.06
1920,2026-06-12,"2026-06-03","Half",1,68.89
30,2026-06-12,"2026-06-03","Mothership Pickup Time (3.0 @4:30-5) - @4:30-5",1,0
30,2026-06-12,"2026-06-03","Bagels - Raisin - Bag",1,6.75
30,2026-06-12,"2026-06-03","Bok Choy - Bag",1,5
30,2026-06-12,"2026-06-03","Chicken - Ground - Lb.",1,9
30,2026-06-12,"2026-06-03","Eggs - Dozen",1,6.5
30,2026-06-12,"2026-06-03","Onions - Green - Bunch",1,3.5
30,2026-06-12,"2026-06-03","Extra Credit - Each",0.75,1.06
30,2026-06-12,"2026-06-03","Half",1,84.79
1699,2026-06-12,"2026-06-03","Dates - Oz.",1,10
1699,2026-06-12,"2026-06-03","Eggs - BW - Dozen",1,6.5
1699,2026-06-12,"2026-06-03","UCity Pickup Time (2.0 @5-5:30) - @5-5:30",1,0
1699,2026-06-12,"2026-06-03","Hoagie - Wednesday - Each",1,3.5
1699,2026-06-12,"2026-06-03","Strawberries - Qt - Quart",1,8.25
1699,2026-06-12,"2026-06-03","Extra Credit - Each",2.5,1.06
1699,2026-06-12,"2026-06-03","UCA/KWA",1,79.79
1154,2026-06-12,"2026-06-03","Mothership Pickup Time (4.0 @5-5:30) - @5-5:30",1,0
1154,2026-06-12,"2026-06-03","Hoagie - PIB - 6-pack",1,6.75
1154,2026-06-12,"2026-06-03","Pork - Bratwurst  - Pack",1,8.5
1154,2026-06-12,"2026-06-03","Strawberries - Qt - Quart",1,8.25
1154,2026-06-12,"2026-06-03","Extra Credit - Each",1.5,1.06
1154,2026-06-12,"2026-06-03","Mini",1,53.2
541,2026-06-12,"2026-06-03","Peanut Butter MC - Tub",1,7.75
541,2026-06-12,"2026-06-03","UCity Pickup Time - @4:30-5",1,0
541,2026-06-12,"2026-06-03","Asparagus - Bunch",1,6.5
541,2026-06-12,"2026-06-03","Squash - Zucchini - Each",2,2.5
541,2026-06-12,"2026-06-03","Strawberries - Qt - Quart",1,8.25
541,2026-06-12,"2026-06-03","Extra Credit - Each",1.75,1.06
541,2026-06-12,"2026-06-03","UCA/KWA",1,79.79
1559,2026-06-12,"2026-06-03","Peanut Butter EW - Pint",1,7.75
1559,2026-06-12,"2026-06-03","Stringbean Red Eye  - Oz.",1,16
1559,2026-06-12,"2026-06-03","UCity Pickup Time (3.0 @5:30-6) - @5:30-6",1,0
1559,2026-06-12,"2026-06-03","Arugula - Bag",1,4.25
1559,2026-06-12,"2026-06-03","Cannolis - 2-pack",1,8.5
1559,2026-06-12,"2026-06-03","Carrots w/tops - Bunch",1,5.25
1559,2026-06-12,"2026-06-03","Chicken Chorizo - Lb.",1,10.5
1559,2026-06-12,"2026-06-03","Eggs - H - Dozen",1,6.5
1559,2026-06-12,"2026-06-03","Garlic Scapes - Bag",1,4
1559,2026-06-12,"2026-06-03","Kale - Red Russian - Bag",1,5
1559,2026-06-12,"2026-06-03","Lettuce - Salanova - Bag",1,4.25
1559,2026-06-12,"2026-06-03","Mustard (1.0 Horseradish) - Horseradish",1,6.25
1559,2026-06-12,"2026-06-03","Oat Porridge Bread - Wednesday - Loaf",1,9
1559,2026-06-12,"2026-06-03","Onions - Sweet Bunch - Bunch",1,3.75
1559,2026-06-12,"2026-06-03","Peas - Sugar Snap - Share",1,4
1559,2026-06-12,"2026-06-03","Shoots - Specialty Mix - Bag",1,4.5
1559,2026-06-12,"2026-06-03","Spinach - Bag",1,5
1559,2026-06-12,"2026-06-03","Strawberries - Qt - Quart",1,8.25
1559,2026-06-12,"2026-06-03","Extra Credit - Each",90.75,1.06
1559,2026-06-12,"2026-06-03","Mini",1,53.2
557,2026-06-12,"2026-06-03","Mothership Pickup Time (1.0 @3:30-4) - @3:30-4",1,0
557,2026-06-12,"2026-06-03","Chicken Breasts /lb. - Pack",1,13.43
557,2026-06-12,"2026-06-03","Eggs - Dozen",1,6.5
557,2026-06-12,"2026-06-03","Lettuce - Bibb - Head",1,3.25
557,2026-06-12,"2026-06-03","Mushrooms - Chestnut - Bag",1,8
557,2026-06-12,"2026-06-03","Wildcard $4 - Each",1,4
557,2026-06-12,"2026-06-03","Extra Credit - Each",7.68,1.06
557,2026-06-12,"2026-06-03","FSA/FSD",1,79.79
986,2026-06-12,"2026-06-03","Mothership Pickup Time (4.0 @5-5:30) - @5-5:30",1,0
986,2026-06-12,"2026-06-03","Mushrooms - last week's - Bag",1,8
986,2026-06-12,"2026-06-03","Pork - Brats Cheddar DM - 4-pack",1,8
986,2026-06-12,"2026-06-03","Tortellini - Goat Cheese - Pack",1,9.15
986,2026-06-12,"2026-06-03","Tortellini - Mushroom - Lb.",1,9.15
986,2026-06-12,"2026-06-03","Extra Credit - Each",4.3,1.06
986,2026-06-12,"2026-06-03","Half",1,84.79
1896,2026-06-12,"2026-06-03","Mothership Pickup Time (5.0 @5:30-6) - @5:30-6",1,0
1896,2026-06-12,"2026-06-03","Cannolis - 2-pack",1,8.5
1896,2026-06-12,"2026-06-03","Light and Mild - Wednesday - Loaf",1,8.25
1896,2026-06-12,"2026-06-03","Olive Oil Extra Large - Liter",1,37.25
1896,2026-06-12,"2026-06-03","Pre-ordered plants are in - Pot",1,0
1896,2026-06-12,"2026-06-03","Strawberries - Qt - Quart",1,8.25
1896,2026-06-12,"2026-06-03","Extra Credit - Each",40.25,1.06
1896,2026-06-12,"2026-06-03","Mini",1,53.2
1989,2026-06-12,"2026-06-03","Mothership Pickup Time (1.0 @3:30-4) - @3:30-4",1,0
1989,2026-06-12,"2026-06-03","Pork Steaks/lb. - Pack",1,18.7
1989,2026-06-12,"2026-06-03","Paper for Paper - Donation - $",1,1
1989,2026-06-12,"2026-06-03","Olive Oil Medium - Bottle",1,15
1989,2026-06-12,"2026-06-03","Extra Credit - Each",4.7,1.06
1989,2026-06-12,"2026-06-03","Half",1,84.79
1000,2026-06-12,"2026-06-03","UCity Pickup Time (3.0 @5:30-6) - @5:30-6",1,0
1000,2026-06-12,"2026-06-03","Eggs - H - Dozen",1,6.5
1000,2026-06-12,"2026-06-03","Hoagie - PIB Frozen - Bag",1,6.75
1000,2026-06-12,"2026-06-03","Mojo Marinade - Tub",1,6.5
1000,2026-06-12,"2026-06-03","Yogurt - Vanilla - Oz.",1,7.1
1000,2026-06-12,"2026-06-03","Extra Credit - Each",4.85,1.06
1000,2026-06-12,"2026-06-03","Mini",1,53.2
207,2026-06-12,"2026-06-03","Cabbage - Green (1.0 Medium) - Medium",1,4.25
207,2026-06-12,"2026-06-03","Carrots w/tops - Bunch",1,5.25
207,2026-06-12,"2026-06-03","Chicken Breasts /lb. - Pack",1,11.39
207,2026-06-12,"2026-06-03","Kohlrabi  - Head",1,1
207,2026-06-12,"2026-06-03","Lettuce - Bibb - Head",1,3.25
207,2026-06-12,"2026-06-03","Lettuce - Butterhead - Bag",1,4.25
207,2026-06-12,"2026-06-03","Spinach - Bag",1,5
207,2026-06-12,"2026-06-03","Strawberries - Qt - Quart",1,8.25
207,2026-06-12,"2026-06-03","Extra Credit - Each",20.64,1.06
207,2026-06-12,"2026-06-03","Mini",1,53.2
100,2026-06-12,"2026-06-03","Mothership Pickup Time (3.0 @4:30-5) - @4:30-5",1,0
100,2026-06-12,"2026-06-03","Cinnamon Raisin Bread - 1-each",1,6.75
100,2026-06-12,"2026-06-03","Hoagie - PIB - 6-pack",1,6.75
100,2026-06-12,"2026-06-03","Pork - Bratwurst  - Pack",1,8.5
100,2026-06-12,"2026-06-03","Pork - Ground  - Lb.",1,7.5
100,2026-06-12,"2026-06-03","Strawberries - Qt - Quart",1,8.25
100,2026-06-12,"2026-06-03","Extra Credit - Each",15.75,1.06
100,2026-06-12,"2026-06-03","Mini",1,53.2
178,2026-06-12,"2026-06-03","Bagels - Raisin - Bag",1,6.75
178,2026-06-12,"2026-06-03","Chicken - Links ($10.50) - Each",1,10.5
178,2026-06-12,"2026-06-03","Clean Plate Pantry Choice ($11.5) - Jar",1,11.5
178,2026-06-12,"2026-06-03","Mushrooms - last week's - Bag",1,8
178,2026-06-12,"2026-06-03","Extra Credit - Each",6.75,1.06
178,2026-06-12,"2026-06-03","Half",1,68.89
99,2026-06-12,"2026-06-03","Ground Turkey - Pack",1,9
99,2026-06-12,"2026-06-03","Mothership Pickup Time (5.0 @5:30-6) - @5:30-6",1,0
99,2026-06-12,"2026-06-03","Chicken Thighs - Boneless/lb. - lbs",1,11.73
99,2026-06-12,"2026-06-03","Eggs - Dozen",1,6.5
99,2026-06-12,"2026-06-03","Garlic Scapes - Bag",1,4
99,2026-06-12,"2026-06-03","Honey - Pint - Jar",1,11.5
99,2026-06-12,"2026-06-03","Strawberries - Qt - Quart",1,8.25
847,2026-06-12,"2026-06-03","Mothership Pickup Time (3.0 @4:30-5) - @4:30-5",1,0
847,2026-06-12,"2026-06-03","Croissant - PIB - 1-each",1,2.8
847,2026-06-12,"2026-06-03","Eggs - Dozen",1,6.5
847,2026-06-12,"2026-06-03","Lettuce - Bibb - Head",1,3.25
847,2026-06-12,"2026-06-03","Pasta Bi-color Short - Lb.",1,6.5
847,2026-06-12,"2026-06-03","Pork Breakfast Link D&M - Pack",1,8
847,2026-06-12,"2026-06-03","RL Chocolate Milk - Bottle",1,2.75
847,2026-06-12,"2026-06-03","Extra Credit - Each",2.3,1.06
847,2026-06-12,"2026-06-03","FSA/FSD",1,79.79
637,2026-06-12,"2026-06-03","Mothership Pickup Time (2.0 @4-4:30) - @4-4:30",1,0
637,2026-06-12,"2026-06-03","Aged Cheddar - HBC - Each",1,6.75
637,2026-06-12,"2026-06-03","Chicken - Links ($10.50) - Each",1,10.5
637,2026-06-12,"2026-06-03","Eggs - Dozen",1,6.5
637,2026-06-12,"2026-06-03","Kale - Lacinato/Dinosaur - Bag",1,5
637,2026-06-12,"2026-06-03","Half",1,84.79
523,2026-06-12,"2026-06-03","Cheese Choice $6.75 - Each",1,6.75
523,2026-06-12,"2026-06-03","Hoagie - PIB - 6-pack",1,6.75
523,2026-06-12,"2026-06-03","Pork - Bratwurst  - Pack",1,8.5
523,2026-06-12,"2026-06-03","Mini",1,53.2
351,2026-06-12,"2026-06-03","Mothership Pickup Time (1.0 @3:30-4) - @3:30-4",1,0
351,2026-06-12,"2026-06-03","Applewood Smoked Cheddar - Each",1,6.5
351,2026-06-12,"2026-06-03","Eggs - Dozen",1,6.5
351,2026-06-12,"2026-06-03","Hoagie - Wednesday - Each",1,3.5
351,2026-06-12,"2026-06-03","Honey - Qt. - Jar",1,20.25
351,2026-06-12,"2026-06-03","Sesame Hoagie -W - Each",1,3.8
351,2026-06-12,"2026-06-03","Extra Credit - Each",10.55,1.06
351,2026-06-12,"2026-06-03","Half",1,84.79
1923,2026-06-12,"2026-06-03","UCity Pickup Time (3.0 @5:30-6) - @5:30-6",1,0
1923,2026-06-12,"2026-06-03","Janie's Bread - Wednesday - Each",1,7
1923,2026-06-12,"2026-06-03","Lettuce Mix - Bag",1,4.5
1923,2026-06-12,"2026-06-03","Marinara Sauce - Jar",1,8.75
1923,2026-06-12,"2026-06-03","Peas - Sugar Snap - Share",1,4
1923,2026-06-12,"2026-06-03","Pork - Ground  - Lb.",1,7.5
1923,2026-06-12,"2026-06-03","Strawberries - Qt - Quart",1,8.25
1923,2026-06-12,"2026-06-03","Wildcard $3 - Each",1,3
1923,2026-06-12,"2026-06-03","Extra Credit - Each",17.25,1.06
1923,2026-06-12,"2026-06-03","UCA/KWA",1,79.79
1879,2026-06-12,"2026-06-03","Mothership Pickup Time (3.0 @4:30-5) - @4:30-5",1,0
1879,2026-06-12,"2026-06-03","Feta Cheese - HBC - Each",1,6.75
1879,2026-06-12,"2026-06-03","Hoagie - PIB - 6-pack",1,6.75
1879,2026-06-12,"2026-06-03","Pork - Bratwurst  - Pack",1,8.5
1879,2026-06-12,"2026-06-03","Mini",1,53.2
373,2026-06-12,"2026-06-03","UCity Pickup Time (3.0 @5:30-6) - @5:30-6",1,0
373,2026-06-12,"2026-06-03","Lettuce - Romaine Head - Head",1,5
373,2026-06-12,"2026-06-03","Louise's Original Granola - Bag",1,10
373,2026-06-12,"2026-06-03","Squash - Zucchini - Each",1,2.5
373,2026-06-12,"2026-06-03","Strawberries - Qt - Quart",1,8.25
373,2026-06-12,"2026-06-03","UCA/KWA",1,79.79
1498,2026-06-12,"2026-06-03","UCity Pickup Time - @4:30-5",1,0
1498,2026-06-12,"2026-06-03","Food for Ferals Donation - $",1,1
1498,2026-06-12,"2026-06-03","Flank Steak/lbs. - lbs",1,21
1498,2026-06-12,"2026-06-03","Mini",1,53.2
526,2026-06-12,"2026-06-03","Ground Turkey - Pack",1,9
526,2026-06-12,"2026-06-03","Milk - Chocolate - Oz.",1,0
526,2026-06-12,"2026-06-03","UCity Pickup Time - @4:30-5",1,0
526,2026-06-12,"2026-06-03","Marbled Rye -Wednesday - Loaf",1,8.75
526,2026-06-12,"2026-06-03","Marinara Sauce - Jar",1,8.75
526,2026-06-12,"2026-06-03","Semolina - Wednesday - Loaf",1,7
526,2026-06-12,"2026-06-03","Wildcard $3 - Each",1,3
526,2026-06-12,"2026-06-03","Extra Credit - Each",10.75,1.06
526,2026-06-12,"2026-06-03","UCA/KWA",1,79.79
42,2026-06-12,"2026-06-03","Salsa - Gringo's Medium - Pint",1,5
42,2026-06-12,"2026-06-03","UCity Pickup Time - @4:30-5",1,0
42,2026-06-12,"2026-06-03","Marinara Sauce - Jar",1,8.75
42,2026-06-12,"2026-06-03","Pork Italian Bulk - D&M - Lb.",1,8.5
42,2026-06-12,"2026-06-03","Vinaigrette - Greek Style - Bottle",1,6.25
42,2026-06-12,"2026-06-03","Extra Credit - Each",2.75,1.06
42,2026-06-12,"2026-06-03","UCA/KWA",1,79.79
544,2026-06-12,"2026-06-03","Chicken - Links ($10.50) - Each",1,10.5
544,2026-06-12,"2026-06-03","Hummus - Beet & Pepita - Tub",1,6.75
544,2026-06-12,"2026-06-03","Hummus - Carrot & Ginger - Tub",1,6.75
544,2026-06-12,"2026-06-03","Hummus - Garlic - Tub",1,6.75
544,2026-06-12,"2026-06-03","Strawberries - Qt - Quart",1,8.25
544,2026-06-12,"2026-06-03","Extra Credit - Each",9,1.06
544,2026-06-12,"2026-06-03","Half",1,84.79
639,2026-06-12,"2026-06-03","UCity Pickup Time (2.0 @5-5:30) - @5-5:30",1,0
639,2026-06-12,"2026-06-03","Chicken - Links ($10.50) - Each",1,10.5
639,2026-06-12,"2026-06-03","Honey - Pint - Jar",1,11.5
639,2026-06-12,"2026-06-03","Lettuce Mix - Bag",1,4.5
639,2026-06-12,"2026-06-03","Radishes - Bunch - Bunch",1,3.5
639,2026-06-12,"2026-06-03","Half",1,84.79
1030,2026-06-12,"2026-06-03","Eggs - BW - Dozen",1,6.5
1030,2026-06-12,"2026-06-03","UCity Pickup Time (2.0 @5-5:30) - @5-5:30",1,0
1030,2026-06-12,"2026-06-03","Asparagus - Bunch",2,6.5
1030,2026-06-12,"2026-06-03","Bagels - Poppy Seed - BU - Bag",1,11
1030,2026-06-12,"2026-06-03","Light and Mild - Wednesday - Loaf",1,8.25
1030,2026-06-12,"2026-06-03","Strawberries - Qt - Quart",1,8.25
1030,2026-06-12,"2026-06-03","Extra Credit - Each",21.25,1.06
1030,2026-06-12,"2026-06-03","UCA/KWA",1,79.79
1448,2026-06-12,"2026-06-03","Eggs - BW - Dozen",1,6.5
1448,2026-06-12,"2026-06-03","Donation to Food Pantry - Each",1,1
1448,2026-06-12,"2026-06-03","Croissant - PIB - 1-each",1,2.8
1448,2026-06-12,"2026-06-03","Lettuce - Bibb - Head",1,3.25
1448,2026-06-12,"2026-06-03","Lettuce Mix - Bag",1,4.5
1448,2026-06-12,"2026-06-03","Strawberries - Qt - Quart",1,8.25
1448,2026-06-12,"2026-06-03","Extra Credit - Each",4.3,1.06
1448,2026-06-12,"2026-06-03","Mini",1,53.2
145,2026-06-12,"2026-06-03","Mothership Pickup Time (1.0 @3:30-4) - @3:30-4",1,0
145,2026-06-12,"2026-06-03","Asparagus - Bunch",1,6.5
145,2026-06-12,"2026-06-03","Collards - Bunch",1,5
145,2026-06-12,"2026-06-03","Squash - Zucchini - Each",1,2.5
145,2026-06-12,"2026-06-03","Strawberries - Qt - Quart",1,8.25
145,2026-06-12,"2026-06-03","Extra Credit - Each",0.25,1.06
145,2026-06-12,"2026-06-03","Mini",1,53.2
317,2026-06-12,"2026-06-03","Pistachios - Oz.",1,14.25
317,2026-06-12,"2026-06-03","Jam - Strawberry - Rhubarb - Pint",1,7.75
317,2026-06-12,"2026-06-03","UCity Pickup Time (3.0 @5:30-6) - @5:30-6",1,0
317,2026-06-12,"2026-06-03","Ground Beef - D&M - Lb.",1,10.5
317,2026-06-12,"2026-06-03","Hummus - Garlic - Tub",1,6.75
317,2026-06-12,"2026-06-03","Jar Tomatoes - Quart",1,7.75
317,2026-06-12,"2026-06-03","Mushrooms (1.0 Lion's Mane) - Lion's Mane",1,8
317,2026-06-12,"2026-06-03","Mushrooms - French Horn/King - Bag",1,8
317,2026-06-12,"2026-06-03","Mushrooms - last week's - Bag",1,8
317,2026-06-12,"2026-06-03","Sourdough Bread - Frozen - Lb.",1,6.75
317,2026-06-12,"2026-06-03","Strawberries - Qt - Quart",1,8.25
317,2026-06-12,"2026-06-03","Tortellini - Goat Cheese - Pack",1,9.15
317,2026-06-12,"2026-06-03","Extra Credit - Each",65.15,1.06
317,2026-06-12,"2026-06-03","Half",1,68.89
863,2026-06-12,"2026-06-03","Mothership Pickup Time (6.0 @6-6:30) - @6-6:30",1,0
863,2026-06-12,"2026-06-03","Asparagus - Bunch",1,6.5
863,2026-06-12,"2026-06-03","Beets - Red w/Tops - Bunch",1,5.25
863,2026-06-12,"2026-06-03","Chicken - Ground - Lb.",1,9
863,2026-06-12,"2026-06-03","Eggs - Dozen",1,6.5
863,2026-06-12,"2026-06-03","FSA/FSD",1,79.79
190,2026-06-12,"2026-06-03","Mothership Pickup Time (4.0 @5-5:30) - @5-5:30",1,0
190,2026-06-12,"2026-06-03","Lasagna (1.0 Spinach) - Spinach",1,15
190,2026-06-12,"2026-06-03","Pork - Bratwurst  - Pack",1,8.5
190,2026-06-12,"2026-06-03","Extra Credit - Each",1.5,1.06
190,2026-06-12,"2026-06-03","Mini",1,53.2
962,2026-06-12,"2026-06-03","Strawberries - Qt - Quart",1,8.25
962,2026-06-12,"2026-06-03","Extra Credit - Each",8.25,1.06
125,2026-06-12,"2026-06-03","Cucumbers - Slicing - Each",2,2
125,2026-06-12,"2026-06-03","Granola Bar - Each",1,3.8
125,2026-06-12,"2026-06-03","Marinara Sauce - Jar",1,8.75
125,2026-06-12,"2026-06-03","Mushrooms (1.0 Lion's Mane) - Lion's Mane",1,8
125,2026-06-12,"2026-06-03","Strawberries - Qt - Quart",1,8.25
125,2026-06-12,"2026-06-03","Swiss Chard - Bunch",2,5
125,2026-06-12,"2026-06-03","Extra Credit - Each",17.05,1.06
125,2026-06-12,"2026-06-03","UCA/KWA",1,79.79
235,2026-06-12,"2026-06-03","Asparagus - Bunch",1,6.5
235,2026-06-12,"2026-06-03","Broccoli (1.0 Head) - Head",1,4.25
235,2026-06-12,"2026-06-03","Janie's Bread - Wednesday - Each",1,7
235,2026-06-12,"2026-06-03","Swiss Chard - Bunch",1,5
235,2026-06-12,"2026-06-03","Extra Credit - Each",0.75,1.06
235,2026-06-12,"2026-06-03","Mini",1,53.2
356,2026-06-12,"2026-06-03","UCity Pickup Time - @4:30-5",1,0
356,2026-06-12,"2026-06-03","Flank Steak/lbs. - lbs",1,62.58
356,2026-06-12,"2026-06-03","Extra Credit - Each",40.58,1.06
356,2026-06-12,"2026-06-03","Mini",1,53.2
1107,2026-06-12,"2026-06-03","UCity Pickup Time (2.0 @5-5:30) - @5-5:30",1,0
1107,2026-06-12,"2026-06-03","Collards - Bunch",1,5
1107,2026-06-12,"2026-06-03","Eggs - Dozen",1,6.5
1107,2026-06-12,"2026-06-03","Lasagna (1.0 Spinach) - Spinach",1,15
1107,2026-06-12,"2026-06-03","Manicotti - Spinach - Package",1,10.15
1107,2026-06-12,"2026-06-03","Extra Credit - Each",6.65,1.06
1107,2026-06-12,"2026-06-03","Half",1,68.89
520,2026-06-12,"2026-06-03","UCity Pickup Time - @4:30-5",1,0
520,2026-06-12,"2026-06-03","Asparagus - Bunch",1,6.5
520,2026-06-12,"2026-06-03","Lettuce - Salanova - Bag",1,4.25
520,2026-06-12,"2026-06-03","Marinara Sauce - Jar",1,8.75
520,2026-06-12,"2026-06-03","Onions - Green - Bunch",1,3.5
520,2026-06-12,"2026-06-03","Strawberries - Qt - Quart",1,8.25
520,2026-06-12,"2026-06-03","Extra Credit - Each",6.75,1.06
520,2026-06-12,"2026-06-03","Mini",1,53.2
520,2026-06-12,"2026-06-03","Whole MILK",1,8.85
709,2026-06-12,"2026-06-03","Chicken - Ground - Lb.",1,9
709,2026-06-12,"2026-06-03","Eggs - Dozen",1,6.5
709,2026-06-12,"2026-06-03","Mushrooms - last week's - Bag",1,8
709,2026-06-12,"2026-06-03","Wildcard $4 - Each",1,4
709,2026-06-12,"2026-06-03","FSA/FSD",1,79.79
709,2026-06-12,"2026-06-03","Whole MILK",1,8.85
598,2026-06-12,"2026-06-03","Cheese Choice $6.75 - Each",1,6.75
598,2026-06-12,"2026-06-03","Hoagie - PIB - 6-pack",1,6.75
598,2026-06-12,"2026-06-03","Pork - Bratwurst  - Pack",1,8.5
598,2026-06-12,"2026-06-03","Mini",1,53.2
423,2026-06-12,"2026-06-03","Mothership Pickup Time (6.0 @6-6:30) - @6-6:30",1,0
423,2026-06-12,"2026-06-03","Cinnamon Rolls - Pack",1,6.75
423,2026-06-12,"2026-06-03","Eggs - Dozen",1,6.5
423,2026-06-12,"2026-06-03","Fresh Herb - Dill - Bunch",1,2.5
423,2026-06-12,"2026-06-03","Lettuce - Butterhead - Bag",1,4.25
423,2026-06-12,"2026-06-03","Lettuce Mix - Bag",1,4.5
423,2026-06-12,"2026-06-03","Potatoes - New - Bag",2,5.75
423,2026-06-12,"2026-06-03","Strawberries - Qt - Quart",2,8.25
423,2026-06-12,"2026-06-03","Extra Credit - Each",25,1.06
423,2026-06-12,"2026-06-03","FSA/FSD",1,79.79
1577,2026-06-12,"2026-06-03","Mothership Pickup Time (4.0 @5-5:30) - @5-5:30",1,0
1577,2026-06-12,"2026-06-03","Eggs - Dozen",1,6.5
1577,2026-06-12,"2026-06-03","Flour - HRS Sifted Bread  - Bag",1,11.25
1577,2026-06-12,"2026-06-03","Hoagie - PIB - 6-pack",1,6.75
1577,2026-06-12,"2026-06-03","Pork - Bratwurst  - Pack",1,8.5
1577,2026-06-12,"2026-06-03","Strawberries - Qt - Quart",1,8.25
1577,2026-06-12,"2026-06-03","Extra Credit - Each",14.25,1.06
1577,2026-06-12,"2026-06-03","Mini",1,53.2
1577,2026-06-12,"2026-06-03","Whole MILK",1,8.85
814,2026-06-12,"2026-06-03","Milk - Creamline - Oz.",1,8.32
814,2026-06-12,"2026-06-03","Chicken - Links ($10.50) - Each",1,10.5
814,2026-06-12,"2026-06-03","Cinnamon Raisin Bread - 1-each",1,6.75
814,2026-06-12,"2026-06-03","Clean Plate Pantry Choice ($11.5) - Jar",1,11.5
814,2026-06-12,"2026-06-03","Mushrooms - last week's - Bag",1,8
814,2026-06-12,"2026-06-03","Extra Credit - Each",10.07,1.06
814,2026-06-12,"2026-06-03","Half",1,68.89
1627,2026-06-12,"2026-06-03","Mothership Pickup Time (6.0 @6-6:30) - @6-6:30",1,0
1627,2026-06-12,"2026-06-03","Asparagus - Bunch",1,6.5
1627,2026-06-12,"2026-06-03","Chicken Thighs - Boneless/lb. - lbs",1,12.08
1627,2026-06-12,"2026-06-03","Eggs - Dozen",1,6.5
1627,2026-06-12,"2026-06-03","Hoagie - Wednesday - Each",1,3.5
1627,2026-06-12,"2026-06-03","Tortellini - Cheese - Lb.",1,9.15
1627,2026-06-12,"2026-06-03","FSA/FSD",1,79.79
1537,2026-06-12,"2026-06-03","Cucumbers - Pickling - Bag",1,3.5
1537,2026-06-12,"2026-06-03","Mothership Pickup Time (1.0 @3:30-4) - @3:30-4",1,0
1537,2026-06-12,"2026-06-03","Asparagus - Bunch",1,6.5
1537,2026-06-12,"2026-06-03","Bok Choy - Bag",1,5
1537,2026-06-12,"2026-06-03","Lettuce Mix - Bag",2,4.5
1537,2026-06-12,"2026-06-03","Squash - Summer - Each",1,2.25
1537,2026-06-12,"2026-06-03","Strawberries - Qt - Quart",2,8.25
1537,2026-06-12,"2026-06-03","Extra Credit - Each",42.75,1.06
322,2026-06-12,"2026-06-03","UCity Pickup Time (2.0 @5-5:30) - @5-5:30",1,0
322,2026-06-12,"2026-06-03","Ground Beef - D&M - Lb.",1,10.5
322,2026-06-12,"2026-06-03","Marinara Sauce - Jar",1,8.75
322,2026-06-12,"2026-06-03","Pork - Ground  - Lb.",1,7.5
322,2026-06-12,"2026-06-03","UCA/KWA",1,79.79
322,2026-06-12,"2026-06-03","2% MILK-e",1,8.85
132,2026-06-12,"2026-06-03","Mothership Pickup Time (4.0 @5-5:30) - @5-5:30",1,0
132,2026-06-12,"2026-06-03","Cooler Donation - $",1,1
132,2026-06-12,"2026-06-03","Chicken - Links ($10.50) - Each",1,10.5
132,2026-06-12,"2026-06-03","Mushrooms - last week's - Bag",1,8
132,2026-06-12,"2026-06-03","Shakshuka Sauce - Jar",1,11.5
132,2026-06-12,"2026-06-03","Extra Credit - Each",1,1.06
132,2026-06-12,"2026-06-03","Half",1,84.79
681,2026-06-12,"2026-06-03","Applewood Smoked Cheddar - Each",1,6.5
681,2026-06-12,"2026-06-03","Beets - Red w/Tops - Bunch",1,5.25
681,2026-06-12,"2026-06-03","Pasta Wildcard $6.50 - Pack",1,6.5
681,2026-06-12,"2026-06-03","Pork - Ground  - Lb.",1,7.5
681,2026-06-12,"2026-06-03","UCA/KWA",1,79.79
734,2026-06-12,"2026-06-03","Mothership Pickup Time (1.0 @3:30-4) - @3:30-4",1,0
734,2026-06-12,"2026-06-03","Cabbage - Green (1.0 Medium) - Medium",1,4.25
734,2026-06-12,"2026-06-03","Kale - Red Russian - Bag",1,5
734,2026-06-12,"2026-06-03","Onions - Green - Bunch",1,3.5
734,2026-06-12,"2026-06-03","Radishes - Mini Daikon - Bunch",1,4
734,2026-06-12,"2026-06-03","Seedy Wheaty - Frozen - Loaf",2,3.75
734,2026-06-12,"2026-06-03","Spinach - Bag",1,5
734,2026-06-12,"2026-06-03","Extra Credit - Each",1.75,1.06
734,2026-06-12,"2026-06-03","FSA/FSD",1,79.79
960,2026-06-12,"2026-06-03","Chicken - Links ($10.50) - Each",1,10.5
960,2026-06-12,"2026-06-03","Clean Plate Pantry Choice ($11.5) - Jar",1,11.5
960,2026-06-12,"2026-06-03","Mushrooms - last week's - Bag",1,8
960,2026-06-12,"2026-06-03","Pumpkin Cranberry Bread - Loaf",1,6.75
960,2026-06-12,"2026-06-03","Extra Credit - Each",6.75,1.06
960,2026-06-12,"2026-06-03","Half",1,84.79
1453,2026-06-12,"2026-06-03","Eggs - BW - Dozen",1,6.5
1453,2026-06-12,"2026-06-03","Mothership Pickup Time (1.0 @3:30-4) - @3:30-4",1,0
1453,2026-06-12,"2026-06-03","Cannolis - 2-pack",1,8.5
1453,2026-06-12,"2026-06-03","Chevre PF (1.0 Herb) - Herb",1,8.5
1453,2026-06-12,"2026-06-03","Chicken - Thighs /lbs  - lbs",1,7.56
1453,2026-06-12,"2026-06-03","Cinnamon Rolls - Pack",1,6.75
1453,2026-06-12,"2026-06-03","Onions - Sweet Bunch - Bunch",1,3.75
1453,2026-06-12,"2026-06-03","Extra Credit - Each",19.56,1.06
1453,2026-06-12,"2026-06-03","Mini",1,53.2
1453,2026-06-12,"2026-06-03","Whole MILK",1,8.85
1474,2026-06-12,"2026-06-03","Eggs - BW - Dozen",1,6.5
1474,2026-06-12,"2026-06-03","Buttermilk - Qt.  - Quart",1,6.5
1474,2026-06-12,"2026-06-03","Radishes - Bunch - Bunch",1,3.5
1474,2026-06-12,"2026-06-03","Strawberries - Qt - Quart",1,8.25
1474,2026-06-12,"2026-06-03","Extra Credit - Each",2.75,1.06
1474,2026-06-12,"2026-06-03","Mini",1,53.2
1048,2026-06-12,"2026-06-03","UCity Pickup Time (3.0 @5:30-6) - @5:30-6",1,0
1048,2026-06-12,"2026-06-03","Chicken - Thighs /lbs  - lbs",2,8.88
1048,2026-06-12,"2026-06-03","Squash - Zucchini - Each",2,2.5
1048,2026-06-12,"2026-06-03","Strawberries - Qt - Quart",1,8.25
1048,2026-06-12,"2026-06-03","Extra Credit - Each",5.26,1.06
1048,2026-06-12,"2026-06-03","UCA/KWA",1,79.79
1255,2026-06-12,"2026-06-03","Milk - 2%  - Oz.",1,8.32
1255,2026-06-12,"2026-06-03","Mothership Pickup Time (1.0 @3:30-4) - @3:30-4",1,0
1255,2026-06-12,"2026-06-03","Buttermilk - Qt.  - Quart",1,6.5
1255,2026-06-12,"2026-06-03","Buttermilk Waffles Sourdough - Frozen - Pack",1,5
1255,2026-06-12,"2026-06-03","Cucumbers - Slicing - Each",1,2
1255,2026-06-12,"2026-06-03","Ground Beef - D&M - Lb.",1,10.5
1255,2026-06-12,"2026-06-03","Hoagie - Wednesday - Each",1,3.5
1255,2026-06-12,"2026-06-03","Kale - Lacinato/Dinosaur - Bag",1,5
1255,2026-06-12,"2026-06-03","Pizza Sourdough - Frozen - Pack",1,5
1255,2026-06-12,"2026-06-03","Pork - Bratwurst  - Pack",1,8.5
1255,2026-06-12,"2026-06-03","Semolina - Wednesday - Loaf",1,7
1255,2026-06-12,"2026-06-03","Strawberries - Qt - Quart",1,8.25
1255,2026-06-12,"2026-06-03","Yogurt - Plain - Oz.",1,7.1
1255,2026-06-12,"2026-06-03","Extra Credit - Each",52.17,1.06
1255,2026-06-12,"2026-06-03","Mini",1,53.2
1255,2026-06-12,"2026-06-03","2% MILK",1,8.85
1255,2026-06-12,"2026-06-03","Half & Half",1,5.05
620,2026-06-12,"2026-06-03","Cucumbers - Pickling - Bag",1,3.5
620,2026-06-12,"2026-06-03","Eggs - Dozen",1,6.5
620,2026-06-12,"2026-06-03","Fresh Herb - Dill - Bunch",1,2.5
620,2026-06-12,"2026-06-03","Semolina - Wednesday - Loaf",1,7
620,2026-06-12,"2026-06-03","Squash - Summer - Each",1,2.25
620,2026-06-12,"2026-06-03","Strawberries - Qt - Quart",1,8.25
620,2026-06-12,"2026-06-03","Half",1,84.79
1162,2026-06-12,"2026-06-03","Mothership Pickup Time (1.0 @3:30-4) - @3:30-4",1,0
1162,2026-06-12,"2026-06-03","Applewood Smoked Cheddar - Each",1,6.5
1162,2026-06-12,"2026-06-03","Garlic Scapes - Bag",1,4
1162,2026-06-12,"2026-06-03","Hoagie - PIB - 6-pack",1,6.75
1162,2026-06-12,"2026-06-03","Lettuce - Butterhead - Bag",1,4.25
1162,2026-06-12,"2026-06-03","Squash - Summer - Each",1,2.25
1162,2026-06-12,"2026-06-03","Extra Credit - Each",1.75,1.06
1162,2026-06-12,"2026-06-03","Mini",1,53.2
1735,2026-06-12,"2026-06-03","UCity Pickup Time - @4:30-5",1,0
1735,2026-06-12,"2026-06-03","Flour - All Purpose 5 lb - Bag",1,8.5
1735,2026-06-12,"2026-06-03","Ground Beef - D&M - Lb.",1,10.5
1735,2026-06-12,"2026-06-03","Light and Mild - Wednesday - Loaf",1,8.25
1735,2026-06-12,"2026-06-03","Strawberries - Qt - Quart",1,8.25
1735,2026-06-12,"2026-06-03","Extra Credit - Each",9.75,1.06
1735,2026-06-12,"2026-06-03","UCA/KWA",1,79.79
1932,2026-06-12,"2026-06-03","Chicken - Ground - Lb.",1,9
1932,2026-06-12,"2026-06-03","Eggs - Dozen",1,6.5
1932,2026-06-12,"2026-06-03","Mushrooms - last week's - Bag",1,8
1932,2026-06-12,"2026-06-03","Wildcard $4 - Each",1,4
1932,2026-06-12,"2026-06-03","FSA/FSD",1,79.79
1014,2026-06-12,"2026-06-03","UCity Pickup Time (3.0 @5:30-6) - @5:30-6",1,0
1014,2026-06-12,"2026-06-03","Asparagus - Bunch",1,6.5
1014,2026-06-12,"2026-06-03","Beets - Red w/Tops - Bunch",1,5.25
1014,2026-06-12,"2026-06-03","Bison - Ground - Lb.",1,27.25
1014,2026-06-12,"2026-06-03","Chicken - Whole $5.00/lb. - Each",1,22.5
1014,2026-06-12,"2026-06-03","Lettuce - Butterhead - Bag",1,4.25
1014,2026-06-12,"2026-06-03","Salmon - Fillet Whole/LB - Each",1,34.25
1014,2026-06-12,"2026-06-03","Strawberries - Qt - Quart",1,8.25
1014,2026-06-12,"2026-06-03","Extra Credit - Each",86.25,1.06
1014,2026-06-12,"2026-06-03","Mini",1,53.2
1014,2026-06-12,"2026-06-03","Eggs - Buttonwood",1,6.65
1427,2026-06-12,"2026-06-03","Cucumbers - Pickling - Bag",1,3.5
1427,2026-06-12,"2026-06-03","Mothership Pickup Time (1.0 @3:30-4) - @3:30-4",1,0
1427,2026-06-12,"2026-06-03","Asparagus - Bunch",1,6.5
1427,2026-06-12,"2026-06-03","Carrots w/tops - Bunch",1,5.25
1427,2026-06-12,"2026-06-03","Hoagie - PIB - 6-pack",1,6.75
1427,2026-06-12,"2026-06-03","Pork - Bratwurst  - Pack",1,8.5
1427,2026-06-12,"2026-06-03","Strawberries - Qt - Quart",1,8.25
1427,2026-06-12,"2026-06-03","Extra Credit - Each",16.75,1.06
384,2026-06-12,"2026-06-03","UCity Pickup Time - @4:30-5",1,0
384,2026-06-12,"2026-06-03","Pork Italian Links - D&M - Each",1,8.5
384,2026-06-12,"2026-06-03","Strawberries - Qt - Quart",3,8.25
384,2026-06-12,"2026-06-03","Extra Credit - Each",3.25,1.06
384,2026-06-12,"2026-06-03","Half",1,68.89
384,2026-06-12,"2026-06-03","2% MILK-e",1,8.85
240,2026-06-12,"2026-06-03","Mothership Pickup Time (4.0 @5-5:30) - @5-5:30",1,0
240,2026-06-12,"2026-06-03","Honey - Pint - Jar",1,11.5
240,2026-06-12,"2026-06-03","Light and Mild - Wednesday - Loaf",1,8.25
240,2026-06-12,"2026-06-03","Milk Chocolate Bar - Pack",1,3
240,2026-06-12,"2026-06-03","Shoots - Pea - Bag",1,4.25
240,2026-06-12,"2026-06-03","FSA/FSD",1,79.79
952,2026-06-12,"2026-06-03","Mothership Pickup Time (2.0 @4-4:30) - @4-4:30",1,0
952,2026-06-12,"2026-06-03","Eggs - Dozen",2,6.5
952,2026-06-12,"2026-06-03","Louise's Cocoa Brownie Crisp Granola - Bag",1,11.15
952,2026-06-12,"2026-06-03","Louise's Original Granola - Bag",1,10
952,2026-06-12,"2026-06-03","Milk Chocolate Caramels - 4-pack",1,12
952,2026-06-12,"2026-06-03","Seedy Wheaty - Frozen - Loaf",1,3.75
952,2026-06-12,"2026-06-03","Extra Credit - Each",22.4,1.06
952,2026-06-12,"2026-06-03","FSA/FSD",1,79.79
1143,2026-06-12,"2026-06-03","Black Beans DC - Tub",1,6.5
1143,2026-06-12,"2026-06-03","Black Pepper Cheddar - Each",1,6.75
1143,2026-06-12,"2026-06-03","Cannolis - 2-pack",1,8.5
1143,2026-06-12,"2026-06-03","Olive Oil Large - Bottle",1,18.5
1143,2026-06-12,"2026-06-03","Extra Credit - Each",14.5,1.06
1143,2026-06-12,"2026-06-03","UCA/KWA",1,79.79
244,2026-06-12,"2026-06-03","UCity Pickup Time (2.0 @5-5:30) - @5-5:30",1,0
244,2026-06-12,"2026-06-03","Popcorn - McKaskle - Lb.",1,5.75
244,2026-06-12,"2026-06-03","Pork - Ground  - Lb.",1,7.5
244,2026-06-12,"2026-06-03","Radishes - Purple Heart - Bunch",1,5.25
244,2026-06-12,"2026-06-03","Yogurt - Plain - Oz.",1,7.1
244,2026-06-12,"2026-06-03","UCA/KWA",1,79.79
1689,2026-06-12,"2026-06-03","Broccoli (1.0 Head) - Head",1,4.25
1689,2026-06-12,"2026-06-03","Escarole - Head",1,2.25
1689,2026-06-12,"2026-06-03","Granola Bar - Each",2,3.8
1689,2026-06-12,"2026-06-03","Pork - Ground  - Lb.",1,7.5
1689,2026-06-12,"2026-06-03","Shoots - Pea - Bag",1,4.25
1689,2026-06-12,"2026-06-03","Strawberries - Qt - Quart",1,8.25
1689,2026-06-12,"2026-06-03","Turkey Thighs /lb - Each",1,13.6
1689,2026-06-12,"2026-06-03","Extra Credit - Each",25.7,1.06
1689,2026-06-12,"2026-06-03","Mini",1,53.2
418,2026-06-12,"2026-06-03","Milk - 2%  - Oz.",1,8.32
418,2026-06-12,"2026-06-03","Eggs - BW - Dozen",1,6.5
418,2026-06-12,"2026-06-03","Applewood Smoked Cheddar - Each",1,6.5
418,2026-06-12,"2026-06-03","Bagels - Sesame Seed - BU - Bag",1,11
418,2026-06-12,"2026-06-03","Marbled Rye -Wednesday - Loaf",1,8.75
418,2026-06-12,"2026-06-03","Sesame Hoagie -W - Each",1,3.8
418,2026-06-12,"2026-06-03","Extra Credit - Each",22.87,1.06
418,2026-06-12,"2026-06-03","Mini",1,53.2
1105,2026-06-12,"2026-06-03","Ground Turkey - Pack",1,9
1105,2026-06-12,"2026-06-03","UCity Pickup Time - @4:30-5",1,0
1105,2026-06-12,"2026-06-03","Carrots w/tops - Bunch",1,5.25
1105,2026-06-12,"2026-06-03","Ground Beef - D&M - Lb.",1,10.5
1105,2026-06-12,"2026-06-03","Olive Oil Large - Bottle",1,18.5
1105,2026-06-12,"2026-06-03","Pork - Bratwurst  - Pack",1,8.5
1105,2026-06-12,"2026-06-03","Pork - Ground  - Lb.",1,7.5
1105,2026-06-12,"2026-06-03","Radishes - Bunch - Bunch",1,3.5
1105,2026-06-12,"2026-06-03","Extra Credit - Each",32.75,1.06
1105,2026-06-12,"2026-06-03","Half",1,68.89
1506,2026-06-12,"2026-06-03","Peanut Butter EW - Pint",1,7.75
1506,2026-06-12,"2026-06-03","UCity Pickup Time - @4:30-5",1,0
1506,2026-06-12,"2026-06-03","Aged Cheddar - HBC - Each",1,6.75
1506,2026-06-12,"2026-06-03","Chicken Breasts /lb. - Pack",2,13.6
1506,2026-06-12,"2026-06-03","Dark Chocolate Almond Bar - Pack",1,4.95
1506,2026-06-12,"2026-06-03","Dark Chocolate Caramels - Pack",1,12
1506,2026-06-12,"2026-06-03","Eggs - Dozen",1,6.5
1506,2026-06-12,"2026-06-03","Ground Beef - D&M - Lb.",3,10.5
1506,2026-06-12,"2026-06-03","Extra Credit - Each",70.9,1.06
1506,2026-06-12,"2026-06-03","UCA/KWA",1,79.79
883,2026-06-12,"2026-06-03","Pork - Bratwurst  - Pack",1,8.5
883,2026-06-12,"2026-06-03","Skirt Steak/lbs. - Each",1,17.64
883,2026-06-12,"2026-06-03","Extra Credit - Each",4.14,1.06
883,2026-06-12,"2026-06-03","Mini",1,53.2
712,2026-06-12,"2026-06-03","Cucumbers - Pickling - Bag",1,3.5
712,2026-06-12,"2026-06-03","Mothership Pickup Time (1.0 @3:30-4) - @3:30-4",1,0
712,2026-06-12,"2026-06-03","Cabbage - Chinese - Head",1,3.75
712,2026-06-12,"2026-06-03","Flank Steak/lbs. - lbs",1,40.74
712,2026-06-12,"2026-06-03","Hoagie - Wednesday - Each",1,3.5
712,2026-06-12,"2026-06-03","Mushrooms - last week's - Bag",1,8
712,2026-06-12,"2026-06-03","Sesame Hoagie -W - Each",1,3.8
712,2026-06-12,"2026-06-03","Skirt Steak/lbs. - Each",1,26.04
712,2026-06-12,"2026-06-03","Squash - Zucchini - Each",1,2.5
712,2026-06-12,"2026-06-03","Extra Credit - Each",61.83,1.06
712,2026-06-12,"2026-06-03","Half",1,84.79
866,2026-06-12,"2026-06-03","UCity Pickup Time - @4:30-5",1,0
866,2026-06-12,"2026-06-03","Carrots w/tops - Bunch",1,5.25
866,2026-06-12,"2026-06-03","Cinnamon Raisin Bread - 1-each",1,6.75
866,2026-06-12,"2026-06-03","Cucumbers - Slicing - Each",1,2
866,2026-06-12,"2026-06-03","Radishes - Bunch - Bunch",1,3.5
866,2026-06-12,"2026-06-03","Radishes - Mini Daikon - Bunch",1,4
866,2026-06-12,"2026-06-03","Strawberries - Qt - Quart",1,8.25
866,2026-06-12,"2026-06-03","Vinaigrette - Greek Style - Bottle",1,6.25
866,2026-06-12,"2026-06-03","Extra Credit - Each",6,1.06
866,2026-06-12,"2026-06-03","Half",1,84.79
756,2026-06-12,"2026-06-04","Chicken - Links ($10.50) - Each",1,10.5
756,2026-06-12,"2026-06-04","Clean Plate Pantry Choice ($11.5) - Jar",1,11.5
756,2026-06-12,"2026-06-04","Mushrooms - last week's - Bag",1,8
756,2026-06-12,"2026-06-04","Half",1,84.79
371,2026-06-12,"2026-06-04","UCity Pickup Time (2.0 @5-5:30) - @5-5:30",1,0
371,2026-06-12,"2026-06-04","Chicken - Links ($10.50) - Each",1,10.5
371,2026-06-12,"2026-06-04","Gluten Free Black Beans  - Tub",1,6.5
371,2026-06-12,"2026-06-04","Mushrooms - last week's - Bag",1,8
371,2026-06-12,"2026-06-04","Pasta Bi-color Short - Lb.",1,6.5
371,2026-06-12,"2026-06-04","Seedy Wheaty - Frozen - Loaf",1,3.75
371,2026-06-12,"2026-06-04","Staff - Something to ask Jamie - Oz.",1,0
371,2026-06-12,"2026-06-04","Extra Credit - Each",5.25,1.06
371,2026-06-12,"2026-06-04","Half",1,68.89
1217,2026-06-12,"2026-06-04","Eggs - BW - Dozen",1,6.5
1217,2026-06-12,"2026-06-04","Kirkwood Pickup Time - @1-1:30",1,0
1217,2026-06-12,"2026-06-04","Feta Cheese - HBC - Each",1,6.75
1217,2026-06-12,"2026-06-04","Hoagie - PIB - 6-pack",1,6.75
1217,2026-06-12,"2026-06-04","Oats - Rolled 5# - Bag",1,12.25
1217,2026-06-12,"2026-06-04","Onions - Green - Bunch",1,3.5
1217,2026-06-12,"2026-06-04","Pork - Bratwurst  - Pack",1,8.5
1217,2026-06-12,"2026-06-04","Rhubarb - Bunch",2,9.5
1217,2026-06-12,"2026-06-04","Shoots - Specialty Mix - Bag",1,4.5
1217,2026-06-12,"2026-06-04","Extra Credit - Each",45.75,1.06
1217,2026-06-12,"2026-06-04","Mini",1,53.2
1891,2026-06-12,"2026-06-04","Kirkwood Pickup Time (2.0 @1:30-2) - @1:30-2",1,0
1891,2026-06-12,"2026-06-04","Asparagus - Bunch",1,6.5
1891,2026-06-12,"2026-06-04","Carrots w/tops - Bunch",1,5.25
1891,2026-06-12,"2026-06-04","Potatoes - New - Bag",1,5.75
1891,2026-06-12,"2026-06-04","Strawberries - Qt - Quart",1,8.25
1891,2026-06-12,"2026-06-04","UCA/KWA",1,79.79
1196,2026-06-12,"2026-06-04","Cucumbers - Pickling - Bag",1,3.5
1196,2026-06-12,"2026-06-04","Kirkwood Pickup Time - @1-1:30",1,0
1196,2026-06-12,"2026-06-04","Asparagus - Bunch",1,6.5
1196,2026-06-12,"2026-06-04","Eggs - Dozen",1,6.5
1196,2026-06-12,"2026-06-04","Shoots - Specialty Mix - Bag",1,4.5
1196,2026-06-12,"2026-06-04","Strawberries - Qt - Quart",1,8.25
1196,2026-06-12,"2026-06-04","Extra Credit - Each",7.25,1.06
1196,2026-06-12,"2026-06-04","Mini",1,53.2
499,2026-06-12,"2026-06-04","Chicken - Links ($10.50) - Each",1,10.5
499,2026-06-12,"2026-06-04","Clean Plate Pantry Choice ($11.5) - Jar",1,11.5
499,2026-06-12,"2026-06-04","Mushrooms - last week's - Bag",1,8
499,2026-06-12,"2026-06-04","Half",1,84.79
192,2026-06-12,"2026-06-04","Kirkwood Pickup Time (2.0 @1:30-2) - @1:30-2",1,0
192,2026-06-12,"2026-06-04","Hoagie - T - Each",1,3.5
192,2026-06-12,"2026-06-04","Pork - Bratwurst  - Pack",2,8.5
192,2026-06-12,"2026-06-04","Sesame Hoagie - T - Each",1,3.8
192,2026-06-12,"2026-06-04","Strawberries - Qt - Quart",2,8.25
192,2026-06-12,"2026-06-04","Extra Credit - Each",18.8,1.06
192,2026-06-12,"2026-06-04","Mini",1,53.2
192,2026-06-12,"2026-06-04","2% MILK",2,8.85
1386,2026-06-12,"2026-06-04","Ground Turkey - Pack",1,9
1386,2026-06-12,"2026-06-04","Kirkwood Pickup Time - @1-1:30",1,0
1386,2026-06-12,"2026-06-04","Chicken Breasts /lb. - Pack",1,12.58
1386,2026-06-12,"2026-06-04","Lettuce Mix - Bag",1,4.5
1386,2026-06-12,"2026-06-04","Pre-ordered plants are in - Pot",1,0
1386,2026-06-12,"2026-06-04","Strawberries - Qt - Quart",1,8.25
1386,2026-06-12,"2026-06-04","Extra Credit - Each",8.58,1.06
1386,2026-06-12,"2026-06-04","UCA/KWA",1,79.79
700,2026-06-12,"2026-06-04","Half & Half - Pint",1,4.75
700,2026-06-12,"2026-06-04","Pizza - Cheese  - Each",1,7.5
700,2026-06-12,"2026-06-04","Mothership Pickup Time (2.0 @4-4:30) - @4-4:30",1,0
700,2026-06-12,"2026-06-04","Curds Applewood Smoked 10 oz - Bag",1,6.75
700,2026-06-12,"2026-06-04","Curds Garlic Herb HBC 10 oz  - Bag",1,6.75
700,2026-06-12,"2026-06-04","Eggs - Dozen",1,6.5
700,2026-06-12,"2026-06-04","Half",1,84.79
700,2026-06-12,"2026-06-04","Whole MILK-e",2,8.85
1488,2026-06-12,"2026-06-04","Milk Chocolate Caramels - 4-pack",1,12
1488,2026-06-12,"2026-06-04","Pork - Ground  - Lb.",1,7.5
1488,2026-06-12,"2026-06-04","UCA/KWA",1,79.79
1488,2026-06-12,"2026-06-04","2% MILK",0,8.85
287,2026-06-12,"2026-06-04","Mothership Pickup Time (1.0 @3:30-4) - @3:30-4",1,0
287,2026-06-12,"2026-06-04","Chicken - Ground - Lb.",1,9
287,2026-06-12,"2026-06-04","Eggs - Dozen",1,6.5
287,2026-06-12,"2026-06-04","Mushrooms - last week's - Bag",1,8
287,2026-06-12,"2026-06-04","Wildcard $4 - Each",1,4
287,2026-06-12,"2026-06-04","FSA/FSD",1,79.79
1970,2026-06-12,"2026-06-04","Kirkwood Pickup Time - @1-1:30",1,0
1970,2026-06-12,"2026-06-04","Carrots w/tops - Bunch",1,5.25
1970,2026-06-12,"2026-06-04","Eggs - Dozen",1,6.5
1970,2026-06-12,"2026-06-04","Hoagie - PIB - 6-pack",1,6.75
1970,2026-06-12,"2026-06-04","Marinara Sauce - Jar",1,8.75
1970,2026-06-12,"2026-06-04","Meatballs D&M - Package",1,15
1970,2026-06-12,"2026-06-04","Extra Credit - Each",20.25,1.06
1970,2026-06-12,"2026-06-04","Mini",1,53.2
1671,2026-06-12,"2026-06-04","Mothership Pickup Time (5.0 @5:30-6) - @5:30-6",1,0
1671,2026-06-12,"2026-06-04","Olive Oil Medium - Bottle",1,15
1671,2026-06-12,"2026-06-04","Pasta Long Bi-color - Lb.",1,6.5
1671,2026-06-12,"2026-06-04","Popcorn - McKaskle - Lb.",1,5.75
1671,2026-06-12,"2026-06-04","Yogurt - Plain - Oz.",1,7.1
1671,2026-06-12,"2026-06-04","Extra Credit - Each",12.35,1.06
1671,2026-06-12,"2026-06-04","Mini",1,53.2
467,2026-06-12,"2026-06-04","Almonds - Salted - Oz.",1,14.75
467,2026-06-12,"2026-06-04","Eggs - BW - Dozen",1,6.5
467,2026-06-12,"2026-06-04","Kirkwood Pickup Time - @1-1:30",1,0
467,2026-06-12,"2026-06-04","Asparagus - Bunch",1,6.5
467,2026-06-12,"2026-06-04","Ghost Pepper Cheddar - Each",1,6.75
467,2026-06-12,"2026-06-04","Strawberries - Qt - Quart",1,8.25
467,2026-06-12,"2026-06-04","Extra Credit - Each",20.75,1.06
467,2026-06-12,"2026-06-04","Mini",1,53.2
1522,2026-06-12,"2026-06-04","Eggs - BW - Dozen",2,6.5
1522,2026-06-12,"2026-06-04","Bread Choice ($6.75) - 1-each",1,6.75
1522,2026-06-12,"2026-06-04","Broccoli (1.0 Head) - Head",1,4.25
1522,2026-06-12,"2026-06-04","Flaked Salmon - Lb.",1,21.99
1522,2026-06-12,"2026-06-04","Lamb Gyro Seasoned - Lb.",1,18
1522,2026-06-12,"2026-06-04","Extra Credit - Each",61.49,1.06
929,2026-06-12,"2026-06-04","Food for Ferals Donation - $",1,1
929,2026-06-12,"2026-06-04","Garlic Scapes - Bag",1,4
929,2026-06-12,"2026-06-04","Ground Beef - D&M - Lb.",1,10.5
929,2026-06-12,"2026-06-04","Pre-ordered plants are in - Pot",1,0
929,2026-06-12,"2026-06-04","Rice - Basmati Brown - Lb.",1,7.5
929,2026-06-12,"2026-06-04","Squash - Zucchini - Each",1,2.5
929,2026-06-12,"2026-06-04","Strawberries - Qt - Quart",4,8.25
929,2026-06-12,"2026-06-04","Tortellini - Goat Cheese - Pack",1,9.15
929,2026-06-12,"2026-06-04","Extra Credit - Each",37.65,1.06
929,2026-06-12,"2026-06-04","Half",1,68.89
31,2026-06-12,"2026-06-04","Eggs - BW - Dozen",2,6.5
31,2026-06-12,"2026-06-04","Mothership Pickup Time (2.0 @4-4:30) - @4-4:30",1,0
31,2026-06-12,"2026-06-04","$ for green bags donation - $",1,1
31,2026-06-12,"2026-06-04","Asparagus - Bunch",1,6.5
31,2026-06-12,"2026-06-04","Carrots w/tops - Bunch",1,5.25
31,2026-06-12,"2026-06-04","Ground Beef - D&M - Lb.",1,10.5
31,2026-06-12,"2026-06-04","Milk Chocolate PB Bon Bons - Pack",1,12
31,2026-06-12,"2026-06-04","Radishes - Bunch - Bunch",1,3.5
31,2026-06-12,"2026-06-04","Salmon - Fillet Pieces/LB* - Each",1,8.64
31,2026-06-12,"2026-06-04","Shoots - Pea - Bag",1,4.25
31,2026-06-12,"2026-06-04","Strawberries - Qt - Quart",1,8.25
31,2026-06-12,"2026-06-04","Extra Credit - Each",70.39,1.06
31,2026-06-12,"2026-06-04","No Produce - Order Only (even wk)",1,0
31,2026-06-12,"2026-06-04","2% MILK",0,8.85
1857,2026-06-12,"2026-06-04","Mothership Pickup Time (4.0 @5-5:30) - @5-5:30",1,0
1857,2026-06-12,"2026-06-04","Cannolis - 2-pack",1,8.5
1857,2026-06-12,"2026-06-04","Chicken - Ground - Lb.",1,9
1857,2026-06-12,"2026-06-04","Eggs - H - Dozen",2,6.5
1857,2026-06-12,"2026-06-04","English Muffin Sourdough - Frozen - Pack",1,5
1857,2026-06-12,"2026-06-04","Janie's Bread - Thursday - Each",1,7
1857,2026-06-12,"2026-06-04","Strawberries - Qt - Quart",1,8.25
1857,2026-06-12,"2026-06-04","Extra Credit - Each",23.25,1.06
1857,2026-06-12,"2026-06-04","FSA/FSD",1,79.79
1928,2026-06-12,"2026-06-04","Milk - 2%  - Oz.",1,8.32
1928,2026-06-12,"2026-06-04","Chicken - Links ($10.50) - Each",1,10.5
1928,2026-06-12,"2026-06-04","Clean Plate Pantry Choice ($11.5) - Jar",1,11.5
1928,2026-06-12,"2026-06-04","Eggs - Dozen",1,6.5
1928,2026-06-12,"2026-06-04","Mushrooms - last week's - Bag",1,8
1928,2026-06-12,"2026-06-04","Pre-ordered plants are in - Pot",1,0
1928,2026-06-12,"2026-06-04","Extra Credit - Each",14.82,1.06
1928,2026-06-12,"2026-06-04","Half",1,68.89
1622,2026-06-12,"2026-06-04","Mothership Pickup Time (2.0 @4-4:30) - @4-4:30",1,0
1622,2026-06-12,"2026-06-04","Black Pepper Cheddar - Each",1,6.75
1622,2026-06-12,"2026-06-04","Cannolis - Frozen - 2-pack",1,8.5
1622,2026-06-12,"2026-06-04","Hoagie - PIB - 6-pack",1,6.75
1622,2026-06-12,"2026-06-04","Pork - Bratwurst  - Pack",1,8.5
1622,2026-06-12,"2026-06-04","Extra Credit - Each",8.5,1.06
1622,2026-06-12,"2026-06-04","Mini",1,53.2
1383,2026-06-12,"2026-06-04","Mothership Pickup Time (1.0 @3:30-4) - @3:30-4",1,0
1383,2026-06-12,"2026-06-04","Bok Choy - Bag",1,5
1383,2026-06-12,"2026-06-04","Chicken - Links ($10.50) - Each",1,10.5
1383,2026-06-12,"2026-06-04","Eggs - Dozen",1,6.5
1383,2026-06-12,"2026-06-04","English Muffin Sourdough - Frozen - Pack",1,5
1383,2026-06-12,"2026-06-04","Queso Quesadilla - HBC - Each",1,6.75
1383,2026-06-12,"2026-06-04","Extra Credit - Each",3.75,1.06
1383,2026-06-12,"2026-06-04","Half",1,84.79
670,2026-06-12,"2026-06-04","Peanut Butter MC - Tub",1,7.75
670,2026-06-12,"2026-06-04","Mothership Pickup Time (2.0 @4-4:30) - @4-4:30",1,0
670,2026-06-12,"2026-06-04","Strawberries - Qt - Quart",1,8.25
670,2026-06-12,"2026-06-04","Yogurt - Plain - Oz.",1,7.1
670,2026-06-12,"2026-06-04","Extra Credit - Each",1.1,1.06
670,2026-06-12,"2026-06-04","Mini",1,53.2
670,2026-06-12,"2026-06-04","(BYO) FSG - Orders Only",1,0
11,2026-06-12,"2026-06-04","Eggs - BW - Dozen",1,6.5
11,2026-06-12,"2026-06-04","Bagels - Poppy Seed - BU - Bag",1,11
11,2026-06-12,"2026-06-04","Peas - Shelling  - Oz.",1,4.25
11,2026-06-12,"2026-06-04","Strawberries - Qt - Quart",1,8.25
11,2026-06-12,"2026-06-04","Extra Credit - Each",2.5,1.06
11,2026-06-12,"2026-06-04","FSA/FSD",1,79.79
83,2026-06-12,"2026-06-04","Eggs - BW - Dozen",1,6.5
83,2026-06-12,"2026-06-04","Peanut Butter MC - Tub",1,7.75
83,2026-06-12,"2026-06-04","Mothership Pickup Time (1.0 @3:30-4) - @3:30-4",1,0
83,2026-06-12,"2026-06-04","Granola Bar - Each",1,3.8
83,2026-06-12,"2026-06-04","Hoagie - T - Each",1,3.5
83,2026-06-12,"2026-06-04","Strawberries - Qt - Quart",1,8.25
83,2026-06-12,"2026-06-04","Half",1,84.79
473,2026-06-12,"2026-06-04","Chicken - Links ($10.50) - Each",1,10.5
473,2026-06-12,"2026-06-04","Clean Plate Pantry Choice ($11.5) - Jar",1,11.5
473,2026-06-12,"2026-06-04","Mushrooms - last week's - Bag",1,8
473,2026-06-12,"2026-06-04","Half",1,68.89
471,2026-06-12,"2026-06-04","Chicken - Ground - Lb.",1,9
471,2026-06-12,"2026-06-04","Eggs - Dozen",1,6.5
471,2026-06-12,"2026-06-04","Mushrooms - last week's - Bag",1,8
471,2026-06-12,"2026-06-04","Wildcard $4 - Each",1,4
471,2026-06-12,"2026-06-04","FSA/FSD",1,79.79
1593,2026-06-12,"2026-06-04","Mothership Pickup Time (5.0 @5:30-6) - @5:30-6",1,0
1593,2026-06-12,"2026-06-04","Curds Garlic Herb HBC 10 oz  - Bag",1,6.75
1593,2026-06-12,"2026-06-04","Garlic Scapes - Bag",1,4
1593,2026-06-12,"2026-06-04","Radishes - Bunch - Bunch",1,3.5
1593,2026-06-12,"2026-06-04","Strawberries - Qt - Quart",1,8.25
1593,2026-06-12,"2026-06-04","Extra Credit - Each",0.5,1.06
1593,2026-06-12,"2026-06-04","Mini",1,53.2
1839,2026-06-12,"2026-06-04","Half & Half - Pint",2,4.75
1839,2026-06-12,"2026-06-04","Mothership Pickup Time (1.0 @3:30-4) - @3:30-4",1,0
1839,2026-06-12,"2026-06-04","Kale - Green Curly - Bag",1,5
1839,2026-06-12,"2026-06-04","RL Chocolate Milk - Bottle",3,2.75
1839,2026-06-12,"2026-06-04","Squash - Zucchini - Each",1,2.5
1839,2026-06-12,"2026-06-04","Strawberries - Qt - Quart",2,8.25
1839,2026-06-12,"2026-06-04","Extra Credit - Each",11.73,1.06
1839,2026-06-12,"2026-06-04","Half",1,84.79
824,2026-06-12,"2026-06-04","Cheese Choice $6.75 - Each",1,6.75
824,2026-06-12,"2026-06-04","Hoagie - PIB - 6-pack",1,6.75
824,2026-06-12,"2026-06-04","Pork - Bratwurst  - Pack",1,8.5
824,2026-06-12,"2026-06-04","Mini",1,53.2
875,2026-06-12,"2026-06-04","FF Dish - Saag Paneer - Pint",1,13.5
875,2026-06-12,"2026-06-04","Mushrooms - last week's - Bag",1,8
875,2026-06-12,"2026-06-04","Shakshuka Sauce - Jar",2,11.5
875,2026-06-12,"2026-06-04","Short Ribs/lbs. - lbs",2,27.36
875,2026-06-12,"2026-06-04","Extra Credit - Each",69.22,1.06
875,2026-06-12,"2026-06-04","Half",1,84.79
761,2026-06-12,"2026-06-04","Mothership Pickup Time (1.0 @3:30-4) - @3:30-4",1,0
761,2026-06-12,"2026-06-04","Bagels - Pumpernickel - BU - Bag",1,11
761,2026-06-12,"2026-06-04","Bok Choy - Bag",1,5
761,2026-06-12,"2026-06-04","Cabbage - Chinese - Head",1,3.75
761,2026-06-12,"2026-06-04","Cucumbers - Slicing - Each",1,2
761,2026-06-12,"2026-06-04","Janie's Bread - Thursday - Each",1,7
761,2026-06-12,"2026-06-04","Extra Credit - Each",1.25,1.06
761,2026-06-12,"2026-06-04","FSA/FSD",1,79.79
308,2026-06-12,"2026-06-04","Mothership Pickup Time - @6:30-7",1,0
308,2026-06-12,"2026-06-04","Bagels - Everything - BU - Bag",1,11
308,2026-06-12,"2026-06-04","Black Pepper Cheddar - Each",1,6.75
308,2026-06-12,"2026-06-04","Chevre PF (1.0 Herb) - Herb",1,8.5
308,2026-06-12,"2026-06-04","Hummus - Garlic - Tub",1,6.75
308,2026-06-12,"2026-06-04","Strawberries - Qt - Quart",1,8.25
308,2026-06-12,"2026-06-04","Extra Credit - Each",11.25,1.06
308,2026-06-12,"2026-06-04","Half",1,84.79
540,2026-06-12,"2026-06-04","Kirkwood Pickup Time - @1-1:30",1,0
540,2026-06-12,"2026-06-04","Bacon - Each",1,13.5
540,2026-06-12,"2026-06-04","Semolina - T - Loaf",1,7
540,2026-06-12,"2026-06-04","Strawberries - Qt - Quart",1,8.25
540,2026-06-12,"2026-06-04","Half",1,68.89
1476,2026-06-12,"2026-06-04","Kirkwood Pickup Time - @1-1:30",1,0
1476,2026-06-12,"2026-06-04","Asparagus - Bunch",1,6.5
1476,2026-06-12,"2026-06-04","Broccoli (1.0 Head) - Head",1,4.25
1476,2026-06-12,"2026-06-04","Cabbage - Green (1.0 Medium) - Medium",1,4.25
1476,2026-06-12,"2026-06-04","Marbled Rye - Thursday - Each",1,8.75
1476,2026-06-12,"2026-06-04","Extra Credit - Each",1.75,1.06
1476,2026-06-12,"2026-06-04","Mini",1,53.2
1084,2026-06-12,"2026-06-04","Chicken - Links ($10.50) - Each",1,10.5
1084,2026-06-12,"2026-06-04","Feta Cheese - HBC - Each",1,6.75
1084,2026-06-12,"2026-06-04","Mushrooms - last week's - Bag",1,8
1084,2026-06-12,"2026-06-04","Soy Sauce - Mushroom - Bottle",1,7.5
1084,2026-06-12,"2026-06-04","Extra Credit - Each",2.75,1.06
1084,2026-06-12,"2026-06-04","Half",1,84.79
502,2026-06-12,"2026-06-04","Cucumbers - Pickling - Bag",1,3.5
502,2026-06-12,"2026-06-04","Mothership Pickup Time (4.0 @5-5:30) - @5-5:30",1,0
502,2026-06-12,"2026-06-04","Cannolis - 2-pack",1,8.5
502,2026-06-12,"2026-06-04","Chicken - Ground - Lb.",1,9
502,2026-06-12,"2026-06-04","Eggs - Dozen",1,6.5
502,2026-06-12,"2026-06-04","Kohlrabi  - Head",1,1
502,2026-06-12,"2026-06-04","Potatoes - New - Bag",1,5.75
502,2026-06-12,"2026-06-04","Sesame Hoagie - T - Each",1,3.8
502,2026-06-12,"2026-06-04","Extra Credit - Each",10.55,1.06
502,2026-06-12,"2026-06-04","FSA/FSD",1,79.79
433,2026-06-12,"2026-06-04","Chicken - Ground - Lb.",1,9
433,2026-06-12,"2026-06-04","Eggs - Dozen",1,6.5
433,2026-06-12,"2026-06-04","Mushrooms - last week's - Bag",1,8
433,2026-06-12,"2026-06-04","Wildcard $4 - Each",1,4
433,2026-06-12,"2026-06-04","FSA/FSD",1,79.79
549,2026-06-12,"2026-06-04","Pistachios - Oz.",1,14.25
549,2026-06-12,"2026-06-04","Eggs - Dozen",1,6.5
549,2026-06-12,"2026-06-04","Yogurt - Plain - Oz.",1,7.1
549,2026-06-12,"2026-06-04","Extra Credit - Each",0.35,1.06
549,2026-06-12,"2026-06-04","FSA/FSD",1,79.79
401,2026-06-12,"2026-06-04","Mothership Pickup Time (1.0 @3:30-4) - @3:30-4",1,0
401,2026-06-12,"2026-06-04","Asparagus - Bunch",1,6.5
401,2026-06-12,"2026-06-04","Bok Choy - Bag",1,5
401,2026-06-12,"2026-06-04","Shoots - Pea - Bag",1,4.25
401,2026-06-12,"2026-06-04","Squash - Summer - Each",1,2.25
401,2026-06-12,"2026-06-04","Staff - pick up change - Bag",1,0
401,2026-06-12,"2026-06-04","Strawberries - Qt - Quart",1,8.25
401,2026-06-12,"2026-06-04","Extra Credit - Each",4.25,1.06
401,2026-06-12,"2026-06-04","Mini",1,53.2
22,2026-06-12,"2026-06-04","Mothership Pickup Time (1.0 @3:30-4) - @3:30-4",1,0
22,2026-06-12,"2026-06-04","Chicken - Links ($10.50) - Each",1,10.5
22,2026-06-12,"2026-06-04","Hoagie - T - Each",1,3.5
22,2026-06-12,"2026-06-04","Mushrooms - last week's - Bag",1,8
22,2026-06-12,"2026-06-04","Semolina - T - Loaf",1,7
22,2026-06-12,"2026-06-04","Half",1,84.79
22,2026-06-12,"2026-06-04","Creamline MILK-e",1,8.49
452,2026-06-12,"2026-06-04","Chicken - Big Bag Deboned Thighs/lb. - Bag",1,43.06
452,2026-06-12,"2026-06-04","Broccoli (1.0 Head) - Head",1,4.25
452,2026-06-12,"2026-06-04","Flour - Bread 5# - Lb.",1,9.8
452,2026-06-12,"2026-06-04","Hoagie - PIB - 6-pack",1,6.75
452,2026-06-12,"2026-06-04","Pork - Bratwurst  - Pack",1,8.5
452,2026-06-12,"2026-06-04","Rice - Basmati White - Lb.",1,7.5
452,2026-06-12,"2026-06-04","Extra Credit - Each",57.86,1.06
452,2026-06-12,"2026-06-04","Mini",1,53.2
493,2026-06-12,"2026-06-04","Cucumbers - Pickling - Bag",1,3.5
493,2026-06-12,"2026-06-04","Dark Chocolate Lolli - Each",1,1.75
493,2026-06-12,"2026-06-04","Eggs - Dozen",1,6.5
493,2026-06-12,"2026-06-04","FF Soup - Yellow Gazpacho - Oz.",1,10.5
493,2026-06-12,"2026-06-04","Jar Tomatoes - Quart",1,7.75
493,2026-06-12,"2026-06-04","Pre-ordered plants are in - Pot",1,0
493,2026-06-12,"2026-06-04","Half",1,84.79
807,2026-06-12,"2026-06-04","Marinara Sauce - Jar",1,8.75
807,2026-06-12,"2026-06-04","Pork - Ground  - Lb.",1,7.5
807,2026-06-12,"2026-06-04","Pre-ordered plants are in - Pot",1,0
807,2026-06-12,"2026-06-04","Yogurt - Plain - Oz.",1,7.1
807,2026-06-12,"2026-06-04","Yogurt - Vanilla - Oz.",1,7.1
807,2026-06-12,"2026-06-04","Extra Credit - Each",4.7,1.06
807,2026-06-12,"2026-06-04","UCA/KWA",1,79.79
807,2026-06-12,"2026-06-04","2% MILK",1,8.85
1717,2026-06-12,"2026-06-04","Mothership Pickup Time (1.0 @3:30-4) - @3:30-4",1,0
1717,2026-06-12,"2026-06-04","Bagels - Raisin - Frozen - Bag",1,6.75
1717,2026-06-12,"2026-06-04","Chicken - Ground - Lb.",1,9
1717,2026-06-12,"2026-06-04","FF Dish - Saag Paneer - Pint",1,13.5
1717,2026-06-12,"2026-06-04","Funds for Snacks - Each",1,1
1717,2026-06-12,"2026-06-04","Extra Credit - Each",0.25,1.06
1717,2026-06-12,"2026-06-04","Half",1,84.79
1419,2026-06-12,"2026-06-04","Cucumbers - Pickling - Bag",1,3.5
1419,2026-06-12,"2026-06-04","Kirkwood Pickup Time (2.0 @1:30-2) - @1:30-2",1,0
1419,2026-06-12,"2026-06-04","Chicken Thighs - Boneless/lb. - lbs",1,10.68
1419,2026-06-12,"2026-06-04","Curds Creamy Ranch 10 oz - Bag",1,6.75
1419,2026-06-12,"2026-06-04","Dark Chocolate Square  - Each",1,1.75
1419,2026-06-12,"2026-06-04","RL Chocolate Milk - Bottle",1,2.75
1419,2026-06-12,"2026-06-04","Semolina - T - Loaf",1,7
1419,2026-06-12,"2026-06-04","Extra Credit - Each",2.43,1.06
1419,2026-06-12,"2026-06-04","Half",1,84.79
1864,2026-06-12,"2026-06-04","Half",1,84.79
1864,2026-06-12,"2026-06-04","2% MILK-e",4,8.85
1941,2026-06-12,"2026-06-04","Mothership Pickup Time (3.0 @4:30-5) - @4:30-5",1,0
1941,2026-06-12,"2026-06-04","Aged Cheddar - HBC - Each",1,6.75
1941,2026-06-12,"2026-06-04","Chicken Breasts /lb. - Pack",1,12.92
1941,2026-06-12,"2026-06-04","Strawberries - Qt - Quart",1,8.25
1941,2026-06-12,"2026-06-04","Extra Credit - Each",5.92,1.06
1941,2026-06-12,"2026-06-04","Mini",1,53.2
293,2026-06-12,"2026-06-04","Ground Turkey - Pack",1,9
293,2026-06-12,"2026-06-04","Mothership Pickup Time (6.0 @6-6:30) - @6-6:30",1,0
293,2026-06-12,"2026-06-04","Chicken - Ground - Lb.",1,9
293,2026-06-12,"2026-06-04","Eggs - Dozen",1,6.5
293,2026-06-12,"2026-06-04","Hoagie - T - Each",1,3.5
293,2026-06-12,"2026-06-04","Pork Italian Bulk - D&M - Lb.",1,8.5
293,2026-06-12,"2026-06-04","Tomatoes - Slicing - Bag",1,6.5
293,2026-06-12,"2026-06-04","Tortellini - Cheese - Lb.",1,9.15
293,2026-06-12,"2026-06-04","Extra Credit - Each",24.65,1.06
293,2026-06-12,"2026-06-04","FSA/FSD",1,79.79
616,2026-06-12,"2026-06-04","Mothership Pickup Time (1.0 @3:30-4) - @3:30-4",1,0
616,2026-06-12,"2026-06-04","Bagels - Blueberry - BU - Bag",1,11
616,2026-06-12,"2026-06-04","Broccoli (1.0 Head) - Head",1,4.25
616,2026-06-12,"2026-06-04","Eggs - Dozen",2,6.5
616,2026-06-12,"2026-06-04","Milk Chocolate Lolli - Each",1,1.75
616,2026-06-12,"2026-06-04","Extra Credit - Each",30,1.06
1149,2026-06-12,"2026-06-04","Cucumbers - Pickling - Bag",1,3.5
1149,2026-06-12,"2026-06-04","Mothership Pickup Time (1.0 @3:30-4) - @3:30-4",1,0
1149,2026-06-12,"2026-06-04","Carrots w/tops - Bunch",1,5.25
1149,2026-06-12,"2026-06-04","German Quark HBC - Jar",1,6.75
1149,2026-06-12,"2026-06-04","Kohlrabi  - Head",1,1
1149,2026-06-12,"2026-06-04","Onions - Green - Bunch",1,3.5
1149,2026-06-12,"2026-06-04","Radishes - Bunch - Bunch",1,3.5
1149,2026-06-12,"2026-06-04","Strawberries - Qt - Quart",1,8.25
1149,2026-06-12,"2026-06-04","Extra Credit - Each",1.75,1.06
1149,2026-06-12,"2026-06-04","Half",1,84.79
1353,2026-06-12,"2026-06-04","Chicken - Links ($10.50) - Each",1,10.5
1353,2026-06-12,"2026-06-04","Clean Plate Pantry Choice ($11.5) - Jar",1,11.5
1353,2026-06-12,"2026-06-04","Mushrooms - last week's - Bag",1,8
1353,2026-06-12,"2026-06-04","Pre-ordered plants are in - Pot",1,0
1353,2026-06-12,"2026-06-04","Half",1,84.79
1353,2026-06-12,"2026-06-04","Whole MILK-e",1,8.85
868,2026-06-12,"2026-06-04","Cheese Choice $6.75 - Each",1,6.75
868,2026-06-12,"2026-06-04","Hoagie - PIB - 6-pack",1,6.75
868,2026-06-12,"2026-06-04","Pork - Bratwurst  - Pack",1,8.5
868,2026-06-12,"2026-06-04","Mini",1,53.2
1652,2026-06-12,"2026-06-04","Ground Turkey - Pack",1,9
1652,2026-06-12,"2026-06-04","Asparagus - Bunch",1,6.5
1652,2026-06-12,"2026-06-04","Dark Chocolate Almond Bar - Pack",1,4.95
1652,2026-06-12,"2026-06-04","Strawberries - Qt - Quart",1,8.25
1652,2026-06-12,"2026-06-04","Extra Credit - Each",6.7,1.06
1652,2026-06-12,"2026-06-04","Mini",1,53.2
1431,2026-06-12,"2026-06-04","Carrots w/tops - Bunch",1,5.25
1431,2026-06-12,"2026-06-04","Hoagie - PIB Frozen - Bag",1,6.75
1431,2026-06-12,"2026-06-04","Pork - Bratwurst  - Pack",1,8.5
1431,2026-06-12,"2026-06-04","Strawberries - Qt - Quart",1,8.25
1431,2026-06-12,"2026-06-04","Extra Credit - Each",6.75,1.06
1431,2026-06-12,"2026-06-04","Mini",1,53.2
246,2026-06-12,"2026-06-04","Carrots w/tops - Bunch",1,5.25
246,2026-06-12,"2026-06-04","Mushrooms - Chestnut - Bag",1,8
246,2026-06-12,"2026-06-04","Rhubarb - Bunch",1,9.5
246,2026-06-12,"2026-06-04","Extra Credit - Each",0.75,1.06
246,2026-06-12,"2026-06-04","Mini",1,53.2
246,2026-06-12,"2026-06-04","RL Chocolate Milk",3,2.93
963,2026-06-12,"2026-06-04","Chicken Links - Sundried Tomato - lbs",1,10.5
963,2026-06-12,"2026-06-04","Cinnamon Rolls - Pack",1,6.75
963,2026-06-12,"2026-06-04","Curds Jalapeno Habanero 10 oz - Bag",1,6.75
963,2026-06-12,"2026-06-04","Mushrooms (1.0 Lion's Mane) - Lion's Mane",1,8
963,2026-06-12,"2026-06-04","Extra Credit - Each",4.5,1.06
963,2026-06-12,"2026-06-04","FSA/FSD",1,79.79
657,2026-06-12,"2026-06-04","Eggs - BW - Dozen",1,6.5
657,2026-06-12,"2026-06-04","Mothership Pickup Time (3.0 @4:30-5) - @4:30-5",1,0
657,2026-06-12,"2026-06-04","Chicken - Links ($10.50) - Each",1,10.5
657,2026-06-12,"2026-06-04","Eggs - H - Dozen",1,6.5
657,2026-06-12,"2026-06-04","Mushrooms - last week's - Bag",1,8
657,2026-06-12,"2026-06-04","Shakshuka Sauce - Jar",1,11.5
657,2026-06-12,"2026-06-04","Extra Credit - Each",13,1.06
657,2026-06-12,"2026-06-04","Half",1,84.79
928,2026-06-12,"2026-06-04","Cucumbers - Pickling - Bag",1,3.5
928,2026-06-12,"2026-06-04","Mothership Pickup Time (5.0 @5:30-6) - @5:30-6",1,0
928,2026-06-12,"2026-06-04","Food For FS Cats Donation - $",1,1
928,2026-06-12,"2026-06-04","Bagels - Raisin - Bag",1,6.75
928,2026-06-12,"2026-06-04","Boneless Pork Chop - D&M /lb - Lb.",1,11
928,2026-06-12,"2026-06-04","Cinnamon Rolls - Pack",1,6.75
928,2026-06-12,"2026-06-04","Collards - Bunch",1,5
928,2026-06-12,"2026-06-04","Curds Garlic Herb HBC 10 oz  - Bag",1,6.75
928,2026-06-12,"2026-06-04","Eggs - Dozen",1,6.5
928,2026-06-12,"2026-06-04","FF Dish - Pear and Walnut Risotto - Each",1,11.5
928,2026-06-12,"2026-06-04","German Quark HBC - Jar",1,6.75
928,2026-06-12,"2026-06-04","Extra Credit - Each",38,1.06
928,2026-06-12,"2026-06-04","FSA/FSD",1,79.79
1570,2026-06-12,"2026-06-04","Peanut Butter MC - Tub",1,7.75
1570,2026-06-12,"2026-06-04","Kirkwood Pickup Time (1.0 PORCH) - PORCH",1,0
1570,2026-06-12,"2026-06-04","Asparagus - Bunch",1,6.5
1570,2026-06-12,"2026-06-04","Extra Credit - Each",14.25,1.06
1570,2026-06-12,"2026-06-04","No Produce - Order Only (even wk)",1,0
1236,2026-06-12,"2026-06-04","Chicken - Ground - Lb.",1,9
1236,2026-06-12,"2026-06-04","Eggs - Dozen",1,6.5
1236,2026-06-12,"2026-06-04","Mushrooms - last week's - Bag",1,8
1236,2026-06-12,"2026-06-04","Pre-ordered plants are in - Pot",1,0
1236,2026-06-12,"2026-06-04","Wildcard $4 - Each",1,4
1236,2026-06-12,"2026-06-04","FSA/FSD",1,79.79
249,2026-06-12,"2026-06-04","Mothership Pickup Time (1.0 @3:30-4) - @3:30-4",1,0
249,2026-06-12,"2026-06-04","Chicken - Links ($10.50) - Each",1,10.5
249,2026-06-12,"2026-06-04","Curry Sauce (1.0 Red) - Red",1,11.5
249,2026-06-12,"2026-06-04","Pork - Ground  - Lb.",1,7.5
249,2026-06-12,"2026-06-04","Half",1,84.79
1725,2026-06-12,"2026-06-04","Eggs - BW - Dozen",2,6.5
1725,2026-06-12,"2026-06-04","Kirkwood Pickup Time (1.0 PORCH) - PORCH",1,0
1725,2026-06-12,"2026-06-04","Broccoli - Share",1,4.25
1725,2026-06-12,"2026-06-04","Cabbage - Chinese - Head",1,3.75
1725,2026-06-12,"2026-06-04","Cabbage - Green - Head",1,4.5
1725,2026-06-12,"2026-06-04","Hoagie - PIB - 6-pack",1,6.75
1725,2026-06-12,"2026-06-04","Hoagie - T - Each",1,3.5
1725,2026-06-12,"2026-06-04","Sesame Hoagie - T - Each",1,3.8
1725,2026-06-12,"2026-06-04","Yogurt - Plain - Oz.",1,7.1
1725,2026-06-12,"2026-06-04","Extra Credit - Each",24.65,1.06
1725,2026-06-12,"2026-06-04","Mini",1,53.2
364,2026-06-12,"2026-06-04","Milk - 2%  - Oz.",1,8.32
364,2026-06-12,"2026-06-04","Mothership Pickup Time - @6:30-7",1,0
364,2026-06-12,"2026-06-04","Eggs - Dozen",1,6.5
364,2026-06-12,"2026-06-04","Mushrooms - last week's - Bag",1,8
364,2026-06-12,"2026-06-04","Oat Porridge Bread - T - Each",1,9
364,2026-06-12,"2026-06-04","Tomatoes - Slicing - Bag",1,6.5
364,2026-06-12,"2026-06-04","Yogurt - Vanilla - Oz.",1,7.1
364,2026-06-12,"2026-06-04","Extra Credit - Each",17.92,1.06
364,2026-06-12,"2026-06-04","FSA/FSD",1,79.79
1873,2026-06-12,"2026-06-04","Cheese Choice $6.75 - Each",1,6.75
1873,2026-06-12,"2026-06-04","Granola Bar - Each",1,3.8
1873,2026-06-12,"2026-06-04","Hoagie - PIB - 6-pack",1,6.75
1873,2026-06-12,"2026-06-04","Pork - Bratwurst  - Pack",1,8.5
1873,2026-06-12,"2026-06-04","Extra Credit - Each",3.8,1.06
1873,2026-06-12,"2026-06-04","Mini",1,53.2
1746,2026-06-12,"2026-06-04","Kirkwood Pickup Time (2.0 @1:30-2) - @1:30-2",1,0
1746,2026-06-12,"2026-06-04","Asparagus - Bunch",1,6.5
1746,2026-06-12,"2026-06-04","Kale - Green Curly - Bag",2,5
1746,2026-06-12,"2026-06-04","Strawberries - Qt - Quart",1,8.25
1746,2026-06-12,"2026-06-04","Wildcard $3 - Each",1,3
1746,2026-06-12,"2026-06-04","Extra Credit - Each",2,1.06
1746,2026-06-12,"2026-06-04","UCA/KWA",1,79.79
51,2026-06-12,"2026-06-04","Chicken - Ground - Lb.",1,9
51,2026-06-12,"2026-06-04","Eggs - Dozen",1,6.5
51,2026-06-12,"2026-06-04","Mushrooms - last week's - Bag",1,8
51,2026-06-12,"2026-06-04","Wildcard $4 - Each",1,4
636,2026-06-12,"2026-06-04","Mothership Pickup Time (4.0 @5-5:30) - @5-5:30",1,0
636,2026-06-12,"2026-06-04","Chicken - Breakfast - Pack",1,10.5
636,2026-06-12,"2026-06-04","Honey - Qt. - Jar",1,20.25
636,2026-06-12,"2026-06-04","Extra Credit - Each",3.25,1.06
636,2026-06-12,"2026-06-04","FSA/FSD",1,79.79
636,2026-06-12,"2026-06-04","Whole MILK",1,8.85
250,2026-06-12,"2026-06-04","Mothership Pickup Time (3.0 @4:30-5) - @4:30-5",1,0
250,2026-06-12,"2026-06-04","Chicken - Ground - Lb.",1,9
250,2026-06-12,"2026-06-04","Eggs - Dozen",1,6.5
250,2026-06-12,"2026-06-04","Mushrooms - last week's - Bag",1,8
250,2026-06-12,"2026-06-04","Strawberries - Qt - Quart",1,8.25
250,2026-06-12,"2026-06-04","Wildcard $4 - Each",1,4
250,2026-06-12,"2026-06-04","Extra Credit - Each",8.25,1.06
250,2026-06-12,"2026-06-04","FSA/FSD",1,79.79
725,2026-06-12,"2026-06-04","Ground Turkey - Pack",1,9
725,2026-06-12,"2026-06-04","Pork - Ground  - Lb.",1,7.5
725,2026-06-12,"2026-06-04","Pork Italian Bulk - D&M - Lb.",1,8.5
725,2026-06-12,"2026-06-04","Pretzel Slider Buns - Bag",1,6.75
725,2026-06-12,"2026-06-04","Extra Credit - Each",1.75,1.06
725,2026-06-12,"2026-06-04","Half",1,84.79
1910,2026-06-12,"2026-06-04","Eggs - BW - Dozen",2,6.5
1910,2026-06-12,"2026-06-04","Mothership Pickup Time - @6:30-7",1,0
1910,2026-06-12,"2026-06-04","Arugula - Bag",1,4.25
1910,2026-06-12,"2026-06-04","Asparagus - Bunch",1,6.5
1910,2026-06-12,"2026-06-04","Bagels - Everything - BU - Bag",1,11
1910,2026-06-12,"2026-06-04","Cannolis - 2-pack",1,8.5
1910,2026-06-12,"2026-06-04","Granola Bar - Each",1,3.8
1910,2026-06-12,"2026-06-04","Hoagie - T - Each",1,3.5
1910,2026-06-12,"2026-06-04","Marbled Rye - Thursday - Each",1,8.75
1910,2026-06-12,"2026-06-04","Peas - Sugar Snap - Share",1,4
1910,2026-06-12,"2026-06-04","Radishes - Purple Heart - Bunch",1,5.25
1910,2026-06-12,"2026-06-04","Strawberries - Qt - Quart",1,8.25
1910,2026-06-12,"2026-06-04","Tomatoes - Slicing - Bag",1,6.5
1910,2026-06-12,"2026-06-04","Extra Credit - Each",83.3,1.06
1243,2026-06-12,"2026-06-04","Apple Sauce - w/sugar - qt. - Jar",1,7.75
1243,2026-06-12,"2026-06-04","Chicken - Links ($10.50) - Each",1,10.5
1243,2026-06-12,"2026-06-04","Mushrooms - last week's - Bag",1,8
1243,2026-06-12,"2026-06-04","Wild Cod/LB* - Pack",1,7.63
1243,2026-06-12,"2026-06-04","Extra Credit - Each",3.88,1.06
1243,2026-06-12,"2026-06-04","Half",1,84.79
133,2026-06-12,"2026-06-04","Mothership Pickup Time (3.0 @4:30-5) - @4:30-5",1,0
133,2026-06-12,"2026-06-04","Bagels - Everything - BU - Bag",1,11
133,2026-06-12,"2026-06-04","Eggs - Dozen",1,6.5
133,2026-06-12,"2026-06-04","English Muffin Sourdough - Frozen - Pack",1,5
133,2026-06-12,"2026-06-04","Kohlrabi  - Head",2,1
133,2026-06-12,"2026-06-04","Onions - Green - Bunch",2,3.5
133,2026-06-12,"2026-06-04","Extra Credit - Each",9.5,1.06
133,2026-06-12,"2026-06-04","Mini",1,53.2
225,2026-06-12,"2026-06-04","(BYO) UCG - Orders Only",1,0
225,2026-06-12,"2026-06-04","Cream pint",1,5.32
225,2026-06-12,"2026-06-04","Eggs - Buttonwood",1,6.92
225,2026-06-12,"2026-06-04","Plain yogurt",1,7.55
225,2026-06-12,"2026-06-04","Whole MILK-e",1,8.85
643,2026-06-12,"2026-06-04","Mothership Pickup Time (5.0 @5:30-6) - @5:30-6",1,0
643,2026-06-12,"2026-06-04","Chicken - Ground - Lb.",1,9
643,2026-06-12,"2026-06-04","Cinnamon Rolls - Pack",1,6.75
643,2026-06-12,"2026-06-04","German Quark HBC - Jar",1,6.75
643,2026-06-12,"2026-06-04","Mushrooms - last week's - Bag",1,8
643,2026-06-12,"2026-06-04","Extra Credit - Each",3,1.06
643,2026-06-12,"2026-06-04","FSA/FSD",1,79.79
1468,2026-06-12,"2026-06-04","Mothership Pickup Time (1.0 @3:30-4) - @3:30-4",1,0
1468,2026-06-12,"2026-06-04","Mushrooms - Chestnut - Bag",1,8
1468,2026-06-12,"2026-06-04","Pork - Bratwurst  - Pack",1,8.5
1468,2026-06-12,"2026-06-04","Strawberries - Qt - Quart",1,8.25
1468,2026-06-12,"2026-06-04","Extra Credit - Each",2.75,1.06
1468,2026-06-12,"2026-06-04","Mini",1,53.2
622,2026-06-12,"2026-06-04","Marinara Sauce - Jar",1,8.75
622,2026-06-12,"2026-06-04","Pasta Wildcard $6.50 - Pack",1,6.5
622,2026-06-12,"2026-06-04","Pork - Ground  - Lb.",1,7.5
622,2026-06-12,"2026-06-04","Wildcard $3 - Each",1,3
622,2026-06-12,"2026-06-04","UCA/KWA",1,79.79
793,2026-06-12,"2026-06-04","Cucumbers - Pickling - Bag",1,3.5
793,2026-06-12,"2026-06-04","Eggs - BW - Dozen",1,6.5
793,2026-06-12,"2026-06-04","Buttermilk Waffles Sourdough - Frozen - Pack",1,5
793,2026-06-12,"2026-06-04","Fresh Herb - Mint - 1-each",1,4
793,2026-06-12,"2026-06-04","Lettuce - Romaine Head - Head",1,5
793,2026-06-12,"2026-06-04","Light and Mild - T - Loaf",1,8.25
793,2026-06-12,"2026-06-04","Oat Porridge Bread - T - Each",1,9
793,2026-06-12,"2026-06-04","Strawberries - Qt - Quart",2,8.25
793,2026-06-12,"2026-06-04","Extra Credit - Each",35.75,1.06
793,2026-06-12,"2026-06-04","Mini",1,53.2
1750,2026-06-12,"2026-06-04","Cheese Choice $6.75 - Each",1,6.75
1750,2026-06-12,"2026-06-04","Hoagie - PIB - 6-pack",1,6.75
1750,2026-06-12,"2026-06-04","Pork - Bratwurst  - Pack",1,8.5
1750,2026-06-12,"2026-06-04","Mini",1,53.2
652,2026-06-12,"2026-06-04","Chicken - Links ($10.50) - Each",1,10.5
652,2026-06-12,"2026-06-04","Clean Plate Pantry Choice ($11.5) - Jar",1,11.5
652,2026-06-12,"2026-06-04","Mushrooms - last week's - Bag",1,8
652,2026-06-12,"2026-06-04","Staff - Something to ask Jamie - Oz.",1,0
652,2026-06-12,"2026-06-04","Half",1,84.79
453,2026-06-12,"2026-06-04","Chicken - Ground - Lb.",1,9
453,2026-06-12,"2026-06-04","Eggs - Dozen",1,6.5
453,2026-06-12,"2026-06-04","Mushrooms - last week's - Bag",1,8
453,2026-06-12,"2026-06-04","Wildcard $4 - Each",1,4
453,2026-06-12,"2026-06-04","FSA/FSD",1,79.79
1521,2026-06-12,"2026-06-04","Cannolis - 2-pack",1,8.5
1521,2026-06-12,"2026-06-04","Kabob - Lamb - Package",1,21.25
1521,2026-06-12,"2026-06-04","Milk Chocolate Square - Each",1,1.75
1521,2026-06-12,"2026-06-04","Extra Credit - Each",9.5,1.06
1521,2026-06-12,"2026-06-04","Mini",1,53.2
900,2026-06-12,"2026-06-04","Mothership Pickup Time (1.0 @3:30-4) - @3:30-4",1,0
900,2026-06-12,"2026-06-04","Chicken - Thighs /lbs  - lbs",1,10.5
900,2026-06-12,"2026-06-04","Lettuce - Salanova - Bag",1,4.25
900,2026-06-12,"2026-06-04","Strawberries - Qt - Quart",1,8.25
900,2026-06-12,"2026-06-04","Wildcard $4 - Each",1,4
900,2026-06-12,"2026-06-04","Yogurt - Plain - Oz.",1,7.1
900,2026-06-12,"2026-06-04","Extra Credit - Each",6.6,1.06
900,2026-06-12,"2026-06-04","FSA/FSD",1,79.79
900,2026-06-12,"2026-06-04","Whole MILK",1,8.85
171,2026-06-12,"2026-06-04","Peanut Butter MC - Tub",1,7.75
171,2026-06-12,"2026-06-04","Mothership Pickup Time (3.0 @4:30-5) - @4:30-5",1,0
171,2026-06-12,"2026-06-04","Chevre PF (1.0 Herb) - Herb",1,8.5
171,2026-06-12,"2026-06-04","Gluten Free Black Beans  - Tub",1,6.5
171,2026-06-12,"2026-06-04","Hoagie - PIB - 6-pack",1,6.75
171,2026-06-12,"2026-06-04","Hummus - Beet & Pepita - Tub",1,6.75
171,2026-06-12,"2026-06-04","Louise's Original Granola - Bag",1,10
171,2026-06-12,"2026-06-04","Pork - Bratwurst  - Pack",1,8.5
171,2026-06-12,"2026-06-04","Pork Snack Sticks - Honey 4pk - Pack",1,10.3
171,2026-06-12,"2026-06-04","Yogurt - Blueberry - Oz.",1,7.1
171,2026-06-12,"2026-06-04","Yogurt - Strawberry - Oz.",1,7.1
171,2026-06-12,"2026-06-04","Extra Credit - Each",57.25,1.06
171,2026-06-12,"2026-06-04","Mini",1,53.2
904,2026-06-12,"2026-06-04","Eggs - BW - Dozen",1,6.5
904,2026-06-12,"2026-06-04","Jam - Strawberry - Rhubarb - Pint",1,7.75
904,2026-06-12,"2026-06-04","Mothership Pickup Time (3.0 @4:30-5) - @4:30-5",1,0
904,2026-06-12,"2026-06-04","Chicken Chorizo - Lb.",1,10.5
904,2026-06-12,"2026-06-04","Hoagie - T - Each",1,3.5
904,2026-06-12,"2026-06-04","Kale - Lacinato/Dinosaur - Bag",1,5
904,2026-06-12,"2026-06-04","Extra Credit - Each",3.25,1.06
904,2026-06-12,"2026-06-04","Half",1,84.79
1440,2026-06-12,"2026-06-04","Cucumbers - Pickling - Bag",1,3.5
1440,2026-06-12,"2026-06-04","Chicken Breasts /lb. - Pack",1,11.56
1440,2026-06-12,"2026-06-04","Semolina - T - Loaf",1,7
1440,2026-06-12,"2026-06-04","Short Ribs/lbs. - lbs",1,21.73
1440,2026-06-12,"2026-06-04","Strawberries - Qt - Quart",1,8.25
1440,2026-06-12,"2026-06-04","Extra Credit - Each",22.04,1.06
1440,2026-06-12,"2026-06-04","Half",1,84.79
1683,2026-06-12,"2026-06-04","Eggs - BW - Dozen",2,6.5
1683,2026-06-12,"2026-06-04","Kirkwood Pickup Time - @1-1:30",1,0
1683,2026-06-12,"2026-06-04","Bagels - Raisin - Bag",1,6.75
1683,2026-06-12,"2026-06-04","Chicken Breasts /lb. - Pack",1,15.13
1683,2026-06-12,"2026-06-04","Extra Credit - Each",9.13,1.06
1683,2026-06-12,"2026-06-04","UCA/KWA",1,79.79
1505,2026-06-12,"2026-06-04","Chicken - Big Bag Deboned Thighs/lb. - Bag",1,42.57
1505,2026-06-12,"2026-06-04","Mothership Pickup Time (4.0 @5-5:30) - @5-5:30",1,0
1505,2026-06-12,"2026-06-04","Hoagie - T - Each",1,3.5
1505,2026-06-12,"2026-06-04","Light and Mild - T - Loaf",1,8.25
1505,2026-06-12,"2026-06-04","Mushrooms - French Horn/King - Bag",1,8
1505,2026-06-12,"2026-06-04","Peas - Sugar Snap - Share",1,4
1505,2026-06-12,"2026-06-04","Extra Credit - Each",36.32,1.06
1505,2026-06-12,"2026-06-04","Half",1,84.79
959,2026-06-12,"2026-06-04","Milk - Whole - Oz.",1,8.32
959,2026-06-12,"2026-06-04","Mothership Pickup Time - @6:30-7",1,0
959,2026-06-12,"2026-06-04","Chicken - Ground - Lb.",1,9
959,2026-06-12,"2026-06-04","Eggs - Dozen",1,6.5
959,2026-06-12,"2026-06-04","Gnocchi - Garlic Chive  - Lb.",1,6.5
959,2026-06-12,"2026-06-04","Strawberries - Qt - Quart",1,8.25
959,2026-06-12,"2026-06-04","Tortellini - Goat Cheese - Pack",1,9.15
959,2026-06-12,"2026-06-04","Yogurt - Blueberry - Oz.",1,7.1
959,2026-06-12,"2026-06-04","Extra Credit - Each",27.32,1.06
959,2026-06-12,"2026-06-04","FSA/FSD",1,79.79
704,2026-06-12,"2026-06-10","Milk - 2%  - Oz.",1,8.32
704,2026-06-12,"2026-06-10","Eggs - BW - Dozen",1,6.5
704,2026-06-12,"2026-06-10","Mothership Pickup Time (3.0 @4:30-5) - @4:30-5",1,0
704,2026-06-12,"2026-06-10","Curds Garlic Herb HBC 10 oz  - Bag",1,6.75
704,2026-06-12,"2026-06-10","Marinara Sauce - Jar",1,8.75
704,2026-06-12,"2026-06-10","Pork - Ground  - Lb.",1,7.5
704,2026-06-12,"2026-06-10","Extra Credit - Each",7.07,1.06
704,2026-06-12,"2026-06-10","FSA/FSD",1,79.79
284,2026-06-12,"2026-06-10","Jam - Strawberry HBY - Pint",1,7
284,2026-06-12,"2026-06-10","Mothership Pickup Time (3.0 @4:30-5) - @4:30-5",1,0
284,2026-06-12,"2026-06-10","Ground Beef - D&M - Lb.",1,10.5
284,2026-06-12,"2026-06-10","Hummus Choice ($6.75) - Tub",1,6.75
284,2026-06-12,"2026-06-10","Extra Credit - Each",0.5,1.06
284,2026-06-12,"2026-06-10","Mini",1,53.2
291,2026-06-12,"2026-06-10","Mothership Pickup Time (1.0 @3:30-4) - @3:30-4",1,0
291,2026-06-12,"2026-06-10","Cabbage - Green - Head",1,4.5
291,2026-06-12,"2026-06-10","Eggs - Dozen",1,6.5
291,2026-06-12,"2026-06-10","Feta Cheese - HBC - Each",1,6.75
291,2026-06-12,"2026-06-10","Pork - Bratwurst  - Pack",1,8.5
291,2026-06-12,"2026-06-10","Strawberries - Qt - Quart",1,8.25
291,2026-06-12,"2026-06-10","Extra Credit - Each",5.5,1.06
291,2026-06-12,"2026-06-10","Half",1,84.79
482,2026-06-12,"2026-06-10","Eggs - BW - Dozen",2,6.5
482,2026-06-12,"2026-06-10","UCity Pickup Time - @4:30-5",1,0
482,2026-06-12,"2026-06-10","Curds Garlic Herb HBC 10 oz  - Bag",1,6.75
482,2026-06-12,"2026-06-10","Squash - Zucchini - Each",2,2.5
482,2026-06-12,"2026-06-10","Tomatoes - Slicing - Bag",1,6.5
482,2026-06-12,"2026-06-10","Extra Credit - Each",2.25,1.06
482,2026-06-12,"2026-06-10","Half",1,84.79
1983,2026-06-12,"2026-06-10","Mothership Pickup Time (1.0 @3:30-4) - @3:30-4",1,0
1983,2026-06-12,"2026-06-10","Eggs - Dozen",2,6.5
1983,2026-06-12,"2026-06-10","Feta Cheese - HBC - Each",1,6.75
1983,2026-06-12,"2026-06-10","Winter Squash - Spaghetti - Each",1,4.75
1983,2026-06-12,"2026-06-10","Extra Credit - Each",0.75,1.06
1983,2026-06-12,"2026-06-10","Mini",1,53.2
1038,2026-06-12,"2026-06-10","Milk - Whole - Oz.",1,8.32
1038,2026-06-12,"2026-06-10","Mothership Pickup Time (4.0 @5-5:30) - @5-5:30",1,0
1038,2026-06-12,"2026-06-10","Eggs - Dozen",1,6.5
1038,2026-06-12,"2026-06-10","Tortellini - Mushroom - Lb.",1,9.15
1038,2026-06-12,"2026-06-10","Yogurt - Plain - Oz.",1,7.1
1038,2026-06-12,"2026-06-10","Extra Credit - Each",7.32,1.06
1038,2026-06-12,"2026-06-10","Mini",1,53.2
1039,2026-06-12,"2026-06-10","UCity Pickup Time (3.0 @5:30-6) - @5:30-6",1,0
1039,2026-06-12,"2026-06-10","Eggs - Dozen",1,6.5
1039,2026-06-12,"2026-06-10","Pork - Breakfast Bulk ($8) - Pack",1,8
1039,2026-06-12,"2026-06-10","Rice - Basmati Brown - Lb.",1,7.5
1039,2026-06-12,"2026-06-10","Semolina - Wednesday - Loaf",1,7
1039,2026-06-12,"2026-06-10","Strawberries - Qt - Quart",1,8.25
1039,2026-06-12,"2026-06-10","Extra Credit - Each",0.75,1.06
1039,2026-06-12,"2026-06-10","UCA/KWA",1,79.79
618,2026-06-12,"2026-06-10","Mothership Pickup Time (4.0 @5-5:30) - @5-5:30",1,0
618,2026-06-12,"2026-06-10","Eggs - Dozen",1,6.5
618,2026-06-12,"2026-06-10","Shoots - Specialty Mix - Bag",1,4.5
618,2026-06-12,"2026-06-10","Sparkling Tea - Ginger Roselle - 4-pack",1,11.25
618,2026-06-12,"2026-06-10","Swiss Chard - Bunch",1,6
618,2026-06-12,"2026-06-10","Tomatoes - Slicing - Bag",1,6.5
618,2026-06-12,"2026-06-10","Extra Credit - Each",11,1.06
618,2026-06-12,"2026-06-10","Mini",1,53.2
1830,2026-06-12,"2026-06-10","Eggs - Dozen",1,6.5
1830,2026-06-12,"2026-06-10","Ground Beef - D&M - Lb.",1,10.5
1830,2026-06-12,"2026-06-10","Hummus Choice ($6.75) - Tub",1,6.75
1830,2026-06-12,"2026-06-10","Mini",1,53.2
1830,2026-06-12,"2026-06-10","2% MILK",1,8.85
732,2026-06-12,"2026-06-10","Mothership Pickup Time (4.0 @5-5:30) - @5-5:30",1,0
732,2026-06-12,"2026-06-10","Beets - Red w/Tops - Bunch",1,5.25
732,2026-06-12,"2026-06-10","Blueberries  - Pint",1,7
732,2026-06-12,"2026-06-10","Dark Chocolate Square  - Each",1,1.75
732,2026-06-12,"2026-06-10","Hoagie - Wednesday - Each",1,3.5
732,2026-06-12,"2026-06-10","Mushrooms (1.0 Shiitake) - Shiitake",1,8
732,2026-06-12,"2026-06-10","Radishes - Mini Daikon - Bunch",1,4
732,2026-06-12,"2026-06-10","Extra Credit - Each",0.5,1.06
732,2026-06-12,"2026-06-10","Half",1,84.79
228,2026-06-12,"2026-06-10","UCity Pickup Time - @4:30-5",1,0
228,2026-06-12,"2026-06-10","Eggs - Dozen",1,6.5
228,2026-06-12,"2026-06-10","Ground Beef - D&M - Lb.",1,10.5
228,2026-06-12,"2026-06-10","Hummus - Carrot & Ginger - Tub",1,6.75
228,2026-06-12,"2026-06-10","Mini",1,53.2
282,2026-06-12,"2026-06-10","Bread Choice ($6.75) - 1-each",1,6.75
282,2026-06-12,"2026-06-10","Cheese Choice $6.75 - Each",1,6.75
282,2026-06-12,"2026-06-10","Chicken - Thighs /lbs  - lbs",1,10.2
282,2026-06-12,"2026-06-10","Pasta Bi-color Short - Lb.",1,6.5
282,2026-06-12,"2026-06-10","Extra Credit - Each",1.2,1.06
282,2026-06-12,"2026-06-10","Half",1,84.79
444,2026-06-12,"2026-06-10","Eggs - BW - Dozen",2,6.5
444,2026-06-12,"2026-06-10","UCity Pickup Time - @4:30-5",1,0
444,2026-06-12,"2026-06-10","Blackberries - Pint",1,7
444,2026-06-12,"2026-06-10","Pork Shoulder/lb. - Each",1,40.4
444,2026-06-12,"2026-06-10","RL Chocolate Milk - Bottle",4,2.75
444,2026-06-12,"2026-06-10","Rice - Brown - Lb.",1,6.5
444,2026-06-12,"2026-06-10","Rice - White - Lb.",1,6.5
444,2026-06-12,"2026-06-10","Extra Credit - Each",47.9,1.06
444,2026-06-12,"2026-06-10","UCA/KWA",1,79.79
828,2026-06-12,"2026-06-10","Cashew Butter - Roasted - Pint",1,11.75
828,2026-06-12,"2026-06-10","Pizza - Four Meat  - Each",1,8.5
828,2026-06-12,"2026-06-10","Pizza - Tomato Basil Garlic  - Each",2,8.5
828,2026-06-12,"2026-06-10","UCity Pickup Time - @4:30-5",1,0
828,2026-06-12,"2026-06-10","Apple Butter - Pint",2,7.75
828,2026-06-12,"2026-06-10","Blueberries  - Pint",1,7
828,2026-06-12,"2026-06-10","Pork - Brats Cheddar DM - 4-pack",2,8
828,2026-06-12,"2026-06-10","Extra Credit - Each",52,1.06
828,2026-06-12,"2026-06-10","Mini",1,53.2
923,2026-06-12,"2026-06-10","Stringbean Malawi Peaberry - Oz.",1,16
923,2026-06-12,"2026-06-10","Applewood Smoked Cheddar - Each",1,6.5
923,2026-06-12,"2026-06-10","Date Syrup - Bottle",1,10
923,2026-06-12,"2026-06-10","Hummus - Carrot & Ginger - Tub",1,6.75
923,2026-06-12,"2026-06-10","Semolina - Wednesday - Loaf",1,7
923,2026-06-12,"2026-06-10","Wildcard $7 - Each",1,7
923,2026-06-12,"2026-06-10","Extra Credit - Each",24.25,1.06
923,2026-06-12,"2026-06-10","Half",1,79.79
1799,2026-06-12,"2026-06-10","Mothership Pickup Time (2.0 @4-4:30) - @4-4:30",1,0
1799,2026-06-12,"2026-06-10","Eggs - Dozen",2,6.5
1799,2026-06-12,"2026-06-10","Hoagie - Wednesday - Each",1,3.5
1799,2026-06-12,"2026-06-10","Pork - Ground  - Lb.",1,7.5
1799,2026-06-12,"2026-06-10","Ribeye Steak /lb - Pack",2,32.43
1799,2026-06-12,"2026-06-10","Toffee - Package",1,7.5
1799,2026-06-12,"2026-06-10","Extra Credit - Each",65.61,1.06
1799,2026-06-12,"2026-06-10","FSA/FSD",1,79.79
1286,2026-06-12,"2026-06-10","Half & Half - Pint",1,4.75
1286,2026-06-12,"2026-06-10","Mothership Pickup Time (2.0 @4-4:30) - @4-4:30",1,0
1286,2026-06-12,"2026-06-10","Blueberries  - Pint",1,7
1286,2026-06-12,"2026-06-10","Cannolis - Frozen - 2-pack",1,8.5
1286,2026-06-12,"2026-06-10","Chicken Links - Lemon Pepper - Lb.",1,10.5
1286,2026-06-12,"2026-06-10","Seedy Wheaty - Frozen - Loaf",1,3.75
1286,2026-06-12,"2026-06-10","Extra Credit - Each",5.5,1.06
1286,2026-06-12,"2026-06-10","Half",1,84.79
1124,2026-06-12,"2026-06-10","Mothership Pickup Time (5.0 @5:30-6) - @5:30-6",1,0
1124,2026-06-12,"2026-06-10","Blueberries  - Pint",1,7
1124,2026-06-12,"2026-06-10","Eggs - Dozen",1,6.5
1124,2026-06-12,"2026-06-10","Peas - Sugar Snap - Share",1,4
1124,2026-06-12,"2026-06-10","Squash - Zucchini - Each",2,2.5
1124,2026-06-12,"2026-06-10","Tomatoes - Slicing - Bag",1,6.5
1124,2026-06-12,"2026-06-10","Half",1,84.79
296,2026-06-12,"2026-06-10","Mothership Pickup Time (3.0 @4:30-5) - @4:30-5",1,0
296,2026-06-12,"2026-06-10","Applewood Smoked Cheddar - Each",1,6.5
296,2026-06-12,"2026-06-10","Cinnamon Rolls - Frozen - Pack",1,6.75
296,2026-06-12,"2026-06-10","Pork - Bratwurst  - Pack",1,8.5
296,2026-06-12,"2026-06-10","Wildcard $7 - Each",1,7
296,2026-06-12,"2026-06-10","Half",1,84.79
919,2026-06-12,"2026-06-10","Mothership Pickup Time (1.0 @3:30-4) - @3:30-4",1,0
919,2026-06-12,"2026-06-10","Chicken - Ground - Lb.",1,9
919,2026-06-12,"2026-06-10","Lettuce - Salanova - Bag",1,4.25
919,2026-06-12,"2026-06-10","Mushrooms (1.0 Maitake (Hen of the Woods)) - Maitake (Hen of the Woods)",1,8
919,2026-06-12,"2026-06-10","Radishes - Purple Heart - Bunch",1,5.25
919,2026-06-12,"2026-06-10","Squash - Zucchini - Each",1,2.5
919,2026-06-12,"2026-06-10","Half",1,84.79
1699,2026-06-12,"2026-06-10","UCity Pickup Time (2.0 @5-5:30) - @5-5:30",1,0
1699,2026-06-12,"2026-06-10","Beans - Green - Bag",1,4.25
1699,2026-06-12,"2026-06-10","Blackberries - Pint",1,7
1699,2026-06-12,"2026-06-10","Light and Mild - Wednesday - Loaf",1,8.25
1699,2026-06-12,"2026-06-10","Peas - Sugar Snap - Share",1,4
1699,2026-06-12,"2026-06-10","RL Chocolate Milk - Bottle",1,2.75
1699,2026-06-12,"2026-06-10","Radishes - Bunch - Bunch",1,3.5
1699,2026-06-12,"2026-06-10","Strawberries - Qt - Quart",1,8.25
1699,2026-06-12,"2026-06-10","Extra Credit - Each",1.5,1.06
1699,2026-06-12,"2026-06-10","UCA/KWA",1,79.79
1154,2026-06-12,"2026-06-10","Mothership Pickup Time (4.0 @5-5:30) - @5-5:30",1,0
1154,2026-06-12,"2026-06-10","Blueberries  - Pint",1,7
1154,2026-06-12,"2026-06-10","Chicken - Whole $5.00/lb. - Each",1,21.5
1154,2026-06-12,"2026-06-10","Eggs - Dozen",1,6.5
1154,2026-06-12,"2026-06-10","Strawberries - Qt - Quart",1,8.25
1154,2026-06-12,"2026-06-10","Extra Credit - Each",19.5,1.06
1154,2026-06-12,"2026-06-10","Mini",1,53.2
1559,2026-06-12,"2026-06-10","Yogurt - Greek Plain - Oz.",1,7.1
1559,2026-06-12,"2026-06-10","UCity Pickup Time (3.0 @5:30-6) - @5:30-6",1,0
1559,2026-06-12,"2026-06-10","Almond Butter - Crunchy  - Pint",1,11.25
1559,2026-06-12,"2026-06-10","Arugula - Bag",1,4.25
1559,2026-06-12,"2026-06-10","Beans - Green - Bag",1,4.25
1559,2026-06-12,"2026-06-10","Blackberries - Pint",1,7
1559,2026-06-12,"2026-06-10","Blueberries  - Pint",1,7
1559,2026-06-12,"2026-06-10","Deli Roast Beef - Lb.",1,22.5
1559,2026-06-12,"2026-06-10","Hummus - Carrot & Ginger - Tub",1,6.75
1559,2026-06-12,"2026-06-10","Janie's Bread - Wednesday - Each",1,7
1559,2026-06-12,"2026-06-10","Onions - Green - Bunch",1,3.5
1559,2026-06-12,"2026-06-10","Onions - Sweet Bunch - Bunch",1,3.75
1559,2026-06-12,"2026-06-10","Squash - Zucchini - Each",1,2.5
1559,2026-06-12,"2026-06-10","Strawberries - Qt - Quart",1,8.25
1559,2026-06-12,"2026-06-10","Tahini - Pint",1,8.75
1559,2026-06-12,"2026-06-10","Tomatoes - Slicing - Bag",1,6.5
1559,2026-06-12,"2026-06-10","Wild Cod/LB* - Pack",2,7.35
1559,2026-06-12,"2026-06-10","Extra Credit - Each",101.3,1.06
1559,2026-06-12,"2026-06-10","Mini",1,53.2
1098,2026-06-12,"2026-06-10","Eggs - BW - Dozen",2,6.5
1098,2026-06-12,"2026-06-10","UCity Pickup Time - @4:30-5",1,0
1098,2026-06-12,"2026-06-10","Cucumbers - Slicing - Each",1,2
1098,2026-06-12,"2026-06-10","Oat Porridge Bread - Wednesday - Loaf",1,9
1098,2026-06-12,"2026-06-10","Semolina - Wednesday - Loaf",1,7
1098,2026-06-12,"2026-06-10","Wildcard $7 - Each",1,7
1098,2026-06-12,"2026-06-10","Extra Credit - Each",9,1.06
1098,2026-06-12,"2026-06-10","Half",1,68.89
1098,2026-06-12,"2026-06-10","2% MILK-o",1,8.85
557,2026-06-12,"2026-06-10","Mothership Pickup Time (4.0 @5-5:30) - @5-5:30",1,0
557,2026-06-12,"2026-06-10","Marinara Sauce - Jar",1,8.75
557,2026-06-12,"2026-06-10","Mushrooms - Choice",1,8
557,2026-06-12,"2026-06-10","Pork - Ground  - Lb.",1,7.5
557,2026-06-12,"2026-06-10","Wildcard $6.5 - Each",1,6.5
557,2026-06-12,"2026-06-10","FSA/FSD",1,79.79
1896,2026-06-12,"2026-06-10","Mothership Pickup Time (6.0 @6-6:30) - @6-6:30",1,0
1896,2026-06-12,"2026-06-10","Blackberries - Pint",1,7
1896,2026-06-12,"2026-06-10","Eggs - Dozen",1,6.5
1896,2026-06-12,"2026-06-10","Hummus - Garlic - Tub",1,6.75
1896,2026-06-12,"2026-06-10","Light and Mild - Wednesday - Loaf",1,8.25
1896,2026-06-12,"2026-06-10","Strawberries - Qt - Quart",1,8.25
1896,2026-06-12,"2026-06-10","Extra Credit - Each",13,1.06
1896,2026-06-12,"2026-06-10","Mini",1,53.2
1000,2026-06-12,"2026-06-10","UCity Pickup Time (3.0 @5:30-6) - @5:30-6",1,0
1000,2026-06-12,"2026-06-10","Bagels - Poppy Seed - BU - Bag",1,11
1000,2026-06-12,"2026-06-10","Curds Applewood Smoked 10 oz - Bag",1,6.75
1000,2026-06-12,"2026-06-10","Eggs - Dozen",1,6.5
1000,2026-06-12,"2026-06-10","Sesame Hoagie -W - Each",1,3.8
1000,2026-06-12,"2026-06-10","Extra Credit - Each",4.3,1.06
1000,2026-06-12,"2026-06-10","Mini",1,53.2
207,2026-06-12,"2026-06-10","Asparagus - Bunch",1,6.5
207,2026-06-12,"2026-06-10","Beans - Green - Bag",1,4.25
207,2026-06-12,"2026-06-10","Beets - Red w/Tops - Bunch",1,5.25
207,2026-06-12,"2026-06-10","Blackberries - Pint",1,7
207,2026-06-12,"2026-06-10","Eggs - Dozen",1,6.5
207,2026-06-12,"2026-06-10","Lettuce - Bibb - Head",1,3.25
207,2026-06-12,"2026-06-10","Lettuce - Butterhead - Bag",1,4.25
207,2026-06-12,"2026-06-10","Lettuce - Romaine Head - Head",1,5
207,2026-06-12,"2026-06-10","Peas - Shelling  - Oz.",1,4.25
207,2026-06-12,"2026-06-10","Strawberries - Qt - Quart",2,8.25
207,2026-06-12,"2026-06-10","Extra Credit - Each",39,1.06
207,2026-06-12,"2026-06-10","Mini",1,53.2
1284,2026-06-12,"2026-06-10","Apple Sauce - Chunky - NS - Quart",1,7.75
1284,2026-06-12,"2026-06-10","Beans - Green - Bag",1,4.25
1284,2026-06-12,"2026-06-10","Chicken Links - Lemon Pepper - Lb.",1,10.5
1284,2026-06-12,"2026-06-10","Eggs - Dozen",1,6.5
1284,2026-06-12,"2026-06-10","Feta Cheese - HBC - Each",1,6.75
1284,2026-06-12,"2026-06-10","Onions - Sweet Bunch - Bunch",1,3.75
1284,2026-06-12,"2026-06-10","Peas - Sugar Snap - Share",1,4
1284,2026-06-12,"2026-06-10","Sesame Hoagie -W - Each",1,3.8
1284,2026-06-12,"2026-06-10","Shoots - Sunflower - Bag",1,4.5
1284,2026-06-12,"2026-06-10","Squash - Summer - Each",1,2.25
1284,2026-06-12,"2026-06-10","Extra Credit - Each",54.05,1.06
99,2026-06-12,"2026-06-10","Mothership Pickup Time (6.0 @6-6:30) - @6-6:30",1,0
99,2026-06-12,"2026-06-10","Hamburger Buns - 4-pack",1,2.55
99,2026-06-12,"2026-06-10","Bagels - Blueberry - BU - Bag",1,11
99,2026-06-12,"2026-06-10","Chicken Drumsticks /LB - Pack",1,3.84
99,2026-06-12,"2026-06-10","Chicken Links - Lemon Pepper - Lb.",1,10.5
99,2026-06-12,"2026-06-10","Kohlrabi  - Head",1,1
99,2026-06-12,"2026-06-10","Tortillas Sourdough - Frozen - Pack",1,5
1923,2026-06-12,"2026-06-10","UCity Pickup Time (3.0 @5:30-6) - @5:30-6",1,0
1923,2026-06-12,"2026-06-10","Beans - Green - Bag",1,4.25
1923,2026-06-12,"2026-06-10","Blackberries - Pint",1,7
1923,2026-06-12,"2026-06-10","Dark Bar 61% - Package",1,3
1923,2026-06-12,"2026-06-10","Dark Chocolate Almond Bar - Pack",1,4.95
1923,2026-06-12,"2026-06-10","Eggs - Dozen",1,6.5
1923,2026-06-12,"2026-06-10","Kairos Sourdough Choice $5 - Pack",1,5
1923,2026-06-12,"2026-06-10","Lamb Gyro w/ Feta & Spinach - Lb.",1,18
1923,2026-06-12,"2026-06-10","Radishes - Bunch - Bunch",1,3.5
1923,2026-06-12,"2026-06-10","Tomatoes - Slicing - Bag",1,6.5
1923,2026-06-12,"2026-06-10","Wildcard $4 - Each",1,4
1923,2026-06-12,"2026-06-10","Extra Credit - Each",26.2,1.06
1923,2026-06-12,"2026-06-10","UCA/KWA",1,79.79
1174,2026-06-12,"2026-06-10","Cucumbers - Slicing - Each",1,2
1174,2026-06-12,"2026-06-10","Eggs - Dozen",1,6.5
1174,2026-06-12,"2026-06-10","Janie's Bread - Wednesday - Each",1,7
1174,2026-06-12,"2026-06-10","Peas - Sugar Snap - Share",1,4
1174,2026-06-12,"2026-06-10","Rhubarb - Bunch",1,9.5
1174,2026-06-12,"2026-06-10","Strawberries - Qt - Quart",1,8.25
1174,2026-06-12,"2026-06-10","Extra Credit - Each",8.25,1.06
1174,2026-06-12,"2026-06-10","Half",1,84.79
1879,2026-06-12,"2026-06-10","Mothership Pickup Time (3.0 @4:30-5) - @4:30-5",1,0
1879,2026-06-12,"2026-06-10","Beans - Green - Bag",1,4.25
1879,2026-06-12,"2026-06-10","Ground Beef - D&M - Lb.",1,10.5
1879,2026-06-12,"2026-06-10","Hummus - Garlic - Tub",1,6.75
1879,2026-06-12,"2026-06-10","Squash - Zucchini - Each",1,2.5
1879,2026-06-12,"2026-06-10","Extra Credit - Each",0.25,1.06
1879,2026-06-12,"2026-06-10","Mini",1,53.2
373,2026-06-12,"2026-06-10","Milk - Skim  - Oz.",1,8.32
373,2026-06-12,"2026-06-10","UCity Pickup Time (3.0 @5:30-6) - @5:30-6",1,0
373,2026-06-12,"2026-06-10","Asparagus - Bunch",1,6.5
373,2026-06-12,"2026-06-10","Blackberries - Pint",1,7
373,2026-06-12,"2026-06-10","Cabbage - Green - Head",1,4.5
373,2026-06-12,"2026-06-10","Cucumbers - Slicing - Each",1,2
373,2026-06-12,"2026-06-10","Lettuce Mix - Bag",1,4.5
373,2026-06-12,"2026-06-10","Peas - Sugar Snap - Share",1,4
373,2026-06-12,"2026-06-10","Extra Credit - Each",0.32,1.06
373,2026-06-12,"2026-06-10","UCA/KWA",1,79.79
1111,2026-06-12,"2026-06-10","Mothership Pickup Time (1.0 @3:30-4) - @3:30-4",1,0
1111,2026-06-12,"2026-06-10","Boneless Pork Chop - D&M /lb - Lb.",1,12.32
1111,2026-06-12,"2026-06-10","Chicken Links - Chorizo - Lb.",1,10.5
1111,2026-06-12,"2026-06-10","Eggs - Dozen",1,6.5
1111,2026-06-12,"2026-06-10","Hummus - Carrot & Ginger - Tub",1,6.75
1111,2026-06-12,"2026-06-10","Extra Credit - Each",7.07,1.06
1111,2026-06-12,"2026-06-10","Half",1,84.79
1498,2026-06-12,"2026-06-10","Cucumbers - Pickling - Bag",1,3.5
1498,2026-06-12,"2026-06-10","UCity Pickup Time - @4:30-5",1,0
1498,2026-06-12,"2026-06-10","Blueberries  - Pint",1,7
1498,2026-06-12,"2026-06-10","Hummus Choice ($6.75) - Tub",1,6.75
1498,2026-06-12,"2026-06-10","Marshmallow Pie - Each",1,7.5
1498,2026-06-12,"2026-06-10","Strawberries - Qt - Quart",1,8.25
1498,2026-06-12,"2026-06-10","Extra Credit - Each",9.25,1.06
1498,2026-06-12,"2026-06-10","Mini",1,53.2
526,2026-06-12,"2026-06-10","Ground Turkey - Pack",2,9
526,2026-06-12,"2026-06-10","UCity Pickup Time - @4:30-5",1,0
526,2026-06-12,"2026-06-10","Ground Beef - D&M - Lb.",2,10.5
526,2026-06-12,"2026-06-10","Hoagie - Wednesday - Each",1,3.5
526,2026-06-12,"2026-06-10","Semolina - Wednesday - Loaf",1,7
526,2026-06-12,"2026-06-10","Extra Credit - Each",13,1.06
526,2026-06-12,"2026-06-10","UCA/KWA",1,79.79
42,2026-06-12,"2026-06-10","Chicken - BULK Breasts /lb. - Pack",1,8.25
42,2026-06-12,"2026-06-10","Broccolini - Bag",1,6
42,2026-06-12,"2026-06-10","Carrots w/tops - Bunch",1,5.25
42,2026-06-12,"2026-06-10","Dark Chocolate Lolli - Each",1,1.75
42,2026-06-12,"2026-06-10","Ground Beef - D&M - Lb.",1,10.5
42,2026-06-12,"2026-06-10","Milk Chocolate Lolli - Each",1,1.75
42,2026-06-12,"2026-06-10","Onions - Green - Bunch",1,3.5
42,2026-06-12,"2026-06-10","Staff - include last wk's share - Bag",1,0
42,2026-06-12,"2026-06-10","Tomatoes - Slicing - Bag",1,6.5
42,2026-06-12,"2026-06-10","Extra Credit - Each",7,1.06
42,2026-06-12,"2026-06-10","UCA/KWA",1,79.79
1030,2026-06-12,"2026-06-10","Arugula - Bag",1,4.25
1030,2026-06-12,"2026-06-10","Blueberries  - Pint",1,7
1030,2026-06-12,"2026-06-10","Eggs - Dozen",1,6.5
1030,2026-06-12,"2026-06-10","Light and Mild - Wednesday - Loaf",1,8.25
1030,2026-06-12,"2026-06-10","Strawberries - Qt - Quart",1,8.25
1030,2026-06-12,"2026-06-10","Yogurt - Plain - Oz.",1,7.1
1030,2026-06-12,"2026-06-10","Extra Credit - Each",4.85,1.06
1030,2026-06-12,"2026-06-10","UCA/KWA",1,79.79
1448,2026-06-12,"2026-06-10","Eggs - BW - Dozen",1,6.5
1448,2026-06-12,"2026-06-10","Bacon - Each",1,13.5
1448,2026-06-12,"2026-06-10","Chicken - Thighs /lbs  - lbs",1,9.48
1448,2026-06-12,"2026-06-10","Extra Credit - Each",5.73,1.06
1448,2026-06-12,"2026-06-10","Mini",1,53.2
145,2026-06-12,"2026-06-10","Mothership Pickup Time (1.0 @3:30-4) - @3:30-4",1,0
145,2026-06-12,"2026-06-10","Blueberries  - Pint",1,7
145,2026-06-12,"2026-06-10","Oats - Rolled 5# - Bag",1,12.25
145,2026-06-12,"2026-06-10","Squash - Summer - Each",2,2.25
145,2026-06-12,"2026-06-10","Mini",1,53.2
863,2026-06-12,"2026-06-10","Mothership Pickup Time (6.0 @6-6:30) - @6-6:30",1,0
863,2026-06-12,"2026-06-10","Beans - Green - Bag",1,4.25
863,2026-06-12,"2026-06-10","Cucumbers - Slicing - Each",1,2
863,2026-06-12,"2026-06-10","Marinara Sauce - Jar",1,8.75
863,2026-06-12,"2026-06-10","Pork - Ground  - Lb.",1,7.5
863,2026-06-12,"2026-06-10","Strawberries - Qt - Quart",1,8.25
863,2026-06-12,"2026-06-10","FSA/FSD",1,79.79
190,2026-06-12,"2026-06-10","Ground Turkey - Pack",1,9
190,2026-06-12,"2026-06-10","Jam - Strawberry HBY - Pint",1,7
190,2026-06-12,"2026-06-10","Mothership Pickup Time (4.0 @5-5:30) - @5-5:30",1,0
190,2026-06-12,"2026-06-10","Bagels - Everything - BU - Bag",1,11
190,2026-06-12,"2026-06-10","Buttermilk Waffles Sourdough - Frozen - Pack",1,5
190,2026-06-12,"2026-06-10","Kabob - Lamb - Package",1,21.25
190,2026-06-12,"2026-06-10","Pork - Bratwurst  - Pack",1,8.5
190,2026-06-12,"2026-06-10","Extra Credit - Each",38,1.06
190,2026-06-12,"2026-06-10","Mini",1,53.2
911,2026-06-12,"2026-06-10","Bread Choice ($6.75) - 1-each",1,6.75
911,2026-06-12,"2026-06-10","Cheese Choice $6.75 - Each",1,6.75
911,2026-06-12,"2026-06-10","Pork - Bratwurst  - Pack",1,8.5
911,2026-06-12,"2026-06-10","Wildcard $7 - Each",1,7
911,2026-06-12,"2026-06-10","Half",1,68.89
125,2026-06-12,"2026-06-10","Blackberries - Pint",2,7
125,2026-06-12,"2026-06-10","Cornmeal - Oz.",1,4.75
125,2026-06-12,"2026-06-10","Flour - HRS Sifted Bread  - Bag",1,11.25
125,2026-06-12,"2026-06-10","Granola Bar - Each",2,3.8
125,2026-06-12,"2026-06-10","Maple Syrup 12 oz. - Jar",1,13
125,2026-06-12,"2026-06-10","Mushrooms (1.0 King Oyster (French Horn)) - King Oyster (French Horn)",1,8
125,2026-06-12,"2026-06-10","Rice - Basmati Brown - Lb.",1,7.5
125,2026-06-12,"2026-06-10","Rice - Basmati White - Lb.",1,7.5
125,2026-06-12,"2026-06-10","Extra Credit - Each",37.1,1.06
125,2026-06-12,"2026-06-10","UCA/KWA",1,79.79
235,2026-06-12,"2026-06-10","Beets - Red w/Tops - Bunch",1,5.25
235,2026-06-12,"2026-06-10","Blackberries - Pint",1,7
235,2026-06-12,"2026-06-10","Hummus - Garlic - Tub",1,6.75
235,2026-06-12,"2026-06-10","Semolina - Wednesday - Loaf",1,7
235,2026-06-12,"2026-06-10","Extra Credit - Each",2.25,1.06
235,2026-06-12,"2026-06-10","Mini",1,53.2
1512,2026-06-12,"2026-06-10","Bread Choice ($6.75) - 1-each",1,6.75
1512,2026-06-12,"2026-06-10","Cheese Choice $6.75 - Each",1,6.75
1512,2026-06-12,"2026-06-10","Pork - Bratwurst  - Pack",1,8.5
1512,2026-06-12,"2026-06-10","Wildcard $7 - Each",1,7
1512,2026-06-12,"2026-06-10","Half",1,68.89
520,2026-06-12,"2026-06-10","UCity Pickup Time - @4:30-5",1,0
520,2026-06-12,"2026-06-10","Blackberries - Pint",1,7
520,2026-06-12,"2026-06-10","Harvest Shreds - Naked 2lb. - Pack",1,24.5
520,2026-06-12,"2026-06-10","Lettuce - Salanova - Bag",1,4.25
520,2026-06-12,"2026-06-10","Peas - Shelling  - Oz.",1,4.25
520,2026-06-12,"2026-06-10","Strawberries - Qt - Quart",1,8.25
520,2026-06-12,"2026-06-10","Tomatoes - Slicing - Bag",1,6.5
520,2026-06-12,"2026-06-10","Extra Credit - Each",28.5,1.06
520,2026-06-12,"2026-06-10","Mini",1,53.2
520,2026-06-12,"2026-06-10","Whole MILK",1,8.85
156,2026-06-12,"2026-06-10","Mothership Pickup Time (4.0 @5-5:30) - @5-5:30",1,0
156,2026-06-12,"2026-06-10","Food for Ferals Donation - $",1,1
156,2026-06-12,"2026-06-10","Beans - Green - Bag",1,4.25
156,2026-06-12,"2026-06-10","Eggs - Duck 1/2 Dozen - Each",1,5.25
156,2026-06-12,"2026-06-10","Kohlrabi  - Head",2,1
156,2026-06-12,"2026-06-10","Pork Hot Dogs - Each",1,7.5
156,2026-06-12,"2026-06-10","Tortellini - Goat Cheese - Pack",1,9.15
156,2026-06-12,"2026-06-10","Extra Credit - Each",0.15,1.06
156,2026-06-12,"2026-06-10","Half",1,84.79
709,2026-06-12,"2026-06-10","Chicken - Big Bag Deboned Thighs/lb. - Bag",1,8.25
709,2026-06-12,"2026-06-10","Eggs - BW - Dozen",2,6.5
709,2026-06-12,"2026-06-10","Mothership Pickup Time (1.0 @3:30-4) - @3:30-4",1,0
709,2026-06-12,"2026-06-10","Asparagus - Bunch",1,6.5
709,2026-06-12,"2026-06-10","Beets - Red w/Tops - Bunch",2,5.25
709,2026-06-12,"2026-06-10","Coffee Stringbean Decaf - Bag",1,16
709,2026-06-12,"2026-06-10","Lettuce Mix - Bag",1,4.5
709,2026-06-12,"2026-06-10","Pork - Ground  - Lb.",1,7.5
709,2026-06-12,"2026-06-10","Toffee - Package",2,7.5
709,2026-06-12,"2026-06-10","Extra Credit - Each",38,1.06
709,2026-06-12,"2026-06-10","FSA/FSD",1,79.79
709,2026-06-12,"2026-06-10","Whole MILK",1,8.85
1355,2026-06-12,"2026-06-10","Bread Choice ($6.75) - 1-each",1,6.75
1355,2026-06-12,"2026-06-10","Cheese Choice $6.75 - Each",1,6.75
1355,2026-06-12,"2026-06-10","Pork - Bratwurst  - Pack",1,8.5
1355,2026-06-12,"2026-06-10","Wildcard $7 - Each",1,7
1355,2026-06-12,"2026-06-10","Half",1,84.79
1355,2026-06-12,"2026-06-10","Eggs - Buttonwood",3,6.65
1355,2026-06-12,"2026-06-10","Ground Chicken -o",7,8.84
1355,2026-06-12,"2026-06-10","Whole MILK-o",1,8.85
1272,2026-06-12,"2026-06-10","Cucumbers - Pickling - Bag",1,3.5
1272,2026-06-12,"2026-06-10","Mothership Pickup Time (3.0 @4:30-5) - @4:30-5",1,0
1272,2026-06-12,"2026-06-10","Apple Sauce - w/sugar - qt. - Jar",1,7.75
1272,2026-06-12,"2026-06-10","Blueberries  - Pint",1,7
1272,2026-06-12,"2026-06-10","Broccoli - Share",1,4.25
1272,2026-06-12,"2026-06-10","Eggs - Dozen",1,6.5
1272,2026-06-12,"2026-06-10","Peas - Sugar Snap - Share",1,4
1272,2026-06-12,"2026-06-10","Strawberries - Qt - Quart",1,8.25
1272,2026-06-12,"2026-06-10","Tomatoes - Slicing - Bag",1,6.5
1272,2026-06-12,"2026-06-10","Extra Credit - Each",18.75,1.06
1272,2026-06-12,"2026-06-10","Half",1,84.79
598,2026-06-12,"2026-06-10","Pizza - Deluxe - Each",1,8.5
598,2026-06-12,"2026-06-10","Eggs - Dozen",1,6.5
598,2026-06-12,"2026-06-10","Pasta Bi-color Short - Lb.",1,6.5
598,2026-06-12,"2026-06-10","Squash - Summer - Each",1,2.25
598,2026-06-12,"2026-06-10","Mini",1,53.2
423,2026-06-12,"2026-06-10","Mothership Pickup Time (6.0 @6-6:30) - @6-6:30",1,0
423,2026-06-12,"2026-06-10","Blueberries  - Pint",1,7
423,2026-06-12,"2026-06-10","Onions - Sweet Bunch - Bunch",3,3.75
423,2026-06-12,"2026-06-10","Pork - Ground  - Lb.",1,7.5
423,2026-06-12,"2026-06-10","Potatoes - New - Bag",2,5.75
423,2026-06-12,"2026-06-10","Sea Scallops/LB - Bag",1,63.1
423,2026-06-12,"2026-06-10","Strawberries - Qt - Quart",2,8.25
423,2026-06-12,"2026-06-10","Yogurt - Strawberry - Oz.",1,7.1
423,2026-06-12,"2026-06-10","Extra Credit - Each",93.2,1.06
423,2026-06-12,"2026-06-10","FSA/FSD",1,79.79
1459,2026-06-12,"2026-06-10","Peanut Butter MC - Tub",1,7.75
1459,2026-06-12,"2026-06-10","Mothership Pickup Time - @6:30-7",1,0
1459,2026-06-12,"2026-06-10","Aged Cheddar - HBC - Each",1,6.75
1459,2026-06-12,"2026-06-10","Asparagus - Bunch",1,6.5
1459,2026-06-12,"2026-06-10","Bagels - Blueberry - BU - Bag",1,11
1459,2026-06-12,"2026-06-10","Granola Bar - Each",1,3.8
1459,2026-06-12,"2026-06-10","Lettuce Mix - Bag",1,4.5
1459,2026-06-12,"2026-06-10","Wildcard $7 - Each",1,7
1459,2026-06-12,"2026-06-10","Extra Credit - Each",18.3,1.06
1459,2026-06-12,"2026-06-10","Half",1,84.79
1577,2026-06-12,"2026-06-10","Mothership Pickup Time (5.0 @5:30-6) - @5:30-6",1,0
1577,2026-06-12,"2026-06-10","Blackberries - Pint",1,7
1577,2026-06-12,"2026-06-10","Ground Beef - D&M - Lb.",1,10.5
1577,2026-06-12,"2026-06-10","Oat Porridge Bread - Wednesday - Loaf",1,9
1577,2026-06-12,"2026-06-10","Strawberries - Qt - Quart",1,8.25
1577,2026-06-12,"2026-06-10","Tomatoes - Slicing - Bag",1,6.5
1577,2026-06-12,"2026-06-10","Extra Credit - Each",15,1.06
1577,2026-06-12,"2026-06-10","Mini",1,53.2
1577,2026-06-12,"2026-06-10","Whole MILK",1,8.85
1627,2026-06-12,"2026-06-10","Mothership Pickup Time (5.0 @5:30-6) - @5:30-6",1,0
1627,2026-06-12,"2026-06-10","Eggs - Dozen",1,6.5
1627,2026-06-12,"2026-06-10","Hoagie - Wednesday - Each",1,3.5
1627,2026-06-12,"2026-06-10","Honey - Pint - Jar",1,11.5
1627,2026-06-12,"2026-06-10","Kale - Lacinato/Dinosaur - Bag",2,5
1627,2026-06-12,"2026-06-10","Pork - Ground  - Lb.",1,7.5
1627,2026-06-12,"2026-06-10","Extra Credit - Each",8.25,1.06
1627,2026-06-12,"2026-06-10","FSA/FSD",1,79.79
322,2026-06-12,"2026-06-10","Beans - Green - Bag",1,4.25
322,2026-06-12,"2026-06-10","Eggs - Dozen",1,6.5
322,2026-06-12,"2026-06-10","English Muffin Sourdough - Frozen - Pack",1,5
322,2026-06-12,"2026-06-10","Lettuce - Bibb - Head",1,3.25
322,2026-06-12,"2026-06-10","Pork - Bratwurst  - Pack",1,8.5
322,2026-06-12,"2026-06-10","Purple Straw SRW Sifted Wheat Flour - Bag",1,8.6
322,2026-06-12,"2026-06-10","UCA/KWA",1,79.79
681,2026-06-12,"2026-06-10","Beans - Green - Bag",1,4.25
681,2026-06-12,"2026-06-10","Kairos Sourdough Choice $5 - Pack",1,5
681,2026-06-12,"2026-06-10","Maple Syrup 12 oz. - Jar",1,13
681,2026-06-12,"2026-06-10","Pork - Breakfast Bulk ($8) - Pack",1,8
681,2026-06-12,"2026-06-10","Yogurt - Vanilla - Oz.",1,7.1
681,2026-06-12,"2026-06-10","Extra Credit - Each",0.85,1.06
681,2026-06-12,"2026-06-10","UCA/KWA",1,79.79
1453,2026-06-12,"2026-06-10","Mothership Pickup Time (1.0 @3:30-4) - @3:30-4",1,0
1453,2026-06-12,"2026-06-10","Ground Beef - D&M - Lb.",1,10.5
1453,2026-06-12,"2026-06-10","Hummus Choice ($6.75) - Tub",1,6.75
1453,2026-06-12,"2026-06-10","Tomatoes - Slicing - Bag",1,6.5
1453,2026-06-12,"2026-06-10","Mini",1,53.2
1453,2026-06-12,"2026-06-10","Whole MILK",1,8.85
1048,2026-06-12,"2026-06-10","Cucumbers - Pickling - Bag",1,3.5
1048,2026-06-12,"2026-06-10","UCity Pickup Time (3.0 @5:30-6) - @5:30-6",1,0
1048,2026-06-12,"2026-06-10","Asparagus - Bunch",1,6.5
1048,2026-06-12,"2026-06-10","Pork - Ground  - Lb.",2,7.5
1048,2026-06-12,"2026-06-10","Strawberries - Qt - Quart",1,8.25
1048,2026-06-12,"2026-06-10","UCA/KWA",1,79.79
1255,2026-06-12,"2026-06-10","Mothership Pickup Time (1.0 @3:30-4) - @3:30-4",1,0
1255,2026-06-12,"2026-06-10","Eggs - Dozen",2,6.5
1255,2026-06-12,"2026-06-10","Ground Beef - D&M - Lb.",1,10.5
1255,2026-06-12,"2026-06-10","Hoagie - Wednesday - Each",1,3.5
1255,2026-06-12,"2026-06-10","Peas - Sugar Snap - Share",1,4
1255,2026-06-12,"2026-06-10","Yogurt - Plain - Oz.",1,7.1
1255,2026-06-12,"2026-06-10","Extra Credit - Each",14.35,1.06
1255,2026-06-12,"2026-06-10","Mini",1,53.2
1255,2026-06-12,"2026-06-10","2% MILK",1,8.85
1255,2026-06-12,"2026-06-10","Half & Half",1,5.05
1162,2026-06-12,"2026-06-10","Eggs - Dozen",1,6.5
1162,2026-06-12,"2026-06-10","Ground Beef - D&M - Lb.",1,10.5
1162,2026-06-12,"2026-06-10","Hummus Choice ($6.75) - Tub",1,6.75
1162,2026-06-12,"2026-06-10","Mini",1,53.2
162,2026-06-12,"2026-06-10","UCity Pickup Time (3.0 @5:30-6) - @5:30-6",1,0
162,2026-06-12,"2026-06-10","Pork Steaks/lb. - Pack",1,14.25
162,2026-06-12,"2026-06-10","Bread Choice ($6.75) - 1-each",1,6.75
162,2026-06-12,"2026-06-10","Eggs - Dozen",1,6.5
162,2026-06-12,"2026-06-10","Pork - Bratwurst  - Pack",1,8.5
162,2026-06-12,"2026-06-10","Extra Credit - Each",7,1.06
162,2026-06-12,"2026-06-10","Half",1,84.79
1735,2026-06-12,"2026-06-10","UCity Pickup Time - @4:30-5",1,0
1735,2026-06-12,"2026-06-10","Bagels - Plain - BU - Bag",1,11
1735,2026-06-12,"2026-06-10","Eggs - Dozen",1,6.5
1735,2026-06-12,"2026-06-10","Ground Beef - D&M - Lb.",1,10.5
1735,2026-06-12,"2026-06-10","Rhubarb - Bunch",1,9.5
1735,2026-06-12,"2026-06-10","Strawberries - Qt - Quart",1,8.25
1735,2026-06-12,"2026-06-10","Extra Credit - Each",9.25,1.06
1735,2026-06-12,"2026-06-10","UCA/KWA",1,79.79
1932,2026-06-12,"2026-06-10","Mothership Pickup Time (3.0 @4:30-5) - @4:30-5",1,0
1932,2026-06-12,"2026-06-10","Buttermilk - Qt.  - Quart",1,6.5
1932,2026-06-12,"2026-06-10","Mushrooms (1.0 King Oyster (French Horn)) - King Oyster (French Horn)",1,8
1932,2026-06-12,"2026-06-10","Oat Groats Organic - Bag",1,3.75
1932,2026-06-12,"2026-06-10","Stringbean Ethiopian - Bag",1,16
1932,2026-06-12,"2026-06-10","Extra Credit - Each",3.5,1.06
1932,2026-06-12,"2026-06-10","FSA/FSD",1,79.79
627,2026-06-12,"2026-06-10","UCity Pickup Time - @4:30-5",1,0
627,2026-06-12,"2026-06-10","Eggs - Dozen",1,6.5
627,2026-06-12,"2026-06-10","Ground Beef - D&M - Lb.",1,10.5
627,2026-06-12,"2026-06-10","Hummus - Carrot & Ginger - Tub",1,6.75
627,2026-06-12,"2026-06-10","Mini",1,53.2
1014,2026-06-12,"2026-06-10","UCity Pickup Time (3.0 @5:30-6) - @5:30-6",1,0
1014,2026-06-12,"2026-06-10","Bison - Ground - Lb.",1,27.25
1014,2026-06-12,"2026-06-10","Blueberries  - Pint",1,7
1014,2026-06-12,"2026-06-10","Chicken Thighs - Boneless/lb. - lbs",1,12.08
1014,2026-06-12,"2026-06-10","Rhubarb - Bunch",1,9.5
1014,2026-06-12,"2026-06-10","Salmon - Fillet Whole/LB - Each",1,33.5
1014,2026-06-12,"2026-06-10","Strawberries - Qt - Quart",1,8.25
1014,2026-06-12,"2026-06-10","Extra Credit - Each",73.83,1.06
1014,2026-06-12,"2026-06-10","Mini",1,53.2
1014,2026-06-12,"2026-06-10","Eggs - Buttonwood",1,6.65
1427,2026-06-12,"2026-06-10","Cucumbers - Pickling - Bag",1,3.5
1427,2026-06-12,"2026-06-10","Eggs - BW - Dozen",2,6.5
1427,2026-06-12,"2026-06-10","Beans - Green - Bag",1,4.25
1427,2026-06-12,"2026-06-10","Date Chocolate Syrup - Jar",2,12
1427,2026-06-12,"2026-06-10","Flank Steak/lbs. - lbs",1,21
1427,2026-06-12,"2026-06-10","Peas - Shelling  - Oz.",1,4.25
1427,2026-06-12,"2026-06-10","Pork - Brats Cheddar DM - 4-pack",1,8
1427,2026-06-12,"2026-06-10","Pork Italian Bulk - D&M - Lb.",1,8.5
1427,2026-06-12,"2026-06-10","Sliced Summer Sausage - Bag",1,8.5
1427,2026-06-12,"2026-06-10","Tomatoes - Slicing - Bag",1,6.5
1427,2026-06-12,"2026-06-10","Extra Credit - Each",77.75,1.06
1534,2026-06-12,"2026-06-10","Ground Turkey - Pack",1,9
1534,2026-06-12,"2026-06-10","Dates - Oz.",1,10
1534,2026-06-12,"2026-06-10","Eggs - BW - Dozen",1,6.5
1534,2026-06-12,"2026-06-10","Apple Sauce - w/sugar - qt. - Jar",1,7.75
1534,2026-06-12,"2026-06-10","Blueberries  - Pint",1,7
1534,2026-06-12,"2026-06-10","Chicken Breasts /lb. - Pack",1,11.56
1534,2026-06-12,"2026-06-10","Garlic Scapes - Bag",1,4
1534,2026-06-12,"2026-06-10","German Quark HBC - Jar",1,6.75
1534,2026-06-12,"2026-06-10","Gnocchi - Spinach  - Lb.",1,6.5
1534,2026-06-12,"2026-06-10","Granola Bar - Each",4,3.8
1534,2026-06-12,"2026-06-10","Hoagie - Wednesday - Each",1,3.5
1534,2026-06-12,"2026-06-10","Pasta Bi-color Short - Lb.",1,6.5
1534,2026-06-12,"2026-06-10","Pizza Sourdough - Frozen - Pack",1,5
1534,2026-06-12,"2026-06-10","Rice - Brown - Lb.",1,6.5
1534,2026-06-12,"2026-06-10","Salmon - Fillet Pieces/LB* - Each",2,9.9
1534,2026-06-12,"2026-06-10","Strawberries - Qt - Quart",1,8.25
1534,2026-06-12,"2026-06-10","Tomatoes - Slicing - Bag",1,6.5
1534,2026-06-12,"2026-06-10","Vinaigrette - Greek Style - Bottle",1,6.25
1534,2026-06-12,"2026-06-10","Extra Credit - Each",112.56,1.06
1534,2026-06-12,"2026-06-10","Half",1,84.79
1534,2026-06-12,"2026-06-10","Whole MILK-o",1,8.85
554,2026-06-12,"2026-06-10","Bread Choice ($6.75) - 1-each",1,6.75
554,2026-06-12,"2026-06-10","Cheese Choice $6.75 - Each",1,6.75
554,2026-06-12,"2026-06-10","Pork - Bratwurst  - Pack",1,8.5
554,2026-06-12,"2026-06-10","Wildcard $7 - Each",1,7
554,2026-06-12,"2026-06-10","Half",1,84.79
240,2026-06-12,"2026-06-10","Mothership Pickup Time (1.0 @3:30-4) - @3:30-4",1,0
240,2026-06-12,"2026-06-10","Blackberries - Pint",2,7
240,2026-06-12,"2026-06-10","Marinara Sauce - Jar",1,8.75
240,2026-06-12,"2026-06-10","Milk Chocolate Square - Each",1,1.75
240,2026-06-12,"2026-06-10","Semolina - Wednesday - Loaf",1,7
240,2026-06-12,"2026-06-10","Extra Credit - Each",0.75,1.06
240,2026-06-12,"2026-06-10","FSA/FSD",1,79.79
952,2026-06-12,"2026-06-10","Chicken Thighs - Boneless/lb. - lbs",1,11.03
952,2026-06-12,"2026-06-10","Marinara Sauce - Jar",1,8.75
952,2026-06-12,"2026-06-10","Mushrooms - Choice",1,8
952,2026-06-12,"2026-06-10","Oat Porridge Bread - Wednesday - Loaf",1,9
952,2026-06-12,"2026-06-10","Extra Credit - Each",6.03,1.06
952,2026-06-12,"2026-06-10","FSA/FSD",1,79.79
179,2026-06-12,"2026-06-10","UCity Pickup Time (2.0 @5-5:30) - @5-5:30",1,0
179,2026-06-12,"2026-06-10","Beans - Green - Bag",1,4.25
179,2026-06-12,"2026-06-10","Blackberries - Pint",1,7
179,2026-06-12,"2026-06-10","Eggs - Dozen",1,6.5
179,2026-06-12,"2026-06-10","Hummus - Carrot & Ginger - Tub",1,6.75
179,2026-06-12,"2026-06-10","Janie's Bread - Wednesday - Each",1,7
179,2026-06-12,"2026-06-10","Louise's Original Granola - Bag",1,10
179,2026-06-12,"2026-06-10","Peas - Sugar Snap - Share",1,4
179,2026-06-12,"2026-06-10","Extra Credit - Each",21.75,1.06
179,2026-06-12,"2026-06-10","Mini",1,53.2
1143,2026-06-12,"2026-06-10","Cashews Salted - Oz.",1,21.4
1143,2026-06-12,"2026-06-10","Pizza - Sausage Pepperoni - Each",1,8.5
1143,2026-06-12,"2026-06-10","UCity Pickup Time (2.0 @5-5:30) - @5-5:30",1,0
1143,2026-06-12,"2026-06-10","FF Dish - Masala - Pint",1,15
1143,2026-06-12,"2026-06-10","Extra Credit - Each",8.4,1.06
1143,2026-06-12,"2026-06-10","UCA/KWA",1,79.79
244,2026-06-12,"2026-06-10","UCity Pickup Time (2.0 @5-5:30) - @5-5:30",1,0
244,2026-06-12,"2026-06-10","Beans - Green - Bag",1,4.25
244,2026-06-12,"2026-06-10","Blackberries - Pint",1,7
244,2026-06-12,"2026-06-10","English Muffin Sourdough - Frozen - Pack",1,5
244,2026-06-12,"2026-06-10","Feta Cheese - HBC - Each",1,6.75
244,2026-06-12,"2026-06-10","Garlic Scapes - Bag",1,4
244,2026-06-12,"2026-06-10","Lettuce Mix - Bag",1,4.5
244,2026-06-12,"2026-06-10","Tortellini - Goat Cheese - Pack",1,9.15
244,2026-06-12,"2026-06-10","Extra Credit - Each",4.15,1.06
244,2026-06-12,"2026-06-10","UCA/KWA",1,79.79
1689,2026-06-12,"2026-06-10","Walnuts - Oz.",2,6.75
1689,2026-06-12,"2026-06-10","Bread Flour - Janie's - lbs",1,9
1689,2026-06-12,"2026-06-10","Cucumbers - Pickling - Bag",1,3.5
1689,2026-06-12,"2026-06-10","UCity Pickup Time - @4:30-5",1,0
1689,2026-06-12,"2026-06-10","Blueberries  - Pint",1,7
1689,2026-06-12,"2026-06-10","Broccolini - Bag",1,6
1689,2026-06-12,"2026-06-10","Cabbage - Green - Head",1,4.5
1689,2026-06-12,"2026-06-10","Granola Bar - Each",2,3.8
1689,2026-06-12,"2026-06-10","Hoagie - Wednesday - Each",1,3.5
1689,2026-06-12,"2026-06-10","Onions - Sweet Bunch - Bunch",1,3.75
1689,2026-06-12,"2026-06-10","Potatoes - New - Bag",1,5.75
1689,2026-06-12,"2026-06-10","Radishes - Mini Daikon - Bunch",1,4
1689,2026-06-12,"2026-06-10","Radishes - Red - Lb.",1,3.5
1689,2026-06-12,"2026-06-10","Swiss Chard - Bunch",1,6
1689,2026-06-12,"2026-06-10","Tomatoes - Slicing - Bag",1,6.5
1689,2026-06-12,"2026-06-10","Extra Credit - Each",60.35,1.06
1689,2026-06-12,"2026-06-10","Mini",1,53.2
1407,2026-06-12,"2026-06-10","Milk - 2%  - Oz.",1,8.32
1407,2026-06-12,"2026-06-10","Cucumbers - Pickling - Bag",1,3.5
1407,2026-06-12,"2026-06-10","Eggs - BW - Dozen",1,6.5
1407,2026-06-12,"2026-06-10","Mothership Pickup Time (1.0 @3:30-4) - @3:30-4",1,0
1407,2026-06-12,"2026-06-10","Food for Ferals Donation - $",1,1
1407,2026-06-12,"2026-06-10","Aged Cheddar - HBC - Each",1,6.75
1407,2026-06-12,"2026-06-10","Carrots w/tops - Bunch",1,5.25
1407,2026-06-12,"2026-06-10","Chicken - Ground - Lb.",2,9
1407,2026-06-12,"2026-06-10","Chicken Breasts /lb. - Pack",1,11.56
1407,2026-06-12,"2026-06-10","Chicken Thighs - Boneless/lb. - lbs",1,12.08
1407,2026-06-12,"2026-06-10","Lettuce - Salanova - Bag",1,4.25
1407,2026-06-12,"2026-06-10","Lettuce Mix - Bag",1,4.5
1407,2026-06-12,"2026-06-10","Light and Mild - Wednesday - Loaf",1,8.25
1407,2026-06-12,"2026-06-10","Mushrooms (1.0 Maitake (Hen of the Woods)) - Maitake (Hen of the Woods)",1,8
1407,2026-06-12,"2026-06-10","Mushrooms (1.0 Shiitake) - Shiitake",1,8
1407,2026-06-12,"2026-06-10","Radishes - Purple Heart - Bunch",1,5.25
1407,2026-06-12,"2026-06-10","Extra Credit - Each",111.21,1.06
1506,2026-06-12,"2026-06-10","Almond Butter - Pint",1,11.25
1506,2026-06-12,"2026-06-10","Peanut Butter EW - Pint",1,7.75
1506,2026-06-12,"2026-06-10","UCity Pickup Time - @4:30-5",1,0
1506,2026-06-12,"2026-06-10","Aged Cheddar - HBC - Each",1,6.75
1506,2026-06-12,"2026-06-10","Dark Chocolate Salted Bark - Pack",1,7.5
1506,2026-06-12,"2026-06-10","Eggs - Dozen",1,6.5
1506,2026-06-12,"2026-06-10","Ground Beef - D&M - Lb.",3,10.5
1506,2026-06-12,"2026-06-10","Milk Choc. Peanut Butter Bark - Pack",1,7.5
1506,2026-06-12,"2026-06-10","Toffee - Package",1,7.5
1506,2026-06-12,"2026-06-10","Extra Credit - Each",49.75,1.06
1506,2026-06-12,"2026-06-10","UCA/KWA",1,79.79
883,2026-06-12,"2026-06-10","Mothership Pickup Time (6.0 @6-6:30) - @6-6:30",1,0
883,2026-06-12,"2026-06-10","Escarole - Head",1,2.25
883,2026-06-12,"2026-06-10","Ground Beef - D&M - Lb.",1,10.5
883,2026-06-12,"2026-06-10","Hummus Choice ($6.75) - Tub",1,6.75
883,2026-06-12,"2026-06-10","Onions - Green - Bunch",1,3.5
883,2026-06-12,"2026-06-10","Sesame Hoagie -W - Each",1,3.8
883,2026-06-12,"2026-06-10","Extra Credit - Each",3.05,1.06
883,2026-06-12,"2026-06-10","Mini",1,53.2
976,2026-06-12,"2026-06-10","Beans - Green - Bag",1,4.25
976,2026-06-12,"2026-06-10","Eggs - Dozen",1,6.5
976,2026-06-12,"2026-06-10","Maple Syrup 12 oz. - Jar",1,13
976,2026-06-12,"2026-06-10","Vinaigrette - Greek Style - Bottle",1,6.25
976,2026-06-12,"2026-06-10","Extra Credit - Each",1,1.06
976,2026-06-12,"2026-06-10","Half",1,84.79
1045,2026-06-12,"2026-06-11","Mothership Pickup Time (2.0 @4-4:30) - @4-4:30",1,0
1045,2026-06-12,"2026-06-11","Food for Ferals Donation - $",1,1
1045,2026-06-12,"2026-06-11","Bagels - Pumpernickel - BU - Bag",1,11
1045,2026-06-12,"2026-06-11","Broccoli (1.0 Head) - Head",1,4.25
1045,2026-06-12,"2026-06-11","Carrots w/tops - Bunch",1,5.25
1045,2026-06-12,"2026-06-11","Marbled Rye - Thursday - Each",1,8.75
1045,2026-06-12,"2026-06-11","Squash - Zucchini - Each",1,2.5
1045,2026-06-12,"2026-06-11","Strawberries - Qt - Quart",1,8.25
1045,2026-06-12,"2026-06-11","Extra Credit - Each",12,1.06
1045,2026-06-12,"2026-06-11","Half",1,84.79
1871,2026-06-12,"2026-06-11","Mothership Pickup Time (3.0 @4:30-5) - @4:30-5",1,0
1871,2026-06-12,"2026-06-11","Chicken Thighs - Boneless/lb. - lbs",1,10.15
1871,2026-06-12,"2026-06-11","Curds Garlic Herb HBC 10 oz  - Bag",1,6.75
1871,2026-06-12,"2026-06-11","Pork - Bratwurst  - Pack",1,8.5
1871,2026-06-12,"2026-06-11","Wildcard $7 - Each",1,7
1871,2026-06-12,"2026-06-11","Extra Credit - Each",3.4,1.06
1871,2026-06-12,"2026-06-11","Half",1,84.79
1217,2026-06-12,"2026-06-11","Kirkwood Pickup Time - @1-1:30",1,0
1217,2026-06-12,"2026-06-11","Pork Steaks/lb. - Pack",1,21.1
1217,2026-06-12,"2026-06-11","Beets - Red w/Tops - Bunch",2,5.25
1217,2026-06-12,"2026-06-11","Eggs - Dozen",1,6.5
1217,2026-06-12,"2026-06-11","Hummus - Garlic - Tub",1,6.75
1217,2026-06-12,"2026-06-11","Onions - Green - Bunch",1,3.5
1217,2026-06-12,"2026-06-11","Extra Credit - Each",24.6,1.06
1217,2026-06-12,"2026-06-11","Mini",1,53.2
1891,2026-06-12,"2026-06-11","Kirkwood Pickup Time - @1-1:30",1,0
1891,2026-06-12,"2026-06-11","Eggs - Dozen",1,6.5
1891,2026-06-12,"2026-06-11","Mushrooms (1.0 Lion's Mane) - Lion's Mane",1,8
1891,2026-06-12,"2026-06-11","Oat Porridge Bread - T - Each",1,9
1891,2026-06-12,"2026-06-11","Strawberries - Qt - Quart",1,8.25
1891,2026-06-12,"2026-06-11","Tomatoes - Slicing - Bag",1,6.5
1891,2026-06-12,"2026-06-11","Extra Credit - Each",1.75,1.06
1891,2026-06-12,"2026-06-11","UCA/KWA",1,79.79
1196,2026-06-12,"2026-06-11","Kirkwood Pickup Time - @1-1:30",1,0
1196,2026-06-12,"2026-06-11","Blackberries - Pint",1,7
1196,2026-06-12,"2026-06-11","Blueberries  - Pint",1,7
1196,2026-06-12,"2026-06-11","Carrots w/tops - Bunch",1,5.25
1196,2026-06-12,"2026-06-11","Cucumbers - Slicing - Each",1,2
1196,2026-06-12,"2026-06-11","Eggs - Dozen",1,6.5
1196,2026-06-12,"2026-06-11","Onions - Sweet Bunch - Bunch",1,3.75
1196,2026-06-12,"2026-06-11","Potatoes - New - Bag",1,5.75
1196,2026-06-12,"2026-06-11","Strawberries - Qt - Quart",1,8.25
1196,2026-06-12,"2026-06-11","Tomatoes - Slicing - Bag",1,6.5
1196,2026-06-12,"2026-06-11","Extra Credit - Each",28.25,1.06
1196,2026-06-12,"2026-06-11","Mini",1,53.2
192,2026-06-12,"2026-06-11","Kirkwood Pickup Time - @1-1:30",1,0
192,2026-06-12,"2026-06-11","Hamburger Buns - 4-pack",1,2.55
192,2026-06-12,"2026-06-11","Blackberries - Pint",1,7
192,2026-06-12,"2026-06-11","Blueberries  - Pint",1,7
192,2026-06-12,"2026-06-11","Eggs - Dozen",1,6.5
192,2026-06-12,"2026-06-11","Tomatoes - Slicing - Bag",1,6.5
192,2026-06-12,"2026-06-11","Extra Credit - Each",0.8,1.06
192,2026-06-12,"2026-06-11","Mini",1,53.2
192,2026-06-12,"2026-06-11","2% MILK",2,8.85
1977,2026-06-12,"2026-06-11","Mothership Pickup Time (1.0 @3:30-4) - @3:30-4",1,0
1977,2026-06-12,"2026-06-11","Eggs - Dozen",1,6.5
1977,2026-06-12,"2026-06-11","Pork - Chorizo (bulk) - Lb.",1,14
1977,2026-06-12,"2026-06-11","Rice - White - Lb.",1,6.5
1977,2026-06-12,"2026-06-11","Strawberries - Qt - Quart",1,8.25
1977,2026-06-12,"2026-06-11","Extra Credit - Each",6.25,1.06
1977,2026-06-12,"2026-06-11","Half",1,84.79
208,2026-06-12,"2026-06-11","Milk - Whole - Oz.",1,8.32
208,2026-06-12,"2026-06-11","Mothership Pickup Time (5.0 @5:30-6) - @5:30-6",1,0
208,2026-06-12,"2026-06-11","Blueberries  - Pint",1,7
208,2026-06-12,"2026-06-11","Bread Choice ($6.75) - 1-each",1,6.75
208,2026-06-12,"2026-06-11","Cheese Choice $6.75 - Each",1,6.75
208,2026-06-12,"2026-06-11","Hummus - Carrot & Ginger - Tub",1,6.75
208,2026-06-12,"2026-06-11","Hummus - Garlic - Tub",1,6.75
208,2026-06-12,"2026-06-11","Lettuce Mix - Bag",1,4.5
208,2026-06-12,"2026-06-11","Manicotti - Spinach - Package",1,10.15
208,2026-06-12,"2026-06-11","Peas - Sugar Snap - Share",1,4
208,2026-06-12,"2026-06-11","Extra Credit - Each",31.97,1.06
208,2026-06-12,"2026-06-11","Half",1,84.79
1075,2026-06-12,"2026-06-11","Ground Turkey - Pack",2,9
1075,2026-06-12,"2026-06-11","Eggs - BW - Dozen",1,6.5
1075,2026-06-12,"2026-06-11","Kirkwood Pickup Time - @1-1:30",1,0
1075,2026-06-12,"2026-06-11","Pork - Bratwurst  - Pack",1,8.5
1075,2026-06-12,"2026-06-11","Extra Credit - Each",1.5,1.06
1075,2026-06-12,"2026-06-11","Half",1,68.89
1075,2026-06-12,"2026-06-11","2% MILK-o",1,8.85
1489,2026-06-12,"2026-06-11","Eggs - BW - Dozen",1,6.5
1489,2026-06-12,"2026-06-11","Kirkwood Pickup Time - @1-1:30",1,0
1489,2026-06-12,"2026-06-11","Arugula - Bag",1,4.25
1489,2026-06-12,"2026-06-11","Asparagus - Bunch",1,6.5
1489,2026-06-12,"2026-06-11","Hoagie - T - Each",1,3.5
1489,2026-06-12,"2026-06-11","Lettuce - Romaine Head - Head",1,5
1489,2026-06-12,"2026-06-11","Seedy Wheaty - Frozen - Loaf",1,3.75
1489,2026-06-12,"2026-06-11","Extra Credit - Each",0.5,1.06
1489,2026-06-12,"2026-06-11","Half",1,68.89
1386,2026-06-12,"2026-06-11","Kirkwood Pickup Time - @1-1:30",1,0
1386,2026-06-12,"2026-06-11","Asparagus - Bunch",1,6.5
1386,2026-06-12,"2026-06-11","Broccolini - Bag",1,6
1386,2026-06-12,"2026-06-11","Chicken - Whole $5.00/lb. - Each",1,20.8
1386,2026-06-12,"2026-06-11","Eggs - Dozen",1,6.5
1386,2026-06-12,"2026-06-11","Maple Syrup 12 oz. - Jar",1,13
1386,2026-06-12,"2026-06-11","Extra Credit - Each",16.3,1.06
1386,2026-06-12,"2026-06-11","UCA/KWA",1,79.79
1488,2026-06-12,"2026-06-11","Blackberries - Pint",1,7
1488,2026-06-12,"2026-06-11","Eggs - Dozen",1,6.5
1488,2026-06-12,"2026-06-11","Maple Syrup 12 oz. - Jar",1,13
1488,2026-06-12,"2026-06-11","Milk Chocolate Lolli - Each",1,1.75
1488,2026-06-12,"2026-06-11","Pork - Breakfast Bulk ($8) - Pack",1,8
1488,2026-06-12,"2026-06-11","UCA/KWA",1,79.79
1488,2026-06-12,"2026-06-11","2% MILK",1,8.85
566,2026-06-12,"2026-06-11","Bread Choice ($6.75) - 1-each",1,6.75
566,2026-06-12,"2026-06-11","Cheese Choice $6.75 - Each",1,6.75
566,2026-06-12,"2026-06-11","Pork - Bratwurst  - Pack",1,8.5
566,2026-06-12,"2026-06-11","Wildcard $7 - Each",1,7
566,2026-06-12,"2026-06-11","Half",1,84.79
287,2026-06-12,"2026-06-11","Mothership Pickup Time (1.0 @3:30-4) - @3:30-4",1,0
287,2026-06-12,"2026-06-11","$ for green bags donation - $",1,1
287,2026-06-12,"2026-06-11","Janie's Bread - Thursday - Each",1,7
287,2026-06-12,"2026-06-11","Mushrooms - Choice",1,8
287,2026-06-12,"2026-06-11","Strawberries - Qt - Quart",1,8.25
287,2026-06-12,"2026-06-11","Wildcard $6.5 - Each",1,6.5
287,2026-06-12,"2026-06-11","FSA/FSD",1,79.79
1970,2026-06-12,"2026-06-11","Kirkwood Pickup Time - @1-1:30",1,0
1970,2026-06-12,"2026-06-11","Hamburger Buns - 4-pack",1,2.55
1970,2026-06-12,"2026-06-11","Eggs - Dozen",1,6.5
1970,2026-06-12,"2026-06-11","Ground Beef - D&M - Lb.",1,10.5
1970,2026-06-12,"2026-06-11","Hummus - Garlic - Tub",1,6.75
1970,2026-06-12,"2026-06-11","Extra Credit - Each",2.55,1.06
1970,2026-06-12,"2026-06-11","Mini",1,53.2
1671,2026-06-12,"2026-06-11","Walnuts - Oz.",1,6.75
1671,2026-06-12,"2026-06-11","Mothership Pickup Time (5.0 @5:30-6) - @5:30-6",1,0
1671,2026-06-12,"2026-06-11","Blackberries - Pint",1,7
1671,2026-06-12,"2026-06-11","Eggs - Dozen",1,6.5
1671,2026-06-12,"2026-06-11","Yogurt - Plain - Oz.",1,7.1
1671,2026-06-12,"2026-06-11","Extra Credit - Each",3.6,1.06
1671,2026-06-12,"2026-06-11","Mini",1,53.2
467,2026-06-12,"2026-06-11","Eggs - BW - Dozen",2,6.5
467,2026-06-12,"2026-06-11","Kirkwood Pickup Time - @1-1:30",1,0
467,2026-06-12,"2026-06-11","Beans - Green - Bag",1,4.25
467,2026-06-12,"2026-06-11","Broccoli - Share",1,4.25
467,2026-06-12,"2026-06-11","Curry Sauce (1.0 Green) - Green",1,11.5
467,2026-06-12,"2026-06-11","Ghost Pepper Cheddar - Each",2,6.75
467,2026-06-12,"2026-06-11","Extra Credit - Each",22.75,1.06
467,2026-06-12,"2026-06-11","Mini",1,53.2
615,2026-06-12,"2026-06-11","Peanut Butter EW - Pint",1,7.75
615,2026-06-12,"2026-06-11","Bagels - Sesame Seed - BU - Bag",1,11
615,2026-06-12,"2026-06-11","Black Beans DC - Tub",1,6.5
615,2026-06-12,"2026-06-11","Buttermilk Waffles Sourdough - Frozen - Pack",1,5
615,2026-06-12,"2026-06-11","English Muffin Sourdough - Frozen - Pack",1,5
615,2026-06-12,"2026-06-11","Granola Bar - Each",1,3.8
615,2026-06-12,"2026-06-11","Hummus - Beet & Pepita - Tub",1,6.75
615,2026-06-12,"2026-06-11","Hummus - Garlic - Tub",1,6.75
615,2026-06-12,"2026-06-11","Maple Syrup 12 oz. - Jar",1,13
615,2026-06-12,"2026-06-11","Meatballs D&M - Package",1,15
615,2026-06-12,"2026-06-11","Olive Oil Large - Bottle",1,18.5
615,2026-06-12,"2026-06-11","Extra Credit - Each",99.05,1.06
31,2026-06-12,"2026-06-11","Eggs - BW - Dozen",1,6.5
31,2026-06-12,"2026-06-11","Mothership Pickup Time (5.0 @5:30-6) - @5:30-6",1,0
31,2026-06-12,"2026-06-11","$ for green bags donation - $",1,1
31,2026-06-12,"2026-06-11","Aged Cheddar - HBC - Each",1,6.75
31,2026-06-12,"2026-06-11","Blueberries  - Pint",1,7
31,2026-06-12,"2026-06-11","Broccoli (1.0 Head) - Head",1,4.25
31,2026-06-12,"2026-06-11","Lettuce - Salanova - Bag",1,4.25
31,2026-06-12,"2026-06-11","Salmon - Fillet Pieces/LB* - Each",1,8.28
31,2026-06-12,"2026-06-11","Shoots - Specialty Mix - Bag",1,4.5
31,2026-06-12,"2026-06-11","Strawberries - Qt - Quart",1,8.25
31,2026-06-12,"2026-06-11","Tomatoes - Slicing - Bag",1,6.5
31,2026-06-12,"2026-06-11","Wildcard $7 - Each",1,7
31,2026-06-12,"2026-06-11","Extra Credit - Each",32.78,1.06
31,2026-06-12,"2026-06-11","Half",1,64.79
31,2026-06-12,"2026-06-11","2% MILK",2,8.85
1102,2026-06-12,"2026-06-11","Mothership Pickup Time (3.0 @4:30-5) - @4:30-5",1,0
1102,2026-06-12,"2026-06-11","Bagels - Honey Buckwheat - BU - Bag",1,11
1102,2026-06-12,"2026-06-11","Black Pepper Cheddar - Each",1,6.75
1102,2026-06-12,"2026-06-11","Blackberries - Pint",2,7
1102,2026-06-12,"2026-06-11","Lettuce - Romaine Head - Head",1,5
1102,2026-06-12,"2026-06-11","Onions - Sweet Bunch - Bunch",1,3.75
1102,2026-06-12,"2026-06-11","Potatoes - New - Bag",1,5.75
1102,2026-06-12,"2026-06-11","Extra Credit - Each",17.25,1.06
1102,2026-06-12,"2026-06-11","Half",1,84.79
1857,2026-06-12,"2026-06-11","Mothership Pickup Time (4.0 @5-5:30) - @5-5:30",1,0
1857,2026-06-12,"2026-06-11","Beans - Green - Bag",1,4.25
1857,2026-06-12,"2026-06-11","Blueberries  - Pint",1,7
1857,2026-06-12,"2026-06-11","Eggs - Dozen",1,6.5
1857,2026-06-12,"2026-06-11","Eggs - H - Dozen",1,6.5
1857,2026-06-12,"2026-06-11","Peas - Sugar Snap - Share",1,4
1857,2026-06-12,"2026-06-11","Sesame Hoagie - T - Each",1,3.8
1857,2026-06-12,"2026-06-11","Shoots - Sunflower - Bag",1,4.5
1857,2026-06-12,"2026-06-11","Strawberries - Qt - Quart",1,8.25
1857,2026-06-12,"2026-06-11","Extra Credit - Each",14.05,1.06
1857,2026-06-12,"2026-06-11","FSA/FSD",1,79.79
1131,2026-06-12,"2026-06-11","Mothership Pickup Time (4.0 @5-5:30) - @5-5:30",1,0
1131,2026-06-12,"2026-06-11","Apple Sauce - Chunky - NS - Quart",1,7.75
1131,2026-06-12,"2026-06-11","Bagels - Sesame Seed - BU - Bag",1,11
1131,2026-06-12,"2026-06-11","Eggs - Dozen",1,6.5
1131,2026-06-12,"2026-06-11","Yogurt - Strawberry - Oz.",1,7.1
1131,2026-06-12,"2026-06-11","Extra Credit - Each",3.35,1.06
1131,2026-06-12,"2026-06-11","Half",1,84.79
1622,2026-06-12,"2026-06-11","Mothership Pickup Time (3.0 @4:30-5) - @4:30-5",1,0
1622,2026-06-12,"2026-06-11","Eggs - Dozen",1,6.5
1622,2026-06-12,"2026-06-11","FF Dish - Risotto - Tub",1,14
1622,2026-06-12,"2026-06-11","Hummus - Beet & Pepita - Tub",1,6.75
1622,2026-06-12,"2026-06-11","Soy Sauce - Mushroom - Bottle",1,7.5
1622,2026-06-12,"2026-06-11","Extra Credit - Each",11,1.06
1622,2026-06-12,"2026-06-11","Mini",1,53.2
199,2026-06-12,"2026-06-11","Kirkwood Pickup Time (2.0 @1:30-2) - @1:30-2",1,0
199,2026-06-12,"2026-06-11","Asparagus - Bunch",1,6.5
199,2026-06-12,"2026-06-11","Beans - Green - Bag",1,4.25
199,2026-06-12,"2026-06-11","Mushrooms (1.0 Shiitake) - Shiitake",1,8
199,2026-06-12,"2026-06-11","Peas - Sugar Snap - Share",1,4
199,2026-06-12,"2026-06-11","Strawberries - Qt - Quart",1,8.25
199,2026-06-12,"2026-06-11","Extra Credit - Each",0.25,1.06
199,2026-06-12,"2026-06-11","FSA/FSD",1,79.79
670,2026-06-12,"2026-06-11","Mothership Pickup Time (1.0 @3:30-4) - @3:30-4",1,0
670,2026-06-12,"2026-06-11","Blackberries - Pint",1,7
670,2026-06-12,"2026-06-11","Blueberries  - Pint",1,7
670,2026-06-12,"2026-06-11","Popped Corn - Organic - Bag",1,3
670,2026-06-12,"2026-06-11","Strawberries - Qt - Quart",1,8.25
670,2026-06-12,"2026-06-11","Yogurt - Plain - Oz.",1,7.1
670,2026-06-12,"2026-06-11","Extra Credit - Each",8.6,1.06
670,2026-06-12,"2026-06-11","Mini",1,53.2
670,2026-06-12,"2026-06-11","(BYO) FSG - Orders Only",1,0
1047,2026-06-12,"2026-06-11","Mothership Pickup Time (2.0 @4-4:30) - @4-4:30",1,0
1047,2026-06-12,"2026-06-11","Bagels - Everything - Frozen - Bag",1,6.75
1047,2026-06-12,"2026-06-11","Cheese Choice $6.75 - Each",1,6.75
1047,2026-06-12,"2026-06-11","Hummus - Garlic - Tub",1,6.75
1047,2026-06-12,"2026-06-11","Light and Mild - T - Loaf",1,8.25
1047,2026-06-12,"2026-06-11","Semolina - T - Loaf",1,7
1047,2026-06-12,"2026-06-11","Wildcard $7 - Each",1,7
1047,2026-06-12,"2026-06-11","Extra Credit - Each",13.5,1.06
1047,2026-06-12,"2026-06-11","Half",1,84.79
11,2026-06-12,"2026-06-11","Brisket - half/lb. - lbs",1,55.44
11,2026-06-12,"2026-06-11","Extra Credit - Each",24.69,1.06
11,2026-06-12,"2026-06-11","FSA/FSD",1,79.79
471,2026-06-12,"2026-06-11","Salsa - Black Bean & Corn - Pint",1,5
471,2026-06-12,"2026-06-11","Granola Bar - Each",1,3.8
471,2026-06-12,"2026-06-11","Mushrooms - Choice",1,8
471,2026-06-12,"2026-06-11","Pork - Ground  - Lb.",1,7.5
471,2026-06-12,"2026-06-11","Wildcard $6.5 - Each",1,6.5
471,2026-06-12,"2026-06-11","Extra Credit - Each",0.5,1.06
471,2026-06-12,"2026-06-11","FSA/FSD",1,79.79
1593,2026-06-12,"2026-06-11","Mothership Pickup Time (4.0 @5-5:30) - @5-5:30",1,0
1593,2026-06-12,"2026-06-11","$ for green bags donation - $",1,1
1593,2026-06-12,"2026-06-11","Cooler Donation - $",1,1
1593,2026-06-12,"2026-06-11","Blueberries  - Pint",1,7
1593,2026-06-12,"2026-06-11","Eggs - Dozen",1,6.5
1593,2026-06-12,"2026-06-11","Strawberries - Qt - Quart",1,8.25
1593,2026-06-12,"2026-06-11","Mini",1,53.2
1839,2026-06-12,"2026-06-11","No Produce - Order Only (odd wk)",1,0
1487,2026-06-12,"2026-06-11","Cashew Butter - Raw - Pint",1,11.75
1487,2026-06-12,"2026-06-11","Kirkwood Pickup Time - @1-1:30",1,0
1487,2026-06-12,"2026-06-11","Buttermilk Waffles Sourdough - Frozen - Pack",1,5
1487,2026-06-12,"2026-06-11","Pizza Sourdough - Frozen - Pack",1,5
1487,2026-06-12,"2026-06-11","Pork - Bratwurst  - Pack",1,8.5
1487,2026-06-12,"2026-06-11","Half",1,68.89
1487,2026-06-12,"2026-06-11","2% MILK-o",1,8.85
514,2026-06-12,"2026-06-11","Beans - Green - Bag",1,4.25
514,2026-06-12,"2026-06-11","Eggs - Dozen",1,6.5
514,2026-06-12,"2026-06-11","Lettuce - Romaine Head - Head",1,5
514,2026-06-12,"2026-06-11","Semolina - T - Loaf",1,7
514,2026-06-12,"2026-06-11","Strawberries - Qt - Quart",1,8.25
514,2026-06-12,"2026-06-11","Extra Credit - Each",7.25,1.06
514,2026-06-12,"2026-06-11","Mini",1,53.2
824,2026-06-12,"2026-06-11","Eggs - Dozen",1,6.5
824,2026-06-12,"2026-06-11","English Muffin Sourdough - Frozen - Pack",1,5
824,2026-06-12,"2026-06-11","Ground Beef - D&M - Lb.",1,10.5
824,2026-06-12,"2026-06-11","Mini",1,53.2
100,2026-06-12,"2026-06-11","Mothership Pickup Time (3.0 @4:30-5) - @4:30-5",1,0
100,2026-06-12,"2026-06-11","Bacon - Each",1,13.5
100,2026-06-12,"2026-06-11","Boneless Pork Chop - D&M /lb - Lb.",1,11.88
100,2026-06-12,"2026-06-11","Broccoli (1.0 Head) - Head",1,4.25
100,2026-06-12,"2026-06-11","Eggs - Dozen",1,6.5
100,2026-06-12,"2026-06-11","Ground Beef - D&M - Lb.",1,10.5
100,2026-06-12,"2026-06-11","Extra Credit - Each",22.88,1.06
100,2026-06-12,"2026-06-11","Mini",1,53.2
761,2026-06-12,"2026-06-11","Mothership Pickup Time (1.0 @3:30-4) - @3:30-4",1,0
761,2026-06-12,"2026-06-11","Beets - Pickled - Quart",1,8.5
761,2026-06-12,"2026-06-11","Janie's Bread - Thursday - Each",1,7
761,2026-06-12,"2026-06-11","Marinara Sauce - Jar",1,8.75
761,2026-06-12,"2026-06-11","Pasta Bi-color Short - Lb.",1,6.5
761,2026-06-12,"2026-06-11","FSA/FSD",1,79.79
1476,2026-06-12,"2026-06-11","Eggs - BW - Dozen",1,6.5
1476,2026-06-12,"2026-06-11","Kirkwood Pickup Time - @1-1:30",1,0
1476,2026-06-12,"2026-06-11","Blueberries  - Pint",1,7
1476,2026-06-12,"2026-06-11","Cucumbers - Slicing - Each",2,2
1476,2026-06-12,"2026-06-11","Tomatoes - Slicing - Bag",1,6.5
1476,2026-06-12,"2026-06-11","Turnips - Japanese/White - Lb.",1,4.25
1476,2026-06-12,"2026-06-11","Extra Credit - Each",4.5,1.06
1476,2026-06-12,"2026-06-11","Mini",1,53.2
82,2026-06-12,"2026-06-11","Kirkwood Pickup Time (2.0 @1:30-2) - @1:30-2",1,0
82,2026-06-12,"2026-06-11","Bacon - Each",1,13.5
82,2026-06-12,"2026-06-11","Blackberries - Pint",1,7
82,2026-06-12,"2026-06-11","Pork Breakfast Patties D&M - Pack",1,8.5
82,2026-06-12,"2026-06-11","Sliced Summer Sausage - Bag",1,8.5
82,2026-06-12,"2026-06-11","Strawberries - Qt - Quart",1,8.25
82,2026-06-12,"2026-06-11","Extra Credit - Each",16.75,1.06
82,2026-06-12,"2026-06-11","Half",1,84.79
502,2026-06-12,"2026-06-11","Cucumbers - Pickling - Bag",1,3.5
502,2026-06-12,"2026-06-11","Mothership Pickup Time (4.0 @5-5:30) - @5-5:30",1,0
502,2026-06-12,"2026-06-11","Broccoli (1.0 Head) - Head",1,4.25
502,2026-06-12,"2026-06-11","Ground Beef - D&M - Lb.",1,10.5
502,2026-06-12,"2026-06-11","Kohlrabi  - Head",1,1
502,2026-06-12,"2026-06-11","Plant - Peppermint - Pot",1,4.5
502,2026-06-12,"2026-06-11","Pork - Ground  - Lb.",1,7.5
502,2026-06-12,"2026-06-11","Extra Credit - Each",0.5,1.06
502,2026-06-12,"2026-06-11","FSA/FSD",1,79.79
433,2026-06-12,"2026-06-11","Marinara Sauce - Jar",1,8.75
433,2026-06-12,"2026-06-11","Mushrooms - Choice",1,8
433,2026-06-12,"2026-06-11","Pork - Ground  - Lb.",1,7.5
433,2026-06-12,"2026-06-11","Wildcard $6.5 - Each",1,6.5
433,2026-06-12,"2026-06-11","FSA/FSD",1,79.79
549,2026-06-12,"2026-06-11","Mothership Pickup Time - @6:30-7",1,0
549,2026-06-12,"2026-06-11","Marinara Sauce - Jar",1,8.75
549,2026-06-12,"2026-06-11","Meatballs D&M - Package",1,15
549,2026-06-12,"2026-06-11","Pizza Sauce - Jar",1,6.75
549,2026-06-12,"2026-06-11","FSA/FSD",1,79.79
401,2026-06-12,"2026-06-11","Mothership Pickup Time (1.0 @3:30-4) - @3:30-4",1,0
401,2026-06-12,"2026-06-11","Asparagus - Bunch",1,6.5
401,2026-06-12,"2026-06-11","Blackberries - Pint",1,7
401,2026-06-12,"2026-06-11","Blueberries  - Pint",2,7
401,2026-06-12,"2026-06-11","Cucumbers - Slicing - Each",1,2
401,2026-06-12,"2026-06-11","Eggs - Dozen",1,6.5
401,2026-06-12,"2026-06-11","Garlic Scapes - Bag",1,4
401,2026-06-12,"2026-06-11","Strawberries - Qt - Quart",2,8.25
401,2026-06-12,"2026-06-11","Tomatoes - Slicing - Bag",1,6.5
401,2026-06-12,"2026-06-11","Extra Credit - Each",39.25,1.06
401,2026-06-12,"2026-06-11","Mini",1,53.2
1268,2026-06-12,"2026-06-11","Half & Half - Pint",1,4.75
1268,2026-06-12,"2026-06-11","Mothership Pickup Time (1.0 @3:30-4) - @3:30-4",1,0
1268,2026-06-12,"2026-06-11","Asparagus - Bunch",1,6.5
1268,2026-06-12,"2026-06-11","Blueberries  - Pint",1,7
1268,2026-06-12,"2026-06-11","Bok Choy - Bag",1,5
1268,2026-06-12,"2026-06-11","Peas - Sugar Snap - Share",1,4
1268,2026-06-12,"2026-06-11","Strawberries - Qt - Quart",1,8.25
1268,2026-06-12,"2026-06-11","Tomatoes - Slicing - Bag",1,6.5
1268,2026-06-12,"2026-06-11","Extra Credit - Each",13,1.06
1268,2026-06-12,"2026-06-11","Half",1,84.79
452,2026-06-12,"2026-06-11","Blackberries - Pint",1,7
452,2026-06-12,"2026-06-11","Eggs - Dozen",1,6.5
452,2026-06-12,"2026-06-11","Ground Beef - D&M - Lb.",1,10.5
452,2026-06-12,"2026-06-11","Kale - Green Curly - Bag",1,5
452,2026-06-12,"2026-06-11","Peas - Sugar Snap - Share",1,4
452,2026-06-12,"2026-06-11","Strawberries - Qt - Quart",1,8.25
452,2026-06-12,"2026-06-11","Extra Credit - Each",17.5,1.06
452,2026-06-12,"2026-06-11","Mini",1,53.2
493,2026-06-12,"2026-06-11","No Produce - Order Only (odd wk)",1,0
807,2026-06-12,"2026-06-11","Bacon - Each",1,13.5
807,2026-06-12,"2026-06-11","Bagels - Everything - Frozen - Bag",1,6.75
807,2026-06-12,"2026-06-11","Manicotti - Spinach - Package",1,10.15
807,2026-06-12,"2026-06-11","Maple Syrup 12 oz. - Jar",1,13
807,2026-06-12,"2026-06-11","Pork - Breakfast Bulk ($8) - Pack",1,8
807,2026-06-12,"2026-06-11","Yogurt - Plain - Oz.",1,7.1
807,2026-06-12,"2026-06-11","Extra Credit - Each",14.5,1.06
807,2026-06-12,"2026-06-11","UCA/KWA",1,79.79
807,2026-06-12,"2026-06-11","2% MILK",1,8.85
245,2026-06-12,"2026-06-11","Ground Turkey - Pack",2,9
245,2026-06-12,"2026-06-11","Eggs - BW - Dozen",1,6.5
245,2026-06-12,"2026-06-11","Light and Mild - T - Loaf",1,8.25
245,2026-06-12,"2026-06-11","Extra Credit - Each",3.75,1.06
245,2026-06-12,"2026-06-11","Half",1,84.79
1766,2026-06-12,"2026-06-11","Half & Half - Pint",2,4.75
1766,2026-06-12,"2026-06-11","Kirkwood Pickup Time - @1-1:30",1,0
1766,2026-06-12,"2026-06-11","RL Heavy Cream  - Pint",1,7.75
1766,2026-06-12,"2026-06-11","Bagel Chips - Bag",1,9.75
1766,2026-06-12,"2026-06-11","Sesame Hoagie - T - Each",1,3.8
1766,2026-06-12,"2026-06-11","Tortillas Sourdough - Frozen - Pack",1,5
1766,2026-06-12,"2026-06-11","Extra Credit - Each",6.8,1.06
1766,2026-06-12,"2026-06-11","Half",1,68.89
267,2026-06-12,"2026-06-11","Jam - Strawberry - Rhubarb - Pint",1,7.75
267,2026-06-12,"2026-06-11","Kirkwood Pickup Time - @1-1:30",1,0
267,2026-06-12,"2026-06-11","Bok Choy - Bag",1,5
267,2026-06-12,"2026-06-11","Collards - Bunch",1,6
267,2026-06-12,"2026-06-11","Kale - Lacinato/Dinosaur - Bag",1,5
267,2026-06-12,"2026-06-11","Oats - Rolled 5# - Bag",1,12.25
267,2026-06-12,"2026-06-11","Extra Credit - Each",36,1.06
293,2026-06-12,"2026-06-11","Ground Turkey - Pack",1,9
293,2026-06-12,"2026-06-11","Eggs - BW - Dozen",1,6.5
293,2026-06-12,"2026-06-11","Mothership Pickup Time (6.0 @6-6:30) - @6-6:30",1,0
293,2026-06-12,"2026-06-11","Beans - Green - Bag",1,4.25
293,2026-06-12,"2026-06-11","Blueberries  - Pint",3,7
293,2026-06-12,"2026-06-11","Cabbage - Chinese - Head",1,3.75
293,2026-06-12,"2026-06-11","Chicken Links - Sundried Tomato - lbs",1,10.5
293,2026-06-12,"2026-06-11","Hoagie - T - Each",1,3.5
293,2026-06-12,"2026-06-11","Squash - Summer - Each",1,2.25
293,2026-06-12,"2026-06-11","Extra Credit - Each",30,1.06
293,2026-06-12,"2026-06-11","FSA/FSD",1,79.79
1271,2026-06-12,"2026-06-11","Curds Jalapeno Habanero 10 oz - Bag",1,6.75
1271,2026-06-12,"2026-06-11","Eggs - Dozen",1,0
1271,2026-06-12,"2026-06-11","Eggs - Duck 1/2 Dozen - Each",1,5.25
1271,2026-06-12,"2026-06-11","Semolina - T - Loaf",1,7
1271,2026-06-12,"2026-06-11","Sparkling Tea - Ginger Roselle - 4-pack",1,11.25
1271,2026-06-12,"2026-06-11","Extra Credit - Each",1.25,1.06
1271,2026-06-12,"2026-06-11","Half",1,84.79
634,2026-06-12,"2026-06-11","Blueberries  - Pint",1,7
634,2026-06-12,"2026-06-11","Eggs - Dozen",1,6.5
634,2026-06-12,"2026-06-11","Ground Beef - D&M - Lb.",1,10.5
634,2026-06-12,"2026-06-11","Extra Credit - Each",0.25,1.06
634,2026-06-12,"2026-06-11","Mini",1,53.2
1211,2026-06-12,"2026-06-11","Mothership Pickup Time (1.0 @3:30-4) - @3:30-4",1,0
1211,2026-06-12,"2026-06-11","Broccolini - Bag",1,6
1211,2026-06-12,"2026-06-11","Carrots w/tops - Bunch",1,5.25
1211,2026-06-12,"2026-06-11","Janie's Bread - Thursday - Each",1,7
1211,2026-06-12,"2026-06-11","Kale - Green Curly - Bag",1,5
1211,2026-06-12,"2026-06-11","Lettuce - Salanova - Bag",1,4.25
1211,2026-06-12,"2026-06-11","Oat Porridge Bread - T - Each",1,9
1211,2026-06-12,"2026-06-11","Radishes - Mini Daikon - Bunch",1,4
1211,2026-06-12,"2026-06-11","Strawberries - Qt - Quart",2,8.25
1211,2026-06-12,"2026-06-11","Extra Credit - Each",57,1.06
722,2026-06-12,"2026-06-11","Mothership Pickup Time (6.0 @6-6:30) - @6-6:30",1,0
722,2026-06-12,"2026-06-11","Chicken Breasts /lb. - Pack",1,12.24
722,2026-06-12,"2026-06-11","Lettuce - Butterhead - Bag",1,4.25
722,2026-06-12,"2026-06-11","Mushrooms (1.0 Maitake (Hen of the Woods)) - Maitake (Hen of the Woods)",1,8
722,2026-06-12,"2026-06-11","Mustard (1.0 Garlic) - Garlic",1,6.25
722,2026-06-12,"2026-06-11","Pork - Brats Cheddar DM - 4-pack",1,8
722,2026-06-12,"2026-06-11","Wildcard $7 - Each",1,7
722,2026-06-12,"2026-06-11","Extra Credit - Each",16.74,1.06
722,2026-06-12,"2026-06-11","Half",1,84.79
1706,2026-06-12,"2026-06-11","Mothership Pickup Time (4.0 @5-5:30) - @5-5:30",1,0
1706,2026-06-12,"2026-06-11","Louise's Cocoa Brownie Crisp Granola - Bag",1,11.15
1706,2026-06-12,"2026-06-11","Sparkling Tea - Ginger Roselle - 4-pack",1,11.25
1706,2026-06-12,"2026-06-11","Tomatoes - Slicing - Bag",1,6.5
1706,2026-06-12,"2026-06-11","Half",1,84.79
868,2026-06-12,"2026-06-11","Cucumbers - Pickling - Bag",1,3.5
868,2026-06-12,"2026-06-11","Kirkwood Pickup Time (2.0 @1:30-2) - @1:30-2",1,0
868,2026-06-12,"2026-06-11","Arugula - Bag",1,4.25
868,2026-06-12,"2026-06-11","Eggs - Dozen",1,6.5
868,2026-06-12,"2026-06-11","Gluten Free Black Beans  - Tub",1,6.5
868,2026-06-12,"2026-06-11","Ground Beef - D&M - Lb.",1,10.5
868,2026-06-12,"2026-06-11","Louise's Cocoa Brownie Crisp Granola - Bag",1,11.15
868,2026-06-12,"2026-06-11","Mustard (1.0 Horseradish) - Horseradish",1,6.25
868,2026-06-12,"2026-06-11","Onions - Sweet Bunch - Bunch",1,3.75
868,2026-06-12,"2026-06-11","Extra Credit - Each",17.65,1.06
868,2026-06-12,"2026-06-11","Mini",1,53.2
834,2026-06-12,"2026-06-11","Applewood Smoked Cheddar - Each",1,6.5
834,2026-06-12,"2026-06-11","Blackberries - Pint",1,7
834,2026-06-12,"2026-06-11","Eggs - Dozen",1,6.5
834,2026-06-12,"2026-06-11","Onions - Green - Bunch",1,3.5
834,2026-06-12,"2026-06-11","Tomatoes - Slicing - Bag",1,6.5
834,2026-06-12,"2026-06-11","Extra Credit - Each",1,1.06
834,2026-06-12,"2026-06-11","Half",1,84.79
281,2026-06-12,"2026-06-11","Chicken - Big Bag Deboned Thighs/lb. - Bag",1,41.42
281,2026-06-12,"2026-06-11","Eggs - BW - Dozen",2,6.5
281,2026-06-12,"2026-06-11","Mothership Pickup Time (1.0 @3:30-4) - @3:30-4",1,0
281,2026-06-12,"2026-06-11","Carrots w/tops - Bunch",1,5.25
281,2026-06-12,"2026-06-11","Cinnamon Rolls - Frozen - Pack",1,6.75
281,2026-06-12,"2026-06-11","Cucumbers - Slicing - Each",1,2
281,2026-06-12,"2026-06-11","Hoagie - T - Each",1,3.5
281,2026-06-12,"2026-06-11","Organic Sugar - Lb.",1,27.5
281,2026-06-12,"2026-06-11","Strawberries - Qt - Quart",1,8.25
281,2026-06-12,"2026-06-11","Extra Credit - Each",78.67,1.06
281,2026-06-12,"2026-06-11","Half",1,84.79
1652,2026-06-12,"2026-06-11","Peanut Butter EW - Pint",1,7.75
1652,2026-06-12,"2026-06-11","Date Syrup - Bottle",1,10
1652,2026-06-12,"2026-06-11","Eggs - Dozen",1,6.5
1652,2026-06-12,"2026-06-11","Hummus Choice ($6.75) - Tub",1,6.75
1652,2026-06-12,"2026-06-11","Sea Scallops/LB - Bag",1,53
1652,2026-06-12,"2026-06-11","Extra Credit - Each",60.25,1.06
1652,2026-06-12,"2026-06-11","Mini",1,53.2
1431,2026-06-12,"2026-06-11","Mothership Pickup Time (5.0 @5:30-6) - @5:30-6",1,0
1431,2026-06-12,"2026-06-11","Blackberries - Pint",1,7
1431,2026-06-12,"2026-06-11","Ground Beef - D&M - Lb.",1,10.5
1431,2026-06-12,"2026-06-11","Hummus Choice ($6.75) - Tub",1,6.75
1431,2026-06-12,"2026-06-11","Extra Credit - Each",0.5,1.06
1431,2026-06-12,"2026-06-11","Mini",1,53.2
1626,2026-06-12,"2026-06-11","Eggs - BW - Dozen",1,6.5
1626,2026-06-12,"2026-06-11","Pepitas - Oz.",1,7.75
1626,2026-06-12,"2026-06-11","Kirkwood Pickup Time (1.0 PORCH) - PORCH",1,0
1626,2026-06-12,"2026-06-11","Garlic Scapes - Bag",1,4
1626,2026-06-12,"2026-06-11","Honey - Pint - Jar",1,11.5
1626,2026-06-12,"2026-06-11","Extra Credit - Each",0.75,1.06
1626,2026-06-12,"2026-06-11","Half",1,68.89
246,2026-06-12,"2026-06-11","Salsa - Black Bean & Corn - Pint",1,5
246,2026-06-12,"2026-06-11","Mushrooms (1.0 Chestnut) - Chestnut",1,8
246,2026-06-12,"2026-06-11","Onions - Sweet Bunch - Bunch",1,3.75
246,2026-06-12,"2026-06-11","Potatoes - New - Bag",1,5.75
246,2026-06-12,"2026-06-11","Shoots - Sunflower - Bag",1,4.5
246,2026-06-12,"2026-06-11","Extra Credit - Each",3.25,1.06
246,2026-06-12,"2026-06-11","Mini",1,53.2
246,2026-06-12,"2026-06-11","RL Chocolate Milk",3,2.93
963,2026-06-12,"2026-06-11","Mothership Pickup Time (1.0 @3:30-4) - @3:30-4",1,0
963,2026-06-12,"2026-06-11","Buttermilk Waffles Sourdough - Frozen - Pack",1,5
963,2026-06-12,"2026-06-11","Mushrooms (1.0 Shiitake) - Shiitake",1,8
963,2026-06-12,"2026-06-11","Pork - Ground  - Lb.",1,7.5
963,2026-06-12,"2026-06-11","Tahini - Pint",1,8.75
963,2026-06-12,"2026-06-11","FSA/FSD",1,79.79
928,2026-06-12,"2026-06-11","Mothership Pickup Time (4.0 @5-5:30) - @5-5:30",1,0
928,2026-06-12,"2026-06-11","Food For FS Cats Donation - $",1,1
928,2026-06-12,"2026-06-11","Boneless Pork Chop - D&M /lb - Lb.",1,13.42
928,2026-06-12,"2026-06-11","Chicken Links - Lemon Pepper - Lb.",1,10.5
928,2026-06-12,"2026-06-11","Chicken Links - Sundried Tomato - lbs",1,10.5
928,2026-06-12,"2026-06-11","FF Dip - Smoked Salmon  - Tub",1,10
928,2026-06-12,"2026-06-11","Marinara Sauce - Jar",1,8.75
928,2026-06-12,"2026-06-11","Mushrooms - Choice",1,8
928,2026-06-12,"2026-06-11","Pork - Ground  - Lb.",1,7.5
928,2026-06-12,"2026-06-11","Wildcard $6.5 - Each",1,6.5
928,2026-06-12,"2026-06-11","Extra Credit - Each",45.42,1.06
928,2026-06-12,"2026-06-11","FSA/FSD",1,79.79
1570,2026-06-12,"2026-06-11","Chevre PF (1.0 Herb) - Herb",1,8.5
1570,2026-06-12,"2026-06-11","Eggs - Dozen",1,6.5
1570,2026-06-12,"2026-06-11","Pork - Bratwurst  - Pack",1,8.5
1570,2026-06-12,"2026-06-11","Wildcard $7 - Each",1,7
1570,2026-06-12,"2026-06-11","Extra Credit - Each",1.5,1.06
1570,2026-06-12,"2026-06-11","Half",1,40
2001,2026-06-12,"2026-06-11","FSA/FSD",1,79.79
1900,2026-06-12,"2026-06-11","Milk - Whole - Oz.",1,8.32
1900,2026-06-12,"2026-06-11","Mothership Pickup Time (4.0 @5-5:30) - @5-5:30",1,0
1900,2026-06-12,"2026-06-11","$ for green bags donation - $",1,1
1900,2026-06-12,"2026-06-11","Blackberries - Pint",1,7
1900,2026-06-12,"2026-06-11","Blueberries  - Pint",1,7
1900,2026-06-12,"2026-06-11","Eggs - Dozen",1,6.5
1900,2026-06-12,"2026-06-11","Ground Beef - D&M - Lb.",1,10.5
1900,2026-06-12,"2026-06-11","Hoagie - PIB Frozen - Bag",1,6.75
1900,2026-06-12,"2026-06-11","Multigrain Bread - Frozen - Loaf",1,6.75
1900,2026-06-12,"2026-06-11","Peas - Sugar Snap - Share",1,4
1900,2026-06-12,"2026-06-11","Strawberries - Qt - Quart",1,8.25
1900,2026-06-12,"2026-06-11","Extra Credit - Each",39.82,1.06
1900,2026-06-12,"2026-06-11","Mini",1,53.2
1236,2026-06-12,"2026-06-11","Cucumbers - Pickling - Bag",1,3.5
1236,2026-06-12,"2026-06-11","Mothership Pickup Time (4.0 @5-5:30) - @5-5:30",1,0
1236,2026-06-12,"2026-06-11","Asparagus - Bunch",1,6.5
1236,2026-06-12,"2026-06-11","Dark Bar 61% - Package",1,3
1236,2026-06-12,"2026-06-11","Dark Chocolate Lolli - Each",1,1.75
1236,2026-06-12,"2026-06-11","Mushrooms - Choice",1,8
1236,2026-06-12,"2026-06-11","Onions - Green - Bunch",1,3.5
1236,2026-06-12,"2026-06-11","Onions - Sweet Bunch - Bunch",1,3.75
1236,2026-06-12,"2026-06-11","Peas - Shelling  - Oz.",1,4.25
1236,2026-06-12,"2026-06-11","Peas - Sugar Snap - Share",1,4
1236,2026-06-12,"2026-06-11","Squash - Summer - Each",1,2.25
1236,2026-06-12,"2026-06-11","Extra Credit - Each",9.75,1.06
1236,2026-06-12,"2026-06-11","FSA/FSD",1,79.79
1725,2026-06-12,"2026-06-11","Kirkwood Pickup Time (1.0 PORCH) - PORCH",1,0
1725,2026-06-12,"2026-06-11","Blackberries - Pint",1,7
1725,2026-06-12,"2026-06-11","Blueberries  - Pint",1,7
1725,2026-06-12,"2026-06-11","Ground Lamb  - Lb.",1,15
1725,2026-06-12,"2026-06-11","Hoagie - T - Each",1,3.5
1725,2026-06-12,"2026-06-11","Sesame Hoagie - T - Each",1,3.8
1725,2026-06-12,"2026-06-11","Yogurt - Plain - Oz.",1,7.1
1725,2026-06-12,"2026-06-11","Extra Credit - Each",19.65,1.06
1725,2026-06-12,"2026-06-11","Mini",1,53.2
364,2026-06-12,"2026-06-11","Eggs - BW - Dozen",1,6.5
364,2026-06-12,"2026-06-11","Mothership Pickup Time - @6:30-7",1,0
364,2026-06-12,"2026-06-11","Blackberries - Pint",1,7
364,2026-06-12,"2026-06-11","Stringbean Ethiopian - Bag",1,16
364,2026-06-12,"2026-06-11","Wild Cod/LB* - Pack",2,8.92
364,2026-06-12,"2026-06-11","Extra Credit - Each",11.59,1.06
364,2026-06-12,"2026-06-11","FSA/FSD",1,79.79
364,2026-06-12,"2026-06-11","Whole MILK-o",1,8.85
1873,2026-06-12,"2026-06-11","Eggs - Dozen",1,6.5
1873,2026-06-12,"2026-06-11","Ground Beef - D&M - Lb.",1,10.5
1873,2026-06-12,"2026-06-11","Hummus Choice ($6.75) - Tub",1,6.75
1873,2026-06-12,"2026-06-11","Mini",1,53.2
289,2026-06-12,"2026-06-11","Broccoli (1.0 Head) - Head",1,4.25
289,2026-06-12,"2026-06-11","Cinnamon Rolls - Frozen - Pack",1,6.75
289,2026-06-12,"2026-06-11","Eggs - Dozen",1,6.5
289,2026-06-12,"2026-06-11","Squash - Summer - Each",1,2.25
289,2026-06-12,"2026-06-11","Squash - Zucchini - Each",1,2.5
289,2026-06-12,"2026-06-11","Strawberries - Qt - Quart",1,8.25
289,2026-06-12,"2026-06-11","Extra Credit - Each",1.5,1.06
289,2026-06-12,"2026-06-11","Half",1,84.79
289,2026-06-12,"2026-06-11","2% MILK-o",1,8.85
587,2026-06-12,"2026-06-11","Apple Sauce - w/sugar - qt. - Jar",1,7.75
587,2026-06-12,"2026-06-11","Bread Choice ($6.75) - 1-each",1,6.75
587,2026-06-12,"2026-06-11","Cheese Choice $6.75 - Each",1,6.75
587,2026-06-12,"2026-06-11","Pork - Bratwurst  - Pack",1,8.5
587,2026-06-12,"2026-06-11","Wildcard $7 - Each",1,7
587,2026-06-12,"2026-06-11","Extra Credit - Each",7.75,1.06
587,2026-06-12,"2026-06-11","Half",1,84.79
593,2026-06-12,"2026-06-11","Mothership Pickup Time (1.0 @3:30-4) - @3:30-4",1,0
593,2026-06-12,"2026-06-11","Blueberries  - Pint",1,7
593,2026-06-12,"2026-06-11","Eggs - Duck 1/2 Dozen - Each",1,5.25
593,2026-06-12,"2026-06-11","Kohlrabi  - Head",1,1
593,2026-06-12,"2026-06-11","Mushrooms (1.0 Shiitake) - Shiitake",1,8
593,2026-06-12,"2026-06-11","Pork - Bratwurst  - Pack",1,8.5
593,2026-06-12,"2026-06-11","Extra Credit - Each",0.75,1.06
593,2026-06-12,"2026-06-11","Half",1,84.79
1746,2026-06-12,"2026-06-11","Stringbean Peru - Oz.",1,16
1746,2026-06-12,"2026-06-11","Kirkwood Pickup Time - @1-1:30",1,0
1746,2026-06-12,"2026-06-11","Eggs - Dozen",1,6.5
1746,2026-06-12,"2026-06-11","Maple Syrup 12 oz. - Jar",1,13
1746,2026-06-12,"2026-06-11","Wildcard $4 - Each",1,4
1746,2026-06-12,"2026-06-11","Extra Credit - Each",3,1.06
1746,2026-06-12,"2026-06-11","UCA/KWA",1,79.79
1416,2026-06-12,"2026-06-11","Mothership Pickup Time (3.0 @4:30-5) - @4:30-5",1,0
1416,2026-06-12,"2026-06-11","Almond Butter - Crunchy  - Pint",1,11.25
1416,2026-06-12,"2026-06-11","Arugula - Bag",1,4.25
1416,2026-06-12,"2026-06-11","Curds Jalapeno Habanero 10 oz - Bag",1,6.75
1416,2026-06-12,"2026-06-11","Semolina - T - Loaf",1,7
1416,2026-06-12,"2026-06-11","Extra Credit - Each",0.25,1.06
1416,2026-06-12,"2026-06-11","Half",1,84.79
51,2026-06-12,"2026-06-11","Marinara Sauce - Jar",1,8.75
51,2026-06-12,"2026-06-11","Mushrooms - Choice",1,8
51,2026-06-12,"2026-06-11","Pork - Ground  - Lb.",1,7.5
51,2026-06-12,"2026-06-11","Wildcard $6.5 - Each",1,6.5
51,2026-06-12,"2026-06-11","FSA/FSD",1,79.79
1308,2026-06-12,"2026-06-11","Eggs - BW - Dozen",1,6.5
1308,2026-06-12,"2026-06-11","Mothership Pickup Time (6.0 @6-6:30) - @6-6:30",1,0
1308,2026-06-12,"2026-06-11","Blackberries - Pint",1,7
1308,2026-06-12,"2026-06-11","Lettuce - Butterhead - Bag",1,4.25
1308,2026-06-12,"2026-06-11","Oats - Rolled 5# - Bag",1,12.25
1308,2026-06-12,"2026-06-11","Extra Credit - Each",30,1.06
1719,2026-06-12,"2026-06-11","Mothership Pickup Time (1.0 @3:30-4) - @3:30-4",1,0
1719,2026-06-12,"2026-06-11","Lettuce - Bibb - Head",1,3.25
1719,2026-06-12,"2026-06-11","Lettuce - Butterhead - Bag",1,4.25
1719,2026-06-12,"2026-06-11","Lettuce - Salanova - Bag",1,4.25
1719,2026-06-12,"2026-06-11","Lettuce Mix - Bag",1,4.5
1719,2026-06-12,"2026-06-11","Peas - Shelling  - Oz.",4,4.25
1719,2026-06-12,"2026-06-11","Extra Credit - Each",4.25,1.06
1719,2026-06-12,"2026-06-11","Half",1,84.79
1752,2026-06-12,"2026-06-11","Mothership Pickup Time (1.0 @3:30-4) - @3:30-4",1,0
1752,2026-06-12,"2026-06-11","Lettuce Mix - Bag",1,4.5
1752,2026-06-12,"2026-06-11","Pork - Bratwurst  - Pack",1,8.5
1752,2026-06-12,"2026-06-11","Strawberries - Qt - Quart",2,8.25
1752,2026-06-12,"2026-06-11","Extra Credit - Each",0.5,1.06
1752,2026-06-12,"2026-06-11","Half",1,84.79
636,2026-06-12,"2026-06-11","Mothership Pickup Time (4.0 @5-5:30) - @5-5:30",1,0
636,2026-06-12,"2026-06-11","Aged Cheddar - HBC - Each",1,6.75
636,2026-06-12,"2026-06-11","Chicken - Breakfast - Pack",1,10.5
636,2026-06-12,"2026-06-11","Lettuce - Romaine Head - Head",1,5
636,2026-06-12,"2026-06-11","Pasta Bi-color Short - Lb.",1,6.5
636,2026-06-12,"2026-06-11","Potato Chips Kickers med - Oz.",1,3
636,2026-06-12,"2026-06-11","Strawberries - Qt - Quart",1,8.25
636,2026-06-12,"2026-06-11","Extra Credit - Each",1.75,1.06
636,2026-06-12,"2026-06-11","FSA/FSD",1,79.79
636,2026-06-12,"2026-06-11","Whole MILK",1,8.85
250,2026-06-12,"2026-06-11","Milk - Whole - Oz.",1,8.32
250,2026-06-12,"2026-06-11","Mothership Pickup Time (3.0 @4:30-5) - @4:30-5",1,0
250,2026-06-12,"2026-06-11","Hoagie - T - Each",1,3.5
250,2026-06-12,"2026-06-11","Mushrooms - Choice",1,8
250,2026-06-12,"2026-06-11","Pork - Ground  - Lb.",1,7.5
250,2026-06-12,"2026-06-11","Potatoes - New - Bag",1,5.75
250,2026-06-12,"2026-06-11","Extra Credit - Each",2.32,1.06
250,2026-06-12,"2026-06-11","FSA/FSD",1,79.79
1618,2026-06-12,"2026-06-11","Kirkwood Pickup Time (1.0 PORCH) - PORCH",1,0
1618,2026-06-12,"2026-06-11","Beans - Green - Bag",1,4.25
1618,2026-06-12,"2026-06-11","Blackberries - Pint",1,7
1618,2026-06-12,"2026-06-11","Bread Choice ($6.75) - 1-each",1,6.75
1618,2026-06-12,"2026-06-11","Cinnamon Rolls - Frozen - Pack",1,6.75
1618,2026-06-12,"2026-06-11","Strawberries - Qt - Quart",1,8.25
1618,2026-06-12,"2026-06-11","Tomatoes - Slicing - Bag",1,6.5
1618,2026-06-12,"2026-06-11","Wildcard $7 - Each",1,7
1618,2026-06-12,"2026-06-11","Extra Credit - Each",17.5,1.06
1618,2026-06-12,"2026-06-11","Half",1,68.89
196,2026-06-12,"2026-06-11","Kirkwood Pickup Time - @1-1:30",1,0
196,2026-06-12,"2026-06-11","Asparagus - Bunch",1,6.5
196,2026-06-12,"2026-06-11","Cabbage - Green - Head",1,4.5
196,2026-06-12,"2026-06-11","Peas - Sugar Snap - Share",1,4
196,2026-06-12,"2026-06-11","Squash - Summer - Each",2,2.25
196,2026-06-12,"2026-06-11","Extra Credit - Each",19.5,1.06
133,2026-06-12,"2026-06-11","Mothership Pickup Time (3.0 @4:30-5) - @4:30-5",1,0
133,2026-06-12,"2026-06-11","Bagels - Everything - BU - Bag",1,11
133,2026-06-12,"2026-06-11","Eggs - Dozen",1,6.5
133,2026-06-12,"2026-06-11","English Muffin Sourdough - Frozen - Pack",1,5
133,2026-06-12,"2026-06-11","Kohlrabi  - Head",3,1
133,2026-06-12,"2026-06-11","Extra Credit - Each",1.75,1.06
133,2026-06-12,"2026-06-11","Mini",1,53.2
305,2026-06-12,"2026-06-11","Ground Turkey - Pack",2,9
305,2026-06-12,"2026-06-11","Eggs - BW - Dozen",1,6.5
305,2026-06-12,"2026-06-11","Kirkwood Pickup Time (1.0 PORCH) - PORCH",1,0
305,2026-06-12,"2026-06-11","Curds Applewood Smoked 10 oz - Bag",1,6.75
305,2026-06-12,"2026-06-11","Extra Credit - Each",2.25,1.06
305,2026-06-12,"2026-06-11","Half",1,84.79
643,2026-06-12,"2026-06-11","Mothership Pickup Time (5.0 @5:30-6) - @5:30-6",1,0
643,2026-06-12,"2026-06-11","Blueberries  - Pint",1,7
643,2026-06-12,"2026-06-11","Cabbage - Chinese - Head",1,3.75
643,2026-06-12,"2026-06-11","Multigrain Bread - Frozen - Loaf",1,6.75
643,2026-06-12,"2026-06-11","Pork - Ground  - Lb.",1,7.5
643,2026-06-12,"2026-06-11","Potatoes - New - Bag",1,5.75
643,2026-06-12,"2026-06-11","FSA/FSD",1,79.79
1468,2026-06-12,"2026-06-11","Ground Turkey - Pack",1,9
1468,2026-06-12,"2026-06-11","Eggs - Dozen",1,6.5
1468,2026-06-12,"2026-06-11","Ground Beef - D&M - Lb.",1,10.5
1468,2026-06-12,"2026-06-11","Extra Credit - Each",2.25,1.06
1468,2026-06-12,"2026-06-11","Mini",1,53.2
622,2026-06-12,"2026-06-11","Eggs - Dozen",1,6.5
622,2026-06-12,"2026-06-11","Kairos Sourdough Choice $5 - Pack",1,5
622,2026-06-12,"2026-06-11","Maple Syrup 12 oz. - Jar",1,13
622,2026-06-12,"2026-06-11","Pork - Breakfast Bulk ($8) - Pack",1,8
622,2026-06-12,"2026-06-11","Wildcard $4 - Each",1,4
622,2026-06-12,"2026-06-11","UCA/KWA",1,79.79
793,2026-06-12,"2026-06-11","Cucumbers - Pickling - Bag",1,3.5
793,2026-06-12,"2026-06-11","Blackberries - Pint",1,7
793,2026-06-12,"2026-06-11","Blueberries  - Pint",1,7
793,2026-06-12,"2026-06-11","Eggs - Dozen",1,6.5
793,2026-06-12,"2026-06-11","Ground Beef - D&M - Lb.",1,10.5
793,2026-06-12,"2026-06-11","Light and Mild - T - Loaf",1,8.25
793,2026-06-12,"2026-06-11","Oat Porridge Bread - T - Each",1,9
793,2026-06-12,"2026-06-11","Strawberries - Qt - Quart",2,8.25
793,2026-06-12,"2026-06-11","Tomatoes - Slicing - Bag",1,6.5
793,2026-06-12,"2026-06-11","Extra Credit - Each",51,1.06
793,2026-06-12,"2026-06-11","Mini",1,53.2
856,2026-06-12,"2026-06-11","Cucumbers - Pickling - Bag",1,3.5
856,2026-06-12,"2026-06-11","Yogurt - Greek Plain - Oz.",1,7.1
856,2026-06-12,"2026-06-11","RL Heavy Cream  - Pint",1,7.75
856,2026-06-12,"2026-06-11","Asparagus - Bunch",1,6.5
856,2026-06-12,"2026-06-11","Beans - Green - Bag",1,4.25
856,2026-06-12,"2026-06-11","Beets - Red w/Tops - Bunch",1,5.25
856,2026-06-12,"2026-06-11","Blackberries - Pint",1,7
856,2026-06-12,"2026-06-11","Blueberries  - Pint",1,7
856,2026-06-12,"2026-06-11","Broccolini - Bag",1,6
856,2026-06-12,"2026-06-11","Garlic Scapes - Bag",1,4
856,2026-06-12,"2026-06-11","Onions - Green - Bunch",1,3.5
856,2026-06-12,"2026-06-11","Strawberries - Qt - Quart",2,8.25
856,2026-06-12,"2026-06-11","Tomatoes - Slicing - Bag",1,6.5
856,2026-06-12,"2026-06-11","Yogurt - Blueberry - Oz.",1,7.1
856,2026-06-12,"2026-06-11","Extra Credit - Each",91.95,1.06
1750,2026-06-12,"2026-06-11","Salsa - Gringo's Medium - Pint",1,5
1750,2026-06-12,"2026-06-11","Mothership Pickup Time (4.0 @5-5:30) - @5-5:30",1,0
1750,2026-06-12,"2026-06-11","Buttermilk - Qt.  - Quart",1,6.5
1750,2026-06-12,"2026-06-11","Blackberries - Pint",1,7
1750,2026-06-12,"2026-06-11","Chicken - Thighs /lbs  - lbs",1,9.72
1750,2026-06-12,"2026-06-11","Chicken Links - Andouille  - Lb.",1,10.5
1750,2026-06-12,"2026-06-11","Ground Beef - D&M - Lb.",1,10.5
1750,2026-06-12,"2026-06-11","Hummus - Garlic - Tub",1,6.75
1750,2026-06-12,"2026-06-11","Lettuce - Romaine Head - Head",1,5
1750,2026-06-12,"2026-06-11","Louise's Cocoa Brownie Crisp Granola - Bag",1,11.15
1750,2026-06-12,"2026-06-11","Peas - Sugar Snap - Share",1,4
1750,2026-06-12,"2026-06-11","Pink Sauce - Oz.",1,8.75
1750,2026-06-12,"2026-06-11","Salmon - Fillet Pieces/LB* - Each",2,9.3
1750,2026-06-12,"2026-06-11","Tortellini - Cheese - Lb.",1,9.15
1750,2026-06-12,"2026-06-11","Yogurt - Blueberry - Oz.",1,7.1
1750,2026-06-12,"2026-06-11","Extra Credit - Each",95.97,1.06
1750,2026-06-12,"2026-06-11","Mini",1,53.2
453,2026-06-12,"2026-06-11","Marinara Sauce - Jar",1,8.75
453,2026-06-12,"2026-06-11","Mushrooms - Choice",1,8
453,2026-06-12,"2026-06-11","Pasta Bi-color Short - Lb.",1,6.5
453,2026-06-12,"2026-06-11","Pork - Ground  - Lb.",1,7.5
453,2026-06-12,"2026-06-11","FSA/FSD",1,79.79
885,2026-06-12,"2026-06-11","Mothership Pickup Time (5.0 @5:30-6) - @5:30-6",1,0
885,2026-06-12,"2026-06-11","Asparagus - Bunch",1,6.5
885,2026-06-12,"2026-06-11","English Muffin Sourdough - Frozen - Pack",1,5
885,2026-06-12,"2026-06-11","German Quark HBC - Jar",1,6.75
885,2026-06-12,"2026-06-11","Milk Chocolate Bar - Pack",1,3
885,2026-06-12,"2026-06-11","Strawberries - Qt - Quart",1,8.25
885,2026-06-12,"2026-06-11","Extra Credit - Each",0.5,1.06
885,2026-06-12,"2026-06-11","Half",1,84.79
900,2026-06-12,"2026-06-11","Marinara Sauce - Jar",1,8.75
900,2026-06-12,"2026-06-11","Mushrooms - Choice",1,8
900,2026-06-12,"2026-06-11","Pork - Ground  - Lb.",1,7.5
900,2026-06-12,"2026-06-11","Wildcard $6.5 - Each",1,6.5
900,2026-06-12,"2026-06-11","FSA/FSD",1,79.79
900,2026-06-12,"2026-06-11","Whole MILK",1,8.85
896,2026-06-12,"2026-06-11","Yogurt - Greek Plain - Oz.",1,7.1
896,2026-06-12,"2026-06-11","Kirkwood Pickup Time (2.0 @1:30-2) - @1:30-2",1,0
896,2026-06-12,"2026-06-11","Food Pantry Donation - $",5,1
896,2026-06-12,"2026-06-11","Eggs - Dozen",1,6.5
896,2026-06-12,"2026-06-11","Harvest Shreds - Naked 2lb. - Pack",1,24.5
896,2026-06-12,"2026-06-11","Lettuce - Salanova - Bag",1,4.25
896,2026-06-12,"2026-06-11","Peas - Shelling  - Oz.",2,4.25
896,2026-06-12,"2026-06-11","Popcorn - McKaskle - Lb.",1,5.75
896,2026-06-12,"2026-06-11","Extra Credit - Each",32.6,1.06
896,2026-06-12,"2026-06-11","Half",1,84.79
171,2026-06-12,"2026-06-11","Mothership Pickup Time (3.0 @4:30-5) - @4:30-5",1,0
171,2026-06-12,"2026-06-11","Bagel Chips - Bag",1,9.75
171,2026-06-12,"2026-06-11","Blueberries  - Pint",1,7
171,2026-06-12,"2026-06-11","Eggs - Dozen",1,6.5
171,2026-06-12,"2026-06-11","Ground Beef - D&M - Lb.",1,10.5
171,2026-06-12,"2026-06-11","Hummus - Garlic - Tub",1,6.75
171,2026-06-12,"2026-06-11","Louise's Original Granola - Bag",1,10
171,2026-06-12,"2026-06-11","Pork Snack Sticks - Honey 4pk - Pack",2,10.3
171,2026-06-12,"2026-06-11","Strawberries - Qt - Quart",1,8.25
171,2026-06-12,"2026-06-11","Yogurt - Strawberry - Oz.",1,7.1
171,2026-06-12,"2026-06-11","Extra Credit - Each",62.7,1.06
171,2026-06-12,"2026-06-11","Mini",1,53.2
790,2026-06-12,"2026-06-11","Mothership Pickup Time (2.0 @4-4:30) - @4-4:30",1,0
790,2026-06-12,"2026-06-11","Milk Chocolate Lolli - Each",1,1.75
790,2026-06-12,"2026-06-11","Rice - White - Lb.",1,6.5
790,2026-06-12,"2026-06-11","Sourdough Bread - Frozen - Lb.",1,6.75
790,2026-06-12,"2026-06-11","Sparkling Tea - Lavender Lemongrass - 4-pack",1,11.25
790,2026-06-12,"2026-06-11","Strawberries - Qt - Quart",1,8.25
790,2026-06-12,"2026-06-11","Wildcard $7 - Each",1,7
790,2026-06-12,"2026-06-11","Extra Credit - Each",12.5,1.06
790,2026-06-12,"2026-06-11","Half",1,84.79
1683,2026-06-12,"2026-06-11","Eggs - BW - Dozen",1,6.5
1683,2026-06-12,"2026-06-11","Blackberries - Pint",1,7
1683,2026-06-12,"2026-06-11","Chicken Breasts /lb. - Pack",1,11.05
1683,2026-06-12,"2026-06-11","Eggs - Dozen",1,6.5
1683,2026-06-12,"2026-06-11","Strawberries - Qt - Quart",1,8.25
1683,2026-06-12,"2026-06-11","Extra Credit - Each",2.8,1.06
1683,2026-06-12,"2026-06-11","UCA/KWA",1,79.79
959,2026-06-12,"2026-06-11","Marinara Sauce - Jar",1,8.75
959,2026-06-12,"2026-06-11","Mushrooms - Choice",1,8
959,2026-06-12,"2026-06-11","Pork - Ground  - Lb.",1,7.5
959,2026-06-12,"2026-06-11","Wildcard $6.5 - Each",1,6.5
959,2026-06-12,"2026-06-11","FSA/FSD",1,79.79
699,2026-06-12,"2026-06-11","Mothership Pickup Time (4.0 @5-5:30) - @5-5:30",1,0
699,2026-06-12,"2026-06-11","Asparagus - Bunch",1,6.5
699,2026-06-12,"2026-06-11","Hoagie - T - Each",1,3.5
699,2026-06-12,"2026-06-11","Lettuce - Bibb - Head",1,3.25
699,2026-06-12,"2026-06-11","Semolina - T - Loaf",1,7
699,2026-06-12,"2026-06-11","Strawberries - Qt - Quart",1,8.25
699,2026-06-12,"2026-06-11","Half",1,84.79
979,2026-06-12,"2026-06-11","Mothership Pickup Time (1.0 @3:30-4) - @3:30-4",1,0
979,2026-06-12,"2026-06-11","Aged Cheddar - HBC - Each",1,6.75
979,2026-06-12,"2026-06-11","Applewood Smoked Cheddar - Each",1,6.5
979,2026-06-12,"2026-06-11","Black Pepper Cheddar - Each",1,6.75
979,2026-06-12,"2026-06-11","Curds Garlic Herb HBC 10 oz  - Bag",1,6.75
979,2026-06-12,"2026-06-11","Eggs - Dozen",1,6.5
979,2026-06-12,"2026-06-11","Pork - Bratwurst  - Pack",1,8.5
979,2026-06-12,"2026-06-11","Semolina - T - Loaf",1,7
979,2026-06-12,"2026-06-11","Extra Credit - Each",19.75,1.06
979,2026-06-12,"2026-06-11","Half",1,84.79
