"member_id","file_date","delivery_date","item_unit","sales","price"
704,2026-07-10,"2026-07-01","Ground Turkey - Pack",1,10.25
704,2026-07-10,"2026-07-01","Mothership Pickup Time (2.0 @4-4:30) - @4-4:30",1,0
704,2026-07-10,"2026-07-01","Aged Cheddar - HBC - Each",1,6.75
704,2026-07-10,"2026-07-01","Bagels - Blueberry - BU - Bag",1,11
704,2026-07-10,"2026-07-01","Granola Bar - Each",1,3.8
704,2026-07-10,"2026-07-01","Ground Beef - D&M - Lb.",1,10.5
704,2026-07-10,"2026-07-01","Peaches - Bag",1,7
704,2026-07-10,"2026-07-01","Extra Credit - Each",15.05,1.06
704,2026-07-10,"2026-07-01","FSA/FSD",1,79.79
335,2026-07-10,"2026-07-01","Eggs - BW - Dozen",1,6.5
335,2026-07-10,"2026-07-01","Mothership Pickup Time (3.0 @4:30-5) - @4:30-5",1,0
335,2026-07-10,"2026-07-01","Bagels - Poppy Seed - BU - Bag",1,11
335,2026-07-10,"2026-07-01","Beans - Yellow Wax  - Bag",1,3
335,2026-07-10,"2026-07-01","German Quark HBC - Jar",1,6.75
335,2026-07-10,"2026-07-01","Peaches - Bag",1,7
335,2026-07-10,"2026-07-01","Potatoes - New - Bag",1,5.75
335,2026-07-10,"2026-07-01","Extra Credit - Each",18.25,1.06
335,2026-07-10,"2026-07-01","Mini",1,53.2
371,2026-07-10,"2026-07-01","UCity Pickup Time (2.0 @4:30-5) - @4:30-5",1,0
371,2026-07-10,"2026-07-01","Lamb Gyro Seasoned - Lb.",1,18
371,2026-07-10,"2026-07-01","Pasta Wildcard $6.50 - Pack",1,6.5
371,2026-07-10,"2026-07-01","Extra Credit - Each",1.75,1.06
371,2026-07-10,"2026-07-01","Half",1,68.89
1410,2026-07-10,"2026-07-01","UCity Pickup Time - @4:10-4:30",1,0
1410,2026-07-10,"2026-07-01","Chicken - Ground - Lb.",1,10.25
1410,2026-07-10,"2026-07-01","Hoagie - Wednesday - Each",1,3.5
1410,2026-07-10,"2026-07-01","Pasta Wildcard $6.50 - Pack",1,6.5
1410,2026-07-10,"2026-07-01","Pork - Ground  - Lb.",1,7.5
1410,2026-07-10,"2026-07-01","Sesame Hoagie -W - Each",1,3.8
1410,2026-07-10,"2026-07-01","Extra Credit - Each",8.8,1.06
1410,2026-07-10,"2026-07-01","Half",1,68.89
1983,2026-07-10,"2026-07-01","Mothership Pickup Time (4.0 @5-5:30) - @5-5:30",1,0
1983,2026-07-10,"2026-07-01","Aged Cheddar - HBC - Each",1,6.75
1983,2026-07-10,"2026-07-01","Blackberries - Pint",1,7
1983,2026-07-10,"2026-07-01","Eggs - Dozen",2,6.5
1983,2026-07-10,"2026-07-01","Feta Cheese - HBC - Each",1,6.75
1983,2026-07-10,"2026-07-01","Extra Credit - Each",11.75,1.06
1983,2026-07-10,"2026-07-01","Mini",1,53.2
903,2026-07-10,"2026-07-01","Mothership Pickup Time (1.0 @3:30-4) - @3:30-4",1,0
903,2026-07-10,"2026-07-01","Peaches - Bag",2,7
903,2026-07-10,"2026-07-01","Potatoes - New - Bag",2,5.75
903,2026-07-10,"2026-07-01","Extra Credit - Each",3.75,1.06
903,2026-07-10,"2026-07-01","Mini",1,53.2
346,2026-07-10,"2026-07-01","Granola Bar - Each",1,3.8
346,2026-07-10,"2026-07-01","Marinara Sauce - Jar",1,8.75
346,2026-07-10,"2026-07-01","Red Chile Sauce - Jar",1,11.5
346,2026-07-10,"2026-07-01","Yogurt - Vanilla - Oz.",1,7.1
346,2026-07-10,"2026-07-01","Extra Credit - Each",8.4,1.06
346,2026-07-10,"2026-07-01","Half",1,84.79
1039,2026-07-10,"2026-07-01","UCity Pickup Time (3.0 @5-5:30) - @5-5:30",1,0
1039,2026-07-10,"2026-07-01","Bacon - Uncured/lb - Pack",1,16.62
1039,2026-07-10,"2026-07-01","Blackberries - Pint",1,7
1039,2026-07-10,"2026-07-01","Blueberries - Pint",1,7
1039,2026-07-10,"2026-07-01","Mushrooms (1.0 King Oyster (French Horn)) - King Oyster (French Horn)",1,8
1039,2026-07-10,"2026-07-01","Extra Credit - Each",8.87,1.06
1039,2026-07-10,"2026-07-01","UCA/KWA",1,79.79
618,2026-07-10,"2026-07-01","Eggs - BW - Dozen",2,6.5
618,2026-07-10,"2026-07-01","Mothership Pickup Time (4.0 @5-5:30) - @5-5:30",1,0
618,2026-07-10,"2026-07-01","Bagels - Plain - BU - Bag",1,11
618,2026-07-10,"2026-07-01","Bagels - Sesame Seed - BU - Bag",1,11
618,2026-07-10,"2026-07-01","Seedy Wheaty - Frozen - Loaf",1,3.75
618,2026-07-10,"2026-07-01","Shoots - Specialty Mix - Bag",1,4.5
618,2026-07-10,"2026-07-01","Swiss Chard - Bunch",1,6
618,2026-07-10,"2026-07-01","Extra Credit - Each",27.5,1.06
618,2026-07-10,"2026-07-01","Mini",1,53.2
1830,2026-07-10,"2026-07-01","Cheddar - Hatch Pepper - Package",1,6.75
1830,2026-07-10,"2026-07-01","Mothership Pickup Time (2.0 @4-4:30) - @4-4:30",1,0
1830,2026-07-10,"2026-07-01","Peaches - Bag",1,7
1830,2026-07-10,"2026-07-01","Peppers - Green Bell - 2-pack",1,3.25
1830,2026-07-10,"2026-07-01","Stringbean Half Caf - Bag",1,16
1830,2026-07-10,"2026-07-01","Yogurt - Plain - Oz.",1,7.1
1830,2026-07-10,"2026-07-01","Extra Credit - Each",8.35,1.06
1830,2026-07-10,"2026-07-01","Mini",1,53.2
1830,2026-07-10,"2026-07-01","2% MILK",1,8.85
144,2026-07-10,"2026-07-01","Ground Turkey - Pack",1,10.25
144,2026-07-10,"2026-07-01","Pizza - Veggie  - Each",1,8.5
144,2026-07-10,"2026-07-01","Chicken Links - Andouille  - Lb.",1,10.5
144,2026-07-10,"2026-07-01","Chicken Thighs - Boneless/lb. - lbs",1,8.75
144,2026-07-10,"2026-07-01","Pork Andouille Links - D&M - Each",1,8.5
1968,2026-07-10,"2026-07-01","Mothership Pickup Time (2.0 @4-4:30) - @4-4:30",1,0
1968,2026-07-10,"2026-07-01","Bagels - Everything - Frozen - Bag",1,6.75
1968,2026-07-10,"2026-07-01","Peaches - Bag",1,7
1968,2026-07-10,"2026-07-01","Pork - Brats Cheddar DM - 4-pack",1,8
1968,2026-07-10,"2026-07-01","Mini",1,53.2
1203,2026-07-10,"2026-07-01","Aged Cheddar - HBC - Each",1,6.75
1203,2026-07-10,"2026-07-01","Beans - Green - Bag",1,4.25
1203,2026-07-10,"2026-07-01","Eggs - Dozen",1,6.5
1203,2026-07-10,"2026-07-01","Fresh Herb - Basil - Bunch",1,3.5
1203,2026-07-10,"2026-07-01","Garlic Scapes - Bag",1,4
1203,2026-07-10,"2026-07-01","Sweet Corn - 5-pack",1,3.25
1203,2026-07-10,"2026-07-01","Tomatoes - Slicing - Bag",1,6.5
1203,2026-07-10,"2026-07-01","Extra Credit - Each",0.5,1.06
1203,2026-07-10,"2026-07-01","FSA/FSD",1,79.79
892,2026-07-10,"2026-07-01","UCity Pickup Time (2.0 @4:30-5) - @4:30-5",1,0
892,2026-07-10,"2026-07-01","Marinara Sauce - Jar",1,8.75
892,2026-07-10,"2026-07-01","Oat Porridge Bread - Wednesday - Loaf",1,9
892,2026-07-10,"2026-07-01","Pasta Wildcard $6.50 - Pack",1,6.5
892,2026-07-10,"2026-07-01","Peaches - Bag",1,7
892,2026-07-10,"2026-07-01","Extra Credit - Each",8.5,1.06
892,2026-07-10,"2026-07-01","Half",1,84.79
444,2026-07-10,"2026-07-01","UCity Pickup Time - @4:10-4:30",1,0
444,2026-07-10,"2026-07-01","Eggs - Dozen",1,6.5
444,2026-07-10,"2026-07-01","Ground Beef - D&M - Lb.",1,10.5
444,2026-07-10,"2026-07-01","Peppers - Green Bell - 2-pack",1,3.25
444,2026-07-10,"2026-07-01","Pork - Tenderloin/lb - Lb.",2,14.33
444,2026-07-10,"2026-07-01","RL Chocolate Milk - Bottle",2,2.75
444,2026-07-10,"2026-07-01","Squash - Zucchini - Each",1,2.5
444,2026-07-10,"2026-07-01","Extra Credit - Each",27.16,1.06
444,2026-07-10,"2026-07-01","UCA/KWA",1,79.79
828,2026-07-10,"2026-07-01","Pizza - Four Meat  - Each",1,8.5
828,2026-07-10,"2026-07-01","Pizza - Sausage Pepperoni - Each",1,8.5
828,2026-07-10,"2026-07-01","Peaches - Bag",1,7
828,2026-07-10,"2026-07-01","Pretzel - UL Wednesday - Each",1,3.75
828,2026-07-10,"2026-07-01","Tomatoes - Sungold - Pint",1,6.75
828,2026-07-10,"2026-07-01","Extra Credit - Each",12.75,1.06
828,2026-07-10,"2026-07-01","Mini",1,53.2
472,2026-07-10,"2026-07-01","Marinara Sauce - Jar",1,8.75
472,2026-07-10,"2026-07-01","Pasta Wildcard $6.50 - Pack",1,6.5
472,2026-07-10,"2026-07-01","Pork - Ground  - Lb.",1,7.5
472,2026-07-10,"2026-07-01","Half",1,68.89
1799,2026-07-10,"2026-07-01","Pizza - Deluxe - Each",1,8.5
1799,2026-07-10,"2026-07-01","Pizza - Pepperoni  - Each",1,8.5
1799,2026-07-10,"2026-07-01","Pizza - Veggie  - Each",1,8.5
1799,2026-07-10,"2026-07-01","Mothership Pickup Time (3.0 @4:30-5) - @4:30-5",1,0
1799,2026-07-10,"2026-07-01","Aged Cheddar - HBC - Each",1,6.75
1799,2026-07-10,"2026-07-01","Bacon - Each",1,13.5
1799,2026-07-10,"2026-07-01","Bagels - Pumpernickel - BU - Bag",1,11
1799,2026-07-10,"2026-07-01","Black Bean Dip - Tub",1,6.5
1799,2026-07-10,"2026-07-01","Eggs - Dozen",1,6.5
1799,2026-07-10,"2026-07-01","German Quark HBC - Jar",1,6.75
1799,2026-07-10,"2026-07-01","Ground Beef - D&M - Lb.",1,10.5
1799,2026-07-10,"2026-07-01","Potatoes - New - Bag",1,5.75
1799,2026-07-10,"2026-07-01","Pretzel - UL Wednesday - Each",1,3.75
1799,2026-07-10,"2026-07-01","Sweet Corn - 5-pack",1,3.25
1799,2026-07-10,"2026-07-01","Tomatoes - Heirloom - Bag",1,8.5
1799,2026-07-10,"2026-07-01","Tomatoes - Sungold - Pint",1,6.75
1799,2026-07-10,"2026-07-01","Yogurt - Blueberry - Oz.",1,7.1
1799,2026-07-10,"2026-07-01","Extra Credit - Each",87.85,1.06
1799,2026-07-10,"2026-07-01","FSA/FSD",1,79.79
1920,2026-07-10,"2026-07-01","UCity Pickup Time (2.0 @4:30-5) - @4:30-5",1,0
1920,2026-07-10,"2026-07-01","Eggs - Dozen",1,6.5
1920,2026-07-10,"2026-07-01","Multigrain Bread - Frozen - Loaf",1,6.75
1920,2026-07-10,"2026-07-01","Pasta Long Bi-color - Lb.",1,6.5
1920,2026-07-10,"2026-07-01","Pork - Bratwurst  - Pack",1,8.5
1920,2026-07-10,"2026-07-01","Yogurt - Vanilla - Oz.",1,7.1
1920,2026-07-10,"2026-07-01","Extra Credit - Each",12.6,1.06
1920,2026-07-10,"2026-07-01","Half",1,68.89
30,2026-07-10,"2026-07-01","Mothership Pickup Time (3.0 @4:30-5) - @4:30-5",1,0
30,2026-07-10,"2026-07-01","Blueberries - Pint",1,7
30,2026-07-10,"2026-07-01","Chicken - Thighs /lbs  - lbs",1,8.28
30,2026-07-10,"2026-07-01","Eggs - Dozen",1,6.5
30,2026-07-10,"2026-07-01","Hoagie - Wednesday - Each",1,3.5
30,2026-07-10,"2026-07-01","Extra Credit - Each",2.53,1.06
30,2026-07-10,"2026-07-01","Half",1,84.79
1699,2026-07-10,"2026-07-01","Ground Turkey - Pack",1,10.25
1699,2026-07-10,"2026-07-01","UCity Pickup Time - @4:10-4:30",1,0
1699,2026-07-10,"2026-07-01","Chicken Breasts /lb. - Pack",1,13.94
1699,2026-07-10,"2026-07-01","Chicken Thighs - Boneless/lb. - lbs",1,10.5
1699,2026-07-10,"2026-07-01","Peaches - Bag",1,7
1699,2026-07-10,"2026-07-01","Extra Credit - Each",11.94,1.06
1699,2026-07-10,"2026-07-01","UCA/KWA",1,79.79
1154,2026-07-10,"2026-07-01","Mothership Pickup Time (4.0 @5-5:30) - @5-5:30",1,0
1154,2026-07-10,"2026-07-01","Chicken - Thighs /lbs  - lbs",1,7.92
1154,2026-07-10,"2026-07-01","Ground Beef - D&M - Lb.",1,10.5
1154,2026-07-10,"2026-07-01","Potatoes - New - Bag",1,5.75
1154,2026-07-10,"2026-07-01","Extra Credit - Each",2.42,1.06
1154,2026-07-10,"2026-07-01","Mini",1,53.2
541,2026-07-10,"2026-07-01","UCity Pickup Time - @4:10-4:30",1,0
541,2026-07-10,"2026-07-01","Almond Butter - Crunchy  - Pint",1,11.25
541,2026-07-10,"2026-07-01","Blueberries - Pint",1,7
541,2026-07-10,"2026-07-01","Maple Syrup 12 oz. - Jar",1,13
541,2026-07-10,"2026-07-01","Extra Credit - Each",1.5,1.06
541,2026-07-10,"2026-07-01","UCA/KWA",1,79.79
1928,2026-07-10,"2026-07-01","Chicken - Big Bag Deboned Thighs/lb. - Bag",2,41.91
1928,2026-07-10,"2026-07-01","Milk - 2%  - Oz.",1,8.32
1928,2026-07-10,"2026-07-01","UCity Pickup Time - @4:10-4:30",1,0
1928,2026-07-10,"2026-07-01","Beets - Golden - Lb.",1,5
1928,2026-07-10,"2026-07-01","Bread Pudding - Muffin - Froz. - Each",3,4
1928,2026-07-10,"2026-07-01","Croissant - PIB Frozen - 1-each",3,2.8
1928,2026-07-10,"2026-07-01","Eggs - Dozen",1,6.5
1928,2026-07-10,"2026-07-01","Kale - Green Curly - Bag",1,5
1928,2026-07-10,"2026-07-01","Marinara Sauce - Jar",1,8.75
1928,2026-07-10,"2026-07-01","Pretzel - UL Wednesday - Each",1,3.75
1928,2026-07-10,"2026-07-01","Extra Credit - Each",118.79,1.06
1928,2026-07-10,"2026-07-01","Half",1,68.89
1559,2026-07-10,"2026-07-01","Cucumbers - Pickling - Bag",1,3.5
1559,2026-07-10,"2026-07-01","Stringbean Peru - Oz.",1,16
1559,2026-07-10,"2026-07-01","UCity Pickup Time (3.0 @5-5:30) - @5-5:30",1,0
1559,2026-07-10,"2026-07-01","Applewood Smoked Cheddar - Each",1,6.5
1559,2026-07-10,"2026-07-01","Beets - Pickled - Quart",1,8.5
1559,2026-07-10,"2026-07-01","Blackberries - Pint",1,7
1559,2026-07-10,"2026-07-01","Chevre PF (1.0 Plain) - Plain",1,8.5
1559,2026-07-10,"2026-07-01","Coffee Stringbean Decaf - Bag",1,16
1559,2026-07-10,"2026-07-01","Eggs - Dozen",1,6.5
1559,2026-07-10,"2026-07-01","Garlic Scapes - Bag",1,4
1559,2026-07-10,"2026-07-01","German Quark HBC - Jar",1,6.75
1559,2026-07-10,"2026-07-01","Oat Porridge Bread - Wednesday - Loaf",1,9
1559,2026-07-10,"2026-07-01","Peaches - Bag",1,7
1559,2026-07-10,"2026-07-01","Pork Apple Brat - Pack",1,12.85
1559,2026-07-10,"2026-07-01","Potatoes - New - Bag",1,5.75
1559,2026-07-10,"2026-07-01","Salmon - Fillet Pieces/LB* - Each",2,9.05
1559,2026-07-10,"2026-07-01","Shoots - Specialty Mix - Bag",1,4.5
1559,2026-07-10,"2026-07-01","Tomatoes - Heirloom - Bag",1,8.5
1559,2026-07-10,"2026-07-01","Extra Credit - Each",127.2,1.06
1559,2026-07-10,"2026-07-01","Mini",1,53.2
557,2026-07-10,"2026-07-01","Mothership Pickup Time (1.0 @3:30-4) - @3:30-4",1,0
557,2026-07-10,"2026-07-01","Applewood Smoked Cheddar - Each",1,6.5
557,2026-07-10,"2026-07-01","Chicken Breasts /lb. - Pack",1,11.56
557,2026-07-10,"2026-07-01","Eggs - Dozen",1,6.5
557,2026-07-10,"2026-07-01","Ground Beef - D&M - Lb.",1,10.5
557,2026-07-10,"2026-07-01","Tomatoes - Slicing - Bag",1,6.5
557,2026-07-10,"2026-07-01","Extra Credit - Each",7.31,1.06
557,2026-07-10,"2026-07-01","FSA/FSD",1,79.79
986,2026-07-10,"2026-07-01","Eggs - BW - Dozen",1,6.5
986,2026-07-10,"2026-07-01","Mothership Pickup Time (4.0 @5-5:30) - @5-5:30",1,0
986,2026-07-10,"2026-07-01","Marinara Sauce - Jar",1,8.75
986,2026-07-10,"2026-07-01","Pork - Ground  - Lb.",1,7.5
986,2026-07-10,"2026-07-01","Pork Hot Dogs - Each",1,7.5
986,2026-07-10,"2026-07-01","Extra Credit - Each",7.5,1.06
986,2026-07-10,"2026-07-01","Half",1,84.79
288,2026-07-10,"2026-07-01","Mothership Pickup Time (1.0 @3:30-4) - @3:30-4",1,0
288,2026-07-10,"2026-07-01","Cinnamon Rolls - Frozen - Pack",1,6.75
288,2026-07-10,"2026-07-01","Mustard - Choice",1,6.5
288,2026-07-10,"2026-07-01","Pork - Bratwurst  - Pack",1,8.5
288,2026-07-10,"2026-07-01","Mini",1,53.2
1989,2026-07-10,"2026-07-01","Mothership Pickup Time (1.0 @3:30-4) - @3:30-4",1,0
1989,2026-07-10,"2026-07-01","Pork Steaks/lb. - Pack",1,14.25
1989,2026-07-10,"2026-07-01","Bacon - Each",1,13.5
1989,2026-07-10,"2026-07-01","Extra Credit - Each",5,1.06
1989,2026-07-10,"2026-07-01","Half",1,84.79
1000,2026-07-10,"2026-07-01","Chevre PF (1.0 Plain) - Plain",1,8.5
1000,2026-07-10,"2026-07-01","Ground Beef - D&M - Lb.",2,10.5
1000,2026-07-10,"2026-07-01","Sesame Hoagie -W - Each",1,3.8
1000,2026-07-10,"2026-07-01","Yogurt - Vanilla - Oz.",1,7.1
1000,2026-07-10,"2026-07-01","Extra Credit - Each",18.65,1.06
1000,2026-07-10,"2026-07-01","Mini",1,53.2
824,2026-07-10,"2026-07-01","Eggs - Dozen",1,6.5
824,2026-07-10,"2026-07-01","Pork - Bratwurst  - Pack",1,8.5
824,2026-07-10,"2026-07-01","Sourdough Bread - Frozen - Lb.",1,6.75
824,2026-07-10,"2026-07-01","Mini",1,53.2
207,2026-07-10,"2026-07-01","Beans - Green - Bag",1,4.25
207,2026-07-10,"2026-07-01","Blackberries - Pint",1,7
207,2026-07-10,"2026-07-01","Blueberries - Pint",1,7
207,2026-07-10,"2026-07-01","Chicken Breasts /lb. - Pack",1,12.24
207,2026-07-10,"2026-07-01","Cucumbers - Slicing - Each",1,2
207,2026-07-10,"2026-07-01","Eggplant - Globe - Each",1,1.75
207,2026-07-10,"2026-07-01","Peaches - Bag",1,7
207,2026-07-10,"2026-07-01","Peppers - Green Bell - 2-pack",1,3.25
207,2026-07-10,"2026-07-01","Sweet Corn - 5-pack",1,3.25
207,2026-07-10,"2026-07-01","Tomatoes - Slicing - Bag",1,6.5
207,2026-07-10,"2026-07-01","Tomatoes - Sungold - Pint",1,6.75
207,2026-07-10,"2026-07-01","Tortellini - Cheese - Lb.",1,9.15
207,2026-07-10,"2026-07-01","Extra Credit - Each",48.39,1.06
207,2026-07-10,"2026-07-01","Mini",1,53.2
210,2026-07-10,"2026-07-01","Peanut Butter EW - Pint",1,7.75
210,2026-07-10,"2026-07-01","UCity Pickup Time (2.0 @4:30-5) - @4:30-5",1,0
210,2026-07-10,"2026-07-01","Blackberries - Pint",1,7
210,2026-07-10,"2026-07-01","Fresh Herb - Basil - Bunch",2,3.5
210,2026-07-10,"2026-07-01","Mini",1,53.2
100,2026-07-10,"2026-07-01","Mothership Pickup Time (3.0 @4:30-5) - @4:30-5",1,0
100,2026-07-10,"2026-07-01","Bagels - Blueberry - BU - Bag",1,11
100,2026-07-10,"2026-07-01","Peaches - Bag",1,7
100,2026-07-10,"2026-07-01","Pork - Bratwurst  - Pack",1,8.5
100,2026-07-10,"2026-07-01","Pretzel - UL Wednesday - Each",1,3.75
100,2026-07-10,"2026-07-01","Extra Credit - Each",8.5,1.06
100,2026-07-10,"2026-07-01","Mini",1,53.2
178,2026-07-10,"2026-07-01","Chicken - BULK Breasts /lb. - Pack",1,40.59
178,2026-07-10,"2026-07-01","Bagel Chips - Bag",1,9.75
178,2026-07-10,"2026-07-01","Eggs - Dozen",1,6.5
178,2026-07-10,"2026-07-01","German Quark HBC - Jar",1,6.75
178,2026-07-10,"2026-07-01","Louise's Original Granola - Bag",1,10
178,2026-07-10,"2026-07-01","Staff - Something to ask Jamie - Oz.",1,0
178,2026-07-10,"2026-07-01","Yogurt - Blueberry - Oz.",1,7.1
178,2026-07-10,"2026-07-01","Extra Credit - Each",57.94,1.06
178,2026-07-10,"2026-07-01","Half",1,68.89
99,2026-07-10,"2026-07-01","Cucumbers - Pickling - Bag",1,3.5
99,2026-07-10,"2026-07-01","Mothership Pickup Time (4.0 @5-5:30) - @5-5:30",1,0
99,2026-07-10,"2026-07-01","Mothership Pickup Time (5.0 @5:30-6) - @5:30-6",1,0
99,2026-07-10,"2026-07-01","Bagels - Pumpernickel - BU - Bag",1,11
99,2026-07-10,"2026-07-01","Blackberries - Pint",1,7
99,2026-07-10,"2026-07-01","Blueberries - Pint",1,7
99,2026-07-10,"2026-07-01","Chicken - Breakfast - Pack",1,10.5
99,2026-07-10,"2026-07-01","Chicken Thighs - Boneless/lb. - lbs",1,11.55
99,2026-07-10,"2026-07-01","Popped Corn - Organic - Bag",1,3
99,2026-07-10,"2026-07-01","Pretzel - UL Wednesday - Each",1,3.75
99,2026-07-10,"2026-07-01","Extra Credit - Each",23.05,1.06
77,2026-07-10,"2026-07-01","Mothership Pickup Time (1.0 @3:30-4) - @3:30-4",1,0
77,2026-07-10,"2026-07-01","Bagels - Blueberry - BU - Bag",1,11
77,2026-07-10,"2026-07-01","Eggs - Dozen",1,6.5
77,2026-07-10,"2026-07-01","Hummus - Carrot & Ginger - Tub",1,6.75
77,2026-07-10,"2026-07-01","Peaches - Bag",1,7
77,2026-07-10,"2026-07-01","Sweet Corn - 5-pack",1,3.25
77,2026-07-10,"2026-07-01","Extra Credit - Each",12.75,1.06
77,2026-07-10,"2026-07-01","Mini",1,53.2
637,2026-07-10,"2026-07-01","Mothership Pickup Time (1.0 @3:30-4) - @3:30-4",1,0
637,2026-07-10,"2026-07-01","Blueberries - Pint",1,7
637,2026-07-10,"2026-07-01","Pasta Wildcard $6.50 - Pack",1,6.5
637,2026-07-10,"2026-07-01","Pork - Ground  - Lb.",1,7.5
637,2026-07-10,"2026-07-01","Yogurt - Plain - Oz.",1,7.1
637,2026-07-10,"2026-07-01","Extra Credit - Each",5.35,1.06
637,2026-07-10,"2026-07-01","Half",1,84.79
837,2026-07-10,"2026-07-01","Eggs - BW - Dozen",1,6.5
837,2026-07-10,"2026-07-01","Honey - Wildflower - Bottle",1,11.5
837,2026-07-10,"2026-07-01","Louise's Original Granola - Bag",1,10
837,2026-07-10,"2026-07-01","Extra Credit - Each",28,1.06
351,2026-07-10,"2026-07-01","Mothership Pickup Time (1.0 @3:30-4) - @3:30-4",1,0
351,2026-07-10,"2026-07-01","Light and Mild - Wednesday - Loaf",1,8.25
351,2026-07-10,"2026-07-01","Peaches - Bag",1,7
351,2026-07-10,"2026-07-01","Rice - Basmati Brown - Lb.",1,7.5
351,2026-07-10,"2026-07-01","Half",1,84.79
1923,2026-07-10,"2026-07-01","Chicken - Ground - Lb.",1,10.25
1923,2026-07-10,"2026-07-01","Eggs - Dozen",1,6.5
1923,2026-07-10,"2026-07-01","Mushrooms - Choice",1,8
1923,2026-07-10,"2026-07-01","Wildcard $5 - Each",1,5
1923,2026-07-10,"2026-07-01","UCA/KWA",1,79.79
1879,2026-07-10,"2026-07-01","Mothership Pickup Time (3.0 @4:30-5) - @4:30-5",1,0
1879,2026-07-10,"2026-07-01","Bagels - Pumpernickel - BU - Bag",1,11
1879,2026-07-10,"2026-07-01","German Quark HBC - Jar",1,6.75
1879,2026-07-10,"2026-07-01","Mustard (1.0 Onion) - Onion",1,6.5
1879,2026-07-10,"2026-07-01","Pork - Bratwurst  - Pack",1,8.5
1879,2026-07-10,"2026-07-01","Extra Credit - Each",11,1.06
1879,2026-07-10,"2026-07-01","Mini",1,53.2
1498,2026-07-10,"2026-07-01","UCity Pickup Time - @4:10-4:30",1,0
1498,2026-07-10,"2026-07-01","Chicken Breasts /lb. - Pack",1,12.58
1498,2026-07-10,"2026-07-01","Peaches - Bag",1,7
1498,2026-07-10,"2026-07-01","Peppers - Green Bell - 2-pack",1,3.25
1498,2026-07-10,"2026-07-01","Pork Snack Sticks - Honey 4pk - Pack",1,10.3
1498,2026-07-10,"2026-07-01","Sweet Corn - 5-pack",1,3.25
1498,2026-07-10,"2026-07-01","Extra Credit - Each",14.63,1.06
1498,2026-07-10,"2026-07-01","Mini",1,53.2
526,2026-07-10,"2026-07-01","UCity Pickup Time - @4:10-4:30",1,0
526,2026-07-10,"2026-07-01","Bagels - Pumpernickel - BU - Bag",1,11
526,2026-07-10,"2026-07-01","Ground Lamb  - Lb.",1,15
526,2026-07-10,"2026-07-01","Oat Porridge Bread - Wednesday - Loaf",1,9
526,2026-07-10,"2026-07-01","RL Chocolate Milk - Bottle",2,2.75
526,2026-07-10,"2026-07-01","Extra Credit - Each",10.75,1.06
526,2026-07-10,"2026-07-01","UCA/KWA",1,79.79
42,2026-07-10,"2026-07-01","Blueberries - Pint",1,7
42,2026-07-10,"2026-07-01","Ground Beef - D&M - Lb.",2,10.5
42,2026-07-10,"2026-07-01","Salmon - Fillet Pieces/LB* - Each",2,8.69
42,2026-07-10,"2026-07-01","Extra Credit - Each",15.63,1.06
42,2026-07-10,"2026-07-01","UCA/KWA",1,79.79
544,2026-07-10,"2026-07-01","Marinara Sauce - Jar",1,8.75
544,2026-07-10,"2026-07-01","Pasta Wildcard $6.50 - Pack",1,6.5
544,2026-07-10,"2026-07-01","Pork - Ground  - Lb.",1,7.5
544,2026-07-10,"2026-07-01","Half",1,84.79
639,2026-07-10,"2026-07-01","UCity Pickup Time (2.0 @4:30-5) - @4:30-5",1,0
639,2026-07-10,"2026-07-01","Janie's Bread - Wednesday - Each",1,7
639,2026-07-10,"2026-07-01","Radishes - Mini Daikon - Bunch",1,4
639,2026-07-10,"2026-07-01","Ravioli - Goat Cheese  - Lb.",1,9.15
639,2026-07-10,"2026-07-01","Sweet Corn - 5-pack",1,3.25
639,2026-07-10,"2026-07-01","Extra Credit - Each",0.65,1.06
639,2026-07-10,"2026-07-01","Half",1,84.79
1030,2026-07-10,"2026-07-01","UCity Pickup Time (2.0 @4:30-5) - @4:30-5",1,0
1030,2026-07-10,"2026-07-01","Bagels - Poppy Seed - BU - Bag",1,11
1030,2026-07-10,"2026-07-01","Blueberries - Pint",1,7
1030,2026-07-10,"2026-07-01","Eggs - Dozen",1,6.5
1030,2026-07-10,"2026-07-01","Light and Mild - Wednesday - Loaf",1,8.25
1030,2026-07-10,"2026-07-01","Extra Credit - Each",3,1.06
1030,2026-07-10,"2026-07-01","UCA/KWA",1,79.79
317,2026-07-10,"2026-07-01","UCity Pickup Time - @4:10-4:30",1,0
317,2026-07-10,"2026-07-01","Eggs - Dozen",1,6.5
317,2026-07-10,"2026-07-01","Gnocchi - Garlic Chive  - Lb.",1,6.5
317,2026-07-10,"2026-07-01","Ground Beef - D&M - Lb.",1,10.5
317,2026-07-10,"2026-07-01","Light and Mild - Wednesday - Loaf",1,8.25
317,2026-07-10,"2026-07-01","Marinara Sauce - Jar",1,8.75
317,2026-07-10,"2026-07-01","Mushrooms (1.0 Lion's Mane) - Lion's Mane",1,8
317,2026-07-10,"2026-07-01","Peaches - Bag",1,7
317,2026-07-10,"2026-07-01","Ravioli - Butternut Squash  - Lb.",1,9.15
317,2026-07-10,"2026-07-01","Ravioli - Mushroom  - Lb.",1,9.15
317,2026-07-10,"2026-07-01","Tomatoes - Slicing - Bag",1,6.5
317,2026-07-10,"2026-07-01","Extra Credit - Each",57.55,1.06
317,2026-07-10,"2026-07-01","Half",1,68.89
863,2026-07-10,"2026-07-01","Mothership Pickup Time (6.0 @6-6:30) - @6-6:30",1,0
863,2026-07-10,"2026-07-01","Beans - Yellow Wax  - Bag",1,3
863,2026-07-10,"2026-07-01","Eggs - Dozen",1,6.5
863,2026-07-10,"2026-07-01","Ground Beef - D&M - Lb.",1,10.5
863,2026-07-10,"2026-07-01","Sweet Corn - 5-pack",1,3.25
863,2026-07-10,"2026-07-01","Tomatillos  - Bag",1,4.75
863,2026-07-10,"2026-07-01","Tomatoes - Sungold - Pint",1,6.75
863,2026-07-10,"2026-07-01","Extra Credit - Each",0.5,1.06
863,2026-07-10,"2026-07-01","FSA/FSD",1,79.79
190,2026-07-10,"2026-07-01","Ground Turkey - Pack",2,10.25
190,2026-07-10,"2026-07-01","Applewood Smoked Cheddar - Each",1,6.5
190,2026-07-10,"2026-07-01","Bagels - Everything - BU - Bag",1,11
190,2026-07-10,"2026-07-01","Marinara Sauce - Jar",1,8.75
190,2026-07-10,"2026-07-01","Pasta - Gluten Free Short LV - Each",1,5.25
190,2026-07-10,"2026-07-01","Peaches - Bag",1,7
190,2026-07-10,"2026-07-01","Potatoes - New - Bag",1,5.75
190,2026-07-10,"2026-07-01","Sweet Corn - 5-pack",1,3.25
190,2026-07-10,"2026-07-01","Yogurt - Plain - Oz.",1,7.1
190,2026-07-10,"2026-07-01","Extra Credit - Each",53.6,1.06
190,2026-07-10,"2026-07-01","Mini",1,53.2
125,2026-07-10,"2026-07-01","Blackberries - Frozen - Quart",1,10.5
125,2026-07-10,"2026-07-01","Peaches - Bag",2,7
125,2026-07-10,"2026-07-01","Tomatoes - Heirloom - Bag",1,8.5
125,2026-07-10,"2026-07-01","Tomatoes - Sungold - Pint",1,6.75
125,2026-07-10,"2026-07-01","Extra Credit - Each",10,1.06
125,2026-07-10,"2026-07-01","UCA/KWA",1,79.79
235,2026-07-10,"2026-07-01","Eggs - BW - Dozen",1,6.5
235,2026-07-10,"2026-07-01","Fresh Herb - Basil - Bunch",1,3.5
235,2026-07-10,"2026-07-01","Peaches - Bag",1,7
235,2026-07-10,"2026-07-01","Semolina - Wednesday - Loaf",1,7
235,2026-07-10,"2026-07-01","Swiss Chard - Bunch",1,6
235,2026-07-10,"2026-07-01","Extra Credit - Each",8.25,1.06
235,2026-07-10,"2026-07-01","Mini",1,53.2
356,2026-07-10,"2026-07-01","UCity Pickup Time (2.0 @4:30-5) - @4:30-5",1,0
356,2026-07-10,"2026-07-01","Bagels - Poppy Seed - BU - Bag",1,11
356,2026-07-10,"2026-07-01","Chicken Drumsticks /LB - Pack",1,3.71
356,2026-07-10,"2026-07-01","Flank Steak/lbs. - lbs",1,45.36
356,2026-07-10,"2026-07-01","Extra Credit - Each",38.32,1.06
356,2026-07-10,"2026-07-01","Mini",1,53.2
1107,2026-07-10,"2026-07-01","UCity Pickup Time (2.0 @4:30-5) - @4:30-5",1,0
1107,2026-07-10,"2026-07-01","Collards - Bunch",1,6
1107,2026-07-10,"2026-07-01","Eggs - Dozen",1,6.5
1107,2026-07-10,"2026-07-01","Manicotti - Spinach - Package",1,10.15
1107,2026-07-10,"2026-07-01","Half",1,68.89
598,2026-07-10,"2026-07-01","Beef - Stew Meat - Pack",1,10.5
598,2026-07-10,"2026-07-01","Eggs - Dozen",1,6.5
598,2026-07-10,"2026-07-01","Sourdough Bread - Frozen - Lb.",1,6.75
598,2026-07-10,"2026-07-01","Extra Credit - Each",2,1.06
598,2026-07-10,"2026-07-01","Mini",1,53.2
423,2026-07-10,"2026-07-01","Mothership Pickup Time (6.0 @6-6:30) - @6-6:30",1,0
423,2026-07-10,"2026-07-01","Blackberries - Pint",2,7
423,2026-07-10,"2026-07-01","Blueberries - Pint",1,7
423,2026-07-10,"2026-07-01","Eggs - Dozen",1,6.5
423,2026-07-10,"2026-07-01","Ground Beef - D&M - Lb.",1,10.5
423,2026-07-10,"2026-07-01","Honey - Qt. - Jar",1,20.25
423,2026-07-10,"2026-07-01","Potatoes - New - Bag",1,5.75
423,2026-07-10,"2026-07-01","Sweet Corn - 5-pack",1,3.25
423,2026-07-10,"2026-07-01","Tomatoes - Heirloom - Bag",1,8.5
423,2026-07-10,"2026-07-01","Tomatoes - Slicing - Bag",1,6.5
423,2026-07-10,"2026-07-01","Yogurt - Vanilla - Oz.",1,7.1
423,2026-07-10,"2026-07-01","Extra Credit - Each",55.1,1.06
423,2026-07-10,"2026-07-01","FSA/FSD",1,79.79
814,2026-07-10,"2026-07-01","UCity Pickup Time - @4:10-4:30",1,0
814,2026-07-10,"2026-07-01","Marinara Sauce - Jar",1,8.75
814,2026-07-10,"2026-07-01","Pasta Wildcard $6.50 - Pack",1,6.5
814,2026-07-10,"2026-07-01","Pork - Ground  - Lb.",1,7.5
814,2026-07-10,"2026-07-01","Half",1,68.89
814,2026-07-10,"2026-07-01","Creamline MILK-e",1,8.85
814,2026-07-10,"2026-07-01","Whole MILK-e",1,8.85
1627,2026-07-10,"2026-07-01","Mothership Pickup Time (4.0 @5-5:30) - @5-5:30",1,0
1627,2026-07-10,"2026-07-01","Bagels - Pumpernickel - BU - Bag",1,11
1627,2026-07-10,"2026-07-01","Chicken Thighs - Boneless/lb. - lbs",1,10.85
1627,2026-07-10,"2026-07-01","Cinnamon Rolls - Frozen - Pack",1,6.75
1627,2026-07-10,"2026-07-01","Eggs - Dozen",1,6.5
1627,2026-07-10,"2026-07-01","Ground Beef - D&M - Lb.",1,10.5
1627,2026-07-10,"2026-07-01","Hoagie - Wednesday - Each",1,3.5
1627,2026-07-10,"2026-07-01","Extra Credit - Each",14.85,1.06
1627,2026-07-10,"2026-07-01","FSA/FSD",1,79.79
322,2026-07-10,"2026-07-01","Chicken - Ground - Lb.",1,10.25
322,2026-07-10,"2026-07-01","Dark Chocolate Square  - Each",1,1.75
322,2026-07-10,"2026-07-01","Eggs - Dozen",1,6.5
322,2026-07-10,"2026-07-01","Mushrooms - Choice",1,8
322,2026-07-10,"2026-07-01","Sweet Corn - 5-pack",1,3.25
322,2026-07-10,"2026-07-01","UCA/KWA",1,79.79
322,2026-07-10,"2026-07-01","2% MILK-e",0,8.85
132,2026-07-10,"2026-07-01","Stringbean Peru - Oz.",1,16
132,2026-07-10,"2026-07-01","Mothership Pickup Time (2.0 @4-4:30) - @4-4:30",1,0
132,2026-07-10,"2026-07-01","Ground Beef - D&M - Lb.",1,10.5
132,2026-07-10,"2026-07-01","Marinara Sauce - Jar",1,8.75
132,2026-07-10,"2026-07-01","Pasta Wildcard $6.50 - Pack",1,6.5
132,2026-07-10,"2026-07-01","Sourdough Bread - Frozen - Lb.",1,6.75
132,2026-07-10,"2026-07-01","Extra Credit - Each",25.75,1.06
132,2026-07-10,"2026-07-01","Half",1,84.79
960,2026-07-10,"2026-07-01","Marinara Sauce - Jar",1,8.75
960,2026-07-10,"2026-07-01","Pasta Wildcard $6.50 - Pack",1,6.5
960,2026-07-10,"2026-07-01","Peaches - Bag",1,7
960,2026-07-10,"2026-07-01","Pork - Ground  - Lb.",1,7.5
960,2026-07-10,"2026-07-01","Tortillas Sourdough - Frozen - Pack",1,5
960,2026-07-10,"2026-07-01","Extra Credit - Each",12,1.06
960,2026-07-10,"2026-07-01","Half",1,84.79
1474,2026-07-10,"2026-07-01","Blackberries - Pint",1,7
1474,2026-07-10,"2026-07-01","Hoagie - Wednesday - Each",1,3.5
1474,2026-07-10,"2026-07-01","Peaches - Bag",1,7
1474,2026-07-10,"2026-07-01","Pork Breakfast Patties D&M - Pack",1,8.5
1474,2026-07-10,"2026-07-01","Radishes - Red - Lb.",1,3.5
1474,2026-07-10,"2026-07-01","Tomatoes - Sungold - Pint",1,6.75
1474,2026-07-10,"2026-07-01","Extra Credit - Each",14.5,1.06
1474,2026-07-10,"2026-07-01","Mini",1,53.2
1048,2026-07-10,"2026-07-01","UCity Pickup Time - @4:10-4:30",1,0
1048,2026-07-10,"2026-07-01","Blackberries - Pint",1,7
1048,2026-07-10,"2026-07-01","Blueberries - Pint",1,7
1048,2026-07-10,"2026-07-01","Chicken - Thighs /lbs  - lbs",2,8.1
1048,2026-07-10,"2026-07-01","Tomatoes - Sungold - Pint",1,6.75
1048,2026-07-10,"2026-07-01","Extra Credit - Each",7.2,1.06
1048,2026-07-10,"2026-07-01","UCA/KWA",1,79.79
1255,2026-07-10,"2026-07-01","Eggs - BW - Dozen",1,6.5
1255,2026-07-10,"2026-07-01","Mothership Pickup Time (1.0 @3:30-4) - @3:30-4",1,0
1255,2026-07-10,"2026-07-01","Bread Choice - Frozen ($6.75) - Loaf",1,6.75
1255,2026-07-10,"2026-07-01","Pork - Bratwurst  - Pack",1,8.5
1255,2026-07-10,"2026-07-01","Mini",1,53.2
1255,2026-07-10,"2026-07-01","2% MILK",0,8.85
1255,2026-07-10,"2026-07-01","Half & Half",0,5.05
620,2026-07-10,"2026-07-01","Blueberries - Pint",1,7
620,2026-07-10,"2026-07-01","Eggs - Dozen",1,6.5
620,2026-07-10,"2026-07-01","Peaches - Bag",1,7
620,2026-07-10,"2026-07-01","Semolina - Wednesday - Loaf",1,7
620,2026-07-10,"2026-07-01","Tomatoes - Sungold - Pint",1,6.75
620,2026-07-10,"2026-07-01","Extra Credit - Each",11.5,1.06
620,2026-07-10,"2026-07-01","Half",1,84.79
1162,2026-07-10,"2026-07-01","Mothership Pickup Time (1.0 @3:30-4) - @3:30-4",1,0
1162,2026-07-10,"2026-07-01","Curds Applewood Smoked 10 oz - Bag",1,6.75
1162,2026-07-10,"2026-07-01","English Muffin Sourdough - Frozen - Pack",1,5
1162,2026-07-10,"2026-07-01","Garlic Scapes - Bag",1,4
1162,2026-07-10,"2026-07-01","Mustard (1.0 Onion) - Onion",1,6.5
1162,2026-07-10,"2026-07-01","Sweet Corn - 5-pack",1,3.25
1162,2026-07-10,"2026-07-01","Extra Credit - Each",3.75,1.06
1162,2026-07-10,"2026-07-01","Mini",1,53.2
1735,2026-07-10,"2026-07-01","UCity Pickup Time - @4:10-4:30",1,0
1735,2026-07-10,"2026-07-01","Mushrooms (1.0 Shiitake) - Shiitake",1,8
1735,2026-07-10,"2026-07-01","Potatoes - New - Bag",1,5.75
1735,2026-07-10,"2026-07-01","Semolina - Wednesday - Loaf",1,7
1735,2026-07-10,"2026-07-01","Sweet Corn - 5-pack",1,3.25
1735,2026-07-10,"2026-07-01","Tomatoes - Heirloom - Bag",1,8.5
1735,2026-07-10,"2026-07-01","Extra Credit - Each",2.75,1.06
1735,2026-07-10,"2026-07-01","UCA/KWA",1,79.79
627,2026-07-10,"2026-07-01","UCity Pickup Time - @4:10-4:30",1,0
627,2026-07-10,"2026-07-01","Beets - Golden - Lb.",1,5
627,2026-07-10,"2026-07-01","Peaches - Bag",1,7
627,2026-07-10,"2026-07-01","Semolina - Wednesday - Loaf",1,7
627,2026-07-10,"2026-07-01","Mini",1,53.2
1014,2026-07-10,"2026-07-01","UCity Pickup Time - @4:10-4:30",1,0
1014,2026-07-10,"2026-07-01","Beans - Yellow Wax  - Bag",1,3
1014,2026-07-10,"2026-07-01","Bison - Ground - Lb.",1,27.25
1014,2026-07-10,"2026-07-01","Cheese - Aged Alpine - Pack",1,6.75
1014,2026-07-10,"2026-07-01","Squash - Zucchini - Each",2,2.5
1014,2026-07-10,"2026-07-01","Sweet Corn - 5-pack",1,3.25
1014,2026-07-10,"2026-07-01","Swiss Chard - Bunch",1,6
1014,2026-07-10,"2026-07-01","Wild Cod/LB* - Pack",2,7.89
1014,2026-07-10,"2026-07-01","Extra Credit - Each",45.28,1.06
1014,2026-07-10,"2026-07-01","Mini",1,53.2
1014,2026-07-10,"2026-07-01","Eggs - Buttonwood",1,6.65
1427,2026-07-10,"2026-07-01","Dark Bar 61% - Package",1,3
1427,2026-07-10,"2026-07-01","Granola Bar - Each",1,3.8
1427,2026-07-10,"2026-07-01","Mustard - Choice",1,6.5
1427,2026-07-10,"2026-07-01","Pork - Bratwurst  - Pack",1,8.5
1427,2026-07-10,"2026-07-01","Extra Credit - Each",0.05,1.06
225,2026-07-10,"2026-07-01","Cucumbers - Pickling - Bag",1,3.5
225,2026-07-10,"2026-07-01","UCity Pickup Time - @4:10-4:30",1,0
225,2026-07-10,"2026-07-01","Blueberries - Pint",1,7
225,2026-07-10,"2026-07-01","Garlic Scapes - Bag",1,4
225,2026-07-10,"2026-07-01","Hoagie - Wednesday - Each",1,3.5
225,2026-07-10,"2026-07-01","Janie's Bread - Wednesday - Each",1,7
225,2026-07-10,"2026-07-01","Peaches - Bag",1,7
225,2026-07-10,"2026-07-01","Pretzel - UL Wednesday - Each",1,3.75
225,2026-07-10,"2026-07-01","Tomatoes - Heirloom - Bag",1,8.5
225,2026-07-10,"2026-07-01","Extra Credit - Each",39.25,1.06
225,2026-07-10,"2026-07-01","(BYO) UCG - Orders Only",1,0
225,2026-07-10,"2026-07-01","Cream pint",1,5.32
225,2026-07-10,"2026-07-01","Eggs - Buttonwood",1,6.92
225,2026-07-10,"2026-07-01","Plain yogurt",1,7.55
225,2026-07-10,"2026-07-01","Whole MILK-e",1,8.85
384,2026-07-10,"2026-07-01","UCity Pickup Time - @4:10-4:30",1,0
384,2026-07-10,"2026-07-01","Blueberries - Pint",2,7
384,2026-07-10,"2026-07-01","Peaches - Bag",1,7
384,2026-07-10,"2026-07-01","Ravioli - 4-Cheese - Lb.",1,9.15
384,2026-07-10,"2026-07-01","Tomatoes - Sungold - Pint",1,6.75
384,2026-07-10,"2026-07-01","Yogurt - Plain - Oz.",1,7.1
384,2026-07-10,"2026-07-01","Extra Credit - Each",18.75,1.06
384,2026-07-10,"2026-07-01","Half",1,68.89
384,2026-07-10,"2026-07-01","2% MILK-e",1,8.85
240,2026-07-10,"2026-07-01","Mothership Pickup Time (4.0 @5-5:30) - @5-5:30",1,0
240,2026-07-10,"2026-07-01","Bacon - Each",1,13.5
240,2026-07-10,"2026-07-01","Ground Beef - D&M - Lb.",1,10.5
240,2026-07-10,"2026-07-01","Milk Chocolate Bar - Pack",1,3
240,2026-07-10,"2026-07-01","Queso Quesadilla - HBC - Each",1,6.75
240,2026-07-10,"2026-07-01","FSA/FSD",1,79.79
751,2026-07-10,"2026-07-01","Mothership Pickup Time (2.0 @4-4:30) - @4-4:30",1,0
751,2026-07-10,"2026-07-01","Eggs - Dozen",1,6.5
751,2026-07-10,"2026-07-01","Peppers - Green Bell - 2-pack",1,3.25
751,2026-07-10,"2026-07-01","Pork - Bratwurst  - Pack",1,8.5
751,2026-07-10,"2026-07-01","Tomatoes - Heirloom - Bag",1,8.5
751,2026-07-10,"2026-07-01","Tomatoes - Sungold - Pint",2,6.75
751,2026-07-10,"2026-07-01","Extra Credit - Each",6,1.06
751,2026-07-10,"2026-07-01","FSA/FSD",1,79.79
952,2026-07-10,"2026-07-01","Pizza - Deluxe - Each",1,8.5
952,2026-07-10,"2026-07-01","Mothership Pickup Time (3.0 @4:30-5) - @4:30-5",1,0
952,2026-07-10,"2026-07-01","Eggs - Dozen",1,6.5
952,2026-07-10,"2026-07-01","Ground Beef - D&M - Lb.",1,10.5
952,2026-07-10,"2026-07-01","Hummus - Beet & Pepita - Tub",1,6.75
952,2026-07-10,"2026-07-01","Wildcard $4 - Each",1,4
952,2026-07-10,"2026-07-01","Extra Credit - Each",2,1.06
952,2026-07-10,"2026-07-01","FSA/FSD",1,79.79
107,2026-07-10,"2026-07-01","Eggs - BW - Dozen",1,6.5
107,2026-07-10,"2026-07-01","UCity Pickup Time - @4:10-4:30",1,0
107,2026-07-10,"2026-07-01","Blackberries - Pint",1,7
107,2026-07-10,"2026-07-01","Honey - Wildflower - Bottle",1,11.5
107,2026-07-10,"2026-07-01","Hummus - Beet & Pepita - Tub",1,6.75
107,2026-07-10,"2026-07-01","Hummus - Carrot & Ginger - Tub",1,6.75
107,2026-07-10,"2026-07-01","Janie's Bread - Wednesday - Each",1,7
107,2026-07-10,"2026-07-01","Shoots - Pea - Bag",1,4.5
107,2026-07-10,"2026-07-01","Tomatoes - Slicing - Bag",1,6.5
107,2026-07-10,"2026-07-01","Extra Credit - Each",34.75,1.06
107,2026-07-10,"2026-07-01","Mini",1,53.2
1143,2026-07-10,"2026-07-01","UCity Pickup Time - @4:10-4:30",1,0
1143,2026-07-10,"2026-07-01","Hummus - Carrot & Ginger - Tub",1,6.75
1143,2026-07-10,"2026-07-01","Meatballs D&M - Package",1,15
1143,2026-07-10,"2026-07-01","Pork Italian Bulk - D&M - Lb.",1,8.5
1143,2026-07-10,"2026-07-01","Extra Credit - Each",0.5,1.06
1143,2026-07-10,"2026-07-01","UCA/KWA",1,79.79
227,2026-07-10,"2026-07-01","UCity Pickup Time (2.0 @4:30-5) - @4:30-5",1,0
227,2026-07-10,"2026-07-01","Food For FS Cats Donation - $",2,1
227,2026-07-10,"2026-07-01","Blueberries - Pint",1,7
227,2026-07-10,"2026-07-01","Buttermilk Waffles Sourdough - Frozen - Pack",1,5
227,2026-07-10,"2026-07-01","Dark Bar 61% - Package",1,3
227,2026-07-10,"2026-07-01","Dark Chocolate Almond Bar - Pack",1,4.95
227,2026-07-10,"2026-07-01","Kohlrabi  - Head",2,1
227,2026-07-10,"2026-07-01","Popcorn - McKaskle - Lb.",1,5.75
227,2026-07-10,"2026-07-01","UCA/KWA",1,79.79
1689,2026-07-10,"2026-07-01","UCity Pickup Time - @4:10-4:30",1,0
1689,2026-07-10,"2026-07-01","Beans - Green - Bag",1,4.25
1689,2026-07-10,"2026-07-01","Blueberries - Pint",1,7
1689,2026-07-10,"2026-07-01","Eggs - Dozen",1,6.5
1689,2026-07-10,"2026-07-01","Granola Bar - Each",2,3.8
1689,2026-07-10,"2026-07-01","Hoagie - PIB Frozen - Bag",1,6.75
1689,2026-07-10,"2026-07-01","Peaches - Bag",1,7
1689,2026-07-10,"2026-07-01","Semolina - Wednesday - Loaf",1,7
1689,2026-07-10,"2026-07-01","Squash - Zucchini - Each",1,2.5
1689,2026-07-10,"2026-07-01","Tomatillos  - Bag",1,4.75
1689,2026-07-10,"2026-07-01","Tomatoes - Slicing - Bag",1,6.5
1689,2026-07-10,"2026-07-01","Extra Credit - Each",38.1,1.06
1689,2026-07-10,"2026-07-01","Mini",1,53.2
1105,2026-07-10,"2026-07-01","UCity Pickup Time - @4:10-4:30",1,0
1105,2026-07-10,"2026-07-01","Bagels - Plain - BU - Bag",1,11
1105,2026-07-10,"2026-07-01","Bagels - Sesame Seed - BU - Bag",1,11
1105,2026-07-10,"2026-07-01","Blueberries - Pint",1,7
1105,2026-07-10,"2026-07-01","Chicken - Ground - Lb.",1,10.25
1105,2026-07-10,"2026-07-01","Ground Beef - D&M - Lb.",1,10.5
1105,2026-07-10,"2026-07-01","Popped Corn - Organic - Bag",1,3
1105,2026-07-10,"2026-07-01","Pork - Ground  - Lb.",1,7.5
1105,2026-07-10,"2026-07-01","Extra Credit - Each",25.5,1.06
1105,2026-07-10,"2026-07-01","Half",1,68.89
1407,2026-07-10,"2026-07-01","Milk - Whole - Oz.",2,8.32
1407,2026-07-10,"2026-07-01","Almonds - Salted - Oz.",1,14.75
1407,2026-07-10,"2026-07-01","Cucumbers - Pickling - Bag",4,3.5
1407,2026-07-10,"2026-07-01","Eggs - BW - Dozen",2,6.5
1407,2026-07-10,"2026-07-01","Mothership Pickup Time (1.0 @3:30-4) - @3:30-4",1,0
1407,2026-07-10,"2026-07-01","Applewood Smoked Cheddar - Each",1,6.5
1407,2026-07-10,"2026-07-01","Bacon - Each",2,13.5
1407,2026-07-10,"2026-07-01","Ground Beef - D&M - Lb.",2,10.5
1407,2026-07-10,"2026-07-01","Oats - Rolled 5# - Bag",1,12.25
1407,2026-07-10,"2026-07-01","Pork - Bratwurst  - Pack",2,8.5
1407,2026-07-10,"2026-07-01","Rice - Basmati Brown - Lb.",1,7.5
1407,2026-07-10,"2026-07-01","Sweet Corn - 5-pack",2,3.25
1407,2026-07-10,"2026-07-01","Extra Credit - Each",151.14,1.06
1506,2026-07-10,"2026-07-01","Dates - Oz.",1,10
1506,2026-07-10,"2026-07-01","UCity Pickup Time - @4:10-4:30",1,0
1506,2026-07-10,"2026-07-01","Eggs - Dozen",1,6.5
1506,2026-07-10,"2026-07-01","Peaches - Bag",1,7
1506,2026-07-10,"2026-07-01","Skirt Steak/lbs. - Each",1,23.1
1506,2026-07-10,"2026-07-01","Toffee - Package",1,7.5
1506,2026-07-10,"2026-07-01","Extra Credit - Each",20.15,1.06
1506,2026-07-10,"2026-07-01","UCA/KWA",1,79.79
883,2026-07-10,"2026-07-01","Mothership Pickup Time (6.0 @6-6:30) - @6-6:30",1,0
883,2026-07-10,"2026-07-01","Chicken Breasts /lb. - Pack",1,10.88
883,2026-07-10,"2026-07-01","Ground Beef - D&M - Lb.",1,10.5
883,2026-07-10,"2026-07-01","Pork - Bratwurst  - Pack",1,8.5
883,2026-07-10,"2026-07-01","Extra Credit - Each",8.13,1.06
883,2026-07-10,"2026-07-01","Mini",1,53.2
712,2026-07-10,"2026-07-01","Hamburger Buns - 4-pack",1,2.55
712,2026-07-10,"2026-07-01","Food for Ferals Donation - $",1,1
712,2026-07-10,"2026-07-01","Beans - Green - Bag",1,4.25
712,2026-07-10,"2026-07-01","Buttermilk Waffles Sourdough - Frozen - Pack",2,5
712,2026-07-10,"2026-07-01","Chicken - Ground - Lb.",2,10.25
712,2026-07-10,"2026-07-01","Eggplant - Globe - Each",2,1.75
712,2026-07-10,"2026-07-01","Eggs - Dozen",2,6.5
712,2026-07-10,"2026-07-01","English Muffin Sourdough - Frozen - Pack",1,5
712,2026-07-10,"2026-07-01","Flank Steak/lbs. - lbs",2,36.33
712,2026-07-10,"2026-07-01","Ground Beef - D&M - Lb.",3,10.5
712,2026-07-10,"2026-07-01","Hoagie - Wednesday - Each",1,3.5
712,2026-07-10,"2026-07-01","Marinara Sauce - Jar",1,8.75
712,2026-07-10,"2026-07-01","Peaches - Bag",2,7
712,2026-07-10,"2026-07-01","Potatoes - New - Bag",1,5.75
712,2026-07-10,"2026-07-01","Sesame Hoagie -W - Each",1,3.8
712,2026-07-10,"2026-07-01","Skirt Steak/lbs. - Each",2,27.93
712,2026-07-10,"2026-07-01","Squash - Zucchini - Each",2,2.5
712,2026-07-10,"2026-07-01","Sweet Corn - 5-pack",2,3.25
712,2026-07-10,"2026-07-01","Tomatoes - Sungold - Pint",2,5.5
712,2026-07-10,"2026-07-01","Extra Credit - Each",255.37,1.06
712,2026-07-10,"2026-07-01","Half",1,84.79
756,2026-07-10,"2026-07-02","Eggs - BW - Dozen",1,6.5
756,2026-07-10,"2026-07-02","Mothership Pickup Time (4.0 @5-5:30) - @5-5:30",1,0
756,2026-07-10,"2026-07-02","Olive Oil Large - Bottle",1,18.5
756,2026-07-10,"2026-07-02","Extra Credit - Each",2.25,1.06
756,2026-07-10,"2026-07-02","Half",1,84.79
1217,2026-07-10,"2026-07-02","Eggs - BW - Dozen",1,6.5
1217,2026-07-10,"2026-07-02","Kirkwood Pickup Time (1.0 PORCH) - PORCH",1,0
1217,2026-07-10,"2026-07-02","Bagels - Raisin - Frozen - Bag",1,6.75
1217,2026-07-10,"2026-07-02","Mustard (1.0 Garlic) - Garlic",1,6.5
1217,2026-07-10,"2026-07-02","Shoots - Specialty Mix - Bag",1,4.5
1217,2026-07-10,"2026-07-02","Vinaigrette - Greek Style - Bottle",1,6.25
1217,2026-07-10,"2026-07-02","Extra Credit - Each",8.75,1.06
1217,2026-07-10,"2026-07-02","Mini",1,53.2
1891,2026-07-10,"2026-07-02","Kirkwood Pickup Time (2.0 @1:30-2) - @1:30-2",1,0
1891,2026-07-10,"2026-07-02","Blueberries - Pint",1,7
1891,2026-07-10,"2026-07-02","Eggplant - Globe - Each",1,1.75
1891,2026-07-10,"2026-07-02","Eggs - Dozen",1,6.5
1891,2026-07-10,"2026-07-02","Mushrooms (1.0 Shiitake) - Shiitake",1,8
1891,2026-07-10,"2026-07-02","Tomatoes - Sungold - Pint",1,6.75
1891,2026-07-10,"2026-07-02","Extra Credit - Each",0.25,1.06
1891,2026-07-10,"2026-07-02","UCA/KWA",1,79.79
499,2026-07-10,"2026-07-02","Marinara Sauce - Jar",1,8.75
499,2026-07-10,"2026-07-02","Pasta Wildcard $6.50 - Pack",1,6.5
499,2026-07-10,"2026-07-02","Pork - Ground  - Lb.",1,7.5
499,2026-07-10,"2026-07-02","Half",1,84.79
192,2026-07-10,"2026-07-02","Kirkwood Pickup Time - @1-1:30",1,0
192,2026-07-10,"2026-07-02","Curds Creamy Ranch 10 oz - Bag",1,6.75
192,2026-07-10,"2026-07-02","Hoagie - T - Each",1,3.5
192,2026-07-10,"2026-07-02","Peaches - Bag",1,7
192,2026-07-10,"2026-07-02","Pork - Breakfast ($8) - Pack",1,8
192,2026-07-10,"2026-07-02","Mini",1,53.2
192,2026-07-10,"2026-07-02","2% MILK",2,8.85
1977,2026-07-10,"2026-07-02","Mothership Pickup Time (1.0 @3:30-4) - @3:30-4",1,0
1977,2026-07-10,"2026-07-02","Eggs - Dozen",1,6.5
1977,2026-07-10,"2026-07-02","Ground Beef - D&M - Lb.",1,10.5
1977,2026-07-10,"2026-07-02","Pork - Ground  - Lb.",1,7.5
1977,2026-07-10,"2026-07-02","Extra Credit - Each",1.75,1.06
1977,2026-07-10,"2026-07-02","Half",1,84.79
1977,2026-07-10,"2026-07-02","No Produce - Order Only (even wk)",1,0
1386,2026-07-10,"2026-07-02","Chicken - BULK Breasts /lb. - Pack",1,41.75
1386,2026-07-10,"2026-07-02","Ground Turkey - Pack",1,10.25
1386,2026-07-10,"2026-07-02","Kirkwood Pickup Time - @1-1:30",1,0
1386,2026-07-10,"2026-07-02","Eggs - Dozen",1,6.5
1386,2026-07-10,"2026-07-02","Tomatoes - Slicing - Bag",1,6.5
1386,2026-07-10,"2026-07-02","Extra Credit - Each",35.25,1.06
1386,2026-07-10,"2026-07-02","UCA/KWA",1,79.79
700,2026-07-10,"2026-07-02","Pizza - Cheese  - Each",1,7.5
700,2026-07-10,"2026-07-02","Pizza - Deluxe - Each",1,8.5
700,2026-07-10,"2026-07-02","Mothership Pickup Time (3.0 @4:30-5) - @4:30-5",1,0
700,2026-07-10,"2026-07-02","Curds Garlic Herb HBC 10 oz  - Bag",1,6.75
700,2026-07-10,"2026-07-02","Gnocchi - Sundried Tomato  - Lb.",1,6.5
700,2026-07-10,"2026-07-02","Pork - Ground  - Lb.",1,7.5
700,2026-07-10,"2026-07-02","Tomatoes - Sungold - Pint",1,6.75
700,2026-07-10,"2026-07-02","Extra Credit - Each",20.75,1.06
700,2026-07-10,"2026-07-02","Half",1,84.79
700,2026-07-10,"2026-07-02","Whole MILK-e",2,8.85
1488,2026-07-10,"2026-07-02","Kirkwood Pickup Time - @1-1:30",1,0
1488,2026-07-10,"2026-07-02","Blueberries - Pint",1,7
1488,2026-07-10,"2026-07-02","Buttermilk Waffles Sourdough - Frozen - Pack",1,5
1488,2026-07-10,"2026-07-02","Chicken - Ground - Lb.",1,10.25
1488,2026-07-10,"2026-07-02","Eggs - Dozen",1,6.5
1488,2026-07-10,"2026-07-02","UCA/KWA",1,79.79
1488,2026-07-10,"2026-07-02","2% MILK",1,8.85
287,2026-07-10,"2026-07-02","Mothership Pickup Time (1.0 @3:30-4) - @3:30-4",1,0
287,2026-07-10,"2026-07-02","Blueberries - Pint",1,7
287,2026-07-10,"2026-07-02","Chicken Thighs - Boneless/lb. - lbs",1,9.28
287,2026-07-10,"2026-07-02","Janie's Bread - Thursday - Each",1,7
287,2026-07-10,"2026-07-02","Lettuce Mix - Bag",1,5
287,2026-07-10,"2026-07-02","Tomatoes - Slicing - Bag",1,6.5
287,2026-07-10,"2026-07-02","Wildcard $4 - Each",1,4
287,2026-07-10,"2026-07-02","Yogurt - Plain - Oz.",1,7.1
287,2026-07-10,"2026-07-02","Extra Credit - Each",11.63,1.06
287,2026-07-10,"2026-07-02","FSA/FSD",1,79.79
1970,2026-07-10,"2026-07-02","Kirkwood Pickup Time (2.0 @1:30-2) - @1:30-2",1,0
1970,2026-07-10,"2026-07-02","Bagels - Blueberry - BU - Bag",1,11
1970,2026-07-10,"2026-07-02","Eggs - Dozen",1,6.5
1970,2026-07-10,"2026-07-02","Fresh Herb - Basil - Bunch",1,3.5
1970,2026-07-10,"2026-07-02","Ground Beef - D&M - Lb.",1,10.5
1970,2026-07-10,"2026-07-02","Extra Credit - Each",9.75,1.06
1970,2026-07-10,"2026-07-02","Mini",1,53.2
1671,2026-07-10,"2026-07-02","Mothership Pickup Time (5.0 @5:30-6) - @5:30-6",1,0
1671,2026-07-10,"2026-07-02","Ground Beef - D&M - Lb.",1,10.5
1671,2026-07-10,"2026-07-02","Shoots - Specialty Mix - Bag",1,4.5
1671,2026-07-10,"2026-07-02","Yogurt - Plain - Oz.",1,7.1
1671,2026-07-10,"2026-07-02","Extra Credit - Each",0.35,1.06
1671,2026-07-10,"2026-07-02","Mini",1,53.2
467,2026-07-10,"2026-07-02","Eggs - BW - Dozen",1,6.5
467,2026-07-10,"2026-07-02","Kirkwood Pickup Time (2.0 @1:30-2) - @1:30-2",1,0
467,2026-07-10,"2026-07-02","Ghost Pepper Cheddar - Each",2,6.75
467,2026-07-10,"2026-07-02","Peaches - Bag",1,7
467,2026-07-10,"2026-07-02","Squash - Zucchini - Each",1,2.5
467,2026-07-10,"2026-07-02","Tomatoes - Sungold - Pint",1,6.75
467,2026-07-10,"2026-07-02","Extra Credit - Each",14.5,1.06
467,2026-07-10,"2026-07-02","Mini",1,53.2
929,2026-07-10,"2026-07-02","Beets - Red w/Tops - Bunch",1,5.25
929,2026-07-10,"2026-07-02","Blueberries - Pint",1,7
929,2026-07-10,"2026-07-02","Fresh Herb - Basil - Bunch",4,3.5
929,2026-07-10,"2026-07-02","Marinara Sauce - Jar",1,8.75
929,2026-07-10,"2026-07-02","Peaches - Bag",2,7
929,2026-07-10,"2026-07-02","Polenta - Oz.",1,4.75
929,2026-07-10,"2026-07-02","Turnips - Japanese/White - Lb.",1,4.25
929,2026-07-10,"2026-07-02","Extra Credit - Each",35.25,1.06
929,2026-07-10,"2026-07-02","Half",1,84.79
31,2026-07-10,"2026-07-02","Eggs - BW - Dozen",2,6.5
31,2026-07-10,"2026-07-02","Mothership Pickup Time (2.0 @4-4:30) - @4-4:30",1,0
31,2026-07-10,"2026-07-02","$ for green bags donation - $",1,1
31,2026-07-10,"2026-07-02","Aged Cheddar - HBC - Each",1,6.75
31,2026-07-10,"2026-07-02","Blackberries - Pint",1,7
31,2026-07-10,"2026-07-02","Blueberries - Pint",1,7
31,2026-07-10,"2026-07-02","Peaches - Bag",2,7
31,2026-07-10,"2026-07-02","Radishes - Red - Lb.",1,3.5
31,2026-07-10,"2026-07-02","Shoots - Specialty Mix - Bag",1,4.5
31,2026-07-10,"2026-07-02","Sweet Corn - 5-pack",1,3.25
31,2026-07-10,"2026-07-02","Tomatoes - Sungold - Pint",1,6.75
31,2026-07-10,"2026-07-02","Extra Credit - Each",66.75,1.06
31,2026-07-10,"2026-07-02","No Produce - Order Only (even wk)",1,0
31,2026-07-10,"2026-07-02","2% MILK",0,8.85
1857,2026-07-10,"2026-07-02","Mothership Pickup Time (4.0 @5-5:30) - @5-5:30",1,0
1857,2026-07-10,"2026-07-02","Blackberries - Pint",1,7
1857,2026-07-10,"2026-07-02","Carrots no tops - Lb.",1,6
1857,2026-07-10,"2026-07-02","Eggs - Dozen",2,6.5
1857,2026-07-10,"2026-07-02","Ground Beef - D&M - Lb.",1,10.5
1857,2026-07-10,"2026-07-02","Hoagie - T - Each",1,3.5
1857,2026-07-10,"2026-07-02","Extra Credit - Each",5.75,1.06
1857,2026-07-10,"2026-07-02","FSA/FSD",1,79.79
1622,2026-07-10,"2026-07-02","Mothership Pickup Time (2.0 @4-4:30) - @4-4:30",1,0
1622,2026-07-10,"2026-07-02","Bagels - Raisin - Frozen - Bag",1,6.75
1622,2026-07-10,"2026-07-02","Lettuce Mix - Bag",1,5
1622,2026-07-10,"2026-07-02","Mustard - Choice",1,6.5
1622,2026-07-10,"2026-07-02","Pork - Bratwurst  - Pack",1,8.5
1622,2026-07-10,"2026-07-02","Tomatoes - Sungold - Pint",1,6.75
1622,2026-07-10,"2026-07-02","Extra Credit - Each",11.75,1.06
1622,2026-07-10,"2026-07-02","Mini",1,53.2
1383,2026-07-10,"2026-07-02","Eggs - BW - Dozen",1,6.5
1383,2026-07-10,"2026-07-02","Mothership Pickup Time (1.0 @3:30-4) - @3:30-4",1,0
1383,2026-07-10,"2026-07-02","Marinara Sauce - Jar",1,8.75
1383,2026-07-10,"2026-07-02","Pasta Wildcard $6.50 - Pack",1,6.5
1383,2026-07-10,"2026-07-02","Pork - Ground  - Lb.",1,7.5
1383,2026-07-10,"2026-07-02","Tomatoes - Sungold - Pint",1,6.75
1383,2026-07-10,"2026-07-02","Extra Credit - Each",13.25,1.06
1383,2026-07-10,"2026-07-02","Half",1,84.79
977,2026-07-10,"2026-07-02","Mothership Pickup Time (5.0 @5:30-6) - @5:30-6",1,0
977,2026-07-10,"2026-07-02","Cheese Choice $6.75 - Each",1,6.75
977,2026-07-10,"2026-07-02","Del Carmen Choice - Tub",1,6.5
977,2026-07-10,"2026-07-02","Eggs - Dozen",1,6.5
977,2026-07-10,"2026-07-02","Ground Beef - D&M - Lb.",1,10.5
977,2026-07-10,"2026-07-02","Wildcard $4 - Each",1,4
977,2026-07-10,"2026-07-02","FSA/FSD",1,79.79
670,2026-07-10,"2026-07-02","Mothership Pickup Time (1.0 @3:30-4) - @3:30-4",1,0
670,2026-07-10,"2026-07-02","Blueberries - Pint",1,7
670,2026-07-10,"2026-07-02","Feta Cheese - HBC - Each",1,6.75
670,2026-07-10,"2026-07-02","Lettuce Mix - Bag",1,4.5
670,2026-07-10,"2026-07-02","Peaches - Bag",1,7
670,2026-07-10,"2026-07-02","Popped Corn - Organic - Bag",1,3
670,2026-07-10,"2026-07-02","Tomatoes - Sungold - Pint",1,6.75
670,2026-07-10,"2026-07-02","Yogurt - Plain - Oz.",1,7.1
670,2026-07-10,"2026-07-02","Yogurt - Vanilla - Oz.",1,7.1
670,2026-07-10,"2026-07-02","Extra Credit - Each",27.45,1.06
670,2026-07-10,"2026-07-02","Mini",1,53.2
670,2026-07-10,"2026-07-02","(BYO) FSG - Orders Only",1,0
11,2026-07-10,"2026-07-02","Eggs - BW - Dozen",1,6.5
11,2026-07-10,"2026-07-02","Bacon - Each",1,13.5
11,2026-07-10,"2026-07-02","Ground Beef - D&M - Lb.",1,10.5
11,2026-07-10,"2026-07-02","Semolina - T - Loaf",1,7
11,2026-07-10,"2026-07-02","Extra Credit - Each",3.25,1.06
11,2026-07-10,"2026-07-02","FSA/FSD",1,79.79
83,2026-07-10,"2026-07-02","Eggs - BW - Dozen",1,6.5
83,2026-07-10,"2026-07-02","Half & Half - Pint",1,4.75
83,2026-07-10,"2026-07-02","Mothership Pickup Time (1.0 @3:30-4) - @3:30-4",1,0
83,2026-07-10,"2026-07-02","Blueberries - Pint",1,7
83,2026-07-10,"2026-07-02","Half",1,84.79
473,2026-07-10,"2026-07-02","Kirkwood Pickup Time (1.0 PORCH) - PORCH",1,0
473,2026-07-10,"2026-07-02","Bacon - Each",1,13.5
473,2026-07-10,"2026-07-02","Blackberries - Pint",1,7
473,2026-07-10,"2026-07-02","Blueberries - Pint",1,7
473,2026-07-10,"2026-07-02","Croissant - PIB Frozen - 1-each",4,2.8
473,2026-07-10,"2026-07-02","Hummus - Beet & Pepita - Tub",1,6.75
473,2026-07-10,"2026-07-02","Marinara Sauce - Jar",1,8.75
473,2026-07-10,"2026-07-02","Peaches - Bag",1,7
473,2026-07-10,"2026-07-02","Pita Bread - Frozen (1.0 Wheat) - Wheat",1,3.55
473,2026-07-10,"2026-07-02","Yogurt - Vanilla - Oz.",1,7.1
473,2026-07-10,"2026-07-02","Extra Credit - Each",49.1,1.06
473,2026-07-10,"2026-07-02","Half",1,84.79
471,2026-07-10,"2026-07-02","Cheese Choice $6.75 - Each",1,6.75
471,2026-07-10,"2026-07-02","Del Carmen Choice - Tub",1,6.5
471,2026-07-10,"2026-07-02","Eggs - Dozen",1,6.5
471,2026-07-10,"2026-07-02","Ground Beef - D&M - Lb.",1,10.5
471,2026-07-10,"2026-07-02","Tomatoes - Sungold - Pint",1,6.75
471,2026-07-10,"2026-07-02","Wildcard $4 - Each",1,4
471,2026-07-10,"2026-07-02","Extra Credit - Each",6.75,1.06
471,2026-07-10,"2026-07-02","FSA/FSD",1,79.79
1593,2026-07-10,"2026-07-02","Bagels - Everything - BU - Bag",1,11
1593,2026-07-10,"2026-07-02","Beets - Golden - Lb.",1,5
1593,2026-07-10,"2026-07-02","Tomatoes - Heirloom - Bag",1,8.5
1593,2026-07-10,"2026-07-02","Extra Credit - Each",2.75,1.06
1593,2026-07-10,"2026-07-02","Mini",1,53.2
1839,2026-07-10,"2026-07-02","Mothership Pickup Time (1.0 @3:30-4) - @3:30-4",1,0
1839,2026-07-10,"2026-07-02","Beans - Green - Bag",1,4.25
1839,2026-07-10,"2026-07-02","Black Beans DC - Tub",1,6.5
1839,2026-07-10,"2026-07-02","Tomatoes - Sungold - Pint",1,6.75
1839,2026-07-10,"2026-07-02","Yogurt - Vanilla - Oz.",1,7.1
1839,2026-07-10,"2026-07-02","Extra Credit - Each",1.85,1.06
1839,2026-07-10,"2026-07-02","Half",1,84.79
514,2026-07-10,"2026-07-02","Eggs - BW - Dozen",1,6.5
514,2026-07-10,"2026-07-02","Beans - Green - Bag",1,4.25
514,2026-07-10,"2026-07-02","Beets - Red w/Tops - Bunch",1,5.25
514,2026-07-10,"2026-07-02","Carrots no tops - Lb.",2,6
514,2026-07-10,"2026-07-02","Fresh Herb - Basil - Bunch",1,3.5
514,2026-07-10,"2026-07-02","Peaches - Bag",1,7
514,2026-07-10,"2026-07-02","Semolina - T - Loaf",1,7
514,2026-07-10,"2026-07-02","Shoots - Specialty Mix - Bag",1,4.5
514,2026-07-10,"2026-07-02","Sweet Corn - 5-pack",1,3.25
514,2026-07-10,"2026-07-02","Tomatoes - Sungold - Pint",1,6.75
514,2026-07-10,"2026-07-02","Extra Credit - Each",38.25,1.06
514,2026-07-10,"2026-07-02","Mini",1,53.2
875,2026-07-10,"2026-07-02","Mothership Pickup Time (1.0 @3:30-4) - @3:30-4",1,0
875,2026-07-10,"2026-07-02","Marinara Sauce - Jar",1,8.75
875,2026-07-10,"2026-07-02","Pasta Wildcard $6.50 - Pack",1,6.5
875,2026-07-10,"2026-07-02","Pork - Ground  - Lb.",1,7.5
875,2026-07-10,"2026-07-02","Half",1,84.79
761,2026-07-10,"2026-07-02","Mothership Pickup Time (1.0 @3:30-4) - @3:30-4",1,0
761,2026-07-10,"2026-07-02","Bagels - Pumpernickel - BU - Bag",1,11
761,2026-07-10,"2026-07-02","Bagels - Raisin - Frozen - Bag",1,6.75
761,2026-07-10,"2026-07-02","Janie's Bread - Thursday - Each",1,7
761,2026-07-10,"2026-07-02","Peaches - Bag",1,7
761,2026-07-10,"2026-07-02","Peppers - Green Bell - 2-pack",1,3.25
761,2026-07-10,"2026-07-02","Extra Credit - Each",0.75,1.06
761,2026-07-10,"2026-07-02","FSA/FSD",1,79.79
308,2026-07-10,"2026-07-02","Eggs - BW - Dozen",1,6.5
308,2026-07-10,"2026-07-02","Mothership Pickup Time (1.0 @3:30-4) - @3:30-4",1,0
308,2026-07-10,"2026-07-02","Black Pepper Cheddar - Each",1,6.75
308,2026-07-10,"2026-07-02","Cauliflower - lb. - lbs",1,6.5
308,2026-07-10,"2026-07-02","Lettuce Mix - Bag",1,5
308,2026-07-10,"2026-07-02","Peaches - Bag",1,7
308,2026-07-10,"2026-07-02","Sparkling Tea - Lavender Lemongrass - 4-pack",1,11.25
308,2026-07-10,"2026-07-02","Extra Credit - Each",20.25,1.06
308,2026-07-10,"2026-07-02","Half",1,84.79
540,2026-07-10,"2026-07-02","Kirkwood Pickup Time - @1-1:30",1,0
540,2026-07-10,"2026-07-02","Cucumbers - Slicing - Each",3,2
540,2026-07-10,"2026-07-02","Peaches - Bag",2,7
540,2026-07-10,"2026-07-02","Squash - Zucchini - Each",1,2.5
540,2026-07-10,"2026-07-02","Half",1,84.79
1476,2026-07-10,"2026-07-02","Kirkwood Pickup Time - @1-1:30",1,0
1476,2026-07-10,"2026-07-02","Blueberries - Pint",1,7
1476,2026-07-10,"2026-07-02","Curds Garlic Herb HBC 10 oz  - Bag",1,6.75
1476,2026-07-10,"2026-07-02","Eggs - Dozen",1,6.5
1476,2026-07-10,"2026-07-02","Hoagie - T - Each",1,3.5
1476,2026-07-10,"2026-07-02","Peaches - Bag",1,7
1476,2026-07-10,"2026-07-02","Peppers - Green Bell - 2-pack",1,3.25
1476,2026-07-10,"2026-07-02","Potatoes - New - Bag",1,5.75
1476,2026-07-10,"2026-07-02","Turnips - Japanese/White - Lb.",1,4.25
1476,2026-07-10,"2026-07-02","Extra Credit - Each",22.25,1.06
1476,2026-07-10,"2026-07-02","Mini",1,53.2
1084,2026-07-10,"2026-07-02","Bagel Chips - Bag",1,9.75
1084,2026-07-10,"2026-07-02","Dark Chocolate Salted Bark - Pack",1,7.5
1084,2026-07-10,"2026-07-02","Feta Cheese - HBC - Each",1,6.75
1084,2026-07-10,"2026-07-02","Ghost Pepper Cheddar - Each",1,6.75
1084,2026-07-10,"2026-07-02","Lettuce Mix - Bag",1,5
1084,2026-07-10,"2026-07-02","Marinara Sauce - Jar",1,8.75
1084,2026-07-10,"2026-07-02","Pasta Wildcard $6.50 - Pack",1,6.5
1084,2026-07-10,"2026-07-02","Toffee - Package",1,7.5
1084,2026-07-10,"2026-07-02","Tomatoes - Sungold - Pint",1,6.75
1084,2026-07-10,"2026-07-02","Extra Credit - Each",42.5,1.06
1084,2026-07-10,"2026-07-02","Half",1,84.79
433,2026-07-10,"2026-07-02","Cheese Choice $6.75 - Each",1,6.75
433,2026-07-10,"2026-07-02","Del Carmen Choice - Tub",1,6.5
433,2026-07-10,"2026-07-02","Eggs - Dozen",1,6.5
433,2026-07-10,"2026-07-02","Ground Beef - D&M - Lb.",1,10.5
433,2026-07-10,"2026-07-02","Lettuce Mix - Bag",1,5
433,2026-07-10,"2026-07-02","Tomatoes - Sungold - Pint",1,6.75
433,2026-07-10,"2026-07-02","Wildcard $4 - Each",1,4
433,2026-07-10,"2026-07-02","Extra Credit - Each",11.75,1.06
433,2026-07-10,"2026-07-02","FSA/FSD",1,79.79
549,2026-07-10,"2026-07-02","Cheese Choice $6.75 - Each",1,6.75
549,2026-07-10,"2026-07-02","Del Carmen Choice - Tub",1,6.5
549,2026-07-10,"2026-07-02","Eggs - Dozen",1,6.5
549,2026-07-10,"2026-07-02","Ground Beef - D&M - Lb.",1,10.5
549,2026-07-10,"2026-07-02","Tomatoes - Sungold - Pint",1,6.75
549,2026-07-10,"2026-07-02","Wildcard $4 - Each",1,4
549,2026-07-10,"2026-07-02","Extra Credit - Each",6.75,1.06
549,2026-07-10,"2026-07-02","FSA/FSD",1,79.79
22,2026-07-10,"2026-07-02","Mothership Pickup Time (1.0 @3:30-4) - @3:30-4",1,0
22,2026-07-10,"2026-07-02","Marinara Sauce - Jar",1,8.75
22,2026-07-10,"2026-07-02","Pasta Wildcard $6.50 - Pack",1,6.5
22,2026-07-10,"2026-07-02","Pork - Ground  - Lb.",1,7.5
22,2026-07-10,"2026-07-02","Half",1,84.79
22,2026-07-10,"2026-07-02","Creamline MILK-e",1,8.49
452,2026-07-10,"2026-07-02","Kirkwood Pickup Time (2.0 @1:30-2) - @1:30-2",1,0
452,2026-07-10,"2026-07-02","Hoagie - PIB Frozen - Bag",1,6.75
452,2026-07-10,"2026-07-02","Kale - Green Curly - Bag",1,5
452,2026-07-10,"2026-07-02","Kohlrabi  - Head",1,1
452,2026-07-10,"2026-07-02","Peaches - Bag",1,7
452,2026-07-10,"2026-07-02","Pork - Bratwurst  - Pack",1,8.5
452,2026-07-10,"2026-07-02","Extra Credit - Each",6.5,1.06
452,2026-07-10,"2026-07-02","Mini",1,53.2
493,2026-07-10,"2026-07-02","Cucumbers - Pickling - Bag",1,3.5
493,2026-07-10,"2026-07-02","Mothership Pickup Time - @6:30-7",1,0
493,2026-07-10,"2026-07-02","Gnocchi - Garlic Chive  - Lb.",1,6.5
493,2026-07-10,"2026-07-02","Jar Tomatoes - Quart",1,7.75
493,2026-07-10,"2026-07-02","Peaches - Bag",1,7
493,2026-07-10,"2026-07-02","Extra Credit - Each",2,1.06
493,2026-07-10,"2026-07-02","Half",1,84.79
1717,2026-07-10,"2026-07-02","Mothership Pickup Time (1.0 @3:30-4) - @3:30-4",1,0
1717,2026-07-10,"2026-07-02","Bacon - Each",1,13.5
1717,2026-07-10,"2026-07-02","Bagels - Raisin - Frozen - Bag",1,6.75
1717,2026-07-10,"2026-07-02","Hoagie - T - Each",1,3.5
1717,2026-07-10,"2026-07-02","Extra Credit - Each",1,1.06
1717,2026-07-10,"2026-07-02","Half",1,84.79
1419,2026-07-10,"2026-07-02","Kirkwood Pickup Time (2.0 @1:30-2) - @1:30-2",1,0
1419,2026-07-10,"2026-07-02","Curds Creamy Ranch 10 oz - Bag",1,6.75
1419,2026-07-10,"2026-07-02","Oat Porridge Bread - T - Each",1,9
1419,2026-07-10,"2026-07-02","Pork - Ground  - Lb.",1,7.5
1419,2026-07-10,"2026-07-02","Extra Credit - Each",0.5,1.06
1419,2026-07-10,"2026-07-02","Half",1,84.79
1941,2026-07-10,"2026-07-02","Mothership Pickup Time (3.0 @4:30-5) - @4:30-5",1,0
1941,2026-07-10,"2026-07-02","Blackberries - Pint",1,7
1941,2026-07-10,"2026-07-02","Tomatillos  - Bag",2,4.75
1941,2026-07-10,"2026-07-02","Tomatoes - Sungold - Pint",1,6.75
1941,2026-07-10,"2026-07-02","Extra Credit - Each",1.5,1.06
1941,2026-07-10,"2026-07-02","Mini",1,53.2
293,2026-07-10,"2026-07-02","Ground Turkey - Pack",1,10.25
293,2026-07-10,"2026-07-02","Mothership Pickup Time (6.0 @6-6:30) - @6-6:30",1,0
293,2026-07-10,"2026-07-02","Chicken Links - Sundried Tomato - lbs",2,10.5
293,2026-07-10,"2026-07-02","Eggs - Dozen",1,6.5
293,2026-07-10,"2026-07-02","Hoagie - T - Each",1,3.5
293,2026-07-10,"2026-07-02","Lettuce Mix - Bag",1,5
293,2026-07-10,"2026-07-02","Sesame Hoagie - T - Each",1,3.8
293,2026-07-10,"2026-07-02","Tomatoes - Heirloom - Bag",1,8.5
293,2026-07-10,"2026-07-02","Tomatoes - Slicing - Bag",1,6.5
293,2026-07-10,"2026-07-02","Tortellini - Cheese - Lb.",1,9.15
293,2026-07-10,"2026-07-02","Extra Credit - Each",39.95,1.06
293,2026-07-10,"2026-07-02","FSA/FSD",1,79.79
616,2026-07-10,"2026-07-02","Mothership Pickup Time (4.0 @5-5:30) - @5-5:30",1,0
616,2026-07-10,"2026-07-02","Bagels - Blueberry - BU - Bag",1,11
616,2026-07-10,"2026-07-02","Blackberries - Pint",1,7
616,2026-07-10,"2026-07-02","Blueberries - Pint",1,7
616,2026-07-10,"2026-07-02","Cucumbers - Slicing - Each",1,2
616,2026-07-10,"2026-07-02","Eggs - Dozen",1,6.5
616,2026-07-10,"2026-07-02","Peaches - Bag",1,7
616,2026-07-10,"2026-07-02","Ravioli - 4-Cheese - Lb.",1,9.15
616,2026-07-10,"2026-07-02","Sweet Corn - 5-pack",1,3.25
616,2026-07-10,"2026-07-02","Extra Credit - Each",52.9,1.06
310,2026-07-10,"2026-07-02","Eggs - BW - Dozen",1,6.5
310,2026-07-10,"2026-07-02","Mothership Pickup Time (1.0 @3:30-4) - @3:30-4",1,0
310,2026-07-10,"2026-07-02","Blackberries - Pint",1,7
310,2026-07-10,"2026-07-02","Blueberries - Pint",1,7
310,2026-07-10,"2026-07-02","Bread Pudding - Muffin - Froz. - Each",3,4
310,2026-07-10,"2026-07-02","Chicken - Ground - Lb.",1,10.25
310,2026-07-10,"2026-07-02","Eggs - Dozen",1,6.5
310,2026-07-10,"2026-07-02","Pork - Deli Ham RFF/lb. - Lb.",1,10.08
310,2026-07-10,"2026-07-02","Tomatillos  - Bag",3,4.75
310,2026-07-10,"2026-07-02","Tomatoes - Sungold - Pint",1,5.5
310,2026-07-10,"2026-07-02","Extra Credit - Each",44.83,1.06
310,2026-07-10,"2026-07-02","FSA/FSD",1,79.79
310,2026-07-10,"2026-07-02","Skim MILK",2,8.85
1353,2026-07-10,"2026-07-02","Salsa - Black Bean & Corn - Pint",1,5
1353,2026-07-10,"2026-07-02","Cinnamon Rolls - Frozen - Pack",1,6.75
1353,2026-07-10,"2026-07-02","Dark Chocolate Fudge Sauce  - Jar",1,16
1353,2026-07-10,"2026-07-02","Marinara Sauce - Jar",1,8.75
1353,2026-07-10,"2026-07-02","Pasta Wildcard $6.50 - Pack",1,6.5
1353,2026-07-10,"2026-07-02","Pork - Ground  - Lb.",1,7.5
1353,2026-07-10,"2026-07-02","Toffee - Package",1,7.5
1353,2026-07-10,"2026-07-02","Extra Credit - Each",35.25,1.06
1353,2026-07-10,"2026-07-02","Half",1,84.79
1353,2026-07-10,"2026-07-02","Whole MILK-e",1,8.85
634,2026-07-10,"2026-07-02","Kirkwood Pickup Time - @1-1:30",1,0
634,2026-07-10,"2026-07-02","Janie's Bread - Thursday - Each",1,7
634,2026-07-10,"2026-07-02","Mustard (1.0 Horseradish) - Horseradish",1,6.5
634,2026-07-10,"2026-07-02","Pork - Bratwurst  - Pack",1,8.5
634,2026-07-10,"2026-07-02","Extra Credit - Each",0.25,1.06
634,2026-07-10,"2026-07-02","Mini",1,53.2
868,2026-07-10,"2026-07-02","Pizza - Cheese  - Each",1,7.5
868,2026-07-10,"2026-07-02","Kirkwood Pickup Time (2.0 @1:30-2) - @1:30-2",1,0
868,2026-07-10,"2026-07-02","Black Beans DC - Tub",1,6.5
868,2026-07-10,"2026-07-02","FF Dish - Saag Paneer - Pint",1,13.5
868,2026-07-10,"2026-07-02","Mustard - Choice",1,6.5
868,2026-07-10,"2026-07-02","Olive Oil Small - ML",1,8.5
868,2026-07-10,"2026-07-02","Pork - Bratwurst  - Pack",1,8.5
868,2026-07-10,"2026-07-02","Tomatoes - Sungold - Pint",1,6.75
868,2026-07-10,"2026-07-02","Extra Credit - Each",36,1.06
868,2026-07-10,"2026-07-02","Mini",1,53.2
1652,2026-07-10,"2026-07-02","Bread Choice - Frozen ($6.75) - Loaf",1,6.75
1652,2026-07-10,"2026-07-02","Dark Chocolate Almond Bar - Pack",1,4.95
1652,2026-07-10,"2026-07-02","Feta Cheese - HBC - Each",1,6.75
1652,2026-07-10,"2026-07-02","Mustard - Choice",1,6.5
1652,2026-07-10,"2026-07-02","Pork - Bratwurst  - Pack",1,8.5
1652,2026-07-10,"2026-07-02","Extra Credit - Each",11.7,1.06
1652,2026-07-10,"2026-07-02","Mini",1,53.2
1431,2026-07-10,"2026-07-02","Mothership Pickup Time (5.0 @5:30-6) - @5:30-6",1,0
1431,2026-07-10,"2026-07-02","Dark Bar 61% - Package",1,3
1431,2026-07-10,"2026-07-02","FF Dish - Smoked Salmon Gnocchi - Pint",1,13.5
1431,2026-07-10,"2026-07-02","Oat Porridge Bread - T - Each",1,9
1431,2026-07-10,"2026-07-02","Extra Credit - Each",3.75,1.06
1431,2026-07-10,"2026-07-02","Mini",1,53.2
963,2026-07-10,"2026-07-02","Blueberries - Pint",1,7
963,2026-07-10,"2026-07-02","Brisket - half/lb. - lbs",1,27.51
963,2026-07-10,"2026-07-02","Curds Jalapeno Habanero 10 oz - Bag",1,6.75
963,2026-07-10,"2026-07-02","Eggs - Dozen",1,6.5
963,2026-07-10,"2026-07-02","Pretzel - UL Thursday  - Each",1,3.75
963,2026-07-10,"2026-07-02","Extra Credit - Each",17.26,1.06
963,2026-07-10,"2026-07-02","FSA/FSD",1,79.79
928,2026-07-10,"2026-07-02","Cheese Choice $6.75 - Each",1,6.75
928,2026-07-10,"2026-07-02","Del Carmen Choice - Tub",1,6.5
928,2026-07-10,"2026-07-02","Eggs - Dozen",1,6.5
928,2026-07-10,"2026-07-02","Ground Beef - D&M - Lb.",1,10.5
928,2026-07-10,"2026-07-02","Lettuce Mix - Bag",1,5
928,2026-07-10,"2026-07-02","Tomatoes - Sungold - Pint",1,6.75
928,2026-07-10,"2026-07-02","Wildcard $4 - Each",1,4
928,2026-07-10,"2026-07-02","Extra Credit - Each",11.75,1.06
928,2026-07-10,"2026-07-02","FSA/FSD",1,79.79
1570,2026-07-10,"2026-07-02","No Produce - Order Only (even wk)",1,0
2001,2026-07-10,"2026-07-02","Cheese Choice $6.75 - Each",1,6.75
2001,2026-07-10,"2026-07-02","Del Carmen Choice - Tub",1,6.5
2001,2026-07-10,"2026-07-02","Eggs - Dozen",1,6.5
2001,2026-07-10,"2026-07-02","Ground Beef - D&M - Lb.",1,10.5
2001,2026-07-10,"2026-07-02","Wildcard $4 - Each",1,4
2001,2026-07-10,"2026-07-02","FSA/FSD",1,79.79
1900,2026-07-10,"2026-07-02","Mothership Pickup Time (1.0 @3:30-4) - @3:30-4",1,0
1900,2026-07-10,"2026-07-02","$ for green bags donation - $",1,1
1900,2026-07-10,"2026-07-02","Cooler Donation - $",1,1
1900,2026-07-10,"2026-07-02","Bread Choice - Frozen ($6.75) - Loaf",1,6.75
1900,2026-07-10,"2026-07-02","Eggs - Dozen",1,6.5
1900,2026-07-10,"2026-07-02","Multigrain Bread - Frozen - Loaf",1,6.75
1900,2026-07-10,"2026-07-02","Peaches - Bag",1,7
1900,2026-07-10,"2026-07-02","Pork - Bratwurst  - Pack",1,8.5
1900,2026-07-10,"2026-07-02","Pretzel - UL Thursday  - Each",2,3.75
1900,2026-07-10,"2026-07-02","Tortillas Sourdough - Frozen - Pack",1,5
1900,2026-07-10,"2026-07-02","Extra Credit - Each",28.25,1.06
1900,2026-07-10,"2026-07-02","Mini",1,53.2
1900,2026-07-10,"2026-07-02","Whole MILK-e",1,8.85
1236,2026-07-10,"2026-07-02","Cheese Choice $6.75 - Each",1,6.75
1236,2026-07-10,"2026-07-02","Del Carmen Choice - Tub",1,6.5
1236,2026-07-10,"2026-07-02","Eggs - Dozen",1,6.5
1236,2026-07-10,"2026-07-02","Ground Beef - D&M - Lb.",1,10.5
1236,2026-07-10,"2026-07-02","Wildcard $4 - Each",1,4
1236,2026-07-10,"2026-07-02","FSA/FSD",1,79.79
1725,2026-07-10,"2026-07-02","Milk - Whole - Oz.",1,8.32
1725,2026-07-10,"2026-07-02","Eggs - BW - Dozen",2,6.5
1725,2026-07-10,"2026-07-02","Kirkwood Pickup Time (1.0 PORCH) - PORCH",1,0
1725,2026-07-10,"2026-07-02","Beans - Green - Bag",1,4.25
1725,2026-07-10,"2026-07-02","Blueberries - Pint",1,7
1725,2026-07-10,"2026-07-02","Chicken - Ground - Lb.",3,10.25
1725,2026-07-10,"2026-07-02","Cinnamon Rolls - Frozen - Pack",1,6.75
1725,2026-07-10,"2026-07-02","Hoagie - T - Each",1,3.5
1725,2026-07-10,"2026-07-02","Jam - Peach HBY - Jar",1,7.75
1725,2026-07-10,"2026-07-02","Peaches - Bag",1,7
1725,2026-07-10,"2026-07-02","Pizza Sourdough - Frozen - Pack",1,5
1725,2026-07-10,"2026-07-02","Pork - Bratwurst  - Pack",1,8.5
1725,2026-07-10,"2026-07-02","Pretzel - UL Thursday  - Each",1,3.75
1725,2026-07-10,"2026-07-02","Extra Credit - Each",83.82,1.06
1725,2026-07-10,"2026-07-02","Mini",1,53.2
364,2026-07-10,"2026-07-02","Mothership Pickup Time - @6:30-7",1,0
364,2026-07-10,"2026-07-02","Aged Cheddar - HBC - Each",1,6.75
364,2026-07-10,"2026-07-02","Bagels - Blueberry - BU - Bag",1,11
364,2026-07-10,"2026-07-02","Blackberries - Pint",1,7
364,2026-07-10,"2026-07-02","Chevre PF (1.0 Plain) - Plain",1,8.5
364,2026-07-10,"2026-07-02","Eggs - Dozen",1,6.5
364,2026-07-10,"2026-07-02","Hoagie - T - Each",1,3.5
364,2026-07-10,"2026-07-02","Lettuce Mix - Bag",1,5
364,2026-07-10,"2026-07-02","Tomatoes - Sungold - Pint",1,6.75
364,2026-07-10,"2026-07-02","Extra Credit - Each",16.5,1.06
364,2026-07-10,"2026-07-02","FSA/FSD",1,79.79
1746,2026-07-10,"2026-07-02","Kirkwood Pickup Time - @1-1:30",1,0
1746,2026-07-10,"2026-07-02","Blueberries - Pint",1,7
1746,2026-07-10,"2026-07-02","Kale - Lacinato/Dinosaur - Bag",2,5
1746,2026-07-10,"2026-07-02","Mushrooms - Choice",1,8
1746,2026-07-10,"2026-07-02","Tomatoes - Sungold - Pint",1,6.75
1746,2026-07-10,"2026-07-02","Extra Credit - Each",2,1.06
1746,2026-07-10,"2026-07-02","UCA/KWA",1,79.79
876,2026-07-10,"2026-07-02","Cheese Choice $6.75 - Each",1,6.75
876,2026-07-10,"2026-07-02","Del Carmen Choice - Tub",1,6.5
876,2026-07-10,"2026-07-02","Eggs - Dozen",1,6.5
876,2026-07-10,"2026-07-02","Ground Beef - D&M - Lb.",1,10.5
876,2026-07-10,"2026-07-02","Wildcard $4 - Each",1,4
876,2026-07-10,"2026-07-02","FSA/FSD",1,79.79
1496,2026-07-10,"2026-07-02","Peanuts - Salted Blanched - Oz.",1,7.5
1496,2026-07-10,"2026-07-02","Bacon - Each",1,13.5
1496,2026-07-10,"2026-07-02","Bagels - Sesame Seed - BU - Bag",1,11
1496,2026-07-10,"2026-07-02","Blackberries - Pint",1,7
1496,2026-07-10,"2026-07-02","Chicken Breasts /lb. - Pack",1,14.62
1496,2026-07-10,"2026-07-02","Hand Pie: Veggie Samosa - Bag",1,10.5
1496,2026-07-10,"2026-07-02","Lamb Gyro w/ Feta & Spinach - Lb.",1,18
1496,2026-07-10,"2026-07-02","Pork - Brats Cheddar DM - 4-pack",1,8
1496,2026-07-10,"2026-07-02","Shoots - Sunflower - Bag",1,4.5
1496,2026-07-10,"2026-07-02","Sweet Corn - 5-pack",1,3.25
1496,2026-07-10,"2026-07-02","Tomatoes - Sungold - Pint",1,6.75
1496,2026-07-10,"2026-07-02","Extra Credit - Each",104.62,1.06
636,2026-07-10,"2026-07-02","Cheese Choice $6.75 - Each",1,6.75
636,2026-07-10,"2026-07-02","Del Carmen Choice - Tub",1,6.5
636,2026-07-10,"2026-07-02","Eggs - Dozen",1,6.5
636,2026-07-10,"2026-07-02","Ground Beef - D&M - Lb.",1,10.5
636,2026-07-10,"2026-07-02","Wildcard $4 - Each",1,4
636,2026-07-10,"2026-07-02","FSA/FSD",1,79.79
636,2026-07-10,"2026-07-02","Whole MILK",1,8.85
250,2026-07-10,"2026-07-02","Mothership Pickup Time (2.0 @4-4:30) - @4-4:30",1,0
250,2026-07-10,"2026-07-02","Eggs - Dozen",1,6.5
250,2026-07-10,"2026-07-02","Gnocchi - Garlic Chive  - Lb.",1,6.5
250,2026-07-10,"2026-07-02","Pork - Deli Ham RFF/lb. - Lb.",1,8.82
250,2026-07-10,"2026-07-02","Potatoes - New - Bag",1,5.75
250,2026-07-10,"2026-07-02","Shoots - Specialty Mix - Bag",1,4.5
250,2026-07-10,"2026-07-02","Wildcard $4 - Each",1,4
250,2026-07-10,"2026-07-02","Extra Credit - Each",1.82,1.06
250,2026-07-10,"2026-07-02","FSA/FSD",1,79.79
725,2026-07-10,"2026-07-02","Ground Turkey - Pack",1,10.25
725,2026-07-10,"2026-07-02","Pork - Breakfast ($8) - Pack",1,8
725,2026-07-10,"2026-07-02","Pork Italian Bulk - D&M - Lb.",1,8.5
725,2026-07-10,"2026-07-02","Extra Credit - Each",4,1.06
725,2026-07-10,"2026-07-02","Half",1,84.79
1910,2026-07-10,"2026-07-02","Eggs - BW - Dozen",1,6.5
1910,2026-07-10,"2026-07-02","Kale - Green Curly - Bag",1,5
1910,2026-07-10,"2026-07-02","Tomatoes - Slicing - Bag",1,6.5
1910,2026-07-10,"2026-07-02","Extra Credit - Each",18,1.06
196,2026-07-10,"2026-07-02","Kirkwood Pickup Time - @1-1:30",1,0
196,2026-07-10,"2026-07-02","Beets - Golden - Lb.",1,5
196,2026-07-10,"2026-07-02","Cucumbers - Slicing - Each",1,2
196,2026-07-10,"2026-07-02","Eggplant - Globe - Each",1,1.75
196,2026-07-10,"2026-07-02","English Muffin Sourdough - Frozen - Pack",1,5
196,2026-07-10,"2026-07-02","Kale - Lacinato/Dinosaur - Bag",1,5
196,2026-07-10,"2026-07-02","Mushrooms (1.0 Shiitake) - Shiitake",1,8
196,2026-07-10,"2026-07-02","Extra Credit - Each",26.75,1.06
1243,2026-07-10,"2026-07-02","Mothership Pickup Time (4.0 @5-5:30) - @5-5:30",1,0
1243,2026-07-10,"2026-07-02","Buttermilk Waffles Sourdough - Frozen - Pack",1,5
1243,2026-07-10,"2026-07-02","Pasta - Short Egg  - Lb.",1,6.5
1243,2026-07-10,"2026-07-02","Pasta Long Bi-color - Lb.",1,6.5
1243,2026-07-10,"2026-07-02","Pork - Ground  - Lb.",1,7.5
1243,2026-07-10,"2026-07-02","Extra Credit - Each",2.75,1.06
1243,2026-07-10,"2026-07-02","Half",1,84.79
1932,2026-07-10,"2026-07-02","Cheese Choice $6.75 - Each",1,6.75
1932,2026-07-10,"2026-07-02","Del Carmen Choice - Tub",1,6.5
1932,2026-07-10,"2026-07-02","Eggs - Dozen",1,6.5
1932,2026-07-10,"2026-07-02","Ground Beef - D&M - Lb.",1,10.5
1932,2026-07-10,"2026-07-02","Wildcard $4 - Each",1,4
1932,2026-07-10,"2026-07-02","FSA/FSD",1,79.79
643,2026-07-10,"2026-07-02","Mothership Pickup Time (1.0 @3:30-4) - @3:30-4",1,0
643,2026-07-10,"2026-07-02","Blueberries - Pint",1,7
643,2026-07-10,"2026-07-02","Cinnamon Rolls - Frozen - Pack",1,6.75
643,2026-07-10,"2026-07-02","Eggs - Dozen",1,6.5
643,2026-07-10,"2026-07-02","Ground Beef - D&M - Lb.",1,10.5
643,2026-07-10,"2026-07-02","Lettuce Mix - Bag",1,5
643,2026-07-10,"2026-07-02","Radishes - Red - Lb.",1,3.5
643,2026-07-10,"2026-07-02","Tomatoes - Heirloom - Bag",1,8.5
643,2026-07-10,"2026-07-02","Extra Credit - Each",13.5,1.06
643,2026-07-10,"2026-07-02","FSA/FSD",1,79.79
1468,2026-07-10,"2026-07-02","Eggs - BW - Dozen",1,6.5
1468,2026-07-10,"2026-07-02","Mothership Pickup Time (1.0 @3:30-4) - @3:30-4",1,0
1468,2026-07-10,"2026-07-02","Chicken Breasts /lb. - Pack",1,14.79
1468,2026-07-10,"2026-07-02","Pork - Bratwurst  - Pack",1,8.5
1468,2026-07-10,"2026-07-02","Extra Credit - Each",8.04,1.06
1468,2026-07-10,"2026-07-02","Mini",1,53.2
622,2026-07-10,"2026-07-02","Chicken - Big Bag Deboned Thighs/lb. - Bag",1,40.59
622,2026-07-10,"2026-07-02","Kirkwood Pickup Time (2.0 @1:30-2) - @1:30-2",1,0
622,2026-07-10,"2026-07-02","Blueberries - Pint",1,7
622,2026-07-10,"2026-07-02","Pork Hot Dogs - Each",1,7.5
622,2026-07-10,"2026-07-02","Pork Shoulder/lb. - Each",1,57
622,2026-07-10,"2026-07-02","Extra Credit - Each",82.34,1.06
622,2026-07-10,"2026-07-02","UCA/KWA",1,79.79
793,2026-07-10,"2026-07-02","Cucumbers - Pickling - Bag",1,3.5
793,2026-07-10,"2026-07-02","Blackberries - Pint",1,7
793,2026-07-10,"2026-07-02","Blueberries - Pint",1,7
793,2026-07-10,"2026-07-02","Chuck Roast/lbs. - lbs",1,39.44
793,2026-07-10,"2026-07-02","Eggplant - Globe - Each",2,1.75
793,2026-07-10,"2026-07-02","Eggs - Dozen",1,6.5
793,2026-07-10,"2026-07-02","English Muffin Sourdough - Frozen - Pack",1,5
793,2026-07-10,"2026-07-02","Fresh Herb - Basil - Bunch",1,3.5
793,2026-07-10,"2026-07-02","Light and Mild - T - Loaf",1,8.25
793,2026-07-10,"2026-07-02","Oat Porridge Bread - T - Each",1,9
793,2026-07-10,"2026-07-02","Peaches - Bag",2,7
793,2026-07-10,"2026-07-02","Tomatoes - Heirloom - Bag",2,8.5
793,2026-07-10,"2026-07-02","Tomatoes - Slicing - Bag",1,6.5
793,2026-07-10,"2026-07-02","Tomatoes - Sungold - Pint",1,6.75
793,2026-07-10,"2026-07-02","Extra Credit - Each",115.19,1.06
793,2026-07-10,"2026-07-02","Mini",1,53.2
39,2026-07-10,"2026-07-02","Bread Choice - Frozen ($6.75) - Loaf",1,6.75
39,2026-07-10,"2026-07-02","Lettuce Mix - Bag",1,5
39,2026-07-10,"2026-07-02","Milk Chocolate Caramels - 4-pack",1,12
39,2026-07-10,"2026-07-02","Mustard - Choice",1,6.5
39,2026-07-10,"2026-07-02","Pork - Bratwurst  - Pack",1,8.5
39,2026-07-10,"2026-07-02","Pork Italian Bulk - D&M - Lb.",1,8.5
39,2026-07-10,"2026-07-02","Tomatoes - Sungold - Pint",1,6.75
39,2026-07-10,"2026-07-02","Extra Credit - Each",31.25,1.06
39,2026-07-10,"2026-07-02","Mini",1,53.2
1750,2026-07-10,"2026-07-02","Mothership Pickup Time (5.0 @5:30-6) - @5:30-6",1,0
1750,2026-07-10,"2026-07-02","Black Beans DC - Tub",1,6.5
1750,2026-07-10,"2026-07-02","Blackberries - Pint",1,7
1750,2026-07-10,"2026-07-02","Ground Beef - D&M - Lb.",1,10.5
1750,2026-07-10,"2026-07-02","Milk Chocolate Caramels - 4-pack",1,12
1750,2026-07-10,"2026-07-02","Peaches - Bag",1,7
1750,2026-07-10,"2026-07-02","Popped Corn - Organic - Bag",1,3
1750,2026-07-10,"2026-07-02","Salmon - Fillet Pieces/LB* - Each",2,10.62
1750,2026-07-10,"2026-07-02","Yogurt - Strawberry - Oz.",1,7.1
1750,2026-07-10,"2026-07-02","Extra Credit - Each",52.59,1.06
1750,2026-07-10,"2026-07-02","Mini",1,53.2
652,2026-07-10,"2026-07-02","Marinara Sauce - Jar",1,8.75
652,2026-07-10,"2026-07-02","Pasta Wildcard $6.50 - Pack",1,6.5
652,2026-07-10,"2026-07-02","Pork - Ground  - Lb.",1,7.5
652,2026-07-10,"2026-07-02","Half",1,84.79
1521,2026-07-10,"2026-07-02","Mothership Pickup Time (5.0 @5:30-6) - @5:30-6",1,0
1521,2026-07-10,"2026-07-02","Beans - Green - Bag",1,4.25
1521,2026-07-10,"2026-07-02","Ground Beef - D&M - Lb.",1,10.5
1521,2026-07-10,"2026-07-02","Peaches - Bag",1,7
1521,2026-07-10,"2026-07-02","Sweet Corn - 5-pack",1,3.25
1521,2026-07-10,"2026-07-02","Tomatoes - Sungold - Pint",1,6.75
1521,2026-07-10,"2026-07-02","Extra Credit - Each",8,1.06
1521,2026-07-10,"2026-07-02","Mini",1,53.2
900,2026-07-10,"2026-07-02","Milk - Whole - Oz.",1,8.32
900,2026-07-10,"2026-07-02","Mothership Pickup Time (3.0 @4:30-5) - @4:30-5",1,0
900,2026-07-10,"2026-07-02","Bok Choy - Bag",1,5
900,2026-07-10,"2026-07-02","Eggs - Dozen",1,6.5
900,2026-07-10,"2026-07-02","Kale - Lacinato/Dinosaur - Bag",1,5
900,2026-07-10,"2026-07-02","Lettuce Mix - Bag",1,5
900,2026-07-10,"2026-07-02","Peppers - Green Bell - 2-pack",1,3.25
900,2026-07-10,"2026-07-02","Potatoes - New - Bag",1,5.75
900,2026-07-10,"2026-07-02","Sweet Corn - 5-pack",1,3.25
900,2026-07-10,"2026-07-02","Tomatoes - Slicing - Bag",1,6.5
900,2026-07-10,"2026-07-02","Yogurt - Plain - Oz.",1,7.1
900,2026-07-10,"2026-07-02","Extra Credit - Each",21.42,1.06
900,2026-07-10,"2026-07-02","FSA/FSD",1,79.79
900,2026-07-10,"2026-07-02","Whole MILK",1,8.85
171,2026-07-10,"2026-07-02","Mothership Pickup Time (5.0 @5:30-6) - @5:30-6",1,0
171,2026-07-10,"2026-07-02","Black Bean Dip - Tub",1,6.5
171,2026-07-10,"2026-07-02","Blueberries - Pint",1,7
171,2026-07-10,"2026-07-02","Carrots no tops - Lb.",1,6
171,2026-07-10,"2026-07-02","Eggplant - Globe - Each",1,1.75
171,2026-07-10,"2026-07-02","Hummus - Garlic - Tub",1,6.75
171,2026-07-10,"2026-07-02","Louise's Original Granola - Bag",1,10
171,2026-07-10,"2026-07-02","Peaches - Bag",1,7
171,2026-07-10,"2026-07-02","Pork - Bratwurst  - Pack",1,8.5
171,2026-07-10,"2026-07-02","Rice - Basmati Brown - Lb.",1,7.5
171,2026-07-10,"2026-07-02","Sourdough Bread - Frozen - Lb.",1,6.75
171,2026-07-10,"2026-07-02","Extra Credit - Each",46,1.06
171,2026-07-10,"2026-07-02","Mini",1,53.2
1440,2026-07-10,"2026-07-02","Bacon - Each",1,13.5
1440,2026-07-10,"2026-07-02","Chicken Thighs - Boneless/lb. - lbs",1,9.8
1440,2026-07-10,"2026-07-02","Feta Cheese - HBC - Each",1,6.75
1440,2026-07-10,"2026-07-02","Flank Steak/lbs. - lbs",1,23.94
1440,2026-07-10,"2026-07-02","Peaches - Bag",1,7
1440,2026-07-10,"2026-07-02","Pork - Brats Cheddar DM - 4-pack",1,8
1440,2026-07-10,"2026-07-02","Pork - Breakfast ($8) - Pack",1,8
1440,2026-07-10,"2026-07-02","Extra Credit - Each",54.24,1.06
1440,2026-07-10,"2026-07-02","Half",1,84.79
1683,2026-07-10,"2026-07-02","Eggs - BW - Dozen",1,6.5
1683,2026-07-10,"2026-07-02","Kirkwood Pickup Time - @1-1:30",1,0
1683,2026-07-10,"2026-07-02","Blueberries - Pint",1,7
1683,2026-07-10,"2026-07-02","Fresh Herb - Basil - Bunch",1,3.5
1683,2026-07-10,"2026-07-02","Milk Chocolate Square - Each",1,1.75
1683,2026-07-10,"2026-07-02","Peppers - Green Bell - 2-pack",1,3.25
1683,2026-07-10,"2026-07-02","Tomatoes - Heirloom - Bag",1,8.5
1683,2026-07-10,"2026-07-02","Extra Credit - Each",0.75,1.06
1683,2026-07-10,"2026-07-02","UCA/KWA",1,79.79
959,2026-07-10,"2026-07-02","Cheese Choice $6.75 - Each",1,6.75
959,2026-07-10,"2026-07-02","Del Carmen Choice - Tub",1,6.5
959,2026-07-10,"2026-07-02","Eggs - Dozen",1,6.5
959,2026-07-10,"2026-07-02","Ground Beef - D&M - Lb.",1,10.5
959,2026-07-10,"2026-07-02","Lettuce Mix - Bag",1,5
959,2026-07-10,"2026-07-02","Semolina - T - Loaf",1,7
959,2026-07-10,"2026-07-02","Tomatoes - Sungold - Pint",1,6.75
959,2026-07-10,"2026-07-02","Wildcard $4 - Each",1,4
959,2026-07-10,"2026-07-02","Yogurt - Strawberry - Oz.",1,7.1
959,2026-07-10,"2026-07-02","Extra Credit - Each",25.85,1.06
959,2026-07-10,"2026-07-02","FSA/FSD",1,79.79
704,2026-07-10,"2026-07-08","Peanut Butter EW - Pint",1,7.75
704,2026-07-10,"2026-07-08","Mothership Pickup Time (2.0 @4-4:30) - @4-4:30",1,0
704,2026-07-10,"2026-07-08","FF Dish - Saag Paneer - Pint",1,13.5
704,2026-07-10,"2026-07-08","FF Grits - Smoked Gouda - Pint",1,10.5
704,2026-07-10,"2026-07-08","FSA/FSD",1,79.79
335,2026-07-10,"2026-07-08","Mothership Pickup Time (2.0 @4-4:30) - @4-4:30",1,0
335,2026-07-10,"2026-07-08","Blueberries - Pint",1,7
335,2026-07-10,"2026-07-08","Carrots w/tops - Bunch",1,5.25
335,2026-07-10,"2026-07-08","Chicken Drumsticks /LB - Pack",1,3.44
335,2026-07-10,"2026-07-08","Chicken Thighs - Boneless/lb. - lbs",1,11.55
335,2026-07-10,"2026-07-08","Cinnamon Rolls - Pack",1,6.75
335,2026-07-10,"2026-07-08","Eggplant - Fairy Tale - Pint",1,4.5
335,2026-07-10,"2026-07-08","Extra Credit - Each",14.74,1.06
335,2026-07-10,"2026-07-08","Mini",1,53.2
291,2026-07-10,"2026-07-08","Mothership Pickup Time (1.0 @3:30-4) - @3:30-4",1,0
291,2026-07-10,"2026-07-08","Eggs - Dozen",1,6.5
291,2026-07-10,"2026-07-08","Light and Mild - Wednesday - Loaf",1,8.25
291,2026-07-10,"2026-07-08","Pork Italian Bulk - D&M - Lb.",1,8.5
291,2026-07-10,"2026-07-08","Tomatoes - Slicing - Bag",1,6.5
291,2026-07-10,"2026-07-08","Extra Credit - Each",0.25,1.06
291,2026-07-10,"2026-07-08","Half",1,84.79
1045,2026-07-10,"2026-07-08","Mothership Pickup Time (3.0 @4:30-5) - @4:30-5",1,0
1045,2026-07-10,"2026-07-08","Blueberries - Pint",1,7
1045,2026-07-10,"2026-07-08","Carrots w/tops - Bunch",1,5.25
1045,2026-07-10,"2026-07-08","Eggs - Dozen",1,6.5
1045,2026-07-10,"2026-07-08","Lamb Gyro w/ Feta & Spinach - Lb.",1,18
1045,2026-07-10,"2026-07-08","Extra Credit - Each",7.25,1.06
1045,2026-07-10,"2026-07-08","Half",1,84.79
482,2026-07-10,"2026-07-08","Almond Butter - Pint",1,11.25
482,2026-07-10,"2026-07-08","Eggs - BW - Dozen",2,6.5
482,2026-07-10,"2026-07-08","Peanut Butter EW - Pint",1,7.75
482,2026-07-10,"2026-07-08","Stringbean Brazilian - Oz.",1,16
482,2026-07-10,"2026-07-08","Stringbean Disco Inferno - Oz.",1,16
482,2026-07-10,"2026-07-08","Beans - Green - Bag",2,4.25
482,2026-07-10,"2026-07-08","Beets - Pickled - Quart",1,8.5
482,2026-07-10,"2026-07-08","Carrots no tops - Lb.",2,6
482,2026-07-10,"2026-07-08","Cucumbers - Slicing - Each",1,2
482,2026-07-10,"2026-07-08","Curds Garlic Herb HBC 10 oz  - Bag",1,6.75
482,2026-07-10,"2026-07-08","Curry Sauce (1.0 Green) - Green",1,11.5
482,2026-07-10,"2026-07-08","Hummus - Beet & Pepita - Tub",1,6.75
482,2026-07-10,"2026-07-08","Kohlrabi  - Head",2,1
482,2026-07-10,"2026-07-08","Marinara Sauce - Jar",1,8.75
482,2026-07-10,"2026-07-08","Oat Porridge Bread - Wednesday - Loaf",1,9
482,2026-07-10,"2026-07-08","Pasta Bi-color Short - Lb.",2,6.5
482,2026-07-10,"2026-07-08","Peaches - Bag",2,7
482,2026-07-10,"2026-07-08","Pink Sauce - Oz.",2,8.75
482,2026-07-10,"2026-07-08","Potatoes - New - Bag",2,5.75
482,2026-07-10,"2026-07-08","Ravioli - Goat Cheese  - Lb.",1,9.15
482,2026-07-10,"2026-07-08","Ravioli - Mushroom  - Lb.",1,9.15
482,2026-07-10,"2026-07-08","Semolina - Wednesday - Loaf",1,7
482,2026-07-10,"2026-07-08","Tomatoes - Slicing - Bag",1,6.5
482,2026-07-10,"2026-07-08","Tomatoes - Sungold - Pint",2,7
482,2026-07-10,"2026-07-08","Turnips - Japanese/White - Lb.",1,4.25
482,2026-07-10,"2026-07-08","Extra Credit - Each",245.8,1.06
1983,2026-07-10,"2026-07-08","Peanut Butter MC - Tub",1,7.75
1983,2026-07-10,"2026-07-08","Mothership Pickup Time (1.0 @3:30-4) - @3:30-4",1,0
1983,2026-07-10,"2026-07-08","Blackberries - Pint",1,7
1983,2026-07-10,"2026-07-08","Blueberries - Pint",1,7
1983,2026-07-10,"2026-07-08","Eggs - Dozen",2,6.5
1983,2026-07-10,"2026-07-08","Tomatoes - Cherry Mix - Bag",1,6.75
1983,2026-07-10,"2026-07-08","Yogurt - Plain - Oz.",1,7.1
1983,2026-07-10,"2026-07-08","Extra Credit - Each",24.85,1.06
1983,2026-07-10,"2026-07-08","Mini",1,53.2
262,2026-07-10,"2026-07-08","Chicken - BULK Breasts /lb. - Pack",1,41.75
262,2026-07-10,"2026-07-08","Milk - 2%  - Oz.",1,8.32
262,2026-07-10,"2026-07-08","Eggs - BW - Dozen",2,6.5
262,2026-07-10,"2026-07-08","UCity Pickup Time - @4:10-4:30",1,0
262,2026-07-10,"2026-07-08","Chicken - Breakfast Links - Each",1,10.5
262,2026-07-10,"2026-07-08","Chicken Thighs - Big Bag/lb. - Pack",1,29.33
262,2026-07-10,"2026-07-08","Eggs - Dozen",2,6.5
262,2026-07-10,"2026-07-08","Extra Credit - Each",86.4,1.06
262,2026-07-10,"2026-07-08","Half",1,68.89
1038,2026-07-10,"2026-07-08","Milk - Whole - Oz.",1,8.32
1038,2026-07-10,"2026-07-08","Mothership Pickup Time (4.0 @5-5:30) - @5-5:30",1,0
1038,2026-07-10,"2026-07-08","Peaches - Bag",1,7
1038,2026-07-10,"2026-07-08","Peppers - Green Bell - 2-pack",1,3.25
1038,2026-07-10,"2026-07-08","Yogurt - Plain - Oz.",1,7.1
1038,2026-07-10,"2026-07-08","Extra Credit - Each",1.92,1.06
1038,2026-07-10,"2026-07-08","Mini",1,53.2
1197,2026-07-10,"2026-07-08","UCity Pickup Time - @4:10-4:30",1,0
1197,2026-07-10,"2026-07-08","Blackberries - Pint",1,7
1197,2026-07-10,"2026-07-08","Cucumbers - Slicing - Each",1,2
1197,2026-07-10,"2026-07-08","Eggs - Dozen",1,6.5
1197,2026-07-10,"2026-07-08","Semolina - Wednesday - Loaf",1,7
1197,2026-07-10,"2026-07-08","Tomatoes - Sungold - Pint",1,7
1197,2026-07-10,"2026-07-08","Extra Credit - Each",29.5,1.06
1039,2026-07-10,"2026-07-08","Bagels - Pumpernickel - BU - Bag",1,11.25
1039,2026-07-10,"2026-07-08","Blackberries - Pint",1,7
1039,2026-07-10,"2026-07-08","Blueberries - Pint",1,7
1039,2026-07-10,"2026-07-08","Mushrooms (1.0 King Oyster (French Horn)) - King Oyster (French Horn)",1,8
1039,2026-07-10,"2026-07-08","Peaches - Bag",1,7
1039,2026-07-10,"2026-07-08","Peppers - Shishitos - Bag",1,5
1039,2026-07-10,"2026-07-08","Tomatoes - Sungold - Pint",1,7
1039,2026-07-10,"2026-07-08","Extra Credit - Each",25.5,1.06
1039,2026-07-10,"2026-07-08","UCA/KWA",1,79.79
618,2026-07-10,"2026-07-08","Mothership Pickup Time (4.0 @5-5:30) - @5-5:30",1,0
618,2026-07-10,"2026-07-08","Blueberries - Pint",1,7
618,2026-07-10,"2026-07-08","Eggplant - Globe - Each",1,1.75
618,2026-07-10,"2026-07-08","Peppers - Shishitos - Bag",1,5
618,2026-07-10,"2026-07-08","Tomatoes - Slicing - Bag",1,6.5
618,2026-07-10,"2026-07-08","Tomatoes - Sungold - Pint",1,7
618,2026-07-10,"2026-07-08","Extra Credit - Each",3.5,1.06
618,2026-07-10,"2026-07-08","Mini",1,53.2
1830,2026-07-10,"2026-07-08","Ground Turkey - Pack",1,10.25
1830,2026-07-10,"2026-07-08","Mothership Pickup Time (5.0 @5:30-6) - @5:30-6",1,0
1830,2026-07-10,"2026-07-08","Blackberries - Pint",1,7
1830,2026-07-10,"2026-07-08","Blueberries - Pint",1,7
1830,2026-07-10,"2026-07-08","Eggs - Dozen",1,6.5
1830,2026-07-10,"2026-07-08","Extra Credit - Each",7,1.06
1830,2026-07-10,"2026-07-08","Mini",1,53.2
1830,2026-07-10,"2026-07-08","2% MILK",1,8.85
1968,2026-07-10,"2026-07-08","Mothership Pickup Time (2.0 @4-4:30) - @4-4:30",1,0
1968,2026-07-10,"2026-07-08","Food for Ferals Donation - $",1,1
1968,2026-07-10,"2026-07-08","Blueberries - Pint",1,7
1968,2026-07-10,"2026-07-08","Eggs - Dozen",1,6.5
1968,2026-07-10,"2026-07-08","Queso Quesadilla - HBC - Each",1,6.75
1968,2026-07-10,"2026-07-08","RL Chocolate Milk - Bottle",1,2.75
1968,2026-07-10,"2026-07-08","Extra Credit - Each",0.25,1.06
1968,2026-07-10,"2026-07-08","Mini",1,53.2
228,2026-07-10,"2026-07-08","UCity Pickup Time - @4:10-4:30",1,0
228,2026-07-10,"2026-07-08","Bacon - Each",1,13.5
228,2026-07-10,"2026-07-08","Beans - Green - Bag",1,4.25
228,2026-07-10,"2026-07-08","Blueberries - Pint",1,7
228,2026-07-10,"2026-07-08","Eggs - Dozen",1,6.5
228,2026-07-10,"2026-07-08","Ground Beef - D&M - Lb.",1,10.5
228,2026-07-10,"2026-07-08","Peaches - Bag",1,7
228,2026-07-10,"2026-07-08","Queso Quesadilla - HBC - Each",1,6.75
228,2026-07-10,"2026-07-08","Sourdough Bread - Frozen - Lb.",1,6.75
228,2026-07-10,"2026-07-08","Extra Credit - Each",38.5,1.06
228,2026-07-10,"2026-07-08","Mini",1,53.2
282,2026-07-10,"2026-07-08","Jam - Strawberry HBY - Pint",1,7
282,2026-07-10,"2026-07-08","Yogurt - Greek Plain - Oz.",1,7.1
282,2026-07-10,"2026-07-08","Bagels - Everything - BU - Bag",1,11.25
282,2026-07-10,"2026-07-08","Eggs - Dozen",1,6.5
282,2026-07-10,"2026-07-08","Pork - Bratwurst  - Pack",1,8.5
282,2026-07-10,"2026-07-08","Sweet Corn - 5-pack",1,3.25
282,2026-07-10,"2026-07-08","Extra Credit - Each",14.1,1.06
282,2026-07-10,"2026-07-08","Half",1,84.79
1203,2026-07-10,"2026-07-08","Mothership Pickup Time (2.0 @4-4:30) - @4-4:30",1,0
1203,2026-07-10,"2026-07-08","Carrots no tops - Lb.",1,6
1203,2026-07-10,"2026-07-08","Eggplant - Little Finger - Bag",1,6
1203,2026-07-10,"2026-07-08","Eggs - Dozen",1,6.5
1203,2026-07-10,"2026-07-08","Mushrooms (1.0 Shiitake) - Shiitake",1,8
1203,2026-07-10,"2026-07-08","Pork - Ground  - Lb.",1,7.5
1203,2026-07-10,"2026-07-08","Extra Credit - Each",2.25,1.06
1203,2026-07-10,"2026-07-08","FSA/FSD",1,79.79
444,2026-07-10,"2026-07-08","Eggs - BW - Dozen",2,6.5
444,2026-07-10,"2026-07-08","Pork Shoulder/lb. - Each",1,40.8
444,2026-07-10,"2026-07-08","RL Chocolate Milk - Bottle",2,2.75
444,2026-07-10,"2026-07-08","Extra Credit - Each",32.55,1.06
444,2026-07-10,"2026-07-08","UCA/KWA",1,79.79
828,2026-07-10,"2026-07-08","Pizza - Pepperoni  - Each",1,8.5
828,2026-07-10,"2026-07-08","Pizza - Tomato Basil Garlic  - Each",1,8.5
828,2026-07-10,"2026-07-08","Bagels - Egg - BU - Bag",1,11.25
828,2026-07-10,"2026-07-08","Ground Beef - D&M - Lb.",2,10.5
828,2026-07-10,"2026-07-08","Peaches - Bag",1,7
828,2026-07-10,"2026-07-08","Extra Credit - Each",32.5,1.06
828,2026-07-10,"2026-07-08","Mini",1,53.2
1799,2026-07-10,"2026-07-08","Chicken - BULK Breasts /lb. - Pack",4.94,8.25
1799,2026-07-10,"2026-07-08","Mothership Pickup Time (3.0 @4:30-5) - @4:30-5",1,0
1799,2026-07-10,"2026-07-08","Blueberries - Pint",1,7
1799,2026-07-10,"2026-07-08","Chicken - Ground - Lb.",1,10.25
1799,2026-07-10,"2026-07-08","Eggs - Dozen",1,6.5
1799,2026-07-10,"2026-07-08","Rice - Basmati Brown - Lb.",1,7.5
1799,2026-07-10,"2026-07-08","Skirt Steak/lbs. - Each",2.26,21
1799,2026-07-10,"2026-07-08","Yogurt - Blueberry - Oz.",1,7.1
1799,2026-07-10,"2026-07-08","Extra Credit - Each",94.81,1.06
1799,2026-07-10,"2026-07-08","FSA/FSD",1,79.79
1286,2026-07-10,"2026-07-08","Mothership Pickup Time (1.0 @3:30-4) - @3:30-4",1,0
1286,2026-07-10,"2026-07-08","Chicken Drumsticks /LB - Pack",2,3.9
1286,2026-07-10,"2026-07-08","Eggs - Dozen",1,6.5
1286,2026-07-10,"2026-07-08","Gluten Free Black Beans  - Tub",1,6.5
1286,2026-07-10,"2026-07-08","Hand Pie: Chicken Curry - Bag",1,10.5
1286,2026-07-10,"2026-07-08","Yogurt - Plain - Oz.",1,7.1
1286,2026-07-10,"2026-07-08","Extra Credit - Each",8.9,1.06
1286,2026-07-10,"2026-07-08","Half",1,84.79
1124,2026-07-10,"2026-07-08","Mothership Pickup Time (5.0 @5:30-6) - @5:30-6",1,0
1124,2026-07-10,"2026-07-08","Beans - Green - Bag",1,4.25
1124,2026-07-10,"2026-07-08","Blueberries - Pint",1,7
1124,2026-07-10,"2026-07-08","Eggs - Dozen",1,6.5
1124,2026-07-10,"2026-07-08","Feta Cheese - HBC - Each",1,6.75
1124,2026-07-10,"2026-07-08","Peppers - Green Bell - 2-pack",1,3.25
1124,2026-07-10,"2026-07-08","Pretzel - UL Wednesday - Each",1,3.75
1124,2026-07-10,"2026-07-08","Extra Credit - Each",2,1.06
1124,2026-07-10,"2026-07-08","Half",1,84.79
296,2026-07-10,"2026-07-08","Mothership Pickup Time (2.0 @4-4:30) - @4-4:30",1,0
296,2026-07-10,"2026-07-08","Chicken - Links ($10.50) - Each",1,10.5
296,2026-07-10,"2026-07-08","Date Chocolate Syrup - Jar",1,12
296,2026-07-10,"2026-07-08","Eggs - Dozen",1,6.5
296,2026-07-10,"2026-07-08","Semolina - Wednesday - Loaf",1,7
296,2026-07-10,"2026-07-08","Extra Credit - Each",6.5,1.06
296,2026-07-10,"2026-07-08","Half",1,84.79
919,2026-07-10,"2026-07-08","Mothership Pickup Time (1.0 @3:30-4) - @3:30-4",1,0
919,2026-07-10,"2026-07-08","Dark Bar 61% - Package",1,3
919,2026-07-10,"2026-07-08","Eggs - Dozen",1,6.5
919,2026-07-10,"2026-07-08","Kale - Green Curly - Bag",1,5
919,2026-07-10,"2026-07-08","Mushrooms (1.0 Oyster) - Oyster",1,8
919,2026-07-10,"2026-07-08","Onions - Mix - Pint",1,3
919,2026-07-10,"2026-07-08","Squash - Zucchini - Each",1,2.5
919,2026-07-10,"2026-07-08","Half",1,84.79
570,2026-07-10,"2026-07-08","UCity Pickup Time - @4:10-4:30",1,0
570,2026-07-10,"2026-07-08","Chicken - Links ($10.50) - Each",1,10.5
570,2026-07-10,"2026-07-08","Eggs - Dozen",1,6.5
570,2026-07-10,"2026-07-08","Honey - Wildflower - Bottle",1,11.5
570,2026-07-10,"2026-07-08","Half",1,68.89
1154,2026-07-10,"2026-07-08","Mothership Pickup Time (3.0 @4:30-5) - @4:30-5",1,0
1154,2026-07-10,"2026-07-08","Bagels - Blueberry - BU - Bag",1,11.25
1154,2026-07-10,"2026-07-08","Eggs - Dozen",1,6.5
1154,2026-07-10,"2026-07-08","Ground Beef - D&M - Lb.",1,10.5
1154,2026-07-10,"2026-07-08","Peaches - Bag",1,7
1154,2026-07-10,"2026-07-08","Extra Credit - Each",11.5,1.06
1154,2026-07-10,"2026-07-08","Mini",1,53.2
541,2026-07-10,"2026-07-08","UCity Pickup Time (2.0 @4:30-5) - @4:30-5",1,0
541,2026-07-10,"2026-07-08","Blueberries - Pint",1,7
541,2026-07-10,"2026-07-08","Eggplant - Globe - Each",2,1.75
541,2026-07-10,"2026-07-08","Peaches - Bag",1,7
541,2026-07-10,"2026-07-08","Peppers - Green Bell - 2-pack",1,3.25
541,2026-07-10,"2026-07-08","Tomatoes - Sungold - Pint",1,7
541,2026-07-10,"2026-07-08","Extra Credit - Each",1,1.06
541,2026-07-10,"2026-07-08","UCA/KWA",1,79.79
1559,2026-07-10,"2026-07-08","UCity Pickup Time (3.0 @5-5:30) - @5-5:30",1,0
1559,2026-07-10,"2026-07-08","Aged Cheddar - HBC - Each",1,6.75
1559,2026-07-10,"2026-07-08","Bagels - Pumpernickel - BU - Bag",1,11.25
1559,2026-07-10,"2026-07-08","Blackberries - Pint",1,7
1559,2026-07-10,"2026-07-08","Bok Choy - Bag",1,5
1559,2026-07-10,"2026-07-08","Eggs - Dozen",1,6.5
1559,2026-07-10,"2026-07-08","FF Dish - Smoked Salmon Gnocchi - Pint",1,13.5
1559,2026-07-10,"2026-07-08","Ground Beef - D&M - Lb.",1,10.5
1559,2026-07-10,"2026-07-08","Hand Pie: Spanakopita - Bag",1,10.5
1559,2026-07-10,"2026-07-08","Onions - Mix - Pint",1,3
1559,2026-07-10,"2026-07-08","Peaches - Bag",1,7
1559,2026-07-10,"2026-07-08","Radishes - Red - Lb.",1,3.5
1559,2026-07-10,"2026-07-08","Tomatoes - Heirloom - Bag",1,8.5
1559,2026-07-10,"2026-07-08","Extra Credit - Each",69.25,1.06
1559,2026-07-10,"2026-07-08","Mini",1,53.2
1622,2026-07-10,"2026-07-08","Chicken - Big Bag Deboned Thighs/lb. - Bag",1,42.41
1622,2026-07-10,"2026-07-08","Mothership Pickup Time (1.0 @3:30-4) - @3:30-4",1,0
1622,2026-07-10,"2026-07-08","Black Pepper Cheddar - Each",1,6.75
1622,2026-07-10,"2026-07-08","Dark Chocolate Almond Bar - Pack",1,4.95
1622,2026-07-10,"2026-07-08","Eggs - Dozen",1,6.5
1622,2026-07-10,"2026-07-08","Extra Credit - Each",36.86,1.06
1622,2026-07-10,"2026-07-08","Mini",1,53.2
1098,2026-07-10,"2026-07-08","Cucumbers - Pickling - Bag",1,3.5
1098,2026-07-10,"2026-07-08","Eggs - BW - Dozen",1,6.5
1098,2026-07-10,"2026-07-08","UCity Pickup Time - @4:10-4:30",1,0
1098,2026-07-10,"2026-07-08","Ground Beef - D&M - Lb.",1,10.5
1098,2026-07-10,"2026-07-08","Oat Porridge Bread - Wednesday - Loaf",1,9
1098,2026-07-10,"2026-07-08","Peppers - Green Bell - 2-pack",1,3.25
1098,2026-07-10,"2026-07-08","Semolina - Wednesday - Loaf",1,7
1098,2026-07-10,"2026-07-08","Extra Credit - Each",10.25,1.06
1098,2026-07-10,"2026-07-08","Half",1,68.89
1098,2026-07-10,"2026-07-08","2% MILK-o",1,8.85
557,2026-07-10,"2026-07-08","Ground Turkey - Pack",1,10.25
557,2026-07-10,"2026-07-08","Mothership Pickup Time (1.0 @3:30-4) - @3:30-4",1,0
557,2026-07-10,"2026-07-08","Chicken Breasts /lb. - Pack",1,11.56
557,2026-07-10,"2026-07-08","Eggs - Dozen",1,6.5
557,2026-07-10,"2026-07-08","Hoagie - Wednesday - Each",1,3.5
557,2026-07-10,"2026-07-08","Mushrooms - Choice",1,8
557,2026-07-10,"2026-07-08","Popped Corn - Organic - Bag",1,3
557,2026-07-10,"2026-07-08","Extra Credit - Each",11.06,1.06
557,2026-07-10,"2026-07-08","FSA/FSD",1,79.79
288,2026-07-10,"2026-07-08","Mothership Pickup Time (1.0 @3:30-4) - @3:30-4",1,0
288,2026-07-10,"2026-07-08","Chicken - Breakfast Links - Each",1,10.5
288,2026-07-10,"2026-07-08","Eggs - Dozen",1,6.5
288,2026-07-10,"2026-07-08","Feta Cheese - HBC - Each",1,6.75
288,2026-07-10,"2026-07-08","Mini",1,53.2
1000,2026-07-10,"2026-07-08","UCity Pickup Time (3.0 @5-5:30) - @5-5:30",1,0
1000,2026-07-10,"2026-07-08","Buttermilk Waffles Sourdough - Frozen - Pack",1,5
1000,2026-07-10,"2026-07-08","Dark Chocolate Lolli - Each",1,1.75
1000,2026-07-10,"2026-07-08","Eggs - Dozen",1,6.5
1000,2026-07-10,"2026-07-08","Sesame Hoagie -W - Each",1,3.8
1000,2026-07-10,"2026-07-08","Yogurt - Blueberry - Oz.",1,7.1
1000,2026-07-10,"2026-07-08","Extra Credit - Each",0.4,1.06
1000,2026-07-10,"2026-07-08","Mini",1,53.2
824,2026-07-10,"2026-07-08","Blackberries - Pint",1,7
824,2026-07-10,"2026-07-08","Chicken - Ground - Lb.",1,10.25
824,2026-07-10,"2026-07-08","Eggs - Dozen",1,6.5
824,2026-07-10,"2026-07-08","Mini",1,53.2
207,2026-07-10,"2026-07-08","Beans - Green - Bag",1,4.25
207,2026-07-10,"2026-07-08","Blackberries - Pint",1,7
207,2026-07-10,"2026-07-08","Eggplant - Globe - Each",1,1.75
207,2026-07-10,"2026-07-08","Eggs - Dozen",1,6.5
207,2026-07-10,"2026-07-08","Fresh Herb - Basil - Bunch",1,3.5
207,2026-07-10,"2026-07-08","Peaches - Bag",1,7
207,2026-07-10,"2026-07-08","Peppers - Green Bell - 2-pack",1,3.25
207,2026-07-10,"2026-07-08","Potatoes - New - Bag",1,5.75
207,2026-07-10,"2026-07-08","Sweet Corn - 5-pack",1,3.25
207,2026-07-10,"2026-07-08","Tomatoes - Slicing - Bag",1,6.5
207,2026-07-10,"2026-07-08","Tomatoes - Sungold - Pint",1,7
207,2026-07-10,"2026-07-08","Extra Credit - Each",32,1.06
207,2026-07-10,"2026-07-08","Mini",1,53.2
210,2026-07-10,"2026-07-08","Staff - include last wk's share - Bag",1,0
100,2026-07-10,"2026-07-08","Mothership Pickup Time (3.0 @4:30-5) - @4:30-5",1,0
100,2026-07-10,"2026-07-08","Blueberries - Pint",1,7
100,2026-07-10,"2026-07-08","Boneless Pork Chop - D&M /lb - Lb.",1,9.68
100,2026-07-10,"2026-07-08","Eggs - Dozen",1,6.5
100,2026-07-10,"2026-07-08","Ground Beef - D&M - Lb.",1,10.5
100,2026-07-10,"2026-07-08","Extra Credit - Each",9.93,1.06
100,2026-07-10,"2026-07-08","Mini",1,53.2
99,2026-07-10,"2026-07-08","Chicken - BULK Breasts /lb. - Pack",1,42.9
99,2026-07-10,"2026-07-08","Ground Turkey - Pack",1,10.25
99,2026-07-10,"2026-07-08","Mothership Pickup Time (4.0 @5-5:30) - @5-5:30",1,0
99,2026-07-10,"2026-07-08","Blueberries - Pint",1,7
99,2026-07-10,"2026-07-08","Eggs - Dozen",1,6.5
99,2026-07-10,"2026-07-08","Peaches - Bag",1,7
77,2026-07-10,"2026-07-08","Mothership Pickup Time (1.0 @3:30-4) - @3:30-4",1,0
77,2026-07-10,"2026-07-08","Cinnamon Rolls - Pack",1,6.75
77,2026-07-10,"2026-07-08","Eggs - Dozen",1,6.5
77,2026-07-10,"2026-07-08","Hummus - Carrot & Ginger - Tub",1,6.75
77,2026-07-10,"2026-07-08","Queso Quesadilla - HBC - Each",1,6.75
77,2026-07-10,"2026-07-08","Shoots - Sunflower - Bag",1,4.5
77,2026-07-10,"2026-07-08","Extra Credit - Each",7.5,1.06
77,2026-07-10,"2026-07-08","Mini",1,53.2
1997,2026-07-10,"2026-07-08","Bagels - Egg - BU - Bag",1,11.25
1997,2026-07-10,"2026-07-08","Bagels - Everything - BU - Bag",1,11.25
1997,2026-07-10,"2026-07-08","Blueberries - Pint",1,7
1997,2026-07-10,"2026-07-08","Chicken - Links ($10.50) - Each",1,10.5
1997,2026-07-10,"2026-07-08","Eggs - Dozen",1,6.5
1997,2026-07-10,"2026-07-08","Peaches - Bag",1,7
1997,2026-07-10,"2026-07-08","Extra Credit - Each",24,1.06
1997,2026-07-10,"2026-07-08","Half",1,68.89
1923,2026-07-10,"2026-07-08","Beans - Green - Bag",1,4.25
1923,2026-07-10,"2026-07-08","Blueberries - Pint",1,7
1923,2026-07-10,"2026-07-08","Marinara Sauce - Jar",1,8.75
1923,2026-07-10,"2026-07-08","Peaches - Bag",1,7
1923,2026-07-10,"2026-07-08","Pork - Ground  - Lb.",1,7.5
1923,2026-07-10,"2026-07-08","Semolina - Wednesday - Loaf",1,7
1923,2026-07-10,"2026-07-08","Tomatoes - Sungold - Pint",1,7
1923,2026-07-10,"2026-07-08","Wildcard $4 - Each",1,4
1923,2026-07-10,"2026-07-08","Extra Credit - Each",25.75,1.06
1923,2026-07-10,"2026-07-08","UCA/KWA",1,79.79
1174,2026-07-10,"2026-07-08","Mothership Pickup Time (1.0 @3:30-4) - @3:30-4",1,0
1174,2026-07-10,"2026-07-08","Bagels - Pumpernickel - BU - Bag",1,11.25
1174,2026-07-10,"2026-07-08","Blackberries - Pint",1,7
1174,2026-07-10,"2026-07-08","Eggs - Dozen",1,6.5
1174,2026-07-10,"2026-07-08","Kale - Lacinato/Dinosaur - Bag",1,5
1174,2026-07-10,"2026-07-08","Kohlrabi  - Head",1,1
1174,2026-07-10,"2026-07-08","Extra Credit - Each",1.25,1.06
1174,2026-07-10,"2026-07-08","Half",1,84.79
1879,2026-07-10,"2026-07-08","Mothership Pickup Time (3.0 @4:30-5) - @4:30-5",1,0
1879,2026-07-10,"2026-07-08","Black Pepper Cheddar - Each",1,6.75
1879,2026-07-10,"2026-07-08","Eggs - Dozen",1,6.5
1879,2026-07-10,"2026-07-08","Ground Beef - D&M - Lb.",1,10.5
1879,2026-07-10,"2026-07-08","Radishes - Red - Lb.",1,3.5
1879,2026-07-10,"2026-07-08","Thick Cut Dill Pickles - Quart",1,7.75
1879,2026-07-10,"2026-07-08","Extra Credit - Each",11.25,1.06
1879,2026-07-10,"2026-07-08","Mini",1,53.2
1111,2026-07-10,"2026-07-08","Mothership Pickup Time (1.0 @3:30-4) - @3:30-4",1,0
1111,2026-07-10,"2026-07-08","Beans - Green - Bag",1,4.25
1111,2026-07-10,"2026-07-08","Chicken Thighs - Boneless/lb. - lbs",1,11.73
1111,2026-07-10,"2026-07-08","Eggs - Dozen",2,6.5
1111,2026-07-10,"2026-07-08","Salmon - Fillet Pieces/LB* - Each",2,9.2
1111,2026-07-10,"2026-07-08","Sweet Corn - 5-pack",1,3.25
1111,2026-07-10,"2026-07-08","Extra Credit - Each",21.13,1.06
1111,2026-07-10,"2026-07-08","Half",1,84.79
1498,2026-07-10,"2026-07-08","UCity Pickup Time (2.0 @4:30-5) - @4:30-5",1,0
1498,2026-07-10,"2026-07-08","Carrots no tops - Lb.",1,6
1498,2026-07-10,"2026-07-08","Cheese Choice $6.75 - Each",1,6.75
1498,2026-07-10,"2026-07-08","Peaches - Bag",1,7
1498,2026-07-10,"2026-07-08","Peppers - Green Bell - 2-pack",1,3.25
1498,2026-07-10,"2026-07-08","Mini",1,53.2
526,2026-07-10,"2026-07-08","Blueberries - Pint",1,7
526,2026-07-10,"2026-07-08","Chicken Chorizo - Lb.",1,10.5
526,2026-07-10,"2026-07-08","Light and Mild - Wednesday - Loaf",1,8.25
526,2026-07-10,"2026-07-08","Pasta Bi-color Short - Lb.",1,6.5
526,2026-07-10,"2026-07-08","Extra Credit - Each",5.5,1.06
526,2026-07-10,"2026-07-08","UCA/KWA",1,79.79
42,2026-07-10,"2026-07-08","Eggs - BW - Dozen",2,6.5
42,2026-07-10,"2026-07-08","Jam - Blueberry HBY - Pint",1,7.75
42,2026-07-10,"2026-07-08","UCity Pickup Time - @4:10-4:30",1,0
42,2026-07-10,"2026-07-08","Blueberries - Pint",1,7
42,2026-07-10,"2026-07-08","Cinnamon Rolls - Pack",1,6.75
42,2026-07-10,"2026-07-08","Cucumbers - Slicing - Each",2,2
42,2026-07-10,"2026-07-08","Marinara Sauce - Jar",1,8.75
42,2026-07-10,"2026-07-08","Salmon - Fillet Pieces/LB* - Each",1,11.2
42,2026-07-10,"2026-07-08","Extra Credit - Each",31.7,1.06
42,2026-07-10,"2026-07-08","UCA/KWA",1,79.79
1030,2026-07-10,"2026-07-08","UCity Pickup Time (3.0 @5-5:30) - @5-5:30",1,0
1030,2026-07-10,"2026-07-08","Blackberries - Pint",1,7
1030,2026-07-10,"2026-07-08","Blueberries - Pint",1,7
1030,2026-07-10,"2026-07-08","Eggs - Dozen",1,6.5
1030,2026-07-10,"2026-07-08","Gnocchi - Spinach  - Lb.",1,6.5
1030,2026-07-10,"2026-07-08","Janie's Bread - Wednesday - Each",1,7
1030,2026-07-10,"2026-07-08","Pasta Long Bi-color - Lb.",1,6.5
1030,2026-07-10,"2026-07-08","Peaches - Bag",2,7
1030,2026-07-10,"2026-07-08","Yogurt - Plain - Oz.",1,7.1
1030,2026-07-10,"2026-07-08","Extra Credit - Each",34.85,1.06
1030,2026-07-10,"2026-07-08","UCA/KWA",1,79.79
863,2026-07-10,"2026-07-08","Mothership Pickup Time (1.0 @3:30-4) - @3:30-4",1,0
863,2026-07-10,"2026-07-08","Chicken - Ground - Lb.",1,10.25
863,2026-07-10,"2026-07-08","Eggs - Dozen",1,6.5
863,2026-07-10,"2026-07-08","Rice - Basmati White - Lb.",1,7.5
863,2026-07-10,"2026-07-08","Tomatoes - Sungold - Pint",1,7
863,2026-07-10,"2026-07-08","FSA/FSD",1,79.79
190,2026-07-10,"2026-07-08","Sugar Free - Blueberry HBY - Pint",1,7.75
190,2026-07-10,"2026-07-08","Mothership Pickup Time (4.0 @5-5:30) - @5-5:30",1,0
190,2026-07-10,"2026-07-08","Hand Pie: Chicken Curry - Bag",1,10.5
190,2026-07-10,"2026-07-08","Onions - Mix - Pint",1,3
190,2026-07-10,"2026-07-08","Potatoes - New - Bag",1,5.75
190,2026-07-10,"2026-07-08","Pretzel - UL Wednesday - Each",1,3.75
190,2026-07-10,"2026-07-08","Tomatoes - Cherry Mix - Bag",1,6.75
190,2026-07-10,"2026-07-08","Extra Credit - Each",13.75,1.06
190,2026-07-10,"2026-07-08","Mini",1,53.2
911,2026-07-10,"2026-07-08","Eggs - BW - Dozen",1,6.5
911,2026-07-10,"2026-07-08","Mothership Pickup Time (2.0 @4-4:30) - @4-4:30",1,0
911,2026-07-10,"2026-07-08","Bagels - Cinnamon Raisin - BU - Bag",1,11.25
911,2026-07-10,"2026-07-08","Blueberries - Pint",1,7
911,2026-07-10,"2026-07-08","Squash - Zucchini - Each",1,2.5
911,2026-07-10,"2026-07-08","Sweet Corn - 5-pack",1,3.25
911,2026-07-10,"2026-07-08","Extra Credit - Each",1,1.06
911,2026-07-10,"2026-07-08","Half",1,68.89
962,2026-07-10,"2026-07-08","Mothership Pickup Time (5.0 @5:30-6) - @5:30-6",1,0
962,2026-07-10,"2026-07-08","Blueberries - Pint",1,7
962,2026-07-10,"2026-07-08","Crunchy Peanut Butter - Jar",1,7.75
962,2026-07-10,"2026-07-08","Maple Syrup 12 oz. - Jar",1,13
962,2026-07-10,"2026-07-08","Wild Cod/LB* - Pack",1,8.25
962,2026-07-10,"2026-07-08","Extra Credit - Each",6.5,1.06
962,2026-07-10,"2026-07-08","Half",1,84.79
125,2026-07-10,"2026-07-08","Marinara Sauce - Jar",1,8.75
125,2026-07-10,"2026-07-08","Pasta Bi-color Short - Lb.",1,6.5
125,2026-07-10,"2026-07-08","Pork - Ground  - Lb.",1,7.5
125,2026-07-10,"2026-07-08","Wildcard $4 - Each",1,4
125,2026-07-10,"2026-07-08","UCA/KWA",1,79.79
235,2026-07-10,"2026-07-08","Blueberries - Pint",1,7
235,2026-07-10,"2026-07-08","Bread Pudding - Muffin - Each",1,4
235,2026-07-10,"2026-07-08","Eggs - Dozen",1,6.5
235,2026-07-10,"2026-07-08","Hand Pie: Veggie Samosa - Bag",1,10.5
235,2026-07-10,"2026-07-08","Pasta Long Bi-color - Lb.",1,6.5
235,2026-07-10,"2026-07-08","Potatoes - New - Bag",1,5.75
235,2026-07-10,"2026-07-08","Extra Credit - Each",16.5,1.06
235,2026-07-10,"2026-07-08","Mini",1,53.2
1512,2026-07-10,"2026-07-08","Cheddar - Hatch Pepper - Package",1,6.75
1512,2026-07-10,"2026-07-08","UCity Pickup Time - @4:10-4:30",1,0
1512,2026-07-10,"2026-07-08","Black Pepper Cheddar - Each",2,6.75
1512,2026-07-10,"2026-07-08","Eggs - Dozen",1,6.5
1512,2026-07-10,"2026-07-08","Rice - Basmati Brown - Lb.",1,7.5
1512,2026-07-10,"2026-07-08","Extra Credit - Each",4.75,1.06
1512,2026-07-10,"2026-07-08","Half",1,68.89
356,2026-07-10,"2026-07-08","UCity Pickup Time (3.0 @5-5:30) - @5-5:30",1,0
356,2026-07-10,"2026-07-08","Eggs - Dozen",1,6.5
356,2026-07-10,"2026-07-08","Ground Beef - D&M - Lb.",1,10.5
356,2026-07-10,"2026-07-08","Hummus - Beet & Pepita - Tub",1,6.75
356,2026-07-10,"2026-07-08","Mini",1,53.2
520,2026-07-10,"2026-07-08","UCity Pickup Time - @4:10-4:30",1,0
520,2026-07-10,"2026-07-08","Beans - Green - Bag",1,4.25
520,2026-07-10,"2026-07-08","Blackberries - Pint",1,7
520,2026-07-10,"2026-07-08","Carrots no tops - Lb.",1,6
520,2026-07-10,"2026-07-08","Eggplant - Little Finger - Bag",1,6
520,2026-07-10,"2026-07-08","Eggs - Dozen",1,6.5
520,2026-07-10,"2026-07-08","Peppers - Green Bell - 2-pack",1,3.25
520,2026-07-10,"2026-07-08","Tomatillos  - Bag",1,4.75
520,2026-07-10,"2026-07-08","Extra Credit - Each",14,1.06
520,2026-07-10,"2026-07-08","Mini",1,53.2
520,2026-07-10,"2026-07-08","Whole MILK",1,8.85
156,2026-07-10,"2026-07-08","Mothership Pickup Time (3.0 @4:30-5) - @4:30-5",1,0
156,2026-07-10,"2026-07-08","Food for Ferals Donation - $",1,1
156,2026-07-10,"2026-07-08","Flour - Bread 5# - Lb.",1,9.8
156,2026-07-10,"2026-07-08","Pork - Bratwurst  - Pack",1,8.5
156,2026-07-10,"2026-07-08","Shoots - Sunflower - Bag",1,4.5
156,2026-07-10,"2026-07-08","Vinaigrette - Greek Style - Bottle",1,6.25
156,2026-07-10,"2026-07-08","Extra Credit - Each",0.55,1.06
156,2026-07-10,"2026-07-08","Half",1,84.79
709,2026-07-10,"2026-07-08","Mothership Pickup Time (2.0 @4-4:30) - @4-4:30",1,0
709,2026-07-10,"2026-07-08","RL Heavy Cream  - Pint",1,7.75
709,2026-07-10,"2026-07-08","Beets - Golden - Lb.",1,5
709,2026-07-10,"2026-07-08","Chicken Thighs - Boneless/lb. - lbs",1,11.55
709,2026-07-10,"2026-07-08","Cinnamon Rolls - Pack",1,6.75
709,2026-07-10,"2026-07-08","Cucumbers - Slicing - Each",1,2
709,2026-07-10,"2026-07-08","Eggs - Dozen",2,6.5
709,2026-07-10,"2026-07-08","Ground Beef - D&M - Lb.",1,10.5
709,2026-07-10,"2026-07-08","Mushrooms - Choice",1,8
709,2026-07-10,"2026-07-08","Toffee - Package",2,7.5
709,2026-07-10,"2026-07-08","Extra Credit - Each",47.8,1.06
709,2026-07-10,"2026-07-08","FSA/FSD",1,79.79
709,2026-07-10,"2026-07-08","Whole MILK",1,8.85
1355,2026-07-10,"2026-07-08","Chicken - Links ($10.50) - Each",1,10.5
1355,2026-07-10,"2026-07-08","Eggs - Dozen",1,6.5
1355,2026-07-10,"2026-07-08","Syrup Choice $12.50 - Each",1,12.5
1355,2026-07-10,"2026-07-08","Half",1,84.79
1355,2026-07-10,"2026-07-08","Eggs - Buttonwood",3,6.65
1355,2026-07-10,"2026-07-08","Ground Chicken",7,8.84
1355,2026-07-10,"2026-07-08","Whole MILK-o",1,8.85
1272,2026-07-10,"2026-07-08","Mothership Pickup Time (1.0 @3:30-4) - @3:30-4",1,0
1272,2026-07-10,"2026-07-08","Bagels - Egg - BU - Bag",1,11.25
1272,2026-07-10,"2026-07-08","Blackberries - Pint",1,7
1272,2026-07-10,"2026-07-08","Blueberries - Pint",2,7
1272,2026-07-10,"2026-07-08","Carrots no tops - Lb.",1,6
1272,2026-07-10,"2026-07-08","Sweet Corn - 5-pack",1,3.25
1272,2026-07-10,"2026-07-08","Extra Credit - Each",12,1.06
1272,2026-07-10,"2026-07-08","Half",1,84.79
461,2026-07-10,"2026-07-08","Chicken - Ground - Lb.",1,10.25
461,2026-07-10,"2026-07-08","Eggs - Dozen",1,6.5
461,2026-07-10,"2026-07-08","Mushrooms - Choice",1,8
461,2026-07-10,"2026-07-08","Rice Choice $7 - Bag",1,7
461,2026-07-10,"2026-07-08","FSA/FSD",1,79.79
598,2026-07-10,"2026-07-08","Cheddar - Hatch Pepper - Package",1,6.75
598,2026-07-10,"2026-07-08","Eggs - Dozen",1,6.5
598,2026-07-10,"2026-07-08","Ground Beef - D&M - Lb.",1,10.5
598,2026-07-10,"2026-07-08","Mini",1,53.2
423,2026-07-10,"2026-07-08","Mothership Pickup Time (6.0 @6-6:30) - @6-6:30",1,0
423,2026-07-10,"2026-07-08","Argentine Red Shrimp 2 LB - Lb.",1,50.5
423,2026-07-10,"2026-07-08","Blackberries - Pint",12,6.5
423,2026-07-10,"2026-07-08","Cinnamon Rolls - Pack",2,6.75
423,2026-07-10,"2026-07-08","Eggs - Dozen",1,6.5
423,2026-07-10,"2026-07-08","Sesame Hoagie -W - Each",1,3.8
423,2026-07-10,"2026-07-08","Soy Sauce - Mushroom - Bottle",2,7.5
423,2026-07-10,"2026-07-08","Extra Credit - Each",135.55,1.06
423,2026-07-10,"2026-07-08","FSA/FSD",1,79.79
1459,2026-07-10,"2026-07-08","Eggs - BW - Dozen",1,6.5
1459,2026-07-10,"2026-07-08","Mothership Pickup Time (4.0 @5-5:30) - @5-5:30",1,0
1459,2026-07-10,"2026-07-08","Bagels - Blueberry - BU - Bag",1,11.25
1459,2026-07-10,"2026-07-08","Honey - Wildflower - Bottle",1,11.5
1459,2026-07-10,"2026-07-08","Squash - Zucchini - Each",1,2.5
1459,2026-07-10,"2026-07-08","Sweet Corn - 5-pack",1,3.25
1459,2026-07-10,"2026-07-08","Extra Credit - Each",5.5,1.06
1459,2026-07-10,"2026-07-08","Half",1,84.79
1627,2026-07-10,"2026-07-08","Mothership Pickup Time (5.0 @5:30-6) - @5:30-6",1,0
1627,2026-07-10,"2026-07-08","Bread Pudding - Muffin - Each",1,4
1627,2026-07-10,"2026-07-08","Bread Pudding - Muffin - Froz. - Each",2,4
1627,2026-07-10,"2026-07-08","Chicken Thighs - Boneless/lb. - lbs",1,10.15
1627,2026-07-10,"2026-07-08","Eggplant - Globe - Each",2,1.75
1627,2026-07-10,"2026-07-08","Eggs - Dozen",1,6.5
1627,2026-07-10,"2026-07-08","Hoagie - Wednesday - Each",1,3.5
1627,2026-07-10,"2026-07-08","Extra Credit - Each",3.9,1.06
1627,2026-07-10,"2026-07-08","FSA/FSD",1,79.79
322,2026-07-10,"2026-07-08","Marinara Sauce - Jar",1,8.75
322,2026-07-10,"2026-07-08","Pasta Bi-color Short - Lb.",1,6.5
322,2026-07-10,"2026-07-08","Pork - Ground  - Lb.",1,7.5
322,2026-07-10,"2026-07-08","Wildcard $4 - Each",1,4
322,2026-07-10,"2026-07-08","UCA/KWA",1,79.79
430,2026-07-10,"2026-07-08","UCity Pickup Time (2.0 @4:30-5) - @4:30-5",1,0
430,2026-07-10,"2026-07-08","Bagels - Sesame Seed - BU - Bag",1,11.25
430,2026-07-10,"2026-07-08","Chicken Breasts /lb. - Pack",1,13.09
430,2026-07-10,"2026-07-08","Deluxe Mixed Nuts - Bag",1,4.3
430,2026-07-10,"2026-07-08","Eggs - Dozen",1,6.5
430,2026-07-10,"2026-07-08","FF Dish - Saag Paneer - Pint",1,13.5
430,2026-07-10,"2026-07-08","Multigrain Bread  - Each",1,6.75
430,2026-07-10,"2026-07-08","Extra Credit - Each",25.89,1.06
430,2026-07-10,"2026-07-08","Half",1,84.79
1474,2026-07-10,"2026-07-08","Pizza - Sausage Pepperoni - Each",1,8.5
1474,2026-07-10,"2026-07-08","Peaches - Bag",1,7
1474,2026-07-10,"2026-07-08","Tomatoes - Sungold - Pint",1,7
1474,2026-07-10,"2026-07-08","Mini",1,53.2
1048,2026-07-10,"2026-07-08","UCity Pickup Time (3.0 @5-5:30) - @5-5:30",1,0
1048,2026-07-10,"2026-07-08","Blueberries - Pint",1,7
1048,2026-07-10,"2026-07-08","Chicken - Thighs /lbs  - lbs",2,7.56
1048,2026-07-10,"2026-07-08","Peaches - Bag",1,7
1048,2026-07-10,"2026-07-08","Extra Credit - Each",2.37,1.06
1048,2026-07-10,"2026-07-08","UCA/KWA",1,79.79
1255,2026-07-10,"2026-07-08","Eggs - BW - Dozen",1,6.5
1255,2026-07-10,"2026-07-08","Mothership Pickup Time (1.0 @3:30-4) - @3:30-4",1,0
1255,2026-07-10,"2026-07-08","Blueberries - Pint",1,7
1255,2026-07-10,"2026-07-08","Chicken Links - Lemon Pepper - Lb.",1,10.5
1255,2026-07-10,"2026-07-08","Eggplant - Globe - Each",1,1.75
1255,2026-07-10,"2026-07-08","Mushrooms (1.0 Shiitake) - Shiitake",1,8
1255,2026-07-10,"2026-07-08","Peaches - Bag",1,7
1255,2026-07-10,"2026-07-08","Squash - Zucchini - Each",1,2.5
1255,2026-07-10,"2026-07-08","Extra Credit - Each",14.5,1.06
1255,2026-07-10,"2026-07-08","Mini",1,53.2
1255,2026-07-10,"2026-07-08","2% MILK",1,8.85
1255,2026-07-10,"2026-07-08","Half & Half",1,5.05
1162,2026-07-10,"2026-07-08","Mothership Pickup Time (1.0 @3:30-4) - @3:30-4",1,0
1162,2026-07-10,"2026-07-08","Eggs - Dozen",1,6.5
1162,2026-07-10,"2026-07-08","Ground Beef - D&M - Lb.",1,10.5
1162,2026-07-10,"2026-07-08","Peaches - Bag",1,7
1162,2026-07-10,"2026-07-08","Extra Credit - Each",0.25,1.06
1162,2026-07-10,"2026-07-08","Mini",1,53.2
162,2026-07-10,"2026-07-08","UCity Pickup Time (3.0 @5-5:30) - @5-5:30",1,0
162,2026-07-10,"2026-07-08","Beets - Golden - Lb.",2,5
162,2026-07-10,"2026-07-08","Chevre PF (1.0 Plain) - Plain",1,8.5
162,2026-07-10,"2026-07-08","Chicken - Links ($10.50) - Each",1,10.5
162,2026-07-10,"2026-07-08","Eggplant - Fairy Tale - Pint",1,4.5
162,2026-07-10,"2026-07-08","Eggplant - Globe - Each",2,1.75
162,2026-07-10,"2026-07-08","Eggplant - Little Finger - Bag",1,6
162,2026-07-10,"2026-07-08","Eggs - Dozen",1,6.5
162,2026-07-10,"2026-07-08","Tomatillos  - Bag",1,4.75
162,2026-07-10,"2026-07-08","Extra Credit - Each",24.75,1.06
162,2026-07-10,"2026-07-08","Half",1,84.79
1735,2026-07-10,"2026-07-08","UCity Pickup Time (2.0 @4:30-5) - @4:30-5",1,0
1735,2026-07-10,"2026-07-08","Dark Bar 61% - Package",1,3
1735,2026-07-10,"2026-07-08","Janie's Bread - Wednesday - Each",1,7
1735,2026-07-10,"2026-07-08","Peaches - Bag",1,7
1735,2026-07-10,"2026-07-08","Pork - Ground  - Lb.",1,7.5
1735,2026-07-10,"2026-07-08","Tomatoes - Sungold - Pint",1,7
1735,2026-07-10,"2026-07-08","Extra Credit - Each",4.75,1.06
1735,2026-07-10,"2026-07-08","UCA/KWA",1,79.79
627,2026-07-10,"2026-07-08","UCity Pickup Time - @4:10-4:30",1,0
627,2026-07-10,"2026-07-08","Bagels - Blueberry - BU - Bag",1,11.25
627,2026-07-10,"2026-07-08","Eggs - Dozen",1,6.5
627,2026-07-10,"2026-07-08","Feta Cheese - HBC - Each",1,6.75
627,2026-07-10,"2026-07-08","Peaches - Bag",1,7
627,2026-07-10,"2026-07-08","Popped Corn - Organic - Bag",1,3
627,2026-07-10,"2026-07-08","Extra Credit - Each",10.75,1.06
627,2026-07-10,"2026-07-08","Mini",1,53.2
1014,2026-07-10,"2026-07-08","UCity Pickup Time - @4:10-4:30",1,0
1014,2026-07-10,"2026-07-08","Aged Cheddar - HBC - Each",1,6.75
1014,2026-07-10,"2026-07-08","Beans - Green - Bag",1,4.25
1014,2026-07-10,"2026-07-08","Blueberries - Pint",1,7
1014,2026-07-10,"2026-07-08","Chicken Breasts /lb. - Pack",1,11.9
1014,2026-07-10,"2026-07-08","Collards - Bunch",1,6
1014,2026-07-10,"2026-07-08","Kale - Green Curly - Bag",1,5
1014,2026-07-10,"2026-07-08","Salmon - Fillet Pieces/LB* - Each",3,8.32
1014,2026-07-10,"2026-07-08","Swiss Chard - Bunch",1,6
1014,2026-07-10,"2026-07-08","Wild Cod/LB* - Pack",1,10.39
1014,2026-07-10,"2026-07-08","Extra Credit - Each",58.5,1.06
1014,2026-07-10,"2026-07-08","Mini",1,53.2
1014,2026-07-10,"2026-07-08","Eggs - Buttonwood",1,6.65
1534,2026-07-10,"2026-07-08","Almond Butter - Pint",1,11.25
1534,2026-07-10,"2026-07-08","Blackberries - Pint",1,7
1534,2026-07-10,"2026-07-08","Blueberries - Pint",1,7
1534,2026-07-10,"2026-07-08","Cannolis - Frozen - 2-pack",1,8.5
1534,2026-07-10,"2026-07-08","Cucumbers - Slicing - Each",1,2
1534,2026-07-10,"2026-07-08","Eggplant - Globe - Each",1,1.75
1534,2026-07-10,"2026-07-08","Eggs - Dozen",1,6.5
1534,2026-07-10,"2026-07-08","FF Dip - Smoked Salmon  - Tub",1,10
1534,2026-07-10,"2026-07-08","Flour - All Purpose 5 lb - Bag",1,8.5
1534,2026-07-10,"2026-07-08","Granola Bar - Each",4,3.8
1534,2026-07-10,"2026-07-08","Louise's Cocoa Brownie Crisp Granola - Bag",1,11.15
1534,2026-07-10,"2026-07-08","Olive Oil Large - Bottle",1,18.5
1534,2026-07-10,"2026-07-08","Squash - Zucchini - Each",1,2.5
1534,2026-07-10,"2026-07-08","Sweet Corn - 5-pack",1,3.25
1534,2026-07-10,"2026-07-08","Tomatillos  - Bag",2,4.75
1534,2026-07-10,"2026-07-08","Extra Credit - Each",93.1,1.06
1534,2026-07-10,"2026-07-08","Half",1,84.79
1534,2026-07-10,"2026-07-08","Whole MILK-o",1,8.85
554,2026-07-10,"2026-07-08","Cheese Choice $6.75 - Each",1,6.75
554,2026-07-10,"2026-07-08","Eggs - Dozen",1,6.5
554,2026-07-10,"2026-07-08","Ground Beef - D&M - Lb.",1,10.5
554,2026-07-10,"2026-07-08","Mini",1,53.2
240,2026-07-10,"2026-07-08","Mothership Pickup Time (1.0 @3:30-4) - @3:30-4",1,0
240,2026-07-10,"2026-07-08","Chicken - Ground - Lb.",1,10.25
240,2026-07-10,"2026-07-08","Chicken Breasts /lb. - Pack",1,11.22
240,2026-07-10,"2026-07-08","Eggs - Dozen",1,6.5
240,2026-07-10,"2026-07-08","Milk Chocolate Square - Each",1,1.75
240,2026-07-10,"2026-07-08","Potatoes - New - Bag",1,5.75
240,2026-07-10,"2026-07-08","Extra Credit - Each",3.72,1.06
240,2026-07-10,"2026-07-08","FSA/FSD",1,79.79
751,2026-07-10,"2026-07-08","Mothership Pickup Time (2.0 @4-4:30) - @4-4:30",1,0
751,2026-07-10,"2026-07-08","Eggplant - Fairy Tale - Pint",1,4.5
751,2026-07-10,"2026-07-08","Mushrooms (1.0 Chestnut) - Chestnut",1,8
751,2026-07-10,"2026-07-08","Peaches - Bag",1,7
751,2026-07-10,"2026-07-08","Pork - Bratwurst  - Pack",1,8.5
751,2026-07-10,"2026-07-08","Rice - Brown - Lb.",1,6.5
751,2026-07-10,"2026-07-08","Tomatoes - Sungold - Pint",1,7
751,2026-07-10,"2026-07-08","Extra Credit - Each",9.75,1.06
751,2026-07-10,"2026-07-08","FSA/FSD",1,79.79
952,2026-07-10,"2026-07-08","Chicken - Ground - Lb.",1,10.25
952,2026-07-10,"2026-07-08","Eggs - Dozen",1,6.5
952,2026-07-10,"2026-07-08","Mushrooms - Choice",1,8
952,2026-07-10,"2026-07-08","Rice Choice $7 - Bag",1,7
952,2026-07-10,"2026-07-08","FSA/FSD",1,79.79
107,2026-07-10,"2026-07-08","Ground Turkey - Pack",1,10.25
107,2026-07-10,"2026-07-08","UCity Pickup Time - @4:10-4:30",1,0
107,2026-07-10,"2026-07-08","Beets - Golden - Lb.",1,5
107,2026-07-10,"2026-07-08","Peaches - Bag",1,7
107,2026-07-10,"2026-07-08","Shoots - Sunflower - Bag",1,4.5
107,2026-07-10,"2026-07-08","Sweet Corn - 5-pack",1,3.25
107,2026-07-10,"2026-07-08","Extra Credit - Each",6.25,1.06
107,2026-07-10,"2026-07-08","Mini",1,53.2
1143,2026-07-10,"2026-07-08","UCity Pickup Time (3.0 @5-5:30) - @5-5:30",1,0
1143,2026-07-10,"2026-07-08","Jar Tomatoes - Quart",1,7.75
1143,2026-07-10,"2026-07-08","Olive Oil Large - Bottle",1,18.5
1143,2026-07-10,"2026-07-08","Sweet-n-Hot Pickle Spears - Quart",1,7.75
1143,2026-07-10,"2026-07-08","Extra Credit - Each",7.25,1.06
1143,2026-07-10,"2026-07-08","UCA/KWA",1,79.79
227,2026-07-10,"2026-07-08","UCity Pickup Time (3.0 @5-5:30) - @5-5:30",1,0
227,2026-07-10,"2026-07-08","Buttermilk Waffles Sourdough - Frozen - Pack",1,5
227,2026-07-10,"2026-07-08","Marinara Sauce - Jar",1,8.75
227,2026-07-10,"2026-07-08","Pasta Long Bi-color - Lb.",1,6.5
227,2026-07-10,"2026-07-08","Peaches - Bag",1,7
227,2026-07-10,"2026-07-08","Tomatoes - Slicing - Bag",1,6.5
227,2026-07-10,"2026-07-08","Extra Credit - Each",7,1.06
227,2026-07-10,"2026-07-08","UCA/KWA",1,79.79
1689,2026-07-10,"2026-07-08","Beans - Green - Bag",1,4.25
1689,2026-07-10,"2026-07-08","Blueberries - Pint",1,7
1689,2026-07-10,"2026-07-08","Eggplant - Globe - Each",1,1.75
1689,2026-07-10,"2026-07-08","Eggs - Dozen",1,6.5
1689,2026-07-10,"2026-07-08","Kale - Lacinato/Dinosaur - Bag",1,5
1689,2026-07-10,"2026-07-08","Peaches - Bag",1,7
1689,2026-07-10,"2026-07-08","Squash - Zucchini - Each",1,2.5
1689,2026-07-10,"2026-07-08","Tomatoes - Cherry Mix - Bag",1,6.75
1689,2026-07-10,"2026-07-08","Tomatoes - Slicing - Bag",1,6.5
1689,2026-07-10,"2026-07-08","Extra Credit - Each",23.5,1.06
1689,2026-07-10,"2026-07-08","Mini",1,53.2
418,2026-07-10,"2026-07-08","UCity Pickup Time (2.0 @4:30-5) - @4:30-5",1,0
418,2026-07-10,"2026-07-08","Cooler Donation - $",1,1
418,2026-07-10,"2026-07-08","Applewood Smoked Cheddar - Each",1,6.5
418,2026-07-10,"2026-07-08","Bagels - Pumpernickel - BU - Bag",1,11.25
418,2026-07-10,"2026-07-08","Bagels - Sesame Seed - BU - Bag",1,11.25
418,2026-07-10,"2026-07-08","Eggs - Dozen",1,6.5
418,2026-07-10,"2026-07-08","Hoagie - Wednesday - Each",1,3.5
418,2026-07-10,"2026-07-08","Pretzel - UL Wednesday - Each",1,3.75
418,2026-07-10,"2026-07-08","Extra Credit - Each",20,1.06
418,2026-07-10,"2026-07-08","Mini",1,53.2
883,2026-07-10,"2026-07-08","Bagels - Everything - BU - Bag",1,11.25
883,2026-07-10,"2026-07-08","Chicken Breasts /lb. - Pack",1,10.88
883,2026-07-10,"2026-07-08","Ground Beef - D&M - Lb.",1,10.5
883,2026-07-10,"2026-07-08","Peaches - Bag",1,7
883,2026-07-10,"2026-07-08","Extra Credit - Each",15.88,1.06
883,2026-07-10,"2026-07-08","Mini",1,53.2
866,2026-07-10,"2026-07-08","UCity Pickup Time - @4:10-4:30",1,0
866,2026-07-10,"2026-07-08","Beets - Golden - Lb.",1,5
866,2026-07-10,"2026-07-08","Blueberries - Pint",1,7
866,2026-07-10,"2026-07-08","Eggs - Dozen",1,6.5
866,2026-07-10,"2026-07-08","Squash - Zucchini - Each",1,2.5
866,2026-07-10,"2026-07-08","Sweet Corn - 5-pack",1,3.25
866,2026-07-10,"2026-07-08","Tomatoes - Slicing - Bag",1,6.5
866,2026-07-10,"2026-07-08","Extra Credit - Each",1.25,1.06
866,2026-07-10,"2026-07-08","Half",1,84.79
488,2026-07-10,"2026-07-08","UCity Pickup Time - @4:10-4:30",1,0
488,2026-07-10,"2026-07-08","Eggs - Dozen",1,6.5
488,2026-07-10,"2026-07-08","Gnocchi - Spinach  - Lb.",1,6.5
488,2026-07-10,"2026-07-08","Gnocchi - Sundried Tomato  - Lb.",1,6.5
488,2026-07-10,"2026-07-08","Sweet Corn - 5-pack",1,3.25
488,2026-07-10,"2026-07-08","Tahini - Pint",1,8.75
488,2026-07-10,"2026-07-08","Extra Credit - Each",2,1.06
488,2026-07-10,"2026-07-08","Half",1,79.79
1871,2026-07-10,"2026-07-09","Mothership Pickup Time (3.0 @4:30-5) - @4:30-5",1,0
1871,2026-07-10,"2026-07-09","Bacon - Each",1,13.5
1871,2026-07-10,"2026-07-09","Eggs - Dozen",1,6.5
1871,2026-07-10,"2026-07-09","Ground Lamb  - Lb.",1,15
1871,2026-07-10,"2026-07-09","Sweet Corn - 5-pack",1,3.25
1871,2026-07-10,"2026-07-09","Extra Credit - Each",8.75,1.06
1871,2026-07-10,"2026-07-09","Half",1,84.79
1217,2026-07-10,"2026-07-09","Kirkwood Pickup Time (2.0 @1:30-2) - @1:30-2",1,0
1217,2026-07-10,"2026-07-09","Beets - Golden - Lb.",1,5
1217,2026-07-10,"2026-07-09","Eggs - Dozen",1,6.5
1217,2026-07-10,"2026-07-09","Ground Beef - D&M - Lb.",1,10.5
1217,2026-07-10,"2026-07-09","Queso Quesadilla - HBC - Each",1,6.75
1217,2026-07-10,"2026-07-09","Extra Credit - Each",5,1.06
1217,2026-07-10,"2026-07-09","Mini",1,53.2
1891,2026-07-10,"2026-07-09","Kirkwood Pickup Time (2.0 @1:30-2) - @1:30-2",1,0
1891,2026-07-10,"2026-07-09","Blueberries - Pint",1,7
1891,2026-07-10,"2026-07-09","Mushrooms (1.0 Oyster) - Oyster",1,8
1891,2026-07-10,"2026-07-09","Peaches - Bag",1,7
1891,2026-07-10,"2026-07-09","Peppers - Shishitos - Bag",1,5
1891,2026-07-10,"2026-07-09","Extra Credit - Each",0.25,1.06
1891,2026-07-10,"2026-07-09","UCA/KWA",1,79.79
1196,2026-07-10,"2026-07-09","Kirkwood Pickup Time - @1-1:30",1,0
1196,2026-07-10,"2026-07-09","Blueberries - Pint",1,7
1196,2026-07-10,"2026-07-09","Eggs - Dozen",1,6.5
1196,2026-07-10,"2026-07-09","Manicotti - Spinach - Package",1,10.15
1196,2026-07-10,"2026-07-09","Peaches - Bag",1,7
1196,2026-07-10,"2026-07-09","Extra Credit - Each",6.9,1.06
1196,2026-07-10,"2026-07-09","Mini",1,53.2
192,2026-07-10,"2026-07-09","Kirkwood Pickup Time - @1-1:30",1,0
192,2026-07-10,"2026-07-09","Eggs - Dozen",1,6.5
192,2026-07-10,"2026-07-09","Peaches - Bag",1,7
192,2026-07-10,"2026-07-09","Pork - Brats Cheddar DM - 4-pack",1,8
192,2026-07-10,"2026-07-09","RL Chocolate Milk - Bottle",1,2.75
192,2026-07-10,"2026-07-09","Mini",1,53.2
192,2026-07-10,"2026-07-09","2% MILK",1,8.85
1977,2026-07-10,"2026-07-09","Chicken - Links ($10.50) - Each",1,10.5
1977,2026-07-10,"2026-07-09","Eggs - Dozen",1,6.5
1977,2026-07-10,"2026-07-09","Syrup Choice $12.50 - Each",1,12.5
1977,2026-07-10,"2026-07-09","Half",1,84.79
208,2026-07-10,"2026-07-09","Milk - Whole - Oz.",1,8.32
208,2026-07-10,"2026-07-09","Mothership Pickup Time (6.0 @6-6:30) - @6-6:30",1,0
208,2026-07-10,"2026-07-09","Blueberries - Pint",1,7
208,2026-07-10,"2026-07-09","Chicken - Links ($10.50) - Each",1,10.5
208,2026-07-10,"2026-07-09","Eggs - Dozen",1,6.5
208,2026-07-10,"2026-07-09","Hummus - Beet & Pepita - Tub",1,6.75
208,2026-07-10,"2026-07-09","Hummus - Carrot & Ginger - Tub",1,6.75
208,2026-07-10,"2026-07-09","Peaches - Bag",1,7
208,2026-07-10,"2026-07-09","Pink Sauce - Oz.",1,8.75
208,2026-07-10,"2026-07-09","Syrup Choice $12.50 - Each",1,12.5
208,2026-07-10,"2026-07-09","Extra Credit - Each",44.57,1.06
208,2026-07-10,"2026-07-09","Half",1,84.79
1075,2026-07-10,"2026-07-09","Kirkwood Pickup Time - @1-1:30",1,0
1075,2026-07-10,"2026-07-09","Eggs - Dozen",1,6.5
1075,2026-07-10,"2026-07-09","Hand Pie: Spanakopita - Bag",1,10.5
1075,2026-07-10,"2026-07-09","Kale - Green Curly - Bag",1,5
1075,2026-07-10,"2026-07-09","Shoots - Sunflower - Bag",1,4.5
1075,2026-07-10,"2026-07-09","Tomatillos  - Bag",1,4.75
1075,2026-07-10,"2026-07-09","Half",1,84.79
1075,2026-07-10,"2026-07-09","2% MILK-o",1,8.85
1386,2026-07-10,"2026-07-09","Cucumbers - Pickling - Bag",1,3.5
1386,2026-07-10,"2026-07-09","Kirkwood Pickup Time - @1-1:30",1,0
1386,2026-07-10,"2026-07-09","Beans - Green - Bag",1,4.25
1386,2026-07-10,"2026-07-09","Cabbage - Green - Head",1,4.5
1386,2026-07-10,"2026-07-09","Light and Mild - T - Loaf",1,8.25
1386,2026-07-10,"2026-07-09","Peppers - Green Bell - 2-pack",1,3.25
1386,2026-07-10,"2026-07-09","Tomatoes - Cherry Mix - Bag",1,6.75
1386,2026-07-10,"2026-07-09","Extra Credit - Each",3.75,1.06
1386,2026-07-10,"2026-07-09","UCA/KWA",1,79.79
1488,2026-07-10,"2026-07-09","Kirkwood Pickup Time - @1-1:30",1,0
1488,2026-07-10,"2026-07-09","Chicken - Livers /lb* - Pack",1,1.86
1488,2026-07-10,"2026-07-09","Peaches - Bag",2,7
1488,2026-07-10,"2026-07-09","Pork - Ground  - Lb.",1,7.5
1488,2026-07-10,"2026-07-09","Tomatoes - Cherry Mix - Bag",1,6.75
1488,2026-07-10,"2026-07-09","UCA/KWA",1,79.79
1488,2026-07-10,"2026-07-09","2% MILK",1,8.85
566,2026-07-10,"2026-07-09","Chicken - Links ($10.50) - Each",1,10.5
566,2026-07-10,"2026-07-09","Eggs - Dozen",1,6.5
566,2026-07-10,"2026-07-09","Syrup Choice $12.50 - Each",1,12.5
566,2026-07-10,"2026-07-09","Half",1,84.79
287,2026-07-10,"2026-07-09","Mothership Pickup Time (1.0 @3:30-4) - @3:30-4",1,0
287,2026-07-10,"2026-07-09","Chicken - Ground - Lb.",1,10.25
287,2026-07-10,"2026-07-09","Mushrooms - Choice",1,8
287,2026-07-10,"2026-07-09","Peaches - Bag",1,7
287,2026-07-10,"2026-07-09","Semolina - T - Loaf",1,7
287,2026-07-10,"2026-07-09","Extra Credit - Each",0.5,1.06
287,2026-07-10,"2026-07-09","FSA/FSD",1,79.79
1970,2026-07-10,"2026-07-09","Kirkwood Pickup Time (2.0 @1:30-2) - @1:30-2",1,0
1970,2026-07-10,"2026-07-09","Curds Garlic Herb HBC 10 oz  - Bag",1,6.75
1970,2026-07-10,"2026-07-09","Eggs - Dozen",1,6.5
1970,2026-07-10,"2026-07-09","Ground Beef - D&M - Lb.",1,10.5
1970,2026-07-10,"2026-07-09","Onions - Mix - Pint",1,3
1970,2026-07-10,"2026-07-09","Pretzel - UL Thursday  - Each",1,3.75
1970,2026-07-10,"2026-07-09","Extra Credit - Each",6.75,1.06
1970,2026-07-10,"2026-07-09","Mini",1,53.2
689,2026-07-10,"2026-07-09","Kirkwood Pickup Time - @1-1:30",1,0
689,2026-07-10,"2026-07-09","Beans - Green - Bag",1,4.25
689,2026-07-10,"2026-07-09","Beets - Golden - Lb.",1,5
689,2026-07-10,"2026-07-09","Chicken - Ground - Lb.",1,10.25
689,2026-07-10,"2026-07-09","Semolina - T - Loaf",1,7
689,2026-07-10,"2026-07-09","UCA/KWA",1,79.79
1671,2026-07-10,"2026-07-09","Mothership Pickup Time (5.0 @5:30-6) - @5:30-6",1,0
1671,2026-07-10,"2026-07-09","Olive Oil Large - Bottle",1,18.5
1671,2026-07-10,"2026-07-09","Peaches - Bag",1,7
1671,2026-07-10,"2026-07-09","Extra Credit - Each",1.75,1.06
1671,2026-07-10,"2026-07-09","Mini",1,53.2
313,2026-07-10,"2026-07-09","Bagel Chips - Bag",1,9.75
313,2026-07-10,"2026-07-09","Blackberries - Pint",1,7
313,2026-07-10,"2026-07-09","Bread Pudding - Muffin - Each",1,4
313,2026-07-10,"2026-07-09","Chicken Links - Chorizo - Lb.",1,10.5
313,2026-07-10,"2026-07-09","Eggplant - Fairy Tale - Pint",1,4.5
313,2026-07-10,"2026-07-09","Eggs - Dozen",1,6.5
313,2026-07-10,"2026-07-09","German Quark HBC - Jar",1,6.75
313,2026-07-10,"2026-07-09","Mushrooms - Choice",1,8
313,2026-07-10,"2026-07-09","Extra Credit - Each",25.25,1.06
313,2026-07-10,"2026-07-09","FSA/FSD",1,79.79
467,2026-07-10,"2026-07-09","Eggs - BW - Dozen",2,6.5
467,2026-07-10,"2026-07-09","Kirkwood Pickup Time (2.0 @1:30-2) - @1:30-2",1,0
467,2026-07-10,"2026-07-09","Beans - Green - Bag",2,4.25
467,2026-07-10,"2026-07-09","Peaches - Bag",1,7
467,2026-07-10,"2026-07-09","Squash - Zucchini - Each",1,2.5
467,2026-07-10,"2026-07-09","Extra Credit - Each",7.25,1.06
467,2026-07-10,"2026-07-09","Mini",1,53.2
31,2026-07-10,"2026-07-09","Eggs - BW - Dozen",1,6.5
31,2026-07-10,"2026-07-09","Peanut Butter EW - Pint",1,7.75
31,2026-07-10,"2026-07-09","Mothership Pickup Time (2.0 @4-4:30) - @4-4:30",1,0
31,2026-07-10,"2026-07-09","$ for green bags donation - $",1,1
31,2026-07-10,"2026-07-09","Blueberries - Pint",1,7
31,2026-07-10,"2026-07-09","Eggs - Dozen",1,6.5
31,2026-07-10,"2026-07-09","Peaches - Bag",1,7
31,2026-07-10,"2026-07-09","Sweet Corn - 5-pack",1,3.25
31,2026-07-10,"2026-07-09","Tomatoes - Slicing - Bag",1,6.5
31,2026-07-10,"2026-07-09","Extra Credit - Each",8.5,1.06
31,2026-07-10,"2026-07-09","Half",1,64.79
31,2026-07-10,"2026-07-09","2% MILK",2,8.85
1857,2026-07-10,"2026-07-09","Mothership Pickup Time (4.0 @5-5:30) - @5-5:30",1,0
1857,2026-07-10,"2026-07-09","Blackberries - Pint",1,7
1857,2026-07-10,"2026-07-09","Blueberries - Pint",1,7
1857,2026-07-10,"2026-07-09","Eggs - Dozen",2,6.5
1857,2026-07-10,"2026-07-09","Pretzel - UL Thursday  - Each",1,3.75
1857,2026-07-10,"2026-07-09","Semolina - T - Loaf",1,7
1857,2026-07-10,"2026-07-09","Tomatillos  - Bag",1,4.75
1857,2026-07-10,"2026-07-09","Extra Credit - Each",10.75,1.06
1857,2026-07-10,"2026-07-09","FSA/FSD",1,79.79
1131,2026-07-10,"2026-07-09","Jam - Strawberry HBY - Pint",1,7
1131,2026-07-10,"2026-07-09","Mothership Pickup Time (4.0 @5-5:30) - @5-5:30",1,0
1131,2026-07-10,"2026-07-09","Chicken - Links ($10.50) - Each",1,10.5
1131,2026-07-10,"2026-07-09","Eggs - Dozen",1,6.5
1131,2026-07-10,"2026-07-09","Raviolini - Four Cheese - Lb.",1,9.15
1131,2026-07-10,"2026-07-09","Extra Credit - Each",3.65,1.06
1131,2026-07-10,"2026-07-09","Half",1,84.79
894,2026-07-10,"2026-07-09","Kirkwood Pickup Time (2.0 @1:30-2) - @1:30-2",1,0
894,2026-07-10,"2026-07-09","Beans - Green - Bag",1,4.25
894,2026-07-10,"2026-07-09","Beets - Golden - Lb.",1,5
894,2026-07-10,"2026-07-09","Feta Cheese - HBC - Each",1,6.75
894,2026-07-10,"2026-07-09","Fresh Herb - Basil - Bunch",1,3.5
894,2026-07-10,"2026-07-09","Kale - Lacinato/Dinosaur - Bag",1,5
894,2026-07-10,"2026-07-09","Potatoes - New - Bag",1,5.75
894,2026-07-10,"2026-07-09","Staff - Something to ask Jamie - Oz.",1,0
894,2026-07-10,"2026-07-09","Sweet Corn - 5-pack",1,3.25
894,2026-07-10,"2026-07-09","Extra Credit - Each",1.75,1.06
894,2026-07-10,"2026-07-09","FSA/FSD",1,79.79
977,2026-07-10,"2026-07-09","Mothership Pickup Time (4.0 @5-5:30) - @5-5:30",1,0
977,2026-07-10,"2026-07-09","Chicken - Ground - Lb.",1,10.25
977,2026-07-10,"2026-07-09","Mushrooms - Choice",1,8
977,2026-07-10,"2026-07-09","FSA/FSD",1,79.79
670,2026-07-10,"2026-07-09","Blueberries - Pint",1,7
670,2026-07-10,"2026-07-09","Cheese Choice $6.75 - Each",1,6.75
670,2026-07-10,"2026-07-09","Oat Porridge Bread - T - Each",1,9
670,2026-07-10,"2026-07-09","Peaches - Bag",1,7
670,2026-07-10,"2026-07-09","Yogurt - Plain - Oz.",1,7.1
670,2026-07-10,"2026-07-09","Extra Credit - Each",13.1,1.06
670,2026-07-10,"2026-07-09","Mini",1,53.2
670,2026-07-10,"2026-07-09","(BYO) FSG - Orders Only",1,0
1047,2026-07-10,"2026-07-09","Mothership Pickup Time (1.0 @3:30-4) - @3:30-4",1,0
1047,2026-07-10,"2026-07-09","Blackberries - Pint",1,7
1047,2026-07-10,"2026-07-09","Buttermilk Waffles Sourdough - Frozen - Pack",1,5
1047,2026-07-10,"2026-07-09","Carrots w/tops - Bunch",1,5.25
1047,2026-07-10,"2026-07-09","Eggs - Dozen",1,6.5
1047,2026-07-10,"2026-07-09","Maple Syrup 12 oz. - Jar",1,13
1047,2026-07-10,"2026-07-09","Onions - Mix - Pint",1,3
1047,2026-07-10,"2026-07-09","Semolina - T - Loaf",1,7
1047,2026-07-10,"2026-07-09","Squash - Zucchini - Each",1,2.5
1047,2026-07-10,"2026-07-09","Tomatoes - Cherry Mix - Bag",1,6.75
1047,2026-07-10,"2026-07-09","Tomatoes - Slicing - Bag",1,6.5
1047,2026-07-10,"2026-07-09","Extra Credit - Each",33,1.06
1047,2026-07-10,"2026-07-09","Half",1,84.79
471,2026-07-10,"2026-07-09","Chicken - Ground - Lb.",1,10.25
471,2026-07-10,"2026-07-09","Eggs - Dozen",1,6.5
471,2026-07-10,"2026-07-09","Mushrooms - Choice",1,8
471,2026-07-10,"2026-07-09","Rice Choice $7 - Bag",1,7
471,2026-07-10,"2026-07-09","FSA/FSD",1,79.79
1593,2026-07-10,"2026-07-09","Mothership Pickup Time (5.0 @5:30-6) - @5:30-6",1,0
1593,2026-07-10,"2026-07-09","$ for green bags donation - $",1,1
1593,2026-07-10,"2026-07-09","Blueberries - Pint",1,7
1593,2026-07-10,"2026-07-09","Eggplant - Little Finger - Bag",1,6
1593,2026-07-10,"2026-07-09","Radishes - Red - Lb.",1,3.5
1593,2026-07-10,"2026-07-09","Tomatoes - Sungold - Pint",1,7
1593,2026-07-10,"2026-07-09","Extra Credit - Each",0.75,1.06
1593,2026-07-10,"2026-07-09","Mini",1,53.2
1839,2026-07-10,"2026-07-09","No Produce - Order Only (odd wk)",1,0
1487,2026-07-10,"2026-07-09","Beets - Golden - Lb.",1,5
1487,2026-07-10,"2026-07-09","Blueberries - Pint",1,7
1487,2026-07-10,"2026-07-09","Chicken - Links ($10.50) - Each",1,10.5
1487,2026-07-10,"2026-07-09","Eggs - Dozen",1,6.5
1487,2026-07-10,"2026-07-09","Half",1,84.79
1487,2026-07-10,"2026-07-09","2% MILK-o",1,8.85
514,2026-07-10,"2026-07-09","Almonds - Raw - Oz.",1,14.75
514,2026-07-10,"2026-07-09","Dates - Oz.",1,10
514,2026-07-10,"2026-07-09","Beans - Green - Bag",2,4.25
514,2026-07-10,"2026-07-09","Blackberries - Pint",1,7
514,2026-07-10,"2026-07-09","Blueberries - Pint",1,7
514,2026-07-10,"2026-07-09","Cinnamon Rolls - Pack",1,6.75
514,2026-07-10,"2026-07-09","Eggplant - Fairy Tale - Pint",1,4.5
514,2026-07-10,"2026-07-09","Fresh Herb - Basil - Bunch",1,3.5
514,2026-07-10,"2026-07-09","Ground Beef - D&M - Lb.",2,10.5
514,2026-07-10,"2026-07-09","Oat Porridge Bread - T - Each",1,9
514,2026-07-10,"2026-07-09","Peaches - Bag",1,7
514,2026-07-10,"2026-07-09","Peppers - Shishitos - Bag",2,5
514,2026-07-10,"2026-07-09","Tomatoes - Sungold - Pint",1,7
514,2026-07-10,"2026-07-09","Extra Credit - Each",92.25,1.06
514,2026-07-10,"2026-07-09","Mini",1,53.2
761,2026-07-10,"2026-07-09","Mothership Pickup Time (1.0 @3:30-4) - @3:30-4",1,0
761,2026-07-10,"2026-07-09","Janie's Bread - Thursday - Each",1,7
761,2026-07-10,"2026-07-09","Mushrooms (1.0 Maitake (Hen of the Woods)) - Maitake (Hen of the Woods)",1,8
761,2026-07-10,"2026-07-09","Popcorn - McKaskle - Lb.",1,5.75
761,2026-07-10,"2026-07-09","Rice - Brown - Lb.",1,6.5
761,2026-07-10,"2026-07-09","Tomatoes - Sungold - Pint",1,7
761,2026-07-10,"2026-07-09","Extra Credit - Each",2.5,1.06
761,2026-07-10,"2026-07-09","FSA/FSD",1,79.79
1476,2026-07-10,"2026-07-09","Kirkwood Pickup Time - @1-1:30",1,0
1476,2026-07-10,"2026-07-09","Blueberries - Pint",1,7
1476,2026-07-10,"2026-07-09","Cinnamon Rolls - Pack",1,6.75
1476,2026-07-10,"2026-07-09","Curds Garlic Herb HBC 10 oz  - Bag",1,6.75
1476,2026-07-10,"2026-07-09","Janie's Bread - Thursday - Each",1,7
1476,2026-07-10,"2026-07-09","Peppers - Shishitos - Bag",1,5
1476,2026-07-10,"2026-07-09","Extra Credit - Each",8.75,1.06
1476,2026-07-10,"2026-07-09","Mini",1,53.2
82,2026-07-10,"2026-07-09","Kirkwood Pickup Time - @1-1:30",1,0
82,2026-07-10,"2026-07-09","Blueberries - Pint",1,7
82,2026-07-10,"2026-07-09","Chevre PF (1.0 Plain) - Plain",1,8.5
82,2026-07-10,"2026-07-09","Chicken - Links ($10.50) - Each",1,10.5
82,2026-07-10,"2026-07-09","RL Chocolate Milk - Bottle",1,2.75
82,2026-07-10,"2026-07-09","Ravioli - Goat Cheese  - Lb.",1,9.15
82,2026-07-10,"2026-07-09","Extra Credit - Each",8.4,1.06
82,2026-07-10,"2026-07-09","Half",1,84.79
433,2026-07-10,"2026-07-09","Chicken - Ground - Lb.",1,10.25
433,2026-07-10,"2026-07-09","Eggs - Dozen",1,6.5
433,2026-07-10,"2026-07-09","Mushrooms - Choice",1,8
433,2026-07-10,"2026-07-09","Rice Choice $7 - Bag",1,7
433,2026-07-10,"2026-07-09","FSA/FSD",1,79.79
549,2026-07-10,"2026-07-09","Pizza - Cheese  - Each",1,7.5
549,2026-07-10,"2026-07-09","Mothership Pickup Time (6.0 @6-6:30) - @6-6:30",1,0
549,2026-07-10,"2026-07-09","Eggs - Dozen",1,6.5
549,2026-07-10,"2026-07-09","Hoagie - T - Each",1,3.5
549,2026-07-10,"2026-07-09","Mushrooms - Choice",1,8
549,2026-07-10,"2026-07-09","Pizza Sauce - Jar",1,6.75
549,2026-07-10,"2026-07-09","Extra Credit - Each",0.5,1.06
549,2026-07-10,"2026-07-09","FSA/FSD",1,79.79
401,2026-07-10,"2026-07-09","Mothership Pickup Time (1.0 @3:30-4) - @3:30-4",1,0
401,2026-07-10,"2026-07-09","Blackberries - Pint",2,7
401,2026-07-10,"2026-07-09","Mushrooms (1.0 Chestnut) - Chestnut",1,8
401,2026-07-10,"2026-07-09","Mushrooms (1.0 King Oyster (French Horn)) - King Oyster (French Horn)",1,8
401,2026-07-10,"2026-07-09","Mushrooms (1.0 Lion's Mane) - Lion's Mane",1,8
401,2026-07-10,"2026-07-09","Mushrooms (1.0 Maitake (Hen of the Woods)) - Maitake (Hen of the Woods)",1,8
401,2026-07-10,"2026-07-09","Mushrooms (1.0 Oyster) - Oyster",1,8
401,2026-07-10,"2026-07-09","Mushrooms (1.0 Shiitake) - Shiitake",1,8
401,2026-07-10,"2026-07-09","Onions - Mix - Pint",1,3
401,2026-07-10,"2026-07-09","Radishes - Red - Lb.",1,3.5
401,2026-07-10,"2026-07-09","Tomatoes - Cherry Mix - Bag",2,6.75
401,2026-07-10,"2026-07-09","Tomatoes - Heirloom - Bag",1,8.5
401,2026-07-10,"2026-07-09","Tomatoes - Sungold - Pint",2,7
401,2026-07-10,"2026-07-09","Extra Credit - Each",80.75,1.06
401,2026-07-10,"2026-07-09","Mini",1,53.2
1268,2026-07-10,"2026-07-09","Half & Half - Pint",2,4.75
1268,2026-07-10,"2026-07-09","Mothership Pickup Time (3.0 @4:30-5) - @4:30-5",1,0
1268,2026-07-10,"2026-07-09","Blueberries - Pint",1,7
1268,2026-07-10,"2026-07-09","Kale - Green Curly - Bag",1,5
1268,2026-07-10,"2026-07-09","Peaches - Bag",1,7
1268,2026-07-10,"2026-07-09","Squash - Zucchini - Each",1,2.5
1268,2026-07-10,"2026-07-09","Tomatoes - Slicing - Bag",1,6.5
1268,2026-07-10,"2026-07-09","Extra Credit - Each",8,1.06
1268,2026-07-10,"2026-07-09","Half",1,84.79
452,2026-07-10,"2026-07-09","Kirkwood Pickup Time (2.0 @1:30-2) - @1:30-2",1,0
452,2026-07-10,"2026-07-09","Cabbage - Green - Head",1,4.5
452,2026-07-10,"2026-07-09","Ground Beef - D&M - Lb.",1,10.5
452,2026-07-10,"2026-07-09","Honey - Wildflower - Bottle",1,11.5
452,2026-07-10,"2026-07-09","Kale - Green Curly - Bag",1,5
452,2026-07-10,"2026-07-09","Squash - Zucchini - Each",1,2.5
452,2026-07-10,"2026-07-09","Extra Credit - Each",10.25,1.06
452,2026-07-10,"2026-07-09","Mini",1,53.2
493,2026-07-10,"2026-07-09","No Produce - Order Only (odd wk)",1,0
807,2026-07-10,"2026-07-09","Chicken - Big Bag Deboned Thighs/lb. - Bag",1,43.89
807,2026-07-10,"2026-07-09","Bacon - Each",1,13.5
807,2026-07-10,"2026-07-09","Ham Hocks/lb. - Pack",1,16.16
807,2026-07-10,"2026-07-09","Marinara Sauce - Jar",1,8.75
807,2026-07-10,"2026-07-09","Extra Credit - Each",55.55,1.06
807,2026-07-10,"2026-07-09","UCA/KWA",1,79.79
807,2026-07-10,"2026-07-09","2% MILK",1,8.85
138,2026-07-10,"2026-07-09","Mothership Pickup Time (5.0 @5:30-6) - @5:30-6",1,0
138,2026-07-10,"2026-07-09","Donation to Food Pantry - Each",1,1
138,2026-07-10,"2026-07-09","Bagels - Blueberry - BU - Bag",1,11.25
138,2026-07-10,"2026-07-09","Bagels - Pumpernickel - BU - Bag",1,11.25
138,2026-07-10,"2026-07-09","Beans - Yellow Wax  - Bag",1,3
138,2026-07-10,"2026-07-09","Black Beans DC - Tub",1,6.5
138,2026-07-10,"2026-07-09","Blackberries - Pint",1,7
138,2026-07-10,"2026-07-09","Blueberries - Pint",1,7
138,2026-07-10,"2026-07-09","Collards - Bunch",1,6
138,2026-07-10,"2026-07-09","Gluten Free Black Beans  - Tub",1,6.5
138,2026-07-10,"2026-07-09","Hummus - Carrot & Ginger - Tub",1,6.75
138,2026-07-10,"2026-07-09","Kale - Lacinato/Dinosaur - Bag",1,5
138,2026-07-10,"2026-07-09","Peaches - Bag",1,7
138,2026-07-10,"2026-07-09","Peppers - Shishitos - Bag",1,5
138,2026-07-10,"2026-07-09","Shakshuka Sauce - Jar",1,11.5
138,2026-07-10,"2026-07-09","Shoots - Pea - Bag",1,4.5
138,2026-07-10,"2026-07-09","Extra Credit - Each",69.75,1.06
138,2026-07-10,"2026-07-09","Half",1,79.79
145,2026-07-10,"2026-07-09","Mothership Pickup Time (1.0 @3:30-4) - @3:30-4",1,0
145,2026-07-10,"2026-07-09","Collards - Bunch",1,6
145,2026-07-10,"2026-07-09","Eggplant - Little Finger - Bag",1,6
145,2026-07-10,"2026-07-09","Peaches - Bag",1,7
145,2026-07-10,"2026-07-09","Squash - Zucchini - Each",2,2.5
145,2026-07-10,"2026-07-09","Extra Credit - Each",0.25,1.06
145,2026-07-10,"2026-07-09","Mini",1,53.2
245,2026-07-10,"2026-07-09","Bagels - Everything - BU - Bag",1,11.25
245,2026-07-10,"2026-07-09","Dark Chocolate Square  - Each",1,1.75
245,2026-07-10,"2026-07-09","Eggs - Dozen",1,6.5
245,2026-07-10,"2026-07-09","Manicotti - Spinach - Package",1,10.15
245,2026-07-10,"2026-07-09","Extra Credit - Each",0.15,1.06
245,2026-07-10,"2026-07-09","Half",1,84.79
804,2026-07-10,"2026-07-09","Kirkwood Pickup Time - @1-1:30",1,0
804,2026-07-10,"2026-07-09","Bagels - Plain - Frozen - Each",1,6.75
804,2026-07-10,"2026-07-09","Eggs - Dozen",1,6.5
804,2026-07-10,"2026-07-09","Ribs - Baby Back/lb. - Lb.",1,25.92
804,2026-07-10,"2026-07-09","Turkey Thighs /lb - Each",2,10.61
804,2026-07-10,"2026-07-09","Extra Credit - Each",30.89,1.06
804,2026-07-10,"2026-07-09","Half",1,84.79
375,2026-07-10,"2026-07-09","Cheddar - Hatch Pepper - Package",1,6.75
375,2026-07-10,"2026-07-09","Mothership Pickup Time (3.0 @4:30-5) - @4:30-5",1,0
375,2026-07-10,"2026-07-09","Beets - No Tops - Lb.",1,6.5
375,2026-07-10,"2026-07-09","Cheese Choice $6.75 - Each",1,6.75
375,2026-07-10,"2026-07-09","Eggs - Dozen",1,6.5
375,2026-07-10,"2026-07-09","Fresh Herb - Basil - Bunch",1,3.5
375,2026-07-10,"2026-07-09","Extra Credit - Each",6.25,1.06
375,2026-07-10,"2026-07-09","Mini",1,53.2
1941,2026-07-10,"2026-07-09","Mothership Pickup Time (3.0 @4:30-5) - @4:30-5",1,0
1941,2026-07-10,"2026-07-09","Blackberries - Pint",1,7
1941,2026-07-10,"2026-07-09","Cheese Choice $6.75 - Each",1,6.75
1941,2026-07-10,"2026-07-09","Chicken Breasts /lb. - Pack",1,12.58
1941,2026-07-10,"2026-07-09","Peaches - Bag",1,7
1941,2026-07-10,"2026-07-09","Extra Credit - Each",9.58,1.06
1941,2026-07-10,"2026-07-09","Mini",1,53.2
293,2026-07-10,"2026-07-09","Ground Turkey - Pack",1,10.25
293,2026-07-10,"2026-07-09","Cucumbers - Pickling - Bag",1,3.5
293,2026-07-10,"2026-07-09","Mothership Pickup Time (6.0 @6-6:30) - @6-6:30",1,0
293,2026-07-10,"2026-07-09","Blueberries - Pint",1,7
293,2026-07-10,"2026-07-09","Lamb Gyro Seasoned - Lb.",1,18
293,2026-07-10,"2026-07-09","Rice - Basmati White - Lb.",1,7.5
293,2026-07-10,"2026-07-09","Extra Credit - Each",14.5,1.06
293,2026-07-10,"2026-07-09","FSA/FSD",1,79.79
1271,2026-07-10,"2026-07-09","Bagel Chips - Bag",1,9.75
1271,2026-07-10,"2026-07-09","Blackberries - Pint",1,7
1271,2026-07-10,"2026-07-09","Eggs - Dozen",1,6.5
1271,2026-07-10,"2026-07-09","Multigrain Bread  - Each",1,6.75
1271,2026-07-10,"2026-07-09","Peppers - Shishitos - Bag",1,5
1271,2026-07-10,"2026-07-09","Extra Credit - Each",5.5,1.06
1271,2026-07-10,"2026-07-09","Half",1,84.79
634,2026-07-10,"2026-07-09","Kirkwood Pickup Time - @1-1:30",1,0
634,2026-07-10,"2026-07-09","Aged Cheddar - HBC - Each",1,6.75
634,2026-07-10,"2026-07-09","Buttermilk Waffles Sourdough - Frozen - Pack",1,5
634,2026-07-10,"2026-07-09","Chicken - Breakfast Links - Each",1,10.5
634,2026-07-10,"2026-07-09","Ground Beef - D&M - Lb.",1,10.5
634,2026-07-10,"2026-07-09","Extra Credit - Each",9,1.06
634,2026-07-10,"2026-07-09","Mini",1,53.2
861,2026-07-10,"2026-07-09","Kirkwood Pickup Time - @1-1:30",1,0
861,2026-07-10,"2026-07-09","Apple Sauce - Chunky - NS - Quart",1,7.75
861,2026-07-10,"2026-07-09","Beans - Green - Bag",1,4.25
861,2026-07-10,"2026-07-09","Beets - No Tops - Lb.",1,6.5
861,2026-07-10,"2026-07-09","Onions - Mix - Pint",1,3
861,2026-07-10,"2026-07-09","Peaches - Bag",1,7
861,2026-07-10,"2026-07-09","Pizza Sauce - Jar",1,6.75
861,2026-07-10,"2026-07-09","Sweet Corn - 5-pack",1,3.25
861,2026-07-10,"2026-07-09","Turnips - Japanese/White - Lb.",1,4.25
861,2026-07-10,"2026-07-09","Extra Credit - Each",42.75,1.06
722,2026-07-10,"2026-07-09","Carrots no tops - Lb.",1,6
722,2026-07-10,"2026-07-09","Chicken Links - Sundried Tomato - lbs",1,10.5
722,2026-07-10,"2026-07-09","Mushrooms (1.0 Oyster) - Oyster",1,8
722,2026-07-10,"2026-07-09","Tomatoes - Heirloom - Bag",1,8.5
722,2026-07-10,"2026-07-09","Extra Credit - Each",3.5,1.06
722,2026-07-10,"2026-07-09","Half",1,84.79
1706,2026-07-10,"2026-07-09","Eggplant - Fairy Tale - Pint",1,4.5
1706,2026-07-10,"2026-07-09","Peppers - Shishitos - Bag",1,5
1706,2026-07-10,"2026-07-09","Pita Bread - Frozen (1.0 White) - White",1,3.55
1706,2026-07-10,"2026-07-09","Semolina - T - Loaf",1,7
1706,2026-07-10,"2026-07-09","Tomatillos  - Bag",1,4.75
1706,2026-07-10,"2026-07-09","Tomatoes - Sungold - Pint",1,7
1706,2026-07-10,"2026-07-09","Extra Credit - Each",2.3,1.06
1706,2026-07-10,"2026-07-09","Half",1,84.79
868,2026-07-10,"2026-07-09","Kirkwood Pickup Time - @1-1:30",1,0
868,2026-07-10,"2026-07-09","Applewood Smoked Cheddar - Each",1,6.5
868,2026-07-10,"2026-07-09","Cheese Choice $6.75 - Each",1,6.75
868,2026-07-10,"2026-07-09","Eggplant - Fairy Tale - Pint",1,4.5
868,2026-07-10,"2026-07-09","Eggs - Dozen",1,6.5
868,2026-07-10,"2026-07-09","Ground Beef - D&M - Lb.",1,10.5
868,2026-07-10,"2026-07-09","Peppers - Shishitos - Bag",1,5
868,2026-07-10,"2026-07-09","Extra Credit - Each",16,1.06
868,2026-07-10,"2026-07-09","Mini",1,53.2
834,2026-07-10,"2026-07-09","Mothership Pickup Time (2.0 @4-4:30) - @4-4:30",1,0
834,2026-07-10,"2026-07-09","Chicken Links - Andouille  - Lb.",1,10.5
834,2026-07-10,"2026-07-09","Eggplant - Globe - Each",2,1.75
834,2026-07-10,"2026-07-09","Eggs - Dozen",1,6.5
834,2026-07-10,"2026-07-09","Grits - Oz.",1,4.75
834,2026-07-10,"2026-07-09","Maple Syrup 12 oz. - Jar",1,13
834,2026-07-10,"2026-07-09","Peppers - Shishitos - Bag",1,5
834,2026-07-10,"2026-07-09","Tomatoes - Slicing - Bag",1,6.5
834,2026-07-10,"2026-07-09","Extra Credit - Each",20.25,1.06
834,2026-07-10,"2026-07-09","Half",1,84.79
281,2026-07-10,"2026-07-09","Pizza - Deluxe - Each",1,8.5
281,2026-07-10,"2026-07-09","Mothership Pickup Time - @6:30-7",1,0
281,2026-07-10,"2026-07-09","Bacon - Uncured/lb - Pack",2,16.09
281,2026-07-10,"2026-07-09","Blueberries - Pint",1,7
281,2026-07-10,"2026-07-09","Carrots no tops - Lb.",1,6
281,2026-07-10,"2026-07-09","Dark Bar 72% - Package",1,3
281,2026-07-10,"2026-07-09","Eggs - Dozen",1,6.5
281,2026-07-10,"2026-07-09","Hoagie - T - Each",1,3.5
281,2026-07-10,"2026-07-09","Pork - Brats Cheddar DM - 4-pack",1,8
281,2026-07-10,"2026-07-09","Pork Breakfast Patties D&M - Pack",1,8.5
281,2026-07-10,"2026-07-09","Pork Hot Dogs - Each",1,7.5
281,2026-07-10,"2026-07-09","Pretzel - UL Thursday  - Each",1,3.75
281,2026-07-10,"2026-07-09","Shoots - Pea - Bag",1,4.5
281,2026-07-10,"2026-07-09","Strip Steak /lb - Pack",1,14.04
281,2026-07-10,"2026-07-09","Sweet Corn - 5-pack",2,3.25
281,2026-07-10,"2026-07-09","Yogurt - Plain - Oz.",1,7.1
281,2026-07-10,"2026-07-09","Extra Credit - Each",97.07,1.06
281,2026-07-10,"2026-07-09","Half",1,84.79
1652,2026-07-10,"2026-07-09","Blueberries - Pint",1,7
1652,2026-07-10,"2026-07-09","Eggs - Dozen",1,6.5
1652,2026-07-10,"2026-07-09","Onions - Mix - Pint",1,3
1652,2026-07-10,"2026-07-09","Peaches - Bag",1,7
1652,2026-07-10,"2026-07-09","Salmon - Fillet Pieces/LB* - Each",1,10.08
1652,2026-07-10,"2026-07-09","Tomatoes - Slicing - Bag",1,6.5
1652,2026-07-10,"2026-07-09","Extra Credit - Each",16.33,1.06
1652,2026-07-10,"2026-07-09","Mini",1,53.2
1431,2026-07-10,"2026-07-09","Mothership Pickup Time (5.0 @5:30-6) - @5:30-6",1,0
1431,2026-07-10,"2026-07-09","Beans - Green - Bag",1,4.25
1431,2026-07-10,"2026-07-09","Blackberries - Pint",1,7
1431,2026-07-10,"2026-07-09","Eggs - Dozen",1,6.5
1431,2026-07-10,"2026-07-09","Ground Beef - D&M - Lb.",1,10.5
1431,2026-07-10,"2026-07-09","Extra Credit - Each",4.5,1.06
1431,2026-07-10,"2026-07-09","Mini",1,53.2
1626,2026-07-10,"2026-07-09","Eggs - BW - Dozen",1,6.5
1626,2026-07-10,"2026-07-09","Kirkwood Pickup Time (1.0 PORCH) - PORCH",1,0
1626,2026-07-10,"2026-07-09","Blueberries - Pint",1,7
1626,2026-07-10,"2026-07-09","Dark Bar 72% - Package",1,3
1626,2026-07-10,"2026-07-09","Maple Syrup 12 oz. - Jar",1,13
1626,2026-07-10,"2026-07-09","Half",1,84.79
963,2026-07-10,"2026-07-09","Mothership Pickup Time (1.0 @3:30-4) - @3:30-4",1,0
963,2026-07-10,"2026-07-09","Curds Jalapeno Habanero 10 oz - Bag",1,6.75
963,2026-07-10,"2026-07-09","Ground Beef - D&M - Lb.",1,10.5
963,2026-07-10,"2026-07-09","Mushrooms (1.0 Shiitake) - Shiitake",1,8
963,2026-07-10,"2026-07-09","Sourdough Bread - Frozen - Lb.",1,6.75
963,2026-07-10,"2026-07-09","Extra Credit - Each",0.25,1.06
963,2026-07-10,"2026-07-09","FSA/FSD",1,79.79
928,2026-07-10,"2026-07-09","Mothership Pickup Time (4.0 @5-5:30) - @5-5:30",1,0
928,2026-07-10,"2026-07-09","Chicken - Ground - Lb.",2,10.25
928,2026-07-10,"2026-07-09","Cinnamon Rolls - Pack",1,6.75
928,2026-07-10,"2026-07-09","FF Dish - Saag Paneer - Pint",1,13.5
928,2026-07-10,"2026-07-09","Hand Pie: Spanakopita - Bag",1,10.5
928,2026-07-10,"2026-07-09","Hand Pie: Veggie Samosa - Bag",1,10.5
928,2026-07-10,"2026-07-09","Extra Credit - Each",30,1.06
928,2026-07-10,"2026-07-09","FSA/FSD",1,79.79
1570,2026-07-10,"2026-07-09","Kirkwood Pickup Time (1.0 PORCH) - PORCH",1,0
1570,2026-07-10,"2026-07-09","Carrots w/tops - Bunch",1,5.25
1570,2026-07-10,"2026-07-09","Chicken - Links ($10.50) - Each",1,10.5
1570,2026-07-10,"2026-07-09","Eggs - Dozen",1,6.5
1570,2026-07-10,"2026-07-09","Peaches - Bag",1,7
1570,2026-07-10,"2026-07-09","Potatoes - New - Bag",1,5.75
1570,2026-07-10,"2026-07-09","Extra Credit - Each",5.5,1.06
1570,2026-07-10,"2026-07-09","Half",1,40
2001,2026-07-10,"2026-07-09","Chicken - Ground - Lb.",1,10.25
2001,2026-07-10,"2026-07-09","Eggs - Dozen",1,6.5
2001,2026-07-10,"2026-07-09","Mushrooms - Choice",1,8
2001,2026-07-10,"2026-07-09","Rice Choice $7 - Bag",1,7
2001,2026-07-10,"2026-07-09","FSA/FSD",1,79.79
1900,2026-07-10,"2026-07-09","Mothership Pickup Time (1.0 @3:30-4) - @3:30-4",1,0
1900,2026-07-10,"2026-07-09","$ for green bags donation - $",1,1
1900,2026-07-10,"2026-07-09","Blueberries - Pint",1,7
1900,2026-07-10,"2026-07-09","Eggs - Dozen",1,6.5
1900,2026-07-10,"2026-07-09","Feta Cheese - HBC - Each",1,6.75
1900,2026-07-10,"2026-07-09","Ground Beef - D&M - Lb.",1,10.5
1900,2026-07-10,"2026-07-09","Lamb Gyro Seasoned - Lb.",1,18
1900,2026-07-10,"2026-07-09","Multigrain Bread  - Each",1,6.75
1900,2026-07-10,"2026-07-09","Mushrooms (1.0 Shiitake) - Shiitake",1,8
1900,2026-07-10,"2026-07-09","Peaches - Bag",1,7
1900,2026-07-10,"2026-07-09","Tomatoes - Cherry Mix - Bag",1,6.75
1900,2026-07-10,"2026-07-09","Extra Credit - Each",54.5,1.06
1900,2026-07-10,"2026-07-09","Mini",1,53.2
1236,2026-07-10,"2026-07-09","Blackberries - Pint",2,7
1236,2026-07-10,"2026-07-09","Dark Chocolate Lolli - Each",1,1.75
1236,2026-07-10,"2026-07-09","Eggplant - Fairy Tale - Pint",1,4.5
1236,2026-07-10,"2026-07-09","Eggs - Dozen",2,6.5
1236,2026-07-10,"2026-07-09","Milk Chocolate Square - Each",1,1.75
1236,2026-07-10,"2026-07-09","Mushrooms - Choice",1,8
1236,2026-07-10,"2026-07-09","Peaches - Bag",1,7
1236,2026-07-10,"2026-07-09","Popped Corn - Organic - Bag",1,3
1236,2026-07-10,"2026-07-09","Pork - Deli Ham RFF/lb. - Lb.",1,10.74
1236,2026-07-10,"2026-07-09","Extra Credit - Each",23.49,1.06
1236,2026-07-10,"2026-07-09","FSA/FSD",1,79.79
364,2026-07-10,"2026-07-09","Mothership Pickup Time - @6:30-7",1,0
364,2026-07-10,"2026-07-09","Eggs - Dozen",1,6.5
364,2026-07-10,"2026-07-09","Hoagie - T - Each",1,3.5
364,2026-07-10,"2026-07-09","Stringbean Ethiopian - Bag",1,16
364,2026-07-10,"2026-07-09","Wild Cod/LB* - Pack",2,8.63
364,2026-07-10,"2026-07-09","Extra Credit - Each",9.01,1.06
364,2026-07-10,"2026-07-09","FSA/FSD",1,79.79
364,2026-07-10,"2026-07-09","Whole MILK-o",1,8.85
1873,2026-07-10,"2026-07-09","Cheese Choice $6.75 - Each",1,6.75
1873,2026-07-10,"2026-07-09","Eggs - Dozen",1,6.5
1873,2026-07-10,"2026-07-09","Ground Beef - D&M - Lb.",1,10.5
1873,2026-07-10,"2026-07-09","Mini",1,53.2
289,2026-07-10,"2026-07-09","$ for green bags donation - $",1,1
289,2026-07-10,"2026-07-09","Chicken - Links ($10.50) - Each",1,10.5
289,2026-07-10,"2026-07-09","Eggs - Dozen",1,6.5
289,2026-07-10,"2026-07-09","Honey - Wildflower - Bottle",1,11.5
289,2026-07-10,"2026-07-09","Half",1,84.79
289,2026-07-10,"2026-07-09","2% MILK-o",1,8.85
593,2026-07-10,"2026-07-09","Mothership Pickup Time (4.0 @5-5:30) - @5-5:30",1,0
593,2026-07-10,"2026-07-09","Eggs - Dozen",1,6.5
593,2026-07-10,"2026-07-09","Mushrooms (1.0 Maitake (Hen of the Woods)) - Maitake (Hen of the Woods)",1,8
593,2026-07-10,"2026-07-09","Peppers - Shishitos - Bag",1,5
593,2026-07-10,"2026-07-09","Pork - Breakfast ($8) - Pack",1,8
593,2026-07-10,"2026-07-09","Sweet Corn - 5-pack",1,3.25
593,2026-07-10,"2026-07-09","Extra Credit - Each",1.25,1.06
593,2026-07-10,"2026-07-09","Half",1,84.79
1746,2026-07-10,"2026-07-09","Kirkwood Pickup Time (1.0 PORCH) - PORCH",1,0
1746,2026-07-10,"2026-07-09","Blueberries - Pint",1,7
1746,2026-07-10,"2026-07-09","Carrots w/tops - Bunch",1,5.25
1746,2026-07-10,"2026-07-09","Milk Chocolate Square - Each",1,1.75
1746,2026-07-10,"2026-07-09","Pasta Bi-color Short - Lb.",1,6.5
1746,2026-07-10,"2026-07-09","Peaches - Bag",1,7
1746,2026-07-10,"2026-07-09","Extra Credit - Each",0.75,1.06
1746,2026-07-10,"2026-07-09","UCA/KWA",1,79.79
876,2026-07-10,"2026-07-09","Mothership Pickup Time (6.0 @6-6:30) - @6-6:30",1,0
876,2026-07-10,"2026-07-09","Chicken - Ground - Lb.",1,10.25
876,2026-07-10,"2026-07-09","Eggs - Dozen",1,6.5
876,2026-07-10,"2026-07-09","Mushrooms (1.0 Oyster) - Oyster",1,8
876,2026-07-10,"2026-07-09","Rice Choice $7 - Bag",1,7
876,2026-07-10,"2026-07-09","FSA/FSD",1,79.79
1416,2026-07-10,"2026-07-09","Almond Butter - Pint",1,11.25
1416,2026-07-10,"2026-07-09","Mothership Pickup Time (5.0 @5:30-6) - @5:30-6",1,0
1416,2026-07-10,"2026-07-09","Chicken - Links ($10.50) - Each",1,10.5
1416,2026-07-10,"2026-07-09","Eggs - Dozen",1,6.5
1416,2026-07-10,"2026-07-09","Sesame Hoagie - T - Each",1,3.8
1416,2026-07-10,"2026-07-09","Extra Credit - Each",2.55,1.06
1416,2026-07-10,"2026-07-09","Half",1,84.79
1719,2026-07-10,"2026-07-09","Mothership Pickup Time (1.0 @3:30-4) - @3:30-4",1,0
1719,2026-07-10,"2026-07-09","Kale - Lacinato/Dinosaur - Bag",1,5
1719,2026-07-10,"2026-07-09","Oats - Rolled 5# - Bag",1,12.25
1719,2026-07-10,"2026-07-09","Sweet Corn - 5-pack",2,3.25
1719,2026-07-10,"2026-07-09","Tomatoes - Sungold - Pint",1,7
1719,2026-07-10,"2026-07-09","Extra Credit - Each",1.25,1.06
1719,2026-07-10,"2026-07-09","Half",1,84.79
88,2026-07-10,"2026-07-09","Dates - Oz.",1,10
88,2026-07-10,"2026-07-09","Eggs - BW - Dozen",1,6.5
88,2026-07-10,"2026-07-09","Apple Sauce - w/sugar - qt. - Jar",2,7.75
88,2026-07-10,"2026-07-09","Bagels - Honey Buckwheat - BU - Bag",1,11.25
88,2026-07-10,"2026-07-09","Beans - Green - Bag",2,4.25
88,2026-07-10,"2026-07-09","Date Chocolate Syrup - Jar",1,12
88,2026-07-10,"2026-07-09","Pork Italian Links - D&M - Each",1,8.5
88,2026-07-10,"2026-07-09","Squash - Zucchini (1.0 Large) - Large",1,3.5
88,2026-07-10,"2026-07-09","Sweet Corn - 5-pack",1,3.25
88,2026-07-10,"2026-07-09","Extra Credit - Each",79,1.06
1752,2026-07-10,"2026-07-09","Mothership Pickup Time (6.0 @6-6:30) - @6-6:30",1,0
1752,2026-07-10,"2026-07-09","Chicken - Links ($10.50) - Each",1,10.5
1752,2026-07-10,"2026-07-09","Eggs - Dozen",1,6.5
1752,2026-07-10,"2026-07-09","Peaches - Bag",1,7
1752,2026-07-10,"2026-07-09","Syrup Choice $12.50 - Each",1,12.5
1752,2026-07-10,"2026-07-09","Extra Credit - Each",7,1.06
1752,2026-07-10,"2026-07-09","Half",1,84.79
636,2026-07-10,"2026-07-09","Chicken - Ground - Lb.",1,10.25
636,2026-07-10,"2026-07-09","Granola Bar - Each",2,3.8
636,2026-07-10,"2026-07-09","Multigrain Bread  - Each",1,6.75
636,2026-07-10,"2026-07-09","Peaches - Bag",1,7
636,2026-07-10,"2026-07-09","Tomatillos  - Bag",1,4.75
636,2026-07-10,"2026-07-09","Tomatoes - Sungold - Pint",1,7
636,2026-07-10,"2026-07-09","Extra Credit - Each",11.6,1.06
636,2026-07-10,"2026-07-09","FSA/FSD",1,79.79
636,2026-07-10,"2026-07-09","Whole MILK",1,8.85
250,2026-07-10,"2026-07-09","Milk - Whole - Oz.",1,8.32
250,2026-07-10,"2026-07-09","Mothership Pickup Time (2.0 @4-4:30) - @4-4:30",1,0
250,2026-07-10,"2026-07-09","Blueberries - Pint",1,7
250,2026-07-10,"2026-07-09","Hoagie - T - Each",1,3.5
250,2026-07-10,"2026-07-09","Mushrooms - Choice",1,8
250,2026-07-10,"2026-07-09","Peaches - Bag",1,7
250,2026-07-10,"2026-07-09","Extra Credit - Each",2.07,1.06
250,2026-07-10,"2026-07-09","FSA/FSD",1,79.79
1618,2026-07-10,"2026-07-09","Kirkwood Pickup Time (2.0 @1:30-2) - @1:30-2",1,0
1618,2026-07-10,"2026-07-09","Beans - Green - Bag",1,4.25
1618,2026-07-10,"2026-07-09","Beets - No Tops - Lb.",1,6.5
1618,2026-07-10,"2026-07-09","Blueberries - Pint",1,7
1618,2026-07-10,"2026-07-09","Sweet Corn - 5-pack",1,3.25
1618,2026-07-10,"2026-07-09","Tomatoes - Cherry Mix - Bag",1,6.75
1618,2026-07-10,"2026-07-09","Vinaigrette - Greek Style - Bottle",1,6.25
1618,2026-07-10,"2026-07-09","Extra Credit - Each",4.5,1.06
1618,2026-07-10,"2026-07-09","Half",1,84.79
133,2026-07-10,"2026-07-09","Mothership Pickup Time (3.0 @4:30-5) - @4:30-5",1,0
133,2026-07-10,"2026-07-09","Eggs - Dozen",1,6.5
133,2026-07-10,"2026-07-09","Fresh Herb - Basil - Bunch",2,3.5
133,2026-07-10,"2026-07-09","Ground Beef - D&M - Lb.",1,10.5
133,2026-07-10,"2026-07-09","Squash - Zucchini - Each",2,2.5
133,2026-07-10,"2026-07-09","Extra Credit - Each",5.25,1.06
133,2026-07-10,"2026-07-09","Mini",1,53.2
1932,2026-07-10,"2026-07-09","Mothership Pickup Time (3.0 @4:30-5) - @4:30-5",1,0
1932,2026-07-10,"2026-07-09","Chicken - Thighs /lbs  - lbs",1,7.8
1932,2026-07-10,"2026-07-09","Kohlrabi  - Head",1,1
1932,2026-07-10,"2026-07-09","Mushrooms (1.0 King Oyster (French Horn)) - King Oyster (French Horn)",1,8
1932,2026-07-10,"2026-07-09","Stringbean Ethiopian - Bag",1,16
1932,2026-07-10,"2026-07-09","Extra Credit - Each",1.05,1.06
1932,2026-07-10,"2026-07-09","FSA/FSD",1,79.79
305,2026-07-10,"2026-07-09","Kirkwood Pickup Time (1.0 PORCH) - PORCH",1,0
305,2026-07-10,"2026-07-09","Chicken - Breakfast - Pack",1,10.5
305,2026-07-10,"2026-07-09","Chicken Breasts /lb. - Pack",1,16.66
305,2026-07-10,"2026-07-09","Eggs - Dozen",2,6.5
305,2026-07-10,"2026-07-09","Extra Credit - Each",10.66,1.06
305,2026-07-10,"2026-07-09","Half",1,84.79
1427,2026-07-10,"2026-07-09","Ground Turkey - Pack",1,10.25
1427,2026-07-10,"2026-07-09","Eggs - BW - Dozen",2,6.5
1427,2026-07-10,"2026-07-09","Mothership Pickup Time (1.0 @3:30-4) - @3:30-4",1,0
1427,2026-07-10,"2026-07-09","Carrots no tops - Lb.",1,6
1427,2026-07-10,"2026-07-09","Chicken - Ground - Lb.",1,10.25
1427,2026-07-10,"2026-07-09","Peaches - Bag",2,7
1427,2026-07-10,"2026-07-09","Peppers - Shishitos - Bag",1,5
1427,2026-07-10,"2026-07-09","Potatoes - New - Bag",1,5.75
1427,2026-07-10,"2026-07-09","Tomatoes - Slicing - Bag",1,6.5
1427,2026-07-10,"2026-07-09","Extra Credit - Each",47,1.06
643,2026-07-10,"2026-07-09","Mothership Pickup Time (5.0 @5:30-6) - @5:30-6",1,0
643,2026-07-10,"2026-07-09","Chicken - Ground - Lb.",1,10.25
643,2026-07-10,"2026-07-09","Cinnamon Rolls - Frozen - Pack",1,6.75
643,2026-07-10,"2026-07-09","Eggplant - Globe - Each",1,1.75
643,2026-07-10,"2026-07-09","Onions - Mix - Pint",1,3
643,2026-07-10,"2026-07-09","Peaches - Bag",1,7
643,2026-07-10,"2026-07-09","Peppers - Green Bell - 2-pack",1,3.25
643,2026-07-10,"2026-07-09","Polenta - Oz.",1,4.75
643,2026-07-10,"2026-07-09","Extra Credit - Each",5,1.06
643,2026-07-10,"2026-07-09","FSA/FSD",1,79.79
622,2026-07-10,"2026-07-09","Yogurt - Greek Plain - Oz.",1,7.1
622,2026-07-10,"2026-07-09","Kirkwood Pickup Time (2.0 @1:30-2) - @1:30-2",1,0
622,2026-07-10,"2026-07-09","Pita Bread - Frozen (1.0 White) - White",1,3.55
622,2026-07-10,"2026-07-09","Pork - Ground  - Lb.",1,7.5
622,2026-07-10,"2026-07-09","Pretzel - UL Thursday  - Each",2,3.75
622,2026-07-10,"2026-07-09","Vinaigrette - Greek Style - Bottle",1,6.25
622,2026-07-10,"2026-07-09","Extra Credit - Each",5.15,1.06
622,2026-07-10,"2026-07-09","UCA/KWA",1,79.79
958,2026-07-10,"2026-07-09","Bagels - Everything - BU - Bag",1,11.25
958,2026-07-10,"2026-07-09","Chicken - Ground - Lb.",1,10.25
958,2026-07-10,"2026-07-09","Eggs - Dozen",1,6.5
958,2026-07-10,"2026-07-09","Harvest Shreds - Naked 2lb. - Pack",1,24.5
958,2026-07-10,"2026-07-09","Mushrooms - Choice",1,8
958,2026-07-10,"2026-07-09","Rice Choice $7 - Bag",1,7
958,2026-07-10,"2026-07-09","Extra Credit - Each",35.75,1.06
958,2026-07-10,"2026-07-09","FSA/FSD",1,79.79
793,2026-07-10,"2026-07-09","Blackberries - Pint",1,7
793,2026-07-10,"2026-07-09","Blueberries - Pint",1,7
793,2026-07-10,"2026-07-09","Buttermilk Waffles Sourdough - Frozen - Pack",2,5
793,2026-07-10,"2026-07-09","Eggs - Dozen",1,6.5
793,2026-07-10,"2026-07-09","Light and Mild - T - Loaf",1,8.25
793,2026-07-10,"2026-07-09","Peaches - Bag",1,7
793,2026-07-10,"2026-07-09","Tomatoes - Heirloom - Bag",1,8.5
793,2026-07-10,"2026-07-09","Tomatoes - Slicing - Bag",1,6.5
793,2026-07-10,"2026-07-09","Tomatoes - Sungold - Pint",1,7
793,2026-07-10,"2026-07-09","Extra Credit - Each",44,1.06
793,2026-07-10,"2026-07-09","Mini",1,53.2
39,2026-07-10,"2026-07-09","Cheese Choice $6.75 - Each",1,6.75
39,2026-07-10,"2026-07-09","Eggs - Dozen",1,6.5
39,2026-07-10,"2026-07-09","Ground Beef - D&M - Lb.",1,10.5
39,2026-07-10,"2026-07-09","Mini",1,53.2
1750,2026-07-10,"2026-07-09","Mothership Pickup Time (5.0 @5:30-6) - @5:30-6",1,0
1750,2026-07-10,"2026-07-09","Blueberries - Pint",2,7
1750,2026-07-10,"2026-07-09","Eggs - Dozen",1,6.5
1750,2026-07-10,"2026-07-09","Hummus - Garlic - Tub",1,6.75
1750,2026-07-10,"2026-07-09","Kale - Green Curly - Bag",1,5
1750,2026-07-10,"2026-07-09","Louise's Original Granola - Bag",1,10
1750,2026-07-10,"2026-07-09","Onions - Mix - Pint",1,3
1750,2026-07-10,"2026-07-09","Peaches - Bag",1,7
1750,2026-07-10,"2026-07-09","Peppers - Green Bell - 2-pack",1,3.25
1750,2026-07-10,"2026-07-09","Yogurt - Blueberry - Oz.",2,7.1
1750,2026-07-10,"2026-07-09","Extra Credit - Each",45.95,1.06
1750,2026-07-10,"2026-07-09","Mini",1,53.2
1771,2026-07-10,"2026-07-09","Eggs - BW - Dozen",1,6.5
1771,2026-07-10,"2026-07-09","Jam - Red Cherry HBY - Pint",1,7.75
1771,2026-07-10,"2026-07-09","Pizza - Sausage Pepperoni - Each",1,8.5
1771,2026-07-10,"2026-07-09","Mothership Pickup Time (4.0 @5-5:30) - @5-5:30",1,0
1771,2026-07-10,"2026-07-09","Pork Steaks/lb. - Pack",1,19.3
1771,2026-07-10,"2026-07-09","Chicken Thighs - Boneless/lb. - lbs",1,11.55
1771,2026-07-10,"2026-07-09","Flaked Salmon - Lb.",1,16.29
1771,2026-07-10,"2026-07-09","Gnocchi - Spinach  - Lb.",1,6.5
1771,2026-07-10,"2026-07-09","Ground Beef - D&M - Lb.",1,10.5
1771,2026-07-10,"2026-07-09","Peaches - Bag",1,7
1771,2026-07-10,"2026-07-09","Tomatillos  - Bag",1,4.75
1771,2026-07-10,"2026-07-09","Tomatoes - Slicing - Bag",1,6.5
1771,2026-07-10,"2026-07-09","Yogurt - Plain - Oz.",1,7.1
1771,2026-07-10,"2026-07-09","Extra Credit - Each",112.24,1.06
1521,2026-07-10,"2026-07-09","Mothership Pickup Time (5.0 @5:30-6) - @5:30-6",1,0
1521,2026-07-10,"2026-07-09","Beans - Yellow Wax  - Bag",1,3
1521,2026-07-10,"2026-07-09","Eggs - Dozen",1,6.5
1521,2026-07-10,"2026-07-09","Ground Beef - D&M - Lb.",1,10.5
1521,2026-07-10,"2026-07-09","Peaches - Bag",1,7
1521,2026-07-10,"2026-07-09","Extra Credit - Each",3.25,1.06
1521,2026-07-10,"2026-07-09","Mini",1,53.2
885,2026-07-10,"2026-07-09","Milk - 2%  - Oz.",1,8.32
885,2026-07-10,"2026-07-09","Mothership Pickup Time - @6:30-7",1,0
885,2026-07-10,"2026-07-09","Blueberries - Pint",1,7
885,2026-07-10,"2026-07-09","Lasagna (1.0 Cheese) - Cheese",1,15
885,2026-07-10,"2026-07-09","Extra Credit - Each",0.82,1.06
885,2026-07-10,"2026-07-09","Half",1,84.79
900,2026-07-10,"2026-07-09","Mothership Pickup Time (1.0 @3:30-4) - @3:30-4",1,0
900,2026-07-10,"2026-07-09","Blueberries - Pint",1,7
900,2026-07-10,"2026-07-09","Chicken Breasts /lb. - Pack",2,11.82
900,2026-07-10,"2026-07-09","Pasta - Gluten Free Short LV - Each",1,5.25
900,2026-07-10,"2026-07-09","Peppers - Green Bell - 2-pack",1,3.25
900,2026-07-10,"2026-07-09","Rice - White - Lb.",1,6.5
900,2026-07-10,"2026-07-09","Extra Credit - Each",11.39,1.06
900,2026-07-10,"2026-07-09","FSA/FSD",1,79.79
900,2026-07-10,"2026-07-09","Whole MILK",1,8.85
896,2026-07-10,"2026-07-09","Food Pantry Donation - $",5,1
896,2026-07-10,"2026-07-09","Carrots no tops - Lb.",1,6
896,2026-07-10,"2026-07-09","Eggs - Dozen",1,6.5
896,2026-07-10,"2026-07-09","Hand Pie: Cheesy Potato - Bag",1,10.5
896,2026-07-10,"2026-07-09","Peaches - Bag",3,7
896,2026-07-10,"2026-07-09","Extra Credit - Each",19.5,1.06
896,2026-07-10,"2026-07-09","Half",1,84.79
171,2026-07-10,"2026-07-09","Cheese Choice $6.75 - Each",1,6.75
171,2026-07-10,"2026-07-09","Eggs - Dozen",1,6.5
171,2026-07-10,"2026-07-09","Ground Beef - D&M - Lb.",1,10.5
171,2026-07-10,"2026-07-09","Louise's Original Granola - Bag",1,10
171,2026-07-10,"2026-07-09","Multigrain Bread  - Each",1,6.75
171,2026-07-10,"2026-07-09","Sliced Summer Sausage - Bag",1,8.5
171,2026-07-10,"2026-07-09","Yogurt - Strawberry - Oz.",1,7.1
171,2026-07-10,"2026-07-09","Extra Credit - Each",32.35,1.06
171,2026-07-10,"2026-07-09","Mini",1,53.2
790,2026-07-10,"2026-07-09","Mothership Pickup Time (2.0 @4-4:30) - @4-4:30",1,0
790,2026-07-10,"2026-07-09","Chicken Wings/lb. - lbs",2,19.31
790,2026-07-10,"2026-07-09","Eggs - Dozen",1,6.5
790,2026-07-10,"2026-07-09","Rice - White - Lb.",1,6.5
790,2026-07-10,"2026-07-09","Sourdough Bread - Frozen - Lb.",2,6.75
790,2026-07-10,"2026-07-09","Extra Credit - Each",35.62,1.06
790,2026-07-10,"2026-07-09","Half",1,84.79
959,2026-07-10,"2026-07-09","Chicken - Ground - Lb.",1,10.25
959,2026-07-10,"2026-07-09","Eggs - Dozen",1,6.5
959,2026-07-10,"2026-07-09","Mushrooms - Choice",1,8
959,2026-07-10,"2026-07-09","Rice Choice $7 - Bag",1,7
959,2026-07-10,"2026-07-09","FSA/FSD",1,79.79
699,2026-07-10,"2026-07-09","Mothership Pickup Time (1.0 @3:30-4) - @3:30-4",1,0
699,2026-07-10,"2026-07-09","Granola Bar - Each",1,3.8
699,2026-07-10,"2026-07-09","Hoagie - T - Each",1,3.5
699,2026-07-10,"2026-07-09","Pork - Tenderloin/lb - Lb.",1,11.03
699,2026-07-10,"2026-07-09","Sesame Hoagie - T - Each",1,3.8
699,2026-07-10,"2026-07-09","Tomatoes - Slicing - Bag",1,6.5
699,2026-07-10,"2026-07-09","Half",1,84.79
979,2026-07-10,"2026-07-09","Chicken - Links ($10.50) - Each",1,10.5
979,2026-07-10,"2026-07-09","Eggs - Dozen",1,6.5
979,2026-07-10,"2026-07-09","Maple Syrup 12 oz. - Jar",1,13
979,2026-07-10,"2026-07-09","Extra Credit - Each",0.5,1.06
979,2026-07-10,"2026-07-09","Half",1,84.79
