"member_id","file_date","delivery_date","item_unit","sales","price"
704,2026-07-24,"2026-07-15","Eggs - BW - Dozen",2,6.5
704,2026-07-24,"2026-07-15","Mothership Pickup Time (2.0 @4-4:30) - @4-4:30",1,0
704,2026-07-24,"2026-07-15","Coffee Stringbean Decaf - Bag",1,16
704,2026-07-24,"2026-07-15","Peaches - Bag",2,7
704,2026-07-24,"2026-07-15","Sourdough Bread - Frozen - Lb.",1,6.75
704,2026-07-24,"2026-07-15","Extra Credit - Each",23.25,1.06
704,2026-07-24,"2026-07-15","FSA/FSD",1,79.79
335,2026-07-24,"2026-07-15","Mothership Pickup Time (3.0 @4:30-5) - @4:30-5",1,0
335,2026-07-24,"2026-07-15","Food for Ferals Donation - $",1,1
335,2026-07-24,"2026-07-15","Chevre PF (1.0 Plain) - Plain",1,8.5
335,2026-07-24,"2026-07-15","English Muffin Sourdough - Frozen - Pack",1,5
335,2026-07-24,"2026-07-15","Flour - All Purpose 5 lb - Bag",1,8.5
335,2026-07-24,"2026-07-15","Mini",1,53.2
371,2026-07-24,"2026-07-15","UCity Pickup Time (2.0 @4:30-5) - @4:30-5",1,0
371,2026-07-24,"2026-07-15","Chicken Links - Lemon Pepper - Lb.",1,10.5
371,2026-07-24,"2026-07-15","Mustard - Choice",1,6.5
371,2026-07-24,"2026-07-15","Pita Bread - Frozen (1.0 Wheat) - Wheat",1,3.55
371,2026-07-24,"2026-07-15","Rice - Brown - Lb.",1,6.5
371,2026-07-24,"2026-07-15","Extra Credit - Each",5.3,1.06
371,2026-07-24,"2026-07-15","Half",1,68.89
1410,2026-07-24,"2026-07-15","UCity Pickup Time - @4:10-4:30",1,0
1410,2026-07-24,"2026-07-15","Aged Cheddar - HBC - Each",1,6.75
1410,2026-07-24,"2026-07-15","Mustard - Choice",1,6.5
1410,2026-07-24,"2026-07-15","Pork - Bratwurst  - Pack",1,8.5
1410,2026-07-24,"2026-07-15","Half",1,68.89
1983,2026-07-24,"2026-07-15","Cucumbers - Pickling - Bag",1,3.5
1983,2026-07-24,"2026-07-15","Mothership Pickup Time (1.0 @3:30-4) - @3:30-4",1,0
1983,2026-07-24,"2026-07-15","Blackberries - Pint",1,7
1983,2026-07-24,"2026-07-15","Cantaloupe (1.0 Medium) - Medium",1,7
1983,2026-07-24,"2026-07-15","Eggs - Dozen",2,6.5
1983,2026-07-24,"2026-07-15","Tomatoes - Cherry Mix - Bag",1,6.75
1983,2026-07-24,"2026-07-15","Tomatoes - Heirloom - Bag",1,8.5
1983,2026-07-24,"2026-07-15","Extra Credit - Each",22.75,1.06
1983,2026-07-24,"2026-07-15","Mini",1,53.2
903,2026-07-24,"2026-07-15","Eggs - Dozen",1,6.5
903,2026-07-24,"2026-07-15","Mushrooms - Choice",1,8
903,2026-07-24,"2026-07-15","Pork - Breakfast Bulk ($8.50) - Pack",1,8.5
903,2026-07-24,"2026-07-15","Watermelon - Seedless (1.0 Large) - Large",1,12
903,2026-07-24,"2026-07-15","Extra Credit - Each",12,1.06
903,2026-07-24,"2026-07-15","Mini",1,53.2
136,2026-07-24,"2026-07-15","Beans - Green - Bag",1,4.25
136,2026-07-24,"2026-07-15","Blueberries - Pint",1,7
136,2026-07-24,"2026-07-15","Curds Jalapeno Habanero 10 oz - Bag",1,6.75
136,2026-07-24,"2026-07-15","Eggplant - Little Finger - Bag",1,6
136,2026-07-24,"2026-07-15","Sweet Corn - 5-pack",1,3.25
136,2026-07-24,"2026-07-15","Extra Credit - Each",5.5,1.06
136,2026-07-24,"2026-07-15","Half",1,84.79
346,2026-07-24,"2026-07-15","Eggs - BW - Dozen",1,6.5
346,2026-07-24,"2026-07-15","Cheese Choice $6.75 - Each",1,6.75
346,2026-07-24,"2026-07-15","Eggs - H - Dozen",1,6.5
346,2026-07-24,"2026-07-15","Red Chile Sauce - Jar",1,11.5
346,2026-07-24,"2026-07-15","Extra Credit - Each",9.5,1.06
346,2026-07-24,"2026-07-15","Half",1,84.79
1038,2026-07-24,"2026-07-15","Milk - Whole - Oz.",1,8.32
1038,2026-07-24,"2026-07-15","Mothership Pickup Time (1.0 @3:30-4) - @3:30-4",1,0
1038,2026-07-24,"2026-07-15","Cantaloupe (1.0 Medium) - Medium",1,7
1038,2026-07-24,"2026-07-15","Yogurt - Plain - Oz.",1,7.1
1038,2026-07-24,"2026-07-15","Mini",1,53.2
1039,2026-07-24,"2026-07-15","Pizza - Four Meat  - Each",1,8.5
1039,2026-07-24,"2026-07-15","UCity Pickup Time (3.0 @5-5:30) - @5-5:30",1,0
1039,2026-07-24,"2026-07-15","Chicken - Links ($10.50) - Each",1,10.5
1039,2026-07-24,"2026-07-15","Dark Chocolate Almond Bar - Pack",1,4.95
1039,2026-07-24,"2026-07-15","Milk Chocolate Toasted Missouri Pecan Bark - Package",1,7.5
1039,2026-07-24,"2026-07-15","Peaches - Bag",2,7
1039,2026-07-24,"2026-07-15","Peppers - Jalapenos - 5-pack",1,3.5
1039,2026-07-24,"2026-07-15","Extra Credit - Each",23.45,1.06
1039,2026-07-24,"2026-07-15","UCA/KWA",1,79.79
618,2026-07-24,"2026-07-15","Mothership Pickup Time (4.0 @5-5:30) - @5-5:30",1,0
618,2026-07-24,"2026-07-15","Apple Sauce - w/sugar - qt. - Jar",1,7.75
618,2026-07-24,"2026-07-15","Blackberries - Pint",1,7
618,2026-07-24,"2026-07-15","Blueberries - Pint",1,7
618,2026-07-24,"2026-07-15","Dark Bar 72% - Package",1,3
618,2026-07-24,"2026-07-15","Tomatoes - Heirloom - Bag",1,8.5
618,2026-07-24,"2026-07-15","Tomatoes - Sungold - Pint",1,7
618,2026-07-24,"2026-07-15","Extra Credit - Each",17.25,1.06
618,2026-07-24,"2026-07-15","Mini",1,53.2
1830,2026-07-24,"2026-07-15","Yogurt - Greek Plain - Oz.",1,7.1
1830,2026-07-24,"2026-07-15","Mothership Pickup Time (5.0 @5:30-6) - @5:30-6",1,0
1830,2026-07-24,"2026-07-15","Cantaloupe (1.0 Medium) - Medium",1,7
1830,2026-07-24,"2026-07-15","Eggs - Dozen",1,6.5
1830,2026-07-24,"2026-07-15","Mushrooms - Choice",1,8
1830,2026-07-24,"2026-07-15","Extra Credit - Each",5.6,1.06
1830,2026-07-24,"2026-07-15","Mini",1,53.2
1830,2026-07-24,"2026-07-15","2% MILK",1,8.85
1968,2026-07-24,"2026-07-15","Kirkwood Pickup Time - @1-1:30",1,0
1968,2026-07-24,"2026-07-15","$ for green bags donation - $",1,1
1968,2026-07-24,"2026-07-15","Cantaloupe (1.0 Medium) - Medium",1,7
1968,2026-07-24,"2026-07-15","Eggs - Dozen",1,6.5
1968,2026-07-24,"2026-07-15","Pork - Brats Cheddar DM - 4-pack",1,8.5
1968,2026-07-24,"2026-07-15","Mini",1,53.2
1713,2026-07-24,"2026-07-15","UCity Pickup Time (2.0 @4:30-5) - @4:30-5",1,0
1713,2026-07-24,"2026-07-15","Beans - Green - Bag",1,4.25
1713,2026-07-24,"2026-07-15","Onions - Mix - Pint",1,3
1713,2026-07-24,"2026-07-15","Peaches - Bag",1,7
1713,2026-07-24,"2026-07-15","Extra Credit - Each",14.25,1.06
228,2026-07-24,"2026-07-15","UCity Pickup Time - @4:10-4:30",1,0
228,2026-07-24,"2026-07-15","Blackberries - Pint",1,7
228,2026-07-24,"2026-07-15","Eggs - Dozen",1,6.5
228,2026-07-24,"2026-07-15","Hoagie - Wednesday - Each",1,3.5
228,2026-07-24,"2026-07-15","Mushrooms (1.0 Maitake (Hen of the Woods)) - Maitake (Hen of the Woods)",1,8
228,2026-07-24,"2026-07-15","Pasta Bi-color Short - Lb.",1,6.5
228,2026-07-24,"2026-07-15","Peaches - Bag",1,7
228,2026-07-24,"2026-07-15","Pork Breakfast Link D&M - Pack",1,8.5
228,2026-07-24,"2026-07-15","Extra Credit - Each",24,1.06
228,2026-07-24,"2026-07-15","Mini",1,53.2
1203,2026-07-24,"2026-07-15","Mothership Pickup Time (2.0 @4-4:30) - @4-4:30",1,0
1203,2026-07-24,"2026-07-15","Cantaloupe (1.0 Medium) - Medium",1,7
1203,2026-07-24,"2026-07-15","Eggplant - Globe - Each",1,3
1203,2026-07-24,"2026-07-15","Pork - Ground  - Lb.",1,7.5
1203,2026-07-24,"2026-07-15","Tomatillos  - Bag",1,4.75
1203,2026-07-24,"2026-07-15","Tomatoes - Carolina Gold - Bag",1,6.75
1203,2026-07-24,"2026-07-15","Extra Credit - Each",2.5,1.06
1203,2026-07-24,"2026-07-15","FSA/FSD",1,79.79
892,2026-07-24,"2026-07-15","UCity Pickup Time (3.0 @5-5:30) - @5-5:30",1,0
892,2026-07-24,"2026-07-15","Blackberries - Pint",1,7
892,2026-07-24,"2026-07-15","Blueberries - Pint",1,7
892,2026-07-24,"2026-07-15","Cheese Choice $6.75 - Each",1,6.75
892,2026-07-24,"2026-07-15","Semolina - Wednesday - Loaf",1,7
892,2026-07-24,"2026-07-15","Extra Credit - Each",6,1.06
892,2026-07-24,"2026-07-15","Half",1,84.79
444,2026-07-24,"2026-07-15","Eggs - BW - Dozen",2,6.5
444,2026-07-24,"2026-07-15","UCity Pickup Time (2.0 @4:30-5) - @4:30-5",1,0
444,2026-07-24,"2026-07-15","Cantaloupe (1.0 Medium) - Medium",1,7
444,2026-07-24,"2026-07-15","Maple Syrup 12 oz. - Jar",1,13
444,2026-07-24,"2026-07-15","Peppers - Jalapenos - 5-pack",1,3.5
444,2026-07-24,"2026-07-15","Pork - Brats Cheddar DM - 4-pack",1,8.5
444,2026-07-24,"2026-07-15","RL Chocolate Milk - Bottle",2,2.75
444,2026-07-24,"2026-07-15","Tomatillos  - Bag",1,4.75
444,2026-07-24,"2026-07-15","Tomatoes - Cherry Mix - Bag",3,6.75
444,2026-07-24,"2026-07-15","Watermelon - Seedless (1.0 Large) - Large",1,12
444,2026-07-24,"2026-07-15","Extra Credit - Each",62,1.06
444,2026-07-24,"2026-07-15","UCA/KWA",1,79.79
828,2026-07-24,"2026-07-15","Watermelon - Seeded (1.0 Large) - Large",1,12
828,2026-07-24,"2026-07-15","Chicken Thighs - Boneless/lb. - lbs",2,11.9
828,2026-07-24,"2026-07-15","Pork Cutlets /lb - Lb.",2,9.23
828,2026-07-24,"2026-07-15","Tomatoes - Sungold - Pint",1,7
828,2026-07-24,"2026-07-15","Extra Credit - Each",35.76,1.06
828,2026-07-24,"2026-07-15","Mini",1,53.2
902,2026-07-24,"2026-07-15","Black Bean Dip - Tub",1,6.5
902,2026-07-24,"2026-07-15","Dark Bar 72% - Package",1,3
902,2026-07-24,"2026-07-15","Light and Mild - Wednesday - Loaf",1,8.25
902,2026-07-24,"2026-07-15","Peaches - Bag",1,7
902,2026-07-24,"2026-07-15","Extra Credit - Each",3.5,1.06
902,2026-07-24,"2026-07-15","Half",1,84.79
472,2026-07-24,"2026-07-15","UCity Pickup Time (2.0 @4:30-5) - @4:30-5",1,0
472,2026-07-24,"2026-07-15","Eggs - Dozen",1,6.5
472,2026-07-24,"2026-07-15","Pork - Bratwurst  - Pack",1,8.5
472,2026-07-24,"2026-07-15","Yogurt - Blueberry - Oz.",1,7.1
472,2026-07-24,"2026-07-15","Extra Credit - Each",0.35,1.06
472,2026-07-24,"2026-07-15","Half",1,68.89
1799,2026-07-24,"2026-07-15","Clean Plate Pantry Choice ($11.5) - Jar",1,11.5
1799,2026-07-24,"2026-07-15","Hoagie - Wednesday - Each",1,3.5
1799,2026-07-24,"2026-07-15","Pork - Ground  - Lb.",1,7.5
1799,2026-07-24,"2026-07-15","Rice - Basmati Choice - Bag",1,7.5
1799,2026-07-24,"2026-07-15","Extra Credit - Each",3.5,1.06
1799,2026-07-24,"2026-07-15","FSA/FSD",1,79.79
1920,2026-07-24,"2026-07-15","UCity Pickup Time (3.0 @5-5:30) - @5-5:30",1,0
1920,2026-07-24,"2026-07-15","Chicken Thighs - Boneless/lb. - lbs",1,12.78
1920,2026-07-24,"2026-07-15","Multigrain Bread - Frozen - Loaf",1,6.75
1920,2026-07-24,"2026-07-15","Pasta Bi-color Short - Lb.",1,6.5
1920,2026-07-24,"2026-07-15","Extra Credit - Each",4.28,1.06
1920,2026-07-24,"2026-07-15","Half",1,68.89
30,2026-07-24,"2026-07-15","Mothership Pickup Time (3.0 @4:30-5) - @4:30-5",1,0
30,2026-07-24,"2026-07-15","Chicken - Thighs /lbs  - lbs",1,6.84
30,2026-07-24,"2026-07-15","Eggs - Dozen",1,6.5
30,2026-07-24,"2026-07-15","Oat Porridge Bread - Wednesday - Loaf",1,9
30,2026-07-24,"2026-07-15","Extra Credit - Each",0.59,1.06
30,2026-07-24,"2026-07-15","Half",1,84.79
1699,2026-07-24,"2026-07-15","UCity Pickup Time (3.0 @5-5:30) - @5-5:30",1,0
1699,2026-07-24,"2026-07-15","Cantaloupe (1.0 Medium) - Medium",1,7
1699,2026-07-24,"2026-07-15","Mushrooms (1.0 Oyster) - Oyster",1,8
1699,2026-07-24,"2026-07-15","Peaches - Bag",1,7
1699,2026-07-24,"2026-07-15","Pretzel - UL Wednesday - Each",1,3.75
1699,2026-07-24,"2026-07-15","Extra Credit - Each",0.25,1.06
1699,2026-07-24,"2026-07-15","UCA/KWA",1,79.79
1200,2026-07-24,"2026-07-15","Cabbage - Red - Share",1,4.25
1200,2026-07-24,"2026-07-15","Cantaloupe (1.0 Medium) - Medium",1,7
1200,2026-07-24,"2026-07-15","Kohlrabi  - Head",1,1
1200,2026-07-24,"2026-07-15","Peaches - Bag",1,7
1200,2026-07-24,"2026-07-15","Radishes - Red - Lb.",1,3.5
1200,2026-07-24,"2026-07-15","Sweet Corn - 5-pack",2,3.25
1200,2026-07-24,"2026-07-15","Tomatillos  - Bag",1,4.75
1200,2026-07-24,"2026-07-15","Tomatoes - Carolina Gold - Bag",1,6.75
1200,2026-07-24,"2026-07-15","Tomatoes - Heirloom - Bag",1,8.5
1200,2026-07-24,"2026-07-15","Extra Credit - Each",49.25,1.06
1154,2026-07-24,"2026-07-15","Mothership Pickup Time (4.0 @5-5:30) - @5-5:30",1,0
1154,2026-07-24,"2026-07-15","Cantaloupe (1.0 Medium) - Medium",1,7
1154,2026-07-24,"2026-07-15","Chicken Thighs - Big Bag/lb. - Pack",1,27.95
1154,2026-07-24,"2026-07-15","Extra Credit - Each",11.95,1.06
1154,2026-07-24,"2026-07-15","Mini",1,53.2
541,2026-07-24,"2026-07-15","Milk - Whole - Oz.",1,8.32
541,2026-07-24,"2026-07-15","$ for green bags donation - $",1,1
541,2026-07-24,"2026-07-15","Cantaloupe (1.0 Medium) - Medium",1,7
541,2026-07-24,"2026-07-15","Peaches - Bag",1,7
541,2026-07-24,"2026-07-15","Sweet Corn - 5-pack",1,3.25
541,2026-07-24,"2026-07-15","Extra Credit - Each",1.07,1.06
541,2026-07-24,"2026-07-15","UCA/KWA",1,79.79
1928,2026-07-24,"2026-07-15","UCity Pickup Time - @4:10-4:30",1,0
1928,2026-07-24,"2026-07-15","Beans - Green - Bag",1,4.25
1928,2026-07-24,"2026-07-15","Eggs - Dozen",1,6.5
1928,2026-07-24,"2026-07-15","Pizza Sauce - Jar",1,6.75
1928,2026-07-24,"2026-07-15","Half",1,68.89
1559,2026-07-24,"2026-07-15","UCity Pickup Time (3.0 @5-5:30) - @5-5:30",1,0
1559,2026-07-24,"2026-07-15","Halibut/lb.* - Pack",1,22.89
1559,2026-07-24,"2026-07-15","Mushrooms (1.0 Shiitake) - Shiitake",1,8
1559,2026-07-24,"2026-07-15","Onions - Mix - Pint",1,3
1559,2026-07-24,"2026-07-15","Peppers - Banana - 4-pack",1,4.25
1559,2026-07-24,"2026-07-15","Peppers - Jimmy Nardello - Bag",1,3
1559,2026-07-24,"2026-07-15","Peppers - Shishitos - Bag",1,5
1559,2026-07-24,"2026-07-15","Radishes - Red - Lb.",1,3.5
1559,2026-07-24,"2026-07-15","Extra Credit - Each",26.64,1.06
1559,2026-07-24,"2026-07-15","Mini",1,53.2
557,2026-07-24,"2026-07-15","Eggs - BW - Dozen",1,6.5
557,2026-07-24,"2026-07-15","Mothership Pickup Time (1.0 @3:30-4) - @3:30-4",1,0
557,2026-07-24,"2026-07-15","Bacon - Each",1,13.5
557,2026-07-24,"2026-07-15","Tomatoes - Heirloom - Bag",1,8.5
557,2026-07-24,"2026-07-15","Extra Credit - Each",2,1.06
557,2026-07-24,"2026-07-15","FSA/FSD",1,79.79
986,2026-07-24,"2026-07-15","Eggs - BW - Dozen",1,6.5
986,2026-07-24,"2026-07-15","Mothership Pickup Time (4.0 @5-5:30) - @5-5:30",1,0
986,2026-07-24,"2026-07-15","Boneless Pork Chop - D&M /lb - Lb.",1,10.78
986,2026-07-24,"2026-07-15","Hand Pie: Chicken Curry - Bag",1,10.5
986,2026-07-24,"2026-07-15","Pork - Bratwurst  - Pack",1,8.5
986,2026-07-24,"2026-07-15","Extra Credit - Each",14.53,1.06
986,2026-07-24,"2026-07-15","Half",1,84.79
288,2026-07-24,"2026-07-15","Sugar Free - Strawberry Rhubarb - Pint",1,7.75
288,2026-07-24,"2026-07-15","Mothership Pickup Time (1.0 @3:30-4) - @3:30-4",1,0
288,2026-07-24,"2026-07-15","Chicken - Ground - Lb.",1,10.25
288,2026-07-24,"2026-07-15","Mushrooms (1.0 Shiitake) - Shiitake",1,8
288,2026-07-24,"2026-07-15","Extra Credit - Each",3,1.06
288,2026-07-24,"2026-07-15","Mini",1,53.2
1989,2026-07-24,"2026-07-15","Mothership Pickup Time (1.0 @3:30-4) - @3:30-4",1,0
1989,2026-07-24,"2026-07-15","RL Heavy Cream  - Pint",1,7.75
1989,2026-07-24,"2026-07-15","Pork - Bratwurst  - Pack",1,8.5
1989,2026-07-24,"2026-07-15","Semolina - Wednesday - Loaf",1,7
1989,2026-07-24,"2026-07-15","Extra Credit - Each",1.5,1.06
1989,2026-07-24,"2026-07-15","Half",1,84.79
1000,2026-07-24,"2026-07-15","Eggs - Dozen",1,6.5
1000,2026-07-24,"2026-07-15","Mushrooms - Choice",1,8
1000,2026-07-24,"2026-07-15","Pork - Breakfast Bulk ($8.50) - Pack",1,8.5
1000,2026-07-24,"2026-07-15","Mini",1,53.2
824,2026-07-24,"2026-07-15","Cucumbers - Pickling - Bag",1,3.5
824,2026-07-24,"2026-07-15","Beets - Golden - Lb.",1,5
824,2026-07-24,"2026-07-15","Chicken - Ground - Lb.",1,10.25
824,2026-07-24,"2026-07-15","Peppers - Banana - 4-pack",1,4.25
824,2026-07-24,"2026-07-15","Mini",1,53.2
397,2026-07-24,"2026-07-15","Mothership Pickup Time (6.0 @6-6:30) - @6-6:30",1,0
397,2026-07-24,"2026-07-15","Carrots no tops - Lb.",1,6
397,2026-07-24,"2026-07-15","Feta Cheese - HBC - Each",1,6.75
397,2026-07-24,"2026-07-15","Mushrooms - Choice",1,8
397,2026-07-24,"2026-07-15","Peanuts - Salted Redskin - Bag",1,7.5
397,2026-07-24,"2026-07-15","Pork - Breakfast Bulk ($8.50) - Pack",1,8.5
397,2026-07-24,"2026-07-15","Extra Credit - Each",13.75,1.06
397,2026-07-24,"2026-07-15","Mini",1,53.2
207,2026-07-24,"2026-07-15","Dark Chocolate Fudge Sauce  - Jar",1,16
207,2026-07-24,"2026-07-15","Mushrooms - Choice",1,8
207,2026-07-24,"2026-07-15","Extra Credit - Each",1,1.06
207,2026-07-24,"2026-07-15","Mini",1,53.2
100,2026-07-24,"2026-07-15","Mothership Pickup Time (3.0 @4:30-5) - @4:30-5",1,0
100,2026-07-24,"2026-07-15","Cantaloupe (1.0 Medium) - Medium",1,7
100,2026-07-24,"2026-07-15","Ground Beef - D&M - Lb.",1,10.5
100,2026-07-24,"2026-07-15","Milk Chocolate Bar - Pack",1,3
100,2026-07-24,"2026-07-15","Pork Breakfast Link D&M - Pack",1,8.5
100,2026-07-24,"2026-07-15","Extra Credit - Each",6,1.06
100,2026-07-24,"2026-07-15","Mini",1,53.2
178,2026-07-24,"2026-07-15","Cheese Choice $6.75 - Each",1,6.75
178,2026-07-24,"2026-07-15","Mustard - Choice",1,6.5
178,2026-07-24,"2026-07-15","Pork - Bratwurst  - Pack",1,8.5
178,2026-07-24,"2026-07-15","Half",1,68.89
98,2026-07-24,"2026-07-15","Chicken - BULK Breasts /lb. - Pack",1,40.43
98,2026-07-24,"2026-07-15","Jam - Blueberry HBY - Pint",1,7.75
98,2026-07-24,"2026-07-15","UCity Pickup Time (3.0 @5-5:30) - @5-5:30",1,0
98,2026-07-24,"2026-07-15","Blackberries - Pint",1,7
98,2026-07-24,"2026-07-15","Blueberries - Pint",1,7
98,2026-07-24,"2026-07-15","Cucumbers - Slicing - Each",2,2
98,2026-07-24,"2026-07-15","Fresh Herb - Basil - Bunch",1,3.5
98,2026-07-24,"2026-07-15","Golden Zucchini - Each",1,1.5
98,2026-07-24,"2026-07-15","Ravioli - 4-Cheese - Lb.",1,9.15
98,2026-07-24,"2026-07-15","Squash - Zucchini - Each",4,2.5
98,2026-07-24,"2026-07-15","Squash - Zucchini (1.0 Medium) - Medium",1,2
98,2026-07-24,"2026-07-15","Sweet Corn - 5-pack",1,3.25
98,2026-07-24,"2026-07-15","Tomatoes - Cherry Mix - Bag",1,6.75
98,2026-07-24,"2026-07-15","Extra Credit - Each",102.33,1.06
99,2026-07-24,"2026-07-15","Mothership Pickup Time (2.0 @4-4:30) - @4-4:30",1,0
99,2026-07-24,"2026-07-15","Cantaloupe (1.0 Medium) - Medium",1,7
99,2026-07-24,"2026-07-15","Chicken - Breakfast - Pack",1,10.5
99,2026-07-24,"2026-07-15","Chocolate Syrup  - Jar",1,13.5
99,2026-07-24,"2026-07-15","Honey - Pint - Jar",1,11.5
99,2026-07-24,"2026-07-15","Extra Credit - Each",16,1.06
77,2026-07-24,"2026-07-15","Peanut Butter MC - Tub",1,7.75
77,2026-07-24,"2026-07-15","Mothership Pickup Time (3.0 @4:30-5) - @4:30-5",1,0
77,2026-07-24,"2026-07-15","Cantaloupe (1.0 Medium) - Medium",1,7
77,2026-07-24,"2026-07-15","Pork Breakfast Patties D&M - Pack",1,8.5
77,2026-07-24,"2026-07-15","Extra Credit - Each",0.25,1.06
77,2026-07-24,"2026-07-15","Mini",1,53.2
637,2026-07-24,"2026-07-15","Mothership Pickup Time (1.0 @3:30-4) - @3:30-4",1,0
637,2026-07-24,"2026-07-15","Radishes - Mini Daikon - Bunch",1,4
637,2026-07-24,"2026-07-15","Skirt Steak/lbs. - Each",1,44.1
637,2026-07-24,"2026-07-15","Extra Credit - Each",26.35,1.06
637,2026-07-24,"2026-07-15","Half",1,84.79
351,2026-07-24,"2026-07-15","Mothership Pickup Time (1.0 @3:30-4) - @3:30-4",1,0
351,2026-07-24,"2026-07-15","Blueberries - Pint",1,7
351,2026-07-24,"2026-07-15","Eggs - Dozen",1,6.5
351,2026-07-24,"2026-07-15","Mushrooms (1.0 Shiitake) - Shiitake",1,8
351,2026-07-24,"2026-07-15","Peaches - Bag",1,7
351,2026-07-24,"2026-07-15","Semolina - Wednesday - Loaf",1,7
351,2026-07-24,"2026-07-15","Extra Credit - Each",13.75,1.06
351,2026-07-24,"2026-07-15","Half",1,84.79
401,2026-07-24,"2026-07-15","Watermelon - Seeded (1.0 Large) - Large",1,12
401,2026-07-24,"2026-07-15","Mothership Pickup Time (1.0 @3:30-4) - @3:30-4",1,0
401,2026-07-24,"2026-07-15","Cucumbers - Slicing - Each",2,2
401,2026-07-24,"2026-07-15","Eggs - Dozen",1,6.5
401,2026-07-24,"2026-07-15","Peppers - Banana - 4-pack",1,4.25
401,2026-07-24,"2026-07-15","Peppers - Carmen - 2-pack",1,3
401,2026-07-24,"2026-07-15","Peppers - Colored Bell - 3-pack",1,4
401,2026-07-24,"2026-07-15","Sweet Corn - 5-pack",1,3.25
401,2026-07-24,"2026-07-15","Tomatoes - Carolina Gold - Bag",2,6.75
401,2026-07-24,"2026-07-15","Tomatoes - Cherry Mix - Bag",2,6.75
401,2026-07-24,"2026-07-15","Tomatoes - Heirloom - Bag",1,8.5
401,2026-07-24,"2026-07-15","Tomatoes - Sungold - Pint",2,7
401,2026-07-24,"2026-07-15","Extra Credit - Each",63.5,1.06
401,2026-07-24,"2026-07-15","Mini",1,53.2
1923,2026-07-24,"2026-07-15","UCity Pickup Time (3.0 @5-5:30) - @5-5:30",1,0
1923,2026-07-24,"2026-07-15","Blackberries - Pint",1,7
1923,2026-07-24,"2026-07-15","Chicken - Links ($10.50) - Each",1,10.5
1923,2026-07-24,"2026-07-15","Dates Choice ($10) - Pack",1,10
1923,2026-07-24,"2026-07-15","Kairos Sourdough Choice $5 - Pack",1,5
1923,2026-07-24,"2026-07-15","Oat Porridge Bread - Wednesday - Loaf",1,9
1923,2026-07-24,"2026-07-15","Peaches - Bag",1,7
1923,2026-07-24,"2026-07-15","Peppers - Banana - 4-pack",1,4.25
1923,2026-07-24,"2026-07-15","Peppers - Carmen - 2-pack",1,3
1923,2026-07-24,"2026-07-15","Peppers - Jalapenos - 5-pack",1,3.5
1923,2026-07-24,"2026-07-15","Radishes - Mini Daikon - Bunch",1,4
1923,2026-07-24,"2026-07-15","Sweet Corn - 5-pack",1,3.25
1923,2026-07-24,"2026-07-15","Turnips - Japanese/White - Lb.",1,4.25
1923,2026-07-24,"2026-07-15","Extra Credit - Each",45.25,1.06
1923,2026-07-24,"2026-07-15","UCA/KWA",1,79.79
1498,2026-07-24,"2026-07-15","Blackberries - Pint",1,7
1498,2026-07-24,"2026-07-15","Cantaloupe (1.0 Medium) - Medium",1,7
1498,2026-07-24,"2026-07-15","Carrots no tops - Lb.",1,6
1498,2026-07-24,"2026-07-15","Sweet Corn - 5-pack",1,3.25
1498,2026-07-24,"2026-07-15","Extra Credit - Each",0.25,1.06
1498,2026-07-24,"2026-07-15","Mini",1,53.2
42,2026-07-24,"2026-07-15","UCity Pickup Time - @4:10-4:30",1,0
42,2026-07-24,"2026-07-15","Ground Beef - D&M - Lb.",4,10.5
42,2026-07-24,"2026-07-15","Sweet Corn - 5-pack",1,3.25
42,2026-07-24,"2026-07-15","Extra Credit - Each",19.75,1.06
42,2026-07-24,"2026-07-15","UCA/KWA",1,79.79
544,2026-07-24,"2026-07-15","Cheese Choice $6.75 - Each",1,6.75
544,2026-07-24,"2026-07-15","Mustard - Choice",1,6.5
544,2026-07-24,"2026-07-15","Pork - Bratwurst  - Pack",1,8.5
544,2026-07-24,"2026-07-15","Half",1,84.79
639,2026-07-24,"2026-07-15","UCity Pickup Time (3.0 @5-5:30) - @5-5:30",1,0
639,2026-07-24,"2026-07-15","Aged Cheddar - HBC - Each",1,6.75
639,2026-07-24,"2026-07-15","Mustard (1.0 Honey) - Honey",1,6.5
639,2026-07-24,"2026-07-15","Pork - Bratwurst  - Pack",1,8.5
639,2026-07-24,"2026-07-15","Half",1,84.79
1030,2026-07-24,"2026-07-15","Eggs - BW - Dozen",1,6.5
1030,2026-07-24,"2026-07-15","Blackberries - Pint",1,7
1030,2026-07-24,"2026-07-15","Cantaloupe (1.0 Medium) - Medium",1,7
1030,2026-07-24,"2026-07-15","Light and Mild - Wednesday - Loaf",1,8.25
1030,2026-07-24,"2026-07-15","Peaches - Bag",1,7
1030,2026-07-24,"2026-07-15","Ravioli - 4-Cheese - Lb.",1,9.15
1030,2026-07-24,"2026-07-15","Stringbean Ethiopian - Bag",1,16
1030,2026-07-24,"2026-07-15","Yogurt - Plain - Oz.",1,7.1
1030,2026-07-24,"2026-07-15","Extra Credit - Each",42.5,1.06
1030,2026-07-24,"2026-07-15","UCA/KWA",1,79.79
145,2026-07-24,"2026-07-15","Mothership Pickup Time (1.0 @3:30-4) - @3:30-4",1,0
145,2026-07-24,"2026-07-15","Eggplant - Globe - Each",2,3
145,2026-07-24,"2026-07-15","Oats - Rolled 5# - Bag",1,12.25
145,2026-07-24,"2026-07-15","Tomatoes - Sungold - Pint",1,7
145,2026-07-24,"2026-07-15","Extra Credit - Each",2.25,1.06
145,2026-07-24,"2026-07-15","Mini",1,53.2
317,2026-07-24,"2026-07-15","Chicken - Big Bag Deboned Thighs/lb. - Bag",2,42.08
317,2026-07-24,"2026-07-15","UCity Pickup Time - @4:10-4:30",1,0
317,2026-07-24,"2026-07-15","Blueberries - Pint",1,7
317,2026-07-24,"2026-07-15","Feta Cheese - HBC - Each",1,6.75
317,2026-07-24,"2026-07-15","Mustard (1.0 Garlic) - Garlic",1,6.5
317,2026-07-24,"2026-07-15","Peaches - Bag",1,7
317,2026-07-24,"2026-07-15","Pork - Bratwurst  - Pack",1,8.5
317,2026-07-24,"2026-07-15","Tomatoes - Sungold - Pint",1,7
317,2026-07-24,"2026-07-15","Extra Credit - Each",105.16,1.06
317,2026-07-24,"2026-07-15","Half",1,68.89
190,2026-07-24,"2026-07-15","Chicken - Big Bag Deboned Thighs/lb. - Bag",1,40.1
190,2026-07-24,"2026-07-15","Mothership Pickup Time (4.0 @5-5:30) - @5-5:30",1,0
190,2026-07-24,"2026-07-15","Hand Pie: Chicken Curry - Bag",1,10.5
190,2026-07-24,"2026-07-15","Louise's Original Granola - Bag",1,10
190,2026-07-24,"2026-07-15","Mushrooms - Choice",1,8
190,2026-07-24,"2026-07-15","Short Ribs/lbs. - lbs",1,31.57
190,2026-07-24,"2026-07-15","Extra Credit - Each",77.17,1.06
190,2026-07-24,"2026-07-15","Mini",1,53.2
125,2026-07-24,"2026-07-15","Cantaloupe (1.0 Medium) - Medium",1,7
125,2026-07-24,"2026-07-15","Chicken - Links ($10.50) - Each",1,10.5
125,2026-07-24,"2026-07-15","Cinnamon Rolls - Frozen - Pack",1,6.75
125,2026-07-24,"2026-07-15","Jam - Peach HBY - Jar",1,7.75
125,2026-07-24,"2026-07-15","Extra Credit - Each",6.5,1.06
125,2026-07-24,"2026-07-15","UCA/KWA",1,79.79
1336,2026-07-24,"2026-07-15","UCity Pickup Time (3.0 @5-5:30) - @5-5:30",1,0
1336,2026-07-24,"2026-07-15","$ for green bags donation - $",1,1
1336,2026-07-24,"2026-07-15","Bagels - Everything - BU - Bag",1,11.25
1336,2026-07-24,"2026-07-15","Blueberries - Pint",1,7
1336,2026-07-24,"2026-07-15","Chicken - Ground - Lb.",1,10.25
1336,2026-07-24,"2026-07-15","Hoagie - Wednesday - Each",1,3.5
1336,2026-07-24,"2026-07-15","Onions - Mix - Pint",1,3
1336,2026-07-24,"2026-07-15","Onions - Yellow - lbs",1,4.5
1336,2026-07-24,"2026-07-15","Peppers - Banana - 4-pack",1,4.25
1336,2026-07-24,"2026-07-15","Peppers - Jalapenos - 5-pack",1,3.5
1336,2026-07-24,"2026-07-15","Potatoes - New - Bag",2,5.75
1336,2026-07-24,"2026-07-15","Queso Quesadilla - HBC - Each",1,6.75
1336,2026-07-24,"2026-07-15","Sourdough Bread - Frozen - Lb.",2,6.75
1336,2026-07-24,"2026-07-15","Squash - Summer - Each",1,2
1336,2026-07-24,"2026-07-15","Tomatoes - Cherry Mix - Bag",1,6.75
1336,2026-07-24,"2026-07-15","Tomatoes - Sungold - Pint",1,7
1336,2026-07-24,"2026-07-15","Extra Credit - Each",95.75,1.06
186,2026-07-24,"2026-07-15","Mothership Pickup Time - @6:30-7",1,0
186,2026-07-24,"2026-07-15","Eggs - Dozen",1,6.5
186,2026-07-24,"2026-07-15","Mushrooms - Choice",1,8
186,2026-07-24,"2026-07-15","Pork - Breakfast Bulk ($8.50) - Pack",1,8.5
186,2026-07-24,"2026-07-15","Mini",1,53.2
235,2026-07-24,"2026-07-15","Yogurt - Greek Plain - Oz.",1,7.1
235,2026-07-24,"2026-07-15","Pizza - Cheese  - Each",1,7.5
235,2026-07-24,"2026-07-15","Cantaloupe (1.0 Medium) - Medium",1,7
235,2026-07-24,"2026-07-15","Light and Mild - Wednesday - Loaf",1,8.25
235,2026-07-24,"2026-07-15","Extra Credit - Each",6.85,1.06
235,2026-07-24,"2026-07-15","Mini",1,53.2
356,2026-07-24,"2026-07-15","UCity Pickup Time (3.0 @5-5:30) - @5-5:30",1,0
356,2026-07-24,"2026-07-15","English Muffin Sourdough - Frozen - Pack",1,5
356,2026-07-24,"2026-07-15","Flank Steak/lbs. - lbs",1,65.1
356,2026-07-24,"2026-07-15","Extra Credit - Each",47.1,1.06
356,2026-07-24,"2026-07-15","Mini",1,53.2
1107,2026-07-24,"2026-07-15","UCity Pickup Time (3.0 @5-5:30) - @5-5:30",1,0
1107,2026-07-24,"2026-07-15","Chicken Links - Andouille  - Lb.",1,10.5
1107,2026-07-24,"2026-07-15","Eggplant - Globe - Each",1,3
1107,2026-07-24,"2026-07-15","Eggs - Dozen",1,6.5
1107,2026-07-24,"2026-07-15","Half",1,68.89
520,2026-07-24,"2026-07-15","UCity Pickup Time - @4:10-4:30",1,0
520,2026-07-24,"2026-07-15","Cantaloupe (1.0 Medium) - Medium",1,7
520,2026-07-24,"2026-07-15","Eggplant - Globe - Each",1,3
520,2026-07-24,"2026-07-15","Kale - Green Curly - Bag",1,5
520,2026-07-24,"2026-07-15","Peppers - Carmen - 2-pack",1,3
520,2026-07-24,"2026-07-15","Peppers - Jimmy Nardello - Bag",1,3
520,2026-07-24,"2026-07-15","Sweet Corn - 5-pack",1,3.25
520,2026-07-24,"2026-07-15","Extra Credit - Each",1.25,1.06
520,2026-07-24,"2026-07-15","Mini",1,53.2
520,2026-07-24,"2026-07-15","Whole MILK",1,8.85
709,2026-07-24,"2026-07-15","Half & Half - Pint",1,4.75
709,2026-07-24,"2026-07-15","Mothership Pickup Time (1.0 @3:30-4) - @3:30-4",1,0
709,2026-07-24,"2026-07-15","Apple Sauce - Chunky - NS - Quart",1,7.75
709,2026-07-24,"2026-07-15","Chicken Thighs - Boneless/lb. - lbs",2,12.34
709,2026-07-24,"2026-07-15","Eggs - Dozen",2,6.5
709,2026-07-24,"2026-07-15","Ground Beef - D&M - Lb.",1,10.5
709,2026-07-24,"2026-07-15","Onions - Yellow - lbs",1,4.5
709,2026-07-24,"2026-07-15","Pork - Ground  - Lb.",1,7.5
709,2026-07-24,"2026-07-15","Tomatoes - Heirloom - Bag",1,8.5
709,2026-07-24,"2026-07-15","Extra Credit - Each",54.68,1.06
709,2026-07-24,"2026-07-15","FSA/FSD",1,79.79
709,2026-07-24,"2026-07-15","Whole MILK",1,8.85
763,2026-07-24,"2026-07-15","Clean Plate Pantry Choice ($11.5) - Jar",1,11.5
763,2026-07-24,"2026-07-15","Pork - Ground  - Lb.",1,7.5
763,2026-07-24,"2026-07-15","Rice - Basmati Choice - Bag",1,7.5
763,2026-07-24,"2026-07-15","FSA/FSD",1,79.79
598,2026-07-24,"2026-07-15","Eggs - Dozen",1,6.5
598,2026-07-24,"2026-07-15","Mushrooms - Choice",1,8
598,2026-07-24,"2026-07-15","Pork - Breakfast Bulk ($8.50) - Pack",1,8.5
598,2026-07-24,"2026-07-15","Mini",1,53.2
423,2026-07-24,"2026-07-15","Mothership Pickup Time (6.0 @6-6:30) - @6-6:30",1,0
423,2026-07-24,"2026-07-15","Blackberries - Pint",1,7
423,2026-07-24,"2026-07-15","Hoagie - Wednesday - Each",1,3.5
423,2026-07-24,"2026-07-15","Onions - Yellow - lbs",1,4.5
423,2026-07-24,"2026-07-15","Rice - Basmati Choice - Bag",1,7.5
423,2026-07-24,"2026-07-15","Sweet Corn - 5-pack",1,3.25
423,2026-07-24,"2026-07-15","Tomatoes - Heirloom - Bag",1,8.5
423,2026-07-24,"2026-07-15","Yogurt - Vanilla - Oz.",1,7.1
423,2026-07-24,"2026-07-15","Extra Credit - Each",14.85,1.06
423,2026-07-24,"2026-07-15","FSA/FSD",1,79.79
1602,2026-07-24,"2026-07-15","Peanut Butter MC - Tub",1,7.75
1602,2026-07-24,"2026-07-15","Mothership Pickup Time (5.0 @5:30-6) - @5:30-6",1,0
1602,2026-07-24,"2026-07-15","Applewood Smoked Cheddar - Each",1,6.5
1602,2026-07-24,"2026-07-15","Eggs - Dozen",1,6.5
1602,2026-07-24,"2026-07-15","Pork Breakfast Link D&M - Pack",1,8.5
1602,2026-07-24,"2026-07-15","Extra Credit - Each",7.5,1.06
1602,2026-07-24,"2026-07-15","Half",1,84.79
249,2026-07-24,"2026-07-15","Eggs - BW - Dozen",1,6.5
249,2026-07-24,"2026-07-15","Jam - Red Raspberry HBY - Pint",1,7.75
249,2026-07-24,"2026-07-15","Mothership Pickup Time (1.0 @3:30-4) - @3:30-4",1,0
249,2026-07-24,"2026-07-15","Aged Cheddar - HBC - Each",1,6.75
249,2026-07-24,"2026-07-15","Pork - Bratwurst  - Pack",1,8.5
249,2026-07-24,"2026-07-15","Extra Credit - Each",7.75,1.06
249,2026-07-24,"2026-07-15","Half",1,84.79
814,2026-07-24,"2026-07-15","UCity Pickup Time - @4:10-4:30",1,0
814,2026-07-24,"2026-07-15","Eggs - Dozen",1,6.5
814,2026-07-24,"2026-07-15","Mustard - Choice",1,6.5
814,2026-07-24,"2026-07-15","Peaches - Bag",1,7
814,2026-07-24,"2026-07-15","Pork - Bratwurst  - Pack",1,8.5
814,2026-07-24,"2026-07-15","Extra Credit - Each",1.75,1.06
814,2026-07-24,"2026-07-15","Half",1,68.89
814,2026-07-24,"2026-07-15","Creamline MILK-e",1,8.85
814,2026-07-24,"2026-07-15","Whole MILK-e",1,8.85
1627,2026-07-24,"2026-07-15","Mothership Pickup Time (1.0 @3:30-4) - @3:30-4",1,0
1627,2026-07-24,"2026-07-15","Cantaloupe (1.0 Medium) - Medium",1,7
1627,2026-07-24,"2026-07-15","Eggs - Dozen",1,6.5
1627,2026-07-24,"2026-07-15","Granola Bar - Each",1,3.8
1627,2026-07-24,"2026-07-15","Pork - Ground  - Lb.",1,7.5
1627,2026-07-24,"2026-07-15","Rice - Basmati Choice - Bag",1,7.5
1627,2026-07-24,"2026-07-15","Extra Credit - Each",5.8,1.06
1627,2026-07-24,"2026-07-15","FSA/FSD",1,79.79
322,2026-07-24,"2026-07-15","Chicken Links - Sundried Tomato - lbs",1,10.5
322,2026-07-24,"2026-07-15","Dates Choice ($10) - Pack",1,10
322,2026-07-24,"2026-07-15","English Muffin Sourdough - Frozen - Pack",1,5
322,2026-07-24,"2026-07-15","UCA/KWA",1,79.79
322,2026-07-24,"2026-07-15","2% MILK-e",1,8.85
132,2026-07-24,"2026-07-15","Mothership Pickup Time (2.0 @4-4:30) - @4-4:30",1,0
132,2026-07-24,"2026-07-15","Applewood Smoked Cheddar - Each",1,6.5
132,2026-07-24,"2026-07-15","Mustard (1.0 Honey) - Honey",1,6.5
132,2026-07-24,"2026-07-15","Pork - Bratwurst  - Pack",1,8.5
132,2026-07-24,"2026-07-15","Sourdough Bread - Frozen - Lb.",1,6.75
132,2026-07-24,"2026-07-15","Extra Credit - Each",6.5,1.06
132,2026-07-24,"2026-07-15","Half",1,84.79
681,2026-07-24,"2026-07-15","Chicken - Links ($10.50) - Each",1,10.5
681,2026-07-24,"2026-07-15","Dates Choice ($10) - Pack",1,10
681,2026-07-24,"2026-07-15","Kairos Sourdough Choice $5 - Pack",1,5
681,2026-07-24,"2026-07-15","UCA/KWA",1,79.79
960,2026-07-24,"2026-07-15","Chevre PF (1.0 Plain) - Plain",1,8.5
960,2026-07-24,"2026-07-15","English Muffin Sourdough - Frozen - Pack",1,5
960,2026-07-24,"2026-07-15","Feta Cheese - HBC - Each",1,6.75
960,2026-07-24,"2026-07-15","Peaches - Bag",1,7
960,2026-07-24,"2026-07-15","Pork - Bratwurst  - Pack",1,8.5
960,2026-07-24,"2026-07-15","Pretzel - UL Wednesday - Each",1,3.75
960,2026-07-24,"2026-07-15","Extra Credit - Each",17.75,1.06
960,2026-07-24,"2026-07-15","Half",1,84.79
1048,2026-07-24,"2026-07-15","UCity Pickup Time - @4:10-4:30",1,0
1048,2026-07-24,"2026-07-15","Chicken - Thighs /lbs  - lbs",2,7.68
1048,2026-07-24,"2026-07-15","Pork - Ground  - Lb.",2,7.5
1048,2026-07-24,"2026-07-15","Extra Credit - Each",4.86,1.06
1048,2026-07-24,"2026-07-15","UCA/KWA",1,79.79
1255,2026-07-24,"2026-07-15","Mothership Pickup Time (3.0 @4:30-5) - @4:30-5",1,0
1255,2026-07-24,"2026-07-15","Blackberries - Pint",1,7
1255,2026-07-24,"2026-07-15","Dark Chocolate Almond Bar - Pack",1,4.95
1255,2026-07-24,"2026-07-15","Dark Chocolate Salted Bark - Pack",1,7.5
1255,2026-07-24,"2026-07-15","Eggs - Dozen",1,6.5
1255,2026-07-24,"2026-07-15","Mushrooms - Choice",1,8
1255,2026-07-24,"2026-07-15","Shoots - Specialty Mix - Bag",1,4.5
1255,2026-07-24,"2026-07-15","Tomatoes - Cherry Mix - Bag",1,6.75
1255,2026-07-24,"2026-07-15","Extra Credit - Each",22.2,1.06
1255,2026-07-24,"2026-07-15","Mini",1,53.2
1255,2026-07-24,"2026-07-15","2% MILK",1,8.85
1255,2026-07-24,"2026-07-15","Half & Half",1,5.05
620,2026-07-24,"2026-07-15","Blackberries - Pint",1,7
620,2026-07-24,"2026-07-15","Blueberries - Pint",1,7
620,2026-07-24,"2026-07-15","Cantaloupe (1.0 Medium) - Medium",1,7
620,2026-07-24,"2026-07-15","Peppers - Jalapenos - 5-pack",1,3.5
620,2026-07-24,"2026-07-15","Semolina - Wednesday - Loaf",1,7
620,2026-07-24,"2026-07-15","Sweet Corn - 5-pack",1,3.25
620,2026-07-24,"2026-07-15","Watermelon - Seedless (1.0 Large) - Large",1,12
620,2026-07-24,"2026-07-15","Extra Credit - Each",25,1.06
620,2026-07-24,"2026-07-15","Half",1,84.79
1162,2026-07-24,"2026-07-15","Mothership Pickup Time (1.0 @3:30-4) - @3:30-4",1,0
1162,2026-07-24,"2026-07-15","Beans - Green - Bag",1,4.25
1162,2026-07-24,"2026-07-15","Eggs - Dozen",1,6.5
1162,2026-07-24,"2026-07-15","Mushrooms (1.0 Lion's Mane) - Lion's Mane",1,8
1162,2026-07-24,"2026-07-15","Peppers - Shishitos - Bag",1,5
1162,2026-07-24,"2026-07-15","Extra Credit - Each",0.75,1.06
1162,2026-07-24,"2026-07-15","Mini",1,53.2
1735,2026-07-24,"2026-07-15","UCity Pickup Time (2.0 @4:30-5) - @4:30-5",1,0
1735,2026-07-24,"2026-07-15","Aged Cheddar - HBC - Each",1,6.75
1735,2026-07-24,"2026-07-15","Bagels - Egg - BU - Bag",1,11.25
1735,2026-07-24,"2026-07-15","Cantaloupe (1.0 Medium) - Medium",1,7
1735,2026-07-24,"2026-07-15","Peaches - Bag",1,7
1735,2026-07-24,"2026-07-15","Extra Credit - Each",6.5,1.06
1735,2026-07-24,"2026-07-15","UCA/KWA",1,79.79
627,2026-07-24,"2026-07-15","UCity Pickup Time - @4:10-4:30",1,0
627,2026-07-24,"2026-07-15","Golden Zucchini - Each",2,1.5
627,2026-07-24,"2026-07-15","Mushrooms (1.0 Shiitake) - Shiitake",1,8
627,2026-07-24,"2026-07-15","Watermelon - Seedless (1.0 Large) - Large",1,12
627,2026-07-24,"2026-07-15","Mini",1,53.2
1014,2026-07-24,"2026-07-15","UCity Pickup Time - @4:10-4:30",1,0
1014,2026-07-24,"2026-07-15","Aged Cheddar - HBC - Each",1,6.75
1014,2026-07-24,"2026-07-15","Cantaloupe (1.0 Medium) - Medium",1,7
1014,2026-07-24,"2026-07-15","Eggs - Dozen",1,6.5
1014,2026-07-24,"2026-07-15","Peppers - Jalapenos - 5-pack",1,3.5
1014,2026-07-24,"2026-07-15","Salmon - Fillet Pieces/LB* - Each",3,8.79
1014,2026-07-24,"2026-07-15","Extra Credit - Each",27.12,1.06
1014,2026-07-24,"2026-07-15","Mini",1,53.2
1014,2026-07-24,"2026-07-15","Eggs - Buttonwood",1,6.65
1427,2026-07-24,"2026-07-15","Mothership Pickup Time (1.0 @3:30-4) - @3:30-4",1,0
1427,2026-07-24,"2026-07-15","Blackberries - Pint",1,7
1427,2026-07-24,"2026-07-15","Blueberries - Pint",1,7
1427,2026-07-24,"2026-07-15","Cantaloupe (1.0 Medium) - Medium",1,7
1427,2026-07-24,"2026-07-15","Hoagie - Wednesday - Each",1,3.5
1427,2026-07-24,"2026-07-15","Onions - Yellow - lbs",1,4.5
1427,2026-07-24,"2026-07-15","Peaches - Bag",1,7
1427,2026-07-24,"2026-07-15","Tomatoes - Heirloom - Bag",1,8.5
1427,2026-07-24,"2026-07-15","Tomatoes - Slicing - Bag",1,6.5
1427,2026-07-24,"2026-07-15","Tomatoes - Sungold - Pint",1,7
1427,2026-07-24,"2026-07-15","Extra Credit - Each",35,1.06
225,2026-07-24,"2026-07-15","UCity Pickup Time - @4:10-4:30",1,0
225,2026-07-24,"2026-07-15","Bagels - Honey Buckwheat - BU - Bag",1,11.25
225,2026-07-24,"2026-07-15","Blackberries - Pint",1,7
225,2026-07-24,"2026-07-15","Blueberries - Pint",1,7
225,2026-07-24,"2026-07-15","Peaches - Bag",1,7
225,2026-07-24,"2026-07-15","Tomatoes - Cherry Mix - Bag",1,6.75
225,2026-07-24,"2026-07-15","Extra Credit - Each",34,1.06
225,2026-07-24,"2026-07-15","(BYO) UCG - Orders Only",1,0
225,2026-07-24,"2026-07-15","Cream pint",1,5.32
225,2026-07-24,"2026-07-15","Eggs - Buttonwood",1,6.92
225,2026-07-24,"2026-07-15","Plain yogurt",1,7.55
225,2026-07-24,"2026-07-15","Whole MILK-e",1,8.85
384,2026-07-24,"2026-07-15","UCity Pickup Time (3.0 @5-5:30) - @5-5:30",1,0
384,2026-07-24,"2026-07-15","Blueberries - Pint",2,7
384,2026-07-24,"2026-07-15","Carrots no tops - Lb.",1,6
384,2026-07-24,"2026-07-15","Curds Garlic Herb HBC 10 oz  - Bag",1,6.75
384,2026-07-24,"2026-07-15","FF Dip - Street Corn - Tub",1,8.75
384,2026-07-24,"2026-07-15","Feta Cheese - HBC - Each",1,6.75
384,2026-07-24,"2026-07-15","Yogurt - Plain - Oz.",1,7.1
384,2026-07-24,"2026-07-15","Extra Credit - Each",27.6,1.06
384,2026-07-24,"2026-07-15","Half",1,68.89
384,2026-07-24,"2026-07-15","2% MILK-e",1,8.85
554,2026-07-24,"2026-07-15","Eggs - Dozen",1,6.5
554,2026-07-24,"2026-07-15","Mushrooms - Choice",1,8
554,2026-07-24,"2026-07-15","Pork - Breakfast Bulk ($8.50) - Pack",1,8.5
554,2026-07-24,"2026-07-15","Mini",1,53.2
240,2026-07-24,"2026-07-15","Mothership Pickup Time (3.0 @4:30-5) - @4:30-5",1,0
240,2026-07-24,"2026-07-15","Chicken Breasts /lb. - Pack",1,11.39
240,2026-07-24,"2026-07-15","Honey - Pint - Jar",1,11.5
240,2026-07-24,"2026-07-15","Peaches - Bag",1,7
240,2026-07-24,"2026-07-15","Extra Credit - Each",3.39,1.06
240,2026-07-24,"2026-07-15","FSA/FSD",1,79.79
751,2026-07-24,"2026-07-15","Mothership Pickup Time (5.0 @5:30-6) - @5:30-6",1,0
751,2026-07-24,"2026-07-15","Curry Sauce (1.0 Red) - Red",1,11.5
751,2026-07-24,"2026-07-15","Peaches - Bag",1,7
751,2026-07-24,"2026-07-15","Rice - Basmati White - Lb.",1,7.5
751,2026-07-24,"2026-07-15","FSA/FSD",1,79.79
952,2026-07-24,"2026-07-15","Clean Plate Pantry Choice ($11.5) - Jar",1,11.5
952,2026-07-24,"2026-07-15","Pork - Ground  - Lb.",1,7.5
952,2026-07-24,"2026-07-15","Rice - Basmati Choice - Bag",1,7.5
952,2026-07-24,"2026-07-15","FSA/FSD",1,79.79
107,2026-07-24,"2026-07-15","UCity Pickup Time - @4:10-4:30",1,0
107,2026-07-24,"2026-07-15","Cooler Donation - $",5,1
107,2026-07-24,"2026-07-15","Beans - Green - Bag",1,4.25
107,2026-07-24,"2026-07-15","Janie's Bread - Wednesday - Each",1,7
107,2026-07-24,"2026-07-15","Louise's Original Granola - Bag",1,10
107,2026-07-24,"2026-07-15","Extra Credit - Each",3.25,1.06
107,2026-07-24,"2026-07-15","Mini",1,53.2
227,2026-07-24,"2026-07-15","Watermelon - Seeded (1.0 Large) - Large",1,12
227,2026-07-24,"2026-07-15","UCity Pickup Time (3.0 @5-5:30) - @5-5:30",1,0
227,2026-07-24,"2026-07-15","Buttermilk Waffles Sourdough - Frozen - Pack",1,5
227,2026-07-24,"2026-07-15","Cantaloupe (1.0 Medium) - Medium",1,7
227,2026-07-24,"2026-07-15","Curds Applewood Smoked 10 oz - Bag",1,6.75
227,2026-07-24,"2026-07-15","Curds Jalapeno Habanero 10 oz - Bag",1,6.75
227,2026-07-24,"2026-07-15","Peppers - Jalapenos - 5-pack",1,3.5
227,2026-07-24,"2026-07-15","Extra Credit - Each",15.5,1.06
227,2026-07-24,"2026-07-15","UCA/KWA",1,79.79
1689,2026-07-24,"2026-07-15","Cucumbers - Pickling - Bag",1,3.5
1689,2026-07-24,"2026-07-15","UCity Pickup Time (2.0 @4:30-5) - @4:30-5",1,0
1689,2026-07-24,"2026-07-15","Blackberries - Pint",1,7
1689,2026-07-24,"2026-07-15","Cabbage - Green - Head",1,4.5
1689,2026-07-24,"2026-07-15","Eggplant - Globe - Each",1,3
1689,2026-07-24,"2026-07-15","Eggs - Dozen",1,6.5
1689,2026-07-24,"2026-07-15","Granola Bar - Each",2,3.8
1689,2026-07-24,"2026-07-15","Onions - Yellow - lbs",1,4.5
1689,2026-07-24,"2026-07-15","Peaches - Bag",1,7
1689,2026-07-24,"2026-07-15","Peppers - Carmen - 2-pack",1,3
1689,2026-07-24,"2026-07-15","Swiss Chard - Bunch",1,6
1689,2026-07-24,"2026-07-15","Tomatoes - Carolina Gold - Bag",1,6.75
1689,2026-07-24,"2026-07-15","Tomatoes - Cherry Mix - Bag",2,6.75
1689,2026-07-24,"2026-07-15","Extra Credit - Each",49.85,1.06
1689,2026-07-24,"2026-07-15","Mini",1,53.2
418,2026-07-24,"2026-07-15","UCity Pickup Time (2.0 @4:30-5) - @4:30-5",1,0
418,2026-07-24,"2026-07-15","Applewood Smoked Cheddar - Each",1,6.5
418,2026-07-24,"2026-07-15","Bagels - Sesame Seed - BU - Bag",1,11.25
418,2026-07-24,"2026-07-15","Eggs - Dozen",1,6.5
418,2026-07-24,"2026-07-15","Janie's Bread - Wednesday - Each",1,7
418,2026-07-24,"2026-07-15","Pretzel - UL Wednesday - Each",1,3.75
418,2026-07-24,"2026-07-15","Extra Credit - Each",12,1.06
418,2026-07-24,"2026-07-15","Mini",1,53.2
1105,2026-07-24,"2026-07-15","Cucumbers - Pickling - Bag",2,3.5
1105,2026-07-24,"2026-07-15","UCity Pickup Time - @4:10-4:30",1,0
1105,2026-07-24,"2026-07-15","Blueberries - Pint",1,7
1105,2026-07-24,"2026-07-15","Carrots w/tops - Bunch",1,5.25
1105,2026-07-24,"2026-07-15","Golden Zucchini - Each",1,1.5
1105,2026-07-24,"2026-07-15","Peppers - Shishitos - Bag",1,5
1105,2026-07-24,"2026-07-15","Extra Credit - Each",4,1.06
1105,2026-07-24,"2026-07-15","Half",1,68.89
1506,2026-07-24,"2026-07-15","Almond Butter - Pint",1,11.25
1506,2026-07-24,"2026-07-15","UCity Pickup Time (3.0 @5-5:30) - @5-5:30",1,0
1506,2026-07-24,"2026-07-15","Aged Cheddar - HBC - Each",1,6.75
1506,2026-07-24,"2026-07-15","Eggs - Dozen",1,6.5
1506,2026-07-24,"2026-07-15","Ground Beef - D&M - Lb.",2,10.5
1506,2026-07-24,"2026-07-15","Extra Credit - Each",5.25,1.06
1506,2026-07-24,"2026-07-15","UCA/KWA",1,79.79
1505,2026-07-24,"2026-07-15","Chicken - Big Bag Deboned Thighs/lb. - Bag",1,41.58
1505,2026-07-24,"2026-07-15","Mothership Pickup Time (4.0 @5-5:30) - @5-5:30",1,0
1505,2026-07-24,"2026-07-15","Bagels - Blueberry - BU - Bag",1,11.25
1505,2026-07-24,"2026-07-15","Hoagie - Wednesday - Each",1,3.5
1505,2026-07-24,"2026-07-15","Potato Chips Original - Med - Oz.",1,3
1505,2026-07-24,"2026-07-15","Semolina - Wednesday - Loaf",1,7
1505,2026-07-24,"2026-07-15","Sweet Corn - 5-pack",1,3.25
1505,2026-07-24,"2026-07-15","Extra Credit - Each",47.83,1.06
1505,2026-07-24,"2026-07-15","Half",1,84.79
883,2026-07-24,"2026-07-15","Mothership Pickup Time (6.0 @6-6:30) - @6-6:30",1,0
883,2026-07-24,"2026-07-15","Chicken Breasts /lb. - Pack",1,8.5
883,2026-07-24,"2026-07-15","Eggs - Dozen",1,6.5
883,2026-07-24,"2026-07-15","Peaches - Bag",1,7
883,2026-07-24,"2026-07-15","Pork - Breakfast Bulk ($8.50) - Pack",1,8.5
883,2026-07-24,"2026-07-15","Extra Credit - Each",7.5,1.06
883,2026-07-24,"2026-07-15","Mini",1,53.2
712,2026-07-24,"2026-07-15","Yogurt - Greek Plain - Oz.",1,7.1
712,2026-07-24,"2026-07-15","Mothership Pickup Time (1.0 @3:30-4) - @3:30-4",1,0
712,2026-07-24,"2026-07-15","Cooler Donation - $",1,1
712,2026-07-24,"2026-07-15","Food for Ferals Donation - $",1,1
712,2026-07-24,"2026-07-15","Bagel Chips - Bag",1,9.75
712,2026-07-24,"2026-07-15","Blackberries - Pint",1,7
712,2026-07-24,"2026-07-15","Blueberries - Pint",1,7
712,2026-07-24,"2026-07-15","Cheese Choice $6.75 - Each",1,6.75
712,2026-07-24,"2026-07-15","Eggs - Dozen",2,6.5
712,2026-07-24,"2026-07-15","Mustard - Choice",1,6.5
712,2026-07-24,"2026-07-15","Peaches - Bag",2,7
712,2026-07-24,"2026-07-15","Peppers - Shishitos - Bag",1,5
712,2026-07-24,"2026-07-15","Pork - Bratwurst  - Pack",1,8.5
712,2026-07-24,"2026-07-15","Pork - Tenderloin/lb - Wee - Lb.",1,9.31
712,2026-07-24,"2026-07-15","Round Steak/lbs. - lbs",1,12.41
712,2026-07-24,"2026-07-15","Sesame Hoagie -W - Each",1,3.8
712,2026-07-24,"2026-07-15","Skirt Steak/lbs. - Each",1,49.98
712,2026-07-24,"2026-07-15","Squash - Summer - Each",3,2
712,2026-07-24,"2026-07-15","Squash - Zucchini (1.0 Medium) - Medium",1,2
712,2026-07-24,"2026-07-15","Strip Steak /lb - Pack",2,12.87
712,2026-07-24,"2026-07-15","Sweet Corn - 5-pack",3,3.25
712,2026-07-24,"2026-07-15","Watermelon - Seedless (1.0 Large) - Large",1,12
712,2026-07-24,"2026-07-15","Extra Credit - Each",195.84,1.06
712,2026-07-24,"2026-07-15","Half",1,84.79
756,2026-07-24,"2026-07-16","Cheese Choice $6.75 - Each",1,6.75
756,2026-07-24,"2026-07-16","Mustard - Choice",1,6.5
756,2026-07-24,"2026-07-16","Pork - Bratwurst  - Pack",1,8.5
756,2026-07-24,"2026-07-16","Half",1,84.79
1217,2026-07-24,"2026-07-16","Kirkwood Pickup Time (2.0 @1:30-2) - @1:30-2",1,0
1217,2026-07-24,"2026-07-16","Eggs - Dozen",1,6.5
1217,2026-07-24,"2026-07-16","Pork Breakfast Link D&M - Pack",1,8.5
1217,2026-07-24,"2026-07-16","Pork Snack Sticks - 5 pk - Plain",1,10.3
1217,2026-07-24,"2026-07-16","Extra Credit - Each",2.3,1.06
1217,2026-07-24,"2026-07-16","Mini",1,53.2
1891,2026-07-24,"2026-07-16","Kirkwood Pickup Time (2.0 @1:30-2) - @1:30-2",1,0
1891,2026-07-24,"2026-07-16","Mushrooms (1.0 Oyster) - Oyster",1,8
1891,2026-07-24,"2026-07-16","Mushrooms (1.0 Shiitake) - Shiitake",1,8
1891,2026-07-24,"2026-07-16","Onions - Yellow - lbs",1,4.5
1891,2026-07-24,"2026-07-16","Peppers - Shishitos - Bag",1,5
1891,2026-07-24,"2026-07-16","UCA/KWA",1,79.79
1196,2026-07-24,"2026-07-16","Bagels - Pumpernickel - BU - Bag",1,11.25
1196,2026-07-24,"2026-07-16","Blackberries - Pint",1,7
1196,2026-07-24,"2026-07-16","Cantaloupe (1.0 Medium) - Medium",1,7
1196,2026-07-24,"2026-07-16","Eggs - Dozen",1,6.5
1196,2026-07-24,"2026-07-16","Onions - Yellow - lbs",1,4.5
1196,2026-07-24,"2026-07-16","Sweet Corn - 5-pack",1,3.25
1196,2026-07-24,"2026-07-16","Extra Credit - Each",16.5,1.06
1196,2026-07-24,"2026-07-16","Mini",1,53.2
192,2026-07-24,"2026-07-16","Kirkwood Pickup Time (2.0 @1:30-2) - @1:30-2",1,0
192,2026-07-24,"2026-07-16","Cantaloupe (1.0 Medium) - Medium",1,7
192,2026-07-24,"2026-07-16","Eggs - Dozen",1,6.5
192,2026-07-24,"2026-07-16","Hoagie - T - Each",1,3.5
192,2026-07-24,"2026-07-16","Pork - Breakfast Bulk ($8.50) - Pack",1,8.5
192,2026-07-24,"2026-07-16","Tomatoes - Heirloom - Bag",1,8.5
192,2026-07-24,"2026-07-16","Extra Credit - Each",6,1.06
192,2026-07-24,"2026-07-16","Mini",1,53.2
192,2026-07-24,"2026-07-16","2% MILK",1,8.85
700,2026-07-24,"2026-07-16","Pizza - Cheese  - Each",1,7.5
700,2026-07-24,"2026-07-16","Pizza - Deluxe - Each",1,8.5
700,2026-07-24,"2026-07-16","Curds Applewood Smoked 10 oz - Bag",1,6.75
700,2026-07-24,"2026-07-16","Pork - Bratwurst  - Pack",1,8.5
700,2026-07-24,"2026-07-16","Extra Credit - Each",9.5,1.06
700,2026-07-24,"2026-07-16","Half",1,84.79
700,2026-07-24,"2026-07-16","Whole MILK-e",2,8.85
1488,2026-07-24,"2026-07-16","Peanuts - Salted Blanched - Oz.",1,7.5
1488,2026-07-24,"2026-07-16","Kirkwood Pickup Time - @1-1:30",1,0
1488,2026-07-24,"2026-07-16","Chicken Thighs - Big Bag/lb. - Pack",1,5.75
1488,2026-07-24,"2026-07-16","Kairos Sourdough Choice $5 - Pack",1,5
1488,2026-07-24,"2026-07-16","Rice - White - Lb.",1,6.5
1488,2026-07-24,"2026-07-16","Tomatoes - Sungold - Pint",1,7
1488,2026-07-24,"2026-07-16","Extra Credit - Each",6.25,1.06
1488,2026-07-24,"2026-07-16","UCA/KWA",1,79.79
1488,2026-07-24,"2026-07-16","2% MILK",1,8.85
287,2026-07-24,"2026-07-16","Watermelon - Seeded (1.0 Large) - Large",1,12
287,2026-07-24,"2026-07-16","Mothership Pickup Time (1.0 @3:30-4) - @3:30-4",1,0
287,2026-07-24,"2026-07-16","Cantaloupe (1.0 Medium) - Medium",1,7
287,2026-07-24,"2026-07-16","Semolina - T - Loaf",1,7
287,2026-07-24,"2026-07-16","FSA/FSD",1,79.79
1970,2026-07-24,"2026-07-16","Kirkwood Pickup Time - @1-1:30",1,0
1970,2026-07-24,"2026-07-16","Eggs - Dozen",1,6.5
1970,2026-07-24,"2026-07-16","Ground Beef - D&M - Lb.",1,10.5
1970,2026-07-24,"2026-07-16","Mushrooms (1.0 Maitake (Hen of the Woods)) - Maitake (Hen of the Woods)",1,8
1970,2026-07-24,"2026-07-16","Extra Credit - Each",2,1.06
1970,2026-07-24,"2026-07-16","Mini",1,53.2
685,2026-07-24,"2026-07-16","Kirkwood Pickup Time - @1-1:30",1,0
685,2026-07-24,"2026-07-16","Cantaloupe (1.0 Medium) - Medium",1,7
685,2026-07-24,"2026-07-16","Chicken - Breakfast Links - Each",1,10.5
685,2026-07-24,"2026-07-16","Janie's Bread - Thursday - Each",1,7
685,2026-07-24,"2026-07-16","UCA/KWA",1,79.79
1671,2026-07-24,"2026-07-16","Bagels - Everything - BU - Bag",1,11.25
1671,2026-07-24,"2026-07-16","Cantaloupe (1.0 Medium) - Medium",1,7
1671,2026-07-24,"2026-07-16","Rice - White - Lb.",1,6.5
1671,2026-07-24,"2026-07-16","Yogurt - Plain - Oz.",1,7.1
1671,2026-07-24,"2026-07-16","Extra Credit - Each",8.85,1.06
1671,2026-07-24,"2026-07-16","Mini",1,53.2
501,2026-07-24,"2026-07-16","Bacon - Each",1,13.5
501,2026-07-24,"2026-07-16","Cantaloupe (1.0 Medium) - Medium",1,7
501,2026-07-24,"2026-07-16","Mushrooms - Choice",1,8
501,2026-07-24,"2026-07-16","Ravioli - Goat Cheese  - Lb.",1,9.15
501,2026-07-24,"2026-07-16","Semolina - T - Loaf",1,7
501,2026-07-24,"2026-07-16","Tomatoes - Heirloom - Bag",1,8.5
501,2026-07-24,"2026-07-16","Extra Credit - Each",30.15,1.06
501,2026-07-24,"2026-07-16","Mini",1,53.2
467,2026-07-24,"2026-07-16","Almonds - Salted - Oz.",1,14.75
467,2026-07-24,"2026-07-16","Eggs - BW - Dozen",1,6.5
467,2026-07-24,"2026-07-16","Kirkwood Pickup Time - @1-1:30",1,0
467,2026-07-24,"2026-07-16","Ghost Pepper Cheddar - Each",2,6.75
467,2026-07-24,"2026-07-16","Squash - Zucchini (1.0 Medium) - Medium",1,2
467,2026-07-24,"2026-07-16","Sweet Corn - 5-pack",1,3.25
467,2026-07-24,"2026-07-16","Extra Credit - Each",17,1.06
467,2026-07-24,"2026-07-16","Mini",1,53.2
1522,2026-07-24,"2026-07-16","Chicken - BULK Breasts /lb. - Pack",1,40.26
1522,2026-07-24,"2026-07-16","Milk - Whole - Oz.",1,8.32
1522,2026-07-24,"2026-07-16","Eggs - BW - Dozen",1,6.5
1522,2026-07-24,"2026-07-16","Bagel Chips - Bag",1,9.75
1522,2026-07-24,"2026-07-16","Chicken Thighs - Boneless/lb. - lbs",1,10.68
1522,2026-07-24,"2026-07-16","Eggs - H - Dozen",1,6.5
1522,2026-07-24,"2026-07-16","English Muffin Sourdough - Frozen - Pack",1,5
1522,2026-07-24,"2026-07-16","Hummus - Beet & Pepita - Tub",1,6.75
1522,2026-07-24,"2026-07-16","Hummus - Garlic - Tub",1,6.75
1522,2026-07-24,"2026-07-16","Lamb Gyro Seasoned - Lb.",2,18
1522,2026-07-24,"2026-07-16","Marshmallow Pie - Each",1,7.5
1522,2026-07-24,"2026-07-16","Extra Credit - Each",144.01,1.06
32,2026-07-24,"2026-07-16","Carrots no tops - Lb.",1,6
32,2026-07-24,"2026-07-16","Eggs - Dozen",1,6.5
32,2026-07-24,"2026-07-16","Kale - Green Curly - Bag",1,5
32,2026-07-24,"2026-07-16","Mushrooms - Choice",1,8
32,2026-07-24,"2026-07-16","Pork - Breakfast Bulk ($8.50) - Pack",1,8.5
32,2026-07-24,"2026-07-16","Shoots - Specialty Mix - Bag",1,4.5
32,2026-07-24,"2026-07-16","Shoots - Sunflower - Bag",1,4.5
32,2026-07-24,"2026-07-16","Sweet Corn - 5-pack",1,0.65
32,2026-07-24,"2026-07-16","Tomatoes - Cherry Mix - Bag",1,6.75
32,2026-07-24,"2026-07-16","Extra Credit - Each",27.4,1.06
32,2026-07-24,"2026-07-16","Mini",1,53.2
929,2026-07-24,"2026-07-16","Watermelon - Seeded (1.0 Large) - Large",1,12
929,2026-07-24,"2026-07-16","Donation to Food Pantry - Each",1,1
929,2026-07-24,"2026-07-16","Applewood Smoked Cheddar - Each",1,6.5
929,2026-07-24,"2026-07-16","Beets - No Tops - Lb.",1,6.5
929,2026-07-24,"2026-07-16","Blackberries - Pint",1,7
929,2026-07-24,"2026-07-16","Salsa - Gringo's Mild - Jar",1,5
929,2026-07-24,"2026-07-16","Sweet Corn - 5-pack",1,3.25
929,2026-07-24,"2026-07-16","Tomatillos  - Bag",1,4.75
929,2026-07-24,"2026-07-16","Tortellini - Goat Cheese - Pack",1,9.15
929,2026-07-24,"2026-07-16","Extra Credit - Each",33.4,1.06
929,2026-07-24,"2026-07-16","Half",1,84.79
31,2026-07-24,"2026-07-16","Eggs - BW - Dozen",1,6.5
31,2026-07-24,"2026-07-16","Mothership Pickup Time (2.0 @4-4:30) - @4-4:30",1,0
31,2026-07-24,"2026-07-16","$ for green bags donation - $",1,1
31,2026-07-24,"2026-07-16","Aged Cheddar - HBC - Each",1,6.75
31,2026-07-24,"2026-07-16","Cantaloupe (1.0 Medium) - Medium",1,7
31,2026-07-24,"2026-07-16","Carrots w/tops - Bunch",1,5.25
31,2026-07-24,"2026-07-16","Golden Zucchini - Each",1,1.5
31,2026-07-24,"2026-07-16","Peaches - Bag",1,7
31,2026-07-24,"2026-07-16","Potatoes - New - Bag",1,5.75
31,2026-07-24,"2026-07-16","Radishes - Red - Lb.",1,3.5
31,2026-07-24,"2026-07-16","Shoots - Specialty Mix - Bag",1,4.5
31,2026-07-24,"2026-07-16","Sweet Corn - 5-pack",1,3.25
31,2026-07-24,"2026-07-16","Tomatoes - Cherry Mix - Bag",1,6.75
31,2026-07-24,"2026-07-16","Extra Credit - Each",58.75,1.06
31,2026-07-24,"2026-07-16","No Produce - Order Only (even wk)",1,0
31,2026-07-24,"2026-07-16","2% MILK",2,8.85
1857,2026-07-24,"2026-07-16","Clean Plate Pantry Choice ($11.5) - Jar",1,11.5
1857,2026-07-24,"2026-07-16","Hoagie - T - Each",1,3.5
1857,2026-07-24,"2026-07-16","Pork - Ground  - Lb.",1,7.5
1857,2026-07-24,"2026-07-16","Rice - Basmati Choice - Bag",1,7.5
1857,2026-07-24,"2026-07-16","Extra Credit - Each",3.5,1.06
1857,2026-07-24,"2026-07-16","FSA/FSD",1,79.79
1622,2026-07-24,"2026-07-16","Mothership Pickup Time (2.0 @4-4:30) - @4-4:30",1,0
1622,2026-07-24,"2026-07-16","Eggs - Dozen",1,6.5
1622,2026-07-24,"2026-07-16","Mushrooms - Choice",1,8
1622,2026-07-24,"2026-07-16","Pork - Breakfast Bulk ($8.50) - Pack",1,8.5
1622,2026-07-24,"2026-07-16","Mini",1,53.2
894,2026-07-24,"2026-07-16","Cantaloupe (1.0 Medium) - Medium",1,7
894,2026-07-24,"2026-07-16","Dark Chocolate Lolli - Each",1,1.75
894,2026-07-24,"2026-07-16","Marshmallow Pie - Each",1,7.5
894,2026-07-24,"2026-07-16","Milk Chocolate Lolli - Each",1,1.75
894,2026-07-24,"2026-07-16","Peaches - Bag",1,7
894,2026-07-24,"2026-07-16","Sesame Hoagie - T - Each",1,3.8
894,2026-07-24,"2026-07-16","Tomatoes - Sungold - Pint",1,7
894,2026-07-24,"2026-07-16","Watermelon - Seedless (1.0 Large) - Large",1,12
894,2026-07-24,"2026-07-16","Extra Credit - Each",21.3,1.06
894,2026-07-24,"2026-07-16","FSA/FSD",1,79.79
1383,2026-07-24,"2026-07-16","Mothership Pickup Time (1.0 @3:30-4) - @3:30-4",1,0
1383,2026-07-24,"2026-07-16","Cheese Choice $6.75 - Each",1,6.75
1383,2026-07-24,"2026-07-16","Eggs - Dozen",1,6.5
1383,2026-07-24,"2026-07-16","Hummus - Beet & Pepita - Tub",1,6.75
1383,2026-07-24,"2026-07-16","Pork - Bratwurst  - Pack",1,8.5
1383,2026-07-24,"2026-07-16","Tomatoes - Carolina Gold - Bag",1,6.75
1383,2026-07-24,"2026-07-16","Extra Credit - Each",13.5,1.06
1383,2026-07-24,"2026-07-16","Half",1,84.79
825,2026-07-24,"2026-07-16","Mothership Pickup Time (5.0 @5:30-6) - @5:30-6",1,0
825,2026-07-24,"2026-07-16","Clean Plate Pantry Choice ($11.5) - Jar",1,11.5
825,2026-07-24,"2026-07-16","Ground Beef - D&M - Lb.",1,10.5
825,2026-07-24,"2026-07-16","Onions - Yellow - lbs",1,4.5
825,2026-07-24,"2026-07-16","FSA/FSD",1,79.79
670,2026-07-24,"2026-07-16","Mothership Pickup Time (1.0 @3:30-4) - @3:30-4",1,0
670,2026-07-24,"2026-07-16","Peppers - Colored Bell - 3-pack",1,4
670,2026-07-24,"2026-07-16","Popped Corn - Organic - Bag",1,3
670,2026-07-24,"2026-07-16","Tomatoes - Cherry Mix - Bag",1,6.75
670,2026-07-24,"2026-07-16","Tortellini - Cheese - Lb.",1,9.15
670,2026-07-24,"2026-07-16","Yogurt - Plain - Oz.",1,7.1
670,2026-07-24,"2026-07-16","Extra Credit - Each",7,1.06
670,2026-07-24,"2026-07-16","Mini",1,53.2
670,2026-07-24,"2026-07-16","(BYO) FSG - Orders Only",1,0
83,2026-07-24,"2026-07-16","Eggs - BW - Dozen",1,6.5
83,2026-07-24,"2026-07-16","Half & Half - Pint",1,4.75
83,2026-07-24,"2026-07-16","Mothership Pickup Time (1.0 @3:30-4) - @3:30-4",1,0
83,2026-07-24,"2026-07-16","Blackberries - Pint",1,7
83,2026-07-24,"2026-07-16","Cantaloupe (1.0 Medium) - Medium",1,7
83,2026-07-24,"2026-07-16","Pork Apple Brat - Pack",1,12.85
83,2026-07-24,"2026-07-16","Extra Credit - Each",16.35,1.06
83,2026-07-24,"2026-07-16","Half",1,84.79
473,2026-07-24,"2026-07-16","Stringbean Red Eye  - Oz.",1,16
473,2026-07-24,"2026-07-16","Kirkwood Pickup Time (1.0 PORCH) - PORCH",1,0
473,2026-07-24,"2026-07-16","Blackberries - Pint",1,7
473,2026-07-24,"2026-07-16","Cantaloupe (1.0 Medium) - Medium",1,7
473,2026-07-24,"2026-07-16","Croissant - PIB Frozen - 1-each",2,2.8
473,2026-07-24,"2026-07-16","Eggs - Dozen",1,6.5
473,2026-07-24,"2026-07-16","Pork - Bratwurst  - Pack",1,8.5
473,2026-07-24,"2026-07-16","Extra Credit - Each",28.85,1.06
473,2026-07-24,"2026-07-16","Half",1,84.79
471,2026-07-24,"2026-07-16","Clean Plate Pantry Choice ($11.5) - Jar",1,11.5
471,2026-07-24,"2026-07-16","Pork - Ground  - Lb.",1,7.5
471,2026-07-24,"2026-07-16","Rice - Basmati Choice - Bag",1,7.5
471,2026-07-24,"2026-07-16","FSA/FSD",1,79.79
1593,2026-07-24,"2026-07-16","Chicken - BULK Breasts /lb. - Pack",1,41.25
1593,2026-07-24,"2026-07-16","Mothership Pickup Time (5.0 @5:30-6) - @5:30-6",1,0
1593,2026-07-24,"2026-07-16","Food For FS Cats Donation - $",1,1
1593,2026-07-24,"2026-07-16","Peppers - Shishitos - Bag",1,5
1593,2026-07-24,"2026-07-16","Extra Credit - Each",24.25,1.06
1593,2026-07-24,"2026-07-16","Mini",1,53.2
1839,2026-07-24,"2026-07-16","Half & Half - Pint",2,4.75
1839,2026-07-24,"2026-07-16","Mothership Pickup Time (2.0 @4-4:30) - @4-4:30",1,0
1839,2026-07-24,"2026-07-16","Beans - Green - Bag",1,4.25
1839,2026-07-24,"2026-07-16","Blueberries - Pint",1,7
1839,2026-07-24,"2026-07-16","Squash - Zucchini - Each",1,2.5
1839,2026-07-24,"2026-07-16","Tomatoes - Slicing - Bag",1,6.5
1839,2026-07-24,"2026-07-16","Extra Credit - Each",8,1.06
1839,2026-07-24,"2026-07-16","Half",1,84.79
875,2026-07-24,"2026-07-16","Mothership Pickup Time (1.0 @3:30-4) - @3:30-4",1,0
875,2026-07-24,"2026-07-16","Cheese Choice $6.75 - Each",1,6.75
875,2026-07-24,"2026-07-16","Mushrooms (1.0 King Oyster (French Horn)) - King Oyster (French Horn)",1,8
875,2026-07-24,"2026-07-16","Pork - Bratwurst  - Pack",1,8.5
875,2026-07-24,"2026-07-16","Extra Credit - Each",1.5,1.06
875,2026-07-24,"2026-07-16","Half",1,84.79
761,2026-07-24,"2026-07-16","Mothership Pickup Time (1.0 @3:30-4) - @3:30-4",1,0
761,2026-07-24,"2026-07-16","Cantaloupe (1.0 Medium) - Medium",1,7
761,2026-07-24,"2026-07-16","Golden Zucchini - Each",1,1.5
761,2026-07-24,"2026-07-16","Light and Mild - T - Loaf",1,8.25
761,2026-07-24,"2026-07-16","Peaches - Bag",1,7
761,2026-07-24,"2026-07-16","Peppers - Carmen - 2-pack",1,3
761,2026-07-24,"2026-07-16","Extra Credit - Each",0.25,1.06
761,2026-07-24,"2026-07-16","FSA/FSD",1,79.79
308,2026-07-24,"2026-07-16","Mothership Pickup Time (1.0 @3:30-4) - @3:30-4",1,0
308,2026-07-24,"2026-07-16","Bagels - Blueberry - BU - Bag",1,11.25
308,2026-07-24,"2026-07-16","Cantaloupe (1.0 Medium) - Medium",1,7
308,2026-07-24,"2026-07-16","Yogurt - Plain - Oz.",1,7.1
308,2026-07-24,"2026-07-16","Extra Credit - Each",3.6,1.06
308,2026-07-24,"2026-07-16","Half",1,84.79
540,2026-07-24,"2026-07-16","Cheese Choice $6.75 - Each",1,6.75
540,2026-07-24,"2026-07-16","Mustard - Choice",1,6.5
540,2026-07-24,"2026-07-16","Pork - Bratwurst  - Pack",1,8.5
540,2026-07-24,"2026-07-16","Half",1,84.79
1084,2026-07-24,"2026-07-16","Eggs - BW - Dozen",1,6.5
1084,2026-07-24,"2026-07-16","Apple Sauce - Chunky - NS - Quart",1,7.75
1084,2026-07-24,"2026-07-16","Blackberries - Pint",1,7
1084,2026-07-24,"2026-07-16","Peppers - Shishitos - Bag",1,5
1084,2026-07-24,"2026-07-16","Vinaigrette - Greek Style - Bottle",1,6.25
1084,2026-07-24,"2026-07-16","Extra Credit - Each",10.75,1.06
1084,2026-07-24,"2026-07-16","Half",1,84.79
433,2026-07-24,"2026-07-16","Clean Plate Pantry Choice ($11.5) - Jar",1,11.5
433,2026-07-24,"2026-07-16","Pork - Ground  - Lb.",1,7.5
433,2026-07-24,"2026-07-16","Rice - Basmati Choice - Bag",1,7.5
433,2026-07-24,"2026-07-16","FSA/FSD",1,79.79
549,2026-07-24,"2026-07-16","Pistachios - Oz.",1,14.25
549,2026-07-24,"2026-07-16","Mothership Pickup Time (6.0 @6-6:30) - @6-6:30",1,0
549,2026-07-24,"2026-07-16","Mustard (1.0 Horseradish) - Horseradish",1,6.5
549,2026-07-24,"2026-07-16","Pizza Sauce - Jar",1,6.75
549,2026-07-24,"2026-07-16","Extra Credit - Each",1,1.06
549,2026-07-24,"2026-07-16","FSA/FSD",1,79.79
22,2026-07-24,"2026-07-16","Mothership Pickup Time (1.0 @3:30-4) - @3:30-4",1,0
22,2026-07-24,"2026-07-16","Aged Cheddar - HBC - Each",2,6.75
22,2026-07-24,"2026-07-16","Pork - Bratwurst  - Pack",1,8.5
22,2026-07-24,"2026-07-16","Half",1,84.79
22,2026-07-24,"2026-07-16","Creamline MILK-e",1,8.49
452,2026-07-24,"2026-07-16","Watermelon - Seeded (1.0 Large) - Large",1,12
452,2026-07-24,"2026-07-16","Kirkwood Pickup Time (2.0 @1:30-2) - @1:30-2",1,0
452,2026-07-24,"2026-07-16","Blackberries - Pint",1,7
452,2026-07-24,"2026-07-16","Pork - Breakfast Bulk ($8.50) - Pack",1,8.5
452,2026-07-24,"2026-07-16","Extra Credit - Each",4.5,1.06
452,2026-07-24,"2026-07-16","Mini",1,53.2
526,2026-07-24,"2026-07-16","Kirkwood Pickup Time - @1-1:30",1,0
526,2026-07-24,"2026-07-16","Aged Cheddar - HBC - Each",1,6.75
526,2026-07-24,"2026-07-16","Beets - Pickled - Quart",1,8.5
526,2026-07-24,"2026-07-16","Hoagie - T - Each",1,3.5
526,2026-07-24,"2026-07-16","Mustard (1.0 Horseradish) - Horseradish",1,6.5
526,2026-07-24,"2026-07-16","UCA/KWA",1,79.79
493,2026-07-24,"2026-07-16","Cheese Choice $6.75 - Each",1,6.75
493,2026-07-24,"2026-07-16","Mustard - Choice",1,6.5
493,2026-07-24,"2026-07-16","Pork - Bratwurst  - Pack",1,8.5
493,2026-07-24,"2026-07-16","Half",1,84.79
807,2026-07-24,"2026-07-16","Ground Beef - D&M - Lb.",2,10.5
807,2026-07-24,"2026-07-16","Pita Bread - Frozen (1.0 Wheat) - Wheat",1,3.55
807,2026-07-24,"2026-07-16","Yogurt - Plain - Oz.",1,7.1
807,2026-07-24,"2026-07-16","Extra Credit - Each",1.15,1.06
807,2026-07-24,"2026-07-16","UCA/KWA",1,79.79
807,2026-07-24,"2026-07-16","2% MILK",1,8.85
1717,2026-07-24,"2026-07-16","Cheese Choice $6.75 - Each",1,6.75
1717,2026-07-24,"2026-07-16","Mustard - Choice",1,6.5
1717,2026-07-24,"2026-07-16","Pork - Bratwurst  - Pack",1,8.5
1717,2026-07-24,"2026-07-16","Half",1,84.79
267,2026-07-24,"2026-07-16","Kirkwood Pickup Time - @1-1:30",1,0
267,2026-07-24,"2026-07-16","Beets - Golden - Lb.",1,5
267,2026-07-24,"2026-07-16","Blueberries - Pint",1,7
267,2026-07-24,"2026-07-16","Flour - Bread 5# - Lb.",1,9.8
267,2026-07-24,"2026-07-16","Kale - Green Curly - Bag",1,5
267,2026-07-24,"2026-07-16","Kohlrabi  - Head",1,1
267,2026-07-24,"2026-07-16","Peaches - Bag",1,7
267,2026-07-24,"2026-07-16","Peppers - Shishitos - Bag",1,5
267,2026-07-24,"2026-07-16","Tomatoes - Sungold - Pint",1,7
267,2026-07-24,"2026-07-16","Extra Credit - Each",46.8,1.06
1864,2026-07-24,"2026-07-16","Eggs - Dozen",2,6.5
1864,2026-07-24,"2026-07-16","Watermelon - Seedless (1.0 Large) - Large",1,12
1864,2026-07-24,"2026-07-16","Extra Credit - Each",3.25,1.06
1864,2026-07-24,"2026-07-16","Half",1,84.79
1864,2026-07-24,"2026-07-16","2% MILK-e",4,8.85
173,2026-07-24,"2026-07-16","Kirkwood Pickup Time - @1-1:30",1,0
173,2026-07-24,"2026-07-16","Cucumbers - Slicing - Each",1,2
173,2026-07-24,"2026-07-16","Curry Sauce (1.0 Mango) - Mango",1,11.5
173,2026-07-24,"2026-07-16","Eggs - Dozen",1,6.5
173,2026-07-24,"2026-07-16","Tomatoes - Cherry Mix - Bag",1,6.75
173,2026-07-24,"2026-07-16","Extra Credit - Each",3.75,1.06
173,2026-07-24,"2026-07-16","Mini",1,53.2
329,2026-07-24,"2026-07-16","Cheddar - Hatch Pepper - Package",1,6.75
329,2026-07-24,"2026-07-16","Cucumbers - Pickling - Bag",1,3.5
329,2026-07-24,"2026-07-16","Mothership Pickup Time (3.0 @4:30-5) - @4:30-5",1,0
329,2026-07-24,"2026-07-16","Cooler Donation - $",1,1
329,2026-07-24,"2026-07-16","Beets - No Tops - Lb.",1,6.5
329,2026-07-24,"2026-07-16","Eggs - Dozen",1,6.5
329,2026-07-24,"2026-07-16","Fresh Herb - Basil - Bunch",1,3.5
329,2026-07-24,"2026-07-16","Meatballs D&M - Package",1,15
329,2026-07-24,"2026-07-16","Mushrooms - Choice",1,8
329,2026-07-24,"2026-07-16","Salmon - Fillet Pieces/LB* - Each",2,9.23
329,2026-07-24,"2026-07-16","Extra Credit - Each",46.21,1.06
329,2026-07-24,"2026-07-16","Mini",1,53.2
1941,2026-07-24,"2026-07-16","Blackberries - Pint",1,7
1941,2026-07-24,"2026-07-16","Chicken Breasts /lb. - Pack",2,14.28
1941,2026-07-24,"2026-07-16","Extra Credit - Each",12.56,1.06
1941,2026-07-24,"2026-07-16","Mini",1,53.2
293,2026-07-24,"2026-07-16","Cucumbers - Pickling - Bag",1,3.5
293,2026-07-24,"2026-07-16","Mothership Pickup Time (6.0 @6-6:30) - @6-6:30",1,0
293,2026-07-24,"2026-07-16","Chicken Links - Lemon Pepper - Lb.",1,10.5
293,2026-07-24,"2026-07-16","Golden Zucchini - Each",1,1.5
293,2026-07-24,"2026-07-16","Pita Bread - Frozen (1.0 Wheat) - Wheat",1,3.55
293,2026-07-24,"2026-07-16","Rice - Basmati White - Lb.",1,7.5
293,2026-07-24,"2026-07-16","Tortellini - Cheese - Lb.",1,9.15
293,2026-07-24,"2026-07-16","Extra Credit - Each",9.2,1.06
293,2026-07-24,"2026-07-16","FSA/FSD",1,79.79
616,2026-07-24,"2026-07-16","Mothership Pickup Time (3.0 @4:30-5) - @4:30-5",1,0
616,2026-07-24,"2026-07-16","Bagels - Blueberry - BU - Bag",1,11.25
616,2026-07-24,"2026-07-16","Cantaloupe (1.0 Medium) - Medium",1,7
616,2026-07-24,"2026-07-16","Eggs - Dozen",2,6.5
616,2026-07-24,"2026-07-16","Milk Chocolate Salted Bark - Pack",1,7.5
616,2026-07-24,"2026-07-16","Peaches - Bag",1,7
616,2026-07-24,"2026-07-16","Sweet Corn - 5-pack",1,3.25
616,2026-07-24,"2026-07-16","Extra Credit - Each",49,1.06
1353,2026-07-24,"2026-07-16","Cheese Choice $6.75 - Each",1,6.75
1353,2026-07-24,"2026-07-16","Mustard - Choice",1,6.5
1353,2026-07-24,"2026-07-16","Pork - Bratwurst  - Pack",1,8.5
1353,2026-07-24,"2026-07-16","Half",1,84.79
1353,2026-07-24,"2026-07-16","Whole MILK-e",1,8.85
634,2026-07-24,"2026-07-16","Kirkwood Pickup Time - @1-1:30",1,0
634,2026-07-24,"2026-07-16","Cantaloupe (1.0 Medium) - Medium",1,7
634,2026-07-24,"2026-07-16","Chicken - Breakfast Links - Each",1,10.5
634,2026-07-24,"2026-07-16","Pork - Breakfast Bulk ($8.50) - Pack",1,8.5
634,2026-07-24,"2026-07-16","Yogurt - Plain - Oz.",1,7.1
634,2026-07-24,"2026-07-16","Extra Credit - Each",10.1,1.06
634,2026-07-24,"2026-07-16","Mini",1,53.2
868,2026-07-24,"2026-07-16","Kirkwood Pickup Time (2.0 @1:30-2) - @1:30-2",1,0
868,2026-07-24,"2026-07-16","Eggs - Dozen",1,6.5
868,2026-07-24,"2026-07-16","Gluten Free Black Beans  - Tub",1,6.5
868,2026-07-24,"2026-07-16","Mushrooms - Choice",1,8
868,2026-07-24,"2026-07-16","Olive Oil Large - Bottle",1,18.5
868,2026-07-24,"2026-07-16","Pork - Breakfast Bulk ($8.50) - Pack",1,8.5
868,2026-07-24,"2026-07-16","Extra Credit - Each",25,1.06
868,2026-07-24,"2026-07-16","Mini",1,53.2
1652,2026-07-24,"2026-07-16","Eggs - Dozen",1,6.5
1652,2026-07-24,"2026-07-16","Mushrooms - Choice",1,8
1652,2026-07-24,"2026-07-16","Pork - Breakfast Bulk ($8.50) - Pack",1,8.5
1652,2026-07-24,"2026-07-16","Mini",1,53.2
1431,2026-07-24,"2026-07-16","Mothership Pickup Time (5.0 @5:30-6) - @5:30-6",1,0
1431,2026-07-24,"2026-07-16","FF Dish - Pear and Walnut Risotto - Each",1,11.5
1431,2026-07-24,"2026-07-16","Mushrooms - Choice",1,8
1431,2026-07-24,"2026-07-16","Pork - Breakfast Bulk ($8.50) - Pack",1,8.5
1431,2026-07-24,"2026-07-16","Extra Credit - Each",5,1.06
1431,2026-07-24,"2026-07-16","Mini",1,53.2
246,2026-07-24,"2026-07-16","Eggs - Dozen",1,6.5
246,2026-07-24,"2026-07-16","Mushrooms - Choice",1,8
246,2026-07-24,"2026-07-16","Pork - Breakfast Bulk ($8.50) - Pack",1,8.5
246,2026-07-24,"2026-07-16","Mini",1,53.2
246,2026-07-24,"2026-07-16","RL Chocolate Milk",3,2.93
1707,2026-07-24,"2026-07-16","Aged Cheddar - HBC - Each",1,6.75
1707,2026-07-24,"2026-07-16","Carrots w/tops - Bunch",1,5.25
1707,2026-07-24,"2026-07-16","Eggs - Dozen",1,6.5
1707,2026-07-24,"2026-07-16","Semolina - T - Loaf",1,7
1707,2026-07-24,"2026-07-16","Extra Credit - Each",2.5,1.06
1707,2026-07-24,"2026-07-16","Mini",1,53.2
963,2026-07-24,"2026-07-16","Cantaloupe (1.0 Medium) - Medium",1,7
963,2026-07-24,"2026-07-16","Curry Sauce (1.0 Red) - Red",1,11.5
963,2026-07-24,"2026-07-16","Pork - Ground  - Lb.",1,7.5
963,2026-07-24,"2026-07-16","FSA/FSD",1,79.79
657,2026-07-24,"2026-07-16","Mothership Pickup Time (3.0 @4:30-5) - @4:30-5",1,0
657,2026-07-24,"2026-07-16","Applewood Smoked Cheddar - Each",1,6.5
657,2026-07-24,"2026-07-16","Pork - Bratwurst  - Pack",1,8.5
657,2026-07-24,"2026-07-16","Half",1,84.79
928,2026-07-24,"2026-07-16","Clean Plate Pantry Choice ($11.5) - Jar",1,11.5
928,2026-07-24,"2026-07-16","Pork - Ground  - Lb.",1,7.5
928,2026-07-24,"2026-07-16","Rice - Basmati Choice - Bag",1,7.5
928,2026-07-24,"2026-07-16","Staff - include last wk's share - Bag",1,2
928,2026-07-24,"2026-07-16","FSA/FSD",1,79.79
1570,2026-07-24,"2026-07-16","Kirkwood Pickup Time (1.0 PORCH) - PORCH",1,0
1570,2026-07-24,"2026-07-16","Eggs - Dozen",1,6.5
1570,2026-07-24,"2026-07-16","Onions - Mix - Pint",1,3
1570,2026-07-24,"2026-07-16","Potatoes - New - Bag",1,5.75
1570,2026-07-24,"2026-07-16","Extra Credit - Each",15.25,1.06
1570,2026-07-24,"2026-07-16","No Produce - Order Only (even wk)",1,0
1900,2026-07-24,"2026-07-16","Mothership Pickup Time (1.0 @3:30-4) - @3:30-4",1,0
1900,2026-07-24,"2026-07-16","$ for green bags donation - $",1,1
1900,2026-07-24,"2026-07-16","Cantaloupe (1.0 Medium) - Medium",1,7
1900,2026-07-24,"2026-07-16","Eggplant - Globe - Each",1,3
1900,2026-07-24,"2026-07-16","Eggs - Dozen",1,6.5
1900,2026-07-24,"2026-07-16","Flank Steak/lbs. - lbs",1,50.4
1900,2026-07-24,"2026-07-16","Mushrooms (1.0 Shiitake) - Shiitake",1,8
1900,2026-07-24,"2026-07-16","Peppers - Shishitos - Bag",1,5
1900,2026-07-24,"2026-07-16","Watermelon - Seedless (1.0 Large) - Large",1,12
1900,2026-07-24,"2026-07-16","Extra Credit - Each",69.9,1.06
1900,2026-07-24,"2026-07-16","Mini",1,53.2
1900,2026-07-24,"2026-07-16","Whole MILK-e",1,8.85
1236,2026-07-24,"2026-07-16","Clean Plate Pantry Choice ($11.5) - Jar",1,11.5
1236,2026-07-24,"2026-07-16","Pork - Ground  - Lb.",1,7.5
1236,2026-07-24,"2026-07-16","Rice - Basmati Choice - Bag",1,7.5
1236,2026-07-24,"2026-07-16","FSA/FSD",1,79.79
364,2026-07-24,"2026-07-16","Eggs - BW - Dozen",1,6.5
364,2026-07-24,"2026-07-16","Mothership Pickup Time - @6:30-7",1,0
364,2026-07-24,"2026-07-16","Hoagie - T - Each",1,3.5
364,2026-07-24,"2026-07-16","Oat Porridge Bread - T - Each",1,9
364,2026-07-24,"2026-07-16","Sweet Corn - 5-pack",1,3.25
364,2026-07-24,"2026-07-16","Turnips - Japanese/White - Lb.",1,4.25
364,2026-07-24,"2026-07-16","FSA/FSD",1,79.79
1873,2026-07-24,"2026-07-16","Mothership Pickup Time (2.0 @4-4:30) - @4-4:30",1,0
1873,2026-07-24,"2026-07-16","Beef Kabob Meat - Lb.",1,13.26
1873,2026-07-24,"2026-07-16","Eggs - Dozen",1,6.5
1873,2026-07-24,"2026-07-16","Mushrooms - Choice",1,8
1873,2026-07-24,"2026-07-16","Extra Credit - Each",4.76,1.06
1873,2026-07-24,"2026-07-16","Mini",1,53.2
1746,2026-07-24,"2026-07-16","Kirkwood Pickup Time (2.0 @1:30-2) - @1:30-2",1,0
1746,2026-07-24,"2026-07-16","Cantaloupe (1.0 Medium) - Medium",1,7
1746,2026-07-24,"2026-07-16","Kairos Sourdough Choice $5 - Pack",1,5
1746,2026-07-24,"2026-07-16","Peppers - Carmen - 2-pack",2,3
1746,2026-07-24,"2026-07-16","Tomatoes - Heirloom - Bag",1,8.5
1746,2026-07-24,"2026-07-16","Extra Credit - Each",1,1.06
1746,2026-07-24,"2026-07-16","UCA/KWA",1,79.79
876,2026-07-24,"2026-07-16","Mothership Pickup Time (6.0 @6-6:30) - @6-6:30",1,0
876,2026-07-24,"2026-07-16","Clean Plate Pantry Choice ($11.5) - Jar",1,11.5
876,2026-07-24,"2026-07-16","Pork - Ground  - Lb.",1,7.5
876,2026-07-24,"2026-07-16","Rice - Basmati Brown - Lb.",1,7.5
876,2026-07-24,"2026-07-16","FSA/FSD",1,79.79
636,2026-07-24,"2026-07-16","Bagels - Cinnamon Raisin - BU - Bag",1,11.25
636,2026-07-24,"2026-07-16","Pork - Ground  - Lb.",1,7.5
636,2026-07-24,"2026-07-16","Pork Snack Sticks - 5 pk (1.0 Honey) - Honey",1,10.3
636,2026-07-24,"2026-07-16","Seedy Wheaty - Frozen - Loaf",2,3.75
636,2026-07-24,"2026-07-16","FSA/FSD",1,79.79
636,2026-07-24,"2026-07-16","Whole MILK",1,8.85
250,2026-07-24,"2026-07-16","Milk - Whole - Oz.",1,8.32
250,2026-07-24,"2026-07-16","Mothership Pickup Time (2.0 @4-4:30) - @4-4:30",1,0
250,2026-07-24,"2026-07-16","Blueberries - Pint",2,7
250,2026-07-24,"2026-07-16","Peaches - Bag",2,7
250,2026-07-24,"2026-07-16","Extra Credit - Each",9.82,1.06
250,2026-07-24,"2026-07-16","FSA/FSD",1,79.79
725,2026-07-24,"2026-07-16","Ground Turkey - Pack",1,10.25
725,2026-07-24,"2026-07-16","Mothership Pickup Time (1.0 @3:30-4) - @3:30-4",1,0
725,2026-07-24,"2026-07-16","Pork Italian Bulk - D&M - Lb.",1,8.5
725,2026-07-24,"2026-07-16","Pork Italian Links - D&M - Each",1,8.5
725,2026-07-24,"2026-07-16","Extra Credit - Each",5.5,1.06
725,2026-07-24,"2026-07-16","Half",1,84.79
1243,2026-07-24,"2026-07-16","Mothership Pickup Time (4.0 @5-5:30) - @5-5:30",1,0
1243,2026-07-24,"2026-07-16","Mustard (1.0 Onion) - Onion",1,6.5
1243,2026-07-24,"2026-07-16","Pork - Bratwurst  - Pack",1,8.5
1243,2026-07-24,"2026-07-16","Queso Quesadilla - HBC - Each",1,6.75
1243,2026-07-24,"2026-07-16","Half",1,84.79
133,2026-07-24,"2026-07-16","Mothership Pickup Time (3.0 @4:30-5) - @4:30-5",1,0
133,2026-07-24,"2026-07-16","Eggs - Dozen",1,6.5
133,2026-07-24,"2026-07-16","Kohlrabi  - Head",2,1
133,2026-07-24,"2026-07-16","Onions - Yellow - lbs",1,4.5
133,2026-07-24,"2026-07-16","Pork - Breakfast Bulk ($8.50) - Pack",1,8.5
133,2026-07-24,"2026-07-16","Sweet Corn - 5-pack",1,3.25
133,2026-07-24,"2026-07-16","Extra Credit - Each",1.75,1.06
133,2026-07-24,"2026-07-16","Mini",1,53.2
1932,2026-07-24,"2026-07-16","Mothership Pickup Time (3.0 @4:30-5) - @4:30-5",1,0
1932,2026-07-24,"2026-07-16","Chicken - Thighs /lbs  - lbs",2,7.86
1932,2026-07-24,"2026-07-16","Ground Lamb  - Lb.",1,15
1932,2026-07-24,"2026-07-16","Extra Credit - Each",4.22,1.06
1932,2026-07-24,"2026-07-16","FSA/FSD",1,79.79
643,2026-07-24,"2026-07-16","Mothership Pickup Time (5.0 @5:30-6) - @5:30-6",1,0
643,2026-07-24,"2026-07-16","Bagels - Plain - Frozen - Each",1,6.75
643,2026-07-24,"2026-07-16","Beef Kabob Meat - Lb.",1,12.75
643,2026-07-24,"2026-07-16","Cantaloupe (1.0 Medium) - Medium",1,7
643,2026-07-24,"2026-07-16","Onions - Mix - Pint",1,3
643,2026-07-24,"2026-07-16","Extra Credit - Each",3,1.06
643,2026-07-24,"2026-07-16","FSA/FSD",1,79.79
1468,2026-07-24,"2026-07-16","Mushrooms (1.0 Chestnut) - Chestnut",1,8
1468,2026-07-24,"2026-07-16","Pork - Breakfast Bulk ($8.50) - Pack",1,8.5
1468,2026-07-24,"2026-07-16","Salmon - Fillet Pieces/LB* - Each",1,7.74
1468,2026-07-24,"2026-07-16","Extra Credit - Each",1.24,1.06
1468,2026-07-24,"2026-07-16","Mini",1,53.2
622,2026-07-24,"2026-07-16","Kirkwood Pickup Time (2.0 @1:30-2) - @1:30-2",1,0
622,2026-07-24,"2026-07-16","Ground Lamb  - Lb.",1,15
622,2026-07-24,"2026-07-16","Watermelon - Seedless (1.0 Large) - Large",1,12
622,2026-07-24,"2026-07-16","Extra Credit - Each",1.5,1.06
622,2026-07-24,"2026-07-16","UCA/KWA",1,79.79
958,2026-07-24,"2026-07-16","Peanut Butter MC - Tub",1,7.75
958,2026-07-24,"2026-07-16","Flaked Salmon - Lb.",1,15.92
958,2026-07-24,"2026-07-16","Janie's Bread - Thursday - Each",1,7
958,2026-07-24,"2026-07-16","Extra Credit - Each",4.17,1.06
958,2026-07-24,"2026-07-16","FSA/FSD",1,79.79
793,2026-07-24,"2026-07-16","Eggs - Dozen",1,6.5
793,2026-07-24,"2026-07-16","Light and Mild - T - Loaf",1,8.25
793,2026-07-24,"2026-07-16","Oat Porridge Bread - T - Each",1,9
793,2026-07-24,"2026-07-16","Tomatoes - Heirloom - Bag",1,8.5
793,2026-07-24,"2026-07-16","Tomatoes - Slicing - Bag",1,6.5
793,2026-07-24,"2026-07-16","Extra Credit - Each",15.75,1.06
793,2026-07-24,"2026-07-16","Mini",1,53.2
856,2026-07-24,"2026-07-16","Beans - Green - Bag",1,4.25
856,2026-07-24,"2026-07-16","Beets - No Tops - Lb.",1,6.5
856,2026-07-24,"2026-07-16","Blueberries - Pint",1,7
856,2026-07-24,"2026-07-16","Cantaloupe (1.0 Medium) - Medium",1,7
856,2026-07-24,"2026-07-16","Eggplant - Little Finger - Bag",1,6
856,2026-07-24,"2026-07-16","Eggs - H - Dozen",1,6.5
856,2026-07-24,"2026-07-16","Peaches - Bag",1,7
856,2026-07-24,"2026-07-16","Squash - Zucchini - Each",2,2.5
856,2026-07-24,"2026-07-16","Watermelon - Seedless (1.0 Large) - Large",1,12
856,2026-07-24,"2026-07-16","Extra Credit - Each",61.25,1.06
39,2026-07-24,"2026-07-16","Cucumbers - Pickling - Bag",1,3.5
39,2026-07-24,"2026-07-16","Aged Cheddar - HBC - Each",1,6.75
39,2026-07-24,"2026-07-16","Blackberries - Pint",1,7
39,2026-07-24,"2026-07-16","Carrots no tops - Lb.",1,6
39,2026-07-24,"2026-07-16","Eggs - Dozen",1,6.5
39,2026-07-24,"2026-07-16","Hummus - Garlic - Tub",1,6.75
39,2026-07-24,"2026-07-16","Louise's Cocoa Brownie Crisp Granola - Bag",1,11.15
39,2026-07-24,"2026-07-16","Marbled Rye - Thursday - Each",1,8.75
39,2026-07-24,"2026-07-16","Staff - include last wk's share - Bag",1,2
39,2026-07-24,"2026-07-16","Tomatoes - Carolina Gold - Bag",1,6.75
39,2026-07-24,"2026-07-16","Extra Credit - Each",40.15,1.06
39,2026-07-24,"2026-07-16","Mini",1,53.2
1750,2026-07-24,"2026-07-16","Eggs - Dozen",1,6.5
1750,2026-07-24,"2026-07-16","Mushrooms - Choice",1,8
1750,2026-07-24,"2026-07-16","Pork - Breakfast Bulk ($8.50) - Pack",1,8.5
1750,2026-07-24,"2026-07-16","Mini",1,53.2
652,2026-07-24,"2026-07-16","Milk - 2%  - Oz.",1,8.32
652,2026-07-24,"2026-07-16","Mothership Pickup Time (4.0 @5-5:30) - @5-5:30",1,0
652,2026-07-24,"2026-07-16","Peaches - Bag",1,7
652,2026-07-24,"2026-07-16","Pork - Bratwurst  - Pack",1,8.5
652,2026-07-24,"2026-07-16","Extra Credit - Each",2.07,1.06
652,2026-07-24,"2026-07-16","Half",1,84.79
1521,2026-07-24,"2026-07-16","Mothership Pickup Time (1.0 @3:30-4) - @3:30-4",1,0
1521,2026-07-24,"2026-07-16","Chicken Thighs - Boneless/lb. - Wee* - lbs",1,11.9
1521,2026-07-24,"2026-07-16","Eggs - Dozen",1,6.5
1521,2026-07-24,"2026-07-16","Sweet Corn - 5-pack",1,3.25
1521,2026-07-24,"2026-07-16","Tomatoes - Cherry Mix - Bag",1,6.75
1521,2026-07-24,"2026-07-16","Extra Credit - Each",5.4,1.06
1521,2026-07-24,"2026-07-16","Mini",1,53.2
900,2026-07-24,"2026-07-16","Mothership Pickup Time (1.0 @3:30-4) - @3:30-4",1,0
900,2026-07-24,"2026-07-16","Aged Cheddar - HBC - Each",1,6.75
900,2026-07-24,"2026-07-16","Cantaloupe (1.0 Medium) - Medium",1,7
900,2026-07-24,"2026-07-16","Hoagie - T - Each",1,3.5
900,2026-07-24,"2026-07-16","Peaches - Bag",1,7
900,2026-07-24,"2026-07-16","Sweet Corn - 5-pack",1,3.25
900,2026-07-24,"2026-07-16","Extra Credit - Each",1,1.06
900,2026-07-24,"2026-07-16","FSA/FSD",1,79.79
900,2026-07-24,"2026-07-16","Whole MILK",0,8.85
171,2026-07-24,"2026-07-16","Mothership Pickup Time (2.0 @4-4:30) - @4-4:30",1,0
171,2026-07-24,"2026-07-16","Blueberries - Pint",1,7
171,2026-07-24,"2026-07-16","Cinnamon Rolls - Frozen - Pack",1,6.75
171,2026-07-24,"2026-07-16","Eggs - Dozen",1,6.5
171,2026-07-24,"2026-07-16","Louise's Original Granola - Bag",1,10
171,2026-07-24,"2026-07-16","Onions - Mix - Pint",1,3
171,2026-07-24,"2026-07-16","Peaches - Bag",1,7
171,2026-07-24,"2026-07-16","Pork - Breakfast Bulk ($8.50) - Pack",1,8.5
171,2026-07-24,"2026-07-16","Pork Snack Sticks - Honey 4pk - Pack",2,10.3
171,2026-07-24,"2026-07-16","Potatoes - New - Bag",1,5.75
171,2026-07-24,"2026-07-16","Sourdough Bread - Frozen - Lb.",1,6.75
171,2026-07-24,"2026-07-16","Tomatoes - Sungold - Pint",1,7
171,2026-07-24,"2026-07-16","Yogurt - Blueberry - Oz.",1,7.1
171,2026-07-24,"2026-07-16","Yogurt - Strawberry - Oz.",1,7.1
171,2026-07-24,"2026-07-16","Extra Credit - Each",80.05,1.06
171,2026-07-24,"2026-07-16","Mini",1,53.2
904,2026-07-24,"2026-07-16","Eggs - BW - Dozen",1,6.5
904,2026-07-24,"2026-07-16","Mothership Pickup Time (3.0 @4:30-5) - @4:30-5",1,0
904,2026-07-24,"2026-07-16","Chicken Chorizo - Lb.",1,10.5
904,2026-07-24,"2026-07-16","Curds Applewood Smoked 10 oz - Bag",1,6.75
904,2026-07-24,"2026-07-16","Eggplant - Little Finger - Bag",1,6
904,2026-07-24,"2026-07-16","Pretzel - UL Thursday  - Each",1,3.75
904,2026-07-24,"2026-07-16","Extra Credit - Each",11.75,1.06
904,2026-07-24,"2026-07-16","Half",1,84.79
1440,2026-07-24,"2026-07-16","Bacon - Each",1,13.5
1440,2026-07-24,"2026-07-16","Chicken Breasts /lb. - Pack",1,11.22
1440,2026-07-24,"2026-07-16","Peppers - Jalapenos - 5-pack",1,3.5
1440,2026-07-24,"2026-07-16","Pork - Brats Cheddar DM - 4-pack",1,8.5
1440,2026-07-24,"2026-07-16","Pork - Bratwurst  - Pack",1,8.5
1440,2026-07-24,"2026-07-16","Extra Credit - Each",23.47,1.06
1440,2026-07-24,"2026-07-16","Half",1,84.79
1683,2026-07-24,"2026-07-16","Kirkwood Pickup Time - @1-1:30",1,0
1683,2026-07-24,"2026-07-16","Beans - Green - Bag",1,4.25
1683,2026-07-24,"2026-07-16","Cantaloupe (1.0 Medium) - Medium",1,7
1683,2026-07-24,"2026-07-16","Chicken Breasts /lb. - Pack",1,13.26
1683,2026-07-24,"2026-07-16","Maple Syrup 12 oz. - Jar",1,13
1683,2026-07-24,"2026-07-16","Extra Credit - Each",12.01,1.06
1683,2026-07-24,"2026-07-16","UCA/KWA",1,79.79
959,2026-07-24,"2026-07-16","Chicken - BULK Breasts /lb. - Pack",1,42.08
959,2026-07-24,"2026-07-16","Milk - 2%  - Oz.",1,8.32
959,2026-07-24,"2026-07-16","Mothership Pickup Time (1.0 @3:30-4) - @3:30-4",1,0
959,2026-07-24,"2026-07-16","Cantaloupe (1.0 Medium) - Medium",1,7
959,2026-07-24,"2026-07-16","Clean Plate Pantry Choice ($11.5) - Jar",1,11.5
959,2026-07-24,"2026-07-16","Rice - Basmati Choice - Bag",1,7.5
959,2026-07-24,"2026-07-16","Staff - include last wk's share - Bag",1,2
959,2026-07-24,"2026-07-16","Extra Credit - Each",27.58,1.06
959,2026-07-24,"2026-07-16","FSA/FSD",1,79.79
704,2026-07-24,"2026-07-22","Eggs - BW - Dozen",2,6.5
704,2026-07-24,"2026-07-22","Mothership Pickup Time (2.0 @4-4:30) - @4-4:30",1,0
704,2026-07-24,"2026-07-22","Blackberries - Pint",1,7
704,2026-07-24,"2026-07-22","Chocolate Chip Crunchy style GF Cookies - 2-pack",1,6
704,2026-07-24,"2026-07-22","Peaches - Bag",1,7
704,2026-07-24,"2026-07-22","Sourdough Bread - Frozen - Lb.",1,6.75
704,2026-07-24,"2026-07-22","oo'ma'me - Chinese - Jar",1,12.5
704,2026-07-24,"2026-07-22","Extra Credit - Each",16.5,1.06
704,2026-07-24,"2026-07-22","FSA/FSD",1,79.79
335,2026-07-24,"2026-07-22","Mothership Pickup Time (3.0 @4:30-5) - @4:30-5",1,0
335,2026-07-24,"2026-07-22","Chicken - Ground - Lb.",1,10.25
335,2026-07-24,"2026-07-22","English Muffin Sourdough - Frozen - Pack",2,5
335,2026-07-24,"2026-07-22","Extra Credit - Each",3.5,1.06
335,2026-07-24,"2026-07-22","Mini",1,53.2
291,2026-07-24,"2026-07-22","Mothership Pickup Time (1.0 @3:30-4) - @3:30-4",1,0
291,2026-07-24,"2026-07-22","Buttermilk - Qt.  - Quart",1,6.75
291,2026-07-24,"2026-07-22","Eggs - Dozen",1,6.5
291,2026-07-24,"2026-07-22","Light and Mild - Wednesday - Loaf",1,8.25
291,2026-07-24,"2026-07-22","Mozzarella HBC - Oz.",1,6.75
291,2026-07-24,"2026-07-22","Peaches - Bag",1,7
291,2026-07-24,"2026-07-22","Extra Credit - Each",11.5,1.06
291,2026-07-24,"2026-07-22","Half",1,84.79
1045,2026-07-24,"2026-07-22","Mothership Pickup Time (2.0 @4-4:30) - @4-4:30",1,0
1045,2026-07-24,"2026-07-22","$ for green bags donation - $",1,1
1045,2026-07-24,"2026-07-22","Cabbage - Red - Share",1,5
1045,2026-07-24,"2026-07-22","Eggs - Dozen",1,6.5
1045,2026-07-24,"2026-07-22","Peaches - Bag",1,7
1045,2026-07-24,"2026-07-22","Pork Italian Bulk - D&M - Lb.",1,8.5
1045,2026-07-24,"2026-07-22","Sesame Hoagie -W - Each",1,3.8
1045,2026-07-24,"2026-07-22","Extra Credit - Each",8.05,1.06
1045,2026-07-24,"2026-07-22","Half",1,84.79
1983,2026-07-24,"2026-07-22","Eggs - BW - Dozen",1,6.5
1983,2026-07-24,"2026-07-22","Sugar Free - Strawberry Rhubarb - Pint",1,7.75
1983,2026-07-24,"2026-07-22","Mothership Pickup Time (1.0 @3:30-4) - @3:30-4",1,0
1983,2026-07-24,"2026-07-22","Aged Cheddar - HBC - Each",1,6.75
1983,2026-07-24,"2026-07-22","Beef - Stew Meat - Pack",1,10.5
1983,2026-07-24,"2026-07-22","Blackberries - Pint",1,7
1983,2026-07-24,"2026-07-22","Eggs - Dozen",1,6.5
1983,2026-07-24,"2026-07-22","Feta Cheese - HBC - Each",1,6.75
1983,2026-07-24,"2026-07-22","Popcorn - McKaskle - Lb.",1,5.75
1983,2026-07-24,"2026-07-22","Tomatoes - Sungold - Pint",1,7
1983,2026-07-24,"2026-07-22","Extra Credit - Each",47.75,1.06
1983,2026-07-24,"2026-07-22","Mini",1,53.2
903,2026-07-24,"2026-07-22","Chicken - Ground - Lb.",1,10.25
903,2026-07-24,"2026-07-22","Eggs - Dozen",1,6.5
903,2026-07-24,"2026-07-22","Mini",1,53.2
262,2026-07-24,"2026-07-22","Milk - 2%  - Oz.",2,8.32
262,2026-07-24,"2026-07-22","Eggs - BW - Dozen",1,6.5
262,2026-07-24,"2026-07-22","UCity Pickup Time - @4:10-4:30",1,0
262,2026-07-24,"2026-07-22","Brisket - half/lb. - lbs",2,25.73
262,2026-07-24,"2026-07-22","Eggs - H - Dozen",2,6.5
262,2026-07-24,"2026-07-22","Flaked Salmon - Lb.",1,16.35
262,2026-07-24,"2026-07-22","Ground Beef - D&M - Lb.",2,10.5
262,2026-07-24,"2026-07-22","Extra Credit - Each",101.2,1.06
262,2026-07-24,"2026-07-22","Half",1,68.89
1038,2026-07-24,"2026-07-22","Milk - Whole - Oz.",1,8.32
1038,2026-07-24,"2026-07-22","Mothership Pickup Time (4.0 @5-5:30) - @5-5:30",1,0
1038,2026-07-24,"2026-07-22","Dark Chocolate Square  - Each",1,1.75
1038,2026-07-24,"2026-07-22","Yogurt - Plain - Oz.",1,7.1
1038,2026-07-24,"2026-07-22","Extra Credit - Each",0.42,1.06
1038,2026-07-24,"2026-07-22","Mini",1,53.2
1197,2026-07-24,"2026-07-22","Eggs - BW - Dozen",2,6.5
1197,2026-07-24,"2026-07-22","UCity Pickup Time (3.0 @5-5:30) - @5-5:30",1,0
1197,2026-07-24,"2026-07-22","Cantaloupe (1.0 Medium) - Medium",1,7
1197,2026-07-24,"2026-07-22","Chicken Links - Andouille  - Lb.",1,10.5
1197,2026-07-24,"2026-07-22","Pork - Brats Cheddar DM - 4-pack",1,8.5
1197,2026-07-24,"2026-07-22","Extra Credit - Each",39,1.06
1039,2026-07-24,"2026-07-22","UCity Pickup Time (3.0 @5-5:30) - @5-5:30",1,0
1039,2026-07-24,"2026-07-22","Bacon - Each",1,13.5
1039,2026-07-24,"2026-07-22","Olive Oil Small - ML",1,8.5
1039,2026-07-24,"2026-07-22","Pork - Brats Cheddar DM - 4-pack",1,8.5
1039,2026-07-24,"2026-07-22","Extra Credit - Each",0.25,1.06
1039,2026-07-24,"2026-07-22","UCA/KWA",1,79.79
618,2026-07-24,"2026-07-22","Eggs - BW - Dozen",1,6.5
618,2026-07-24,"2026-07-22","Mothership Pickup Time (4.0 @5-5:30) - @5-5:30",1,0
618,2026-07-24,"2026-07-22","Bagels - Sesame Seed - BU - Bag",1,11.25
618,2026-07-24,"2026-07-22","Blackberries - Pint",1,7
618,2026-07-24,"2026-07-22","Seedy Wheaty - Frozen - Loaf",1,3.75
618,2026-07-24,"2026-07-22","Tomatoes - Sungold - Pint",1,7
618,2026-07-24,"2026-07-22","Yogurt - Plain - Oz.",1,7.1
618,2026-07-24,"2026-07-22","Yogurt - Vanilla - Oz.",1,7.1
618,2026-07-24,"2026-07-22","Extra Credit - Each",32.95,1.06
618,2026-07-24,"2026-07-22","Mini",1,53.2
1830,2026-07-24,"2026-07-22","Mothership Pickup Time (2.0 @4-4:30) - @4-4:30",1,0
1830,2026-07-24,"2026-07-22","Blackberries - Pint",1,7
1830,2026-07-24,"2026-07-22","Chicken - Ground - Lb.",1,10.25
1830,2026-07-24,"2026-07-22","Eggs - Dozen",1,6.5
1830,2026-07-24,"2026-07-22","Peppers - Green Bell - 2-pack",1,3.25
1830,2026-07-24,"2026-07-22","Tomatoes - Sungold - Pint",1,7
1830,2026-07-24,"2026-07-22","Extra Credit - Each",17.25,1.06
1830,2026-07-24,"2026-07-22","Mini",1,53.2
1830,2026-07-24,"2026-07-22","2% MILK",1,8.85
1713,2026-07-24,"2026-07-22","UCity Pickup Time - @4:10-4:30",1,0
1713,2026-07-24,"2026-07-22","Beans - Green - Bag",2,4.25
1713,2026-07-24,"2026-07-22","Onions - Mix - Pint",1,3
1713,2026-07-24,"2026-07-22","Peaches - Bag",2,7
1713,2026-07-24,"2026-07-22","Tomatoes - Cherry Wildcard - Pint",1,5
1713,2026-07-24,"2026-07-22","Extra Credit - Each",30.5,1.06
228,2026-07-24,"2026-07-22","UCity Pickup Time (2.0 @4:30-5) - @4:30-5",1,0
228,2026-07-24,"2026-07-22","Chicken - Ground - Lb.",1,10.25
228,2026-07-24,"2026-07-22","Mushrooms (1.0 Maitake (Hen of the Woods)) - Maitake (Hen of the Woods)",1,8
228,2026-07-24,"2026-07-22","Extra Credit - Each",1.5,1.06
228,2026-07-24,"2026-07-22","Mini",1,53.2
1489,2026-07-24,"2026-07-22","Eggs - BW - Dozen",1,6.5
1489,2026-07-24,"2026-07-22","Mothership Pickup Time (1.0 @3:30-4) - @3:30-4",1,0
1489,2026-07-24,"2026-07-22","Hoagie - Wednesday - Each",1,3.5
1489,2026-07-24,"2026-07-22","Seedy Wheaty - Frozen - Loaf",1,3.75
1489,2026-07-24,"2026-07-22","Tomatoes - Heirloom - Bag",1,9
1489,2026-07-24,"2026-07-22","Half",1,84.79
282,2026-07-24,"2026-07-22","Cheese Choice $6.75 - Each",1,6.75
282,2026-07-24,"2026-07-22","Eggs - Dozen",1,6.5
282,2026-07-24,"2026-07-22","Ground Beef - D&M - Lb.",1,10.5
282,2026-07-24,"2026-07-22","Half",1,84.79
1203,2026-07-24,"2026-07-22","Mothership Pickup Time (2.0 @4-4:30) - @4-4:30",1,0
1203,2026-07-24,"2026-07-22","Beans - Green - Bag",1,4.25
1203,2026-07-24,"2026-07-22","Chevre PF (1.0 Herb) - Herb",1,8.5
1203,2026-07-24,"2026-07-22","Eggplant - Little Finger - Bag",1,6
1203,2026-07-24,"2026-07-22","Eggs - Dozen",1,6.5
1203,2026-07-24,"2026-07-22","Mushrooms - Choice",1,8
1203,2026-07-24,"2026-07-22","Okra  - Bag",1,4.75
1203,2026-07-24,"2026-07-22","Extra Credit - Each",2.25,1.06
1203,2026-07-24,"2026-07-22","FSA/FSD",1,79.79
444,2026-07-24,"2026-07-22","Eggs - BW - Dozen",1,6.5
444,2026-07-24,"2026-07-22","UCity Pickup Time - @4:10-4:30",1,0
444,2026-07-24,"2026-07-22","Cantaloupe (1.0 Medium) - Medium",2,7
444,2026-07-24,"2026-07-22","Fresh Herb - Basil - Bunch",1,3.5
444,2026-07-24,"2026-07-22","Hot Sauce - Green - Oz.",1,7.25
444,2026-07-24,"2026-07-22","Onions - Yellow - lbs",1,4.5
444,2026-07-24,"2026-07-22","Pork - Bratwurst  - Pack",1,8.5
444,2026-07-24,"2026-07-22","Pretzel - UL Wednesday - Each",2,3.75
444,2026-07-24,"2026-07-22","RL Chocolate Milk - Bottle",2,2.75
444,2026-07-24,"2026-07-22","Tomatoes - Heirloom - Bag",1,9
444,2026-07-24,"2026-07-22","Extra Credit - Each",36,1.06
444,2026-07-24,"2026-07-22","UCA/KWA",1,79.79
828,2026-07-24,"2026-07-22","Chicken - Big Bag Deboned Thighs/lb. - Bag",1,40.76
828,2026-07-24,"2026-07-22","Ground Beef - D&M - Lb.",1,10.5
828,2026-07-24,"2026-07-22","Extra Credit - Each",34.51,1.06
828,2026-07-24,"2026-07-22","Mini",1,53.2
1799,2026-07-24,"2026-07-22","Eggs - BW - Dozen",1,6.5
1799,2026-07-24,"2026-07-22","Mothership Pickup Time (3.0 @4:30-5) - @4:30-5",1,0
1799,2026-07-24,"2026-07-22","Argentine Red Shrimp 2 LB - Lb.",1,58.05
1799,2026-07-24,"2026-07-22","Bacon - Each",1,14.72
1799,2026-07-24,"2026-07-22","Beef Kabob Meat - Lb.",1,12.75
1799,2026-07-24,"2026-07-22","Blackberries - Pint",1,7
1799,2026-07-24,"2026-07-22","Chevre PF - Choice",1,8.5
1799,2026-07-24,"2026-07-22","Eggs - Dozen",1,6.5
1799,2026-07-24,"2026-07-22","Marbled Rye -Wednesday - Loaf",1,8.75
1799,2026-07-24,"2026-07-22","Mushrooms (1.0 Shiitake) - Shiitake",1,8
1799,2026-07-24,"2026-07-22","Pretzel - UL Wednesday - Each",1,3.75
1799,2026-07-24,"2026-07-22","Extra Credit - Each",98.77,1.06
1799,2026-07-24,"2026-07-22","FSA/FSD",1,79.79
501,2026-07-24,"2026-07-22","Yogurt - Greek Plain - Oz.",1,7.1
501,2026-07-24,"2026-07-22","Mothership Pickup Time (4.0 @5-5:30) - @5-5:30",1,0
501,2026-07-24,"2026-07-22","Bagels - Everything - Frozen - Bag",1,6.75
501,2026-07-24,"2026-07-22","Blackberries - Frozen (1.0 Large) - Large",1,10.5
501,2026-07-24,"2026-07-22","Canary Crenshaw Melon - Each",1,5
501,2026-07-24,"2026-07-22","Peppers - Bulgarian Roasting - 4-pack",1,3
501,2026-07-24,"2026-07-22","Peppers - Carmen - 2-pack",1,3
501,2026-07-24,"2026-07-22","Peppers - Jimmy Nardello - Bag",1,3
501,2026-07-24,"2026-07-22","Extra Credit - Each",21.6,1.06
501,2026-07-24,"2026-07-22","Mini",1,53.2
1286,2026-07-24,"2026-07-22","Mothership Pickup Time (1.0 @3:30-4) - @3:30-4",1,0
1286,2026-07-24,"2026-07-22","Black Pepper Cheddar - Each",1,6.75
1286,2026-07-24,"2026-07-22","Honey - Pint - Jar",1,11.5
1286,2026-07-24,"2026-07-22","Peaches - Bag",1,7
1286,2026-07-24,"2026-07-22","Extra Credit - Each",1.5,1.06
1286,2026-07-24,"2026-07-22","Half",1,84.79
1124,2026-07-24,"2026-07-22","Eggs - BW - Dozen",1,6.5
1124,2026-07-24,"2026-07-22","Mothership Pickup Time (4.0 @5-5:30) - @5-5:30",1,0
1124,2026-07-24,"2026-07-22","Eggs - Dozen",1,6.5
1124,2026-07-24,"2026-07-22","Onions - Yellow - lbs",1,4.5
1124,2026-07-24,"2026-07-22","Peppers - Carmen - 2-pack",1,3
1124,2026-07-24,"2026-07-22","Pita Bread - Frozen (1.0 Wheat) - Wheat",1,3.55
1124,2026-07-24,"2026-07-22","Extra Credit - Each",0.3,1.06
1124,2026-07-24,"2026-07-22","Half",1,84.79
296,2026-07-24,"2026-07-22","Cheese Choice $6.75 - Each",1,6.75
296,2026-07-24,"2026-07-22","Eggs - Dozen",1,6.5
296,2026-07-24,"2026-07-22","Ground Beef - D&M - Lb.",1,10.5
296,2026-07-24,"2026-07-22","Half",1,84.79
919,2026-07-24,"2026-07-22","Mothership Pickup Time (1.0 @3:30-4) - @3:30-4",1,0
919,2026-07-24,"2026-07-22","Chicken - Breakfast - Pack",1,10.5
919,2026-07-24,"2026-07-22","Chicken Links - Andouille  - Lb.",1,10.5
919,2026-07-24,"2026-07-22","Eggs - Dozen",1,6.5
919,2026-07-24,"2026-07-22","Extra Credit - Each",3.75,1.06
919,2026-07-24,"2026-07-22","Half",1,84.79
31,2026-07-24,"2026-07-22","Eggs - BW - Dozen",1,6.5
31,2026-07-24,"2026-07-22","Mothership Pickup Time (2.0 @4-4:30) - @4-4:30",1,0
31,2026-07-24,"2026-07-22","$ for green bags donation - $",1,1
31,2026-07-24,"2026-07-22","Aged Cheddar - HBC - Each",1,6.75
31,2026-07-24,"2026-07-22","Eggs - Dozen",1,6.5
31,2026-07-24,"2026-07-22","Peaches - Bag",1,7
31,2026-07-24,"2026-07-22","Popcorn - McKaskle - Lb.",1,5.75
31,2026-07-24,"2026-07-22","Extra Credit - Each",9.75,1.06
31,2026-07-24,"2026-07-22","Half",1,64.79
31,2026-07-24,"2026-07-22","2% MILK",0,8.85
1699,2026-07-24,"2026-07-22","UCity Pickup Time (2.0 @4:30-5) - @4:30-5",1,0
1699,2026-07-24,"2026-07-22","Light and Mild - Wednesday - Loaf",1,8.25
1699,2026-07-24,"2026-07-22","Peaches - Bag",1,7
1699,2026-07-24,"2026-07-22","Pretzel - UL Wednesday - Each",2,3.75
1699,2026-07-24,"2026-07-22","Ravioli - 4-Cheese - Lb.",1,9.15
1699,2026-07-24,"2026-07-22","Extra Credit - Each",1.65,1.06
1699,2026-07-24,"2026-07-22","UCA/KWA",1,79.79
1200,2026-07-24,"2026-07-22","UCity Pickup Time - @4:10-4:30",1,0
1200,2026-07-24,"2026-07-22","Beans - Green - Bag",1,4.25
1200,2026-07-24,"2026-07-22","Peaches - Bag",1,7
1200,2026-07-24,"2026-07-22","Extra Credit - Each",11.25,1.06
570,2026-07-24,"2026-07-22","UCity Pickup Time - @4:10-4:30",1,0
570,2026-07-24,"2026-07-22","Applewood Smoked Cheddar - Each",1,6.75
570,2026-07-24,"2026-07-22","Eggs - Dozen",1,6.5
570,2026-07-24,"2026-07-22","Ground Beef - D&M - Lb.",1,10.5
570,2026-07-24,"2026-07-22","Rice - Brown - Lb.",1,6.5
570,2026-07-24,"2026-07-22","Extra Credit - Each",6.5,1.06
570,2026-07-24,"2026-07-22","Half",1,68.89
1154,2026-07-24,"2026-07-22","Mothership Pickup Time (4.0 @5-5:30) - @5-5:30",1,0
1154,2026-07-24,"2026-07-22","Chicken - Ground - Lb.",1,10.25
1154,2026-07-24,"2026-07-22","Chicken Thighs - Boneless/lb. - lbs",1,9.98
1154,2026-07-24,"2026-07-22","Eggs - Dozen",1,6.5
1154,2026-07-24,"2026-07-22","Mushrooms (1.0 Shiitake) - Shiitake",1,8
1154,2026-07-24,"2026-07-22","Extra Credit - Each",1.98,1.06
1154,2026-07-24,"2026-07-22","Mini",1,53.2
541,2026-07-24,"2026-07-22","UCity Pickup Time (2.0 @4:30-5) - @4:30-5",1,0
541,2026-07-24,"2026-07-22","Eggplant - Globe - Each",1,3
541,2026-07-24,"2026-07-22","Melon - Orange Honeydew - Each",1,8
541,2026-07-24,"2026-07-22","Okra  - Bag",1,4.75
541,2026-07-24,"2026-07-22","Semolina - Wednesday - Loaf",1,7
541,2026-07-24,"2026-07-22","Watermelon - Seedless (1.0 Large) - Large",1,12
541,2026-07-24,"2026-07-22","Extra Credit - Each",4.5,1.06
541,2026-07-24,"2026-07-22","UCA/KWA",1,79.79
1559,2026-07-24,"2026-07-22","Walnuts - Oz.",1,12.75
1559,2026-07-24,"2026-07-22","UCity Pickup Time (3.0 @5-5:30) - @5-5:30",1,0
1559,2026-07-24,"2026-07-22","Blackberries - Pint",1,7
1559,2026-07-24,"2026-07-22","Cabbage - Red - Share",1,5
1559,2026-07-24,"2026-07-22","Cantaloupe (1.0 Small) - Small",1,6
1559,2026-07-24,"2026-07-22","Crunchy Peanut Butter - Jar",1,7.75
1559,2026-07-24,"2026-07-22","Eggs - Dozen",1,6.5
1559,2026-07-24,"2026-07-22","Honey - Pint - Jar",1,11.5
1559,2026-07-24,"2026-07-22","Marbled Rye -Wednesday - Loaf",1,8.75
1559,2026-07-24,"2026-07-22","Mozzarella HBC - Oz.",1,6.75
1559,2026-07-24,"2026-07-22","Onions - Mix - Pint",1,3
1559,2026-07-24,"2026-07-22","Peaches - Bag",1,7
1559,2026-07-24,"2026-07-22","Peppers - Jimmy Nardello - Bag",1,3
1559,2026-07-24,"2026-07-22","Squash - Zucchini - Each",1,2.5
1559,2026-07-24,"2026-07-22","Watermelon - Seedless (1.0 Large) - Large",1,12
1559,2026-07-24,"2026-07-22","Wild Cod/LB* - Pack",1,10.2
1559,2026-07-24,"2026-07-22","Extra Credit - Each",92.95,1.06
1559,2026-07-24,"2026-07-22","Mini",1,53.2
1098,2026-07-24,"2026-07-22","Pistachios - Oz.",1,14.25
1098,2026-07-24,"2026-07-22","Peanuts - Salted Blanched - Oz.",1,7.5
1098,2026-07-24,"2026-07-22","Walnuts - Oz.",1,12.75
1098,2026-07-24,"2026-07-22","Eggs - BW - Dozen",2,6.5
1098,2026-07-24,"2026-07-22","Cooler Donation - $",1,1
1098,2026-07-24,"2026-07-22","Cantaloupe (1.0 Medium) - Medium",1,7
1098,2026-07-24,"2026-07-22","Chicken Thighs - Boneless/lb. - lbs",1,12.25
1098,2026-07-24,"2026-07-22","Ground Beef - D&M - Lb.",1,10.5
1098,2026-07-24,"2026-07-22","Peaches - Bag",1,7
1098,2026-07-24,"2026-07-22","Semolina - Wednesday - Loaf",1,7
1098,2026-07-24,"2026-07-22","Watermelon - Seedless (1.0 Large) - Large",1,12
1098,2026-07-24,"2026-07-22","Extra Credit - Each",80.5,1.06
1098,2026-07-24,"2026-07-22","Half",1,68.89
1098,2026-07-24,"2026-07-22","2% MILK-o",1,8.85
557,2026-07-24,"2026-07-22","Mothership Pickup Time (1.0 @3:30-4) - @3:30-4",1,0
557,2026-07-24,"2026-07-22","Canary Crenshaw Melon - Each",1,5
557,2026-07-24,"2026-07-22","Chevre PF (1.0 Herb) - Herb",1,8.5
557,2026-07-24,"2026-07-22","Eggs - Dozen",1,6.5
557,2026-07-24,"2026-07-22","Meatballs D&M - Package",1,15
557,2026-07-24,"2026-07-22","Mushrooms (1.0 Shiitake) - Shiitake",1,8
557,2026-07-24,"2026-07-22","Extra Credit - Each",7.25,1.06
557,2026-07-24,"2026-07-22","FSA/FSD",1,79.79
288,2026-07-24,"2026-07-22","Mothership Pickup Time (1.0 @3:30-4) - @3:30-4",1,0
288,2026-07-24,"2026-07-22","Chicken - Ground - Lb.",1,10.25
288,2026-07-24,"2026-07-22","Honey - Pint - Jar",1,11.5
288,2026-07-24,"2026-07-22","Extra Credit - Each",5,1.06
288,2026-07-24,"2026-07-22","Mini",1,53.2
1896,2026-07-24,"2026-07-22","Mothership Pickup Time - @6:30-7",1,0
1896,2026-07-24,"2026-07-22","Chicken - Ground - Lb.",1,10.25
1896,2026-07-24,"2026-07-22","Chocolate Chip Crunchy style GF Cookies - 2-pack",1,6
1896,2026-07-24,"2026-07-22","Eggs - Dozen",1,6.5
1896,2026-07-24,"2026-07-22","Marbled Rye -Wednesday - Loaf",1,8.75
1896,2026-07-24,"2026-07-22","Oat Porridge Bread - Wednesday - Loaf",1,9
1896,2026-07-24,"2026-07-22","Peaches - Bag",1,7
1896,2026-07-24,"2026-07-22","Tomatoes - Sungold - Pint",1,7
1896,2026-07-24,"2026-07-22","Extra Credit - Each",37.75,1.06
1896,2026-07-24,"2026-07-22","Mini",1,53.2
667,2026-07-24,"2026-07-22","Chicken - BULK Breasts /lb. - Pack",1,41.75
667,2026-07-24,"2026-07-22","Chicken - Big Bag Deboned Thighs/lb. - Bag",1,10.23
667,2026-07-24,"2026-07-22","UCity Pickup Time (3.0 @5-5:30) - @5-5:30",1,0
667,2026-07-24,"2026-07-22","Extra Credit - Each",34.23,1.06
667,2026-07-24,"2026-07-22","Mini",1,53.2
1000,2026-07-24,"2026-07-22","UCity Pickup Time (3.0 @5-5:30) - @5-5:30",1,0
1000,2026-07-24,"2026-07-22","Eggs - Dozen",1,6.5
1000,2026-07-24,"2026-07-22","Pork - Tenderloin/lb - Lb.",1,15.93
1000,2026-07-24,"2026-07-22","Extra Credit - Each",5.68,1.06
1000,2026-07-24,"2026-07-22","Mini",1,53.2
824,2026-07-24,"2026-07-22","Chicken - Ground - Lb.",1,10.25
824,2026-07-24,"2026-07-22","Eggs - Dozen",1,6.5
824,2026-07-24,"2026-07-22","Mini",1,53.2
397,2026-07-24,"2026-07-22","Bagels - Everything - BU - Bag",1,11.25
397,2026-07-24,"2026-07-22","Chicken - Ground - Lb.",1,10.25
397,2026-07-24,"2026-07-22","Dark Chocolate Almond Bar - Pack",1,4.95
397,2026-07-24,"2026-07-22","Eggs - Dozen",1,6.5
397,2026-07-24,"2026-07-22","Hoagie - Wednesday - Each",1,3.5
397,2026-07-24,"2026-07-22","Olive Oil Medium - Bottle",1,15
397,2026-07-24,"2026-07-22","Extra Credit - Each",34.7,1.06
397,2026-07-24,"2026-07-22","Mini",1,53.2
100,2026-07-24,"2026-07-22","Mothership Pickup Time (3.0 @4:30-5) - @4:30-5",1,0
100,2026-07-24,"2026-07-22","Cantaloupe (1.0 Small) - Small",1,6
100,2026-07-24,"2026-07-22","Cinnamon Raisin Bread - 1-each",1,6.75
100,2026-07-24,"2026-07-22","Pork - Ground  - Lb.",1,7.5
100,2026-07-24,"2026-07-22","Pork Snack Sticks - 5 pk (1.0 Honey) - Honey",1,10.3
100,2026-07-24,"2026-07-22","Extra Credit - Each",13.8,1.06
100,2026-07-24,"2026-07-22","Mini",1,53.2
99,2026-07-24,"2026-07-22","Ground Turkey - Pack",1,10.25
99,2026-07-24,"2026-07-22","Mothership Pickup Time (4.0 @5-5:30) - @5-5:30",1,0
99,2026-07-24,"2026-07-22","Hamburger Buns - 4-pack",2,2.75
99,2026-07-24,"2026-07-22","Cantaloupe (1.0 Small) - Small",1,6
99,2026-07-24,"2026-07-22","Eggs - Dozen",1,6.5
99,2026-07-24,"2026-07-22","Janie's Bread - Wednesday - Each",1,7
77,2026-07-24,"2026-07-22","Mothership Pickup Time (1.0 @3:30-4) - @3:30-4",1,0
77,2026-07-24,"2026-07-22","Croissant - PIB - 1-each",1,2.8
77,2026-07-24,"2026-07-22","Eggs - Dozen",1,6.5
77,2026-07-24,"2026-07-22","Pork Breakfast Link D&M - Pack",1,8.5
77,2026-07-24,"2026-07-22","RL Chocolate Milk - Bottle",1,2.75
77,2026-07-24,"2026-07-22","Extra Credit - Each",3.8,1.06
77,2026-07-24,"2026-07-22","Mini",1,53.2
1923,2026-07-24,"2026-07-22","Gringo's Salsa Choice ($5) - Pint",1,5
1923,2026-07-24,"2026-07-22","Blackberries - Pint",1,7
1923,2026-07-24,"2026-07-22","Halibut/lb.* - Pack",1,26
1923,2026-07-24,"2026-07-22","Heirloom 2nds/3lbs bag - Lb.",1,8.5
1923,2026-07-24,"2026-07-22","Lamb Gyro w/ Feta & Spinach - Lb.",1,18
1923,2026-07-24,"2026-07-22","Mustard - Choice",1,6.5
1923,2026-07-24,"2026-07-22","Pork - Bratwurst  - Pack",1,8.5
1923,2026-07-24,"2026-07-22","Tomatoes - Sungold - Pint",1,7
1923,2026-07-24,"2026-07-22","Extra Credit - Each",56.25,1.06
1923,2026-07-24,"2026-07-22","UCA/KWA",1,79.79
1174,2026-07-24,"2026-07-22","Mothership Pickup Time (1.0 @3:30-4) - @3:30-4",1,0
1174,2026-07-24,"2026-07-22","Bagels - Pumpernickel - BU - Bag",1,11.25
1174,2026-07-24,"2026-07-22","Eggs - Dozen",1,6.5
1174,2026-07-24,"2026-07-22","Watermelon - Seedless (1.0 Large) - Large",1,12
1174,2026-07-24,"2026-07-22","Extra Credit - Each",6,1.06
1174,2026-07-24,"2026-07-22","Half",1,84.79
1879,2026-07-24,"2026-07-22","Mothership Pickup Time (3.0 @4:30-5) - @4:30-5",1,0
1879,2026-07-24,"2026-07-22","Beans - Green - Bag",1,4.25
1879,2026-07-24,"2026-07-22","Chicken - Ground - Lb.",1,10.25
1879,2026-07-24,"2026-07-22","Eggs - Dozen",1,6.5
1879,2026-07-24,"2026-07-22","Potatoes - New - Bag",1,5.75
1879,2026-07-24,"2026-07-22","Ribs - Baby Back/lb. - Lb.",1,19.71
1879,2026-07-24,"2026-07-22","Tomatillos  - Bag",1,4.75
1879,2026-07-24,"2026-07-22","Extra Credit - Each",34.46,1.06
1879,2026-07-24,"2026-07-22","Mini",1,53.2
70,2026-07-24,"2026-07-22","Eggs - BW - Dozen",1,6.5
70,2026-07-24,"2026-07-22","UCity Pickup Time - @4:10-4:30",1,0
70,2026-07-24,"2026-07-22","Beef - Filet 1-1.5#./lb - Pack",2,28.54
70,2026-07-24,"2026-07-22","Black Pepper Cheddar - Each",1,6.75
70,2026-07-24,"2026-07-22","Mustard (1.0 Horseradish) - Horseradish",1,6.5
70,2026-07-24,"2026-07-22","Pork - Bratwurst  - Pack",1,8.5
70,2026-07-24,"2026-07-22","Extra Credit - Each",50.08,1.06
70,2026-07-24,"2026-07-22","UCA/KWA",1,79.79
70,2026-07-24,"2026-07-22","Two Week Trial - 1 Full, 1 Mini Share",1,132.99
1498,2026-07-24,"2026-07-22","UCity Pickup Time - @4:10-4:30",1,0
1498,2026-07-24,"2026-07-22","Blackberries - Pint",1,7
1498,2026-07-24,"2026-07-22","Peaches - Bag",1,7
1498,2026-07-24,"2026-07-22","Peppers - Green Bell - 2-pack",1,3.25
1498,2026-07-24,"2026-07-22","Extra Credit - Each",0.5,1.06
1498,2026-07-24,"2026-07-22","Mini",1,53.2
526,2026-07-24,"2026-07-22","Milk - Chocolate - Oz.",1,9.39
526,2026-07-24,"2026-07-22","UCity Pickup Time - @4:10-4:30",1,0
526,2026-07-24,"2026-07-22","Hoagie - Wednesday - Each",1,3.5
526,2026-07-24,"2026-07-22","Pork - Bratwurst  - Pack",1,8.5
526,2026-07-24,"2026-07-22","Semolina - Wednesday - Loaf",1,7
526,2026-07-24,"2026-07-22","Tomatillos  - Bag",1,4.75
526,2026-07-24,"2026-07-22","Extra Credit - Each",2.89,1.06
526,2026-07-24,"2026-07-22","UCA/KWA",1,79.79
42,2026-07-24,"2026-07-22","Gringo's Salsa Choice ($5) - Pint",1,5
42,2026-07-24,"2026-07-22","UCity Pickup Time - @4:10-4:30",1,0
42,2026-07-24,"2026-07-22","Bacon - Each",1,13.5
42,2026-07-24,"2026-07-22","Bagels - Everything - BU - Bag",1,11.25
42,2026-07-24,"2026-07-22","Salmon - Fillet Pieces/LB* - Each",2,8.06
42,2026-07-24,"2026-07-22","Extra Credit - Each",15.62,1.06
42,2026-07-24,"2026-07-22","UCA/KWA",1,79.79
1030,2026-07-24,"2026-07-22","UCity Pickup Time (3.0 @5-5:30) - @5-5:30",1,0
1030,2026-07-24,"2026-07-22","Dark Bar 72% - Package",1,3
1030,2026-07-24,"2026-07-22","Dark Chocolate Square  - Each",1,1.75
1030,2026-07-24,"2026-07-22","Honey - Squeeze Bottle - Bottle",1,11.5
1030,2026-07-24,"2026-07-22","Pork - Bratwurst  - Pack",1,8.5
1030,2026-07-24,"2026-07-22","Semolina - Wednesday - Loaf",1,7
1030,2026-07-24,"2026-07-22","Extra Credit - Each",1.5,1.06
1030,2026-07-24,"2026-07-22","UCA/KWA",1,79.79
1448,2026-07-24,"2026-07-22","Eggs - BW - Dozen",2,6.5
1448,2026-07-24,"2026-07-22","Chicken - Thighs /lbs  - lbs",1,8.88
1448,2026-07-24,"2026-07-22","Extra Credit - Each",11.28,1.06
1448,2026-07-24,"2026-07-22","Mini",1,53.2
145,2026-07-24,"2026-07-22","Eggs - BW - Dozen",1,6.5
145,2026-07-24,"2026-07-22","Mothership Pickup Time (1.0 @3:30-4) - @3:30-4",1,0
145,2026-07-24,"2026-07-22","Squash - Summer - Each",2,2
145,2026-07-24,"2026-07-22","Tomatoes - Sungold - Pint",1,7
145,2026-07-24,"2026-07-22","Extra Credit - Each",0.75,1.06
145,2026-07-24,"2026-07-22","Mini",1,53.2
863,2026-07-24,"2026-07-22","Watermelon - Seeded (1.0 Large) - Large",1,12
863,2026-07-24,"2026-07-22","Mothership Pickup Time - @6:30-7",1,0
863,2026-07-24,"2026-07-22","Blackberries - Pint",1,7
863,2026-07-24,"2026-07-22","Chevre PF (1.0 Herb) - Herb",1,8.5
863,2026-07-24,"2026-07-22","Mushrooms (1.0 Shiitake) - Shiitake",1,8
863,2026-07-24,"2026-07-22","FSA/FSD",1,79.79
911,2026-07-24,"2026-07-22","Eggs - BW - Dozen",1,6.5
911,2026-07-24,"2026-07-22","Mothership Pickup Time (4.0 @5-5:30) - @5-5:30",1,0
911,2026-07-24,"2026-07-22","Bagels - Cinnamon Raisin - BU - Bag",1,11.25
911,2026-07-24,"2026-07-22","Chocolate Chip Crunchy style GF Cookies - 2-pack",1,6
911,2026-07-24,"2026-07-22","RL Chocolate Milk - Bottle",2,2.75
911,2026-07-24,"2026-07-22","Extra Credit - Each",5.5,1.06
911,2026-07-24,"2026-07-22","Half",1,68.89
962,2026-07-24,"2026-07-22","Jam - Red Cherry HBY - Pint",1,7.75
962,2026-07-24,"2026-07-22","Jam - Strawberry HBY - Pint",1,7
962,2026-07-24,"2026-07-22","Mothership Pickup Time (5.0 @5:30-6) - @5:30-6",1,0
962,2026-07-24,"2026-07-22","Eggs - Dozen",1,6.5
962,2026-07-24,"2026-07-22","Mushrooms (1.0 Shiitake) - Shiitake",1,8
962,2026-07-24,"2026-07-22","Peaches - Bag",1,7
962,2026-07-24,"2026-07-22","Extra Credit - Each",12.5,1.06
962,2026-07-24,"2026-07-22","Half",1,84.79
125,2026-07-24,"2026-07-22","Melon - Orange Honeydew - Each",1,8
125,2026-07-24,"2026-07-22","Olive Oil Small - ML",1,8.5
125,2026-07-24,"2026-07-22","Peaches - Bag",1,7
125,2026-07-24,"2026-07-22","Pork - Bratwurst  - Pack",1,8.5
125,2026-07-24,"2026-07-22","Extra Credit - Each",1.75,1.06
125,2026-07-24,"2026-07-22","UCA/KWA",1,79.79
186,2026-07-24,"2026-07-22","Mothership Pickup Time (5.0 @5:30-6) - @5:30-6",1,0
186,2026-07-24,"2026-07-22","Chicken - Ground - Lb.",1,10.25
186,2026-07-24,"2026-07-22","Eggs - Dozen",1,6.5
186,2026-07-24,"2026-07-22","Mini",1,53.2
1512,2026-07-24,"2026-07-22","UCity Pickup Time - @4:10-4:30",1,0
1512,2026-07-24,"2026-07-22","Cheese Choice $6.75 - Each",1,6.75
1512,2026-07-24,"2026-07-22","Eggs - Dozen",1,6.5
1512,2026-07-24,"2026-07-22","Ground Beef - D&M - Lb.",1,10.5
1512,2026-07-24,"2026-07-22","Half",1,68.89
356,2026-07-24,"2026-07-22","UCity Pickup Time (2.0 @4:30-5) - @4:30-5",1,0
356,2026-07-24,"2026-07-22","Canary Crenshaw Melon - Each",1,5
356,2026-07-24,"2026-07-22","Chicken Breasts /lb. - Pack",2,12.84
356,2026-07-24,"2026-07-22","Extra Credit - Each",13.93,1.06
356,2026-07-24,"2026-07-22","Mini",1,53.2
520,2026-07-24,"2026-07-22","UCity Pickup Time - @4:10-4:30",1,0
520,2026-07-24,"2026-07-22","Cabbage - Red - Share",1,5
520,2026-07-24,"2026-07-22","Heirloom 2nds/3lbs bag - Lb.",1,8.5
520,2026-07-24,"2026-07-22","Peaches - Bag",1,7
520,2026-07-24,"2026-07-22","Tomatoes - Slicing - Bag",1,6.5
520,2026-07-24,"2026-07-22","Extra Credit - Each",10.25,1.06
520,2026-07-24,"2026-07-22","Mini",1,53.2
520,2026-07-24,"2026-07-22","Whole MILK",1,8.85
156,2026-07-24,"2026-07-22","Mothership Pickup Time (2.0 @4-4:30) - @4-4:30",1,0
156,2026-07-24,"2026-07-22","Beans - Green - Bag",1,4.25
156,2026-07-24,"2026-07-22","Cabbage - Red - Share",1,5
156,2026-07-24,"2026-07-22","Mushrooms (1.0 Maitake (Hen of the Woods)) - Maitake (Hen of the Woods)",1,8
156,2026-07-24,"2026-07-22","Peaches - Bag",1,7
156,2026-07-24,"2026-07-22","Extra Credit - Each",0.5,1.06
156,2026-07-24,"2026-07-22","Half",1,84.79
709,2026-07-24,"2026-07-22","Mothership Pickup Time (1.0 @3:30-4) - @3:30-4",1,0
709,2026-07-24,"2026-07-22","RL Heavy Cream  - Pint",1,7.75
709,2026-07-24,"2026-07-22","$ for green bags donation - $",1,1
709,2026-07-24,"2026-07-22","Beef Kabob Meat - Lb.",1,12.75
709,2026-07-24,"2026-07-22","Chicken - Whole $5.00/lb. - Each",1,22.5
709,2026-07-24,"2026-07-22","Coffee Stringbean Decaf - Bag",1,16
709,2026-07-24,"2026-07-22","Eggs - Dozen",1,6.5
709,2026-07-24,"2026-07-22","Fresh Herb - Basil - Bunch",1,3.5
709,2026-07-24,"2026-07-22","Onions - Yellow - lbs",1,4.5
709,2026-07-24,"2026-07-22","Pork Shoulder/lb. - Each",1,37.96
709,2026-07-24,"2026-07-22","Salame - Finocchiona - Each",1,12.75
709,2026-07-24,"2026-07-22","Toffee - Package",2,7.5
709,2026-07-24,"2026-07-22","Extra Credit - Each",96.96,1.06
709,2026-07-24,"2026-07-22","FSA/FSD",1,79.79
709,2026-07-24,"2026-07-22","Whole MILK",1,8.85
1355,2026-07-24,"2026-07-22","Cheese Choice $6.75 - Each",1,6.75
1355,2026-07-24,"2026-07-22","Eggs - Dozen",1,6.5
1355,2026-07-24,"2026-07-22","Ground Beef - D&M - Lb.",1,10.5
1355,2026-07-24,"2026-07-22","Half",1,84.79
1355,2026-07-24,"2026-07-22","Eggs - Buttonwood",3,6.65
1355,2026-07-24,"2026-07-22","Whole MILK-o",1,8.85
1272,2026-07-24,"2026-07-22","Mothership Pickup Time (3.0 @4:30-5) - @4:30-5",1,0
1272,2026-07-24,"2026-07-22","Apple Sauce - w/sugar - qt. - Jar",1,7.75
1272,2026-07-24,"2026-07-22","Cantaloupe (1.0 Medium) - Medium",1,7
1272,2026-07-24,"2026-07-22","Ravioli - Butternut Squash  - Lb.",1,9.15
1272,2026-07-24,"2026-07-22","Extra Credit - Each",0.15,1.06
1272,2026-07-24,"2026-07-22","Half",1,84.79
763,2026-07-24,"2026-07-22","Beef Kabob Meat - Lb.",1,12.75
763,2026-07-24,"2026-07-22","Chevre PF - Choice",1,8.5
763,2026-07-24,"2026-07-22","Eggs - Dozen",1,6.5
763,2026-07-24,"2026-07-22","Mushrooms - Choice",1,8
763,2026-07-24,"2026-07-22","FSA/FSD",1,79.79
1707,2026-07-24,"2026-07-22","Mothership Pickup Time (2.0 @4-4:30) - @4-4:30",1,0
1707,2026-07-24,"2026-07-22","Blackberries - Pint",1,7
1707,2026-07-24,"2026-07-22","Fresh Herb - Basil - Bunch",1,3.5
1707,2026-07-24,"2026-07-22","Peaches - Bag",1,7
1707,2026-07-24,"2026-07-22","Tomatoes - Sungold - Pint",1,7
1707,2026-07-24,"2026-07-22","Extra Credit - Each",7.75,1.06
1707,2026-07-24,"2026-07-22","Mini",1,53.2
423,2026-07-24,"2026-07-22","Mothership Pickup Time (6.0 @6-6:30) - @6-6:30",1,0
423,2026-07-24,"2026-07-22","Beef - Filet 1-1.5#./lb - Pack",1,29.93
423,2026-07-24,"2026-07-22","Beef Kabob Meat - Lb.",1,12.75
423,2026-07-24,"2026-07-22","Blackberries - Pint",12,7
423,2026-07-24,"2026-07-22","Deli Roast Beef - Lb.",1,22.5
423,2026-07-24,"2026-07-22","Eggs - Dozen",1,6.5
423,2026-07-24,"2026-07-22","Tomatoes - Heirloom - Bag",1,9
423,2026-07-24,"2026-07-22","Yogurt - Vanilla - Oz.",1,7.1
423,2026-07-24,"2026-07-22","Extra Credit - Each",136.03,1.06
423,2026-07-24,"2026-07-22","FSA/FSD",1,79.79
1459,2026-07-24,"2026-07-22","Mothership Pickup Time (3.0 @4:30-5) - @4:30-5",1,0
1459,2026-07-24,"2026-07-22","Cheese Choice $6.75 - Each",1,6.75
1459,2026-07-24,"2026-07-22","Curds Applewood Smoked 10 oz - Bag",1,6.75
1459,2026-07-24,"2026-07-22","Eggs - Dozen",1,6.5
1459,2026-07-24,"2026-07-22","Ground Beef - D&M - Lb.",1,10.5
1459,2026-07-24,"2026-07-22","Hoagie - PIB - 6-pack",1,6.75
1459,2026-07-24,"2026-07-22","Popped Corn - Organic - Bag",1,3
1459,2026-07-24,"2026-07-22","Extra Credit - Each",16.5,1.06
1459,2026-07-24,"2026-07-22","Half",1,84.79
521,2026-07-24,"2026-07-22","Chicken - Ground - Lb.",1,10.25
521,2026-07-24,"2026-07-22","Eggs - Dozen",1,6.5
521,2026-07-24,"2026-07-22","Mini",1,53.2
1627,2026-07-24,"2026-07-22","Mothership Pickup Time (5.0 @5:30-6) - @5:30-6",1,0
1627,2026-07-24,"2026-07-22","Bacon - Uncured/lb - Pack",1,15.25
1627,2026-07-24,"2026-07-22","Cantaloupe (1.0 Large) - Large",1,7
1627,2026-07-24,"2026-07-22","Chevre PF - Choice",1,8.5
1627,2026-07-24,"2026-07-22","Chicken Thighs - Boneless/lb. - lbs",1.14,8.75
1627,2026-07-24,"2026-07-22","Eggs - Dozen",1,6.5
1627,2026-07-24,"2026-07-22","Extra Credit - Each",11.48,1.06
1627,2026-07-24,"2026-07-22","FSA/FSD",1,79.79
322,2026-07-24,"2026-07-22","Ghost Pepper Cheddar - Each",1,6.75
322,2026-07-24,"2026-07-22","Gnocchi - Garlic Chive  - Lb.",1,6.5
322,2026-07-24,"2026-07-22","Olive Oil Small - ML",1,8.5
322,2026-07-24,"2026-07-22","Pork - Bratwurst  - Pack",1,8.5
322,2026-07-24,"2026-07-22","UCA/KWA",1,79.79
681,2026-07-24,"2026-07-22","Applewood Smoked Cheddar - Each",1,6.75
681,2026-07-24,"2026-07-22","Eggplant - Globe - Each",1,3
681,2026-07-24,"2026-07-22","English Muffin Sourdough - Frozen - Pack",1,5
681,2026-07-24,"2026-07-22","Peppers - Bulgarian Roasting - 4-pack",1,3
681,2026-07-24,"2026-07-22","Pork - Bratwurst  - Pack",1,8.5
681,2026-07-24,"2026-07-22","Squash - Summer - Each",2,2
681,2026-07-24,"2026-07-22","UCA/KWA",1,79.79
984,2026-07-24,"2026-07-22","Gringo's Salsa Choice ($5) - Pint",1,5
984,2026-07-24,"2026-07-22","UCity Pickup Time - @4:10-4:30",1,0
984,2026-07-24,"2026-07-22","Cheese Choice $6.75 - Each",1,6.75
984,2026-07-24,"2026-07-22","Mustard - Choice",1,6.5
984,2026-07-24,"2026-07-22","Olive Oil Small - ML",1,8.5
984,2026-07-24,"2026-07-22","Pork - Bratwurst  - Pack",1,8.5
984,2026-07-24,"2026-07-22","Extra Credit - Each",5,1.06
984,2026-07-24,"2026-07-22","UCA/KWA",1,79.79
430,2026-07-24,"2026-07-22","UCity Pickup Time - @4:10-4:30",1,0
430,2026-07-24,"2026-07-22","Buttermilk - Qt.  - Quart",1,6.75
430,2026-07-24,"2026-07-22","Curds Garlic Herb HBC 10 oz  - Bag",1,6.75
430,2026-07-24,"2026-07-22","Eggs - Dozen",1,6.5
430,2026-07-24,"2026-07-22","Ground Beef - D&M - Lb.",1,10.5
430,2026-07-24,"2026-07-22","Pork - Tenderloin/lb - Lb.",1,13.23
430,2026-07-24,"2026-07-22","Extra Credit - Each",19.98,1.06
430,2026-07-24,"2026-07-22","Half",1,84.79
1474,2026-07-24,"2026-07-22","Bagels - Blueberry - BU - Bag",1,11.25
1474,2026-07-24,"2026-07-22","Blackberries - Pint",1,7
1474,2026-07-24,"2026-07-22","Eggs - Dozen",1,6.5
1474,2026-07-24,"2026-07-22","Pasta Long Egg - Lb.",1,6.5
1474,2026-07-24,"2026-07-22","Peaches - Bag",1,7
1474,2026-07-24,"2026-07-22","Extra Credit - Each",21.5,1.06
1474,2026-07-24,"2026-07-22","Mini",1,53.2
1048,2026-07-24,"2026-07-22","Gringo's Salsa Choice ($5) - Pint",1,5
1048,2026-07-24,"2026-07-22","Cheese Choice $6.75 - Each",1,6.75
1048,2026-07-24,"2026-07-22","Mustard - Choice",1,6.5
1048,2026-07-24,"2026-07-22","Olive Oil Small - ML",1,8.5
1048,2026-07-24,"2026-07-22","Pork - Bratwurst  - Pack",1,8.5
1048,2026-07-24,"2026-07-22","UCA/KWA",1,79.79
1255,2026-07-24,"2026-07-22","Eggs - BW - Dozen",1,6.5
1255,2026-07-24,"2026-07-22","Mothership Pickup Time (4.0 @5-5:30) - @5-5:30",1,0
1255,2026-07-24,"2026-07-22","Blackberries - Pint",1,7
1255,2026-07-24,"2026-07-22","Chicken Links - Sundried Tomato - lbs",1,10.5
1255,2026-07-24,"2026-07-22","Light and Mild - Wednesday - Loaf",1,8.25
1255,2026-07-24,"2026-07-22","Extra Credit - Each",13,1.06
1255,2026-07-24,"2026-07-22","Mini",1,53.2
1255,2026-07-24,"2026-07-22","2% MILK",1,8.85
1255,2026-07-24,"2026-07-22","Half & Half",1,5.05
1162,2026-07-24,"2026-07-22","Mothership Pickup Time (1.0 @3:30-4) - @3:30-4",1,0
1162,2026-07-24,"2026-07-22","Eggs - Dozen",1,6.5
1162,2026-07-24,"2026-07-22","Ground Beef - D&M - Lb.",1,10.5
1162,2026-07-24,"2026-07-22","Extra Credit - Each",0.25,1.06
1162,2026-07-24,"2026-07-22","Mini",1,53.2
162,2026-07-24,"2026-07-22","UCity Pickup Time (3.0 @5-5:30) - @5-5:30",1,0
162,2026-07-24,"2026-07-22","Eggs - Dozen",1,6.5
162,2026-07-24,"2026-07-22","Ground Beef - D&M - Lb.",1,10.5
162,2026-07-24,"2026-07-22","Squash - Summer - Each",3,2
162,2026-07-24,"2026-07-22","Tomatillos  - Bag",1,4.75
162,2026-07-24,"2026-07-22","Tomatoes - Heirloom - Bag",1,9
162,2026-07-24,"2026-07-22","Extra Credit - Each",13,1.06
162,2026-07-24,"2026-07-22","Half",1,84.79
1735,2026-07-24,"2026-07-22","UCity Pickup Time (2.0 @4:30-5) - @4:30-5",1,0
1735,2026-07-24,"2026-07-22","Pork Chop Bone-in /lb. - Lb.",1,23.68
1735,2026-07-24,"2026-07-22","Pork Cutlets /lb - Lb.",1,9.68
1735,2026-07-24,"2026-07-22","Tomatoes - Heirloom - Bag",1,9
1735,2026-07-24,"2026-07-22","Extra Credit - Each",12.11,1.06
1735,2026-07-24,"2026-07-22","UCA/KWA",1,79.79
627,2026-07-24,"2026-07-22","UCity Pickup Time - @4:10-4:30",1,0
627,2026-07-24,"2026-07-22","Chicken - Ground - Lb.",1,10.25
627,2026-07-24,"2026-07-22","Eggs - Dozen",1,6.5
627,2026-07-24,"2026-07-22","Mini",1,53.2
1014,2026-07-24,"2026-07-22","Chicken - Ground - Lb.",1,10.25
1014,2026-07-24,"2026-07-22","Eggs - Dozen",1,6.5
1014,2026-07-24,"2026-07-22","Mini",1,53.2
1014,2026-07-24,"2026-07-22","Eggs - Buttonwood",1,6.65
1427,2026-07-24,"2026-07-22","Mothership Pickup Time (1.0 @3:30-4) - @3:30-4",1,0
1427,2026-07-24,"2026-07-22","Chicken - Ground - Lb.",1,10.25
1427,2026-07-24,"2026-07-22","Peaches - Bag",1,7
1427,2026-07-24,"2026-07-22","Extra Credit - Each",0.5,1.06
1534,2026-07-24,"2026-07-22","Apple Sauce - w/sugar - qt. - Jar",1,7.75
1534,2026-07-24,"2026-07-22","Bagels - Everything - Frozen - Bag",1,6.75
1534,2026-07-24,"2026-07-22","Chicken Thighs - Boneless/lb. - lbs",1,9.45
1534,2026-07-24,"2026-07-22","Date Chocolate Syrup - Jar",1,12
1534,2026-07-24,"2026-07-22","German Quark HBC - Jar",1,6.75
1534,2026-07-24,"2026-07-22","Granola Bar - Each",4,3.8
1534,2026-07-24,"2026-07-22","Ground Beef - D&M - Lb.",1,10.5
1534,2026-07-24,"2026-07-22","Harvest Shreds - Naked 2lb. - Pack",1,24.5
1534,2026-07-24,"2026-07-22","Olive Oil Large - Bottle",1,18.5
1534,2026-07-24,"2026-07-22","Pita Bread - Frozen (1.0 Wheat) - Wheat",1,3.55
1534,2026-07-24,"2026-07-22","Pizza Sourdough - Frozen - Pack",1,5
1534,2026-07-24,"2026-07-22","Tomatoes - Sungold - Pint",1,7
1534,2026-07-24,"2026-07-22","Extra Credit - Each",103.2,1.06
1534,2026-07-24,"2026-07-22","Half",1,84.79
1534,2026-07-24,"2026-07-22","Whole MILK-o",1,8.85
643,2026-07-24,"2026-07-22","UCity Pickup Time (3.0 @5-5:30) - @5-5:30",1,0
643,2026-07-24,"2026-07-22","Beef Kabob Meat - Lb.",1,12.75
643,2026-07-24,"2026-07-22","Cinnamon Rolls - Frozen - Pack",1,6.75
643,2026-07-24,"2026-07-22","Eggs - Dozen",1,6.5
643,2026-07-24,"2026-07-22","German Quark HBC - Jar",1,6.75
643,2026-07-24,"2026-07-22","Staff - Something to ask Jamie - Oz.",1,0
643,2026-07-24,"2026-07-22","Sweet-n-Hot Pickle Spears - Quart",1,7.75
643,2026-07-24,"2026-07-22","Extra Credit - Each",4.75,1.06
643,2026-07-24,"2026-07-22","FSA/FSD",1,79.79
554,2026-07-24,"2026-07-22","Chicken - Ground - Lb.",1,10.25
554,2026-07-24,"2026-07-22","Eggs - Dozen",1,6.5
554,2026-07-24,"2026-07-22","Mini",1,53.2
240,2026-07-24,"2026-07-22","Mothership Pickup Time (1.0 @3:30-4) - @3:30-4",1,0
240,2026-07-24,"2026-07-22","Carrots no tops - Lb.",1,6
240,2026-07-24,"2026-07-22","Mustard (1.0 Horseradish) - Horseradish",1,6.5
240,2026-07-24,"2026-07-22","Peaches - Bag",1,7
240,2026-07-24,"2026-07-22","Potatoes - Purple Viking - lbs",1,6
240,2026-07-24,"2026-07-22","Watermelon - Seedless (1.0 Large) - Large",1,12
240,2026-07-24,"2026-07-22","Extra Credit - Each",1.75,1.06
240,2026-07-24,"2026-07-22","FSA/FSD",1,79.79
952,2026-07-24,"2026-07-22","Beef Kabob Meat - Lb.",1,12.75
952,2026-07-24,"2026-07-22","Chevre PF - Choice",1,8.5
952,2026-07-24,"2026-07-22","Eggs - Dozen",1,6.5
952,2026-07-24,"2026-07-22","Mushrooms - Choice",1,8
952,2026-07-24,"2026-07-22","FSA/FSD",1,79.79
107,2026-07-24,"2026-07-22","UCity Pickup Time - @4:10-4:30",1,0
107,2026-07-24,"2026-07-22","Chicken - Ground - Lb.",1,10.25
107,2026-07-24,"2026-07-22","Janie's Bread - Wednesday - Each",1,7
107,2026-07-24,"2026-07-22","Peaches - Bag",1,7
107,2026-07-24,"2026-07-22","Extra Credit - Each",7.5,1.06
107,2026-07-24,"2026-07-22","Mini",1,53.2
227,2026-07-24,"2026-07-22","UCity Pickup Time (3.0 @5-5:30) - @5-5:30",1,0
227,2026-07-24,"2026-07-22","Buttermilk Waffles Sourdough - Frozen - Pack",1,5
227,2026-07-24,"2026-07-22","Fresh Herb - Basil - Bunch",1,3.5
227,2026-07-24,"2026-07-22","Melon - Orange Honeydew - Each",1,8
227,2026-07-24,"2026-07-22","Sparkling Tea - Lavender Lemongrass - 4-pack",1,11.25
227,2026-07-24,"2026-07-22","Tomatoes - Slicing - Bag",1,6.5
227,2026-07-24,"2026-07-22","Extra Credit - Each",4,1.06
227,2026-07-24,"2026-07-22","UCA/KWA",1,79.79
1689,2026-07-24,"2026-07-22","UCity Pickup Time - @4:10-4:30",1,0
1689,2026-07-24,"2026-07-22","Cabbage - Red - Share",1,5
1689,2026-07-24,"2026-07-22","Eggs - Dozen",1,6.5
1689,2026-07-24,"2026-07-22","Granola Bar - Each",1,3.8
1689,2026-07-24,"2026-07-22","Okra  - Bag",1,4.75
1689,2026-07-24,"2026-07-22","Onions - Yellow - lbs",1,4.5
1689,2026-07-24,"2026-07-22","Peaches - Bag",1,7
1689,2026-07-24,"2026-07-22","Potatoes - New - Bag",1,5.75
1689,2026-07-24,"2026-07-22","Semolina - Wednesday - Loaf",1,7
1689,2026-07-24,"2026-07-22","Tomatoes - Cherry Wildcard - Pint",1,5
1689,2026-07-24,"2026-07-22","Tomatoes - Slicing - Bag",1,6.5
1689,2026-07-24,"2026-07-22","Extra Credit - Each",39.05,1.06
1689,2026-07-24,"2026-07-22","Mini",1,53.2
418,2026-07-24,"2026-07-22","UCity Pickup Time (2.0 @4:30-5) - @4:30-5",1,0
418,2026-07-24,"2026-07-22","Bagels - Egg - BU - Bag",1,11.25
418,2026-07-24,"2026-07-22","Eggs - H - Dozen",1,6.5
418,2026-07-24,"2026-07-22","Kale - Green Curly - Bag",1,5
418,2026-07-24,"2026-07-22","Oat Porridge Bread - Wednesday - Loaf",1,9
418,2026-07-24,"2026-07-22","Popcorn - McKaskle - Lb.",1,5.75
418,2026-07-24,"2026-07-22","Rice - Brown - Lb.",1,6.5
418,2026-07-24,"2026-07-22","Extra Credit - Each",27.25,1.06
418,2026-07-24,"2026-07-22","Mini",1,53.2
1407,2026-07-24,"2026-07-22","Eggs - BW - Dozen",2,6.5
1407,2026-07-24,"2026-07-22","Mothership Pickup Time (1.0 @3:30-4) - @3:30-4",1,0
1407,2026-07-24,"2026-07-22","Cabbage - Red - Share",1,5
1407,2026-07-24,"2026-07-22","Cantaloupe (1.0 Small) - Small",1,6
1407,2026-07-24,"2026-07-22","Chicken Breasts /lb. - Pack",1,10.03
1407,2026-07-24,"2026-07-22","Chicken Thighs - Boneless/lb. - lbs",2,10.15
1407,2026-07-24,"2026-07-22","Eggplant - Fairy Tale - Pint",1,5
1407,2026-07-24,"2026-07-22","Kale - Green Curly - Bag",1,5
1407,2026-07-24,"2026-07-22","Okra  - Bag",1,4.75
1407,2026-07-24,"2026-07-22","Extra Credit - Each",69.08,1.06
1506,2026-07-24,"2026-07-22","Eggs - BW - Dozen",1,6.5
1506,2026-07-24,"2026-07-22","UCity Pickup Time (2.0 @4:30-5) - @4:30-5",1,0
1506,2026-07-24,"2026-07-22","Aged Cheddar - HBC - Each",1,6.75
1506,2026-07-24,"2026-07-22","Chicken Breasts /lb. - Pack",2,10.2
1506,2026-07-24,"2026-07-22","Dark Bar 61% - Package",1,3
1506,2026-07-24,"2026-07-22","Toffee - Package",1,7.5
1506,2026-07-24,"2026-07-22","Extra Credit - Each",13.9,1.06
1506,2026-07-24,"2026-07-22","UCA/KWA",1,79.79
959,2026-07-24,"2026-07-22","Chicken - BULK Breasts /lb. - Pack",1,41.75
959,2026-07-24,"2026-07-22","Watermelon - Seeded (1.0 Large) - Large",1,12
959,2026-07-24,"2026-07-22","Stringbean Brazilian - Oz.",1,16
959,2026-07-24,"2026-07-22","Yogurt - Greek Plain - Oz.",1,7.1
959,2026-07-24,"2026-07-22","Pizza - Deluxe - Each",1,8.5
959,2026-07-24,"2026-07-22","Mothership Pickup Time (2.0 @4-4:30) - @4-4:30",1,0
959,2026-07-24,"2026-07-22","Beef Kabob Meat - Lb.",1,12.75
959,2026-07-24,"2026-07-22","Peppers - Carmen - 2-pack",1,3
959,2026-07-24,"2026-07-22","Peppers - Green Bell - 2-pack",2,3.25
959,2026-07-24,"2026-07-22","Extra Credit - Each",71.85,1.06
959,2026-07-24,"2026-07-22","FSA/FSD",1,79.79
883,2026-07-24,"2026-07-22","Chicken Breasts /lb. - Pack",1,10.03
883,2026-07-24,"2026-07-22","Peaches - Bag",1,7
883,2026-07-24,"2026-07-22","Ribs - Baby Back/lb. - Lb.",1,15.66
883,2026-07-24,"2026-07-22","Extra Credit - Each",15.94,1.06
883,2026-07-24,"2026-07-22","Mini",1,53.2
1871,2026-07-24,"2026-07-23","Mothership Pickup Time (2.0 @4-4:30) - @4-4:30",1,0
1871,2026-07-24,"2026-07-23","Bacon - Each",1,13.5
1871,2026-07-24,"2026-07-23","Cannoli - 2-pack",1,7
1871,2026-07-24,"2026-07-23","Eggs - Dozen",1,6.5
1871,2026-07-24,"2026-07-23","Melon - Orange Honeydew - Each",1,8
1871,2026-07-24,"2026-07-23","Extra Credit - Each",11.25,1.06
1871,2026-07-24,"2026-07-23","Half",1,84.79
1891,2026-07-24,"2026-07-23","Eggs - BW - Dozen",1,6.5
1891,2026-07-24,"2026-07-23","Kirkwood Pickup Time (2.0 @1:30-2) - @1:30-2",1,0
1891,2026-07-24,"2026-07-23","Mushrooms (1.0 Oyster) - Oyster",1,8
1891,2026-07-24,"2026-07-23","Peaches - Bag",1,7
1891,2026-07-24,"2026-07-23","Raviolini - Four Cheese - Lb.",1,9.15
1891,2026-07-24,"2026-07-23","Extra Credit - Each",0.4,1.06
1891,2026-07-24,"2026-07-23","UCA/KWA",1,79.79
1196,2026-07-24,"2026-07-23","Kirkwood Pickup Time - @1-1:30",1,0
1196,2026-07-24,"2026-07-23","Eggs - Dozen",1,6.5
1196,2026-07-24,"2026-07-23","Peaches - Bag",1,7
1196,2026-07-24,"2026-07-23","Popped Corn - Organic - Bag",1,3
1196,2026-07-24,"2026-07-23","Watermelon - Seedless (1.0 Large) - Large",1,12
1196,2026-07-24,"2026-07-23","Extra Credit - Each",11.75,1.06
1196,2026-07-24,"2026-07-23","Mini",1,53.2
192,2026-07-24,"2026-07-23","Yogurt - Greek Plain - Oz.",1,7.1
192,2026-07-24,"2026-07-23","Kirkwood Pickup Time - @1-1:30",1,0
192,2026-07-24,"2026-07-23","Eggs - Dozen",1,6.5
192,2026-07-24,"2026-07-23","Light and Mild - T - Loaf",1,8.25
192,2026-07-24,"2026-07-23","Extra Credit - Each",2.6,1.06
192,2026-07-24,"2026-07-23","Mini",1,53.2
192,2026-07-24,"2026-07-23","2% MILK",1,8.85
1977,2026-07-24,"2026-07-23","Mothership Pickup Time (1.0 @3:30-4) - @3:30-4",1,0
1977,2026-07-24,"2026-07-23","Cantaloupe (1.0 Small) - Small",1,6
1977,2026-07-24,"2026-07-23","Eggs - Dozen",1,6.5
1977,2026-07-24,"2026-07-23","Watermelon - Seedless (1.0 Large) - Large",1,12
1977,2026-07-24,"2026-07-23","Extra Credit - Each",0.75,1.06
1977,2026-07-24,"2026-07-23","Half",1,84.79
1386,2026-07-24,"2026-07-23","Eggs - BW - Dozen",1,6.5
1386,2026-07-24,"2026-07-23","Kirkwood Pickup Time - @1-1:30",1,0
1386,2026-07-24,"2026-07-23","Beans - Green - Bag",1,4.25
1386,2026-07-24,"2026-07-23","Cantaloupe (1.0 Small) - Small",1,6
1386,2026-07-24,"2026-07-23","Peppers - Carmen - 2-pack",1,3
1386,2026-07-24,"2026-07-23","Tomatoes - Cherry Wildcard - Pint",1,5
1386,2026-07-24,"2026-07-23","Tomatoes - Sungold - Pint",1,7
1386,2026-07-24,"2026-07-23","Extra Credit - Each",1.5,1.06
1386,2026-07-24,"2026-07-23","UCA/KWA",1,79.79
1488,2026-07-24,"2026-07-23","Eggs - BW - Dozen",1,6.5
1488,2026-07-24,"2026-07-23","Kirkwood Pickup Time - @1-1:30",1,0
1488,2026-07-24,"2026-07-23","Cantaloupe (1.0 Small) - Small",1,6
1488,2026-07-24,"2026-07-23","English Muffin Sourdough - Frozen - Pack",1,5
1488,2026-07-24,"2026-07-23","FF Dish - Saag Paneer - Pint",1,13.5
1488,2026-07-24,"2026-07-23","UCA/KWA",1,79.79
1488,2026-07-24,"2026-07-23","2% MILK",1,8.85
566,2026-07-24,"2026-07-23","Mothership Pickup Time (3.0 @4:30-5) - @4:30-5",1,0
566,2026-07-24,"2026-07-23","Cheese Choice $6.75 - Each",1,6.75
566,2026-07-24,"2026-07-23","Eggs - Dozen",1,6.5
566,2026-07-24,"2026-07-23","Ground Beef - D&M - Lb.",1,10.5
566,2026-07-24,"2026-07-23","Half",1,84.79
287,2026-07-24,"2026-07-23","Mothership Pickup Time (1.0 @3:30-4) - @3:30-4",1,0
287,2026-07-24,"2026-07-23","Cantaloupe (1.0 Small) - Small",1,6
287,2026-07-24,"2026-07-23","Dark Bar 72% - Package",1,3
287,2026-07-24,"2026-07-23","Eggs - Dozen",1,6.5
287,2026-07-24,"2026-07-23","Janie's Bread - Thursday - Each",1,7
287,2026-07-24,"2026-07-23","Mushrooms - Choice",1,8
287,2026-07-24,"2026-07-23","Popcorn - McKaskle - Lb.",1,5.75
287,2026-07-24,"2026-07-23","Extra Credit - Each",0.5,1.06
287,2026-07-24,"2026-07-23","FSA/FSD",1,79.79
1970,2026-07-24,"2026-07-23","Jam - Strawberry - Rhubarb - Pint",1,0
1970,2026-07-24,"2026-07-23","Kirkwood Pickup Time (2.0 @1:30-2) - @1:30-2",1,0
1970,2026-07-24,"2026-07-23","Bagels - Everything - BU - Bag",1,11.25
1970,2026-07-24,"2026-07-23","Eggs - Dozen",1,6.5
1970,2026-07-24,"2026-07-23","Hoagie - PIB - 6-pack",1,6.75
1970,2026-07-24,"2026-07-23","Extra Credit - Each",7.75,1.06
1970,2026-07-24,"2026-07-23","Mini",1,53.2
685,2026-07-24,"2026-07-23","Kirkwood Pickup Time - @1-1:30",1,0
685,2026-07-24,"2026-07-23","Melon - Orange Honeydew - Each",1,8
685,2026-07-24,"2026-07-23","Olive Oil Small - ML",1,8.5
685,2026-07-24,"2026-07-23","Pork - Bratwurst  - Pack",1,8.5
685,2026-07-24,"2026-07-23","Semolina - T - Loaf",1,7
685,2026-07-24,"2026-07-23","Extra Credit - Each",1.75,1.06
685,2026-07-24,"2026-07-23","UCA/KWA",1,79.79
1671,2026-07-24,"2026-07-23","Walnuts - Oz.",1,12.75
1671,2026-07-24,"2026-07-23","Yogurt - Greek Plain - Oz.",1,7.1
1671,2026-07-24,"2026-07-23","Mothership Pickup Time (5.0 @5:30-6) - @5:30-6",1,0
1671,2026-07-24,"2026-07-23","Peaches - Bag",1,7
1671,2026-07-24,"2026-07-23","Peppers - Shishitos - Bag",1,5
1671,2026-07-24,"2026-07-23","Extra Credit - Each",15.1,1.06
1671,2026-07-24,"2026-07-23","Mini",1,53.2
467,2026-07-24,"2026-07-23","Eggs - BW - Dozen",1,6.5
467,2026-07-24,"2026-07-23","Kirkwood Pickup Time - @1-1:30",1,0
467,2026-07-24,"2026-07-23","Beans - Green - Bag",2,4.25
467,2026-07-24,"2026-07-23","Ghost Pepper Cheddar - Each",1,6.75
467,2026-07-24,"2026-07-23","Extra Credit - Each",5,1.06
467,2026-07-24,"2026-07-23","Mini",1,53.2
32,2026-07-24,"2026-07-23","Milk - Skim  - Oz.",1,8.32
32,2026-07-24,"2026-07-23","Half & Half - Pint",1,4.75
32,2026-07-24,"2026-07-23","Applewood Smoked Cheddar - Each",1,6.75
32,2026-07-24,"2026-07-23","Bacon - Each",1,13.5
32,2026-07-24,"2026-07-23","Feta Cheese - HBC - Each",1,6.75
32,2026-07-24,"2026-07-23","Fresh Herb - Basil - Bunch",1,3.5
32,2026-07-24,"2026-07-23","Granola Bar - Each",1,3.8
32,2026-07-24,"2026-07-23","Kale - Green Curly - Bag",1,5
32,2026-07-24,"2026-07-23","Milk Chocolate Bar - Pack",1,3
32,2026-07-24,"2026-07-23","Onions - Mix - Pint",1,3
32,2026-07-24,"2026-07-23","Peppers - Bulgarian Roasting - 4-pack",1,3
32,2026-07-24,"2026-07-23","Extra Credit - Each",44.62,1.06
32,2026-07-24,"2026-07-23","Mini",1,53.2
1102,2026-07-24,"2026-07-23","Mothership Pickup Time (6.0 @6-6:30) - @6-6:30",1,0
1102,2026-07-24,"2026-07-23","Hamburger Buns - 4-pack",1,2.75
1102,2026-07-24,"2026-07-23","Aged Cheddar - HBC - Each",1,6.75
1102,2026-07-24,"2026-07-23","Eggs - Dozen",1,6.5
1102,2026-07-24,"2026-07-23","Hoagie - T - Each",1,3.5
1102,2026-07-24,"2026-07-23","Onions - Yellow - lbs",1,4.5
1102,2026-07-24,"2026-07-23","Peaches - Bag",1,7
1102,2026-07-24,"2026-07-23","Peppers - Shishitos - Bag",1,5
1102,2026-07-24,"2026-07-23","Sesame Hoagie - T - Each",1,3.8
1102,2026-07-24,"2026-07-23","Tomatoes - Sungold - Pint",1,7
1102,2026-07-24,"2026-07-23","Watermelon - Seedless (1.0 Large) - Large",1,12
1102,2026-07-24,"2026-07-23","Extra Credit - Each",35.05,1.06
1102,2026-07-24,"2026-07-23","Half",1,84.79
1857,2026-07-24,"2026-07-23","Mothership Pickup Time (4.0 @5-5:30) - @5-5:30",1,0
1857,2026-07-24,"2026-07-23","Beans - Green - Bag",1,4.25
1857,2026-07-24,"2026-07-23","Blackberries - Pint",1,7
1857,2026-07-24,"2026-07-23","Eggs - H - Dozen",2,6.5
1857,2026-07-24,"2026-07-23","Pretzel - UL Thursday  - Each",1,3.75
1857,2026-07-24,"2026-07-23","Sesame Hoagie - T - Each",1,3.8
1857,2026-07-24,"2026-07-23","Watermelon - Seedless (1.0 Large) - Large",1,12
1857,2026-07-24,"2026-07-23","Extra Credit - Each",8.05,1.06
1857,2026-07-24,"2026-07-23","FSA/FSD",1,79.79
1622,2026-07-24,"2026-07-23","Mothership Pickup Time (2.0 @4-4:30) - @4-4:30",1,0
1622,2026-07-24,"2026-07-23","Buttermilk Waffles Sourdough - Frozen - Pack",1,5
1622,2026-07-24,"2026-07-23","Eggs - Dozen",1,6.5
1622,2026-07-24,"2026-07-23","Peaches - Bag",1,7
1622,2026-07-24,"2026-07-23","Extra Credit - Each",1.75,1.06
1622,2026-07-24,"2026-07-23","Mini",1,53.2
894,2026-07-24,"2026-07-23","Kirkwood Pickup Time - @1-1:30",1,0
894,2026-07-24,"2026-07-23","Beans - Green - Bag",1,4.25
894,2026-07-24,"2026-07-23","Onions - Mix - Pint",1,3
894,2026-07-24,"2026-07-23","Peaches - Bag",1,7
894,2026-07-24,"2026-07-23","Staff - Something to ask Jamie - Oz.",1,0
894,2026-07-24,"2026-07-23","Tomatoes - Heirloom - Bag",1,9
894,2026-07-24,"2026-07-23","Watermelon - Seedless (1.0 Large) - Large",1,12
894,2026-07-24,"2026-07-23","FSA/FSD",1,79.79
825,2026-07-24,"2026-07-23","Milk - 2%  - Oz.",1,8.32
825,2026-07-24,"2026-07-23","Mothership Pickup Time (5.0 @5:30-6) - @5:30-6",1,0
825,2026-07-24,"2026-07-23","Chevre PF - Choice",1,8.5
825,2026-07-24,"2026-07-23","Eggs - Dozen",1,6.5
825,2026-07-24,"2026-07-23","Gnocchi - Garlic Chive  - Lb.",1,6.5
825,2026-07-24,"2026-07-23","Mushrooms - Choice",1,8
825,2026-07-24,"2026-07-23","Extra Credit - Each",2.07,1.06
825,2026-07-24,"2026-07-23","FSA/FSD",1,79.79
670,2026-07-24,"2026-07-23","Feta Cheese - HBC - Each",1,6.75
670,2026-07-24,"2026-07-23","Yogurt - Blueberry - Oz.",1,7.1
670,2026-07-24,"2026-07-23","Mini",1,53.2
670,2026-07-24,"2026-07-23","(BYO) FSG - Orders Only",1,0
1047,2026-07-24,"2026-07-23","Mothership Pickup Time (1.0 @3:30-4) - @3:30-4",1,0
1047,2026-07-24,"2026-07-23","Eggs - Dozen",1,6.5
1047,2026-07-24,"2026-07-23","Queso Quesadilla - HBC - Each",1,6.75
1047,2026-07-24,"2026-07-23","Semolina - T - Loaf",1,7
1047,2026-07-24,"2026-07-23","Tomatoes - Heirloom - Bag",1,9
1047,2026-07-24,"2026-07-23","Extra Credit - Each",5.5,1.06
1047,2026-07-24,"2026-07-23","Half",1,84.79
11,2026-07-24,"2026-07-23","Eggs - BW - Dozen",1,6.5
11,2026-07-24,"2026-07-23","Blackberries - Pint",1,7
11,2026-07-24,"2026-07-23","Curds Applewood Smoked 10 oz - Bag",1,6.75
11,2026-07-24,"2026-07-23","Marbled Rye - Thursday - Each",1,8.75
11,2026-07-24,"2026-07-23","Tomatoes - Heirloom - Bag",1,9
11,2026-07-24,"2026-07-23","Extra Credit - Each",2.25,1.06
11,2026-07-24,"2026-07-23","FSA/FSD",1,79.79
471,2026-07-24,"2026-07-23","Beef Kabob Meat - Lb.",1,12.75
471,2026-07-24,"2026-07-23","Chevre PF - Choice",1,8.5
471,2026-07-24,"2026-07-23","Eggs - Dozen",1,6.5
471,2026-07-24,"2026-07-23","Mushrooms - Choice",1,8
471,2026-07-24,"2026-07-23","FSA/FSD",1,79.79
1593,2026-07-24,"2026-07-23","Chicken - Ground - Lb.",1,10.25
1593,2026-07-24,"2026-07-23","Cinnamon Raisin Bread - 1-each",1,0
1593,2026-07-24,"2026-07-23","Eggs - Dozen",1,6.5
1593,2026-07-24,"2026-07-23","Mini",1,53.2
1839,2026-07-24,"2026-07-23","No Produce - Order Only (odd wk)",1,0
1487,2026-07-24,"2026-07-23","Kirkwood Pickup Time - @1-1:30",1,0
1487,2026-07-24,"2026-07-23","Eggs - Dozen",1,6.5
1487,2026-07-24,"2026-07-23","Ground Beef - D&M - Lb.",1,10.5
1487,2026-07-24,"2026-07-23","Mozzarella HBC - Oz.",1,6.75
1487,2026-07-24,"2026-07-23","Half",1,84.79
1487,2026-07-24,"2026-07-23","2% MILK-o",1,8.85
514,2026-07-24,"2026-07-23","Blackberries - Pint",1,7
514,2026-07-24,"2026-07-23","Chicken - Ground - Lb.",1,10.25
514,2026-07-24,"2026-07-23","Eggs - Dozen",1,6.5
514,2026-07-24,"2026-07-23","Fresh Herb - Basil - Bunch",1,3.5
514,2026-07-24,"2026-07-23","Honey - Pint - Jar",1,11.5
514,2026-07-24,"2026-07-23","Onions - Yellow - lbs",1,4.5
514,2026-07-24,"2026-07-23","Peaches - Bag",2,7
514,2026-07-24,"2026-07-23","Watermelon - Seedless (1.0 Large) - Large",1,12
514,2026-07-24,"2026-07-23","Extra Credit - Each",52.5,1.06
514,2026-07-24,"2026-07-23","Mini",1,53.2
761,2026-07-24,"2026-07-23","Mothership Pickup Time (1.0 @3:30-4) - @3:30-4",1,0
761,2026-07-24,"2026-07-23","Dark Bar 72% - Package",1,3
761,2026-07-24,"2026-07-23","Janie's Bread - Thursday - Each",1,7
761,2026-07-24,"2026-07-23","Mushrooms (1.0 Shiitake) - Shiitake",1,8
761,2026-07-24,"2026-07-23","Peppers - Bulgarian Roasting - 4-pack",1,3
761,2026-07-24,"2026-07-23","Peppers - Carmen - 2-pack",1,3
761,2026-07-24,"2026-07-23","Potatoes - New - Bag",1,5.75
761,2026-07-24,"2026-07-23","Pretzel - UL Thursday  - Each",2,3.75
761,2026-07-24,"2026-07-23","Extra Credit - Each",1.5,1.06
761,2026-07-24,"2026-07-23","FSA/FSD",1,79.79
82,2026-07-24,"2026-07-23","Kirkwood Pickup Time (2.0 @1:30-2) - @1:30-2",1,0
82,2026-07-24,"2026-07-23","Bacon - Uncured/lb - Pack",1,15.71
82,2026-07-24,"2026-07-23","Peaches - Bag",1,7
82,2026-07-24,"2026-07-23","RL Chocolate Milk - Bottle",2,2.75
82,2026-07-24,"2026-07-23","Extra Credit - Each",4.46,1.06
82,2026-07-24,"2026-07-23","Half",1,84.79
502,2026-07-24,"2026-07-23","Milk - 2%  - Oz.",1,8.32
502,2026-07-24,"2026-07-23","Beef Kabob Meat - Lb.",1,12.75
502,2026-07-24,"2026-07-23","Chevre PF - Choice",1,8.5
502,2026-07-24,"2026-07-23","Eggs - Dozen",1,6.5
502,2026-07-24,"2026-07-23","Mushrooms - Choice",1,8
502,2026-07-24,"2026-07-23","Extra Credit - Each",8.32,1.06
502,2026-07-24,"2026-07-23","FSA/FSD",1,79.79
433,2026-07-24,"2026-07-23","Beef Kabob Meat - Lb.",1,12.75
433,2026-07-24,"2026-07-23","Mushrooms - Choice",1,8
433,2026-07-24,"2026-07-23","Potatoes - New - Bag",1,5.75
433,2026-07-24,"2026-07-23","Tomatoes - Heirloom - Bag",1,9
433,2026-07-24,"2026-07-23","FSA/FSD",1,79.79
549,2026-07-24,"2026-07-23","Mothership Pickup Time (6.0 @6-6:30) - @6-6:30",1,0
549,2026-07-24,"2026-07-23","Eggs - Dozen",1,6.5
549,2026-07-24,"2026-07-23","Hoagie - T - Each",1,3.5
549,2026-07-24,"2026-07-23","Lamb Gyro Seasoned - Lb.",1,18
549,2026-07-24,"2026-07-23","Mushrooms - Choice",1,8
549,2026-07-24,"2026-07-23","Extra Credit - Each",0.25,1.06
549,2026-07-24,"2026-07-23","FSA/FSD",1,79.79
401,2026-07-24,"2026-07-23","Mothership Pickup Time (1.0 @3:30-4) - @3:30-4",1,0
401,2026-07-24,"2026-07-23","Beans - Green - Bag",1,4.25
401,2026-07-24,"2026-07-23","Peppers - Bulgarian Roasting - 4-pack",1,3
401,2026-07-24,"2026-07-23","Peppers - Carmen - 2-pack",1,3
401,2026-07-24,"2026-07-23","Peppers - Shishitos - Bag",1,5
401,2026-07-24,"2026-07-23","Tomatoes - Cherry Wildcard - Pint",2,5
401,2026-07-24,"2026-07-23","Tomatoes - Heirloom - Bag",1,0
401,2026-07-24,"2026-07-23","Tomatoes - Sungold - Pint",2,7
401,2026-07-24,"2026-07-23","Extra Credit - Each",22.5,1.06
401,2026-07-24,"2026-07-23","Mini",1,53.2
326,2026-07-24,"2026-07-23","Gringo's Salsa Choice ($5) - Pint",1,5
326,2026-07-24,"2026-07-23","Cheese Choice $6.75 - Each",1,6.75
326,2026-07-24,"2026-07-23","Melon - Orange Honeydew - Each",1,8
326,2026-07-24,"2026-07-23","Mustard - Choice",1,6.5
326,2026-07-24,"2026-07-23","Olive Oil Small - ML",1,8.5
326,2026-07-24,"2026-07-23","Pork - Bratwurst  - Pack",1,8.5
326,2026-07-24,"2026-07-23","Extra Credit - Each",13,1.06
326,2026-07-24,"2026-07-23","UCA/KWA",1,79.79
1268,2026-07-24,"2026-07-23","Half & Half - Pint",2,4.75
1268,2026-07-24,"2026-07-23","Mothership Pickup Time (1.0 @3:30-4) - @3:30-4",1,0
1268,2026-07-24,"2026-07-23","Beans - Green - Bag",1,4.25
1268,2026-07-24,"2026-07-23","Kale - Green Curly - Bag",1,5
1268,2026-07-24,"2026-07-23","Peaches - Bag",1,7
1268,2026-07-24,"2026-07-23","Peppers - Shishitos - Bag",1,5
1268,2026-07-24,"2026-07-23","Extra Credit - Each",7,1.06
1268,2026-07-24,"2026-07-23","Half",1,84.79
452,2026-07-24,"2026-07-23","Kirkwood Pickup Time (2.0 @1:30-2) - @1:30-2",1,0
452,2026-07-24,"2026-07-23","Chicken - Ground - Lb.",1,10.25
452,2026-07-24,"2026-07-23","Eggs - Dozen",1,6.5
452,2026-07-24,"2026-07-23","Mini",1,53.2
493,2026-07-24,"2026-07-23","No Produce - Order Only (odd wk)",1,0
807,2026-07-24,"2026-07-23","Bacon - Each",1,13.5
807,2026-07-24,"2026-07-23","Bagels - Everything - Frozen - Bag",1,6.75
807,2026-07-24,"2026-07-23","Bagels - Plain - Frozen - Each",1,6.75
807,2026-07-24,"2026-07-23","Chicken Links - Lemon Pepper - Lb.",1,10.5
807,2026-07-24,"2026-07-23","Chicken Links - Sundried Tomato - lbs",1,10.5
807,2026-07-24,"2026-07-23","Pork - Brats Cheddar DM - 4-pack",1,8.5
807,2026-07-24,"2026-07-23","Pork - Bratwurst  - Pack",1,8.5
807,2026-07-24,"2026-07-23","Yogurt - Plain - Oz.",1,7.1
807,2026-07-24,"2026-07-23","Extra Credit - Each",39.35,1.06
807,2026-07-24,"2026-07-23","UCA/KWA",1,79.79
807,2026-07-24,"2026-07-23","2% MILK",1,8.85
138,2026-07-24,"2026-07-23","Mothership Pickup Time (5.0 @5:30-6) - @5:30-6",1,0
138,2026-07-24,"2026-07-23","Apple Sauce - Chunky - NS - Quart",1,7.75
138,2026-07-24,"2026-07-23","Blackberries - Pint",1,7
138,2026-07-24,"2026-07-23","Cabbage - Red - Share",1,5
138,2026-07-24,"2026-07-23","Cantaloupe (1.0 Small) - Small",1,6
138,2026-07-24,"2026-07-23","Carrots no tops - Lb.",1,6
138,2026-07-24,"2026-07-23","Hummus - Beet & Pepita - Tub",1,6.75
138,2026-07-24,"2026-07-23","Peppers - Carmen - 2-pack",1,3
138,2026-07-24,"2026-07-23","Potatoes - Purple Viking - lbs",1,6
138,2026-07-24,"2026-07-23","Red Chile Sauce - Jar",1,11.5
138,2026-07-24,"2026-07-23","Tortillas Sourdough - Frozen - Pack",1,5
138,2026-07-24,"2026-07-23","Watermelon - Seedless (1.0 Large) - Large",1,12
138,2026-07-24,"2026-07-23","Extra Credit - Each",52.25,1.06
138,2026-07-24,"2026-07-23","Half",1,79.79
245,2026-07-24,"2026-07-23","Dark Bar 72% - Package",1,3
245,2026-07-24,"2026-07-23","Pasta Bi-color Short - Lb.",1,6.5
245,2026-07-24,"2026-07-23","Peaches - Bag",1,7
245,2026-07-24,"2026-07-23","Semolina - T - Loaf",1,7
245,2026-07-24,"2026-07-23","Half",1,84.79
329,2026-07-24,"2026-07-23","Kirkwood Pickup Time (2.0 @1:30-2) - @1:30-2",1,0
329,2026-07-24,"2026-07-23","Beef - Stew Meat - Pack",1,10.5
329,2026-07-24,"2026-07-23","Beets - No Tops - Lb.",1,6.5
329,2026-07-24,"2026-07-23","Blackberries - Pint",1,7
329,2026-07-24,"2026-07-23","Cabbage - Green - Head",1,4.5
329,2026-07-24,"2026-07-23","Fresh Herb - Basil - Bunch",1,3.5
329,2026-07-24,"2026-07-23","Meatballs D&M - Package",1,15
329,2026-07-24,"2026-07-23","Extra Credit - Each",30.25,1.06
329,2026-07-24,"2026-07-23","Mini",1,53.2
1941,2026-07-24,"2026-07-23","Mothership Pickup Time (3.0 @4:30-5) - @4:30-5",1,0
1941,2026-07-24,"2026-07-23","Blackberries - Pint",1,7
1941,2026-07-24,"2026-07-23","Chicken Chorizo - Lb.",1,10.5
1941,2026-07-24,"2026-07-23","Okra  - Bag",1,4.75
1941,2026-07-24,"2026-07-23","Tomatillos  - Bag",1,4.75
1941,2026-07-24,"2026-07-23","Extra Credit - Each",10.25,1.06
1941,2026-07-24,"2026-07-23","Mini",1,53.2
293,2026-07-24,"2026-07-23","Mothership Pickup Time (6.0 @6-6:30) - @6-6:30",1,0
293,2026-07-24,"2026-07-23","Beans - Green - Bag",1,4.25
293,2026-07-24,"2026-07-23","Cabbage - Red - Share",1,5
293,2026-07-24,"2026-07-23","Eggs - Dozen",1,6.5
293,2026-07-24,"2026-07-23","Okra  - Bag",1,4.75
293,2026-07-24,"2026-07-23","Peppers - Bulgarian Roasting - 4-pack",1,3
293,2026-07-24,"2026-07-23","Peppers - Jimmy Nardello - Bag",1,3
293,2026-07-24,"2026-07-23","Tortellini - Cheese - Lb.",1,9.15
293,2026-07-24,"2026-07-23","FSA/FSD",1,79.79
616,2026-07-24,"2026-07-23","Mothership Pickup Time (1.0 @3:30-4) - @3:30-4",1,0
616,2026-07-24,"2026-07-23","Bagels - Blueberry - BU - Bag",1,11.25
616,2026-07-24,"2026-07-23","Cantaloupe (1.0 Medium) - Medium",1,7
616,2026-07-24,"2026-07-23","Watermelon - Seedless (1.0 Large) - Large",1,12
616,2026-07-24,"2026-07-23","Extra Credit - Each",30.25,1.06
310,2026-07-24,"2026-07-23","Chicken - BULK Breasts /lb. - Pack",1,42.24
310,2026-07-24,"2026-07-23","Mothership Pickup Time (1.0 @3:30-4) - @3:30-4",1,0
310,2026-07-24,"2026-07-23","Beans - Green - Bag",1,4.25
310,2026-07-24,"2026-07-23","Blackberries - Pint",2,7
310,2026-07-24,"2026-07-23","Cantaloupe (1.0 Medium) - Medium",1,7
310,2026-07-24,"2026-07-23","Eggs - Dozen",1,6.5
310,2026-07-24,"2026-07-23","Light and Mild - T - Loaf",1,8.25
310,2026-07-24,"2026-07-23","Oats - Rolled 5# - Bag",1,12.25
310,2026-07-24,"2026-07-23","Peaches - Bag",1,7
310,2026-07-24,"2026-07-23","Tomatillos  - Bag",2,4.75
310,2026-07-24,"2026-07-23","Tomatoes - Cherry Wildcard - Pint",2,5
310,2026-07-24,"2026-07-23","Tomatoes - Slicing - Bag",1,6.5
310,2026-07-24,"2026-07-23","Watermelon - Seedless (1.0 Large) - Large",1,12
310,2026-07-24,"2026-07-23","Extra Credit - Each",96.24,1.06
310,2026-07-24,"2026-07-23","FSA/FSD",1,79.79
310,2026-07-24,"2026-07-23","Skim MILK",2,8.85
1271,2026-07-24,"2026-07-23","Pizza - Cheese  - Each",1,7.5
1271,2026-07-24,"2026-07-23","Pizza - Pepperoni  - Each",1,8.5
1271,2026-07-24,"2026-07-23","Dark Chocolate Lolli - Each",2,1.75
1271,2026-07-24,"2026-07-23","Hoagie - PIB - 6-pack",1,6.75
1271,2026-07-24,"2026-07-23","Pretzel - UL Thursday  - Each",2,3.75
1271,2026-07-24,"2026-07-23","Extra Credit - Each",10,1.06
1271,2026-07-24,"2026-07-23","Half",1,84.79
634,2026-07-24,"2026-07-23","Kirkwood Pickup Time - @1-1:30",1,0
634,2026-07-24,"2026-07-23","Chicken - Ground - Lb.",1,10.25
634,2026-07-24,"2026-07-23","Honey - Qt. - Jar",1,20.25
634,2026-07-24,"2026-07-23","Extra Credit - Each",13.75,1.06
634,2026-07-24,"2026-07-23","Mini",1,53.2
1211,2026-07-24,"2026-07-23","Mothership Pickup Time (1.0 @3:30-4) - @3:30-4",1,0
1211,2026-07-24,"2026-07-23","Melon - Orange Honeydew - Each",1,8
1211,2026-07-24,"2026-07-23","Oat Porridge Bread - T - Each",1,9
1211,2026-07-24,"2026-07-23","Okra  - Bag",2,4.75
1211,2026-07-24,"2026-07-23","Extra Credit - Each",26.5,1.06
722,2026-07-24,"2026-07-23","Chevre PF (1.0 Herb) - Herb",1,8.5
722,2026-07-24,"2026-07-23","Deli Roast Beef - Lb.",1,22.5
722,2026-07-24,"2026-07-23","Ground Beef - D&M - Lb.",1,10.5
722,2026-07-24,"2026-07-23","Extra Credit - Each",17.75,1.06
722,2026-07-24,"2026-07-23","Half",1,84.79
1706,2026-07-24,"2026-07-23","Mothership Pickup Time (2.0 @4-4:30) - @4-4:30",1,0
1706,2026-07-24,"2026-07-23","Beans - Green - Bag",1,4.25
1706,2026-07-24,"2026-07-23","Cannoli - 2-pack",1,8.5
1706,2026-07-24,"2026-07-23","Eggplant - Fairy Tale - Pint",1,5
1706,2026-07-24,"2026-07-23","Okra  - Bag",1,4.75
1706,2026-07-24,"2026-07-23","Peppers - Shishitos - Bag",1,5
1706,2026-07-24,"2026-07-23","Extra Credit - Each",3.75,1.06
1706,2026-07-24,"2026-07-23","Half",1,84.79
868,2026-07-24,"2026-07-23","Chicken - Ground - Lb.",1,10.25
868,2026-07-24,"2026-07-23","Eggs - Dozen",1,6.5
868,2026-07-24,"2026-07-23","Mini",1,53.2
834,2026-07-24,"2026-07-23","Cheese Choice $6.75 - Each",1,6.75
834,2026-07-24,"2026-07-23","Eggs - Dozen",1,6.5
834,2026-07-24,"2026-07-23","Ground Beef - D&M - Lb.",1,10.5
834,2026-07-24,"2026-07-23","Half",1,84.79
281,2026-07-24,"2026-07-23","Pizza - Pepperoni  - Each",1,8.5
281,2026-07-24,"2026-07-23","Mothership Pickup Time (1.0 @3:30-4) - @3:30-4",1,0
281,2026-07-24,"2026-07-23","Beans - Green - Bag",1,4.25
281,2026-07-24,"2026-07-23","Eggs - Dozen",1,6.5
281,2026-07-24,"2026-07-23","Hoagie - T - Each",1,3.5
281,2026-07-24,"2026-07-23","Olive Oil Medium - Bottle",1,15
281,2026-07-24,"2026-07-23","Extra Credit - Each",14,1.06
281,2026-07-24,"2026-07-23","Half",1,84.79
1652,2026-07-24,"2026-07-23","Chicken - Ground - Lb.",1,10.25
1652,2026-07-24,"2026-07-23","Eggs - Dozen",1,6.5
1652,2026-07-24,"2026-07-23","Mini",1,53.2
1431,2026-07-24,"2026-07-23","Chicken - Ground - Lb.",1,10.25
1431,2026-07-24,"2026-07-23","Hoagie - PIB - 6-pack",1,6.75
1431,2026-07-24,"2026-07-23","Extra Credit - Each",0.25,1.06
1431,2026-07-24,"2026-07-23","Mini",1,53.2
246,2026-07-24,"2026-07-23","Chicken - Ground - Lb.",1,10.25
246,2026-07-24,"2026-07-23","Eggs - Dozen",1,6.5
246,2026-07-24,"2026-07-23","Mini",1,53.2
246,2026-07-24,"2026-07-23","RL Chocolate Milk",3,2.93
963,2026-07-24,"2026-07-23","Beef Kabob Meat - Lb.",1,12.75
963,2026-07-24,"2026-07-23","Chevre PF - Choice",1,8.5
963,2026-07-24,"2026-07-23","Dark Chocolate Lolli - Each",3,1.75
963,2026-07-24,"2026-07-23","Eggs - Dozen",1,6.5
963,2026-07-24,"2026-07-23","Mushrooms - Choice",1,8
963,2026-07-24,"2026-07-23","Extra Credit - Each",5.25,1.06
963,2026-07-24,"2026-07-23","FSA/FSD",1,79.79
928,2026-07-24,"2026-07-23","Mothership Pickup Time (5.0 @5:30-6) - @5:30-6",1,0
928,2026-07-24,"2026-07-23","Beef Kabob Meat - Lb.",2,12.75
928,2026-07-24,"2026-07-23","Boneless Pork Chop - D&M /lb - Lb.",2,12.1
928,2026-07-24,"2026-07-23","Cantaloupe (1.0 Medium) - Medium",1,7
928,2026-07-24,"2026-07-23","Chevre PF (1.0 Herb) - Herb",1,8.5
928,2026-07-24,"2026-07-23","Hand Pie: Chicken Curry - Bag",1,10.5
928,2026-07-24,"2026-07-23","Extra Credit - Each",39.95,1.06
928,2026-07-24,"2026-07-23","FSA/FSD",1,79.79
1570,2026-07-24,"2026-07-23","Kirkwood Pickup Time (1.0 PORCH) - PORCH",1,0
1570,2026-07-24,"2026-07-23","Bacon - Each",1,13.5
1570,2026-07-24,"2026-07-23","Cabbage - Red - Share",1,5
1570,2026-07-24,"2026-07-23","Eggs - Dozen",1,6.5
1570,2026-07-24,"2026-07-23","Ground Beef - D&M - Lb.",1,10.5
1570,2026-07-24,"2026-07-23","Extra Credit - Each",11.75,1.06
1570,2026-07-24,"2026-07-23","Half",1,40
1900,2026-07-24,"2026-07-23","Mothership Pickup Time (1.0 @3:30-4) - @3:30-4",1,0
1900,2026-07-24,"2026-07-23","Donation to Food Pantry - Each",1,1
1900,2026-07-24,"2026-07-23","Chicken - Ground - Lb.",1,10.25
1900,2026-07-24,"2026-07-23","Chicken Thighs - Boneless/lb. - lbs",1,8.93
1900,2026-07-24,"2026-07-23","Cornmeal - Oz.",1,4.75
1900,2026-07-24,"2026-07-23","Eggs - Dozen",1,6.5
1900,2026-07-24,"2026-07-23","Multigrain Bread - Frozen - Loaf",1,6.75
1900,2026-07-24,"2026-07-23","Polenta - Oz.",1,4.75
1900,2026-07-24,"2026-07-23","Pork - Tenderloin/lb - Lb.",1,36.75
1900,2026-07-24,"2026-07-23","Extra Credit - Each",62.93,1.06
1900,2026-07-24,"2026-07-23","Mini",1,53.2
1236,2026-07-24,"2026-07-23","Beef Kabob Meat - Lb.",1,12.75
1236,2026-07-24,"2026-07-23","Dark Bar 61% - Package",1,3
1236,2026-07-24,"2026-07-23","Eggs - Dozen",1,6.5
1236,2026-07-24,"2026-07-23","Milk Chocolate Bar - Pack",1,3
1236,2026-07-24,"2026-07-23","Mushrooms - Choice",1,8
1236,2026-07-24,"2026-07-23","Popped Corn - Organic - Bag",1,3
1236,2026-07-24,"2026-07-23","FSA/FSD",1,79.79
364,2026-07-24,"2026-07-23","Stringbean Brazilian - Oz.",1,16
364,2026-07-24,"2026-07-23","Mothership Pickup Time - @6:30-7",1,0
364,2026-07-24,"2026-07-23","Hamburger Buns - 4-pack",1,2.75
364,2026-07-24,"2026-07-23","Bagels - Blueberry - BU - Bag",1,11.25
364,2026-07-24,"2026-07-23","Blackberries - Pint",1,7
364,2026-07-24,"2026-07-23","Chevre PF (1.0 Plain) - Plain",1,8.5
364,2026-07-24,"2026-07-23","Eggs - Dozen",1,6.5
364,2026-07-24,"2026-07-23","Melon - Orange Honeydew - Each",1,8
364,2026-07-24,"2026-07-23","Peaches - Bag",1,7
364,2026-07-24,"2026-07-23","Rice - Basmati White - Lb.",1,7.5
364,2026-07-24,"2026-07-23","Extra Credit - Each",36.25,1.06
364,2026-07-24,"2026-07-23","FSA/FSD",1,79.79
364,2026-07-24,"2026-07-23","Whole MILK-o",1,8.85
289,2026-07-24,"2026-07-23","Eggs - Dozen",1,6.5
289,2026-07-24,"2026-07-23","Semolina - T - Loaf",1,7
289,2026-07-24,"2026-07-23","Squash - Zucchini - Each",1,2.5
289,2026-07-24,"2026-07-23","Tomatoes - Heirloom - Bag",1,9
289,2026-07-24,"2026-07-23","Extra Credit - Each",1.25,1.06
289,2026-07-24,"2026-07-23","Half",1,84.79
289,2026-07-24,"2026-07-23","2% MILK-o",1,8.85
1453,2026-07-24,"2026-07-23","Mothership Pickup Time (1.0 @3:30-4) - @3:30-4",1,0
1453,2026-07-24,"2026-07-23","Chicken - Ground - Lb.",1,10.25
1453,2026-07-24,"2026-07-23","Chicken Thighs -/lb*. - Wee - Pack",1,5.64
1453,2026-07-24,"2026-07-23","Granola Bar - Each",1,3.8
1453,2026-07-24,"2026-07-23","Squash - Zucchini - Each",1,2.5
1453,2026-07-24,"2026-07-23","Extra Credit - Each",5.44,1.06
1453,2026-07-24,"2026-07-23","Mini",1,53.2
1453,2026-07-24,"2026-07-23","Whole MILK",1,8.85
593,2026-07-24,"2026-07-23","Mothership Pickup Time (4.0 @5-5:30) - @5-5:30",1,0
593,2026-07-24,"2026-07-23","Donation to Food Pantry - Each",2,1
593,2026-07-24,"2026-07-23","Eggs - Dozen",1,6.5
593,2026-07-24,"2026-07-23","Stringbean Half Caf - Bag",1,16
593,2026-07-24,"2026-07-23","Extra Credit - Each",0.75,1.06
593,2026-07-24,"2026-07-23","Half",1,84.79
1746,2026-07-24,"2026-07-23","Jam - Red Cherry HBY - Pint",1,7.75
1746,2026-07-24,"2026-07-23","Kirkwood Pickup Time (2.0 @1:30-2) - @1:30-2",1,0
1746,2026-07-24,"2026-07-23","Beans - Green - Bag",1,4.25
1746,2026-07-24,"2026-07-23","Eggs - H - Dozen",1,6.5
1746,2026-07-24,"2026-07-23","Rice - Brown - Lb.",1,6.5
1746,2026-07-24,"2026-07-23","Tomatoes - Heirloom - Bag",1,9
1746,2026-07-24,"2026-07-23","Extra Credit - Each",3.75,1.06
1746,2026-07-24,"2026-07-23","UCA/KWA",1,79.79
876,2026-07-24,"2026-07-23","Beef Kabob Meat - Lb.",1,12.75
876,2026-07-24,"2026-07-23","Chevre PF - Choice",1,8.5
876,2026-07-24,"2026-07-23","Eggs - Dozen",1,6.5
876,2026-07-24,"2026-07-23","Mushrooms - Choice",1,8
876,2026-07-24,"2026-07-23","FSA/FSD",1,79.79
1416,2026-07-24,"2026-07-23","Almond Butter - Pint",1,11.25
1416,2026-07-24,"2026-07-23","Mothership Pickup Time (2.0 @4-4:30) - @4-4:30",1,0
1416,2026-07-24,"2026-07-23","Eggs - Dozen",1,6.5
1416,2026-07-24,"2026-07-23","Peaches - Bag",1,7
1416,2026-07-24,"2026-07-23","Extra Credit - Each",1,1.06
1416,2026-07-24,"2026-07-23","Half",1,84.79
1719,2026-07-24,"2026-07-23","Mothership Pickup Time (1.0 @3:30-4) - @3:30-4",1,0
1719,2026-07-24,"2026-07-23","Eggplant - Fairy Tale - Pint",1,5
1719,2026-07-24,"2026-07-23","Pork Bacon Burgers - Pack",1,22.55
1719,2026-07-24,"2026-07-23","Salsa - Gringo's Mild - Jar",1,5
1719,2026-07-24,"2026-07-23","Squash - Summer - Each",2,2
1719,2026-07-24,"2026-07-23","Tomatoes - Sungold - Pint",2,7
1719,2026-07-24,"2026-07-23","Extra Credit - Each",26.8,1.06
1719,2026-07-24,"2026-07-23","Half",1,84.79
1752,2026-07-24,"2026-07-23","Cheese Choice $6.75 - Each",1,6.75
1752,2026-07-24,"2026-07-23","Eggs - Dozen",1,6.5
1752,2026-07-24,"2026-07-23","Ground Beef - D&M - Lb.",1,10.5
1752,2026-07-24,"2026-07-23","Half",1,84.79
636,2026-07-24,"2026-07-23","Applewood Smoked Cheddar - Each",1,6.75
636,2026-07-24,"2026-07-23","Cantaloupe (1.0 Medium) - Medium",1,7
636,2026-07-24,"2026-07-23","Eggs - Dozen",1,6.5
636,2026-07-24,"2026-07-23","Peaches - Bag",1,7
636,2026-07-24,"2026-07-23","Pork - Brats Cheddar DM - 4-pack",1,8.5
636,2026-07-24,"2026-07-23","Yogurt - Strawberry - Oz.",1,7.1
636,2026-07-24,"2026-07-23","Extra Credit - Each",7.1,1.06
636,2026-07-24,"2026-07-23","FSA/FSD",1,79.79
636,2026-07-24,"2026-07-23","Whole MILK",1,8.85
250,2026-07-24,"2026-07-23","Watermelon - Seeded (1.0 Large) - Large",1,12
250,2026-07-24,"2026-07-23","Half & Half - Pint",1,4.75
250,2026-07-24,"2026-07-23","Mothership Pickup Time (2.0 @4-4:30) - @4-4:30",1,0
250,2026-07-24,"2026-07-23","Eggs - Dozen",1,6.5
250,2026-07-24,"2026-07-23","Hoagie - T - Each",1,3.5
250,2026-07-24,"2026-07-23","Mushrooms - Choice",1,8
250,2026-07-24,"2026-07-23","Peaches - Bag",1,7
250,2026-07-24,"2026-07-23","Potatoes - Purple Viking - lbs",1,6
250,2026-07-24,"2026-07-23","Extra Credit - Each",12,1.06
250,2026-07-24,"2026-07-23","FSA/FSD",1,79.79
133,2026-07-24,"2026-07-23","Mothership Pickup Time (3.0 @4:30-5) - @4:30-5",1,0
133,2026-07-24,"2026-07-23","Chicken - Ground - Lb.",1,10.25
133,2026-07-24,"2026-07-23","Eggs - Dozen",1,6.5
133,2026-07-24,"2026-07-23","Mini",1,53.2
1932,2026-07-24,"2026-07-23","Beef Kabob Meat - Lb.",1,12.75
1932,2026-07-24,"2026-07-23","Chevre PF - Choice",1,8.5
1932,2026-07-24,"2026-07-23","Eggs - Dozen",1,6.5
1932,2026-07-24,"2026-07-23","Mushrooms - Choice",1,8
1932,2026-07-24,"2026-07-23","FSA/FSD",1,79.79
305,2026-07-24,"2026-07-23","Kirkwood Pickup Time (1.0 PORCH) - PORCH",1,0
305,2026-07-24,"2026-07-23","Chicken Breasts /lb. - Pack",1,9.69
305,2026-07-24,"2026-07-23","Eggs - Dozen",1,6.5
305,2026-07-24,"2026-07-23","Honey - Pint - Jar",1,11.5
305,2026-07-24,"2026-07-23","Extra Credit - Each",3.94,1.06
305,2026-07-24,"2026-07-23","Half",1,84.79
1468,2026-07-24,"2026-07-23","Chicken - Ground - Lb.",1,10.25
1468,2026-07-24,"2026-07-23","Eggs - Dozen",1,6.5
1468,2026-07-24,"2026-07-23","Olive Oil Medium - Bottle",1,15
1468,2026-07-24,"2026-07-23","Extra Credit - Each",15,1.06
1468,2026-07-24,"2026-07-23","Mini",1,53.2
622,2026-07-24,"2026-07-23","Kirkwood Pickup Time (2.0 @1:30-2) - @1:30-2",1,0
622,2026-07-24,"2026-07-23","Bacon - Each",1,13.5
622,2026-07-24,"2026-07-23","Bagels - Blueberry - BU - Bag",1,11.25
622,2026-07-24,"2026-07-23","Blackberries - Pint",1,7
622,2026-07-24,"2026-07-23","Extra Credit - Each",1.5,1.06
622,2026-07-24,"2026-07-23","UCA/KWA",1,79.79
751,2026-07-24,"2026-07-23","Eggs - BW - Dozen",1,6.5
751,2026-07-24,"2026-07-23","Mothership Pickup Time (3.0 @4:30-5) - @4:30-5",1,0
751,2026-07-24,"2026-07-23","Cantaloupe (1.0 Medium) - Medium",1,7
751,2026-07-24,"2026-07-23","Eggplant - Fairy Tale - Pint",1,5
751,2026-07-24,"2026-07-23","Mushrooms (1.0 Shiitake) - Shiitake",1,8
751,2026-07-24,"2026-07-23","Squash - Summer - Each",1,2
751,2026-07-24,"2026-07-23","Tomatoes - Sungold - Pint",1,7
751,2026-07-24,"2026-07-23","FSA/FSD",1,79.79
793,2026-07-24,"2026-07-23","Eggs - BW - Dozen",1,6.5
793,2026-07-24,"2026-07-23","Louise's Original Granola - Bag",1,10
793,2026-07-24,"2026-07-23","Oat Porridge Bread - T - Each",1,9
793,2026-07-24,"2026-07-23","Peaches - Bag",1,7
793,2026-07-24,"2026-07-23","Tomatoes - Cherry Wildcard - Pint",1,5
793,2026-07-24,"2026-07-23","Tomatoes - Heirloom - Bag",1,9
793,2026-07-24,"2026-07-23","Extra Credit - Each",46.5,1.06
39,2026-07-24,"2026-07-23","Peanut Butter MC - Tub",1,7.75
39,2026-07-24,"2026-07-23","Cannoli - 2-pack",1,8.5
39,2026-07-24,"2026-07-23","Cinnamon Raisin Bread - 1-each",1,6.75
39,2026-07-24,"2026-07-23","Dark Chocolate Caramels - Pack",1,12
39,2026-07-24,"2026-07-23","Louise's Cocoa Brownie Crisp Granola - Bag",1,11.15
39,2026-07-24,"2026-07-23","Marbled Rye - Thursday - Each",1,8.75
39,2026-07-24,"2026-07-23","Peaches - Bag",1,7
39,2026-07-24,"2026-07-23","Pork Snack Sticks - 5 pk (1.0 Honey) - Honey",1,10.3
39,2026-07-24,"2026-07-23","Extra Credit - Each",55.45,1.06
39,2026-07-24,"2026-07-23","Mini",1,53.2
1750,2026-07-24,"2026-07-23","Salsa - Gringo's Medium - Pint",1,5
1750,2026-07-24,"2026-07-23","Mothership Pickup Time (5.0 @5:30-6) - @5:30-6",1,0
1750,2026-07-24,"2026-07-23","Chicken - Ground - Lb.",1,10.25
1750,2026-07-24,"2026-07-23","Hummus - Garlic - Tub",1,6.75
1750,2026-07-24,"2026-07-23","Kale - Green Curly - Bag",1,5
1750,2026-07-24,"2026-07-23","Louise's Cocoa Brownie Crisp Granola - Bag",1,11.15
1750,2026-07-24,"2026-07-23","Mozzarella HBC - Oz.",1,6.75
1750,2026-07-24,"2026-07-23","Onions - Mix - Pint",1,3
1750,2026-07-24,"2026-07-23","Peaches - Bag",1,7
1750,2026-07-24,"2026-07-23","Yogurt - Blueberry - Oz.",1,7.1
1750,2026-07-24,"2026-07-23","Yogurt - Strawberry - Oz.",1,7.1
1750,2026-07-24,"2026-07-23","Extra Credit - Each",52.35,1.06
1750,2026-07-24,"2026-07-23","Mini",1,53.2
1521,2026-07-24,"2026-07-23","Mothership Pickup Time (1.0 @3:30-4) - @3:30-4",1,0
1521,2026-07-24,"2026-07-23","Milk Chocolate Bar - Pack",1,3
1521,2026-07-24,"2026-07-23","Okra  - Bag",1,4.75
1521,2026-07-24,"2026-07-23","Peaches - Bag",1,7
1521,2026-07-24,"2026-07-23","Tomatoes - Sungold - Pint",1,7
1521,2026-07-24,"2026-07-23","Extra Credit - Each",5,1.06
1521,2026-07-24,"2026-07-23","Mini",1,53.2
885,2026-07-24,"2026-07-23","Milk - 2%  - Oz.",1,8.32
885,2026-07-24,"2026-07-23","Mothership Pickup Time (5.0 @5:30-6) - @5:30-6",1,0
885,2026-07-24,"2026-07-23","$ for green bags donation - $",1,1
885,2026-07-24,"2026-07-23","Lasagna (1.0 Cheese) - Cheese",1,15
885,2026-07-24,"2026-07-23","Extra Credit - Each",0.57,1.06
885,2026-07-24,"2026-07-23","Half",1,84.79
900,2026-07-24,"2026-07-23","Mothership Pickup Time (1.0 @3:30-4) - @3:30-4",1,0
900,2026-07-24,"2026-07-23","Beans - Green - Bag",1,4.25
900,2026-07-24,"2026-07-23","Cantaloupe (1.0 Medium) - Medium",1,7
900,2026-07-24,"2026-07-23","Ground Beef - D&M - Lb.",1,10.5
900,2026-07-24,"2026-07-23","Mozzarella HBC - Oz.",1,6.75
900,2026-07-24,"2026-07-23","Tomatoes - Heirloom - Bag",1,9
900,2026-07-24,"2026-07-23","Extra Credit - Each",1.75,1.06
900,2026-07-24,"2026-07-23","FSA/FSD",1,79.79
900,2026-07-24,"2026-07-23","Whole MILK",1,8.85
896,2026-07-24,"2026-07-23","Cooler Donation - $",10,1
896,2026-07-24,"2026-07-23","Hand Pie: Spanakopita - Bag",1,10.5
896,2026-07-24,"2026-07-23","Peaches - Bag",4,7
896,2026-07-24,"2026-07-23","Yogurt - Plain - Oz.",1,7.1
896,2026-07-24,"2026-07-23","Extra Credit - Each",31.85,1.06
896,2026-07-24,"2026-07-23","Half",1,84.79
171,2026-07-24,"2026-07-23","Mothership Pickup Time (5.0 @5:30-6) - @5:30-6",1,0
171,2026-07-24,"2026-07-23","Chevre PF (1.0 Herb) - Herb",1,8.5
171,2026-07-24,"2026-07-23","Chicken - Ground - Lb.",1,10.25
171,2026-07-24,"2026-07-23","Louise's Original Granola - Bag",1,10
171,2026-07-24,"2026-07-23","Mozzarella HBC - Oz.",1,6.75
171,2026-07-24,"2026-07-23","Pork Snack Sticks - Honey 4pk - Pack",2,10.3
171,2026-07-24,"2026-07-23","Sourdough Bread - Frozen - Lb.",1,6.75
171,2026-07-24,"2026-07-23","Yogurt - Blueberry - Oz.",1,7.1
171,2026-07-24,"2026-07-23","Extra Credit - Each",53.2,1.06
171,2026-07-24,"2026-07-23","Mini",1,53.2
790,2026-07-24,"2026-07-23","Milk - 2%  - Oz.",1,8.32
790,2026-07-24,"2026-07-23","Eggplant - Globe - Each",1,3
790,2026-07-24,"2026-07-23","Ground Beef - D&M - Lb.",1,10.5
790,2026-07-24,"2026-07-23","Lamb Gyro Seasoned - Lb.",1,18
790,2026-07-24,"2026-07-23","Peaches - Bag",1,7
790,2026-07-24,"2026-07-23","Pita Bread - Frozen (1.0 White) - White",1,3.55
790,2026-07-24,"2026-07-23","Sourdough Bread - Frozen - Lb.",1,6.75
790,2026-07-24,"2026-07-23","Yogurt - Vanilla - Oz.",1,7.1
790,2026-07-24,"2026-07-23","Extra Credit - Each",40.47,1.06
790,2026-07-24,"2026-07-23","Half",1,84.79
976,2026-07-24,"2026-07-23","Ground Beef - D&M - Lb.",1,10.5
976,2026-07-24,"2026-07-23","Peaches - Bag",1,7
976,2026-07-24,"2026-07-23","Peppers - Green Bell - 2-pack",1,3.25
976,2026-07-24,"2026-07-23","Squash - Zucchini - Each",1,2.5
976,2026-07-24,"2026-07-23","Half",1,84.79
699,2026-07-24,"2026-07-23","Hoagie - T - Each",1,3.5
699,2026-07-24,"2026-07-23","Mushrooms (1.0 Shiitake) - Shiitake",1,8
699,2026-07-24,"2026-07-23","Semolina - T - Loaf",1,7
699,2026-07-24,"2026-07-23","Tomatoes - Cherry Wildcard - Pint",1,5
699,2026-07-24,"2026-07-23","Half",1,84.79
979,2026-07-24,"2026-07-23","Cheese Choice $6.75 - Each",1,6.75
979,2026-07-24,"2026-07-23","Eggs - Dozen",1,6.5
979,2026-07-24,"2026-07-23","Ground Beef - D&M - Lb.",1,10.5
979,2026-07-24,"2026-07-23","Half",1,84.79
