"member_id","file_date","delivery_date","item_unit","sales","price"
704,2026-06-19,"2026-06-10","Milk - 2%  - Oz.",1,8.32
704,2026-06-19,"2026-06-10","Eggs - BW - Dozen",1,6.5
704,2026-06-19,"2026-06-10","Mothership Pickup Time (3.0 @4:30-5) - @4:30-5",1,0
704,2026-06-19,"2026-06-10","Curds Garlic Herb HBC 10 oz  - Bag",1,6.75
704,2026-06-19,"2026-06-10","Marinara Sauce - Jar",1,8.75
704,2026-06-19,"2026-06-10","Pork - Ground  - Lb.",1,7.5
704,2026-06-19,"2026-06-10","Extra Credit - Each",7.07,1.06
704,2026-06-19,"2026-06-10","FSA/FSD",1,79.79
284,2026-06-19,"2026-06-10","Jam - Strawberry HBY - Pint",1,7
284,2026-06-19,"2026-06-10","Mothership Pickup Time (3.0 @4:30-5) - @4:30-5",1,0
284,2026-06-19,"2026-06-10","Ground Beef - D&M - Lb.",1,10.5
284,2026-06-19,"2026-06-10","Hummus Choice ($6.75) - Tub",1,6.75
284,2026-06-19,"2026-06-10","Extra Credit - Each",0.5,1.06
284,2026-06-19,"2026-06-10","Mini",1,53.2
291,2026-06-19,"2026-06-10","Mothership Pickup Time (1.0 @3:30-4) - @3:30-4",1,0
291,2026-06-19,"2026-06-10","Cabbage - Green - Head",1,4.5
291,2026-06-19,"2026-06-10","Eggs - Dozen",1,6.5
291,2026-06-19,"2026-06-10","Feta Cheese - HBC - Each",1,6.75
291,2026-06-19,"2026-06-10","Pork - Bratwurst  - Pack",1,8.5
291,2026-06-19,"2026-06-10","Strawberries - Qt - Quart",1,8.25
291,2026-06-19,"2026-06-10","Extra Credit - Each",5.5,1.06
291,2026-06-19,"2026-06-10","Half",1,84.79
482,2026-06-19,"2026-06-10","Eggs - BW - Dozen",2,6.5
482,2026-06-19,"2026-06-10","UCity Pickup Time - @4:30-5",1,0
482,2026-06-19,"2026-06-10","Curds Garlic Herb HBC 10 oz  - Bag",1,6.75
482,2026-06-19,"2026-06-10","Squash - Zucchini - Each",2,2.5
482,2026-06-19,"2026-06-10","Tomatoes - Slicing - Bag",1,6.5
482,2026-06-19,"2026-06-10","Extra Credit - Each",2.25,1.06
482,2026-06-19,"2026-06-10","Half",1,84.79
1983,2026-06-19,"2026-06-10","Mothership Pickup Time (1.0 @3:30-4) - @3:30-4",1,0
1983,2026-06-19,"2026-06-10","Eggs - Dozen",2,6.5
1983,2026-06-19,"2026-06-10","Feta Cheese - HBC - Each",1,6.75
1983,2026-06-19,"2026-06-10","Winter Squash - Spaghetti - Each",1,4.75
1983,2026-06-19,"2026-06-10","Extra Credit - Each",0.75,1.06
1983,2026-06-19,"2026-06-10","Mini",1,53.2
1038,2026-06-19,"2026-06-10","Milk - Whole - Oz.",1,8.32
1038,2026-06-19,"2026-06-10","Mothership Pickup Time (4.0 @5-5:30) - @5-5:30",1,0
1038,2026-06-19,"2026-06-10","Eggs - Dozen",1,6.5
1038,2026-06-19,"2026-06-10","Tortellini - Mushroom - Lb.",1,9.15
1038,2026-06-19,"2026-06-10","Yogurt - Plain - Oz.",1,7.1
1038,2026-06-19,"2026-06-10","Extra Credit - Each",7.32,1.06
1038,2026-06-19,"2026-06-10","Mini",1,53.2
1039,2026-06-19,"2026-06-10","UCity Pickup Time (3.0 @5:30-6) - @5:30-6",1,0
1039,2026-06-19,"2026-06-10","Eggs - Dozen",1,6.5
1039,2026-06-19,"2026-06-10","Pork - Breakfast Bulk ($8) - Pack",1,8
1039,2026-06-19,"2026-06-10","Rice - Basmati Brown - Lb.",1,7.5
1039,2026-06-19,"2026-06-10","Semolina - Wednesday - Loaf",1,7
1039,2026-06-19,"2026-06-10","Strawberries - Qt - Quart",1,8.25
1039,2026-06-19,"2026-06-10","Extra Credit - Each",0.75,1.06
1039,2026-06-19,"2026-06-10","UCA/KWA",1,79.79
618,2026-06-19,"2026-06-10","Mothership Pickup Time (4.0 @5-5:30) - @5-5:30",1,0
618,2026-06-19,"2026-06-10","Eggs - Dozen",1,6.5
618,2026-06-19,"2026-06-10","Shoots - Specialty Mix - Bag",1,4.5
618,2026-06-19,"2026-06-10","Sparkling Tea - Ginger Roselle - 4-pack",1,11.25
618,2026-06-19,"2026-06-10","Swiss Chard - Bunch",1,6
618,2026-06-19,"2026-06-10","Tomatoes - Slicing - Bag",1,6.5
618,2026-06-19,"2026-06-10","Extra Credit - Each",11,1.06
618,2026-06-19,"2026-06-10","Mini",1,53.2
1830,2026-06-19,"2026-06-10","Eggs - Dozen",1,6.5
1830,2026-06-19,"2026-06-10","Ground Beef - D&M - Lb.",1,10.5
1830,2026-06-19,"2026-06-10","Hummus Choice ($6.75) - Tub",1,6.75
1830,2026-06-19,"2026-06-10","Mini",1,53.2
1830,2026-06-19,"2026-06-10","2% MILK",1,8.85
732,2026-06-19,"2026-06-10","Mothership Pickup Time (4.0 @5-5:30) - @5-5:30",1,0
732,2026-06-19,"2026-06-10","Beets - Red w/Tops - Bunch",1,5.25
732,2026-06-19,"2026-06-10","Blueberries - Pint",1,7
732,2026-06-19,"2026-06-10","Dark Chocolate Square  - Each",1,1.75
732,2026-06-19,"2026-06-10","Hoagie - Wednesday - Each",1,3.5
732,2026-06-19,"2026-06-10","Mushrooms (1.0 Shiitake) - Shiitake",1,8
732,2026-06-19,"2026-06-10","Radishes - Mini Daikon - Bunch",1,4
732,2026-06-19,"2026-06-10","Extra Credit - Each",0.5,1.06
732,2026-06-19,"2026-06-10","Half",1,84.79
228,2026-06-19,"2026-06-10","UCity Pickup Time - @4:30-5",1,0
228,2026-06-19,"2026-06-10","Eggs - Dozen",1,6.5
228,2026-06-19,"2026-06-10","Ground Beef - D&M - Lb.",1,10.5
228,2026-06-19,"2026-06-10","Hummus - Carrot & Ginger - Tub",1,6.75
228,2026-06-19,"2026-06-10","Mini",1,53.2
282,2026-06-19,"2026-06-10","Bread Choice ($6.75) - 1-each",1,6.75
282,2026-06-19,"2026-06-10","Cheese Choice $6.75 - Each",1,6.75
282,2026-06-19,"2026-06-10","Chicken - Thighs /lbs  - lbs",1,10.2
282,2026-06-19,"2026-06-10","Pasta Bi-color Short - Lb.",1,6.5
282,2026-06-19,"2026-06-10","Extra Credit - Each",1.2,1.06
282,2026-06-19,"2026-06-10","Half",1,84.79
444,2026-06-19,"2026-06-10","Eggs - BW - Dozen",2,6.5
444,2026-06-19,"2026-06-10","UCity Pickup Time - @4:30-5",1,0
444,2026-06-19,"2026-06-10","Blackberries - Pint",1,7
444,2026-06-19,"2026-06-10","Pork Shoulder/lb. - Each",1,40.4
444,2026-06-19,"2026-06-10","RL Chocolate Milk - Bottle",4,2.75
444,2026-06-19,"2026-06-10","Rice - Brown - Lb.",1,6.5
444,2026-06-19,"2026-06-10","Rice - White - Lb.",1,6.5
444,2026-06-19,"2026-06-10","Extra Credit - Each",47.9,1.06
444,2026-06-19,"2026-06-10","UCA/KWA",1,79.79
828,2026-06-19,"2026-06-10","Cashew Butter - Roasted - Pint",1,11.75
828,2026-06-19,"2026-06-10","Pizza - Four Meat  - Each",1,8.5
828,2026-06-19,"2026-06-10","Pizza - Tomato Basil Garlic  - Each",2,8.5
828,2026-06-19,"2026-06-10","UCity Pickup Time - @4:30-5",1,0
828,2026-06-19,"2026-06-10","Apple Butter - Pint",2,7.75
828,2026-06-19,"2026-06-10","Blueberries - Pint",1,7
828,2026-06-19,"2026-06-10","Pork - Brats Cheddar DM - 4-pack",2,8
828,2026-06-19,"2026-06-10","Extra Credit - Each",52,1.06
828,2026-06-19,"2026-06-10","Mini",1,53.2
923,2026-06-19,"2026-06-10","Stringbean Malawi Peaberry - Oz.",1,16
923,2026-06-19,"2026-06-10","Applewood Smoked Cheddar - Each",1,6.5
923,2026-06-19,"2026-06-10","Date Syrup - Bottle",1,10
923,2026-06-19,"2026-06-10","Hummus - Carrot & Ginger - Tub",1,6.75
923,2026-06-19,"2026-06-10","Semolina - Wednesday - Loaf",1,7
923,2026-06-19,"2026-06-10","Wildcard $7 - Each",1,7
923,2026-06-19,"2026-06-10","Extra Credit - Each",24.25,1.06
923,2026-06-19,"2026-06-10","Half",1,79.79
1799,2026-06-19,"2026-06-10","Mothership Pickup Time (2.0 @4-4:30) - @4-4:30",1,0
1799,2026-06-19,"2026-06-10","Eggs - Dozen",2,6.5
1799,2026-06-19,"2026-06-10","Hoagie - Wednesday - Each",1,3.5
1799,2026-06-19,"2026-06-10","Pork - Ground  - Lb.",1,7.5
1799,2026-06-19,"2026-06-10","Ribeye Steak /lb - Pack",2,32.43
1799,2026-06-19,"2026-06-10","Toffee - Package",1,7.5
1799,2026-06-19,"2026-06-10","Extra Credit - Each",65.61,1.06
1799,2026-06-19,"2026-06-10","FSA/FSD",1,79.79
1286,2026-06-19,"2026-06-10","Half & Half - Pint",1,4.75
1286,2026-06-19,"2026-06-10","Mothership Pickup Time (2.0 @4-4:30) - @4-4:30",1,0
1286,2026-06-19,"2026-06-10","Blueberries - Pint",1,7
1286,2026-06-19,"2026-06-10","Cannolis - Frozen - 2-pack",1,8.5
1286,2026-06-19,"2026-06-10","Chicken Links - Lemon Pepper - Lb.",1,10.5
1286,2026-06-19,"2026-06-10","Seedy Wheaty - Frozen - Loaf",1,3.75
1286,2026-06-19,"2026-06-10","Extra Credit - Each",5.5,1.06
1286,2026-06-19,"2026-06-10","Half",1,84.79
1124,2026-06-19,"2026-06-10","Mothership Pickup Time (5.0 @5:30-6) - @5:30-6",1,0
1124,2026-06-19,"2026-06-10","Blueberries - Pint",1,7
1124,2026-06-19,"2026-06-10","Eggs - Dozen",1,6.5
1124,2026-06-19,"2026-06-10","Peas - Sugar Snap - Share",1,4
1124,2026-06-19,"2026-06-10","Squash - Zucchini - Each",2,2.5
1124,2026-06-19,"2026-06-10","Tomatoes - Slicing - Bag",1,6.5
1124,2026-06-19,"2026-06-10","Half",1,84.79
296,2026-06-19,"2026-06-10","Mothership Pickup Time (3.0 @4:30-5) - @4:30-5",1,0
296,2026-06-19,"2026-06-10","Applewood Smoked Cheddar - Each",1,6.5
296,2026-06-19,"2026-06-10","Cinnamon Rolls - Frozen - Pack",1,6.75
296,2026-06-19,"2026-06-10","Pork - Bratwurst  - Pack",1,8.5
296,2026-06-19,"2026-06-10","Wildcard $7 - Each",1,7
296,2026-06-19,"2026-06-10","Half",1,84.79
919,2026-06-19,"2026-06-10","Mothership Pickup Time (1.0 @3:30-4) - @3:30-4",1,0
919,2026-06-19,"2026-06-10","Chicken - Ground - Lb.",1,9
919,2026-06-19,"2026-06-10","Lettuce - Salanova - Bag",1,4.25
919,2026-06-19,"2026-06-10","Mushrooms (1.0 Maitake (Hen of the Woods)) - Maitake (Hen of the Woods)",1,8
919,2026-06-19,"2026-06-10","Radishes - Purple Heart - Bunch",1,5.25
919,2026-06-19,"2026-06-10","Squash - Zucchini - Each",1,2.5
919,2026-06-19,"2026-06-10","Half",1,84.79
1699,2026-06-19,"2026-06-10","UCity Pickup Time (2.0 @5-5:30) - @5-5:30",1,0
1699,2026-06-19,"2026-06-10","Beans - Green - Bag",1,4.25
1699,2026-06-19,"2026-06-10","Blackberries - Pint",1,7
1699,2026-06-19,"2026-06-10","Light and Mild - Wednesday - Loaf",1,8.25
1699,2026-06-19,"2026-06-10","Peas - Sugar Snap - Share",1,4
1699,2026-06-19,"2026-06-10","RL Chocolate Milk - Bottle",1,2.75
1699,2026-06-19,"2026-06-10","Radishes - Bunch - Bunch",1,3.5
1699,2026-06-19,"2026-06-10","Strawberries - Qt - Quart",1,8.25
1699,2026-06-19,"2026-06-10","Extra Credit - Each",1.5,1.06
1699,2026-06-19,"2026-06-10","UCA/KWA",1,79.79
1154,2026-06-19,"2026-06-10","Mothership Pickup Time (4.0 @5-5:30) - @5-5:30",1,0
1154,2026-06-19,"2026-06-10","Blueberries - Pint",1,7
1154,2026-06-19,"2026-06-10","Chicken - Whole $5.00/lb. - Each",1,21.5
1154,2026-06-19,"2026-06-10","Eggs - Dozen",1,6.5
1154,2026-06-19,"2026-06-10","Strawberries - Qt - Quart",1,8.25
1154,2026-06-19,"2026-06-10","Extra Credit - Each",19.5,1.06
1154,2026-06-19,"2026-06-10","Mini",1,53.2
1559,2026-06-19,"2026-06-10","Yogurt - Greek Plain - Oz.",1,7.1
1559,2026-06-19,"2026-06-10","UCity Pickup Time (3.0 @5:30-6) - @5:30-6",1,0
1559,2026-06-19,"2026-06-10","Almond Butter - Crunchy  - Pint",1,11.25
1559,2026-06-19,"2026-06-10","Arugula - Bag",1,4.25
1559,2026-06-19,"2026-06-10","Beans - Green - Bag",1,4.25
1559,2026-06-19,"2026-06-10","Blackberries - Pint",1,7
1559,2026-06-19,"2026-06-10","Blueberries - Pint",1,7
1559,2026-06-19,"2026-06-10","Deli Roast Beef - Lb.",1,22.5
1559,2026-06-19,"2026-06-10","Hummus - Carrot & Ginger - Tub",1,6.75
1559,2026-06-19,"2026-06-10","Janie's Bread - Wednesday - Each",1,7
1559,2026-06-19,"2026-06-10","Onions - Green - Bunch",1,3.5
1559,2026-06-19,"2026-06-10","Onions - Sweet Bunch - Bunch",1,3.75
1559,2026-06-19,"2026-06-10","Squash - Zucchini - Each",1,2.5
1559,2026-06-19,"2026-06-10","Strawberries - Qt - Quart",1,8.25
1559,2026-06-19,"2026-06-10","Tahini - Pint",1,8.75
1559,2026-06-19,"2026-06-10","Tomatoes - Slicing - Bag",1,6.5
1559,2026-06-19,"2026-06-10","Wild Cod/LB* - Pack",2,7.35
1559,2026-06-19,"2026-06-10","Extra Credit - Each",101.3,1.06
1559,2026-06-19,"2026-06-10","Mini",1,53.2
1098,2026-06-19,"2026-06-10","Eggs - BW - Dozen",2,6.5
1098,2026-06-19,"2026-06-10","UCity Pickup Time - @4:30-5",1,0
1098,2026-06-19,"2026-06-10","Cucumbers - Slicing - Each",1,2
1098,2026-06-19,"2026-06-10","Oat Porridge Bread - Wednesday - Loaf",1,9
1098,2026-06-19,"2026-06-10","Semolina - Wednesday - Loaf",1,7
1098,2026-06-19,"2026-06-10","Wildcard $7 - Each",1,7
1098,2026-06-19,"2026-06-10","Extra Credit - Each",9,1.06
1098,2026-06-19,"2026-06-10","Half",1,68.89
1098,2026-06-19,"2026-06-10","2% MILK-o",1,8.85
557,2026-06-19,"2026-06-10","Mothership Pickup Time (4.0 @5-5:30) - @5-5:30",1,0
557,2026-06-19,"2026-06-10","Marinara Sauce - Jar",1,8.75
557,2026-06-19,"2026-06-10","Mushrooms - Choice",1,8
557,2026-06-19,"2026-06-10","Pork - Ground  - Lb.",1,7.5
557,2026-06-19,"2026-06-10","Wildcard $6.5 - Each",1,6.5
557,2026-06-19,"2026-06-10","FSA/FSD",1,79.79
1896,2026-06-19,"2026-06-10","Mothership Pickup Time (6.0 @6-6:30) - @6-6:30",1,0
1896,2026-06-19,"2026-06-10","Blackberries - Pint",1,7
1896,2026-06-19,"2026-06-10","Eggs - Dozen",1,6.5
1896,2026-06-19,"2026-06-10","Hummus - Garlic - Tub",1,6.75
1896,2026-06-19,"2026-06-10","Light and Mild - Wednesday - Loaf",1,8.25
1896,2026-06-19,"2026-06-10","Strawberries - Qt - Quart",1,8.25
1896,2026-06-19,"2026-06-10","Extra Credit - Each",13,1.06
1896,2026-06-19,"2026-06-10","Mini",1,53.2
1000,2026-06-19,"2026-06-10","UCity Pickup Time (3.0 @5:30-6) - @5:30-6",1,0
1000,2026-06-19,"2026-06-10","Bagels - Poppy Seed - BU - Bag",1,11
1000,2026-06-19,"2026-06-10","Curds Applewood Smoked 10 oz - Bag",1,6.75
1000,2026-06-19,"2026-06-10","Eggs - Dozen",1,6.5
1000,2026-06-19,"2026-06-10","Sesame Hoagie -W - Each",1,3.8
1000,2026-06-19,"2026-06-10","Extra Credit - Each",4.3,1.06
1000,2026-06-19,"2026-06-10","Mini",1,53.2
207,2026-06-19,"2026-06-10","Asparagus - Bunch",1,6.5
207,2026-06-19,"2026-06-10","Beans - Green - Bag",1,4.25
207,2026-06-19,"2026-06-10","Beets - Red w/Tops - Bunch",1,5.25
207,2026-06-19,"2026-06-10","Blackberries - Pint",1,7
207,2026-06-19,"2026-06-10","Eggs - Dozen",1,6.5
207,2026-06-19,"2026-06-10","Lettuce - Bibb - Head",1,3.25
207,2026-06-19,"2026-06-10","Lettuce - Butterhead - Bag",1,4.25
207,2026-06-19,"2026-06-10","Lettuce - Romaine Head - Head",1,5
207,2026-06-19,"2026-06-10","Peas - Shelling  - Oz.",1,4.25
207,2026-06-19,"2026-06-10","Strawberries - Qt - Quart",2,8.25
207,2026-06-19,"2026-06-10","Extra Credit - Each",39,1.06
207,2026-06-19,"2026-06-10","Mini",1,53.2
1284,2026-06-19,"2026-06-10","Apple Sauce - Chunky - NS - Quart",1,7.75
1284,2026-06-19,"2026-06-10","Beans - Green - Bag",1,4.25
1284,2026-06-19,"2026-06-10","Chicken Links - Lemon Pepper - Lb.",1,10.5
1284,2026-06-19,"2026-06-10","Eggs - Dozen",1,6.5
1284,2026-06-19,"2026-06-10","Feta Cheese - HBC - Each",1,6.75
1284,2026-06-19,"2026-06-10","Onions - Sweet Bunch - Bunch",1,3.75
1284,2026-06-19,"2026-06-10","Peas - Sugar Snap - Share",1,4
1284,2026-06-19,"2026-06-10","Sesame Hoagie -W - Each",1,3.8
1284,2026-06-19,"2026-06-10","Shoots - Sunflower - Bag",1,4.5
1284,2026-06-19,"2026-06-10","Squash - Summer - Each",1,2.25
1284,2026-06-19,"2026-06-10","Extra Credit - Each",54.05,1.06
99,2026-06-19,"2026-06-10","Mothership Pickup Time (6.0 @6-6:30) - @6-6:30",1,0
99,2026-06-19,"2026-06-10","Hamburger Buns - 4-pack",1,2.55
99,2026-06-19,"2026-06-10","Bagels - Blueberry - BU - Bag",1,11
99,2026-06-19,"2026-06-10","Chicken Drumsticks /LB - Pack",1,3.84
99,2026-06-19,"2026-06-10","Chicken Links - Lemon Pepper - Lb.",1,10.5
99,2026-06-19,"2026-06-10","Kohlrabi  - Head",1,1
99,2026-06-19,"2026-06-10","Tortillas Sourdough - Frozen - Pack",1,5
1923,2026-06-19,"2026-06-10","UCity Pickup Time (3.0 @5:30-6) - @5:30-6",1,0
1923,2026-06-19,"2026-06-10","Beans - Green - Bag",1,4.25
1923,2026-06-19,"2026-06-10","Blackberries - Pint",1,7
1923,2026-06-19,"2026-06-10","Dark Bar 61% - Package",1,3
1923,2026-06-19,"2026-06-10","Dark Chocolate Almond Bar - Pack",1,4.95
1923,2026-06-19,"2026-06-10","Eggs - Dozen",1,6.5
1923,2026-06-19,"2026-06-10","Kairos Sourdough Choice $5 - Pack",1,5
1923,2026-06-19,"2026-06-10","Lamb Gyro w/ Feta & Spinach - Lb.",1,18
1923,2026-06-19,"2026-06-10","Radishes - Bunch - Bunch",1,3.5
1923,2026-06-19,"2026-06-10","Tomatoes - Slicing - Bag",1,6.5
1923,2026-06-19,"2026-06-10","Wildcard $4 - Each",1,4
1923,2026-06-19,"2026-06-10","Extra Credit - Each",26.2,1.06
1923,2026-06-19,"2026-06-10","UCA/KWA",1,79.79
1174,2026-06-19,"2026-06-10","Cucumbers - Slicing - Each",1,2
1174,2026-06-19,"2026-06-10","Eggs - Dozen",1,6.5
1174,2026-06-19,"2026-06-10","Janie's Bread - Wednesday - Each",1,7
1174,2026-06-19,"2026-06-10","Peas - Sugar Snap - Share",1,4
1174,2026-06-19,"2026-06-10","Rhubarb - Bunch",1,9.5
1174,2026-06-19,"2026-06-10","Strawberries - Qt - Quart",1,8.25
1174,2026-06-19,"2026-06-10","Extra Credit - Each",8.25,1.06
1174,2026-06-19,"2026-06-10","Half",1,84.79
1879,2026-06-19,"2026-06-10","Mothership Pickup Time (3.0 @4:30-5) - @4:30-5",1,0
1879,2026-06-19,"2026-06-10","Beans - Green - Bag",1,4.25
1879,2026-06-19,"2026-06-10","Ground Beef - D&M - Lb.",1,10.5
1879,2026-06-19,"2026-06-10","Hummus - Garlic - Tub",1,6.75
1879,2026-06-19,"2026-06-10","Squash - Zucchini - Each",1,2.5
1879,2026-06-19,"2026-06-10","Extra Credit - Each",0.25,1.06
1879,2026-06-19,"2026-06-10","Mini",1,53.2
373,2026-06-19,"2026-06-10","Milk - Skim  - Oz.",1,8.32
373,2026-06-19,"2026-06-10","UCity Pickup Time (3.0 @5:30-6) - @5:30-6",1,0
373,2026-06-19,"2026-06-10","Asparagus - Bunch",1,6.5
373,2026-06-19,"2026-06-10","Blackberries - Pint",1,7
373,2026-06-19,"2026-06-10","Cabbage - Green - Head",1,4.5
373,2026-06-19,"2026-06-10","Cucumbers - Slicing - Each",1,2
373,2026-06-19,"2026-06-10","Lettuce Mix - Bag",1,4.5
373,2026-06-19,"2026-06-10","Peas - Sugar Snap - Share",1,4
373,2026-06-19,"2026-06-10","Extra Credit - Each",0.32,1.06
373,2026-06-19,"2026-06-10","UCA/KWA",1,79.79
1111,2026-06-19,"2026-06-10","Mothership Pickup Time (1.0 @3:30-4) - @3:30-4",1,0
1111,2026-06-19,"2026-06-10","Boneless Pork Chop - D&M /lb - Lb.",1,12.32
1111,2026-06-19,"2026-06-10","Chicken Links - Chorizo - Lb.",1,10.5
1111,2026-06-19,"2026-06-10","Eggs - Dozen",1,6.5
1111,2026-06-19,"2026-06-10","Hummus - Carrot & Ginger - Tub",1,6.75
1111,2026-06-19,"2026-06-10","Extra Credit - Each",7.07,1.06
1111,2026-06-19,"2026-06-10","Half",1,84.79
1498,2026-06-19,"2026-06-10","Cucumbers - Pickling - Bag",1,3.5
1498,2026-06-19,"2026-06-10","UCity Pickup Time - @4:30-5",1,0
1498,2026-06-19,"2026-06-10","Blueberries - Pint",1,7
1498,2026-06-19,"2026-06-10","Hummus Choice ($6.75) - Tub",1,6.75
1498,2026-06-19,"2026-06-10","Marshmallow Pie - Each",1,7.5
1498,2026-06-19,"2026-06-10","Strawberries - Qt - Quart",1,8.25
1498,2026-06-19,"2026-06-10","Extra Credit - Each",9.25,1.06
1498,2026-06-19,"2026-06-10","Mini",1,53.2
526,2026-06-19,"2026-06-10","Ground Turkey - Pack",2,9
526,2026-06-19,"2026-06-10","UCity Pickup Time - @4:30-5",1,0
526,2026-06-19,"2026-06-10","Ground Beef - D&M - Lb.",2,10.5
526,2026-06-19,"2026-06-10","Hoagie - Wednesday - Each",1,3.5
526,2026-06-19,"2026-06-10","Semolina - Wednesday - Loaf",1,7
526,2026-06-19,"2026-06-10","Extra Credit - Each",13,1.06
526,2026-06-19,"2026-06-10","UCA/KWA",1,79.79
42,2026-06-19,"2026-06-10","Chicken - BULK Breasts /lb. - Pack",1,8.25
42,2026-06-19,"2026-06-10","Broccolini - Bag",1,6
42,2026-06-19,"2026-06-10","Carrots w/tops - Bunch",1,5.25
42,2026-06-19,"2026-06-10","Dark Chocolate Lolli - Each",1,1.75
42,2026-06-19,"2026-06-10","Ground Beef - D&M - Lb.",1,10.5
42,2026-06-19,"2026-06-10","Milk Chocolate Lolli - Each",1,1.75
42,2026-06-19,"2026-06-10","Onions - Green - Bunch",1,3.5
42,2026-06-19,"2026-06-10","Staff - include last wk's share - Bag",1,0
42,2026-06-19,"2026-06-10","Tomatoes - Slicing - Bag",1,6.5
42,2026-06-19,"2026-06-10","Extra Credit - Each",7,1.06
42,2026-06-19,"2026-06-10","UCA/KWA",1,79.79
1030,2026-06-19,"2026-06-10","Arugula - Bag",1,4.25
1030,2026-06-19,"2026-06-10","Blueberries - Pint",1,7
1030,2026-06-19,"2026-06-10","Eggs - Dozen",1,6.5
1030,2026-06-19,"2026-06-10","Light and Mild - Wednesday - Loaf",1,8.25
1030,2026-06-19,"2026-06-10","Strawberries - Qt - Quart",1,8.25
1030,2026-06-19,"2026-06-10","Yogurt - Plain - Oz.",1,7.1
1030,2026-06-19,"2026-06-10","Extra Credit - Each",4.85,1.06
1030,2026-06-19,"2026-06-10","UCA/KWA",1,79.79
1448,2026-06-19,"2026-06-10","Eggs - BW - Dozen",1,6.5
1448,2026-06-19,"2026-06-10","Bacon - Each",1,13.5
1448,2026-06-19,"2026-06-10","Chicken - Thighs /lbs  - lbs",1,9.48
1448,2026-06-19,"2026-06-10","Extra Credit - Each",5.73,1.06
1448,2026-06-19,"2026-06-10","Mini",1,53.2
145,2026-06-19,"2026-06-10","Mothership Pickup Time (1.0 @3:30-4) - @3:30-4",1,0
145,2026-06-19,"2026-06-10","Blueberries - Pint",1,7
145,2026-06-19,"2026-06-10","Oats - Rolled 5# - Bag",1,12.25
145,2026-06-19,"2026-06-10","Squash - Summer - Each",2,2.25
145,2026-06-19,"2026-06-10","Mini",1,53.2
863,2026-06-19,"2026-06-10","Mothership Pickup Time (6.0 @6-6:30) - @6-6:30",1,0
863,2026-06-19,"2026-06-10","Beans - Green - Bag",1,4.25
863,2026-06-19,"2026-06-10","Cucumbers - Slicing - Each",1,2
863,2026-06-19,"2026-06-10","Marinara Sauce - Jar",1,8.75
863,2026-06-19,"2026-06-10","Pork - Ground  - Lb.",1,7.5
863,2026-06-19,"2026-06-10","Strawberries - Qt - Quart",1,8.25
863,2026-06-19,"2026-06-10","FSA/FSD",1,79.79
190,2026-06-19,"2026-06-10","Ground Turkey - Pack",1,9
190,2026-06-19,"2026-06-10","Jam - Strawberry HBY - Pint",1,7
190,2026-06-19,"2026-06-10","Mothership Pickup Time (4.0 @5-5:30) - @5-5:30",1,0
190,2026-06-19,"2026-06-10","Bagels - Everything - BU - Bag",1,11
190,2026-06-19,"2026-06-10","Buttermilk Waffles Sourdough - Frozen - Pack",1,5
190,2026-06-19,"2026-06-10","Kabob - Lamb - Package",1,21.25
190,2026-06-19,"2026-06-10","Pork - Bratwurst  - Pack",1,8.5
190,2026-06-19,"2026-06-10","Extra Credit - Each",38,1.06
190,2026-06-19,"2026-06-10","Mini",1,53.2
911,2026-06-19,"2026-06-10","Bread Choice ($6.75) - 1-each",1,6.75
911,2026-06-19,"2026-06-10","Cheese Choice $6.75 - Each",1,6.75
911,2026-06-19,"2026-06-10","Pork - Bratwurst  - Pack",1,8.5
911,2026-06-19,"2026-06-10","Wildcard $7 - Each",1,7
911,2026-06-19,"2026-06-10","Half",1,68.89
125,2026-06-19,"2026-06-10","Blackberries - Pint",2,7
125,2026-06-19,"2026-06-10","Cornmeal - Oz.",1,4.75
125,2026-06-19,"2026-06-10","Flour - HRS Sifted Bread  - Bag",1,11.25
125,2026-06-19,"2026-06-10","Granola Bar - Each",2,3.8
125,2026-06-19,"2026-06-10","Maple Syrup 12 oz. - Jar",1,13
125,2026-06-19,"2026-06-10","Mushrooms (1.0 King Oyster (French Horn)) - King Oyster (French Horn)",1,8
125,2026-06-19,"2026-06-10","Rice - Basmati Brown - Lb.",1,7.5
125,2026-06-19,"2026-06-10","Rice - Basmati White - Lb.",1,7.5
125,2026-06-19,"2026-06-10","Extra Credit - Each",37.1,1.06
125,2026-06-19,"2026-06-10","UCA/KWA",1,79.79
235,2026-06-19,"2026-06-10","Beets - Red w/Tops - Bunch",1,5.25
235,2026-06-19,"2026-06-10","Blackberries - Pint",1,7
235,2026-06-19,"2026-06-10","Hummus - Garlic - Tub",1,6.75
235,2026-06-19,"2026-06-10","Semolina - Wednesday - Loaf",1,7
235,2026-06-19,"2026-06-10","Extra Credit - Each",2.25,1.06
235,2026-06-19,"2026-06-10","Mini",1,53.2
1512,2026-06-19,"2026-06-10","Bread Choice ($6.75) - 1-each",1,6.75
1512,2026-06-19,"2026-06-10","Cheese Choice $6.75 - Each",1,6.75
1512,2026-06-19,"2026-06-10","Pork - Bratwurst  - Pack",1,8.5
1512,2026-06-19,"2026-06-10","Wildcard $7 - Each",1,7
1512,2026-06-19,"2026-06-10","Half",1,68.89
520,2026-06-19,"2026-06-10","UCity Pickup Time - @4:30-5",1,0
520,2026-06-19,"2026-06-10","Blackberries - Pint",1,7
520,2026-06-19,"2026-06-10","Harvest Shreds - Naked 2lb. - Pack",1,24.5
520,2026-06-19,"2026-06-10","Lettuce - Salanova - Bag",1,4.25
520,2026-06-19,"2026-06-10","Peas - Shelling  - Oz.",1,4.25
520,2026-06-19,"2026-06-10","Strawberries - Qt - Quart",1,8.25
520,2026-06-19,"2026-06-10","Tomatoes - Slicing - Bag",1,6.5
520,2026-06-19,"2026-06-10","Extra Credit - Each",28.5,1.06
520,2026-06-19,"2026-06-10","Mini",1,53.2
520,2026-06-19,"2026-06-10","Whole MILK",1,8.85
156,2026-06-19,"2026-06-10","Mothership Pickup Time (4.0 @5-5:30) - @5-5:30",1,0
156,2026-06-19,"2026-06-10","Food for Ferals Donation - $",1,1
156,2026-06-19,"2026-06-10","Beans - Green - Bag",1,4.25
156,2026-06-19,"2026-06-10","Eggs - Duck 1/2 Dozen - Each",1,5.25
156,2026-06-19,"2026-06-10","Kohlrabi  - Head",2,1
156,2026-06-19,"2026-06-10","Pork Hot Dogs - Each",1,7.5
156,2026-06-19,"2026-06-10","Tortellini - Goat Cheese - Pack",1,9.15
156,2026-06-19,"2026-06-10","Extra Credit - Each",0.15,1.06
156,2026-06-19,"2026-06-10","Half",1,84.79
709,2026-06-19,"2026-06-10","Chicken - Big Bag Deboned Thighs/lb. - Bag",1,8.25
709,2026-06-19,"2026-06-10","Eggs - BW - Dozen",2,6.5
709,2026-06-19,"2026-06-10","Mothership Pickup Time (1.0 @3:30-4) - @3:30-4",1,0
709,2026-06-19,"2026-06-10","Asparagus - Bunch",1,6.5
709,2026-06-19,"2026-06-10","Beets - Red w/Tops - Bunch",2,5.25
709,2026-06-19,"2026-06-10","Coffee Stringbean Decaf - Bag",1,16
709,2026-06-19,"2026-06-10","Lettuce Mix - Bag",1,4.5
709,2026-06-19,"2026-06-10","Pork - Ground  - Lb.",1,7.5
709,2026-06-19,"2026-06-10","Toffee - Package",2,7.5
709,2026-06-19,"2026-06-10","Extra Credit - Each",38,1.06
709,2026-06-19,"2026-06-10","FSA/FSD",1,79.79
709,2026-06-19,"2026-06-10","Whole MILK",1,8.85
1355,2026-06-19,"2026-06-10","Bread Choice ($6.75) - 1-each",1,6.75
1355,2026-06-19,"2026-06-10","Cheese Choice $6.75 - Each",1,6.75
1355,2026-06-19,"2026-06-10","Pork - Bratwurst  - Pack",1,8.5
1355,2026-06-19,"2026-06-10","Wildcard $7 - Each",1,7
1355,2026-06-19,"2026-06-10","Half",1,84.79
1355,2026-06-19,"2026-06-10","Eggs - Buttonwood",3,6.65
1355,2026-06-19,"2026-06-10","Ground Chicken -o",7,8.84
1355,2026-06-19,"2026-06-10","Whole MILK-o",1,8.85
1272,2026-06-19,"2026-06-10","Cucumbers - Pickling - Bag",1,3.5
1272,2026-06-19,"2026-06-10","Mothership Pickup Time (3.0 @4:30-5) - @4:30-5",1,0
1272,2026-06-19,"2026-06-10","Apple Sauce - w/sugar - qt. - Jar",1,7.75
1272,2026-06-19,"2026-06-10","Blueberries - Pint",1,7
1272,2026-06-19,"2026-06-10","Broccoli - Share",1,4.25
1272,2026-06-19,"2026-06-10","Eggs - Dozen",1,6.5
1272,2026-06-19,"2026-06-10","Peas - Sugar Snap - Share",1,4
1272,2026-06-19,"2026-06-10","Strawberries - Qt - Quart",1,8.25
1272,2026-06-19,"2026-06-10","Tomatoes - Slicing - Bag",1,6.5
1272,2026-06-19,"2026-06-10","Extra Credit - Each",18.75,1.06
1272,2026-06-19,"2026-06-10","Half",1,84.79
598,2026-06-19,"2026-06-10","Pizza - Deluxe - Each",1,8.5
598,2026-06-19,"2026-06-10","Eggs - Dozen",1,6.5
598,2026-06-19,"2026-06-10","Pasta Bi-color Short - Lb.",1,6.5
598,2026-06-19,"2026-06-10","Squash - Summer - Each",1,2.25
598,2026-06-19,"2026-06-10","Mini",1,53.2
423,2026-06-19,"2026-06-10","Mothership Pickup Time (6.0 @6-6:30) - @6-6:30",1,0
423,2026-06-19,"2026-06-10","Blueberries - Pint",1,7
423,2026-06-19,"2026-06-10","Onions - Sweet Bunch - Bunch",3,3.75
423,2026-06-19,"2026-06-10","Pork - Ground  - Lb.",1,7.5
423,2026-06-19,"2026-06-10","Potatoes - New - Bag",2,5.75
423,2026-06-19,"2026-06-10","Sea Scallops/LB - Bag",1,63.1
423,2026-06-19,"2026-06-10","Strawberries - Qt - Quart",2,8.25
423,2026-06-19,"2026-06-10","Yogurt - Strawberry - Oz.",1,7.1
423,2026-06-19,"2026-06-10","Extra Credit - Each",93.2,1.06
423,2026-06-19,"2026-06-10","FSA/FSD",1,79.79
1459,2026-06-19,"2026-06-10","Peanut Butter MC - Tub",1,7.75
1459,2026-06-19,"2026-06-10","Mothership Pickup Time - @6:30-7",1,0
1459,2026-06-19,"2026-06-10","Aged Cheddar - HBC - Each",1,6.75
1459,2026-06-19,"2026-06-10","Asparagus - Bunch",1,6.5
1459,2026-06-19,"2026-06-10","Bagels - Blueberry - BU - Bag",1,11
1459,2026-06-19,"2026-06-10","Granola Bar - Each",1,3.8
1459,2026-06-19,"2026-06-10","Lettuce Mix - Bag",1,4.5
1459,2026-06-19,"2026-06-10","Wildcard $7 - Each",1,7
1459,2026-06-19,"2026-06-10","Extra Credit - Each",18.3,1.06
1459,2026-06-19,"2026-06-10","Half",1,84.79
1577,2026-06-19,"2026-06-10","Mothership Pickup Time (5.0 @5:30-6) - @5:30-6",1,0
1577,2026-06-19,"2026-06-10","Blackberries - Pint",1,7
1577,2026-06-19,"2026-06-10","Ground Beef - D&M - Lb.",1,10.5
1577,2026-06-19,"2026-06-10","Oat Porridge Bread - Wednesday - Loaf",1,9
1577,2026-06-19,"2026-06-10","Strawberries - Qt - Quart",1,8.25
1577,2026-06-19,"2026-06-10","Tomatoes - Slicing - Bag",1,6.5
1577,2026-06-19,"2026-06-10","Extra Credit - Each",15,1.06
1577,2026-06-19,"2026-06-10","Mini",1,53.2
1577,2026-06-19,"2026-06-10","Whole MILK",1,8.85
1627,2026-06-19,"2026-06-10","Mothership Pickup Time (5.0 @5:30-6) - @5:30-6",1,0
1627,2026-06-19,"2026-06-10","Eggs - Dozen",1,6.5
1627,2026-06-19,"2026-06-10","Hoagie - Wednesday - Each",1,3.5
1627,2026-06-19,"2026-06-10","Honey - Pint - Jar",1,11.5
1627,2026-06-19,"2026-06-10","Kale - Lacinato/Dinosaur - Bag",2,5
1627,2026-06-19,"2026-06-10","Pork - Ground  - Lb.",1,7.5
1627,2026-06-19,"2026-06-10","Extra Credit - Each",8.25,1.06
1627,2026-06-19,"2026-06-10","FSA/FSD",1,79.79
322,2026-06-19,"2026-06-10","Beans - Green - Bag",1,4.25
322,2026-06-19,"2026-06-10","Eggs - Dozen",1,6.5
322,2026-06-19,"2026-06-10","English Muffin Sourdough - Frozen - Pack",1,5
322,2026-06-19,"2026-06-10","HRW Sifted Bread Wheat Flour - Bag",1,8.6
322,2026-06-19,"2026-06-10","Lettuce - Bibb - Head",1,3.25
322,2026-06-19,"2026-06-10","Pork - Bratwurst  - Pack",1,8.5
322,2026-06-19,"2026-06-10","UCA/KWA",1,79.79
681,2026-06-19,"2026-06-10","Beans - Green - Bag",1,4.25
681,2026-06-19,"2026-06-10","Kairos Sourdough Choice $5 - Pack",1,5
681,2026-06-19,"2026-06-10","Maple Syrup 12 oz. - Jar",1,13
681,2026-06-19,"2026-06-10","Pork - Breakfast Bulk ($8) - Pack",1,8
681,2026-06-19,"2026-06-10","Yogurt - Vanilla - Oz.",1,7.1
681,2026-06-19,"2026-06-10","Extra Credit - Each",0.85,1.06
681,2026-06-19,"2026-06-10","UCA/KWA",1,79.79
1453,2026-06-19,"2026-06-10","Mothership Pickup Time (1.0 @3:30-4) - @3:30-4",1,0
1453,2026-06-19,"2026-06-10","Ground Beef - D&M - Lb.",1,10.5
1453,2026-06-19,"2026-06-10","Hummus Choice ($6.75) - Tub",1,6.75
1453,2026-06-19,"2026-06-10","Tomatoes - Slicing - Bag",1,6.5
1453,2026-06-19,"2026-06-10","Mini",1,53.2
1453,2026-06-19,"2026-06-10","Whole MILK",1,8.85
1048,2026-06-19,"2026-06-10","Cucumbers - Pickling - Bag",1,3.5
1048,2026-06-19,"2026-06-10","UCity Pickup Time (3.0 @5:30-6) - @5:30-6",1,0
1048,2026-06-19,"2026-06-10","Asparagus - Bunch",1,6.5
1048,2026-06-19,"2026-06-10","Pork - Ground  - Lb.",2,7.5
1048,2026-06-19,"2026-06-10","Strawberries - Qt - Quart",1,8.25
1048,2026-06-19,"2026-06-10","UCA/KWA",1,79.79
1255,2026-06-19,"2026-06-10","Mothership Pickup Time (1.0 @3:30-4) - @3:30-4",1,0
1255,2026-06-19,"2026-06-10","Eggs - Dozen",2,6.5
1255,2026-06-19,"2026-06-10","Ground Beef - D&M - Lb.",1,10.5
1255,2026-06-19,"2026-06-10","Hoagie - Wednesday - Each",1,3.5
1255,2026-06-19,"2026-06-10","Peas - Sugar Snap - Share",1,4
1255,2026-06-19,"2026-06-10","Yogurt - Plain - Oz.",1,7.1
1255,2026-06-19,"2026-06-10","Extra Credit - Each",14.35,1.06
1255,2026-06-19,"2026-06-10","Mini",1,53.2
1255,2026-06-19,"2026-06-10","2% MILK",1,8.85
1255,2026-06-19,"2026-06-10","Half & Half",1,5.05
1162,2026-06-19,"2026-06-10","Eggs - Dozen",1,6.5
1162,2026-06-19,"2026-06-10","Ground Beef - D&M - Lb.",1,10.5
1162,2026-06-19,"2026-06-10","Hummus Choice ($6.75) - Tub",1,6.75
1162,2026-06-19,"2026-06-10","Mini",1,53.2
162,2026-06-19,"2026-06-10","UCity Pickup Time (3.0 @5:30-6) - @5:30-6",1,0
162,2026-06-19,"2026-06-10","Pork Steaks/lb. - Pack",1,14.25
162,2026-06-19,"2026-06-10","Bread Choice ($6.75) - 1-each",1,6.75
162,2026-06-19,"2026-06-10","Eggs - Dozen",1,6.5
162,2026-06-19,"2026-06-10","Pork - Bratwurst  - Pack",1,8.5
162,2026-06-19,"2026-06-10","Extra Credit - Each",7,1.06
162,2026-06-19,"2026-06-10","Half",1,84.79
1735,2026-06-19,"2026-06-10","UCity Pickup Time - @4:30-5",1,0
1735,2026-06-19,"2026-06-10","Bagels - Plain - BU - Bag",1,11
1735,2026-06-19,"2026-06-10","Eggs - Dozen",1,6.5
1735,2026-06-19,"2026-06-10","Ground Beef - D&M - Lb.",1,10.5
1735,2026-06-19,"2026-06-10","Rhubarb - Bunch",1,9.5
1735,2026-06-19,"2026-06-10","Strawberries - Qt - Quart",1,8.25
1735,2026-06-19,"2026-06-10","Extra Credit - Each",9.25,1.06
1735,2026-06-19,"2026-06-10","UCA/KWA",1,79.79
1932,2026-06-19,"2026-06-10","Mothership Pickup Time (3.0 @4:30-5) - @4:30-5",1,0
1932,2026-06-19,"2026-06-10","Buttermilk - Qt.  - Quart",1,6.5
1932,2026-06-19,"2026-06-10","Mushrooms (1.0 King Oyster (French Horn)) - King Oyster (French Horn)",1,8
1932,2026-06-19,"2026-06-10","Oat Groats Organic - Bag",1,3.75
1932,2026-06-19,"2026-06-10","Stringbean Ethiopian - Bag",1,16
1932,2026-06-19,"2026-06-10","Extra Credit - Each",3.5,1.06
1932,2026-06-19,"2026-06-10","FSA/FSD",1,79.79
627,2026-06-19,"2026-06-10","UCity Pickup Time - @4:30-5",1,0
627,2026-06-19,"2026-06-10","Eggs - Dozen",1,6.5
627,2026-06-19,"2026-06-10","Ground Beef - D&M - Lb.",1,10.5
627,2026-06-19,"2026-06-10","Hummus - Carrot & Ginger - Tub",1,6.75
627,2026-06-19,"2026-06-10","Mini",1,53.2
1014,2026-06-19,"2026-06-10","UCity Pickup Time (3.0 @5:30-6) - @5:30-6",1,0
1014,2026-06-19,"2026-06-10","Bison - Ground - Lb.",1,27.25
1014,2026-06-19,"2026-06-10","Blueberries - Pint",1,7
1014,2026-06-19,"2026-06-10","Chicken Thighs - Boneless/lb. - lbs",1,12.08
1014,2026-06-19,"2026-06-10","Rhubarb - Bunch",1,9.5
1014,2026-06-19,"2026-06-10","Salmon - Fillet Whole/LB - Each",1,33.5
1014,2026-06-19,"2026-06-10","Strawberries - Qt - Quart",1,8.25
1014,2026-06-19,"2026-06-10","Extra Credit - Each",73.83,1.06
1014,2026-06-19,"2026-06-10","Mini",1,53.2
1014,2026-06-19,"2026-06-10","Eggs - Buttonwood",1,6.65
1427,2026-06-19,"2026-06-10","Cucumbers - Pickling - Bag",1,3.5
1427,2026-06-19,"2026-06-10","Eggs - BW - Dozen",2,6.5
1427,2026-06-19,"2026-06-10","Beans - Green - Bag",1,4.25
1427,2026-06-19,"2026-06-10","Date Chocolate Syrup - Jar",2,12
1427,2026-06-19,"2026-06-10","Flank Steak/lbs. - lbs",1,21
1427,2026-06-19,"2026-06-10","Peas - Shelling  - Oz.",1,4.25
1427,2026-06-19,"2026-06-10","Pork - Brats Cheddar DM - 4-pack",1,8
1427,2026-06-19,"2026-06-10","Pork Italian Bulk - D&M - Lb.",1,8.5
1427,2026-06-19,"2026-06-10","Sliced Summer Sausage - Bag",1,8.5
1427,2026-06-19,"2026-06-10","Tomatoes - Slicing - Bag",1,6.5
1427,2026-06-19,"2026-06-10","Extra Credit - Each",77.75,1.06
1534,2026-06-19,"2026-06-10","Ground Turkey - Pack",1,9
1534,2026-06-19,"2026-06-10","Dates - Oz.",1,10
1534,2026-06-19,"2026-06-10","Eggs - BW - Dozen",1,6.5
1534,2026-06-19,"2026-06-10","Apple Sauce - w/sugar - qt. - Jar",1,7.75
1534,2026-06-19,"2026-06-10","Blueberries - Pint",1,7
1534,2026-06-19,"2026-06-10","Chicken Breasts /lb. - Pack",1,11.56
1534,2026-06-19,"2026-06-10","Garlic Scapes - Bag",1,4
1534,2026-06-19,"2026-06-10","German Quark HBC - Jar",1,6.75
1534,2026-06-19,"2026-06-10","Gnocchi - Spinach  - Lb.",1,6.5
1534,2026-06-19,"2026-06-10","Granola Bar - Each",4,3.8
1534,2026-06-19,"2026-06-10","Hoagie - Wednesday - Each",1,3.5
1534,2026-06-19,"2026-06-10","Pasta Bi-color Short - Lb.",1,6.5
1534,2026-06-19,"2026-06-10","Pizza Sourdough - Frozen - Pack",1,5
1534,2026-06-19,"2026-06-10","Rice - Brown - Lb.",1,6.5
1534,2026-06-19,"2026-06-10","Salmon - Fillet Pieces/LB* - Each",2,9.9
1534,2026-06-19,"2026-06-10","Strawberries - Qt - Quart",1,8.25
1534,2026-06-19,"2026-06-10","Tomatoes - Slicing - Bag",1,6.5
1534,2026-06-19,"2026-06-10","Vinaigrette - Greek Style - Bottle",1,6.25
1534,2026-06-19,"2026-06-10","Extra Credit - Each",112.56,1.06
1534,2026-06-19,"2026-06-10","Half",1,84.79
1534,2026-06-19,"2026-06-10","Whole MILK-o",1,8.85
554,2026-06-19,"2026-06-10","Bread Choice ($6.75) - 1-each",1,6.75
554,2026-06-19,"2026-06-10","Cheese Choice $6.75 - Each",1,6.75
554,2026-06-19,"2026-06-10","Pork - Bratwurst  - Pack",1,8.5
554,2026-06-19,"2026-06-10","Wildcard $7 - Each",1,7
554,2026-06-19,"2026-06-10","Half",1,84.79
240,2026-06-19,"2026-06-10","Mothership Pickup Time (1.0 @3:30-4) - @3:30-4",1,0
240,2026-06-19,"2026-06-10","Blackberries - Pint",2,7
240,2026-06-19,"2026-06-10","Marinara Sauce - Jar",1,8.75
240,2026-06-19,"2026-06-10","Milk Chocolate Square - Each",1,1.75
240,2026-06-19,"2026-06-10","Semolina - Wednesday - Loaf",1,7
240,2026-06-19,"2026-06-10","Extra Credit - Each",0.75,1.06
240,2026-06-19,"2026-06-10","FSA/FSD",1,79.79
952,2026-06-19,"2026-06-10","Chicken Thighs - Boneless/lb. - lbs",1,11.03
952,2026-06-19,"2026-06-10","Marinara Sauce - Jar",1,8.75
952,2026-06-19,"2026-06-10","Mushrooms - Choice",1,8
952,2026-06-19,"2026-06-10","Oat Porridge Bread - Wednesday - Loaf",1,9
952,2026-06-19,"2026-06-10","Extra Credit - Each",6.03,1.06
952,2026-06-19,"2026-06-10","FSA/FSD",1,79.79
179,2026-06-19,"2026-06-10","UCity Pickup Time (2.0 @5-5:30) - @5-5:30",1,0
179,2026-06-19,"2026-06-10","Beans - Green - Bag",1,4.25
179,2026-06-19,"2026-06-10","Blackberries - Pint",1,7
179,2026-06-19,"2026-06-10","Eggs - Dozen",1,6.5
179,2026-06-19,"2026-06-10","Hummus - Carrot & Ginger - Tub",1,6.75
179,2026-06-19,"2026-06-10","Janie's Bread - Wednesday - Each",1,7
179,2026-06-19,"2026-06-10","Louise's Original Granola - Bag",1,10
179,2026-06-19,"2026-06-10","Peas - Sugar Snap - Share",1,4
179,2026-06-19,"2026-06-10","Extra Credit - Each",21.75,1.06
179,2026-06-19,"2026-06-10","Mini",1,53.2
1143,2026-06-19,"2026-06-10","Cashews Salted - Oz.",1,21.4
1143,2026-06-19,"2026-06-10","Pizza - Sausage Pepperoni - Each",1,8.5
1143,2026-06-19,"2026-06-10","UCity Pickup Time (2.0 @5-5:30) - @5-5:30",1,0
1143,2026-06-19,"2026-06-10","FF Dish - Masala - Pint",1,15
1143,2026-06-19,"2026-06-10","Extra Credit - Each",8.4,1.06
1143,2026-06-19,"2026-06-10","UCA/KWA",1,79.79
227,2026-06-19,"2026-06-10","UCity Pickup Time (2.0 @5-5:30) - @5-5:30",1,0
227,2026-06-19,"2026-06-10","Beans - Green - Bag",1,4.25
227,2026-06-19,"2026-06-10","Blackberries - Pint",1,7
227,2026-06-19,"2026-06-10","English Muffin Sourdough - Frozen - Pack",1,5
227,2026-06-19,"2026-06-10","Feta Cheese - HBC - Each",1,6.75
227,2026-06-19,"2026-06-10","Garlic Scapes - Bag",1,4
227,2026-06-19,"2026-06-10","Lettuce Mix - Bag",1,4.5
227,2026-06-19,"2026-06-10","Tortellini - Goat Cheese - Pack",1,9.15
227,2026-06-19,"2026-06-10","Extra Credit - Each",4.15,1.06
227,2026-06-19,"2026-06-10","UCA/KWA",1,79.79
1689,2026-06-19,"2026-06-10","Walnuts - Oz.",2,6.75
1689,2026-06-19,"2026-06-10","Cucumbers - Pickling - Bag",1,3.5
1689,2026-06-19,"2026-06-10","xBread Flour - Janie's - lbs",1,9
1689,2026-06-19,"2026-06-10","UCity Pickup Time - @4:30-5",1,0
1689,2026-06-19,"2026-06-10","Blueberries - Pint",1,7
1689,2026-06-19,"2026-06-10","Broccolini - Bag",1,6
1689,2026-06-19,"2026-06-10","Cabbage - Green - Head",1,4.5
1689,2026-06-19,"2026-06-10","Granola Bar - Each",2,3.8
1689,2026-06-19,"2026-06-10","Hoagie - Wednesday - Each",1,3.5
1689,2026-06-19,"2026-06-10","Onions - Sweet Bunch - Bunch",1,3.75
1689,2026-06-19,"2026-06-10","Potatoes - New - Bag",1,5.75
1689,2026-06-19,"2026-06-10","Radishes - Mini Daikon - Bunch",1,4
1689,2026-06-19,"2026-06-10","Radishes - Red - Lb.",1,3.5
1689,2026-06-19,"2026-06-10","Swiss Chard - Bunch",1,6
1689,2026-06-19,"2026-06-10","Tomatoes - Slicing - Bag",1,6.5
1689,2026-06-19,"2026-06-10","Extra Credit - Each",60.35,1.06
1689,2026-06-19,"2026-06-10","Mini",1,53.2
1407,2026-06-19,"2026-06-10","Milk - 2%  - Oz.",1,8.32
1407,2026-06-19,"2026-06-10","Cucumbers - Pickling - Bag",1,3.5
1407,2026-06-19,"2026-06-10","Eggs - BW - Dozen",1,6.5
1407,2026-06-19,"2026-06-10","Mothership Pickup Time (1.0 @3:30-4) - @3:30-4",1,0
1407,2026-06-19,"2026-06-10","Food for Ferals Donation - $",1,1
1407,2026-06-19,"2026-06-10","Aged Cheddar - HBC - Each",1,6.75
1407,2026-06-19,"2026-06-10","Carrots w/tops - Bunch",1,5.25
1407,2026-06-19,"2026-06-10","Chicken - Ground - Lb.",2,9
1407,2026-06-19,"2026-06-10","Chicken Breasts /lb. - Pack",1,11.56
1407,2026-06-19,"2026-06-10","Chicken Thighs - Boneless/lb. - lbs",1,12.08
1407,2026-06-19,"2026-06-10","Lettuce - Salanova - Bag",1,4.25
1407,2026-06-19,"2026-06-10","Lettuce Mix - Bag",1,4.5
1407,2026-06-19,"2026-06-10","Light and Mild - Wednesday - Loaf",1,8.25
1407,2026-06-19,"2026-06-10","Mushrooms (1.0 Maitake (Hen of the Woods)) - Maitake (Hen of the Woods)",1,8
1407,2026-06-19,"2026-06-10","Mushrooms (1.0 Shiitake) - Shiitake",1,8
1407,2026-06-19,"2026-06-10","Radishes - Purple Heart - Bunch",1,5.25
1407,2026-06-19,"2026-06-10","Extra Credit - Each",111.21,1.06
1506,2026-06-19,"2026-06-10","Almond Butter - Pint",1,11.25
1506,2026-06-19,"2026-06-10","Peanut Butter EW - Pint",1,7.75
1506,2026-06-19,"2026-06-10","UCity Pickup Time - @4:30-5",1,0
1506,2026-06-19,"2026-06-10","Aged Cheddar - HBC - Each",1,6.75
1506,2026-06-19,"2026-06-10","Dark Chocolate Salted Bark - Pack",1,7.5
1506,2026-06-19,"2026-06-10","Eggs - Dozen",1,6.5
1506,2026-06-19,"2026-06-10","Ground Beef - D&M - Lb.",3,10.5
1506,2026-06-19,"2026-06-10","Milk Choc. Peanut Butter Bark - Pack",1,7.5
1506,2026-06-19,"2026-06-10","Toffee - Package",1,7.5
1506,2026-06-19,"2026-06-10","Extra Credit - Each",49.75,1.06
1506,2026-06-19,"2026-06-10","UCA/KWA",1,79.79
883,2026-06-19,"2026-06-10","Mothership Pickup Time (6.0 @6-6:30) - @6-6:30",1,0
883,2026-06-19,"2026-06-10","Escarole - Head",1,2.25
883,2026-06-19,"2026-06-10","Ground Beef - D&M - Lb.",1,10.5
883,2026-06-19,"2026-06-10","Hummus Choice ($6.75) - Tub",1,6.75
883,2026-06-19,"2026-06-10","Onions - Green - Bunch",1,3.5
883,2026-06-19,"2026-06-10","Sesame Hoagie -W - Each",1,3.8
883,2026-06-19,"2026-06-10","Extra Credit - Each",3.05,1.06
883,2026-06-19,"2026-06-10","Mini",1,53.2
976,2026-06-19,"2026-06-10","Beans - Green - Bag",1,4.25
976,2026-06-19,"2026-06-10","Eggs - Dozen",1,6.5
976,2026-06-19,"2026-06-10","Maple Syrup 12 oz. - Jar",1,13
976,2026-06-19,"2026-06-10","Vinaigrette - Greek Style - Bottle",1,6.25
976,2026-06-19,"2026-06-10","Extra Credit - Each",1,1.06
976,2026-06-19,"2026-06-10","Half",1,84.79
1045,2026-06-19,"2026-06-11","Mothership Pickup Time (2.0 @4-4:30) - @4-4:30",1,0
1045,2026-06-19,"2026-06-11","Food for Ferals Donation - $",1,1
1045,2026-06-19,"2026-06-11","Bagels - Pumpernickel - BU - Bag",1,11
1045,2026-06-19,"2026-06-11","Broccoli (1.0 Head) - Head",1,4.25
1045,2026-06-19,"2026-06-11","Carrots w/tops - Bunch",1,5.25
1045,2026-06-19,"2026-06-11","Marbled Rye - Thursday - Each",1,8.75
1045,2026-06-19,"2026-06-11","Squash - Zucchini - Each",1,2.5
1045,2026-06-19,"2026-06-11","Strawberries - Qt - Quart",1,8.25
1045,2026-06-19,"2026-06-11","Extra Credit - Each",12,1.06
1045,2026-06-19,"2026-06-11","Half",1,84.79
1871,2026-06-19,"2026-06-11","Mothership Pickup Time (3.0 @4:30-5) - @4:30-5",1,0
1871,2026-06-19,"2026-06-11","Chicken Thighs - Boneless/lb. - lbs",1,10.15
1871,2026-06-19,"2026-06-11","Curds Garlic Herb HBC 10 oz  - Bag",1,6.75
1871,2026-06-19,"2026-06-11","Pork - Bratwurst  - Pack",1,8.5
1871,2026-06-19,"2026-06-11","Wildcard $7 - Each",1,7
1871,2026-06-19,"2026-06-11","Extra Credit - Each",3.4,1.06
1871,2026-06-19,"2026-06-11","Half",1,84.79
1217,2026-06-19,"2026-06-11","Kirkwood Pickup Time - @1-1:30",1,0
1217,2026-06-19,"2026-06-11","Pork Steaks/lb. - Pack",1,21.1
1217,2026-06-19,"2026-06-11","Beets - Red w/Tops - Bunch",2,5.25
1217,2026-06-19,"2026-06-11","Eggs - Dozen",1,6.5
1217,2026-06-19,"2026-06-11","Hummus - Garlic - Tub",1,6.75
1217,2026-06-19,"2026-06-11","Onions - Green - Bunch",1,3.5
1217,2026-06-19,"2026-06-11","Extra Credit - Each",24.6,1.06
1217,2026-06-19,"2026-06-11","Mini",1,53.2
1891,2026-06-19,"2026-06-11","Kirkwood Pickup Time - @1-1:30",1,0
1891,2026-06-19,"2026-06-11","Eggs - Dozen",1,6.5
1891,2026-06-19,"2026-06-11","Mushrooms (1.0 Lion's Mane) - Lion's Mane",1,8
1891,2026-06-19,"2026-06-11","Oat Porridge Bread - T - Each",1,9
1891,2026-06-19,"2026-06-11","Strawberries - Qt - Quart",1,8.25
1891,2026-06-19,"2026-06-11","Tomatoes - Slicing - Bag",1,6.5
1891,2026-06-19,"2026-06-11","Extra Credit - Each",1.75,1.06
1891,2026-06-19,"2026-06-11","UCA/KWA",1,79.79
1196,2026-06-19,"2026-06-11","Kirkwood Pickup Time - @1-1:30",1,0
1196,2026-06-19,"2026-06-11","Blackberries - Pint",1,7
1196,2026-06-19,"2026-06-11","Blueberries - Pint",1,7
1196,2026-06-19,"2026-06-11","Carrots w/tops - Bunch",1,5.25
1196,2026-06-19,"2026-06-11","Cucumbers - Slicing - Each",1,2
1196,2026-06-19,"2026-06-11","Eggs - Dozen",1,6.5
1196,2026-06-19,"2026-06-11","Onions - Sweet Bunch - Bunch",1,3.75
1196,2026-06-19,"2026-06-11","Potatoes - New - Bag",1,5.75
1196,2026-06-19,"2026-06-11","Strawberries - Qt - Quart",1,8.25
1196,2026-06-19,"2026-06-11","Tomatoes - Slicing - Bag",1,6.5
1196,2026-06-19,"2026-06-11","Extra Credit - Each",28.25,1.06
1196,2026-06-19,"2026-06-11","Mini",1,53.2
192,2026-06-19,"2026-06-11","Kirkwood Pickup Time - @1-1:30",1,0
192,2026-06-19,"2026-06-11","Hamburger Buns - 4-pack",1,2.55
192,2026-06-19,"2026-06-11","Blackberries - Pint",1,7
192,2026-06-19,"2026-06-11","Blueberries - Pint",1,7
192,2026-06-19,"2026-06-11","Eggs - Dozen",1,6.5
192,2026-06-19,"2026-06-11","Tomatoes - Slicing - Bag",1,6.5
192,2026-06-19,"2026-06-11","Extra Credit - Each",0.8,1.06
192,2026-06-19,"2026-06-11","Mini",1,53.2
192,2026-06-19,"2026-06-11","2% MILK",2,8.85
1977,2026-06-19,"2026-06-11","Mothership Pickup Time (1.0 @3:30-4) - @3:30-4",1,0
1977,2026-06-19,"2026-06-11","Eggs - Dozen",1,6.5
1977,2026-06-19,"2026-06-11","Pork - Chorizo (bulk) - Lb.",1,14
1977,2026-06-19,"2026-06-11","Rice - White - Lb.",1,6.5
1977,2026-06-19,"2026-06-11","Strawberries - Qt - Quart",1,8.25
1977,2026-06-19,"2026-06-11","Extra Credit - Each",6.25,1.06
1977,2026-06-19,"2026-06-11","Half",1,84.79
208,2026-06-19,"2026-06-11","Milk - Whole - Oz.",1,8.32
208,2026-06-19,"2026-06-11","Mothership Pickup Time (5.0 @5:30-6) - @5:30-6",1,0
208,2026-06-19,"2026-06-11","Blueberries - Pint",1,7
208,2026-06-19,"2026-06-11","Bread Choice ($6.75) - 1-each",1,6.75
208,2026-06-19,"2026-06-11","Cheese Choice $6.75 - Each",1,6.75
208,2026-06-19,"2026-06-11","Hummus - Carrot & Ginger - Tub",1,6.75
208,2026-06-19,"2026-06-11","Hummus - Garlic - Tub",1,6.75
208,2026-06-19,"2026-06-11","Lettuce Mix - Bag",1,4.5
208,2026-06-19,"2026-06-11","Manicotti - Spinach - Package",1,10.15
208,2026-06-19,"2026-06-11","Peas - Sugar Snap - Share",1,4
208,2026-06-19,"2026-06-11","Extra Credit - Each",31.97,1.06
208,2026-06-19,"2026-06-11","Half",1,84.79
1075,2026-06-19,"2026-06-11","Ground Turkey - Pack",2,9
1075,2026-06-19,"2026-06-11","Eggs - BW - Dozen",1,6.5
1075,2026-06-19,"2026-06-11","Kirkwood Pickup Time - @1-1:30",1,0
1075,2026-06-19,"2026-06-11","Pork - Bratwurst  - Pack",1,8.5
1075,2026-06-19,"2026-06-11","Extra Credit - Each",1.5,1.06
1075,2026-06-19,"2026-06-11","Half",1,68.89
1075,2026-06-19,"2026-06-11","2% MILK-o",1,8.85
1489,2026-06-19,"2026-06-11","Eggs - BW - Dozen",1,6.5
1489,2026-06-19,"2026-06-11","Kirkwood Pickup Time - @1-1:30",1,0
1489,2026-06-19,"2026-06-11","Arugula - Bag",1,4.25
1489,2026-06-19,"2026-06-11","Asparagus - Bunch",1,6.5
1489,2026-06-19,"2026-06-11","Hoagie - T - Each",1,3.5
1489,2026-06-19,"2026-06-11","Lettuce - Romaine Head - Head",1,5
1489,2026-06-19,"2026-06-11","Seedy Wheaty - Frozen - Loaf",1,3.75
1489,2026-06-19,"2026-06-11","Extra Credit - Each",0.5,1.06
1489,2026-06-19,"2026-06-11","Half",1,68.89
1386,2026-06-19,"2026-06-11","Kirkwood Pickup Time - @1-1:30",1,0
1386,2026-06-19,"2026-06-11","Asparagus - Bunch",1,6.5
1386,2026-06-19,"2026-06-11","Broccolini - Bag",1,6
1386,2026-06-19,"2026-06-11","Chicken - Whole $5.00/lb. - Each",1,20.8
1386,2026-06-19,"2026-06-11","Eggs - Dozen",1,6.5
1386,2026-06-19,"2026-06-11","Maple Syrup 12 oz. - Jar",1,13
1386,2026-06-19,"2026-06-11","Extra Credit - Each",16.3,1.06
1386,2026-06-19,"2026-06-11","UCA/KWA",1,79.79
1488,2026-06-19,"2026-06-11","Blackberries - Pint",1,7
1488,2026-06-19,"2026-06-11","Eggs - Dozen",1,6.5
1488,2026-06-19,"2026-06-11","Maple Syrup 12 oz. - Jar",1,13
1488,2026-06-19,"2026-06-11","Milk Chocolate Lolli - Each",1,1.75
1488,2026-06-19,"2026-06-11","Pork - Breakfast Bulk ($8) - Pack",1,8
1488,2026-06-19,"2026-06-11","UCA/KWA",1,79.79
1488,2026-06-19,"2026-06-11","2% MILK",1,8.85
566,2026-06-19,"2026-06-11","Bread Choice ($6.75) - 1-each",1,6.75
566,2026-06-19,"2026-06-11","Cheese Choice $6.75 - Each",1,6.75
566,2026-06-19,"2026-06-11","Pork - Bratwurst  - Pack",1,8.5
566,2026-06-19,"2026-06-11","Wildcard $7 - Each",1,7
566,2026-06-19,"2026-06-11","Half",1,84.79
287,2026-06-19,"2026-06-11","Mothership Pickup Time (1.0 @3:30-4) - @3:30-4",1,0
287,2026-06-19,"2026-06-11","$ for green bags donation - $",1,1
287,2026-06-19,"2026-06-11","Janie's Bread - Thursday - Each",1,7
287,2026-06-19,"2026-06-11","Mushrooms - Choice",1,8
287,2026-06-19,"2026-06-11","Strawberries - Qt - Quart",1,8.25
287,2026-06-19,"2026-06-11","Wildcard $6.5 - Each",1,6.5
287,2026-06-19,"2026-06-11","FSA/FSD",1,79.79
1970,2026-06-19,"2026-06-11","Kirkwood Pickup Time - @1-1:30",1,0
1970,2026-06-19,"2026-06-11","Hamburger Buns - 4-pack",1,2.55
1970,2026-06-19,"2026-06-11","Eggs - Dozen",1,6.5
1970,2026-06-19,"2026-06-11","Ground Beef - D&M - Lb.",1,10.5
1970,2026-06-19,"2026-06-11","Hummus - Garlic - Tub",1,6.75
1970,2026-06-19,"2026-06-11","Extra Credit - Each",2.55,1.06
1970,2026-06-19,"2026-06-11","Mini",1,53.2
1671,2026-06-19,"2026-06-11","Walnuts - Oz.",1,6.75
1671,2026-06-19,"2026-06-11","Mothership Pickup Time (5.0 @5:30-6) - @5:30-6",1,0
1671,2026-06-19,"2026-06-11","Blackberries - Pint",1,7
1671,2026-06-19,"2026-06-11","Eggs - Dozen",1,6.5
1671,2026-06-19,"2026-06-11","Yogurt - Plain - Oz.",1,7.1
1671,2026-06-19,"2026-06-11","Extra Credit - Each",3.6,1.06
1671,2026-06-19,"2026-06-11","Mini",1,53.2
467,2026-06-19,"2026-06-11","Eggs - BW - Dozen",2,6.5
467,2026-06-19,"2026-06-11","Kirkwood Pickup Time - @1-1:30",1,0
467,2026-06-19,"2026-06-11","Beans - Green - Bag",1,4.25
467,2026-06-19,"2026-06-11","Broccoli - Share",1,4.25
467,2026-06-19,"2026-06-11","Curry Sauce (1.0 Green) - Green",1,11.5
467,2026-06-19,"2026-06-11","Ghost Pepper Cheddar - Each",2,6.75
467,2026-06-19,"2026-06-11","Extra Credit - Each",22.75,1.06
467,2026-06-19,"2026-06-11","Mini",1,53.2
615,2026-06-19,"2026-06-11","Peanut Butter EW - Pint",1,7.75
615,2026-06-19,"2026-06-11","Bagels - Sesame Seed - BU - Bag",1,11
615,2026-06-19,"2026-06-11","Black Beans DC - Tub",1,6.5
615,2026-06-19,"2026-06-11","Buttermilk Waffles Sourdough - Frozen - Pack",1,5
615,2026-06-19,"2026-06-11","English Muffin Sourdough - Frozen - Pack",1,5
615,2026-06-19,"2026-06-11","Granola Bar - Each",1,3.8
615,2026-06-19,"2026-06-11","Hummus - Beet & Pepita - Tub",1,6.75
615,2026-06-19,"2026-06-11","Hummus - Garlic - Tub",1,6.75
615,2026-06-19,"2026-06-11","Maple Syrup 12 oz. - Jar",1,13
615,2026-06-19,"2026-06-11","Meatballs D&M - Package",1,15
615,2026-06-19,"2026-06-11","Olive Oil Large - Bottle",1,18.5
615,2026-06-19,"2026-06-11","Extra Credit - Each",99.05,1.06
31,2026-06-19,"2026-06-11","Eggs - BW - Dozen",1,6.5
31,2026-06-19,"2026-06-11","Mothership Pickup Time (5.0 @5:30-6) - @5:30-6",1,0
31,2026-06-19,"2026-06-11","$ for green bags donation - $",1,1
31,2026-06-19,"2026-06-11","Aged Cheddar - HBC - Each",1,6.75
31,2026-06-19,"2026-06-11","Blueberries - Pint",1,7
31,2026-06-19,"2026-06-11","Broccoli (1.0 Head) - Head",1,4.25
31,2026-06-19,"2026-06-11","Lettuce - Salanova - Bag",1,4.25
31,2026-06-19,"2026-06-11","Salmon - Fillet Pieces/LB* - Each",1,8.28
31,2026-06-19,"2026-06-11","Shoots - Specialty Mix - Bag",1,4.5
31,2026-06-19,"2026-06-11","Strawberries - Qt - Quart",1,8.25
31,2026-06-19,"2026-06-11","Tomatoes - Slicing - Bag",1,6.5
31,2026-06-19,"2026-06-11","Wildcard $7 - Each",1,7
31,2026-06-19,"2026-06-11","Extra Credit - Each",32.78,1.06
31,2026-06-19,"2026-06-11","Half",1,64.79
31,2026-06-19,"2026-06-11","2% MILK",2,8.85
1102,2026-06-19,"2026-06-11","Mothership Pickup Time (3.0 @4:30-5) - @4:30-5",1,0
1102,2026-06-19,"2026-06-11","Bagels - Honey Buckwheat - BU - Bag",1,11
1102,2026-06-19,"2026-06-11","Black Pepper Cheddar - Each",1,6.75
1102,2026-06-19,"2026-06-11","Blackberries - Pint",2,7
1102,2026-06-19,"2026-06-11","Lettuce - Romaine Head - Head",1,5
1102,2026-06-19,"2026-06-11","Onions - Sweet Bunch - Bunch",1,3.75
1102,2026-06-19,"2026-06-11","Potatoes - New - Bag",1,5.75
1102,2026-06-19,"2026-06-11","Extra Credit - Each",17.25,1.06
1102,2026-06-19,"2026-06-11","Half",1,84.79
1857,2026-06-19,"2026-06-11","Mothership Pickup Time (4.0 @5-5:30) - @5-5:30",1,0
1857,2026-06-19,"2026-06-11","Beans - Green - Bag",1,4.25
1857,2026-06-19,"2026-06-11","Blueberries - Pint",1,7
1857,2026-06-19,"2026-06-11","Eggs - Dozen",1,6.5
1857,2026-06-19,"2026-06-11","Eggs - H - Dozen",1,6.5
1857,2026-06-19,"2026-06-11","Peas - Sugar Snap - Share",1,4
1857,2026-06-19,"2026-06-11","Sesame Hoagie - T - Each",1,3.8
1857,2026-06-19,"2026-06-11","Shoots - Sunflower - Bag",1,4.5
1857,2026-06-19,"2026-06-11","Strawberries - Qt - Quart",1,8.25
1857,2026-06-19,"2026-06-11","Extra Credit - Each",14.05,1.06
1857,2026-06-19,"2026-06-11","FSA/FSD",1,79.79
1131,2026-06-19,"2026-06-11","Mothership Pickup Time (4.0 @5-5:30) - @5-5:30",1,0
1131,2026-06-19,"2026-06-11","Apple Sauce - Chunky - NS - Quart",1,7.75
1131,2026-06-19,"2026-06-11","Bagels - Sesame Seed - BU - Bag",1,11
1131,2026-06-19,"2026-06-11","Eggs - Dozen",1,6.5
1131,2026-06-19,"2026-06-11","Yogurt - Strawberry - Oz.",1,7.1
1131,2026-06-19,"2026-06-11","Extra Credit - Each",3.35,1.06
1131,2026-06-19,"2026-06-11","Half",1,84.79
1622,2026-06-19,"2026-06-11","Mothership Pickup Time (3.0 @4:30-5) - @4:30-5",1,0
1622,2026-06-19,"2026-06-11","Eggs - Dozen",1,6.5
1622,2026-06-19,"2026-06-11","FF Dish - Risotto - Tub",1,14
1622,2026-06-19,"2026-06-11","Hummus - Beet & Pepita - Tub",1,6.75
1622,2026-06-19,"2026-06-11","Soy Sauce - Mushroom - Bottle",1,7.5
1622,2026-06-19,"2026-06-11","Extra Credit - Each",11,1.06
1622,2026-06-19,"2026-06-11","Mini",1,53.2
199,2026-06-19,"2026-06-11","Kirkwood Pickup Time (2.0 @1:30-2) - @1:30-2",1,0
199,2026-06-19,"2026-06-11","Asparagus - Bunch",1,6.5
199,2026-06-19,"2026-06-11","Beans - Green - Bag",1,4.25
199,2026-06-19,"2026-06-11","Mushrooms (1.0 Shiitake) - Shiitake",1,8
199,2026-06-19,"2026-06-11","Peas - Sugar Snap - Share",1,4
199,2026-06-19,"2026-06-11","Strawberries - Qt - Quart",1,8.25
199,2026-06-19,"2026-06-11","Extra Credit - Each",0.25,1.06
199,2026-06-19,"2026-06-11","FSA/FSD",1,79.79
670,2026-06-19,"2026-06-11","Mothership Pickup Time (1.0 @3:30-4) - @3:30-4",1,0
670,2026-06-19,"2026-06-11","Blackberries - Pint",1,7
670,2026-06-19,"2026-06-11","Blueberries - Pint",1,7
670,2026-06-19,"2026-06-11","Popped Corn - Organic - Bag",1,3
670,2026-06-19,"2026-06-11","Strawberries - Qt - Quart",1,8.25
670,2026-06-19,"2026-06-11","Yogurt - Plain - Oz.",1,7.1
670,2026-06-19,"2026-06-11","Extra Credit - Each",8.6,1.06
670,2026-06-19,"2026-06-11","Mini",1,53.2
670,2026-06-19,"2026-06-11","(BYO) FSG - Orders Only",1,0
1047,2026-06-19,"2026-06-11","Mothership Pickup Time (2.0 @4-4:30) - @4-4:30",1,0
1047,2026-06-19,"2026-06-11","Bagels - Everything - Frozen - Bag",1,6.75
1047,2026-06-19,"2026-06-11","Cheese Choice $6.75 - Each",1,6.75
1047,2026-06-19,"2026-06-11","Hummus - Garlic - Tub",1,6.75
1047,2026-06-19,"2026-06-11","Light and Mild - T - Loaf",1,8.25
1047,2026-06-19,"2026-06-11","Semolina - T - Loaf",1,7
1047,2026-06-19,"2026-06-11","Wildcard $7 - Each",1,7
1047,2026-06-19,"2026-06-11","Extra Credit - Each",13.5,1.06
1047,2026-06-19,"2026-06-11","Half",1,84.79
11,2026-06-19,"2026-06-11","Brisket - half/lb. - lbs",1,55.44
11,2026-06-19,"2026-06-11","Extra Credit - Each",24.69,1.06
11,2026-06-19,"2026-06-11","FSA/FSD",1,79.79
471,2026-06-19,"2026-06-11","Salsa - Black Bean & Corn - Pint",1,5
471,2026-06-19,"2026-06-11","Granola Bar - Each",1,3.8
471,2026-06-19,"2026-06-11","Mushrooms - Choice",1,8
471,2026-06-19,"2026-06-11","Pork - Ground  - Lb.",1,7.5
471,2026-06-19,"2026-06-11","Wildcard $6.5 - Each",1,6.5
471,2026-06-19,"2026-06-11","Extra Credit - Each",0.5,1.06
471,2026-06-19,"2026-06-11","FSA/FSD",1,79.79
1593,2026-06-19,"2026-06-11","Mothership Pickup Time (4.0 @5-5:30) - @5-5:30",1,0
1593,2026-06-19,"2026-06-11","$ for green bags donation - $",1,1
1593,2026-06-19,"2026-06-11","Cooler Donation - $",1,1
1593,2026-06-19,"2026-06-11","Blueberries - Pint",1,7
1593,2026-06-19,"2026-06-11","Eggs - Dozen",1,6.5
1593,2026-06-19,"2026-06-11","Strawberries - Qt - Quart",1,8.25
1593,2026-06-19,"2026-06-11","Mini",1,53.2
1839,2026-06-19,"2026-06-11","No Produce - Order Only (odd wk)",1,0
1487,2026-06-19,"2026-06-11","Cashew Butter - Raw - Pint",1,11.75
1487,2026-06-19,"2026-06-11","Kirkwood Pickup Time - @1-1:30",1,0
1487,2026-06-19,"2026-06-11","Buttermilk Waffles Sourdough - Frozen - Pack",1,5
1487,2026-06-19,"2026-06-11","Pizza Sourdough - Frozen - Pack",1,5
1487,2026-06-19,"2026-06-11","Pork - Bratwurst  - Pack",1,8.5
1487,2026-06-19,"2026-06-11","Half",1,68.89
1487,2026-06-19,"2026-06-11","2% MILK-o",1,8.85
514,2026-06-19,"2026-06-11","Beans - Green - Bag",1,4.25
514,2026-06-19,"2026-06-11","Eggs - Dozen",1,6.5
514,2026-06-19,"2026-06-11","Lettuce - Romaine Head - Head",1,5
514,2026-06-19,"2026-06-11","Semolina - T - Loaf",1,7
514,2026-06-19,"2026-06-11","Strawberries - Qt - Quart",1,8.25
514,2026-06-19,"2026-06-11","Extra Credit - Each",7.25,1.06
514,2026-06-19,"2026-06-11","Mini",1,53.2
824,2026-06-19,"2026-06-11","Eggs - Dozen",1,6.5
824,2026-06-19,"2026-06-11","English Muffin Sourdough - Frozen - Pack",1,5
824,2026-06-19,"2026-06-11","Ground Beef - D&M - Lb.",1,10.5
824,2026-06-19,"2026-06-11","Mini",1,53.2
100,2026-06-19,"2026-06-11","Mothership Pickup Time (3.0 @4:30-5) - @4:30-5",1,0
100,2026-06-19,"2026-06-11","Bacon - Each",1,13.5
100,2026-06-19,"2026-06-11","Boneless Pork Chop - D&M /lb - Lb.",1,11.88
100,2026-06-19,"2026-06-11","Broccoli (1.0 Head) - Head",1,4.25
100,2026-06-19,"2026-06-11","Eggs - Dozen",1,6.5
100,2026-06-19,"2026-06-11","Ground Beef - D&M - Lb.",1,10.5
100,2026-06-19,"2026-06-11","Extra Credit - Each",22.88,1.06
100,2026-06-19,"2026-06-11","Mini",1,53.2
761,2026-06-19,"2026-06-11","Mothership Pickup Time (1.0 @3:30-4) - @3:30-4",1,0
761,2026-06-19,"2026-06-11","Beets - Pickled - Quart",1,8.5
761,2026-06-19,"2026-06-11","Janie's Bread - Thursday - Each",1,7
761,2026-06-19,"2026-06-11","Marinara Sauce - Jar",1,8.75
761,2026-06-19,"2026-06-11","Pasta Bi-color Short - Lb.",1,6.5
761,2026-06-19,"2026-06-11","FSA/FSD",1,79.79
1476,2026-06-19,"2026-06-11","Eggs - BW - Dozen",1,6.5
1476,2026-06-19,"2026-06-11","Kirkwood Pickup Time - @1-1:30",1,0
1476,2026-06-19,"2026-06-11","Blueberries - Pint",1,7
1476,2026-06-19,"2026-06-11","Cucumbers - Slicing - Each",2,2
1476,2026-06-19,"2026-06-11","Tomatoes - Slicing - Bag",1,6.5
1476,2026-06-19,"2026-06-11","Turnips - Japanese/White - Lb.",1,4.25
1476,2026-06-19,"2026-06-11","Extra Credit - Each",4.5,1.06
1476,2026-06-19,"2026-06-11","Mini",1,53.2
82,2026-06-19,"2026-06-11","Kirkwood Pickup Time (2.0 @1:30-2) - @1:30-2",1,0
82,2026-06-19,"2026-06-11","Bacon - Each",1,13.5
82,2026-06-19,"2026-06-11","Blackberries - Pint",1,7
82,2026-06-19,"2026-06-11","Pork Breakfast Patties D&M - Pack",1,8.5
82,2026-06-19,"2026-06-11","Sliced Summer Sausage - Bag",1,8.5
82,2026-06-19,"2026-06-11","Strawberries - Qt - Quart",1,8.25
82,2026-06-19,"2026-06-11","Extra Credit - Each",16.75,1.06
82,2026-06-19,"2026-06-11","Half",1,84.79
502,2026-06-19,"2026-06-11","Cucumbers - Pickling - Bag",1,3.5
502,2026-06-19,"2026-06-11","Mothership Pickup Time (4.0 @5-5:30) - @5-5:30",1,0
502,2026-06-19,"2026-06-11","Broccoli (1.0 Head) - Head",1,4.25
502,2026-06-19,"2026-06-11","Ground Beef - D&M - Lb.",1,10.5
502,2026-06-19,"2026-06-11","Kohlrabi  - Head",1,1
502,2026-06-19,"2026-06-11","Plant - Peppermint - Pot",1,4.5
502,2026-06-19,"2026-06-11","Pork - Ground  - Lb.",1,7.5
502,2026-06-19,"2026-06-11","Extra Credit - Each",0.5,1.06
502,2026-06-19,"2026-06-11","FSA/FSD",1,79.79
433,2026-06-19,"2026-06-11","Marinara Sauce - Jar",1,8.75
433,2026-06-19,"2026-06-11","Mushrooms - Choice",1,8
433,2026-06-19,"2026-06-11","Pork - Ground  - Lb.",1,7.5
433,2026-06-19,"2026-06-11","Wildcard $6.5 - Each",1,6.5
433,2026-06-19,"2026-06-11","FSA/FSD",1,79.79
549,2026-06-19,"2026-06-11","Mothership Pickup Time - @6:30-7",1,0
549,2026-06-19,"2026-06-11","Marinara Sauce - Jar",1,8.75
549,2026-06-19,"2026-06-11","Meatballs D&M - Package",1,15
549,2026-06-19,"2026-06-11","Pizza Sauce - Jar",1,6.75
549,2026-06-19,"2026-06-11","FSA/FSD",1,79.79
401,2026-06-19,"2026-06-11","Mothership Pickup Time (1.0 @3:30-4) - @3:30-4",1,0
401,2026-06-19,"2026-06-11","Asparagus - Bunch",1,6.5
401,2026-06-19,"2026-06-11","Blackberries - Pint",1,7
401,2026-06-19,"2026-06-11","Blueberries - Pint",2,7
401,2026-06-19,"2026-06-11","Cucumbers - Slicing - Each",1,2
401,2026-06-19,"2026-06-11","Eggs - Dozen",1,6.5
401,2026-06-19,"2026-06-11","Garlic Scapes - Bag",1,4
401,2026-06-19,"2026-06-11","Strawberries - Qt - Quart",2,8.25
401,2026-06-19,"2026-06-11","Tomatoes - Slicing - Bag",1,6.5
401,2026-06-19,"2026-06-11","Extra Credit - Each",39.25,1.06
401,2026-06-19,"2026-06-11","Mini",1,53.2
1268,2026-06-19,"2026-06-11","Half & Half - Pint",1,4.75
1268,2026-06-19,"2026-06-11","Mothership Pickup Time (1.0 @3:30-4) - @3:30-4",1,0
1268,2026-06-19,"2026-06-11","Asparagus - Bunch",1,6.5
1268,2026-06-19,"2026-06-11","Blueberries - Pint",1,7
1268,2026-06-19,"2026-06-11","Bok Choy - Bag",1,5
1268,2026-06-19,"2026-06-11","Peas - Sugar Snap - Share",1,4
1268,2026-06-19,"2026-06-11","Strawberries - Qt - Quart",1,8.25
1268,2026-06-19,"2026-06-11","Tomatoes - Slicing - Bag",1,6.5
1268,2026-06-19,"2026-06-11","Extra Credit - Each",13,1.06
1268,2026-06-19,"2026-06-11","Half",1,84.79
452,2026-06-19,"2026-06-11","Blackberries - Pint",1,7
452,2026-06-19,"2026-06-11","Eggs - Dozen",1,6.5
452,2026-06-19,"2026-06-11","Ground Beef - D&M - Lb.",1,10.5
452,2026-06-19,"2026-06-11","Kale - Green Curly - Bag",1,5
452,2026-06-19,"2026-06-11","Peas - Sugar Snap - Share",1,4
452,2026-06-19,"2026-06-11","Strawberries - Qt - Quart",1,8.25
452,2026-06-19,"2026-06-11","Extra Credit - Each",17.5,1.06
452,2026-06-19,"2026-06-11","Mini",1,53.2
493,2026-06-19,"2026-06-11","No Produce - Order Only (odd wk)",1,0
807,2026-06-19,"2026-06-11","Bacon - Each",1,13.5
807,2026-06-19,"2026-06-11","Bagels - Everything - Frozen - Bag",1,6.75
807,2026-06-19,"2026-06-11","Manicotti - Spinach - Package",1,10.15
807,2026-06-19,"2026-06-11","Maple Syrup 12 oz. - Jar",1,13
807,2026-06-19,"2026-06-11","Pork - Breakfast Bulk ($8) - Pack",1,8
807,2026-06-19,"2026-06-11","Yogurt - Plain - Oz.",1,7.1
807,2026-06-19,"2026-06-11","Extra Credit - Each",14.5,1.06
807,2026-06-19,"2026-06-11","UCA/KWA",1,79.79
807,2026-06-19,"2026-06-11","2% MILK",1,8.85
245,2026-06-19,"2026-06-11","Ground Turkey - Pack",2,9
245,2026-06-19,"2026-06-11","Eggs - BW - Dozen",1,6.5
245,2026-06-19,"2026-06-11","Light and Mild - T - Loaf",1,8.25
245,2026-06-19,"2026-06-11","Extra Credit - Each",3.75,1.06
245,2026-06-19,"2026-06-11","Half",1,84.79
1766,2026-06-19,"2026-06-11","Half & Half - Pint",2,4.75
1766,2026-06-19,"2026-06-11","Kirkwood Pickup Time - @1-1:30",1,0
1766,2026-06-19,"2026-06-11","RL Heavy Cream  - Pint",1,7.75
1766,2026-06-19,"2026-06-11","Bagel Chips - Bag",1,9.75
1766,2026-06-19,"2026-06-11","Sesame Hoagie - T - Each",1,3.8
1766,2026-06-19,"2026-06-11","Tortillas Sourdough - Frozen - Pack",1,5
1766,2026-06-19,"2026-06-11","Extra Credit - Each",6.8,1.06
1766,2026-06-19,"2026-06-11","Half",1,68.89
267,2026-06-19,"2026-06-11","Jam - Strawberry - Rhubarb - Pint",1,7.75
267,2026-06-19,"2026-06-11","Kirkwood Pickup Time - @1-1:30",1,0
267,2026-06-19,"2026-06-11","Bok Choy - Bag",1,5
267,2026-06-19,"2026-06-11","Collards - Bunch",1,6
267,2026-06-19,"2026-06-11","Kale - Lacinato/Dinosaur - Bag",1,5
267,2026-06-19,"2026-06-11","Oats - Rolled 5# - Bag",1,12.25
267,2026-06-19,"2026-06-11","Extra Credit - Each",36,1.06
293,2026-06-19,"2026-06-11","Ground Turkey - Pack",1,9
293,2026-06-19,"2026-06-11","Eggs - BW - Dozen",1,6.5
293,2026-06-19,"2026-06-11","Mothership Pickup Time (6.0 @6-6:30) - @6-6:30",1,0
293,2026-06-19,"2026-06-11","Beans - Green - Bag",1,4.25
293,2026-06-19,"2026-06-11","Blueberries - Pint",3,7
293,2026-06-19,"2026-06-11","Cabbage - Chinese - Head",1,3.75
293,2026-06-19,"2026-06-11","Chicken Links - Sundried Tomato - lbs",1,10.5
293,2026-06-19,"2026-06-11","Hoagie - T - Each",1,3.5
293,2026-06-19,"2026-06-11","Squash - Summer - Each",1,2.25
293,2026-06-19,"2026-06-11","Extra Credit - Each",30,1.06
293,2026-06-19,"2026-06-11","FSA/FSD",1,79.79
1271,2026-06-19,"2026-06-11","Curds Jalapeno Habanero 10 oz - Bag",1,6.75
1271,2026-06-19,"2026-06-11","Eggs - Dozen",1,0
1271,2026-06-19,"2026-06-11","Eggs - Duck 1/2 Dozen - Each",1,5.25
1271,2026-06-19,"2026-06-11","Semolina - T - Loaf",1,7
1271,2026-06-19,"2026-06-11","Sparkling Tea - Ginger Roselle - 4-pack",1,11.25
1271,2026-06-19,"2026-06-11","Extra Credit - Each",1.25,1.06
1271,2026-06-19,"2026-06-11","Half",1,84.79
634,2026-06-19,"2026-06-11","Blueberries - Pint",1,7
634,2026-06-19,"2026-06-11","Eggs - Dozen",1,6.5
634,2026-06-19,"2026-06-11","Ground Beef - D&M - Lb.",1,10.5
634,2026-06-19,"2026-06-11","Extra Credit - Each",0.25,1.06
634,2026-06-19,"2026-06-11","Mini",1,53.2
1211,2026-06-19,"2026-06-11","Mothership Pickup Time (1.0 @3:30-4) - @3:30-4",1,0
1211,2026-06-19,"2026-06-11","Broccolini - Bag",1,6
1211,2026-06-19,"2026-06-11","Carrots w/tops - Bunch",1,5.25
1211,2026-06-19,"2026-06-11","Janie's Bread - Thursday - Each",1,7
1211,2026-06-19,"2026-06-11","Kale - Green Curly - Bag",1,5
1211,2026-06-19,"2026-06-11","Lettuce - Salanova - Bag",1,4.25
1211,2026-06-19,"2026-06-11","Oat Porridge Bread - T - Each",1,9
1211,2026-06-19,"2026-06-11","Radishes - Mini Daikon - Bunch",1,4
1211,2026-06-19,"2026-06-11","Strawberries - Qt - Quart",2,8.25
1211,2026-06-19,"2026-06-11","Extra Credit - Each",57,1.06
722,2026-06-19,"2026-06-11","Mothership Pickup Time (6.0 @6-6:30) - @6-6:30",1,0
722,2026-06-19,"2026-06-11","Chicken Breasts /lb. - Pack",1,12.24
722,2026-06-19,"2026-06-11","Lettuce - Butterhead - Bag",1,4.25
722,2026-06-19,"2026-06-11","Mushrooms (1.0 Maitake (Hen of the Woods)) - Maitake (Hen of the Woods)",1,8
722,2026-06-19,"2026-06-11","Mustard (1.0 Garlic) - Garlic",1,6.25
722,2026-06-19,"2026-06-11","Pork - Brats Cheddar DM - 4-pack",1,8
722,2026-06-19,"2026-06-11","Wildcard $7 - Each",1,7
722,2026-06-19,"2026-06-11","Extra Credit - Each",16.74,1.06
722,2026-06-19,"2026-06-11","Half",1,84.79
1706,2026-06-19,"2026-06-11","Mothership Pickup Time (4.0 @5-5:30) - @5-5:30",1,0
1706,2026-06-19,"2026-06-11","Louise's Cocoa Brownie Crisp Granola - Bag",1,11.15
1706,2026-06-19,"2026-06-11","Sparkling Tea - Ginger Roselle - 4-pack",1,11.25
1706,2026-06-19,"2026-06-11","Tomatoes - Slicing - Bag",1,6.5
1706,2026-06-19,"2026-06-11","Half",1,84.79
868,2026-06-19,"2026-06-11","Cucumbers - Pickling - Bag",1,3.5
868,2026-06-19,"2026-06-11","Kirkwood Pickup Time (2.0 @1:30-2) - @1:30-2",1,0
868,2026-06-19,"2026-06-11","Arugula - Bag",1,4.25
868,2026-06-19,"2026-06-11","Eggs - Dozen",1,6.5
868,2026-06-19,"2026-06-11","Gluten Free Black Beans  - Tub",1,6.5
868,2026-06-19,"2026-06-11","Ground Beef - D&M - Lb.",1,10.5
868,2026-06-19,"2026-06-11","Louise's Cocoa Brownie Crisp Granola - Bag",1,11.15
868,2026-06-19,"2026-06-11","Mustard (1.0 Horseradish) - Horseradish",1,6.25
868,2026-06-19,"2026-06-11","Onions - Sweet Bunch - Bunch",1,3.75
868,2026-06-19,"2026-06-11","Extra Credit - Each",17.65,1.06
868,2026-06-19,"2026-06-11","Mini",1,53.2
834,2026-06-19,"2026-06-11","Applewood Smoked Cheddar - Each",1,6.5
834,2026-06-19,"2026-06-11","Blackberries - Pint",1,7
834,2026-06-19,"2026-06-11","Eggs - Dozen",1,6.5
834,2026-06-19,"2026-06-11","Onions - Green - Bunch",1,3.5
834,2026-06-19,"2026-06-11","Tomatoes - Slicing - Bag",1,6.5
834,2026-06-19,"2026-06-11","Extra Credit - Each",1,1.06
834,2026-06-19,"2026-06-11","Half",1,84.79
281,2026-06-19,"2026-06-11","Chicken - Big Bag Deboned Thighs/lb. - Bag",1,41.42
281,2026-06-19,"2026-06-11","Eggs - BW - Dozen",2,6.5
281,2026-06-19,"2026-06-11","Mothership Pickup Time (1.0 @3:30-4) - @3:30-4",1,0
281,2026-06-19,"2026-06-11","Carrots w/tops - Bunch",1,5.25
281,2026-06-19,"2026-06-11","Cinnamon Rolls - Frozen - Pack",1,6.75
281,2026-06-19,"2026-06-11","Cucumbers - Slicing - Each",1,2
281,2026-06-19,"2026-06-11","Hoagie - T - Each",1,3.5
281,2026-06-19,"2026-06-11","Organic Sugar - Lb.",1,27.5
281,2026-06-19,"2026-06-11","Strawberries - Qt - Quart",1,8.25
281,2026-06-19,"2026-06-11","Extra Credit - Each",78.67,1.06
281,2026-06-19,"2026-06-11","Half",1,84.79
1652,2026-06-19,"2026-06-11","Peanut Butter EW - Pint",1,7.75
1652,2026-06-19,"2026-06-11","Date Syrup - Bottle",1,10
1652,2026-06-19,"2026-06-11","Eggs - Dozen",1,6.5
1652,2026-06-19,"2026-06-11","Hummus Choice ($6.75) - Tub",1,6.75
1652,2026-06-19,"2026-06-11","Sea Scallops/LB - Bag",1,53
1652,2026-06-19,"2026-06-11","Extra Credit - Each",60.25,1.06
1652,2026-06-19,"2026-06-11","Mini",1,53.2
1431,2026-06-19,"2026-06-11","Mothership Pickup Time (5.0 @5:30-6) - @5:30-6",1,0
1431,2026-06-19,"2026-06-11","Blackberries - Pint",1,7
1431,2026-06-19,"2026-06-11","Ground Beef - D&M - Lb.",1,10.5
1431,2026-06-19,"2026-06-11","Hummus Choice ($6.75) - Tub",1,6.75
1431,2026-06-19,"2026-06-11","Extra Credit - Each",0.5,1.06
1431,2026-06-19,"2026-06-11","Mini",1,53.2
1626,2026-06-19,"2026-06-11","Eggs - BW - Dozen",1,6.5
1626,2026-06-19,"2026-06-11","Pepitas - Oz.",1,7.75
1626,2026-06-19,"2026-06-11","Kirkwood Pickup Time (1.0 PORCH) - PORCH",1,0
1626,2026-06-19,"2026-06-11","Garlic Scapes - Bag",1,4
1626,2026-06-19,"2026-06-11","Honey - Pint - Jar",1,11.5
1626,2026-06-19,"2026-06-11","Extra Credit - Each",0.75,1.06
1626,2026-06-19,"2026-06-11","Half",1,68.89
246,2026-06-19,"2026-06-11","Salsa - Black Bean & Corn - Pint",1,5
246,2026-06-19,"2026-06-11","Mushrooms (1.0 Chestnut) - Chestnut",1,8
246,2026-06-19,"2026-06-11","Onions - Sweet Bunch - Bunch",1,3.75
246,2026-06-19,"2026-06-11","Potatoes - New - Bag",1,5.75
246,2026-06-19,"2026-06-11","Shoots - Sunflower - Bag",1,4.5
246,2026-06-19,"2026-06-11","Extra Credit - Each",3.25,1.06
246,2026-06-19,"2026-06-11","Mini",1,53.2
246,2026-06-19,"2026-06-11","RL Chocolate Milk",3,2.93
963,2026-06-19,"2026-06-11","Mothership Pickup Time (1.0 @3:30-4) - @3:30-4",1,0
963,2026-06-19,"2026-06-11","Buttermilk Waffles Sourdough - Frozen - Pack",1,5
963,2026-06-19,"2026-06-11","Mushrooms (1.0 Shiitake) - Shiitake",1,8
963,2026-06-19,"2026-06-11","Pork - Ground  - Lb.",1,7.5
963,2026-06-19,"2026-06-11","Tahini - Pint",1,8.75
963,2026-06-19,"2026-06-11","FSA/FSD",1,79.79
928,2026-06-19,"2026-06-11","Mothership Pickup Time (4.0 @5-5:30) - @5-5:30",1,0
928,2026-06-19,"2026-06-11","Food For FS Cats Donation - $",1,1
928,2026-06-19,"2026-06-11","Boneless Pork Chop - D&M /lb - Lb.",1,13.42
928,2026-06-19,"2026-06-11","Chicken Links - Lemon Pepper - Lb.",1,10.5
928,2026-06-19,"2026-06-11","Chicken Links - Sundried Tomato - lbs",1,10.5
928,2026-06-19,"2026-06-11","FF Dip - Smoked Salmon  - Tub",1,10
928,2026-06-19,"2026-06-11","Marinara Sauce - Jar",1,8.75
928,2026-06-19,"2026-06-11","Mushrooms - Choice",1,8
928,2026-06-19,"2026-06-11","Pork - Ground  - Lb.",1,7.5
928,2026-06-19,"2026-06-11","Wildcard $6.5 - Each",1,6.5
928,2026-06-19,"2026-06-11","Extra Credit - Each",45.42,1.06
928,2026-06-19,"2026-06-11","FSA/FSD",1,79.79
1570,2026-06-19,"2026-06-11","Chevre PF (1.0 Herb) - Herb",1,8.5
1570,2026-06-19,"2026-06-11","Eggs - Dozen",1,6.5
1570,2026-06-19,"2026-06-11","Pork - Bratwurst  - Pack",1,8.5
1570,2026-06-19,"2026-06-11","Wildcard $7 - Each",1,7
1570,2026-06-19,"2026-06-11","Extra Credit - Each",1.5,1.06
1570,2026-06-19,"2026-06-11","Half",1,40
2001,2026-06-19,"2026-06-11","FSA/FSD",1,79.79
1900,2026-06-19,"2026-06-11","Milk - Whole - Oz.",1,8.32
1900,2026-06-19,"2026-06-11","Mothership Pickup Time (4.0 @5-5:30) - @5-5:30",1,0
1900,2026-06-19,"2026-06-11","$ for green bags donation - $",1,1
1900,2026-06-19,"2026-06-11","Blackberries - Pint",1,7
1900,2026-06-19,"2026-06-11","Blueberries - Pint",1,7
1900,2026-06-19,"2026-06-11","Eggs - Dozen",1,6.5
1900,2026-06-19,"2026-06-11","Ground Beef - D&M - Lb.",1,10.5
1900,2026-06-19,"2026-06-11","Hoagie - PIB Frozen - Bag",1,6.75
1900,2026-06-19,"2026-06-11","Multigrain Bread - Frozen - Loaf",1,6.75
1900,2026-06-19,"2026-06-11","Peas - Sugar Snap - Share",1,4
1900,2026-06-19,"2026-06-11","Strawberries - Qt - Quart",1,8.25
1900,2026-06-19,"2026-06-11","Extra Credit - Each",39.82,1.06
1900,2026-06-19,"2026-06-11","Mini",1,53.2
1236,2026-06-19,"2026-06-11","Cucumbers - Pickling - Bag",1,3.5
1236,2026-06-19,"2026-06-11","Mothership Pickup Time (4.0 @5-5:30) - @5-5:30",1,0
1236,2026-06-19,"2026-06-11","Asparagus - Bunch",1,6.5
1236,2026-06-19,"2026-06-11","Dark Bar 61% - Package",1,3
1236,2026-06-19,"2026-06-11","Dark Chocolate Lolli - Each",1,1.75
1236,2026-06-19,"2026-06-11","Mushrooms - Choice",1,8
1236,2026-06-19,"2026-06-11","Onions - Green - Bunch",1,3.5
1236,2026-06-19,"2026-06-11","Onions - Sweet Bunch - Bunch",1,3.75
1236,2026-06-19,"2026-06-11","Peas - Shelling  - Oz.",1,4.25
1236,2026-06-19,"2026-06-11","Peas - Sugar Snap - Share",1,4
1236,2026-06-19,"2026-06-11","Squash - Summer - Each",1,2.25
1236,2026-06-19,"2026-06-11","Extra Credit - Each",9.75,1.06
1236,2026-06-19,"2026-06-11","FSA/FSD",1,79.79
1725,2026-06-19,"2026-06-11","Kirkwood Pickup Time (1.0 PORCH) - PORCH",1,0
1725,2026-06-19,"2026-06-11","Blackberries - Pint",1,7
1725,2026-06-19,"2026-06-11","Blueberries - Pint",1,7
1725,2026-06-19,"2026-06-11","Ground Lamb  - Lb.",1,15
1725,2026-06-19,"2026-06-11","Hoagie - T - Each",1,3.5
1725,2026-06-19,"2026-06-11","Sesame Hoagie - T - Each",1,3.8
1725,2026-06-19,"2026-06-11","Yogurt - Plain - Oz.",1,7.1
1725,2026-06-19,"2026-06-11","Extra Credit - Each",19.65,1.06
1725,2026-06-19,"2026-06-11","Mini",1,53.2
364,2026-06-19,"2026-06-11","Eggs - BW - Dozen",1,6.5
364,2026-06-19,"2026-06-11","Mothership Pickup Time - @6:30-7",1,0
364,2026-06-19,"2026-06-11","Blackberries - Pint",1,7
364,2026-06-19,"2026-06-11","Stringbean Ethiopian - Bag",1,16
364,2026-06-19,"2026-06-11","Wild Cod/LB* - Pack",2,8.92
364,2026-06-19,"2026-06-11","Extra Credit - Each",11.59,1.06
364,2026-06-19,"2026-06-11","FSA/FSD",1,79.79
364,2026-06-19,"2026-06-11","Whole MILK-o",1,8.85
1873,2026-06-19,"2026-06-11","Eggs - Dozen",1,6.5
1873,2026-06-19,"2026-06-11","Ground Beef - D&M - Lb.",1,10.5
1873,2026-06-19,"2026-06-11","Hummus Choice ($6.75) - Tub",1,6.75
1873,2026-06-19,"2026-06-11","Mini",1,53.2
289,2026-06-19,"2026-06-11","Broccoli (1.0 Head) - Head",1,4.25
289,2026-06-19,"2026-06-11","Cinnamon Rolls - Frozen - Pack",1,6.75
289,2026-06-19,"2026-06-11","Eggs - Dozen",1,6.5
289,2026-06-19,"2026-06-11","Squash - Summer - Each",1,2.25
289,2026-06-19,"2026-06-11","Squash - Zucchini - Each",1,2.5
289,2026-06-19,"2026-06-11","Strawberries - Qt - Quart",1,8.25
289,2026-06-19,"2026-06-11","Extra Credit - Each",1.5,1.06
289,2026-06-19,"2026-06-11","Half",1,84.79
289,2026-06-19,"2026-06-11","2% MILK-o",1,8.85
587,2026-06-19,"2026-06-11","Apple Sauce - w/sugar - qt. - Jar",1,7.75
587,2026-06-19,"2026-06-11","Bread Choice ($6.75) - 1-each",1,6.75
587,2026-06-19,"2026-06-11","Cheese Choice $6.75 - Each",1,6.75
587,2026-06-19,"2026-06-11","Pork - Bratwurst  - Pack",1,8.5
587,2026-06-19,"2026-06-11","Wildcard $7 - Each",1,7
587,2026-06-19,"2026-06-11","Extra Credit - Each",7.75,1.06
587,2026-06-19,"2026-06-11","Half",1,84.79
593,2026-06-19,"2026-06-11","Mothership Pickup Time (1.0 @3:30-4) - @3:30-4",1,0
593,2026-06-19,"2026-06-11","Blueberries - Pint",1,7
593,2026-06-19,"2026-06-11","Eggs - Duck 1/2 Dozen - Each",1,5.25
593,2026-06-19,"2026-06-11","Kohlrabi  - Head",1,1
593,2026-06-19,"2026-06-11","Mushrooms (1.0 Shiitake) - Shiitake",1,8
593,2026-06-19,"2026-06-11","Pork - Bratwurst  - Pack",1,8.5
593,2026-06-19,"2026-06-11","Extra Credit - Each",0.75,1.06
593,2026-06-19,"2026-06-11","Half",1,84.79
1746,2026-06-19,"2026-06-11","Stringbean Peru - Oz.",1,16
1746,2026-06-19,"2026-06-11","Kirkwood Pickup Time - @1-1:30",1,0
1746,2026-06-19,"2026-06-11","Eggs - Dozen",1,6.5
1746,2026-06-19,"2026-06-11","Maple Syrup 12 oz. - Jar",1,13
1746,2026-06-19,"2026-06-11","Wildcard $4 - Each",1,4
1746,2026-06-19,"2026-06-11","Extra Credit - Each",3,1.06
1746,2026-06-19,"2026-06-11","UCA/KWA",1,79.79
876,2026-06-19,"2026-06-11","Marinara Sauce - Jar",1,8.75
876,2026-06-19,"2026-06-11","Mushrooms - Choice",1,8
876,2026-06-19,"2026-06-11","Pork - Ground  - Lb.",1,7.5
876,2026-06-19,"2026-06-11","Wildcard $6.5 - Each",1,6.5
876,2026-06-19,"2026-06-11","FSA/FSD",1,79.79
1416,2026-06-19,"2026-06-11","Mothership Pickup Time (3.0 @4:30-5) - @4:30-5",1,0
1416,2026-06-19,"2026-06-11","Almond Butter - Crunchy  - Pint",1,11.25
1416,2026-06-19,"2026-06-11","Arugula - Bag",1,4.25
1416,2026-06-19,"2026-06-11","Curds Jalapeno Habanero 10 oz - Bag",1,6.75
1416,2026-06-19,"2026-06-11","Semolina - T - Loaf",1,7
1416,2026-06-19,"2026-06-11","Extra Credit - Each",0.25,1.06
1416,2026-06-19,"2026-06-11","Half",1,84.79
1308,2026-06-19,"2026-06-11","Eggs - BW - Dozen",1,6.5
1308,2026-06-19,"2026-06-11","Mothership Pickup Time (6.0 @6-6:30) - @6-6:30",1,0
1308,2026-06-19,"2026-06-11","Blackberries - Pint",1,7
1308,2026-06-19,"2026-06-11","Lettuce - Butterhead - Bag",1,4.25
1308,2026-06-19,"2026-06-11","Oats - Rolled 5# - Bag",1,12.25
1308,2026-06-19,"2026-06-11","Extra Credit - Each",30,1.06
1719,2026-06-19,"2026-06-11","Mothership Pickup Time (1.0 @3:30-4) - @3:30-4",1,0
1719,2026-06-19,"2026-06-11","Lettuce - Bibb - Head",1,3.25
1719,2026-06-19,"2026-06-11","Lettuce - Butterhead - Bag",1,4.25
1719,2026-06-19,"2026-06-11","Lettuce - Salanova - Bag",1,4.25
1719,2026-06-19,"2026-06-11","Lettuce Mix - Bag",1,4.5
1719,2026-06-19,"2026-06-11","Peas - Shelling  - Oz.",4,4.25
1719,2026-06-19,"2026-06-11","Extra Credit - Each",4.25,1.06
1719,2026-06-19,"2026-06-11","Half",1,84.79
1752,2026-06-19,"2026-06-11","Mothership Pickup Time (1.0 @3:30-4) - @3:30-4",1,0
1752,2026-06-19,"2026-06-11","Lettuce Mix - Bag",1,4.5
1752,2026-06-19,"2026-06-11","Pork - Bratwurst  - Pack",1,8.5
1752,2026-06-19,"2026-06-11","Strawberries - Qt - Quart",2,8.25
1752,2026-06-19,"2026-06-11","Extra Credit - Each",0.5,1.06
1752,2026-06-19,"2026-06-11","Half",1,84.79
636,2026-06-19,"2026-06-11","Mothership Pickup Time (4.0 @5-5:30) - @5-5:30",1,0
636,2026-06-19,"2026-06-11","Aged Cheddar - HBC - Each",1,6.75
636,2026-06-19,"2026-06-11","Chicken - Breakfast - Pack",1,10.5
636,2026-06-19,"2026-06-11","Lettuce - Romaine Head - Head",1,5
636,2026-06-19,"2026-06-11","Pasta Bi-color Short - Lb.",1,6.5
636,2026-06-19,"2026-06-11","Potato Chips Kickers med - Oz.",1,3
636,2026-06-19,"2026-06-11","Strawberries - Qt - Quart",1,8.25
636,2026-06-19,"2026-06-11","Extra Credit - Each",1.75,1.06
636,2026-06-19,"2026-06-11","FSA/FSD",1,79.79
636,2026-06-19,"2026-06-11","Whole MILK",1,8.85
250,2026-06-19,"2026-06-11","Milk - Whole - Oz.",1,8.32
250,2026-06-19,"2026-06-11","Mothership Pickup Time (3.0 @4:30-5) - @4:30-5",1,0
250,2026-06-19,"2026-06-11","Hoagie - T - Each",1,3.5
250,2026-06-19,"2026-06-11","Mushrooms - Choice",1,8
250,2026-06-19,"2026-06-11","Pork - Ground  - Lb.",1,7.5
250,2026-06-19,"2026-06-11","Potatoes - New - Bag",1,5.75
250,2026-06-19,"2026-06-11","Extra Credit - Each",2.32,1.06
250,2026-06-19,"2026-06-11","FSA/FSD",1,79.79
1618,2026-06-19,"2026-06-11","Kirkwood Pickup Time (1.0 PORCH) - PORCH",1,0
1618,2026-06-19,"2026-06-11","Beans - Green - Bag",1,4.25
1618,2026-06-19,"2026-06-11","Blackberries - Pint",1,7
1618,2026-06-19,"2026-06-11","Bread Choice ($6.75) - 1-each",1,6.75
1618,2026-06-19,"2026-06-11","Cinnamon Rolls - Frozen - Pack",1,6.75
1618,2026-06-19,"2026-06-11","Strawberries - Qt - Quart",1,8.25
1618,2026-06-19,"2026-06-11","Tomatoes - Slicing - Bag",1,6.5
1618,2026-06-19,"2026-06-11","Wildcard $7 - Each",1,7
1618,2026-06-19,"2026-06-11","Extra Credit - Each",17.5,1.06
1618,2026-06-19,"2026-06-11","Half",1,68.89
196,2026-06-19,"2026-06-11","Kirkwood Pickup Time - @1-1:30",1,0
196,2026-06-19,"2026-06-11","Asparagus - Bunch",1,6.5
196,2026-06-19,"2026-06-11","Cabbage - Green - Head",1,4.5
196,2026-06-19,"2026-06-11","Peas - Sugar Snap - Share",1,4
196,2026-06-19,"2026-06-11","Squash - Summer - Each",2,2.25
196,2026-06-19,"2026-06-11","Extra Credit - Each",19.5,1.06
133,2026-06-19,"2026-06-11","Mothership Pickup Time (3.0 @4:30-5) - @4:30-5",1,0
133,2026-06-19,"2026-06-11","Bagels - Everything - BU - Bag",1,11
133,2026-06-19,"2026-06-11","Eggs - Dozen",1,6.5
133,2026-06-19,"2026-06-11","English Muffin Sourdough - Frozen - Pack",1,5
133,2026-06-19,"2026-06-11","Kohlrabi  - Head",3,1
133,2026-06-19,"2026-06-11","Extra Credit - Each",1.75,1.06
133,2026-06-19,"2026-06-11","Mini",1,53.2
305,2026-06-19,"2026-06-11","Ground Turkey - Pack",2,9
305,2026-06-19,"2026-06-11","Eggs - BW - Dozen",1,6.5
305,2026-06-19,"2026-06-11","Kirkwood Pickup Time (1.0 PORCH) - PORCH",1,0
305,2026-06-19,"2026-06-11","Curds Applewood Smoked 10 oz - Bag",1,6.75
305,2026-06-19,"2026-06-11","Extra Credit - Each",2.25,1.06
305,2026-06-19,"2026-06-11","Half",1,84.79
643,2026-06-19,"2026-06-11","Mothership Pickup Time (5.0 @5:30-6) - @5:30-6",1,0
643,2026-06-19,"2026-06-11","Blueberries - Pint",1,7
643,2026-06-19,"2026-06-11","Cabbage - Chinese - Head",1,3.75
643,2026-06-19,"2026-06-11","Multigrain Bread - Frozen - Loaf",1,6.75
643,2026-06-19,"2026-06-11","Pork - Ground  - Lb.",1,7.5
643,2026-06-19,"2026-06-11","Potatoes - New - Bag",1,5.75
643,2026-06-19,"2026-06-11","FSA/FSD",1,79.79
1468,2026-06-19,"2026-06-11","Ground Turkey - Pack",1,9
1468,2026-06-19,"2026-06-11","Eggs - Dozen",1,6.5
1468,2026-06-19,"2026-06-11","Ground Beef - D&M - Lb.",1,10.5
1468,2026-06-19,"2026-06-11","Extra Credit - Each",2.25,1.06
1468,2026-06-19,"2026-06-11","Mini",1,53.2
622,2026-06-19,"2026-06-11","Eggs - Dozen",1,6.5
622,2026-06-19,"2026-06-11","Kairos Sourdough Choice $5 - Pack",1,5
622,2026-06-19,"2026-06-11","Maple Syrup 12 oz. - Jar",1,13
622,2026-06-19,"2026-06-11","Pork - Breakfast Bulk ($8) - Pack",1,8
622,2026-06-19,"2026-06-11","Wildcard $4 - Each",1,4
622,2026-06-19,"2026-06-11","UCA/KWA",1,79.79
793,2026-06-19,"2026-06-11","Cucumbers - Pickling - Bag",1,3.5
793,2026-06-19,"2026-06-11","Blackberries - Pint",1,7
793,2026-06-19,"2026-06-11","Blueberries - Pint",1,7
793,2026-06-19,"2026-06-11","Eggs - Dozen",1,6.5
793,2026-06-19,"2026-06-11","Ground Beef - D&M - Lb.",1,10.5
793,2026-06-19,"2026-06-11","Light and Mild - T - Loaf",1,8.25
793,2026-06-19,"2026-06-11","Oat Porridge Bread - T - Each",1,9
793,2026-06-19,"2026-06-11","Strawberries - Qt - Quart",2,8.25
793,2026-06-19,"2026-06-11","Tomatoes - Slicing - Bag",1,6.5
793,2026-06-19,"2026-06-11","Extra Credit - Each",51,1.06
793,2026-06-19,"2026-06-11","Mini",1,53.2
856,2026-06-19,"2026-06-11","Cucumbers - Pickling - Bag",1,3.5
856,2026-06-19,"2026-06-11","Yogurt - Greek Plain - Oz.",1,7.1
856,2026-06-19,"2026-06-11","RL Heavy Cream  - Pint",1,7.75
856,2026-06-19,"2026-06-11","Asparagus - Bunch",1,6.5
856,2026-06-19,"2026-06-11","Beans - Green - Bag",1,4.25
856,2026-06-19,"2026-06-11","Beets - Red w/Tops - Bunch",1,5.25
856,2026-06-19,"2026-06-11","Blackberries - Pint",1,7
856,2026-06-19,"2026-06-11","Blueberries - Pint",1,7
856,2026-06-19,"2026-06-11","Broccolini - Bag",1,6
856,2026-06-19,"2026-06-11","Garlic Scapes - Bag",1,4
856,2026-06-19,"2026-06-11","Onions - Green - Bunch",1,3.5
856,2026-06-19,"2026-06-11","Strawberries - Qt - Quart",2,8.25
856,2026-06-19,"2026-06-11","Tomatoes - Slicing - Bag",1,6.5
856,2026-06-19,"2026-06-11","Yogurt - Blueberry - Oz.",1,7.1
856,2026-06-19,"2026-06-11","Extra Credit - Each",91.95,1.06
1750,2026-06-19,"2026-06-11","Salsa - Gringo's Medium - Pint",1,5
1750,2026-06-19,"2026-06-11","Mothership Pickup Time (4.0 @5-5:30) - @5-5:30",1,0
1750,2026-06-19,"2026-06-11","Buttermilk - Qt.  - Quart",1,6.5
1750,2026-06-19,"2026-06-11","Blackberries - Pint",1,7
1750,2026-06-19,"2026-06-11","Chicken - Thighs /lbs  - lbs",1,9.72
1750,2026-06-19,"2026-06-11","Chicken Links - Andouille  - Lb.",1,10.5
1750,2026-06-19,"2026-06-11","Ground Beef - D&M - Lb.",1,10.5
1750,2026-06-19,"2026-06-11","Hummus - Garlic - Tub",1,6.75
1750,2026-06-19,"2026-06-11","Lettuce - Romaine Head - Head",1,5
1750,2026-06-19,"2026-06-11","Louise's Cocoa Brownie Crisp Granola - Bag",1,11.15
1750,2026-06-19,"2026-06-11","Peas - Sugar Snap - Share",1,4
1750,2026-06-19,"2026-06-11","Pink Sauce - Oz.",1,8.75
1750,2026-06-19,"2026-06-11","Salmon - Fillet Pieces/LB* - Each",2,9.3
1750,2026-06-19,"2026-06-11","Tortellini - Cheese - Lb.",1,9.15
1750,2026-06-19,"2026-06-11","Yogurt - Blueberry - Oz.",1,7.1
1750,2026-06-19,"2026-06-11","Extra Credit - Each",95.97,1.06
1750,2026-06-19,"2026-06-11","Mini",1,53.2
453,2026-06-19,"2026-06-11","Marinara Sauce - Jar",1,8.75
453,2026-06-19,"2026-06-11","Mushrooms - Choice",1,8
453,2026-06-19,"2026-06-11","Pasta Bi-color Short - Lb.",1,6.5
453,2026-06-19,"2026-06-11","Pork - Ground  - Lb.",1,7.5
453,2026-06-19,"2026-06-11","FSA/FSD",1,79.79
885,2026-06-19,"2026-06-11","Mothership Pickup Time (5.0 @5:30-6) - @5:30-6",1,0
885,2026-06-19,"2026-06-11","Asparagus - Bunch",1,6.5
885,2026-06-19,"2026-06-11","English Muffin Sourdough - Frozen - Pack",1,5
885,2026-06-19,"2026-06-11","German Quark HBC - Jar",1,6.75
885,2026-06-19,"2026-06-11","Milk Chocolate Bar - Pack",1,3
885,2026-06-19,"2026-06-11","Strawberries - Qt - Quart",1,8.25
885,2026-06-19,"2026-06-11","Extra Credit - Each",0.5,1.06
885,2026-06-19,"2026-06-11","Half",1,84.79
900,2026-06-19,"2026-06-11","Marinara Sauce - Jar",1,8.75
900,2026-06-19,"2026-06-11","Mushrooms - Choice",1,8
900,2026-06-19,"2026-06-11","Pork - Ground  - Lb.",1,7.5
900,2026-06-19,"2026-06-11","Wildcard $6.5 - Each",1,6.5
900,2026-06-19,"2026-06-11","FSA/FSD",1,79.79
900,2026-06-19,"2026-06-11","Whole MILK",1,8.85
896,2026-06-19,"2026-06-11","Yogurt - Greek Plain - Oz.",1,7.1
896,2026-06-19,"2026-06-11","Kirkwood Pickup Time (2.0 @1:30-2) - @1:30-2",1,0
896,2026-06-19,"2026-06-11","Food Pantry Donation - $",5,1
896,2026-06-19,"2026-06-11","Eggs - Dozen",1,6.5
896,2026-06-19,"2026-06-11","Harvest Shreds - Naked 2lb. - Pack",1,24.5
896,2026-06-19,"2026-06-11","Lettuce - Salanova - Bag",1,4.25
896,2026-06-19,"2026-06-11","Peas - Shelling  - Oz.",2,4.25
896,2026-06-19,"2026-06-11","Popcorn - McKaskle - Lb.",1,5.75
896,2026-06-19,"2026-06-11","Extra Credit - Each",32.6,1.06
896,2026-06-19,"2026-06-11","Half",1,84.79
171,2026-06-19,"2026-06-11","Mothership Pickup Time (3.0 @4:30-5) - @4:30-5",1,0
171,2026-06-19,"2026-06-11","Bagel Chips - Bag",1,9.75
171,2026-06-19,"2026-06-11","Blueberries - Pint",1,7
171,2026-06-19,"2026-06-11","Eggs - Dozen",1,6.5
171,2026-06-19,"2026-06-11","Ground Beef - D&M - Lb.",1,10.5
171,2026-06-19,"2026-06-11","Hummus - Garlic - Tub",1,6.75
171,2026-06-19,"2026-06-11","Louise's Original Granola - Bag",1,10
171,2026-06-19,"2026-06-11","Pork Snack Sticks - Honey 4pk - Pack",2,10.3
171,2026-06-19,"2026-06-11","Strawberries - Qt - Quart",1,8.25
171,2026-06-19,"2026-06-11","Yogurt - Strawberry - Oz.",1,7.1
171,2026-06-19,"2026-06-11","Extra Credit - Each",62.7,1.06
171,2026-06-19,"2026-06-11","Mini",1,53.2
790,2026-06-19,"2026-06-11","Mothership Pickup Time (2.0 @4-4:30) - @4-4:30",1,0
790,2026-06-19,"2026-06-11","Milk Chocolate Lolli - Each",1,1.75
790,2026-06-19,"2026-06-11","Rice - White - Lb.",1,6.5
790,2026-06-19,"2026-06-11","Sourdough Bread - Frozen - Lb.",1,6.75
790,2026-06-19,"2026-06-11","Sparkling Tea - Lavender Lemongrass - 4-pack",1,11.25
790,2026-06-19,"2026-06-11","Strawberries - Qt - Quart",1,8.25
790,2026-06-19,"2026-06-11","Wildcard $7 - Each",1,7
790,2026-06-19,"2026-06-11","Extra Credit - Each",12.5,1.06
790,2026-06-19,"2026-06-11","Half",1,84.79
1683,2026-06-19,"2026-06-11","Eggs - BW - Dozen",1,6.5
1683,2026-06-19,"2026-06-11","Blackberries - Pint",1,7
1683,2026-06-19,"2026-06-11","Chicken Breasts /lb. - Pack",1,11.05
1683,2026-06-19,"2026-06-11","Eggs - Dozen",1,6.5
1683,2026-06-19,"2026-06-11","Strawberries - Qt - Quart",1,8.25
1683,2026-06-19,"2026-06-11","Extra Credit - Each",2.8,1.06
1683,2026-06-19,"2026-06-11","UCA/KWA",1,79.79
959,2026-06-19,"2026-06-11","Marinara Sauce - Jar",1,8.75
959,2026-06-19,"2026-06-11","Mushrooms - Choice",1,8
959,2026-06-19,"2026-06-11","Pork - Ground  - Lb.",1,7.5
959,2026-06-19,"2026-06-11","Wildcard $6.5 - Each",1,6.5
959,2026-06-19,"2026-06-11","FSA/FSD",1,79.79
699,2026-06-19,"2026-06-11","Mothership Pickup Time (4.0 @5-5:30) - @5-5:30",1,0
699,2026-06-19,"2026-06-11","Asparagus - Bunch",1,6.5
699,2026-06-19,"2026-06-11","Hoagie - T - Each",1,3.5
699,2026-06-19,"2026-06-11","Lettuce - Bibb - Head",1,3.25
699,2026-06-19,"2026-06-11","Semolina - T - Loaf",1,7
699,2026-06-19,"2026-06-11","Strawberries - Qt - Quart",1,8.25
699,2026-06-19,"2026-06-11","Half",1,84.79
979,2026-06-19,"2026-06-11","Mothership Pickup Time (1.0 @3:30-4) - @3:30-4",1,0
979,2026-06-19,"2026-06-11","Aged Cheddar - HBC - Each",1,6.75
979,2026-06-19,"2026-06-11","Applewood Smoked Cheddar - Each",1,6.5
979,2026-06-19,"2026-06-11","Black Pepper Cheddar - Each",1,6.75
979,2026-06-19,"2026-06-11","Curds Garlic Herb HBC 10 oz  - Bag",1,6.75
979,2026-06-19,"2026-06-11","Eggs - Dozen",1,6.5
979,2026-06-19,"2026-06-11","Pork - Bratwurst  - Pack",1,8.5
979,2026-06-19,"2026-06-11","Semolina - T - Loaf",1,7
979,2026-06-19,"2026-06-11","Extra Credit - Each",19.75,1.06
979,2026-06-19,"2026-06-11","Half",1,84.79
704,2026-06-19,"2026-06-17","Eggs - BW - Dozen",1,6.5
704,2026-06-19,"2026-06-17","Mothership Pickup Time (2.0 @4-4:30) - @4-4:30",1,0
704,2026-06-19,"2026-06-17","Blueberries - Pint",1,7
704,2026-06-19,"2026-06-17","Broccolini - Bag",1,6
704,2026-06-19,"2026-06-17","Coffee Stringbean Decaf - Bag",1,16
704,2026-06-19,"2026-06-17","FF Dish - Pear and Walnut Risotto - Each",1,11.5
704,2026-06-19,"2026-06-17","Extra Credit - Each",12.75,1.06
704,2026-06-19,"2026-06-17","FSA/FSD",1,79.79
284,2026-06-19,"2026-06-17","Bagels - Plain - Bag",1,6.75
284,2026-06-19,"2026-06-17","Chicken - Ground - Lb.",1,9
284,2026-06-19,"2026-06-17","Mushrooms - Choice",1,8
284,2026-06-19,"2026-06-17","Extra Credit - Each",0.25,1.06
284,2026-06-19,"2026-06-17","Mini",1,53.2
371,2026-06-19,"2026-06-17","UCity Pickup Time (2.0 @5-5:30) - @5-5:30",1,0
371,2026-06-19,"2026-06-17","Chevre PF - Choice",1,8.5
371,2026-06-19,"2026-06-17","Ground Beef - D&M - Lb.",1,10.5
371,2026-06-19,"2026-06-17","Multigrain Bread - Frozen - Loaf",1,6.75
371,2026-06-19,"2026-06-17","Pita Bread - Frozen (1.0 Wheat) - Wheat",1,3.55
371,2026-06-19,"2026-06-17","Rice - Brown - Lb.",1,6.5
371,2026-06-19,"2026-06-17","Extra Credit - Each",2.55,1.06
371,2026-06-19,"2026-06-17","Half",1,68.89
1410,2026-06-19,"2026-06-17","Chevre PF - Choice",1,8.5
1410,2026-06-19,"2026-06-17","Chicken - Ground - Lb.",1,9
1410,2026-06-19,"2026-06-17","Eggs - Dozen",1,6.5
1410,2026-06-19,"2026-06-17","Ground Beef - D&M - Lb.",1,10.5
1410,2026-06-19,"2026-06-17","Extra Credit - Each",1.25,1.06
1410,2026-06-19,"2026-06-17","Half",1,68.89
1983,2026-06-19,"2026-06-17","Mothership Pickup Time (4.0 @5-5:30) - @5-5:30",1,0
1983,2026-06-19,"2026-06-17","Eggs - Dozen",2,6.5
1983,2026-06-19,"2026-06-17","Popcorn - McKaskle - Lb.",1,5.75
1983,2026-06-19,"2026-06-17","Tomatoes - Slicing - Bag",1,6.5
1983,2026-06-19,"2026-06-17","Extra Credit - Each",1.75,1.06
1983,2026-06-19,"2026-06-17","Mini",1,53.2
903,2026-06-19,"2026-06-17","Chicken - Ground - Lb.",1,9
903,2026-06-19,"2026-06-17","Eggs - Dozen",1,6.5
903,2026-06-19,"2026-06-17","Mushrooms - Choice",1,8
903,2026-06-19,"2026-06-17","Mini",1,53.2
136,2026-06-19,"2026-06-17","Blackberries - Pint",1,7
136,2026-06-19,"2026-06-17","Garlic - Head - Head",1,1.8
136,2026-06-19,"2026-06-17","Kale - Green Curly - Bag",1,5
136,2026-06-19,"2026-06-17","Strawberries - Qt - Quart",1,8.25
136,2026-06-19,"2026-06-17","oo'ma'me - Mexican - Jar",1,12.5
136,2026-06-19,"2026-06-17","Extra Credit - Each",1.3,1.06
136,2026-06-19,"2026-06-17","Half",1,84.79
346,2026-06-19,"2026-06-17","Chevre PF - Choice",1,8.5
346,2026-06-19,"2026-06-17","Curry Sauce (1.0 Mango) - Mango",1,11.5
346,2026-06-19,"2026-06-17","Eggs - Dozen",1,6.5
346,2026-06-19,"2026-06-17","Pickles Wildcard ($7.75) - Jar",1,7.75
346,2026-06-19,"2026-06-17","Strawberries - Qt - Quart",1,7
346,2026-06-19,"2026-06-17","Extra Credit - Each",8,1.06
346,2026-06-19,"2026-06-17","Half",1,84.79
1038,2026-06-19,"2026-06-17","Mothership Pickup Time (4.0 @5-5:30) - @5-5:30",1,0
1038,2026-06-19,"2026-06-17","Mushrooms (1.0 Shiitake) - Shiitake",1,8
1038,2026-06-19,"2026-06-17","Peas - Sugar Snap - Share",1,4
1038,2026-06-19,"2026-06-17","Tortellini - Mushroom - Lb.",1,9.15
1038,2026-06-19,"2026-06-17","Yogurt - Plain - Oz.",1,7.1
1038,2026-06-19,"2026-06-17","Extra Credit - Each",2.25,1.06
1038,2026-06-19,"2026-06-17","Mini",1,53.2
1039,2026-06-19,"2026-06-17","UCity Pickup Time (3.0 @5:30-6) - @5:30-6",1,0
1039,2026-06-19,"2026-06-17","Blueberries - Pint",1,7
1039,2026-06-19,"2026-06-17","Peas - Shelling  - Oz.",1,4.25
1039,2026-06-19,"2026-06-17","Pork - Bratwurst  - Pack",1,8.5
1039,2026-06-19,"2026-06-17","Strawberries - Qt - Quart",2,7.63
1039,2026-06-19,"2026-06-17","Tomatoes - Slicing - Bag",1,6.5
1039,2026-06-19,"2026-06-17","Extra Credit - Each",15.76,1.06
1039,2026-06-19,"2026-06-17","UCA/KWA",1,79.79
618,2026-06-19,"2026-06-17","Mothership Pickup Time (3.0 @4:30-5) - @4:30-5",1,0
618,2026-06-19,"2026-06-17","Blackberries - Pint",1,7
618,2026-06-19,"2026-06-17","Blueberries - Pint",1,7
618,2026-06-19,"2026-06-17","Eggs - Dozen",1,6.5
618,2026-06-19,"2026-06-17","Tomatoes - Slicing - Bag",1,6.5
618,2026-06-19,"2026-06-17","Yogurt - Plain - Oz.",1,7.1
618,2026-06-19,"2026-06-17","Yogurt - Vanilla - Oz.",1,7.1
618,2026-06-19,"2026-06-17","Extra Credit - Each",17.7,1.06
618,2026-06-19,"2026-06-17","Mini",1,53.2
1713,2026-06-19,"2026-06-17","UCity Pickup Time - @4:30-5",1,0
1713,2026-06-19,"2026-06-17","Beans - Green - Bag",1,4.25
1713,2026-06-19,"2026-06-17","Cucumbers - Slicing - Each",1,2
1713,2026-06-19,"2026-06-17","Lettuce Mix - Bag",1,4.5
1713,2026-06-19,"2026-06-17","Onions - Green - Bunch",1,3.5
1713,2026-06-19,"2026-06-17","Extra Credit - Each",14.25,1.06
228,2026-06-19,"2026-06-17","UCity Pickup Time (2.0 @5-5:30) - @5-5:30",1,0
228,2026-06-19,"2026-06-17","Chicken - Ground - Lb.",1,9
228,2026-06-19,"2026-06-17","Eggs - Dozen",1,6.5
228,2026-06-19,"2026-06-17","Mushrooms (1.0 Shiitake) - Shiitake",1,8
228,2026-06-19,"2026-06-17","Mini",1,53.2
1203,2026-06-19,"2026-06-17","Cucumbers - Pickling - Bag",1,3.5
1203,2026-06-19,"2026-06-17","Mothership Pickup Time (2.0 @4-4:30) - @4-4:30",1,0
1203,2026-06-19,"2026-06-17","Beans - Green - Bag",1,4.25
1203,2026-06-19,"2026-06-17","Cabbage - Green (1.0 Medium) - Medium",1,4.25
1203,2026-06-19,"2026-06-17","Eggs - Dozen",1,6.5
1203,2026-06-19,"2026-06-17","Pork - Brats Cheddar DM - 4-pack",1,8
1203,2026-06-19,"2026-06-17","Radishes - Purple Heart - Bunch",1,5.25
1203,2026-06-19,"2026-06-17","Squash - Zucchini - Each",1,2.5
1203,2026-06-19,"2026-06-17","FSA/FSD",1,79.79
892,2026-06-19,"2026-06-17","UCity Pickup Time - @4:30-5",1,0
892,2026-06-19,"2026-06-17","Blackberries - Pint",1,7
892,2026-06-19,"2026-06-17","Blueberries - Pint",1,7
892,2026-06-19,"2026-06-17","Chevre PF - Choice",1,8.5
892,2026-06-19,"2026-06-17","Pickles Wildcard ($7.75) - Jar",1,7.75
892,2026-06-19,"2026-06-17","Semolina - Wednesday - Loaf",1,7
892,2026-06-19,"2026-06-17","Extra Credit - Each",4,1.06
892,2026-06-19,"2026-06-17","Half",1,84.79
444,2026-06-19,"2026-06-17","Pizza - Deluxe - Each",1,8.5
444,2026-06-19,"2026-06-17","Pizza - Four Meat  - Each",1,8.5
444,2026-06-19,"2026-06-17","Pizza - Sausage Pepperoni - Each",1,8.5
444,2026-06-19,"2026-06-17","UCity Pickup Time - @4:30-5",1,0
444,2026-06-19,"2026-06-17","Ground Beef - D&M - Lb.",2,10.5
444,2026-06-19,"2026-06-17","RL Chocolate Milk - Bottle",4,2.75
444,2026-06-19,"2026-06-17","Extra Credit - Each",31.75,1.06
444,2026-06-19,"2026-06-17","UCA/KWA",1,79.79
828,2026-06-19,"2026-06-17","Sugar Free - Blueberry HBY - Pint",1,7.75
828,2026-06-19,"2026-06-17","Apple Butter - No Sugar - Pint",1,7.75
828,2026-06-19,"2026-06-17","Flank Steak/lbs. - lbs",2,52.92
828,2026-06-19,"2026-06-17","Pasta Long Bi-color - Lb.",1,6.5
828,2026-06-19,"2026-06-17","Extra Credit - Each",104.34,1.06
828,2026-06-19,"2026-06-17","Mini",1,53.2
472,2026-06-19,"2026-06-17","Chevre PF - Choice",1,8.5
472,2026-06-19,"2026-06-17","Eggs - Dozen",1,6.5
472,2026-06-19,"2026-06-17","Ground Beef - D&M - Lb.",1,10.5
472,2026-06-19,"2026-06-17","Pickles Wildcard ($7.75) - Jar",1,7.75
472,2026-06-19,"2026-06-17","Half",1,68.89
1799,2026-06-19,"2026-06-17","Mothership Pickup Time (3.0 @4:30-5) - @4:30-5",1,0
1799,2026-06-19,"2026-06-17","Cannolis - 2-pack",1,8.5
1799,2026-06-19,"2026-06-17","Eggs - Dozen",1,6.5
1799,2026-06-19,"2026-06-17","Maple Syrup 12 oz. - Jar",1,13
1799,2026-06-19,"2026-06-17","Pork - Breakfast Bulk ($8) - Pack",1,8
1799,2026-06-19,"2026-06-17","Rice - Basmati Brown - Lb.",1,7.5
1799,2026-06-19,"2026-06-17","Sourdough Bread - Frozen - Lb.",1,6.75
1799,2026-06-19,"2026-06-17","Strawberries - Qt - Quart",1,7
1799,2026-06-19,"2026-06-17","Extra Credit - Each",23,1.06
1799,2026-06-19,"2026-06-17","FSA/FSD",1,79.79
1920,2026-06-19,"2026-06-17","UCity Pickup Time (2.0 @5-5:30) - @5-5:30",1,0
1920,2026-06-19,"2026-06-17","Bagels - Plain - Frozen - Each",1,6.75
1920,2026-06-19,"2026-06-17","Eggs - Dozen",1,6.5
1920,2026-06-19,"2026-06-17","Ground Beef - D&M - Lb.",1,10.5
1920,2026-06-19,"2026-06-17","Janie's Bread - Wednesday - Each",1,7
1920,2026-06-19,"2026-06-17","Multigrain Bread - Frozen - Loaf",1,6.75
1920,2026-06-19,"2026-06-17","Tortellini - Cheese - Lb.",1,9.15
1920,2026-06-19,"2026-06-17","Extra Credit - Each",13.4,1.06
1920,2026-06-19,"2026-06-17","Half",1,68.89
30,2026-06-19,"2026-06-17","Mothership Pickup Time (2.0 @4-4:30) - @4-4:30",1,0
30,2026-06-19,"2026-06-17","Carrots no tops - Lb.",1,6
30,2026-06-19,"2026-06-17","Carrots w/tops - Bunch",1,5.25
30,2026-06-19,"2026-06-17","Chicken - Thighs /lbs  - lbs",1,9.84
30,2026-06-19,"2026-06-17","Cucumbers - Slicing - Each",1,2
30,2026-06-19,"2026-06-17","Eggs - Dozen",1,6.5
30,2026-06-19,"2026-06-17","Janie's Bread - Wednesday - Each",1,7
30,2026-06-19,"2026-06-17","Tomatoes - Slicing - Bag",1,6.5
30,2026-06-19,"2026-06-17","Extra Credit - Each",9.84,1.06
30,2026-06-19,"2026-06-17","Half",1,84.79
1699,2026-06-19,"2026-06-17","Ground Turkey - Pack",1,9
1699,2026-06-19,"2026-06-17","UCity Pickup Time (2.0 @5-5:30) - @5-5:30",1,0
1699,2026-06-19,"2026-06-17","Blueberries - Pint",1,7
1699,2026-06-19,"2026-06-17","Chicken Breasts /lb. - Pack",1,13.09
1699,2026-06-19,"2026-06-17","Light and Mild - Wednesday - Loaf",1,8.25
1699,2026-06-19,"2026-06-17","Extra Credit - Each",11.59,1.06
1699,2026-06-19,"2026-06-17","UCA/KWA",1,79.79
1200,2026-06-19,"2026-06-17","Sugar Free - Red Cherry - Pint",1,7.75
1200,2026-06-19,"2026-06-17","Beans - Green - Bag",1,4.25
1200,2026-06-19,"2026-06-17","Broccolini - Bag",1,6
1200,2026-06-19,"2026-06-17","Garlic Scapes - Bag",1,4
1200,2026-06-19,"2026-06-17","Lettuce Mix - Bag",1,4.5
1200,2026-06-19,"2026-06-17","Onions - Green - Bunch",1,3.5
1200,2026-06-19,"2026-06-17","Peas - Sugar Snap - Share",1,4
1200,2026-06-19,"2026-06-17","Potatoes - New - Bag",1,5.75
1200,2026-06-19,"2026-06-17","Tomatoes - Slicing - Bag",1,6.5
1200,2026-06-19,"2026-06-17","Extra Credit - Each",46.25,1.06
1154,2026-06-19,"2026-06-17","Mothership Pickup Time (4.0 @5-5:30) - @5-5:30",1,0
1154,2026-06-19,"2026-06-17","Blackberries - Pint",1,7
1154,2026-06-19,"2026-06-17","Blueberries - Pint",1,7
1154,2026-06-19,"2026-06-17","Chicken - Ground - Lb.",1,9
1154,2026-06-19,"2026-06-17","Eggs - Dozen",1,6.5
1154,2026-06-19,"2026-06-17","Squash - Zucchini - Each",1,2.5
1154,2026-06-19,"2026-06-17","Extra Credit - Each",8.5,1.06
1154,2026-06-19,"2026-06-17","Mini",1,53.2
541,2026-06-19,"2026-06-17","Cashew Butter - Roasted - Pint",1,11.75
541,2026-06-19,"2026-06-17","UCity Pickup Time - @4:30-5",1,0
541,2026-06-19,"2026-06-17","Almond Butter - Crunchy  - Pint",1,11.25
541,2026-06-19,"2026-06-17","Blueberries - Pint",1,7
541,2026-06-19,"2026-06-17","Eggs - Dozen",1,6.5
541,2026-06-19,"2026-06-17","Strawberries - Qt - Quart",1,7
541,2026-06-19,"2026-06-17","Extra Credit - Each",17.75,1.06
541,2026-06-19,"2026-06-17","UCA/KWA",1,79.79
1928,2026-06-19,"2026-06-17","Bagels - Everything - BU - Bag",1,11
1928,2026-06-19,"2026-06-17","Blueberries - Pint",1,7
1928,2026-06-19,"2026-06-17","Eggs - Dozen",1,6.5
1928,2026-06-19,"2026-06-17","Peaches - Spiced - Jar",1,15.1
1928,2026-06-19,"2026-06-17","Yogurt - Plain - Oz.",1,7.1
1928,2026-06-19,"2026-06-17","Extra Credit - Each",10.75,1.06
1928,2026-06-19,"2026-06-17","Half",1,68.89
1559,2026-06-19,"2026-06-17","Cucumbers - Pickling - Bag",1,3.5
1559,2026-06-19,"2026-06-17","UCity Pickup Time (3.0 @5:30-6) - @5:30-6",1,0
1559,2026-06-19,"2026-06-17","Bagels - Pumpernickel - BU - Bag",1,11
1559,2026-06-19,"2026-06-17","Black Pepper Cheddar - Each",1,6.75
1559,2026-06-19,"2026-06-17","Blueberries - Pint",2,7
1559,2026-06-19,"2026-06-17","Chicken - Ground - Lb.",1,9
1559,2026-06-19,"2026-06-17","Coconut Oil Pint Organic - Pint",1,11.15
1559,2026-06-19,"2026-06-17","Hand Pie: Veggie Samosa - Bag",1,10.5
1559,2026-06-19,"2026-06-17","Mushrooms (1.0 Shiitake) - Shiitake",1,8
1559,2026-06-19,"2026-06-17","Peas - Sugar Snap - Share",1,4
1559,2026-06-19,"2026-06-17","Strawberries - Qt - Quart",1,7
1559,2026-06-19,"2026-06-17","Stringbean Half Caf - Bag",1,16
1559,2026-06-19,"2026-06-17","Extra Credit - Each",77.4,1.06
1559,2026-06-19,"2026-06-17","Mini",1,53.2
557,2026-06-19,"2026-06-17","Mothership Pickup Time (4.0 @5-5:30) - @5-5:30",1,0
557,2026-06-19,"2026-06-17","Eggs - Dozen",1,6.5
557,2026-06-19,"2026-06-17","Maple Syrup 12 oz. - Jar",1,13
557,2026-06-19,"2026-06-17","Pork - Breakfast Bulk ($8) - Pack",1,8
557,2026-06-19,"2026-06-17","Sourdough Bread - Frozen - Lb.",1,6.75
557,2026-06-19,"2026-06-17","FSA/FSD",1,79.79
986,2026-06-19,"2026-06-17","Mothership Pickup Time (4.0 @5-5:30) - @5-5:30",1,0
986,2026-06-19,"2026-06-17","Bison - Ground - Lb.",1,27.25
986,2026-06-19,"2026-06-17","Eggs - Dozen",1,6.5
986,2026-06-19,"2026-06-17","Pork - Bratwurst  - Pack",1,8.5
986,2026-06-19,"2026-06-17","Rice - White - Lb.",1,6.5
986,2026-06-19,"2026-06-17","Extra Credit - Each",15.5,1.06
986,2026-06-19,"2026-06-17","Half",1,84.79
918,2026-06-19,"2026-06-17","Chicken - Ground - Lb.",1,9
918,2026-06-19,"2026-06-17","Eggs - Dozen",1,6.5
918,2026-06-19,"2026-06-17","Mushrooms - Choice",1,8
918,2026-06-19,"2026-06-17","Mini",1,53.2
1989,2026-06-19,"2026-06-17","Sirloin Steak - Pack",1,28.86
1989,2026-06-19,"2026-06-17","Mothership Pickup Time (1.0 @3:30-4) - @3:30-4",1,0
1989,2026-06-19,"2026-06-17","Potatoes - New - Bag",1,5.75
1989,2026-06-19,"2026-06-17","Pretzel Slider Buns - Frozen - Bag",1,6.75
1989,2026-06-19,"2026-06-17","Extra Credit - Each",8.11,1.06
1989,2026-06-19,"2026-06-17","Half",1,84.79
1000,2026-06-19,"2026-06-17","Cashew Butter - Roasted - Pint",1,11.75
1000,2026-06-19,"2026-06-17","UCity Pickup Time (3.0 @5:30-6) - @5:30-6",1,0
1000,2026-06-19,"2026-06-17","Chicken - Ground - Lb.",1,9
1000,2026-06-19,"2026-06-17","Eggs - Dozen",1,6.5
1000,2026-06-19,"2026-06-17","Extra Credit - Each",3.75,1.06
1000,2026-06-19,"2026-06-17","Mini",1,53.2
824,2026-06-19,"2026-06-17","Chicken - Ground - Lb.",1,9
824,2026-06-19,"2026-06-17","Cucumbers - Slicing - Each",1,2
824,2026-06-19,"2026-06-17","Eggs - Dozen",1,6.5
824,2026-06-19,"2026-06-17","Garlic - Head - Head",1,1.8
824,2026-06-19,"2026-06-17","Lettuce Mix - Bag",1,4.5
824,2026-06-19,"2026-06-17","Extra Credit - Each",0.3,1.06
824,2026-06-19,"2026-06-17","Mini",1,53.2
207,2026-06-19,"2026-06-17","Blackberries - Pint",2,7
207,2026-06-19,"2026-06-17","Blueberries - Pint",1,7
207,2026-06-19,"2026-06-17","Cucumbers - Slicing - Each",1,2
207,2026-06-19,"2026-06-17","Marinara Sauce - Jar",1,8.75
207,2026-06-19,"2026-06-17","Peas - Sugar Snap - Share",1,4
207,2026-06-19,"2026-06-17","Swiss Chard - Bunch",2,6
207,2026-06-19,"2026-06-17","Extra Credit - Each",24.25,1.06
207,2026-06-19,"2026-06-17","Mini",1,53.2
210,2026-06-19,"2026-06-17","Almond Butter - Pint",1,11.25
210,2026-06-19,"2026-06-17","UCity Pickup Time - @4:30-5",1,0
210,2026-06-19,"2026-06-17","Blueberries - Pint",1,7
210,2026-06-19,"2026-06-17","Chicken Breasts /lb. - Pack",1,12.41
210,2026-06-19,"2026-06-17","Potatoes - New - Bag",1,5.75
210,2026-06-19,"2026-06-17","Extra Credit - Each",10.66,1.06
210,2026-06-19,"2026-06-17","UCA/KWA",1,79.79
100,2026-06-19,"2026-06-17","Cucumbers - Pickling - Bag",1,3.5
100,2026-06-19,"2026-06-17","Mothership Pickup Time (3.0 @4:30-5) - @4:30-5",1,0
100,2026-06-19,"2026-06-17","Beans - Green - Bag",1,4.25
100,2026-06-19,"2026-06-17","Cinnamon Raisin Bread - 1-each",1,6.75
100,2026-06-19,"2026-06-17","Eggs - Dozen",1,6.5
100,2026-06-19,"2026-06-17","Milk Choc. Peanut Butter Bark - Pack",1,7.5
100,2026-06-19,"2026-06-17","Pork - Ground  - Lb.",1,7.5
100,2026-06-19,"2026-06-17","Strawberries - Qt - Quart",1,8.25
100,2026-06-19,"2026-06-17","Extra Credit - Each",20.75,1.06
100,2026-06-19,"2026-06-17","Mini",1,53.2
178,2026-06-19,"2026-06-17","Chevre PF - Choice",1,8.5
178,2026-06-19,"2026-06-17","Eggs - Dozen",1,6.5
178,2026-06-19,"2026-06-17","Ground Beef - D&M - Lb.",1,10.5
178,2026-06-19,"2026-06-17","Pickles Wildcard ($7.75) - Jar",1,7.75
178,2026-06-19,"2026-06-17","Half",1,68.89
98,2026-06-19,"2026-06-17","UCity Pickup Time (2.0 @5-5:30) - @5-5:30",1,0
98,2026-06-19,"2026-06-17","Honey - Pint - Jar",1,11.5
98,2026-06-19,"2026-06-17","Pork - Ground  - Lb.",2,7.5
98,2026-06-19,"2026-06-17","Extra Credit - Each",26.5,1.06
99,2026-06-19,"2026-06-17","Ground Turkey - Pack",1,9
99,2026-06-19,"2026-06-17","Mothership Pickup Time (1.0 @3:30-4) - @3:30-4",1,0
99,2026-06-19,"2026-06-17","Blueberries - Pint",1,7
99,2026-06-19,"2026-06-17","Buttermilk Waffles Sourdough - Frozen - Pack",2,5
99,2026-06-19,"2026-06-17","Cannolis - 2-pack",1,8.5
99,2026-06-19,"2026-06-17","Chicken - Breakfast - Pack",1,10.5
99,2026-06-19,"2026-06-17","Eggs - Dozen",1,6.5
99,2026-06-19,"2026-06-17","Janie's Bread - Wednesday - Each",1,7
99,2026-06-19,"2026-06-17","Extra Credit - Each",24.25,1.06
77,2026-06-19,"2026-06-17","Mothership Pickup Time (3.0 @4:30-5) - @4:30-5",1,0
77,2026-06-19,"2026-06-17","Hamburger Buns - 4-pack",1,2.55
77,2026-06-19,"2026-06-17","Broccolini - Bag",1,6
77,2026-06-19,"2026-06-17","Lettuce Mix - Bag",1,4.5
77,2026-06-19,"2026-06-17","Pasta Long Bi-color - Lb.",1,6.5
77,2026-06-19,"2026-06-17","Pork Breakfast Link D&M - Pack",1,8
77,2026-06-19,"2026-06-17","Yogurt - Vanilla - Oz.",1,7.1
77,2026-06-19,"2026-06-17","Extra Credit - Each",0.4,1.06
77,2026-06-19,"2026-06-17","FSA/FSD",1,79.79
637,2026-06-19,"2026-06-17","Mothership Pickup Time (1.0 @3:30-4) - @3:30-4",1,0
637,2026-06-19,"2026-06-17","Chevre PF - Choice",1,8.5
637,2026-06-19,"2026-06-17","Eggs - Dozen",1,6.5
637,2026-06-19,"2026-06-17","Pickles Wildcard ($7.75) - Jar",1,7.75
637,2026-06-19,"2026-06-17","Pork Breakfast Patties D&M - Pack",1,8.5
637,2026-06-19,"2026-06-17","Half",1,84.79
837,2026-06-19,"2026-06-17","Chicken - BULK Breasts /lb. - Pack",1,40.43
837,2026-06-19,"2026-06-17","Mothership Pickup Time (1.0 @3:30-4) - @3:30-4",1,0
837,2026-06-19,"2026-06-17","Blueberries - Pint",1,7
837,2026-06-19,"2026-06-17","Cabbage - Chinese - Head",1,3.75
837,2026-06-19,"2026-06-17","Chicken - Ground - Lb.",2,9
837,2026-06-19,"2026-06-17","Collards - Bunch",1,6
837,2026-06-19,"2026-06-17","Eggs - Dozen",2,6.5
837,2026-06-19,"2026-06-17","Honey - Pint - Jar",1,11.5
837,2026-06-19,"2026-06-17","Kale - Green Curly - Bag",1,5
837,2026-06-19,"2026-06-17","Louise's Original Granola - Bag",1,10
837,2026-06-19,"2026-06-17","Swiss Chard - Bunch",1,6
837,2026-06-19,"2026-06-17","Extra Credit - Each",120.68,1.06
1084,2026-06-19,"2026-06-17","Peanuts - Blanched Unsalted - Oz.",1,6.75
1084,2026-06-19,"2026-06-17","Pecans Halves - Oz.",1,18
1084,2026-06-19,"2026-06-17","Mothership Pickup Time (4.0 @5-5:30) - @5-5:30",1,0
1084,2026-06-19,"2026-06-17","Apple Sauce - Chunky - NS - Quart",1,7.75
1084,2026-06-19,"2026-06-17","Bagel Chips - Bag",1,9.75
1084,2026-06-19,"2026-06-17","Cinnamon Raisin Bread - 1-each",1,6.75
1084,2026-06-19,"2026-06-17","Eggs - Dozen",1,6.5
1084,2026-06-19,"2026-06-17","oo'ma'me - Mexican - Jar",1,12.5
1084,2026-06-19,"2026-06-17","Extra Credit - Each",34.75,1.06
1084,2026-06-19,"2026-06-17","Half",1,84.79
351,2026-06-19,"2026-06-17","Mothership Pickup Time (1.0 @3:30-4) - @3:30-4",1,0
351,2026-06-19,"2026-06-17","Blackberries - Pint",1,7
351,2026-06-19,"2026-06-17","Blueberries - Pint",1,7
351,2026-06-19,"2026-06-17","Broccoli - Share",1,4.25
351,2026-06-19,"2026-06-17","Eggs - Dozen",1,6.5
351,2026-06-19,"2026-06-17","Kale - Lacinato/Dinosaur - Bag",1,5
351,2026-06-19,"2026-06-17","Mushrooms (1.0 Chestnut) - Chestnut",1,8
351,2026-06-19,"2026-06-17","Semolina - Wednesday - Loaf",1,7
351,2026-06-19,"2026-06-17","Extra Credit - Each",11.5,1.06
351,2026-06-19,"2026-06-17","Half",1,84.79
1923,2026-06-19,"2026-06-17","Blueberries - Pint",1,7
1923,2026-06-19,"2026-06-17","FF Dish - Saag Paneer - Pint",1,13.5
1923,2026-06-19,"2026-06-17","Hoagie - PIB - 6-pack",1,6.75
1923,2026-06-19,"2026-06-17","Oat Porridge Bread - Wednesday - Loaf",1,9
1923,2026-06-19,"2026-06-17","Peas - Sugar Snap - Share",1,4
1923,2026-06-19,"2026-06-17","Pork - Bratwurst  - Pack",1,8.5
1923,2026-06-19,"2026-06-17","Wildcard $4 - Each",1,4
1923,2026-06-19,"2026-06-17","Extra Credit - Each",27,1.06
1923,2026-06-19,"2026-06-17","UCA/KWA",1,79.79
1879,2026-06-19,"2026-06-17","Mothership Pickup Time (3.0 @4:30-5) - @4:30-5",1,0
1879,2026-06-19,"2026-06-17","Chicken - Ground - Lb.",1,9
1879,2026-06-19,"2026-06-17","Eggs - Dozen",1,6.5
1879,2026-06-19,"2026-06-17","Mushrooms - Choice",1,8
1879,2026-06-19,"2026-06-17","Tomatoes - Slicing - Bag",1,6.5
1879,2026-06-19,"2026-06-17","Extra Credit - Each",6.5,1.06
1879,2026-06-19,"2026-06-17","Mini",1,53.2
373,2026-06-19,"2026-06-17","UCity Pickup Time (3.0 @5:30-6) - @5:30-6",1,0
373,2026-06-19,"2026-06-17","Bagels - Everything - Frozen - Bag",1,6.75
373,2026-06-19,"2026-06-17","Broccolini - Bag",1,6
373,2026-06-19,"2026-06-17","Dark Bar 72% - Package",1,3
373,2026-06-19,"2026-06-17","Dark Chocolate Square  - Each",1,1.75
373,2026-06-19,"2026-06-17","Tortellini - Cheese - Lb.",1,9.15
373,2026-06-19,"2026-06-17","Extra Credit - Each",0.9,1.06
373,2026-06-19,"2026-06-17","UCA/KWA",1,79.79
1498,2026-06-19,"2026-06-17","UCity Pickup Time - @4:30-5",1,0
1498,2026-06-19,"2026-06-17","Carrots w/tops - Bunch",1,5.25
1498,2026-06-19,"2026-06-17","Eggs - Dozen",1,6.5
1498,2026-06-19,"2026-06-17","Mushrooms - Choice",1,8
1498,2026-06-19,"2026-06-17","Peas - Sugar Snap - Share",1,4
1498,2026-06-19,"2026-06-17","Extra Credit - Each",0.25,1.06
1498,2026-06-19,"2026-06-17","Mini",1,53.2
526,2026-06-19,"2026-06-17","UCity Pickup Time - @4:30-5",1,0
526,2026-06-19,"2026-06-17","Light and Mild - Wednesday - Loaf",1,8.25
526,2026-06-19,"2026-06-17","Mustard - Choice",1,6.5
526,2026-06-19,"2026-06-17","Pork - Bratwurst  - Pack",1,8.5
526,2026-06-19,"2026-06-17","RL Chocolate Milk - Bottle",1,2.75
526,2026-06-19,"2026-06-17","Extra Credit - Each",0.25,1.06
526,2026-06-19,"2026-06-17","UCA/KWA",1,79.79
42,2026-06-19,"2026-06-17","UCity Pickup Time - @4:30-5",1,0
42,2026-06-19,"2026-06-17","Bacon - Each",1,13.5
42,2026-06-19,"2026-06-17","Fresh Herb - Mint - 1-each",1,4
42,2026-06-19,"2026-06-17","Ground Beef - D&M - Lb.",1,10.5
42,2026-06-19,"2026-06-17","Tortellini - Mushroom - Lb.",1,9.15
42,2026-06-19,"2026-06-17","Extra Credit - Each",11.4,1.06
42,2026-06-19,"2026-06-17","UCA/KWA",1,79.79
544,2026-06-19,"2026-06-17","Blackberries - Pint",1,7
544,2026-06-19,"2026-06-17","Chevre PF (1.0 Plain) - Plain",1,8.5
544,2026-06-19,"2026-06-17","Eggs - Dozen",1,6.5
544,2026-06-19,"2026-06-17","Flank Steak/lbs. - lbs",1,33.18
544,2026-06-19,"2026-06-17","Thick Cut Dill Pickles - Quart",1,7.75
544,2026-06-19,"2026-06-17","Extra Credit - Each",29.68,1.06
544,2026-06-19,"2026-06-17","Half",1,84.79
639,2026-06-19,"2026-06-17","UCity Pickup Time - @4:30-5",1,0
639,2026-06-19,"2026-06-17","Blackberries - Pint",1,7
639,2026-06-19,"2026-06-17","Chevre PF - Choice",1,8.5
639,2026-06-19,"2026-06-17","Ground Beef - D&M - Lb.",1,10.5
639,2026-06-19,"2026-06-17","Thick Cut Dill Pickles - Quart",1,7.75
639,2026-06-19,"2026-06-17","Extra Credit - Each",0.5,1.06
639,2026-06-19,"2026-06-17","Half",1,84.79
1030,2026-06-19,"2026-06-17","Eggs - BW - Dozen",1,6.5
1030,2026-06-19,"2026-06-17","UCity Pickup Time (2.0 @5-5:30) - @5-5:30",1,0
1030,2026-06-19,"2026-06-17","Blueberries - Pint",1,7
1030,2026-06-19,"2026-06-17","Stringbean Ethiopian - Bag",1,16
1030,2026-06-19,"2026-06-17","Extra Credit - Each",3.75,1.06
1030,2026-06-19,"2026-06-17","UCA/KWA",1,79.79
1448,2026-06-19,"2026-06-17","Cooler Repair Donation - $",1,1
1448,2026-06-19,"2026-06-17","Beef - Tenderloin 8oz - 1-each",1,18
1448,2026-06-19,"2026-06-17","Lettuce Mix - Bag",1,4.5
1448,2026-06-19,"2026-06-17","Mini",1,53.2
145,2026-06-19,"2026-06-17","Mothership Pickup Time (1.0 @3:30-4) - @3:30-4",1,0
145,2026-06-19,"2026-06-17","Collards - Bunch",1,6
145,2026-06-19,"2026-06-17","Gnocchi - Spinach  - Lb.",1,6.5
145,2026-06-19,"2026-06-17","Lettuce Mix - Bag",1,4.5
145,2026-06-19,"2026-06-17","Peas - Sugar Snap - Share",1,4
145,2026-06-19,"2026-06-17","Squash - Zucchini - Each",1,2.5
145,2026-06-19,"2026-06-17","Mini",1,53.2
317,2026-06-19,"2026-06-17","Chevre PF - Choice",1,8.5
317,2026-06-19,"2026-06-17","Eggs - Dozen",1,6.5
317,2026-06-19,"2026-06-17","Ground Beef - D&M - Lb.",1,10.5
317,2026-06-19,"2026-06-17","Pickles Wildcard ($7.75) - Jar",1,7.75
317,2026-06-19,"2026-06-17","Half",1,68.89
190,2026-06-19,"2026-06-17","Ground Turkey - Pack",1,9
190,2026-06-19,"2026-06-17","Mothership Pickup Time (4.0 @5-5:30) - @5-5:30",1,0
190,2026-06-19,"2026-06-17","Broccolini - Bag",1,6
190,2026-06-19,"2026-06-17","Chicken Wings/lb. - lbs",1,19.58
190,2026-06-19,"2026-06-17","Jar Tomatoes - Quart",1,7.75
190,2026-06-19,"2026-06-17","Kabob - Lamb - Package",2,21.25
190,2026-06-19,"2026-06-17","Mushrooms - Choice",1,8
190,2026-06-19,"2026-06-17","Onions - Sweet Bunch - Bunch",1,3.75
190,2026-06-19,"2026-06-17","Potatoes - New - Bag",1,5.75
190,2026-06-19,"2026-06-17","Strawberries - Qt - Quart",1,7
190,2026-06-19,"2026-06-17","Extra Credit - Each",85.83,1.06
190,2026-06-19,"2026-06-17","Mini",1,53.2
125,2026-06-19,"2026-06-17","Blackberries - Pint",1,7
125,2026-06-19,"2026-06-17","Blueberries - Pint",1,7
125,2026-06-19,"2026-06-17","Broccolini - Bag",1,6
125,2026-06-19,"2026-06-17","Strawberries - Qt - Quart",1,8.25
125,2026-06-19,"2026-06-17","Extra Credit - Each",2.5,1.06
125,2026-06-19,"2026-06-17","UCA/KWA",1,79.79
235,2026-06-19,"2026-06-17","Eggs - Dozen",1,6.5
235,2026-06-19,"2026-06-17","Garlic - Head - Head",1,1.8
235,2026-06-19,"2026-06-17","Hand Pie: Chicken Curry - Bag",1,10.5
235,2026-06-19,"2026-06-17","Oat Porridge Bread - Wednesday - Loaf",1,9
235,2026-06-19,"2026-06-17","Onions - Green - Bunch",1,3.5
235,2026-06-19,"2026-06-17","Tortellini - Cheese - Lb.",1,9.15
235,2026-06-19,"2026-06-17","Extra Credit - Each",16.95,1.06
235,2026-06-19,"2026-06-17","Mini",1,53.2
1107,2026-06-19,"2026-06-17","UCity Pickup Time (2.0 @5-5:30) - @5-5:30",1,0
1107,2026-06-19,"2026-06-17","Broccolini - Bag",1,6
1107,2026-06-19,"2026-06-17","Collards - Bunch",1,6
1107,2026-06-19,"2026-06-17","Eggs - Dozen",1,6.5
1107,2026-06-19,"2026-06-17","Ground Beef - D&M - Lb.",1,10.5
1107,2026-06-19,"2026-06-17","Turnips - Japanese/White - Lb.",1,4.25
1107,2026-06-19,"2026-06-17","Half",1,68.89
520,2026-06-19,"2026-06-17","UCity Pickup Time - @4:30-5",1,0
520,2026-06-19,"2026-06-17","Blackberries - Pint",1,7
520,2026-06-19,"2026-06-17","Eggs - Dozen",1,6.5
520,2026-06-19,"2026-06-17","Garlic Scapes - Bag",1,4
520,2026-06-19,"2026-06-17","Harvest Shreds - Naked 2lb. - Pack",1,24.5
520,2026-06-19,"2026-06-17","Onions - Green - Bunch",1,3.5
520,2026-06-19,"2026-06-17","Peas - Shelling  - Oz.",2,4.25
520,2026-06-19,"2026-06-17","Extra Credit - Each",28,1.06
520,2026-06-19,"2026-06-17","Mini",1,53.2
520,2026-06-19,"2026-06-17","Whole MILK",0,8.85
598,2026-06-19,"2026-06-17","Chicken - Ground - Lb.",1,9
598,2026-06-19,"2026-06-17","Eggs - Dozen",1,6.5
598,2026-06-19,"2026-06-17","Mushrooms - Choice",1,8
598,2026-06-19,"2026-06-17","Mini",1,53.2
1707,2026-06-19,"2026-06-17","Mothership Pickup Time (1.0 @3:30-4) - @3:30-4",1,0
1707,2026-06-19,"2026-06-17","Beans - Green - Bag",1,4.25
1707,2026-06-19,"2026-06-17","Blackberries - Pint",1,7
1707,2026-06-19,"2026-06-17","Blueberries - Pint",1,7
1707,2026-06-19,"2026-06-17","Cucumbers - Slicing - Each",1,2
1707,2026-06-19,"2026-06-17","Eggs - Dozen",1,6.5
1707,2026-06-19,"2026-06-17","Extra Credit - Each",3.25,1.06
1707,2026-06-19,"2026-06-17","Mini",1,53.2
423,2026-06-19,"2026-06-17","Mothership Pickup Time (6.0 @6-6:30) - @6-6:30",1,0
423,2026-06-19,"2026-06-17","Hamburger Buns - 4-pack",1,2.55
423,2026-06-19,"2026-06-17","Blackberries - Pint",1,7
423,2026-06-19,"2026-06-17","Cannolis - 2-pack",1,8.5
423,2026-06-19,"2026-06-17","Cinnamon Rolls - Pack",1,6.75
423,2026-06-19,"2026-06-17","Eggs - Dozen",1,6.5
423,2026-06-19,"2026-06-17","Garlic - Head - Head",1,1.8
423,2026-06-19,"2026-06-17","Onions - Sweet Bunch - Bunch",1,3.75
423,2026-06-19,"2026-06-17","Soy Sauce - Mushroom - Bottle",2,7.5
423,2026-06-19,"2026-06-17","Extra Credit - Each",17.6,1.06
423,2026-06-19,"2026-06-17","FSA/FSD",1,79.79
1602,2026-06-19,"2026-06-17","Cheddar - White MJC - Package",1,7.5
1602,2026-06-19,"2026-06-17","Mothership Pickup Time (2.0 @4-4:30) - @4-4:30",1,0
1602,2026-06-19,"2026-06-17","Eggs - Dozen",1,6.5
1602,2026-06-19,"2026-06-17","Garlic - Head - Head",2,1.8
1602,2026-06-19,"2026-06-17","Hummus - Garlic - Tub",1,6.75
1602,2026-06-19,"2026-06-17","Manicotti - Spinach - Package",1,10.15
1602,2026-06-19,"2026-06-17","Maple Syrup 12 oz. - Jar",1,13
1602,2026-06-19,"2026-06-17","Popcorn - McKaskle - Lb.",1,5.75
1602,2026-06-19,"2026-06-17","Strawberries - Qt - Quart",1,7
1602,2026-06-19,"2026-06-17","Extra Credit - Each",27,1.06
1602,2026-06-19,"2026-06-17","Half",1,84.79
396,2026-06-19,"2026-06-17","Eggs - Dozen",1,6.5
396,2026-06-19,"2026-06-17","Maple Syrup 12 oz. - Jar",1,13
396,2026-06-19,"2026-06-17","Pork - Breakfast Bulk ($8) - Pack",1,8
396,2026-06-19,"2026-06-17","Sourdough Bread - Frozen - Lb.",1,6.75
396,2026-06-19,"2026-06-17","FSA/FSD",1,79.79
814,2026-06-19,"2026-06-17","Pizza - Sausage Pepperoni - Each",1,8.5
814,2026-06-19,"2026-06-17","UCity Pickup Time - @4:30-5",1,0
814,2026-06-19,"2026-06-17","Beets - Pickled - Quart",1,8.5
814,2026-06-19,"2026-06-17","Chevre PF - Choice",1,8.5
814,2026-06-19,"2026-06-17","Eggs - Dozen",1,6.5
814,2026-06-19,"2026-06-17","Marinara Sauce - Jar",1,8.75
814,2026-06-19,"2026-06-17","Pickles Wildcard ($7.75) - Jar",1,7.75
814,2026-06-19,"2026-06-17","Extra Credit - Each",12.75,1.06
814,2026-06-19,"2026-06-17","Half",1,68.89
814,2026-06-19,"2026-06-17","Creamline MILK-e",0,8.85
814,2026-06-19,"2026-06-17","Whole MILK-e",0,8.85
1627,2026-06-19,"2026-06-17","Mothership Pickup Time (4.0 @5-5:30) - @5-5:30",1,0
1627,2026-06-19,"2026-06-17","Eggs - Dozen",1,6.5
1627,2026-06-19,"2026-06-17","Ground Beef - D&M - Lb.",1,10.5
1627,2026-06-19,"2026-06-17","Hoagie - Wednesday - Each",1,3.5
1627,2026-06-19,"2026-06-17","Pork - Bratwurst  - Pack",1,8.5
1627,2026-06-19,"2026-06-17","Pork - Breakfast Bulk ($8) - Pack",1,8
1627,2026-06-19,"2026-06-17","Rice - White - Lb.",1,6.5
1627,2026-06-19,"2026-06-17","Extra Credit - Each",9.25,1.06
1627,2026-06-19,"2026-06-17","FSA/FSD",1,79.79
1537,2026-06-19,"2026-06-17","Mothership Pickup Time (1.0 @3:30-4) - @3:30-4",1,0
1537,2026-06-19,"2026-06-17","Blueberries - Pint",2,7
1537,2026-06-19,"2026-06-17","Buttermilk Waffles Sourdough - Frozen - Pack",1,5
1537,2026-06-19,"2026-06-17","Carrots w/tops - Bunch",1,5.25
1537,2026-06-19,"2026-06-17","Honey - Squeeze Bottle - Bottle",1,11.5
1537,2026-06-19,"2026-06-17","Janie's Bread - Wednesday - Each",1,7
1537,2026-06-19,"2026-06-17","Mushrooms (1.0 Lion's Mane) - Lion's Mane",1,8
1537,2026-06-19,"2026-06-17","Mushrooms (1.0 Shiitake) - Shiitake",1,8
1537,2026-06-19,"2026-06-17","Peas - Sugar Snap - Share",1,4
1537,2026-06-19,"2026-06-17","Popped Corn - Organic - Bag",2,3
1537,2026-06-19,"2026-06-17","Strawberries - Qt - Quart",1,7
1537,2026-06-19,"2026-06-17","Extra Credit - Each",75.75,1.06
322,2026-06-19,"2026-06-17","Eggs - BW - Dozen",1,6.5
322,2026-06-19,"2026-06-17","UCity Pickup Time - @4:30-5",1,0
322,2026-06-19,"2026-06-17","Bread Pudding - Muffin - Each",1,4
322,2026-06-19,"2026-06-17","Hoagie - PIB - 6-pack",1,6.75
322,2026-06-19,"2026-06-17","Pork Italian Bulk - D&M - Lb.",1,8.5
322,2026-06-19,"2026-06-17","UCA/KWA",1,79.79
322,2026-06-19,"2026-06-17","2% MILK-e",0,8.85
132,2026-06-19,"2026-06-17","Mothership Pickup Time (2.0 @4-4:30) - @4-4:30",1,0
132,2026-06-19,"2026-06-17","Cooler Repair Donation - $",1,1
132,2026-06-19,"2026-06-17","Eggs - Dozen",1,6.5
132,2026-06-19,"2026-06-17","Ground Beef - D&M - Lb.",1,10.5
132,2026-06-19,"2026-06-17","Olive Oil Medium - Bottle",1,15
132,2026-06-19,"2026-06-17","Sweet Dill Pickles - Quart",1,7.75
132,2026-06-19,"2026-06-17","Extra Credit - Each",7.5,1.06
132,2026-06-19,"2026-06-17","Half",1,84.79
681,2026-06-19,"2026-06-17","Beets - Red w/Tops - Bunch",1,5.25
681,2026-06-19,"2026-06-17","Cheese - Aged Alpine - Pack",1,6.75
681,2026-06-19,"2026-06-17","Cucumbers - Slicing - Each",1,2
681,2026-06-19,"2026-06-17","Garlic - Head - Head",1,1.8
681,2026-06-19,"2026-06-17","Kohlrabi  - Head",2,1
681,2026-06-19,"2026-06-17","Pork - Bratwurst  - Pack",1,8.5
681,2026-06-19,"2026-06-17","Extra Credit - Each",0.55,1.06
681,2026-06-19,"2026-06-17","UCA/KWA",1,79.79
960,2026-06-19,"2026-06-17","Chicken - Big Bag Deboned Thighs/lb. - Bag",1,42.74
960,2026-06-19,"2026-06-17","Food Pantry Donation - $",2,1
960,2026-06-19,"2026-06-17","Chevre PF - Choice",1,8.5
960,2026-06-19,"2026-06-17","Eggs - Dozen",1,6.5
960,2026-06-19,"2026-06-17","Thick Cut Dill Pickles - Quart",1,7.75
960,2026-06-19,"2026-06-17","Extra Credit - Each",34.24,1.06
960,2026-06-19,"2026-06-17","Half",1,84.79
1474,2026-06-19,"2026-06-17","Eggs - Dozen",1,6.5
1474,2026-06-19,"2026-06-17","Hoagie - Wednesday - Each",1,3.5
1474,2026-06-19,"2026-06-17","Mushrooms (1.0 Lion's Mane) - Lion's Mane",1,8
1474,2026-06-19,"2026-06-17","Pasta Bi-color Short - Lb.",1,6.5
1474,2026-06-19,"2026-06-17","Extra Credit - Each",1,1.06
1474,2026-06-19,"2026-06-17","Mini",1,53.2
1048,2026-06-19,"2026-06-17","UCity Pickup Time (3.0 @5:30-6) - @5:30-6",1,0
1048,2026-06-19,"2026-06-17","Blueberries - Pint",1,7
1048,2026-06-19,"2026-06-17","Broccoli (1.0 Head) - Head",1,4.25
1048,2026-06-19,"2026-06-17","Kale - Green Curly - Bag",1,5
1048,2026-06-19,"2026-06-17","Pork - Ground  - Lb.",1,7.5
1048,2026-06-19,"2026-06-17","Squash - Zucchini - Each",2,2.5
1048,2026-06-19,"2026-06-17","Extra Credit - Each",3,1.06
1048,2026-06-19,"2026-06-17","UCA/KWA",1,79.79
1255,2026-06-19,"2026-06-17","Ground Turkey - Pack",1,9
1255,2026-06-19,"2026-06-17","Milk - 2%  - Oz.",1,6.35
1255,2026-06-19,"2026-06-17","Mothership Pickup Time (3.0 @4:30-5) - @4:30-5",1,0
1255,2026-06-19,"2026-06-17","Chicken Breasts /lb. - Pack",1,12.92
1255,2026-06-19,"2026-06-17","Gnocchi - Garlic Chive  - Lb.",1,6.5
1255,2026-06-19,"2026-06-17","Janie's Bread - Thursday - Each",1,7
1255,2026-06-19,"2026-06-17","Kale - Lacinato/Dinosaur - Bag",1,5
1255,2026-06-19,"2026-06-17","Lettuce Mix - Bag",1,4.5
1255,2026-06-19,"2026-06-17","Mushrooms - Choice",1,8
1255,2026-06-19,"2026-06-17","Squash - Zucchini - Each",1,2.5
1255,2026-06-19,"2026-06-17","Extra Credit - Each",38.27,1.06
1255,2026-06-19,"2026-06-17","Mini",1,53.2
1255,2026-06-19,"2026-06-17","2% MILK",0,8.85
1255,2026-06-19,"2026-06-17","Half & Half",1,5.05
620,2026-06-19,"2026-06-17","Blackberries - Pint",1,7
620,2026-06-19,"2026-06-17","Broccolini - Bag",1,6
620,2026-06-19,"2026-06-17","Eggs - Dozen",1,6.5
620,2026-06-19,"2026-06-17","Pork - Tenderloin/lb - Lb.",1,15.68
620,2026-06-19,"2026-06-17","Semolina - Wednesday - Loaf",1,7
620,2026-06-19,"2026-06-17","Extra Credit - Each",8.93,1.06
620,2026-06-19,"2026-06-17","Half",1,84.79
1162,2026-06-19,"2026-06-17","Mothership Pickup Time (1.0 @3:30-4) - @3:30-4",1,0
1162,2026-06-19,"2026-06-17","Eggs - Dozen",1,6.5
1162,2026-06-19,"2026-06-17","Ground Beef - D&M - Lb.",1,10.5
1162,2026-06-19,"2026-06-17","Mushrooms (1.0 Lion's Mane) - Lion's Mane",1,8
1162,2026-06-19,"2026-06-17","Extra Credit - Each",1.5,1.06
1162,2026-06-19,"2026-06-17","Mini",1,53.2
1735,2026-06-19,"2026-06-17","Cheddar - White MJC - Package",1,7.5
1735,2026-06-19,"2026-06-17","UCity Pickup Time - @4:30-5",1,0
1735,2026-06-19,"2026-06-17","Marshmallow Pie - Each",1,7.5
1735,2026-06-19,"2026-06-17","Pork - Ground  - Lb.",1,7.5
1735,2026-06-19,"2026-06-17","Strawberries - Qt - Quart",1,8.25
1735,2026-06-19,"2026-06-17","Extra Credit - Each",5,1.06
1735,2026-06-19,"2026-06-17","UCA/KWA",1,79.79
1932,2026-06-19,"2026-06-17","Mothership Pickup Time (5.0 @5:30-6) - @5:30-6",1,0
1932,2026-06-19,"2026-06-17","Chicken Drumsticks /LB - Pack",2,4.32
1932,2026-06-19,"2026-06-17","Lamb Chops/lb. DM - Each",1,29.48
1932,2026-06-19,"2026-06-17","Rice - Basmati Brown - Lb.",1,7.5
1932,2026-06-19,"2026-06-17","Extra Credit - Each",11.37,1.06
1932,2026-06-19,"2026-06-17","FSA/FSD",1,79.79
627,2026-06-19,"2026-06-17","UCity Pickup Time - @4:30-5",1,0
627,2026-06-19,"2026-06-17","Chicken - Ground - Lb.",1,9
627,2026-06-19,"2026-06-17","Cucumbers - Slicing - Each",1,2
627,2026-06-19,"2026-06-17","Eggs - Dozen",1,6.5
627,2026-06-19,"2026-06-17","Squash - Summer - Each",1,2.25
627,2026-06-19,"2026-06-17","Squash - Zucchini - Each",1,2.5
627,2026-06-19,"2026-06-17","Mini",1,53.2
1014,2026-06-19,"2026-06-17","UCity Pickup Time (3.0 @5:30-6) - @5:30-6",1,0
1014,2026-06-19,"2026-06-17","Beans - Green - Bag",1,4.25
1014,2026-06-19,"2026-06-17","Carrots w/tops - Bunch",1,5.25
1014,2026-06-19,"2026-06-17","Garlic - Head - Head",3,1.8
1014,2026-06-19,"2026-06-17","Salmon - Fillet Pieces/LB* - Each",2,7.83
1014,2026-06-19,"2026-06-17","Wild Cod/LB* - Pack",1,9.71
1014,2026-06-19,"2026-06-17","Extra Credit - Each",16.77,1.06
1014,2026-06-19,"2026-06-17","Mini",1,53.2
1014,2026-06-19,"2026-06-17","Eggs - Buttonwood",1,6.65
1427,2026-06-19,"2026-06-17","Cucumbers - Pickling - Bag",1,3.5
1427,2026-06-19,"2026-06-17","Eggs - BW - Dozen",1,6.5
1427,2026-06-19,"2026-06-17","Mothership Pickup Time (1.0 @3:30-4) - @3:30-4",1,0
1427,2026-06-19,"2026-06-17","Blackberries - Pint",1,7
1427,2026-06-19,"2026-06-17","Chicken - Ground - Lb.",1,9
1427,2026-06-19,"2026-06-17","Dark Chocolate Lolli - Each",1,1.75
1427,2026-06-19,"2026-06-17","Dark Chocolate Square  - Each",1,1.75
1427,2026-06-19,"2026-06-17","Garlic - Head - Head",3,1.8
1427,2026-06-19,"2026-06-17","Squash - Zucchini - Each",2,2.5
1427,2026-06-19,"2026-06-17","Strawberries - Qt - Quart",1,7
1427,2026-06-19,"2026-06-17","Tomatoes - Slicing - Bag",2,6.5
1427,2026-06-19,"2026-06-17","Extra Credit - Each",36.4,1.06
225,2026-06-19,"2026-06-17","Cucumbers - Pickling - Bag",1,3.5
225,2026-06-19,"2026-06-17","UCity Pickup Time - @4:30-5",1,0
225,2026-06-19,"2026-06-17","Bagels - Honey Buckwheat - BU - Bag",1,11
225,2026-06-19,"2026-06-17","Blueberries - Pint",1,7
225,2026-06-19,"2026-06-17","Cannolis - 2-pack",1,8.5
225,2026-06-19,"2026-06-17","Cinnamon Raisin Bread - 1-each",1,6.75
225,2026-06-19,"2026-06-17","Garlic Scapes - Bag",1,4
225,2026-06-19,"2026-06-17","Hoagie - Wednesday - Each",1,3.5
225,2026-06-19,"2026-06-17","Kale - Lacinato/Dinosaur - Bag",1,5
225,2026-06-19,"2026-06-17","Peas - Shelling  - Oz.",1,4.25
225,2026-06-19,"2026-06-17","Extra Credit - Each",53.5,1.06
225,2026-06-19,"2026-06-17","(BYO) UCG - Orders Only",1,0
225,2026-06-19,"2026-06-17","Cream pint",1,5.32
225,2026-06-19,"2026-06-17","Eggs - Buttonwood",1,6.92
225,2026-06-19,"2026-06-17","Plain yogurt",1,7.55
225,2026-06-19,"2026-06-17","Whole MILK-e",1,8.85
384,2026-06-19,"2026-06-17","UCity Pickup Time - @4:30-5",1,0
384,2026-06-19,"2026-06-17","RL Heavy Cream  - Pint",1,7.75
384,2026-06-19,"2026-06-17","Blackberries - Pint",2,7
384,2026-06-19,"2026-06-17","Blueberries - Pint",2,7
384,2026-06-19,"2026-06-17","Chevre PF - Choice",1,8.5
384,2026-06-19,"2026-06-17","Eggs - Dozen",1,6.5
384,2026-06-19,"2026-06-17","Ground Beef - D&M - Lb.",1,10.5
384,2026-06-19,"2026-06-17","Lettuce Mix - Bag",1,4.5
384,2026-06-19,"2026-06-17","Light and Mild - Wednesday - Loaf",1,8.25
384,2026-06-19,"2026-06-17","Strawberries - Qt - Quart",1,7
384,2026-06-19,"2026-06-17","Yogurt - Plain - Oz.",1,7.1
384,2026-06-19,"2026-06-17","Extra Credit - Each",52.35,1.06
384,2026-06-19,"2026-06-17","Half",1,68.89
384,2026-06-19,"2026-06-17","2% MILK-e",0,8.85
64,2026-06-19,"2026-06-17","Cheddar - White MJC - Package",1,7.5
64,2026-06-19,"2026-06-17","UCity Pickup Time - @4:30-5",1,0
64,2026-06-19,"2026-06-17","Bacon - Uncured/lb - Pack",1,15.25
64,2026-06-19,"2026-06-17","Chicken - Ground - Lb.",1,9
64,2026-06-19,"2026-06-17","Eggs - Dozen",1,6.5
64,2026-06-19,"2026-06-17","Manicotti - Spinach - Package",1,10.15
64,2026-06-19,"2026-06-17","Extra Credit - Each",24.9,1.06
64,2026-06-19,"2026-06-17","Mini",1,53.2
240,2026-06-19,"2026-06-17","Mothership Pickup Time (1.0 @3:30-4) - @3:30-4",1,0
240,2026-06-19,"2026-06-17","RL Heavy Cream  - Pint",1,7.75
240,2026-06-19,"2026-06-17","Bacon - Each",1,13.5
240,2026-06-19,"2026-06-17","Marinara Sauce - Jar",1,8.75
240,2026-06-19,"2026-06-17","Shoots - Pea - Bag",1,4.5
240,2026-06-19,"2026-06-17","Extra Credit - Each",0.25,1.06
240,2026-06-19,"2026-06-17","FSA/FSD",1,79.79
874,2026-06-19,"2026-06-17","Mothership Pickup Time (3.0 @4:30-5) - @4:30-5",1,0
874,2026-06-19,"2026-06-17","Cucumbers - Slicing - Each",4,2
874,2026-06-19,"2026-06-17","Eggs - Dozen",1,6.5
874,2026-06-19,"2026-06-17","Maple Syrup 12 oz. - Jar",1,13
874,2026-06-19,"2026-06-17","Sourdough Bread - Frozen - Lb.",1,6.75
874,2026-06-19,"2026-06-17","FSA/FSD",1,79.79
952,2026-06-19,"2026-06-17","Pepitas - Oz.",1,7.75
952,2026-06-19,"2026-06-17","Pizza - Deluxe - Each",1,8.5
952,2026-06-19,"2026-06-17","Eggs - Dozen",1,6.5
952,2026-06-19,"2026-06-17","Granola Bar - Each",1,3.8
952,2026-06-19,"2026-06-17","Pork - Breakfast Bulk ($8) - Pack",1,8
952,2026-06-19,"2026-06-17","Sourdough Bread - Frozen - Lb.",1,6.75
952,2026-06-19,"2026-06-17","Extra Credit - Each",7.05,1.06
952,2026-06-19,"2026-06-17","FSA/FSD",1,79.79
179,2026-06-19,"2026-06-17","UCity Pickup Time - @4:30-5",1,0
179,2026-06-19,"2026-06-17","Chicken - Ground - Lb.",1,9
179,2026-06-19,"2026-06-17","Hummus - Beet & Pepita - Tub",1,6.75
179,2026-06-19,"2026-06-17","Lettuce Mix - Bag",1,4.5
179,2026-06-19,"2026-06-17","Light and Mild - Wednesday - Loaf",1,8.25
179,2026-06-19,"2026-06-17","Squash - Zucchini - Each",2,2.5
179,2026-06-19,"2026-06-17","Tomatoes - Slicing - Bag",1,6.5
179,2026-06-19,"2026-06-17","Extra Credit - Each",16.5,1.06
179,2026-06-19,"2026-06-17","Mini",1,53.2
1143,2026-06-19,"2026-06-17","UCity Pickup Time (3.0 @5:30-6) - @5:30-6",1,0
1143,2026-06-19,"2026-06-17","Blueberries - Pint",1,7
1143,2026-06-19,"2026-06-17","Curds Jalapeno Habanero 10 oz - Bag",1,6.75
1143,2026-06-19,"2026-06-17","Ground Beef - D&M - Lb.",1,10.5
1143,2026-06-19,"2026-06-17","Mustard (1.0 Honey) - Honey",1,6.5
1143,2026-06-19,"2026-06-17","Extra Credit - Each",5,1.06
1143,2026-06-19,"2026-06-17","UCA/KWA",1,79.79
227,2026-06-19,"2026-06-17","Jam - Red Raspberry HBY - Pint",1,7.75
227,2026-06-19,"2026-06-17","UCity Pickup Time (2.0 @5-5:30) - @5-5:30",1,0
227,2026-06-19,"2026-06-17","Food for Ferals Donation - $",1,1
227,2026-06-19,"2026-06-17","Blueberries - Pint",1,7
227,2026-06-19,"2026-06-17","Broccolini - Bag",1,6
227,2026-06-19,"2026-06-17","Fresh Herb - Mint - 1-each",1,4
227,2026-06-19,"2026-06-17","UCA/KWA",1,79.79
1689,2026-06-19,"2026-06-17","Cucumbers - Pickling - Bag",1,3.5
1689,2026-06-19,"2026-06-17","Blueberries - Pint",1,7
1689,2026-06-19,"2026-06-17","Eggs - Dozen",1,6.5
1689,2026-06-19,"2026-06-17","Granola Bar - Each",2,3.8
1689,2026-06-19,"2026-06-17","Pita Bread - Frozen (1.0 Wheat) - Wheat",1,3.55
1689,2026-06-19,"2026-06-17","Semolina - Wednesday - Loaf",1,7
1689,2026-06-19,"2026-06-17","Squash - Summer - Each",1,2.25
1689,2026-06-19,"2026-06-17","Squash - Zucchini - Each",1,2.5
1689,2026-06-19,"2026-06-17","Tomatoes - Slicing - Bag",1,6.5
1689,2026-06-19,"2026-06-17","Extra Credit - Each",22.9,1.06
1689,2026-06-19,"2026-06-17","Mini",1,53.2
1105,2026-06-19,"2026-06-17","Ground Turkey - Pack",1,9
1105,2026-06-19,"2026-06-17","UCity Pickup Time - @4:30-5",1,0
1105,2026-06-19,"2026-06-17","Chicken - Ground - Lb.",1,9
1105,2026-06-19,"2026-06-17","Chicken Breasts /lb. - Pack",1,10.88
1105,2026-06-19,"2026-06-17","Eggs - Dozen",1,6.5
1105,2026-06-19,"2026-06-17","Ground Beef - D&M - Lb.",1,10.5
1105,2026-06-19,"2026-06-17","Extra Credit - Each",12.63,1.06
1105,2026-06-19,"2026-06-17","Half",1,68.89
1506,2026-06-19,"2026-06-17","Peanut Butter EW - Pint",1,7.75
1506,2026-06-19,"2026-06-17","UCity Pickup Time (2.0 @5-5:30) - @5-5:30",1,0
1506,2026-06-19,"2026-06-17","Black Pepper Cheddar - Each",1,6.75
1506,2026-06-19,"2026-06-17","Eggs - Dozen",1,6.5
1506,2026-06-19,"2026-06-17","Ground Beef - D&M - Lb.",3,10.5
1506,2026-06-19,"2026-06-17","Milk Chocolate Lolli - Each",1,1.75
1506,2026-06-19,"2026-06-17","Potato Chips Original - Med - Oz.",1,3
1506,2026-06-19,"2026-06-17","Strawberries - Qt - Quart",1,7
1506,2026-06-19,"2026-06-17","Toffee - Package",1,7.5
1506,2026-06-19,"2026-06-17","Extra Credit - Each",53,1.06
1506,2026-06-19,"2026-06-17","UCA/KWA",1,79.79
959,2026-06-19,"2026-06-17","Pepitas - Oz.",1,7.75
959,2026-06-19,"2026-06-17","Mothership Pickup Time (3.0 @4:30-5) - @4:30-5",1,0
959,2026-06-19,"2026-06-17","Carrots no tops - Lb.",1,6
959,2026-06-19,"2026-06-17","Eggs - Dozen",1,6.5
959,2026-06-19,"2026-06-17","Sourdough Bread - Frozen - Lb.",1,6.75
959,2026-06-19,"2026-06-17","Yogurt - Plain - Oz.",1,7.1
959,2026-06-19,"2026-06-17","FSA/FSD",1,79.79
883,2026-06-19,"2026-06-17","Bacon - Each",1,13.5
883,2026-06-19,"2026-06-17","Broccolini - Bag",1,6
883,2026-06-19,"2026-06-17","Garlic - Head - Head",1,1.8
883,2026-06-19,"2026-06-17","Mushrooms - Choice",1,8
883,2026-06-19,"2026-06-17","Extra Credit - Each",5.8,1.06
883,2026-06-19,"2026-06-17","Mini",1,53.2
712,2026-06-19,"2026-06-17","Cucumbers - Pickling - Bag",1,3.5
712,2026-06-19,"2026-06-17","$ for green bags donation - $",1,1
712,2026-06-19,"2026-06-17","Food for Ferals Donation - $",1,1
712,2026-06-19,"2026-06-17","Beans - Green - Bag",2,4.25
712,2026-06-19,"2026-06-17","Broccolini - Bag",1,6
712,2026-06-19,"2026-06-17","Chevre PF - Choice",1,8.5
712,2026-06-19,"2026-06-17","Eggs - Dozen",2,6.5
712,2026-06-19,"2026-06-17","Garlic - Head - Head",1,1.8
712,2026-06-19,"2026-06-17","Ground Beef - D&M - Lb.",1,10.5
712,2026-06-19,"2026-06-17","Hoagie - Wednesday - Each",1,3.5
712,2026-06-19,"2026-06-17","Kale - Lacinato/Dinosaur - Bag",1,5
712,2026-06-19,"2026-06-17","Lettuce - Red Leaf - Bag",1,3.5
712,2026-06-19,"2026-06-17","Lettuce Mix - Bag",1,4.5
712,2026-06-19,"2026-06-17","Onions - Green - Bunch",2,3.5
712,2026-06-19,"2026-06-17","Potatoes - New - Bag",1,5.75
712,2026-06-19,"2026-06-17","Semolina - Wednesday - Loaf",1,7
712,2026-06-19,"2026-06-17","Sesame Hoagie -W - Each",1,3.8
712,2026-06-19,"2026-06-17","Skirt Steak/lbs. - Each",2,24.36
712,2026-06-19,"2026-06-17","Extra Credit - Each",109.32,1.06
712,2026-06-19,"2026-06-17","Half",1,84.79
866,2026-06-19,"2026-06-17","Carrots no tops - Lb.",1,6
866,2026-06-19,"2026-06-17","Chicken - Ground - Lb.",1,9
866,2026-06-19,"2026-06-17","Garlic - Head - Head",1,1.8
866,2026-06-19,"2026-06-17","Hoagie - Wednesday - Each",1,3.5
866,2026-06-19,"2026-06-17","Lettuce Mix - Bag",1,4.5
866,2026-06-19,"2026-06-17","Peas - Sugar Snap - Share",1,4
866,2026-06-19,"2026-06-17","Radishes - Purple Heart - Bunch",1,5.25
866,2026-06-19,"2026-06-17","Extra Credit - Each",0.8,1.06
866,2026-06-19,"2026-06-17","Half",1,84.79
756,2026-06-19,"2026-06-18","xBread Flour - Janie's - lbs",1,9
756,2026-06-19,"2026-06-18","Mothership Pickup Time (4.0 @5-5:30) - @5-5:30",1,0
756,2026-06-19,"2026-06-18","Chevre PF - Choice",1,8.5
756,2026-06-19,"2026-06-18","Eggs - Dozen",1,6.5
756,2026-06-19,"2026-06-18","Squash - Summer - Each",1,2.25
756,2026-06-19,"2026-06-18","Yogurt - Plain - Oz.",1,7.1
756,2026-06-19,"2026-06-18","Extra Credit - Each",0.1,1.06
756,2026-06-19,"2026-06-18","Half",1,84.79
1891,2026-06-19,"2026-06-18","Kirkwood Pickup Time (2.0 @1:30-2) - @1:30-2",1,0
1891,2026-06-19,"2026-06-18","Blueberries - Pint",1,7
1891,2026-06-19,"2026-06-18","Mushrooms (1.0 Oyster) - Oyster",1,8
1891,2026-06-19,"2026-06-18","Ravioli - 4-Cheese - Lb.",2,9.15
1891,2026-06-19,"2026-06-18","Strawberries - Qt - Quart",1,8.25
1891,2026-06-19,"2026-06-18","Extra Credit - Each",15.8,1.06
1891,2026-06-19,"2026-06-18","UCA/KWA",1,79.79
1196,2026-06-19,"2026-06-18","Kirkwood Pickup Time - @1-1:30",1,0
1196,2026-06-19,"2026-06-18","Bagels - Honey Buckwheat - BU - Bag",1,11
1196,2026-06-19,"2026-06-18","Blackberries - Pint",1,7
1196,2026-06-19,"2026-06-18","Eggs - Dozen",1,6.5
1196,2026-06-19,"2026-06-18","Extra Credit - Each",1,1.06
1196,2026-06-19,"2026-06-18","Mini",1,53.2
499,2026-06-19,"2026-06-18","Chevre PF - Choice",1,8.5
499,2026-06-19,"2026-06-18","Eggs - Dozen",1,6.5
499,2026-06-19,"2026-06-18","Gr. Beef Bundle DM(10-pack) - 10-pack",1,97.5
499,2026-06-19,"2026-06-18","Ground Beef - D&M - Lb.",1,10.5
499,2026-06-19,"2026-06-18","Pickles Wildcard ($7.75) - Jar",1,7.75
499,2026-06-19,"2026-06-18","Extra Credit - Each",97.5,1.06
499,2026-06-19,"2026-06-18","Half",1,84.79
192,2026-06-19,"2026-06-18","Kirkwood Pickup Time - @1-1:30",1,0
192,2026-06-19,"2026-06-18","Hamburger Buns - 4-pack",2,2.55
192,2026-06-19,"2026-06-18","Blueberries - Pint",2,7
192,2026-06-19,"2026-06-18","Curds Creamy Ranch 10 oz - Bag",1,6.75
192,2026-06-19,"2026-06-18","Eggs - Dozen",1,6.5
192,2026-06-19,"2026-06-18","Extra Credit - Each",8.85,1.06
192,2026-06-19,"2026-06-18","Mini",1,53.2
192,2026-06-19,"2026-06-18","2% MILK",2,8.85
1386,2026-06-19,"2026-06-18","Cucumbers - Pickling - Bag",1,3.5
1386,2026-06-19,"2026-06-18","Kirkwood Pickup Time - @1-1:30",1,0
1386,2026-06-19,"2026-06-18","Beans - Green - Bag",1,4.25
1386,2026-06-19,"2026-06-18","Blueberries - Pint",1,7
1386,2026-06-19,"2026-06-18","Broccoli (1.0 Head) - Head",1,4.25
1386,2026-06-19,"2026-06-18","Strawberries - Qt - Quart",1,8.25
1386,2026-06-19,"2026-06-18","Extra Credit - Each",1.5,1.06
1386,2026-06-19,"2026-06-18","UCA/KWA",1,79.79
700,2026-06-19,"2026-06-18","Chevre PF (1.0 Herb) - Herb",1,8.5
700,2026-06-19,"2026-06-18","Eggs - Dozen",1,6.5
700,2026-06-19,"2026-06-18","Ground Beef - D&M - Lb.",1,10.5
700,2026-06-19,"2026-06-18","Peas - Sugar Snap - Share",1,4
700,2026-06-19,"2026-06-18","Strawberries - Qt - Quart",1,7
700,2026-06-19,"2026-06-18","Strip Steak /lb - Pack",1,15.21
700,2026-06-19,"2026-06-18","Extra Credit - Each",18.46,1.06
700,2026-06-19,"2026-06-18","Half",1,84.79
700,2026-06-19,"2026-06-18","Whole MILK-e",2,8.85
1488,2026-06-19,"2026-06-18","Kirkwood Pickup Time - @1-1:30",1,0
1488,2026-06-19,"2026-06-18","Bagels - Raisin - Bag",1,6.75
1488,2026-06-19,"2026-06-18","Blueberries - Pint",1,7
1488,2026-06-19,"2026-06-18","Buttermilk Waffles Sourdough - Frozen - Pack",1,5
1488,2026-06-19,"2026-06-18","Strawberries - Qt - Quart",1,8.25
1488,2026-06-19,"2026-06-18","Extra Credit - Each",1.25,1.06
1488,2026-06-19,"2026-06-18","UCA/KWA",1,79.79
1488,2026-06-19,"2026-06-18","2% MILK",1,8.85
538,2026-06-19,"2026-06-18","Chicken - Ground - Lb.",1,9
538,2026-06-19,"2026-06-18","Eggs - Dozen",1,6.5
538,2026-06-19,"2026-06-18","Mushrooms - Choice",1,8
538,2026-06-19,"2026-06-18","Mini",1,53.2
287,2026-06-19,"2026-06-18","Mothership Pickup Time (1.0 @3:30-4) - @3:30-4",1,0
287,2026-06-19,"2026-06-18","Flour - Bread 5# - Lb.",1,9.8
287,2026-06-19,"2026-06-18","Lettuce Mix - Bag",1,4.5
287,2026-06-19,"2026-06-18","Maple Syrup 12 oz. - Jar",1,13
287,2026-06-19,"2026-06-18","Sourdough Bread - Frozen - Lb.",1,6.75
287,2026-06-19,"2026-06-18","Strawberries - Qt - Quart",1,7
287,2026-06-19,"2026-06-18","Extra Credit - Each",6.8,1.06
287,2026-06-19,"2026-06-18","FSA/FSD",1,79.79
1970,2026-06-19,"2026-06-18","Kirkwood Pickup Time - @1-1:30",1,0
1970,2026-06-19,"2026-06-18","Bagels - Blueberry - BU - Bag",1,11
1970,2026-06-19,"2026-06-18","Beef - Stew Meat - Pack",1,10.5
1970,2026-06-19,"2026-06-18","Eggs - Dozen",1,6.5
1970,2026-06-19,"2026-06-18","Extra Credit - Each",4.5,1.06
1970,2026-06-19,"2026-06-18","Mini",1,53.2
1671,2026-06-19,"2026-06-18","Mothership Pickup Time (5.0 @5:30-6) - @5:30-6",1,0
1671,2026-06-19,"2026-06-18","Broccolini - Bag",1,6
1671,2026-06-19,"2026-06-18","Chicken - Ground - Lb.",1,9
1671,2026-06-19,"2026-06-18","Gnocchi - Garlic Chive  - Lb.",1,6.5
1671,2026-06-19,"2026-06-18","Pork Italian Bulk - D&M - Lb.",1,8.5
1671,2026-06-19,"2026-06-18","Semolina - T - Loaf",1,7
1671,2026-06-19,"2026-06-18","Yogurt - Plain - Oz.",1,7.1
1671,2026-06-19,"2026-06-18","Extra Credit - Each",20.6,1.06
1671,2026-06-19,"2026-06-18","Mini",1,53.2
467,2026-06-19,"2026-06-18","Eggs - BW - Dozen",1,6.5
467,2026-06-19,"2026-06-18","Kirkwood Pickup Time - @1-1:30",1,0
467,2026-06-19,"2026-06-18","Beans - Green - Bag",1,4.25
467,2026-06-19,"2026-06-18","Cauliflower - hd. (1.0 Medium) - Medium",1,5
467,2026-06-19,"2026-06-18","Ghost Pepper Cheddar - Each",1,6.75
467,2026-06-19,"2026-06-18","Popcorn - McKaskle - Lb.",1,5.75
467,2026-06-19,"2026-06-18","Rice - Basmati Brown - Lb.",1,7.5
467,2026-06-19,"2026-06-18","Extra Credit - Each",12.25,1.06
467,2026-06-19,"2026-06-18","Mini",1,53.2
929,2026-06-19,"2026-06-18","Walnuts - Oz.",1,6.75
929,2026-06-19,"2026-06-18","Food Pantry Donation - $",1,1
929,2026-06-19,"2026-06-18","Beets - Red w/Tops - Bunch",3,5.25
929,2026-06-19,"2026-06-18","Blueberries - Pint",1,7
929,2026-06-19,"2026-06-18","Eggs - Dozen",1,6.5
929,2026-06-19,"2026-06-18","Garlic - Head - Head",5,1.8
929,2026-06-19,"2026-06-18","Ground Beef - D&M - Lb.",1,10.5
929,2026-06-19,"2026-06-18","Extra Credit - Each",23.25,1.06
929,2026-06-19,"2026-06-18","Half",1,68.89
31,2026-06-19,"2026-06-18","Eggs - BW - Dozen",2,6.5
31,2026-06-19,"2026-06-18","Peanut Butter MC - Tub",1,7.75
31,2026-06-19,"2026-06-18","$ for green bags donation - $",1,1
31,2026-06-19,"2026-06-18","Blackberries - Pint",1,7
31,2026-06-19,"2026-06-18","Blueberries - Pint",2,7
31,2026-06-19,"2026-06-18","Carrots no tops - Lb.",1,6
31,2026-06-19,"2026-06-18","Ground Beef - D&M - Lb.",1,10.5
31,2026-06-19,"2026-06-18","Lettuce - Red Leaf - Bag",1,3.5
31,2026-06-19,"2026-06-18","Mushrooms (1.0 King Oyster (French Horn)) - King Oyster (French Horn)",1,8
31,2026-06-19,"2026-06-18","Peas - Sugar Snap - Share",1,4
31,2026-06-19,"2026-06-18","Salmon - Fillet Pieces/LB* - Each",5,9.59
31,2026-06-19,"2026-06-18","Squash - Zucchini - Each",2,2.5
31,2026-06-19,"2026-06-18","Strawberries - Qt - Quart",2,8.25
31,2026-06-19,"2026-06-18","Tomatoes - Slicing - Bag",1,6.5
31,2026-06-19,"2026-06-18","Extra Credit - Each",145.7,1.06
31,2026-06-19,"2026-06-18","No Produce - Order Only (even wk)",1,0
31,2026-06-19,"2026-06-18","2% MILK",2,8.85
1857,2026-06-19,"2026-06-18","Mothership Pickup Time (4.0 @5-5:30) - @5-5:30",1,0
1857,2026-06-19,"2026-06-18","Blueberries - Pint",1,7
1857,2026-06-19,"2026-06-18","Chicken - Ground - Lb.",1,9
1857,2026-06-19,"2026-06-18","Croissant - PIB Frozen - 1-each",1,2.8
1857,2026-06-19,"2026-06-18","Eggs - Dozen",2,6.5
1857,2026-06-19,"2026-06-18","Hoagie - T - Each",1,3.5
1857,2026-06-19,"2026-06-18","Strawberries - Qt - Quart",1,8.25
1857,2026-06-19,"2026-06-18","Extra Credit - Each",9.3,1.06
1857,2026-06-19,"2026-06-18","FSA/FSD",1,79.79
1622,2026-06-19,"2026-06-18","Mothership Pickup Time (1.0 @3:30-4) - @3:30-4",1,0
1622,2026-06-19,"2026-06-18","Cornmeal - Oz.",1,4.75
1622,2026-06-19,"2026-06-18","Eggs - Dozen",1,6.5
1622,2026-06-19,"2026-06-18","Mushrooms - Choice",1,8
1622,2026-06-19,"2026-06-18","Rice - Basmati Brown - Lb.",1,7.5
1622,2026-06-19,"2026-06-18","Strawberries - Qt - Quart",1,7
1622,2026-06-19,"2026-06-18","Extra Credit - Each",10.25,1.06
1622,2026-06-19,"2026-06-18","Mini",1,53.2
199,2026-06-19,"2026-06-18","Mothership Pickup Time (2.0 @4-4:30) - @4-4:30",1,0
199,2026-06-19,"2026-06-18","Broccolini - Bag",1,6
199,2026-06-19,"2026-06-18","Carrots w/tops - Bunch",1,5.25
199,2026-06-19,"2026-06-18","Cucumbers - Slicing - Each",2,2
199,2026-06-19,"2026-06-18","Dark Chocolate Lolli - Each",1,1.75
199,2026-06-19,"2026-06-18","Garlic - Head - Head",2,1.8
199,2026-06-19,"2026-06-18","Kale - Lacinato/Dinosaur - Bag",1,5
199,2026-06-19,"2026-06-18","Marinara Sauce - Jar",1,8.75
199,2026-06-19,"2026-06-18","Milk Chocolate Lolli - Each",1,1.75
199,2026-06-19,"2026-06-18","Pasta Bi-color Short - Lb.",1,6.5
199,2026-06-19,"2026-06-18","Strawberries - Qt - Quart",1,8.25
199,2026-06-19,"2026-06-18","Tomatoes - Slicing - Bag",1,6.5
199,2026-06-19,"2026-06-18","Extra Credit - Each",24.85,1.06
199,2026-06-19,"2026-06-18","FSA/FSD",1,79.79
1383,2026-06-19,"2026-06-18","Mothership Pickup Time (1.0 @3:30-4) - @3:30-4",1,0
1383,2026-06-19,"2026-06-18","Carrots w/tops - Bunch",1,5.25
1383,2026-06-19,"2026-06-18","Chevre PF - Choice",1,8.5
1383,2026-06-19,"2026-06-18","Chicken - Breakfast Links - Each",1,10.5
1383,2026-06-19,"2026-06-18","Cinnamon Rolls - Frozen - Pack",1,6.75
1383,2026-06-19,"2026-06-18","Eggs - Dozen",1,6.5
1383,2026-06-19,"2026-06-18","Hoagie - PIB - 6-pack",1,4.5
1383,2026-06-19,"2026-06-18","Pickles Wildcard ($7.75) - Jar",1,7.75
1383,2026-06-19,"2026-06-18","Pork Breakfast Link D&M - Pack",1,8
1383,2026-06-19,"2026-06-18","Pork Breakfast Patties D&M - Pack",1,8.5
1383,2026-06-19,"2026-06-18","Extra Credit - Each",33,1.06
1383,2026-06-19,"2026-06-18","Half",1,84.79
670,2026-06-19,"2026-06-18","Mothership Pickup Time (1.0 @3:30-4) - @3:30-4",1,0
670,2026-06-19,"2026-06-18","Blueberries - Pint",1,7
670,2026-06-19,"2026-06-18","Dark Chocolate Bon Bons - Pack",1,12
670,2026-06-19,"2026-06-18","Dark Chocolate Fudge Sauce  - Jar",1,16
670,2026-06-19,"2026-06-18","Dark Chocolate Salted Bark - Pack",1,7.5
670,2026-06-19,"2026-06-18","Eggs - Dozen",1,6.5
670,2026-06-19,"2026-06-18","Sesame Hoagie - T - Each",1,3.8
670,2026-06-19,"2026-06-18","Strawberries - Qt - Quart",1,8.25
670,2026-06-19,"2026-06-18","Tomatoes - Slicing - Bag",1,6.5
670,2026-06-19,"2026-06-18","Yogurt - Plain - Oz.",1,7.1
670,2026-06-19,"2026-06-18","Extra Credit - Each",51.15,1.06
670,2026-06-19,"2026-06-18","Mini",1,53.2
670,2026-06-19,"2026-06-18","(BYO) FSG - Orders Only",1,0
11,2026-06-19,"2026-06-18","Eggs - Dozen",1,6.5
11,2026-06-19,"2026-06-18","Maple Syrup 12 oz. - Jar",1,13
11,2026-06-19,"2026-06-18","Pork - Breakfast Bulk ($8) - Pack",1,8
11,2026-06-19,"2026-06-18","Sourdough Bread - Frozen - Lb.",1,6.75
11,2026-06-19,"2026-06-18","FSA/FSD",1,79.79
83,2026-06-19,"2026-06-18","Mothership Pickup Time (1.0 @3:30-4) - @3:30-4",1,0
83,2026-06-19,"2026-06-18","Blackberries - Pint",1,7
83,2026-06-19,"2026-06-18","Cauliflower - hd. (1.0 Medium) - Medium",1,5
83,2026-06-19,"2026-06-18","Cinnamon Rolls - Frozen - Pack",1,4.5
83,2026-06-19,"2026-06-18","Eggs - Dozen",2,6.5
83,2026-06-19,"2026-06-18","Granola Bar - Each",1,3.8
83,2026-06-19,"2026-06-18","Strawberries - Qt - Quart",1,8.25
83,2026-06-19,"2026-06-18","Extra Credit - Each",8.3,1.06
83,2026-06-19,"2026-06-18","Half",1,84.79
473,2026-06-19,"2026-06-18","Stringbean Red Eye  - Oz.",1,16
473,2026-06-19,"2026-06-18","Kirkwood Pickup Time (1.0 PORCH) - PORCH",1,0
473,2026-06-19,"2026-06-18","Blackberries - Pint",1,7
473,2026-06-19,"2026-06-18","Blueberries - Pint",1,7
473,2026-06-19,"2026-06-18","Chevre PF - Choice",1,8.5
473,2026-06-19,"2026-06-18","Croissant - PIB Frozen - 1-each",4,2.8
473,2026-06-19,"2026-06-18","Eggs - Dozen",1,6.5
473,2026-06-19,"2026-06-18","Janie's Bread - Thursday - Each",1,7
473,2026-06-19,"2026-06-18","Pasta Long Bi-color - Lb.",1,6.5
473,2026-06-19,"2026-06-18","Pink Sauce - Oz.",1,8.75
473,2026-06-19,"2026-06-18","Raviolini - Four Cheese - Lb.",1,9.15
473,2026-06-19,"2026-06-18","Strawberries - Qt - Quart",1,8.25
473,2026-06-19,"2026-06-18","Extra Credit - Each",62.6,1.06
473,2026-06-19,"2026-06-18","Half",1,68.89
471,2026-06-19,"2026-06-18","Eggs - Dozen",1,6.5
471,2026-06-19,"2026-06-18","Maple Syrup 12 oz. - Jar",1,13
471,2026-06-19,"2026-06-18","Pork - Breakfast Bulk ($8) - Pack",1,8
471,2026-06-19,"2026-06-18","Sourdough Bread - Frozen - Lb.",1,6.75
471,2026-06-19,"2026-06-18","FSA/FSD",1,79.79
1593,2026-06-19,"2026-06-18","Mothership Pickup Time (4.0 @5-5:30) - @5-5:30",1,0
1593,2026-06-19,"2026-06-18","$ for green bags donation - $",1,1
1593,2026-06-19,"2026-06-18","Garlic - Head - Head",2,1.8
1593,2026-06-19,"2026-06-18","Mushrooms (1.0 Maitake (Hen of the Woods)) - Maitake (Hen of the Woods)",1,8
1593,2026-06-19,"2026-06-18","Sesame Hoagie - T - Each",1,3.8
1593,2026-06-19,"2026-06-18","Strawberries - Qt - Quart",1,7
1593,2026-06-19,"2026-06-18","Mini",1,53.2
1839,2026-06-19,"2026-06-18","Half & Half - Pint",2,4.75
1839,2026-06-19,"2026-06-18","Mothership Pickup Time (1.0 @3:30-4) - @3:30-4",1,0
1839,2026-06-19,"2026-06-18","Blackberries - Pint",1,7
1839,2026-06-19,"2026-06-18","Cannolis - 2-pack",1,8.5
1839,2026-06-19,"2026-06-18","Carrots w/tops - Bunch",1,5.25
1839,2026-06-19,"2026-06-18","Cinnamon Rolls - Pack",1,6.75
1839,2026-06-19,"2026-06-18","Eggs - Dozen",1,6.5
1839,2026-06-19,"2026-06-18","Garlic - Head - Head",1,1.8
1839,2026-06-19,"2026-06-18","Strawberries - Qt - Quart",1,8.25
1839,2026-06-19,"2026-06-18","Extra Credit - Each",20.3,1.06
1839,2026-06-19,"2026-06-18","Half",1,84.79
875,2026-06-19,"2026-06-18","Mothership Pickup Time (4.0 @5-5:30) - @5-5:30",1,0
875,2026-06-19,"2026-06-18","Chevre PF - Choice",1,8.5
875,2026-06-19,"2026-06-18","Eggs - Dozen",1,6.5
875,2026-06-19,"2026-06-18","Ground Beef - D&M - Lb.",1,10.5
875,2026-06-19,"2026-06-18","Pickles Wildcard ($7.75) - Jar",1,7.75
875,2026-06-19,"2026-06-18","Half",1,84.79
761,2026-06-19,"2026-06-18","Mothership Pickup Time (1.0 @3:30-4) - @3:30-4",1,0
761,2026-06-19,"2026-06-18","Bagels - Honey Buckwheat - BU - Bag",1,11
761,2026-06-19,"2026-06-18","Janie's Bread - Thursday - Each",1,7
761,2026-06-19,"2026-06-18","Maple Syrup 12 oz. - Jar",1,13
761,2026-06-19,"2026-06-18","Squash - Zucchini - Each",2,2.5
761,2026-06-19,"2026-06-18","Extra Credit - Each",1.75,1.06
761,2026-06-19,"2026-06-18","FSA/FSD",1,79.79
308,2026-06-19,"2026-06-18","Mothership Pickup Time (2.0 @4-4:30) - @4-4:30",1,0
308,2026-06-19,"2026-06-18","Carrots w/tops - Bunch",1,5.25
308,2026-06-19,"2026-06-18","Garlic - Head - Head",2,1.8
308,2026-06-19,"2026-06-18","Hand Pie: Veggie Samosa - Bag",1,10.5
308,2026-06-19,"2026-06-18","Lettuce Mix - Bag",1,4.5
308,2026-06-19,"2026-06-18","Sparkling Tea - Ginger Roselle - 4-pack",1,11.25
308,2026-06-19,"2026-06-18","Extra Credit - Each",1.85,1.06
308,2026-06-19,"2026-06-18","Half",1,84.79
540,2026-06-19,"2026-06-18","Kirkwood Pickup Time - @1-1:30",1,0
540,2026-06-19,"2026-06-18","Bagels - Sesame Seed - BU - Bag",1,11
540,2026-06-19,"2026-06-18","Blackberries - Pint",1,7
540,2026-06-19,"2026-06-18","Fresh Herb - Mint - 1-each",1,4
540,2026-06-19,"2026-06-18","Milk Chocolate Bar - Pack",1,3
540,2026-06-19,"2026-06-18","Strawberries - Qt - Quart",1,8.25
540,2026-06-19,"2026-06-18","Half",1,68.89
1476,2026-06-19,"2026-06-18","Kirkwood Pickup Time - @1-1:30",1,0
1476,2026-06-19,"2026-06-18","Beans - Green - Bag",1,4.25
1476,2026-06-19,"2026-06-18","Blueberries - Pint",1,7
1476,2026-06-19,"2026-06-18","Cucumbers - Slicing - Each",1,2
1476,2026-06-19,"2026-06-18","Hoagie - T - Each",1,3.5
1476,2026-06-19,"2026-06-18","Kohlrabi  - Head",1,1
1476,2026-06-19,"2026-06-18","Onions - Sweet Bunch - Bunch",1,3.75
1476,2026-06-19,"2026-06-18","Potatoes - New - Bag",2,5.75
1476,2026-06-19,"2026-06-18","Radishes - Bunch - Bunch",1,3.5
1476,2026-06-19,"2026-06-18","Tomatoes - Slicing - Bag",1,6.5
1476,2026-06-19,"2026-06-18","Extra Credit - Each",19.5,1.06
1476,2026-06-19,"2026-06-18","Mini",1,53.2
502,2026-06-19,"2026-06-18","Cucumbers - Pickling - Bag",1,3.5
502,2026-06-19,"2026-06-18","Mothership Pickup Time (4.0 @5-5:30) - @5-5:30",1,0
502,2026-06-19,"2026-06-18","Beans - Green - Bag",1,4.25
502,2026-06-19,"2026-06-18","Cabbage - Green (1.0 Medium) - Medium",1,4.25
502,2026-06-19,"2026-06-18","Cannolis - 2-pack",1,8.5
502,2026-06-19,"2026-06-18","Eggs - Dozen",1,6.5
502,2026-06-19,"2026-06-18","Ground Beef - D&M - Lb.",1,10.5
502,2026-06-19,"2026-06-18","Hoagie - T - Each",1,3.5
502,2026-06-19,"2026-06-18","Squash - Zucchini - Each",1,2.5
502,2026-06-19,"2026-06-18","Extra Credit - Each",9.25,1.06
502,2026-06-19,"2026-06-18","FSA/FSD",1,79.79
433,2026-06-19,"2026-06-18","Eggs - Dozen",1,6.5
433,2026-06-19,"2026-06-18","Maple Syrup 12 oz. - Jar",1,13
433,2026-06-19,"2026-06-18","Pork - Breakfast Bulk ($8) - Pack",1,8
433,2026-06-19,"2026-06-18","Sourdough Bread - Frozen - Lb.",1,6.75
433,2026-06-19,"2026-06-18","FSA/FSD",1,79.79
549,2026-06-19,"2026-06-18","Mothership Pickup Time (6.0 @6-6:30) - @6-6:30",1,0
549,2026-06-19,"2026-06-18","Chicken Thighs - Boneless/lb. - lbs",2,13.39
549,2026-06-19,"2026-06-18","Jar Tomatoes - Quart",1,7.75
549,2026-06-19,"2026-06-18","Pork - Breakfast Bulk ($8) - Pack",1,8
549,2026-06-19,"2026-06-18","Extra Credit - Each",8.28,1.06
549,2026-06-19,"2026-06-18","FSA/FSD",1,79.79
401,2026-06-19,"2026-06-18","Mothership Pickup Time (1.0 @3:30-4) - @3:30-4",1,0
401,2026-06-19,"2026-06-18","Blackberries - Pint",1,7
401,2026-06-19,"2026-06-18","Blueberries - Pint",1,7
401,2026-06-19,"2026-06-18","Cucumbers - Slicing - Each",2,2
401,2026-06-19,"2026-06-18","Garlic - Head - Head",1,1.8
401,2026-06-19,"2026-06-18","Onions - Sweet Bunch - Bunch",1,3.75
401,2026-06-19,"2026-06-18","Tomatoes - Slicing - Bag",1,6.5
401,2026-06-19,"2026-06-18","Extra Credit - Each",6.55,1.06
401,2026-06-19,"2026-06-18","Mini",1,53.2
22,2026-06-19,"2026-06-18","Mothership Pickup Time (1.0 @3:30-4) - @3:30-4",1,0
22,2026-06-19,"2026-06-18","Chevre PF (1.0 Plain) - Plain",1,8.5
22,2026-06-19,"2026-06-18","Eggs - Dozen",1,6.5
22,2026-06-19,"2026-06-18","Ground Beef - D&M - Lb.",1,10.5
22,2026-06-19,"2026-06-18","Thick Cut Dill Pickles - Quart",1,7.75
22,2026-06-19,"2026-06-18","Half",1,84.79
22,2026-06-19,"2026-06-18","Creamline MILK-e",1,8.49
452,2026-06-19,"2026-06-18","Kirkwood Pickup Time (2.0 @1:30-2) - @1:30-2",1,0
452,2026-06-19,"2026-06-18","Chicken - Ground - Lb.",1,9
452,2026-06-19,"2026-06-18","Cucumbers - Slicing - Each",1,2
452,2026-06-19,"2026-06-18","Eggs - Dozen",1,6.5
452,2026-06-19,"2026-06-18","Garlic Scapes - Bag",1,4
452,2026-06-19,"2026-06-18","Mushrooms - Choice",1,8
452,2026-06-19,"2026-06-18","Peas - Shelling  - Oz.",1,4.25
452,2026-06-19,"2026-06-18","Peas - Sugar Snap - Share",1,4
452,2026-06-19,"2026-06-18","Strawberries - Qt - Quart",1,8.25
452,2026-06-19,"2026-06-18","Extra Credit - Each",22.5,1.06
452,2026-06-19,"2026-06-18","Mini",1,53.2
807,2026-06-19,"2026-06-18","Hoagie - PIB - 6-pack",1,6.75
807,2026-06-19,"2026-06-18","Mustard - Choice",1,6.5
807,2026-06-19,"2026-06-18","Pork - Bratwurst  - Pack",2,8.5
807,2026-06-19,"2026-06-18","Yogurt - Plain - Oz.",1,7.1
807,2026-06-19,"2026-06-18","Extra Credit - Each",9.1,1.06
807,2026-06-19,"2026-06-18","UCA/KWA",1,79.79
807,2026-06-19,"2026-06-18","2% MILK",1,8.85
1717,2026-06-19,"2026-06-18","Chicken - Breakfast - Pack",1,10.5
1717,2026-06-19,"2026-06-18","Eggs - Dozen",1,6.5
1717,2026-06-19,"2026-06-18","Ground Beef - D&M - Lb.",1,10.5
1717,2026-06-19,"2026-06-18","Raviolini - Four Cheese - Lb.",1,9.15
1717,2026-06-19,"2026-06-18","Extra Credit - Each",3.4,1.06
1717,2026-06-19,"2026-06-18","Half",1,84.79
1419,2026-06-19,"2026-06-18","Kirkwood Pickup Time (2.0 @1:30-2) - @1:30-2",1,0
1419,2026-06-19,"2026-06-18","Chicken Thighs - Boneless/lb. - lbs",1,10.15
1419,2026-06-19,"2026-06-18","Honey - Pint - Jar",1,11.5
1419,2026-06-19,"2026-06-18","RL Chocolate Milk - Bottle",1,2.75
1419,2026-06-19,"2026-06-18","Semolina - T - Loaf",1,7
1419,2026-06-19,"2026-06-18","Sesame Hoagie - T - Each",1,3.8
1419,2026-06-19,"2026-06-18","Extra Credit - Each",1.95,1.06
1419,2026-06-19,"2026-06-18","Half",1,84.79
1941,2026-06-19,"2026-06-18","Mothership Pickup Time (3.0 @4:30-5) - @4:30-5",1,0
1941,2026-06-19,"2026-06-18","Blackberries - Pint",1,7
1941,2026-06-19,"2026-06-18","Chicken Breasts /lb. - Pack",1,8.5
1941,2026-06-19,"2026-06-18","Strawberries - Qt - Quart",1,8.25
1941,2026-06-19,"2026-06-18","Extra Credit - Each",0.25,1.06
1941,2026-06-19,"2026-06-18","Mini",1,53.2
293,2026-06-19,"2026-06-18","Mothership Pickup Time (6.0 @6-6:30) - @6-6:30",1,0
293,2026-06-19,"2026-06-18","Beans - Green - Bag",1,4.25
293,2026-06-19,"2026-06-18","Blueberries - Pint",2,7
293,2026-06-19,"2026-06-18","Chicken - Ground - Lb.",1,9
293,2026-06-19,"2026-06-18","Cucumbers - Slicing - Each",1,2
293,2026-06-19,"2026-06-18","Eggs - Dozen",1,6.5
293,2026-06-19,"2026-06-18","Pork - Breakfast Bulk ($8) - Pack",1,8
293,2026-06-19,"2026-06-18","Tomatoes - Slicing - Bag",1,6.5
293,2026-06-19,"2026-06-18","Extra Credit - Each",16,1.06
293,2026-06-19,"2026-06-18","FSA/FSD",1,79.79
1149,2026-06-19,"2026-06-18","Cheddar - White MJC - Package",1,7.5
1149,2026-06-19,"2026-06-18","Mothership Pickup Time (1.0 @3:30-4) - @3:30-4",1,0
1149,2026-06-19,"2026-06-18","Hamburger Buns - 4-pack",1,2.55
1149,2026-06-19,"2026-06-18","Carrots w/tops - Bunch",1,5.25
1149,2026-06-19,"2026-06-18","Eggs - Dozen",1,6.5
1149,2026-06-19,"2026-06-18","Onions - Sweet Bunch - Bunch",1,3.75
1149,2026-06-19,"2026-06-18","Peas - Sugar Snap - Share",1,4
1149,2026-06-19,"2026-06-18","Squash - Summer - Each",1,2.25
1149,2026-06-19,"2026-06-18","Squash - Zucchini - Each",1,2.5
1149,2026-06-19,"2026-06-18","Extra Credit - Each",1.05,1.06
1149,2026-06-19,"2026-06-18","Half",1,84.79
310,2026-06-19,"2026-06-18","Cheddar - White MJC - Package",1,7.5
310,2026-06-19,"2026-06-18","Peanut Butter EW - Pint",1,7.75
310,2026-06-19,"2026-06-18","Mothership Pickup Time (3.0 @4:30-5) - @4:30-5",1,0
310,2026-06-19,"2026-06-18","Blackberries - Pint",1,7
310,2026-06-19,"2026-06-18","Blueberries - Pint",1,7
310,2026-06-19,"2026-06-18","Cabbage - Green (1.0 Medium) - Medium",1,4.25
310,2026-06-19,"2026-06-18","Cheese - Aged Alpine - Pack",1,6.75
310,2026-06-19,"2026-06-18","Chicken Breasts /lb. - Pack",1,13.6
310,2026-06-19,"2026-06-18","Eggs - Dozen",1,6.5
310,2026-06-19,"2026-06-18","Potatoes - New - Bag",1,5.75
310,2026-06-19,"2026-06-18","Semolina - T - Loaf",1,7
310,2026-06-19,"2026-06-18","Squash - Summer - Each",1,2.25
310,2026-06-19,"2026-06-18","Strawberries - Qt - Quart",1,7
310,2026-06-19,"2026-06-18","Tomatoes - Slicing - Bag",1,6.5
310,2026-06-19,"2026-06-18","Extra Credit - Each",49.6,1.06
310,2026-06-19,"2026-06-18","FSA/FSD",1,79.79
310,2026-06-19,"2026-06-18","Skim MILK",2,8.85
1353,2026-06-19,"2026-06-18","Pizza - Sausage Pepperoni - Each",1,8.5
1353,2026-06-19,"2026-06-18","Applewood Smoked Cheddar - Each",1,6.5
1353,2026-06-19,"2026-06-18","Cinnamon Rolls - Pack",1,6.75
1353,2026-06-19,"2026-06-18","Eggs - Dozen",2,6.5
1353,2026-06-19,"2026-06-18","Granola Bar - Each",1,3.8
1353,2026-06-19,"2026-06-18","Ground Beef - D&M - Lb.",1,10.5
1353,2026-06-19,"2026-06-18","Sliced Summer Sausage - Bag",1,8.5
1353,2026-06-19,"2026-06-18","Toffee - Package",1,7.5
1353,2026-06-19,"2026-06-18","Yogurt - Vanilla - Oz.",1,7.1
1353,2026-06-19,"2026-06-18","Extra Credit - Each",38.9,1.06
1353,2026-06-19,"2026-06-18","Half",1,84.79
1353,2026-06-19,"2026-06-18","Whole MILK-e",1,8.85
634,2026-06-19,"2026-06-18","Chicken - Ground - Lb.",1,9
634,2026-06-19,"2026-06-18","Eggs - Dozen",1,6.5
634,2026-06-19,"2026-06-18","Mushrooms - Choice",1,8
634,2026-06-19,"2026-06-18","Mini",1,53.2
868,2026-06-19,"2026-06-18","Cucumbers - Pickling - Bag",1,3.5
868,2026-06-19,"2026-06-18","Kirkwood Pickup Time - @1-1:30",1,0
868,2026-06-19,"2026-06-18","Blueberries - Pint",1,7
868,2026-06-19,"2026-06-18","Chicken - Ground - Lb.",1,9
868,2026-06-19,"2026-06-18","Eggs - Dozen",1,6.5
868,2026-06-19,"2026-06-18","Garlic - Head - Head",1,1.8
868,2026-06-19,"2026-06-18","Lettuce Mix - Bag",1,4.5
868,2026-06-19,"2026-06-18","Mushrooms - Choice",1,8
868,2026-06-19,"2026-06-18","Potatoes - New - Bag",1,5.75
868,2026-06-19,"2026-06-18","Extra Credit - Each",22.55,1.06
868,2026-06-19,"2026-06-18","Mini",1,53.2
709,2026-06-19,"2026-06-18","Chicken - Big Bag Deboned Thighs/lb. - Bag",1,41.91
709,2026-06-19,"2026-06-18","Milk - Whole - Oz.",1,8.32
709,2026-06-19,"2026-06-18","Mothership Pickup Time (4.0 @5-5:30) - @5-5:30",1,0
709,2026-06-19,"2026-06-18","RL Heavy Cream  - Pint",1,7.75
709,2026-06-19,"2026-06-18","Beets - Red w/Tops - Bunch",2,5.25
709,2026-06-19,"2026-06-18","Blueberries - Pint",1,7
709,2026-06-19,"2026-06-18","Carrots w/tops - Bunch",1,5.25
709,2026-06-19,"2026-06-18","Eggs - Dozen",2,6.5
709,2026-06-19,"2026-06-18","Ground Beef - D&M - Lb.",2,10.5
709,2026-06-19,"2026-06-18","Extra Credit - Each",80.48,1.06
709,2026-06-19,"2026-06-18","FSA/FSD",1,79.79
709,2026-06-19,"2026-06-18","Whole MILK",0,8.85
1652,2026-06-19,"2026-06-18","Chicken - Ground - Lb.",1,9
1652,2026-06-19,"2026-06-18","Eggs - Dozen",1,6.5
1652,2026-06-19,"2026-06-18","Mushrooms - Choice",1,8
1652,2026-06-19,"2026-06-18","Mini",1,53.2
1431,2026-06-19,"2026-06-18","Bagels - Pumpernickel - BU - Bag",1,11
1431,2026-06-19,"2026-06-18","Chicken - Ground - Lb.",1,9
1431,2026-06-19,"2026-06-18","Eggs - Dozen",1,6.5
1431,2026-06-19,"2026-06-18","Mushrooms - Choice",1,8
1431,2026-06-19,"2026-06-18","Extra Credit - Each",11,1.06
1431,2026-06-19,"2026-06-18","Mini",1,53.2
246,2026-06-19,"2026-06-18","Kirkwood Pickup Time - @1-1:30",1,0
246,2026-06-19,"2026-06-18","Cucumbers - Slicing - Each",2,2
246,2026-06-19,"2026-06-18","Eggs - Duck 1/2 Dozen - Each",2,5.25
246,2026-06-19,"2026-06-18","Garlic - Head - Head",1,1.8
246,2026-06-19,"2026-06-18","Soy Sauce - Mushroom - Bottle",1,7.5
246,2026-06-19,"2026-06-18","Extra Credit - Each",0.3,1.06
246,2026-06-19,"2026-06-18","Mini",1,53.2
246,2026-06-19,"2026-06-18","RL Chocolate Milk",3,2.93
963,2026-06-19,"2026-06-18","Mothership Pickup Time (1.0 @3:30-4) - @3:30-4",1,0
963,2026-06-19,"2026-06-18","Blueberries - Pint",1,7
963,2026-06-19,"2026-06-18","Eggs - Dozen",1,6.5
963,2026-06-19,"2026-06-18","Hummus - Beet & Pepita - Tub",1,6.75
963,2026-06-19,"2026-06-18","Louise's Cocoa Brownie Crisp Granola - Bag",1,11.15
963,2026-06-19,"2026-06-18","Pork - Breakfast Bulk ($8) - Pack",1,8
963,2026-06-19,"2026-06-18","Extra Credit - Each",5.15,1.06
963,2026-06-19,"2026-06-18","FSA/FSD",1,79.79
657,2026-06-19,"2026-06-18","Mothership Pickup Time (3.0 @4:30-5) - @4:30-5",1,0
657,2026-06-19,"2026-06-18","Chevre PF - Choice",1,8.5
657,2026-06-19,"2026-06-18","Eggs - Dozen",2,6.5
657,2026-06-19,"2026-06-18","English Muffin Sourdough - Frozen - Pack",1,5
657,2026-06-19,"2026-06-18","Ground Beef - D&M - Lb.",1,10.5
657,2026-06-19,"2026-06-18","Pickles Wildcard ($7.75) - Jar",1,7.75
657,2026-06-19,"2026-06-18","Pizza Sourdough - Frozen - Pack",1,5
657,2026-06-19,"2026-06-18","Sourdough Bread - Lb.",1,6.75
657,2026-06-19,"2026-06-18","Extra Credit - Each",23.25,1.06
657,2026-06-19,"2026-06-18","Half",1,84.79
928,2026-06-19,"2026-06-18","Bagels - Plain - Bag",1,6.75
928,2026-06-19,"2026-06-18","Eggs - Dozen",1,6.5
928,2026-06-19,"2026-06-18","Hand Pie: Cheesy Potato - Bag",1,10.5
928,2026-06-19,"2026-06-18","Hand Pie: Veggie Samosa - Bag",1,10.5
928,2026-06-19,"2026-06-18","Pork - Breakfast Bulk ($8) - Pack",1,8
928,2026-06-19,"2026-06-18","Sourdough Bread - Frozen - Lb.",1,6.75
928,2026-06-19,"2026-06-18","Sweet Dill Pickles - Quart",1,7.75
928,2026-06-19,"2026-06-18","Yogurt - Blueberry - Oz.",1,7.1
928,2026-06-19,"2026-06-18","Extra Credit - Each",29.6,1.06
928,2026-06-19,"2026-06-18","FSA/FSD",1,79.79
1570,2026-06-19,"2026-06-18","Kirkwood Pickup Time (1.0 PORCH) - PORCH",1,0
1570,2026-06-19,"2026-06-18","Blackberries - Pint",1,7
1570,2026-06-19,"2026-06-18","Eggs - Dozen",1,6.5
1570,2026-06-19,"2026-06-18","Extra Credit - Each",13.5,1.06
1570,2026-06-19,"2026-06-18","No Produce - Order Only (even wk)",1,0
2001,2026-06-19,"2026-06-18","Eggs - Dozen",1,6.5
2001,2026-06-19,"2026-06-18","Maple Syrup 12 oz. - Jar",1,13
2001,2026-06-19,"2026-06-18","Pork - Breakfast Bulk ($8) - Pack",1,8
2001,2026-06-19,"2026-06-18","Sourdough Bread - Frozen - Lb.",1,6.75
1900,2026-06-19,"2026-06-18","Mothership Pickup Time (1.0 @3:30-4) - @3:30-4",1,0
1900,2026-06-19,"2026-06-18","$ for green bags donation - $",1,1
1900,2026-06-19,"2026-06-18","Cooler Repair Donation - $",1,1
1900,2026-06-19,"2026-06-18","Blackberries - Pint",1,7
1900,2026-06-19,"2026-06-18","Blueberries - Pint",1,7
1900,2026-06-19,"2026-06-18","Cucumbers - Slicing - Each",1,2
1900,2026-06-19,"2026-06-18","Eggs - Dozen",1,6.5
1900,2026-06-19,"2026-06-18","Garlic - Head - Head",1,1.8
1900,2026-06-19,"2026-06-18","Multigrain Bread - Frozen - Loaf",1,6.75
1900,2026-06-19,"2026-06-18","Mushrooms - Choice",1,8
1900,2026-06-19,"2026-06-18","Onions - Green - Bunch",1,3.5
1900,2026-06-19,"2026-06-18","Pork - Ground  - Lb.",1,7.5
1900,2026-06-19,"2026-06-18","Pork - Tenderloin/lb - Lb.",1,15
1900,2026-06-19,"2026-06-18","Potatoes - New - Bag",1,5.75
1900,2026-06-19,"2026-06-18","Salmon - Fillet Pieces/LB* - Each",3,9.56
1900,2026-06-19,"2026-06-18","Extra Credit - Each",77.98,1.06
1900,2026-06-19,"2026-06-18","Mini",1,53.2
1900,2026-06-19,"2026-06-18","Whole MILK-e",1,8.85
1236,2026-06-19,"2026-06-18","Dark Bar 72% - Package",1,3
1236,2026-06-19,"2026-06-18","Eggs - Dozen",1,6.5
1236,2026-06-19,"2026-06-18","Maple Syrup 12 oz. - Jar",1,13
1236,2026-06-19,"2026-06-18","Pork - Breakfast Bulk ($8) - Pack",1,8
1236,2026-06-19,"2026-06-18","Sourdough Bread - Frozen - Lb.",1,6.75
1236,2026-06-19,"2026-06-18","Extra Credit - Each",3,1.06
1236,2026-06-19,"2026-06-18","FSA/FSD",1,79.79
1725,2026-06-19,"2026-06-18","Milk - Whole - Oz.",1,8.32
1725,2026-06-19,"2026-06-18","Eggs - BW - Dozen",2,6.5
1725,2026-06-19,"2026-06-18","Kirkwood Pickup Time (1.0 PORCH) - PORCH",1,0
1725,2026-06-19,"2026-06-18","Blackberries - Pint",1,7
1725,2026-06-19,"2026-06-18","Chicken - Ground - Lb.",1,9
1725,2026-06-19,"2026-06-18","Hoagie - T - Each",1,3.5
1725,2026-06-19,"2026-06-18","Sesame Hoagie - T - Each",1,3.8
1725,2026-06-19,"2026-06-18","Extra Credit - Each",21.12,1.06
1725,2026-06-19,"2026-06-18","Mini",1,53.2
364,2026-06-19,"2026-06-18","Mothership Pickup Time - @6:30-7",1,0
364,2026-06-19,"2026-06-18","Bagels - Blueberry - BU - Bag",1,11
364,2026-06-19,"2026-06-18","Blackberries - Pint",1,7
364,2026-06-19,"2026-06-18","Eggs - Dozen",1,6.5
364,2026-06-19,"2026-06-18","Hoagie - T - Each",1,3.5
364,2026-06-19,"2026-06-18","Oat Porridge Bread - T - Each",1,9
364,2026-06-19,"2026-06-18","Sourdough Bread - Frozen - Lb.",1,6.75
364,2026-06-19,"2026-06-18","Extra Credit - Each",9.5,1.06
364,2026-06-19,"2026-06-18","FSA/FSD",1,79.79
1873,2026-06-19,"2026-06-18","Mothership Pickup Time (3.0 @4:30-5) - @4:30-5",1,0
1873,2026-06-19,"2026-06-18","Bacon - Each",1,13.5
1873,2026-06-19,"2026-06-18","Eggs - Dozen",1,6.5
1873,2026-06-19,"2026-06-18","Mushrooms - Choice",1,8
1873,2026-06-19,"2026-06-18","Strawberries - Qt - Quart",1,8.25
1873,2026-06-19,"2026-06-18","Extra Credit - Each",12.75,1.06
1873,2026-06-19,"2026-06-18","Mini",1,53.2
1453,2026-06-19,"2026-06-18","Chicken Breasts /lb. - Pack",1,12.07
1453,2026-06-19,"2026-06-18","Cucumbers - Slicing - Each",1,2
1453,2026-06-19,"2026-06-18","Eggs - Dozen",1,6.5
1453,2026-06-19,"2026-06-18","Lettuce Mix - Bag",1,4.5
1453,2026-06-19,"2026-06-18","Pork Snack Sticks - 5 pk (1.0 Spicy) - Spicy",1,10.3
1453,2026-06-19,"2026-06-18","Squash - Summer - Each",1,2.25
1453,2026-06-19,"2026-06-18","Extra Credit - Each",11.62,1.06
1453,2026-06-19,"2026-06-18","Mini",1,53.2
1453,2026-06-19,"2026-06-18","Whole MILK",1,8.85
1746,2026-06-19,"2026-06-18","Stringbean Disco Inferno - Oz.",1,16
1746,2026-06-19,"2026-06-18","Kirkwood Pickup Time - @1-1:30",1,0
1746,2026-06-19,"2026-06-18","Blueberries - Pint",1,7
1746,2026-06-19,"2026-06-18","Wildcard $4 - Each",1,4
1746,2026-06-19,"2026-06-18","Extra Credit - Each",1.25,1.06
1746,2026-06-19,"2026-06-18","UCA/KWA",1,79.79
876,2026-06-19,"2026-06-18","Eggs - Dozen",1,6.5
876,2026-06-19,"2026-06-18","Maple Syrup 12 oz. - Jar",1,13
876,2026-06-19,"2026-06-18","Pork - Breakfast Bulk ($8) - Pack",1,8
876,2026-06-19,"2026-06-18","Pork Shoulder Small/lb. - Pack",1,54.8
876,2026-06-19,"2026-06-18","Sourdough Bread - Frozen - Lb.",1,6.75
876,2026-06-19,"2026-06-18","Extra Credit - Each",54.8,1.06
876,2026-06-19,"2026-06-18","FSA/FSD",1,79.79
636,2026-06-19,"2026-06-18","Cheddar - White MJC - Package",1,7.5
636,2026-06-19,"2026-06-18","Bagels - Raisin - Bag",1,6.75
636,2026-06-19,"2026-06-18","Ground Beef - D&M - Lb.",1,10.5
636,2026-06-19,"2026-06-18","Pork - Breakfast Bulk ($8) - Pack",1,8
636,2026-06-19,"2026-06-18","FSA/FSD",1,79.79
636,2026-06-19,"2026-06-18","Whole MILK",1,8.85
250,2026-06-19,"2026-06-18","Chicken - Big Bag Deboned Thighs/lb. - Bag",1,41.91
250,2026-06-19,"2026-06-18","Mothership Pickup Time (3.0 @4:30-5) - @4:30-5",1,0
250,2026-06-19,"2026-06-18","Pork Chop Bone-in /lb. - Lb.",1,22.39
250,2026-06-19,"2026-06-18","Eggs - Dozen",1,6.5
250,2026-06-19,"2026-06-18","Garlic - Head - Head",1,1.8
250,2026-06-19,"2026-06-18","Peas - Sugar Snap - Share",1,4
250,2026-06-19,"2026-06-18","Extra Credit - Each",42.35,1.06
250,2026-06-19,"2026-06-18","FSA/FSD",1,79.79
725,2026-06-19,"2026-06-18","Ground Turkey - Pack",1,9
725,2026-06-19,"2026-06-18","Ground Beef - D&M - Lb.",1,10.5
725,2026-06-19,"2026-06-18","Pork - Ground  - Lb.",1,7.5
725,2026-06-19,"2026-06-18","Pork Italian Bulk - D&M - Lb.",1,8.5
725,2026-06-19,"2026-06-18","Extra Credit - Each",2.25,1.06
725,2026-06-19,"2026-06-18","Half",1,84.79
133,2026-06-19,"2026-06-18","Chicken Thighs - Boneless/lb. - lbs",3,11.73
133,2026-06-19,"2026-06-18","Eggs - Dozen",1,6.5
133,2026-06-19,"2026-06-18","Extra Credit - Each",18.19,1.06
133,2026-06-19,"2026-06-18","Mini",1,53.2
643,2026-06-19,"2026-06-18","Cucumbers - Pickling - Bag",1,3.5
643,2026-06-19,"2026-06-18","Pizza - Veggie  - Each",1,8.5
643,2026-06-19,"2026-06-18","Blueberries - Pint",1,7
643,2026-06-19,"2026-06-18","Cinnamon Rolls - Pack",1,6.75
643,2026-06-19,"2026-06-18","Eggs - Dozen",1,6.5
643,2026-06-19,"2026-06-18","Sourdough Bread - Lb.",1,6.75
643,2026-06-19,"2026-06-18","Squash - Zucchini - Each",1,2.5
643,2026-06-19,"2026-06-18","Extra Credit - Each",7.25,1.06
643,2026-06-19,"2026-06-18","FSA/FSD",1,79.79
1468,2026-06-19,"2026-06-18","Mothership Pickup Time (1.0 @3:30-4) - @3:30-4",1,0
1468,2026-06-19,"2026-06-18","Beef Marrow Bones /lb - Lb.",1,7.22
1468,2026-06-19,"2026-06-18","Mushrooms - Choice",1,8
1468,2026-06-19,"2026-06-18","Olive Oil Large - Bottle",1,18.5
1468,2026-06-19,"2026-06-18","Extra Credit - Each",10.22,1.06
1468,2026-06-19,"2026-06-18","Mini",1,53.2
793,2026-06-19,"2026-06-18","Cucumbers - Pickling - Bag",1,3.5
793,2026-06-19,"2026-06-18","Blackberries - Pint",1,7
793,2026-06-19,"2026-06-18","Blueberries - Pint",1,7
793,2026-06-19,"2026-06-18","Eggs - Dozen",1,6.5
793,2026-06-19,"2026-06-18","Fresh Herb - Mint - 1-each",1,4
793,2026-06-19,"2026-06-18","Light and Mild - T - Loaf",1,8.25
793,2026-06-19,"2026-06-18","Mushrooms - Choice",1,8
793,2026-06-19,"2026-06-18","Oat Porridge Bread - T - Each",1,9
793,2026-06-19,"2026-06-18","Tomatoes - Slicing - Bag",1,6.5
793,2026-06-19,"2026-06-18","Extra Credit - Each",36.25,1.06
793,2026-06-19,"2026-06-18","Mini",1,53.2
1750,2026-06-19,"2026-06-18","Chicken - Ground - Lb.",1,9
1750,2026-06-19,"2026-06-18","Eggs - Dozen",1,6.5
1750,2026-06-19,"2026-06-18","Mushrooms - Choice",1,8
1750,2026-06-19,"2026-06-18","Mini",1,53.2
652,2026-06-19,"2026-06-18","Milk - 2%  - Oz.",1,8.32
652,2026-06-19,"2026-06-18","Mothership Pickup Time (5.0 @5:30-6) - @5:30-6",1,0
652,2026-06-19,"2026-06-18","Eggs - Dozen",1,6.5
652,2026-06-19,"2026-06-18","Garlic Scapes - Bag",1,4
652,2026-06-19,"2026-06-18","Oat Porridge Bread - T - Each",1,9
652,2026-06-19,"2026-06-18","Olive Oil Large - Bottle",1,18.5
652,2026-06-19,"2026-06-18","Extra Credit - Each",13.07,1.06
652,2026-06-19,"2026-06-18","Half",1,84.79
900,2026-06-19,"2026-06-18","Beans - Green - Bag",1,4.25
900,2026-06-19,"2026-06-18","Blueberries - Pint",1,7
900,2026-06-19,"2026-06-18","Broccolini - Bag",1,6
900,2026-06-19,"2026-06-18","Eggs - Dozen",1,6.5
900,2026-06-19,"2026-06-18","Ground Beef - D&M - Lb.",1,10.5
900,2026-06-19,"2026-06-18","Lettuce - Red Leaf - Bag",1,3.5
900,2026-06-19,"2026-06-18","Potatoes - New - Bag",1,5.75
900,2026-06-19,"2026-06-18","Extra Credit - Each",4.25,1.06
900,2026-06-19,"2026-06-18","FSA/FSD",1,79.79
900,2026-06-19,"2026-06-18","Whole MILK",1,8.85
171,2026-06-19,"2026-06-18","Peanut Butter EW - Pint",1,7.75
171,2026-06-19,"2026-06-18","Mothership Pickup Time (5.0 @5:30-6) - @5:30-6",1,0
171,2026-06-19,"2026-06-18","Bagel Chips - Bag",1,9.75
171,2026-06-19,"2026-06-18","Chicken - Ground - Lb.",1,9
171,2026-06-19,"2026-06-18","Eggs - Dozen",1,6.5
171,2026-06-19,"2026-06-18","Hummus - Beet & Pepita - Tub",1,6.75
171,2026-06-19,"2026-06-18","Louise's Original Granola - Bag",1,10
171,2026-06-19,"2026-06-18","Pork Snack Sticks - 5 pk - Plain",2,10.3
171,2026-06-19,"2026-06-18","Yogurt - Blueberry - Oz.",1,7.1
171,2026-06-19,"2026-06-18","Extra Credit - Each",53.95,1.06
171,2026-06-19,"2026-06-18","Mini",1,53.2
904,2026-06-19,"2026-06-18","Milk - Whole - Oz.",1,8.32
904,2026-06-19,"2026-06-18","Mothership Pickup Time (1.0 @3:30-4) - @3:30-4",1,0
904,2026-06-19,"2026-06-18","Chicken Chorizo - Lb.",1,10.5
904,2026-06-19,"2026-06-18","Eggs - Dozen",1,6.5
904,2026-06-19,"2026-06-18","Hoagie - T - Each",1,3.5
904,2026-06-19,"2026-06-18","Peas - Sugar Snap - Share",1,4
904,2026-06-19,"2026-06-18","Half",1,84.79
1440,2026-06-19,"2026-06-18","Broccolini - Bag",1,6
1440,2026-06-19,"2026-06-18","Chevre PF - Choice",1,8.5
1440,2026-06-19,"2026-06-18","Chicken Breasts /lb. - Pack",1,11.22
1440,2026-06-19,"2026-06-18","Honey - Wildflower - Bottle",1,11.5
1440,2026-06-19,"2026-06-18","Pork Shoulder/lb. - Each",1,46.6
1440,2026-06-19,"2026-06-18","Staff - Something to ask Jamie - Oz.",1,0
1440,2026-06-19,"2026-06-18","Extra Credit - Each",50.57,1.06
1440,2026-06-19,"2026-06-18","Half",1,84.79
1683,2026-06-19,"2026-06-18","Eggs - BW - Dozen",1,6.5
1683,2026-06-19,"2026-06-18","Chicken Breasts /lb. - Pack",1,11.39
1683,2026-06-19,"2026-06-18","Flour - All Purpose 5 lb - Bag",1,8.5
1683,2026-06-19,"2026-06-18","Hoagie - PIB - 6-pack",1,6.75
1683,2026-06-19,"2026-06-18","Extra Credit - Each",7.39,1.06
1683,2026-06-19,"2026-06-18","UCA/KWA",1,79.79
