"member_id","file_date","delivery_date","item_unit","sales","price"
704,2026-05-08,"2026-04-29","Mothership Pickup Time (3.0 @4:30-5) - @4:30-5",1,0
704,2026-05-08,"2026-04-29","Black Pepper Cheddar - Each",1,6.75
704,2026-05-08,"2026-04-29","Curds Creamy Ranch 10 oz - Bag",1,6.75
704,2026-05-08,"2026-04-29","Eggs - Dozen",1,6.5
704,2026-05-08,"2026-04-29","Mushrooms - Choice",1,8.75
704,2026-05-08,"2026-04-29","Sourdough Bread - Lb.",1,6.25
704,2026-05-08,"2026-04-29","Strawberries - Qt - Quart",1,8.25
704,2026-05-08,"2026-04-29","Extra Credit - Each",0.75,1.06
704,2026-05-08,"2026-04-29","FSA/FSD",1,79.79
291,2026-05-08,"2026-04-29","Mothership Pickup Time (2.0 @4-4:30) - @4-4:30",1,0
291,2026-05-08,"2026-04-29","Bok Choy - Bag",1,5
291,2026-05-08,"2026-04-29","Light and Mild - Wednesday - Loaf",1,8.25
291,2026-05-08,"2026-04-29","Mushrooms (1.0 Shiitake) - Shiitake",1,8.75
291,2026-05-08,"2026-04-29","Radishes - Bunch - Bunch",1,3.5
291,2026-05-08,"2026-04-29","Stringbean Ethiopian - Bag",1,16
291,2026-05-08,"2026-04-29","Extra Credit - Each",8.25,1.06
291,2026-05-08,"2026-04-29","Half",1,84.79
1045,2026-05-08,"2026-04-29","Food Pantry Donation - $",1,1
1045,2026-05-08,"2026-04-29","Bagels - Everything - Bag",1,6.75
1045,2026-05-08,"2026-04-29","Chicken - Breakfast Links - Each",1,10.5
1045,2026-05-08,"2026-04-29","Marbled Rye -Wednesday - Loaf",1,8.75
1045,2026-05-08,"2026-04-29","Onions - Green - Bunch",1,3.5
1045,2026-05-08,"2026-04-29","Sesame Hoagie -W - Each",1,3.8
1045,2026-05-08,"2026-04-29","Extra Credit - Each",1.05,1.06
1045,2026-05-08,"2026-04-29","Half",1,84.79
482,2026-05-08,"2026-04-29","UCity Pickup Time - @4:30-5",1,0
482,2026-05-08,"2026-04-29","Chicken Breasts /lb. - Pack",2,11.82
482,2026-05-08,"2026-04-29","Curds Garlic Herb HBC 10 oz  - Bag",1,6.75
482,2026-05-08,"2026-04-29","Eggs - Dozen",2,6.5
482,2026-05-08,"2026-04-29","Honey - Wildflower - Bottle",1,11.5
482,2026-05-08,"2026-04-29","Janie's Bread - Wednesday - Each",1,7
482,2026-05-08,"2026-04-29","Lamb Gyro Seasoned - Lb.",1,18
482,2026-05-08,"2026-04-29","Light and Mild - Wednesday - Loaf",1,8.25
482,2026-05-08,"2026-04-29","Marinara Sauce - Jar",2,8.75
482,2026-05-08,"2026-04-29","Strawberries - Qt - Quart",1,8.25
482,2026-05-08,"2026-04-29","Extra Credit - Each",80.64,1.06
482,2026-05-08,"2026-04-29","Half",1,84.79
1983,2026-05-08,"2026-04-29","Mothership Pickup Time (1.0 @3:30-4) - @3:30-4",1,0
1983,2026-05-08,"2026-04-29","Eggs - Dozen",2,6.5
1983,2026-05-08,"2026-04-29","Lettuce Mix - Bag",1,4.5
1983,2026-05-08,"2026-04-29","Strawberries - Qt - Quart",1,8.25
1983,2026-05-08,"2026-04-29","Extra Credit - Each",1,1.06
1983,2026-05-08,"2026-04-29","Mini",1,53.2
262,2026-05-08,"2026-04-29","Chicken - BULK Breasts /lb. - Pack",1,41.42
262,2026-05-08,"2026-04-29","Milk - 2%  - Oz.",1,8.32
262,2026-05-08,"2026-04-29","UCity Pickup Time - @4:30-5",1,0
262,2026-05-08,"2026-04-29","Eggs - Dozen",2,6.5
262,2026-05-08,"2026-04-29","Mushrooms - Choice",1,8.75
262,2026-05-08,"2026-04-29","Oat Porridge Bread - Wednesday - Loaf",1,9
262,2026-05-08,"2026-04-29","Extra Credit - Each",9.24,1.06
262,2026-05-08,"2026-04-29","Half",1,68.89
1038,2026-05-08,"2026-04-29","Mothership Pickup Time (4.0 @5-5:30) - @5-5:30",1,0
1038,2026-05-08,"2026-04-29","Mushrooms (1.0 Shiitake) - Shiitake",1,8.75
1038,2026-05-08,"2026-04-29","Strawberries - Qt - Quart",1,8.25
1038,2026-05-08,"2026-04-29","Yogurt - Plain - Oz.",1,7.1
1038,2026-05-08,"2026-04-29","Mini",1,53.2
1039,2026-05-08,"2026-04-29","UCity Pickup Time (3.0 @5:30-6) - @5:30-6",1,0
1039,2026-05-08,"2026-04-29","Chicken Thighs - Boneless/lb. - lbs",2,11.38
1039,2026-05-08,"2026-04-29","Olive Oil Medium - Bottle",1,15
1039,2026-05-08,"2026-04-29","Pork - Ground  - Lb.",1,7.5
1039,2026-05-08,"2026-04-29","Semolina - Wednesday - Loaf",1,7
1039,2026-05-08,"2026-04-29","Strawberries - Qt - Quart",1,8.25
1039,2026-05-08,"2026-04-29","Extra Credit - Each",17.26,1.06
1039,2026-05-08,"2026-04-29","UCA/KWA",1,79.79
618,2026-05-08,"2026-04-29","Canned Peaches - sugar - Jar",1,13.25
618,2026-05-08,"2026-04-29","Pizza - Pepperoni  - Each",1,8
618,2026-05-08,"2026-04-29","Mothership Pickup Time (4.0 @5-5:30) - @5-5:30",1,0
618,2026-05-08,"2026-04-29","Eggs - Dozen",1,6.5
618,2026-05-08,"2026-04-29","Plant - Nasturtium - Pot",1,4.5
618,2026-05-08,"2026-04-29","Seedy Wheaty - Frozen - Loaf",1,3.75
618,2026-05-08,"2026-04-29","Strawberries - Qt - Quart",1,8.25
618,2026-05-08,"2026-04-29","Extra Credit - Each",1.75,1.06
618,2026-05-08,"2026-04-29","FSA/FSD",1,79.79
1830,2026-05-08,"2026-04-29","Olive Oil Large - Bottle",1,18.5
1830,2026-05-08,"2026-04-29","Plant - Dill - Pot",1,4.5
1830,2026-05-08,"2026-04-29","Pork - Bratwurst  - Pack",1,8.5
1830,2026-05-08,"2026-04-29","Yogurt - Plain - Oz.",1,7.1
1830,2026-05-08,"2026-04-29","Extra Credit - Each",13.85,1.06
1830,2026-05-08,"2026-04-29","Mini",1,53.2
1830,2026-05-08,"2026-04-29","2% MILK",1,8.49
732,2026-05-08,"2026-04-29","Mothership Pickup Time (2.0 @4-4:30) - @4-4:30",1,0
732,2026-05-08,"2026-04-29","Eggs - Dozen",1,6.5
732,2026-05-08,"2026-04-29","Lamb Gyro w/ Feta & Spinach - Lb.",1,18
732,2026-05-08,"2026-04-29","Mushrooms (1.0 Shiitake) - Shiitake",1,8.75
732,2026-05-08,"2026-04-29","Half",1,84.79
849,2026-05-08,"2026-04-29","UCity Pickup Time (2.0 @5-5:30) - @5-5:30",1,0
849,2026-05-08,"2026-04-29","Curds Garlic Herb HBC 10 oz  - Bag",1,6.75
849,2026-05-08,"2026-04-29","Dark Chocolate Square  - Each",1,1.75
849,2026-05-08,"2026-04-29","Pork - Bratwurst  - Pack",1,8.5
849,2026-05-08,"2026-04-29","Spicy Dill Pickles - Quart",1,7.75
849,2026-05-08,"2026-04-29","Mini",1,53.2
1203,2026-05-08,"2026-04-29","Mothership Pickup Time (2.0 @4-4:30) - @4-4:30",1,0
1203,2026-05-08,"2026-04-29","Asparagus - Bunch",1,6.5
1203,2026-05-08,"2026-04-29","Curds Applewood Smoked 10 oz - Bag",1,6.75
1203,2026-05-08,"2026-04-29","Eggs - Dozen",1,6.5
1203,2026-05-08,"2026-04-29","Mushrooms - Choice",1,8.75
1203,2026-05-08,"2026-04-29","Radishes - Purple Heart - Bunch",1,5.25
1203,2026-05-08,"2026-04-29","Shoots - Sunflower - Bag",1,4.25
1203,2026-05-08,"2026-04-29","Strawberries - Qt - Quart",1,8.25
1203,2026-05-08,"2026-04-29","Extra Credit - Each",3.75,1.06
1203,2026-05-08,"2026-04-29","FSA/FSD",1,79.79
444,2026-05-08,"2026-04-29","UCity Pickup Time - @4:30-5",1,0
444,2026-05-08,"2026-04-29","Chicken - Thighs /lbs  - lbs",2,11.64
444,2026-05-08,"2026-04-29","Pork Shoulder Small/lb. - Pack",1,38.1
444,2026-05-08,"2026-04-29","RL Chocolate Milk - Bottle",2,2.75
444,2026-05-08,"2026-04-29","Strawberries - Qt - Quart",1,8.25
444,2026-05-08,"2026-04-29","Extra Credit - Each",31.88,1.06
444,2026-05-08,"2026-04-29","UCA/KWA",1,79.79
828,2026-05-08,"2026-04-29","UCity Pickup Time - @4:30-5",1,0
828,2026-05-08,"2026-04-29","Flank Steak/lbs. - lbs",2,17.4
828,2026-05-08,"2026-04-29","Extra Credit - Each",10.05,1.06
828,2026-05-08,"2026-04-29","Mini",1,53.2
1799,2026-05-08,"2026-04-29","Pistachios - Oz.",1,14.25
1799,2026-05-08,"2026-04-29","Milk - Whole - Oz.",1,8.32
1799,2026-05-08,"2026-04-29","Pizza - Sausage Pepperoni - Each",1,8
1799,2026-05-08,"2026-04-29","Pizza - Veggie  - Each",1,8
1799,2026-05-08,"2026-04-29","Mothership Pickup Time (2.0 @4-4:30) - @4-4:30",1,0
1799,2026-05-08,"2026-04-29","RL Heavy Cream  - Pint",1,7.75
1799,2026-05-08,"2026-04-29","Asparagus - Bunch",1,6.5
1799,2026-05-08,"2026-04-29","Chicken - Ground - Lb.",1,9
1799,2026-05-08,"2026-04-29","Eggs - Dozen",2,6.5
1799,2026-05-08,"2026-04-29","Hoagie - Wednesday - Each",1,3.5
1799,2026-05-08,"2026-04-29","Mushrooms - Choice",1,8.75
1799,2026-05-08,"2026-04-29","Pizza Choice $8.50 - Each",1,8
1799,2026-05-08,"2026-04-29","Pork - Breakfast ($8) - Pack",1,8
1799,2026-05-08,"2026-04-29","Sourdough Bread - Lb.",1,6.25
1799,2026-05-08,"2026-04-29","Strawberries - Qt - Quart",1,8.25
1799,2026-05-08,"2026-04-29","Yogurt - Plain - Oz.",1,7.1
1799,2026-05-08,"2026-04-29","Extra Credit - Each",82.17,1.06
1799,2026-05-08,"2026-04-29","FSA/FSD",1,79.79
1286,2026-05-08,"2026-04-29","Mothership Pickup Time (2.0 @4-4:30) - @4-4:30",1,0
1286,2026-05-08,"2026-04-29","Chicken - Links ($10.50) - Each",1,10
1286,2026-05-08,"2026-04-29","Clean Plate Pantry Choice ($11.5) - Jar",1,11.5
1286,2026-05-08,"2026-04-29","Dark Chocolate Almond Bar - Pack",1,4.95
1286,2026-05-08,"2026-04-29","King Salmon/LB* - 1-each",1,21.27
1286,2026-05-08,"2026-04-29","Onions - Green - Bunch",1,3.5
1286,2026-05-08,"2026-04-29","Plant - Marigolds Dwarf - Pot",1,4.5
1286,2026-05-08,"2026-04-29","Plant - Nasturtium - Pot",1,4.5
1286,2026-05-08,"2026-04-29","Spinach - Bag",1,5
1286,2026-05-08,"2026-04-29","Extra Credit - Each",31.97,1.06
1286,2026-05-08,"2026-04-29","Half",1,84.79
1124,2026-05-08,"2026-04-29","Pizza - Veggie  - Each",1,8
1124,2026-05-08,"2026-04-29","Mothership Pickup Time (4.0 @5-5:30) - @5-5:30",1,0
1124,2026-05-08,"2026-04-29","Asparagus - Bunch",1,6.5
1124,2026-05-08,"2026-04-29","Eggs - Dozen",1,6.5
1124,2026-05-08,"2026-04-29","Mushrooms (1.0 Oyster) - Oyster",1,8.75
1124,2026-05-08,"2026-04-29","Semolina - Wednesday - Loaf",1,7
1124,2026-05-08,"2026-04-29","Sesame Hoagie -W - Each",1,3.8
1124,2026-05-08,"2026-04-29","Extra Credit - Each",7.3,1.06
1124,2026-05-08,"2026-04-29","Half",1,84.79
296,2026-05-08,"2026-04-29","Mothership Pickup Time (1.0 @3:30-4) - @3:30-4",1,0
296,2026-05-08,"2026-04-29","Chicken Links - Chorizo - Lb.",1,10.5
296,2026-05-08,"2026-04-29","Curry Sauce (1.0 Green) - Green",1,11.5
296,2026-05-08,"2026-04-29","FF Dish - Masala - Pint",1,15
296,2026-05-08,"2026-04-29","Mushrooms - Choice",1,8.75
296,2026-05-08,"2026-04-29","Potato Chips Kickers med - Oz.",1,3
296,2026-05-08,"2026-04-29","Extra Credit - Each",15.5,1.06
296,2026-05-08,"2026-04-29","Half",1,84.79
919,2026-05-08,"2026-04-29","Ground Turkey - Pack",1,9
919,2026-05-08,"2026-04-29","Mothership Pickup Time (1.0 @3:30-4) - @3:30-4",1,0
919,2026-05-08,"2026-04-29","Arugula - Bag",1,4.25
919,2026-05-08,"2026-04-29","Chicken - Ground - Lb.",1,9
919,2026-05-08,"2026-04-29","Dark Chocolate Square  - Each",1,1.75
919,2026-05-08,"2026-04-29","Mushrooms (1.0 Oyster) - Oyster",1,8.75
919,2026-05-08,"2026-04-29","Potato Chips Choice ($3.00) - Oz.",1,3
919,2026-05-08,"2026-04-29","Extra Credit - Each",2.5,1.06
919,2026-05-08,"2026-04-29","Half",1,84.79
1699,2026-05-08,"2026-04-29","Ground Turkey - Pack",1,9
1699,2026-05-08,"2026-04-29","UCity Pickup Time - @4:30-5",1,0
1699,2026-05-08,"2026-04-29","Eggs - Dozen",1,6.5
1699,2026-05-08,"2026-04-29","Hoagie - Wednesday - Each",1,3.5
1699,2026-05-08,"2026-04-29","Meatballs D&M - Package",1,14.5
1699,2026-05-08,"2026-04-29","Strawberries - Qt - Quart",1,8.25
1699,2026-05-08,"2026-04-29","UCA/KWA",1,79.79
1200,2026-05-08,"2026-04-29","UCity Pickup Time - @4:30-5",1,0
1200,2026-05-08,"2026-04-29","Buttermilk - Qt.  - Quart",1,6.5
1200,2026-05-08,"2026-04-29","Asparagus - Bunch",1,6.5
1200,2026-05-08,"2026-04-29","Lettuce - Bibb - Head",1,3.25
1200,2026-05-08,"2026-04-29","Lettuce Head - Head",1,4.25
1200,2026-05-08,"2026-04-29","Lettuce Mix - Bag",1,4.5
1200,2026-05-08,"2026-04-29","Plant - Basil Italian - Pot",1,4.5
1200,2026-05-08,"2026-04-29","Plant - Calendula - Pot",1,4.5
1200,2026-05-08,"2026-04-29","Plant - English Thyme - Pot",1,4.5
1200,2026-05-08,"2026-04-29","Plant - Marigolds Dwarf - Pot",2,4.5
1200,2026-05-08,"2026-04-29","Plant - Nasturtium - Pot",2,4.5
1200,2026-05-08,"2026-04-29","Plant - Parsley - Pot",1,4.5
1200,2026-05-08,"2026-04-29","Plant - Rosemary - Pot",1,4.5
1200,2026-05-08,"2026-04-29","Radishes - Bunch - Bunch",1,3.5
1200,2026-05-08,"2026-04-29","Extra Credit - Each",69,1.06
570,2026-05-08,"2026-04-29","UCity Pickup Time - @4:30-5",1,0
570,2026-05-08,"2026-04-29","Chicken - Links ($10.50) - Each",1,10
570,2026-05-08,"2026-04-29","Curry Sauce (1.0 Red) - Red",1,11.5
570,2026-05-08,"2026-04-29","Mushrooms (1.0 Shiitake) - Shiitake",1,8.75
570,2026-05-08,"2026-04-29","Potato Chips Choice ($3.00) - Oz.",1,3
570,2026-05-08,"2026-04-29","Half",1,68.89
1154,2026-05-08,"2026-04-29","Mothership Pickup Time (4.0 @5-5:30) - @5-5:30",1,0
1154,2026-05-08,"2026-04-29","Eggs - Dozen",1,6.5
1154,2026-05-08,"2026-04-29","Pork - Bratwurst  - Pack",1,8.5
1154,2026-05-08,"2026-04-29","Short Ribs/lbs. - lbs",1,16.4
1154,2026-05-08,"2026-04-29","Strawberries - Qt - Quart",1,8.25
1154,2026-05-08,"2026-04-29","Extra Credit - Each",14.9,1.06
1154,2026-05-08,"2026-04-29","Mini",1,53.2
1559,2026-05-08,"2026-04-29","Plant - Thai Basil - Pot",1,4.5
1559,2026-05-08,"2026-04-29","UCity Pickup Time (3.0 @5:30-6) - @5:30-6",1,0
1559,2026-05-08,"2026-04-29","Black Pepper Cheddar - Each",1,6.75
1559,2026-05-08,"2026-04-29","Halibut/lb.* - Pack",2,23.03
1559,2026-05-08,"2026-04-29","Lettuce Head - Head",1,4.25
1559,2026-05-08,"2026-04-29","Onions - Green - Bunch",1,3.5
1559,2026-05-08,"2026-04-29","Plant - Basil Italian - Pot",1,4.5
1559,2026-05-08,"2026-04-29","Plant - Cilantro  - Pot",1,4.5
1559,2026-05-08,"2026-04-29","Plant - Dill - Pot",1,4.5
1559,2026-05-08,"2026-04-29","Plant - Lavender - Pot",1,4.5
1559,2026-05-08,"2026-04-29","Plant - Nasturtium - Pot",1,4.5
1559,2026-05-08,"2026-04-29","Plant - Parsley - Pot",1,4.5
1559,2026-05-08,"2026-04-29","Plant - Rosemary - Pot",1,4.5
1559,2026-05-08,"2026-04-29","Plant - Sage Pineapple - Pot",1,4.5
1559,2026-05-08,"2026-04-29","Plant - Tarragon - Pot",1,4.5
1559,2026-05-08,"2026-04-29","Pork - Bratwurst  - Pack",1,8.5
1559,2026-05-08,"2026-04-29","Salmon - Fillet Pieces/LB* - Each",1,9.66
1559,2026-05-08,"2026-04-29","Shoots - Specialty Mix - Bag",1,4.5
1559,2026-05-08,"2026-04-29","Strawberries - Qt - Quart",1,8.25
1559,2026-05-08,"2026-04-29","Extra Credit - Each",111.72,1.06
1559,2026-05-08,"2026-04-29","Mini",1,53.2
1098,2026-05-08,"2026-04-29","Eggs - BW - Dozen",1,6.5
1098,2026-05-08,"2026-04-29","Pizza - Veggie  - Each",1,8
1098,2026-05-08,"2026-04-29","UCity Pickup Time - @4:30-5",1,0
1098,2026-05-08,"2026-04-29","Chicken - Thighs /lbs  - lbs",1,8.52
1098,2026-05-08,"2026-04-29","Ground Beef - D&M - Lb.",1,10.5
1098,2026-05-08,"2026-04-29","Honey - Qt. - Jar",1,20.25
1098,2026-05-08,"2026-04-29","Light and Mild - Wednesday - Loaf",1,8.25
1098,2026-05-08,"2026-04-29","Onions - Green - Bunch",1,3.5
1098,2026-05-08,"2026-04-29","Semolina - Wednesday - Loaf",1,7
1098,2026-05-08,"2026-04-29","Extra Credit - Each",39.27,1.06
1098,2026-05-08,"2026-04-29","Half",1,68.89
1098,2026-05-08,"2026-04-29","2% MILK-o",1,8.49
557,2026-05-08,"2026-04-29","Ground Turkey - Pack",1,9
557,2026-05-08,"2026-04-29","Mothership Pickup Time (1.0 @3:30-4) - @3:30-4",1,0
557,2026-05-08,"2026-04-29","Chicken - Ground - Lb.",1,9
557,2026-05-08,"2026-04-29","Chicken Thighs - Boneless/lb. - lbs",1,10.85
557,2026-05-08,"2026-04-29","Eggs - Dozen",1,6.5
557,2026-05-08,"2026-04-29","Mushrooms (1.0 Shiitake) - Shiitake",1,8.75
557,2026-05-08,"2026-04-29","Popped Corn - Organic - Bag",1,3
557,2026-05-08,"2026-04-29","Extra Credit - Each",4.6,1.06
557,2026-05-08,"2026-04-29","FSA/FSD",1,79.79
1000,2026-05-08,"2026-04-29","UCity Pickup Time (3.0 @5:30-6) - @5:30-6",1,0
1000,2026-05-08,"2026-04-29","Black Pepper Cheddar - Each",1,6.75
1000,2026-05-08,"2026-04-29","Plant - Chocolate Mint - Pot",1,4.5
1000,2026-05-08,"2026-04-29","Plant - English Thyme - Pot",1,4.5
1000,2026-05-08,"2026-04-29","Plant - Sage Common  - Pot",1,4.5
1000,2026-05-08,"2026-04-29","Sesame Hoagie -W - Each",1,3.8
1000,2026-05-08,"2026-04-29","Yogurt - Vanilla - Oz.",1,7.1
1000,2026-05-08,"2026-04-29","Extra Credit - Each",6.4,1.06
1000,2026-05-08,"2026-04-29","Mini",1,53.2
100,2026-05-08,"2026-04-29","Chicken - Big Bag Deboned Thighs/lb. - Bag",1,43.07
100,2026-05-08,"2026-04-29","Mothership Pickup Time (3.0 @4:30-5) - @4:30-5",1,0
100,2026-05-08,"2026-04-29","Curds Applewood Smoked 10 oz - Bag",1,6.75
100,2026-05-08,"2026-04-29","Eggs - Dozen",1,6.5
100,2026-05-08,"2026-04-29","Hoagie - Wednesday - Each",1,3.5
100,2026-05-08,"2026-04-29","Pork - Bratwurst  - Pack",1,8.5
100,2026-05-08,"2026-04-29","Strawberries - Qt - Quart",1,8.25
100,2026-05-08,"2026-04-29","Extra Credit - Each",51.82,1.06
100,2026-05-08,"2026-04-29","Mini",1,53.2
99,2026-05-08,"2026-04-29","Chicken - BULK Breasts /lb. - Pack",1,45.05
99,2026-05-08,"2026-04-29","Ground Turkey - Pack",1,9
99,2026-05-08,"2026-04-29","Mothership Pickup Time (6.0 @6-6:30) - @6-6:30",1,0
99,2026-05-08,"2026-04-29","Asparagus - Bunch",1,6.5
99,2026-05-08,"2026-04-29","Chicken Links - Apple Cinnamon - Lb.",1,10.5
99,2026-05-08,"2026-04-29","Eggs - Dozen",1,6.5
99,2026-05-08,"2026-04-29","Strawberries - Qt - Quart",1,8.25
1997,2026-05-08,"2026-04-29","Milk - Creamline - Oz.",1,8.32
1997,2026-05-08,"2026-04-29","UCity Pickup Time (3.0 @5:30-6) - @5:30-6",1,0
1997,2026-05-08,"2026-04-29","Chicken - Links ($10.50) - Each",1,10
1997,2026-05-08,"2026-04-29","Mushrooms - Choice",1,8.75
1997,2026-05-08,"2026-04-29","Potato Chips Choice ($3.00) - Oz.",1,3
1997,2026-05-08,"2026-04-29","Potato Chips Kickers med - Oz.",1,3
1997,2026-05-08,"2026-04-29","Half",1,68.89
326,2026-05-08,"2026-04-29","Arugula - Bag",1,4.25
326,2026-05-08,"2026-04-29","Asparagus - Bunch",1,6.5
326,2026-05-08,"2026-04-29","Bok Choy - Bag",1,5
326,2026-05-08,"2026-04-29","Chicken - Ground - Lb.",1,9
326,2026-05-08,"2026-04-29","Eggs - Dozen",1,6.5
326,2026-05-08,"2026-04-29","Gr. Beef Bundle DM ( 5-pack) - Each",1,50
326,2026-05-08,"2026-04-29","Lettuce - Bibb - Head",1,3.25
326,2026-05-08,"2026-04-29","Mushrooms - Choice",1,8.75
326,2026-05-08,"2026-04-29","Onions - Green - Bunch",1,3.5
326,2026-05-08,"2026-04-29","Pizza Choice $8.50 - Each",1,8
326,2026-05-08,"2026-04-29","Pork Snack Stick Choice $10.30 - Each",1,8.25
326,2026-05-08,"2026-04-29","Wildcard $2 - Each",1,2
326,2026-05-08,"2026-04-29","Extra Credit - Each",72.5,1.06
326,2026-05-08,"2026-04-29","FSA/FSD",1,79.79
1174,2026-05-08,"2026-04-29","Mothership Pickup Time (1.0 @3:30-4) - @3:30-4",1,0
1174,2026-05-08,"2026-04-29","Arugula - Bag",1,4.25
1174,2026-05-08,"2026-04-29","Bagels - Pumpernickel - BU - Bag",1,11
1174,2026-05-08,"2026-04-29","Eggs - Dozen",1,6.5
1174,2026-05-08,"2026-04-29","Lettuce - Bibb - Head",1,3.25
1174,2026-05-08,"2026-04-29","Mushrooms (1.0 Shiitake) - Shiitake",1,8.75
1174,2026-05-08,"2026-04-29","Extra Credit - Each",0.5,1.06
1174,2026-05-08,"2026-04-29","Half",1,84.79
373,2026-05-08,"2026-04-29","UCity Pickup Time (3.0 @5:30-6) - @5:30-6",1,0
373,2026-05-08,"2026-04-29","Asparagus - Bunch",1,6.5
373,2026-05-08,"2026-04-29","Bacon - Each",1,13.5
373,2026-05-08,"2026-04-29","Bagels - Everything - BU - Bag",1,11
373,2026-05-08,"2026-04-29","Olive Oil Medium - Bottle",1,15
373,2026-05-08,"2026-04-29","Extra Credit - Each",2.75,1.06
373,2026-05-08,"2026-04-29","UCA/KWA",1,79.79
1111,2026-05-08,"2026-04-29","Ground Turkey - Pack",1,9
1111,2026-05-08,"2026-04-29","Mothership Pickup Time (4.0 @5-5:30) - @5-5:30",1,0
1111,2026-05-08,"2026-04-29","Chicken - Ground - Lb.",1,9
1111,2026-05-08,"2026-04-29","Eggs - Dozen",2,6.5
1111,2026-05-08,"2026-04-29","Potato Chips Original - Med - Oz.",1,3
1111,2026-05-08,"2026-04-29","Extra Credit - Each",0.75,1.06
1111,2026-05-08,"2026-04-29","Half",1,84.79
526,2026-05-08,"2026-04-29","UCity Pickup Time - @4:30-5",1,0
526,2026-05-08,"2026-04-29","Light and Mild - Wednesday - Loaf",1,8.25
526,2026-05-08,"2026-04-29","Pickles Wildcard ($7.75) - Jar",1,7.75
526,2026-05-08,"2026-04-29","Pork - Bratwurst  - Pack",1,8.5
526,2026-05-08,"2026-04-29","Wildcard $2 - Each",1,2
526,2026-05-08,"2026-04-29","Extra Credit - Each",1.75,1.06
526,2026-05-08,"2026-04-29","Mini",1,53.2
42,2026-05-08,"2026-04-29","UCity Pickup Time - @4:30-5",1,0
42,2026-05-08,"2026-04-29","Dark Bar 61% - Package",2,3
42,2026-05-08,"2026-04-29","Dark Chocolate Almond Bar - Pack",2,4.95
42,2026-05-08,"2026-04-29","Eggs - Dozen",1,6.5
42,2026-05-08,"2026-04-29","Marinara Sauce - Jar",1,8.75
42,2026-05-08,"2026-04-29","Plant - Basil Italian - Pot",4,4.5
42,2026-05-08,"2026-04-29","Ravioli - 4-Cheese - Lb.",1,9.15
42,2026-05-08,"2026-04-29","Extra Credit - Each",15.05,1.06
42,2026-05-08,"2026-04-29","UCA/KWA",1,79.79
1030,2026-05-08,"2026-04-29","UCity Pickup Time (2.0 @5-5:30) - @5-5:30",1,0
1030,2026-05-08,"2026-04-29","Arugula - Bag",1,4.25
1030,2026-05-08,"2026-04-29","Asparagus - Bunch",2,6.5
1030,2026-05-08,"2026-04-29","Eggs - Dozen",1,6.5
1030,2026-05-08,"2026-04-29","Olive Oil Medium - Bottle",1,15
1030,2026-05-08,"2026-04-29","Stringbean Ethiopian - Bag",1,16
1030,2026-05-08,"2026-04-29","Extra Credit - Each",11.5,1.06
1030,2026-05-08,"2026-04-29","UCA/KWA",1,79.79
1448,2026-05-08,"2026-04-29","Plant - Cilantro  - Pot",2,4.5
1448,2026-05-08,"2026-04-29","Plant - Dill - Pot",2,4.5
1448,2026-05-08,"2026-04-29","Plant - Nasturtium - Pot",1,4.5
1448,2026-05-08,"2026-04-29","Plant - Sage Common  - Pot",1,4.5
1448,2026-05-08,"2026-04-29","Extra Credit - Each",2.25,1.06
1448,2026-05-08,"2026-04-29","Mini",1,53.2
145,2026-05-08,"2026-04-29","Mothership Pickup Time (1.0 @3:30-4) - @3:30-4",1,0
145,2026-05-08,"2026-04-29","Collards - Bunch",1,5
145,2026-05-08,"2026-04-29","Lettuce - Bibb - Head",1,3.25
145,2026-05-08,"2026-04-29","Plant - Oregano - Pot",1,4.5
145,2026-05-08,"2026-04-29","Plant - Rosemary - Pot",1,4.5
145,2026-05-08,"2026-04-29","Plant - Spearmint - Pot",1,4.5
145,2026-05-08,"2026-04-29","Radishes - Bunch - Bunch",1,3.5
145,2026-05-08,"2026-04-29","Extra Credit - Each",0.5,1.06
145,2026-05-08,"2026-04-29","Mini",1,53.2
863,2026-05-08,"2026-04-29","Mothership Pickup Time (1.0 @3:30-4) - @3:30-4",1,0
863,2026-05-08,"2026-04-29","Chicken - Ground - Lb.",1,9
863,2026-05-08,"2026-04-29","Eggs - Dozen",1,6.5
863,2026-05-08,"2026-04-29","Mushrooms (1.0 Shiitake) - Shiitake",1,8.75
863,2026-05-08,"2026-04-29","Pork Snack Sticks - 5 pk (1.0 Spicy) - Spicy",1,10.3
863,2026-05-08,"2026-04-29","Strawberries - Qt - Quart",1,8.25
863,2026-05-08,"2026-04-29","Extra Credit - Each",0.3,1.06
863,2026-05-08,"2026-04-29","FSA/FSD",1,79.79
911,2026-05-08,"2026-04-29","UCity Pickup Time - @4:30-5",1,0
911,2026-05-08,"2026-04-29","Asparagus - Bunch",2,6.5
911,2026-05-08,"2026-04-29","Eggs - Dozen",1,6.5
911,2026-05-08,"2026-04-29","Marinara Sauce - Jar",1,8.75
911,2026-05-08,"2026-04-29","Pork - Ground  - Lb.",2,7.5
911,2026-05-08,"2026-04-29","Pork Italian Bulk - D&M - Lb.",2,8.5
911,2026-05-08,"2026-04-29","Sourdough Bread - Lb.",1,6.25
911,2026-05-08,"2026-04-29","Extra Credit - Each",33.25,1.06
911,2026-05-08,"2026-04-29","Half",1,68.89
962,2026-05-08,"2026-04-29","Mothership Pickup Time (5.0 @5:30-6) - @5:30-6",1,0
962,2026-05-08,"2026-04-29","$ for green bags donation - $",1,1
962,2026-05-08,"2026-04-29","Eggs - Dozen",1,6.5
962,2026-05-08,"2026-04-29","FF Dip - Pimiento Cheese Spread - Each",1,8.75
962,2026-05-08,"2026-04-29","Mushrooms (1.0 Shiitake) - Shiitake",1,8.75
962,2026-05-08,"2026-04-29","Plant - Basil Italian - Pot",1,4.5
962,2026-05-08,"2026-04-29","Seedy Wheaty - Frozen - Loaf",1,3.75
962,2026-05-08,"2026-04-29","Half",1,84.79
125,2026-05-08,"2026-04-29","Salsa - Gringo's Medium - Pint",1,5
125,2026-05-08,"2026-04-29","Food Pantry Donation - $",1,1
125,2026-05-08,"2026-04-29","Arugula - Bag",1,4.25
125,2026-05-08,"2026-04-29","Collards - Bunch",1,5
125,2026-05-08,"2026-04-29","Jar Tomatoes - Quart",1,7.75
125,2026-05-08,"2026-04-29","Mushrooms - French Horn/King - Bag",1,8.25
125,2026-05-08,"2026-04-29","Shoots - Sunflower - Bag",1,4.25
125,2026-05-08,"2026-04-29","Strawberries - Qt - Quart",1,8.25
125,2026-05-08,"2026-04-29","Extra Credit - Each",0.5,1.06
125,2026-05-08,"2026-04-29","UCA/KWA",1,79.79
990,2026-05-08,"2026-04-29","Bok Choy - Bag",1,5
990,2026-05-08,"2026-04-29","Chicken - Ground - Lb.",1,9
990,2026-05-08,"2026-04-29","Collards - Bunch",1,5
990,2026-05-08,"2026-04-29","Eggs - Dozen",1,6.5
990,2026-05-08,"2026-04-29","Mushrooms - Choice",1,8.75
990,2026-05-08,"2026-04-29","Pizza Choice $8.50 - Each",1,8
990,2026-05-08,"2026-04-29","Semolina - Wednesday - Loaf",1,7
990,2026-05-08,"2026-04-29","Extra Credit - Each",6.75,1.06
990,2026-05-08,"2026-04-29","FSA/FSD",1,79.79
1512,2026-05-08,"2026-04-29","UCity Pickup Time - @4:30-5",1,0
1512,2026-05-08,"2026-04-29","Black Pepper Cheddar - Each",2,6.75
1512,2026-05-08,"2026-04-29","Boneless Pork Chop - D&M /lb - Lb.",1,12.76
1512,2026-05-08,"2026-04-29","Mushrooms - Choice",1,8.75
1512,2026-05-08,"2026-04-29","Extra Credit - Each",1.76,1.06
1512,2026-05-08,"2026-04-29","Half",1,68.89
356,2026-05-08,"2026-04-29","UCity Pickup Time - @4:30-5",1,0
356,2026-05-08,"2026-04-29","Chicken Breasts /lb. - Pack",1,11.73
356,2026-05-08,"2026-04-29","Dark Bar 61% - Package",1,3
356,2026-05-08,"2026-04-29","Eggs - Dozen",1,6.5
356,2026-05-08,"2026-04-29","RL Chocolate Milk - Bottle",2,2.75
356,2026-05-08,"2026-04-29","Wildcard $2 - Each",1,2
356,2026-05-08,"2026-04-29","Extra Credit - Each",3.98,1.06
356,2026-05-08,"2026-04-29","Mini",1,53.2
520,2026-05-08,"2026-04-29","UCity Pickup Time - @4:30-5",1,0
520,2026-05-08,"2026-04-29","Asparagus - Bunch",1,6.5
520,2026-05-08,"2026-04-29","Bok Choy - Bag",1,5
520,2026-05-08,"2026-04-29","Lettuce Head - Head",1,4.25
520,2026-05-08,"2026-04-29","Onions - Green - Bunch",1,3.5
520,2026-05-08,"2026-04-29","Strawberries - Qt - Quart",1,8.25
520,2026-05-08,"2026-04-29","Mini",1,53.2
520,2026-05-08,"2026-04-29","Whole MILK",1,8.49
156,2026-05-08,"2026-04-29","Mothership Pickup Time (3.0 @4:30-5) - @4:30-5",1,0
156,2026-05-08,"2026-04-29","Asparagus - Bunch",1,6.5
156,2026-05-08,"2026-04-29","Chicken - Whole $5.00/lb. - Each",1,26.7
156,2026-05-08,"2026-04-29","Mushrooms - Choice",1,8.75
156,2026-05-08,"2026-04-29","Pork Italian Bulk - D&M - Lb.",1,8.5
156,2026-05-08,"2026-04-29","Shoots - Specialty Mix - Bag",1,4.5
156,2026-05-08,"2026-04-29","Extra Credit - Each",21.7,1.06
156,2026-05-08,"2026-04-29","Half",1,84.79
709,2026-05-08,"2026-04-29","Chicken - Big Bag Deboned Thighs/lb. - Bag",1,40.76
709,2026-05-08,"2026-04-29","Milk - Whole - Oz.",1,8.32
709,2026-05-08,"2026-04-29","Coffee Stringbean Decaf - Bag",1,16
709,2026-05-08,"2026-04-29","Eggs - Dozen",1,6.5
709,2026-05-08,"2026-04-29","Ground Beef - D&M - Lb.",1,10.5
709,2026-05-08,"2026-04-29","Mushrooms - Choice",1,8.75
709,2026-05-08,"2026-04-29","Pizza Choice $8.50 - Each",1,8
709,2026-05-08,"2026-04-29","Thick Cut Dill Pickles - Quart",1,7.75
709,2026-05-08,"2026-04-29","Toffee - Package",2,6.6
709,2026-05-08,"2026-04-29","Wildcard $2 - Each",1,2
709,2026-05-08,"2026-04-29","Extra Credit - Each",79.28,1.06
709,2026-05-08,"2026-04-29","FSA/FSD",1,79.79
104,2026-05-08,"2026-04-29","Kirkwood Pickup Time - @1-1:30",1,0
104,2026-05-08,"2026-04-29","Arugula - Bag",1,4.25
104,2026-05-08,"2026-04-29","Chicken - Links ($10.50) - Each",1,10
104,2026-05-08,"2026-04-29","Chicken Thighs - Big Bag/lb. - Pack",1,28.18
104,2026-05-08,"2026-04-29","Clean Plate Pantry Choice ($11.5) - Jar",1,11.5
104,2026-05-08,"2026-04-29","Mushrooms - Choice",1,8.75
104,2026-05-08,"2026-04-29","Plant - Basil Italian - Pot",1,4.5
104,2026-05-08,"2026-04-29","Plant - Dill - Pot",1,4.5
104,2026-05-08,"2026-04-29","Plant - Nasturtium - Pot",1,4.5
104,2026-05-08,"2026-04-29","Plant - Parsley - Pot",1,4.5
104,2026-05-08,"2026-04-29","Plant - Sage Pineapple - Pot",2,4.5
104,2026-05-08,"2026-04-29","Potato Chips Choice ($3.00) - Oz.",1,3
104,2026-05-08,"2026-04-29","Shoots - Specialty Mix - Bag",1,4.5
104,2026-05-08,"2026-04-29","Strawberries - Qt - Quart",1,8.25
104,2026-05-08,"2026-04-29","Extra Credit - Each",72.18,1.06
104,2026-05-08,"2026-04-29","Half",1,79.79
1272,2026-05-08,"2026-04-29","Jam - Grape HBY - Pint",1,7.75
1272,2026-05-08,"2026-04-29","Mothership Pickup Time (1.0 @3:30-4) - @3:30-4",1,0
1272,2026-05-08,"2026-04-29","Maple Syrup 64 oz. - Jar",1,68
1272,2026-05-08,"2026-04-29","Queso Quesadilla - HBC - Each",1,6.75
1272,2026-05-08,"2026-04-29","Extra Credit - Each",49.25,1.06
1272,2026-05-08,"2026-04-29","Half",1,84.79
598,2026-05-08,"2026-04-29","Applewood Smoked Cheddar - Each",1,6.5
598,2026-05-08,"2026-04-29","Dark Bar 61% - Package",1,3
598,2026-05-08,"2026-04-29","Pork - Bratwurst  - Pack",1,8.5
598,2026-05-08,"2026-04-29","Spicy Dill Pickles - Quart",1,7.75
598,2026-05-08,"2026-04-29","Extra Credit - Each",1,1.06
598,2026-05-08,"2026-04-29","Mini",1,53.2
1707,2026-05-08,"2026-04-29","Mothership Pickup Time (2.0 @4-4:30) - @4-4:30",1,0
1707,2026-05-08,"2026-04-29","Aged Cheddar - HBC - Each",1,6.75
1707,2026-05-08,"2026-04-29","Eggs - Dozen",1,6.5
1707,2026-05-08,"2026-04-29","Light and Mild - Wednesday - Loaf",1,8.25
1707,2026-05-08,"2026-04-29","Strawberries - Qt - Quart",1,8.25
1707,2026-05-08,"2026-04-29","Extra Credit - Each",5,1.06
1707,2026-05-08,"2026-04-29","Mini",1,53.2
423,2026-05-08,"2026-04-29","Mothership Pickup Time (6.0 @6-6:30) - @6-6:30",1,0
423,2026-05-08,"2026-04-29","Cinnamon Rolls - Pack",2,6.55
423,2026-05-08,"2026-04-29","Eggs - Dozen",2,6.5
423,2026-05-08,"2026-04-29","Lettuce Mix - Bag",1,4.5
423,2026-05-08,"2026-04-29","Spinach - Bag",1,5
423,2026-05-08,"2026-04-29","Strawberries - Qt - Quart",1,8.25
423,2026-05-08,"2026-04-29","Yogurt - Vanilla - Oz.",1,7.1
423,2026-05-08,"2026-04-29","Extra Credit - Each",8.45,1.06
423,2026-05-08,"2026-04-29","FSA/FSD",1,79.79
1459,2026-05-08,"2026-04-29","Jam - Strawberry HBY - Pint",1,7
1459,2026-05-08,"2026-04-29","Mothership Pickup Time (4.0 @5-5:30) - @5-5:30",1,0
1459,2026-05-08,"2026-04-29","Clean Plate Pantry Choice ($11.5) - Jar",1,11.5
1459,2026-05-08,"2026-04-29","Eggs - Dozen",1,6.5
1459,2026-05-08,"2026-04-29","Mushrooms - Choice",1,8.75
1459,2026-05-08,"2026-04-29","Oat Porridge Bread - Wednesday - Loaf",1,9
1459,2026-05-08,"2026-04-29","Potato Chips Choice ($3.00) - Oz.",1,3
1459,2026-05-08,"2026-04-29","Radishes - Purple Heart - Bunch",1,5.25
1459,2026-05-08,"2026-04-29","Extra Credit - Each",17.75,1.06
1459,2026-05-08,"2026-04-29","Half",1,84.79
1627,2026-05-08,"2026-04-29","Chicken - Ground - Lb.",1,9
1627,2026-05-08,"2026-04-29","Eggs - Dozen",1,6.5
1627,2026-05-08,"2026-04-29","Mushrooms - Choice",1,8.75
1627,2026-05-08,"2026-04-29","Pizza Choice $8.50 - Each",1,8
1627,2026-05-08,"2026-04-29","Pork Snack Stick Choice $10.30 - Each",1,8.25
1627,2026-05-08,"2026-04-29","Wildcard $2 - Each",1,2
1627,2026-05-08,"2026-04-29","FSA/FSD",1,79.79
322,2026-05-08,"2026-04-29","Croissants - Frozen - Pack",1,4.75
322,2026-05-08,"2026-04-29","Eggs - Dozen",1,6.5
322,2026-05-08,"2026-04-29","Marinara Sauce - Jar",1,8.75
322,2026-05-08,"2026-04-29","Pasta Wildcard $6.50 - Pack",1,6.5
322,2026-05-08,"2026-04-29","Pork Italian Bulk - D&M - Lb.",1,8.5
322,2026-05-08,"2026-04-29","Strawberries - Qt - Quart",1,8.25
322,2026-05-08,"2026-04-29","UCA/KWA",1,79.79
681,2026-05-08,"2026-04-29","Chicken - Ground - Lb.",1,9
681,2026-05-08,"2026-04-29","Lettuce - Bibb - Head",1,3.25
681,2026-05-08,"2026-04-29","Mushrooms (1.0 Shiitake) - Shiitake",1,8.75
681,2026-05-08,"2026-04-29","Onions - Green - Bunch",1,3.5
681,2026-05-08,"2026-04-29","Pork - Bratwurst  - Pack",1,8.5
681,2026-05-08,"2026-04-29","Radishes - Bunch - Bunch",1,3.5
681,2026-05-08,"2026-04-29","Yogurt - Vanilla - Oz.",1,7.1
681,2026-05-08,"2026-04-29","Extra Credit - Each",0.35,1.06
681,2026-05-08,"2026-04-29","UCA/KWA",1,79.79
1453,2026-05-08,"2026-04-29","Bread Pudding - Muffin - Each",1,4
1453,2026-05-08,"2026-04-29","Chicken - Thighs /lbs  - lbs",1,6
1453,2026-05-08,"2026-04-29","Chicken - Whole $5.00/lb. - Each",1,24.2
1453,2026-05-08,"2026-04-29","Lettuce - Bibb - Head",1,3.25
1453,2026-05-08,"2026-04-29","Radishes - Bunch - Bunch",1,3.5
1453,2026-05-08,"2026-04-29","Spinach - Bag",1,5
1453,2026-05-08,"2026-04-29","Wildcard $2 - Each",1,2
1453,2026-05-08,"2026-04-29","Extra Credit - Each",23.2,1.06
1453,2026-05-08,"2026-04-29","Mini",1,53.2
1453,2026-05-08,"2026-04-29","Whole MILK",1,8.49
430,2026-05-08,"2026-04-29","UCity Pickup Time - @4:30-5",1,0
430,2026-05-08,"2026-04-29","Aged Cheddar - HBC - Each",1,6.75
430,2026-05-08,"2026-04-29","Chicken Breasts /lb. - Pack",1,11.22
430,2026-05-08,"2026-04-29","Curry Sauce (1.0 Red) - Red",1,11.5
430,2026-05-08,"2026-04-29","Mushrooms - Choice",1,8.75
430,2026-05-08,"2026-04-29","Potato Chips Choice ($3.00) - Oz.",1,3
430,2026-05-08,"2026-04-29","Semolina - Wednesday - Loaf",1,7
430,2026-05-08,"2026-04-29","Extra Credit - Each",14.97,1.06
430,2026-05-08,"2026-04-29","Half",1,84.79
1048,2026-05-08,"2026-04-29","UCity Pickup Time (2.0 @5-5:30) - @5-5:30",1,0
1048,2026-05-08,"2026-04-29","Asparagus - Bunch",1,6.5
1048,2026-05-08,"2026-04-29","Chicken - Thighs /lbs  - lbs",2,11.28
1048,2026-05-08,"2026-04-29","Dark Bar 72% - Package",1,3
1048,2026-05-08,"2026-04-29","Pork - Ground  - Lb.",2,7.5
1048,2026-05-08,"2026-04-29","Strawberries - Qt - Quart",1,8.25
1048,2026-05-08,"2026-04-29","Extra Credit - Each",12.06,1.06
1048,2026-05-08,"2026-04-29","UCA/KWA",1,79.79
1255,2026-05-08,"2026-04-29","Buttermilk - Qt.  - Quart",1,6.5
1255,2026-05-08,"2026-04-29","Bacon - Each",1,13.5
1255,2026-05-08,"2026-04-29","Bok Choy - Bag",1,5
1255,2026-05-08,"2026-04-29","Eggs - Dozen",2,6.5
1255,2026-05-08,"2026-04-29","Hoagie - Wednesday - Each",1,3.5
1255,2026-05-08,"2026-04-29","Lettuce Mix - Bag",1,4.5
1255,2026-05-08,"2026-04-29","Strawberries - Qt - Quart",1,8.25
1255,2026-05-08,"2026-04-29","Extra Credit - Each",27,1.06
1255,2026-05-08,"2026-04-29","Mini",1,53.2
1255,2026-05-08,"2026-04-29","2% MILK",1,8.85
1255,2026-05-08,"2026-04-29","Half & Half",1,5.05
1162,2026-05-08,"2026-04-29","Mothership Pickup Time (1.0 @3:30-4) - @3:30-4",1,0
1162,2026-05-08,"2026-04-29","Applewood Smoked Cheddar - Each",1,6.5
1162,2026-05-08,"2026-04-29","Eggs - Dozen",1,6.5
1162,2026-05-08,"2026-04-29","Mushrooms (1.0 Lion's Mane) - Lion's Mane",1,8.75
1162,2026-05-08,"2026-04-29","Radishes - Bunch - Bunch",1,3.5
1162,2026-05-08,"2026-04-29","Extra Credit - Each",0.5,1.06
1162,2026-05-08,"2026-04-29","Mini",1,53.2
162,2026-05-08,"2026-04-29","UCity Pickup Time - @4:30-5",1,0
162,2026-05-08,"2026-04-29","Chicken - Links ($10.50) - Each",1,10
162,2026-05-08,"2026-04-29","Eggs - Dozen",1,6.5
162,2026-05-08,"2026-04-29","Lettuce - Bibb - Head",1,3.25
162,2026-05-08,"2026-04-29","Lettuce Mix - Bag",1,4.5
162,2026-05-08,"2026-04-29","Mushrooms - Choice",1,8.75
162,2026-05-08,"2026-04-29","Potato Chips Choice ($3.00) - Oz.",1,3
162,2026-05-08,"2026-04-29","Extra Credit - Each",2.75,1.06
162,2026-05-08,"2026-04-29","Half",1,84.79
1735,2026-05-08,"2026-04-29","UCity Pickup Time - @4:30-5",1,0
1735,2026-05-08,"2026-04-29","Pork Chop Bone-in /lb. - Lb.",1,15.95
1735,2026-05-08,"2026-04-29","Eggs - Dozen",1,6.5
1735,2026-05-08,"2026-04-29","Mushrooms (1.0 Shiitake) - Shiitake",1,8.75
1735,2026-05-08,"2026-04-29","Plant - Rosemary - Pot",1,4.5
1735,2026-05-08,"2026-04-29","Plant - Spearmint - Pot",1,4.5
1735,2026-05-08,"2026-04-29","Pork - Ground  - Lb.",1,7.5
1735,2026-05-08,"2026-04-29","Strawberries - Qt - Quart",1,8.25
1735,2026-05-08,"2026-04-29","Extra Credit - Each",12.7,1.06
1735,2026-05-08,"2026-04-29","UCA/KWA",1,79.79
1932,2026-05-08,"2026-04-29","Plant - Thai Basil - Pot",1,4.5
1932,2026-05-08,"2026-04-29","Mothership Pickup Time (3.0 @4:30-5) - @4:30-5",1,0
1932,2026-05-08,"2026-04-29","Janie's Bread - Wednesday - Each",1,7
1932,2026-05-08,"2026-04-29","Mushrooms (1.0 Shiitake) - Shiitake",1,8.75
1932,2026-05-08,"2026-04-29","Plant - Cilantro  - Pot",1,4.5
1932,2026-05-08,"2026-04-29","Plant - Dill - Pot",1,4.5
1932,2026-05-08,"2026-04-29","Plant - Rosemary - Pot",1,4.5
1932,2026-05-08,"2026-04-29","Stringbean Ethiopian - Bag",1,16
1932,2026-05-08,"2026-04-29","Extra Credit - Each",7.25,1.06
1932,2026-05-08,"2026-04-29","FSA/FSD",1,79.79
627,2026-05-08,"2026-04-29","UCity Pickup Time (3.0 @5:30-6) - @5:30-6",1,0
627,2026-05-08,"2026-04-29","Feta Cheese - HBC - Each",1,6.75
627,2026-05-08,"2026-04-29","Spicy Dill Pickles - Quart",1,7.75
627,2026-05-08,"2026-04-29","Strawberries - Qt - Quart",1,8.25
627,2026-05-08,"2026-04-29","Mini",1,53.2
470,2026-05-08,"2026-04-29","Cheese Choice $6.75 - Each",1,6.5
470,2026-05-08,"2026-04-29","Pickles Wildcard ($7.75) - Jar",1,7.75
470,2026-05-08,"2026-04-29","Pork - Bratwurst  - Pack",1,8.5
470,2026-05-08,"2026-04-29","Wildcard $2 - Each",1,2
470,2026-05-08,"2026-04-29","Mini",1,53.2
1427,2026-05-08,"2026-04-29","Mothership Pickup Time (1.0 @3:30-4) - @3:30-4",1,0
1427,2026-05-08,"2026-04-29","Bok Choy - Bag",1,5
1427,2026-05-08,"2026-04-29","Chicken - Ground - Lb.",1,9
1427,2026-05-08,"2026-04-29","Eggs - Dozen",1,6.5
1427,2026-05-08,"2026-04-29","Hoagie - Wednesday - Each",1,3.5
1427,2026-05-08,"2026-04-29","Lettuce - Bibb - Head",1,3.25
1427,2026-05-08,"2026-04-29","Marbled Rye -Wednesday - Loaf",1,8.75
1427,2026-05-08,"2026-04-29","Plant - Basil Italian - Pot",1,4.5
1427,2026-05-08,"2026-04-29","Plant - Cilantro  - Pot",1,4.5
1427,2026-05-08,"2026-04-29","Plant - Parsley - Pot",1,4.5
1427,2026-05-08,"2026-04-29","Plant - Rosemary - Pot",1,4.5
1427,2026-05-08,"2026-04-29","Pork - Bratwurst  - Pack",1,8.5
1427,2026-05-08,"2026-04-29","Pork Bacon Burgers - Pack",1,15.95
1427,2026-05-08,"2026-04-29","Sesame Hoagie -W - Each",1,3.8
1427,2026-05-08,"2026-04-29","Shoots - Sunflower - Bag",1,4.25
1427,2026-05-08,"2026-04-29","Strawberries - Qt - Quart",1,8.25
1427,2026-05-08,"2026-04-29","Yogurt - Plain - Oz.",1,7.1
1427,2026-05-08,"2026-04-29","Extra Credit - Each",77.1,1.06
1427,2026-05-08,"2026-04-29","Mini",1,0
1427,2026-05-08,"2026-04-29","Whole MILK-o",1,5.99
225,2026-05-08,"2026-04-29","UCity Pickup Time - @4:30-5",1,0
225,2026-05-08,"2026-04-29","Arugula - Bag",1,4.25
225,2026-05-08,"2026-04-29","Hoagie - Wednesday - Each",1,3.5
225,2026-05-08,"2026-04-29","Shoots - Sunflower - Bag",1,4.25
225,2026-05-08,"2026-04-29","Strawberries - Qt - Quart",1,8.25
225,2026-05-08,"2026-04-29","Extra Credit - Each",17.75,1.06
1534,2026-05-08,"2026-04-29","Mothership Pickup Time (1.0 @3:30-4) - @3:30-4",1,0
1534,2026-05-08,"2026-04-29","Asparagus - Bunch",1,6.5
1534,2026-05-08,"2026-04-29","Chicken Breasts /lb. - Pack",1,15.47
1534,2026-05-08,"2026-04-29","Eggs - Dozen",1,6.5
1534,2026-05-08,"2026-04-29","Mushrooms (1.0 Shiitake) - Shiitake",1,8.75
1534,2026-05-08,"2026-04-29","Oat Porridge Bread - Wednesday - Loaf",1,9
1534,2026-05-08,"2026-04-29","Strawberries - Qt - Quart",1,8.25
1534,2026-05-08,"2026-04-29","Tortellini - Mushroom - Lb.",1,9
1534,2026-05-08,"2026-04-29","Extra Credit - Each",24.72,1.06
1534,2026-05-08,"2026-04-29","Half",1,84.79
1534,2026-05-08,"2026-04-29","Whole MILK-o",1,8.49
554,2026-05-08,"2026-04-29","Chicken - Links ($10.50) - Each",1,10
554,2026-05-08,"2026-04-29","Clean Plate Pantry Choice ($11.5) - Jar",1,11.5
554,2026-05-08,"2026-04-29","Mushrooms - Choice",1,8.75
554,2026-05-08,"2026-04-29","Potato Chips Choice ($3.00) - Oz.",1,3
554,2026-05-08,"2026-04-29","Half",1,84.79
754,2026-05-08,"2026-04-29","Chicken - Links ($10.50) - Each",1,10
754,2026-05-08,"2026-04-29","Clean Plate Pantry Choice ($11.5) - Jar",1,11.5
754,2026-05-08,"2026-04-29","Mushrooms - Choice",1,8.75
754,2026-05-08,"2026-04-29","Potato Chips Choice ($3.00) - Oz.",1,3
754,2026-05-08,"2026-04-29","Half",1,79.79
240,2026-05-08,"2026-04-29","Mothership Pickup Time (1.0 @3:30-4) - @3:30-4",1,0
240,2026-05-08,"2026-04-29","Ground Beef - D&M - Lb.",1,10.5
240,2026-05-08,"2026-04-29","Honey - Pint - Jar",1,11.5
240,2026-05-08,"2026-04-29","Plant - Basil Italian - Pot",1,4.5
240,2026-05-08,"2026-04-29","Plant - Chocolate Mint - Pot",1,4.5
240,2026-05-08,"2026-04-29","Semolina - Wednesday - Loaf",1,7
240,2026-05-08,"2026-04-29","Shoots - Specialty Mix - Bag",1,4.5
240,2026-05-08,"2026-04-29","FSA/FSD",1,79.79
952,2026-05-08,"2026-04-29","Chicken - Ground - Lb.",1,9
952,2026-05-08,"2026-04-29","Eggs - Dozen",1,6.5
952,2026-05-08,"2026-04-29","Mushrooms - Choice",1,8.75
952,2026-05-08,"2026-04-29","Pizza Choice $8.50 - Each",1,8
952,2026-05-08,"2026-04-29","Pork Snack Stick Choice $10.30 - Each",1,8.25
952,2026-05-08,"2026-04-29","Wildcard $2 - Each",1,2
952,2026-05-08,"2026-04-29","FSA/FSD",1,79.79
37,2026-05-08,"2026-04-29","Mothership Pickup Time (4.0 @5-5:30) - @5-5:30",1,0
37,2026-05-08,"2026-04-29","Asparagus - Bunch",1,6.5
37,2026-05-08,"2026-04-29","Honey - Wildflower - Bottle",1,11.5
37,2026-05-08,"2026-04-29","Lettuce - Bibb - Head",1,3.25
37,2026-05-08,"2026-04-29","Plant - Basil Italian - Pot",1,4.5
37,2026-05-08,"2026-04-29","Plant - Spearmint - Pot",1,4.5
37,2026-05-08,"2026-04-29","Strawberries - Qt - Quart",1,8.25
37,2026-05-08,"2026-04-29","Extra Credit - Each",38.5,1.06
1143,2026-05-08,"2026-04-29","UCity Pickup Time - @4:30-5",1,0
1143,2026-05-08,"2026-04-29","Chicken Links - Lemon Pepper - Lb.",1,10.5
1143,2026-05-08,"2026-04-29","Dark Chocolate Bon Bons - Pack",1,11.55
1143,2026-05-08,"2026-04-29","FF Dish - Saag Paneer - Pint",1,13.5
1143,2026-05-08,"2026-04-29","Mustard (1.0 Onion) - Onion",1,6.05
1143,2026-05-08,"2026-04-29","Plant - Basil Italian - Pot",1,4.5
1143,2026-05-08,"2026-04-29","Extra Credit - Each",2.85,1.06
1143,2026-05-08,"2026-04-29","UCA/KWA",1,79.79
244,2026-05-08,"2026-04-29","Chicken - BULK Breasts /lb. - Pack",1,41.42
244,2026-05-08,"2026-04-29","Pizza - Veggie  - Each",1,8
244,2026-05-08,"2026-04-29","UCity Pickup Time (2.0 @5-5:30) - @5-5:30",1,0
244,2026-05-08,"2026-04-29","Asparagus - Bunch",1,6.5
244,2026-05-08,"2026-04-29","FF Dish - Saag Paneer - Pint",1,13.5
244,2026-05-08,"2026-04-29","Strawberries - Qt - Quart",1,8.25
244,2026-05-08,"2026-04-29","Extra Credit - Each",34.42,1.06
244,2026-05-08,"2026-04-29","UCA/KWA",1,79.79
1689,2026-05-08,"2026-04-29","Eggs - Dozen",1,6.5
1689,2026-05-08,"2026-04-29","Onions - Green - Bunch",1,3.5
1689,2026-05-08,"2026-04-29","Radishes - Bunch - Bunch",1,3.5
1689,2026-05-08,"2026-04-29","Shoots - Sunflower - Bag",1,4.25
1689,2026-05-08,"2026-04-29","Spinach - Bag",1,5
1689,2026-05-08,"2026-04-29","Strawberries - Qt - Quart",1,8.25
1689,2026-05-08,"2026-04-29","Extra Credit - Each",6.25,1.06
1689,2026-05-08,"2026-04-29","Mini",1,53.2
418,2026-05-08,"2026-04-29","UCity Pickup Time - @4:30-5",1,0
418,2026-05-08,"2026-04-29","Applewood Smoked Cheddar - Each",1,6.5
418,2026-05-08,"2026-04-29","Bagels - Plain - Bag",1,6.75
418,2026-05-08,"2026-04-29","Eggs - H - Dozen",1,6.5
418,2026-05-08,"2026-04-29","Marbled Rye -Wednesday - Loaf",1,8.75
418,2026-05-08,"2026-04-29","Oat Groats Organic - Bag",1,3.75
418,2026-05-08,"2026-04-29","Extra Credit - Each",7.5,1.06
418,2026-05-08,"2026-04-29","Mini",1,53.2
1506,2026-05-08,"2026-04-29","UCity Pickup Time - @4:30-5",1,0
1506,2026-05-08,"2026-04-29","Aged Cheddar - HBC - Each",1,6.75
1506,2026-05-08,"2026-04-29","Bok Choy - Bag",1,5
1506,2026-05-08,"2026-04-29","Eggs - Dozen",1,6.5
1506,2026-05-08,"2026-04-29","Ground Beef - D&M - Lb.",3,10.5
1506,2026-05-08,"2026-04-29","Extra Credit - Each",6.5,1.06
1506,2026-05-08,"2026-04-29","UCA/KWA",1,79.79
940,2026-05-08,"2026-04-29","Mothership Pickup Time (3.0 @4:30-5) - @4:30-5",1,0
940,2026-05-08,"2026-04-29","Chicken - Ground - Lb.",1,9
940,2026-05-08,"2026-04-29","Eggs - Dozen",1,6.5
940,2026-05-08,"2026-04-29","Mushrooms - Choice",1,8.75
940,2026-05-08,"2026-04-29","Pizza Choice $8.50 - Each",1,8
940,2026-05-08,"2026-04-29","Pork Snack Stick Choice $10.30 - Each",1,8.25
940,2026-05-08,"2026-04-29","Wildcard $2 - Each",1,2
940,2026-05-08,"2026-04-29","FSA/FSD",1,79.79
883,2026-05-08,"2026-04-29","Mothership Pickup Time (6.0 @6-6:30) - @6-6:30",1,0
883,2026-05-08,"2026-04-29","Ground Beef - D&M - Lb.",1,10.5
883,2026-05-08,"2026-04-29","Lettuce Mix - Bag",1,4.5
883,2026-05-08,"2026-04-29","Pork - Tenderloin/lb - Lb.",1,12.25
883,2026-05-08,"2026-04-29","Extra Credit - Each",2.5,1.06
883,2026-05-08,"2026-04-29","Mini",1,53.2
1871,2026-05-08,"2026-04-30","Chicken - Links ($10.50) - Each",1,10
1871,2026-05-08,"2026-04-30","Clean Plate Pantry Choice ($11.5) - Jar",1,11.5
1871,2026-05-08,"2026-04-30","Mushrooms - Choice",1,8.75
1871,2026-05-08,"2026-04-30","Potato Chips Choice ($3.00) - Oz.",1,3
1871,2026-05-08,"2026-04-30","Half",1,84.79
1217,2026-05-08,"2026-04-30","Cheese Choice $6.75 - Each",1,6.5
1217,2026-05-08,"2026-04-30","Pickles Wildcard ($7.75) - Jar",1,7.75
1217,2026-05-08,"2026-04-30","Pork - Bratwurst  - Pack",1,8.5
1217,2026-05-08,"2026-04-30","Wildcard $2 - Each",1,2
1217,2026-05-08,"2026-04-30","Mini",1,53.2
1891,2026-05-08,"2026-04-30","Kirkwood Pickup Time (2.0 @1:30-2) - @1:30-2",1,0
1891,2026-05-08,"2026-04-30","Asparagus - Bunch",1,6.5
1891,2026-05-08,"2026-04-30","Eggs - Dozen",1,6.5
1891,2026-05-08,"2026-04-30","Lettuce - Bibb - Head",1,3.25
1891,2026-05-08,"2026-04-30","Mushrooms (1.0 Oyster) - Oyster",1,8.75
1891,2026-05-08,"2026-04-30","Ravioli - 4-Cheese - Lb.",1,9.15
1891,2026-05-08,"2026-04-30","Spinach - Bag",1,5
1891,2026-05-08,"2026-04-30","Tortellini - Cheese - Lb.",1,9.15
1891,2026-05-08,"2026-04-30","Extra Credit - Each",5.05,1.06
1891,2026-05-08,"2026-04-30","UCA/KWA",1,79.79
1196,2026-05-08,"2026-04-30","Kirkwood Pickup Time - @1-1:30",1,0
1196,2026-05-08,"2026-04-30","Bacon - Uncured/lb - Pack",1,16.32
1196,2026-05-08,"2026-04-30","Bagels - Sesame Seed - BU - Bag",1,11
1196,2026-05-08,"2026-04-30","Eggs - Dozen",1,6.5
1196,2026-05-08,"2026-04-30","Kuva Ethiopian - Bag",1,16
1196,2026-05-08,"2026-04-30","Onions - Green - Bunch",1,3.5
1196,2026-05-08,"2026-04-30","Pork - Bratwurst  - Pack",1,8.5
1196,2026-05-08,"2026-04-30","Pork Cutlet - Wee  - Each",1,7.6
1196,2026-05-08,"2026-04-30","Shoots - Specialty Mix - Bag",1,4.5
1196,2026-05-08,"2026-04-30","Spinach - Bag",1,5
1196,2026-05-08,"2026-04-30","Strawberries - Qt - Quart",1,8.25
1196,2026-05-08,"2026-04-30","Extra Credit - Each",62.42,1.06
1196,2026-05-08,"2026-04-30","Mini",1,53.2
237,2026-05-08,"2026-04-30","Mothership Pickup Time (5.0 @5:30-6) - @5:30-6",1,0
237,2026-05-08,"2026-04-30","Aged Cheddar - HBC - Each",1,6.75
237,2026-05-08,"2026-04-30","Cinnamon Rolls - Frozen - Pack",1,6.55
237,2026-05-08,"2026-04-30","Pork - Bratwurst  - Pack",1,8.5
237,2026-05-08,"2026-04-30","Seedy Wheaty - Frozen - Loaf",1,3.75
237,2026-05-08,"2026-04-30","Extra Credit - Each",0.8,1.06
237,2026-05-08,"2026-04-30","Mini",1,53.2
192,2026-05-08,"2026-04-30","Kirkwood Pickup Time (2.0 @1:30-2) - @1:30-2",1,0
192,2026-05-08,"2026-04-30","Curds Creamy Ranch 10 oz - Bag",1,6.75
192,2026-05-08,"2026-04-30","Eggs - Dozen",2,6.5
192,2026-05-08,"2026-04-30","Strawberries - Qt - Quart",1,8.25
192,2026-05-08,"2026-04-30","Extra Credit - Each",3.25,1.06
192,2026-05-08,"2026-04-30","Mini",1,53.2
192,2026-05-08,"2026-04-30","2% MILK",2,8.49
1977,2026-05-08,"2026-04-30","Mothership Pickup Time (1.0 @3:30-4) - @3:30-4",1,0
1977,2026-05-08,"2026-04-30","Asparagus - Bunch",1,6.5
1977,2026-05-08,"2026-04-30","Eggs - Dozen",2,6.5
1977,2026-05-08,"2026-04-30","Plant - Basil Italian - Pot",1,4.5
1977,2026-05-08,"2026-04-30","Plant - Cilantro  - Pot",1,4.5
1977,2026-05-08,"2026-04-30","Spinach - Bag",1,5
1977,2026-05-08,"2026-04-30","Extra Credit - Each",0.25,1.06
1977,2026-05-08,"2026-04-30","Half",1,84.79
208,2026-05-08,"2026-04-30","Mothership Pickup Time (6.0 @6-6:30) - @6-6:30",1,0
208,2026-05-08,"2026-04-30","Bagels - Blueberry - BU - Bag",1,11
208,2026-05-08,"2026-04-30","Chicken - Links ($10.50) - Each",1,10
208,2026-05-08,"2026-04-30","Chips - Tortilla - Bag",1,4.25
208,2026-05-08,"2026-04-30","Clean Plate Pantry Choice ($11.5) - Jar",1,11.5
208,2026-05-08,"2026-04-30","Curds Jalapeno Habanero 10 oz - Bag",1,6.75
208,2026-05-08,"2026-04-30","Ground Lamb  - Lb.",1,15
208,2026-05-08,"2026-04-30","Manicotti - Spinach - Package",1,9.8
208,2026-05-08,"2026-04-30","Marinara Sauce - Jar",1,8.75
208,2026-05-08,"2026-04-30","Mushrooms - Choice",1,8.75
208,2026-05-08,"2026-04-30","Oat Porridge Bread - T - Each",1,9
208,2026-05-08,"2026-04-30","Potato Chips Choice ($3.00) - Oz.",1,3
208,2026-05-08,"2026-04-30","Extra Credit - Each",64.55,1.06
208,2026-05-08,"2026-04-30","Half",1,84.79
1075,2026-05-08,"2026-04-30","Ground Turkey - Pack",2,9
1075,2026-05-08,"2026-04-30","Kirkwood Pickup Time (3.0 @2-2:30) - @2-2:30",1,0
1075,2026-05-08,"2026-04-30","Lettuce - Bibb - Head",1,3.25
1075,2026-05-08,"2026-04-30","Lettuce Mix - Bag",1,4.5
1075,2026-05-08,"2026-04-30","Oat Groats Organic - Bag",1,3.75
1075,2026-05-08,"2026-04-30","Shoots - Sunflower - Bag",1,4.25
1075,2026-05-08,"2026-04-30","Extra Credit - Each",0.5,1.06
1075,2026-05-08,"2026-04-30","Half",1,68.89
1075,2026-05-08,"2026-04-30","2% MILK-o",1,8.49
1489,2026-05-08,"2026-04-30","Asparagus - Bunch",1,6.5
1489,2026-05-08,"2026-04-30","Eggs - Dozen",2,6.5
1489,2026-05-08,"2026-04-30","Hoagie - T - Each",1,3.5
1489,2026-05-08,"2026-04-30","Lettuce Head - Head",1,4.25
1489,2026-05-08,"2026-04-30","Spinach - Bag",1,5
1489,2026-05-08,"2026-04-30","Half",1,68.89
1386,2026-05-08,"2026-04-30","Ground Turkey - Pack",1,9
1386,2026-05-08,"2026-04-30","Asparagus - Bunch",1,6.5
1386,2026-05-08,"2026-04-30","Chicken Breasts /lb. - Pack",1,13.09
1386,2026-05-08,"2026-04-30","Marinara Sauce - Jar",1,8.75
1386,2026-05-08,"2026-04-30","Mushrooms (1.0 Shiitake) - Shiitake",1,8.75
1386,2026-05-08,"2026-04-30","Strawberries - Qt - Quart",1,8.25
1386,2026-05-08,"2026-04-30","Extra Credit - Each",11.09,1.06
1386,2026-05-08,"2026-04-30","UCA/KWA",1,79.79
282,2026-05-08,"2026-04-30","Chicken - Links ($10.50) - Each",1,10
282,2026-05-08,"2026-04-30","Clean Plate Pantry Choice ($11.5) - Jar",1,11.5
282,2026-05-08,"2026-04-30","Mushrooms - Choice",1,8.75
282,2026-05-08,"2026-04-30","Potato Chips Choice ($3.00) - Oz.",1,3
282,2026-05-08,"2026-04-30","Half",1,84.79
970,2026-05-08,"2026-04-30","Cheese Choice $6.75 - Each",1,6.5
970,2026-05-08,"2026-04-30","Pickles Wildcard ($7.75) - Jar",1,7.75
970,2026-05-08,"2026-04-30","Pork - Bratwurst  - Pack",1,8.5
970,2026-05-08,"2026-04-30","Wildcard $2 - Each",1,2
970,2026-05-08,"2026-04-30","Mini",1,53.2
1488,2026-05-08,"2026-04-30","Milk - 2%  - Oz.",1,8.32
1488,2026-05-08,"2026-04-30","Dark Chocolate Salted Bark - Pack",1,6.6
1488,2026-05-08,"2026-04-30","Marinara Sauce - Jar",1,8.75
1488,2026-05-08,"2026-04-30","Plant - Calendula - Pot",1,4.5
1488,2026-05-08,"2026-04-30","Plant - Nasturtium - Pot",1,4.5
1488,2026-05-08,"2026-04-30","Pork - Ground  - Lb.",1,7.5
1488,2026-05-08,"2026-04-30","Strawberries - Qt - Quart",1,8.25
1488,2026-05-08,"2026-04-30","Extra Credit - Each",5.17,1.06
1488,2026-05-08,"2026-04-30","UCA/KWA",1,79.79
1488,2026-05-08,"2026-04-30","2% MILK",1,8.49
566,2026-05-08,"2026-04-30","Chicken - Links ($10.50) - Each",1,10
566,2026-05-08,"2026-04-30","Clean Plate Pantry Choice ($11.5) - Jar",1,11.5
566,2026-05-08,"2026-04-30","Mushrooms - Choice",1,8.75
566,2026-05-08,"2026-04-30","Potato Chips Choice ($3.00) - Oz.",1,3
566,2026-05-08,"2026-04-30","Half",1,84.79
287,2026-05-08,"2026-04-30","Mothership Pickup Time (1.0 @3:30-4) - @3:30-4",1,0
287,2026-05-08,"2026-04-30","Asparagus - Bunch",1,6.5
287,2026-05-08,"2026-04-30","Beets - Pickled - Quart",1,8.5
287,2026-05-08,"2026-04-30","Chicken - Ground - Lb.",1,9
287,2026-05-08,"2026-04-30","Mushrooms - Choice",1,8.75
287,2026-05-08,"2026-04-30","Plant - Nasturtium - Pot",2,4.5
287,2026-05-08,"2026-04-30","Strawberries - Qt - Quart",1,8.25
287,2026-05-08,"2026-04-30","Thick Cut Dill Pickles - Quart",1,7.75
287,2026-05-08,"2026-04-30","Wildcard $2 - Each",1,2
287,2026-05-08,"2026-04-30","Extra Credit - Each",17.25,1.06
287,2026-05-08,"2026-04-30","FSA/FSD",1,79.79
1684,2026-05-08,"2026-04-30","Bacon - Each",1,13.5
1684,2026-05-08,"2026-04-30","Lettuce Mix - Bag",1,4.5
1684,2026-05-08,"2026-04-30","Mushrooms - Choice",1,8.75
1684,2026-05-08,"2026-04-30","Potato Chips Choice ($3.00) - Oz.",1,3
1684,2026-05-08,"2026-04-30","Shoots - Sunflower - Bag",1,4.25
1684,2026-05-08,"2026-04-30","Extra Credit - Each",0.75,1.06
1684,2026-05-08,"2026-04-30","Half",1,68.89
1970,2026-05-08,"2026-04-30","Kirkwood Pickup Time (3.0 @2-2:30) - @2-2:30",1,0
1970,2026-05-08,"2026-04-30","Apple Sauce - w/sugar - qt. - Jar",1,7.75
1970,2026-05-08,"2026-04-30","Curds Applewood Smoked 10 oz - Bag",1,6.75
1970,2026-05-08,"2026-04-30","Hoagie - T - Each",1,3.5
1970,2026-05-08,"2026-04-30","Pork Italian Bulk - D&M - Lb.",1,8.5
1970,2026-05-08,"2026-04-30","Strawberries - Qt - Quart",1,8.25
1970,2026-05-08,"2026-04-30","Extra Credit - Each",10,1.06
1970,2026-05-08,"2026-04-30","Mini",1,53.2
1671,2026-05-08,"2026-04-30","Eggs - BW - Dozen",1,6.5
1671,2026-05-08,"2026-04-30","Mothership Pickup Time (3.0 @4:30-5) - @4:30-5",1,0
1671,2026-05-08,"2026-04-30","Pork - Bratwurst  - Pack",1,8.5
1671,2026-05-08,"2026-04-30","Radishes - Bunch - Bunch",1,3.5
1671,2026-05-08,"2026-04-30","Strawberries - Qt - Quart",1,8.25
1671,2026-05-08,"2026-04-30","Yogurt - Plain - Oz.",1,7.1
1671,2026-05-08,"2026-04-30","Extra Credit - Each",9.1,1.06
1671,2026-05-08,"2026-04-30","Mini",1,53.2
123,2026-05-08,"2026-04-30","Marinara Sauce - Jar",1,8.75
123,2026-05-08,"2026-04-30","Olive Oil Large - Bottle",1,18.5
123,2026-05-08,"2026-04-30","Pasta Wildcard $6.50 - Pack",1,6.5
123,2026-05-08,"2026-04-30","Pork - Ground  - Lb.",1,7.5
123,2026-05-08,"2026-04-30","Wildcard $2 - Each",1,2
123,2026-05-08,"2026-04-30","UCA/KWA",1,79.79
467,2026-05-08,"2026-04-30","Kirkwood Pickup Time - @1-1:30",1,0
467,2026-05-08,"2026-04-30","Asparagus - Bunch",1,6.5
467,2026-05-08,"2026-04-30","Ghost Pepper Cheddar - Each",2,6.75
467,2026-05-08,"2026-04-30","Plant - Cilantro  - Pot",1,4.5
467,2026-05-08,"2026-04-30","Plant - Dill - Pot",1,4.5
467,2026-05-08,"2026-04-30","Spinach - Bag",1,5
467,2026-05-08,"2026-04-30","Extra Credit - Each",9.25,1.06
467,2026-05-08,"2026-04-30","Mini",1,53.2
1522,2026-05-08,"2026-04-30","Milk - Whole - Oz.",1,8.32
1522,2026-05-08,"2026-04-30","Apple Sauce - w/sugar - qt. - Jar",1,7.75
1522,2026-05-08,"2026-04-30","Marshmallow Pie - Each",1,8.25
1522,2026-05-08,"2026-04-30","Extra Credit - Each",24.32,1.06
32,2026-05-08,"2026-04-30","Ground Turkey - Pack",1,9
32,2026-05-08,"2026-04-30","Milk - 2%  - Oz.",1,8.32
32,2026-05-08,"2026-04-30","Mothership Pickup Time (3.0 @4:30-5) - @4:30-5",1,0
32,2026-05-08,"2026-04-30","Food For FS Cats Donation - $",1,1
32,2026-05-08,"2026-04-30","Applewood Smoked Cheddar - Each",1,6.5
32,2026-05-08,"2026-04-30","Bagels - Everything - Bag",1,6.75
32,2026-05-08,"2026-04-30","Chicken - Thighs /lbs  - lbs",1,13.32
32,2026-05-08,"2026-04-30","Eggs - Dozen",2,6.5
32,2026-05-08,"2026-04-30","Granola Bar - Each",1,5.7
32,2026-05-08,"2026-04-30","Lettuce Mix - Bag",1,4.5
32,2026-05-08,"2026-04-30","Milk Choc. Peanut Butter Bark - Pack",1,6.6
32,2026-05-08,"2026-04-30","Mushrooms - Choice",1,8.75
32,2026-05-08,"2026-04-30","Pizza Choice $8.50 - Each",1,8
32,2026-05-08,"2026-04-30","Shoots - Specialty Mix - Bag",1,4.5
32,2026-05-08,"2026-04-30","Shoots - Sunflower - Bag",1,4.25
32,2026-05-08,"2026-04-30","Wildcard $2 - Each",1,2
32,2026-05-08,"2026-04-30","Extra Credit - Each",59.69,1.06
32,2026-05-08,"2026-04-30","FSA/FSD",1,79.79
31,2026-05-08,"2026-04-30","Plant - Thai Basil - Pot",1,4.5
31,2026-05-08,"2026-04-30","Mothership Pickup Time (2.0 @4-4:30) - @4-4:30",1,0
31,2026-05-08,"2026-04-30","$ for green bags donation - $",1,1
31,2026-05-08,"2026-04-30","Eggs - Dozen",1,6.5
31,2026-05-08,"2026-04-30","Mushrooms - Choice",1,8.75
31,2026-05-08,"2026-04-30","Plant - Basil Italian - Pot",1,4.5
31,2026-05-08,"2026-04-30","Plant - English Thyme - Pot",1,4.5
31,2026-05-08,"2026-04-30","Plant - Oregano - Pot",1,4.5
31,2026-05-08,"2026-04-30","Plant - Peppermint - Pot",1,4.5
31,2026-05-08,"2026-04-30","Spinach - Bag",1,5
31,2026-05-08,"2026-04-30","Extra Credit - Each",3,1.06
31,2026-05-08,"2026-04-30","Half",1,64.79
31,2026-05-08,"2026-04-30","2% MILK",2,8.49
1102,2026-05-08,"2026-04-30","Chicken - Links ($10.50) - Each",1,10
1102,2026-05-08,"2026-04-30","Clean Plate Pantry Choice ($11.5) - Jar",1,11.5
1102,2026-05-08,"2026-04-30","Mushrooms - Choice",1,8.75
1102,2026-05-08,"2026-04-30","Potato Chips Choice ($3.00) - Oz.",1,3
1102,2026-05-08,"2026-04-30","Half",1,84.79
1857,2026-05-08,"2026-04-30","Mothership Pickup Time (5.0 @5:30-6) - @5:30-6",1,0
1857,2026-05-08,"2026-04-30","Asparagus - Bunch",1,6.5
1857,2026-05-08,"2026-04-30","Chicken - Ground - Lb.",1,9
1857,2026-05-08,"2026-04-30","Eggs - Dozen",2,6.5
1857,2026-05-08,"2026-04-30","Hoagie - T - Each",1,3.5
1857,2026-05-08,"2026-04-30","Pizza Choice $8.50 - Each",1,8
1857,2026-05-08,"2026-04-30","Shoots - Sunflower - Bag",1,4.25
1857,2026-05-08,"2026-04-30","Extra Credit - Each",1.75,1.06
1857,2026-05-08,"2026-04-30","FSA/FSD",1,79.79
1131,2026-05-08,"2026-04-30","Pizza - Pepperoni  - Each",1,8
1131,2026-05-08,"2026-04-30","Mothership Pickup Time (1.0 @3:30-4) - @3:30-4",1,0
1131,2026-05-08,"2026-04-30","Asparagus - Bunch",1,6.5
1131,2026-05-08,"2026-04-30","Chicken Links - Andouille  - Lb.",1,10.5
1131,2026-05-08,"2026-04-30","Mushrooms - Chestnut - Bag",1,8.75
1131,2026-05-08,"2026-04-30","Extra Credit - Each",0.5,1.06
1131,2026-05-08,"2026-04-30","Half",1,84.79
1622,2026-05-08,"2026-04-30","Dark Chocolate Almond Bar - Pack",1,4.95
1622,2026-05-08,"2026-04-30","Feta Cheese - HBC - Each",1,6.75
1622,2026-05-08,"2026-04-30","Pork - Bratwurst  - Pack",1,8.5
1622,2026-05-08,"2026-04-30","Sweet Dill Pickles - Quart",1,7.75
1622,2026-05-08,"2026-04-30","Extra Credit - Each",3.2,1.06
1622,2026-05-08,"2026-04-30","Mini",1,53.2
1047,2026-05-08,"2026-04-30","Mothership Pickup Time (1.0 @3:30-4) - @3:30-4",1,0
1047,2026-05-08,"2026-04-30","Asparagus - Bunch",1,6.5
1047,2026-05-08,"2026-04-30","Bagel Chips - Bag",1,9.75
1047,2026-05-08,"2026-04-30","Curry Sauce (1.0 Red) - Red",1,11.5
1047,2026-05-08,"2026-04-30","Mushrooms - Choice",1,8.75
1047,2026-05-08,"2026-04-30","Potato Chips Choice ($3.00) - Oz.",1,3
1047,2026-05-08,"2026-04-30","Semolina - T - Loaf",1,7
1047,2026-05-08,"2026-04-30","Extra Credit - Each",13.25,1.06
1047,2026-05-08,"2026-04-30","Half",1,84.79
11,2026-05-08,"2026-04-30","Milk - Whole - Oz.",1,8.32
11,2026-05-08,"2026-04-30","Eggs - Dozen",1,6.5
11,2026-05-08,"2026-04-30","Pork Hot Dogs - Each",2,7.5
11,2026-05-08,"2026-04-30","Semolina - T - Loaf",1,7
11,2026-05-08,"2026-04-30","Strawberries - Qt - Quart",1,8.25
11,2026-05-08,"2026-04-30","Extra Credit - Each",2.57,1.06
11,2026-05-08,"2026-04-30","FSA/FSD",1,79.79
471,2026-05-08,"2026-04-30","Chicken - Ground - Lb.",1,9
471,2026-05-08,"2026-04-30","Eggs - Dozen",1,6.5
471,2026-05-08,"2026-04-30","Mushrooms - Choice",1,8.75
471,2026-05-08,"2026-04-30","Pizza Choice $8.50 - Each",1,8
471,2026-05-08,"2026-04-30","Pork Snack Stick Choice $10.30 - Each",1,8.25
471,2026-05-08,"2026-04-30","Wildcard $2 - Each",1,2
471,2026-05-08,"2026-04-30","FSA/FSD",1,79.79
1593,2026-05-08,"2026-04-30","Chicken - BULK Breasts /lb. - Pack",1,8.25
1593,2026-05-08,"2026-04-30","Mothership Pickup Time (5.0 @5:30-6) - @5:30-6",1,0
1593,2026-05-08,"2026-04-30","Radishes - Bunch - Bunch",1,3.5
1593,2026-05-08,"2026-04-30","Strawberries - Qt - Quart",1,8.25
1593,2026-05-08,"2026-04-30","Mini",1,53.2
1839,2026-05-08,"2026-04-30","No Produce - Order Only (odd wk)",1,0
1487,2026-05-08,"2026-04-30","Kirkwood Pickup Time - @1-1:30",1,0
1487,2026-05-08,"2026-04-30","Chicken - Ground - Lb.",1,9
1487,2026-05-08,"2026-04-30","Plant - Basil Italian - Pot",1,4.5
1487,2026-05-08,"2026-04-30","Plant - Cilantro  - Pot",1,4.5
1487,2026-05-08,"2026-04-30","Plant - Lavender - Pot",1,4.5
1487,2026-05-08,"2026-04-30","Plant - Marigolds Dwarf - Pot",1,4.5
1487,2026-05-08,"2026-04-30","Plant - Parsley - Pot",1,4.5
1487,2026-05-08,"2026-04-30","Plant - Spearmint - Pot",1,4.5
1487,2026-05-08,"2026-04-30","Extra Credit - Each",2.75,1.06
1487,2026-05-08,"2026-04-30","Half",1,68.89
1487,2026-05-08,"2026-04-30","2% MILK-o",1,8.49
514,2026-05-08,"2026-04-30","Beets - Pickled - Quart",1,8.5
514,2026-05-08,"2026-04-30","Eggs - Dozen",2,6.5
514,2026-05-08,"2026-04-30","Lettuce - Bibb - Head",1,3.25
514,2026-05-08,"2026-04-30","Light and Mild - T - Loaf",1,8.25
514,2026-05-08,"2026-04-30","Shoots - Specialty Mix - Bag",1,4.5
514,2026-05-08,"2026-04-30","Strawberries - Qt - Quart",1,8.25
514,2026-05-08,"2026-04-30","Extra Credit - Each",21,1.06
514,2026-05-08,"2026-04-30","Mini",1,53.2
961,2026-05-08,"2026-04-30","Potato Chips Original - Mini - Oz.",1,1.5
961,2026-05-08,"2026-04-30","Aged Cheddar - HBC - Each",1,6.75
961,2026-05-08,"2026-04-30","Pork - Bratwurst  - Pack",1,8.5
961,2026-05-08,"2026-04-30","Thick Cut Dill Pickles - Quart",1,7.75
961,2026-05-08,"2026-04-30","Mini",1,53.2
761,2026-05-08,"2026-04-30","Asparagus - Bunch",1,6.5
761,2026-05-08,"2026-04-30","Janie's Bread - Thursday - Each",1,7
761,2026-05-08,"2026-04-30","Lettuce - Bibb - Head",1,3.25
761,2026-05-08,"2026-04-30","Mushrooms - Choice",1,8.75
761,2026-05-08,"2026-04-30","Mushrooms (1.0 Lion's Mane) - Lion's Mane",1,8.75
761,2026-05-08,"2026-04-30","Plant - Basil Italian - Pot",1,4.5
761,2026-05-08,"2026-04-30","Radishes - Purple Heart - Bunch",1,5.25
761,2026-05-08,"2026-04-30","Extra Credit - Each",1.5,1.06
761,2026-05-08,"2026-04-30","FSA/FSD",1,79.79
1476,2026-05-08,"2026-04-30","Kirkwood Pickup Time - @1-1:30",1,0
1476,2026-05-08,"2026-04-30","Eggs - Dozen",1,6.5
1476,2026-05-08,"2026-04-30","German Quark HBC - Jar",1,6.75
1476,2026-05-08,"2026-04-30","Lettuce - Bibb - Head",1,3.25
1476,2026-05-08,"2026-04-30","Radishes - Bunch - Bunch",1,3.5
1476,2026-05-08,"2026-04-30","Strawberries - Qt - Quart",1,8.25
1476,2026-05-08,"2026-04-30","Extra Credit - Each",3.5,1.06
1476,2026-05-08,"2026-04-30","Mini",1,53.2
82,2026-05-08,"2026-04-30","Kirkwood Pickup Time - @1-1:30",1,0
82,2026-05-08,"2026-04-30","Marinara Sauce - Jar",1,8.75
82,2026-05-08,"2026-04-30","Mushrooms - Hen of the Woods/Maitake - Bag",1,8.75
82,2026-05-08,"2026-04-30","Pasta Bi-color Short - Lb.",1,6.5
82,2026-05-08,"2026-04-30","Popped Corn - Organic - Bag",1,3
82,2026-05-08,"2026-04-30","Pork - Ground  - Lb.",1,7.5
82,2026-05-08,"2026-04-30","RL Chocolate Milk - Bottle",1,2.75
82,2026-05-08,"2026-04-30","Strawberries - Qt - Quart",1,8.25
82,2026-05-08,"2026-04-30","Extra Credit - Each",2.25,1.06
82,2026-05-08,"2026-04-30","UCA/KWA",1,79.79
502,2026-05-08,"2026-04-30","Pizza - Sausage Pepperoni - Each",1,8
502,2026-05-08,"2026-04-30","Mothership Pickup Time (4.0 @5-5:30) - @5-5:30",1,0
502,2026-05-08,"2026-04-30","Cooler Donation - $",1,1
502,2026-05-08,"2026-04-30","Asparagus - Bunch",1,6.5
502,2026-05-08,"2026-04-30","Eggs - Dozen",1,6.5
502,2026-05-08,"2026-04-30","Mushrooms (1.0 Oyster) - Oyster",1,8.75
502,2026-05-08,"2026-04-30","Onions - Green - Bunch",1,3.5
502,2026-05-08,"2026-04-30","Strawberries - Qt - Quart",1,8.25
502,2026-05-08,"2026-04-30","FSA/FSD",1,79.79
238,2026-05-08,"2026-04-30","Chicken - Ground - Lb.",1,9
238,2026-05-08,"2026-04-30","Eggs - Dozen",1,6.5
238,2026-05-08,"2026-04-30","Mushrooms - Choice",1,8.75
238,2026-05-08,"2026-04-30","Pizza Choice $8.50 - Each",1,8
238,2026-05-08,"2026-04-30","Pork Snack Stick Choice $10.30 - Each",1,8.25
238,2026-05-08,"2026-04-30","Wildcard $2 - Each",1,2
238,2026-05-08,"2026-04-30","FSA/FSD",1,79.79
549,2026-05-08,"2026-04-30","Chicken - Ground - Lb.",1,9
549,2026-05-08,"2026-04-30","Eggs - Dozen",1,6.5
549,2026-05-08,"2026-04-30","Mushrooms - Choice",1,8.75
549,2026-05-08,"2026-04-30","Pizza Choice $8.50 - Each",1,8
549,2026-05-08,"2026-04-30","Pork Snack Stick Choice $10.30 - Each",1,8.25
549,2026-05-08,"2026-04-30","Wildcard $2 - Each",1,2
549,2026-05-08,"2026-04-30","FSA/FSD",1,79.79
401,2026-05-08,"2026-04-30","Mothership Pickup Time (1.0 @3:30-4) - @3:30-4",1,0
401,2026-05-08,"2026-04-30","Bok Choy - Bag",1,5
401,2026-05-08,"2026-04-30","Cheese Choice $6.75 - Each",1,6.5
401,2026-05-08,"2026-04-30","Radishes - Bunch - Bunch",1,3.5
401,2026-05-08,"2026-04-30","Radishes - Purple Heart - Bunch",1,5.25
401,2026-05-08,"2026-04-30","Shoots - Sunflower - Bag",1,4.25
401,2026-05-08,"2026-04-30","Strawberries - Qt - Quart",1,8.25
401,2026-05-08,"2026-04-30","Wildcard $2 - Each",1,2
401,2026-05-08,"2026-04-30","Extra Credit - Each",10,1.06
401,2026-05-08,"2026-04-30","Mini",1,53.2
1268,2026-05-08,"2026-04-30","Half & Half - Pint",2,4.75
1268,2026-05-08,"2026-04-30","Mothership Pickup Time (1.0 @3:30-4) - @3:30-4",1,0
1268,2026-05-08,"2026-04-30","Asparagus - Bunch",1,6.5
1268,2026-05-08,"2026-04-30","RL Chocolate Milk - Bottle",2,2.75
1268,2026-05-08,"2026-04-30","Strawberries - Qt - Quart",1,8.25
1268,2026-05-08,"2026-04-30","Yogurt - Vanilla - Oz.",1,7.1
1268,2026-05-08,"2026-04-30","Extra Credit - Each",3.6,1.06
1268,2026-05-08,"2026-04-30","Half",1,84.79
1879,2026-05-08,"2026-04-30","Mothership Pickup Time (3.0 @4:30-5) - @4:30-5",1,0
1879,2026-05-08,"2026-04-30","Bok Choy - Bag",1,5
1879,2026-05-08,"2026-04-30","Feta Cheese - HBC - Each",1,6.75
1879,2026-05-08,"2026-04-30","Pickles Wildcard ($7.75) - Jar",1,7.75
1879,2026-05-08,"2026-04-30","Pork - Bratwurst  - Pack",1,8.5
1879,2026-05-08,"2026-04-30","Extra Credit - Each",3.25,1.06
1879,2026-05-08,"2026-04-30","Mini",1,53.2
493,2026-05-08,"2026-04-30","No Produce - Order Only (odd wk)",1,0
807,2026-05-08,"2026-04-30","Chicken - Whole $5.00/lb. - Each",1,20.8
807,2026-05-08,"2026-04-30","Marinara Sauce - Jar",1,8.75
807,2026-05-08,"2026-04-30","Olive Oil Large - Bottle",1,18.5
807,2026-05-08,"2026-04-30","Pork - Ground  - Lb.",1,7.5
807,2026-05-08,"2026-04-30","Tortellini - Mushroom - Lb.",1,9
807,2026-05-08,"2026-04-30","Yogurt - Plain - Oz.",1,7.1
807,2026-05-08,"2026-04-30","Extra Credit - Each",28.4,1.06
807,2026-05-08,"2026-04-30","UCA/KWA",1,79.79
807,2026-05-08,"2026-04-30","2% MILK",1,8.49
245,2026-05-08,"2026-04-30","Mothership Pickup Time (1.0 @3:30-4) - @3:30-4",1,0
245,2026-05-08,"2026-04-30","Chicken - Links ($10.50) - Each",1,10
245,2026-05-08,"2026-04-30","Manicotti - Spinach - Package",1,9.8
245,2026-05-08,"2026-04-30","Mushrooms - Choice",1,8.75
245,2026-05-08,"2026-04-30","Semolina - T - Loaf",1,7
245,2026-05-08,"2026-04-30","Extra Credit - Each",2.3,1.06
245,2026-05-08,"2026-04-30","Half",1,84.79
804,2026-05-08,"2026-04-30","Kirkwood Pickup Time - @1-1:30",1,0
804,2026-05-08,"2026-04-30","Chicken - Links ($10.50) - Each",1,10
804,2026-05-08,"2026-04-30","Hoagie - T - Each",1,3.5
804,2026-05-08,"2026-04-30","Janie's Bread - Thursday - Each",1,7
804,2026-05-08,"2026-04-30","Mushrooms - Choice",1,8.75
804,2026-05-08,"2026-04-30","Sesame Hoagie - T - Each",1,3.8
804,2026-05-08,"2026-04-30","Half",1,68.89
1419,2026-05-08,"2026-04-30","Kirkwood Pickup Time (2.0 @1:30-2) - @1:30-2",1,0
1419,2026-05-08,"2026-04-30","Semolina - T - Loaf",1,7
1419,2026-05-08,"2026-04-30","Extra Credit - Each",7,1.06
1766,2026-05-08,"2026-04-30","Half & Half - Pint",1,4.75
1766,2026-05-08,"2026-04-30","Kirkwood Pickup Time - @1-1:30",1,0
1766,2026-05-08,"2026-04-30","Bok Choy - Bag",1,5
1766,2026-05-08,"2026-04-30","German Quark HBC - Jar",1,6.75
1766,2026-05-08,"2026-04-30","Mushrooms - Choice",1,8.75
1766,2026-05-08,"2026-04-30","Strawberries - Qt - Quart",1,8.25
1766,2026-05-08,"2026-04-30","Extra Credit - Each",0.25,1.06
1766,2026-05-08,"2026-04-30","Half",1,68.89
1941,2026-05-08,"2026-04-30","Aged Cheddar - HBC - Each",1,6.75
1941,2026-05-08,"2026-04-30","Collards - Bunch",1,5
1941,2026-05-08,"2026-04-30","Eggs - Dozen",1,6.5
1941,2026-05-08,"2026-04-30","Radishes - Bunch - Bunch",1,3.5
1941,2026-05-08,"2026-04-30","Spinach - Bag",1,5
1941,2026-05-08,"2026-04-30","Extra Credit - Each",2,1.06
1941,2026-05-08,"2026-04-30","Mini",1,53.2
293,2026-05-08,"2026-04-30","Salsa - Gringo's Medium - Pint",1,5
293,2026-05-08,"2026-04-30","Mothership Pickup Time (6.0 @6-6:30) - @6-6:30",1,0
293,2026-05-08,"2026-04-30","Chicken Links - Lemon Pepper - Lb.",2,10.5
293,2026-05-08,"2026-04-30","Chicken Links - Sundried Tomato - lbs",1,10.5
293,2026-05-08,"2026-04-30","Eggs - Dozen",1,6.5
293,2026-05-08,"2026-04-30","Extra Credit - Each",0.5,1.06
293,2026-05-08,"2026-04-30","FSA/FSD",1,79.79
310,2026-05-08,"2026-04-30","Chicken - BULK Breasts /lb. - Pack",1,41.58
310,2026-05-08,"2026-04-30","Mothership Pickup Time (1.0 @3:30-4) - @3:30-4",1,0
310,2026-05-08,"2026-04-30","Asparagus - Bunch",1,6.5
310,2026-05-08,"2026-04-30","Chicken - Ground - Lb.",2,9
310,2026-05-08,"2026-04-30","Eggs - Dozen",2,6.5
310,2026-05-08,"2026-04-30","Lettuce Mix - Bag",1,4.5
310,2026-05-08,"2026-04-30","Strawberries - Qt - Quart",1,8.25
310,2026-05-08,"2026-04-30","Extra Credit - Each",49.33,1.06
310,2026-05-08,"2026-04-30","FSA/FSD",1,79.79
310,2026-05-08,"2026-04-30","Skim MILK",2,8.49
1271,2026-05-08,"2026-04-30","Mothership Pickup Time (2.0 @4-4:30) - @4-4:30",1,0
1271,2026-05-08,"2026-04-30","Curds Jalapeno Habanero 10 oz - Bag",1,6.75
1271,2026-05-08,"2026-04-30","Eggs - Dozen",1,6.5
1271,2026-05-08,"2026-04-30","Hoagie - T - Each",1,3.5
1271,2026-05-08,"2026-04-30","Plant - Cilantro  - Pot",1,4.5
1271,2026-05-08,"2026-04-30","Plant - Marigolds Dwarf - Pot",2,4.5
1271,2026-05-08,"2026-04-30","Plant - Rosemary - Pot",1,4.5
1271,2026-05-08,"2026-04-30","Sesame Hoagie - T - Each",1,3.8
1271,2026-05-08,"2026-04-30","Extra Credit - Each",5.3,1.06
1271,2026-05-08,"2026-04-30","Half",1,84.79
634,2026-05-08,"2026-04-30","Kirkwood Pickup Time - @1-1:30",1,0
634,2026-05-08,"2026-04-30","Aged Cheddar - HBC - Each",1,6.75
634,2026-05-08,"2026-04-30","Chicken - Breakfast Links - Each",1,10.5
634,2026-05-08,"2026-04-30","Strawberries - Qt - Quart",1,8.25
634,2026-05-08,"2026-04-30","Extra Credit - Each",0.75,1.06
634,2026-05-08,"2026-04-30","Mini",1,53.2
861,2026-05-08,"2026-04-30","Kirkwood Pickup Time (3.0 @2-2:30) - @2-2:30",1,0
861,2026-05-08,"2026-04-30","Radishes - Bunch - Bunch",1,3.5
861,2026-05-08,"2026-04-30","Extra Credit - Each",3.5,1.06
1706,2026-05-08,"2026-04-30","Walnuts - Oz.",1,12.75
1706,2026-05-08,"2026-04-30","Mothership Pickup Time (2.0 @4-4:30) - @4-4:30",1,0
1706,2026-05-08,"2026-04-30","Asparagus - Bunch",1,6.5
1706,2026-05-08,"2026-04-30","Gnocchi - Garlic Chive  - Lb.",1,6.5
1706,2026-05-08,"2026-04-30","Marbled Rye - Thursday - Each",1,8.75
1706,2026-05-08,"2026-04-30","Plant - Dill - Pot",1,4.5
1706,2026-05-08,"2026-04-30","Plant - Lavender - Pot",1,4.5
1706,2026-05-08,"2026-04-30","Extra Credit - Each",10.25,1.06
1706,2026-05-08,"2026-04-30","Half",1,84.79
834,2026-05-08,"2026-04-30","Mothership Pickup Time (3.0 @4:30-5) - @4:30-5",1,0
834,2026-05-08,"2026-04-30","Buttermilk - Qt.  - Quart",1,6.5
834,2026-05-08,"2026-04-30","Asparagus - Bunch",1,6.5
834,2026-05-08,"2026-04-30","Chicken - Ground - Lb.",1,9
834,2026-05-08,"2026-04-30","Chicken Links - Andouille  - Lb.",1,10.5
834,2026-05-08,"2026-04-30","Eggs - Dozen",1,6.5
834,2026-05-08,"2026-04-30","Extra Credit - Each",5.75,1.06
834,2026-05-08,"2026-04-30","Half",1,84.79
281,2026-05-08,"2026-04-30","Plant - Thai Basil - Pot",1,4.5
281,2026-05-08,"2026-04-30","Mothership Pickup Time (1.0 @3:30-4) - @3:30-4",1,0
281,2026-05-08,"2026-04-30","Arugula - Bag",1,4.25
281,2026-05-08,"2026-04-30","Asparagus - Bunch",1,6.5
281,2026-05-08,"2026-04-30","Bacon - Uncured/lb - Pack",1,15.25
281,2026-05-08,"2026-04-30","Bagels - Plain - Bag",1,6.75
281,2026-05-08,"2026-04-30","Chicken Thighs - Big Bag/lb. - Pack",1,30.13
281,2026-05-08,"2026-04-30","Cinnamon Rolls - Frozen - Pack",1,6.55
281,2026-05-08,"2026-04-30","Lettuce - Bibb - Head",1,3.25
281,2026-05-08,"2026-04-30","Light and Mild - T - Loaf",1,8.25
281,2026-05-08,"2026-04-30","Mushrooms - Choice",1,8.75
281,2026-05-08,"2026-04-30","Plant - Basil Italian - Pot",1,4.5
281,2026-05-08,"2026-04-30","Plant - Calendula - Pot",4,4.5
281,2026-05-08,"2026-04-30","Plant - Dill - Pot",1,4.5
281,2026-05-08,"2026-04-30","Plant - Marigolds Dwarf - Pot",4,4.5
281,2026-05-08,"2026-04-30","Plant - Nasturtium - Pot",4,4.5
281,2026-05-08,"2026-04-30","Plant - Parsley - Pot",1,4.5
281,2026-05-08,"2026-04-30","Plant - Peppermint - Pot",1,4.5
281,2026-05-08,"2026-04-30","Plant - Rosemary - Pot",1,4.5
281,2026-05-08,"2026-04-30","Plant - Sage Pineapple - Pot",1,4.5
281,2026-05-08,"2026-04-30","Plant - Thyme Creeping - Pot",3,4.5
281,2026-05-08,"2026-04-30","Pork - Breakfast ($8) - Pack",1,8
281,2026-05-08,"2026-04-30","Potato Chips Choice ($3.00) - Oz.",1,3
281,2026-05-08,"2026-04-30","Ribs - Baby Back/lb. - Lb.",1,6.75
281,2026-05-08,"2026-04-30","Spinach - Bag",1,5
281,2026-05-08,"2026-04-30","Strawberries - Qt - Quart",1,8.25
281,2026-05-08,"2026-04-30","Extra Credit - Each",186.43,1.06
281,2026-05-08,"2026-04-30","Half",1,84.79
1652,2026-05-08,"2026-04-30","Asparagus - Bunch",1,6.5
1652,2026-05-08,"2026-04-30","Dark Chocolate Almond Bar - Pack",1,4.95
1652,2026-05-08,"2026-04-30","Lettuce - Bibb - Head",1,3.25
1652,2026-05-08,"2026-04-30","Lettuce Mix - Bag",1,4.5
1652,2026-05-08,"2026-04-30","Spinach - Bag",1,5
1652,2026-05-08,"2026-04-30","Strawberries - Qt - Quart",1,8.25
1652,2026-05-08,"2026-04-30","Extra Credit - Each",7.7,1.06
1652,2026-05-08,"2026-04-30","Mini",1,53.2
1431,2026-05-08,"2026-04-30","Pistachios - Oz.",1,14.25
1431,2026-05-08,"2026-04-30","Mothership Pickup Time (4.0 @5-5:30) - @5-5:30",1,0
1431,2026-05-08,"2026-04-30","Marbled Rye - Thursday - Each",1,8.75
1431,2026-05-08,"2026-04-30","Pork - Bratwurst  - Pack",1,8.5
1431,2026-05-08,"2026-04-30","Wildcard $2 - Each",1,2
1431,2026-05-08,"2026-04-30","Extra Credit - Each",8.75,1.06
1431,2026-05-08,"2026-04-30","Mini",1,53.2
1626,2026-05-08,"2026-04-30","Kirkwood Pickup Time (1.0 PORCH) - PORCH",1,0
1626,2026-05-08,"2026-04-30","Bagels - Everything - BU - Bag",1,11
1626,2026-05-08,"2026-04-30","Dark Chocolate Salted Bark - Pack",1,6.6
1626,2026-05-08,"2026-04-30","Dark Chocolate Square  - Each",1,1.75
1626,2026-05-08,"2026-04-30","Eggs - Dozen",1,6.5
1626,2026-05-08,"2026-04-30","Janie's Bread - Thursday - Each",1,7
1626,2026-05-08,"2026-04-30","Half",1,68.89
246,2026-05-08,"2026-04-30","Half & Half - Pint",1,4.75
246,2026-05-08,"2026-04-30","Kirkwood Pickup Time (3.0 @2-2:30) - @2-2:30",1,0
246,2026-05-08,"2026-04-30","Asparagus - Bunch",1,6.5
246,2026-05-08,"2026-04-30","Curds Creamy Ranch 10 oz - Bag",1,6.75
246,2026-05-08,"2026-04-30","Dark Chocolate Square  - Each",1,1.75
246,2026-05-08,"2026-04-30","Eggs - Dozen",1,6.5
246,2026-05-08,"2026-04-30","Milk Chocolate Square - Each",1,1.75
246,2026-05-08,"2026-04-30","RL Chocolate Milk - Bottle",1,2.75
246,2026-05-08,"2026-04-30","Shoots - Sunflower - Bag",1,4.25
246,2026-05-08,"2026-04-30","Strawberries - Qt - Quart",1,8.25
246,2026-05-08,"2026-04-30","UCA/KWA",1,79.79
57,2026-05-08,"2026-04-30","Pizza - Deluxe - Each",1,8
57,2026-05-08,"2026-04-30","Mothership Pickup Time (1.0 @3:30-4) - @3:30-4",1,0
57,2026-05-08,"2026-04-30","Chicken - Ground - Lb.",1,9
57,2026-05-08,"2026-04-30","Cinnamon Rolls - Pack",1,6.55
57,2026-05-08,"2026-04-30","Eggs - Dozen",1,6.5
57,2026-05-08,"2026-04-30","Mushrooms - Choice",1,8.75
57,2026-05-08,"2026-04-30","Pork Snack Sticks - Honey 4pk - Pack",1,10.3
57,2026-05-08,"2026-04-30","Wildcard $2 - Each",1,2
57,2026-05-08,"2026-04-30","Extra Credit - Each",8.6,1.06
57,2026-05-08,"2026-04-30","FSA/FSD",1,79.79
928,2026-05-08,"2026-04-30","Mothership Pickup Time (5.0 @5:30-6) - @5:30-6",1,0
928,2026-05-08,"2026-04-30","Chicken - Ground - Lb.",1,9
928,2026-05-08,"2026-04-30","Cinnamon Rolls - Pack",1,6.55
928,2026-05-08,"2026-04-30","Collards - Bunch",1,5
928,2026-05-08,"2026-04-30","Curds Garlic Herb HBC 10 oz  - Bag",1,6.75
928,2026-05-08,"2026-04-30","Eggs - Dozen",1,6.5
928,2026-05-08,"2026-04-30","Feta Cheese - HBC - Each",1,6.75
928,2026-05-08,"2026-04-30","Pork - Bratwurst  - Pack",1,8.5
928,2026-05-08,"2026-04-30","Extra Credit - Each",6.55,1.06
928,2026-05-08,"2026-04-30","FSA/FSD",1,79.79
1570,2026-05-08,"2026-04-30","Salsa - Gringo's Medium - Pint",1,5
1570,2026-05-08,"2026-04-30","Kirkwood Pickup Time (1.0 PORCH) - PORCH",1,0
1570,2026-05-08,"2026-04-30","Chips - Tortilla - Bag",1,4.25
1570,2026-05-08,"2026-04-30","Eggs - Dozen",2,6.5
1570,2026-05-08,"2026-04-30","Mushrooms (1.0 Shiitake) - Shiitake",1,8.75
1570,2026-05-08,"2026-04-30","Potato Chips Original - Med - Oz.",1,3
1570,2026-05-08,"2026-04-30","Extra Credit - Each",0.75,1.06
1570,2026-05-08,"2026-04-30","Half",1,40
1900,2026-05-08,"2026-04-30","Mothership Pickup Time (5.0 @5:30-6) - @5:30-6",1,0
1900,2026-05-08,"2026-04-30","$ for green bags donation - $",1,1
1900,2026-05-08,"2026-04-30","Cooler Repair Donation - $",1,1
1900,2026-05-08,"2026-04-30","Bacon - Each",2,13.5
1900,2026-05-08,"2026-04-30","Bagels - Plain - Bag",1,6.75
1900,2026-05-08,"2026-04-30","Eggs - Dozen",2,6.5
1900,2026-05-08,"2026-04-30","Multigrain Bread - Frozen - Loaf",2,6.25
1900,2026-05-08,"2026-04-30","Onions - Green - Bunch",1,3.5
1900,2026-05-08,"2026-04-30","Plant - Basil Italian - Pot",1,4.5
1900,2026-05-08,"2026-04-30","Plant - English Thyme - Pot",1,4.5
1900,2026-05-08,"2026-04-30","Plant - Nasturtium - Pot",1,4.5
1900,2026-05-08,"2026-04-30","Plant - Oregano - Pot",1,4.5
1900,2026-05-08,"2026-04-30","Plant - Parsley - Pot",3,4.5
1900,2026-05-08,"2026-04-30","Plant - Sage Common  - Pot",1,4.5
1900,2026-05-08,"2026-04-30","Plant - Tarragon - Pot",1,4.5
1900,2026-05-08,"2026-04-30","Pork - Bratwurst  - Pack",1,8.5
1900,2026-05-08,"2026-04-30","Radishes - Bunch - Bunch",1,3.5
1900,2026-05-08,"2026-04-30","Strawberries - Qt - Quart",1,8.25
1900,2026-05-08,"2026-04-30","Extra Credit - Each",100.75,1.06
1900,2026-05-08,"2026-04-30","Mini",1,53.2
1236,2026-05-08,"2026-04-30","Chicken - Ground - Lb.",1,9
1236,2026-05-08,"2026-04-30","Eggs - Dozen",1,6.5
1236,2026-05-08,"2026-04-30","Mushrooms - Choice",1,8.75
1236,2026-05-08,"2026-04-30","Pizza Choice $8.50 - Each",1,8
1236,2026-05-08,"2026-04-30","Pork Snack Stick Choice $10.30 - Each",1,8.25
1236,2026-05-08,"2026-04-30","Wildcard $2 - Each",1,2
1236,2026-05-08,"2026-04-30","FSA/FSD",1,79.79
1725,2026-05-08,"2026-04-30","Kirkwood Pickup Time (1.0 PORCH) - PORCH",1,0
1725,2026-05-08,"2026-04-30","Bagel Chips - Bag",1,9.75
1725,2026-05-08,"2026-04-30","Eggs - Dozen",2,6.5
1725,2026-05-08,"2026-04-30","Hoagie - T - Each",1,3.5
1725,2026-05-08,"2026-04-30","Lettuce - Bibb - Head",1,3.25
1725,2026-05-08,"2026-04-30","Sesame Hoagie - T - Each",1,3.8
1725,2026-05-08,"2026-04-30","Strawberries - Qt - Quart",1,8.25
1725,2026-05-08,"2026-04-30","Thick Cut Dill Pickles - Quart",1,7.75
1725,2026-05-08,"2026-04-30","Extra Credit - Each",24.55,1.06
1725,2026-05-08,"2026-04-30","Mini",1,53.2
364,2026-05-08,"2026-04-30","Mothership Pickup Time - @6:30-7",1,0
364,2026-05-08,"2026-04-30","Bok Choy - Bag",1,5
364,2026-05-08,"2026-04-30","Collards - Bunch",1,5
364,2026-05-08,"2026-04-30","Eggs - Dozen",1,6.5
364,2026-05-08,"2026-04-30","Hoagie - T - Each",1,3.5
364,2026-05-08,"2026-04-30","Light and Mild - T - Loaf",1,8.25
364,2026-05-08,"2026-04-30","Mushrooms - Choice",1,8.75
364,2026-05-08,"2026-04-30","Oat Porridge Bread - T - Each",1,9
364,2026-05-08,"2026-04-30","Strawberries - Qt - Quart",1,8.25
364,2026-05-08,"2026-04-30","Extra Credit - Each",11.75,1.06
364,2026-05-08,"2026-04-30","FSA/FSD",1,79.79
364,2026-05-08,"2026-04-30","Whole MILK-o",1,8.49
1873,2026-05-08,"2026-04-30","Mothership Pickup Time (4.0 @5-5:30) - @5-5:30",1,0
1873,2026-05-08,"2026-04-30","Aged Cheddar - HBC - Each",1,6.75
1873,2026-05-08,"2026-04-30","Chicken - Thighs /lbs  - lbs",1,43.35
1873,2026-05-08,"2026-04-30","Eggs - Dozen",1,6.5
1873,2026-05-08,"2026-04-30","Semolina - T - Loaf",1,7
1873,2026-05-08,"2026-04-30","Extra Credit - Each",38.85,1.06
1873,2026-05-08,"2026-04-30","Mini",1,53.2
289,2026-05-08,"2026-04-30","Light and Mild - T - Loaf",1,8.25
289,2026-05-08,"2026-04-30","Mushrooms (1.0 Lion's Mane) - Lion's Mane",1,8.75
289,2026-05-08,"2026-04-30","Plant - Basil Italian - Pot",1,4.5
289,2026-05-08,"2026-04-30","Plant - Cilantro  - Pot",1,4.5
289,2026-05-08,"2026-04-30","Plant - Dill - Pot",1,4.5
289,2026-05-08,"2026-04-30","Plant - Rosemary - Pot",1,4.5
289,2026-05-08,"2026-04-30","Pork Breakfast Patties D&M - Pack",1,8.5
289,2026-05-08,"2026-04-30","Extra Credit - Each",10.25,1.06
289,2026-05-08,"2026-04-30","Half",1,84.79
289,2026-05-08,"2026-04-30","2% MILK-o",1,8.49
587,2026-05-08,"2026-04-30","Chicken - Links ($10.50) - Each",1,10
587,2026-05-08,"2026-04-30","Clean Plate Pantry Choice ($11.5) - Jar",1,11.5
587,2026-05-08,"2026-04-30","Mushrooms - Choice",1,8.75
587,2026-05-08,"2026-04-30","Potato Chips Choice ($3.00) - Oz.",1,3
587,2026-05-08,"2026-04-30","Half",1,84.79
321,2026-05-08,"2026-04-30","Chicken - Big Bag Deboned Thighs/lb. - Bag",1,41.42
321,2026-05-08,"2026-04-30","Mothership Pickup Time - @6:30-7",1,0
321,2026-05-08,"2026-04-30","Arugula - Bag",1,4.25
321,2026-05-08,"2026-04-30","Asparagus - Bunch",1,6.5
321,2026-05-08,"2026-04-30","Eggs - Dozen",1,6.5
321,2026-05-08,"2026-04-30","Mushrooms (1.0 Oyster) - Oyster",1,8.75
321,2026-05-08,"2026-04-30","Pork Italian Bulk - D&M - Lb.",1,8.5
321,2026-05-08,"2026-04-30","Extra Credit - Each",33.42,1.06
321,2026-05-08,"2026-04-30","FSA/FSD",1,79.79
1746,2026-05-08,"2026-04-30","Kirkwood Pickup Time - @1-1:30",1,0
1746,2026-05-08,"2026-04-30","Ground Beef - D&M - Lb.",1,10.5
1746,2026-05-08,"2026-04-30","Olive Oil Large - Bottle",1,18.5
1746,2026-05-08,"2026-04-30","Pasta Wildcard $6.50 - Pack",1,6.5
1746,2026-05-08,"2026-04-30","Strawberries - Qt - Quart",1,8.25
1746,2026-05-08,"2026-04-30","Wildcard $2 - Each",1,2
1746,2026-05-08,"2026-04-30","Extra Credit - Each",2.5,1.06
1746,2026-05-08,"2026-04-30","UCA/KWA",1,79.79
1416,2026-05-08,"2026-04-30","Mothership Pickup Time (4.0 @5-5:30) - @5-5:30",1,0
1416,2026-05-08,"2026-04-30","Curry Sauce (1.0 Green) - Green",1,11.5
1416,2026-05-08,"2026-04-30","Janie's Bread - Thursday - Each",1,7
1416,2026-05-08,"2026-04-30","Mushrooms - Choice",1,8.75
1416,2026-05-08,"2026-04-30","Semolina - T - Loaf",1,7
1416,2026-05-08,"2026-04-30","Extra Credit - Each",1,1.06
1416,2026-05-08,"2026-04-30","Half",1,84.79
1719,2026-05-08,"2026-04-30","Mothership Pickup Time (1.0 @3:30-4) - @3:30-4",1,0
1719,2026-05-08,"2026-04-30","Arugula - Bag",1,4.25
1719,2026-05-08,"2026-04-30","Asparagus - Bunch",1,6.5
1719,2026-05-08,"2026-04-30","Bok Choy - Bag",1,5
1719,2026-05-08,"2026-04-30","Collards - Bunch",1,5
1719,2026-05-08,"2026-04-30","Lettuce Head - Head",1,4.25
1719,2026-05-08,"2026-04-30","Mushrooms - Chestnut - Bag",1,8.75
1719,2026-05-08,"2026-04-30","Extra Credit - Each",0.5,1.06
1719,2026-05-08,"2026-04-30","Half",1,84.79
1990,2026-05-08,"2026-04-30","Kirkwood Pickup Time - @1-1:30",1,0
1990,2026-05-08,"2026-04-30","Asparagus - Bunch",1,6.5
1990,2026-05-08,"2026-04-30","Chicken - Breakfast Links - Each",1,10.5
1990,2026-05-08,"2026-04-30","Cinnamon Rolls - Frozen - Pack",1,6.55
1990,2026-05-08,"2026-04-30","Janie's Bread - Thursday - Each",1,7
1990,2026-05-08,"2026-04-30","Lettuce Mix - Bag",1,4.5
1990,2026-05-08,"2026-04-30","Mushrooms (1.0 Oyster) - Oyster",1,8.75
1990,2026-05-08,"2026-04-30","Mushrooms - French Horn/King - Bag",1,8.25
1990,2026-05-08,"2026-04-30","Spinach - Bag",1,5
1990,2026-05-08,"2026-04-30","Strawberries - Qt - Quart",1,8.25
1990,2026-05-08,"2026-04-30","Extra Credit - Each",65.3,1.06
1752,2026-05-08,"2026-04-30","Half",1,84.79
636,2026-05-08,"2026-04-30","Asparagus - Bunch",1,6.5
636,2026-05-08,"2026-04-30","Chicken - Breakfast - Pack",1,10.5
636,2026-05-08,"2026-04-30","Chips - Tortilla - Bag",1,3
636,2026-05-08,"2026-04-30","Eggs - Dozen",1,6.5
636,2026-05-08,"2026-04-30","Pork Snack Stick Choice $10.30 - Each",1,8.25
636,2026-05-08,"2026-04-30","Potato Chips Kickers med - Oz.",1,3
636,2026-05-08,"2026-04-30","Toffee - Package",1,6.6
636,2026-05-08,"2026-04-30","FSA/FSD",1,79.79
636,2026-05-08,"2026-04-30","Whole MILK",1,8.49
250,2026-05-08,"2026-04-30","Milk - Whole - Oz.",1,8.32
250,2026-05-08,"2026-04-30","Pizza - Sausage Pepperoni - Each",1,8
250,2026-05-08,"2026-04-30","Mothership Pickup Time (3.0 @4:30-5) - @4:30-5",1,0
250,2026-05-08,"2026-04-30","Food for Ferals Donation - $",2,1
250,2026-05-08,"2026-04-30","Asparagus - Bunch",1,6.5
250,2026-05-08,"2026-04-30","Collards - Bunch",1,5
250,2026-05-08,"2026-04-30","Croissants - Pack",1,4.75
250,2026-05-08,"2026-04-30","Eggs - Dozen",1,6.5
250,2026-05-08,"2026-04-30","Wildcard $2 - Each",1,2
250,2026-05-08,"2026-04-30","Extra Credit - Each",0.57,1.06
250,2026-05-08,"2026-04-30","FSA/FSD",1,79.79
1618,2026-05-08,"2026-04-30","Kirkwood Pickup Time - @1-1:30",1,0
1618,2026-05-08,"2026-04-30","Arugula - Bag",1,4.25
1618,2026-05-08,"2026-04-30","Asparagus - Bunch",1,6.5
1618,2026-05-08,"2026-04-30","Bok Choy - Bag",1,5
1618,2026-05-08,"2026-04-30","Lettuce Mix - Bag",1,4.5
1618,2026-05-08,"2026-04-30","Mushrooms - Choice",1,8.75
1618,2026-05-08,"2026-04-30","Popped Corn - Organic - Bag",1,3
1618,2026-05-08,"2026-04-30","Sesame Hoagie - T - Each",1,3.8
1618,2026-05-08,"2026-04-30","Extra Credit - Each",2.55,1.06
1618,2026-05-08,"2026-04-30","Half",1,68.89
133,2026-05-08,"2026-04-30","Mothership Pickup Time (2.0 @4-4:30) - @4-4:30",1,0
133,2026-05-08,"2026-04-30","Asparagus - Bunch",1,6.5
133,2026-05-08,"2026-04-30","Eggs - Dozen",2,6.5
133,2026-05-08,"2026-04-30","Pork - Bratwurst  - Pack",1,8.5
133,2026-05-08,"2026-04-30","Extra Credit - Each",3.25,1.06
133,2026-05-08,"2026-04-30","Mini",1,53.2
305,2026-05-08,"2026-04-30","Kirkwood Pickup Time (2.0 @1:30-2) - @1:30-2",1,0
305,2026-05-08,"2026-04-30","Asparagus - Bunch",1,6.5
305,2026-05-08,"2026-04-30","Chicken - Breakfast - Pack",1,10.5
305,2026-05-08,"2026-04-30","Chicken - Ground - Lb.",1,9
305,2026-05-08,"2026-04-30","Sourdough Bread - Lb.",1,6.25
305,2026-05-08,"2026-04-30","White Rice Cooked - Lb.",1,3
305,2026-05-08,"2026-04-30","Extra Credit - Each",2,1.06
305,2026-05-08,"2026-04-30","Half",1,84.79
643,2026-05-08,"2026-04-30","Pizza - Tomato Basil Garlic  - Each",1,8
643,2026-05-08,"2026-04-30","Mothership Pickup Time (5.0 @5:30-6) - @5:30-6",1,0
643,2026-05-08,"2026-04-30","Beef Kabob Meat - Lb.",1,12.75
643,2026-05-08,"2026-04-30","Chicken - Ground - Lb.",1,9
643,2026-05-08,"2026-04-30","Radishes - Purple Heart - Bunch",1,5.25
643,2026-05-08,"2026-04-30","Strawberries - Qt - Quart",1,8.25
643,2026-05-08,"2026-04-30","Extra Credit - Each",0.75,1.06
643,2026-05-08,"2026-04-30","FSA/FSD",1,79.79
1468,2026-05-08,"2026-04-30","Mothership Pickup Time (4.0 @5-5:30) - @5-5:30",1,0
1468,2026-05-08,"2026-04-30","Ground Lamb  - Lb.",1,15
1468,2026-05-08,"2026-04-30","Lettuce - Bibb - Head",1,3.25
1468,2026-05-08,"2026-04-30","Pork - Bratwurst  - Pack",1,8.5
1468,2026-05-08,"2026-04-30","Extra Credit - Each",2,1.06
1468,2026-05-08,"2026-04-30","Mini",1,53.2
622,2026-05-08,"2026-04-30","Kirkwood Pickup Time (2.0 @1:30-2) - @1:30-2",1,0
622,2026-05-08,"2026-04-30","Eggs - Dozen",1,6.5
622,2026-05-08,"2026-04-30","Feta Cheese - HBC - Each",1,6.75
622,2026-05-08,"2026-04-30","Olive Oil Large - Bottle",1,18.5
622,2026-05-08,"2026-04-30","Pork - Ground  - Lb.",1,7.5
622,2026-05-08,"2026-04-30","Strawberries - Qt - Quart",1,8.25
622,2026-05-08,"2026-04-30","Extra Credit - Each",4.25,1.06
622,2026-05-08,"2026-04-30","UCA/KWA",1,79.79
793,2026-05-08,"2026-04-30","Eggs - Dozen",2,6.5
793,2026-05-08,"2026-04-30","Janie's Bread - Thursday - Each",1,7
793,2026-05-08,"2026-04-30","Light and Mild - T - Loaf",1,8.25
793,2026-05-08,"2026-04-30","Pickles Wildcard ($7.75) - Jar",1,7.75
793,2026-05-08,"2026-04-30","Spinach - Bag",1,5
793,2026-05-08,"2026-04-30","Strawberries - Qt - Quart",1,8.25
793,2026-05-08,"2026-04-30","Extra Credit - Each",24.5,1.06
793,2026-05-08,"2026-04-30","Mini",1,53.2
856,2026-05-08,"2026-04-30","Milk - Whole - Oz.",1,8.32
856,2026-05-08,"2026-04-30","Mothership Pickup Time (1.0 @3:30-4) - @3:30-4",1,0
856,2026-05-08,"2026-04-30","Asparagus - Bunch",1,6.5
856,2026-05-08,"2026-04-30","Egg Noodles - Oz.",1,9.75
856,2026-05-08,"2026-04-30","Eggs - Dozen",1,6.5
856,2026-05-08,"2026-04-30","Ground Beef - D&M - Lb.",1,10.5
856,2026-05-08,"2026-04-30","Onions - Green - Bunch",1,3.5
856,2026-05-08,"2026-04-30","Sesame Hoagie - T - Each",1,3.8
856,2026-05-08,"2026-04-30","Sourdough Bread - Lb.",1,6.25
856,2026-05-08,"2026-04-30","Extra Credit - Each",52.62,1.06
39,2026-05-08,"2026-04-30","Aged Cheddar - HBC - Each",1,6.75
39,2026-05-08,"2026-04-30","Eggs - Dozen",1,6.5
39,2026-05-08,"2026-04-30","Marinara Sauce - Jar",1,8.75
39,2026-05-08,"2026-04-30","Milk Chocolate Caramels - 4-pack",1,11.55
39,2026-05-08,"2026-04-30","Pork Italian Bulk - D&M - Lb.",1,8.5
39,2026-05-08,"2026-04-30","Radishes - Purple Heart - Bunch",1,5.25
39,2026-05-08,"2026-04-30","Shoots - Specialty Mix - Bag",1,4.5
39,2026-05-08,"2026-04-30","Spinach - Bag",1,5
39,2026-05-08,"2026-04-30","Sweet Dill Pickles - Quart",1,7.75
39,2026-05-08,"2026-04-30","Yogurt - Vanilla - Oz.",1,7.1
39,2026-05-08,"2026-04-30","Extra Credit - Each",28.9,1.06
39,2026-05-08,"2026-04-30","Mini",1,53.2
1750,2026-05-08,"2026-04-30","Salsa - Gringo's Medium - Pint",1,5
1750,2026-05-08,"2026-04-30","Mothership Pickup Time (5.0 @5:30-6) - @5:30-6",1,0
1750,2026-05-08,"2026-04-30","Bada Bing - Sub - Bag",1,6.75
1750,2026-05-08,"2026-04-30","Bok Choy - Bag",1,5
1750,2026-05-08,"2026-04-30","Chips - Tortilla - Bag",1,4.25
1750,2026-05-08,"2026-04-30","Ground Beef - D&M - Lb.",1,10.5
1750,2026-05-08,"2026-04-30","Mustard (1.0 Garlic) - Garlic",1,6.05
1750,2026-05-08,"2026-04-30","Onions - Green - Bunch",1,3.5
1750,2026-05-08,"2026-04-30","Spinach - Bag",1,5
1750,2026-05-08,"2026-04-30","Strawberries - Qt - Quart",1,8.25
1750,2026-05-08,"2026-04-30","Extra Credit - Each",29.55,1.06
1750,2026-05-08,"2026-04-30","Mini",1,53.2
1771,2026-05-08,"2026-04-30","Pizza - Sausage Pepperoni - Each",1,8
1771,2026-05-08,"2026-04-30","Mothership Pickup Time (3.0 @4:30-5) - @4:30-5",1,0
1771,2026-05-08,"2026-04-30","Food for Ferals Donation - $",5,1
1771,2026-05-08,"2026-04-30","Chicken - Whole $5.00/lb. - Each",1,22.4
1771,2026-05-08,"2026-04-30","Eggs - Dozen",1,6.5
1771,2026-05-08,"2026-04-30","Ground Beef - D&M - Lb.",1,10.5
1771,2026-05-08,"2026-04-30","Lettuce Head - Head",1,4.25
1771,2026-05-08,"2026-04-30","Pork Italian Links - D&M - Each",1,8.5
1771,2026-05-08,"2026-04-30","Spinach - Bag",1,5
1771,2026-05-08,"2026-04-30","Strawberries - Qt - Quart",1,8.25
1771,2026-05-08,"2026-04-30","Extra Credit - Each",78.4,1.06
1521,2026-05-08,"2026-04-30","Ground Turkey - Pack",1,9
1521,2026-05-08,"2026-04-30","Mothership Pickup Time (1.0 @3:30-4) - @3:30-4",1,0
1521,2026-05-08,"2026-04-30","Asparagus - Bunch",1,6.5
1521,2026-05-08,"2026-04-30","Pork Italian Links - D&M - Each",1,8.5
1521,2026-05-08,"2026-04-30","Wildcard $2 - Each",1,2
1521,2026-05-08,"2026-04-30","Extra Credit - Each",1.25,1.06
1521,2026-05-08,"2026-04-30","Mini",1,53.2
885,2026-05-08,"2026-04-30","Milk - 2%  - Oz.",1,8.32
885,2026-05-08,"2026-04-30","Mothership Pickup Time (1.0 @3:30-4) - @3:30-4",1,0
885,2026-05-08,"2026-04-30","Asparagus - Bunch",1,6.5
885,2026-05-08,"2026-04-30","Curry Sauce (1.0 Green) - Green",1,11.5
885,2026-05-08,"2026-04-30","Potato Chips Original Lg - Oz.",1,9.25
885,2026-05-08,"2026-04-30","Half",1,84.79
900,2026-05-08,"2026-04-30","Half & Half - Pint",1,4.75
900,2026-05-08,"2026-04-30","Mothership Pickup Time (1.0 @3:30-4) - @3:30-4",1,0
900,2026-05-08,"2026-04-30","Asparagus - Bunch",1,6.5
900,2026-05-08,"2026-04-30","Chicken - Ground - Lb.",2,9
900,2026-05-08,"2026-04-30","Eggs - Dozen",1,6.5
900,2026-05-08,"2026-04-30","Strawberries - Qt - Quart",1,8.25
900,2026-05-08,"2026-04-30","Yogurt - Plain - Oz.",1,7.1
900,2026-05-08,"2026-04-30","Extra Credit - Each",8.6,1.06
900,2026-05-08,"2026-04-30","FSA/FSD",1,79.79
900,2026-05-08,"2026-04-30","Whole MILK",1,8.49
896,2026-05-08,"2026-04-30","Kirkwood Pickup Time (2.0 @1:30-2) - @1:30-2",1,0
896,2026-05-08,"2026-04-30","Donation to Food Pantry - Each",8,1
896,2026-05-08,"2026-04-30","Lettuce - Bibb - Head",1,3.25
896,2026-05-08,"2026-04-30","Mushrooms - Choice",1,8.75
896,2026-05-08,"2026-04-30","Plant - English Thyme - Pot",1,4.5
896,2026-05-08,"2026-04-30","Plant - Oregano - Pot",1,4.5
896,2026-05-08,"2026-04-30","Plant - Rosemary - Pot",1,4.5
896,2026-05-08,"2026-04-30","Extra Credit - Each",0.25,1.06
896,2026-05-08,"2026-04-30","Half",1,84.79
171,2026-05-08,"2026-04-30","Bagel Chips - Bag",1,9.75
171,2026-05-08,"2026-04-30","Black Pepper Cheddar - Each",1,6.75
171,2026-05-08,"2026-04-30","Louise's Original Granola - Bag",1,10
171,2026-05-08,"2026-04-30","Pickles Wildcard ($7.75) - Jar",1,7.75
171,2026-05-08,"2026-04-30","Pork - Bratwurst  - Pack",1,8.5
171,2026-05-08,"2026-04-30","Pork Hot Dogs - Each",1,7.5
171,2026-05-08,"2026-04-30","Pork Snack Sticks - Honey 4pk - Pack",1,10.3
171,2026-05-08,"2026-04-30","Strawberries - Qt - Quart",1,8.25
171,2026-05-08,"2026-04-30","Yogurt - Vanilla - Oz.",1,7.1
171,2026-05-08,"2026-04-30","Extra Credit - Each",51.15,1.06
171,2026-05-08,"2026-04-30","Mini",1,53.2
790,2026-05-08,"2026-04-30","Mothership Pickup Time (1.0 @3:30-4) - @3:30-4",1,0
790,2026-05-08,"2026-04-30","Asparagus - Bunch",1,6.5
790,2026-05-08,"2026-04-30","Eggs - Dozen",1,6.5
790,2026-05-08,"2026-04-30","Lamb Gyro Seasoned - Lb.",2,18
790,2026-05-08,"2026-04-30","Mushrooms - Hen of the Woods/Maitake - Bag",1,8.75
790,2026-05-08,"2026-04-30","Shakshuka Sauce - Jar",2,11.5
790,2026-05-08,"2026-04-30","Spinach - Bag",1,5
790,2026-05-08,"2026-04-30","Strawberries - Qt - Quart",1,8.25
790,2026-05-08,"2026-04-30","Yogurt - Vanilla - Oz.",1,7.1
790,2026-05-08,"2026-04-30","Extra Credit - Each",67.85,1.06
790,2026-05-08,"2026-04-30","Half",1,84.79
1683,2026-05-08,"2026-04-30","Bagels - Raisin - Bag",1,6.75
1683,2026-05-08,"2026-04-30","Chicken Breasts /lb. - Pack",1,10.37
1683,2026-05-08,"2026-04-30","Eggs - Dozen",1,6.5
1683,2026-05-08,"2026-04-30","Maple Syrup 12 oz. - Jar",1,13
1683,2026-05-08,"2026-04-30","Seedy Wheaty - Frozen - Loaf",1,3.75
1683,2026-05-08,"2026-04-30","Strawberries - Qt - Quart",1,8.25
1683,2026-05-08,"2026-04-30","Extra Credit - Each",5.37,1.06
1683,2026-05-08,"2026-04-30","UCA/KWA",1,79.79
959,2026-05-08,"2026-04-30","Chicken - BULK Breasts /lb. - Pack",1,41.75
959,2026-05-08,"2026-04-30","Asparagus - Bunch",1,6.5
959,2026-05-08,"2026-04-30","Chicken - Ground - Lb.",1,9
959,2026-05-08,"2026-04-30","Eggs - Dozen",1,6.5
959,2026-05-08,"2026-04-30","Mushrooms - Choice",1,8.75
959,2026-05-08,"2026-04-30","Pizza Choice $8.50 - Each",1,8
959,2026-05-08,"2026-04-30","Strawberries - Qt - Quart",1,8.25
959,2026-05-08,"2026-04-30","Tortellini - Goat Cheese - Pack",1,9
959,2026-05-08,"2026-04-30","Extra Credit - Each",55.25,1.06
959,2026-05-08,"2026-04-30","FSA/FSD",1,79.79
463,2026-05-08,"2026-04-30","Milk - Whole - Oz.",1,8.32
463,2026-05-08,"2026-04-30","Peanut Butter MC - Tub",1,7.75
463,2026-05-08,"2026-04-30","Cheese Choice $6.75 - Each",1,6.5
463,2026-05-08,"2026-04-30","Pickles Wildcard ($7.75) - Jar",1,7.75
463,2026-05-08,"2026-04-30","Wildcard $2 - Each",1,2
463,2026-05-08,"2026-04-30","Extra Credit - Each",7.57,1.06
463,2026-05-08,"2026-04-30","Mini",1,53.2
699,2026-05-08,"2026-04-30","Arugula - Bag",1,4.25
699,2026-05-08,"2026-04-30","Asparagus - Bunch",1,6.5
699,2026-05-08,"2026-04-30","Hoagie - T - Each",1,3.5
699,2026-05-08,"2026-04-30","Lettuce - Bibb - Head",1,3.25
699,2026-05-08,"2026-04-30","Mushrooms (1.0 Shiitake) - Shiitake",1,8.75
699,2026-05-08,"2026-04-30","Semolina - T - Loaf",1,7
699,2026-05-08,"2026-04-30","Half",1,84.79
979,2026-05-08,"2026-04-30","Heritage - Aged - Pack",1,6.75
979,2026-05-08,"2026-04-30","Mothership Pickup Time (1.0 @3:30-4) - @3:30-4",1,0
979,2026-05-08,"2026-04-30","Applewood Smoked Cheddar - Each",1,6.5
979,2026-05-08,"2026-04-30","Black Pepper Cheddar - Each",1,6.75
979,2026-05-08,"2026-04-30","Chicken - Links ($10.50) - Each",1,10
979,2026-05-08,"2026-04-30","Chips - Tortilla - Bag",1,4.25
979,2026-05-08,"2026-04-30","Curry Sauce (1.0 Red) - Red",1,11.5
979,2026-05-08,"2026-04-30","Mushrooms - Choice",1,8.75
979,2026-05-08,"2026-04-30","Oat Porridge Bread - T - Each",1,9
979,2026-05-08,"2026-04-30","Extra Credit - Each",30.25,1.06
979,2026-05-08,"2026-04-30","Half",1,84.79
704,2026-05-08,"2026-05-06","Eggs - BW - Dozen",2,6.5
704,2026-05-08,"2026-05-06","Mothership Pickup Time (3.0 @4:30-5) - @4:30-5",1,0
704,2026-05-08,"2026-05-06","Black Pepper Cheddar - Each",1,6.75
704,2026-05-08,"2026-05-06","Marinara Sauce - Jar",1,8.75
704,2026-05-08,"2026-05-06","Mushrooms (1.0 Shiitake) - Shiitake",1,8
704,2026-05-08,"2026-05-06","Extra Credit - Each",3,1.06
704,2026-05-08,"2026-05-06","FSA/FSD",1,79.79
371,2026-05-08,"2026-05-06","UCity Pickup Time - @4:30-5",1,0
371,2026-05-08,"2026-05-06","Bagels - Everything - Frozen - Bag",1,6.75
371,2026-05-08,"2026-05-06","Chicken Links - Sundried Tomato - lbs",1,10.5
371,2026-05-08,"2026-05-06","FF Dip - Street Corn - Tub",1,8.75
371,2026-05-08,"2026-05-06","Hoagie - Wednesday - Each",1,3.5
371,2026-05-08,"2026-05-06","Mushrooms - Choice",1,8
371,2026-05-08,"2026-05-06","Pickles Wildcard ($7.75) - Jar",1,7.75
371,2026-05-08,"2026-05-06","Seedy Wheaty - Frozen - Loaf",1,3.75
371,2026-05-08,"2026-05-06","Extra Credit - Each",18,1.06
371,2026-05-08,"2026-05-06","Half",1,68.89
1410,2026-05-08,"2026-05-06","UCity Pickup Time - @4:30-5",1,0
1410,2026-05-08,"2026-05-06","Mushrooms - Choice",1,8
1410,2026-05-08,"2026-05-06","Pickles Wildcard ($7.75) - Jar",1,7.75
1410,2026-05-08,"2026-05-06","Pork - Bratwurst  - Pack",1,8.5
1410,2026-05-08,"2026-05-06","Sourdough Bread - Frozen - Lb.",1,6.75
1410,2026-05-08,"2026-05-06","Half",1,68.89
1983,2026-05-08,"2026-05-06","Peanut Butter MC - Tub",1,7.75
1983,2026-05-08,"2026-05-06","Mothership Pickup Time (1.0 @3:30-4) - @3:30-4",1,0
1983,2026-05-08,"2026-05-06","Arugula - Bag",1,4.25
1983,2026-05-08,"2026-05-06","Eggs - Dozen",1,6.5
1983,2026-05-08,"2026-05-06","Sale Tortilla Chips: best by4/22/26 - Each",1,2.75
1983,2026-05-08,"2026-05-06","Strawberries - Qt - Quart",1,8.25
1983,2026-05-08,"2026-05-06","Extra Credit - Each",5.75,1.06
1983,2026-05-08,"2026-05-06","Mini",1,53.2
490,2026-05-08,"2026-05-06","German Quark HBC - Jar",1,6.75
490,2026-05-08,"2026-05-06","Ground Beef - D&M - Lb.",1,10.5
490,2026-05-08,"2026-05-06","Pork - Kielbasa - Pack",1,14.65
490,2026-05-08,"2026-05-06","Extra Credit - Each",0.9,1.06
490,2026-05-08,"2026-05-06","Half",1,79.79
346,2026-05-08,"2026-05-06","Canned Peaches - sugar - Jar",1,14
346,2026-05-08,"2026-05-06","Bread Choice - Frozen ($6.75) - Loaf",1,6.75
346,2026-05-08,"2026-05-06","Cinnamon Rolls - Pack",1,6.75
346,2026-05-08,"2026-05-06","Mushrooms - Choice",1,8
346,2026-05-08,"2026-05-06","Pork - Bratwurst  - Pack",1,8.5
346,2026-05-08,"2026-05-06","Potato Chips Kickers med - Oz.",1,3
346,2026-05-08,"2026-05-06","Extra Credit - Each",16,1.06
346,2026-05-08,"2026-05-06","Half",1,84.79
1038,2026-05-08,"2026-05-06","Mothership Pickup Time (1.0 @3:30-4) - @3:30-4",1,0
1038,2026-05-08,"2026-05-06","Asparagus - Bunch",1,6.5
1038,2026-05-08,"2026-05-06","Eggs - Dozen",1,6.5
1038,2026-05-08,"2026-05-06","Mushrooms (1.0 Shiitake) - Shiitake",1,8
1038,2026-05-08,"2026-05-06","Strawberries - Qt - Quart",1,8.25
1038,2026-05-08,"2026-05-06","Yogurt - Plain - Oz.",1,7.1
1038,2026-05-08,"2026-05-06","Extra Credit - Each",2.6,1.06
1038,2026-05-08,"2026-05-06","Mini",1,53.2
1197,2026-05-08,"2026-05-06","UCity Pickup Time - @4:30-5",1,0
1197,2026-05-08,"2026-05-06","Asparagus - Bunch",2,6.5
1197,2026-05-08,"2026-05-06","Eggs - Dozen",1,6.5
1197,2026-05-08,"2026-05-06","Spinach - Bag",1,5
1197,2026-05-08,"2026-05-06","Strawberries - Qt - Quart",1,8.25
1197,2026-05-08,"2026-05-06","Extra Credit - Each",32.75,1.06
1039,2026-05-08,"2026-05-06","UCity Pickup Time (3.0 @5:30-6) - @5:30-6",1,0
1039,2026-05-08,"2026-05-06","FF Dip - Street Corn - Tub",1,8.75
1039,2026-05-08,"2026-05-06","Ground Beef - D&M - Lb.",1,10.5
1039,2026-05-08,"2026-05-06","Mushrooms (1.0 Shiitake) - Shiitake",1,8
1039,2026-05-08,"2026-05-06","Plant - Basil Italian - Pot",2,4.5
1039,2026-05-08,"2026-05-06","Plant - Cilantro  - Pot",1,4.5
1039,2026-05-08,"2026-05-06","Plant - Dill - Pot",1,4.5
1039,2026-05-08,"2026-05-06","Plant - Oregano - Pot",1,4.5
1039,2026-05-08,"2026-05-06","Plant - Parsley - Pot",2,4.5
1039,2026-05-08,"2026-05-06","Plant - Sage Common  - Pot",1,4.5
1039,2026-05-08,"2026-05-06","Plant - Tarragon - Pot",1,4.5
1039,2026-05-08,"2026-05-06","Pork - Brats Cheddar DM - 4-pack",1,8
1039,2026-05-08,"2026-05-06","Extra Credit - Each",45.75,1.06
1039,2026-05-08,"2026-05-06","UCA/KWA",1,79.79
618,2026-05-08,"2026-05-06","Eggs - BW - Dozen",1,6.5
618,2026-05-08,"2026-05-06","Mothership Pickup Time (4.0 @5-5:30) - @5-5:30",1,0
618,2026-05-08,"2026-05-06","Plant - Zinnia Cali Mix - Pot",2,4.5
618,2026-05-08,"2026-05-06","Pre-ordered plants are in - Pot",1,0
618,2026-05-08,"2026-05-06","Seedy Wheaty - Frozen - Loaf",1,3.75
618,2026-05-08,"2026-05-06","Shoots - Sunflower - Bag",1,4.25
618,2026-05-08,"2026-05-06","Yogurt - Plain - Oz.",1,7.1
618,2026-05-08,"2026-05-06","Extra Credit - Each",6.85,1.06
618,2026-05-08,"2026-05-06","Mini",1,53.2
1830,2026-05-08,"2026-05-06","Chicken Breasts /lb. - Pack",1,13.09
1830,2026-05-08,"2026-05-06","Chicken Links - Lemon Pepper - Lb.",1,10.5
1830,2026-05-08,"2026-05-06","Eggs - Dozen",1,6.5
1830,2026-05-08,"2026-05-06","Janie's Bread - Wednesday - Each",1,7
1830,2026-05-08,"2026-05-06","Olive Oil Large - Bottle",1,0
1830,2026-05-08,"2026-05-06","Pre-ordered plants are in - Pot",1,0
1830,2026-05-08,"2026-05-06","Shoots - Sunflower - Bag",1,4.25
1830,2026-05-08,"2026-05-06","Extra Credit - Each",17.59,1.06
1830,2026-05-08,"2026-05-06","Mini",1,53.2
1830,2026-05-08,"2026-05-06","2% MILK",0,8.49
849,2026-05-08,"2026-05-06","UCity Pickup Time (2.0 @5-5:30) - @5-5:30",1,0
849,2026-05-08,"2026-05-06","Chicken Links - Lemon Pepper - Lb.",1,10.5
849,2026-05-08,"2026-05-06","Curry Sauce (1.0 Mango) - Mango",1,11.5
849,2026-05-08,"2026-05-06","Mushrooms (1.0 Lion's Mane) - Lion's Mane",1,8
849,2026-05-08,"2026-05-06","UCA/KWA",1,79.79
1203,2026-05-08,"2026-05-06","Mothership Pickup Time (2.0 @4-4:30) - @4-4:30",1,0
1203,2026-05-08,"2026-05-06","Asparagus - Bunch",1,6.5
1203,2026-05-08,"2026-05-06","Kale - Green Curly - Bag",1,5
1203,2026-05-08,"2026-05-06","Kohlrabi  - Head",3,1
1203,2026-05-08,"2026-05-06","Onions - Green - Bunch",1,3.5
1203,2026-05-08,"2026-05-06","Pork - Ground  - Lb.",1,7.5
1203,2026-05-08,"2026-05-06","Pork Breakfast Link D&M - Pack",1,8
1203,2026-05-08,"2026-05-06","FSA/FSD",1,79.79
892,2026-05-08,"2026-05-06","Jam - Grape HBY - Pint",1,7.75
892,2026-05-08,"2026-05-06","Peanut Butter MC - Tub",1,7.75
892,2026-05-08,"2026-05-06","UCity Pickup Time - @4:30-5",1,0
892,2026-05-08,"2026-05-06","UCity Pickup Time (2.0 @5-5:30) - @5-5:30",1,0
892,2026-05-08,"2026-05-06","Bread Choice - Frozen ($6.75) - Loaf",1,6.75
892,2026-05-08,"2026-05-06","Mushrooms - Choice",1,8
892,2026-05-08,"2026-05-06","Pickles Wildcard ($7.75) - Jar",1,7.75
892,2026-05-08,"2026-05-06","Extra Credit - Each",7,1.06
892,2026-05-08,"2026-05-06","Half",1,84.79
444,2026-05-08,"2026-05-06","Eggs - BW - Dozen",2,6.5
444,2026-05-08,"2026-05-06","UCity Pickup Time (3.0 @5:30-6) - @5:30-6",1,0
444,2026-05-08,"2026-05-06","Chicken - Thighs /lbs  - lbs",2,9.06
444,2026-05-08,"2026-05-06","Hummus - Beet & Pepita - Tub",1,6.75
444,2026-05-08,"2026-05-06","Hummus - Carrot & Ginger - Tub",1,6.75
444,2026-05-08,"2026-05-06","RL Chocolate Milk - Bottle",2,2.75
444,2026-05-08,"2026-05-06","Extra Credit - Each",20.12,1.06
444,2026-05-08,"2026-05-06","UCA/KWA",1,79.79
828,2026-05-08,"2026-05-06","Pizza - Sausage Pepperoni - Each",1,8.5
828,2026-05-08,"2026-05-06","Lamb Gyro Seasoned - Lb.",1,18
828,2026-05-08,"2026-05-06","Strawberries - Qt - Quart",1,8.25
828,2026-05-08,"2026-05-06","Extra Credit - Each",11,1.06
828,2026-05-08,"2026-05-06","Mini",1,53.2
472,2026-05-08,"2026-05-06","Bread Choice - Frozen ($6.75) - Loaf",1,6.75
472,2026-05-08,"2026-05-06","Mushrooms - Choice",1,8
472,2026-05-08,"2026-05-06","Pickles Wildcard ($7.75) - Jar",1,7.75
472,2026-05-08,"2026-05-06","Pork - Bratwurst  - Pack",1,8.5
472,2026-05-08,"2026-05-06","Sesame Hoagie -W - Each",1,3.8
472,2026-05-08,"2026-05-06","Extra Credit - Each",3.8,1.06
472,2026-05-08,"2026-05-06","Half",1,68.89
1799,2026-05-08,"2026-05-06","Chicken - Big Bag Deboned Thighs/lb. - Bag",1,41.91
1799,2026-05-08,"2026-05-06","Chips - Tortilla - Bag",1,4.25
1799,2026-05-08,"2026-05-06","FF - Dish Orzo Nicoise  - Each",1,8.25
1799,2026-05-08,"2026-05-06","FF Dip - Street Corn - Tub",1,8.75
1799,2026-05-08,"2026-05-06","Flank Steak/lbs. - lbs",1,31.08
1799,2026-05-08,"2026-05-06","Granola Choice $10.75 - Each",1,10.75
1799,2026-05-08,"2026-05-06","Marinara Sauce - Jar",1,8.75
1799,2026-05-08,"2026-05-06","Pasta Wildcard $6.50 - Pack",1,6.5
1799,2026-05-08,"2026-05-06","Pork - Ground  - Lb.",1,7.5
1799,2026-05-08,"2026-05-06","Yogurt - Blueberry - Oz.",1,7.1
1799,2026-05-08,"2026-05-06","Extra Credit - Each",101.34,1.06
1799,2026-05-08,"2026-05-06","FSA/FSD",1,79.79
1920,2026-05-08,"2026-05-06","UCity Pickup Time - @4:30-5",1,0
1920,2026-05-08,"2026-05-06","Bagels - Plain - Frozen - Each",1,6.75
1920,2026-05-08,"2026-05-06","Bok Choy - Bag",1,5
1920,2026-05-08,"2026-05-06","Eggs - Dozen",1,6.5
1920,2026-05-08,"2026-05-06","Light and Mild - Wednesday - Loaf",1,8.25
1920,2026-05-08,"2026-05-06","Multigrain Bread - Frozen - Loaf",1,6.75
1920,2026-05-08,"2026-05-06","Mushrooms (1.0 Shiitake) - Shiitake",1,8
1920,2026-05-08,"2026-05-06","Pork - Bratwurst  - Pack",1,8.5
1920,2026-05-08,"2026-05-06","Ravioli - Goat Cheese  - Lb.",1,9.15
1920,2026-05-08,"2026-05-06","Extra Credit - Each",27.9,1.06
1920,2026-05-08,"2026-05-06","Half",1,68.89
1699,2026-05-08,"2026-05-06","UCity Pickup Time - @4:30-5",1,0
1699,2026-05-08,"2026-05-06","Chicken Breasts /lb. - Pack",1,12.41
1699,2026-05-08,"2026-05-06","Chicken Thighs - Boneless/lb. - lbs",1,12.08
1699,2026-05-08,"2026-05-06","Hoagie - Wednesday - Each",1,3.5
1699,2026-05-08,"2026-05-06","Meatballs D&M - Package",1,14.5
1699,2026-05-08,"2026-05-06","Extra Credit - Each",12.49,1.06
1699,2026-05-08,"2026-05-06","UCA/KWA",1,79.79
1200,2026-05-08,"2026-05-06","Pre-ordered plants are in - Pot",1,0
1154,2026-05-08,"2026-05-06","Mothership Pickup Time (4.0 @5-5:30) - @5-5:30",1,0
1154,2026-05-08,"2026-05-06","Eggs - Dozen",1,6.5
1154,2026-05-08,"2026-05-06","Ground Beef - D&M - Lb.",1,10.5
1154,2026-05-08,"2026-05-06","Strawberries - Qt - Quart",1,8.25
1154,2026-05-08,"2026-05-06","Extra Credit - Each",1.5,1.06
1154,2026-05-08,"2026-05-06","Mini",1,53.2
541,2026-05-08,"2026-05-06","UCity Pickup Time - @4:30-5",1,0
541,2026-05-08,"2026-05-06","Asparagus - Bunch",1,6.5
541,2026-05-08,"2026-05-06","Fair Shares Yard Sign - Free - Each",1,0
541,2026-05-08,"2026-05-06","Janie's Bread - Wednesday - Each",1,7
541,2026-05-08,"2026-05-06","Mushrooms (1.0 Lion's Mane) - Lion's Mane",1,8
541,2026-05-08,"2026-05-06","Plant - Basil Italian - Pot",1,4.5
541,2026-05-08,"2026-05-06","Plant - Lavender - Pot",1,4.5
541,2026-05-08,"2026-05-06","Extra Credit - Each",0.5,1.06
541,2026-05-08,"2026-05-06","UCA/KWA",1,79.79
1928,2026-05-08,"2026-05-06","Asparagus - Bunch",1,6.5
1928,2026-05-08,"2026-05-06","Bread Pudding - Muffin - Froz. - Each",3,4
1928,2026-05-08,"2026-05-06","Flour - All Purpose 5 lb - Bag",1,8.5
1928,2026-05-08,"2026-05-06","Organic Sugar - Lb.",1,27.5
1928,2026-05-08,"2026-05-06","Extra Credit - Each",23.5,1.06
1928,2026-05-08,"2026-05-06","Half",1,68.89
1559,2026-05-08,"2026-05-06","UCity Pickup Time (3.0 @5:30-6) - @5:30-6",1,0
1559,2026-05-08,"2026-05-06","FF Soup - Chowder - Pint",1,10.25
1559,2026-05-08,"2026-05-06","Janie's Bread - Wednesday - Each",1,7
1559,2026-05-08,"2026-05-06","Plant - Lavender - Pot",1,4.5
1559,2026-05-08,"2026-05-06","Plant - Marigolds Dwarf - Pot",1,4.5
1559,2026-05-08,"2026-05-06","Plant - Marigolds Sparky - Pot",1,4.5
1559,2026-05-08,"2026-05-06","Plant - Rosemary - Pot",1,4.5
1559,2026-05-08,"2026-05-06","Plant - Zinnia Cali Mix - Pot",1,4.5
1559,2026-05-08,"2026-05-06","Pre-ordered plants are in - Pot",1,0
1559,2026-05-08,"2026-05-06","Shoots - Specialty Mix - Bag",1,4.5
1559,2026-05-08,"2026-05-06","Strawberries - Qt - Quart",1,8.25
1559,2026-05-08,"2026-05-06","Wild Cod/LB* - Pack",1,7.3
1559,2026-05-08,"2026-05-06","Extra Credit - Each",36.05,1.06
1559,2026-05-08,"2026-05-06","Mini",1,53.2
1622,2026-05-08,"2026-05-06","Mothership Pickup Time (3.0 @4:30-5) - @4:30-5",1,0
1622,2026-05-08,"2026-05-06","Eggs - Dozen",1,6.5
1622,2026-05-08,"2026-05-06","German Quark HBC - Jar",1,6.75
1622,2026-05-08,"2026-05-06","Ground Beef - D&M - Lb.",1,10.5
1622,2026-05-08,"2026-05-06","Mini",1,53.2
557,2026-05-08,"2026-05-06","Mothership Pickup Time (1.0 @3:30-4) - @3:30-4",1,0
557,2026-05-08,"2026-05-06","Chicken Thighs - Boneless/lb. - lbs",1,11.55
557,2026-05-08,"2026-05-06","Mushrooms - French Horn/King - Bag",1,8
557,2026-05-08,"2026-05-06","Pasta Wildcard $6.50 - Pack",1,6.5
557,2026-05-08,"2026-05-06","Pork - Ground  - Lb.",1,7.5
557,2026-05-08,"2026-05-06","Shoots - Specialty Mix - Bag",1,4.5
557,2026-05-08,"2026-05-06","Extra Credit - Each",4.55,1.06
557,2026-05-08,"2026-05-06","FSA/FSD",1,79.79
986,2026-05-08,"2026-05-06","Eggs - BW - Dozen",1,6.5
986,2026-05-08,"2026-05-06","Mothership Pickup Time (4.0 @5-5:30) - @5-5:30",1,0
986,2026-05-08,"2026-05-06","FF Soup - Chowder - Pint",1,10.25
986,2026-05-08,"2026-05-06","Mushrooms - Choice",1,8
986,2026-05-08,"2026-05-06","Pork - Bratwurst  - Pack",1,8.5
986,2026-05-08,"2026-05-06","Extra Credit - Each",2.25,1.06
986,2026-05-08,"2026-05-06","Half",1,84.79
1989,2026-05-08,"2026-05-06","Mushrooms - Choice",1,8
1989,2026-05-08,"2026-05-06","Pickles Wildcard ($7.75) - Jar",1,7.75
1989,2026-05-08,"2026-05-06","Pork - Bratwurst  - Pack",1,8.5
1989,2026-05-08,"2026-05-06","Semolina - Wednesday - Loaf",1,7
1989,2026-05-08,"2026-05-06","Sugar Free - Strawberry Jam  - Pint",1,7.75
1989,2026-05-08,"2026-05-06","Extra Credit - Each",8,1.06
1989,2026-05-08,"2026-05-06","Half",1,84.79
1000,2026-05-08,"2026-05-06","UCity Pickup Time (3.0 @5:30-6) - @5:30-6",1,0
1000,2026-05-08,"2026-05-06","Eggs - Dozen",1,6.5
1000,2026-05-08,"2026-05-06","Ground Beef - D&M - Lb.",1,10.5
1000,2026-05-08,"2026-05-06","Pre-ordered plants are in - Pot",1,0
1000,2026-05-08,"2026-05-06","Yogurt - Vanilla - Oz.",1,7.1
1000,2026-05-08,"2026-05-06","Extra Credit - Each",0.35,1.06
1000,2026-05-08,"2026-05-06","Mini",1,53.2
207,2026-05-08,"2026-05-06","Eggs - Dozen",1,6.5
207,2026-05-08,"2026-05-06","Lettuce - Bibb - Head",1,3.25
207,2026-05-08,"2026-05-06","Mushrooms - Chestnut - Bag",1,8
207,2026-05-08,"2026-05-06","Onions - Green - Bunch",1,3.5
207,2026-05-08,"2026-05-06","Plant - Rosemary - Pot",1,4.5
207,2026-05-08,"2026-05-06","Radishes - Bunch - Bunch",1,3.5
207,2026-05-08,"2026-05-06","Spinach - Bag",1,5
207,2026-05-08,"2026-05-06","Extra Credit - Each",10.5,1.06
207,2026-05-08,"2026-05-06","Mini",1,53.2
100,2026-05-08,"2026-05-06","Mothership Pickup Time (2.0 @4-4:30) - @4-4:30",1,0
100,2026-05-08,"2026-05-06","Eggs - Dozen",1,6.5
100,2026-05-08,"2026-05-06","Ground Beef - D&M - Lb.",1,10.5
100,2026-05-08,"2026-05-06","Strawberries - Qt - Quart",1,8.25
100,2026-05-08,"2026-05-06","Extra Credit - Each",1.5,1.06
100,2026-05-08,"2026-05-06","Mini",1,53.2
178,2026-05-08,"2026-05-06","Chicken - BULK Breasts /lb. - Pack",1,44.72
178,2026-05-08,"2026-05-06","Mushrooms (1.0 Lion's Mane) - Lion's Mane",1,8
178,2026-05-08,"2026-05-06","Pickles Wildcard ($7.75) - Jar",1,7.75
178,2026-05-08,"2026-05-06","Yogurt - Blueberry - Oz.",1,7.1
178,2026-05-08,"2026-05-06","Extra Credit - Each",36.57,1.06
178,2026-05-08,"2026-05-06","Half",1,68.89
99,2026-05-08,"2026-05-06","Eggs - BW - Dozen",1,6.5
99,2026-05-08,"2026-05-06","Mothership Pickup Time (6.0 @6-6:30) - @6-6:30",1,0
99,2026-05-08,"2026-05-06","Chicken - Breakfast - Pack",1,10.5
99,2026-05-08,"2026-05-06","FF Dip - Smoked Salmon  - Tub",1,10
99,2026-05-08,"2026-05-06","Honey - Pint - Jar",1,11.5
99,2026-05-08,"2026-05-06","Popped Corn - Organic - Bag",1,3
99,2026-05-08,"2026-05-06","Pretzel Slider Buns - Bag",1,6.75
99,2026-05-08,"2026-05-06","Extra Credit - Each",14.75,1.06
308,2026-05-08,"2026-05-06","Mothership Pickup Time - @6:30-7",1,0
308,2026-05-08,"2026-05-06","Asparagus - Bunch",1,6.5
308,2026-05-08,"2026-05-06","Black Pepper Cheddar - Each",1,6.75
308,2026-05-08,"2026-05-06","Dark Chocolate Square  - Each",1,1.75
308,2026-05-08,"2026-05-06","Eggs - Dozen",1,6.5
308,2026-05-08,"2026-05-06","Hummus - Carrot & Ginger - Tub",1,6.75
308,2026-05-08,"2026-05-06","Onions - Green - Bunch",1,3.5
308,2026-05-08,"2026-05-06","Extra Credit - Each",0.75,1.06
308,2026-05-08,"2026-05-06","Half",1,84.79
637,2026-05-08,"2026-05-06","Ground Turkey - Pack",1,9
637,2026-05-08,"2026-05-06","Eggs - BW - Dozen",2,6.5
637,2026-05-08,"2026-05-06","Pizza - Tomato Basil Garlic  - Each",1,8.5
637,2026-05-08,"2026-05-06","Mothership Pickup Time (1.0 @3:30-4) - @3:30-4",1,0
637,2026-05-08,"2026-05-06","Pork - Bratwurst  - Pack",1,8.5
637,2026-05-08,"2026-05-06","Extra Credit - Each",8,1.06
637,2026-05-08,"2026-05-06","Half",1,84.79
708,2026-05-08,"2026-05-06","Bread Choice - Frozen ($6.75) - Loaf",1,6.75
708,2026-05-08,"2026-05-06","Mushrooms - Choice",1,8
708,2026-05-08,"2026-05-06","Pickles Wildcard ($7.75) - Jar",1,7.75
708,2026-05-08,"2026-05-06","Pork - Bratwurst  - Pack",1,8.5
708,2026-05-08,"2026-05-06","Half",1,68.89
351,2026-05-08,"2026-05-06","Mothership Pickup Time (1.0 @3:30-4) - @3:30-4",1,0
351,2026-05-08,"2026-05-06","Applewood Smoked Cheddar - Each",1,6.5
351,2026-05-08,"2026-05-06","Eggs - Dozen",1,6.5
351,2026-05-08,"2026-05-06","FF Dip - Pimiento Cheese Spread - Each",1,8.75
351,2026-05-08,"2026-05-06","Honey - Qt. - Jar",1,20.25
351,2026-05-08,"2026-05-06","Mushrooms - Chestnut - Bag",1,8
351,2026-05-08,"2026-05-06","Semolina - Wednesday - Loaf",1,7
351,2026-05-08,"2026-05-06","Extra Credit - Each",26,1.06
351,2026-05-08,"2026-05-06","Half",1,84.79
1879,2026-05-08,"2026-05-06","Mothership Pickup Time (3.0 @4:30-5) - @4:30-5",1,0
1879,2026-05-08,"2026-05-06","Curds Applewood Smoked 10 oz - Bag",1,6.75
1879,2026-05-08,"2026-05-06","Eggs - Dozen",1,6.5
1879,2026-05-08,"2026-05-06","Ground Beef - D&M - Lb.",1,10.5
1879,2026-05-08,"2026-05-06","Mini",1,53.2
373,2026-05-08,"2026-05-06","UCity Pickup Time (2.0 @5-5:30) - @5-5:30",1,0
373,2026-05-08,"2026-05-06","King Salmon/LB* - 1-each",1,34.33
373,2026-05-08,"2026-05-06","Tortellini - Cheese - Lb.",1,9.15
373,2026-05-08,"2026-05-06","Extra Credit - Each",13.48,1.06
373,2026-05-08,"2026-05-06","UCA/KWA",1,79.79
526,2026-05-08,"2026-05-06","UCity Pickup Time - @4:30-5",1,0
526,2026-05-08,"2026-05-06","Asparagus - Bunch",1,6.5
526,2026-05-08,"2026-05-06","Lamb Gyro Seasoned - Lb.",1,18
526,2026-05-08,"2026-05-06","RL Chocolate Milk - Bottle",2,2.75
526,2026-05-08,"2026-05-06","Extra Credit - Each",6.25,1.06
526,2026-05-08,"2026-05-06","Mini",1,53.2
42,2026-05-08,"2026-05-06","UCity Pickup Time - @4:30-5",1,0
42,2026-05-08,"2026-05-06","Plant - Basil Italian - Pot",2,4.5
42,2026-05-08,"2026-05-06","Pre-ordered plants are in - Pot",1,0
42,2026-05-08,"2026-05-06","Ravioli - 4-Cheese - Lb.",1,9.15
42,2026-05-08,"2026-05-06","Salmon - Fillet Pieces/LB* - Each",2,8.53
42,2026-05-08,"2026-05-06","Extra Credit - Each",5.21,1.06
42,2026-05-08,"2026-05-06","UCA/KWA",1,79.79
544,2026-05-08,"2026-05-06","Eggs - BW - Dozen",1,6.5
544,2026-05-08,"2026-05-06","Asparagus - Bunch",1,6.5
544,2026-05-08,"2026-05-06","Hummus - Beet & Pepita - Tub",1,6.75
544,2026-05-08,"2026-05-06","Marbled Rye -Wednesday - Loaf",1,8.75
544,2026-05-08,"2026-05-06","Mushrooms (1.0 Lion's Mane) - Lion's Mane",1,8
544,2026-05-08,"2026-05-06","Pork - Bratwurst  - Pack",1,8.5
544,2026-05-08,"2026-05-06","Sesame Hoagie -W - Each",1,3.8
544,2026-05-08,"2026-05-06","Strawberries - Qt - Quart",1,8.25
544,2026-05-08,"2026-05-06","Extra Credit - Each",26.05,1.06
544,2026-05-08,"2026-05-06","Half",1,84.79
639,2026-05-08,"2026-05-06","Bread Choice - Frozen ($6.75) - Loaf",1,6.75
639,2026-05-08,"2026-05-06","Mushrooms - Choice",1,8
639,2026-05-08,"2026-05-06","Pickles Wildcard ($7.75) - Jar",1,7.75
639,2026-05-08,"2026-05-06","Pork - Bratwurst  - Pack",1,8.5
639,2026-05-08,"2026-05-06","Half",1,84.79
1030,2026-05-08,"2026-05-06","UCity Pickup Time (2.0 @5-5:30) - @5-5:30",1,0
1030,2026-05-08,"2026-05-06","Asparagus - Bunch",1,6.5
1030,2026-05-08,"2026-05-06","Eggs - Dozen",1,6.5
1030,2026-05-08,"2026-05-06","Hoagie - Wednesday - Each",1,3.5
1030,2026-05-08,"2026-05-06","Oat Porridge Bread - Wednesday - Loaf",1,9
1030,2026-05-08,"2026-05-06","Spinach - Bag",1,5
1030,2026-05-08,"2026-05-06","Yogurt - Plain - Oz.",1,7.1
1030,2026-05-08,"2026-05-06","Extra Credit - Each",7.6,1.06
1030,2026-05-08,"2026-05-06","UCA/KWA",1,79.79
1448,2026-05-08,"2026-05-06","Chicken Thighs - Boneless/lb. - lbs",2,8.75
1448,2026-05-08,"2026-05-06","Ground Beef - D&M - Lb.",1,10.5
1448,2026-05-08,"2026-05-06","Pre-ordered plants are in - Pot",1,0
1448,2026-05-08,"2026-05-06","Extra Credit - Each",4.25,1.06
1448,2026-05-08,"2026-05-06","Mini",1,53.2
145,2026-05-08,"2026-05-06","Mothership Pickup Time (1.0 @3:30-4) - @3:30-4",1,0
145,2026-05-08,"2026-05-06","Asparagus - Bunch",1,6.5
145,2026-05-08,"2026-05-06","Mustard Greens - Bag",1,4.5
145,2026-05-08,"2026-05-06","Plant - Cilantro  - Pot",1,4.5
145,2026-05-08,"2026-05-06","Pre-ordered plants are in - Pot",2,0
145,2026-05-08,"2026-05-06","Strawberries - Qt - Quart",1,8.25
145,2026-05-08,"2026-05-06","Mini",1,53.2
317,2026-05-08,"2026-05-06","Bread Choice - Frozen ($6.75) - Loaf",1,6.75
317,2026-05-08,"2026-05-06","Mushrooms - Choice",1,8
317,2026-05-08,"2026-05-06","Pickles Wildcard ($7.75) - Jar",1,7.75
317,2026-05-08,"2026-05-06","Pork - Bratwurst  - Pack",1,8.5
317,2026-05-08,"2026-05-06","Half",1,68.89
863,2026-05-08,"2026-05-06","Mothership Pickup Time (6.0 @6-6:30) - @6-6:30",1,0
863,2026-05-08,"2026-05-06","Lettuce - Bibb - Head",1,3.25
863,2026-05-08,"2026-05-06","Lettuce - Salanova - Bag",1,4.25
863,2026-05-08,"2026-05-06","Marinara Sauce - Jar",1,8.75
863,2026-05-08,"2026-05-06","Pork - Ground  - Lb.",1,7.5
863,2026-05-08,"2026-05-06","Swiss Chard - Bunch",2,5
863,2026-05-08,"2026-05-06","Extra Credit - Each",0.25,1.06
863,2026-05-08,"2026-05-06","FSA/FSD",1,79.79
125,2026-05-08,"2026-05-06","Asparagus - Bunch",1,6.5
125,2026-05-08,"2026-05-06","Granola Bar - Each",2,3.8
125,2026-05-08,"2026-05-06","Mushrooms - French Horn/King - Bag",1,8
125,2026-05-08,"2026-05-06","Strawberries - Qt - Quart",1,8.25
125,2026-05-08,"2026-05-06","Extra Credit - Each",0.35,1.06
125,2026-05-08,"2026-05-06","UCA/KWA",1,79.79
990,2026-05-08,"2026-05-06","Chicken - Big Bag Deboned Thighs/lb. - Bag",1,43.56
990,2026-05-08,"2026-05-06","Pizza - Cheese  - Each",1,7.5
990,2026-05-08,"2026-05-06","Gnocchi - Garlic Chive  - Lb.",1,6.5
990,2026-05-08,"2026-05-06","Popped Corn - Organic - Bag",1,3
990,2026-05-08,"2026-05-06","Sesame Hoagie -W - Each",1,3.8
990,2026-05-08,"2026-05-06","Shoots - Specialty Mix - Bag",1,4.5
990,2026-05-08,"2026-05-06","Swiss Chard - Bunch",1,5
990,2026-05-08,"2026-05-06","Extra Credit - Each",40.36,1.06
990,2026-05-08,"2026-05-06","FSA/FSD",1,79.79
356,2026-05-08,"2026-05-06","UCity Pickup Time - @4:30-5",1,0
356,2026-05-08,"2026-05-06","Eggs - Dozen",1,6.5
356,2026-05-08,"2026-05-06","Flank Steak/lbs. - lbs",1,64.26
356,2026-05-08,"2026-05-06","Ground Beef - D&M - Lb.",1,10.5
356,2026-05-08,"2026-05-06","Extra Credit - Each",57.51,1.06
356,2026-05-08,"2026-05-06","Mini",1,53.2
520,2026-05-08,"2026-05-06","UCity Pickup Time - @4:30-5",1,0
520,2026-05-08,"2026-05-06","Asparagus - Bunch",1,6.5
520,2026-05-08,"2026-05-06","Eggs - Dozen",1,6.5
520,2026-05-08,"2026-05-06","Kohlrabi  - Head",2,1
520,2026-05-08,"2026-05-06","Lettuce - Salanova - Bag",1,4.25
520,2026-05-08,"2026-05-06","Onions - Green - Bunch",1,3.5
520,2026-05-08,"2026-05-06","Plant - Calendula - Pot",1,4.5
520,2026-05-08,"2026-05-06","Strawberries - Qt - Quart",1,8.25
520,2026-05-08,"2026-05-06","Extra Credit - Each",9.25,1.06
520,2026-05-08,"2026-05-06","Mini",1,53.2
520,2026-05-08,"2026-05-06","Whole MILK",0,8.49
709,2026-05-08,"2026-05-06","Eggs - BW - Dozen",2,6.5
709,2026-05-08,"2026-05-06","Mothership Pickup Time (1.0 @3:30-4) - @3:30-4",1,0
709,2026-05-08,"2026-05-06","RL Heavy Cream  - Pint",1,7.75
709,2026-05-08,"2026-05-06","Coffee Stringbean Decaf - Bag",1,16
709,2026-05-08,"2026-05-06","Pork - Ground  - Lb.",1,7.5
709,2026-05-08,"2026-05-06","Extra Credit - Each",10.75,1.06
709,2026-05-08,"2026-05-06","FSA/FSD",1,79.79
598,2026-05-08,"2026-05-06","Cheese Choice $6.75 - Each",1,6.75
598,2026-05-08,"2026-05-06","Eggs - Dozen",1,6.5
598,2026-05-08,"2026-05-06","Ground Beef - D&M - Lb.",1,10.5
598,2026-05-08,"2026-05-06","Mini",1,53.2
1707,2026-05-08,"2026-05-06","Mothership Pickup Time (6.0 @6-6:30) - @6-6:30",1,0
1707,2026-05-08,"2026-05-06","Bagels - Everything - BU - Bag",1,11
1707,2026-05-08,"2026-05-06","Chicken - Breakfast Links - Each",1,10.5
1707,2026-05-08,"2026-05-06","Strawberries - Qt - Quart",1,8.25
1707,2026-05-08,"2026-05-06","Extra Credit - Each",6,1.06
1707,2026-05-08,"2026-05-06","Mini",1,53.2
423,2026-05-08,"2026-05-06","Asparagus - Bunch",1,6.5
423,2026-05-08,"2026-05-06","Bagel Chips - Bag",1,9.75
423,2026-05-08,"2026-05-06","Cinnamon Rolls - Pack",1,6.75
423,2026-05-08,"2026-05-06","Hoagie - Wednesday - Each",1,3.5
423,2026-05-08,"2026-05-06","Lettuce - Salanova - Bag",1,4.25
423,2026-05-08,"2026-05-06","Mojo Marinade - Tub",1,6.25
423,2026-05-08,"2026-05-06","Strawberries - Qt - Quart",1,8.25
423,2026-05-08,"2026-05-06","Yogurt - Strawberry - Oz.",1,7.1
423,2026-05-08,"2026-05-06","Extra Credit - Each",18.85,1.06
423,2026-05-08,"2026-05-06","FSA/FSD",1,79.79
1602,2026-05-08,"2026-05-06","Peanut Butter MC - Tub",1,7.75
1602,2026-05-08,"2026-05-06","Mothership Pickup Time (1.0 @3:30-4) - @3:30-4",1,0
1602,2026-05-08,"2026-05-06","RL Heavy Cream  - Pint",1,7.75
1602,2026-05-08,"2026-05-06","Mushrooms - Choice",1,8
1602,2026-05-08,"2026-05-06","Tortellini - Goat Cheese - Pack",1,9
1602,2026-05-08,"2026-05-06","Extra Credit - Each",1.5,1.06
1602,2026-05-08,"2026-05-06","Half",1,84.79
1577,2026-05-08,"2026-05-06","Eggs - BW - Dozen",1,6.5
1577,2026-05-08,"2026-05-06","Mothership Pickup Time (4.0 @5-5:30) - @5-5:30",1,0
1577,2026-05-08,"2026-05-06","Ground Beef - D&M - Lb.",1,10.5
1577,2026-05-08,"2026-05-06","Oat Porridge Bread - Wednesday - Loaf",1,9
1577,2026-05-08,"2026-05-06","Shakshuka Sauce - Jar",1,11.5
1577,2026-05-08,"2026-05-06","Spinach - Bag",1,5
1577,2026-05-08,"2026-05-06","Extra Credit - Each",13.75,1.06
1577,2026-05-08,"2026-05-06","Mini",1,53.2
1577,2026-05-08,"2026-05-06","Whole MILK",0,8.49
814,2026-05-08,"2026-05-06","UCity Pickup Time - @4:30-5",1,0
814,2026-05-08,"2026-05-06","Mushrooms - Choice",1,8
814,2026-05-08,"2026-05-06","Pickles Wildcard ($7.75) - Jar",1,7.75
814,2026-05-08,"2026-05-06","Pork - Bratwurst  - Pack",1,8.5
814,2026-05-08,"2026-05-06","Half",1,68.89
1627,2026-05-08,"2026-05-06","Mothership Pickup Time (2.0 @4-4:30) - @4-4:30",1,0
1627,2026-05-08,"2026-05-06","Chicken Thighs - Boneless/lb. - lbs",1,8.75
1627,2026-05-08,"2026-05-06","Eggs - Dozen",1,6.5
1627,2026-05-08,"2026-05-06","Hoagie - Wednesday - Each",1,3.5
1627,2026-05-08,"2026-05-06","Plant - Basil Italian - Pot",1,4.5
1627,2026-05-08,"2026-05-06","Plant - Rosemary - Pot",1,4.5
1627,2026-05-08,"2026-05-06","Pork - Ground  - Lb.",1,7.5
1627,2026-05-08,"2026-05-06","Sale Tortilla Chips: best by4/22/26 - Each",1,2.75
1627,2026-05-08,"2026-05-06","Staff - include last wk's share - Bag",1,0
1627,2026-05-08,"2026-05-06","Extra Credit - Each",4.5,1.06
1627,2026-05-08,"2026-05-06","FSA/FSD",1,79.79
322,2026-05-08,"2026-05-06","Chicken - Links ($10.50) - Each",1,10.5
322,2026-05-08,"2026-05-06","Clean Plate Pantry Choice ($11.5) - Jar",1,11.5
322,2026-05-08,"2026-05-06","Mushrooms - Choice",1,8
322,2026-05-08,"2026-05-06","UCA/KWA",1,79.79
322,2026-05-08,"2026-05-06","2% MILK-e",0,8.49
132,2026-05-08,"2026-05-06","Mothership Pickup Time (3.0 @4:30-5) - @4:30-5",1,0
132,2026-05-08,"2026-05-06","Cooler Donation - $",1,1
132,2026-05-08,"2026-05-06","Mushrooms - Choice",1,8
132,2026-05-08,"2026-05-06","Pickles Wildcard ($7.75) - Jar",1,7.75
132,2026-05-08,"2026-05-06","Pork - Bratwurst  - Pack",1,8.5
132,2026-05-08,"2026-05-06","Sourdough Bread - Frozen - Lb.",1,6.75
132,2026-05-08,"2026-05-06","Extra Credit - Each",1,1.06
132,2026-05-08,"2026-05-06","Half",1,84.79
681,2026-05-08,"2026-05-06","Arugula - Bag",1,4.25
681,2026-05-08,"2026-05-06","Chicken - Links ($10.50) - Each",1,10.5
681,2026-05-08,"2026-05-06","Mushrooms (1.0 Shiitake) - Shiitake",1,8
681,2026-05-08,"2026-05-06","Yogurt - Vanilla - Oz.",1,7.1
681,2026-05-08,"2026-05-06","UCA/KWA",1,79.79
734,2026-05-08,"2026-05-06","Eggs - BW - Dozen",1,6.5
734,2026-05-08,"2026-05-06","Mothership Pickup Time (6.0 @6-6:30) - @6-6:30",1,0
734,2026-05-08,"2026-05-06","Asparagus - Bunch",1,6.5
734,2026-05-08,"2026-05-06","Chicken Chorizo - Lb.",1,10.5
734,2026-05-08,"2026-05-06","Kohlrabi  - Head",2,1
734,2026-05-08,"2026-05-06","Oat Porridge Bread - Wednesday - Loaf",1,9
734,2026-05-08,"2026-05-06","Seedy Wheaty - Frozen - Loaf",1,3.75
734,2026-05-08,"2026-05-06","Swiss Chard - Bunch",1,5
734,2026-05-08,"2026-05-06","Extra Credit - Each",9.75,1.06
734,2026-05-08,"2026-05-06","FSA/FSD",1,79.79
1453,2026-05-08,"2026-05-06","Mothership Pickup Time (1.0 @3:30-4) - @3:30-4",1,0
1453,2026-05-08,"2026-05-06","Chicken - Ground - Lb.",1,9
1453,2026-05-08,"2026-05-06","Eggs - Dozen",1,6.5
1453,2026-05-08,"2026-05-06","Ground Beef - D&M - Lb.",1,10.5
1453,2026-05-08,"2026-05-06","Semolina - Wednesday - Loaf",1,7
1453,2026-05-08,"2026-05-06","Extra Credit - Each",9.25,1.06
1453,2026-05-08,"2026-05-06","Mini",1,53.2
1453,2026-05-08,"2026-05-06","Whole MILK",0,8.49
1474,2026-05-08,"2026-05-06","Bagel Chips - Bag",1,9.75
1474,2026-05-08,"2026-05-06","Eggs - Dozen",1,6.5
1474,2026-05-08,"2026-05-06","Ground Beef - D&M - Lb.",1,10.5
1474,2026-05-08,"2026-05-06","Pasta Bi-color Short - Lb.",1,6.5
1474,2026-05-08,"2026-05-06","Plant - Lavender - Pot",1,4.5
1474,2026-05-08,"2026-05-06","Extra Credit - Each",14,1.06
1474,2026-05-08,"2026-05-06","Mini",1,53.2
1048,2026-05-08,"2026-05-06","UCity Pickup Time - @4:30-5",1,0
1048,2026-05-08,"2026-05-06","Chicken - Thighs /lbs  - lbs",2,9.06
1048,2026-05-08,"2026-05-06","FF - Dish Orzo Nicoise  - Each",1,8.25
1048,2026-05-08,"2026-05-06","Plant - Calendula - Pot",2,4.5
1048,2026-05-08,"2026-05-06","Plant - Peppermint - Pot",1,4.5
1048,2026-05-08,"2026-05-06","Plant - Rosemary - Pot",1,4.5
1048,2026-05-08,"2026-05-06","Extra Credit - Each",14.37,1.06
1048,2026-05-08,"2026-05-06","UCA/KWA",1,79.79
1255,2026-05-08,"2026-05-06","Ground Turkey - Pack",1,9
1255,2026-05-08,"2026-05-06","Eggs - BW - Dozen",2,6.5
1255,2026-05-08,"2026-05-06","Black Pepper Cheddar - Each",1,6.75
1255,2026-05-08,"2026-05-06","Gnocchi - Garlic Chive  - Lb.",1,6.5
1255,2026-05-08,"2026-05-06","Extra Credit - Each",9,1.06
1255,2026-05-08,"2026-05-06","Mini",1,53.2
1255,2026-05-08,"2026-05-06","2% MILK",0,8.85
1255,2026-05-08,"2026-05-06","Half & Half",1,5.05
620,2026-05-08,"2026-05-06","Mothership Pickup Time (2.0 @4-4:30) - @4-4:30",1,0
620,2026-05-08,"2026-05-06","Eggs - Dozen",1,6.5
620,2026-05-08,"2026-05-06","Pork - Tenderloin/lb - Lb.",2,12.12
620,2026-05-08,"2026-05-06","Semolina - Wednesday - Loaf",1,7
620,2026-05-08,"2026-05-06","Extra Credit - Each",6.7,1.06
620,2026-05-08,"2026-05-06","Half",1,84.79
1735,2026-05-08,"2026-05-06","Peanut Butter MC - Tub",1,7.75
1735,2026-05-08,"2026-05-06","UCity Pickup Time - @4:30-5",1,0
1735,2026-05-08,"2026-05-06","Bagels - Honey Buckwheat - BU - Bag",1,11
1735,2026-05-08,"2026-05-06","Chicken Chorizo - Lb.",1,10.5
1735,2026-05-08,"2026-05-06","Mushrooms (1.0 Shiitake) - Shiitake",1,8
1735,2026-05-08,"2026-05-06","Pre-ordered plants are in - Pot",1,0
1735,2026-05-08,"2026-05-06","Extra Credit - Each",7.25,1.06
1735,2026-05-08,"2026-05-06","UCA/KWA",1,79.79
1932,2026-05-08,"2026-05-06","Granola Choice $10.75 - Each",1,10.75
1932,2026-05-08,"2026-05-06","Marinara Sauce - Jar",1,8.75
1932,2026-05-08,"2026-05-06","Pasta Wildcard $6.50 - Pack",1,6.5
1932,2026-05-08,"2026-05-06","Pork - Ground  - Lb.",1,7.5
1932,2026-05-08,"2026-05-06","Pre-ordered plants are in - Pot",1,0
1932,2026-05-08,"2026-05-06","FSA/FSD",1,79.79
627,2026-05-08,"2026-05-06","UCity Pickup Time - @4:30-5",1,0
627,2026-05-08,"2026-05-06","Eggs - Dozen",1,6.5
627,2026-05-08,"2026-05-06","Strawberries - Qt - Quart",1,8.25
627,2026-05-08,"2026-05-06","Tortellini - Goat Cheese - Pack",1,9
627,2026-05-08,"2026-05-06","Mini",1,53.2
225,2026-05-08,"2026-05-06","Bagels - Honey Buckwheat - BU - Bag",1,11
225,2026-05-08,"2026-05-06","Feta Cheese - HBC - Each",1,6.75
225,2026-05-08,"2026-05-06","Kale - Green Curly - Bag",1,5
225,2026-05-08,"2026-05-06","Strawberries - Qt - Quart",1,8.25
225,2026-05-08,"2026-05-06","Extra Credit - Each",31,1.06
225,2026-05-08,"2026-05-06","(BYO) UCG - Orders Only",1,0
225,2026-05-08,"2026-05-06","Cream pint",1,5.32
225,2026-05-08,"2026-05-06","Eggs - Buttonwood",1,6.92
225,2026-05-08,"2026-05-06","Plain yogurt",1,7.55
225,2026-05-08,"2026-05-06","Whole MILK-e",1,8.85
384,2026-05-08,"2026-05-06","UCity Pickup Time - @4:30-5",1,0
384,2026-05-08,"2026-05-06","Arugula - Bag",1,4.25
384,2026-05-08,"2026-05-06","Chicken - Ground - Lb.",1,9
384,2026-05-08,"2026-05-06","FF - Dish Orzo Nicoise  - Each",1,8.25
384,2026-05-08,"2026-05-06","Onions - Green - Bunch",1,3.5
384,2026-05-08,"2026-05-06","Plant - Zinnia Cali Mix - Pot",7,4.5
384,2026-05-08,"2026-05-06","Ravioli - 4-Cheese - Lb.",1,9.15
384,2026-05-08,"2026-05-06","Strawberries - Qt - Quart",1,8.25
384,2026-05-08,"2026-05-06","Yogurt - Plain - Oz.",1,7.1
384,2026-05-08,"2026-05-06","Extra Credit - Each",47.5,1.06
384,2026-05-08,"2026-05-06","Half",1,68.89
384,2026-05-08,"2026-05-06","2% MILK-e",1,8.49
240,2026-05-08,"2026-05-06","Almonds - Raw - Oz.",1,14.75
240,2026-05-08,"2026-05-06","Mothership Pickup Time (1.0 @3:30-4) - @3:30-4",1,0
240,2026-05-08,"2026-05-06","Arugula - Bag",1,4.25
240,2026-05-08,"2026-05-06","Janie's Bread - Wednesday - Each",1,7
240,2026-05-08,"2026-05-06","Milk Chocolate Square - Each",1,1.75
240,2026-05-08,"2026-05-06","Mustard (1.0 Horseradish) - Horseradish",1,6.05
240,2026-05-08,"2026-05-06","Pre-ordered plants are in - Pot",1,0
240,2026-05-08,"2026-05-06","Extra Credit - Each",0.3,1.06
240,2026-05-08,"2026-05-06","FSA/FSD",1,79.79
952,2026-05-08,"2026-05-06","Mothership Pickup Time (6.0 @6-6:30) - @6-6:30",1,0
952,2026-05-08,"2026-05-06","Granola Choice $10.75 - Each",1,10.75
952,2026-05-08,"2026-05-06","Marinara Sauce - Jar",1,8.75
952,2026-05-08,"2026-05-06","Pasta Wildcard $6.50 - Pack",1,6.5
952,2026-05-08,"2026-05-06","Pork - Ground  - Lb.",1,7.5
952,2026-05-08,"2026-05-06","Staff - include last wk's share - Bag",1,0
952,2026-05-08,"2026-05-06","FSA/FSD",1,79.79
37,2026-05-08,"2026-05-06","Pre-ordered plants are in - Pot",1,0
1143,2026-05-08,"2026-05-06","UCity Pickup Time (2.0 @5-5:30) - @5-5:30",1,0
1143,2026-05-08,"2026-05-06","Dark Chocolate Bon Bons - Pack",1,12
1143,2026-05-08,"2026-05-06","FF - Dish Orzo Nicoise  - Each",1,8.25
1143,2026-05-08,"2026-05-06","FF Dip - Street Corn - Tub",1,8.75
1143,2026-05-08,"2026-05-06","Pork Italian Bulk - D&M - Lb.",1,8.5
1143,2026-05-08,"2026-05-06","Extra Credit - Each",7.5,1.06
1143,2026-05-08,"2026-05-06","UCA/KWA",1,79.79
244,2026-05-08,"2026-05-06","UCity Pickup Time (2.0 @5-5:30) - @5-5:30",1,0
244,2026-05-08,"2026-05-06","Eggs - Dozen",1,6.5
244,2026-05-08,"2026-05-06","German Quark HBC - Jar",1,6.75
244,2026-05-08,"2026-05-06","Ground Beef - D&M - Lb.",1,10.5
244,2026-05-08,"2026-05-06","Mushrooms - Hen of the Woods/Maitake - Bag",1,8
244,2026-05-08,"2026-05-06","Extra Credit - Each",1.75,1.06
244,2026-05-08,"2026-05-06","UCA/KWA",1,79.79
1689,2026-05-08,"2026-05-06","Asparagus - Bunch",1,6.5
1689,2026-05-08,"2026-05-06","Eggs - Dozen",1,6.5
1689,2026-05-08,"2026-05-06","Onions - Green - Bunch",1,3.5
1689,2026-05-08,"2026-05-06","Plant - Basil Italian - Pot",4,4.5
1689,2026-05-08,"2026-05-06","Plant - Rosemary - Pot",1,4.5
1689,2026-05-08,"2026-05-06","Strawberries - Qt - Quart",1,8.25
1689,2026-05-08,"2026-05-06","Extra Credit - Each",23.5,1.06
1689,2026-05-08,"2026-05-06","Mini",1,53.2
418,2026-05-08,"2026-05-06","UCity Pickup Time - @4:30-5",1,0
418,2026-05-08,"2026-05-06","Applewood Smoked Cheddar - Each",1,6.5
418,2026-05-08,"2026-05-06","Bagels - Honey Buckwheat - BU - Bag",1,11
418,2026-05-08,"2026-05-06","Eggs - Dozen",1,6.5
418,2026-05-08,"2026-05-06","Janie's Bread - Wednesday - Each",1,7
418,2026-05-08,"2026-05-06","Extra Credit - Each",7.25,1.06
418,2026-05-08,"2026-05-06","Mini",1,53.2
1105,2026-05-08,"2026-05-06","Eggs - BW - Dozen",1,6.5
1105,2026-05-08,"2026-05-06","UCity Pickup Time - @4:30-5",1,0
1105,2026-05-08,"2026-05-06","Chicken Breasts /lb. - Pack",2,12.5
1105,2026-05-08,"2026-05-06","Ground Beef - D&M - Lb.",1,10.5
1105,2026-05-08,"2026-05-06","Extra Credit - Each",11,1.06
1105,2026-05-08,"2026-05-06","Half",1,68.89
1506,2026-05-08,"2026-05-06","Jam - Grape HBY - Pint",1,7.75
1506,2026-05-08,"2026-05-06","UCity Pickup Time - @4:30-5",1,0
1506,2026-05-08,"2026-05-06","Chicken Wings/lb. - lbs",1,24.75
1506,2026-05-08,"2026-05-06","Eggs - Dozen",1,6.5
1506,2026-05-08,"2026-05-06","Extra Credit - Each",9,1.06
1506,2026-05-08,"2026-05-06","UCA/KWA",1,79.79
883,2026-05-08,"2026-05-06","Asparagus - Bunch",1,6.5
883,2026-05-08,"2026-05-06","Chicken Breasts /lb. - Pack",1,13.6
883,2026-05-08,"2026-05-06","Mushrooms - Chestnut - Bag",1,8
883,2026-05-08,"2026-05-06","Extra Credit - Each",4.35,1.06
883,2026-05-08,"2026-05-06","Mini",1,53.2
712,2026-05-08,"2026-05-06","Mothership Pickup Time (1.0 @3:30-4) - @3:30-4",1,0
712,2026-05-08,"2026-05-06","Bok Choy - Bag",1,5
712,2026-05-08,"2026-05-06","Eggs - Dozen",1,6.5
712,2026-05-08,"2026-05-06","Mushrooms - Choice",1,8
712,2026-05-08,"2026-05-06","Mushrooms (1.0 Shiitake) - Shiitake",1,8
712,2026-05-08,"2026-05-06","Plant - Marigolds Dwarf - Pot",1,4.5
712,2026-05-08,"2026-05-06","Strawberries - Qt - Quart",1,8.25
712,2026-05-08,"2026-05-06","Extra Credit - Each",9.25,1.06
712,2026-05-08,"2026-05-06","Half",1,84.79
866,2026-05-08,"2026-05-06","UCity Pickup Time - @4:30-5",1,0
866,2026-05-08,"2026-05-06","Lettuce Mix - Bag",1,4.5
866,2026-05-08,"2026-05-06","Mushrooms - Choice",1,8
866,2026-05-08,"2026-05-06","Plant - Cilantro  - Pot",1,4.5
866,2026-05-08,"2026-05-06","Plant - Dill - Pot",1,4.5
866,2026-05-08,"2026-05-06","Radishes - Mini Daikon - Bunch",1,4
866,2026-05-08,"2026-05-06","Radishes - Purple Heart - Bunch",1,5.25
866,2026-05-08,"2026-05-06","Half",1,84.79
1217,2026-05-08,"2026-05-07","Kirkwood Pickup Time (3.0 @2-2:30) - @2-2:30",1,0
1217,2026-05-08,"2026-05-07","Asparagus - Bunch",1,6.5
1217,2026-05-08,"2026-05-07","Chicken Breasts /lb. - Pack",1,10.88
1217,2026-05-08,"2026-05-07","Eggs - Dozen",1,6.5
1217,2026-05-08,"2026-05-07","Feta Cheese - HBC - Each",1,6.75
1217,2026-05-08,"2026-05-07","Kohlrabi  - Head",1,1
1217,2026-05-08,"2026-05-07","Mustard (1.0 Onion) - Onion",1,6.05
1217,2026-05-08,"2026-05-07","Onions - Green - Bunch",1,3.5
1217,2026-05-08,"2026-05-07","Staff - include last wk's share - Bag",1,0
1217,2026-05-08,"2026-05-07","Extra Credit - Each",17.43,1.06
1217,2026-05-08,"2026-05-07","Mini",1,53.2
1891,2026-05-08,"2026-05-07","Kirkwood Pickup Time (2.0 @1:30-2) - @1:30-2",1,0
1891,2026-05-08,"2026-05-07","Asparagus - Bunch",1,6.5
1891,2026-05-08,"2026-05-07","Eggs - Dozen",1,6.5
1891,2026-05-08,"2026-05-07","Mushrooms (1.0 Oyster) - Oyster",1,8
1891,2026-05-08,"2026-05-07","Plant - Parsley - Pot",1,4.5
1891,2026-05-08,"2026-05-07","Strawberries - Qt - Quart",1,8.25
1891,2026-05-08,"2026-05-07","Extra Credit - Each",3.75,1.06
1891,2026-05-08,"2026-05-07","UCA/KWA",1,79.79
1196,2026-05-08,"2026-05-07","Kirkwood Pickup Time - @1-1:30",1,0
1196,2026-05-08,"2026-05-07","Asparagus - Bunch",1,6.5
1196,2026-05-08,"2026-05-07","Eggs - Dozen",1,6.5
1196,2026-05-08,"2026-05-07","Hummus - Garlic - Tub",1,6.75
1196,2026-05-08,"2026-05-07","Shoots - Specialty Mix - Bag",1,4.5
1196,2026-05-08,"2026-05-07","Spinach - Bag",1,5
1196,2026-05-08,"2026-05-07","Strawberries - Qt - Quart",1,8.25
1196,2026-05-08,"2026-05-07","Extra Credit - Each",13.75,1.06
1196,2026-05-08,"2026-05-07","Mini",1,53.2
237,2026-05-08,"2026-05-07","Mothership Pickup Time (5.0 @5:30-6) - @5:30-6",1,0
237,2026-05-08,"2026-05-07","Feta Cheese - HBC - Each",1,6.75
237,2026-05-08,"2026-05-07","Ground Beef - D&M - Lb.",1,10.5
237,2026-05-08,"2026-05-07","Ravioli - Goat Cheese  - Lb.",1,9.15
237,2026-05-08,"2026-05-07","Extra Credit - Each",2.65,1.06
237,2026-05-08,"2026-05-07","Mini",1,53.2
192,2026-05-08,"2026-05-07","Kirkwood Pickup Time (2.0 @1:30-2) - @1:30-2",1,0
192,2026-05-08,"2026-05-07","Chicken Thighs - Boneless/lb. - lbs",2,10.15
192,2026-05-08,"2026-05-07","Cinnamon Rolls - Pack",1,6.75
192,2026-05-08,"2026-05-07","Pretzel Slider Buns - Bag",1,6.75
192,2026-05-08,"2026-05-07","Extra Credit - Each",10.05,1.06
192,2026-05-08,"2026-05-07","Mini",1,53.2
192,2026-05-08,"2026-05-07","2% MILK",0,8.49
1386,2026-05-08,"2026-05-07","Chicken - BULK Breasts /lb. - Pack",1,44.22
1386,2026-05-08,"2026-05-07","Eggs - BW - Dozen",1,6.5
1386,2026-05-08,"2026-05-07","Lettuce - Bibb - Head",1,3.25
1386,2026-05-08,"2026-05-07","Plant - Basil Italian - Pot",1,4.5
1386,2026-05-08,"2026-05-07","Plant - Sage Pineapple - Pot",1,4.5
1386,2026-05-08,"2026-05-07","Shoots - Specialty Mix - Bag",1,4.5
1386,2026-05-08,"2026-05-07","Extra Credit - Each",37.47,1.06
1386,2026-05-08,"2026-05-07","UCA/KWA",1,79.79
700,2026-05-08,"2026-05-07","Pizza - Cheese  - Each",1,7.5
700,2026-05-08,"2026-05-07","Pizza - Deluxe - Each",1,8.5
700,2026-05-08,"2026-05-07","Mothership Pickup Time (1.0 @3:30-4) - @3:30-4",1,0
700,2026-05-08,"2026-05-07","Asparagus - Bunch",1,6.5
700,2026-05-08,"2026-05-07","Chips - Tortilla - Bag",1,4.25
700,2026-05-08,"2026-05-07","Curds Garlic Herb HBC 10 oz  - Bag",1,6.75
700,2026-05-08,"2026-05-07","Eggs - Dozen",1,6.5
700,2026-05-08,"2026-05-07","Mushrooms (1.0 Shiitake) - Shiitake",1,8
700,2026-05-08,"2026-05-07","Pork - Bratwurst  - Pack",1,8.5
700,2026-05-08,"2026-05-07","Yogurt - Strawberry - Oz.",1,7.1
700,2026-05-08,"2026-05-07","Extra Credit - Each",32.6,1.06
700,2026-05-08,"2026-05-07","Half",1,84.79
700,2026-05-08,"2026-05-07","Whole MILK-e",0,8.85
1488,2026-05-08,"2026-05-07","Chicken - Links ($10.50) - Each",1,10.5
1488,2026-05-08,"2026-05-07","Clean Plate Pantry Choice ($11.5) - Jar",1,11.5
1488,2026-05-08,"2026-05-07","Mushrooms - Choice",1,8
1488,2026-05-08,"2026-05-07","Pre-ordered plants are in - Pot",1,0
1488,2026-05-08,"2026-05-07","UCA/KWA",1,79.79
1488,2026-05-08,"2026-05-07","2% MILK",0,8.49
287,2026-05-08,"2026-05-07","Chicken - Big Bag Deboned Thighs/lb. - Bag",1,14.75
287,2026-05-08,"2026-05-07","Mothership Pickup Time (1.0 @3:30-4) - @3:30-4",1,0
287,2026-05-08,"2026-05-07","Light and Mild - T - Loaf",1,8.25
287,2026-05-08,"2026-05-07","Marinara Sauce - Jar",1,8.75
287,2026-05-08,"2026-05-07","Mushrooms - Chestnut - Bag",1,8
287,2026-05-08,"2026-05-07","Pasta Wildcard $6.50 - Pack",1,6.5
287,2026-05-08,"2026-05-07","Pre-ordered plants are in - Pot",2,0
287,2026-05-08,"2026-05-07","Seedy Wheaty - Frozen - Loaf",1,3.75
287,2026-05-08,"2026-05-07","Extra Credit - Each",16.5,1.06
287,2026-05-08,"2026-05-07","FSA/FSD",1,79.79
1970,2026-05-08,"2026-05-07","Kirkwood Pickup Time (3.0 @2-2:30) - @2-2:30",1,0
1970,2026-05-08,"2026-05-07","Eggs - Dozen",1,6.5
1970,2026-05-08,"2026-05-07","Ground Beef - D&M - Lb.",2,10.5
1970,2026-05-08,"2026-05-07","Strawberries - Qt - Quart",1,8.25
1970,2026-05-08,"2026-05-07","Extra Credit - Each",12,1.06
1970,2026-05-08,"2026-05-07","Mini",1,53.2
1671,2026-05-08,"2026-05-07","Bagels - Everything - BU - Bag",1,11
1671,2026-05-08,"2026-05-07","Ground Beef - D&M - Lb.",1,10.5
1671,2026-05-08,"2026-05-07","Plant - Oregano - Pot",1,4.5
1671,2026-05-08,"2026-05-07","Plant - Rosemary - Pot",1,4.5
1671,2026-05-08,"2026-05-07","Strawberries - Qt - Quart",1,8.25
1671,2026-05-08,"2026-05-07","Extra Credit - Each",15,1.06
1671,2026-05-08,"2026-05-07","Mini",1,53.2
467,2026-05-08,"2026-05-07","Eggs - BW - Dozen",1,6.5
467,2026-05-08,"2026-05-07","Kirkwood Pickup Time - @1-1:30",1,0
467,2026-05-08,"2026-05-07","Asparagus - Bunch",2,6.5
467,2026-05-08,"2026-05-07","Ghost Pepper Cheddar - Each",1,6.75
467,2026-05-08,"2026-05-07","Pre-ordered plants are in - Pot",1,0
467,2026-05-08,"2026-05-07","Spinach - Bag",1,5
467,2026-05-08,"2026-05-07","Extra Credit - Each",7.5,1.06
467,2026-05-08,"2026-05-07","Mini",1,53.2
32,2026-05-08,"2026-05-07","Asparagus - Bunch",1,6.5
32,2026-05-08,"2026-05-07","Dark Chocolate Square  - Each",1,1.75
32,2026-05-08,"2026-05-07","FF Pasta - Mac N Cheese - Tub",1,10.5
32,2026-05-08,"2026-05-07","Granola Bar - Each",1,3.8
32,2026-05-08,"2026-05-07","Lettuce Mix - Bag",1,4.5
32,2026-05-08,"2026-05-07","Milk Chocolate Bar - Pack",1,3
32,2026-05-08,"2026-05-07","Shoots - Specialty Mix - Bag",1,4.5
32,2026-05-08,"2026-05-07","Shoots - Sunflower - Bag",1,4.25
32,2026-05-08,"2026-05-07","Spinach - Bag",1,5
32,2026-05-08,"2026-05-07","Strawberries - Qt - Quart",1,8.25
32,2026-05-08,"2026-05-07","Sugar Free - Strawberry Jam  - Pint",1,7.75
32,2026-05-08,"2026-05-07","Toffee - Package",1,7.5
32,2026-05-08,"2026-05-07","Extra Credit - Each",33.8,1.06
32,2026-05-08,"2026-05-07","FSA/FSD",1,79.79
30,2026-05-08,"2026-05-07","Mothership Pickup Time (4.0 @5-5:30) - @5-5:30",1,0
30,2026-05-08,"2026-05-07","Asparagus - Bunch",1,6.5
30,2026-05-08,"2026-05-07","Bagels - Everything - Bag",1,6.75
30,2026-05-08,"2026-05-07","Chicken - Ground - Lb.",1,9
30,2026-05-08,"2026-05-07","Gnocchi - Spinach  - Lb.",1,6.5
30,2026-05-08,"2026-05-07","Onions - Green - Bunch",1,3.5
30,2026-05-08,"2026-05-07","Extra Credit - Each",1.25,1.06
30,2026-05-08,"2026-05-07","Half",1,84.79
929,2026-05-08,"2026-05-07","Applewood Smoked Cheddar - Each",1,6.5
929,2026-05-08,"2026-05-07","Cinnamon Rolls - Pack",1,6.75
929,2026-05-08,"2026-05-07","Curds Applewood Smoked 10 oz - Bag",1,6.75
929,2026-05-08,"2026-05-07","Eggs - H - Dozen",1,6.5
929,2026-05-08,"2026-05-07","Lettuce Mix - Bag",1,4.5
929,2026-05-08,"2026-05-07","Mushrooms (1.0 Oyster) - Oyster",1,8
929,2026-05-08,"2026-05-07","Plant - Basil Italian - Pot",2,4.5
929,2026-05-08,"2026-05-07","Sourdough Bread - Frozen - Lb.",1,6.75
929,2026-05-08,"2026-05-07","Strawberries - Qt - Quart",1,8.25
929,2026-05-08,"2026-05-07","Extra Credit - Each",32.25,1.06
929,2026-05-08,"2026-05-07","Half",1,68.89
31,2026-05-08,"2026-05-07","Pre-ordered plants are in - Pot",1,0
31,2026-05-08,"2026-05-07","No Produce - Order Only (even wk)",1,0
31,2026-05-08,"2026-05-07","2% MILK",0,8.49
1857,2026-05-08,"2026-05-07","Mothership Pickup Time (4.0 @5-5:30) - @5-5:30",1,0
1857,2026-05-08,"2026-05-07","Bread Pudding - Muffin - Froz. - Each",1,4
1857,2026-05-08,"2026-05-07","Eggs - H - Dozen",2,6.5
1857,2026-05-08,"2026-05-07","Pork - Ground  - Lb.",1,7.5
1857,2026-05-08,"2026-05-07","Semolina - T - Loaf",1,7
1857,2026-05-08,"2026-05-07","Shoots - Sunflower - Bag",1,4.25
1857,2026-05-08,"2026-05-07","Extra Credit - Each",2.25,1.06
1857,2026-05-08,"2026-05-07","FSA/FSD",1,79.79
1383,2026-05-08,"2026-05-07","Mothership Pickup Time (1.0 @3:30-4) - @3:30-4",1,0
1383,2026-05-08,"2026-05-07","Bok Choy - Bag",1,5
1383,2026-05-08,"2026-05-07","Bread Choice - Frozen ($6.75) - Loaf",1,6.75
1383,2026-05-08,"2026-05-07","Onions - Green - Bunch",1,3.5
1383,2026-05-08,"2026-05-07","Pasta Bi-color Short - Lb.",1,6.5
1383,2026-05-08,"2026-05-07","Pickles Wildcard ($7.75) - Jar",1,7.75
1383,2026-05-08,"2026-05-07","Pork - Bratwurst  - Pack",1,8.5
1383,2026-05-08,"2026-05-07","Extra Credit - Each",7,1.06
1383,2026-05-08,"2026-05-07","Half",1,84.79
670,2026-05-08,"2026-05-07","Asparagus - Bunch",1,6.5
670,2026-05-08,"2026-05-07","Eggs - Dozen",1,6.5
670,2026-05-08,"2026-05-07","Plant - English Thyme - Pot",2,4.5
670,2026-05-08,"2026-05-07","Plant - Oregano - Pot",2,4.5
670,2026-05-08,"2026-05-07","Spinach - Bag",1,5
670,2026-05-08,"2026-05-07","Yogurt - Plain - Oz.",1,7.1
670,2026-05-08,"2026-05-07","Extra Credit - Each",19.35,1.06
670,2026-05-08,"2026-05-07","Mini",1,53.2
670,2026-05-08,"2026-05-07","(BYO) FSG - Orders Only",1,0
11,2026-05-08,"2026-05-07","Eggs - BW - Dozen",1,6.5
11,2026-05-08,"2026-05-07","Collards - Bunch",1,5
11,2026-05-08,"2026-05-07","Curds Garlic Herb HBC 10 oz  - Bag",1,6.75
11,2026-05-08,"2026-05-07","Ground Beef - D&M - Lb.",1,10.5
11,2026-05-08,"2026-05-07","Strawberries - Qt - Quart",1,8.25
11,2026-05-08,"2026-05-07","Extra Credit - Each",3.5,1.06
11,2026-05-08,"2026-05-07","FSA/FSD",1,79.79
83,2026-05-08,"2026-05-07","Chicken - Big Bag Deboned Thighs/lb. - Bag",1,41.42
83,2026-05-08,"2026-05-07","Eggs - BW - Dozen",1,6.5
83,2026-05-08,"2026-05-07","Mothership Pickup Time (1.0 @3:30-4) - @3:30-4",1,0
83,2026-05-08,"2026-05-07","Bagels - Everything - Bag",1,6.75
83,2026-05-08,"2026-05-07","Hummus - Beet & Pepita - Tub",1,6.75
83,2026-05-08,"2026-05-07","RL Chocolate Milk - Bottle",1,2.75
83,2026-05-08,"2026-05-07","Extra Credit - Each",33.17,1.06
83,2026-05-08,"2026-05-07","Half",1,84.79
473,2026-05-08,"2026-05-07","Pizza - Cheese  - Each",1,7.5
473,2026-05-08,"2026-05-07","Kirkwood Pickup Time (1.0 PORCH) - PORCH",1,0
473,2026-05-08,"2026-05-07","Chicken Thighs - Boneless/lb. - lbs",1,11.38
473,2026-05-08,"2026-05-07","Croissants - Pack",3,4.75
473,2026-05-08,"2026-05-07","Eggs - Dozen",1,6.5
473,2026-05-08,"2026-05-07","Mushrooms - Choice",1,8
473,2026-05-08,"2026-05-07","Strawberries - Qt - Quart",1,8.25
473,2026-05-08,"2026-05-07","Extra Credit - Each",24.88,1.06
473,2026-05-08,"2026-05-07","Half",1,68.89
471,2026-05-08,"2026-05-07","Granola Choice $10.75 - Each",1,10.75
471,2026-05-08,"2026-05-07","Marinara Sauce - Jar",1,8.75
471,2026-05-08,"2026-05-07","Pasta Wildcard $6.50 - Pack",1,6.5
471,2026-05-08,"2026-05-07","Pork - Ground  - Lb.",1,7.5
471,2026-05-08,"2026-05-07","Staff - include last wk's share - Bag",1,0
471,2026-05-08,"2026-05-07","FSA/FSD",1,79.79
1593,2026-05-08,"2026-05-07","Chicken - BULK Breasts /lb. - Pack",1,14.36
1593,2026-05-08,"2026-05-07","Mothership Pickup Time (5.0 @5:30-6) - @5:30-6",1,0
1593,2026-05-08,"2026-05-07","Marbled Rye - Thursday - Each",1,8.75
1593,2026-05-08,"2026-05-07","Mushrooms - French Horn/King - Bag",1,8
1593,2026-05-08,"2026-05-07","Extra Credit - Each",7.36,1.06
1593,2026-05-08,"2026-05-07","Mini",1,53.2
1839,2026-05-08,"2026-05-07","Eggs - BW - Dozen",1,6.5
1839,2026-05-08,"2026-05-07","Half & Half - Pint",2,4.75
1839,2026-05-08,"2026-05-07","Mothership Pickup Time (1.0 @3:30-4) - @3:30-4",1,0
1839,2026-05-08,"2026-05-07","Plant - Parsley - Pot",1,4.5
1839,2026-05-08,"2026-05-07","Plant - Thyme Creeping - Pot",1,4.5
1839,2026-05-08,"2026-05-07","RL Chocolate Milk - Bottle",2,2.75
1839,2026-05-08,"2026-05-07","Strawberries - Qt - Quart",1,8.25
1839,2026-05-08,"2026-05-07","Extra Credit - Each",7.75,1.06
1839,2026-05-08,"2026-05-07","Half",1,84.79
514,2026-05-08,"2026-05-07","Stringbean Red Eye  - Oz.",1,16
514,2026-05-08,"2026-05-07","Asparagus - Bunch",1,6.5
514,2026-05-08,"2026-05-07","Croissants - Pack",1,4.75
514,2026-05-08,"2026-05-07","Eggs - Dozen",1,6.5
514,2026-05-08,"2026-05-07","Honey - Pint - Jar",1,11.5
514,2026-05-08,"2026-05-07","Lettuce - Bibb - Head",1,3.25
514,2026-05-08,"2026-05-07","Marbled Rye - Thursday - Each",1,8.75
514,2026-05-08,"2026-05-07","Shoots - Broccoli - Bag",1,4.25
514,2026-05-08,"2026-05-07","Strawberries - Qt - Quart",1,8.25
514,2026-05-08,"2026-05-07","Extra Credit - Each",46,1.06
514,2026-05-08,"2026-05-07","Mini",1,53.2
961,2026-05-08,"2026-05-07","Curds Garlic Herb HBC 10 oz  - Bag",1,6.75
961,2026-05-08,"2026-05-07","Eggs - Dozen",1,6.5
961,2026-05-08,"2026-05-07","Ground Beef - D&M - Lb.",1,10.5
961,2026-05-08,"2026-05-07","Mini",1,53.2
875,2026-05-08,"2026-05-07","Eggs - BW - Dozen",1,6.5
875,2026-05-08,"2026-05-07","Mothership Pickup Time (1.0 @3:30-4) - @3:30-4",1,0
875,2026-05-08,"2026-05-07","FF Dip - Street Corn - Tub",1,8.75
875,2026-05-08,"2026-05-07","Mushrooms - Choice",1,8
875,2026-05-08,"2026-05-07","Pickles Wildcard ($7.75) - Jar",1,7.75
875,2026-05-08,"2026-05-07","Half",1,84.79
761,2026-05-08,"2026-05-07","Salsa - Gringo's Hot - Pint",1,5
761,2026-05-08,"2026-05-07","Mothership Pickup Time (1.0 @3:30-4) - @3:30-4",1,0
761,2026-05-08,"2026-05-07","Bagels - Honey Buckwheat - BU - Bag",1,11
761,2026-05-08,"2026-05-07","Dark Bar 72% - Package",1,3
761,2026-05-08,"2026-05-07","Janie's Bread - Thursday - Each",1,7
761,2026-05-08,"2026-05-07","Marinara Sauce - Jar",1,8.75
761,2026-05-08,"2026-05-07","Pre-ordered plants are in - Pot",1,0
761,2026-05-08,"2026-05-07","Extra Credit - Each",1.25,1.06
761,2026-05-08,"2026-05-07","FSA/FSD",1,79.79
540,2026-05-08,"2026-05-07","Stringbean Brazilian - Oz.",1,16
540,2026-05-08,"2026-05-07","Kirkwood Pickup Time - @1-1:30",1,0
540,2026-05-08,"2026-05-07","Eggs - Dozen",1,6.5
540,2026-05-08,"2026-05-07","Honey - Pint - Jar",1,11.5
540,2026-05-08,"2026-05-07","Extra Credit - Each",3,1.06
540,2026-05-08,"2026-05-07","Half",1,68.89
1476,2026-05-08,"2026-05-07","Kirkwood Pickup Time - @1-1:30",1,0
1476,2026-05-08,"2026-05-07","Asparagus - Bunch",1,6.5
1476,2026-05-08,"2026-05-07","Lettuce - Bibb - Head",1,3.25
1476,2026-05-08,"2026-05-07","Onions - Green - Bunch",1,3.5
1476,2026-05-08,"2026-05-07","Spinach - Bag",1,5
1476,2026-05-08,"2026-05-07","Strawberries - Qt - Quart",1,8.25
1476,2026-05-08,"2026-05-07","Extra Credit - Each",2.75,1.06
1476,2026-05-08,"2026-05-07","Mini",1,53.2
1084,2026-05-08,"2026-05-07","Salsa - Gringo's Medium - Pint",1,5
1084,2026-05-08,"2026-05-07","Pizza - Veggie  - Each",1,8.5
1084,2026-05-08,"2026-05-07","Mothership Pickup Time - @6:30-7",1,0
1084,2026-05-08,"2026-05-07","Hummus - Carrot & Ginger - Tub",1,6.75
1084,2026-05-08,"2026-05-07","Marinara Sauce - Jar",1,8.75
1084,2026-05-08,"2026-05-07","Vinaigrette - Greek Style - Bottle",1,6.25
1084,2026-05-08,"2026-05-07","Extra Credit - Each",4.25,1.06
1084,2026-05-08,"2026-05-07","Half",1,84.79
502,2026-05-08,"2026-05-07","Mothership Pickup Time (5.0 @5:30-6) - @5:30-6",1,0
502,2026-05-08,"2026-05-07","Bagel Chips - Bag",1,9.75
502,2026-05-08,"2026-05-07","Bok Choy - Bag",1,5
502,2026-05-08,"2026-05-07","Hoagie - T - Each",1,3.5
502,2026-05-08,"2026-05-07","Onions - Green - Bunch",1,3.5
502,2026-05-08,"2026-05-07","Pork - Ground  - Lb.",1,7.5
502,2026-05-08,"2026-05-07","Radishes - Mini Daikon - Bunch",1,4
502,2026-05-08,"2026-05-07","Swiss Chard - Bunch",1,5
502,2026-05-08,"2026-05-07","Extra Credit - Each",4.75,1.06
502,2026-05-08,"2026-05-07","FSA/FSD",1,79.79
238,2026-05-08,"2026-05-07","Ground Turkey - Pack",1,9
238,2026-05-08,"2026-05-07","Bagels - Honey Buckwheat - BU - Bag",1,11
238,2026-05-08,"2026-05-07","Granola Choice $10.75 - Each",1,10.75
238,2026-05-08,"2026-05-07","Marinara Sauce - Jar",1,8.75
238,2026-05-08,"2026-05-07","Pasta Wildcard $6.50 - Pack",1,6.5
238,2026-05-08,"2026-05-07","Extra Credit - Each",12.5,1.06
549,2026-05-08,"2026-05-07","Granola Choice $10.75 - Each",1,10.75
549,2026-05-08,"2026-05-07","Marinara Sauce - Jar",1,8.75
549,2026-05-08,"2026-05-07","Pasta Wildcard $6.50 - Pack",1,6.5
549,2026-05-08,"2026-05-07","Pork - Ground  - Lb.",1,7.5
549,2026-05-08,"2026-05-07","FSA/FSD",1,79.79
401,2026-05-08,"2026-05-07","UCity Pickup Time - @4:30-5",1,0
401,2026-05-08,"2026-05-07","Eggs - Dozen",1,6.5
401,2026-05-08,"2026-05-07","Hummus - Carrot & Ginger - Tub",1,6.75
401,2026-05-08,"2026-05-07","Onions - Green - Bunch",1,3.5
401,2026-05-08,"2026-05-07","Shoots - Daikon Radish - Bag",1,4
401,2026-05-08,"2026-05-07","Strawberries - Qt - Quart",1,8.25
401,2026-05-08,"2026-05-07","Extra Credit - Each",5.25,1.06
401,2026-05-08,"2026-05-07","Mini",1,53.2
22,2026-05-08,"2026-05-07","Mothership Pickup Time (1.0 @3:30-4) - @3:30-4",1,0
22,2026-05-08,"2026-05-07","Bread Choice ($6.75) - 1-each",1,6.75
22,2026-05-08,"2026-05-07","Mushrooms (1.0 Shiitake) - Shiitake",1,8
22,2026-05-08,"2026-05-07","Pickles Wildcard ($7.75) - Jar",1,7.75
22,2026-05-08,"2026-05-07","Pork - Bratwurst  - Pack",1,8.5
22,2026-05-08,"2026-05-07","Semolina - T - Loaf",1,7
22,2026-05-08,"2026-05-07","Half",1,84.79
22,2026-05-08,"2026-05-07","Creamline MILK-e",0,8.49
326,2026-05-08,"2026-05-07","Granola Choice $10.75 - Each",1,10.75
326,2026-05-08,"2026-05-07","Marinara Sauce - Jar",1,8.75
326,2026-05-08,"2026-05-07","Pasta Wildcard $6.50 - Pack",1,6.5
326,2026-05-08,"2026-05-07","Pork - Ground  - Lb.",1,7.5
326,2026-05-08,"2026-05-07","FSA/FSD",1,79.79
493,2026-05-08,"2026-05-07","Pizza - Sausage Pepperoni - Each",1,8.5
493,2026-05-08,"2026-05-07","Eggs - Dozen",1,6.5
493,2026-05-08,"2026-05-07","FF - Dish Orzo Nicoise  - Each",1,8.25
493,2026-05-08,"2026-05-07","FF Soup - Yellow Gazpacho - Oz.",1,10.5
493,2026-05-08,"2026-05-07","Onions - Green - Bunch",1,3.5
493,2026-05-08,"2026-05-07","Plant - Cilantro  - Pot",2,4.5
493,2026-05-08,"2026-05-07","Plant - Parsley - Pot",1,4.5
493,2026-05-08,"2026-05-07","Plant - Sage Pineapple - Pot",1,4.5
493,2026-05-08,"2026-05-07","Plant - Spearmint - Pot",2,4.5
493,2026-05-08,"2026-05-07","Extra Credit - Each",33.25,1.06
493,2026-05-08,"2026-05-07","Half",1,84.79
807,2026-05-08,"2026-05-07","Chicken Thighs - Big Bag/lb. - Pack",1,28.41
807,2026-05-08,"2026-05-07","Ground Beef - D&M - Lb.",2,10.5
807,2026-05-08,"2026-05-07","Mushrooms - Hen of the Woods/Maitake - Bag",1,8
807,2026-05-08,"2026-05-07","Shakshuka Sauce - Jar",1,11.5
807,2026-05-08,"2026-05-07","Yogurt - Plain - Oz.",1,7.1
807,2026-05-08,"2026-05-07","Extra Credit - Each",46.01,1.06
807,2026-05-08,"2026-05-07","UCA/KWA",1,79.79
807,2026-05-08,"2026-05-07","2% MILK",0,8.49
1717,2026-05-08,"2026-05-07","RL Heavy Cream  - Pint",1,7.75
1717,2026-05-08,"2026-05-07","Bagels - Raisin - Frozen - Bag",1,6.75
1717,2026-05-08,"2026-05-07","Chicken - Ground - Lb.",1,9
1717,2026-05-08,"2026-05-07","FF Soup - Chowder - Pint",1,10.25
1717,2026-05-08,"2026-05-07","Tortellini - Cheese - Lb.",1,9.15
1717,2026-05-08,"2026-05-07","Extra Credit - Each",11.9,1.06
1717,2026-05-08,"2026-05-07","Half",1,84.79
1419,2026-05-08,"2026-05-07","Potato Chips Original - Mini - Oz.",1,1.5
1419,2026-05-08,"2026-05-07","Kirkwood Pickup Time (2.0 @1:30-2) - @1:30-2",1,0
1419,2026-05-08,"2026-05-07","Curds Creamy Ranch 10 oz - Bag",1,6.75
1419,2026-05-08,"2026-05-07","Honey - Pint - Jar",1,11.5
1419,2026-05-08,"2026-05-07","Seedy Wheaty - Frozen - Loaf",1,3.75
1419,2026-05-08,"2026-05-07","Spicy Dill Pickles - Quart",1,7.75
1419,2026-05-08,"2026-05-07","Extra Credit - Each",0.25,1.06
1419,2026-05-08,"2026-05-07","Half",1,68.89
1864,2026-05-08,"2026-05-07","Bagels - Everything - BU - Bag",1,11
1864,2026-05-08,"2026-05-07","Bread Choice - Frozen ($6.75) - Loaf",1,6.75
1864,2026-05-08,"2026-05-07","Mushrooms - Choice",1,8
1864,2026-05-08,"2026-05-07","Pickles Wildcard ($7.75) - Jar",1,7.75
1864,2026-05-08,"2026-05-07","Pork - Bratwurst  - Pack",1,8.5
1864,2026-05-08,"2026-05-07","Extra Credit - Each",11,1.06
1864,2026-05-08,"2026-05-07","Half",1,84.79
1864,2026-05-08,"2026-05-07","2% MILK-e",0,8.85
1941,2026-05-08,"2026-05-07","Mothership Pickup Time (3.0 @4:30-5) - @4:30-5",1,0
1941,2026-05-08,"2026-05-07","Aged Cheddar - HBC - Each",1,6.75
1941,2026-05-08,"2026-05-07","Chicken Chorizo - Lb.",1,10.5
1941,2026-05-08,"2026-05-07","Strawberries - Qt - Quart",1,8.25
1941,2026-05-08,"2026-05-07","Extra Credit - Each",1.75,1.06
1941,2026-05-08,"2026-05-07","Mini",1,53.2
293,2026-05-08,"2026-05-07","Eggs - BW - Dozen",1,6.5
293,2026-05-08,"2026-05-07","Mothership Pickup Time (6.0 @6-6:30) - @6-6:30",1,0
293,2026-05-08,"2026-05-07","Dark Bar 72% - Package",1,3
293,2026-05-08,"2026-05-07","Marinara Sauce - Jar",1,8.75
293,2026-05-08,"2026-05-07","Pork - Ground  - Lb.",1,7.5
293,2026-05-08,"2026-05-07","Pork Italian Bulk - D&M - Lb.",1,8.5
293,2026-05-08,"2026-05-07","Sesame Hoagie - T - Each",1,3.8
293,2026-05-08,"2026-05-07","Extra Credit - Each",4.55,1.06
293,2026-05-08,"2026-05-07","FSA/FSD",1,79.79
310,2026-05-08,"2026-05-07","Milk - Skim  - Oz.",1,8.32
310,2026-05-08,"2026-05-07","Mothership Pickup Time (1.0 @3:30-4) - @3:30-4",1,0
310,2026-05-08,"2026-05-07","Asparagus - Bunch",1,6.5
310,2026-05-08,"2026-05-07","Chicken - Ground - Lb.",1,9
310,2026-05-08,"2026-05-07","Chicken Breasts /lb. - Pack",1,13.94
310,2026-05-08,"2026-05-07","Eggs - Dozen",1,6.5
310,2026-05-08,"2026-05-07","Semolina - T - Loaf",1,7
310,2026-05-08,"2026-05-07","Spinach - Bag",1,5
310,2026-05-08,"2026-05-07","Strawberries - Qt - Quart",1,8.25
310,2026-05-08,"2026-05-07","Extra Credit - Each",26.01,1.06
310,2026-05-08,"2026-05-07","FSA/FSD",1,79.79
310,2026-05-08,"2026-05-07","Skim MILK",0,8.49
1353,2026-05-08,"2026-05-07","Bread Choice - Frozen ($6.75) - Loaf",1,6.75
1353,2026-05-08,"2026-05-07","Mushrooms - Choice",1,8
1353,2026-05-08,"2026-05-07","Pickles Wildcard ($7.75) - Jar",1,7.75
1353,2026-05-08,"2026-05-07","Pork - Bratwurst  - Pack",1,8.5
1353,2026-05-08,"2026-05-07","Half",1,84.79
1353,2026-05-08,"2026-05-07","Whole MILK-e",0,8.49
634,2026-05-08,"2026-05-07","Cheese Choice $6.75 - Each",1,6.75
634,2026-05-08,"2026-05-07","Eggs - Dozen",1,6.5
634,2026-05-08,"2026-05-07","Ground Beef - D&M - Lb.",1,10.5
634,2026-05-08,"2026-05-07","Mini",1,53.2
1211,2026-05-08,"2026-05-07","Mothership Pickup Time (1.0 @3:30-4) - @3:30-4",1,0
1211,2026-05-08,"2026-05-07","Lettuce - Bibb - Head",1,3.25
1211,2026-05-08,"2026-05-07","Oat Porridge Bread - T - Each",1,9
1211,2026-05-08,"2026-05-07","Strawberries - Qt - Quart",1,8.25
1211,2026-05-08,"2026-05-07","Extra Credit - Each",20.5,1.06
1652,2026-05-08,"2026-05-07","Dark Chocolate Almond Bar - Pack",1,4.95
1652,2026-05-08,"2026-05-07","Eggs - Dozen",1,6.5
1652,2026-05-08,"2026-05-07","Sea Scallops/LB - Bag",1,52.52
1652,2026-05-08,"2026-05-07","Extra Credit - Each",40.22,1.06
1652,2026-05-08,"2026-05-07","Mini",1,53.2
1431,2026-05-08,"2026-05-07","Mothership Pickup Time (5.0 @5:30-6) - @5:30-6",1,0
1431,2026-05-08,"2026-05-07","Asparagus - Bunch",1,6.5
1431,2026-05-08,"2026-05-07","Ground Beef - D&M - Lb.",1,10.5
1431,2026-05-08,"2026-05-07","Mushrooms - Hen of the Woods/Maitake - Bag",1,8
1431,2026-05-08,"2026-05-07","Extra Credit - Each",1.25,1.06
1431,2026-05-08,"2026-05-07","Mini",1,53.2
246,2026-05-08,"2026-05-07","Kirkwood Pickup Time (3.0 @2-2:30) - @2-2:30",1,0
246,2026-05-08,"2026-05-07","Chicken - Links ($10.50) - Each",1,10.5
246,2026-05-08,"2026-05-07","Granola Bar - Each",2,3.8
246,2026-05-08,"2026-05-07","RL Chocolate Milk - Bottle",2,2.75
246,2026-05-08,"2026-05-07","Sliced Summer Sausage - Bag",1,8.5
246,2026-05-08,"2026-05-07","Extra Credit - Each",2.1,1.06
246,2026-05-08,"2026-05-07","UCA/KWA",1,79.79
657,2026-05-08,"2026-05-07","Mothership Pickup Time (3.0 @4:30-5) - @4:30-5",1,0
657,2026-05-08,"2026-05-07","Bread Choice - Frozen ($6.75) - Loaf",1,6.75
657,2026-05-08,"2026-05-07","Mushrooms (1.0 Shiitake) - Shiitake",1,8
657,2026-05-08,"2026-05-07","Pickles Wildcard ($7.75) - Jar",1,7.75
657,2026-05-08,"2026-05-07","Pork - Bratwurst  - Pack",1,8.5
657,2026-05-08,"2026-05-07","Half",1,84.79
57,2026-05-08,"2026-05-07","Mothership Pickup Time (1.0 @3:30-4) - @3:30-4",1,0
57,2026-05-08,"2026-05-07","Cinnamon Rolls - Pack",1,6.75
57,2026-05-08,"2026-05-07","Louise's Cocoa Brownie Crisp Granola - Bag",1,11.15
57,2026-05-08,"2026-05-07","Pasta Wildcard $6.50 - Pack",1,6.5
57,2026-05-08,"2026-05-07","Pork - Ground  - Lb.",1,7.5
57,2026-05-08,"2026-05-07","Sourdough Bread - Frozen - Lb.",1,6.75
57,2026-05-08,"2026-05-07","Extra Credit - Each",5.15,1.06
57,2026-05-08,"2026-05-07","FSA/FSD",1,79.79
928,2026-05-08,"2026-05-07","Mothership Pickup Time (4.0 @5-5:30) - @5-5:30",1,0
928,2026-05-08,"2026-05-07","Cinnamon Rolls - Pack",1,6.75
928,2026-05-08,"2026-05-07","Louise's Original Granola - Bag",1,10
928,2026-05-08,"2026-05-07","Marinara Sauce - Jar",1,8.75
928,2026-05-08,"2026-05-07","Pork - Ground  - Lb.",1,7.5
928,2026-05-08,"2026-05-07","Ravioli - 4-Cheese - Lb.",1,9.15
928,2026-05-08,"2026-05-07","Extra Credit - Each",8.65,1.06
928,2026-05-08,"2026-05-07","FSA/FSD",1,79.79
1570,2026-05-08,"2026-05-07","No Produce - Order Only (even wk)",1,0
1900,2026-05-08,"2026-05-07","Salsa - Gringo's Medium - Pint",1,5
1900,2026-05-08,"2026-05-07","Mothership Pickup Time (4.0 @5-5:30) - @5-5:30",1,0
1900,2026-05-08,"2026-05-07","$ for green bags donation - $",1,1
1900,2026-05-08,"2026-05-07","Cooler Donation - $",1,1
1900,2026-05-08,"2026-05-07","Cooler Repair Donation - $",1,1
1900,2026-05-08,"2026-05-07","Food Pantry Donation - $",1,1
1900,2026-05-08,"2026-05-07","Auction Donation - $",1,1
1900,2026-05-08,"2026-05-07","Beets - Pickled - Quart",1,8.5
1900,2026-05-08,"2026-05-07","Cheese Choice $6.75 - Each",1,6.75
1900,2026-05-08,"2026-05-07","Eggs - Dozen",2,6.5
1900,2026-05-08,"2026-05-07","Multigrain Bread - Frozen - Loaf",2,6.75
1900,2026-05-08,"2026-05-07","Mushrooms (1.0 Shiitake) - Shiitake",1,8
1900,2026-05-08,"2026-05-07","Pork - Tenderloin/lb - Lb.",1,12.74
1900,2026-05-08,"2026-05-07","Pork Italian Bulk - D&M - Lb.",1,8.5
1900,2026-05-08,"2026-05-07","Pre-ordered plants are in - Pot",1,0
1900,2026-05-08,"2026-05-07","Pretzel Slider Buns - Bag",1,6.75
1900,2026-05-08,"2026-05-07","Strawberries - Qt - Quart",1,8.25
1900,2026-05-08,"2026-05-07","Yogurt - Plain - Oz.",1,7.1
1900,2026-05-08,"2026-05-07","Extra Credit - Each",76.84,1.06
1900,2026-05-08,"2026-05-07","Mini",1,53.2
1900,2026-05-08,"2026-05-07","Whole MILK-e",0,8.49
1236,2026-05-08,"2026-05-07","FF - Dish Orzo Nicoise  - Each",1,8.25
1236,2026-05-08,"2026-05-07","Marinara Sauce - Jar",1,8.75
1236,2026-05-08,"2026-05-07","Plant - Basil Italian - Pot",1,4.5
1236,2026-05-08,"2026-05-07","Plant - Lavender - Pot",1,4.5
1236,2026-05-08,"2026-05-07","Plant - Rosemary - Pot",1,4.5
1236,2026-05-08,"2026-05-07","Pork - Ground  - Lb.",1,7.5
1236,2026-05-08,"2026-05-07","Staff - include last wk's share - Bag",1,0
1236,2026-05-08,"2026-05-07","Strawberries - Qt - Quart",1,8.25
1236,2026-05-08,"2026-05-07","Extra Credit - Each",12.75,1.06
1236,2026-05-08,"2026-05-07","FSA/FSD",1,79.79
249,2026-05-08,"2026-05-07","Eggs - BW - Dozen",1,6.5
249,2026-05-08,"2026-05-07","Half & Half - Pint",1,4.75
249,2026-05-08,"2026-05-07","Mothership Pickup Time (1.0 @3:30-4) - @3:30-4",1,0
249,2026-05-08,"2026-05-07","Buttermilk - Qt.  - Quart",1,6.5
249,2026-05-08,"2026-05-07","Multigrain Bread - Frozen - Loaf",1,6.75
249,2026-05-08,"2026-05-07","Mushrooms (1.0 Oyster) - Oyster",1,8
249,2026-05-08,"2026-05-07","Pickles Wildcard ($7.75) - Jar",1,7.75
249,2026-05-08,"2026-05-07","Pork - Bratwurst  - Pack",1,8.5
249,2026-05-08,"2026-05-07","Extra Credit - Each",17.75,1.06
249,2026-05-08,"2026-05-07","Half",1,84.79
1725,2026-05-08,"2026-05-07","Eggs - BW - Dozen",2,6.5
1725,2026-05-08,"2026-05-07","Kirkwood Pickup Time (1.0 PORCH) - PORCH",1,0
1725,2026-05-08,"2026-05-07","Asparagus - Bunch",1,6.5
1725,2026-05-08,"2026-05-07","Strawberries - Qt - Quart",1,8.25
1725,2026-05-08,"2026-05-07","Extra Credit - Each",4,1.06
1725,2026-05-08,"2026-05-07","Mini",1,53.2
364,2026-05-08,"2026-05-07","Eggs - BW - Dozen",1,6.5
364,2026-05-08,"2026-05-07","Mothership Pickup Time (5.0 @5:30-6) - @5:30-6",1,0
364,2026-05-08,"2026-05-07","Bagels - Blueberry - BU - Bag",1,11
364,2026-05-08,"2026-05-07","Cinnamon Rolls - Pack",1,6.75
364,2026-05-08,"2026-05-07","Hoagie - T - Each",1,3.5
364,2026-05-08,"2026-05-07","Oat Porridge Bread - T - Each",1,9
364,2026-05-08,"2026-05-07","Pasta Wildcard $6.50 - Pack",1,6.5
364,2026-05-08,"2026-05-07","Radishes - Purple Heart - Bunch",1,5.25
364,2026-05-08,"2026-05-07","Strawberries - Qt - Quart",1,8.25
364,2026-05-08,"2026-05-07","Yogurt - Vanilla - Oz.",1,7.1
364,2026-05-08,"2026-05-07","Extra Credit - Each",30.35,1.06
364,2026-05-08,"2026-05-07","FSA/FSD",1,79.79
1873,2026-05-08,"2026-05-07","Mothership Pickup Time (3.0 @4:30-5) - @4:30-5",1,0
1873,2026-05-08,"2026-05-07","Eggs - Dozen",1,6.5
1873,2026-05-08,"2026-05-07","Pork Italian Bulk - D&M - Lb.",1,8.5
1873,2026-05-08,"2026-05-07","Strawberries - Qt - Quart",1,8.25
1873,2026-05-08,"2026-05-07","Mini",1,53.2
321,2026-05-08,"2026-05-07","Mothership Pickup Time (1.0 @3:30-4) - @3:30-4",1,0
321,2026-05-08,"2026-05-07","Eggs - Dozen",1,6.5
321,2026-05-08,"2026-05-07","German Quark HBC - Jar",1,6.75
321,2026-05-08,"2026-05-07","Mushrooms (1.0 Lion's Mane) - Lion's Mane",1,8
321,2026-05-08,"2026-05-07","Vinaigrette - Greek Style - Bottle",1,6.25
321,2026-05-08,"2026-05-07","Extra Credit - Each",3.75,1.06
321,2026-05-08,"2026-05-07","Mini",1,53.2
1746,2026-05-08,"2026-05-07","Jam - Red Raspberry HBY - Pint",1,7.75
1746,2026-05-08,"2026-05-07","Kirkwood Pickup Time (1.0 PORCH) - PORCH",1,0
1746,2026-05-08,"2026-05-07","Eggs - Dozen",1,6.5
1746,2026-05-08,"2026-05-07","Ground Beef - D&M - Lb.",1,10.5
1746,2026-05-08,"2026-05-07","Milk Chocolate Square - Each",1,1.75
1746,2026-05-08,"2026-05-07","Spinach - Bag",1,5
1746,2026-05-08,"2026-05-07","Extra Credit - Each",1.5,1.06
1746,2026-05-08,"2026-05-07","UCA/KWA",1,79.79
1496,2026-05-08,"2026-05-07","Eggs - BW - Dozen",1,6.5
1496,2026-05-08,"2026-05-07","Peanut Butter MC - Tub",1,7.75
1496,2026-05-08,"2026-05-07","Mothership Pickup Time (1.0 @3:30-4) - @3:30-4",1,0
1496,2026-05-08,"2026-05-07","Bagels - Blueberry - BU - Bag",1,11
1496,2026-05-08,"2026-05-07","Chicken Breasts /lb. - Pack",1,8.5
1496,2026-05-08,"2026-05-07","Louise's Original Granola - Bag",1,10
1496,2026-05-08,"2026-05-07","Mustard (1.0 Horseradish) - Horseradish",1,6.05
1496,2026-05-08,"2026-05-07","Pork - Brats Cheddar DM - 4-pack",1,8
1496,2026-05-08,"2026-05-07","Pork Italian Links - D&M - Each",1,8.5
1496,2026-05-08,"2026-05-07","Strawberries - Qt - Quart",1,8.25
1496,2026-05-08,"2026-05-07","Yogurt - Strawberry - Oz.",1,7.1
1496,2026-05-08,"2026-05-07","Extra Credit - Each",81.65,1.06
636,2026-05-08,"2026-05-07","Bok Choy - Bag",1,5
636,2026-05-08,"2026-05-07","Granola Choice $10.75 - Each",1,10.75
636,2026-05-08,"2026-05-07","Pasta Wildcard $6.50 - Pack",1,6.5
636,2026-05-08,"2026-05-07","Pork - Breakfast ($8) - Pack",1,8
636,2026-05-08,"2026-05-07","Swiss Chard - Bunch",1,5
636,2026-05-08,"2026-05-07","Extra Credit - Each",1.75,1.06
636,2026-05-08,"2026-05-07","FSA/FSD",1,79.79
636,2026-05-08,"2026-05-07","Whole MILK",0,8.49
1162,2026-05-08,"2026-05-07","Mothership Pickup Time (1.0 @3:30-4) - @3:30-4",1,0
1162,2026-05-08,"2026-05-07","Black Pepper Cheddar - Each",1,6.75
1162,2026-05-08,"2026-05-07","Eggs - Dozen",1,6.5
1162,2026-05-08,"2026-05-07","Ground Beef - D&M - Lb.",1,10.5
1162,2026-05-08,"2026-05-07","Mini",1,53.2
250,2026-05-08,"2026-05-07","Mothership Pickup Time (3.0 @4:30-5) - @4:30-5",1,0
250,2026-05-08,"2026-05-07","Chicken Breasts /lb. - Pack",1,13.09
250,2026-05-08,"2026-05-07","Kale - Mix - Bag",1,5
250,2026-05-08,"2026-05-07","Multigrain Bread - Frozen - Loaf",1,6.75
250,2026-05-08,"2026-05-07","Mushrooms (1.0 Lion's Mane) - Lion's Mane",2,8
250,2026-05-08,"2026-05-07","Pork - Ground  - Lb.",1,7.5
250,2026-05-08,"2026-05-07","Strawberries - Qt - Quart",1,8.25
250,2026-05-08,"2026-05-07","Extra Credit - Each",20.59,1.06
250,2026-05-08,"2026-05-07","FSA/FSD",1,79.79
725,2026-05-08,"2026-05-07","Mothership Pickup Time (1.0 @3:30-4) - @3:30-4",1,0
725,2026-05-08,"2026-05-07","Mushrooms - Choice",1,8
725,2026-05-08,"2026-05-07","Plant - Basil Italian - Pot",1,4.5
725,2026-05-08,"2026-05-07","Plant - Parsley - Pot",1,4.5
725,2026-05-08,"2026-05-07","Pork - Bratwurst  - Pack",1,8.5
725,2026-05-08,"2026-05-07","Pork Italian Bulk - D&M - Lb.",1,8.5
725,2026-05-08,"2026-05-07","Extra Credit - Each",3,1.06
725,2026-05-08,"2026-05-07","Half",1,84.79
1243,2026-05-08,"2026-05-07","Bagels - Raisin - Bag",1,6.75
1243,2026-05-08,"2026-05-07","Mushrooms - Choice",1,8
1243,2026-05-08,"2026-05-07","Pork - Bratwurst  - Pack",1,8.5
1243,2026-05-08,"2026-05-07","Sweet Dill Pickles - Quart",1,7.75
1243,2026-05-08,"2026-05-07","Half",1,84.79
133,2026-05-08,"2026-05-07","Mothership Pickup Time (1.0 @3:30-4) - @3:30-4",1,0
133,2026-05-08,"2026-05-07","Asparagus - Bunch",2,6.5
133,2026-05-08,"2026-05-07","Eggs - Dozen",1,6.5
133,2026-05-08,"2026-05-07","Kohlrabi  - Head",2,1
133,2026-05-08,"2026-05-07","Onions - Green - Bunch",1,3.5
133,2026-05-08,"2026-05-07","Extra Credit - Each",1.25,1.06
133,2026-05-08,"2026-05-07","Mini",1,53.2
1427,2026-05-08,"2026-05-07","Mothership Pickup Time (1.0 @3:30-4) - @3:30-4",1,0
1427,2026-05-08,"2026-05-07","Asparagus - Bunch",1,6.5
1427,2026-05-08,"2026-05-07","Chicken - Ground - Lb.",1,9
1427,2026-05-08,"2026-05-07","Eggs - Dozen",2,6.5
1427,2026-05-08,"2026-05-07","FF - Dish Orzo Nicoise  - Each",1,8.25
1427,2026-05-08,"2026-05-07","FF Soup - Yellow Gazpacho - Oz.",1,10.5
1427,2026-05-08,"2026-05-07","Pretzel Slider Buns - Bag",1,6.75
1427,2026-05-08,"2026-05-07","Strawberries - Qt - Quart",1,8.25
1427,2026-05-08,"2026-05-07","Extra Credit - Each",38.5,1.06
643,2026-05-08,"2026-05-07","Mothership Pickup Time (5.0 @5:30-6) - @5:30-6",1,0
643,2026-05-08,"2026-05-07","Cinnamon Rolls - Pack",1,6.75
643,2026-05-08,"2026-05-07","FF - Dish Orzo Nicoise  - Each",1,8.25
643,2026-05-08,"2026-05-07","Kale - Green Curly - Bag",1,5
643,2026-05-08,"2026-05-07","Kohlrabi  - Head",2,1
643,2026-05-08,"2026-05-07","Light and Mild - T - Loaf",1,8.25
643,2026-05-08,"2026-05-07","Pork - Ground  - Lb.",1,7.5
643,2026-05-08,"2026-05-07","Shoots - Fenugreek - Share",1,4.25
643,2026-05-08,"2026-05-07","Extra Credit - Each",8.5,1.06
643,2026-05-08,"2026-05-07","FSA/FSD",1,79.79
1468,2026-05-08,"2026-05-07","Eggs - Dozen",1,6.5
1468,2026-05-08,"2026-05-07","Mushrooms - Chestnut - Bag",1,8
1468,2026-05-08,"2026-05-07","Onions - Green - Bunch",1,3.5
1468,2026-05-08,"2026-05-07","Plant - Thyme Creeping - Pot",2,4.5
1468,2026-05-08,"2026-05-07","Extra Credit - Each",3.25,1.06
1468,2026-05-08,"2026-05-07","Mini",1,53.2
622,2026-05-08,"2026-05-07","Kirkwood Pickup Time (2.0 @1:30-2) - @1:30-2",1,0
622,2026-05-08,"2026-05-07","Bok Choy - Bag",1,5
622,2026-05-08,"2026-05-07","Cinnamon Rolls - Frozen - Pack",1,6.75
622,2026-05-08,"2026-05-07","Onions - Green - Bunch",1,3.5
622,2026-05-08,"2026-05-07","Pork - Kielbasa - Pack",1,14.65
622,2026-05-08,"2026-05-07","UCA/KWA",1,79.79
793,2026-05-08,"2026-05-07","Eggs - Dozen",1,6.5
793,2026-05-08,"2026-05-07","Ground Beef - D&M - Lb.",1,10.5
793,2026-05-08,"2026-05-07","Spinach - Bag",1,5
793,2026-05-08,"2026-05-07","Strawberries - Qt - Quart",1,8.25
793,2026-05-08,"2026-05-07","Extra Credit - Each",6.5,1.06
793,2026-05-08,"2026-05-07","Mini",1,53.2
39,2026-05-08,"2026-05-07","Potato Chips Original - Mini - Oz.",1,1.5
39,2026-05-08,"2026-05-07","Aged Cheddar - HBC - Each",1,6.75
39,2026-05-08,"2026-05-07","FF - Dish Orzo Nicoise  - Each",1,8.25
39,2026-05-08,"2026-05-07","Hummus - Beet & Pepita - Tub",1,6.75
39,2026-05-08,"2026-05-07","Hummus - Carrot & Ginger - Tub",1,6.75
39,2026-05-08,"2026-05-07","Milk Chocolate Caramels - 4-pack",1,12
39,2026-05-08,"2026-05-07","Olive Oil Medium - Bottle",1,15
39,2026-05-08,"2026-05-07","Pork Snack Sticks - Honey 4pk - Pack",1,10.3
39,2026-05-08,"2026-05-07","Extra Credit - Each",43.55,1.06
39,2026-05-08,"2026-05-07","Mini",1,53.2
1750,2026-05-08,"2026-05-07","Salsa - Gringo's Medium - Pint",1,5
1750,2026-05-08,"2026-05-07","Mothership Pickup Time (5.0 @5:30-6) - @5:30-6",1,0
1750,2026-05-08,"2026-05-07","Lasagna (1.0 Cheese) - Cheese",1,15
1750,2026-05-08,"2026-05-07","Popped Corn - Organic - Bag",1,3
1750,2026-05-08,"2026-05-07","Sale Tortilla Chips: best by4/22/26 - Each",1,2.75
1750,2026-05-08,"2026-05-07","Extra Credit - Each",2,1.06
1750,2026-05-08,"2026-05-07","Mini",1,53.2
652,2026-05-08,"2026-05-07","Asparagus - Bunch",1,6.5
652,2026-05-08,"2026-05-07","Oat Porridge Bread - T - Each",1,9
652,2026-05-08,"2026-05-07","Strawberries - Qt - Quart",1,8.25
652,2026-05-08,"2026-05-07","Half",1,84.79
1521,2026-05-08,"2026-05-07","Mothership Pickup Time (1.0 @3:30-4) - @3:30-4",1,0
1521,2026-05-08,"2026-05-07","Chicken Thighs - Boneless/lb. - lbs",1,10.68
1521,2026-05-08,"2026-05-07","Eggs - Dozen",1,6.5
1521,2026-05-08,"2026-05-07","Kale - Green Curly - Bag",1,5
1521,2026-05-08,"2026-05-07","Milk Chocolate Bar - Pack",1,3
1521,2026-05-08,"2026-05-07","Milk Chocolate Square - Each",1,1.75
1521,2026-05-08,"2026-05-07","Strawberries - Qt - Quart",1,8.25
1521,2026-05-08,"2026-05-07","Extra Credit - Each",11.43,1.06
1521,2026-05-08,"2026-05-07","Mini",1,53.2
885,2026-05-08,"2026-05-07","Plant - Sage Pineapple - Pot",1,4.5
885,2026-05-08,"2026-05-07","Plant - Thyme Creeping - Pot",1,4.5
885,2026-05-08,"2026-05-07","Extra Credit - Each",9,1.06
900,2026-05-08,"2026-05-07","Mothership Pickup Time (1.0 @3:30-4) - @3:30-4",1,0
900,2026-05-08,"2026-05-07","Chicken Thighs - Boneless/lb. - lbs",2,12.6
900,2026-05-08,"2026-05-07","Kale - Green Curly - Bag",1,5
900,2026-05-08,"2026-05-07","Marinara Sauce - Jar",1,8.75
900,2026-05-08,"2026-05-07","Swiss Chard - Bunch",1,5
900,2026-05-08,"2026-05-07","Extra Credit - Each",10.45,1.06
900,2026-05-08,"2026-05-07","FSA/FSD",1,79.79
900,2026-05-08,"2026-05-07","Whole MILK",0,8.49
904,2026-05-08,"2026-05-07","Eggs - BW - Dozen",1,6.5
904,2026-05-08,"2026-05-07","Mothership Pickup Time (2.0 @4-4:30) - @4-4:30",1,0
904,2026-05-08,"2026-05-07","Flaked Salmon - Lb.",1,16.48
904,2026-05-08,"2026-05-07","Strawberries - Qt - Quart",1,8.25
904,2026-05-08,"2026-05-07","Extra Credit - Each",0.23,1.06
904,2026-05-08,"2026-05-07","Half",1,84.79
1440,2026-05-08,"2026-05-07","Bread Choice - Frozen ($6.75) - Loaf",1,6.75
1440,2026-05-08,"2026-05-07","Chicken - Thighs /lbs  - lbs",1,11.76
1440,2026-05-08,"2026-05-07","Mushrooms - Choice",1,8
1440,2026-05-08,"2026-05-07","Pickles Wildcard ($7.75) - Jar",1,7.75
1440,2026-05-08,"2026-05-07","Plant - Basil Italian - Pot",1,4.5
1440,2026-05-08,"2026-05-07","Plant - Cilantro  - Pot",1,4.5
1440,2026-05-08,"2026-05-07","Plant - Dill - Pot",1,4.5
1440,2026-05-08,"2026-05-07","Plant - Oregano - Pot",1,4.5
1440,2026-05-08,"2026-05-07","Plant - Parsley - Pot",1,4.5
1440,2026-05-08,"2026-05-07","Plant - Tarragon - Pot",1,4.5
1440,2026-05-08,"2026-05-07","Extra Credit - Each",30.26,1.06
1440,2026-05-08,"2026-05-07","Half",1,84.79
1505,2026-05-08,"2026-05-07","Chicken - Big Bag Deboned Thighs/lb. - Bag",1,38.94
1505,2026-05-08,"2026-05-07","Mothership Pickup Time (3.0 @4:30-5) - @4:30-5",1,0
1505,2026-05-08,"2026-05-07","Chicken - Whole $5.00/lb. - Each",1,23.2
1505,2026-05-08,"2026-05-07","Curds Creamy Ranch 10 oz - Bag",1,6.75
1505,2026-05-08,"2026-05-07","Mushrooms - Choice",1,8
1505,2026-05-08,"2026-05-07","Pork - Bratwurst  - Pack",1,8.5
1505,2026-05-08,"2026-05-07","Extra Credit - Each",54.39,1.06
1505,2026-05-08,"2026-05-07","Half",1,84.79
959,2026-05-08,"2026-05-07","Applewood Smoked Cheddar - Each",1,6.5
959,2026-05-08,"2026-05-07","Marinara Sauce - Jar",1,8.75
959,2026-05-08,"2026-05-07","Olive Oil Large - Bottle",1,18.5
959,2026-05-08,"2026-05-07","Extra Credit - Each",0.25,1.06
959,2026-05-08,"2026-05-07","FSA/FSD",1,79.79
