"member_id","file_date","delivery_date","item_unit","sales","price"
704,2026-05-29,"2026-05-20","Cheese Choice $6.75 - Each",1,6.75
704,2026-05-29,"2026-05-20","Eggs - Dozen",1,6.5
704,2026-05-29,"2026-05-20","Pork - Bratwurst  - Pack",1,8.5
704,2026-05-29,"2026-05-20","Rice - Basmati Choice - Bag",1,7.5
704,2026-05-29,"2026-05-20","Wildcard $4 - Each",1,4
704,2026-05-29,"2026-05-20","FSA/FSD",1,79.79
371,2026-05-29,"2026-05-20","UCity Pickup Time (2.0 @5-5:30) - @5-5:30",1,0
371,2026-05-29,"2026-05-20","Chicken - Ground - Lb.",1,9
371,2026-05-29,"2026-05-20","Multigrain Bread - Frozen - Loaf",1,6.75
371,2026-05-29,"2026-05-20","Mushrooms - Choice",1,8
371,2026-05-29,"2026-05-20","Rhubarb - Bunch",1,9.5
371,2026-05-29,"2026-05-20","Wildcard $3 - Each",1,3
371,2026-05-29,"2026-05-20","Extra Credit - Each",9.75,1.06
371,2026-05-29,"2026-05-20","Half",1,68.89
1410,2026-05-29,"2026-05-20","Chicken - Big Bag Deboned Thighs/lb. - Bag",1,42.57
1410,2026-05-29,"2026-05-20","UCity Pickup Time - @4:30-5",1,0
1410,2026-05-29,"2026-05-20","Chicken - Ground - Lb.",1,9
1410,2026-05-29,"2026-05-20","Chicken Chorizo - Lb.",1,10.5
1410,2026-05-29,"2026-05-20","Wildcard $3 - Each",1,3
1410,2026-05-29,"2026-05-20","Extra Credit - Each",38.57,1.06
1410,2026-05-29,"2026-05-20","Half",1,68.89
1983,2026-05-29,"2026-05-20","Mothership Pickup Time (1.0 @3:30-4) - @3:30-4",1,0
1983,2026-05-29,"2026-05-20","Asparagus - Bunch",1,6.5
1983,2026-05-29,"2026-05-20","Eggs - Dozen",1,6.5
1983,2026-05-29,"2026-05-20","Plant - Cilantro  - Pot",1,4.5
1983,2026-05-29,"2026-05-20","Plant - Parsley - Pot",1,4.5
1983,2026-05-29,"2026-05-20","Strawberries - Qt - Quart",1,8.25
1983,2026-05-29,"2026-05-20","Extra Credit - Each",7.5,1.06
1983,2026-05-29,"2026-05-20","Mini",1,53.2
136,2026-05-29,"2026-05-20","Pork - Kielbasa - Pack",1,14.65
136,2026-05-29,"2026-05-20","Potato Chips Kickers med - Oz.",1,3
136,2026-05-29,"2026-05-20","Turnips - Japanese/White - Lb.",1,4.25
136,2026-05-29,"2026-05-20","Winter Squash - Spaghetti (1.0 Medium) - Medium",1,4.5
136,2026-05-29,"2026-05-20","Half",1,79.79
346,2026-05-29,"2026-05-20","Cinnamon Rolls - Pack",1,6.75
346,2026-05-29,"2026-05-20","Eggs - Dozen",1,6.5
346,2026-05-29,"2026-05-20","Mushrooms - Choice",1,8
346,2026-05-29,"2026-05-20","Strawberries - Qt - Quart",1,8.25
346,2026-05-29,"2026-05-20","Wildcard $3 - Each",1,3
346,2026-05-29,"2026-05-20","Yogurt - Vanilla - Oz.",1,7.1
346,2026-05-29,"2026-05-20","Extra Credit - Each",13.1,1.06
346,2026-05-29,"2026-05-20","Half",1,84.79
1038,2026-05-29,"2026-05-20","Milk - Whole - Oz.",1,8.32
1038,2026-05-29,"2026-05-20","Mothership Pickup Time (4.0 @5-5:30) - @5-5:30",1,0
1038,2026-05-29,"2026-05-20","Strawberries - Qt - Quart",1,8.25
1038,2026-05-29,"2026-05-20","Yogurt - Plain - Oz.",1,7.1
1038,2026-05-29,"2026-05-20","Extra Credit - Each",0.92,1.06
1038,2026-05-29,"2026-05-20","Mini",1,53.2
1039,2026-05-29,"2026-05-20","Cauliflower - hd. - Head",1,6.5
1039,2026-05-29,"2026-05-20","Ground Beef - D&M - Lb.",1,10.5
1039,2026-05-29,"2026-05-20","Ground Lamb  - Lb.",1,15
1039,2026-05-29,"2026-05-20","Rhubarb - Bunch",2,9.5
1039,2026-05-29,"2026-05-20","Semolina - Wednesday - Loaf",1,7
1039,2026-05-29,"2026-05-20","Extra Credit - Each",24.75,1.06
1039,2026-05-29,"2026-05-20","UCA/KWA",1,79.79
618,2026-05-29,"2026-05-20","Eggs - BW - Dozen",2,6.5
618,2026-05-29,"2026-05-20","Mothership Pickup Time (3.0 @4:30-5) - @4:30-5",1,0
618,2026-05-29,"2026-05-20","Cauliflower - hd. - Head",1,6.5
618,2026-05-29,"2026-05-20","Plant - Big Boy Tomatoes - Pot",1,4.5
618,2026-05-29,"2026-05-20","Plant - English Thyme - Pot",1,4.5
618,2026-05-29,"2026-05-20","Seedy Wheaty - Frozen - Loaf",1,3.75
618,2026-05-29,"2026-05-20","Strawberries - Qt - Quart",1,8.25
618,2026-05-29,"2026-05-20","Extra Credit - Each",17.75,1.06
618,2026-05-29,"2026-05-20","Mini",1,53.2
1830,2026-05-29,"2026-05-20","Mothership Pickup Time - @6:30-7",1,0
1830,2026-05-29,"2026-05-20","Bagels - Honey Buckwheat - BU - Bag",1,11
1830,2026-05-29,"2026-05-20","Chicken Breasts /lb. - Pack",1,12.07
1830,2026-05-29,"2026-05-20","Pork - Ground  - Lb.",1,7.5
1830,2026-05-29,"2026-05-20","Pre-ordered plants are in - Pot",1,0
1830,2026-05-29,"2026-05-20","Extra Credit - Each",5.32,1.06
1830,2026-05-29,"2026-05-20","Mini",1,53.2
1830,2026-05-29,"2026-05-20","2% MILK",1,8.85
228,2026-05-29,"2026-05-20","UCity Pickup Time (2.0 @5-5:30) - @5-5:30",1,0
228,2026-05-29,"2026-05-20","Marinara Sauce - Jar",1,8.75
228,2026-05-29,"2026-05-20","Pasta Bi-color Short - Lb.",1,6.5
228,2026-05-29,"2026-05-20","Pork - Ground  - Lb.",1,7.5
228,2026-05-29,"2026-05-20","Mini",1,53.2
1203,2026-05-29,"2026-05-20","Mothership Pickup Time (2.0 @4-4:30) - @4-4:30",1,0
1203,2026-05-29,"2026-05-20","Eggs - Dozen",1,6.5
1203,2026-05-29,"2026-05-20","Ghost Pepper Cheddar - Each",1,6.75
1203,2026-05-29,"2026-05-20","Lettuce - Salanova - Bag",1,4.25
1203,2026-05-29,"2026-05-20","Onions - Green - Bunch",1,3.5
1203,2026-05-29,"2026-05-20","Pork - Bratwurst  - Pack",1,8.5
1203,2026-05-29,"2026-05-20","Rhubarb - Bunch",1,9.5
1203,2026-05-29,"2026-05-20","Shoots - Sunflower - Bag",1,4.25
1203,2026-05-29,"2026-05-20","Extra Credit - Each",10,1.06
1203,2026-05-29,"2026-05-20","FSA/FSD",1,79.79
892,2026-05-29,"2026-05-20","Peanut Butter MC - Tub",1,7.75
892,2026-05-29,"2026-05-20","UCity Pickup Time - @4:30-5",1,0
892,2026-05-29,"2026-05-20","Onions - Green - Bunch",2,3.5
892,2026-05-29,"2026-05-20","Semolina - Wednesday - Loaf",1,7
892,2026-05-29,"2026-05-20","Squash - Zucchini - Each",1,2.5
892,2026-05-29,"2026-05-20","Strawberries - Qt - Quart",1,8.25
892,2026-05-29,"2026-05-20","Wildcard $3 - Each",1,3
892,2026-05-29,"2026-05-20","Extra Credit - Each",9,1.06
892,2026-05-29,"2026-05-20","Half",1,84.79
444,2026-05-29,"2026-05-20","Eggs - BW - Dozen",1,6.5
444,2026-05-29,"2026-05-20","UCity Pickup Time - @4:30-5",1,0
444,2026-05-29,"2026-05-20","RL Chocolate Milk - Bottle",2,2.75
444,2026-05-29,"2026-05-20","Rice - Brown - Lb.",1,6.5
444,2026-05-29,"2026-05-20","Rice - White - Lb.",1,6.5
444,2026-05-29,"2026-05-20","Squash - Zucchini - Each",4,2.5
444,2026-05-29,"2026-05-20","Extra Credit - Each",1.75,1.06
444,2026-05-29,"2026-05-20","UCA/KWA",1,79.79
828,2026-05-29,"2026-05-20","Flank Steak/lbs. - lbs",2,33.81
828,2026-05-29,"2026-05-20","Extra Credit - Each",44.87,1.06
828,2026-05-29,"2026-05-20","Mini",1,53.2
472,2026-05-29,"2026-05-20","UCity Pickup Time - @4:30-5",1,0
472,2026-05-29,"2026-05-20","Mushrooms - Choice",1,8
472,2026-05-29,"2026-05-20","Plant - Dill - Pot",1,4.5
472,2026-05-29,"2026-05-20","Yogurt - Blueberry - Oz.",1,7.1
472,2026-05-29,"2026-05-20","Yogurt - Strawberry - Oz.",1,7.1
472,2026-05-29,"2026-05-20","Extra Credit - Each",0.2,1.06
472,2026-05-29,"2026-05-20","Half",1,68.89
1799,2026-05-29,"2026-05-20","Mothership Pickup Time (3.0 @4:30-5) - @4:30-5",1,0
1799,2026-05-29,"2026-05-20","Eggs - Dozen",1,6.5
1799,2026-05-29,"2026-05-20","Ground Lamb  - Lb.",1,15
1799,2026-05-29,"2026-05-20","Peas - Shelling  - Oz.",1,4.25
1799,2026-05-29,"2026-05-20","Pizza Sauce - Jar",2,0
1799,2026-05-29,"2026-05-20","Pork - Bratwurst  - Pack",1,8.5
1799,2026-05-29,"2026-05-20","Pork - Ground  - Lb.",1,7.5
1799,2026-05-29,"2026-05-20","Rice - Basmati Brown - Lb.",1,7.5
1799,2026-05-29,"2026-05-20","Sourdough Bread - Frozen - Lb.",1,6.75
1799,2026-05-29,"2026-05-20","Yogurt - Blueberry - Oz.",1,7.1
1799,2026-05-29,"2026-05-20","Extra Credit - Each",29.85,1.06
1799,2026-05-29,"2026-05-20","FSA/FSD",1,79.79
30,2026-05-29,"2026-05-20","Mothership Pickup Time (3.0 @4:30-5) - @4:30-5",1,0
30,2026-05-29,"2026-05-20","Bagels - Plain - Bag",1,6.75
30,2026-05-29,"2026-05-20","Chicken - Ground - Lb.",1,9
30,2026-05-29,"2026-05-20","Eggs - Dozen",1,6.5
30,2026-05-29,"2026-05-20","Squash - Zucchini - Each",1,2.5
30,2026-05-29,"2026-05-20","Wildcard $3 - Each",1,3
30,2026-05-29,"2026-05-20","Extra Credit - Each",1.25,1.06
30,2026-05-29,"2026-05-20","Half",1,84.79
1699,2026-05-29,"2026-05-20","Almonds - Salted - Oz.",1,14.75
1699,2026-05-29,"2026-05-20","UCity Pickup Time - @4:30-5",1,0
1699,2026-05-29,"2026-05-20","Gnocchi - Potato  - Lb.",1,6.5
1699,2026-05-29,"2026-05-20","Light and Mild - Wednesday - Loaf",1,8.25
1699,2026-05-29,"2026-05-20","Pre-ordered plants are in - Pot",1,0
1699,2026-05-29,"2026-05-20","Queso Quesadilla - HBC - Each",1,6.75
1699,2026-05-29,"2026-05-20","Extra Credit - Each",3,1.06
1699,2026-05-29,"2026-05-20","UCA/KWA",1,79.79
1154,2026-05-29,"2026-05-20","Mothership Pickup Time (4.0 @5-5:30) - @5-5:30",1,0
1154,2026-05-29,"2026-05-20","Pasta Long Bi-color - Lb.",1,6.5
1154,2026-05-29,"2026-05-20","Pork - Ground  - Lb.",1,7.5
1154,2026-05-29,"2026-05-20","Strawberries - Qt - Quart",1,8.25
1154,2026-05-29,"2026-05-20","Mini",1,53.2
541,2026-05-29,"2026-05-20","Milk - Whole - Oz.",1,8.32
541,2026-05-29,"2026-05-20","UCity Pickup Time - @4:30-5",1,0
541,2026-05-29,"2026-05-20","$ for green bags donation - $",1,1
541,2026-05-29,"2026-05-20","Asparagus - Bunch",1,6.5
541,2026-05-29,"2026-05-20","Lettuce - Romaine Head - Head",1,5
541,2026-05-29,"2026-05-20","Oat Porridge Bread - Wednesday - Loaf",1,9
541,2026-05-29,"2026-05-20","Plant - Cucumber pickling - Pot",2,4.5
541,2026-05-29,"2026-05-20","Plant - Sungold Tomato - Pot",1,4.5
541,2026-05-29,"2026-05-20","Squash - Zucchini - Each",2,2.5
541,2026-05-29,"2026-05-20","Extra Credit - Each",15.07,1.06
541,2026-05-29,"2026-05-20","UCA/KWA",1,79.79
1928,2026-05-29,"2026-05-20","Milk - 2%  - Oz.",1,8.32
1928,2026-05-29,"2026-05-20","UCity Pickup Time - @4:30-5",1,0
1928,2026-05-29,"2026-05-20","Black Beans DC - Tub",1,6.5
1928,2026-05-29,"2026-05-20","Bread Pudding - Muffin - Froz. - Each",3,4
1928,2026-05-29,"2026-05-20","Eggs - Dozen",1,6.5
1928,2026-05-29,"2026-05-20","Lettuce - Romaine Head - Head",1,5
1928,2026-05-29,"2026-05-20","Mushrooms - Sale! - Bag",1,8
1928,2026-05-29,"2026-05-20","Plant - Lavender - Pot",1,4.5
1928,2026-05-29,"2026-05-20","Strawberries - Qt - Quart",1,8.25
1928,2026-05-29,"2026-05-20","Extra Credit - Each",32.57,1.06
1928,2026-05-29,"2026-05-20","Half",1,68.89
1559,2026-05-29,"2026-05-20","UCity Pickup Time (3.0 @5:30-6) - @5:30-6",1,0
1559,2026-05-29,"2026-05-20","Broccoli - Share",1,4.25
1559,2026-05-29,"2026-05-20","Coffee Stringbean Decaf - Bag",1,16
1559,2026-05-29,"2026-05-20","Eggs - H - Dozen",1,6.5
1559,2026-05-29,"2026-05-20","German Quark HBC - Jar",1,6.75
1559,2026-05-29,"2026-05-20","Hand Pie: Chicken Curry - Bag",1,10.5
1559,2026-05-29,"2026-05-20","Janie's Bread - Wednesday - Each",1,7
1559,2026-05-29,"2026-05-20","Lettuce - Salanova - Bag",1,4.25
1559,2026-05-29,"2026-05-20","Onions - Green - Bunch",1,3.5
1559,2026-05-29,"2026-05-20","Peas - Shelling  - Oz.",1,4.25
1559,2026-05-29,"2026-05-20","Plant - Jalapeno Peppers - Pot",1,4.5
1559,2026-05-29,"2026-05-20","Pre-ordered plants are in - Pot",1,0
1559,2026-05-29,"2026-05-20","Rhubarb - Bunch",1,9.5
1559,2026-05-29,"2026-05-20","Rice - Basmati Brown - Lb.",1,7.5
1559,2026-05-29,"2026-05-20","Strawberries - Qt - Quart",1,8.25
1559,2026-05-29,"2026-05-20","Stringbean Ethiopian - Bag",1,16
1559,2026-05-29,"2026-05-20","Extra Credit - Each",86,1.06
1559,2026-05-29,"2026-05-20","Mini",1,53.2
557,2026-05-29,"2026-05-20","Mothership Pickup Time (1.0 @3:30-4) - @3:30-4",1,0
557,2026-05-29,"2026-05-20","Eggs - Dozen",1,6.5
557,2026-05-29,"2026-05-20","Pork - Bratwurst  - Pack",1,8.5
557,2026-05-29,"2026-05-20","Queso Quesadilla - HBC - Each",1,6.75
557,2026-05-29,"2026-05-20","Rice - Basmati Choice - Bag",1,7.5
557,2026-05-29,"2026-05-20","Wildcard $4 - Each",1,4
557,2026-05-29,"2026-05-20","FSA/FSD",1,79.79
986,2026-05-29,"2026-05-20","Mothership Pickup Time (4.0 @5-5:30) - @5-5:30",1,0
986,2026-05-29,"2026-05-20","Asparagus - Bunch",1,6.5
986,2026-05-29,"2026-05-20","Boneless Pork Chop - D&M /lb - Lb.",1,14.08
986,2026-05-29,"2026-05-20","Eggs - Dozen",1,6.5
986,2026-05-29,"2026-05-20","Meatballs D&M - Package",1,14.5
986,2026-05-29,"2026-05-20","Mushrooms - Choice",1,8
986,2026-05-29,"2026-05-20","Rice - White - Lb.",1,6.5
986,2026-05-29,"2026-05-20","Extra Credit - Each",29.58,1.06
986,2026-05-29,"2026-05-20","Half",1,84.79
1896,2026-05-29,"2026-05-20","Mothership Pickup Time (4.0 @5-5:30) - @5-5:30",1,0
1896,2026-05-29,"2026-05-20","Oat Porridge Bread - Wednesday - Loaf",1,9
1896,2026-05-29,"2026-05-20","Pasta Long Bi-color - Lb.",1,6.5
1896,2026-05-29,"2026-05-20","Plant - Sungold Tomato - Pot",2,4.5
1896,2026-05-29,"2026-05-20","Pork - Chorizo (bulk) - Lb.",1,14
1896,2026-05-29,"2026-05-20","Pork - Ground  - Lb.",1,7.5
1896,2026-05-29,"2026-05-20","Strawberries - Qt - Quart",1,8.25
1896,2026-05-29,"2026-05-20","Extra Credit - Each",31.5,1.06
1896,2026-05-29,"2026-05-20","Mini",1,53.2
1989,2026-05-29,"2026-05-20","Mothership Pickup Time (1.0 @3:30-4) - @3:30-4",1,0
1989,2026-05-29,"2026-05-20","Chicken - Ground - Lb.",1,9
1989,2026-05-29,"2026-05-20","Eggs - Dozen",1,6.5
1989,2026-05-29,"2026-05-20","Strawberries - Qt - Quart",1,8.25
1989,2026-05-29,"2026-05-20","Yogurt - Plain - Oz.",1,7.1
1989,2026-05-29,"2026-05-20","Extra Credit - Each",4.35,1.06
1989,2026-05-29,"2026-05-20","Half",1,84.79
1000,2026-05-29,"2026-05-20","UCity Pickup Time (3.0 @5:30-6) - @5:30-6",1,0
1000,2026-05-29,"2026-05-20","Pork - Ground  - Lb.",1,7.5
1000,2026-05-29,"2026-05-20","Sesame Hoagie -W - Each",1,3.8
1000,2026-05-29,"2026-05-20","Strawberries - Qt - Quart",1,8.25
1000,2026-05-29,"2026-05-20","Yogurt - Vanilla - Oz.",1,7.1
1000,2026-05-29,"2026-05-20","Extra Credit - Each",3.9,1.06
1000,2026-05-29,"2026-05-20","Mini",1,53.2
207,2026-05-29,"2026-05-20","Lettuce - Bibb - Head",1,3.25
207,2026-05-29,"2026-05-20","Lettuce Head - Head",1,4.25
207,2026-05-29,"2026-05-20","Plant - Dill - Pot",2,4.5
207,2026-05-29,"2026-05-20","Plant - English Thyme - Pot",1,4.5
207,2026-05-29,"2026-05-20","Plant - Parsley - Pot",2,4.5
207,2026-05-29,"2026-05-20","Plant - Tomato Beefsteak - Pot",1,4.5
207,2026-05-29,"2026-05-20","Spinach - Bag",1,5
207,2026-05-29,"2026-05-20","Strawberries - Qt - Quart",1,8.25
207,2026-05-29,"2026-05-20","Extra Credit - Each",25,1.06
207,2026-05-29,"2026-05-20","Mini",1,53.2
100,2026-05-29,"2026-05-20","Mothership Pickup Time (2.0 @4-4:30) - @4-4:30",1,0
100,2026-05-29,"2026-05-20","Hand Pie: Cheesy Potato - Bag",1,10.5
100,2026-05-29,"2026-05-20","Manicotti - Spinach - Package",1,10.15
100,2026-05-29,"2026-05-20","Marinara Sauce - Jar",1,8.75
100,2026-05-29,"2026-05-20","Pork - Ground  - Lb.",1,7.5
100,2026-05-29,"2026-05-20","Extra Credit - Each",14.15,1.06
100,2026-05-29,"2026-05-20","Mini",1,53.2
178,2026-05-29,"2026-05-20","Chicken - Ground - Lb.",1,9
178,2026-05-29,"2026-05-20","Eggs - Dozen",1,6.5
178,2026-05-29,"2026-05-20","Mushrooms - Choice",1,8
178,2026-05-29,"2026-05-20","Potato Chips Original - Med - Oz.",1,3
178,2026-05-29,"2026-05-20","Wildcard $3 - Each",1,3
178,2026-05-29,"2026-05-20","Extra Credit - Each",3,1.06
178,2026-05-29,"2026-05-20","Half",1,68.89
99,2026-05-29,"2026-05-20","Ground Turkey - Pack",1,9
99,2026-05-29,"2026-05-20","Mothership Pickup Time (6.0 @6-6:30) - @6-6:30",1,0
99,2026-05-29,"2026-05-20","Cauliflower - hd. - Head",1,6.5
99,2026-05-29,"2026-05-20","Chicken Links - Apple Cinnamon - Lb.",1,10.5
99,2026-05-29,"2026-05-20","Eggs - Dozen",1,6.5
637,2026-05-29,"2026-05-20","Chicken - Ground - Lb.",1,9
637,2026-05-29,"2026-05-20","Eggs - Dozen",1,6.5
637,2026-05-29,"2026-05-20","Mushrooms - Choice",1,8
637,2026-05-29,"2026-05-20","Wildcard $3 - Each",1,3
637,2026-05-29,"2026-05-20","Half",1,84.79
351,2026-05-29,"2026-05-20","Mothership Pickup Time (1.0 @3:30-4) - @3:30-4",1,0
351,2026-05-29,"2026-05-20","Bagel Chips - Bag",1,9.75
351,2026-05-29,"2026-05-20","Broccoli - Share",1,4.25
351,2026-05-29,"2026-05-20","Mushrooms (1.0 Shiitake) - Shiitake",1,8
351,2026-05-29,"2026-05-20","Semolina - Wednesday - Loaf",1,7
351,2026-05-29,"2026-05-20","Extra Credit - Each",2.5,1.06
351,2026-05-29,"2026-05-20","Half",1,84.79
401,2026-05-29,"2026-05-20","UCity Pickup Time - @4:30-5",1,0
401,2026-05-29,"2026-05-20","Cauliflower - hd. - Head",1,6.5
401,2026-05-29,"2026-05-20","Fresh Herb - Mint - 1-each",1,4
401,2026-05-29,"2026-05-20","Onions - Green - Bunch",1,3.5
401,2026-05-29,"2026-05-20","Strawberries - Qt - Quart",1,8.25
401,2026-05-29,"2026-05-20","Turnips - Japanese/White - Lb.",1,4.25
401,2026-05-29,"2026-05-20","Extra Credit - Each",3.75,1.06
401,2026-05-29,"2026-05-20","Mini",1,53.2
1923,2026-05-29,"2026-05-20","UCity Pickup Time (3.0 @5:30-6) - @5:30-6",1,0
1923,2026-05-29,"2026-05-20","Cheese Choice $6.75 - Each",1,6.75
1923,2026-05-29,"2026-05-20","Ground Beef - D&M - Lb.",1,10.5
1923,2026-05-29,"2026-05-20","Hummus - Beet & Pepita - Tub",1,6.75
1923,2026-05-29,"2026-05-20","Peas - Shelling  - Oz.",1,4.25
1923,2026-05-29,"2026-05-20","Pre-ordered plants are in - Pot",1,0
1923,2026-05-29,"2026-05-20","Shoots - Specialty Mix - Bag",1,4.5
1923,2026-05-29,"2026-05-20","Strawberries - Qt - Quart",1,8.25
1923,2026-05-29,"2026-05-20","Wildcard $3 - Each",1,3
1923,2026-05-29,"2026-05-20","Extra Credit - Each",10.75,1.06
1923,2026-05-29,"2026-05-20","UCA/KWA",1,79.79
1879,2026-05-29,"2026-05-20","Mothership Pickup Time (3.0 @4:30-5) - @4:30-5",1,0
1879,2026-05-29,"2026-05-20","Fresh Herb - Dill - Bunch",1,2.5
1879,2026-05-29,"2026-05-20","Marinara Sauce - Jar",1,8.75
1879,2026-05-29,"2026-05-20","Pasta Bi-color Short - Lb.",1,6.5
1879,2026-05-29,"2026-05-20","Pork - Ground  - Lb.",1,7.5
1879,2026-05-29,"2026-05-20","Extra Credit - Each",2.5,1.06
1879,2026-05-29,"2026-05-20","Mini",1,53.2
373,2026-05-29,"2026-05-20","UCity Pickup Time (3.0 @5:30-6) - @5:30-6",1,0
373,2026-05-29,"2026-05-20","Asparagus - Bunch",1,6.5
373,2026-05-29,"2026-05-20","Bacon - Each",1,13.5
373,2026-05-29,"2026-05-20","Bagels - Everything - Frozen - Bag",1,6.75
373,2026-05-29,"2026-05-20","Light and Mild - Wednesday - Loaf",1,8.25
373,2026-05-29,"2026-05-20","Extra Credit - Each",1.75,1.06
373,2026-05-29,"2026-05-20","UCA/KWA",1,79.79
1498,2026-05-29,"2026-05-20","UCity Pickup Time - @4:30-5",1,0
1498,2026-05-29,"2026-05-20","$ for green bags donation - $",1,1
1498,2026-05-29,"2026-05-20","Plant - English Thyme - Pot",1,4.5
1498,2026-05-29,"2026-05-20","Plant - Rosemary - Pot",1,4.5
1498,2026-05-29,"2026-05-20","Plant - Spearmint - Pot",1,4.5
1498,2026-05-29,"2026-05-20","Pre-ordered plants are in - Pot",1,0
1498,2026-05-29,"2026-05-20","Strawberries - Qt - Quart",1,8.25
1498,2026-05-29,"2026-05-20","Mini",1,53.2
526,2026-05-29,"2026-05-20","Cheese Choice $6.75 - Each",1,6.75
526,2026-05-29,"2026-05-20","Del Carmen Choice - Tub",1,6.5
526,2026-05-29,"2026-05-20","Eggs - Dozen",1,6.5
526,2026-05-29,"2026-05-20","Ground Beef - D&M - Lb.",1,10.5
526,2026-05-29,"2026-05-20","Oat Porridge Bread - Wednesday - Loaf",1,9
526,2026-05-29,"2026-05-20","Wildcard $3 - Each",1,3
526,2026-05-29,"2026-05-20","Extra Credit - Each",9,1.06
526,2026-05-29,"2026-05-20","UCA/KWA",1,79.79
42,2026-05-29,"2026-05-20","UCity Pickup Time - @4:30-5",1,0
42,2026-05-29,"2026-05-20","Bagels - Everything - BU - Bag",1,11
42,2026-05-29,"2026-05-20","Cauliflower - hd. - Head",1,6.5
42,2026-05-29,"2026-05-20","Eggs - Dozen",1,6.5
42,2026-05-29,"2026-05-20","Fresh Herb - Dill - Bunch",1,2.5
42,2026-05-29,"2026-05-20","Ground Beef - D&M - Lb.",2,10.5
42,2026-05-29,"2026-05-20","Marshmallow Pie - Each",2,7.5
42,2026-05-29,"2026-05-20","Extra Credit - Each",29.25,1.06
42,2026-05-29,"2026-05-20","UCA/KWA",1,79.79
544,2026-05-29,"2026-05-20","Chicken - Ground - Lb.",1,9
544,2026-05-29,"2026-05-20","Cinnamon Rolls - Pack",1,6.75
544,2026-05-29,"2026-05-20","Curry Sauce (1.0 Red) - Red",1,11.5
544,2026-05-29,"2026-05-20","Eggs - Dozen",1,6.5
544,2026-05-29,"2026-05-20","Sesame Hoagie -W - Each",1,3.8
544,2026-05-29,"2026-05-20","Strawberries - Qt - Quart",1,8.25
544,2026-05-29,"2026-05-20","Yogurt - Vanilla - Oz.",1,7.1
544,2026-05-29,"2026-05-20","Extra Credit - Each",26.4,1.06
544,2026-05-29,"2026-05-20","Half",1,84.79
639,2026-05-29,"2026-05-20","UCity Pickup Time - @4:30-5",1,0
639,2026-05-29,"2026-05-20","Bok Choy - Bag",1,5
639,2026-05-29,"2026-05-20","Chicken - Ground - Lb.",1,9
639,2026-05-29,"2026-05-20","Kale - Green Curly - Bag",1,5
639,2026-05-29,"2026-05-20","Lettuce - Bibb - Head",1,3.25
639,2026-05-29,"2026-05-20","Semolina - Wednesday - Loaf",1,7
639,2026-05-29,"2026-05-20","Extra Credit - Each",2.75,1.06
639,2026-05-29,"2026-05-20","Half",1,84.79
1030,2026-05-29,"2026-05-20","UCity Pickup Time (2.0 @5-5:30) - @5-5:30",1,0
1030,2026-05-29,"2026-05-20","Bagels - Blueberry - BU - Bag",1,11
1030,2026-05-29,"2026-05-20","Cinnamon Rolls - Pack",1,6.75
1030,2026-05-29,"2026-05-20","Eggs - Dozen",1,6.5
1030,2026-05-29,"2026-05-20","Light and Mild - Wednesday - Loaf",1,8.25
1030,2026-05-29,"2026-05-20","Strawberries - Qt - Quart",1,8.25
1030,2026-05-29,"2026-05-20","Extra Credit - Each",7.5,1.06
1030,2026-05-29,"2026-05-20","UCA/KWA",1,79.79
145,2026-05-29,"2026-05-20","Eggs - BW - Dozen",1,6.5
145,2026-05-29,"2026-05-20","Mothership Pickup Time (1.0 @3:30-4) - @3:30-4",1,0
145,2026-05-29,"2026-05-20","Asparagus - Bunch",1,6.5
145,2026-05-29,"2026-05-20","Collards - Bunch",1,5
145,2026-05-29,"2026-05-20","Kale - Lacinato/Dinosaur - Bag",1,5
145,2026-05-29,"2026-05-20","Extra Credit - Each",0.25,1.06
145,2026-05-29,"2026-05-20","Mini",1,53.2
863,2026-05-29,"2026-05-20","Mothership Pickup Time (6.0 @6-6:30) - @6-6:30",1,0
863,2026-05-29,"2026-05-20","Eggs - Dozen",1,6.5
863,2026-05-29,"2026-05-20","Fresh Herb - Mint - 1-each",1,4
863,2026-05-29,"2026-05-20","Pork - Bratwurst  - Pack",1,8.5
863,2026-05-29,"2026-05-20","Queso Quesadilla - HBC - Each",1,6.75
863,2026-05-29,"2026-05-20","Rice - Basmati White - Lb.",1,7.5
863,2026-05-29,"2026-05-20","FSA/FSD",1,79.79
962,2026-05-29,"2026-05-20","Mothership Pickup Time (6.0 @6-6:30) - @6-6:30",1,0
962,2026-05-29,"2026-05-20","Strawberries - Qt - Quart",1,8.25
962,2026-05-29,"2026-05-20","Extra Credit - Each",8.25,1.06
125,2026-05-29,"2026-05-20","Cheese Choice $6.75 - Each",1,6.75
125,2026-05-29,"2026-05-20","Del Carmen Choice - Tub",1,6.5
125,2026-05-29,"2026-05-20","Eggs - Dozen",1,6.5
125,2026-05-29,"2026-05-20","Ground Beef - D&M - Lb.",1,10.5
125,2026-05-29,"2026-05-20","Wildcard $3 - Each",1,3
125,2026-05-29,"2026-05-20","UCA/KWA",1,79.79
235,2026-05-29,"2026-05-20","Broccoli - Share",1,4.25
235,2026-05-29,"2026-05-20","Eggs - H - Dozen",1,6.5
235,2026-05-29,"2026-05-20","Hoagie - Wednesday - Each",1,3.5
235,2026-05-29,"2026-05-20","Rice - White - Lb.",1,6.5
235,2026-05-29,"2026-05-20","Swiss Chard - Bunch",1,5
235,2026-05-29,"2026-05-20","Extra Credit - Each",3,1.06
235,2026-05-29,"2026-05-20","Mini",1,53.2
356,2026-05-29,"2026-05-20","UCity Pickup Time - @4:30-5",1,0
356,2026-05-29,"2026-05-20","Dark Chocolate Square  - Each",1,1.75
356,2026-05-29,"2026-05-20","Flank Steak/lbs. - lbs",1,22.26
356,2026-05-29,"2026-05-20","Extra Credit - Each",1.26,1.06
356,2026-05-29,"2026-05-20","Mini",1,53.2
1107,2026-05-29,"2026-05-20","UCity Pickup Time (3.0 @5:30-6) - @5:30-6",1,0
1107,2026-05-29,"2026-05-20","Collards - Bunch",1,5
1107,2026-05-29,"2026-05-20","Eggs - Dozen",1,6.5
1107,2026-05-29,"2026-05-20","Popcorn - McKaskle - Lb.",1,5.75
1107,2026-05-29,"2026-05-20","Salsa - Gringo's Mild - Jar",1,5
1107,2026-05-29,"2026-05-20","Turnips - Japanese/White - Lb.",1,4.25
1107,2026-05-29,"2026-05-20","Half",1,68.89
520,2026-05-29,"2026-05-20","UCity Pickup Time - @4:30-5",1,0
520,2026-05-29,"2026-05-20","Asparagus - Bunch",1,6.5
520,2026-05-29,"2026-05-20","Broccoli - Share",1,4.25
520,2026-05-29,"2026-05-20","Lettuce - Salanova - Bag",1,4.25
520,2026-05-29,"2026-05-20","Onions - Green - Bunch",1,3.5
520,2026-05-29,"2026-05-20","Peas - Shelling  - Oz.",2,4.25
520,2026-05-29,"2026-05-20","Rhubarb - Bunch",1,9.5
520,2026-05-29,"2026-05-20","Strawberries - Qt - Quart",1,8.25
520,2026-05-29,"2026-05-20","Extra Credit - Each",19.5,1.06
520,2026-05-29,"2026-05-20","Mini",1,53.2
520,2026-05-29,"2026-05-20","Whole MILK",1,8.85
709,2026-05-29,"2026-05-20","Milk - Creamline - Oz.",1,8.32
709,2026-05-29,"2026-05-20","Mothership Pickup Time (2.0 @4-4:30) - @4-4:30",1,0
709,2026-05-29,"2026-05-20","Asparagus - Bunch",1,6.5
709,2026-05-29,"2026-05-20","Eggs - Dozen",2,6.5
709,2026-05-29,"2026-05-20","Ground Beef - D&M - Lb.",1,10.5
709,2026-05-29,"2026-05-20","Plant - Cilantro  - Pot",1,4.5
709,2026-05-29,"2026-05-20","Pork - Bratwurst  - Pack",1,8.5
709,2026-05-29,"2026-05-20","Extra Credit - Each",18.07,1.06
709,2026-05-29,"2026-05-20","FSA/FSD",1,79.79
598,2026-05-29,"2026-05-20","Marinara Sauce - Jar",1,8.75
598,2026-05-29,"2026-05-20","Pasta Wildcard $6.50 - Pack",1,6.5
598,2026-05-29,"2026-05-20","Pork - Ground  - Lb.",1,7.5
598,2026-05-29,"2026-05-20","Mini",1,53.2
423,2026-05-29,"2026-05-20","Mothership Pickup Time (6.0 @6-6:30) - @6-6:30",1,0
423,2026-05-29,"2026-05-20","Asparagus - Bunch",1,6.5
423,2026-05-29,"2026-05-20","Cinnamon Rolls - Pack",2,6.75
423,2026-05-29,"2026-05-20","Eggs - Dozen",2,6.5
423,2026-05-29,"2026-05-20","Rice - Basmati Choice - Bag",1,7.5
423,2026-05-29,"2026-05-20","Strawberries - Qt - Quart",3,0
423,2026-05-29,"2026-05-20","Extra Credit - Each",7.25,1.06
423,2026-05-29,"2026-05-20","FSA/FSD",1,79.79
1577,2026-05-29,"2026-05-20","Mothership Pickup Time (4.0 @5-5:30) - @5-5:30",1,0
1577,2026-05-29,"2026-05-20","Janie's Bread - Wednesday - Each",1,7
1577,2026-05-29,"2026-05-20","Onions - Green - Bunch",1,3.5
1577,2026-05-29,"2026-05-20","Pasta Wildcard $6.50 - Pack",1,6.5
1577,2026-05-29,"2026-05-20","Strawberries - Qt - Quart",1,8.25
1577,2026-05-29,"2026-05-20","Extra Credit - Each",2.5,1.06
1577,2026-05-29,"2026-05-20","Mini",1,53.2
1577,2026-05-29,"2026-05-20","Whole MILK",1,8.85
439,2026-05-29,"2026-05-20","Mothership Pickup Time (2.0 @4-4:30) - @4-4:30",1,0
439,2026-05-29,"2026-05-20","Aged Cheddar - HBC - Each",1,6.75
439,2026-05-29,"2026-05-20","Chicken - Ground - Lb.",1,9
439,2026-05-29,"2026-05-20","Eggs - Dozen",1,6.5
439,2026-05-29,"2026-05-20","Ravioli - Butternut Squash  - Lb.",1,9.15
439,2026-05-29,"2026-05-20","Tortellini - Cheese - Lb.",1,9.15
439,2026-05-29,"2026-05-20","Extra Credit - Each",7.3,1.06
439,2026-05-29,"2026-05-20","FSA/FSD",1,79.79
814,2026-05-29,"2026-05-20","Milk - Creamline - Oz.",1,8.32
814,2026-05-29,"2026-05-20","Milk - Whole - Oz.",1,8.32
814,2026-05-29,"2026-05-20","UCity Pickup Time - @4:30-5",1,0
814,2026-05-29,"2026-05-20","Auction Donation - $",1,1
814,2026-05-29,"2026-05-20","Eggs - Dozen",1,6.5
814,2026-05-29,"2026-05-20","Pork - Chorizo (bulk) - Lb.",1,14
814,2026-05-29,"2026-05-20","Pork Andouille Links - D&M - Each",1,8
814,2026-05-29,"2026-05-20","Extra Credit - Each",19.64,1.06
814,2026-05-29,"2026-05-20","Half",1,68.89
1627,2026-05-29,"2026-05-20","Mothership Pickup Time (2.0 @4-4:30) - @4-4:30",1,0
1627,2026-05-29,"2026-05-20","RL Heavy Cream  - Pint",1,7.75
1627,2026-05-29,"2026-05-20","Eggs - Dozen",1,6.5
1627,2026-05-29,"2026-05-20","Ground Beef - D&M - Lb.",1,10.5
1627,2026-05-29,"2026-05-20","Hoagie - Wednesday - Each",1,3.5
1627,2026-05-29,"2026-05-20","Onions - Sweet Bunch - Bunch",2,3.75
1627,2026-05-29,"2026-05-20","Peas - Shelling  - Oz.",1,4.25
1627,2026-05-29,"2026-05-20","Pork - Bratwurst  - Pack",1,8.5
1627,2026-05-29,"2026-05-20","Rice - Basmati Choice - Bag",1,7.5
1627,2026-05-29,"2026-05-20","Extra Credit - Each",22.75,1.06
1627,2026-05-29,"2026-05-20","FSA/FSD",1,79.79
322,2026-05-29,"2026-05-20","UCity Pickup Time - @4:30-5",1,0
322,2026-05-29,"2026-05-20","Beans & Rice - Tub",1,6.5
322,2026-05-29,"2026-05-20","Bread Pudding - Muffin - Froz. - Each",1,4
322,2026-05-29,"2026-05-20","Eggs - Dozen",1,6.5
322,2026-05-29,"2026-05-20","Ground Beef - D&M - Lb.",1,10.5
322,2026-05-29,"2026-05-20","Queso Quesadilla - HBC - Each",1,6.75
322,2026-05-29,"2026-05-20","UCA/KWA",1,79.79
322,2026-05-29,"2026-05-20","2% MILK-e",1,8.85
132,2026-05-29,"2026-05-20","Mothership Pickup Time (6.0 @6-6:30) - @6-6:30",1,0
132,2026-05-29,"2026-05-20","Cooler Repair Donation - $",1,1
132,2026-05-29,"2026-05-20","Bacon - Each",1,13.5
132,2026-05-29,"2026-05-20","Chicken - Ground - Lb.",1,9
132,2026-05-29,"2026-05-20","Eggs - Dozen",1,6.5
132,2026-05-29,"2026-05-20","Mushrooms - Choice",1,8
132,2026-05-29,"2026-05-20","Onions - Green - Bunch",1,3.5
132,2026-05-29,"2026-05-20","Extra Credit - Each",15,1.06
132,2026-05-29,"2026-05-20","Half",1,84.79
681,2026-05-29,"2026-05-20","Eggs - Dozen",1,6.5
681,2026-05-29,"2026-05-20","Ground Beef - D&M - Lb.",1,10.5
681,2026-05-29,"2026-05-20","Pork - Tenderloin/lb - Lb.",1,11.03
681,2026-05-29,"2026-05-20","Turnips - Japanese/White - Lb.",1,4.25
681,2026-05-29,"2026-05-20","UCA/KWA",1,79.79
734,2026-05-29,"2026-05-20","Mothership Pickup Time (6.0 @6-6:30) - @6-6:30",1,0
734,2026-05-29,"2026-05-20","Asparagus - Bunch",1,6.5
734,2026-05-29,"2026-05-20","Chicken Links - Lemon Pepper - Lb.",1,10.5
734,2026-05-29,"2026-05-20","Onions - Green - Bunch",1,3.5
734,2026-05-29,"2026-05-20","Peas - Shelling  - Oz.",1,4.25
734,2026-05-29,"2026-05-20","Seedy Wheaty - Frozen - Loaf",1,3.75
734,2026-05-29,"2026-05-20","Squash - Zucchini - Each",1,2.5
734,2026-05-29,"2026-05-20","Winter Squash - Spaghetti (1.0 Medium) - Medium",1,4.5
734,2026-05-29,"2026-05-20","Extra Credit - Each",2.25,1.06
734,2026-05-29,"2026-05-20","FSA/FSD",1,79.79
960,2026-05-29,"2026-05-20","Bok Choy - Bag",1,5
960,2026-05-29,"2026-05-20","Chicken - Ground - Lb.",1,9
960,2026-05-29,"2026-05-20","Dark Chocolate Square  - Each",1,1.75
960,2026-05-29,"2026-05-20","Mushrooms - Choice",1,8
960,2026-05-29,"2026-05-20","Wildcard $3 - Each",1,3
960,2026-05-29,"2026-05-20","Half",1,84.79
1453,2026-05-29,"2026-05-20","Mothership Pickup Time (1.0 @3:30-4) - @3:30-4",1,0
1453,2026-05-29,"2026-05-20","Marinara Sauce - Jar",1,8.75
1453,2026-05-29,"2026-05-20","Pasta Wildcard $6.50 - Pack",1,6.5
1453,2026-05-29,"2026-05-20","Pork - Ground  - Lb.",1,7.5
1453,2026-05-29,"2026-05-20","Mini",1,53.2
1453,2026-05-29,"2026-05-20","Whole MILK",1,8.85
1474,2026-05-29,"2026-05-20","Stringbean Red Eye  - Oz.",1,16
1474,2026-05-29,"2026-05-20","Mothership Pickup Time (6.0 @6-6:30) - @6-6:30",1,0
1474,2026-05-29,"2026-05-20","Pasta Wildcard $6.50 - Pack",1,6.5
1474,2026-05-29,"2026-05-20","Plant - Chocolate Mint - Pot",1,4.5
1474,2026-05-29,"2026-05-20","Extra Credit - Each",4.25,1.06
1474,2026-05-29,"2026-05-20","Mini",1,53.2
1048,2026-05-29,"2026-05-20","UCity Pickup Time (3.0 @5:30-6) - @5:30-6",1,0
1048,2026-05-29,"2026-05-20","Cooler Donation - $",1,1
1048,2026-05-29,"2026-05-20","Asparagus - Bunch",1,6.5
1048,2026-05-29,"2026-05-20","Lettuce Head - Head",1,4.25
1048,2026-05-29,"2026-05-20","Peas - Shelling  - Oz.",1,4.25
1048,2026-05-29,"2026-05-20","Plant - San Marzano Tomato - Pot",1,4.5
1048,2026-05-29,"2026-05-20","Staff - include last wk's share - Bag",1,0
1048,2026-05-29,"2026-05-20","Strawberries - Qt - Quart",1,8.25
1048,2026-05-29,"2026-05-20","Turnips - Japanese/White - Lb.",1,4.25
1048,2026-05-29,"2026-05-20","UCA/KWA",1,79.79
1255,2026-05-29,"2026-05-20","Eggs - BW - Dozen",1,6.5
1255,2026-05-29,"2026-05-20","Mothership Pickup Time (1.0 @3:30-4) - @3:30-4",1,0
1255,2026-05-29,"2026-05-20","Hand Pie: Veggie Samosa - Bag",1,10.5
1255,2026-05-29,"2026-05-20","Hummus - Carrot & Ginger - Tub",1,6.75
1255,2026-05-29,"2026-05-20","Light and Mild - Wednesday - Loaf",1,8.25
1255,2026-05-29,"2026-05-20","Shakshuka Sauce - Jar",1,11.5
1255,2026-05-29,"2026-05-20","Strawberries - Qt - Quart",1,8.25
1255,2026-05-29,"2026-05-20","Extra Credit - Each",26.5,1.06
1255,2026-05-29,"2026-05-20","Mini",1,53.2
1255,2026-05-29,"2026-05-20","2% MILK",1,8.85
1255,2026-05-29,"2026-05-20","Half & Half",1,5.05
620,2026-05-29,"2026-05-20","Mothership Pickup Time (2.0 @4-4:30) - @4-4:30",1,0
620,2026-05-29,"2026-05-20","Broccoli - Share",1,4.25
620,2026-05-29,"2026-05-20","Eggs - Dozen",1,6.5
620,2026-05-29,"2026-05-20","Pork - Tenderloin/lb - Lb.",1,13.97
620,2026-05-29,"2026-05-20","Semolina - Wednesday - Loaf",1,7
620,2026-05-29,"2026-05-20","Strawberries - Qt - Quart",1,8.25
620,2026-05-29,"2026-05-20","Extra Credit - Each",13.47,1.06
620,2026-05-29,"2026-05-20","Half",1,84.79
1162,2026-05-29,"2026-05-20","Mothership Pickup Time (1.0 @3:30-4) - @3:30-4",1,0
1162,2026-05-29,"2026-05-20","Broccoli - Share",1,4.25
1162,2026-05-29,"2026-05-20","Ground Beef - D&M - Lb.",1,10.5
1162,2026-05-29,"2026-05-20","Strawberries - Qt - Quart",1,8.25
1162,2026-05-29,"2026-05-20","Extra Credit - Each",0.25,1.06
1162,2026-05-29,"2026-05-20","Mini",1,53.2
1735,2026-05-29,"2026-05-20","UCity Pickup Time - @4:30-5",1,0
1735,2026-05-29,"2026-05-20","Bagels - Plain - BU - Bag",1,11
1735,2026-05-29,"2026-05-20","Chicken Chorizo - Lb.",1,10.5
1735,2026-05-29,"2026-05-20","Lamb Chops/lb. DM - Each",1,24.98
1735,2026-05-29,"2026-05-20","Plant - Dill - Pot",1,4.5
1735,2026-05-29,"2026-05-20","Pork - Ground  - Lb.",1,7.5
1735,2026-05-29,"2026-05-20","Rhubarb - Bunch",1,9.5
1735,2026-05-29,"2026-05-20","Extra Credit - Each",34.73,1.06
1735,2026-05-29,"2026-05-20","UCA/KWA",1,79.79
1932,2026-05-29,"2026-05-20","Stringbean Brazilian - Oz.",1,16
1932,2026-05-29,"2026-05-20","Cheese Choice $6.75 - Each",1,6.75
1932,2026-05-29,"2026-05-20","Eggs - Dozen",1,6.5
1932,2026-05-29,"2026-05-20","Pork - Bratwurst  - Pack",1,8.5
1932,2026-05-29,"2026-05-20","Rice - Basmati Choice - Bag",1,7.5
1932,2026-05-29,"2026-05-20","Wildcard $4 - Each",1,4
1932,2026-05-29,"2026-05-20","Extra Credit - Each",16,1.06
1932,2026-05-29,"2026-05-20","FSA/FSD",1,79.79
627,2026-05-29,"2026-05-20","UCity Pickup Time - @4:30-5",1,0
627,2026-05-29,"2026-05-20","Chicken - Ground - Lb.",1,9
627,2026-05-29,"2026-05-20","Eggs - Dozen",1,6.5
627,2026-05-29,"2026-05-20","Pasta Bi-color Short - Lb.",1,6.5
627,2026-05-29,"2026-05-20","Mini",1,53.2
1427,2026-05-29,"2026-05-20","Eggs - BW - Dozen",2,6.5
1427,2026-05-29,"2026-05-20","Mothership Pickup Time (1.0 @3:30-4) - @3:30-4",1,0
1427,2026-05-29,"2026-05-20","Asparagus - Bunch",1,6.5
1427,2026-05-29,"2026-05-20","Broccoli - Share",1,4.25
1427,2026-05-29,"2026-05-20","Cauliflower - hd. - Head",1,6.5
1427,2026-05-29,"2026-05-20","Hoagie - Wednesday - Each",1,3.5
1427,2026-05-29,"2026-05-20","Marbled Rye -Wednesday - Loaf",1,8.75
1427,2026-05-29,"2026-05-20","Peas - Shelling  - Oz.",1,4.25
1427,2026-05-29,"2026-05-20","Pork - Ground  - Lb.",1,7.5
1427,2026-05-29,"2026-05-20","Pork Italian Bulk - D&M - Lb.",1,8.5
1427,2026-05-29,"2026-05-20","Rhubarb - Bunch",2,9.5
1427,2026-05-29,"2026-05-20","Sesame Hoagie -W - Each",1,3.8
1427,2026-05-29,"2026-05-20","Strawberries - Qt - Quart",1,8.25
1427,2026-05-29,"2026-05-20","Extra Credit - Each",71.05,1.06
225,2026-05-29,"2026-05-20","UCity Pickup Time - @4:30-5",1,0
225,2026-05-29,"2026-05-20","Kale - Lacinato/Dinosaur - Bag",1,5
225,2026-05-29,"2026-05-20","Lettuce - Salanova - Bag",1,4.25
225,2026-05-29,"2026-05-20","Peas - Shelling  - Oz.",1,4.25
225,2026-05-29,"2026-05-20","Shoots - Sunflower - Bag",1,4.25
225,2026-05-29,"2026-05-20","Strawberries - Qt - Quart",1,8.25
225,2026-05-29,"2026-05-20","Extra Credit - Each",26,1.06
225,2026-05-29,"2026-05-20","(BYO) UCG - Orders Only",1,0
225,2026-05-29,"2026-05-20","Cream pint",1,5.32
225,2026-05-29,"2026-05-20","Eggs - Buttonwood",1,6.92
225,2026-05-29,"2026-05-20","Plain yogurt",1,7.55
225,2026-05-29,"2026-05-20","Whole MILK-e",1,8.85
240,2026-05-29,"2026-05-20","Mothership Pickup Time (1.0 @3:30-4) - @3:30-4",1,0
240,2026-05-29,"2026-05-20","Kale - Green Curly - Bag",1,5
240,2026-05-29,"2026-05-20","Lettuce - Romaine Head - Head",1,5
240,2026-05-29,"2026-05-20","Marinara Sauce - Jar",1,8.75
240,2026-05-29,"2026-05-20","Milk Chocolate Bar - Pack",1,3
240,2026-05-29,"2026-05-20","Shoots - Pea - Bag",1,4.25
240,2026-05-29,"2026-05-20","Spicy Dill Pickles - Quart",1,7.75
240,2026-05-29,"2026-05-20","Extra Credit - Each",0.5,1.06
240,2026-05-29,"2026-05-20","FSA/FSD",1,79.79
952,2026-05-29,"2026-05-20","Mothership Pickup Time (4.0 @5-5:30) - @5-5:30",1,0
952,2026-05-29,"2026-05-20","Deluxe Mixed Nuts - Bag",1,4.3
952,2026-05-29,"2026-05-20","Eggs - Dozen",1,6.5
952,2026-05-29,"2026-05-20","Kale - Red Russian - Bag",1,5
952,2026-05-29,"2026-05-20","Oat Porridge Bread - Wednesday - Loaf",1,9
952,2026-05-29,"2026-05-20","Pork - Bratwurst  - Pack",1,8.5
952,2026-05-29,"2026-05-20","Pre-ordered plants are in - Pot",1,0
952,2026-05-29,"2026-05-20","Rice - Basmati Choice - Bag",1,7.5
952,2026-05-29,"2026-05-20","Wildcard $4 - Each",1,4
952,2026-05-29,"2026-05-20","Extra Credit - Each",11.55,1.06
952,2026-05-29,"2026-05-20","FSA/FSD",1,79.79
1143,2026-05-29,"2026-05-20","UCity Pickup Time (2.0 @5-5:30) - @5-5:30",1,0
1143,2026-05-29,"2026-05-20","Bagel Chips - Bag",1,9.75
1143,2026-05-29,"2026-05-20","FF Soup - Yellow Gazpacho - Oz.",1,10.5
1143,2026-05-29,"2026-05-20","Toffee - Package",1,7.5
1143,2026-05-29,"2026-05-20","Tortellini - Mushroom - Lb.",1,9.15
1143,2026-05-29,"2026-05-20","Extra Credit - Each",3.65,1.06
1143,2026-05-29,"2026-05-20","UCA/KWA",1,79.79
244,2026-05-29,"2026-05-20","UCity Pickup Time (2.0 @5-5:30) - @5-5:30",1,0
244,2026-05-29,"2026-05-20","Eggs - Dozen",2,6.5
244,2026-05-29,"2026-05-20","Ground Beef - D&M - Lb.",1,10.5
244,2026-05-29,"2026-05-20","Mushrooms - Hen of the Woods/Maitake - Bag",2,8
244,2026-05-29,"2026-05-20","Seedy Wheaty - Frozen - Loaf",1,3.75
244,2026-05-29,"2026-05-20","Extra Credit - Each",10,1.06
244,2026-05-29,"2026-05-20","UCA/KWA",1,79.79
1689,2026-05-29,"2026-05-20","Asparagus - Bunch",1,6.5
1689,2026-05-29,"2026-05-20","Fresh Herb - Dill - Bunch",1,2.5
1689,2026-05-29,"2026-05-20","Granola Bar - Each",2,3.8
1689,2026-05-29,"2026-05-20","Squash - Zucchini - Each",1,2.5
1689,2026-05-29,"2026-05-20","Strawberries - Qt - Quart",1,8.25
1689,2026-05-29,"2026-05-20","Swiss Chard - Bunch",1,5
1689,2026-05-29,"2026-05-20","Extra Credit - Each",9.6,1.06
1689,2026-05-29,"2026-05-20","Mini",1,53.2
418,2026-05-29,"2026-05-20","Milk - 2%  - Oz.",1,8.32
418,2026-05-29,"2026-05-20","UCity Pickup Time - @4:30-5",1,0
418,2026-05-29,"2026-05-20","Applewood Smoked Cheddar - Each",1,6.5
418,2026-05-29,"2026-05-20","Eggs - H - Dozen",1,6.5
418,2026-05-29,"2026-05-20","Janie's Bread - Wednesday - Each",1,7
418,2026-05-29,"2026-05-20","Marbled Rye -Wednesday - Loaf",1,8.75
418,2026-05-29,"2026-05-20","Popcorn - McKaskle - Lb.",1,5.75
418,2026-05-29,"2026-05-20","Pre-ordered plants are in - Pot",1,0
418,2026-05-29,"2026-05-20","Extra Credit - Each",20.07,1.06
418,2026-05-29,"2026-05-20","Mini",1,53.2
1105,2026-05-29,"2026-05-20","Ground Turkey - Pack",1,9
1105,2026-05-29,"2026-05-20","UCity Pickup Time - @4:30-5",1,0
1105,2026-05-29,"2026-05-20","Bacon - Each",1,14.58
1105,2026-05-29,"2026-05-20","Chicken Breasts /lb. - Pack",2,11.56
1105,2026-05-29,"2026-05-20","Eggs - Dozen",1,6.5
1105,2026-05-29,"2026-05-20","Popped Corn - Organic - Bag",1,3
1105,2026-05-29,"2026-05-20","Pork - Ground  - Lb.",1,7.5
1105,2026-05-29,"2026-05-20","Strawberries - Qt - Quart",1,8.25
1105,2026-05-29,"2026-05-20","Extra Credit - Each",45.45,1.06
1105,2026-05-29,"2026-05-20","Half",1,68.89
1506,2026-05-29,"2026-05-20","UCity Pickup Time - @4:30-5",1,0
1506,2026-05-29,"2026-05-20","Bok Choy - Bag",1,5
1506,2026-05-29,"2026-05-20","Dark Chocolate Almond Bar - Pack",1,4.95
1506,2026-05-29,"2026-05-20","Eggs - Dozen",1,6.5
1506,2026-05-29,"2026-05-20","Ground Beef - D&M - Lb.",4,10.5
1506,2026-05-29,"2026-05-20","Milk Choc. Peanut Butter Bark - Pack",1,7.5
1506,2026-05-29,"2026-05-20","Extra Credit - Each",32.7,1.06
1506,2026-05-29,"2026-05-20","UCA/KWA",1,79.79
883,2026-05-29,"2026-05-20","Mothership Pickup Time (6.0 @6-6:30) - @6-6:30",1,0
883,2026-05-29,"2026-05-20","Cauliflower - hd. - Head",1,6.5
883,2026-05-29,"2026-05-20","Chicken Breasts /lb. - Pack",2,11.65
883,2026-05-29,"2026-05-20","Extra Credit - Each",7.05,1.06
883,2026-05-29,"2026-05-20","Mini",1,53.2
712,2026-05-29,"2026-05-20","Chicken - Big Bag Deboned Thighs/lb. - Bag",1,42.24
712,2026-05-29,"2026-05-20","Mothership Pickup Time (1.0 @3:30-4) - @3:30-4",1,0
712,2026-05-29,"2026-05-20","Food For FS Cats Donation - $",1,1
712,2026-05-29,"2026-05-20","Chicken - Whole $5.00/lb. - Each",2,22.45
712,2026-05-29,"2026-05-20","Chicken Bones - SM/lb.* - Bag",1,5.44
712,2026-05-29,"2026-05-20","Chicken Breasts /lb. - Pack",1,12.41
712,2026-05-29,"2026-05-20","Chicken Drumsticks /LB - Pack",1,4.42
712,2026-05-29,"2026-05-20","Chicken Thighs - Big Bag/lb. - Pack",2,28.86
712,2026-05-29,"2026-05-20","Chicken Thighs - Boneless/lb. - lbs",1,17.68
712,2026-05-29,"2026-05-20","Eggs - Dozen",2,6.5
712,2026-05-29,"2026-05-20","Hoagie - Wednesday - Each",1,3.5
712,2026-05-29,"2026-05-20","Lettuce - Romaine Head - Head",1,5
712,2026-05-29,"2026-05-20","Lettuce - Salanova - Bag",1,4.25
712,2026-05-29,"2026-05-20","Mushrooms - Choice",1,8
712,2026-05-29,"2026-05-20","Pre-ordered plants are in - Pot",1,0
712,2026-05-29,"2026-05-20","Semolina - Wednesday - Loaf",1,7
712,2026-05-29,"2026-05-20","Sesame Hoagie -W - Each",1,3.8
712,2026-05-29,"2026-05-20","Squash - Zucchini - Each",1,2.5
712,2026-05-29,"2026-05-20","Strawberries - Qt - Quart",1,8.25
712,2026-05-29,"2026-05-20","Wildcard $3 - Each",1,3
712,2026-05-29,"2026-05-20","Extra Credit - Each",217.67,1.06
712,2026-05-29,"2026-05-20","Half",1,84.79
866,2026-05-29,"2026-05-20","UCity Pickup Time - @4:30-5",1,0
866,2026-05-29,"2026-05-20","Broccoli - Share",1,4.25
866,2026-05-29,"2026-05-20","Eggs - Dozen",1,6.5
866,2026-05-29,"2026-05-20","Hoagie - Wednesday - Each",1,3.5
866,2026-05-29,"2026-05-20","Mushrooms - Choice",1,8
866,2026-05-29,"2026-05-20","Strawberries - Qt - Quart",1,8.25
866,2026-05-29,"2026-05-20","Extra Credit - Each",4,1.06
866,2026-05-29,"2026-05-20","Half",1,84.79
794,2026-05-29,"2026-05-21","Mothership Pickup Time (3.0 @4:30-5) - @4:30-5",1,0
794,2026-05-29,"2026-05-21","Curds Jalapeno Habanero 10 oz - Bag",1,6.75
794,2026-05-29,"2026-05-21","Eggs - Dozen",1,6.5
794,2026-05-29,"2026-05-21","Onions - Green - Bunch",1,3.5
794,2026-05-29,"2026-05-21","Plant - Jalapeno Peppers - Pot",1,4.5
794,2026-05-29,"2026-05-21","Plant - Sungold Tomato - Pot",1,4.5
794,2026-05-29,"2026-05-21","Rice - Basmati White - Lb.",1,7.5
794,2026-05-29,"2026-05-21","FSA/FSD",1,79.79
1217,2026-05-29,"2026-05-21","Kirkwood Pickup Time (1.0 PORCH) - PORCH",1,0
1217,2026-05-29,"2026-05-21","Honey - Wildflower - Bottle",1,11.5
1217,2026-05-29,"2026-05-21","Marinara Sauce - Jar",1,8.75
1217,2026-05-29,"2026-05-21","Pork - Ground  - Lb.",1,7.5
1217,2026-05-29,"2026-05-21","Extra Credit - Each",5,1.06
1217,2026-05-29,"2026-05-21","Mini",1,53.2
1891,2026-05-29,"2026-05-21","Kirkwood Pickup Time (2.0 @1:30-2) - @1:30-2",1,0
1891,2026-05-29,"2026-05-21","Asparagus - Bunch",1,6.5
1891,2026-05-29,"2026-05-21","Eggs - Dozen",1,6.5
1891,2026-05-29,"2026-05-21","Fresh Herb - Dill - Bunch",1,2.5
1891,2026-05-29,"2026-05-21","Mushrooms - French Horn/King - Bag",1,8
1891,2026-05-29,"2026-05-21","Squash - Zucchini - Each",1,2.5
1891,2026-05-29,"2026-05-21","Strawberries - Qt - Quart",1,8.25
1891,2026-05-29,"2026-05-21","Extra Credit - Each",1,1.06
1891,2026-05-29,"2026-05-21","UCA/KWA",1,79.79
499,2026-05-29,"2026-05-21","Chicken - Ground - Lb.",1,9
499,2026-05-29,"2026-05-21","Eggs - Dozen",1,6.5
499,2026-05-29,"2026-05-21","Mushrooms - Choice",1,8
499,2026-05-29,"2026-05-21","Wildcard $3 - Each",1,3
499,2026-05-29,"2026-05-21","Half",1,84.79
192,2026-05-29,"2026-05-21","Kirkwood Pickup Time (2.0 @1:30-2) - @1:30-2",1,0
192,2026-05-29,"2026-05-21","Chicken Thighs - Boneless/lb. - lbs",2,12.6
192,2026-05-29,"2026-05-21","Hoagie - T - Each",1,3.5
192,2026-05-29,"2026-05-21","Strawberries - Qt - Quart",1,8.25
192,2026-05-29,"2026-05-21","Extra Credit - Each",14.2,1.06
192,2026-05-29,"2026-05-21","Mini",1,53.2
192,2026-05-29,"2026-05-21","2% MILK",2,8.85
1386,2026-05-29,"2026-05-21","Chicken - BULK Breasts /lb. - Pack",1,39.77
1386,2026-05-29,"2026-05-21","Kirkwood Pickup Time - @1-1:30",1,0
1386,2026-05-29,"2026-05-21","Cauliflower - hd. - Head",1,6.5
1386,2026-05-29,"2026-05-21","Eggs - Dozen",1,6.5
1386,2026-05-29,"2026-05-21","Lettuce - Romaine Head - Head",1,5
1386,2026-05-29,"2026-05-21","Lettuce - Salanova - Bag",1,4.25
1386,2026-05-29,"2026-05-21","Strawberries - Qt - Quart",1,8.25
1386,2026-05-29,"2026-05-21","Extra Credit - Each",37.02,1.06
1386,2026-05-29,"2026-05-21","UCA/KWA",1,79.79
700,2026-05-29,"2026-05-21","Chicken - BULK Breasts /lb. - Pack",1,40.26
700,2026-05-29,"2026-05-21","Pizza - Deluxe - Each",1,8.5
700,2026-05-29,"2026-05-21","Curds Creamy Ranch 10 oz - Bag",1,6.75
700,2026-05-29,"2026-05-21","Eggs - Dozen",1,6.5
700,2026-05-29,"2026-05-21","Mushrooms (1.0 Shiitake) - Shiitake",1,8
700,2026-05-29,"2026-05-21","Extra Credit - Each",43.51,1.06
700,2026-05-29,"2026-05-21","Half",1,84.79
700,2026-05-29,"2026-05-21","Whole MILK-e",2,8.85
1488,2026-05-29,"2026-05-21","Milk - 2%  - Oz.",1,8.32
1488,2026-05-29,"2026-05-21","Kirkwood Pickup Time - @1-1:30",1,0
1488,2026-05-29,"2026-05-21","FF Dip - Pimiento Cheese Spread - Each",1,8.75
1488,2026-05-29,"2026-05-21","Ground Beef - D&M - Lb.",1,10.5
1488,2026-05-29,"2026-05-21","Toffee - Package",1,7.5
1488,2026-05-29,"2026-05-21","UCA/KWA",1,79.79
1488,2026-05-29,"2026-05-21","2% MILK",1,8.85
287,2026-05-29,"2026-05-21","Mothership Pickup Time (1.0 @3:30-4) - @3:30-4",1,0
287,2026-05-29,"2026-05-21","Chicken Thighs - Boneless/lb. - lbs",1,12.25
287,2026-05-29,"2026-05-21","Janie's Bread - Thursday - Each",1,7
287,2026-05-29,"2026-05-21","Pork - Bratwurst  - Pack",1,8.5
287,2026-05-29,"2026-05-21","Strawberries - Qt - Quart",1,8.25
287,2026-05-29,"2026-05-21","Wildcard $4 - Each",1,4
287,2026-05-29,"2026-05-21","Extra Credit - Each",6.75,1.06
287,2026-05-29,"2026-05-21","FSA/FSD",1,79.79
1970,2026-05-29,"2026-05-21","Kirkwood Pickup Time - @1-1:30",1,0
1970,2026-05-29,"2026-05-21","Marinara Sauce - Jar",1,8.75
1970,2026-05-29,"2026-05-21","Oat Porridge Bread - T - Each",1,9
1970,2026-05-29,"2026-05-21","Pork Italian Bulk - D&M - Lb.",1,8.5
1970,2026-05-29,"2026-05-21","Pre-ordered plants are in - Pot",1,0
1970,2026-05-29,"2026-05-21","Extra Credit - Each",3.5,1.06
1970,2026-05-29,"2026-05-21","Mini",1,53.2
1671,2026-05-29,"2026-05-21","Milk - Whole - Oz.",1,8.32
1671,2026-05-29,"2026-05-21","Mothership Pickup Time (5.0 @5:30-6) - @5:30-6",1,0
1671,2026-05-29,"2026-05-21","Gnocchi - Garlic Chive  - Lb.",1,6.5
1671,2026-05-29,"2026-05-21","Pork Italian Links - D&M - Each",1,8.5
1671,2026-05-29,"2026-05-21","Yogurt - Plain - Oz.",1,7.1
1671,2026-05-29,"2026-05-21","Extra Credit - Each",7.67,1.06
1671,2026-05-29,"2026-05-21","Mini",1,53.2
467,2026-05-29,"2026-05-21","Eggs - BW - Dozen",2,6.5
467,2026-05-29,"2026-05-21","Kirkwood Pickup Time - @1-1:30",1,0
467,2026-05-29,"2026-05-21","Asparagus - Bunch",2,6.5
467,2026-05-29,"2026-05-21","Popcorn - McKaskle - Lb.",1,5.75
467,2026-05-29,"2026-05-21","Pre-ordered plants are in - Pot",1,0
467,2026-05-29,"2026-05-21","Spinach - Bag",1,5
467,2026-05-29,"2026-05-21","Extra Credit - Each",14,1.06
467,2026-05-29,"2026-05-21","Mini",1,53.2
1522,2026-05-29,"2026-05-21","Milk - 2%  - Oz.",1,8.32
1522,2026-05-29,"2026-05-21","Eggs - BW - Dozen",1,6.5
1522,2026-05-29,"2026-05-21","Marshmallow Pie - Each",5,7.5
1522,2026-05-29,"2026-05-21","Extra Credit - Each",47.32,1.06
929,2026-05-29,"2026-05-21","Walnuts - Oz.",1,6.75
929,2026-05-29,"2026-05-21","Eggs - H - Dozen",1,6.5
929,2026-05-29,"2026-05-21","German Quark HBC - Jar",1,6.75
929,2026-05-29,"2026-05-21","Ground Beef - D&M - Lb.",1,10.5
929,2026-05-29,"2026-05-21","Plant - Basil Italian - Pot",2,4.5
929,2026-05-29,"2026-05-21","Plant - Bee Balm - Pot",1,4.5
929,2026-05-29,"2026-05-21","Pre-ordered plants are in - Pot",1,0
929,2026-05-29,"2026-05-21","Salsa - Gringo's Mild - Jar",1,5
929,2026-05-29,"2026-05-21","Strawberries - Qt - Quart",1,8.25
929,2026-05-29,"2026-05-21","Tortellini - Cheese - Lb.",1,9.15
929,2026-05-29,"2026-05-21","Yogurt - Plain - Oz.",1,7.1
929,2026-05-29,"2026-05-21","Extra Credit - Each",47,1.06
929,2026-05-29,"2026-05-21","Half",1,68.89
31,2026-05-29,"2026-05-21","Eggs - BW - Dozen",2,6.5
31,2026-05-29,"2026-05-21","Mothership Pickup Time (2.0 @4-4:30) - @4-4:30",1,0
31,2026-05-29,"2026-05-21","$ for green bags donation - $",1,1
31,2026-05-29,"2026-05-21","Broccoli - Share",1,4.25
31,2026-05-29,"2026-05-21","Lettuce - Bibb - Head",1,3.25
31,2026-05-29,"2026-05-21","Pre-ordered plants are in - Pot",1,0
31,2026-05-29,"2026-05-21","Salmon - Fillet Pieces/LB* - Each",1,9.24
31,2026-05-29,"2026-05-21","Shoots - Specialty Mix - Bag",1,4.5
31,2026-05-29,"2026-05-21","Spinach - Bag",1,5
31,2026-05-29,"2026-05-21","Strawberries - Qt - Quart",1,8.25
31,2026-05-29,"2026-05-21","Extra Credit - Each",19.49,1.06
31,2026-05-29,"2026-05-21","No Produce - Order Only (even wk)",1,0
31,2026-05-29,"2026-05-21","2% MILK",2,8.85
1857,2026-05-29,"2026-05-21","Mothership Pickup Time (4.0 @5-5:30) - @5-5:30",1,0
1857,2026-05-29,"2026-05-21","Asparagus - Bunch",1,6.5
1857,2026-05-29,"2026-05-21","Eggs - H - Dozen",2,6.5
1857,2026-05-29,"2026-05-21","Pork - Bratwurst  - Pack",1,8.5
1857,2026-05-29,"2026-05-21","Rhubarb - Bunch",1,9.5
1857,2026-05-29,"2026-05-21","Rice - Basmati Brown - Lb.",1,7.5
1857,2026-05-29,"2026-05-21","Sesame Hoagie - T - Each",1,3.8
1857,2026-05-29,"2026-05-21","Extra Credit - Each",15.55,1.06
1857,2026-05-29,"2026-05-21","FSA/FSD",1,79.79
1622,2026-05-29,"2026-05-21","Mothership Pickup Time (2.0 @4-4:30) - @4-4:30",1,0
1622,2026-05-29,"2026-05-21","Marinara Sauce - Jar",1,8.75
1622,2026-05-29,"2026-05-21","Pasta Long Bi-color - Lb.",1,6.5
1622,2026-05-29,"2026-05-21","Pork - Ground  - Lb.",1,7.5
1622,2026-05-29,"2026-05-21","Mini",1,53.2
1383,2026-05-29,"2026-05-21","Mothership Pickup Time (1.0 @3:30-4) - @3:30-4",1,0
1383,2026-05-29,"2026-05-21","Bok Choy - Bag",1,5
1383,2026-05-29,"2026-05-21","Chicken - Ground - Lb.",1,9
1383,2026-05-29,"2026-05-21","Eggs - Dozen",1,6.5
1383,2026-05-29,"2026-05-21","Pasta Bi-color Short - Lb.",1,6.5
1383,2026-05-29,"2026-05-21","Pork Breakfast Link D&M - Pack",1,8
1383,2026-05-29,"2026-05-21","Wildcard $3 - Each",1,3
1383,2026-05-29,"2026-05-21","Extra Credit - Each",11.5,1.06
1383,2026-05-29,"2026-05-21","Half",1,84.79
670,2026-05-29,"2026-05-21","Mothership Pickup Time (1.0 @3:30-4) - @3:30-4",1,0
670,2026-05-29,"2026-05-21","Broccoli - Share",1,4.25
670,2026-05-29,"2026-05-21","Pre-ordered plants are in - Pot",1,0
670,2026-05-29,"2026-05-21","Rice - Basmati White - Lb.",1,7.5
670,2026-05-29,"2026-05-21","Strawberries - Qt - Quart",1,8.25
670,2026-05-29,"2026-05-21","Yogurt - Plain - Oz.",1,7.1
670,2026-05-29,"2026-05-21","Extra Credit - Each",4.35,1.06
670,2026-05-29,"2026-05-21","Mini",1,53.2
670,2026-05-29,"2026-05-21","(BYO) FSG - Orders Only",1,0
11,2026-05-29,"2026-05-21","Eggs - BW - Dozen",1,6.5
11,2026-05-29,"2026-05-21","Bacon - Each",1,13.5
11,2026-05-29,"2026-05-21","Pork - Brats Cheddar DM - 4-pack",1,8
11,2026-05-29,"2026-05-21","Strawberries - Qt - Quart",1,8.25
11,2026-05-29,"2026-05-21","Extra Credit - Each",3,1.06
11,2026-05-29,"2026-05-21","FSA/FSD",1,79.79
83,2026-05-29,"2026-05-21","Mothership Pickup Time (5.0 @5:30-6) - @5:30-6",1,0
83,2026-05-29,"2026-05-21","Broccoli - Share",1,4.25
83,2026-05-29,"2026-05-21","Lettuce - Bibb - Head",1,3.25
83,2026-05-29,"2026-05-21","Strawberries - Qt - Quart",1,8.25
83,2026-05-29,"2026-05-21","Half",1,84.79
473,2026-05-29,"2026-05-21","Kirkwood Pickup Time (1.0 PORCH) - PORCH",1,0
473,2026-05-29,"2026-05-21","Chicken - Thighs /lbs  - lbs",1,8.88
473,2026-05-29,"2026-05-21","Eggs - Dozen",1,6.5
473,2026-05-29,"2026-05-21","FF Dip - Pimiento Cheese Spread - Each",1,8.75
473,2026-05-29,"2026-05-21","Janie's Bread - Thursday - Each",1,7
473,2026-05-29,"2026-05-21","Strawberries - Qt - Quart",1,8.25
473,2026-05-29,"2026-05-21","Extra Credit - Each",12.88,1.06
473,2026-05-29,"2026-05-21","Half",1,68.89
471,2026-05-29,"2026-05-21","Bagels - Everything - Bag",1,6.75
471,2026-05-29,"2026-05-21","Curds Jalapeno Habanero 10 oz - Bag",1,6.75
471,2026-05-29,"2026-05-21","Dark Chocolate Square  - Each",1,1.75
471,2026-05-29,"2026-05-21","Eggs - Dozen",1,6.5
471,2026-05-29,"2026-05-21","Pork - Bratwurst  - Pack",1,8.5
471,2026-05-29,"2026-05-21","Shoots - Specialty Mix - Bag",1,4.5
471,2026-05-29,"2026-05-21","Extra Credit - Each",1.5,1.06
471,2026-05-29,"2026-05-21","FSA/FSD",1,79.79
1593,2026-05-29,"2026-05-21","Mothership Pickup Time (5.0 @5:30-6) - @5:30-6",1,0
1593,2026-05-29,"2026-05-21","Broccoli - Share",1,4.25
1593,2026-05-29,"2026-05-21","Gnocchi - Spinach  - Lb.",1,6.5
1593,2026-05-29,"2026-05-21","Onions - Green - Bunch",1,3.5
1593,2026-05-29,"2026-05-21","Strawberries - Qt - Quart",1,8.25
1593,2026-05-29,"2026-05-21","Mini",1,53.2
1839,2026-05-29,"2026-05-21","Half & Half - Pint",2,4.75
1839,2026-05-29,"2026-05-21","Mothership Pickup Time (2.0 @4-4:30) - @4-4:30",1,0
1839,2026-05-29,"2026-05-21","Asparagus - Bunch",1,6.5
1839,2026-05-29,"2026-05-21","Bok Choy - Bag",1,5
1839,2026-05-29,"2026-05-21","Pasta Long Bi-color - Lb.",1,6.5
1839,2026-05-29,"2026-05-21","Pre-ordered plants are in - Pot",1,0
1839,2026-05-29,"2026-05-21","Semolina - T - Loaf",1,7
1839,2026-05-29,"2026-05-21","Strawberries - Qt - Quart",1,8.25
1839,2026-05-29,"2026-05-21","Extra Credit - Each",16.25,1.06
1839,2026-05-29,"2026-05-21","Half",1,84.79
824,2026-05-29,"2026-05-21","Marinara Sauce - Jar",1,8.75
824,2026-05-29,"2026-05-21","Pasta Bi-color Short - Lb.",1,6.5
824,2026-05-29,"2026-05-21","Pork - Ground  - Lb.",1,7.5
824,2026-05-29,"2026-05-21","Mini",1,53.2
875,2026-05-29,"2026-05-21","Mothership Pickup Time (1.0 @3:30-4) - @3:30-4",1,0
875,2026-05-29,"2026-05-21","Eggs - Dozen",1,6.5
875,2026-05-29,"2026-05-21","Mushrooms - Choice",1,8
875,2026-05-29,"2026-05-21","Spinach - Bag",1,5
875,2026-05-29,"2026-05-21","Turnips - Japanese/White - Lb.",1,4.25
875,2026-05-29,"2026-05-21","Wildcard $3 - Each",1,3
875,2026-05-29,"2026-05-21","Extra Credit - Each",0.25,1.06
875,2026-05-29,"2026-05-21","Half",1,84.79
761,2026-05-29,"2026-05-21","Jam - Red Raspberry HBY - Pint",1,7.75
761,2026-05-29,"2026-05-21","Mothership Pickup Time (1.0 @3:30-4) - @3:30-4",1,0
761,2026-05-29,"2026-05-21","Bagels - Honey Buckwheat - BU - Bag",1,11
761,2026-05-29,"2026-05-21","Marbled Rye - Thursday - Each",1,8.75
761,2026-05-29,"2026-05-21","Rice - Basmati Brown - Lb.",1,7.5
761,2026-05-29,"2026-05-21","Extra Credit - Each",1.75,1.06
761,2026-05-29,"2026-05-21","FSA/FSD",1,79.79
308,2026-05-29,"2026-05-21","Mothership Pickup Time (2.0 @4-4:30) - @4-4:30",1,0
308,2026-05-29,"2026-05-21","Broccoli - Share",1,4.25
308,2026-05-29,"2026-05-21","Eggs - Dozen",1,6.5
308,2026-05-29,"2026-05-21","Mushrooms - Choice",1,8
308,2026-05-29,"2026-05-21","Strawberries - Qt - Quart",1,8.25
308,2026-05-29,"2026-05-21","Extra Credit - Each",0.5,1.06
308,2026-05-29,"2026-05-21","Half",1,84.79
540,2026-05-29,"2026-05-21","Kirkwood Pickup Time - @1-1:30",1,0
540,2026-05-29,"2026-05-21","Chicken - Ground - Lb.",1,9
540,2026-05-29,"2026-05-21","Eggs - Dozen",1,6.5
540,2026-05-29,"2026-05-21","Fresh Herb - Mint - 1-each",1,4
540,2026-05-29,"2026-05-21","Semolina - T - Loaf",1,7
540,2026-05-29,"2026-05-21","Half",1,68.89
1476,2026-05-29,"2026-05-21","Eggs - BW - Dozen",1,6.5
1476,2026-05-29,"2026-05-21","Kirkwood Pickup Time - @1-1:30",1,0
1476,2026-05-29,"2026-05-21","Asparagus - Bunch",1,6.5
1476,2026-05-29,"2026-05-21","Broccoli - Share",1,4.25
1476,2026-05-29,"2026-05-21","Cauliflower - hd. - Head",1,6.5
1476,2026-05-29,"2026-05-21","Onions - Green - Bunch",1,3.5
1476,2026-05-29,"2026-05-21","Peas - Shelling  - Oz.",1,4.25
1476,2026-05-29,"2026-05-21","Strawberries - Qt - Quart",1,8.25
1476,2026-05-29,"2026-05-21","Extra Credit - Each",17,1.06
1476,2026-05-29,"2026-05-21","Mini",1,53.2
1084,2026-05-29,"2026-05-21","Peanuts - Blanched Unsalted - Oz.",1,6.75
1084,2026-05-29,"2026-05-21","Pecans Halves - Oz.",1,18
1084,2026-05-29,"2026-05-21","Mothership Pickup Time (1.0 @3:30-4) - @3:30-4",1,0
1084,2026-05-29,"2026-05-21","Lasagna (1.0 Spinach) - Spinach",1,15
1084,2026-05-29,"2026-05-21","Marinara Sauce - Jar",1,8.75
1084,2026-05-29,"2026-05-21","Spinach - Bag",1,5
1084,2026-05-29,"2026-05-21","Toffee - Package",2,7.5
1084,2026-05-29,"2026-05-21","Vinaigrette - Greek Style - Bottle",1,6.25
1084,2026-05-29,"2026-05-21","Extra Credit - Each",48.25,1.06
1084,2026-05-29,"2026-05-21","Half",1,84.79
502,2026-05-29,"2026-05-21","Mothership Pickup Time (4.0 @5-5:30) - @5-5:30",1,0
502,2026-05-29,"2026-05-21","Eggs - Dozen",1,6.5
502,2026-05-29,"2026-05-21","Fresh Herb - Mint - 1-each",1,4
502,2026-05-29,"2026-05-21","Ground Beef - D&M - Lb.",1,10.5
502,2026-05-29,"2026-05-21","Hoagie - T - Each",1,3.5
502,2026-05-29,"2026-05-21","Peas - Shelling  - Oz.",1,4.25
502,2026-05-29,"2026-05-21","Spinach - Bag",1,5
502,2026-05-29,"2026-05-21","Squash - Zucchini - Each",1,2.5
502,2026-05-29,"2026-05-21","Extra Credit - Each",3,1.06
502,2026-05-29,"2026-05-21","FSA/FSD",1,79.79
433,2026-05-29,"2026-05-21","Cheese Choice $6.75 - Each",1,6.75
433,2026-05-29,"2026-05-21","Eggs - Dozen",1,6.5
433,2026-05-29,"2026-05-21","Pork - Bratwurst  - Pack",1,8.5
433,2026-05-29,"2026-05-21","Rice - Basmati Choice - Bag",1,7.5
433,2026-05-29,"2026-05-21","Wildcard $4 - Each",1,4
433,2026-05-29,"2026-05-21","FSA/FSD",1,79.79
549,2026-05-29,"2026-05-21","Mothership Pickup Time - @6:30-7",1,0
549,2026-05-29,"2026-05-21","Eggs - Dozen",1,6.5
549,2026-05-29,"2026-05-21","Pizza Sauce - Jar",1,6.75
549,2026-05-29,"2026-05-21","Pork - Bratwurst  - Pack",1,8.5
549,2026-05-29,"2026-05-21","Pork - Kielbasa - Pack",1,14.65
549,2026-05-29,"2026-05-21","Extra Credit - Each",3.15,1.06
549,2026-05-29,"2026-05-21","FSA/FSD",1,79.79
22,2026-05-29,"2026-05-21","Mothership Pickup Time (1.0 @3:30-4) - @3:30-4",1,0
22,2026-05-29,"2026-05-21","Chicken - Ground - Lb.",1,9
22,2026-05-29,"2026-05-21","Eggs - Dozen",1,6.5
22,2026-05-29,"2026-05-21","Mushrooms (1.0 Shiitake) - Shiitake",1,8
22,2026-05-29,"2026-05-21","Potato Chips Original - Med - Oz.",1,3
22,2026-05-29,"2026-05-21","Half",1,84.79
22,2026-05-29,"2026-05-21","Creamline MILK-e",1,8.49
326,2026-05-29,"2026-05-21","Cheese Choice $6.75 - Each",1,6.75
326,2026-05-29,"2026-05-21","Eggs - Dozen",1,6.5
326,2026-05-29,"2026-05-21","Pork - Bratwurst  - Pack",1,8.5
326,2026-05-29,"2026-05-21","Rice - Basmati Choice - Bag",1,7.5
326,2026-05-29,"2026-05-21","Wildcard $4 - Each",1,4
326,2026-05-29,"2026-05-21","FSA/FSD",1,79.79
493,2026-05-29,"2026-05-21","Mothership Pickup Time (5.0 @5:30-6) - @5:30-6",1,0
493,2026-05-29,"2026-05-21","Eggs - Dozen",1,6.5
493,2026-05-29,"2026-05-21","FF Soup - Yellow Gazpacho - Oz.",1,10.5
493,2026-05-29,"2026-05-21","Plant - Cucumber pickling - Pot",2,4.5
493,2026-05-29,"2026-05-21","Plant - Oregano - Pot",1,4.5
493,2026-05-29,"2026-05-21","Plant - Sungold Tomato - Pot",1,4.5
493,2026-05-29,"2026-05-21","Plant - Tomato Super Sweet 100 - Pot",1,4.5
493,2026-05-29,"2026-05-21","Pre-ordered plants are in - Pot",1,0
493,2026-05-29,"2026-05-21","Extra Credit - Each",13,1.06
493,2026-05-29,"2026-05-21","Half",1,84.79
807,2026-05-29,"2026-05-21","Chicken - Big Bag Deboned Thighs/lb. - Bag",1,42.41
807,2026-05-29,"2026-05-21","Eggs - Dozen",1,6.5
807,2026-05-29,"2026-05-21","Mojo Marinade - Tub",1,6.5
807,2026-05-29,"2026-05-21","Queso Quesadilla - HBC - Each",1,6.75
807,2026-05-29,"2026-05-21","Yogurt - Plain - Oz.",1,7.1
807,2026-05-29,"2026-05-21","Extra Credit - Each",36.01,1.06
807,2026-05-29,"2026-05-21","UCA/KWA",1,79.79
807,2026-05-29,"2026-05-21","2% MILK",1,8.85
1717,2026-05-29,"2026-05-21","Mothership Pickup Time (1.0 @3:30-4) - @3:30-4",1,0
1717,2026-05-29,"2026-05-21","Bacon - Each",1,13.5
1717,2026-05-29,"2026-05-21","Eggs - Dozen",1,6.5
1717,2026-05-29,"2026-05-21","Jam - Rhubarb HBY - 1-each",1,7.75
1717,2026-05-29,"2026-05-21","Sourdough Bread - Frozen - Lb.",1,6.75
1717,2026-05-29,"2026-05-21","Extra Credit - Each",8,1.06
1717,2026-05-29,"2026-05-21","Half",1,84.79
1419,2026-05-29,"2026-05-21","Boneless Pork Chop - D&M /lb - Lb.",1,24.36
1419,2026-05-29,"2026-05-21","Chicken Thighs - Boneless/lb. - lbs",1,15.4
1419,2026-05-29,"2026-05-21","Semolina - T - Loaf",1,7
1419,2026-05-29,"2026-05-21","Extra Credit - Each",20.26,1.06
1419,2026-05-29,"2026-05-21","Half",1,68.89
1864,2026-05-29,"2026-05-21","Mothership Pickup Time (1.0 @3:30-4) - @3:30-4",1,0
1864,2026-05-29,"2026-05-21","Eggs - Dozen",2,6.5
1864,2026-05-29,"2026-05-21","Rice - White - Lb.",1,6.5
1864,2026-05-29,"2026-05-21","Strawberries - Qt - Quart",1,8.25
1864,2026-05-29,"2026-05-21","Extra Credit - Each",1.25,1.06
1864,2026-05-29,"2026-05-21","Half",1,84.79
1864,2026-05-29,"2026-05-21","2% MILK-e",4,8.85
1941,2026-05-29,"2026-05-21","Mothership Pickup Time (3.0 @4:30-5) - @4:30-5",1,0
1941,2026-05-29,"2026-05-21","Asparagus - Bunch",1,6.5
1941,2026-05-29,"2026-05-21","Chicken Breasts /lb. - Pack",1,10.03
1941,2026-05-29,"2026-05-21","Strawberries - Qt - Quart",1,8.25
1941,2026-05-29,"2026-05-21","Extra Credit - Each",2.03,1.06
1941,2026-05-29,"2026-05-21","Mini",1,53.2
293,2026-05-29,"2026-05-21","Mothership Pickup Time (6.0 @6-6:30) - @6-6:30",1,0
293,2026-05-29,"2026-05-21","Broccoli - Share",1,4.25
293,2026-05-29,"2026-05-21","Eggs - Dozen",1,6.5
293,2026-05-29,"2026-05-21","Hoagie - T - Each",1,3.5
293,2026-05-29,"2026-05-21","Lettuce Head - Head",1,4.25
293,2026-05-29,"2026-05-21","Rice - Basmati White - Lb.",1,7.5
293,2026-05-29,"2026-05-21","Yogurt - Vanilla - Oz.",1,7.1
293,2026-05-29,"2026-05-21","FSA/FSD",1,79.79
1149,2026-05-29,"2026-05-21","Mothership Pickup Time (1.0 @3:30-4) - @3:30-4",1,0
1149,2026-05-29,"2026-05-21","Eggs - Dozen",1,6.5
1149,2026-05-29,"2026-05-21","Hoagie - T - Each",1,3.5
1149,2026-05-29,"2026-05-21","Honey - Pint - Jar",1,11.5
1149,2026-05-29,"2026-05-21","Strawberries - Qt - Quart",1,8.25
1149,2026-05-29,"2026-05-21","Extra Credit - Each",3.25,1.06
1149,2026-05-29,"2026-05-21","Half",1,84.79
310,2026-05-29,"2026-05-21","Mothership Pickup Time (3.0 @4:30-5) - @4:30-5",1,0
310,2026-05-29,"2026-05-21","Chicken - Ground - Lb.",1,9
310,2026-05-29,"2026-05-21","Eggs - Dozen",2,6.5
310,2026-05-29,"2026-05-21","Onions - Green - Bunch",1,3.5
310,2026-05-29,"2026-05-21","Pre-ordered plants are in - Pot",1,0
310,2026-05-29,"2026-05-21","Pretzel Slider Buns - Frozen - Bag",1,6.75
310,2026-05-29,"2026-05-21","Rhubarb - Bunch",1,9.5
310,2026-05-29,"2026-05-21","Strawberries - Qt - Quart",1,8.25
310,2026-05-29,"2026-05-21","Extra Credit - Each",11.75,1.06
310,2026-05-29,"2026-05-21","FSA/FSD",1,79.79
310,2026-05-29,"2026-05-21","Skim MILK",2,8.85
1353,2026-05-29,"2026-05-21","Pizza - Sausage Pepperoni - Each",1,8.5
1353,2026-05-29,"2026-05-21","Black Beans DC - Tub",1,6.5
1353,2026-05-29,"2026-05-21","Chicken Thighs - Boneless/lb. - lbs",1,9.8
1353,2026-05-29,"2026-05-21","Cinnamon Rolls - Pack",1,6.75
1353,2026-05-29,"2026-05-21","Eggs - Dozen",1,6.5
1353,2026-05-29,"2026-05-21","FF Dip - Smoked Salmon  - Tub",1,10
1353,2026-05-29,"2026-05-21","Ground Beef - D&M - Lb.",1,10.5
1353,2026-05-29,"2026-05-21","Plant - Big Boy Tomatoes - Pot",2,4.5
1353,2026-05-29,"2026-05-21","Plant - Cucumber pickling - Pot",2,4.5
1353,2026-05-29,"2026-05-21","Plant - Cucumbers - Pot",1,4.5
1353,2026-05-29,"2026-05-21","Plant - Jalapeno Peppers - Pot",1,4.5
1353,2026-05-29,"2026-05-21","Plant - Roma Tomato - Pot",2,4.5
1353,2026-05-29,"2026-05-21","Plant - San Marzano Tomato - Pot",2,4.5
1353,2026-05-29,"2026-05-21","Plant - Sungold Tomato - Pot",2,4.5
1353,2026-05-29,"2026-05-21","Plant - Sweet Red Pepper - Pot",2,4.5
1353,2026-05-29,"2026-05-21","Plant - Tomato Beefsteak - Pot",2,4.5
1353,2026-05-29,"2026-05-21","Plant - Tomato Cherokee Purple  - Pot",1,4.5
1353,2026-05-29,"2026-05-21","Plant - Tomato Green Zebra - Pot",1,4.5
1353,2026-05-29,"2026-05-21","Plant - Tomato Super Sweet 100 - Pot",1,4.5
1353,2026-05-29,"2026-05-21","Pork - Tenderloin/lb - Lb.",1,12.01
1353,2026-05-29,"2026-05-21","Potato Chips Original Lg - Oz.",1,9.25
1353,2026-05-29,"2026-05-21","Strawberries - Qt - Quart",1,8.25
1353,2026-05-29,"2026-05-21","Extra Credit - Each",147.06,1.06
1353,2026-05-29,"2026-05-21","Half",1,84.79
1353,2026-05-29,"2026-05-21","Whole MILK-e",1,8.85
868,2026-05-29,"2026-05-21","Kirkwood Pickup Time (2.0 @1:30-2) - @1:30-2",1,0
868,2026-05-29,"2026-05-21","Broccoli - Share",1,4.25
868,2026-05-29,"2026-05-21","Fresh Herb - Dill - Bunch",1,2.5
868,2026-05-29,"2026-05-21","Marinara Sauce - Jar",1,8.75
868,2026-05-29,"2026-05-21","Pasta Wildcard $6.50 - Pack",1,6.5
868,2026-05-29,"2026-05-21","Pork - Ground  - Lb.",1,7.5
868,2026-05-29,"2026-05-21","Spinach - Bag",1,5
868,2026-05-29,"2026-05-21","Extra Credit - Each",11.75,1.06
868,2026-05-29,"2026-05-21","Mini",1,53.2
1652,2026-05-29,"2026-05-21","Auction Donation - $",1,1
1652,2026-05-29,"2026-05-21","Chicken Thighs - Boneless/lb. - lbs",1,13.3
1652,2026-05-29,"2026-05-21","Dark Chocolate Almond Bar - Pack",1,4.95
1652,2026-05-29,"2026-05-21","Eggs - Dozen",1,6.5
1652,2026-05-29,"2026-05-21","Lettuce - Romaine Head - Head",1,5
1652,2026-05-29,"2026-05-21","Olive Oil Large - Bottle",1,18.5
1652,2026-05-29,"2026-05-21","Seedy Wheaty - Frozen - Loaf",1,3.75
1652,2026-05-29,"2026-05-21","Strawberries - Qt - Quart",1,8.25
1652,2026-05-29,"2026-05-21","Extra Credit - Each",38.5,1.06
1652,2026-05-29,"2026-05-21","Mini",1,53.2
1431,2026-05-29,"2026-05-21","Mothership Pickup Time (5.0 @5:30-6) - @5:30-6",1,0
1431,2026-05-29,"2026-05-21","Light and Mild - T - Loaf",1,8.25
1431,2026-05-29,"2026-05-21","Marinara Sauce - Jar",1,8.75
1431,2026-05-29,"2026-05-21","Pasta Wildcard $6.50 - Pack",1,6.5
1431,2026-05-29,"2026-05-21","Pork - Ground  - Lb.",1,7.5
1431,2026-05-29,"2026-05-21","Extra Credit - Each",8.25,1.06
1431,2026-05-29,"2026-05-21","Mini",1,53.2
246,2026-05-29,"2026-05-21","Half & Half - Pint",1,4.75
246,2026-05-29,"2026-05-21","Kirkwood Pickup Time - @1-1:30",1,0
246,2026-05-29,"2026-05-21","Broccoli - Share",1,4.25
246,2026-05-29,"2026-05-21","Del Carmen Choice - Tub",1,6.5
246,2026-05-29,"2026-05-21","Hand Pie: Bacon Burger Bleu - Bag",1,10.5
246,2026-05-29,"2026-05-21","Mushrooms - Sale! - Bag",1,8
246,2026-05-29,"2026-05-21","Extra Credit - Each",0.75,1.06
246,2026-05-29,"2026-05-21","UCA/KWA",1,79.79
246,2026-05-29,"2026-05-21","RL Chocolate Milk",3,2.93
963,2026-05-29,"2026-05-21","Mothership Pickup Time (1.0 @3:30-4) - @3:30-4",1,0
963,2026-05-29,"2026-05-21","Cinnamon Rolls - Pack",1,6.75
963,2026-05-29,"2026-05-21","Curds Jalapeno Habanero 10 oz - Bag",1,6.75
963,2026-05-29,"2026-05-21","Eggs - Dozen",1,6.5
963,2026-05-29,"2026-05-21","Pork - Bratwurst  - Pack",1,8.5
963,2026-05-29,"2026-05-21","Radishes - Purple Heart - Bunch",1,5.25
963,2026-05-29,"2026-05-21","Extra Credit - Each",0.5,1.06
963,2026-05-29,"2026-05-21","FSA/FSD",1,79.79
657,2026-05-29,"2026-05-21","Mothership Pickup Time (2.0 @4-4:30) - @4-4:30",1,0
657,2026-05-29,"2026-05-21","Aged Cheddar - HBC - Each",1,6.75
657,2026-05-29,"2026-05-21","Chicken - Ground - Lb.",1,9
657,2026-05-29,"2026-05-21","Eggs - Dozen",1,6.5
657,2026-05-29,"2026-05-21","Mushrooms - Choice",1,8
657,2026-05-29,"2026-05-21","Extra Credit - Each",3.75,1.06
657,2026-05-29,"2026-05-21","Half",1,84.79
928,2026-05-29,"2026-05-21","Mothership Pickup Time (2.0 @4-4:30) - @4-4:30",1,0
928,2026-05-29,"2026-05-21","Cinnamon Rolls - Pack",1,6.75
928,2026-05-29,"2026-05-21","Curds Creamy Ranch 10 oz - Bag",1,6.75
928,2026-05-29,"2026-05-21","Eggs - Dozen",1,6.5
928,2026-05-29,"2026-05-21","Hand Pie: Bacon Burger Bleu - Bag",1,10.5
928,2026-05-29,"2026-05-21","Hand Pie: Chicken Curry - Bag",1,10.5
928,2026-05-29,"2026-05-21","Pork - Bratwurst  - Pack",1,8.5
928,2026-05-29,"2026-05-21","Yogurt - Blueberry - Oz.",1,7.1
928,2026-05-29,"2026-05-21","Extra Credit - Each",23.35,1.06
928,2026-05-29,"2026-05-21","FSA/FSD",1,79.79
1570,2026-05-29,"2026-05-21","No Produce - Order Only (even wk)",1,0
1900,2026-05-29,"2026-05-21","Mothership Pickup Time (5.0 @5:30-6) - @5:30-6",1,0
1900,2026-05-29,"2026-05-21","$ for green bags donation - $",1,1
1900,2026-05-29,"2026-05-21","Cooler Donation - $",1,1
1900,2026-05-29,"2026-05-21","Food Pantry Donation - $",1,1
1900,2026-05-29,"2026-05-21","Auction Donation - $",1,1
1900,2026-05-29,"2026-05-21","Bagels - Honey Buckwheat - BU - Bag",1,11
1900,2026-05-29,"2026-05-21","Eggs - Dozen",1,6.5
1900,2026-05-29,"2026-05-21","Multigrain Bread - Frozen - Loaf",1,6.75
1900,2026-05-29,"2026-05-21","Peas - Shelling  - Oz.",1,4.25
1900,2026-05-29,"2026-05-21","Plant - Oregano - Pot",1,4.5
1900,2026-05-29,"2026-05-21","Popped Corn - Organic - Bag",1,3
1900,2026-05-29,"2026-05-21","Pork - Ground  - Lb.",1,7.5
1900,2026-05-29,"2026-05-21","Pre-ordered plants are in - Pot",1,0
1900,2026-05-29,"2026-05-21","Strawberries - Qt - Quart",1,8.25
1900,2026-05-29,"2026-05-21","Extra Credit - Each",33,1.06
1900,2026-05-29,"2026-05-21","Mini",1,53.2
1900,2026-05-29,"2026-05-21","Whole MILK-e",1,8.85
1236,2026-05-29,"2026-05-21","Eggs - Dozen",1,6.5
1236,2026-05-29,"2026-05-21","Ground Beef - D&M - Lb.",1,10.5
1236,2026-05-29,"2026-05-21","Pork - Bratwurst  - Pack",1,8.5
1236,2026-05-29,"2026-05-21","Pork - Ground  - Lb.",1,7.5
1236,2026-05-29,"2026-05-21","Wildcard $4 - Each",1,4
1236,2026-05-29,"2026-05-21","Extra Credit - Each",3.75,1.06
1236,2026-05-29,"2026-05-21","FSA/FSD",1,79.79
249,2026-05-29,"2026-05-21","Mothership Pickup Time (1.0 @3:30-4) - @3:30-4",1,0
249,2026-05-29,"2026-05-21","Chicken - Ground - Lb.",1,9
249,2026-05-29,"2026-05-21","Eggs - Dozen",1,6.5
249,2026-05-29,"2026-05-21","Queso Quesadilla - HBC - Each",1,6.75
249,2026-05-29,"2026-05-21","Ravioli - 4-Cheese - Lb.",1,9.15
249,2026-05-29,"2026-05-21","Extra Credit - Each",4.9,1.06
249,2026-05-29,"2026-05-21","Half",1,84.79
1725,2026-05-29,"2026-05-21","Chicken - Big Bag Deboned Thighs/lb. - Bag",2,42.16
1725,2026-05-29,"2026-05-21","Eggs - BW - Dozen",2,6.5
1725,2026-05-29,"2026-05-21","Kirkwood Pickup Time (1.0 PORCH) - PORCH",1,0
1725,2026-05-29,"2026-05-21","Hoagie - T - Each",1,3.5
1725,2026-05-29,"2026-05-21","Semolina - T - Loaf",1,7
1725,2026-05-29,"2026-05-21","Sesame Hoagie - T - Each",1,3.8
1725,2026-05-29,"2026-05-21","Strawberries - Qt - Quart",1,8.25
1725,2026-05-29,"2026-05-21","Extra Credit - Each",97.12,1.06
1725,2026-05-29,"2026-05-21","Mini",1,53.2
364,2026-05-29,"2026-05-21","Mothership Pickup Time - @6:30-7",1,0
364,2026-05-29,"2026-05-21","Eggs - Dozen",1,6.5
364,2026-05-29,"2026-05-21","Lettuce - Bibb - Head",1,3.25
364,2026-05-29,"2026-05-21","Oat Porridge Bread - T - Each",1,9
364,2026-05-29,"2026-05-21","Pork - Bratwurst  - Pack",1,8.5
364,2026-05-29,"2026-05-21","Tortellini - Mushroom - Lb.",1,9.15
364,2026-05-29,"2026-05-21","Extra Credit - Each",3.15,1.06
364,2026-05-29,"2026-05-21","FSA/FSD",1,79.79
1873,2026-05-29,"2026-05-21","Mothership Pickup Time (3.0 @4:30-5) - @4:30-5",1,0
1873,2026-05-29,"2026-05-21","Pasta Wildcard $6.50 - Pack",1,6.5
1873,2026-05-29,"2026-05-21","Pork Italian Bulk - D&M - Lb.",1,8.5
1873,2026-05-29,"2026-05-21","Yogurt - Strawberry - Oz.",1,7.1
1873,2026-05-29,"2026-05-21","Mini",1,53.2
1746,2026-05-29,"2026-05-21","Kirkwood Pickup Time (1.0 PORCH) - PORCH",1,0
1746,2026-05-29,"2026-05-21","Asparagus - Bunch",1,6.5
1746,2026-05-29,"2026-05-21","Eggs - Dozen",1,6.5
1746,2026-05-29,"2026-05-21","Ground Beef - D&M - Lb.",1,10.5
1746,2026-05-29,"2026-05-21","Lettuce - Romaine Head - Head",1,5
1746,2026-05-29,"2026-05-21","Milk Chocolate Square - Each",1,1.75
1746,2026-05-29,"2026-05-21","Wildcard $3 - Each",1,3
1746,2026-05-29,"2026-05-21","UCA/KWA",1,79.79
636,2026-05-29,"2026-05-21","Cheese Choice $6.75 - Each",1,6.75
636,2026-05-29,"2026-05-21","Eggs - Dozen",1,6.5
636,2026-05-29,"2026-05-21","Pork - Bratwurst  - Pack",1,8.5
636,2026-05-29,"2026-05-21","Rice - Basmati Choice - Bag",1,7.5
636,2026-05-29,"2026-05-21","Wildcard $4 - Each",1,4
636,2026-05-29,"2026-05-21","FSA/FSD",1,79.79
636,2026-05-29,"2026-05-21","Whole MILK",1,8.85
250,2026-05-29,"2026-05-21","Milk - Whole - Oz.",1,8.32
250,2026-05-29,"2026-05-21","Mothership Pickup Time (3.0 @4:30-5) - @4:30-5",1,0
250,2026-05-29,"2026-05-21","Gnocchi - Garlic Chive  - Lb.",1,6.5
250,2026-05-29,"2026-05-21","Gnocchi - Potato  - Lb.",1,6.5
250,2026-05-29,"2026-05-21","Gnocchi - Spinach  - Lb.",1,6.5
250,2026-05-29,"2026-05-21","Onions - Green - Bunch",1,3.5
250,2026-05-29,"2026-05-21","Squash - Zucchini - Each",1,2.5
250,2026-05-29,"2026-05-21","Extra Credit - Each",0.57,1.06
250,2026-05-29,"2026-05-21","FSA/FSD",1,79.79
725,2026-05-29,"2026-05-21","Ground Turkey - Pack",1,9
725,2026-05-29,"2026-05-21","Jam - Red Cherry HBY - Pint",1,7.75
725,2026-05-29,"2026-05-21","Mothership Pickup Time (1.0 @3:30-4) - @3:30-4",1,0
725,2026-05-29,"2026-05-21","Pork - Ground  - Lb.",1,7.5
725,2026-05-29,"2026-05-21","Pork Italian Bulk - D&M - Lb.",1,8.5
725,2026-05-29,"2026-05-21","Pre-ordered plants are in - Pot",1,0
725,2026-05-29,"2026-05-21","Extra Credit - Each",6.25,1.06
725,2026-05-29,"2026-05-21","Half",1,84.79
1243,2026-05-29,"2026-05-21","Mothership Pickup Time (4.0 @5-5:30) - @5-5:30",1,0
1243,2026-05-29,"2026-05-21","Chicken - Ground - Lb.",1,9
1243,2026-05-29,"2026-05-21","FF Dip - Street Corn - Tub",1,8.75
1243,2026-05-29,"2026-05-21","Milk Chocolate Square - Each",1,1.75
1243,2026-05-29,"2026-05-21","Mushrooms - Choice",1,8
1243,2026-05-29,"2026-05-21","Extra Credit - Each",1,1.06
1243,2026-05-29,"2026-05-21","Half",1,84.79
133,2026-05-29,"2026-05-21","Mothership Pickup Time (3.0 @4:30-5) - @4:30-5",1,0
133,2026-05-29,"2026-05-21","Bagels - Everything - BU - Bag",1,11
133,2026-05-29,"2026-05-21","Bagels - Pumpernickel - BU - Bag",1,11
133,2026-05-29,"2026-05-21","Peas - Shelling  - Oz.",1,4.25
133,2026-05-29,"2026-05-21","Pork - Ground  - Lb.",1,7.5
133,2026-05-29,"2026-05-21","Extra Credit - Each",11,1.06
133,2026-05-29,"2026-05-21","Mini",1,53.2
643,2026-05-29,"2026-05-21","Mothership Pickup Time (5.0 @5:30-6) - @5:30-6",1,0
643,2026-05-29,"2026-05-21","Bread Pudding - Muffin - Froz. - Each",1,4
643,2026-05-29,"2026-05-21","Chicken - Ground - Lb.",1,9
643,2026-05-29,"2026-05-21","Kale - Green Curly - Bag",1,5
643,2026-05-29,"2026-05-21","Light and Mild - T - Loaf",1,8.25
643,2026-05-29,"2026-05-21","Pork - Brats Cheddar DM - 4-pack",1,8
643,2026-05-29,"2026-05-21","Squash - Zucchini - Each",2,2.5
643,2026-05-29,"2026-05-21","Turnips - Japanese/White - Lb.",1,4.25
643,2026-05-29,"2026-05-21","Extra Credit - Each",10.25,1.06
643,2026-05-29,"2026-05-21","FSA/FSD",1,79.79
1468,2026-05-29,"2026-05-21","Mothership Pickup Time (3.0 @4:30-5) - @4:30-5",1,0
1468,2026-05-29,"2026-05-21","Marinara Sauce - Jar",1,8.75
1468,2026-05-29,"2026-05-21","Pork - Ground  - Lb.",1,7.5
1468,2026-05-29,"2026-05-21","Strawberries - Qt - Quart",1,8.25
1468,2026-05-29,"2026-05-21","Extra Credit - Each",1.75,1.06
1468,2026-05-29,"2026-05-21","Mini",1,53.2
622,2026-05-29,"2026-05-21","Cheese Choice $6.75 - Each",1,6.75
622,2026-05-29,"2026-05-21","Del Carmen Choice - Tub",1,6.5
622,2026-05-29,"2026-05-21","Eggs - Dozen",1,6.5
622,2026-05-29,"2026-05-21","Ground Beef - D&M - Lb.",1,10.5
622,2026-05-29,"2026-05-21","Wildcard $3 - Each",1,3
622,2026-05-29,"2026-05-21","UCA/KWA",1,79.79
793,2026-05-29,"2026-05-21","Light and Mild - T - Loaf",1,8.25
793,2026-05-29,"2026-05-21","Oat Porridge Bread - T - Each",1,9
793,2026-05-29,"2026-05-21","Strawberries - Qt - Quart",1,8.25
793,2026-05-29,"2026-05-21","Extra Credit - Each",2.75,1.06
793,2026-05-29,"2026-05-21","Mini",1,53.2
39,2026-05-29,"2026-05-21","Almonds - Salted - Oz.",1,14.75
39,2026-05-29,"2026-05-21","Hand Pie: Spanakopita - Bag",1,10.5
39,2026-05-29,"2026-05-21","Onions - Green - Bunch",1,3.5
39,2026-05-29,"2026-05-21","Radishes - Purple Heart - Bunch",1,5.25
39,2026-05-29,"2026-05-21","Strawberries - Qt - Quart",1,8.25
39,2026-05-29,"2026-05-21","Vinaigrette - Greek Style - Bottle",1,6.25
39,2026-05-29,"2026-05-21","Yogurt - Vanilla - Oz.",1,7.1
39,2026-05-29,"2026-05-21","Extra Credit - Each",32.85,1.06
39,2026-05-29,"2026-05-21","Mini",1,53.2
1750,2026-05-29,"2026-05-21","Salsa - Gringo's Medium - Pint",1,5
1750,2026-05-29,"2026-05-21","Mothership Pickup Time (5.0 @5:30-6) - @5:30-6",1,0
1750,2026-05-29,"2026-05-21","Asparagus - Bunch",1,6.5
1750,2026-05-29,"2026-05-21","Broccoli - Share",1,4.25
1750,2026-05-29,"2026-05-21","Marbled Rye - Thursday - Each",1,8.75
1750,2026-05-29,"2026-05-21","Onions - Green - Bunch",1,3.5
1750,2026-05-29,"2026-05-21","Strawberries - Qt - Quart",1,8.25
1750,2026-05-29,"2026-05-21","Yogurt - Strawberry - Oz.",1,7.1
1750,2026-05-29,"2026-05-21","Extra Credit - Each",20.6,1.06
1750,2026-05-29,"2026-05-21","Mini",1,53.2
1771,2026-05-29,"2026-05-21","Eggs - BW - Dozen",2,6.5
1771,2026-05-29,"2026-05-21","Stringbean Red Eye  - Oz.",1,16
1771,2026-05-29,"2026-05-21","Mothership Pickup Time (4.0 @5-5:30) - @5-5:30",1,0
1771,2026-05-29,"2026-05-21","Cooler Donation - $",5,1
1771,2026-05-29,"2026-05-21","Asparagus - Bunch",1,6.5
1771,2026-05-29,"2026-05-21","Flaked Salmon - Lb.",1,22.61
1771,2026-05-29,"2026-05-21","Gnocchi - Garlic Chive  - Lb.",1,6.5
1771,2026-05-29,"2026-05-21","Granola Bar - Each",1,3.8
1771,2026-05-29,"2026-05-21","Janie's Bread - Thursday - Each",1,7
1771,2026-05-29,"2026-05-21","Kale - Green Curly - Bag",1,5
1771,2026-05-29,"2026-05-21","Lettuce - Romaine Head - Head",1,5
1771,2026-05-29,"2026-05-21","Spinach - Bag",1,5
1771,2026-05-29,"2026-05-21","Extra Credit - Each",95.41,1.06
652,2026-05-29,"2026-05-21","Milk - 2%  - Oz.",1,8.32
652,2026-05-29,"2026-05-21","Eggs - Dozen",1,6.5
652,2026-05-29,"2026-05-21","Mojo Marinade - Tub",1,6.5
652,2026-05-29,"2026-05-21","Strawberries - Qt - Quart",1,8.25
652,2026-05-29,"2026-05-21","Extra Credit - Each",3.07,1.06
652,2026-05-29,"2026-05-21","Half",1,84.79
1521,2026-05-29,"2026-05-21","Mothership Pickup Time (1.0 @3:30-4) - @3:30-4",1,0
1521,2026-05-29,"2026-05-21","Chicken - Thighs /lbs  - lbs",1,10.2
1521,2026-05-29,"2026-05-21","Hoagie - T - Each",1,3.5
1521,2026-05-29,"2026-05-21","Lettuce - Bibb - Head",1,3.25
1521,2026-05-29,"2026-05-21","Strawberries - Qt - Quart",1,8.25
1521,2026-05-29,"2026-05-21","Extra Credit - Each",2.45,1.06
1521,2026-05-29,"2026-05-21","Mini",1,53.2
885,2026-05-29,"2026-05-21","Pre-ordered plants are in - Pot",1,0
900,2026-05-29,"2026-05-21","Mothership Pickup Time (1.0 @3:30-4) - @3:30-4",1,0
900,2026-05-29,"2026-05-21","Broccoli - Share",1,4.25
900,2026-05-29,"2026-05-21","Cauliflower - hd. - Head",1,6.5
900,2026-05-29,"2026-05-21","Eggs - Dozen",1,6.5
900,2026-05-29,"2026-05-21","Escarole - Head",1,2.25
900,2026-05-29,"2026-05-21","Ground Beef - D&M - Lb.",1,10.5
900,2026-05-29,"2026-05-21","Lettuce Head - Head",1,4.25
900,2026-05-29,"2026-05-21","FSA/FSD",1,79.79
900,2026-05-29,"2026-05-21","Whole MILK",1,8.85
171,2026-05-29,"2026-05-21","Bagel Chips - Bag",1,9.75
171,2026-05-29,"2026-05-21","Louise's Original Granola - Bag",1,10
171,2026-05-29,"2026-05-21","Marinara Sauce - Jar",1,8.75
171,2026-05-29,"2026-05-21","Pasta Wildcard $6.50 - Pack",1,6.5
171,2026-05-29,"2026-05-21","Pork - Ground  - Lb.",1,7.5
171,2026-05-29,"2026-05-21","Pork Snack Sticks - Honey 4pk - Pack",2,10.3
171,2026-05-29,"2026-05-21","Yogurt - Plain - Oz.",2,7.1
171,2026-05-29,"2026-05-21","Extra Credit - Each",54.55,1.06
171,2026-05-29,"2026-05-21","Mini",1,53.2
904,2026-05-29,"2026-05-21","Milk - Creamline - Oz.",1,8.32
904,2026-05-29,"2026-05-21","Chicken Links - Chorizo - Lb.",1,10.5
904,2026-05-29,"2026-05-21","Mushrooms - Sale! - Bag",1,8
904,2026-05-29,"2026-05-21","Extra Credit - Each",0.32,1.06
904,2026-05-29,"2026-05-21","Half",1,84.79
1440,2026-05-29,"2026-05-21","Bacon - Each",1,13.5
1440,2026-05-29,"2026-05-21","Chicken Breasts /lb. - Pack",1,10.88
1440,2026-05-29,"2026-05-21","Meatballs D&M - Package",1,14.5
1440,2026-05-29,"2026-05-21","Pre-ordered plants are in - Pot",1,0
1440,2026-05-29,"2026-05-21","Semolina - T - Loaf",1,7
1440,2026-05-29,"2026-05-21","Strawberries - Qt - Quart",1,8.25
1440,2026-05-29,"2026-05-21","Wildcard $3 - Each",1,3
1440,2026-05-29,"2026-05-21","Extra Credit - Each",30.63,1.06
1440,2026-05-29,"2026-05-21","Half",1,84.79
1505,2026-05-29,"2026-05-21","Chicken - Big Bag Deboned Thighs/lb. - Bag",1,42.08
1505,2026-05-29,"2026-05-21","Mothership Pickup Time (4.0 @5-5:30) - @5-5:30",1,0
1505,2026-05-29,"2026-05-21","Hoagie - T - Each",1,3.5
1505,2026-05-29,"2026-05-21","Lettuce - Bibb - Head",1,3.25
1505,2026-05-29,"2026-05-21","Light and Mild - T - Loaf",1,8.25
1505,2026-05-29,"2026-05-21","Peas - Shelling  - Oz.",1,4.25
1505,2026-05-29,"2026-05-21","Extra Credit - Each",34.83,1.06
1505,2026-05-29,"2026-05-21","Half",1,84.79
959,2026-05-29,"2026-05-21","Mothership Pickup Time - @6:30-7",1,0
959,2026-05-29,"2026-05-21","Cheese Choice $6.75 - Each",1,6.75
959,2026-05-29,"2026-05-21","Eggs - Dozen",1,6.5
959,2026-05-29,"2026-05-21","Marshmallow Pie - Each",1,7.5
959,2026-05-29,"2026-05-21","Pre-ordered plants are in - Pot",1,0
959,2026-05-29,"2026-05-21","Rice - Basmati Choice - Bag",1,7.5
959,2026-05-29,"2026-05-21","Strawberries - Qt - Quart",1,8.25
959,2026-05-29,"2026-05-21","Yogurt - Plain - Oz.",1,7.1
959,2026-05-29,"2026-05-21","Extra Credit - Each",10.35,1.06
959,2026-05-29,"2026-05-21","FSA/FSD",1,79.79
704,2026-05-29,"2026-05-27","Aged Cheddar - HBC - Each",1,6.75
704,2026-05-29,"2026-05-27","Black Pepper Cheddar - Each",1,6.75
704,2026-05-29,"2026-05-27","Cheese Choice $6.75 - Each",1,6.75
704,2026-05-29,"2026-05-27","Eggs - Dozen",1,6.5
704,2026-05-29,"2026-05-27","Ground Beef - D&M - Lb.",1,10.5
704,2026-05-29,"2026-05-27","Extra Credit - Each",0.5,1.06
704,2026-05-29,"2026-05-27","FSA/FSD",1,79.79
291,2026-05-29,"2026-05-27","Mothership Pickup Time (2.0 @4-4:30) - @4-4:30",1,0
291,2026-05-29,"2026-05-27","Eggs - Dozen",1,6.5
291,2026-05-29,"2026-05-27","Ground Beef - D&M - Lb.",1,10.5
291,2026-05-29,"2026-05-27","Mushrooms - Chestnut - Bag",1,8
291,2026-05-29,"2026-05-27","Pork - Ground  - Lb.",1,7.5
291,2026-05-29,"2026-05-27","Semolina - Wednesday - Loaf",1,7
291,2026-05-29,"2026-05-27","Extra Credit - Each",2.25,1.06
291,2026-05-29,"2026-05-27","Half",1,84.79
1045,2026-05-29,"2026-05-27","Mothership Pickup Time (2.0 @4-4:30) - @4-4:30",1,0
1045,2026-05-29,"2026-05-27","Bagel Chips - Bag",1,9.75
1045,2026-05-29,"2026-05-27","Cabbage - Chinese - Head",1,3.75
1045,2026-05-29,"2026-05-27","Eggs - Dozen",1,6.5
1045,2026-05-29,"2026-05-27","Hummus - Garlic - Tub",1,6.75
1045,2026-05-29,"2026-05-27","Lettuce - Romaine Head - Head",1,5
1045,2026-05-29,"2026-05-27","Onions - Green - Bunch",1,3.5
1045,2026-05-29,"2026-05-27","Pre-ordered plants are in - Pot",1,0
1045,2026-05-29,"2026-05-27","Sesame Hoagie -W - Each",1,3.8
1045,2026-05-29,"2026-05-27","Extra Credit - Each",1.8,1.06
1045,2026-05-29,"2026-05-27","Half",1,84.79
482,2026-05-29,"2026-05-27","Eggs - BW - Dozen",2,6.5
482,2026-05-29,"2026-05-27","Jam - Blueberry HBY - Pint",1,7.75
482,2026-05-29,"2026-05-27","Jam - Red Cherry HBY - Pint",1,7.75
482,2026-05-29,"2026-05-27","UCity Pickup Time - @4:30-5",1,0
482,2026-05-29,"2026-05-27","Asparagus - Bunch",1,6.5
482,2026-05-29,"2026-05-27","Curds Garlic Herb HBC 10 oz  - Bag",1,6.75
482,2026-05-29,"2026-05-27","Hand Pie: Bacon Burger Bleu - Bag",1,10.5
482,2026-05-29,"2026-05-27","Hand Pie: Chicken Curry - Bag",1,10.5
482,2026-05-29,"2026-05-27","Semolina - Wednesday - Loaf",1,7
482,2026-05-29,"2026-05-27","Extra Credit - Each",32.5,1.06
482,2026-05-29,"2026-05-27","Half",1,84.79
1983,2026-05-29,"2026-05-27","Peanut Butter MC - Tub",1,7.75
1983,2026-05-29,"2026-05-27","Sugar Free - Apricot HBY - Pint",1,7.75
1983,2026-05-29,"2026-05-27","Mothership Pickup Time (1.0 @3:30-4) - @3:30-4",1,0
1983,2026-05-29,"2026-05-27","Eggs - Dozen",2,6.5
1983,2026-05-29,"2026-05-27","Lettuce Mix - Bag",1,4.5
1983,2026-05-29,"2026-05-27","Plant - Basil Italian - Pot",1,4.5
1983,2026-05-29,"2026-05-27","Pork - Ground  - Lb.",1,7.5
1983,2026-05-29,"2026-05-27","Spinach - Bag",1,5
1983,2026-05-29,"2026-05-27","Extra Credit - Each",28,1.06
1983,2026-05-29,"2026-05-27","Mini",1,53.2
1197,2026-05-29,"2026-05-27","Arugula - Bag",1,4.25
1197,2026-05-29,"2026-05-27","Asparagus - Bunch",1,6.5
1197,2026-05-29,"2026-05-27","Eggs - Dozen",1,6.5
1197,2026-05-29,"2026-05-27","Peas - Sugar Snap - Share",1,4
1197,2026-05-29,"2026-05-27","Spinach - Bag",1,5
1197,2026-05-29,"2026-05-27","Squash - Zucchini - Each",1,2.5
1197,2026-05-29,"2026-05-27","Extra Credit - Each",28.75,1.06
1039,2026-05-29,"2026-05-27","Pizza - Four Meat  - Each",1,8.5
1039,2026-05-29,"2026-05-27","UCity Pickup Time (3.0 @5:30-6) - @5:30-6",1,0
1039,2026-05-29,"2026-05-27","Chicken Thighs - Boneless/lb. - lbs",1,11.38
1039,2026-05-29,"2026-05-27","Eggs - Dozen",1,6.5
1039,2026-05-29,"2026-05-27","Mushrooms - Chestnut - Bag",1,8
1039,2026-05-29,"2026-05-27","Extra Credit - Each",3.38,1.06
1039,2026-05-29,"2026-05-27","UCA/KWA",1,79.79
618,2026-05-29,"2026-05-27","Pistachios - Oz.",1,14.25
618,2026-05-29,"2026-05-27","Eggs - BW - Dozen",1,6.5
618,2026-05-29,"2026-05-27","Mothership Pickup Time (3.0 @4:30-5) - @4:30-5",1,0
618,2026-05-29,"2026-05-27","Dark Bar 72% - Package",1,3
618,2026-05-29,"2026-05-27","Pre-ordered plants are in - Pot",1,0
618,2026-05-29,"2026-05-27","Seedy Wheaty - Frozen - Loaf",1,3.75
618,2026-05-29,"2026-05-27","Swiss Chard - Bunch",1,5
618,2026-05-29,"2026-05-27","Extra Credit - Each",10.5,1.06
618,2026-05-29,"2026-05-27","Mini",1,53.2
732,2026-05-29,"2026-05-27","Mothership Pickup Time (4.0 @5-5:30) - @5-5:30",1,0
732,2026-05-29,"2026-05-27","Asparagus - Bunch",1,6.5
732,2026-05-29,"2026-05-27","Cabbage - Green - Head",1,4.5
732,2026-05-29,"2026-05-27","Cucumbers - Slicing - Each",1,2
732,2026-05-29,"2026-05-27","Eggs - Dozen",1,6.5
732,2026-05-29,"2026-05-27","Feta Cheese - HBC - Each",1,6.75
732,2026-05-29,"2026-05-27","Granola Bar - Each",2,3.8
732,2026-05-29,"2026-05-27","Peas - Sugar Snap - Share",1,4
732,2026-05-29,"2026-05-27","Extra Credit - Each",0.6,1.06
732,2026-05-29,"2026-05-27","Half",1,84.79
228,2026-05-29,"2026-05-27","UCity Pickup Time - @4:30-5",1,0
228,2026-05-29,"2026-05-27","Chicken Links - Sundried Tomato - lbs",1,10.5
228,2026-05-29,"2026-05-27","Curry Sauce (1.0 Green) - Green",1,11.5
228,2026-05-29,"2026-05-27","Mini",1,53.2
282,2026-05-29,"2026-05-27","Eggs - Dozen",1,6.5
282,2026-05-29,"2026-05-27","Marinara Sauce - Jar",1,8.75
282,2026-05-29,"2026-05-27","Mushrooms - Choice",1,8
282,2026-05-29,"2026-05-27","Pasta Wildcard $6.50 - Pack",1,6.5
282,2026-05-29,"2026-05-27","Pork - Ground  - Lb.",1,7.5
282,2026-05-29,"2026-05-27","Half",1,84.79
1203,2026-05-29,"2026-05-27","Mothership Pickup Time (2.0 @4-4:30) - @4-4:30",1,0
1203,2026-05-29,"2026-05-27","Cabbage - Green - Head",1,4.5
1203,2026-05-29,"2026-05-27","Cucumbers - Slicing - Each",1,2
1203,2026-05-29,"2026-05-27","Eggs - Dozen",1,6.5
1203,2026-05-29,"2026-05-27","Mushrooms (1.0 Shiitake) - Shiitake",1,8
1203,2026-05-29,"2026-05-27","Pork - Ground  - Lb.",1,7.5
1203,2026-05-29,"2026-05-27","Radishes - Bunch - Bunch",1,3.5
1203,2026-05-29,"2026-05-27","FSA/FSD",1,79.79
444,2026-05-29,"2026-05-27","UCity Pickup Time - @4:30-5",1,0
444,2026-05-29,"2026-05-27","Asparagus - Bunch",1,6.5
444,2026-05-29,"2026-05-27","Ground Beef - D&M - Lb.",2,10.5
444,2026-05-29,"2026-05-27","Hummus - Carrot & Ginger - Tub",1,6.75
444,2026-05-29,"2026-05-27","Louise's Original Granola - Bag",1,10
444,2026-05-29,"2026-05-27","RL Chocolate Milk - Bottle",2,2.75
444,2026-05-29,"2026-05-27","Extra Credit - Each",18.75,1.06
444,2026-05-29,"2026-05-27","UCA/KWA",1,79.79
828,2026-05-29,"2026-05-27","Chicken - Big Bag Deboned Thighs/lb. - Bag",1,42.41
828,2026-05-29,"2026-05-27","UCity Pickup Time - @4:30-5",1,0
828,2026-05-29,"2026-05-27","Bagels - Honey Buckwheat - BU - Bag",1,11
828,2026-05-29,"2026-05-27","Cinnamon Rolls - Pack",2,6.75
828,2026-05-29,"2026-05-27","Hoagie - Wednesday - Each",1,3.5
828,2026-05-29,"2026-05-27","Oat Porridge Bread - Wednesday - Loaf",1,9
828,2026-05-29,"2026-05-27","Extra Credit - Each",57.41,1.06
828,2026-05-29,"2026-05-27","Mini",1,53.2
1799,2026-05-29,"2026-05-27","Mothership Pickup Time (3.0 @4:30-5) - @4:30-5",1,0
1799,2026-05-29,"2026-05-27","Eggs - Dozen",2,6.5
1799,2026-05-29,"2026-05-27","Feta Cheese - HBC - Each",1,6.75
1799,2026-05-29,"2026-05-27","Ground Beef - D&M - Lb.",1,10.5
1799,2026-05-29,"2026-05-27","Yogurt - Blueberry - Oz.",1,7.1
1799,2026-05-29,"2026-05-27","Extra Credit - Each",5.1,1.06
1799,2026-05-29,"2026-05-27","FSA/FSD",1,79.79
1286,2026-05-29,"2026-05-27","Mothership Pickup Time (1.0 @3:30-4) - @3:30-4",1,0
1286,2026-05-29,"2026-05-27","Buttermilk - Qt.  - Quart",1,6.5
1286,2026-05-29,"2026-05-27","Chicken Bones - SM/lb.* - Bag",1,12.83
1286,2026-05-29,"2026-05-27","Collards - Bunch",1,5
1286,2026-05-29,"2026-05-27","Dark Chocolate Almond Bar - Pack",1,4.95
1286,2026-05-29,"2026-05-27","Eggs - Dozen",1,6.5
1286,2026-05-29,"2026-05-27","Spinach - Bag",1,5
1286,2026-05-29,"2026-05-27","Yogurt - Vanilla - Oz.",1,7.1
1286,2026-05-29,"2026-05-27","Extra Credit - Each",10.63,1.06
1286,2026-05-29,"2026-05-27","Half",1,84.79
1124,2026-05-29,"2026-05-27","Applewood Smoked Cheddar - Each",1,6.5
1124,2026-05-29,"2026-05-27","Asparagus - Bunch",1,6.5
1124,2026-05-29,"2026-05-27","Eggs - Dozen",2,6.5
1124,2026-05-29,"2026-05-27","Hoagie - Wednesday - Each",1,3.5
1124,2026-05-29,"2026-05-27","Marinara Sauce - Jar",1,8.75
1124,2026-05-29,"2026-05-27","Extra Credit - Each",1,1.06
1124,2026-05-29,"2026-05-27","Half",1,84.79
296,2026-05-29,"2026-05-27","Mothership Pickup Time (1.0 @3:30-4) - @3:30-4",1,0
296,2026-05-29,"2026-05-27","Eggs - Dozen",1,6.5
296,2026-05-29,"2026-05-27","Marinara Sauce - Jar",1,8.75
296,2026-05-29,"2026-05-27","Mushrooms - Chestnut - Bag",1,8
296,2026-05-29,"2026-05-27","Pasta Wildcard $6.50 - Pack",1,6.5
296,2026-05-29,"2026-05-27","Pork - Ground  - Lb.",1,7.5
296,2026-05-29,"2026-05-27","Half",1,84.79
1920,2026-05-29,"2026-05-27","UCity Pickup Time (2.0 @5-5:30) - @5-5:30",1,0
1920,2026-05-29,"2026-05-27","Eggs - Dozen",1,6.5
1920,2026-05-29,"2026-05-27","Louise's Original Granola - Bag",1,10
1920,2026-05-29,"2026-05-27","Multigrain Bread - Frozen - Loaf",1,6.75
1920,2026-05-29,"2026-05-27","Pork - Ground  - Lb.",1,7.5
1920,2026-05-29,"2026-05-27","Yogurt - Vanilla - Oz.",1,7.1
1920,2026-05-29,"2026-05-27","Extra Credit - Each",0.6,1.06
1920,2026-05-29,"2026-05-27","Half",1,84.79
919,2026-05-29,"2026-05-27","Mothership Pickup Time (1.0 @3:30-4) - @3:30-4",1,0
919,2026-05-29,"2026-05-27","Bok Choy - Bag",1,5
919,2026-05-29,"2026-05-27","Chicken - Ground - Lb.",2,9
919,2026-05-29,"2026-05-27","Eggs - Dozen",1,6.5
919,2026-05-29,"2026-05-27","Pre-ordered plants are in - Pot",1,0
919,2026-05-29,"2026-05-27","Radishes - Purple Heart - Bunch",1,5.25
919,2026-05-29,"2026-05-27","Rice - White - Lb.",1,6.5
919,2026-05-29,"2026-05-27","Extra Credit - Each",4,1.06
919,2026-05-29,"2026-05-27","Half",1,84.79
1699,2026-05-29,"2026-05-27","Eggs - BW - Dozen",1,6.5
1699,2026-05-29,"2026-05-27","Pizza - Cheese  - Each",1,7.5
1699,2026-05-29,"2026-05-27","UCity Pickup Time (2.0 @5-5:30) - @5-5:30",1,0
1699,2026-05-29,"2026-05-27","Chicken Thighs - Boneless/lb. - lbs",1,10.85
1699,2026-05-29,"2026-05-27","Light and Mild - Wednesday - Loaf",1,8.25
1699,2026-05-29,"2026-05-27","Extra Credit - Each",2.1,1.06
1699,2026-05-29,"2026-05-27","UCA/KWA",1,79.79
1154,2026-05-29,"2026-05-27","Mothership Pickup Time (4.0 @5-5:30) - @5-5:30",1,0
1154,2026-05-29,"2026-05-27","Apple Sauce - Chunky - NS - Quart",1,7.75
1154,2026-05-29,"2026-05-27","Chicken - Breakfast Links - Each",1,10.5
1154,2026-05-29,"2026-05-27","Pizza Sauce - Jar",1,6.75
1154,2026-05-29,"2026-05-27","Extra Credit - Each",3,1.06
1154,2026-05-29,"2026-05-27","Mini",1,53.2
541,2026-05-29,"2026-05-27","UCity Pickup Time - @4:30-5",1,0
541,2026-05-29,"2026-05-27","Asparagus - Bunch",1,6.5
541,2026-05-29,"2026-05-27","Honey - Qt. - Jar",1,20.25
541,2026-05-29,"2026-05-27","Mushrooms - Choice",1,8
541,2026-05-29,"2026-05-27","Pre-ordered plants are in - Pot",1,0
541,2026-05-29,"2026-05-27","Radishes - Purple Heart - Bunch",1,5.25
541,2026-05-29,"2026-05-27","Extra Credit - Each",6.5,1.06
541,2026-05-29,"2026-05-27","UCA/KWA",1,79.79
1559,2026-05-29,"2026-05-27","UCity Pickup Time (3.0 @5:30-6) - @5:30-6",1,0
1559,2026-05-29,"2026-05-27","Arugula - Bag",1,4.25
1559,2026-05-29,"2026-05-27","Chevre PF (1.0 Plain) - Plain",1,8.5
1559,2026-05-29,"2026-05-27","Chicken Links - Lemon Pepper - Lb.",1,10.5
1559,2026-05-29,"2026-05-27","Garlic Scapes - Bag",1,4
1559,2026-05-29,"2026-05-27","Granola Bar - Each",1,3.8
1559,2026-05-29,"2026-05-27","Louise's Cocoa Brownie Crisp Granola - Bag",1,11.15
1559,2026-05-29,"2026-05-27","Peas - Sugar Snap - Share",1,4
1559,2026-05-29,"2026-05-27","Potatoes - New - Bag",1,5.75
1559,2026-05-29,"2026-05-27","Pre-ordered plants are in - Pot",1,0
1559,2026-05-29,"2026-05-27","Rhubarb - Bunch",1,9.5
1559,2026-05-29,"2026-05-27","Wild Cod/LB* - Pack",1,8.06
1559,2026-05-29,"2026-05-27","Extra Credit - Each",47.51,1.06
1559,2026-05-29,"2026-05-27","Mini",1,53.2
1098,2026-05-29,"2026-05-27","Eggs - BW - Dozen",2,6.5
1098,2026-05-29,"2026-05-27","Salsa - Black Bean & Corn - Pint",1,5
1098,2026-05-29,"2026-05-27","Stringbean Brazilian - Oz.",1,16
1098,2026-05-29,"2026-05-27","Pizza - Veggie  - Each",1,8.5
1098,2026-05-29,"2026-05-27","UCity Pickup Time - @4:30-5",1,0
1098,2026-05-29,"2026-05-27","Auction Donation - $",1,1
1098,2026-05-29,"2026-05-27","Bagels - Everything - Frozen - Bag",1,6.75
1098,2026-05-29,"2026-05-27","Chicken - Thighs /lbs  - lbs",1,8.76
1098,2026-05-29,"2026-05-27","Chicken Links - Chorizo - Lb.",1,10.5
1098,2026-05-29,"2026-05-27","Chicken Thighs - Boneless/lb. - lbs",1,10.33
1098,2026-05-29,"2026-05-27","Cucumbers - Slicing - Each",1,2
1098,2026-05-29,"2026-05-27","Mushrooms (1.0 Lion's Mane) - Lion's Mane",1,8
1098,2026-05-29,"2026-05-27","Oat Porridge Bread - Wednesday - Loaf",1,9
1098,2026-05-29,"2026-05-27","Rice - Basmati Brown - Lb.",1,7.5
1098,2026-05-29,"2026-05-27","Semolina - Wednesday - Loaf",1,7
1098,2026-05-29,"2026-05-27","Thick Cut Dill Pickles - Quart",1,7.75
1098,2026-05-29,"2026-05-27","Extra Credit - Each",81.34,1.06
1098,2026-05-29,"2026-05-27","Half",1,68.89
1098,2026-05-29,"2026-05-27","2% MILK-o",1,8.85
557,2026-05-29,"2026-05-27","Mothership Pickup Time (1.0 @3:30-4) - @3:30-4",1,0
557,2026-05-29,"2026-05-27","Asparagus - Bunch",1,6.5
557,2026-05-29,"2026-05-27","Eggs - Dozen",1,6.5
557,2026-05-29,"2026-05-27","Feta Cheese - HBC - Each",1,6.75
557,2026-05-29,"2026-05-27","Ground Beef - D&M - Lb.",1,10.5
557,2026-05-29,"2026-05-27","Rice - White - Lb.",1,6.5
557,2026-05-29,"2026-05-27","Extra Credit - Each",4.5,1.06
557,2026-05-29,"2026-05-27","FSA/FSD",1,79.79
750,2026-05-29,"2026-05-27","$ for green bags donation - $",1,1
750,2026-05-29,"2026-05-27","Beets - Red w/Tops - Bunch",2,5.25
750,2026-05-29,"2026-05-27","Cabbage - Green - Head",1,4.5
750,2026-05-29,"2026-05-27","Cucumbers - Slicing - Each",1,2
750,2026-05-29,"2026-05-27","Garlic Scapes - Bag",1,4
750,2026-05-29,"2026-05-27","Mushrooms - Chestnut - Bag",1,8
750,2026-05-29,"2026-05-27","Peas - Sugar Snap - Share",1,4
750,2026-05-29,"2026-05-27","Radishes - Bunch - Bunch",1,3.5
750,2026-05-29,"2026-05-27","Rhubarb - Bunch",2,9.5
750,2026-05-29,"2026-05-27","Shoots - Specialty Mix - Bag",1,4.5
750,2026-05-29,"2026-05-27","Squash - Zucchini - Each",1,2.5
750,2026-05-29,"2026-05-27","Swiss Chard - Bunch",1,5
750,2026-05-29,"2026-05-27","Extra Credit - Each",46.5,1.06
750,2026-05-29,"2026-05-27","Mini",1,53.2
1000,2026-05-29,"2026-05-27","Peanut Butter MC - Tub",1,7.75
1000,2026-05-29,"2026-05-27","Semolina - Wednesday - Loaf",1,7
1000,2026-05-29,"2026-05-27","Yogurt - Vanilla - Oz.",1,7.1
1000,2026-05-29,"2026-05-27","Mini",1,53.2
207,2026-05-29,"2026-05-27","Eggs - BW - Dozen",1,6.5
207,2026-05-29,"2026-05-27","Broccoli (1.0 Head) - Head",1,4.25
207,2026-05-29,"2026-05-27","Cauliflower - hd. - Head",1,6.5
207,2026-05-29,"2026-05-27","Cucumbers - Slicing - Each",1,2
207,2026-05-29,"2026-05-27","Lettuce - Bibb - Head",1,3.25
207,2026-05-29,"2026-05-27","Lettuce - Romaine Head - Head",1,5
207,2026-05-29,"2026-05-27","Light and Mild - Wednesday - Loaf",1,8.25
207,2026-05-29,"2026-05-27","Mushrooms (1.0 Shiitake) - Shiitake",1,8
207,2026-05-29,"2026-05-27","Peas - Shelling  - Oz.",1,4.25
207,2026-05-29,"2026-05-27","Peas - Sugar Snap - Share",1,4
207,2026-05-29,"2026-05-27","Potatoes - New - Bag",1,5.75
207,2026-05-29,"2026-05-27","Pre-ordered plants are in - Pot",1,0
207,2026-05-29,"2026-05-27","Spinach - Bag",1,5
207,2026-05-29,"2026-05-27","Extra Credit - Each",40.75,1.06
207,2026-05-29,"2026-05-27","Mini",1,53.2
100,2026-05-29,"2026-05-27","Mothership Pickup Time (3.0 @4:30-5) - @4:30-5",1,0
100,2026-05-29,"2026-05-27","Asparagus - Bunch",1,6.5
100,2026-05-29,"2026-05-27","Bacon - Each",1,13.5
100,2026-05-29,"2026-05-27","Pork Snack Sticks - Honey 4pk - Pack",1,10.3
100,2026-05-29,"2026-05-27","Extra Credit - Each",8.3,1.06
100,2026-05-29,"2026-05-27","Mini",1,53.2
99,2026-05-29,"2026-05-27","Chicken - BULK Breasts /lb. - Pack",1,50.49
99,2026-05-29,"2026-05-27","Mothership Pickup Time (4.0 @5-5:30) - @5-5:30",1,0
99,2026-05-29,"2026-05-27","Eggs - Dozen",1,6.5
99,2026-05-29,"2026-05-27","Maple Syrup 12 oz. - Jar",1,13
523,2026-05-29,"2026-05-27","Chicken - Links ($10.50) - Each",1,10.5
523,2026-05-29,"2026-05-27","Clean Plate Pantry Choice ($11.5) - Jar",1,11.5
523,2026-05-29,"2026-05-27","Mini",1,53.2
1923,2026-05-29,"2026-05-27","UCity Pickup Time - @4:30-5",1,0
1923,2026-05-29,"2026-05-27","Cucumbers - Slicing - Each",1,2
1923,2026-05-29,"2026-05-27","Eggs - Dozen",1,6.5
1923,2026-05-29,"2026-05-27","Janie's Bread - Wednesday - Each",1,7
1923,2026-05-29,"2026-05-27","Mushrooms - Choice",1,8
1923,2026-05-29,"2026-05-27","Peas - Sugar Snap - Share",1,4
1923,2026-05-29,"2026-05-27","Radishes - Bunch - Bunch",1,3.5
1923,2026-05-29,"2026-05-27","Shoots - Specialty Mix - Bag",1,4.5
1923,2026-05-29,"2026-05-27","Extra Credit - Each",4.5,1.06
1923,2026-05-29,"2026-05-27","UCA/KWA",1,79.79
1174,2026-05-29,"2026-05-27","Mothership Pickup Time (1.0 @3:30-4) - @3:30-4",1,0
1174,2026-05-29,"2026-05-27","Bagels - Pumpernickel - BU - Bag",1,11
1174,2026-05-29,"2026-05-27","Cucumbers - Slicing - Each",1,2
1174,2026-05-29,"2026-05-27","Eggs - Dozen",1,6.5
1174,2026-05-29,"2026-05-27","Mushrooms (1.0 Lion's Mane) - Lion's Mane",1,8
1174,2026-05-29,"2026-05-27","Mushrooms - Chestnut - Bag",1,8
1174,2026-05-29,"2026-05-27","Potatoes - New - Bag",1,5.75
1174,2026-05-29,"2026-05-27","Extra Credit - Each",4,1.06
1174,2026-05-29,"2026-05-27","Half",1,84.79
1879,2026-05-29,"2026-05-27","Mothership Pickup Time (3.0 @4:30-5) - @4:30-5",1,0
1879,2026-05-29,"2026-05-27","Chicken - Links ($10.50) - Each",1,10.5
1879,2026-05-29,"2026-05-27","Shakshuka Sauce - Jar",1,11.5
1879,2026-05-29,"2026-05-27","Mini",1,53.2
373,2026-05-29,"2026-05-27","UCity Pickup Time (3.0 @5:30-6) - @5:30-6",1,0
373,2026-05-29,"2026-05-27","Asparagus - Bunch",1,6.5
373,2026-05-29,"2026-05-27","Broccoli (1.0 Head) - Head",1,4.25
373,2026-05-29,"2026-05-27","Buttermilk Waffles Sourdough - Frozen - Pack",1,5
373,2026-05-29,"2026-05-27","Dark Chocolate Square  - Each",1,1.75
373,2026-05-29,"2026-05-27","Pizza Sourdough - Frozen - Pack",1,5
373,2026-05-29,"2026-05-27","Tortellini - Cheese - Lb.",1,9.15
373,2026-05-29,"2026-05-27","Extra Credit - Each",0.65,1.06
373,2026-05-29,"2026-05-27","UCA/KWA",1,79.79
1111,2026-05-29,"2026-05-27","Mothership Pickup Time (1.0 @3:30-4) - @3:30-4",1,0
1111,2026-05-29,"2026-05-27","Chicken Thighs - Boneless/lb. - lbs",1,10.15
1111,2026-05-29,"2026-05-27","Eggs - Dozen",1,6.5
1111,2026-05-29,"2026-05-27","Garlic Scapes - Bag",1,4
1111,2026-05-29,"2026-05-27","Ground Lamb  - Lb.",1,15
1111,2026-05-29,"2026-05-27","Pork - Ground  - Lb.",1,7.5
1111,2026-05-29,"2026-05-27","Extra Credit - Each",5.9,1.06
1111,2026-05-29,"2026-05-27","Half",1,84.79
1498,2026-05-29,"2026-05-27","UCity Pickup Time - @4:30-5",1,0
1498,2026-05-29,"2026-05-27","Auction Donation - $",1,1
1498,2026-05-29,"2026-05-27","Flank Steak/lbs. - lbs",1,56.28
1498,2026-05-29,"2026-05-27","Granola Bar - Each",1,3.8
1498,2026-05-29,"2026-05-27","Pre-ordered plants are in - Pot",1,0
1498,2026-05-29,"2026-05-27","Extra Credit - Each",39.08,1.06
1498,2026-05-29,"2026-05-27","Mini",1,53.2
526,2026-05-29,"2026-05-27","Milk - Chocolate - Oz.",1,9.39
526,2026-05-29,"2026-05-27","Eggs - Dozen",1,6.5
526,2026-05-29,"2026-05-27","Hoagie - Wednesday - Each",1,3.5
526,2026-05-29,"2026-05-27","Light and Mild - Wednesday - Loaf",1,8.25
526,2026-05-29,"2026-05-27","Pork - Tenderloin/lb - Lb.",1,17.15
526,2026-05-29,"2026-05-27","Extra Credit - Each",13.79,1.06
526,2026-05-29,"2026-05-27","UCA/KWA",1,79.79
42,2026-05-29,"2026-05-27","Ground Turkey - Pack",1,9
42,2026-05-29,"2026-05-27","UCity Pickup Time - @4:30-5",1,0
42,2026-05-29,"2026-05-27","Beef Kabob Meat - Lb.",1,12.75
42,2026-05-29,"2026-05-27","Chicken Thighs - Boneless/lb. - lbs",1,10.68
42,2026-05-29,"2026-05-27","Dark Bar 61% - Package",1,3
42,2026-05-29,"2026-05-27","Dark Bar 72% - Package",1,3
42,2026-05-29,"2026-05-27","Marinara Sauce - Jar",1,8.75
42,2026-05-29,"2026-05-27","Extra Credit - Each",16.18,1.06
42,2026-05-29,"2026-05-27","UCA/KWA",1,79.79
1030,2026-05-29,"2026-05-27","Stringbean Brazilian - Oz.",1,16
1030,2026-05-29,"2026-05-27","UCity Pickup Time (2.0 @5-5:30) - @5-5:30",1,0
1030,2026-05-29,"2026-05-27","Bagels - Blueberry - BU - Bag",1,11
1030,2026-05-29,"2026-05-27","Bagels - Poppy Seed - BU - Bag",1,11
1030,2026-05-29,"2026-05-27","Eggs - Dozen",1,6.5
1030,2026-05-29,"2026-05-27","Janie's Bread - Wednesday - Each",1,7
1030,2026-05-29,"2026-05-27","Yogurt - Plain - Oz.",1,7.1
1030,2026-05-29,"2026-05-27","Extra Credit - Each",27.6,1.06
1030,2026-05-29,"2026-05-27","UCA/KWA",1,79.79
145,2026-05-29,"2026-05-27","Mothership Pickup Time (1.0 @3:30-4) - @3:30-4",1,0
145,2026-05-29,"2026-05-27","Asparagus - Bunch",1,6.5
145,2026-05-29,"2026-05-27","Oats - Rolled 5# - Bag",1,12.25
145,2026-05-29,"2026-05-27","Peas - Sugar Snap - Share",1,4
145,2026-05-29,"2026-05-27","Extra Credit - Each",0.75,1.06
145,2026-05-29,"2026-05-27","Mini",1,53.2
863,2026-05-29,"2026-05-27","Mothership Pickup Time (6.0 @6-6:30) - @6-6:30",1,0
863,2026-05-29,"2026-05-27","Eggs - Dozen",1,6.5
863,2026-05-29,"2026-05-27","Ground Beef - D&M - Lb.",1,10.5
863,2026-05-29,"2026-05-27","Olive Oil Small - ML",1,8.5
863,2026-05-29,"2026-05-27","Queso Quesadilla - HBC - Each",1,6.75
863,2026-05-29,"2026-05-27","FSA/FSD",1,79.79
911,2026-05-29,"2026-05-27","UCity Pickup Time (2.0 @5-5:30) - @5-5:30",1,0
911,2026-05-29,"2026-05-27","Asparagus - Bunch",2,6.5
911,2026-05-29,"2026-05-27","Bagels - Raisin - Bag",1,6.75
911,2026-05-29,"2026-05-27","Rhubarb - Bunch",2,9.5
911,2026-05-29,"2026-05-27","Rice - Basmati Brown - Lb.",1,7.5
911,2026-05-29,"2026-05-27","Rice - Basmati White - Lb.",1,7.5
911,2026-05-29,"2026-05-27","Rice - White - Lb.",1,6.5
911,2026-05-29,"2026-05-27","Sourdough Bread - Frozen - Lb.",1,6.75
911,2026-05-29,"2026-05-27","Extra Credit - Each",29.75,1.06
911,2026-05-29,"2026-05-27","Half",1,68.89
962,2026-05-29,"2026-05-27","Eggs - BW - Dozen",1,6.5
962,2026-05-29,"2026-05-27","Mothership Pickup Time (5.0 @5:30-6) - @5:30-6",1,0
962,2026-05-29,"2026-05-27","Cucumbers - Slicing - Each",1,2
962,2026-05-29,"2026-05-27","English Muffin Sourdough - Frozen - Pack",1,5
962,2026-05-29,"2026-05-27","Hummus - Garlic - Tub",1,6.75
962,2026-05-29,"2026-05-27","Mushrooms - Chestnut - Bag",1,8
962,2026-05-29,"2026-05-27","Onions - Green - Bunch",1,3.5
962,2026-05-29,"2026-05-27","Wild Cod/LB* - Pack",1,8.75
962,2026-05-29,"2026-05-27","Extra Credit - Each",3.25,1.06
962,2026-05-29,"2026-05-27","Half",1,84.79
125,2026-05-29,"2026-05-27","Arugula - Bag",1,4.25
125,2026-05-29,"2026-05-27","Asparagus - Bunch",2,6.5
125,2026-05-29,"2026-05-27","Eggs - H - Dozen",1,6.5
125,2026-05-29,"2026-05-27","Granola Bar - Each",2,3.8
125,2026-05-29,"2026-05-27","Rhubarb - Bunch",1,9.5
125,2026-05-29,"2026-05-27","Shoots - Pea - Bag",1,4.25
125,2026-05-29,"2026-05-27","Swiss Chard - Bunch",2,5
125,2026-05-29,"2026-05-27","Extra Credit - Each",24.1,1.06
125,2026-05-29,"2026-05-27","UCA/KWA",1,79.79
1336,2026-05-29,"2026-05-27","UCity Pickup Time (2.0 @5-5:30) - @5-5:30",1,0
1336,2026-05-29,"2026-05-27","$ for green bags donation - $",1,1
1336,2026-05-29,"2026-05-27","Asparagus - Bunch",1,6.5
1336,2026-05-29,"2026-05-27","Bagels - Blueberry - BU - Bag",1,11
1336,2026-05-29,"2026-05-27","Bagels - Plain - BU - Bag",1,11
1336,2026-05-29,"2026-05-27","Chicken - Ground - Lb.",1,9
1336,2026-05-29,"2026-05-27","Cucumbers - Slicing - Each",1,2
1336,2026-05-29,"2026-05-27","Hoagie - Wednesday - Each",1,3.5
1336,2026-05-29,"2026-05-27","Lettuce - Bibb - Head",1,3.25
1336,2026-05-29,"2026-05-27","Lettuce - Romaine Head - Head",1,5
1336,2026-05-29,"2026-05-27","Louise's Original Granola - Bag",1,10
1336,2026-05-29,"2026-05-27","Potatoes - New - Bag",2,5.75
1336,2026-05-29,"2026-05-27","Sourdough Bread - Frozen - Lb.",1,6.75
1336,2026-05-29,"2026-05-27","Extra Credit - Each",80.5,1.06
1512,2026-05-29,"2026-05-27","UCity Pickup Time (3.0 @5:30-6) - @5:30-6",1,0
1512,2026-05-29,"2026-05-27","Arugula - Bag",1,4.25
1512,2026-05-29,"2026-05-27","Black Pepper Cheddar - Each",1,6.75
1512,2026-05-29,"2026-05-27","Cauliflower - hd. - Head",1,6.5
1512,2026-05-29,"2026-05-27","Mushrooms - Choice",1,8
1512,2026-05-29,"2026-05-27","Queso Quesadilla - HBC - Each",1,6.75
1512,2026-05-29,"2026-05-27","Rice - Basmati White - Lb.",1,7.5
1512,2026-05-29,"2026-05-27","Extra Credit - Each",2.5,1.06
1512,2026-05-29,"2026-05-27","Half",1,68.89
356,2026-05-29,"2026-05-27","UCity Pickup Time - @4:30-5",1,0
356,2026-05-29,"2026-05-27","Chicken - Breakfast - Pack",1,10.5
356,2026-05-29,"2026-05-27","Chicken Breasts /lb. - Pack",1,14.79
356,2026-05-29,"2026-05-27","Pizza Sourdough - Frozen - Pack",1,5
356,2026-05-29,"2026-05-27","Extra Credit - Each",8.29,1.06
356,2026-05-29,"2026-05-27","Mini",1,53.2
520,2026-05-29,"2026-05-27","Arugula - Bag",1,4.25
520,2026-05-29,"2026-05-27","Garlic Scapes - Bag",2,4
520,2026-05-29,"2026-05-27","Lettuce - Salanova - Bag",1,4.25
520,2026-05-29,"2026-05-27","Onions - Green - Bunch",1,3.5
520,2026-05-29,"2026-05-27","Peas - Sugar Snap - Share",1,4
520,2026-05-29,"2026-05-27","Rice - Basmati White - Lb.",1,7.5
520,2026-05-29,"2026-05-27","Extra Credit - Each",4.5,1.06
520,2026-05-29,"2026-05-27","Mini",1,53.2
520,2026-05-29,"2026-05-27","Whole MILK",1,8.85
156,2026-05-29,"2026-05-27","Mothership Pickup Time (4.0 @5-5:30) - @5-5:30",1,0
156,2026-05-29,"2026-05-27","Food For FS Cats Donation - $",1,1
156,2026-05-29,"2026-05-27","Lettuce - Bibb - Head",1,3.25
156,2026-05-29,"2026-05-27","Louise's Original Granola - Bag",1,10
156,2026-05-29,"2026-05-27","Marbled Rye -Wednesday - Loaf",1,8.75
156,2026-05-29,"2026-05-27","Mushrooms - Choice",1,8
156,2026-05-29,"2026-05-27","Pork - Brats Cheddar DM - 4-pack",1,8
156,2026-05-29,"2026-05-27","Radishes - Bunch - Bunch",1,3.5
156,2026-05-29,"2026-05-27","Shoots - Specialty Mix - Bag",1,4.5
156,2026-05-29,"2026-05-27","Extra Credit - Each",9.75,1.06
156,2026-05-29,"2026-05-27","Half",1,84.79
709,2026-05-29,"2026-05-27","Eggs - BW - Dozen",1,6.5
709,2026-05-29,"2026-05-27","Asparagus - Bunch",1,6.5
709,2026-05-29,"2026-05-27","Beets - Red w/Tops - Bunch",1,5.25
709,2026-05-29,"2026-05-27","Cucumbers - Slicing - Each",1,2
709,2026-05-29,"2026-05-27","Eggs - Dozen",1,6.5
709,2026-05-29,"2026-05-27","Lettuce Mix - Bag",1,4.5
709,2026-05-29,"2026-05-27","Pre-ordered plants are in - Pot",1,0
709,2026-05-29,"2026-05-27","FSA/FSD",1,79.79
709,2026-05-29,"2026-05-27","Whole MILK",1,8.85
1355,2026-05-29,"2026-05-27","Eggs - Dozen",1,6.5
1355,2026-05-29,"2026-05-27","Marinara Sauce - Jar",1,8.75
1355,2026-05-29,"2026-05-27","Mushrooms - Choice",1,8
1355,2026-05-29,"2026-05-27","Pasta Wildcard $6.50 - Pack",1,6.5
1355,2026-05-29,"2026-05-27","Pork - Ground  - Lb.",1,7.5
1355,2026-05-29,"2026-05-27","Half",1,84.79
1355,2026-05-29,"2026-05-27","Eggs - Buttonwood",3,6.65
1355,2026-05-29,"2026-05-27","Ground Chicken -o",7,8.84
1355,2026-05-29,"2026-05-27","Whole MILK-o",1,8.85
1272,2026-05-29,"2026-05-27","Salsa - Black Bean & Corn - Pint",1,5
1272,2026-05-29,"2026-05-27","Mothership Pickup Time (3.0 @4:30-5) - @4:30-5",1,0
1272,2026-05-29,"2026-05-27","Apple Sauce - w/sugar - qt. - Jar",1,7.75
1272,2026-05-29,"2026-05-27","Asparagus - Bunch",1,6.5
1272,2026-05-29,"2026-05-27","Cucumbers - Slicing - Each",1,2
1272,2026-05-29,"2026-05-27","Olive Oil Large - Bottle",1,18.5
1272,2026-05-29,"2026-05-27","Extra Credit - Each",2.5,1.06
1272,2026-05-29,"2026-05-27","Half",1,84.79
598,2026-05-29,"2026-05-27","Chicken - Links ($10.50) - Each",1,10.5
598,2026-05-29,"2026-05-27","Clean Plate Pantry Choice ($11.5) - Jar",1,11.5
598,2026-05-29,"2026-05-27","Mini",1,53.2
1707,2026-05-29,"2026-05-27","Jam - Strawberry HBY - Pint",1,7
1707,2026-05-29,"2026-05-27","Mothership Pickup Time (1.0 @3:30-4) - @3:30-4",1,0
1707,2026-05-29,"2026-05-27","Aged Cheddar - HBC - Each",1,6.75
1707,2026-05-29,"2026-05-27","Buttermilk Waffles Sourdough - Frozen - Pack",1,5
1707,2026-05-29,"2026-05-27","Hoagie - Wednesday - Each",1,3.5
1707,2026-05-29,"2026-05-27","Peas - Sugar Snap - Share",1,4
1707,2026-05-29,"2026-05-27","Extra Credit - Each",4.25,1.06
1707,2026-05-29,"2026-05-27","Mini",1,53.2
423,2026-05-29,"2026-05-27","Pizza - Sausage Pepperoni - Each",1,8.5
423,2026-05-29,"2026-05-27","Mothership Pickup Time (6.0 @6-6:30) - @6-6:30",1,0
423,2026-05-29,"2026-05-27","Asparagus - Bunch",1,6.5
423,2026-05-29,"2026-05-27","Cinnamon Rolls - Pack",1,6.75
423,2026-05-29,"2026-05-27","Eggs - Dozen",1,6.5
423,2026-05-29,"2026-05-27","Escarole - Head",1,2.25
423,2026-05-29,"2026-05-27","Garlic Scapes - Bag",2,4
423,2026-05-29,"2026-05-27","Ground Beef - D&M - Lb.",1,10.5
423,2026-05-29,"2026-05-27","Yogurt - Vanilla - Oz.",1,7.1
423,2026-05-29,"2026-05-27","Extra Credit - Each",23.85,1.06
423,2026-05-29,"2026-05-27","FSA/FSD",1,79.79
1459,2026-05-29,"2026-05-27","Mothership Pickup Time (3.0 @4:30-5) - @4:30-5",1,0
1459,2026-05-29,"2026-05-27","Cucumbers - Slicing - Each",1,2
1459,2026-05-29,"2026-05-27","Eggs - Dozen",1,6.5
1459,2026-05-29,"2026-05-27","Lamb Gyro w/ Feta & Spinach - Lb.",1,18
1459,2026-05-29,"2026-05-27","Marinara Sauce - Jar",1,8.75
1459,2026-05-29,"2026-05-27","Mushrooms - Choice",1,8
1459,2026-05-29,"2026-05-27","Mushrooms - French Horn/King - Bag",1,8
1459,2026-05-29,"2026-05-27","Extra Credit - Each",14,1.06
1459,2026-05-29,"2026-05-27","Half",1,84.79
439,2026-05-29,"2026-05-27","Mothership Pickup Time (1.0 @3:30-4) - @3:30-4",1,0
439,2026-05-29,"2026-05-27","Chicken - Links ($10.50) - Each",1,10.5
439,2026-05-29,"2026-05-27","Honey - Wildflower - Bottle",1,11.5
439,2026-05-29,"2026-05-27","Mini",1,53.2
1627,2026-05-29,"2026-05-27","Mothership Pickup Time (2.0 @4-4:30) - @4-4:30",1,0
1627,2026-05-29,"2026-05-27","Cinnamon Rolls - Pack",1,6.75
1627,2026-05-29,"2026-05-27","Eggs - Dozen",1,6.5
1627,2026-05-29,"2026-05-27","Ground Beef - D&M - Lb.",1,10.5
1627,2026-05-29,"2026-05-27","Hoagie - Wednesday - Each",1,3.5
1627,2026-05-29,"2026-05-27","Plant - Basil Italian - Pot",1,4.5
1627,2026-05-29,"2026-05-27","Plant - English Thyme - Pot",1,4.5
1627,2026-05-29,"2026-05-27","Tortellini - Cheese - Lb.",1,9.15
1627,2026-05-29,"2026-05-27","Extra Credit - Each",13.15,1.06
1627,2026-05-29,"2026-05-27","FSA/FSD",1,79.79
322,2026-05-29,"2026-05-27","Chicken - Big Bag Deboned Thighs/lb. - Bag",1,40.59
322,2026-05-29,"2026-05-27","Ground Turkey - Pack",1,9
322,2026-05-29,"2026-05-27","Eggs - Dozen",1,6.5
322,2026-05-29,"2026-05-27","Marshmallow Pie - Each",1,7.5
322,2026-05-29,"2026-05-27","Extra Credit - Each",32.59,1.06
322,2026-05-29,"2026-05-27","UCA/KWA",1,79.79
681,2026-05-29,"2026-05-27","Ground Turkey - Pack",1,9
681,2026-05-29,"2026-05-27","Applewood Smoked Cheddar - Each",1,6.5
681,2026-05-29,"2026-05-27","Cucumbers - Slicing - Each",1,2
681,2026-05-29,"2026-05-27","Eggs - Dozen",1,6.5
681,2026-05-29,"2026-05-27","Mushrooms - Chestnut - Bag",1,8
681,2026-05-29,"2026-05-27","Extra Credit - Each",1,1.06
681,2026-05-29,"2026-05-27","UCA/KWA",1,79.79
1453,2026-05-29,"2026-05-27","Mothership Pickup Time (1.0 @3:30-4) - @3:30-4",1,0
1453,2026-05-29,"2026-05-27","Asparagus - Bunch",1,6.5
1453,2026-05-29,"2026-05-27","Chicken - Ground - Lb.",1,9
1453,2026-05-29,"2026-05-27","Yogurt - Plain - Oz.",1,7.1
1453,2026-05-29,"2026-05-27","Mini",1,53.2
1453,2026-05-29,"2026-05-27","Whole MILK",1,8.85
430,2026-05-29,"2026-05-27","UCity Pickup Time - @4:30-5",1,0
430,2026-05-29,"2026-05-27","Buttermilk - Qt.  - Quart",1,6.5
430,2026-05-29,"2026-05-27","Bagels - Sesame Seed - BU - Bag",1,11
430,2026-05-29,"2026-05-27","Beef - Stew Meat - Pack",1,10.5
430,2026-05-29,"2026-05-27","Chevre PF (1.0 Plain) - Plain",1,8.5
430,2026-05-29,"2026-05-27","Eggs - Dozen",1,6.5
430,2026-05-29,"2026-05-27","Lamb Gyro Seasoned - Lb.",1,18
430,2026-05-29,"2026-05-27","Marinara Sauce - Jar",1,8.75
430,2026-05-29,"2026-05-27","Pasta Long Bi-color - Lb.",1,6.5
430,2026-05-29,"2026-05-27","Sesame Hoagie -W - Each",1,3.8
430,2026-05-29,"2026-05-27","Extra Credit - Each",42.8,1.06
430,2026-05-29,"2026-05-27","Half",1,84.79
1474,2026-05-29,"2026-05-27","Bagels - Honey Buckwheat - BU - Bag",1,11
1474,2026-05-29,"2026-05-27","Peas - Shelling  - Oz.",1,4.25
1474,2026-05-29,"2026-05-27","Pink Sauce - Oz.",1,8.75
1474,2026-05-29,"2026-05-27","Pre-ordered plants are in - Pot",1,0
1474,2026-05-29,"2026-05-27","Extra Credit - Each",2,1.06
1474,2026-05-29,"2026-05-27","Mini",1,53.2
1048,2026-05-29,"2026-05-27","UCity Pickup Time (3.0 @5:30-6) - @5:30-6",1,0
1048,2026-05-29,"2026-05-27","Asparagus - Bunch",1,6.5
1048,2026-05-29,"2026-05-27","Broccoli (1.0 Head) - Head",1,4.25
1048,2026-05-29,"2026-05-27","Cabbage - Green - Head",1,4.5
1048,2026-05-29,"2026-05-27","Cucumbers - Slicing - Each",2,2
1048,2026-05-29,"2026-05-27","Peas - Shelling  - Oz.",1,4.25
1048,2026-05-29,"2026-05-27","Pre-ordered plants are in - Pot",1,0
1048,2026-05-29,"2026-05-27","Rhubarb - Bunch",1,9.5
1048,2026-05-29,"2026-05-27","Extra Credit - Each",2,1.06
1048,2026-05-29,"2026-05-27","UCA/KWA",1,79.79
1255,2026-05-29,"2026-05-27","Eggs - BW - Dozen",1,6.5
1255,2026-05-29,"2026-05-27","Mothership Pickup Time (3.0 @4:30-5) - @4:30-5",1,0
1255,2026-05-29,"2026-05-27","Chicken Links - Sundried Tomato - lbs",1,10.5
1255,2026-05-29,"2026-05-27","Peas - Sugar Snap - Share",1,4
1255,2026-05-29,"2026-05-27","Radishes - Bunch - Bunch",1,3.5
1255,2026-05-29,"2026-05-27","Spinach - Bag",1,5
1255,2026-05-29,"2026-05-27","Yogurt - Plain - Oz.",1,7.1
1255,2026-05-29,"2026-05-27","Extra Credit - Each",12.1,1.06
1255,2026-05-29,"2026-05-27","Mini",1,53.2
1255,2026-05-29,"2026-05-27","2% MILK",1,8.85
1255,2026-05-29,"2026-05-27","Half & Half",1,5.05
1162,2026-05-29,"2026-05-27","Chicken - Links ($10.50) - Each",1,10.5
1162,2026-05-29,"2026-05-27","Clean Plate Pantry Choice ($11.5) - Jar",1,11.5
1162,2026-05-29,"2026-05-27","Mini",1,53.2
162,2026-05-29,"2026-05-27","UCity Pickup Time (3.0 @5:30-6) - @5:30-6",1,0
162,2026-05-29,"2026-05-27","Eggs - Dozen",1,6.5
162,2026-05-29,"2026-05-27","Light and Mild - Wednesday - Loaf",1,8.25
162,2026-05-29,"2026-05-27","Mushrooms - Choice",1,8
162,2026-05-29,"2026-05-27","Pasta Wildcard $6.50 - Pack",1,6.5
162,2026-05-29,"2026-05-27","Pork - Ground  - Lb.",1,7.5
162,2026-05-29,"2026-05-27","Rhubarb - Bunch",2,9.5
162,2026-05-29,"2026-05-27","Extra Credit - Each",18.5,1.06
162,2026-05-29,"2026-05-27","Half",1,84.79
1735,2026-05-29,"2026-05-27","UCity Pickup Time - @4:30-5",1,0
1735,2026-05-29,"2026-05-27","Aged Cheddar - HBC - Each",1,6.75
1735,2026-05-29,"2026-05-27","Eggs - Dozen",1,6.5
1735,2026-05-29,"2026-05-27","Marshmallow Pie - Each",1,7.5
1735,2026-05-29,"2026-05-27","Mushrooms (1.0 Shiitake) - Shiitake",1,8
1735,2026-05-29,"2026-05-27","Pre-ordered plants are in - Pot",1,0
1735,2026-05-29,"2026-05-27","Queso Quesadilla - HBC - Each",1,6.75
1735,2026-05-29,"2026-05-27","Extra Credit - Each",4.5,1.06
1735,2026-05-29,"2026-05-27","UCA/KWA",1,79.79
1534,2026-05-29,"2026-05-27","Black Beans DC - Tub",1,6.5
1534,2026-05-29,"2026-05-27","Cucumbers - Slicing - Each",1,2
1534,2026-05-29,"2026-05-27","Eggs - Dozen",1,6.5
1534,2026-05-29,"2026-05-27","Garlic Scapes - Bag",1,4
1534,2026-05-29,"2026-05-27","Granola Bar - Each",4,3.8
1534,2026-05-29,"2026-05-27","Lasagna (1.0 Spinach) - Spinach",1,15
1534,2026-05-29,"2026-05-27","Marinara Sauce - Jar",1,8.75
1534,2026-05-29,"2026-05-27","Squash - Zucchini - Each",1,2.5
1534,2026-05-29,"2026-05-27","Tortellini - Mushroom - Lb.",1,9.15
1534,2026-05-29,"2026-05-27","Extra Credit - Each",32.35,1.06
1534,2026-05-29,"2026-05-27","Half",1,84.79
1534,2026-05-29,"2026-05-27","Whole MILK-o",1,8.85
384,2026-05-29,"2026-05-27","UCity Pickup Time - @4:30-5",1,0
384,2026-05-29,"2026-05-27","Arugula - Bag",1,4.25
384,2026-05-29,"2026-05-27","Cucumbers - Slicing - Each",2,2
384,2026-05-29,"2026-05-27","Eggs - Dozen",1,6.5
384,2026-05-29,"2026-05-27","Hummus - Beet & Pepita - Tub",1,6.75
384,2026-05-29,"2026-05-27","Pre-ordered plants are in - Pot",1,0
384,2026-05-29,"2026-05-27","Ravioli - 4-Cheese - Lb.",1,9.15
384,2026-05-29,"2026-05-27","Yogurt - Plain - Oz.",1,7.1
384,2026-05-29,"2026-05-27","Extra Credit - Each",0.5,1.06
384,2026-05-29,"2026-05-27","Half",1,84.79
384,2026-05-29,"2026-05-27","2% MILK-o",1,8.85
554,2026-05-29,"2026-05-27","Eggs - Dozen",1,6.5
554,2026-05-29,"2026-05-27","Marinara Sauce - Jar",1,8.75
554,2026-05-29,"2026-05-27","Mushrooms - Choice",1,8
554,2026-05-29,"2026-05-27","Pasta Wildcard $6.50 - Pack",1,6.5
554,2026-05-29,"2026-05-27","Pork - Ground  - Lb.",1,7.5
554,2026-05-29,"2026-05-27","Half",1,84.79
754,2026-05-29,"2026-05-27","Mothership Pickup Time (3.0 @4:30-5) - @4:30-5",1,0
754,2026-05-29,"2026-05-27","Applewood Smoked Cheddar - Each",1,6.5
754,2026-05-29,"2026-05-27","Bok Choy - Bag",1,5
754,2026-05-29,"2026-05-27","Eggs - Dozen",1,6.5
754,2026-05-29,"2026-05-27","Garlic Scapes - Bag",1,4
754,2026-05-29,"2026-05-27","Hummus - Carrot & Ginger - Tub",1,6.75
754,2026-05-29,"2026-05-27","Pork - Ground  - Lb.",1,7.5
754,2026-05-29,"2026-05-27","Radishes - Purple Heart - Bunch",1,5.25
754,2026-05-29,"2026-05-27","Extra Credit - Each",4.25,1.06
754,2026-05-29,"2026-05-27","Half",1,79.79
240,2026-05-29,"2026-05-27","Cheese Choice $6.75 - Each",1,6.75
240,2026-05-29,"2026-05-27","Eggs - Dozen",1,6.5
240,2026-05-29,"2026-05-27","Ground Beef - D&M - Lb.",1,10.5
240,2026-05-29,"2026-05-27","Olive Oil Small - ML",1,8.5
240,2026-05-29,"2026-05-27","FSA/FSD",1,79.79
952,2026-05-29,"2026-05-27","Dates - Oz.",1,10
952,2026-05-29,"2026-05-27","Pizza - Deluxe - Each",1,8.5
952,2026-05-29,"2026-05-27","Pizza - Tomato Basil Garlic  - Each",1,8.5
952,2026-05-29,"2026-05-27","Mothership Pickup Time (4.0 @5-5:30) - @5-5:30",1,0
952,2026-05-29,"2026-05-27","Eggs - Dozen",1,6.5
952,2026-05-29,"2026-05-27","English Muffin Sourdough - Frozen - Pack",1,5
952,2026-05-29,"2026-05-27","Ground Beef - D&M - Lb.",1,10.5
952,2026-05-29,"2026-05-27","Semolina - Wednesday - Loaf",1,7
952,2026-05-29,"2026-05-27","Extra Credit - Each",23.75,1.06
952,2026-05-29,"2026-05-27","FSA/FSD",1,79.79
1143,2026-05-29,"2026-05-27","UCity Pickup Time - @4:30-5",1,0
1143,2026-05-29,"2026-05-27","Bagel Chips - Bag",1,9.75
1143,2026-05-29,"2026-05-27","Dark Chocolate Caramels - Pack",1,12
1143,2026-05-29,"2026-05-27","Hummus - Carrot & Ginger - Tub",1,6.75
1143,2026-05-29,"2026-05-27","White Rice Cooked - Lb.",1,3
1143,2026-05-29,"2026-05-27","Extra Credit - Each",0.5,1.06
1143,2026-05-29,"2026-05-27","UCA/KWA",1,79.79
244,2026-05-29,"2026-05-27","UCity Pickup Time (2.0 @5-5:30) - @5-5:30",1,0
244,2026-05-29,"2026-05-27","Eggs - Dozen",1,6.5
244,2026-05-29,"2026-05-27","Garlic Scapes - Bag",1,4
244,2026-05-29,"2026-05-27","Pasta Bi-color Short - Lb.",1,6.5
244,2026-05-29,"2026-05-27","Pizza Sourdough - Frozen - Pack",1,5
244,2026-05-29,"2026-05-27","Yogurt - Plain - Oz.",1,7.1
244,2026-05-29,"2026-05-27","UCA/KWA",1,79.79
1689,2026-05-29,"2026-05-27","Walnuts - Oz.",1,6.75
1689,2026-05-29,"2026-05-27","UCity Pickup Time - @4:30-5",1,0
1689,2026-05-29,"2026-05-27","Cauliflower - hd. - Head",1,6.5
1689,2026-05-29,"2026-05-27","Granola Bar - Each",2,3.8
1689,2026-05-29,"2026-05-27","Radishes - Purple Heart - Bunch",1,5.25
1689,2026-05-29,"2026-05-27","Shoots - Broccoli - Bag",1,4.25
1689,2026-05-29,"2026-05-27","Swiss Chard - Bunch",1,5
1689,2026-05-29,"2026-05-27","Extra Credit - Each",13.35,1.06
1689,2026-05-29,"2026-05-27","Mini",1,53.2
418,2026-05-29,"2026-05-27","Milk - 2%  - Oz.",1,8.32
418,2026-05-29,"2026-05-27","UCity Pickup Time - @4:30-5",1,0
418,2026-05-29,"2026-05-27","Bagels - Sesame Seed - BU - Bag",1,11
418,2026-05-29,"2026-05-27","Cinnamon Rolls - Pack",1,6.75
418,2026-05-29,"2026-05-27","Eggs - H - Dozen",1,6.5
418,2026-05-29,"2026-05-27","Janie's Bread - Wednesday - Each",1,7
418,2026-05-29,"2026-05-27","Marbled Rye -Wednesday - Loaf",1,8.75
418,2026-05-29,"2026-05-27","Pre-ordered plants are in - Pot",1,0
418,2026-05-29,"2026-05-27","Extra Credit - Each",23.82,1.06
418,2026-05-29,"2026-05-27","Mini",1,53.2
1506,2026-05-29,"2026-05-27","UCity Pickup Time - @4:30-5",1,0
1506,2026-05-29,"2026-05-27","Aged Cheddar - HBC - Each",1,6.75
1506,2026-05-29,"2026-05-27","Bok Choy - Bag",1,5
1506,2026-05-29,"2026-05-27","Dark Chocolate Salted Bark - Pack",1,7.5
1506,2026-05-29,"2026-05-27","Eggs - Dozen",1,6.5
1506,2026-05-29,"2026-05-27","Flank Steak/lbs. - lbs",1,28.98
1506,2026-05-29,"2026-05-27","Ground Beef - D&M - Lb.",3,10.5
1506,2026-05-29,"2026-05-27","Milk Choc. Peanut Butter Bark - Pack",1,7.5
1506,2026-05-29,"2026-05-27","Extra Credit - Each",62.73,1.06
1506,2026-05-29,"2026-05-27","UCA/KWA",1,79.79
883,2026-05-29,"2026-05-27","Mothership Pickup Time (6.0 @6-6:30) - @6-6:30",1,0
883,2026-05-29,"2026-05-27","Cauliflower - hd. - Head",1,6.5
883,2026-05-29,"2026-05-27","Chicken Breasts /lb. - Pack",1,12.92
883,2026-05-29,"2026-05-27","Garlic Scapes - Bag",1,4
883,2026-05-29,"2026-05-27","Lettuce Mix - Bag",1,4.5
883,2026-05-29,"2026-05-27","Extra Credit - Each",5.92,1.06
883,2026-05-29,"2026-05-27","Mini",1,53.2
1871,2026-05-29,"2026-05-28","Mothership Pickup Time (2.0 @4-4:30) - @4-4:30",1,0
1871,2026-05-29,"2026-05-28","Bacon - Each",1,13.5
1871,2026-05-29,"2026-05-28","Chicken Thighs - Boneless/lb. - lbs",1,9.45
1871,2026-05-29,"2026-05-28","Eggs - Dozen",1,6.5
1871,2026-05-29,"2026-05-28","Honey - Pint - Jar",1,11.5
1871,2026-05-29,"2026-05-28","Mushrooms - Choice",1,8
1871,2026-05-29,"2026-05-28","Pork - Ground  - Lb.",1,7.5
1871,2026-05-29,"2026-05-28","Extra Credit - Each",19.2,1.06
1871,2026-05-29,"2026-05-28","Half",1,84.79
1217,2026-05-29,"2026-05-28","Eggs - BW - Dozen",1,6.5
1217,2026-05-29,"2026-05-28","Kirkwood Pickup Time (2.0 @1:30-2) - @1:30-2",1,0
1217,2026-05-29,"2026-05-28","Meatballs D&M - Package",1,14.5
1217,2026-05-29,"2026-05-28","Mustard (1.0 Onion) - Onion",1,6.25
1217,2026-05-29,"2026-05-28","Extra Credit - Each",5.25,1.06
1217,2026-05-29,"2026-05-28","Mini",1,53.2
1891,2026-05-29,"2026-05-28","Kirkwood Pickup Time (2.0 @1:30-2) - @1:30-2",1,0
1891,2026-05-29,"2026-05-28","Mushrooms (1.0 Shiitake) - Shiitake",1,8
1891,2026-05-29,"2026-05-28","Mushrooms - Hen of the Woods/Maitake - Bag",1,8
1891,2026-05-29,"2026-05-28","Ravioli - 4-Cheese - Lb.",2,9.15
1891,2026-05-29,"2026-05-28","Extra Credit - Each",3.3,1.06
1891,2026-05-29,"2026-05-28","UCA/KWA",1,79.79
192,2026-05-29,"2026-05-28","Kirkwood Pickup Time (2.0 @1:30-2) - @1:30-2",1,0
192,2026-05-29,"2026-05-28","Eggs - Dozen",1,6.5
192,2026-05-29,"2026-05-28","Hoagie - T - Each",1,3.5
192,2026-05-29,"2026-05-28","Maple Syrup 12 oz. - Jar",1,13
192,2026-05-29,"2026-05-28","Mini",1,53.2
192,2026-05-29,"2026-05-28","2% MILK",2,8.85
1977,2026-05-29,"2026-05-28","Mothership Pickup Time (1.0 @3:30-4) - @3:30-4",1,0
1977,2026-05-29,"2026-05-28","Dark Chocolate Square  - Each",1,1.75
1977,2026-05-29,"2026-05-28","Eggs - Dozen",1,6.5
1977,2026-05-29,"2026-05-28","Ground Beef - D&M - Lb.",3,10.5
1977,2026-05-29,"2026-05-28","Extra Credit - Each",2.5,1.06
1977,2026-05-29,"2026-05-28","Half",1,84.79
208,2026-05-29,"2026-05-28","Eggs - Dozen",1,6.5
208,2026-05-29,"2026-05-28","Marinara Sauce - Jar",1,8.75
208,2026-05-29,"2026-05-28","Mushrooms - Choice",1,8
208,2026-05-29,"2026-05-28","Oats - Rolled 5# - Bag",1,12.25
208,2026-05-29,"2026-05-28","Pasta Wildcard $6.50 - Pack",1,6.5
208,2026-05-29,"2026-05-28","Pork - Ground  - Lb.",1,7.5
208,2026-05-29,"2026-05-28","Extra Credit - Each",12.25,1.06
208,2026-05-29,"2026-05-28","Half",1,84.79
1075,2026-05-29,"2026-05-28","Ground Turkey - Pack",1,9
1075,2026-05-29,"2026-05-28","Kirkwood Pickup Time - @1-1:30",1,0
1075,2026-05-29,"2026-05-28","Eggs - Dozen",1,6.5
1075,2026-05-29,"2026-05-28","Lettuce Mix - Bag",1,4.5
1075,2026-05-29,"2026-05-28","Pasta Bi-color Short - Lb.",1,6.5
1075,2026-05-29,"2026-05-28","Pork - Ground  - Lb.",1,7.5
1075,2026-05-29,"2026-05-28","Shoots - Broccoli - Bag",1,4.25
1075,2026-05-29,"2026-05-28","Half",1,68.89
1075,2026-05-29,"2026-05-28","2% MILK-o",1,8.85
1489,2026-05-29,"2026-05-28","Kirkwood Pickup Time - @1-1:30",1,0
1489,2026-05-29,"2026-05-28","Arugula - Bag",1,4.25
1489,2026-05-29,"2026-05-28","Asparagus - Bunch",1,6.5
1489,2026-05-29,"2026-05-28","Broccoli (1.0 Head) - Head",1,4.25
1489,2026-05-29,"2026-05-28","Eggs - Dozen",1,6.5
1489,2026-05-29,"2026-05-28","Kale - Lacinato/Dinosaur - Bag",1,5
1489,2026-05-29,"2026-05-28","Lettuce - Romaine Head - Head",1,5
1489,2026-05-29,"2026-05-28","Lettuce Mix - Bag",1,4.5
1489,2026-05-29,"2026-05-28","Half",1,68.89
1386,2026-05-29,"2026-05-28","Ground Turkey - Pack",1,9
1386,2026-05-29,"2026-05-28","Kirkwood Pickup Time - @1-1:30",1,0
1386,2026-05-29,"2026-05-28","Asparagus - Bunch",1,6.5
1386,2026-05-29,"2026-05-28","Broccoli (1.0 Head) - Head",1,4.25
1386,2026-05-29,"2026-05-28","Light and Mild - T - Loaf",1,8.25
1386,2026-05-29,"2026-05-28","Plant - Parsley - Pot",1,4.5
1386,2026-05-29,"2026-05-28","Extra Credit - Each",1.5,1.06
1386,2026-05-29,"2026-05-28","UCA/KWA",1,79.79
1488,2026-05-29,"2026-05-28","Ground Turkey - Pack",1,9
1488,2026-05-29,"2026-05-28","Kirkwood Pickup Time - @1-1:30",1,0
1488,2026-05-29,"2026-05-28","Eggs - Dozen",1,6.5
1488,2026-05-29,"2026-05-28","Garlic Scapes - Bag",1,4
1488,2026-05-29,"2026-05-28","Marshmallow Pie - Each",1,7.5
1488,2026-05-29,"2026-05-28","Rhubarb - Bunch",1,9.5
1488,2026-05-29,"2026-05-28","Staff - include last wk's share - Bag",1,2
1488,2026-05-29,"2026-05-28","Extra Credit - Each",3,1.06
1488,2026-05-29,"2026-05-28","UCA/KWA",1,79.79
1488,2026-05-29,"2026-05-28","2% MILK",1,8.85
566,2026-05-29,"2026-05-28","Mothership Pickup Time (2.0 @4-4:30) - @4-4:30",1,0
566,2026-05-29,"2026-05-28","Curds Garlic Herb HBC 10 oz  - Bag",1,6.75
566,2026-05-29,"2026-05-28","Eggs - Dozen",1,6.5
566,2026-05-29,"2026-05-28","Ground Beef - D&M - Lb.",1,10.5
566,2026-05-29,"2026-05-28","Marinara Sauce - Jar",1,8.75
566,2026-05-29,"2026-05-28","Pasta Wildcard $6.50 - Pack",1,6.5
566,2026-05-29,"2026-05-28","Plant - Basil Italian - Pot",1,4.5
566,2026-05-29,"2026-05-28","Extra Credit - Each",6.25,1.06
566,2026-05-29,"2026-05-28","Half",1,84.79
287,2026-05-29,"2026-05-28","Mothership Pickup Time (1.0 @3:30-4) - @3:30-4",1,0
287,2026-05-29,"2026-05-28","Arugula - Bag",1,4.25
287,2026-05-29,"2026-05-28","Dark Bar 72% - Package",1,3
287,2026-05-29,"2026-05-28","Eggs - Dozen",1,6.5
287,2026-05-29,"2026-05-28","Janie's Bread - Thursday - Each",1,7
287,2026-05-29,"2026-05-28","Peas - Sugar Snap - Share",1,4
287,2026-05-29,"2026-05-28","Yogurt - Plain - Oz.",1,7.1
287,2026-05-29,"2026-05-28","FSA/FSD",1,79.79
1970,2026-05-29,"2026-05-28","Jam - Strawberry - Rhubarb - Pint",1,7.75
1970,2026-05-29,"2026-05-28","Kirkwood Pickup Time (3.0 @2-2:30) - @2-2:30",1,0
1970,2026-05-29,"2026-05-28","Bagels - Everything - BU - Bag",1,11
1970,2026-05-29,"2026-05-28","Eggs - Dozen",1,6.5
1970,2026-05-29,"2026-05-28","Onions - Green - Bunch",1,3.5
1970,2026-05-29,"2026-05-28","Extra Credit - Each",6.75,1.06
1970,2026-05-29,"2026-05-28","Mini",1,53.2
1671,2026-05-29,"2026-05-28","Mothership Pickup Time (5.0 @5:30-6) - @5:30-6",1,0
1671,2026-05-29,"2026-05-28","Chicken Thighs - Boneless/lb. - lbs",1,14.53
1671,2026-05-29,"2026-05-28","Garlic Scapes - Bag",1,4
1671,2026-05-29,"2026-05-28","Rice - White - Lb.",1,6.5
1671,2026-05-29,"2026-05-28","Yogurt - Plain - Oz.",1,7.1
1671,2026-05-29,"2026-05-28","Extra Credit - Each",10.13,1.06
1671,2026-05-29,"2026-05-28","Mini",1,53.2
467,2026-05-29,"2026-05-28","Kirkwood Pickup Time - @1-1:30",1,0
467,2026-05-29,"2026-05-28","Chicken Links - Andouille  - Lb.",1,10.5
467,2026-05-29,"2026-05-28","Chicken Thighs - Big Bag/lb. - Pack",1,29.55
467,2026-05-29,"2026-05-28","Ghost Pepper Cheddar - Each",2,6.75
467,2026-05-29,"2026-05-28","Popcorn - McKaskle - Lb.",1,5.75
467,2026-05-29,"2026-05-28","Spinach - Bag",1,5
467,2026-05-29,"2026-05-28","Extra Credit - Each",42.3,1.06
467,2026-05-29,"2026-05-28","Mini",1,53.2
1522,2026-05-29,"2026-05-28","Bagels - Everything - Bag",1,6.75
1522,2026-05-29,"2026-05-28","Eggs - Dozen",1,6.5
1522,2026-05-29,"2026-05-28","German Quark HBC - Jar",1,6.75
1522,2026-05-29,"2026-05-28","Honey - Wildflower - Bottle",1,11.5
1522,2026-05-29,"2026-05-28","Marshmallow Pie - Each",2,7.5
1522,2026-05-29,"2026-05-28","Extra Credit - Each",46.5,1.06
31,2026-05-29,"2026-05-28","Peanut Butter MC - Tub",1,7.75
31,2026-05-29,"2026-05-28","Mothership Pickup Time (2.0 @4-4:30) - @4-4:30",1,0
31,2026-05-29,"2026-05-28","$ for green bags donation - $",1,1
31,2026-05-29,"2026-05-28","Aged Cheddar - HBC - Each",1,6.75
31,2026-05-29,"2026-05-28","Eggs - Dozen",1,6.5
31,2026-05-29,"2026-05-28","Louise's Original Granola - Bag",1,10
31,2026-05-29,"2026-05-28","Mushrooms - Choice",1,8
31,2026-05-29,"2026-05-28","Pizza Sourdough - Frozen - Pack",1,5
31,2026-05-29,"2026-05-28","Salmon - Fillet Pieces/LB* - Each",2,9.04
31,2026-05-29,"2026-05-28","Extra Credit - Each",20.83,1.06
31,2026-05-29,"2026-05-28","Half",1,64.79
31,2026-05-29,"2026-05-28","2% MILK",2,8.85
1102,2026-05-29,"2026-05-28","Jam - Red Cherry HBY - Pint",1,7.75
1102,2026-05-29,"2026-05-28","Mothership Pickup Time (3.0 @4:30-5) - @4:30-5",1,0
1102,2026-05-29,"2026-05-28","Cabbage - Chinese - Head",1,3.75
1102,2026-05-29,"2026-05-28","Cabbage - Green - Head",1,4.5
1102,2026-05-29,"2026-05-28","Cucumbers - Slicing - Each",2,2
1102,2026-05-29,"2026-05-28","Eggs - Dozen",1,6.5
1102,2026-05-29,"2026-05-28","Feta Cheese - HBC - Each",1,6.75
1102,2026-05-29,"2026-05-28","Mushrooms - Choice",1,8
1102,2026-05-29,"2026-05-28","Mushrooms - Sale! - Bag",1,8
1102,2026-05-29,"2026-05-28","Potatoes - New - Bag",1,5.75
1102,2026-05-29,"2026-05-28","Extra Credit - Each",17.75,1.06
1102,2026-05-29,"2026-05-28","Half",1,84.79
1857,2026-05-29,"2026-05-28","Eggs - Dozen",1,6.5
1857,2026-05-29,"2026-05-28","Eggs - H - Dozen",1,6.5
1857,2026-05-29,"2026-05-28","Ground Beef - D&M - Lb.",1,10.5
1857,2026-05-29,"2026-05-28","Hoagie - T - Each",1,3.5
1857,2026-05-29,"2026-05-28","Louise's Original Granola - Bag",1,10
1857,2026-05-29,"2026-05-28","Extra Credit - Each",4.75,1.06
1857,2026-05-29,"2026-05-28","FSA/FSD",1,79.79
1131,2026-05-29,"2026-05-28","Peanut Butter MC - Tub",1,7.75
1131,2026-05-29,"2026-05-28","Cauliflower - hd. - Head",1,6.5
1131,2026-05-29,"2026-05-28","Eggs - Dozen",1,6.5
1131,2026-05-29,"2026-05-28","Pork Andouille Links - D&M - Each",1,8
1131,2026-05-29,"2026-05-28","Potatoes - New - Bag",1,5.75
1131,2026-05-29,"2026-05-28","Semolina - T - Loaf",1,7
1131,2026-05-29,"2026-05-28","Extra Credit - Each",4.25,1.06
1131,2026-05-29,"2026-05-28","Half",1,84.79
1622,2026-05-29,"2026-05-28","Chicken - Links ($10.50) - Each",1,10.5
1622,2026-05-29,"2026-05-28","Clean Plate Pantry Choice ($11.5) - Jar",1,11.5
1622,2026-05-29,"2026-05-28","Mini",1,53.2
670,2026-05-29,"2026-05-28","Mothership Pickup Time (1.0 @3:30-4) - @3:30-4",1,0
670,2026-05-29,"2026-05-28","Arugula - Bag",1,4.25
670,2026-05-29,"2026-05-28","Janie's Bread - Thursday - Each",1,7
670,2026-05-29,"2026-05-28","Kale - Lacinato/Dinosaur - Bag",1,5
670,2026-05-29,"2026-05-28","Peas - Sugar Snap - Share",1,4
670,2026-05-29,"2026-05-28","Potatoes - New - Bag",1,5.75
670,2026-05-29,"2026-05-28","Spinach - Bag",1,5
670,2026-05-29,"2026-05-28","Tortillas Sourdough - Frozen - Pack",1,5
670,2026-05-29,"2026-05-28","Yogurt - Plain - Oz.",1,7.1
670,2026-05-29,"2026-05-28","Extra Credit - Each",21.1,1.06
670,2026-05-29,"2026-05-28","Mini",1,53.2
670,2026-05-29,"2026-05-28","(BYO) FSG - Orders Only",1,0
1047,2026-05-29,"2026-05-28","Mothership Pickup Time (1.0 @3:30-4) - @3:30-4",1,0
1047,2026-05-29,"2026-05-28","Asparagus - Bunch",1,6.5
1047,2026-05-29,"2026-05-28","Gnocchi - Garlic Chive  - Lb.",1,6.5
1047,2026-05-29,"2026-05-28","Light and Mild - T - Loaf",1,8.25
1047,2026-05-29,"2026-05-28","Marinara Sauce - Jar",1,8.75
1047,2026-05-29,"2026-05-28","Pork - Ground  - Lb.",1,7.5
1047,2026-05-29,"2026-05-28","Extra Credit - Each",0.25,1.06
1047,2026-05-29,"2026-05-28","Half",1,84.79
11,2026-05-29,"2026-05-28","Eggs - BW - Dozen",1,6.5
11,2026-05-29,"2026-05-28","Bacon - Each",1,13.5
11,2026-05-29,"2026-05-28","Ground Beef - D&M - Lb.",1,10.5
11,2026-05-29,"2026-05-28","Semolina - T - Loaf",1,7
11,2026-05-29,"2026-05-28","Extra Credit - Each",5.25,1.06
11,2026-05-29,"2026-05-28","FSA/FSD",1,79.79
471,2026-05-29,"2026-05-28","Cheese Choice $6.75 - Each",1,6.75
471,2026-05-29,"2026-05-28","Eggs - Dozen",1,6.5
471,2026-05-29,"2026-05-28","Ground Beef - D&M - Lb.",1,10.5
471,2026-05-29,"2026-05-28","Olive Oil Small - ML",1,8.5
471,2026-05-29,"2026-05-28","FSA/FSD",1,79.79
1593,2026-05-29,"2026-05-28","Mothership Pickup Time (5.0 @5:30-6) - @5:30-6",1,0
1593,2026-05-29,"2026-05-28","Auction Donation - $",1,1
1593,2026-05-29,"2026-05-28","Buttermilk Waffles Sourdough - Frozen - Pack",1,5
1593,2026-05-29,"2026-05-28","Chicken Breasts /lb. - Pack",1,13.26
1593,2026-05-29,"2026-05-28","Garlic Scapes - Bag",1,4
1593,2026-05-29,"2026-05-28","Radishes - Bunch - Bunch",1,3.5
1593,2026-05-29,"2026-05-28","Extra Credit - Each",4.76,1.06
1593,2026-05-29,"2026-05-28","Mini",1,53.2
1839,2026-05-29,"2026-05-28","No Produce - Order Only (odd wk)",1,0
1487,2026-05-29,"2026-05-28","Kirkwood Pickup Time - @1-1:30",1,0
1487,2026-05-29,"2026-05-28","Cauliflower - hd. - Head",1,6.5
1487,2026-05-29,"2026-05-28","Chicken - Ground - Lb.",1,9
1487,2026-05-29,"2026-05-28","Marinara Sauce - Jar",1,8.75
1487,2026-05-29,"2026-05-28","Pork - Tenderloin/lb - Lb.",1,13.23
1487,2026-05-29,"2026-05-28","Half",1,68.89
1487,2026-05-29,"2026-05-28","2% MILK-o",1,8.85
514,2026-05-29,"2026-05-28","Eggs - BW - Dozen",1,6.5
514,2026-05-29,"2026-05-28","Asparagus - Bunch",1,6.5
514,2026-05-29,"2026-05-28","Cauliflower - hd. - Head",1,6.5
514,2026-05-29,"2026-05-28","Oat Porridge Bread - T - Each",1,9
514,2026-05-29,"2026-05-28","Sesame Hoagie - T - Each",1,3.8
514,2026-05-29,"2026-05-28","Shoots - Broccoli - Bag",1,4.25
514,2026-05-29,"2026-05-28","Spinach - Bag",1,5
514,2026-05-29,"2026-05-28","Extra Credit - Each",19.55,1.06
514,2026-05-29,"2026-05-28","Mini",1,53.2
824,2026-05-29,"2026-05-28","Chicken - Links ($10.50) - Each",1,10.5
824,2026-05-29,"2026-05-28","Clean Plate Pantry Choice ($11.5) - Jar",1,11.5
824,2026-05-29,"2026-05-28","Mini",1,53.2
761,2026-05-29,"2026-05-28","Mothership Pickup Time (1.0 @3:30-4) - @3:30-4",1,0
761,2026-05-29,"2026-05-28","Asparagus - Bunch",1,6.5
761,2026-05-29,"2026-05-28","Janie's Bread - Thursday - Each",1,7
761,2026-05-29,"2026-05-28","Olive Oil Small - ML",1,8.5
761,2026-05-29,"2026-05-28","Popcorn - McKaskle - Lb.",1,5.75
761,2026-05-29,"2026-05-28","Radishes - Purple Heart - Bunch",1,5.25
761,2026-05-29,"2026-05-28","Extra Credit - Each",0.75,1.06
761,2026-05-29,"2026-05-28","FSA/FSD",1,79.79
1476,2026-05-29,"2026-05-28","Kirkwood Pickup Time - @1-1:30",1,0
1476,2026-05-29,"2026-05-28","Asparagus - Bunch",1,6.5
1476,2026-05-29,"2026-05-28","Peas - Shelling  - Oz.",1,4.25
1476,2026-05-29,"2026-05-28","Peas - Sugar Snap - Share",1,4
1476,2026-05-29,"2026-05-28","Spinach - Bag",1,5
1476,2026-05-29,"2026-05-28","Turnips - Japanese/White - Lb.",1,4.25
1476,2026-05-29,"2026-05-28","Extra Credit - Each",2,1.06
1476,2026-05-29,"2026-05-28","Mini",1,53.2
82,2026-05-29,"2026-05-28","Pistachios - Oz.",1,14.25
82,2026-05-29,"2026-05-28","Mothership Pickup Time (3.0 @4:30-5) - @4:30-5",1,0
82,2026-05-29,"2026-05-28","Marinara Sauce - Jar",1,8.75
82,2026-05-29,"2026-05-28","Mushrooms - Sale! - Bag",1,8
82,2026-05-29,"2026-05-28","Pasta Bi-color Short - Lb.",1,6.5
82,2026-05-29,"2026-05-28","Pork - Ground  - Lb.",1,7.5
82,2026-05-29,"2026-05-28","Extra Credit - Each",7.75,1.06
82,2026-05-29,"2026-05-28","Half",1,84.79
502,2026-05-29,"2026-05-28","Mothership Pickup Time (4.0 @5-5:30) - @5-5:30",1,0
502,2026-05-29,"2026-05-28","Chicken - Ground - Lb.",1,9
502,2026-05-29,"2026-05-28","Eggs - Dozen",1,6.5
502,2026-05-29,"2026-05-28","Garlic Scapes - Bag",1,4
502,2026-05-29,"2026-05-28","Ground Beef - D&M - Lb.",1,10.5
502,2026-05-29,"2026-05-28","Hoagie - T - Each",1,3.5
502,2026-05-29,"2026-05-28","Peas - Sugar Snap - Share",1,4
502,2026-05-29,"2026-05-28","Extra Credit - Each",5.25,1.06
502,2026-05-29,"2026-05-28","FSA/FSD",1,79.79
433,2026-05-29,"2026-05-28","Cheese Choice $6.75 - Each",1,6.75
433,2026-05-29,"2026-05-28","Eggs - Dozen",1,6.5
433,2026-05-29,"2026-05-28","Ground Beef - D&M - Lb.",1,10.5
433,2026-05-29,"2026-05-28","Olive Oil Small - ML",1,8.5
433,2026-05-29,"2026-05-28","FSA/FSD",1,79.79
549,2026-05-29,"2026-05-28","Cheese Choice $6.75 - Each",1,6.75
549,2026-05-29,"2026-05-28","Eggs - Dozen",1,6.5
549,2026-05-29,"2026-05-28","Ground Beef - D&M - Lb.",1,10.5
549,2026-05-29,"2026-05-28","Olive Oil Small - ML",1,8.5
549,2026-05-29,"2026-05-28","FSA/FSD",1,79.79
1268,2026-05-29,"2026-05-28","Asparagus - Bunch",1,6.5
1268,2026-05-29,"2026-05-28","Beets - Red w/Tops - Bunch",1,5.25
1268,2026-05-29,"2026-05-28","Bok Choy - Bag",1,5
1268,2026-05-29,"2026-05-28","Kale - Green Curly - Bag",1,5
1268,2026-05-29,"2026-05-28","Pre-ordered plants are in - Pot",1,0
1268,2026-05-29,"2026-05-28","Shoots - Specialty Mix - Bag",1,4.5
1268,2026-05-29,"2026-05-28","Turnips - Japanese/White - Lb.",1,4.25
1268,2026-05-29,"2026-05-28","Yogurt - Vanilla - Oz.",1,7.1
1268,2026-05-29,"2026-05-28","Extra Credit - Each",0.35,1.06
1268,2026-05-29,"2026-05-28","Half",1,84.79
46,2026-05-29,"2026-05-28","Dates - Oz.",1,10
46,2026-05-29,"2026-05-28","Eggs - BW - Dozen",1,6.5
46,2026-05-29,"2026-05-28","Chicken - Links ($10.50) - Each",1,10.5
46,2026-05-29,"2026-05-28","Extra Credit - Each",5,1.06
46,2026-05-29,"2026-05-28","Mini",1,53.2
493,2026-05-29,"2026-05-28","No Produce - Order Only (odd wk)",1,0
807,2026-05-29,"2026-05-28","Ground Turkey - Pack",2,9
807,2026-05-29,"2026-05-28","Bagels - Everything - Frozen - Bag",1,6.75
807,2026-05-29,"2026-05-28","Chicken Chorizo - Lb.",1,10.5
807,2026-05-29,"2026-05-28","Plant - English Thyme - Pot",1,4.5
807,2026-05-29,"2026-05-28","Plant - Spearmint - Pot",1,4.5
807,2026-05-29,"2026-05-28","Pork - Kielbasa - Pack",1,14.65
807,2026-05-29,"2026-05-28","Yogurt - Plain - Oz.",1,7.1
807,2026-05-29,"2026-05-28","Yogurt - Vanilla - Oz.",1,7.1
807,2026-05-29,"2026-05-28","Extra Credit - Each",34.6,1.06
807,2026-05-29,"2026-05-28","UCA/KWA",1,79.79
807,2026-05-29,"2026-05-28","2% MILK",1,8.85
245,2026-05-29,"2026-05-28","Eggs - Dozen",1,6.5
245,2026-05-29,"2026-05-28","Marinara Sauce - Jar",1,8.75
245,2026-05-29,"2026-05-28","Mushrooms - Choice",1,8
245,2026-05-29,"2026-05-28","Pasta Wildcard $6.50 - Pack",1,6.5
245,2026-05-29,"2026-05-28","Pork - Ground  - Lb.",1,7.5
245,2026-05-29,"2026-05-28","Pre-ordered plants are in - Pot",1,0
245,2026-05-29,"2026-05-28","Half",1,84.79
804,2026-05-29,"2026-05-28","Kirkwood Pickup Time - @1-1:30",1,0
804,2026-05-29,"2026-05-28","Eggs - Dozen",1,6.5
804,2026-05-29,"2026-05-28","Hoagie - T - Each",1,3.5
804,2026-05-29,"2026-05-28","Meatballs D&M - Package",1,14.5
804,2026-05-29,"2026-05-28","Pork Italian Bulk - D&M - Lb.",1,8.5
804,2026-05-29,"2026-05-28","Ribs - Baby Back/lb. - Lb.",1,19.17
804,2026-05-29,"2026-05-28","Extra Credit - Each",14.92,1.06
804,2026-05-29,"2026-05-28","Half",1,68.89
1766,2026-05-29,"2026-05-28","Half & Half - Pint",2,4.75
1766,2026-05-29,"2026-05-28","Kirkwood Pickup Time - @1-1:30",1,0
1766,2026-05-29,"2026-05-28","Bison - Ground - Lb.",1,21
1766,2026-05-29,"2026-05-28","Mushrooms - Choice",1,8
1766,2026-05-29,"2026-05-28","Extra Credit - Each",1.25,1.06
1766,2026-05-29,"2026-05-28","Half",1,68.89
1941,2026-05-29,"2026-05-28","Aged Cheddar - HBC - Each",1,6.75
1941,2026-05-29,"2026-05-28","Chicken Breasts /lb. - Pack",2,14.45
1941,2026-05-29,"2026-05-28","Extra Credit - Each",13.65,1.06
1941,2026-05-29,"2026-05-28","Mini",1,53.2
293,2026-05-29,"2026-05-28","Mothership Pickup Time (6.0 @6-6:30) - @6-6:30",1,0
293,2026-05-29,"2026-05-28","Broccoli (1.0 Head) - Head",2,4.25
293,2026-05-29,"2026-05-28","Cabbage - Chinese - Head",1,3.75
293,2026-05-29,"2026-05-28","Dark Bar 72% - Package",1,3
293,2026-05-29,"2026-05-28","Eggs - Dozen",1,6.5
293,2026-05-29,"2026-05-28","Ground Beef - D&M - Lb.",1,10.5
293,2026-05-29,"2026-05-28","FSA/FSD",1,79.79
1271,2026-05-29,"2026-05-28","Eggs - Dozen",1,6.5
1271,2026-05-29,"2026-05-28","Marinara Sauce - Jar",1,8.75
1271,2026-05-29,"2026-05-28","Mushrooms - Choice",1,8
1271,2026-05-29,"2026-05-28","Pasta Wildcard $6.50 - Pack",1,6.5
1271,2026-05-29,"2026-05-28","Pork - Ground  - Lb.",1,7.5
1271,2026-05-29,"2026-05-28","Half",1,84.79
1706,2026-05-29,"2026-05-28","Mothership Pickup Time (2.0 @4-4:30) - @4-4:30",1,0
1706,2026-05-29,"2026-05-28","Asparagus - Bunch",1,6.5
1706,2026-05-29,"2026-05-28","Broccoli (1.0 Head) - Head",1,4.25
1706,2026-05-29,"2026-05-28","Gnocchi - Garlic Chive  - Lb.",1,6.5
1706,2026-05-29,"2026-05-28","Marbled Rye - Thursday - Each",1,8.75
1706,2026-05-29,"2026-05-28","Peas - Shelling  - Oz.",1,4.25
1706,2026-05-29,"2026-05-28","Pretzel Slider Buns - Frozen - Bag",1,6.75
1706,2026-05-29,"2026-05-28","Half",1,84.79
868,2026-05-29,"2026-05-28","Kirkwood Pickup Time - @1-1:30",1,0
868,2026-05-29,"2026-05-28","Arugula - Bag",1,4.25
868,2026-05-29,"2026-05-28","Black Beans DC - Tub",1,6.5
868,2026-05-29,"2026-05-28","Chicken - Links ($10.50) - Each",1,10.5
868,2026-05-29,"2026-05-28","Clean Plate Pantry Choice ($11.5) - Jar",1,11.5
868,2026-05-29,"2026-05-28","Dark Bar 72% - Package",1,3
868,2026-05-29,"2026-05-28","Garlic Scapes - Bag",1,4
868,2026-05-29,"2026-05-28","Popped Corn - Organic - Bag",1,3
868,2026-05-29,"2026-05-28","Salmon - Fillet Pieces/LB* - Each",1,9.45
868,2026-05-29,"2026-05-28","White Rice Cooked - Lb.",1,3
868,2026-05-29,"2026-05-28","Extra Credit - Each",33.2,1.06
868,2026-05-29,"2026-05-28","Mini",1,53.2
834,2026-05-29,"2026-05-28","Mothership Pickup Time (3.0 @4:30-5) - @4:30-5",1,0
834,2026-05-29,"2026-05-28","Chicken Breasts /lb. - Pack",1,14.11
834,2026-05-29,"2026-05-28","Cucumbers - Slicing - Each",1,2
834,2026-05-29,"2026-05-28","Eggs - Dozen",1,6.5
834,2026-05-29,"2026-05-28","Rhubarb - Bunch",1,9.5
834,2026-05-29,"2026-05-28","Rice - Basmati White - Lb.",1,7.5
834,2026-05-29,"2026-05-28","Rice - Brown - Lb.",1,6.5
834,2026-05-29,"2026-05-28","Yogurt - Strawberry - Oz.",1,7.1
834,2026-05-29,"2026-05-28","Extra Credit - Each",15.96,1.06
834,2026-05-29,"2026-05-28","Half",1,84.79
281,2026-05-29,"2026-05-28","Pizza - Pepperoni  - Each",1,8.5
281,2026-05-29,"2026-05-28","Bacon - Uncured/lb - Pack",1,15.71
281,2026-05-29,"2026-05-28","Croissant - PIB Frozen - 1-each",2,2.8
281,2026-05-29,"2026-05-28","Dark Bar 72% - Package",1,3
281,2026-05-29,"2026-05-28","Hoagie - PIB Frozen - Bag",1,6.75
281,2026-05-29,"2026-05-28","Pre-ordered plants are in - Pot",1,0
281,2026-05-29,"2026-05-28","Extra Credit - Each",2.31,1.06
281,2026-05-29,"2026-05-28","Half",1,84.79
1652,2026-05-29,"2026-05-28","Eggs - H - Dozen",1,6.5
1652,2026-05-29,"2026-05-28","Hoagie - T - Each",1,3.5
1652,2026-05-29,"2026-05-28","Maple Syrup 12 oz. - Jar",1,13
1652,2026-05-29,"2026-05-28","Salmon - Fillet Pieces/LB* - Each",1,8.42
1652,2026-05-29,"2026-05-28","Wild Cod/LB* - Pack",1,8.83
1652,2026-05-29,"2026-05-28","Extra Credit - Each",18.25,1.06
1652,2026-05-29,"2026-05-28","Mini",1,53.2
1431,2026-05-29,"2026-05-28","Mothership Pickup Time (5.0 @5:30-6) - @5:30-6",1,0
1431,2026-05-29,"2026-05-28","Chicken - Links ($10.50) - Each",1,10.5
1431,2026-05-29,"2026-05-28","Clean Plate Pantry Choice ($11.5) - Jar",1,11.5
1431,2026-05-29,"2026-05-28","Mini",1,53.2
1626,2026-05-29,"2026-05-28","Eggs - BW - Dozen",1,6.5
1626,2026-05-29,"2026-05-28","Kirkwood Pickup Time (1.0 PORCH) - PORCH",1,0
1626,2026-05-29,"2026-05-28","Coconut Oil Quart - Quart",1,12
1626,2026-05-29,"2026-05-28","Dark Bar 72% - Package",1,3
1626,2026-05-29,"2026-05-28","Garlic Scapes - Bag",1,4
1626,2026-05-29,"2026-05-28","Peas - Shelling  - Oz.",1,4.25
1626,2026-05-29,"2026-05-28","Pre-ordered plants are in - Pot",1,0
1626,2026-05-29,"2026-05-28","Yogurt - Plain - Oz.",1,7.1
1626,2026-05-29,"2026-05-28","Half",1,68.89
246,2026-05-29,"2026-05-28","Kirkwood Pickup Time - @1-1:30",1,0
246,2026-05-29,"2026-05-28","Beets - Red w/Tops - Bunch",1,5.25
246,2026-05-29,"2026-05-28","Cucumbers - Slicing - Each",2,2
246,2026-05-29,"2026-05-28","Peas - Sugar Snap - Share",2,4
246,2026-05-29,"2026-05-28","Squash - Zucchini - Each",2,2.5
246,2026-05-29,"2026-05-28","Extra Credit - Each",0.25,1.06
246,2026-05-29,"2026-05-28","Mini",1,53.2
246,2026-05-29,"2026-05-28","RL Chocolate Milk",3,2.93
963,2026-05-29,"2026-05-28","Cheese Choice $6.75 - Each",1,6.75
963,2026-05-29,"2026-05-28","Eggs - Dozen",1,6.5
963,2026-05-29,"2026-05-28","Ground Beef - D&M - Lb.",1,10.5
963,2026-05-29,"2026-05-28","Olive Oil Small - ML",1,8.5
963,2026-05-29,"2026-05-28","FSA/FSD",1,79.79
928,2026-05-29,"2026-05-28","Mothership Pickup Time (5.0 @5:30-6) - @5:30-6",1,0
928,2026-05-29,"2026-05-28","Cinnamon Rolls - Pack",1,6.75
928,2026-05-29,"2026-05-28","Curds Garlic Herb HBC 10 oz  - Bag",1,6.75
928,2026-05-29,"2026-05-28","Eggs - Dozen",1,6.5
928,2026-05-29,"2026-05-28","Ground Beef - D&M - Lb.",1,10.5
928,2026-05-29,"2026-05-28","Hand Pie: Spanakopita - Bag",1,10.5
928,2026-05-29,"2026-05-28","Yogurt - Blueberry - Oz.",1,7.1
928,2026-05-29,"2026-05-28","Extra Credit - Each",15.85,1.06
928,2026-05-29,"2026-05-28","FSA/FSD",1,79.79
1570,2026-05-29,"2026-05-28","Kirkwood Pickup Time (1.0 PORCH) - PORCH",1,0
1570,2026-05-29,"2026-05-28","Asparagus - Bunch",1,6.5
1570,2026-05-29,"2026-05-28","Bacon - Each",1,13.5
1570,2026-05-29,"2026-05-28","Cucumbers - Slicing - Each",3,2
1570,2026-05-29,"2026-05-28","Eggs - Dozen",2,6.5
1570,2026-05-29,"2026-05-28","Extra Credit - Each",1.75,1.06
1570,2026-05-29,"2026-05-28","Half",1,40
1900,2026-05-29,"2026-05-28","Mothership Pickup Time (2.0 @4-4:30) - @4-4:30",1,0
1900,2026-05-29,"2026-05-28","$ for green bags donation - $",1,1
1900,2026-05-29,"2026-05-28","Donation to Food Pantry - Each",1,1
1900,2026-05-29,"2026-05-28","Auction Donation - $",1,1
1900,2026-05-29,"2026-05-28","Chicken - Links ($10.50) - Each",1,10.5
1900,2026-05-29,"2026-05-28","Eggs - Dozen",1,6.5
1900,2026-05-29,"2026-05-28","Multigrain Bread - Frozen - Loaf",1,6.75
1900,2026-05-29,"2026-05-28","Extra Credit - Each",2.25,1.06
1900,2026-05-29,"2026-05-28","Mini",1,53.2
1236,2026-05-29,"2026-05-28","Mothership Pickup Time (4.0 @5-5:30) - @5-5:30",1,0
1236,2026-05-29,"2026-05-28","Dark Bar 72% - Package",1,3
1236,2026-05-29,"2026-05-28","Dark Chocolate Lolli - Each",1,1.75
1236,2026-05-29,"2026-05-28","Eggs - Dozen",1,6.5
1236,2026-05-29,"2026-05-28","Escarole - Head",1,2.25
1236,2026-05-29,"2026-05-28","Garlic Scapes - Bag",1,4
1236,2026-05-29,"2026-05-28","Ground Beef - D&M - Lb.",1,10.5
1236,2026-05-29,"2026-05-28","Peas - Shelling  - Oz.",1,4.25
1236,2026-05-29,"2026-05-28","Peas - Sugar Snap - Share",1,4
1236,2026-05-29,"2026-05-28","Plant - Big Boy Tomatoes - Pot",1,4.5
1236,2026-05-29,"2026-05-28","Plant - Sungold Tomato - Pot",2,4.5
1236,2026-05-29,"2026-05-28","Plant - Sweet Red Pepper - Pot",1,4.5
1236,2026-05-29,"2026-05-28","Plant - Tomato Beefsteak - Pot",1,4.5
1236,2026-05-29,"2026-05-28","Potatoes - New - Bag",1,5.75
1236,2026-05-29,"2026-05-28","Extra Credit - Each",32.25,1.06
1236,2026-05-29,"2026-05-28","FSA/FSD",1,79.79
1725,2026-05-29,"2026-05-28","Eggs - BW - Dozen",1,6.5
1725,2026-05-29,"2026-05-28","Kirkwood Pickup Time (1.0 PORCH) - PORCH",1,0
1725,2026-05-29,"2026-05-28","Hoagie - T - Each",1,3.5
1725,2026-05-29,"2026-05-28","Peas - Sugar Snap - Share",1,4
1725,2026-05-29,"2026-05-28","Sesame Hoagie - T - Each",1,3.8
1725,2026-05-29,"2026-05-28","Yogurt - Strawberry - Oz.",1,7.1
1725,2026-05-29,"2026-05-28","Extra Credit - Each",2.9,1.06
1725,2026-05-29,"2026-05-28","Mini",1,53.2
364,2026-05-29,"2026-05-28","Eggs - BW - Dozen",1,6.5
364,2026-05-29,"2026-05-28","Mothership Pickup Time - @6:30-7",1,0
364,2026-05-29,"2026-05-28","Arugula - Bag",1,4.25
364,2026-05-29,"2026-05-28","Asparagus - Bunch",1,6.5
364,2026-05-29,"2026-05-28","Eggs - Dozen",1,6.5
364,2026-05-29,"2026-05-28","Potatoes - New - Bag",1,5.75
364,2026-05-29,"2026-05-28","Radishes - Purple Heart - Bunch",1,5.25
364,2026-05-29,"2026-05-28","Extra Credit - Each",2.5,1.06
364,2026-05-29,"2026-05-28","FSA/FSD",1,79.79
364,2026-05-29,"2026-05-28","Whole MILK-o",1,8.85
1873,2026-05-29,"2026-05-28","Mothership Pickup Time (3.0 @4:30-5) - @4:30-5",1,0
1873,2026-05-29,"2026-05-28","Strip Steak /lb - Pack",2,11
1873,2026-05-29,"2026-05-28","Mini",1,53.2
289,2026-05-29,"2026-05-28","Asparagus - Bunch",1,6.5
289,2026-05-29,"2026-05-28","Cornmeal - Oz.",1,4.75
289,2026-05-29,"2026-05-28","Eggs - Dozen",1,6.5
289,2026-05-29,"2026-05-28","Garlic Scapes - Bag",1,4
289,2026-05-29,"2026-05-28","Light and Mild - T - Loaf",1,8.25
289,2026-05-29,"2026-05-28","Mushrooms (1.0 Shiitake) - Shiitake",1,8
289,2026-05-29,"2026-05-28","Pre-ordered plants are in - Pot",1,0
289,2026-05-29,"2026-05-28","Half",1,84.79
289,2026-05-29,"2026-05-28","2% MILK-o",1,8.85
587,2026-05-29,"2026-05-28","Mothership Pickup Time (1.0 @3:30-4) - @3:30-4",1,0
587,2026-05-29,"2026-05-28","Cabbage - Green - Head",1,4.5
587,2026-05-29,"2026-05-28","Eggs - Dozen",1,6.5
587,2026-05-29,"2026-05-28","Marinara Sauce - Jar",1,8.75
587,2026-05-29,"2026-05-28","Mushrooms - Choice",1,8
587,2026-05-29,"2026-05-28","Pasta Wildcard $6.50 - Pack",1,6.5
587,2026-05-29,"2026-05-28","Pork - Ground  - Lb.",1,7.5
587,2026-05-29,"2026-05-28","Extra Credit - Each",4.5,1.06
587,2026-05-29,"2026-05-28","Half",1,84.79
593,2026-05-29,"2026-05-28","Mothership Pickup Time (4.0 @5-5:30) - @5-5:30",1,0
593,2026-05-29,"2026-05-28","Eggs - Dozen",1,6.5
593,2026-05-29,"2026-05-28","Mushrooms - Chestnut - Bag",1,8
593,2026-05-29,"2026-05-28","Plant - Oregano - Pot",1,4.5
593,2026-05-29,"2026-05-28","Plant - Roma Tomato - Pot",1,4.5
593,2026-05-29,"2026-05-28","Plant - Tomato Super Sweet 100 - Pot",1,4.5
593,2026-05-29,"2026-05-28","Rhubarb - Bunch",1,9.5
593,2026-05-29,"2026-05-28","Extra Credit - Each",0.25,1.06
593,2026-05-29,"2026-05-28","Half",1,84.79
1746,2026-05-29,"2026-05-28","Ground Turkey - Pack",1,9
1746,2026-05-29,"2026-05-28","Jam - Strawberry - Rhubarb - Pint",1,7.75
1746,2026-05-29,"2026-05-28","Stringbean Disco Inferno - Oz.",1,16
1746,2026-05-29,"2026-05-28","Kirkwood Pickup Time - @1-1:30",1,0
1746,2026-05-29,"2026-05-28","Extra Credit - Each",1.75,1.06
1746,2026-05-29,"2026-05-28","UCA/KWA",1,79.79
1416,2026-05-29,"2026-05-28","Mothership Pickup Time (4.0 @5-5:30) - @5-5:30",1,0
1416,2026-05-29,"2026-05-28","Dark Chocolate Lolli - Each",1,1.75
1416,2026-05-29,"2026-05-28","Eggs - Dozen",1,6.5
1416,2026-05-29,"2026-05-28","Hand Pie: Spanakopita - Bag",1,10.5
1416,2026-05-29,"2026-05-28","Hoagie - T - Each",1,3.5
1416,2026-05-29,"2026-05-28","Mushrooms - Choice",1,8
1416,2026-05-29,"2026-05-28","Semolina - T - Loaf",1,7
1416,2026-05-29,"2026-05-28","Half",1,84.79
1719,2026-05-29,"2026-05-28","Broccoli (1.0 Head) - Head",1,4.25
1719,2026-05-29,"2026-05-28","Cauliflower - hd. - Head",3,6.5
1719,2026-05-29,"2026-05-28","Lettuce - Romaine Head - Head",1,5
1719,2026-05-29,"2026-05-28","Lettuce - Salanova - Bag",1,4.25
1719,2026-05-29,"2026-05-28","Peas - Shelling  - Oz.",3,4.25
1719,2026-05-29,"2026-05-28","Extra Credit - Each",8.5,1.06
1719,2026-05-29,"2026-05-28","Half",1,84.79
1752,2026-05-29,"2026-05-28","Mothership Pickup Time (1.0 @3:30-4) - @3:30-4",1,0
1752,2026-05-29,"2026-05-28","Beets - Red w/Tops - Bunch",1,5.25
1752,2026-05-29,"2026-05-28","Eggs - Dozen",1,6.5
1752,2026-05-29,"2026-05-28","Marinara Sauce - Jar",1,8.75
1752,2026-05-29,"2026-05-28","Mushrooms - Chestnut - Bag",1,8
1752,2026-05-29,"2026-05-28","Pork - Ground  - Lb.",1,7.5
1752,2026-05-29,"2026-05-28","Potatoes - New - Bag",1,5.75
1752,2026-05-29,"2026-05-28","Semolina - T - Loaf",1,7
1752,2026-05-29,"2026-05-28","Extra Credit - Each",11.5,1.06
1752,2026-05-29,"2026-05-28","Half",1,84.79
636,2026-05-29,"2026-05-28","Mothership Pickup Time (4.0 @5-5:30) - @5-5:30",1,0
636,2026-05-29,"2026-05-28","Chicken - Breakfast Links - Each",1,10.5
636,2026-05-29,"2026-05-28","Cucumbers - Slicing - Each",1,2
636,2026-05-29,"2026-05-28","Ground Beef - D&M - Lb.",1,10.5
636,2026-05-29,"2026-05-28","Pork Apple Brat - Pack",1,12.85
636,2026-05-29,"2026-05-28","Extra Credit - Each",3.6,1.06
636,2026-05-29,"2026-05-28","FSA/FSD",1,79.79
636,2026-05-29,"2026-05-28","Whole MILK",1,8.85
250,2026-05-29,"2026-05-28","Half & Half - Pint",1,4.75
250,2026-05-29,"2026-05-28","Mothership Pickup Time (3.0 @4:30-5) - @4:30-5",1,0
250,2026-05-29,"2026-05-28","RL Heavy Cream  - Pint",1,7.75
250,2026-05-29,"2026-05-28","Cucumbers - Slicing - Each",2,2
250,2026-05-29,"2026-05-28","Marbled Rye - Thursday - Each",1,8.75
250,2026-05-29,"2026-05-28","Olive Oil Small - ML",1,8.5
250,2026-05-29,"2026-05-28","Squash - Zucchini - Each",1,2.5
250,2026-05-29,"2026-05-28","Extra Credit - Each",4,1.06
250,2026-05-29,"2026-05-28","FSA/FSD",1,79.79
1618,2026-05-29,"2026-05-28","Kirkwood Pickup Time (1.0 PORCH) - PORCH",1,0
1618,2026-05-29,"2026-05-28","Asparagus - Bunch",1,6.5
1618,2026-05-29,"2026-05-28","Bagels - Sesame Seed - BU - Bag",1,11
1618,2026-05-29,"2026-05-28","Cucumbers - Slicing - Each",1,2
1618,2026-05-29,"2026-05-28","Louise's Original Granola - Bag",1,10
1618,2026-05-29,"2026-05-28","Peas - Sugar Snap - Share",1,4
1618,2026-05-29,"2026-05-28","Potatoes - New - Bag",1,5.75
1618,2026-05-29,"2026-05-28","Pre-ordered plants are in - Pot",1,0
1618,2026-05-29,"2026-05-28","Squash - Zucchini - Each",1,2.5
1618,2026-05-29,"2026-05-28","Extra Credit - Each",4.5,1.06
1618,2026-05-29,"2026-05-28","Half",1,68.89
196,2026-05-29,"2026-05-28","Kirkwood Pickup Time - @1-1:30",1,0
196,2026-05-29,"2026-05-28","Asparagus - Bunch",1,6.5
196,2026-05-29,"2026-05-28","Cucumbers - Slicing - Each",1,2
196,2026-05-29,"2026-05-28","Peas - Sugar Snap - Share",1,4
196,2026-05-29,"2026-05-28","Extra Credit - Each",12.5,1.06
133,2026-05-29,"2026-05-28","Mothership Pickup Time (3.0 @4:30-5) - @4:30-5",1,0
133,2026-05-29,"2026-05-28","Bagels - Sesame Seed - BU - Bag",1,11
133,2026-05-29,"2026-05-28","Cinnamon Rolls - Frozen - Pack",2,6.75
133,2026-05-29,"2026-05-28","Eggs - Dozen",1,6.5
133,2026-05-29,"2026-05-28","Extra Credit - Each",9,1.06
133,2026-05-29,"2026-05-28","Mini",1,53.2
1932,2026-05-29,"2026-05-28","Mothership Pickup Time (3.0 @4:30-5) - @4:30-5",1,0
1932,2026-05-29,"2026-05-28","Broccoli (1.0 Head) - Head",1,4.25
1932,2026-05-29,"2026-05-28","Cabbage - Green - Head",1,4.5
1932,2026-05-29,"2026-05-28","Mushrooms - French Horn/King - Bag",1,8
1932,2026-05-29,"2026-05-28","Turkey Thighs /lb - Each",1,17.1
1932,2026-05-29,"2026-05-28","Extra Credit - Each",1.6,1.06
1932,2026-05-29,"2026-05-28","FSA/FSD",1,79.79
305,2026-05-29,"2026-05-28","Kirkwood Pickup Time - @1-1:30",1,0
305,2026-05-29,"2026-05-28","Chicken - Ground - Lb.",2,9
305,2026-05-29,"2026-05-28","Chicken Breasts /lb. - Pack",1,9.52
305,2026-05-29,"2026-05-28","Eggs - Dozen",2,6.5
305,2026-05-29,"2026-05-28","Extra Credit - Each",3.27,1.06
305,2026-05-29,"2026-05-28","Half",1,84.79
1427,2026-05-29,"2026-05-28","Eggs - BW - Dozen",2,6.5
1427,2026-05-29,"2026-05-28","Mothership Pickup Time (1.0 @3:30-4) - @3:30-4",1,0
1427,2026-05-29,"2026-05-28","Bagels - Plain - Bag",1,6.75
1427,2026-05-29,"2026-05-28","Chicken Breasts /lb. - Pack",2,12.75
1427,2026-05-29,"2026-05-28","Garlic Scapes - Bag",1,4
1427,2026-05-29,"2026-05-28","Hoagie - T - Each",1,3.5
1427,2026-05-29,"2026-05-28","Peas - Shelling  - Oz.",1,4.25
1427,2026-05-29,"2026-05-28","Peas - Sugar Snap - Share",1,4
1427,2026-05-29,"2026-05-28","Rhubarb - Bunch",1,9.5
1427,2026-05-29,"2026-05-28","Extra Credit - Each",48.5,1.06
643,2026-05-29,"2026-05-28","Mothership Pickup Time (5.0 @5:30-6) - @5:30-6",1,0
643,2026-05-29,"2026-05-28","Garlic Scapes - Bag",1,4
643,2026-05-29,"2026-05-28","Ground Beef - D&M - Lb.",1,10.5
643,2026-05-29,"2026-05-28","Marinara Sauce - Jar",1,8.75
643,2026-05-29,"2026-05-28","Olive Oil Small - ML",1,8.5
643,2026-05-29,"2026-05-28","Peas - Sugar Snap - Share",1,4
643,2026-05-29,"2026-05-28","Extra Credit - Each",3.5,1.06
643,2026-05-29,"2026-05-28","FSA/FSD",1,79.79
1468,2026-05-29,"2026-05-28","Mothership Pickup Time (1.0 @3:30-4) - @3:30-4",1,0
1468,2026-05-29,"2026-05-28","Chicken - Links ($10.50) - Each",1,10.5
1468,2026-05-29,"2026-05-28","Eggs - Dozen",1,6.5
1468,2026-05-29,"2026-05-28","Garlic Scapes - Bag",1,4
1468,2026-05-29,"2026-05-28","Marinara Sauce - Jar",1,8.75
1468,2026-05-29,"2026-05-28","Extra Credit - Each",7.75,1.06
1468,2026-05-29,"2026-05-28","Mini",1,53.2
622,2026-05-29,"2026-05-28","Ground Turkey - Pack",1,9
622,2026-05-29,"2026-05-28","Kirkwood Pickup Time (2.0 @1:30-2) - @1:30-2",1,0
622,2026-05-29,"2026-05-28","Ground Lamb  - Lb.",1,15
622,2026-05-29,"2026-05-28","Marshmallow Pie - Each",1,7.5
622,2026-05-29,"2026-05-28","Extra Credit - Each",0.5,1.06
622,2026-05-29,"2026-05-28","UCA/KWA",1,79.79
39,2026-05-29,"2026-05-28","Cucumbers - Slicing - Each",1,2
39,2026-05-29,"2026-05-28","Lettuce Mix - Bag",1,4.5
39,2026-05-29,"2026-05-28","Milk Chocolate Caramels - 4-pack",1,12
39,2026-05-29,"2026-05-28","Popped Corn - Organic - Bag",1,3
39,2026-05-29,"2026-05-28","Mini",1,53.2
1750,2026-05-29,"2026-05-28","Chicken - Links ($10.50) - Each",1,10.5
1750,2026-05-29,"2026-05-28","Clean Plate Pantry Choice ($11.5) - Jar",1,11.5
1750,2026-05-29,"2026-05-28","Mini",1,53.2
1521,2026-05-29,"2026-05-28","Mothership Pickup Time (1.0 @3:30-4) - @3:30-4",1,0
1521,2026-05-29,"2026-05-28","Chicken Drumsticks /LB - Pack",1,4.1
1521,2026-05-29,"2026-05-28","Eggs - Dozen",1,6.5
1521,2026-05-29,"2026-05-28","Ground Lamb  - Lb.",1,15
1521,2026-05-29,"2026-05-28","Kale - Green Curly - Bag",1,5
1521,2026-05-29,"2026-05-28","Extra Credit - Each",8.6,1.06
1521,2026-05-29,"2026-05-28","Mini",1,53.2
885,2026-05-29,"2026-05-28","Mothership Pickup Time - @6:30-7",1,0
885,2026-05-29,"2026-05-28","Bagels - Plain - BU - Bag",1,11
885,2026-05-29,"2026-05-28","Bagels - Pumpernickel - BU - Bag",1,11
885,2026-05-29,"2026-05-28","Collards - Bunch",1,5
885,2026-05-29,"2026-05-28","Potatoes - New - Bag",2,5.75
885,2026-05-29,"2026-05-28","Extra Credit - Each",1.25,1.06
885,2026-05-29,"2026-05-28","Half",1,84.79
900,2026-05-29,"2026-05-28","Aged Cheddar - HBC - Each",1,6.75
900,2026-05-29,"2026-05-28","Cucumbers - Slicing - Each",1,2
900,2026-05-29,"2026-05-28","Eggs - Dozen",1,6.5
900,2026-05-29,"2026-05-28","Potatoes - New - Bag",1,5.75
900,2026-05-29,"2026-05-28","Squash - Zucchini - Each",2,2.5
900,2026-05-29,"2026-05-28","Turnips - Japanese/White - Lb.",1,4.25
900,2026-05-29,"2026-05-28","Yogurt - Plain - Oz.",1,7.1
900,2026-05-29,"2026-05-28","Extra Credit - Each",2.6,1.06
900,2026-05-29,"2026-05-28","FSA/FSD",1,79.79
900,2026-05-29,"2026-05-28","Whole MILK",1,8.85
896,2026-05-29,"2026-05-28","Kirkwood Pickup Time (2.0 @1:30-2) - @1:30-2",1,0
896,2026-05-29,"2026-05-28","Food Pantry Donation - $",5,1
896,2026-05-29,"2026-05-28","Lettuce - Salanova - Bag",1,4.25
896,2026-05-29,"2026-05-28","Maple Syrup 12 oz. - Jar",1,13
896,2026-05-29,"2026-05-28","Peas - Shelling  - Oz.",2,4.25
896,2026-05-29,"2026-05-28","Yogurt - Plain - Oz.",1,7.1
896,2026-05-29,"2026-05-28","Extra Credit - Each",0.6,1.06
896,2026-05-29,"2026-05-28","Half",1,84.79
171,2026-05-29,"2026-05-28","Mothership Pickup Time (3.0 @4:30-5) - @4:30-5",1,0
171,2026-05-29,"2026-05-28","Asparagus - Bunch",1,6.5
171,2026-05-29,"2026-05-28","Bagel Chips - Bag",1,9.75
171,2026-05-29,"2026-05-28","Chicken - Links ($10.50) - Each",1,10.5
171,2026-05-29,"2026-05-28","Chicken Thighs - Big Bag/lb. - Pack",1,29.79
171,2026-05-29,"2026-05-28","Cinnamon Rolls - Pack",1,6.75
171,2026-05-29,"2026-05-28","Ground Beef - D&M - Lb.",1,10.5
171,2026-05-29,"2026-05-28","Louise's Original Granola - Bag",1,10
171,2026-05-29,"2026-05-28","Pizza Sauce - Jar",1,6.75
171,2026-05-29,"2026-05-28","Pork Hot Dogs - Each",1,7.5
171,2026-05-29,"2026-05-28","Pork Snack Sticks - Honey 4pk - Pack",1,10.3
171,2026-05-29,"2026-05-28","Potatoes - New - Bag",1,5.75
171,2026-05-29,"2026-05-28","Rhubarb - Bunch",1,9.5
171,2026-05-29,"2026-05-28","Yogurt - Blueberry - Oz.",1,7.1
171,2026-05-29,"2026-05-28","Yogurt - Strawberry - Oz.",1,7.1
171,2026-05-29,"2026-05-28","Extra Credit - Each",115.79,1.06
171,2026-05-29,"2026-05-28","Mini",1,53.2
790,2026-05-29,"2026-05-28","Bread Pudding - Muffin - Each",1,4
790,2026-05-29,"2026-05-28","Chicken - Breakfast - Pack",1,10.5
790,2026-05-29,"2026-05-28","Honey - Qt. - Jar",1,20.25
790,2026-05-29,"2026-05-28","Mushrooms - Hen of the Woods/Maitake - Bag",1,8
790,2026-05-29,"2026-05-28","Ravioli - Mushroom  - Lb.",1,9.15
790,2026-05-29,"2026-05-28","Yogurt - Vanilla - Oz.",1,7.1
790,2026-05-29,"2026-05-28","Extra Credit - Each",21.75,1.06
790,2026-05-29,"2026-05-28","Half",1,84.79
1683,2026-05-29,"2026-05-28","Bagels - Plain - Bag",1,6.75
1683,2026-05-29,"2026-05-28","Chicken Breasts /lb. - Pack",1,11.9
1683,2026-05-29,"2026-05-28","Eggs - Dozen",1,6.5
1683,2026-05-29,"2026-05-28","Marshmallow Pie - Each",1,7.5
1683,2026-05-29,"2026-05-28","Squash - Zucchini - Each",1,2.5
1683,2026-05-29,"2026-05-28","Extra Credit - Each",4.15,1.06
1683,2026-05-29,"2026-05-28","UCA/KWA",1,79.79
959,2026-05-29,"2026-05-28","Milk - Whole - Oz.",1,8.32
959,2026-05-29,"2026-05-28","Mothership Pickup Time - @6:30-7",1,0
959,2026-05-29,"2026-05-28","Cauliflower - hd. - Head",1,6.5
959,2026-05-29,"2026-05-28","Cucumbers - Slicing - Each",1,2
959,2026-05-29,"2026-05-28","Eggs - Dozen",1,6.5
959,2026-05-29,"2026-05-28","Marshmallow Pie - Each",1,7.5
959,2026-05-29,"2026-05-28","Pasta Bi-color Short - Lb.",1,6.5
959,2026-05-29,"2026-05-28","Peas - Shelling  - Oz.",1,4.25
959,2026-05-29,"2026-05-28","Salmon - Fillet Whole/LB - Each",1,35.5
959,2026-05-29,"2026-05-28","Yogurt - Plain - Oz.",1,7.1
959,2026-05-29,"2026-05-28","Extra Credit - Each",51.92,1.06
959,2026-05-29,"2026-05-28","FSA/FSD",1,79.79
699,2026-05-29,"2026-05-28","Arugula - Bag",1,4.25
699,2026-05-29,"2026-05-28","Chicken - Thighs /lbs  - lbs",1,8.52
699,2026-05-29,"2026-05-28","Garlic Scapes - Bag",1,4
699,2026-05-29,"2026-05-28","Hoagie - T - Each",1,3.5
699,2026-05-29,"2026-05-28","Mushrooms - French Horn/King - Bag",1,8
699,2026-05-29,"2026-05-28","Plant - Nasturtium - Pot",1,4.5
699,2026-05-29,"2026-05-28","Semolina - T - Loaf",1,7
699,2026-05-29,"2026-05-28","Extra Credit - Each",2.52,1.06
699,2026-05-29,"2026-05-28","Half",1,84.79
979,2026-05-29,"2026-05-28","Eggs - Dozen",1,6.5
979,2026-05-29,"2026-05-28","Marinara Sauce - Jar",1,8.75
979,2026-05-29,"2026-05-28","Mushrooms - Choice",1,8
979,2026-05-29,"2026-05-28","Pasta Long Bi-color - Lb.",1,6.5
979,2026-05-29,"2026-05-28","Pork - Ground  - Lb.",1,7.5
979,2026-05-29,"2026-05-28","Pre-ordered plants are in - Pot",1,0
979,2026-05-29,"2026-05-28","Half",1,84.79
