"member_id","file_date","delivery_date","item_unit","sales","price"
704,2026-09-25,"2026-09-16","Ground Turkey - Pack",1,10.25
704,2026-09-25,"2026-09-16","Eggs - BW - Dozen",1,6.5
704,2026-09-25,"2026-09-16","Coffee Stringbean Decaf - Bag",1,16
704,2026-09-25,"2026-09-16","Curds Creamy Ranch 10 oz - Bag",1,6.75
704,2026-09-25,"2026-09-16","Ground Beef - D&M - Lb.",1,10.5
704,2026-09-25,"2026-09-16","Mushrooms - Choice",1,8
704,2026-09-25,"2026-09-16","Extra Credit - Each",21.25,1.06
704,2026-09-25,"2026-09-16","FSA/FSD",1,79.79
335,2026-09-25,"2026-09-16","Mothership Pickup Time (1.0 @3:30-4) - @3:30-4",1,0
335,2026-09-25,"2026-09-16","Apple Cider 1/2 Gal - Half Gallon",1,7
335,2026-09-25,"2026-09-16","Cantaloupe - Each",1,6.5
335,2026-09-25,"2026-09-16","Honey - Wildflower - Bottle",1,11.5
335,2026-09-25,"2026-09-16","Marshmallow Pie - Each",1,7.5
335,2026-09-25,"2026-09-16","Extra Credit - Each",10.75,1.06
335,2026-09-25,"2026-09-16","Mini",1,53.2
291,2026-09-25,"2026-09-16","Mothership Pickup Time (4.0 @5-5:30) - @5-5:30",1,0
291,2026-09-25,"2026-09-16","Beets - Pickled - Quart",1,8.5
291,2026-09-25,"2026-09-16","Eggs - Dozen",1,6.5
291,2026-09-25,"2026-09-16","Mushrooms (1.0 Shiitake) - Shiitake",1,8
291,2026-09-25,"2026-09-16","Semolina - Wednesday - Loaf",1,7
291,2026-09-25,"2026-09-16","Extra Credit - Each",3,1.06
291,2026-09-25,"2026-09-16","Half",1,84.79
1045,2026-09-25,"2026-09-16","Mothership Pickup Time (2.0 @4-4:30) - @4-4:30",1,0
1045,2026-09-25,"2026-09-16","Food For FS Cats Donation - $",1,1
1045,2026-09-25,"2026-09-16","XO! Green Bags Donation - $",1,1
1045,2026-09-25,"2026-09-16","Bagels - Sesame Seed - BU - Bag",1,11.25
1045,2026-09-25,"2026-09-16","Chicken Chorizo - Lb.",1,10.5
1045,2026-09-25,"2026-09-16","Hoagie - Wednesday - Each",1,3.5
1045,2026-09-25,"2026-09-16","Extra Credit - Each",0.25,1.06
1045,2026-09-25,"2026-09-16","Half",1,84.79
1983,2026-09-25,"2026-09-16","Mothership Pickup Time (1.0 @3:30-4) - @3:30-4",1,0
1983,2026-09-25,"2026-09-16","Apples - Jonathan - Bag",1,5.75
1983,2026-09-25,"2026-09-16","Arugula - Bag",1,4.25
1983,2026-09-25,"2026-09-16","Eggs - Dozen",2,6.5
1983,2026-09-25,"2026-09-16","Peppers - Colored Bell - 3-pack",1,4
1983,2026-09-25,"2026-09-16","Tomatoes - Sungold - Pint",1,7
1983,2026-09-25,"2026-09-16","Extra Credit - Each",12.25,1.06
1983,2026-09-25,"2026-09-16","Mini",1,53.2
903,2026-09-25,"2026-09-16","Eggs - BW - Dozen",1,6.5
903,2026-09-25,"2026-09-16","Mothership Pickup Time (4.0 @5-5:30) - @5-5:30",1,0
903,2026-09-25,"2026-09-16","Cheese Choice $6.75 - Each",1,6.75
903,2026-09-25,"2026-09-16","Chicken Wings/lb. - lbs",1,5.94
903,2026-09-25,"2026-09-16","Leeks - Bunch",1,6
903,2026-09-25,"2026-09-16","Extra Credit - Each",3.44,1.06
903,2026-09-25,"2026-09-16","Mini",1,53.2
262,2026-09-25,"2026-09-16","Chicken - BULK Breasts /lb. - Pack",1,45.05
262,2026-09-25,"2026-09-16","Milk - 2%  - Oz.",1,8.32
262,2026-09-25,"2026-09-16","Eggs - BW - Dozen",2,6.5
262,2026-09-25,"2026-09-16","UCity Pickup Time (2.0 @4:30-5) - @4:30-5",1,0
262,2026-09-25,"2026-09-16","Chicken - Breakfast Links - Each",2,10.5
262,2026-09-25,"2026-09-16","Chicken Links - Sundried Tomato - lbs",1,10.5
262,2026-09-25,"2026-09-16","Eggs - Dozen",2,6.5
262,2026-09-25,"2026-09-16","Ground Beef - D&M - Lb.",3,10.5
262,2026-09-25,"2026-09-16","Skirt Steak/lbs. - Each",2,29.82
262,2026-09-25,"2026-09-16","Extra Credit - Each",170.01,1.06
262,2026-09-25,"2026-09-16","Half",1,68.89
1038,2026-09-25,"2026-09-16","Milk - 2%  - Oz.",1,8.32
1038,2026-09-25,"2026-09-16","Yogurt - Greek Plain - Oz.",1,7.75
1038,2026-09-25,"2026-09-16","Mothership Pickup Time (4.0 @5-5:30) - @5-5:30",1,0
1038,2026-09-25,"2026-09-16","Mushrooms (1.0 Shiitake) - Shiitake",1,8
1038,2026-09-25,"2026-09-16","Extra Credit - Each",2.32,1.06
1038,2026-09-25,"2026-09-16","Mini",1,53.2
1039,2026-09-25,"2026-09-16","UCity Pickup Time (3.0 @5-5:30) - @5-5:30",1,0
1039,2026-09-25,"2026-09-16","Boneless Pork Chop - D&M /lb - Lb.",1,13.2
1039,2026-09-25,"2026-09-16","Chicken Thighs - Boneless/lb. - lbs",1,8.75
1039,2026-09-25,"2026-09-16","Eggs - Dozen",1,6.5
1039,2026-09-25,"2026-09-16","Pork - Breakfast Bulk - Pack",1,8.5
1039,2026-09-25,"2026-09-16","Extra Credit - Each",3.95,1.06
1039,2026-09-25,"2026-09-16","UCA/KWA",1,79.79
618,2026-09-25,"2026-09-16","Eggs - BW - Dozen",2,6.5
618,2026-09-25,"2026-09-16","Mothership Pickup Time (4.0 @5-5:30) - @5-5:30",1,0
618,2026-09-25,"2026-09-16","Apple Sauce - w/sugar - qt. - Jar",1,7.75
618,2026-09-25,"2026-09-16","Yogurt - Plain - Oz.",1,7.25
618,2026-09-25,"2026-09-16","Yogurt - Vanilla - Oz.",1,7.25
618,2026-09-25,"2026-09-16","Extra Credit - Each",13.5,1.06
618,2026-09-25,"2026-09-16","Mini",1,53.2
1830,2026-09-25,"2026-09-16","Ground Turkey - Pack",1,10.25
1830,2026-09-25,"2026-09-16","Bagels - Honey Buckwheat - BU - Bag",1,11.25
1830,2026-09-25,"2026-09-16","Hot Sauce - Green - Oz.",1,7.25
1830,2026-09-25,"2026-09-16","Mushrooms - Choice",1,8
1830,2026-09-25,"2026-09-16","Red Chile Sauce - Jar",1,12
1830,2026-09-25,"2026-09-16","Tortellini - Mushroom - Lb.",1,9.15
1830,2026-09-25,"2026-09-16","Extra Credit - Each",21.15,1.06
1830,2026-09-25,"2026-09-16","FSA/FSD",1,79.79
1830,2026-09-25,"2026-09-16","2% MILK",1,8.85
732,2026-09-25,"2026-09-16","Mothership Pickup Time (1.0 @3:30-4) - @3:30-4",1,0
732,2026-09-25,"2026-09-16","XO - Cooler Donation - $",1,1
732,2026-09-25,"2026-09-16","Mushrooms (1.0 Oyster) - Oyster",1,8
732,2026-09-25,"2026-09-16","Mushrooms (1.0 Shiitake) - Shiitake",1,8
732,2026-09-25,"2026-09-16","Okra  - Bag",1,6
732,2026-09-25,"2026-09-16","Onions - Red  - lbs",1,4
732,2026-09-25,"2026-09-16","Half",1,84.79
1968,2026-09-25,"2026-09-16","Eggs - BW - Dozen",1,6.5
1968,2026-09-25,"2026-09-16","Mothership Pickup Time (1.0 @3:30-4) - @3:30-4",1,0
1968,2026-09-25,"2026-09-16","XO - Cooler Donation - $",2,1
1968,2026-09-25,"2026-09-16","RL Chocolate Milk - Bottle",1,2.75
1968,2026-09-25,"2026-09-16","Watermelon - Seedless (1.0 Large) - Large",1,12
1968,2026-09-25,"2026-09-16","Extra Credit - Each",1.5,1.06
1968,2026-09-25,"2026-09-16","Mini",1,53.2
228,2026-09-25,"2026-09-16","Cheese Choice $6.75 - Each",1,6.75
228,2026-09-25,"2026-09-16","Mustard - Choice",1,6.5
228,2026-09-25,"2026-09-16","Pork - Bratwurst  - Pack",1,8.5
228,2026-09-25,"2026-09-16","Mini",1,53.2
1489,2026-09-25,"2026-09-16","Eggs - BW - Dozen",1,6.5
1489,2026-09-25,"2026-09-16","Mothership Pickup Time (3.0 @4:30-5) - @4:30-5",1,0
1489,2026-09-25,"2026-09-16","Arugula - Bag",1,4.25
1489,2026-09-25,"2026-09-16","Beets - Lb.",1,6.5
1489,2026-09-25,"2026-09-16","Hoagie - Wednesday - Each",1,3.5
1489,2026-09-25,"2026-09-16","Leeks - Bunch",1,6
1489,2026-09-25,"2026-09-16","Half",1,84.79
282,2026-09-25,"2026-09-16","Chicken - Links ($10.50) - Each",1,10.5
282,2026-09-25,"2026-09-16","Mushrooms - Choice",1,8
282,2026-09-25,"2026-09-16","Olive Oil Small - ML",1,8.5
282,2026-09-25,"2026-09-16","Half",1,84.79
1203,2026-09-25,"2026-09-16","Kale - Lacinato/Dinosaur - Bag",1,5
1203,2026-09-25,"2026-09-16","Okra  - Bag",1,6
1203,2026-09-25,"2026-09-16","Pork - Ground  - Lb.",1,7.5
1203,2026-09-25,"2026-09-16","Pork Breakfast Link D&M - Pack",1,8.5
1203,2026-09-25,"2026-09-16","Pork Hot Dogs - Each",1,7.5
1203,2026-09-25,"2026-09-16","Squash - Patty Pan - Lb.",1,4
1203,2026-09-25,"2026-09-16","Extra Credit - Each",1.75,1.06
1203,2026-09-25,"2026-09-16","FSA/FSD",1,79.79
444,2026-09-25,"2026-09-16","UCity Pickup Time - @4:10-4:30",1,0
444,2026-09-25,"2026-09-16","Halibut/lb.* - Pack",2,21.87
444,2026-09-25,"2026-09-16","Pretzel - UL Wednesday - Each",2,3.75
444,2026-09-25,"2026-09-16","RL Chocolate Milk - Bottle",2,2.75
444,2026-09-25,"2026-09-16","Squash - Patty Pan - Lb.",1,4
444,2026-09-25,"2026-09-16","Extra Credit - Each",27.74,1.06
444,2026-09-25,"2026-09-16","UCA/KWA",1,79.79
828,2026-09-25,"2026-09-16","Pizza - Tomato Basil Garlic  - Each",4,9.5
828,2026-09-25,"2026-09-16","UCity Pickup Time - @4:10-4:30",1,0
828,2026-09-25,"2026-09-16","Food for Ferals Donation - $",5,1
828,2026-09-25,"2026-09-16","Apple Cider - Pint - Pint",1,9.25
828,2026-09-25,"2026-09-16","Apple Cider 1/2 Gal - Half Gallon",1,7
828,2026-09-25,"2026-09-16","Apples - Cortland - Bag",1,5.75
828,2026-09-25,"2026-09-16","Buttermilk Waffles Sourdough - Frozen - Pack",2,5
828,2026-09-25,"2026-09-16","Eggs - Dozen",1,6.5
828,2026-09-25,"2026-09-16","Ground Beef - D&M - Lb.",1,10.5
828,2026-09-25,"2026-09-16","Hummus - Carrot & Ginger - Tub",1,6.75
828,2026-09-25,"2026-09-16","Okra  - Bag",1,6
828,2026-09-25,"2026-09-16","Tomatoes - Sungold - Pint",1,7
828,2026-09-25,"2026-09-16","Extra Credit - Each",111.75,1.06
1799,2026-09-25,"2026-09-16","Ground Turkey - Pack",1,10.25
1799,2026-09-25,"2026-09-16","Clean Plate Pantry Choice ($12) - Jar",1,12
1799,2026-09-25,"2026-09-16","Mushrooms - Choice",1,8
1799,2026-09-25,"2026-09-16","Pasta Wildcard $6.50 - Pack",1,6.5
1799,2026-09-25,"2026-09-16","FSA/FSD",1,79.79
1286,2026-09-25,"2026-09-16","Mothership Pickup Time (1.0 @3:30-4) - @3:30-4",1,0
1286,2026-09-25,"2026-09-16","Chicken - Links ($10.50) - Each",1,10.5
1286,2026-09-25,"2026-09-16","Chicken - Wings /lbs - Wee - lbs",1,16.94
1286,2026-09-25,"2026-09-16","Dark Chocolate Almond Bar - Pack",1,4.95
1286,2026-09-25,"2026-09-16","Manicotti - Spinach - Package",1,10.25
1286,2026-09-25,"2026-09-16","Extra Credit - Each",15.64,1.06
1286,2026-09-25,"2026-09-16","Half",1,84.79
1124,2026-09-25,"2026-09-16","Mothership Pickup Time (5.0 @5:30-6) - @5:30-6",1,0
1124,2026-09-25,"2026-09-16","Aged Cheddar - HBC - Each",1,6.75
1124,2026-09-25,"2026-09-16","Curds Creamy Ranch 10 oz - Bag",1,6.75
1124,2026-09-25,"2026-09-16","Hoagie - Wednesday - Each",1,3.5
1124,2026-09-25,"2026-09-16","Peppers - Colored Bell - 3-pack",1,4
1124,2026-09-25,"2026-09-16","Potatoes - Sweet - lbs",1,6
1124,2026-09-25,"2026-09-16","Half",1,84.79
296,2026-09-25,"2026-09-16","Chicken - Links ($10.50) - Each",1,10.5
296,2026-09-25,"2026-09-16","Mushrooms - Choice",1,8
296,2026-09-25,"2026-09-16","Olive Oil Small - ML",1,8.5
296,2026-09-25,"2026-09-16","Half",1,84.79
919,2026-09-25,"2026-09-16","Mothership Pickup Time (2.0 @4-4:30) - @4-4:30",1,0
919,2026-09-25,"2026-09-16","Chicken - Breakfast - Pack",2,10.5
919,2026-09-25,"2026-09-16","Chicken - Ground - Lb.",1,10.25
919,2026-09-25,"2026-09-16","Extra Credit - Each",4.25,1.06
919,2026-09-25,"2026-09-16","Half",1,84.79
1699,2026-09-25,"2026-09-16","UCity Pickup Time (3.0 @5-5:30) - @5-5:30",1,0
1699,2026-09-25,"2026-09-16","Flank Steak/lbs. - lbs",1,40.74
1699,2026-09-25,"2026-09-16","Light and Mild - Wednesday - Loaf",1,8.25
1699,2026-09-25,"2026-09-16","Potatoes - Sweet - lbs",1,6
1699,2026-09-25,"2026-09-16","Extra Credit - Each",21.99,1.06
1699,2026-09-25,"2026-09-16","UCA/KWA",1,79.79
570,2026-09-25,"2026-09-16","UCity Pickup Time - @4:10-4:30",1,0
570,2026-09-25,"2026-09-16","Chicken - Links ($10.50) - Each",1,10.5
570,2026-09-25,"2026-09-16","Mushrooms (1.0 Shiitake) - Shiitake",1,8
570,2026-09-25,"2026-09-16","Olive Oil Small - ML",1,8.5
570,2026-09-25,"2026-09-16","Half",1,68.89
1154,2026-09-25,"2026-09-16","Mothership Pickup Time (1.0 @3:30-4) - @3:30-4",1,0
1154,2026-09-25,"2026-09-16","Cantaloupe - Each",1,6.5
1154,2026-09-25,"2026-09-16","Pork Hot Dogs - Each",1,7.5
1154,2026-09-25,"2026-09-16","Ribs - Baby Back/lb. - Lb.",1,21.87
1154,2026-09-25,"2026-09-16","Extra Credit - Each",14.12,1.06
1154,2026-09-25,"2026-09-16","Mini",1,53.2
541,2026-09-25,"2026-09-16","Milk - 2%  - Oz.",1,8.32
541,2026-09-25,"2026-09-16","UCity Pickup Time - @4:10-4:30",1,0
541,2026-09-25,"2026-09-16","XO! Green Bags Donation - $",1,1
541,2026-09-25,"2026-09-16","Apples - Cortland - Bag",1,5.75
541,2026-09-25,"2026-09-16","Semolina - Wednesday - Loaf",1,7
541,2026-09-25,"2026-09-16","Watermelon - Seedless (1.0 Large) - Large",1,12
541,2026-09-25,"2026-09-16","Extra Credit - Each",1.07,1.06
541,2026-09-25,"2026-09-16","UCA/KWA",1,79.79
1559,2026-09-25,"2026-09-16","UCity Pickup Time (3.0 @5-5:30) - @5-5:30",1,0
1559,2026-09-25,"2026-09-16","Apples - Jonathan - Bag",1,5.75
1559,2026-09-25,"2026-09-16","Feta Cheese - HBC - Each",1,6.75
1559,2026-09-25,"2026-09-16","Mustard - Choice",1,6.5
1559,2026-09-25,"2026-09-16","Olive Oil Small - ML",1,8.5
1559,2026-09-25,"2026-09-16","Pork - Bratwurst  - Pack",1,8.5
1559,2026-09-25,"2026-09-16","Extra Credit - Each",14.25,1.06
1559,2026-09-25,"2026-09-16","Mini",1,53.2
788,2026-09-25,"2026-09-16","Milk - Creamline - Oz.",1,8.32
788,2026-09-25,"2026-09-16","Semolina - Wednesday - Loaf",1,7
788,2026-09-25,"2026-09-16","Extra Credit - Each",15.32,1.06
1622,2026-09-25,"2026-09-16","Mothership Pickup Time (1.0 @3:30-4) - @3:30-4",1,0
1622,2026-09-25,"2026-09-16","Black Pepper Cheddar - Each",1,6.75
1622,2026-09-25,"2026-09-16","Date Chocolate Spread - Jar",1,12
1622,2026-09-25,"2026-09-16","Pork - Bratwurst  - Pack",1,8.5
1622,2026-09-25,"2026-09-16","Extra Credit - Each",5.5,1.06
1622,2026-09-25,"2026-09-16","Mini",1,53.2
1098,2026-09-25,"2026-09-16","Eggs - BW - Dozen",1,6.5
1098,2026-09-25,"2026-09-16","XO - Cooler Donation - $",1,1
1098,2026-09-25,"2026-09-16","Beets - Lb.",1,6.5
1098,2026-09-25,"2026-09-16","Candy Onions - lbs",1,3.5
1098,2026-09-25,"2026-09-16","Chicken Links - Sundried Tomato - lbs",1,10.5
1098,2026-09-25,"2026-09-16","Ground Beef - D&M - Lb.",1,10.5
1098,2026-09-25,"2026-09-16","Hummus - Garlic - Tub",1,6.75
1098,2026-09-25,"2026-09-16","Okra  - Bag",1,6
1098,2026-09-25,"2026-09-16","Peppers - Colored Bell - 3-pack",1,4
1098,2026-09-25,"2026-09-16","Semolina - Wednesday - Loaf",1,7
1098,2026-09-25,"2026-09-16","Extra Credit - Each",38,1.06
1098,2026-09-25,"2026-09-16","Mini",1,53.2
557,2026-09-25,"2026-09-16","Mothership Pickup Time (1.0 @3:30-4) - @3:30-4",1,0
557,2026-09-25,"2026-09-16","Chicken Breasts /lb. - Pack",1,11.05
557,2026-09-25,"2026-09-16","Mushrooms (1.0 Oyster) - Oyster",1,8
557,2026-09-25,"2026-09-16","Pasta Wildcard $6.50 - Pack",1,6.5
557,2026-09-25,"2026-09-16","Popcorn - McKaskle - Lb.",1,5.75
557,2026-09-25,"2026-09-16","Popped Corn - Organic - Bag",1,3
557,2026-09-25,"2026-09-16","Rice - Brown - Lb.",1,6.5
557,2026-09-25,"2026-09-16","Extra Credit - Each",4.05,1.06
557,2026-09-25,"2026-09-16","FSA/FSD",1,79.79
288,2026-09-25,"2026-09-16","Mothership Pickup Time - @6:30-7",1,0
288,2026-09-25,"2026-09-16","Chicken - Breakfast - Pack",1,10.5
288,2026-09-25,"2026-09-16","Eggs - Dozen",1,6.5
288,2026-09-25,"2026-09-16","English Muffin Sourdough - Frozen - Pack",1,5
288,2026-09-25,"2026-09-16","Extra Credit - Each",0.25,1.06
288,2026-09-25,"2026-09-16","Mini",1,53.2
391,2026-09-25,"2026-09-16","Cheese Choice $6.75 - Each",1,6.75
391,2026-09-25,"2026-09-16","Mustard - Choice",1,6.5
391,2026-09-25,"2026-09-16","Pork - Bratwurst  - Pack",1,8.5
391,2026-09-25,"2026-09-16","Pork Snack Sticks - 5 pk - Plain",1,10.3
391,2026-09-25,"2026-09-16","Extra Credit - Each",10.3,1.06
391,2026-09-25,"2026-09-16","Mini",1,53.2
824,2026-09-25,"2026-09-16","Chicken - Big Bag Deboned Thighs/lb. - Bag",1,42.57
824,2026-09-25,"2026-09-16","Aged Cheddar - HBC - Each",1,6.75
824,2026-09-25,"2026-09-16","Cheese Choice $6.75 - Each",1,6.75
824,2026-09-25,"2026-09-16","Extra Credit - Each",34.32,1.06
824,2026-09-25,"2026-09-16","Mini",1,53.2
431,2026-09-25,"2026-09-16","Chicken - Links ($10.50) - Each",1,10.5
431,2026-09-25,"2026-09-16","Mushrooms - Choice",1,8
431,2026-09-25,"2026-09-16","Olive Oil Small - ML",1,8.5
431,2026-09-25,"2026-09-16","Half",1,84.79
100,2026-09-25,"2026-09-16","Chicken - Big Bag Deboned Thighs/lb. - Bag",1,40.59
100,2026-09-25,"2026-09-16","Mothership Pickup Time (3.0 @4:30-5) - @4:30-5",1,0
100,2026-09-25,"2026-09-16","Ground Beef - D&M - Lb.",1,10.5
100,2026-09-25,"2026-09-16","Pork - Ground  - Lb.",1,7.5
100,2026-09-25,"2026-09-16","Extra Credit - Each",36.84,1.06
100,2026-09-25,"2026-09-16","Mini",1,53.2
1284,2026-09-25,"2026-09-16","Food Pantry Donation - $",1,1
1284,2026-09-25,"2026-09-16","XO - Cooler Donation - $",1,1
1284,2026-09-25,"2026-09-16","Eggs - Dozen",1,6.5
1284,2026-09-25,"2026-09-16","Kale - Lacinato/Dinosaur - Bag",1,5
1284,2026-09-25,"2026-09-16","Pork Italian Links - D&M - Each",1,8.5
1284,2026-09-25,"2026-09-16","Squash - Summer - Each",1,3
1284,2026-09-25,"2026-09-16","Squash - Zephyr - Share",1,4
1284,2026-09-25,"2026-09-16","Tomatoes - Slicing - Bag",1,6.5
1284,2026-09-25,"2026-09-16","Extra Credit - Each",35.5,1.06
99,2026-09-25,"2026-09-16","Ground Turkey - Pack",1,10.25
99,2026-09-25,"2026-09-16","Mothership Pickup Time (4.0 @5-5:30) - @5-5:30",1,0
99,2026-09-25,"2026-09-16","Chicken - Breakfast - Pack",1,10.5
99,2026-09-25,"2026-09-16","Kale - Lacinato/Dinosaur - Bag",1,5
99,2026-09-25,"2026-09-16","Maple Syrup 12 oz. - Jar",1,13
99,2026-09-25,"2026-09-16","Winter Squash - Delicata (1.0 Medium) - Medium",2,3
99,2026-09-25,"2026-09-16","Extra Credit - Each",8,1.06
484,2026-09-25,"2026-09-16","Ground Turkey - Pack",1,10.25
484,2026-09-25,"2026-09-16","Clean Plate Pantry Choice ($12) - Jar",1,12
484,2026-09-25,"2026-09-16","Mushrooms - Choice",1,8
484,2026-09-25,"2026-09-16","Pasta Wildcard $6.50 - Pack",1,6.5
484,2026-09-25,"2026-09-16","FSA/FSD",1,79.79
543,2026-09-25,"2026-09-16","UCity Pickup Time (2.0 @4:30-5) - @4:30-5",1,0
543,2026-09-25,"2026-09-16","XO! Green Bags Donation - $",1,1
543,2026-09-25,"2026-09-16","Chicken Thighs - Big Bag/lb. - Pack",1,29.67
543,2026-09-25,"2026-09-16","Cucumbers - Slicing - Each",1,2
543,2026-09-25,"2026-09-16","Mustard - Choice",1,6.5
543,2026-09-25,"2026-09-16","Onions - Red  - lbs",1,4
543,2026-09-25,"2026-09-16","Peppers - Cayenne (Hot) - Bag",1,3
543,2026-09-25,"2026-09-16","Extra Credit - Each",24.42,1.06
543,2026-09-25,"2026-09-16","Mini",1,53.2
925,2026-09-25,"2026-09-16","Cucumbers - Pickling - Bag",1,3.5
925,2026-09-25,"2026-09-16","UCity Pickup Time (3.0 @5-5:30) - @5-5:30",1,0
925,2026-09-25,"2026-09-16","Donation to Food Pantry - Each",1,1
925,2026-09-25,"2026-09-16","Okra  - Bag",1,6
925,2026-09-25,"2026-09-16","Semolina - Wednesday - Loaf",1,7
925,2026-09-25,"2026-09-16","Thick Cut Dill Pickles - Quart",1,7.75
925,2026-09-25,"2026-09-16","Tomatoes - Sungold - Pint",1,7
925,2026-09-25,"2026-09-16","UCA/KWA",1,79.79
401,2026-09-25,"2026-09-16","Mothership Pickup Time (1.0 @3:30-4) - @3:30-4",1,0
401,2026-09-25,"2026-09-16","Cantaloupe - Each",1,6.5
401,2026-09-25,"2026-09-16","Mushrooms (1.0 Lion's Mane) - Lion's Mane",1,8
401,2026-09-25,"2026-09-16","Mushrooms (1.0 Maitake (Hen of the Woods)) - Maitake (Hen of the Woods)",1,8
401,2026-09-25,"2026-09-16","Peppers - Banana - 4-pack",2,4.25
401,2026-09-25,"2026-09-16","Peppers - Colored Bell - 3-pack",1,4
401,2026-09-25,"2026-09-16","Peppers - Lunchbox - Bag",2,7
401,2026-09-25,"2026-09-16","Peppers - Sweet Habanada - Bag",2,3.5
401,2026-09-25,"2026-09-16","Tomatoes - Funky Bunch - Pint",2,7
401,2026-09-25,"2026-09-16","Tomatoes - Sungold - Pint",2,7
401,2026-09-25,"2026-09-16","Extra Credit - Each",62.25,1.06
401,2026-09-25,"2026-09-16","Mini",1,53.2
1997,2026-09-25,"2026-09-16","Chicken - Links ($10.50) - Each",1,10.5
1997,2026-09-25,"2026-09-16","Mushrooms - Choice",1,8
1997,2026-09-25,"2026-09-16","Olive Oil Small - ML",1,8.5
1997,2026-09-25,"2026-09-16","Half",1,68.89
999,2026-09-25,"2026-09-16","Ground Turkey - Pack",1,10.25
999,2026-09-25,"2026-09-16","Half & Half - Pint",1,4.75
999,2026-09-25,"2026-09-16","Mothership Pickup Time (2.0 @4-4:30) - @4-4:30",1,0
999,2026-09-25,"2026-09-16","Food for Ferals Donation - $",1,1
999,2026-09-25,"2026-09-16","Clean Plate Pantry Choice ($12) - Jar",1,12
999,2026-09-25,"2026-09-16","Mushrooms - Choice",1,8
999,2026-09-25,"2026-09-16","Pasta Wildcard $6.50 - Pack",1,6.5
999,2026-09-25,"2026-09-16","Extra Credit - Each",5.75,1.06
999,2026-09-25,"2026-09-16","FSA/FSD",1,79.79
1923,2026-09-25,"2026-09-16","Eggs - Dozen",1,6.5
1923,2026-09-25,"2026-09-16","Kairos Sourdough Choice $5 - Pack",1,5
1923,2026-09-25,"2026-09-16","Maple Syrup 12 oz. - Jar",1,13
1923,2026-09-25,"2026-09-16","Pork - Breakfast Bulk - Pack",1,8.5
1923,2026-09-25,"2026-09-16","UCA/KWA",1,79.79
1174,2026-09-25,"2026-09-16","Mothership Pickup Time (1.0 @3:30-4) - @3:30-4",1,0
1174,2026-09-25,"2026-09-16","Bagels - Blueberry - BU - Bag",1,11.25
1174,2026-09-25,"2026-09-16","Eggs - Dozen",1,6.5
1174,2026-09-25,"2026-09-16","Milk Chocolate Toasted Missouri Pecan Bark - Package",1,7.5
1174,2026-09-25,"2026-09-16","Mushrooms (1.0 Maitake (Hen of the Woods)) - Maitake (Hen of the Woods)",1,8
1174,2026-09-25,"2026-09-16","Extra Credit - Each",6.25,1.06
1174,2026-09-25,"2026-09-16","Half",1,84.79
1879,2026-09-25,"2026-09-16","Mothership Pickup Time (3.0 @4:30-5) - @4:30-5",1,0
1879,2026-09-25,"2026-09-16","Apples - Cortland - Bag",1,5.75
1879,2026-09-25,"2026-09-16","Black Pepper Cheddar - Each",1,6.75
1879,2026-09-25,"2026-09-16","Mustard (1.0 Onion) - Onion",1,6.5
1879,2026-09-25,"2026-09-16","Pork - Bratwurst  - Pack",1,8.5
1879,2026-09-25,"2026-09-16","Extra Credit - Each",5.75,1.06
1879,2026-09-25,"2026-09-16","Mini",1,53.2
727,2026-09-25,"2026-09-16","UCity Pickup Time - @4:10-4:30",1,0
727,2026-09-25,"2026-09-16","Apple Cider 1/2 Gal - Half Gallon",1,7
727,2026-09-25,"2026-09-16","Bagels - Blueberry - BU - Bag",1,11.25
727,2026-09-25,"2026-09-16","Bagels - Egg - BU - Bag",1,11.25
727,2026-09-25,"2026-09-16","Eggs - Dozen",1,6.5
727,2026-09-25,"2026-09-16","Ground Beef - D&M - Lb.",1,10.5
727,2026-09-25,"2026-09-16","Maple Syrup 12 oz. - Jar",1,13
727,2026-09-25,"2026-09-16","Peppers - Colored Bell - 3-pack",1,4
727,2026-09-25,"2026-09-16","Pork - Breakfast Bulk - Pack",1,8.5
727,2026-09-25,"2026-09-16","Potatoes - Sweet - lbs",1,6
727,2026-09-25,"2026-09-16","Watermelon - Seedless (1.0 Large) - Large",1,12
727,2026-09-25,"2026-09-16","Winter Squash - Delicata (1.0 Medium) - Medium",2,3
727,2026-09-25,"2026-09-16","Extra Credit - Each",63,1.06
727,2026-09-25,"2026-09-16","UCA/KWA",1,79.79
526,2026-09-25,"2026-09-16","UCity Pickup Time - @4:10-4:30",1,0
526,2026-09-25,"2026-09-16","Pork Chop Bone-in /lb. - Lb.",1,23.82
526,2026-09-25,"2026-09-16","Eggs - Dozen",1,6.5
526,2026-09-25,"2026-09-16","Light and Mild - Wednesday - Loaf",1,8.25
526,2026-09-25,"2026-09-16","RL Chocolate Milk - Bottle",2,2.75
526,2026-09-25,"2026-09-16","Extra Credit - Each",11.07,1.06
526,2026-09-25,"2026-09-16","UCA/KWA",1,79.79
42,2026-09-25,"2026-09-16","UCity Pickup Time - @4:10-4:30",1,0
42,2026-09-25,"2026-09-16","Chevre PF (1.0 Plain) - Plain",1,8.5
42,2026-09-25,"2026-09-16","Chicken Breasts /lb. - Pack",1,11.9
42,2026-09-25,"2026-09-16","Cucumbers - Slicing - Each",1,2
42,2026-09-25,"2026-09-16","Eggs - Dozen",1,6.5
42,2026-09-25,"2026-09-16","Ground Beef - D&M - Lb.",1,10.5
42,2026-09-25,"2026-09-16","Marinara Sauce - Jar",1,8.75
42,2026-09-25,"2026-09-16","Extra Credit - Each",15.15,1.06
42,2026-09-25,"2026-09-16","UCA/KWA",1,79.79
1030,2026-09-25,"2026-09-16","UCity Pickup Time (3.0 @5-5:30) - @5-5:30",1,0
1030,2026-09-25,"2026-09-16","Eggs - Dozen",1,6.5
1030,2026-09-25,"2026-09-16","Maple Syrup 12 oz. - Jar",1,13
1030,2026-09-25,"2026-09-16","Oat Porridge Bread - Wednesday - Loaf",1,9
1030,2026-09-25,"2026-09-16","Yogurt - Plain - Oz.",1,7.25
1030,2026-09-25,"2026-09-16","Extra Credit - Each",2.75,1.06
1030,2026-09-25,"2026-09-16","UCA/KWA",1,79.79
1448,2026-09-25,"2026-09-16","Ground Turkey - Pack",1,10.25
1448,2026-09-25,"2026-09-16","Jam - Apricot HBY - Pint",1,7.75
1448,2026-09-25,"2026-09-16","Onions - Red  - lbs",1,4
1448,2026-09-25,"2026-09-16","Extra Credit - Each",0.25,1.06
1448,2026-09-25,"2026-09-16","Mini",1,53.2
145,2026-09-25,"2026-09-16","Mothership Pickup Time (1.0 @3:30-4) - @3:30-4",1,0
145,2026-09-25,"2026-09-16","Blue Potatoes - Bag",1,4.5
145,2026-09-25,"2026-09-16","Gnocchi - Garlic Chive  - Lb.",1,6.5
145,2026-09-25,"2026-09-16","Kale - Green Curly - Bag",1,5
145,2026-09-25,"2026-09-16","Potatoes - Sweet - lbs",1,6
145,2026-09-25,"2026-09-16","Extra Credit - Each",0.25,1.06
145,2026-09-25,"2026-09-16","Mini",1,53.2
863,2026-09-25,"2026-09-16","Ground Turkey - Pack",1,10.25
863,2026-09-25,"2026-09-16","Mothership Pickup Time (6.0 @6-6:30) - @6-6:30",1,0
863,2026-09-25,"2026-09-16","Mushrooms (1.0 Shiitake) - Shiitake",1,8
863,2026-09-25,"2026-09-16","Ravioli - Goat Cheese  - Lb.",1,9.15
863,2026-09-25,"2026-09-16","Ravioli - Mushroom  - Lb.",1,9.15
863,2026-09-25,"2026-09-16","FSA/FSD",1,79.79
190,2026-09-25,"2026-09-16","Mothership Pickup Time (3.0 @4:30-5) - @4:30-5",1,0
190,2026-09-25,"2026-09-16","Apples - Jonathan - Bag",1,5.75
190,2026-09-25,"2026-09-16","Bacon - Uncured/lb - Pack",1,15.86
190,2026-09-25,"2026-09-16","Queso Quesadilla - HBC - Each",1,6.75
190,2026-09-25,"2026-09-16","Radishes - Mini Daikon - Bunch",1,4
190,2026-09-25,"2026-09-16","Watermelon - Seedless (1.0 Large) - Large",1,12
190,2026-09-25,"2026-09-16","Yogurt - Vanilla - Oz.",1,7.25
190,2026-09-25,"2026-09-16","Extra Credit - Each",29.86,1.06
190,2026-09-25,"2026-09-16","Mini",1,53.2
911,2026-09-25,"2026-09-16","Chicken - Links ($10.50) - Each",1,10.5
911,2026-09-25,"2026-09-16","Mushrooms - Choice",1,8
911,2026-09-25,"2026-09-16","Olive Oil Small - ML",1,8.5
911,2026-09-25,"2026-09-16","Half",1,68.89
962,2026-09-25,"2026-09-16","Eggs - BW - Dozen",1,6.5
962,2026-09-25,"2026-09-16","Jam - Red Cherry HBY - Pint",1,7.75
962,2026-09-25,"2026-09-16","Mothership Pickup Time (5.0 @5:30-6) - @5:30-6",1,0
962,2026-09-25,"2026-09-16","Cantaloupe - Each",1,6.5
962,2026-09-25,"2026-09-16","Crunchy Peanut Butter - Jar",1,7.75
962,2026-09-25,"2026-09-16","English Muffin Sourdough - Frozen - Pack",1,5
962,2026-09-25,"2026-09-16","Peppers - Colored Bell - 3-pack",1,4
962,2026-09-25,"2026-09-16","Extra Credit - Each",10.5,1.06
962,2026-09-25,"2026-09-16","Half",1,84.79
125,2026-09-25,"2026-09-16","Watermelon - Seeded (1.0 XL) - XL",1,8.75
125,2026-09-25,"2026-09-16","Almonds - Salted - Oz.",1,14.75
125,2026-09-25,"2026-09-16","Cashews Salted - Oz.",1,21.5
125,2026-09-25,"2026-09-16","Arugula - Bag",1,4.25
125,2026-09-25,"2026-09-16","Chicken - Whole $5.00/lb. - Each",1,21.2
125,2026-09-25,"2026-09-16","Kale - Lacinato/Dinosaur - Bag",2,5
125,2026-09-25,"2026-09-16","Onions - Red  - lbs",1,4
125,2026-09-25,"2026-09-16","Tomatoes - Funky Bunch - Pint",1,7
125,2026-09-25,"2026-09-16","Tomatoes - Slicing - Bag",1,6.5
125,2026-09-25,"2026-09-16","Tomatoes - Sungold - Pint",1,7
125,2026-09-25,"2026-09-16","Extra Credit - Each",71.95,1.06
125,2026-09-25,"2026-09-16","UCA/KWA",1,79.79
256,2026-09-25,"2026-09-16","Mothership Pickup Time (6.0 @6-6:30) - @6-6:30",1,0
256,2026-09-25,"2026-09-16","Aged Cheddar - HBC - Each",1,6.75
256,2026-09-25,"2026-09-16","Beets - Lb.",1,6.5
256,2026-09-25,"2026-09-16","Mustard (1.0 Horseradish) - Horseradish",1,6.5
256,2026-09-25,"2026-09-16","Pork - Bratwurst  - Pack",1,8.5
256,2026-09-25,"2026-09-16","Tomatoes - Sungold - Pint",1,7
256,2026-09-25,"2026-09-16","Extra Credit - Each",13.5,1.06
256,2026-09-25,"2026-09-16","Mini",1,53.2
235,2026-09-25,"2026-09-16","Eggs - BW - Dozen",1,6.5
235,2026-09-25,"2026-09-16","Apples - Jonathan - Bag",1,5.75
235,2026-09-25,"2026-09-16","Chicken Breasts /lb. - Pack",1,10.03
235,2026-09-25,"2026-09-16","Chicken Thighs - Boneless/lb. - lbs",1,9.1
235,2026-09-25,"2026-09-16","Janie's Bread - Wednesday - Each",1,7
235,2026-09-25,"2026-09-16","Potatoes - Sweet - lbs",1,6
235,2026-09-25,"2026-09-16","Extra Credit - Each",22.63,1.06
235,2026-09-25,"2026-09-16","Mini",1,53.2
1512,2026-09-25,"2026-09-16","UCity Pickup Time - @4:10-4:30",1,0
1512,2026-09-25,"2026-09-16","Black Pepper Cheddar - Each",2,6.75
1512,2026-09-25,"2026-09-16","Mushrooms - Choice",1,8
1512,2026-09-25,"2026-09-16","Olive Oil Small - ML",1,8.5
1512,2026-09-25,"2026-09-16","Extra Credit - Each",3,1.06
1512,2026-09-25,"2026-09-16","Half",1,68.89
356,2026-09-25,"2026-09-16","UCity Pickup Time (3.0 @5-5:30) - @5-5:30",1,0
356,2026-09-25,"2026-09-16","Chicken Breasts /lb. - Pack",1,10.03
356,2026-09-25,"2026-09-16","Pork - Bratwurst  - Pack",1,8.5
356,2026-09-25,"2026-09-16","Pretzel - UL Wednesday - Each",2,3.75
356,2026-09-25,"2026-09-16","Extra Credit - Each",4.28,1.06
356,2026-09-25,"2026-09-16","Mini",1,53.2
520,2026-09-25,"2026-09-16","UCity Pickup Time - @4:10-4:30",1,0
520,2026-09-25,"2026-09-16","Apples - Cortland - Bag",1,5.75
520,2026-09-25,"2026-09-16","Arugula - Bag",1,4.25
520,2026-09-25,"2026-09-16","Cantaloupe - Each",1,6.5
520,2026-09-25,"2026-09-16","Tomatoes - Slicing - Bag",1,6.5
520,2026-09-25,"2026-09-16","Mini",1,53.2
520,2026-09-25,"2026-09-16","Whole MILK",1,8.85
156,2026-09-25,"2026-09-16","Mothership Pickup Time (5.0 @5:30-6) - @5:30-6",1,0
156,2026-09-25,"2026-09-16","Food for Ferals Donation - $",1,1
156,2026-09-25,"2026-09-16","XO - Cooler Donation - $",1,1
156,2026-09-25,"2026-09-16","Cantaloupe - Each",1,6.5
156,2026-09-25,"2026-09-16","Mushrooms (1.0 Shiitake) - Shiitake",1,8
156,2026-09-25,"2026-09-16","Peppers - Jalapenos - 5-pack",1,3.5
156,2026-09-25,"2026-09-16","Tomatoes - Funky Bunch - Pint",1,7
156,2026-09-25,"2026-09-16","Half",1,84.79
709,2026-09-25,"2026-09-16","Ground Turkey - Pack",1,10.25
709,2026-09-25,"2026-09-16","Clean Plate Pantry Choice ($12) - Jar",1,12
709,2026-09-25,"2026-09-16","Milk Choc. Peanut Butter Bark - Pack",1,7.5
709,2026-09-25,"2026-09-16","Mushrooms - Choice",1,8
709,2026-09-25,"2026-09-16","Pasta Wildcard $6.50 - Pack",1,6.5
709,2026-09-25,"2026-09-16","Pate de Fruit - Package",1,9.7
709,2026-09-25,"2026-09-16","Toffee - Package",1,7.5
709,2026-09-25,"2026-09-16","Extra Credit - Each",24.7,1.06
709,2026-09-25,"2026-09-16","FSA/FSD",1,79.79
709,2026-09-25,"2026-09-16","Whole MILK",1,8.85
1355,2026-09-25,"2026-09-16","Eggs - BW - Dozen",2,6.5
1355,2026-09-25,"2026-09-16","Chicken - Links ($10.50) - Each",1,10.5
1355,2026-09-25,"2026-09-16","Mushrooms - Choice",1,8
1355,2026-09-25,"2026-09-16","Olive Oil Small - ML",1,8.5
1355,2026-09-25,"2026-09-16","Extra Credit - Each",13,1.06
1355,2026-09-25,"2026-09-16","Half",1,84.79
1355,2026-09-25,"2026-09-16","Eggs - Buttonwood",2,6.65
1355,2026-09-25,"2026-09-16","Whole MILK-o",1,8.85
1272,2026-09-25,"2026-09-16","Mothership Pickup Time (3.0 @4:30-5) - @4:30-5",1,0
1272,2026-09-25,"2026-09-16","Apples - Jonathan - Bag",1,5.75
1272,2026-09-25,"2026-09-16","Cantaloupe - Each",1,6.5
1272,2026-09-25,"2026-09-16","Eggs - Dozen",1,6.5
1272,2026-09-25,"2026-09-16","Pork Shoulder/lb. - Each",1,60.2
1272,2026-09-25,"2026-09-16","Watermelon - Seedless (1.0 Large) - Large",1,12
1272,2026-09-25,"2026-09-16","Extra Credit - Each",63.95,1.06
1272,2026-09-25,"2026-09-16","Half",1,84.79
763,2026-09-25,"2026-09-16","Ground Turkey - Pack",1,10.25
763,2026-09-25,"2026-09-16","Clean Plate Pantry Choice ($12) - Jar",1,12
763,2026-09-25,"2026-09-16","Mushrooms - Choice",1,8
763,2026-09-25,"2026-09-16","Pasta Wildcard $6.50 - Pack",1,6.5
763,2026-09-25,"2026-09-16","FSA/FSD",1,79.79
598,2026-09-25,"2026-09-16","Eggs - Dozen",1,6.5
598,2026-09-25,"2026-09-16","Pasta Bi-color Short - Lb.",1,6.5
598,2026-09-25,"2026-09-16","Pork - Bratwurst  - Pack",1,8.5
598,2026-09-25,"2026-09-16","Mini",1,53.2
1707,2026-09-25,"2026-09-16","Mothership Pickup Time (2.0 @4-4:30) - @4-4:30",1,0
1707,2026-09-25,"2026-09-16","Aged Cheddar - HBC - Each",1,6.75
1707,2026-09-25,"2026-09-16","Hoagie - Wednesday - Each",1,3.5
1707,2026-09-25,"2026-09-16","Pasta - Short Egg  - Lb.",1,6.5
1707,2026-09-25,"2026-09-16","Tomatoes - Sungold - Pint",1,7
1707,2026-09-25,"2026-09-16","Extra Credit - Each",2,1.06
1707,2026-09-25,"2026-09-16","Mini",1,53.2
423,2026-09-25,"2026-09-16","Pizza - Pepperoni  - Each",1,9.5
423,2026-09-25,"2026-09-16","Mothership Pickup Time (6.0 @6-6:30) - @6-6:30",1,0
423,2026-09-25,"2026-09-16","Tomatoes - San Manzano - lbs",1,3.75
423,2026-09-25,"2026-09-16","Candy Onions - lbs",2,3.5
423,2026-09-25,"2026-09-16","Hoagie - T - Each",1,3.5
423,2026-09-25,"2026-09-16","Tomatoes - Heirloom - Bag",1,8
423,2026-09-25,"2026-09-16","Yogurt - Vanilla - Oz.",1,7.25
423,2026-09-25,"2026-09-16","Extra Credit - Each",2.25,1.06
423,2026-09-25,"2026-09-16","FSA/FSD",1,79.79
1459,2026-09-25,"2026-09-16","Mothership Pickup Time (5.0 @5:30-6) - @5:30-6",1,0
1459,2026-09-25,"2026-09-16","Chicken Links - Andouille  - Lb.",1,10.5
1459,2026-09-25,"2026-09-16","Mushrooms - Choice",1,8
1459,2026-09-25,"2026-09-16","Olive Oil Small - ML",1,8.5
1459,2026-09-25,"2026-09-16","Pizza Sauce - Jar",1,6.75
1459,2026-09-25,"2026-09-16","Vinaigrette - Greek Style - Bottle",1,6.25
1459,2026-09-25,"2026-09-16","Extra Credit - Each",13,1.06
1459,2026-09-25,"2026-09-16","Half",1,84.79
1577,2026-09-25,"2026-09-16","Watermelon - Seeded (1.0 XL) - XL",1,8.75
1577,2026-09-25,"2026-09-16","Apples - Cortland - Bag",1,5.75
1577,2026-09-25,"2026-09-16","Arugula - Bag",1,4.25
1577,2026-09-25,"2026-09-16","Cantaloupe - Each",1,6.5
1577,2026-09-25,"2026-09-16","Oat Porridge Bread - Wednesday - Loaf",1,9
1577,2026-09-25,"2026-09-16","Pretzel - UL Thursday  - Each",1,3.75
1577,2026-09-25,"2026-09-16","Tomatoes - Sungold - Pint",1,7
1577,2026-09-25,"2026-09-16","Extra Credit - Each",23.25,1.06
1577,2026-09-25,"2026-09-16","Mini",1,53.2
1577,2026-09-25,"2026-09-16","Whole MILK",1,8.85
1627,2026-09-25,"2026-09-16","Mothership Pickup Time (5.0 @5:30-6) - @5:30-6",1,0
1627,2026-09-25,"2026-09-16","Chicken Thighs - Boneless/lb. - lbs",1,8.93
1627,2026-09-25,"2026-09-16","Eggs - Dozen",1,6.5
1627,2026-09-25,"2026-09-16","Kale - Lacinato/Dinosaur - Bag",1,5
1627,2026-09-25,"2026-09-16","Mushrooms - Choice",1,8
1627,2026-09-25,"2026-09-16","Pork - Bratwurst  - Pack",1,8.5
1627,2026-09-25,"2026-09-16","Extra Credit - Each",0.18,1.06
1627,2026-09-25,"2026-09-16","FSA/FSD",1,79.79
322,2026-09-25,"2026-09-16","Eggs - Dozen",1,6.5
322,2026-09-25,"2026-09-16","English Muffin Sourdough - Frozen - Pack",1,5
322,2026-09-25,"2026-09-16","Pork Italian Bulk - D&M - Lb.",1,8.5
322,2026-09-25,"2026-09-16","Potatoes - Sweet - lbs",1,6
322,2026-09-25,"2026-09-16","Rice - Brown - Lb.",1,6.5
322,2026-09-25,"2026-09-16","UCA/KWA",1,79.79
681,2026-09-25,"2026-09-16","Cucumbers - Pickling - Bag",1,3.5
681,2026-09-25,"2026-09-16","Winter Squash - Acorn (1.0 Medium) - Medium",1,2.5
681,2026-09-25,"2026-09-16","Beets - Lb.",1,6.5
681,2026-09-25,"2026-09-16","Kairos Sourdough Choice $5 - Pack",1,5
681,2026-09-25,"2026-09-16","Pork - Breakfast Bulk - Pack",1,8.5
681,2026-09-25,"2026-09-16","Yogurt - Vanilla - Oz.",1,7.25
681,2026-09-25,"2026-09-16","Extra Credit - Each",0.25,1.06
681,2026-09-25,"2026-09-16","UCA/KWA",1,79.79
430,2026-09-25,"2026-09-16","UCity Pickup Time (2.0 @4:30-5) - @4:30-5",1,0
430,2026-09-25,"2026-09-16","Bagels - Poppy Seed - BU - Bag",1,11.25
430,2026-09-25,"2026-09-16","Curds Garlic Herb HBC 10 oz  - Bag",1,6.75
430,2026-09-25,"2026-09-16","Lamb Gyro Seasoned - Lb.",1,18
430,2026-09-25,"2026-09-16","Extra Credit - Each",9,1.06
430,2026-09-25,"2026-09-16","Half",1,84.79
1048,2026-09-25,"2026-09-16","Cucumbers - Pickling - Bag",1,3.5
1048,2026-09-25,"2026-09-16","UCity Pickup Time (2.0 @4:30-5) - @4:30-5",1,0
1048,2026-09-25,"2026-09-16","Pork - Ground  - Lb.",3,7.5
1048,2026-09-25,"2026-09-16","Tomatoes - Sungold - Pint",1,7
1048,2026-09-25,"2026-09-16","UCA/KWA",1,79.79
1255,2026-09-25,"2026-09-16","Eggs - BW - Dozen",1,6.5
1255,2026-09-25,"2026-09-16","Mothership Pickup Time (3.0 @4:30-5) - @4:30-5",1,0
1255,2026-09-25,"2026-09-16","Chicken Links - Apple Cinnamon - Lb.",1,10.5
1255,2026-09-25,"2026-09-16","Mushrooms (1.0 Shiitake) - Shiitake",1,8
1255,2026-09-25,"2026-09-16","Sesame Hoagie -W - Each",1,3.8
1255,2026-09-25,"2026-09-16","Mini",1,53.2
1255,2026-09-25,"2026-09-16","2% MILK",1,8.85
1255,2026-09-25,"2026-09-16","Half & Half",1,5.05
1162,2026-09-25,"2026-09-16","Cheese Choice $6.75 - Each",1,6.75
1162,2026-09-25,"2026-09-16","Mustard - Choice",1,6.5
1162,2026-09-25,"2026-09-16","Pork - Bratwurst  - Pack",1,8.5
1162,2026-09-25,"2026-09-16","Mini",1,53.2
465,2026-09-25,"2026-09-16","Bacon - Each",1,13.5
465,2026-09-25,"2026-09-16","Pork - Bratwurst  - Pack",1,8.5
465,2026-09-25,"2026-09-16","Extra Credit - Each",0.25,1.06
465,2026-09-25,"2026-09-16","Mini",1,53.2
162,2026-09-25,"2026-09-16","UCity Pickup Time (3.0 @5-5:30) - @5-5:30",1,0
162,2026-09-25,"2026-09-16","Mushrooms - Choice",1,8
162,2026-09-25,"2026-09-16","Squash - Patty Pan - Lb.",1,4
162,2026-09-25,"2026-09-16","Squash - Summer - Each",1,3
162,2026-09-25,"2026-09-16","Squash - Zephyr - Share",1,4
162,2026-09-25,"2026-09-16","Tomatoes - Heirloom - Bag",1,8
162,2026-09-25,"2026-09-16","Winter Squash - Delicata (1.0 Medium) - Medium",2,3
162,2026-09-25,"2026-09-16","Extra Credit - Each",6,1.06
162,2026-09-25,"2026-09-16","Half",1,84.79
1932,2026-09-25,"2026-09-16","Ground Turkey - Pack",1,10.25
1932,2026-09-25,"2026-09-16","Mothership Pickup Time (3.0 @4:30-5) - @4:30-5",1,0
1932,2026-09-25,"2026-09-16","Chicken Thighs - Boneless/lb. - lbs",1,9.63
1932,2026-09-25,"2026-09-16","Leeks - Bunch",1,6
1932,2026-09-25,"2026-09-16","Mushrooms (1.0 King Oyster (French Horn)) - King Oyster (French Horn)",1,8
1932,2026-09-25,"2026-09-16","Peppers - Colored Bell - 3-pack",1,4
1932,2026-09-25,"2026-09-16","Extra Credit - Each",1.13,1.06
1932,2026-09-25,"2026-09-16","FSA/FSD",1,79.79
627,2026-09-25,"2026-09-16","Black Pepper Cheddar - Each",1,6.75
627,2026-09-25,"2026-09-16","Cantaloupe - Each",1,6.5
627,2026-09-25,"2026-09-16","Pork - Bratwurst  - Pack",1,8.5
627,2026-09-25,"2026-09-16","Mini",1,53.2
1014,2026-09-25,"2026-09-16","UCity Pickup Time (3.0 @5-5:30) - @5-5:30",1,0
1014,2026-09-25,"2026-09-16","Chicken - Whole $5.00/lb. - Each",1,5
1014,2026-09-25,"2026-09-16","Kale - Lacinato/Dinosaur - Bag",1,5
1014,2026-09-25,"2026-09-16","Leeks - Bunch",1,6
1014,2026-09-25,"2026-09-16","Peppers - Jalapenos - 5-pack",1,3.5
1014,2026-09-25,"2026-09-16","Winter Squash - Delicata (1.0 Medium) - Medium",1,3
1014,2026-09-25,"2026-09-16","Extra Credit - Each",0.75,1.06
1014,2026-09-25,"2026-09-16","Mini",1,53.2
1014,2026-09-25,"2026-09-16","Eggs - Buttonwood",1,6.65
1427,2026-09-25,"2026-09-16","Ground Turkey - Pack",1,10.25
1427,2026-09-25,"2026-09-16","Stringbean Malawi Peaberry - Oz.",1,16
1427,2026-09-25,"2026-09-16","Mothership Pickup Time (1.0 @3:30-4) - @3:30-4",1,0
1427,2026-09-25,"2026-09-16","Cantaloupe - Each",1,6.5
1427,2026-09-25,"2026-09-16","Peppers - Colored Bell - 3-pack",1,4
1427,2026-09-25,"2026-09-16","Pork - Brats Cheddar DM - 4-pack",1,8.5
1427,2026-09-25,"2026-09-16","Tomatoes - Slicing - Bag",1,6.5
1427,2026-09-25,"2026-09-16","Extra Credit - Each",30,1.06
1534,2026-09-25,"2026-09-16","Canned Peaches - sugar - Jar",1,14
1534,2026-09-25,"2026-09-16","Salsa - Black Bean & Corn - Pint",1,5
1534,2026-09-25,"2026-09-16","Sugar Free - Strawberry Rhubarb - Pint",1,7.75
1534,2026-09-25,"2026-09-16","Apple Sauce - Chunky - NS - Quart",1,7.75
1534,2026-09-25,"2026-09-16","Apples - Cortland - Bag",1,5.75
1534,2026-09-25,"2026-09-16","Granola Bar - Each",4,3.8
1534,2026-09-25,"2026-09-16","Mushrooms (1.0 Shiitake) - Shiitake",1,8
1534,2026-09-25,"2026-09-16","Extra Credit - Each",31.45,1.06
1534,2026-09-25,"2026-09-16","Half",1,84.79
1534,2026-09-25,"2026-09-16","Whole MILK-o",1,8.85
554,2026-09-25,"2026-09-16","Cheese Choice $6.75 - Each",1,6.75
554,2026-09-25,"2026-09-16","Mustard - Choice",1,6.5
554,2026-09-25,"2026-09-16","Pork - Bratwurst  - Pack",1,8.5
554,2026-09-25,"2026-09-16","Mini",1,53.2
240,2026-09-25,"2026-09-16","Peanut Butter EW - Pint",1,7.75
240,2026-09-25,"2026-09-16","Mothership Pickup Time (2.0 @4-4:30) - @4-4:30",1,0
240,2026-09-25,"2026-09-16","Arugula - Bag",1,4.25
240,2026-09-25,"2026-09-16","Leeks - Bunch",1,6
240,2026-09-25,"2026-09-16","Milk Chocolate Bar - Pack",1,3
240,2026-09-25,"2026-09-16","Potatoes - Kennebec - lbs",1,5.25
240,2026-09-25,"2026-09-16","Potatoes - Sweet - lbs",1,6
240,2026-09-25,"2026-09-16","Squash - Zucchini (1.0 Medium) - Medium",2,2.5
240,2026-09-25,"2026-09-16","Extra Credit - Each",0.5,1.06
240,2026-09-25,"2026-09-16","FSA/FSD",1,79.79
751,2026-09-25,"2026-09-16","Mothership Pickup Time (2.0 @4-4:30) - @4-4:30",1,0
751,2026-09-25,"2026-09-16","Mushrooms (1.0 Lion's Mane) - Lion's Mane",1,8
751,2026-09-25,"2026-09-16","Pasta Bi-color Short - Lb.",1,6.5
751,2026-09-25,"2026-09-16","Peppers - Colored Bell - 3-pack",2,4
751,2026-09-25,"2026-09-16","Potatoes - Sweet - lbs",1,6
751,2026-09-25,"2026-09-16","Squash - Zucchini - Each",1,3
751,2026-09-25,"2026-09-16","Tomatoes - Sungold - Pint",1,7
751,2026-09-25,"2026-09-16","Extra Credit - Each",1.75,1.06
751,2026-09-25,"2026-09-16","FSA/FSD",1,79.79
952,2026-09-25,"2026-09-16","Ground Turkey - Pack",1,10.25
952,2026-09-25,"2026-09-16","Pizza - Deluxe - Each",1,9.5
952,2026-09-25,"2026-09-16","Mothership Pickup Time (4.0 @5-5:30) - @5-5:30",1,0
952,2026-09-25,"2026-09-16","Buttermilk Waffles Sourdough - Frozen - Pack",1,5
952,2026-09-25,"2026-09-16","Eggs - Dozen",1,6.5
952,2026-09-25,"2026-09-16","Hummus - Carrot & Ginger - Tub",1,6.75
952,2026-09-25,"2026-09-16","Mushrooms - Choice",1,8
952,2026-09-25,"2026-09-16","Potatoes - Kennebec - lbs",1,5.25
952,2026-09-25,"2026-09-16","Sesame Hoagie -W - Each",1,3.8
952,2026-09-25,"2026-09-16","Extra Credit - Each",18.3,1.06
952,2026-09-25,"2026-09-16","FSA/FSD",1,79.79
381,2026-09-25,"2026-09-16","Rose Fingerlings - lbs",1,7
381,2026-09-25,"2026-09-16","Mothership Pickup Time (2.0 @4-4:30) - @4-4:30",1,0
381,2026-09-25,"2026-09-16","Beef - Stew Meat - Pack",1,10.5
381,2026-09-25,"2026-09-16","Leeks - Bunch",1,6
381,2026-09-25,"2026-09-16","Marshmallow Pie - Each",1,7.5
381,2026-09-25,"2026-09-16","Mushrooms - Choice",1,8
381,2026-09-25,"2026-09-16","Pasta Wildcard $6.50 - Pack",1,6.5
381,2026-09-25,"2026-09-16","Extra Credit - Each",8.75,1.06
381,2026-09-25,"2026-09-16","FSA/FSD",1,79.79
107,2026-09-25,"2026-09-16","Ground Turkey - Pack",1,10.25
107,2026-09-25,"2026-09-16","UCity Pickup Time - @4:10-4:30",1,0
107,2026-09-25,"2026-09-16","Cantaloupe - Each",1,6.5
107,2026-09-25,"2026-09-16","Janie's Bread - Wednesday - Each",1,7
107,2026-09-25,"2026-09-16","Extra Credit - Each",2,1.06
107,2026-09-25,"2026-09-16","Mini",1,53.2
1143,2026-09-25,"2026-09-16","UCity Pickup Time (3.0 @5-5:30) - @5-5:30",1,0
1143,2026-09-25,"2026-09-16","Dark Chocolate Caramels - Pack",1,12
1143,2026-09-25,"2026-09-16","Eggs - Dozen",1,6.5
1143,2026-09-25,"2026-09-16","FF Side - Jalapeno Cheesy Grits - Pint",1,10.5
1143,2026-09-25,"2026-09-16","Louise's Original Granola - Bag",1,10
1143,2026-09-25,"2026-09-16","Mexican Dark Bark - Package",1,7.5
1143,2026-09-25,"2026-09-16","Thick Cut Dill Pickles - Quart",1,7.75
1143,2026-09-25,"2026-09-16","Extra Credit - Each",21.25,1.06
1143,2026-09-25,"2026-09-16","UCA/KWA",1,79.79
227,2026-09-25,"2026-09-16","UCity Pickup Time (3.0 @5-5:30) - @5-5:30",1,0
227,2026-09-25,"2026-09-16","Apple Cider - Pint - Pint",1,9.25
227,2026-09-25,"2026-09-16","Apples - Cortland - Bag",1,5.75
227,2026-09-25,"2026-09-16","Buttermilk Waffles Sourdough - Frozen - Pack",1,5
227,2026-09-25,"2026-09-16","Kale - Lacinato/Dinosaur - Bag",1,5
227,2026-09-25,"2026-09-16","Popcorn - McKaskle - Lb.",1,5.75
227,2026-09-25,"2026-09-16","Sour Cream - Oz.",1,6
227,2026-09-25,"2026-09-16","Extra Credit - Each",3.75,1.06
227,2026-09-25,"2026-09-16","UCA/KWA",1,79.79
1689,2026-09-25,"2026-09-16","Winter Squash - Acorn (1.0 Medium) - Medium",1,2.5
1689,2026-09-25,"2026-09-16","Cantaloupe - Each",1,6.5
1689,2026-09-25,"2026-09-16","Eggs - Dozen",1,6.5
1689,2026-09-25,"2026-09-16","Granola Bar - Each",2,3.8
1689,2026-09-25,"2026-09-16","Okra  - Bag",1,6
1689,2026-09-25,"2026-09-16","Onions - Red  - lbs",1,4
1689,2026-09-25,"2026-09-16","Potatoes - Kennebec - lbs",1,5.25
1689,2026-09-25,"2026-09-16","Extra Credit - Each",16.6,1.06
1689,2026-09-25,"2026-09-16","Mini",1,53.2
418,2026-09-25,"2026-09-16","Milk - 2%  - Oz.",1,8.32
418,2026-09-25,"2026-09-16","Eggs - BW - Dozen",1,6.5
418,2026-09-25,"2026-09-16","UCity Pickup Time - @4:10-4:30",1,0
418,2026-09-25,"2026-09-16","Bagels - Egg - BU - Bag",1,11.25
418,2026-09-25,"2026-09-16","Chicken Thighs - Boneless/lb. - lbs",1,8.75
418,2026-09-25,"2026-09-16","Marbled Rye -Wednesday - Loaf",1,8.75
418,2026-09-25,"2026-09-16","Pretzel - UL Wednesday - Each",1,3.75
418,2026-09-25,"2026-09-16","Extra Credit - Each",25.57,1.06
418,2026-09-25,"2026-09-16","Mini",1,53.2
1506,2026-09-25,"2026-09-16","Cucumbers - Pickling - Bag",1,3.5
1506,2026-09-25,"2026-09-16","UCity Pickup Time (2.0 @4:30-5) - @4:30-5",1,0
1506,2026-09-25,"2026-09-16","Aged Cheddar - HBC - Each",1,6.75
1506,2026-09-25,"2026-09-16","Eggs - Dozen",1,6.5
1506,2026-09-25,"2026-09-16","Ground Beef - D&M - Lb.",3,10.5
1506,2026-09-25,"2026-09-16","Milk Chocolate Lolli - Each",1,1.75
1506,2026-09-25,"2026-09-16","Milk Chocolate Square - Each",1,1.75
1506,2026-09-25,"2026-09-16","Extra Credit - Each",18.75,1.06
1506,2026-09-25,"2026-09-16","UCA/KWA",1,79.79
883,2026-09-25,"2026-09-16","Mothership Pickup Time (6.0 @6-6:30) - @6-6:30",1,0
883,2026-09-25,"2026-09-16","Bagels - Sesame Seed - BU - Bag",1,11.25
883,2026-09-25,"2026-09-16","Chicken Breasts /lb. - Pack",2,10.54
883,2026-09-25,"2026-09-16","Extra Credit - Each",10.58,1.06
883,2026-09-25,"2026-09-16","Mini",1,53.2
976,2026-09-25,"2026-09-16","English Muffin Sourdough - Frozen - Pack",1,5
976,2026-09-25,"2026-09-16","Herb - Purple Basil - Herb",1,4
976,2026-09-25,"2026-09-16","Strip Steak /lb - Pack",1,15.99
976,2026-09-25,"2026-09-16","Half",1,84.79
1871,2026-09-25,"2026-09-17","Mothership Pickup Time (3.0 @4:30-5) - @4:30-5",1,0
1871,2026-09-25,"2026-09-17","Cantaloupe - Each",1,6.5
1871,2026-09-25,"2026-09-17","Chicken - Ground - Lb.",1,10.25
1871,2026-09-25,"2026-09-17","Eggs - Dozen",1,6.5
1871,2026-09-25,"2026-09-17","Mushrooms (1.0 Shiitake) - Shiitake",1,8
1871,2026-09-25,"2026-09-17","Extra Credit - Each",4.25,1.06
1871,2026-09-25,"2026-09-17","Half",1,84.79
1217,2026-09-25,"2026-09-17","Cucumbers - Pickling - Bag",1,3.5
1217,2026-09-25,"2026-09-17","Eggs - BW - Dozen",2,6.5
1217,2026-09-25,"2026-09-17","Kirkwood Pickup Time (2.0 @1:30-2) - @1:30-2",1,0
1217,2026-09-25,"2026-09-17","Aged Cheddar - HBC - Each",1,6.75
1217,2026-09-25,"2026-09-17","Leeks - Bunch",1,6
1217,2026-09-25,"2026-09-17","Mustard (1.0 Horseradish) - Horseradish",1,6.5
1217,2026-09-25,"2026-09-17","Extra Credit - Each",14,1.06
1217,2026-09-25,"2026-09-17","Mini",1,53.2
1891,2026-09-25,"2026-09-17","Rose Fingerlings - lbs",1,7
1891,2026-09-25,"2026-09-17","Kirkwood Pickup Time - @1-1:30",1,0
1891,2026-09-25,"2026-09-17","Eggs - Dozen",1,6.5
1891,2026-09-25,"2026-09-17","Leeks - Bunch",1,6
1891,2026-09-25,"2026-09-17","Mushrooms (1.0 Oyster) - Oyster",1,8
1891,2026-09-25,"2026-09-17","Peppers - Colored Bell - 3-pack",1,4
1891,2026-09-25,"2026-09-17","Peppers - Sweet Habanada - Bag",1,3.5
1891,2026-09-25,"2026-09-17","Extra Credit - Each",2,1.06
1891,2026-09-25,"2026-09-17","UCA/KWA",1,79.79
1196,2026-09-25,"2026-09-17","Eggs - BW - Dozen",1,6.5
1196,2026-09-25,"2026-09-17","Apples - Cortland - Bag",1,5.75
1196,2026-09-25,"2026-09-17","Cantaloupe - Each",1,6.5
1196,2026-09-25,"2026-09-17","Sesame Hoagie - T - Each",1,3.8
1196,2026-09-25,"2026-09-17","Extra Credit - Each",0.8,1.06
1196,2026-09-25,"2026-09-17","Mini",1,53.2
192,2026-09-25,"2026-09-17","Kirkwood Pickup Time - @1-1:30",1,0
192,2026-09-25,"2026-09-17","Cantaloupe - Each",1,6.5
192,2026-09-25,"2026-09-17","Eggs - Dozen",2,6.5
192,2026-09-25,"2026-09-17","Granola Bar - Each",1,3.8
192,2026-09-25,"2026-09-17","Mini",1,53.2
192,2026-09-25,"2026-09-17","2% MILK",1,8.85
1977,2026-09-25,"2026-09-17","Ground Turkey - Pack",1,10.25
1977,2026-09-25,"2026-09-17","Mothership Pickup Time (1.0 @3:30-4) - @3:30-4",1,0
1977,2026-09-25,"2026-09-17","Arugula - Bag",1,4.25
1977,2026-09-25,"2026-09-17","Beef Kabob Meat - Lb.",1,13.26
1977,2026-09-25,"2026-09-17","Squash - Zucchini (1.0 Medium) - Medium",1,2.5
1977,2026-09-25,"2026-09-17","Extra Credit - Each",3.26,1.06
1977,2026-09-25,"2026-09-17","Half",1,84.79
1075,2026-09-25,"2026-09-17","Eggs - BW - Dozen",1,6.5
1075,2026-09-25,"2026-09-17","Kirkwood Pickup Time - @1-1:30",1,0
1075,2026-09-25,"2026-09-17","Chicken - Links ($10.50) - Each",1,10.5
1075,2026-09-25,"2026-09-17","Pasta Bi-color Short - Lb.",1,6.5
1075,2026-09-25,"2026-09-17","Pork - Ground  - Lb.",1,7.5
1075,2026-09-25,"2026-09-17","Half",1,84.79
1075,2026-09-25,"2026-09-17","2% MILK-o",1,8.85
1386,2026-09-25,"2026-09-17","Chicken - BULK Breasts /lb. - Pack",1,41.42
1386,2026-09-25,"2026-09-17","Cucumbers - Pickling - Bag",1,3.5
1386,2026-09-25,"2026-09-17","Kirkwood Pickup Time - @1-1:30",1,0
1386,2026-09-25,"2026-09-17","Louise's Original Granola - Bag",1,10
1386,2026-09-25,"2026-09-17","Tomatoes - Slicing - Bag",1,6.5
1386,2026-09-25,"2026-09-17","Yogurt - Plain - Oz.",1,7.25
1386,2026-09-25,"2026-09-17","Extra Credit - Each",35.67,1.06
1386,2026-09-25,"2026-09-17","UCA/KWA",1,79.79
1488,2026-09-25,"2026-09-17","Eggs - Dozen",1,6.5
1488,2026-09-25,"2026-09-17","Kairos Sourdough Choice $5 - Pack",1,5
1488,2026-09-25,"2026-09-17","Maple Syrup 12 oz. - Jar",1,13
1488,2026-09-25,"2026-09-17","Pork - Breakfast Bulk - Pack",1,8.5
1488,2026-09-25,"2026-09-17","UCA/KWA",1,79.79
1488,2026-09-25,"2026-09-17","2% MILK",1,8.85
566,2026-09-25,"2026-09-17","Chicken - Links ($10.50) - Each",1,10.5
566,2026-09-25,"2026-09-17","Mushrooms - Choice",1,8
566,2026-09-25,"2026-09-17","Olive Oil Small - ML",1,8.5
566,2026-09-25,"2026-09-17","Half",1,84.79
287,2026-09-25,"2026-09-17","Chicken - Big Bag Deboned Thighs/lb. - Bag",1,43.23
287,2026-09-25,"2026-09-17","Ground Turkey - Pack",1,10.25
287,2026-09-25,"2026-09-17","Mothership Pickup Time (1.0 @3:30-4) - @3:30-4",1,0
287,2026-09-25,"2026-09-17","Tomatoes - San Manzano - lbs",1,3.75
287,2026-09-25,"2026-09-17","Mushrooms - Choice",1,8
287,2026-09-25,"2026-09-17","Pasta Wildcard $6.50 - Pack",1,6.5
287,2026-09-25,"2026-09-17","Extra Credit - Each",34.98,1.06
287,2026-09-25,"2026-09-17","FSA/FSD",1,79.79
1970,2026-09-25,"2026-09-17","Kirkwood Pickup Time (2.0 @1:30-2) - @1:30-2",1,0
1970,2026-09-25,"2026-09-17","Cantaloupe - Each",1,6.5
1970,2026-09-25,"2026-09-17","Cinnamon Raisin Bread - Frozen - Loaf",1,6.75
1970,2026-09-25,"2026-09-17","Eggs - Dozen",1,6.5
1970,2026-09-25,"2026-09-17","Ground Beef - D&M - Lb.",1,10.5
1970,2026-09-25,"2026-09-17","Extra Credit - Each",8.5,1.06
1970,2026-09-25,"2026-09-17","Mini",1,53.2
685,2026-09-25,"2026-09-17","Kirkwood Pickup Time - @1-1:30",1,0
685,2026-09-25,"2026-09-17","Cantaloupe - Each",1,6.5
685,2026-09-25,"2026-09-17","Chicken - Ground - Lb.",1,10.25
685,2026-09-25,"2026-09-17","Eggs - Dozen",1,6.5
685,2026-09-25,"2026-09-17","Janie's Bread - Thursday - Each",1,7
685,2026-09-25,"2026-09-17","Winter Squash - Delicata (1.0 Medium) - Medium",1,3
685,2026-09-25,"2026-09-17","Extra Credit - Each",0.25,1.06
685,2026-09-25,"2026-09-17","UCA/KWA",1,79.79
501,2026-09-25,"2026-09-17","Milk - Whole - Oz.",1,8.32
501,2026-09-25,"2026-09-17","Cheese Choice $6.75 - Each",1,6.75
501,2026-09-25,"2026-09-17","Mustard - Choice",1,6.5
501,2026-09-25,"2026-09-17","Pork - Bratwurst  - Pack",1,8.5
501,2026-09-25,"2026-09-17","Watermelon - Seedless - Each",1,8
501,2026-09-25,"2026-09-17","Extra Credit - Each",16.32,1.06
501,2026-09-25,"2026-09-17","Mini",1,53.2
32,2026-09-25,"2026-09-17","Milk - 2%  - Oz.",1,8.32
32,2026-09-25,"2026-09-17","Cucumbers - Pickling - Bag",1,3.5
32,2026-09-25,"2026-09-17","Half & Half - Pint",1,4.75
32,2026-09-25,"2026-09-17","Mothership Pickup Time (6.0 @6-6:30) - @6-6:30",1,0
32,2026-09-25,"2026-09-17","Apple Cider 1/2 Gal - Half Gallon",1,7
32,2026-09-25,"2026-09-17","Arugula - Bag",1,4.25
32,2026-09-25,"2026-09-17","Cheese Choice $6.75 - Each",1,6.75
32,2026-09-25,"2026-09-17","FF Dish - Pear and Walnut Risotto - Each",1,11.5
32,2026-09-25,"2026-09-17","FF Pasta - Mac N Cheese - Tub",1,10.5
32,2026-09-25,"2026-09-17","Granola Bar - Each",1,3.8
32,2026-09-25,"2026-09-17","Kale - Lacinato/Dinosaur - Bag",1,5
32,2026-09-25,"2026-09-17","Onions - Red  - lbs",1,4
32,2026-09-25,"2026-09-17","Peppers - Colored Bell - 3-pack",1,4
32,2026-09-25,"2026-09-17","Pork - Bratwurst  - Pack",1,8.5
32,2026-09-25,"2026-09-17","Potatoes - Sweet - lbs",1,6
32,2026-09-25,"2026-09-17","Squash - Summer - Each",2,3
32,2026-09-25,"2026-09-17","Tomatoes - Large Red Cherry - Pint",1,2.75
32,2026-09-25,"2026-09-17","Tomatoes - Sungold - Pint",1,7
32,2026-09-25,"2026-09-17","Extra Credit - Each",81.87,1.06
32,2026-09-25,"2026-09-17","Mini",1,53.2
31,2026-09-25,"2026-09-17","Eggs - BW - Dozen",2,6.5
31,2026-09-25,"2026-09-17","Mothership Pickup Time (2.0 @4-4:30) - @4-4:30",1,0
31,2026-09-25,"2026-09-17","XO! Green Bags Donation - $",1,1
31,2026-09-25,"2026-09-17","Aged Cheddar - HBC - Each",1,6.75
31,2026-09-25,"2026-09-17","Salmon - Fillet Pieces/LB* - Each",5,9.81
31,2026-09-25,"2026-09-17","Extra Credit - Each",42.8,1.06
31,2026-09-25,"2026-09-17","Half",1,64.79
31,2026-09-25,"2026-09-17","2% MILK",1,8.85
1102,2026-09-25,"2026-09-17","Salsa - Gringo's Hot - Pint",1,5
1102,2026-09-25,"2026-09-17","Mothership Pickup Time (5.0 @5:30-6) - @5:30-6",1,0
1102,2026-09-25,"2026-09-17","Apple Cider 1/2 Gal - Half Gallon",1,7
1102,2026-09-25,"2026-09-17","Bagels - Honey Buckwheat - BU - Bag",1,11.25
1102,2026-09-25,"2026-09-17","Black Pepper Cheddar - Each",1,6.75
1102,2026-09-25,"2026-09-17","Candy Onions - lbs",1,3.5
1102,2026-09-25,"2026-09-17","Date Chocolate Spread - Jar",1,12
1102,2026-09-25,"2026-09-17","Eggs - Dozen",2,6.5
1102,2026-09-25,"2026-09-17","Honey - Pint - Jar",1,11.5
1102,2026-09-25,"2026-09-17","Olive Oil Small - ML",1,8.5
1102,2026-09-25,"2026-09-17","Queso Quesadilla - HBC - Each",1,6.75
1102,2026-09-25,"2026-09-17","Semolina - T - Loaf",1,7
1102,2026-09-25,"2026-09-17","Tortellini - Cheese - Lb.",1,9.15
1102,2026-09-25,"2026-09-17","Watermelon - Seedless (1.0 Large) - Large",1,12
1102,2026-09-25,"2026-09-17","Extra Credit - Each",86.4,1.06
1102,2026-09-25,"2026-09-17","Half",1,84.79
1857,2026-09-25,"2026-09-17","Ground Turkey - Pack",1,10.25
1857,2026-09-25,"2026-09-17","Cucumbers - Pickling - Bag",1,3.5
1857,2026-09-25,"2026-09-17","Mothership Pickup Time (4.0 @5-5:30) - @5-5:30",1,0
1857,2026-09-25,"2026-09-17","Eggs - Dozen",2,6.5
1857,2026-09-25,"2026-09-17","Fairy Tale Eggplant - Pint",1,7
1857,2026-09-25,"2026-09-17","Kale - Lacinato/Dinosaur - Bag",1,5
1857,2026-09-25,"2026-09-17","Pretzel - UL Thursday  - Each",1,3.75
1857,2026-09-25,"2026-09-17","Sesame Hoagie - T - Each",1,3.8
1857,2026-09-25,"2026-09-17","Extra Credit - Each",9.55,1.06
1857,2026-09-25,"2026-09-17","FSA/FSD",1,79.79
1131,2026-09-25,"2026-09-17","Mothership Pickup Time (4.0 @5-5:30) - @5-5:30",1,0
1131,2026-09-25,"2026-09-17","Dark Chocolate Bon Bons - Pack",1,12
1131,2026-09-25,"2026-09-17","Olive Oil Small - ML",1,8.5
1131,2026-09-25,"2026-09-17","Skirt Steak/lbs. - Each",1,34.65
1131,2026-09-25,"2026-09-17","Yogurt - Strawberry - Oz.",1,7.25
1131,2026-09-25,"2026-09-17","Extra Credit - Each",35.4,1.06
1131,2026-09-25,"2026-09-17","Half",1,84.79
1047,2026-09-25,"2026-09-17","Eggs - BW - Dozen",1,6.5
1047,2026-09-25,"2026-09-17","Curry Sauce (1.0 Mango) - Mango",1,12
1047,2026-09-25,"2026-09-17","Magic Bean - Chocolate Chip Crunchy style GF Cookies - 2-pack",1,6
1047,2026-09-25,"2026-09-17","Mushrooms - Choice",1,8
1047,2026-09-25,"2026-09-17","Oat Porridge Bread - T - Each",1,9
1047,2026-09-25,"2026-09-17","Semolina - T - Loaf",1,7
1047,2026-09-25,"2026-09-17","Vinaigrette - Greek Style - Bottle",1,6.25
1047,2026-09-25,"2026-09-17","Extra Credit - Each",27.75,1.06
1047,2026-09-25,"2026-09-17","Half",1,84.79
11,2026-09-25,"2026-09-17","Eggs - BW - Dozen",1,6.5
11,2026-09-25,"2026-09-17","Bacon - Each",1,13.5
11,2026-09-25,"2026-09-17","Pork Italian Bulk - D&M - Lb.",2,8.5
11,2026-09-25,"2026-09-17","Extra Credit - Each",0.25,1.06
11,2026-09-25,"2026-09-17","FSA/FSD",1,79.79
505,2026-09-25,"2026-09-17","Jam - Blueberry HBY - Pint",1,7.75
505,2026-09-25,"2026-09-17","Mothership Pickup Time (3.0 @4:30-5) - @4:30-5",1,0
505,2026-09-25,"2026-09-17","Cantaloupe - Each",1,6.5
505,2026-09-25,"2026-09-17","Clean Plate Pantry Choice ($12) - Jar",1,12
505,2026-09-25,"2026-09-17","Mushrooms - Choice",1,8
505,2026-09-25,"2026-09-17","Pasta Wildcard $6.50 - Pack",1,6.5
505,2026-09-25,"2026-09-17","Extra Credit - Each",4,1.06
505,2026-09-25,"2026-09-17","FSA/FSD",1,79.79
471,2026-09-25,"2026-09-17","Ground Turkey - Pack",1,10.25
471,2026-09-25,"2026-09-17","Clean Plate Pantry Choice ($12) - Jar",1,12
471,2026-09-25,"2026-09-17","Mushrooms - Choice",1,8
471,2026-09-25,"2026-09-17","Pasta Wildcard $6.50 - Pack",1,6.5
471,2026-09-25,"2026-09-17","FSA/FSD",1,79.79
1593,2026-09-25,"2026-09-17","Cheese Choice $6.75 - Each",1,6.75
1593,2026-09-25,"2026-09-17","Mustard - Choice",1,6.5
1593,2026-09-25,"2026-09-17","Pork - Bratwurst  - Pack",1,8.5
1593,2026-09-25,"2026-09-17","Mini",1,53.2
1839,2026-09-25,"2026-09-17","No Produce - Order Only (odd wk)",1,0
1487,2026-09-25,"2026-09-17","Kirkwood Pickup Time (2.0 @1:30-2) - @1:30-2",1,0
1487,2026-09-25,"2026-09-17","Buttermilk Waffles Sourdough - Frozen - Pack",1,5
1487,2026-09-25,"2026-09-17","Lamb Gyro Seasoned - Lb.",1,18
1487,2026-09-25,"2026-09-17","Leeks - Bunch",1,6
1487,2026-09-25,"2026-09-17","Half",1,84.79
1487,2026-09-25,"2026-09-17","2% MILK-o",1,8.85
514,2026-09-25,"2026-09-17","Eggs - BW - Dozen",2,6.5
514,2026-09-25,"2026-09-17","Apples - Cortland - Bag",1,5.75
514,2026-09-25,"2026-09-17","Milk Chocolate PB Bon Bons - Pack",1,12
514,2026-09-25,"2026-09-17","Extra Credit - Each",9,1.06
514,2026-09-25,"2026-09-17","Mini",1,53.2
761,2026-09-25,"2026-09-17","Tahini - SALE! - Oz.",1,7.5
761,2026-09-25,"2026-09-17","Mothership Pickup Time (3.0 @4:30-5) - @4:30-5",1,0
761,2026-09-25,"2026-09-17","Black Beans DC - Tub",1,6.5
761,2026-09-25,"2026-09-17","Herb - Purple Basil - Herb",1,4
761,2026-09-25,"2026-09-17","Mushrooms (1.0 King Oyster (French Horn)) - King Oyster (French Horn)",1,8
761,2026-09-25,"2026-09-17","Potatoes - Sweet - lbs",1,6
761,2026-09-25,"2026-09-17","Tomatoes - Sungold - Pint",1,7
761,2026-09-25,"2026-09-17","Extra Credit - Each",2.25,1.06
761,2026-09-25,"2026-09-17","FSA/FSD",1,79.79
1476,2026-09-25,"2026-09-17","Kirkwood Pickup Time - @1-1:30",1,0
1476,2026-09-25,"2026-09-17","Blue Potatoes - Bag",1,4.5
1476,2026-09-25,"2026-09-17","Hoagie - T - Each",1,3.5
1476,2026-09-25,"2026-09-17","Peppers - Lunchbox - Bag",1,7
1476,2026-09-25,"2026-09-17","Potatoes - Sweet - lbs",1,6
1476,2026-09-25,"2026-09-17","Squash - Zucchini (1.0 Medium) - Medium",1,2.5
1476,2026-09-25,"2026-09-17","Tomatoes - Funky Bunch - Pint",1,7
1476,2026-09-25,"2026-09-17","Extra Credit - Each",8.75,1.06
1476,2026-09-25,"2026-09-17","Mini",1,53.2
82,2026-09-25,"2026-09-17","Kirkwood Pickup Time (2.0 @1:30-2) - @1:30-2",1,0
82,2026-09-25,"2026-09-17","Bacon - Each",1,13.5
82,2026-09-25,"2026-09-17","Light and Mild - T - Loaf",1,8.25
82,2026-09-25,"2026-09-17","Pork Breakfast Patties D&M - Pack",1,8.5
82,2026-09-25,"2026-09-17","Extra Credit - Each",3.25,1.06
82,2026-09-25,"2026-09-17","Half",1,84.79
502,2026-09-25,"2026-09-17","Mothership Pickup Time (4.0 @5-5:30) - @5-5:30",1,0
502,2026-09-25,"2026-09-17","Eggs - Dozen",2,6.5
502,2026-09-25,"2026-09-17","Ground Beef - D&M - Lb.",1,10.5
502,2026-09-25,"2026-09-17","Leeks - Bunch",1,6
502,2026-09-25,"2026-09-17","Mushrooms (1.0 Oyster) - Oyster",1,8
502,2026-09-25,"2026-09-17","Extra Credit - Each",0.75,1.06
502,2026-09-25,"2026-09-17","FSA/FSD",1,79.79
433,2026-09-25,"2026-09-17","Ground Turkey - Pack",1,10.25
433,2026-09-25,"2026-09-17","Clean Plate Pantry Choice ($12) - Jar",1,12
433,2026-09-25,"2026-09-17","Mushrooms - Choice",1,8
433,2026-09-25,"2026-09-17","Pasta Wildcard $6.50 - Pack",1,6.5
433,2026-09-25,"2026-09-17","FSA/FSD",1,79.79
549,2026-09-25,"2026-09-17","Ground Turkey - Pack",1,10.25
549,2026-09-25,"2026-09-17","Clean Plate Pantry Choice ($12) - Jar",1,12
549,2026-09-25,"2026-09-17","Mushrooms - Choice",1,8
549,2026-09-25,"2026-09-17","Pasta Wildcard $6.50 - Pack",1,6.5
549,2026-09-25,"2026-09-17","FSA/FSD",1,79.79
326,2026-09-25,"2026-09-17","Tomatoes - San Manzano - lbs",1,3.75
326,2026-09-25,"2026-09-17","Beets - Lb.",1,6.5
326,2026-09-25,"2026-09-17","Chicken Breasts /lb. - Pack",2,11.39
326,2026-09-25,"2026-09-17","Eggs - Dozen",1,6.5
326,2026-09-25,"2026-09-17","Leeks - Bunch",2,6
326,2026-09-25,"2026-09-17","Salmon - Fillet Pieces/LB* - Each",2,9.1
326,2026-09-25,"2026-09-17","Squash - Patty Pan - Lb.",1,4
326,2026-09-25,"2026-09-17","Tomatoes - Funky Bunch - Pint",1,7
326,2026-09-25,"2026-09-17","Tomatoes - Slicing - Bag",1,6.5
326,2026-09-25,"2026-09-17","Extra Credit - Each",54.23,1.06
326,2026-09-25,"2026-09-17","UCA/KWA",1,79.79
1268,2026-09-25,"2026-09-17","Eggs - BW - Dozen",1,6.5
1268,2026-09-25,"2026-09-17","Half & Half - Pint",2,4.75
1268,2026-09-25,"2026-09-17","Mothership Pickup Time (1.0 @3:30-4) - @3:30-4",1,0
1268,2026-09-25,"2026-09-17","Arugula - Bag",1,4.25
1268,2026-09-25,"2026-09-17","Kale - Green Curly - Bag",1,5
1268,2026-09-25,"2026-09-17","Mushrooms (1.0 Lion's Mane) - Lion's Mane",1,8
1268,2026-09-25,"2026-09-17","Extra Credit - Each",6.25,1.06
1268,2026-09-25,"2026-09-17","Half",1,84.79
452,2026-09-25,"2026-09-17","Cheese Choice $6.75 - Each",1,6.75
452,2026-09-25,"2026-09-17","Mustard - Choice",1,6.5
452,2026-09-25,"2026-09-17","Pork - Bratwurst  - Pack",1,8.5
452,2026-09-25,"2026-09-17","Mini",1,53.2
1111,2026-09-25,"2026-09-17","Mothership Pickup Time (4.0 @5-5:30) - @5-5:30",1,0
1111,2026-09-25,"2026-09-17","Chicken - Ground - Lb.",1,10.25
1111,2026-09-25,"2026-09-17","Honey - Qt. - Jar",1,20.25
1111,2026-09-25,"2026-09-17","Watermelon - Seedless - Each",1,8
1111,2026-09-25,"2026-09-17","Extra Credit - Each",11.5,1.06
1111,2026-09-25,"2026-09-17","Half",1,84.79
493,2026-09-25,"2026-09-17","No Produce - Order Only (odd wk)",1,0
807,2026-09-25,"2026-09-17","Ground Turkey - Pack",1,10.25
807,2026-09-25,"2026-09-17","Pork - Breakfast Bulk - Pack",1,8.5
807,2026-09-25,"2026-09-17","Skirt Steak/lbs. - Each",2,21.42
807,2026-09-25,"2026-09-17","Yogurt - Plain - Oz.",1,7.25
807,2026-09-25,"2026-09-17","Extra Credit - Each",33.34,1.06
807,2026-09-25,"2026-09-17","UCA/KWA",1,79.79
807,2026-09-25,"2026-09-17","2% MILK",1,8.85
245,2026-09-25,"2026-09-17","Eggs - BW - Dozen",1,6.5
245,2026-09-25,"2026-09-17","Mothership Pickup Time (2.0 @4-4:30) - @4-4:30",1,0
245,2026-09-25,"2026-09-17","Apples - Jonathan - Bag",1,5.75
245,2026-09-25,"2026-09-17","Cannoli - Frozen - 2-pack",1,7
245,2026-09-25,"2026-09-17","Semolina - T - Loaf",1,7
245,2026-09-25,"2026-09-17","Half",1,84.79
804,2026-09-25,"2026-09-17","Apple Cider - Pint - Pint",1,9.25
804,2026-09-25,"2026-09-17","Flank Steak/lbs. - lbs",1,36.96
804,2026-09-25,"2026-09-17","Extra Credit - Each",19.21,1.06
804,2026-09-25,"2026-09-17","Half",1,84.79
329,2026-09-25,"2026-09-17","Cheese Choice $6.75 - Each",1,6.75
329,2026-09-25,"2026-09-17","Mustard - Choice",1,6.5
329,2026-09-25,"2026-09-17","Pork - Bratwurst  - Pack",1,8.5
329,2026-09-25,"2026-09-17","Mini",1,53.2
1941,2026-09-25,"2026-09-17","Mothership Pickup Time (3.0 @4:30-5) - @4:30-5",1,0
1941,2026-09-25,"2026-09-17","Cheese Choice $6.75 - Each",1,6.75
1941,2026-09-25,"2026-09-17","Chicken Breasts /lb. - Pack",1,9.86
1941,2026-09-25,"2026-09-17","Chicken Chorizo - Lb.",1,10.5
1941,2026-09-25,"2026-09-17","Pork Snack Sticks - 5 pk (1.0 Spicy) - Spicy",1,10.3
1941,2026-09-25,"2026-09-17","Extra Credit - Each",15.66,1.06
1941,2026-09-25,"2026-09-17","Mini",1,53.2
293,2026-09-25,"2026-09-17","Watermelon - Seeded (1.0 XL) - XL",1,8.75
293,2026-09-25,"2026-09-17","Cucumbers - Pickling - Bag",2,3.5
293,2026-09-25,"2026-09-17","Mothership Pickup Time (6.0 @6-6:30) - @6-6:30",1,0
293,2026-09-25,"2026-09-17","Dark Bar 72% - Package",1,3
293,2026-09-25,"2026-09-17","Dark Chocolate Lolli - Each",1,1.75
293,2026-09-25,"2026-09-17","Ground Beef - D&M - Lb.",1,10.5
293,2026-09-25,"2026-09-17","Leeks - Bunch",1,6
293,2026-09-25,"2026-09-17","Extra Credit - Each",0.25,1.06
293,2026-09-25,"2026-09-17","FSA/FSD",1,79.79
310,2026-09-25,"2026-09-17","Mothership Pickup Time (1.0 @3:30-4) - @3:30-4",1,0
310,2026-09-25,"2026-09-17","Apples - Cortland - Bag",1,5.75
310,2026-09-25,"2026-09-17","Chicken Breasts /lb. - Pack",1,13.43
310,2026-09-25,"2026-09-17","Eggs - Dozen",1,6.5
310,2026-09-25,"2026-09-17","Potatoes - Sweet - lbs",1,6
310,2026-09-25,"2026-09-17","Squash - Summer - Each",1,3
310,2026-09-25,"2026-09-17","Tomatoes - Funky Bunch - Pint",2,7
310,2026-09-25,"2026-09-17","Extra Credit - Each",1.43,1.06
310,2026-09-25,"2026-09-17","FSA/FSD",1,79.79
310,2026-09-25,"2026-09-17","Skim MILK",2,8.85
1271,2026-09-25,"2026-09-17","Honey - Qt. - Jar",1,20.25
1271,2026-09-25,"2026-09-17","Mushrooms - Choice",1,8
1271,2026-09-25,"2026-09-17","Olive Oil Small - ML",1,8.5
1271,2026-09-25,"2026-09-17","Extra Credit - Each",9.75,1.06
1271,2026-09-25,"2026-09-17","Half",1,84.79
634,2026-09-25,"2026-09-17","Kirkwood Pickup Time - @1-1:30",1,0
634,2026-09-25,"2026-09-17","Aged Cheddar - HBC - Each",1,6.75
634,2026-09-25,"2026-09-17","Ground Beef - D&M - Lb.",1,10.5
634,2026-09-25,"2026-09-17","Pork - Bratwurst  - Pack",1,8.5
634,2026-09-25,"2026-09-17","Extra Credit - Each",4,1.06
634,2026-09-25,"2026-09-17","Mini",1,53.2
861,2026-09-25,"2026-09-17","Winter Squash - Acorn (1.0 Medium) - Medium",1,2.5
861,2026-09-25,"2026-09-17","Yogurt - Greek Plain - Oz.",1,7.75
861,2026-09-25,"2026-09-17","Kirkwood Pickup Time (2.0 @1:30-2) - @1:30-2",1,0
861,2026-09-25,"2026-09-17","Apple Sauce - Chunky - NS - Quart",1,7.75
861,2026-09-25,"2026-09-17","Eggs - Dozen",2,6.5
861,2026-09-25,"2026-09-17","Leeks - Bunch",1,6
861,2026-09-25,"2026-09-17","Okra  - Bag",2,6
861,2026-09-25,"2026-09-17","Onions - Red  - lbs",1,4
861,2026-09-25,"2026-09-17","Potatoes - Sweet - lbs",1,6
861,2026-09-25,"2026-09-17","Radishes - Mini Daikon - Bunch",1,4
861,2026-09-25,"2026-09-17","Winter Squash - Delicata (1.0 Medium) - Medium",1,3
861,2026-09-25,"2026-09-17","Extra Credit - Each",66,1.06
722,2026-09-25,"2026-09-17","Chicken - Links ($10.50) - Each",1,10.5
722,2026-09-25,"2026-09-17","Mushrooms - Choice",1,8
722,2026-09-25,"2026-09-17","Olive Oil Small - ML",1,8.5
722,2026-09-25,"2026-09-17","Half",1,84.79
496,2026-09-25,"2026-09-17","Eggs - Dozen",1,6.5
496,2026-09-25,"2026-09-17","Kairos Sourdough Choice $5 - Pack",1,5
496,2026-09-25,"2026-09-17","Maple Syrup 12 oz. - Jar",1,13
496,2026-09-25,"2026-09-17","Pork - Breakfast Bulk - Pack",1,8.5
496,2026-09-25,"2026-09-17","UCA/KWA",1,79.79
1706,2026-09-25,"2026-09-17","Chicken - Links ($10.50) - Each",1,10.5
1706,2026-09-25,"2026-09-17","Mushrooms - Choice",1,8
1706,2026-09-25,"2026-09-17","Olive Oil Small - ML",1,8.5
1706,2026-09-25,"2026-09-17","Half",1,84.79
834,2026-09-25,"2026-09-17","Mothership Pickup Time (1.0 @3:30-4) - @3:30-4",1,0
834,2026-09-25,"2026-09-17","Buttermilk - Qt.  - Quart",1,6.75
834,2026-09-25,"2026-09-17","Apples - Cortland - Bag",1,5.75
834,2026-09-25,"2026-09-17","Cantaloupe - Each",1,6.5
834,2026-09-25,"2026-09-17","Peppers - Colored Bell - 3-pack",1,4
834,2026-09-25,"2026-09-17","Squash - Zephyr - Share",1,4
834,2026-09-25,"2026-09-17","Half",1,84.79
1652,2026-09-25,"2026-09-17","Eggs - BW - Dozen",1,6.5
1652,2026-09-25,"2026-09-17","Bison - Ground - Lb.",1,27.25
1652,2026-09-25,"2026-09-17","Extra Credit - Each",12,1.06
1652,2026-09-25,"2026-09-17","Mini",1,53.2
1431,2026-09-25,"2026-09-17","Cheese Choice $6.75 - Each",1,6.75
1431,2026-09-25,"2026-09-17","Hot Sauce - Green - Oz.",1,7.25
1431,2026-09-25,"2026-09-17","Pork - Bratwurst  - Pack",1,8.5
1431,2026-09-25,"2026-09-17","Extra Credit - Each",0.75,1.06
1431,2026-09-25,"2026-09-17","Mini",1,53.2
1626,2026-09-25,"2026-09-17","Eggs - BW - Dozen",1,6.5
1626,2026-09-25,"2026-09-17","Kirkwood Pickup Time (1.0 PORCH) - PORCH",1,0
1626,2026-09-25,"2026-09-17","Apple Cider - Pint - Pint",1,9.25
1626,2026-09-25,"2026-09-17","Stringbean Ethiopian - Bag",1,16
1626,2026-09-25,"2026-09-17","Extra Credit - Each",4.75,1.06
1626,2026-09-25,"2026-09-17","Half",1,84.79
963,2026-09-25,"2026-09-17","Mothership Pickup Time (3.0 @4:30-5) - @4:30-5",1,0
963,2026-09-25,"2026-09-17","Curds Jalapeno Habanero 10 oz - Bag",1,6.75
963,2026-09-25,"2026-09-17","Curry Sauce (1.0 Green) - Green",1,12
963,2026-09-25,"2026-09-17","Date Chocolate Spread - Jar",1,12
963,2026-09-25,"2026-09-17","Louise's Cocoa Brownie Crisp Granola - Bag",1,11.15
963,2026-09-25,"2026-09-17","Extra Credit - Each",5.15,1.06
963,2026-09-25,"2026-09-17","FSA/FSD",1,79.79
67,2026-09-25,"2026-09-17","Chicken - Links ($10.50) - Each",1,10.5
67,2026-09-25,"2026-09-17","Mushrooms - Choice",1,8
67,2026-09-25,"2026-09-17","Olive Oil Small - ML",1,8.5
67,2026-09-25,"2026-09-17","Half",1,84.79
928,2026-09-25,"2026-09-17","Ground Turkey - Pack",2,10.25
928,2026-09-25,"2026-09-17","Mothership Pickup Time (1.0 @3:30-4) - @3:30-4",1,0
928,2026-09-25,"2026-09-17","Aged Cheddar - HBC - Each",1,6.75
928,2026-09-25,"2026-09-17","Curds Garlic Herb HBC 10 oz  - Bag",1,6.75
928,2026-09-25,"2026-09-17","Pasta Long Bi-color - Lb.",1,6.5
928,2026-09-25,"2026-09-17","Tortellini - Mushroom - Lb.",1,9.15
928,2026-09-25,"2026-09-17","Extra Credit - Each",12.9,1.06
928,2026-09-25,"2026-09-17","FSA/FSD",1,79.79
168,2026-09-25,"2026-09-17","Apples - Jonathan - Bag",1,5.75
168,2026-09-25,"2026-09-17","Arugula - Bag",1,4.25
168,2026-09-25,"2026-09-17","Eggs - Dozen",1,6.5
168,2026-09-25,"2026-09-17","Mushrooms (1.0 Lion's Mane) - Lion's Mane",1,8
168,2026-09-25,"2026-09-17","Olive Oil Small - ML",1,8.5
168,2026-09-25,"2026-09-17","Onions - Red  - lbs",1,4
168,2026-09-25,"2026-09-17","Extra Credit - Each",10,1.06
168,2026-09-25,"2026-09-17","Half",1,84.79
1900,2026-09-25,"2026-09-17","Mothership Pickup Time (1.0 @3:30-4) - @3:30-4",1,0
1900,2026-09-25,"2026-09-17","Donation to Food Pantry - Each",1,1
1900,2026-09-25,"2026-09-17","XO - Cooler Donation - $",1,1
1900,2026-09-25,"2026-09-17","XO! Green Bags Donation - $",1,1
1900,2026-09-25,"2026-09-17","Apples - Cortland - Bag",1,5.75
1900,2026-09-25,"2026-09-17","Cantaloupe - Each",1,6.5
1900,2026-09-25,"2026-09-17","Eggs - Dozen",1,6.5
1900,2026-09-25,"2026-09-17","Onions - Red  - lbs",1,4
1900,2026-09-25,"2026-09-17","Pork - Bratwurst  - Pack",1,8.5
1900,2026-09-25,"2026-09-17","RL Chocolate Milk - Bottle",1,2.75
1900,2026-09-25,"2026-09-17","Sour Cream - Oz.",1,6
1900,2026-09-25,"2026-09-17","Extra Credit - Each",21.25,1.06
1900,2026-09-25,"2026-09-17","Mini",1,53.2
1236,2026-09-25,"2026-09-17","Dark Bar 61% - Package",1,3
1236,2026-09-25,"2026-09-17","Fairy Tale Eggplant - Pint",2,7
1236,2026-09-25,"2026-09-17","Ground Beef - D&M - Lb.",1,10.5
1236,2026-09-25,"2026-09-17","Mushrooms - Choice",1,8
1236,2026-09-25,"2026-09-17","Okra  - Bag",1,6
1236,2026-09-25,"2026-09-17","Tomatoes - Funky Bunch - Pint",1,7
1236,2026-09-25,"2026-09-17","Extra Credit - Each",11.75,1.06
1236,2026-09-25,"2026-09-17","FSA/FSD",1,79.79
364,2026-09-25,"2026-09-17","Eggs - BW - Dozen",1,6.5
364,2026-09-25,"2026-09-17","Winter Squash - Acorn (1.0 Medium) - Medium",2,2.5
364,2026-09-25,"2026-09-17","Mothership Pickup Time - @6:30-7",1,0
364,2026-09-25,"2026-09-17","Apples - Cortland - Bag",1,5.75
364,2026-09-25,"2026-09-17","Bagels - Blueberry - BU - Bag",1,11.25
364,2026-09-25,"2026-09-17","English Muffin Sourdough - Frozen - Pack",1,5
364,2026-09-25,"2026-09-17","Hoagie - T - Each",1,3.5
364,2026-09-25,"2026-09-17","Kale - Lacinato/Dinosaur - Bag",1,5
364,2026-09-25,"2026-09-17","Squash - Patty Pan - Lb.",1,4
364,2026-09-25,"2026-09-17","Extra Credit - Each",9.25,1.06
364,2026-09-25,"2026-09-17","FSA/FSD",1,79.79
364,2026-09-25,"2026-09-17","Whole MILK-o",1,8.85
1873,2026-09-25,"2026-09-17","Watermelon - Seeded (1.0 XL) - XL",1,8.75
1873,2026-09-25,"2026-09-17","Mothership Pickup Time (5.0 @5:30-6) - @5:30-6",1,0
1873,2026-09-25,"2026-09-17","Pork - Bratwurst  - Pack",1,8.5
1873,2026-09-25,"2026-09-17","Yogurt - Strawberry - Oz.",1,7.25
1873,2026-09-25,"2026-09-17","Extra Credit - Each",2.75,1.06
1873,2026-09-25,"2026-09-17","Mini",1,53.2
289,2026-09-25,"2026-09-17","Apples - Cortland - Bag",1,5.75
289,2026-09-25,"2026-09-17","Eggs - Dozen",1,6.5
289,2026-09-25,"2026-09-17","Mushrooms (1.0 Shiitake) - Shiitake",1,8
289,2026-09-25,"2026-09-17","Olive Oil Small - ML",1,8.5
289,2026-09-25,"2026-09-17","Extra Credit - Each",1.75,1.06
289,2026-09-25,"2026-09-17","Half",1,84.79
289,2026-09-25,"2026-09-17","2% MILK-o",1,8.85
1453,2026-09-25,"2026-09-17","Yogurt - Greek Plain - Oz.",1,7.75
1453,2026-09-25,"2026-09-17","Mothership Pickup Time (1.0 @3:30-4) - @3:30-4",1,0
1453,2026-09-25,"2026-09-17","Chevre PF (1.0 Plain) - Plain",1,8.5
1453,2026-09-25,"2026-09-17","Pork - Bratwurst  - Pack",1,8.5
1453,2026-09-25,"2026-09-17","Extra Credit - Each",3,1.06
1453,2026-09-25,"2026-09-17","Mini",1,53.2
1453,2026-09-25,"2026-09-17","Whole MILK",1,8.85
587,2026-09-25,"2026-09-17","Eggs - BW - Dozen",1,6.5
587,2026-09-25,"2026-09-17","Mothership Pickup Time (1.0 @3:30-4) - @3:30-4",1,0
587,2026-09-25,"2026-09-17","Apple Cider 1/2 Gal - Half Gallon",1,7
587,2026-09-25,"2026-09-17","Beef - Stew Meat - Pack",1,10.5
587,2026-09-25,"2026-09-17","Chicken - Links ($10.50) - Each",1,10.5
587,2026-09-25,"2026-09-17","Ground Beef - D&M - Lb.",1,10.5
587,2026-09-25,"2026-09-17","Olive Oil Small - ML",1,8.5
587,2026-09-25,"2026-09-17","Peppers - Colored Bell - 3-pack",1,4
587,2026-09-25,"2026-09-17","Extra Credit - Each",30.5,1.06
587,2026-09-25,"2026-09-17","Half",1,84.79
1746,2026-09-25,"2026-09-17","Kairos Sourdough Choice $5 - Pack",1,5
1746,2026-09-25,"2026-09-17","Kale - Lacinato/Dinosaur - Bag",2,5
1746,2026-09-25,"2026-09-17","Tomatoes - Sungold - Pint",1,7
1746,2026-09-25,"2026-09-17","Watermelon - Seedless (1.0 Large) - Large",1,12
1746,2026-09-25,"2026-09-17","Extra Credit - Each",1,1.06
1746,2026-09-25,"2026-09-17","UCA/KWA",1,79.79
936,2026-09-25,"2026-09-17","Mothership Pickup Time (1.0 @3:30-4) - @3:30-4",1,0
936,2026-09-25,"2026-09-17","Applewood Smoked Cheddar - Each",1,6.75
936,2026-09-25,"2026-09-17","Blue Potatoes - Bag",1,4.5
936,2026-09-25,"2026-09-17","Curds Applewood Smoked 10 oz - Bag",1,6.75
936,2026-09-25,"2026-09-17","Kale - Green Curly - Bag",1,5
936,2026-09-25,"2026-09-17","Mushrooms - Choice",1,8
936,2026-09-25,"2026-09-17","Salmon - Fillet Pieces/LB* - Each",1,12.27
936,2026-09-25,"2026-09-17","Extra Credit - Each",6.52,1.06
936,2026-09-25,"2026-09-17","FSA/FSD",1,79.79
876,2026-09-25,"2026-09-17","Ground Turkey - Pack",1,10.25
876,2026-09-25,"2026-09-17","Clean Plate Pantry Choice ($12) - Jar",1,12
876,2026-09-25,"2026-09-17","Mushrooms - Choice",1,8
876,2026-09-25,"2026-09-17","Pasta Wildcard $6.50 - Pack",1,6.5
876,2026-09-25,"2026-09-17","FSA/FSD",1,79.79
1416,2026-09-25,"2026-09-17","Apple Cider 1/2 Gal - Half Gallon",1,7
1416,2026-09-25,"2026-09-17","English Muffin Sourdough - Frozen - Pack",1,5
1416,2026-09-25,"2026-09-17","Mushrooms - Choice",1,8
1416,2026-09-25,"2026-09-17","Semolina - T - Loaf",1,7
1416,2026-09-25,"2026-09-17","Half",1,84.79
1308,2026-09-25,"2026-09-17","Dates - Oz.",1,10
1308,2026-09-25,"2026-09-17","Eggs - BW - Dozen",1,6.5
1308,2026-09-25,"2026-09-17","Mothership Pickup Time (6.0 @6-6:30) - @6-6:30",1,0
1308,2026-09-25,"2026-09-17","Food for Ferals Donation - $",1,1
1308,2026-09-25,"2026-09-17","Beans & Rice - Tub",1,6.5
1308,2026-09-25,"2026-09-17","Curds Applewood Smoked 10 oz - Bag",1,6.75
1308,2026-09-25,"2026-09-17","Peppers - Banana - 4-pack",1,4.25
1308,2026-09-25,"2026-09-17","Potatoes - Sweet - lbs",1,6
1308,2026-09-25,"2026-09-17","Squash - Zucchini - Each",1,3
1308,2026-09-25,"2026-09-17","Extra Credit - Each",44,1.06
1719,2026-09-25,"2026-09-17","Mothership Pickup Time (1.0 @3:30-4) - @3:30-4",1,0
1719,2026-09-25,"2026-09-17","Candy Onions - lbs",2,3.5
1719,2026-09-25,"2026-09-17","Hummus - Garlic - Tub",1,6.75
1719,2026-09-25,"2026-09-17","Kale - Lacinato/Dinosaur - Bag",2,5
1719,2026-09-25,"2026-09-17","Squash - Summer - Each",1,3
1719,2026-09-25,"2026-09-17","Squash - Zephyr - Share",1,4
1719,2026-09-25,"2026-09-17","Squash - Zucchini (1.0 Medium) - Medium",1,2.5
1719,2026-09-25,"2026-09-17","Extra Credit - Each",6.25,1.06
1719,2026-09-25,"2026-09-17","Half",1,84.79
1375,2026-09-25,"2026-09-17","Eggs - BW - Dozen",1,6.5
1375,2026-09-25,"2026-09-17","Mothership Pickup Time (6.0 @6-6:30) - @6-6:30",1,0
1375,2026-09-25,"2026-09-17","English Muffin Sourdough - Frozen - Pack",1,5
1375,2026-09-25,"2026-09-17","Hummus - Garlic - Tub",1,6.75
1375,2026-09-25,"2026-09-17","Janie's Bread - Thursday - Each",1,7
1375,2026-09-25,"2026-09-17","Kale - Green Curly - Bag",1,5
1375,2026-09-25,"2026-09-17","Pretzel - UL Thursday  - Each",2,3.75
1375,2026-09-25,"2026-09-17","Tomatoes - Sungold - Pint",1,7
1375,2026-09-25,"2026-09-17","Extra Credit - Each",44.75,1.06
1752,2026-09-25,"2026-09-17","Mothership Pickup Time (3.0 @4:30-5) - @4:30-5",1,0
1752,2026-09-25,"2026-09-17","Apples - Cortland - Bag",1,5.75
1752,2026-09-25,"2026-09-17","Cantaloupe - Each",1,6.5
1752,2026-09-25,"2026-09-17","Chicken - Links ($10.50) - Each",1,10.5
1752,2026-09-25,"2026-09-17","Peppers - Lunchbox - Bag",1,7
1752,2026-09-25,"2026-09-17","Potatoes - Sweet - lbs",1,6
1752,2026-09-25,"2026-09-17","Extra Credit - Each",8.75,1.06
1752,2026-09-25,"2026-09-17","Half",1,84.79
636,2026-09-25,"2026-09-17","Ground Turkey - Pack",1,10.25
636,2026-09-25,"2026-09-17","Clean Plate Pantry Choice ($12) - Jar",1,12
636,2026-09-25,"2026-09-17","Mushrooms - Choice",1,8
636,2026-09-25,"2026-09-17","Pasta Wildcard $6.50 - Pack",1,6.5
636,2026-09-25,"2026-09-17","FSA/FSD",1,79.79
636,2026-09-25,"2026-09-17","Whole MILK",1,8.85
1910,2026-09-25,"2026-09-17","Eggs - BW - Dozen",1,6.5
1910,2026-09-25,"2026-09-17","Mothership Pickup Time (4.0 @5-5:30) - @5-5:30",1,0
1910,2026-09-25,"2026-09-17","Arugula - Bag",1,4.25
1910,2026-09-25,"2026-09-17","Bagel Chips - Bag",1,9.75
1910,2026-09-25,"2026-09-17","Bagels - Pumpernickel - BU - Bag",1,11.25
1910,2026-09-25,"2026-09-17","German Quark HBC - Jar",1,7.5
1910,2026-09-25,"2026-09-17","Granola Bar - Each",1,3.8
1910,2026-09-25,"2026-09-17","Peaches - Spiced - Jar",1,15.1
1910,2026-09-25,"2026-09-17","Squash - Zucchini (1.0 Medium) - Medium",3,2.5
1910,2026-09-25,"2026-09-17","Tomatoes - Slicing - Bag",1,6.5
1910,2026-09-25,"2026-09-17","Extra Credit - Each",72.15,1.06
1618,2026-09-25,"2026-09-17","Rose Fingerlings - lbs",1,7
1618,2026-09-25,"2026-09-17","Kirkwood Pickup Time (2.0 @1:30-2) - @1:30-2",1,0
1618,2026-09-25,"2026-09-17","Apples - Cortland - Bag",1,5.75
1618,2026-09-25,"2026-09-17","Mushrooms - Choice",1,8
1618,2026-09-25,"2026-09-17","Olive Oil Small - ML",1,8.5
1618,2026-09-25,"2026-09-17","Radishes - Mini Daikon - Bunch",1,4
1618,2026-09-25,"2026-09-17","Extra Credit - Each",6.25,1.06
1618,2026-09-25,"2026-09-17","Half",1,84.79
196,2026-09-25,"2026-09-17","Cucumbers - Pickling - Bag",1,3.5
196,2026-09-25,"2026-09-17","Kirkwood Pickup Time - @1-1:30",1,0
196,2026-09-25,"2026-09-17","Squash - Zucchini - Each",2,3
196,2026-09-25,"2026-09-17","Tomatoes - Sungold - Pint",1,7
196,2026-09-25,"2026-09-17","Winter Squash - Delicata (1.0 Medium) - Medium",1,3
196,2026-09-25,"2026-09-17","Extra Credit - Each",19.5,1.06
133,2026-09-25,"2026-09-17","Mothership Pickup Time (5.0 @5:30-6) - @5:30-6",1,0
133,2026-09-25,"2026-09-17","Cantaloupe - Each",1,6.5
133,2026-09-25,"2026-09-17","English Muffin Sourdough - Frozen - Pack",1,5
133,2026-09-25,"2026-09-17","Onions - Red  - lbs",1,4
133,2026-09-25,"2026-09-17","Pork - Bratwurst  - Pack",1,8.5
133,2026-09-25,"2026-09-17","Extra Credit - Each",2.25,1.06
133,2026-09-25,"2026-09-17","Mini",1,53.2
305,2026-09-25,"2026-09-17","Eggs - BW - Dozen",2,6.5
305,2026-09-25,"2026-09-17","Kirkwood Pickup Time (1.0 PORCH) - PORCH",1,0
305,2026-09-25,"2026-09-17","Light and Mild - T - Loaf",1,8.25
305,2026-09-25,"2026-09-17","Pasta - Short Egg  - Lb.",1,6.5
305,2026-09-25,"2026-09-17","Extra Credit - Each",0.75,1.06
305,2026-09-25,"2026-09-17","Half",1,84.79
643,2026-09-25,"2026-09-17","Ground Turkey - Pack",1,10.25
643,2026-09-25,"2026-09-17","Mothership Pickup Time (5.0 @5:30-6) - @5:30-6",1,0
643,2026-09-25,"2026-09-17","Leeks - Bunch",1,6
643,2026-09-25,"2026-09-17","Tomatoes - Funky Bunch - Pint",1,7
643,2026-09-25,"2026-09-17","Tomatoes - Heirloom - Bag",1,8
643,2026-09-25,"2026-09-17","Tortellini - Cheese - Lb.",1,9.15
643,2026-09-25,"2026-09-17","Extra Credit - Each",3.65,1.06
643,2026-09-25,"2026-09-17","FSA/FSD",1,79.79
1468,2026-09-25,"2026-09-17","Watermelon - Seeded (1.0 XL) - XL",1,8.75
1468,2026-09-25,"2026-09-17","Mothership Pickup Time (4.0 @5-5:30) - @5-5:30",1,0
1468,2026-09-25,"2026-09-17","Pork - Brats Cheddar DM - 4-pack",1,8.5
1468,2026-09-25,"2026-09-17","Salmon - Fillet Pieces/LB* - Each",1,11.84
1468,2026-09-25,"2026-09-17","Extra Credit - Each",7.34,1.06
1468,2026-09-25,"2026-09-17","Mini",1,53.2
622,2026-09-25,"2026-09-17","Eggs - Dozen",1,6.5
622,2026-09-25,"2026-09-17","Kairos Sourdough Choice $5 - Pack",1,5
622,2026-09-25,"2026-09-17","Maple Syrup 12 oz. - Jar",1,13
622,2026-09-25,"2026-09-17","Pork - Breakfast Bulk - Pack",1,8.5
622,2026-09-25,"2026-09-17","UCA/KWA",1,79.79
856,2026-09-25,"2026-09-17","Arugula - Bag",1,4.25
856,2026-09-25,"2026-09-17","Hoagie - T - Each",1,3.5
856,2026-09-25,"2026-09-17","Kale - Lacinato/Dinosaur - Bag",1,5
856,2026-09-25,"2026-09-17","Squash - Zucchini - Each",2,3
856,2026-09-25,"2026-09-17","Tomatoes - Sungold - Pint",1,7
856,2026-09-25,"2026-09-17","Extra Credit - Each",25.75,1.06
39,2026-09-25,"2026-09-17","Cheese Choice $6.75 - Each",1,6.75
39,2026-09-25,"2026-09-17","Milk Chocolate PB Bon Bons - Pack",1,12
39,2026-09-25,"2026-09-17","Mustard - Choice",1,6.5
39,2026-09-25,"2026-09-17","Pork - Bratwurst  - Pack",1,8.5
39,2026-09-25,"2026-09-17","Extra Credit - Each",12,1.06
39,2026-09-25,"2026-09-17","Mini",1,53.2
1750,2026-09-25,"2026-09-17","Cheese Choice $6.75 - Each",1,6.75
1750,2026-09-25,"2026-09-17","Mustard - Choice",1,6.5
1750,2026-09-25,"2026-09-17","Pork - Bratwurst  - Pack",1,8.5
1750,2026-09-25,"2026-09-17","Mini",1,53.2
1521,2026-09-25,"2026-09-17","Mothership Pickup Time (1.0 @3:30-4) - @3:30-4",1,0
1521,2026-09-25,"2026-09-17","Apples - Jonathan - Bag",1,5.75
1521,2026-09-25,"2026-09-17","Hoagie - T - Each",1,3.5
1521,2026-09-25,"2026-09-17","Potatoes - Kennebec - lbs",1,5.25
1521,2026-09-25,"2026-09-17","Pretzel - UL Thursday  - Each",1,3.75
1521,2026-09-25,"2026-09-17","Tomatoes - Sungold - Pint",1,7
1521,2026-09-25,"2026-09-17","Extra Credit - Each",3.5,1.06
1521,2026-09-25,"2026-09-17","Mini",1,53.2
885,2026-09-25,"2026-09-17","Mothership Pickup Time - @6:30-7",1,0
885,2026-09-25,"2026-09-17","Apple Cider 1/2 Gal - Half Gallon",1,7
885,2026-09-25,"2026-09-17","English Muffin Sourdough - Frozen - Pack",1,5
885,2026-09-25,"2026-09-17","Oat Porridge Bread - T - Each",1,9
885,2026-09-25,"2026-09-17","Yogurt - Strawberry - Oz.",1,7.25
885,2026-09-25,"2026-09-17","Extra Credit - Each",1.25,1.06
885,2026-09-25,"2026-09-17","Half",1,84.79
896,2026-09-25,"2026-09-17","Kirkwood Pickup Time - @1-1:30",1,0
896,2026-09-25,"2026-09-17","Food Pantry Donation - $",6,1
896,2026-09-25,"2026-09-17","Beets - Lb.",2,6.5
896,2026-09-25,"2026-09-17","Flour - Bread 5# - Lb.",1,10.25
896,2026-09-25,"2026-09-17","Extra Credit - Each",2.25,1.06
896,2026-09-25,"2026-09-17","Half",1,84.79
171,2026-09-25,"2026-09-17","Mothership Pickup Time (5.0 @5:30-6) - @5:30-6",1,0
171,2026-09-25,"2026-09-17","Chevre PF (1.0 Herb) - Herb",1,8.5
171,2026-09-25,"2026-09-17","Pork - Bratwurst  - Pack",1,8.5
171,2026-09-25,"2026-09-17","Yogurt - Strawberry - Oz.",1,7.25
171,2026-09-25,"2026-09-17","Extra Credit - Each",2.5,1.06
171,2026-09-25,"2026-09-17","Mini",1,53.2
790,2026-09-25,"2026-09-17","Chicken - Links ($10.50) - Each",1,10.5
790,2026-09-25,"2026-09-17","Mushrooms - Choice",1,8
790,2026-09-25,"2026-09-17","Olive Oil Small - ML",1,8.5
790,2026-09-25,"2026-09-17","Yogurt - Vanilla - Oz.",1,7.25
790,2026-09-25,"2026-09-17","Extra Credit - Each",7.25,1.06
790,2026-09-25,"2026-09-17","Half",1,84.79
959,2026-09-25,"2026-09-17","Ground Turkey - Pack",1,10.25
959,2026-09-25,"2026-09-17","Clean Plate Pantry Choice ($12) - Jar",1,12
959,2026-09-25,"2026-09-17","Mushrooms - Choice",1,8
959,2026-09-25,"2026-09-17","Pasta Wildcard $6.50 - Pack",1,6.5
959,2026-09-25,"2026-09-17","FSA/FSD",1,79.79
463,2026-09-25,"2026-09-17","FF Pasta - Mac N Cheese - Tub",1,10.5
463,2026-09-25,"2026-09-17","Lamb Gyro Seasoned - Lb.",1,18
463,2026-09-25,"2026-09-17","Extra Credit - Each",6.75,1.06
463,2026-09-25,"2026-09-17","Mini",1,53.2
699,2026-09-25,"2026-09-17","Chicken - Thighs /lbs  - lbs",1,7.8
699,2026-09-25,"2026-09-17","Gnocchi - Garlic Chive  - Lb.",1,6.5
699,2026-09-25,"2026-09-17","Granola Bar - Each",2,3.8
699,2026-09-25,"2026-09-17","Semolina - T - Loaf",1,7
699,2026-09-25,"2026-09-17","Extra Credit - Each",1.9,1.06
699,2026-09-25,"2026-09-17","Half",1,84.79
979,2026-09-25,"2026-09-17","Mothership Pickup Time (1.0 @3:30-4) - @3:30-4",1,0
979,2026-09-25,"2026-09-17","Aged Cheddar - HBC - Each",1,6.75
979,2026-09-25,"2026-09-17","Black Pepper Cheddar - Each",1,6.75
979,2026-09-25,"2026-09-17","Chicken - Links ($10.50) - Each",1,10.5
979,2026-09-25,"2026-09-17","Olive Oil Small - ML",1,8.5
979,2026-09-25,"2026-09-17","Extra Credit - Each",5.5,1.06
979,2026-09-25,"2026-09-17","Half",1,84.79
704,2026-09-25,"2026-09-23","Yogurt - Greek Plain - Oz.",1,7.75
704,2026-09-25,"2026-09-23","Black Pepper Cheddar - Each",1,6.75
704,2026-09-25,"2026-09-23","Curds Garlic Herb HBC 10 oz  - Bag",1,6.75
704,2026-09-25,"2026-09-23","Eggs - Dozen",1,6.5
704,2026-09-25,"2026-09-23","Kairos Sourdough Choice $5 - Pack",1,5
704,2026-09-25,"2026-09-23","Extra Credit - Each",0.25,1.06
704,2026-09-25,"2026-09-23","FSA/FSD",1,79.79
335,2026-09-25,"2026-09-23","Mothership Pickup Time (1.0 @3:30-4) - @3:30-4",1,0
335,2026-09-25,"2026-09-23","Eggs - Dozen",1,6.5
335,2026-09-25,"2026-09-23","Ground Beef - D&M - Lb.",1,10.5
335,2026-09-25,"2026-09-23","Mushrooms (1.0 King Oyster (French Horn)) - King Oyster (French Horn)",1,8
335,2026-09-25,"2026-09-23","Potatoes - Kennebec - lbs",1,5.25
335,2026-09-25,"2026-09-23","Extra Credit - Each",4,1.06
335,2026-09-25,"2026-09-23","Mini",1,53.2
371,2026-09-25,"2026-09-23","UCity Pickup Time (2.0 @4:30-5) - @4:30-5",1,0
371,2026-09-25,"2026-09-23","Cheese Choice $6.75 - Each",1,6.75
371,2026-09-25,"2026-09-23","Chicken Links - Sundried Tomato - lbs",1,10.5
371,2026-09-25,"2026-09-23","Sweet Pickle Relish - Pint",1,5.75
371,2026-09-25,"2026-09-23","Extra Credit - Each",1.25,1.06
371,2026-09-25,"2026-09-23","Half",1,68.89
1410,2026-09-25,"2026-09-23","Cheese Choice $6.75 - Each",1,6.75
1410,2026-09-25,"2026-09-23","Mustard - Choice",1,6.5
1410,2026-09-25,"2026-09-23","Pork - Bratwurst  - Pack",1,8.5
1410,2026-09-25,"2026-09-23","Half",1,68.89
1983,2026-09-25,"2026-09-23","Eggs - Dozen",2,6.5
1983,2026-09-25,"2026-09-23","Feta Cheese - HBC - Each",1,6.75
1983,2026-09-25,"2026-09-23","Ground Beef - D&M - Lb.",1,10.5
1983,2026-09-25,"2026-09-23","Lettuce Mix - Bag",1,5
1983,2026-09-25,"2026-09-23","Tomatoes - Heirloom - Bag",1,8
1983,2026-09-25,"2026-09-23","Tomatoes - Sungold - Pint",1,7
1983,2026-09-25,"2026-09-23","Watermelon - Seedless (1.0 Small) - Small",1,4
1983,2026-09-25,"2026-09-23","Extra Credit - Each",28,1.06
1983,2026-09-25,"2026-09-23","Mini",1,53.2
903,2026-09-25,"2026-09-23","Mothership Pickup Time (5.0 @5:30-6) - @5:30-6",1,0
903,2026-09-25,"2026-09-23","Candy Onions - lbs",1,3.5
903,2026-09-25,"2026-09-23","Chicken Links - Andouille  - Lb.",1,6.16
903,2026-09-25,"2026-09-23","Chicken Wings/lb. - lbs",1,6.16
903,2026-09-25,"2026-09-23","Eggs - Dozen",1,6.5
903,2026-09-25,"2026-09-23","Mushrooms (1.0 Maitake (Hen of the Woods)) - Maitake (Hen of the Woods)",1,8
903,2026-09-25,"2026-09-23","Extra Credit - Each",4.07,1.06
903,2026-09-25,"2026-09-23","Mini",1,53.2
136,2026-09-25,"2026-09-23","Cucumbers - Slicing - Each",2,2
136,2026-09-25,"2026-09-23","Garlic - Head - Head",1,1
136,2026-09-25,"2026-09-23","Janie's Bread - Wednesday - Each",1,7
136,2026-09-25,"2026-09-23","Lettuce - It's a miracle! - Head",1,5
136,2026-09-25,"2026-09-23","Lettuce Mix - Bag",1,5
136,2026-09-25,"2026-09-23","Winter Squash - Spaghetti - Each",1,4.75
136,2026-09-25,"2026-09-23","Extra Credit - Each",5,1.06
136,2026-09-25,"2026-09-23","Half",1,84.79
56,2026-09-25,"2026-09-23","Eggs - BW - Dozen",2,6.5
56,2026-09-25,"2026-09-23","Mothership Pickup Time (1.0 @3:30-4) - @3:30-4",1,0
56,2026-09-25,"2026-09-23","Buttermilk Waffles Sourdough - Frozen - Pack",1,5
56,2026-09-25,"2026-09-23","Feta Cheese - HBC - Each",1,6.75
56,2026-09-25,"2026-09-23","Okra  - Bag",1,6
56,2026-09-25,"2026-09-23","Onions - Yellow - lbs",1,3.5
56,2026-09-25,"2026-09-23","Pork - Bratwurst  - Pack",1,8.5
56,2026-09-25,"2026-09-23","Extra Credit - Each",21,1.06
56,2026-09-25,"2026-09-23","Half",1,84.79
346,2026-09-25,"2026-09-23","Cheese Choice $6.75 - Each",1,6.75
346,2026-09-25,"2026-09-23","Mustard - Choice",1,6.5
346,2026-09-25,"2026-09-23","Pork - Bratwurst  - Pack",1,8.5
346,2026-09-25,"2026-09-23","Half",1,84.79
1039,2026-09-25,"2026-09-23","UCity Pickup Time (3.0 @5-5:30) - @5-5:30",1,0
1039,2026-09-25,"2026-09-23","Apple Cider - Pint - Pint",1,7
1039,2026-09-25,"2026-09-23","Chicken Thighs - Boneless/lb. - lbs",2,9.36
1039,2026-09-25,"2026-09-23","Eggplant - Globe (1.0 Bunch) - Bunch",1,4.5
1039,2026-09-25,"2026-09-23","Ground Beef - D&M - Lb.",1,10.5
1039,2026-09-25,"2026-09-23","Extra Credit - Each",4.47,1.06
1039,2026-09-25,"2026-09-23","UCA/KWA",1,79.79
618,2026-09-25,"2026-09-23","Eggs - BW - Dozen",2,6.5
618,2026-09-25,"2026-09-23","Lettuce Mix - Bag",1,5
618,2026-09-25,"2026-09-23","Tomatoes - Slicing - Bag",1,6.5
618,2026-09-25,"2026-09-23","Tomatoes - Sungold - Pint",1,7
618,2026-09-25,"2026-09-23","Extra Credit - Each",5.25,1.06
618,2026-09-25,"2026-09-23","Mini",1,53.2
1830,2026-09-25,"2026-09-23","Eggs - Dozen",1,6.5
1830,2026-09-25,"2026-09-23","Kairos Sourdough Choice $5 - Pack",1,5
1830,2026-09-25,"2026-09-23","Pork - Breakfast Bulk - Pack",1,8.5
1830,2026-09-25,"2026-09-23","Syrup Choice $12.50 - Each",1,12.5
1830,2026-09-25,"2026-09-23","FSA/FSD",1,79.79
1830,2026-09-25,"2026-09-23","2% MILK",1,8.85
1713,2026-09-25,"2026-09-23","UCity Pickup Time (3.0 @5-5:30) - @5-5:30",1,0
1713,2026-09-25,"2026-09-23","Apples - Cortland - Bag",1,5.75
1713,2026-09-25,"2026-09-23","Cucumbers - Slicing - Each",1,2
1713,2026-09-25,"2026-09-23","Onions - Red  - lbs",1,4
1713,2026-09-25,"2026-09-23","Onions - Yellow - lbs",1,3.5
1713,2026-09-25,"2026-09-23","Peppers - Sweet Mix - Bag",1,4
1713,2026-09-25,"2026-09-23","Potatoes - Sweet - lbs",1,6
1713,2026-09-25,"2026-09-23","Tomatoes - Heirloom - Bag",1,8
1713,2026-09-25,"2026-09-23","Winter Squash - Butternut - Each",1,2
1713,2026-09-25,"2026-09-23","Winter Squash - Delicata - Each",1,2.5
1713,2026-09-25,"2026-09-23","Extra Credit - Each",37.75,1.06
228,2026-09-25,"2026-09-23","Peanut Butter MC - Tub",1,7.75
228,2026-09-25,"2026-09-23","UCity Pickup Time (3.0 @5-5:30) - @5-5:30",1,0
228,2026-09-25,"2026-09-23","Black Bean Soup - Tub",1,6.5
228,2026-09-25,"2026-09-23","Eggs - Dozen",1,6.5
228,2026-09-25,"2026-09-23","Ground Beef - D&M - Lb.",1,10.5
228,2026-09-25,"2026-09-23","Hamburger Buns - 4-pack",1,2.75
228,2026-09-25,"2026-09-23","Extra Credit - Each",7.75,1.06
228,2026-09-25,"2026-09-23","Mini",1,53.2
1970,2026-09-25,"2026-09-23","Mothership Pickup Time (4.0 @5-5:30) - @5-5:30",1,0
1970,2026-09-25,"2026-09-23","Eggs - Dozen",1,6.5
1970,2026-09-25,"2026-09-23","Ground Beef - D&M - Lb.",2,10.5
1970,2026-09-25,"2026-09-23","Extra Credit - Each",1.25,1.06
1970,2026-09-25,"2026-09-23","Mini",1,53.2
1203,2026-09-25,"2026-09-23","Cucumbers - Pickling - Bag",1,3.5
1203,2026-09-25,"2026-09-23","Mothership Pickup Time (2.0 @4-4:30) - @4-4:30",1,0
1203,2026-09-25,"2026-09-23","Eggs - Dozen",1,6.5
1203,2026-09-25,"2026-09-23","Pork - Breakfast Bulk - Pack",1,8.5
1203,2026-09-25,"2026-09-23","Pork Italian Bulk - D&M - Lb.",1,8.5
1203,2026-09-25,"2026-09-23","Squash - Patty Pan - Lb.",1,4
1203,2026-09-25,"2026-09-23","Winter Squash - Butternut - Each",1,2
1203,2026-09-25,"2026-09-23","Extra Credit - Each",0.5,1.06
1203,2026-09-25,"2026-09-23","FSA/FSD",1,79.79
892,2026-09-25,"2026-09-23","Pizza - Cheese  - Each",2,9
892,2026-09-25,"2026-09-23","UCity Pickup Time (3.0 @5-5:30) - @5-5:30",1,0
892,2026-09-25,"2026-09-23","Cheese Choice $6.75 - Each",1,6.75
892,2026-09-25,"2026-09-23","Hamburger Buns - Frozen - 4-pack",1,2.75
892,2026-09-25,"2026-09-23","Oat Porridge Bread - Wednesday - Loaf",1,9
892,2026-09-25,"2026-09-23","Extra Credit - Each",14.75,1.06
892,2026-09-25,"2026-09-23","Half",1,84.79
444,2026-09-25,"2026-09-23","UCity Pickup Time - @4:10-4:30",1,0
444,2026-09-25,"2026-09-23","Bacon - Uncured/lb - Pack",1,16.17
444,2026-09-25,"2026-09-23","Eggs - Dozen",2,6.5
444,2026-09-25,"2026-09-23","Pretzel - UL Wednesday - Each",1,3.75
444,2026-09-25,"2026-09-23","RL Chocolate Milk - Bottle",2,2.75
444,2026-09-25,"2026-09-23","Extra Credit - Each",2.17,1.06
444,2026-09-25,"2026-09-23","UCA/KWA",1,79.79
902,2026-09-25,"2026-09-23","Chicken - BULK Breasts /lb. - Pack",1,9.18
902,2026-09-25,"2026-09-23","Mustard (1.0 Garlic) - Garlic",1,6.5
902,2026-09-25,"2026-09-23","Queso Quesadilla - HBC - Each",1,6.75
902,2026-09-25,"2026-09-23","Extra Credit - Each",0.68,1.06
902,2026-09-25,"2026-09-23","Half",1,84.79
472,2026-09-25,"2026-09-23","Cheese Choice $6.75 - Each",1,6.75
472,2026-09-25,"2026-09-23","Mustard - Choice",1,6.5
472,2026-09-25,"2026-09-23","Pork - Bratwurst  - Pack",1,8.5
472,2026-09-25,"2026-09-23","Half",1,68.89
1799,2026-09-25,"2026-09-23","Eggs - Dozen",1,6.5
1799,2026-09-25,"2026-09-23","Kairos Sourdough Choice $5 - Pack",1,5
1799,2026-09-25,"2026-09-23","Pork - Breakfast Bulk - Pack",1,8.5
1799,2026-09-25,"2026-09-23","Syrup Choice $12.50 - Each",1,12.5
1799,2026-09-25,"2026-09-23","Toffee - Package",2,7.5
1799,2026-09-25,"2026-09-23","Extra Credit - Each",15,1.06
1799,2026-09-25,"2026-09-23","FSA/FSD",1,79.79
5,2026-09-25,"2026-09-23","Yogurt - Greek Plain - Oz.",1,7.75
5,2026-09-25,"2026-09-23","Mothership Pickup Time (4.0 @5-5:30) - @5-5:30",1,0
5,2026-09-25,"2026-09-23","Chicken - Whole $5.00/lb. - Each",1,25.2
5,2026-09-25,"2026-09-23","Chicken Thighs - Big Bag/lb. - Pack",1,5.75
5,2026-09-25,"2026-09-23","Kairos Sourdough Choice $5 - Pack",1,5
5,2026-09-25,"2026-09-23","Salmon - Fillet Pieces/LB* - Each",1,5.35
5,2026-09-25,"2026-09-23","Extra Credit - Each",16.55,1.06
5,2026-09-25,"2026-09-23","FSA/FSD",1,79.79
1920,2026-09-25,"2026-09-23","UCity Pickup Time (3.0 @5-5:30) - @5-5:30",1,0
1920,2026-09-25,"2026-09-23","Eggs - Dozen",1,6.5
1920,2026-09-25,"2026-09-23","Ground Beef - D&M - Lb.",1,10.5
1920,2026-09-25,"2026-09-23","Oat Porridge Bread - Wednesday - Loaf",1,9
1920,2026-09-25,"2026-09-23","Pasta Long Bi-color - Lb.",1,6.5
1920,2026-09-25,"2026-09-23","Pita Bread - Frozen (1.0 White) - White",1,4
1920,2026-09-25,"2026-09-23","Pork - Bratwurst  - Pack",1,8.5
1920,2026-09-25,"2026-09-23","Extra Credit - Each",23.25,1.06
1920,2026-09-25,"2026-09-23","Half",1,68.89
30,2026-09-25,"2026-09-23","Apples - Cortland - Bag",1,5.75
30,2026-09-25,"2026-09-23","Beets - Lb.",1,6.5
30,2026-09-25,"2026-09-23","Dark Bar 72% - Package",1,3
30,2026-09-25,"2026-09-23","Onions - Yellow - lbs",1,3.5
30,2026-09-25,"2026-09-23","Winter Squash - Delicata - Each",2,2.5
30,2026-09-25,"2026-09-23","Extra Credit - Each",2,1.06
30,2026-09-25,"2026-09-23","Half",1,84.79
1699,2026-09-25,"2026-09-23","Cucumbers - Pickling - Bag",1,3.5
1699,2026-09-25,"2026-09-23","Eggs - BW - Dozen",1,6.5
1699,2026-09-25,"2026-09-23","UCity Pickup Time (3.0 @5-5:30) - @5-5:30",1,0
1699,2026-09-25,"2026-09-23","Hoagie - Wednesday - Each",1,3.5
1699,2026-09-25,"2026-09-23","Meatballs D&M - Package",1,15
1699,2026-09-25,"2026-09-23","Ravioli - 4-Cheese - Lb.",1,9.15
1699,2026-09-25,"2026-09-23","Extra Credit - Each",1.4,1.06
1699,2026-09-25,"2026-09-23","UCA/KWA",1,79.79
1200,2026-09-25,"2026-09-23","UCity Pickup Time (2.0 @4:30-5) - @4:30-5",1,0
1200,2026-09-25,"2026-09-23","Beets - Lb.",1,6.5
1200,2026-09-25,"2026-09-23","Cantaloupe - Each",1,6.5
1200,2026-09-25,"2026-09-23","Eggplant - Globe - Each",1,4
1200,2026-09-25,"2026-09-23","Garlic - Head - Head",1,1
1200,2026-09-25,"2026-09-23","Lettuce - It's a miracle! - Head",1,5
1200,2026-09-25,"2026-09-23","Okra  - Bag",1,6
1200,2026-09-25,"2026-09-23","Onions - Red  - lbs",1,4
1200,2026-09-25,"2026-09-23","Peppers - Carmen - 2-pack",1,3
1200,2026-09-25,"2026-09-23","Peppers - Cayenne (Hot) - Bag",1,3
1200,2026-09-25,"2026-09-23","Peppers - Shishitos - Bag",1,7
1200,2026-09-25,"2026-09-23","Peppers - Sweet Habanada - Bag",1,3.5
1200,2026-09-25,"2026-09-23","Radishes - Bunch - Bunch",1,3.5
1200,2026-09-25,"2026-09-23","Extra Credit - Each",53,1.06
1154,2026-09-25,"2026-09-23","Eggs - BW - Dozen",1,6.5
1154,2026-09-25,"2026-09-23","Sugar Free - Blueberry HBY - Pint",1,7.75
1154,2026-09-25,"2026-09-23","Mothership Pickup Time (1.0 @3:30-4) - @3:30-4",1,0
1154,2026-09-25,"2026-09-23","Tomatoes - San Manzano - lbs",1,7
1154,2026-09-25,"2026-09-23","Bacon - Each",1,13.5
1154,2026-09-25,"2026-09-23","Bagels - Blueberry - BU - Bag",1,11.25
1154,2026-09-25,"2026-09-23","Tomatoes - Slicing - Bag",1,6.5
1154,2026-09-25,"2026-09-23","Extra Credit - Each",26.25,1.06
1154,2026-09-25,"2026-09-23","Mini",1,53.2
541,2026-09-25,"2026-09-23","Almond Butter - Pint",1,11.25
541,2026-09-25,"2026-09-23","Cucumbers - Pickling - Bag",1,3.5
541,2026-09-25,"2026-09-23","UCity Pickup Time (3.0 @5-5:30) - @5-5:30",1,0
541,2026-09-25,"2026-09-23","Candy Onions - lbs",1,3.5
541,2026-09-25,"2026-09-23","Lettuce - It's a miracle! - Head",1,5
541,2026-09-25,"2026-09-23","Peppers - Lunchbox - Bag",2,7
541,2026-09-25,"2026-09-23","Watermelon - Seedless (1.0 Large) - Large",1,12
541,2026-09-25,"2026-09-23","Extra Credit - Each",10.5,1.06
541,2026-09-25,"2026-09-23","UCA/KWA",1,79.79
1928,2026-09-25,"2026-09-23","UCity Pickup Time - @4:10-4:30",1,0
1928,2026-09-25,"2026-09-23","Bread Pudding - Muffin - Froz. - Each",4,4
1928,2026-09-25,"2026-09-23","Lettuce - It's a miracle! - Head",1,5
1928,2026-09-25,"2026-09-23","Half",1,68.89
1559,2026-09-25,"2026-09-23","UCity Pickup Time (3.0 @5-5:30) - @5-5:30",1,0
1559,2026-09-25,"2026-09-23","Janie's Bread - Wednesday - Each",1,7
1559,2026-09-25,"2026-09-23","Lettuce Mix - Bag",1,5
1559,2026-09-25,"2026-09-23","Salmon - Fillet Pieces/LB* - Each",2,17.44
1559,2026-09-25,"2026-09-23","Extra Credit - Each",20.63,1.06
1559,2026-09-25,"2026-09-23","Mini",1,53.2
788,2026-09-25,"2026-09-23","Milk - Whole - Oz.",2,8.32
788,2026-09-25,"2026-09-23","Eggs - BW - Dozen",1,6.5
788,2026-09-25,"2026-09-23","Hoagie - Wednesday - Each",1,3.5
788,2026-09-25,"2026-09-23","Watermelon - Seedless (1.0 Large) - Large",1,12
788,2026-09-25,"2026-09-23","Extra Credit - Each",33.64,1.06
1098,2026-09-25,"2026-09-23","Walnuts - Oz.",1,12.75
1098,2026-09-25,"2026-09-23","Eggs - BW - Dozen",1,6.5
1098,2026-09-25,"2026-09-23","UCity Pickup Time - @4:10-4:30",1,0
1098,2026-09-25,"2026-09-23","Ground Beef - D&M - Lb.",1,10.5
1098,2026-09-25,"2026-09-23","Hummus - Garlic - Tub",1,6.75
1098,2026-09-25,"2026-09-23","Mushrooms (1.0 Lion's Mane) - Lion's Mane",1,8
1098,2026-09-25,"2026-09-23","Ravioli - 4-Cheese - Lb.",1,9.15
1098,2026-09-25,"2026-09-23","Semolina - Wednesday - Loaf",1,7
1098,2026-09-25,"2026-09-23","Extra Credit - Each",31.9,1.06
1098,2026-09-25,"2026-09-23","Mini",1,53.2
1098,2026-09-25,"2026-09-23","2% MILK-e",1,8.85
557,2026-09-25,"2026-09-23","Mothership Pickup Time (1.0 @3:30-4) - @3:30-4",1,0
557,2026-09-25,"2026-09-23","Candy Onions - lbs",1,3.5
557,2026-09-25,"2026-09-23","Eggs - Dozen",1,6.5
557,2026-09-25,"2026-09-23","English Muffin Sourdough - Frozen - Pack",1,5
557,2026-09-25,"2026-09-23","Ground Beef - D&M - Lb.",1,10.5
557,2026-09-25,"2026-09-23","Pork Breakfast Link D&M - Pack",1,8.5
557,2026-09-25,"2026-09-23","Extra Credit - Each",1.5,1.06
557,2026-09-25,"2026-09-23","FSA/FSD",1,79.79
986,2026-09-25,"2026-09-23","Eggs - BW - Dozen",1,6.5
986,2026-09-25,"2026-09-23","Mothership Pickup Time (4.0 @5-5:30) - @5-5:30",1,0
986,2026-09-25,"2026-09-23","Boneless Pork Chop - D&M /lb - Lb.",1,14.74
986,2026-09-25,"2026-09-23","Mustard (1.0 Horseradish) - Horseradish",1,6.5
986,2026-09-25,"2026-09-23","Pork - Bratwurst  - Pack",1,8.5
986,2026-09-25,"2026-09-23","Extra Credit - Each",14.49,1.06
986,2026-09-25,"2026-09-23","Half",1,84.79
288,2026-09-25,"2026-09-23","Mothership Pickup Time - @6:30-7",1,0
288,2026-09-25,"2026-09-23","Donation to Food Pantry - Each",1,1
288,2026-09-25,"2026-09-23","Food For FS Cats Donation - $",1,1
288,2026-09-25,"2026-09-23","Applewood Smoked Cheddar - Each",1,6.75
288,2026-09-25,"2026-09-23","Beef Kabob Meat - Lb.",1,12.75
288,2026-09-25,"2026-09-23","Black Beans DC - Tub",1,6.5
288,2026-09-25,"2026-09-23","Extra Credit - Each",1.75,1.06
288,2026-09-25,"2026-09-23","Mini",1,53.2
1896,2026-09-25,"2026-09-23","Mothership Pickup Time (1.0 @3:30-4) - @3:30-4",1,0
1896,2026-09-25,"2026-09-23","Cinnamon Raisin Bread - 1-each",1,6.75
1896,2026-09-25,"2026-09-23","Eggs - Dozen",1,6.5
1896,2026-09-25,"2026-09-23","Watermelon - Seedless (1.0 Large) - Large",1,12
1896,2026-09-25,"2026-09-23","Mini",1,53.2
83,2026-09-25,"2026-09-23","Eggs - BW - Dozen",2,6.5
83,2026-09-25,"2026-09-23","Mothership Pickup Time (1.0 @3:30-4) - @3:30-4",1,0
83,2026-09-25,"2026-09-23","Lettuce - It's a miracle! - Head",1,5
83,2026-09-25,"2026-09-23","Pork - Bratwurst  - Pack",1,8.5
83,2026-09-25,"2026-09-23","Watermelon - Seedless (1.0 Large) - Large",1,12
83,2026-09-25,"2026-09-23","Extra Credit - Each",16.75,1.06
83,2026-09-25,"2026-09-23","Half",1,84.79
391,2026-09-25,"2026-09-23","Del Carmen Choice - Tub",1,6.5
391,2026-09-25,"2026-09-23","Eggs - Dozen",1,6.5
391,2026-09-25,"2026-09-23","Ground Beef - D&M - Lb.",1,10.5
391,2026-09-25,"2026-09-23","Hamburger Buns - 4-pack",1,2.75
391,2026-09-25,"2026-09-23","Mini",1,53.2
824,2026-09-25,"2026-09-23","Chicken - Ground - Lb.",1,10.25
824,2026-09-25,"2026-09-23","Cucumbers - Slicing - Each",1,2
824,2026-09-25,"2026-09-23","Eggs - Dozen",1,6.5
824,2026-09-25,"2026-09-23","English Muffin Sourdough - Frozen - Pack",1,5
824,2026-09-25,"2026-09-23","Winter Squash - Delicata - Each",1,2.5
824,2026-09-25,"2026-09-23","Mini",1,53.2
100,2026-09-25,"2026-09-23","Mothership Pickup Time (3.0 @4:30-5) - @4:30-5",1,0
100,2026-09-25,"2026-09-23","Eggs - Dozen",1,6.5
100,2026-09-25,"2026-09-23","Ground Beef - D&M - Lb.",1,10.5
100,2026-09-25,"2026-09-23","Hamburger Buns - 4-pack",1,2.75
100,2026-09-25,"2026-09-23","Pork - Ground  - Lb.",1,7.5
100,2026-09-25,"2026-09-23","Extra Credit - Each",1,1.06
100,2026-09-25,"2026-09-23","Mini",1,53.2
178,2026-09-25,"2026-09-23","Cheese Choice $6.75 - Each",1,6.75
178,2026-09-25,"2026-09-23","Mustard - Choice",1,6.5
178,2026-09-25,"2026-09-23","Pork - Bratwurst  - Pack",1,8.5
178,2026-09-25,"2026-09-23","Pork Snack Sticks - 5 pk - Plain",1,10.3
178,2026-09-25,"2026-09-23","Extra Credit - Each",10.3,1.06
178,2026-09-25,"2026-09-23","Half",1,68.89
99,2026-09-25,"2026-09-23","Chicken - BULK Breasts /lb. - Pack",1,69.13
99,2026-09-25,"2026-09-23","Mothership Pickup Time (4.0 @5-5:30) - @5-5:30",1,0
99,2026-09-25,"2026-09-23","Eggs - Dozen",1,6.5
99,2026-09-25,"2026-09-23","Extra Credit - Each",43.13,1.06
484,2026-09-25,"2026-09-23","Chicken - Big Bag Deboned Thighs/lb. - Bag",1,39.77
484,2026-09-25,"2026-09-23","Mothership Pickup Time (3.0 @4:30-5) - @4:30-5",1,0
484,2026-09-25,"2026-09-23","Maple Syrup 12 oz. - Jar",1,13
484,2026-09-25,"2026-09-23","Pink Sauce - Oz.",1,8.75
484,2026-09-25,"2026-09-23","Pork - Breakfast Bulk - Pack",1,8.5
484,2026-09-25,"2026-09-23","Extra Credit - Each",37.52,1.06
484,2026-09-25,"2026-09-23","FSA/FSD",1,79.79
660,2026-09-25,"2026-09-23","Mothership Pickup Time (1.0 @3:30-4) - @3:30-4",1,0
660,2026-09-25,"2026-09-23","Eggs - Dozen",1,6.5
660,2026-09-25,"2026-09-23","Kairos Sourdough Choice $5 - Pack",1,5
660,2026-09-25,"2026-09-23","Pork - Breakfast Bulk - Pack",1,8.5
660,2026-09-25,"2026-09-23","Syrup Choice $12.50 - Each",1,12.5
660,2026-09-25,"2026-09-23","FSA/FSD",1,79.79
637,2026-09-25,"2026-09-23","Eggs - BW - Dozen",1,6.5
637,2026-09-25,"2026-09-23","Mothership Pickup Time (1.0 @3:30-4) - @3:30-4",1,0
637,2026-09-25,"2026-09-23","Cheese Choice $6.75 - Each",1,6.75
637,2026-09-25,"2026-09-23","English Muffin Sourdough - Frozen - Pack",1,5
637,2026-09-25,"2026-09-23","Tortillas Sourdough - Frozen - Pack",1,5
637,2026-09-25,"2026-09-23","Extra Credit - Each",1.5,1.06
637,2026-09-25,"2026-09-23","Half",1,84.79
925,2026-09-25,"2026-09-23","UCity Pickup Time (2.0 @4:30-5) - @4:30-5",1,0
925,2026-09-25,"2026-09-23","Eggplant - Globe - Each",1,4
925,2026-09-25,"2026-09-23","Eggs - Dozen",1,6.5
925,2026-09-25,"2026-09-23","Hamburger Buns - 4-pack",1,2.75
925,2026-09-25,"2026-09-23","Radishes - Bunch - Bunch",1,3.5
925,2026-09-25,"2026-09-23","Tomatoes - Funky Bunch - Pint",1,7
925,2026-09-25,"2026-09-23","Winter Squash - Delicata - Each",1,2.5
925,2026-09-25,"2026-09-23","Mini",1,53.2
1084,2026-09-25,"2026-09-23","Eggs - BW - Dozen",1,6.5
1084,2026-09-25,"2026-09-23","Pepitas - Oz.",1,8
1084,2026-09-25,"2026-09-23","Cheese Choice $6.75 - Each",1,6.75
1084,2026-09-25,"2026-09-23","Honey - Qt. - Jar",1,20.25
1084,2026-09-25,"2026-09-23","Extra Credit - Each",19.75,1.06
1084,2026-09-25,"2026-09-23","Half",1,84.79
351,2026-09-25,"2026-09-23","Mothership Pickup Time (1.0 @3:30-4) - @3:30-4",1,0
351,2026-09-25,"2026-09-23","Eggs - Dozen",1,6.5
351,2026-09-25,"2026-09-23","Garlic - Head - Head",3,1
351,2026-09-25,"2026-09-23","Lettuce - It's a miracle! - Head",1,5
351,2026-09-25,"2026-09-23","Onions - Yellow - lbs",1,3.5
351,2026-09-25,"2026-09-23","Semolina - Wednesday - Loaf",1,7
351,2026-09-25,"2026-09-23","Extra Credit - Each",3.25,1.06
351,2026-09-25,"2026-09-23","Half",1,84.79
994,2026-09-25,"2026-09-23","Watermelon - Seeded (1.0 Large) - Large",1,12
994,2026-09-25,"2026-09-23","Mothership Pickup Time (4.0 @5-5:30) - @5-5:30",1,0
994,2026-09-25,"2026-09-23","Del Carmen Choice - Tub",1,6.5
994,2026-09-25,"2026-09-23","Eggs - Dozen",1,6.5
994,2026-09-25,"2026-09-23","Hamburger Buns - 4-pack",1,2.75
994,2026-09-25,"2026-09-23","Lettuce Mix - Bag",1,5
994,2026-09-25,"2026-09-23","Tomatoes - Heirloom - Bag",1,8
994,2026-09-25,"2026-09-23","Extra Credit - Each",14.5,1.06
994,2026-09-25,"2026-09-23","Mini",1,53.2
999,2026-09-25,"2026-09-23","Mothership Pickup Time (2.0 @4-4:30) - @4-4:30",1,0
999,2026-09-25,"2026-09-23","Eggs - Dozen",2,6.5
999,2026-09-25,"2026-09-23","Ground Beef - D&M - Lb.",1,10.5
999,2026-09-25,"2026-09-23","Kuva Ethiopian - Bag",1,16.45
999,2026-09-25,"2026-09-23","Salmon - Fillet Pieces/LB* - Each",1,5.4
999,2026-09-25,"2026-09-23","Extra Credit - Each",12.85,1.06
999,2026-09-25,"2026-09-23","FSA/FSD",1,79.79
1923,2026-09-25,"2026-09-23","Apple Cider - Pint - Pint",1,7
1923,2026-09-25,"2026-09-23","Beef Kabob Meat - Lb.",1,12.75
1923,2026-09-25,"2026-09-23","Mushrooms - Choice",1,8
1923,2026-09-25,"2026-09-23","Olive Oil Small - ML",1,8.5
1923,2026-09-25,"2026-09-23","UCA/KWA",1,79.79
1879,2026-09-25,"2026-09-23","Mothership Pickup Time (3.0 @4:30-5) - @4:30-5",1,0
1879,2026-09-25,"2026-09-23","Black Beans DC - Tub",1,6.5
1879,2026-09-25,"2026-09-23","Eggs - Dozen",1,6.5
1879,2026-09-25,"2026-09-23","Ground Beef - D&M - Lb.",1,10.5
1879,2026-09-25,"2026-09-23","Hamburger Buns - 4-pack",1,2.75
1879,2026-09-25,"2026-09-23","Mini",1,53.2
727,2026-09-25,"2026-09-23","Milk - Whole - Oz.",1,8.32
727,2026-09-25,"2026-09-23","UCity Pickup Time - @4:10-4:30",1,0
727,2026-09-25,"2026-09-23","Apples - Golden Delicious - Bag",1,5.75
727,2026-09-25,"2026-09-23","Apples - Jonathan - Bag",1,5.75
727,2026-09-25,"2026-09-23","Beef Kabob Meat - Lb.",1,12.75
727,2026-09-25,"2026-09-23","Eggs - H - Dozen",1,6.5
727,2026-09-25,"2026-09-23","Paw Paws - Bag",1,10
727,2026-09-25,"2026-09-23","Extra Credit - Each",12.82,1.06
727,2026-09-25,"2026-09-23","UCA/KWA",1,79.79
373,2026-09-25,"2026-09-23","Milk - Skim  - Oz.",1,8.32
373,2026-09-25,"2026-09-23","UCity Pickup Time (3.0 @5-5:30) - @5-5:30",1,0
373,2026-09-25,"2026-09-23","Apple Cider - Pint - Pint",1,7
373,2026-09-25,"2026-09-23","Buttermilk Waffles Sourdough - Frozen - Pack",1,5
373,2026-09-25,"2026-09-23","Cucumbers - Slicing - Each",1,2
373,2026-09-25,"2026-09-23","Semolina - Wednesday - Loaf",1,7
373,2026-09-25,"2026-09-23","Tomatoes - Sungold - Pint",1,7
373,2026-09-25,"2026-09-23","Extra Credit - Each",0.07,1.06
373,2026-09-25,"2026-09-23","UCA/KWA",1,79.79
1498,2026-09-25,"2026-09-23","UCity Pickup Time (2.0 @4:30-5) - @4:30-5",1,0
1498,2026-09-25,"2026-09-23","XO - Cooler Donation - $",2,1
1498,2026-09-25,"2026-09-23","Eggs - Dozen",1,6.5
1498,2026-09-25,"2026-09-23","Louise's Cocoa Brownie Crisp Granola - Bag",1,11.15
1498,2026-09-25,"2026-09-23","Potatoes - Sweet - lbs",1,6
1498,2026-09-25,"2026-09-23","Mini",1,53.2
526,2026-09-25,"2026-09-23","UCity Pickup Time - @4:10-4:30",1,0
526,2026-09-25,"2026-09-23","Beef Kabob Meat - Lb.",1,12.75
526,2026-09-25,"2026-09-23","Olive Oil Small - ML",1,8.5
526,2026-09-25,"2026-09-23","Peppers - Thai Chili - Oz.",1,3
526,2026-09-25,"2026-09-23","Semolina - Wednesday - Loaf",1,7
526,2026-09-25,"2026-09-23","Tomatoes - Slicing - Bag",1,6.5
526,2026-09-25,"2026-09-23","Extra Credit - Each",1.5,1.06
526,2026-09-25,"2026-09-23","UCA/KWA",1,79.79
42,2026-09-25,"2026-09-23","Cucumbers - Pickling - Bag",1,3.5
42,2026-09-25,"2026-09-23","Eggs - BW - Dozen",1,6.5
42,2026-09-25,"2026-09-23","UCity Pickup Time - @4:10-4:30",1,0
42,2026-09-25,"2026-09-23","Apple Cider - Pint - Pint",1,7
42,2026-09-25,"2026-09-23","Apples - Golden Delicious - Bag",1,5.75
42,2026-09-25,"2026-09-23","Apples - Jonathan - Bag",1,5.75
42,2026-09-25,"2026-09-23","Flank Steak/lbs. - lbs",1,22.68
42,2026-09-25,"2026-09-23","Onions - Red  - lbs",1,4
42,2026-09-25,"2026-09-23","Onions - Yellow - lbs",1,3.5
42,2026-09-25,"2026-09-23","Extra Credit - Each",22.43,1.06
42,2026-09-25,"2026-09-23","UCA/KWA",1,79.79
544,2026-09-25,"2026-09-23","RL Heavy Cream - Pint",1,6.5
544,2026-09-25,"2026-09-23","Pork - Bratwurst  - Pack",1,8.5
544,2026-09-25,"2026-09-23","Yogurt - Vanilla - Oz.",1,7.25
544,2026-09-25,"2026-09-23","Extra Credit - Each",0.5,1.06
544,2026-09-25,"2026-09-23","Half",1,84.79
1030,2026-09-25,"2026-09-23","Eggs - BW - Dozen",1,6.5
1030,2026-09-25,"2026-09-23","Stringbean Peru - Oz.",1,16
1030,2026-09-25,"2026-09-23","UCity Pickup Time (3.0 @5-5:30) - @5-5:30",1,0
1030,2026-09-25,"2026-09-23","Arugula - Bag",1,4.25
1030,2026-09-25,"2026-09-23","Buttermilk Waffles Sourdough - Frozen - Pack",1,5
1030,2026-09-25,"2026-09-23","Olive Oil Small - ML",1,8.5
1030,2026-09-25,"2026-09-23","Extra Credit - Each",4,1.06
1030,2026-09-25,"2026-09-23","UCA/KWA",1,79.79
1448,2026-09-25,"2026-09-23","Chicken - Thighs /lbs  - lbs",1,6
1448,2026-09-25,"2026-09-23","Eggs - Dozen",1,6.5
1448,2026-09-25,"2026-09-23","Onions - Yellow - lbs",1,3.5
1448,2026-09-25,"2026-09-23","Pretzel - UL Wednesday - Each",1,3.75
1448,2026-09-25,"2026-09-23","Tomatoes - Slicing - Bag",1,6.5
1448,2026-09-25,"2026-09-23","Mini",1,53.2
145,2026-09-25,"2026-09-23","Mothership Pickup Time (1.0 @3:30-4) - @3:30-4",1,0
145,2026-09-25,"2026-09-23","Tomatoes - Heirloom - Bag",1,8
145,2026-09-25,"2026-09-23","Tortellini - Goat Cheese - Pack",1,9.15
145,2026-09-25,"2026-09-23","Winter Squash - Butternut - Each",1,2
145,2026-09-25,"2026-09-23","Winter Squash - Delicata - Each",3,2.5
145,2026-09-25,"2026-09-23","Extra Credit - Each",0.4,1.06
145,2026-09-25,"2026-09-23","Mini",1,53.2
317,2026-09-25,"2026-09-23","Stringbean Disco Inferno - Oz.",1,16
317,2026-09-25,"2026-09-23","UCity Pickup Time - @4:10-4:30",1,0
317,2026-09-25,"2026-09-23","Eggs - Dozen",1,6.5
317,2026-09-25,"2026-09-23","Garlic - Head - Head",2,1
317,2026-09-25,"2026-09-23","Gnocchi - Sweet Potato  - Lb.",1,6.5
317,2026-09-25,"2026-09-23","Marinara Sauce - Jar",1,8.75
317,2026-09-25,"2026-09-23","Meatballs D&M - Package",2,15
317,2026-09-25,"2026-09-23","Mushrooms (1.0 Shiitake) - Shiitake",1,8
317,2026-09-25,"2026-09-23","Onions - Yellow - lbs",1,3.5
317,2026-09-25,"2026-09-23","Pork - Bratwurst  - Pack",1,8.5
317,2026-09-25,"2026-09-23","Tomatoes - Slicing - Bag",1,6.5
317,2026-09-25,"2026-09-23","Tomatoes - Sungold - Pint",1,7
317,2026-09-25,"2026-09-23","Watermelon - Seedless (1.0 Large) - Large",1,12
317,2026-09-25,"2026-09-23","Extra Credit - Each",93.5,1.06
317,2026-09-25,"2026-09-23","Half",1,68.89
8,2026-09-25,"2026-09-23","Cheese Choice $6.75 - Each",1,6.75
8,2026-09-25,"2026-09-23","Eggs - Dozen",1,6.5
8,2026-09-25,"2026-09-23","Mustard - Choice",1,6.5
8,2026-09-25,"2026-09-23","Pork - Bratwurst  - Pack",1,8.5
8,2026-09-25,"2026-09-23","Watermelon - Seedless (1.0 Large) - Large",1,12
8,2026-09-25,"2026-09-23","Extra Credit - Each",18.5,1.06
8,2026-09-25,"2026-09-23","Half",1,84.79
190,2026-09-25,"2026-09-23","Mothership Pickup Time (3.0 @4:30-5) - @4:30-5",1,0
190,2026-09-25,"2026-09-23","Bagels - Everything - BU - Bag",1,11.25
190,2026-09-25,"2026-09-23","Eggs - Dozen",1,6.5
190,2026-09-25,"2026-09-23","Ground Beef - D&M - Lb.",1,10.5
190,2026-09-25,"2026-09-23","Louise's Original Granola - Bag",1,10
190,2026-09-25,"2026-09-23","Marinara Sauce - Jar",1,8.75
190,2026-09-25,"2026-09-23","Pasta Long Egg - Lb.",1,6.5
190,2026-09-25,"2026-09-23","Extra Credit - Each",27.25,1.06
190,2026-09-25,"2026-09-23","Mini",1,53.2
329,2026-09-25,"2026-09-23","Aged Cheddar - HBC - Each",1,6.75
329,2026-09-25,"2026-09-23","Applewood Smoked Cheddar - Each",1,6.75
329,2026-09-25,"2026-09-23","Arugula - Bag",1,4.25
329,2026-09-25,"2026-09-23","Beets - Lb.",1,6.5
329,2026-09-25,"2026-09-23","Bison - Ground - Lb.",1,27.25
329,2026-09-25,"2026-09-23","Del Carmen Choice - Tub",1,6.5
329,2026-09-25,"2026-09-23","Ground Beef - D&M - Lb.",1,10.5
329,2026-09-25,"2026-09-23","Hamburger Buns - 4-pack",1,2.75
329,2026-09-25,"2026-09-23","Lettuce Mix - Bag",1,5
329,2026-09-25,"2026-09-23","Extra Credit - Each",50,1.06
329,2026-09-25,"2026-09-23","Mini",1,53.2
125,2026-09-25,"2026-09-23","Apples - Jonathan - Bag",1,5.75
125,2026-09-25,"2026-09-23","Arugula - Bag",1,4.25
125,2026-09-25,"2026-09-23","Eggplant - Globe (1.0 Bunch) - Bunch",1,4.5
125,2026-09-25,"2026-09-23","Olive Oil Small - ML",1,8.5
125,2026-09-25,"2026-09-23","Tomatoes - Funky Bunch - Pint",1,7
125,2026-09-25,"2026-09-23","Tomatoes - Heirloom - Bag",1,8
125,2026-09-25,"2026-09-23","Tomatoes - Slicing - Bag",1,6.5
125,2026-09-25,"2026-09-23","Extra Credit - Each",8.25,1.06
125,2026-09-25,"2026-09-23","UCA/KWA",1,79.79
256,2026-09-25,"2026-09-23","Beef Kabob Meat - Lb.",1,12.75
256,2026-09-25,"2026-09-23","Black Bean Dip - Tub",1,6.5
256,2026-09-25,"2026-09-23","Eggs - Dozen",1,6.5
256,2026-09-25,"2026-09-23","Ground Beef - D&M - Lb.",1,10.5
256,2026-09-25,"2026-09-23","Lettuce - It's a miracle! - Head",1,5
256,2026-09-25,"2026-09-23","Tomatoes - Heirloom - Bag",1,8
256,2026-09-25,"2026-09-23","Extra Credit - Each",23,1.06
256,2026-09-25,"2026-09-23","Mini",1,53.2
235,2026-09-25,"2026-09-23","Cucumbers - Pickling - Bag",1,3.5
235,2026-09-25,"2026-09-23","Apples - Golden Delicious - Bag",1,5.75
235,2026-09-25,"2026-09-23","Cantaloupe - Each",1,6.5
235,2026-09-25,"2026-09-23","Eggs - Dozen",1,6.5
235,2026-09-25,"2026-09-23","Semolina - Wednesday - Loaf",1,7
235,2026-09-25,"2026-09-23","Extra Credit - Each",3,1.06
235,2026-09-25,"2026-09-23","Mini",1,53.2
356,2026-09-25,"2026-09-23","UCity Pickup Time (3.0 @5-5:30) - @5-5:30",1,0
356,2026-09-25,"2026-09-23","Chicken Breasts /lb. - Pack",1,10.71
356,2026-09-25,"2026-09-23","Eggs - Dozen",1,6.5
356,2026-09-25,"2026-09-23","Ground Beef - D&M - Lb.",1,10.5
356,2026-09-25,"2026-09-23","Pork Breakfast Patties D&M - Pack",1,8.5
356,2026-09-25,"2026-09-23","Extra Credit - Each",9.96,1.06
356,2026-09-25,"2026-09-23","Mini",1,53.2
1107,2026-09-25,"2026-09-23","UCity Pickup Time (3.0 @5-5:30) - @5-5:30",1,0
1107,2026-09-25,"2026-09-23","Eggs - Dozen",1,6.5
1107,2026-09-25,"2026-09-23","Fairy Tale Eggplant - Pint",1,7
1107,2026-09-25,"2026-09-23","Pork - Bratwurst  - Pack",1,8.5
1107,2026-09-25,"2026-09-23","Extra Credit - Each",0.25,1.06
1107,2026-09-25,"2026-09-23","Half",1,68.89
520,2026-09-25,"2026-09-23","Milk - Whole - Oz.",1,8.32
520,2026-09-25,"2026-09-23","UCity Pickup Time - @4:10-4:30",1,0
520,2026-09-25,"2026-09-23","Eggplant - Globe - Each",1,4
520,2026-09-25,"2026-09-23","Ground Beef - D&M - Lb.",1,10.5
520,2026-09-25,"2026-09-23","Lettuce Mix - Bag",1,5
520,2026-09-25,"2026-09-23","Mini",1,53.2
520,2026-09-25,"2026-09-23","Whole MILK",1,8.85
709,2026-09-25,"2026-09-23","RL Heavy Cream - Pint",1,6.5
709,2026-09-25,"2026-09-23","Chicken Breasts /lb. - Pack",2,10.03
709,2026-09-25,"2026-09-23","Chicken Thighs - Boneless/lb. - lbs",1,9.98
709,2026-09-25,"2026-09-23","Eggs - Dozen",1,6.5
709,2026-09-25,"2026-09-23","Kairos Sourdough Choice $5 - Pack",1,5
709,2026-09-25,"2026-09-23","Pork - Breakfast Bulk - Pack",1,8.5
709,2026-09-25,"2026-09-23","Syrup Choice $12.50 - Each",1,12.5
709,2026-09-25,"2026-09-23","Extra Credit - Each",36.54,1.06
709,2026-09-25,"2026-09-23","FSA/FSD",1,79.79
709,2026-09-25,"2026-09-23","Whole MILK",1,8.85
763,2026-09-25,"2026-09-23","Eggs - Dozen",1,6.5
763,2026-09-25,"2026-09-23","Kairos Sourdough Choice $5 - Pack",1,5
763,2026-09-25,"2026-09-23","Pork - Breakfast Bulk - Pack",1,8.5
763,2026-09-25,"2026-09-23","Syrup Choice $12.50 - Each",1,12.5
763,2026-09-25,"2026-09-23","FSA/FSD",1,79.79
598,2026-09-25,"2026-09-23","Eggs - Dozen",1,6.5
598,2026-09-25,"2026-09-23","Ground Beef - D&M - Lb.",1,10.5
598,2026-09-25,"2026-09-23","Hamburger Buns - 4-pack",1,2.75
598,2026-09-25,"2026-09-23","Pasta Bi-color Short - Lb.",1,6.5
598,2026-09-25,"2026-09-23","Mini",1,53.2
423,2026-09-25,"2026-09-23","Mothership Pickup Time (6.0 @6-6:30) - @6-6:30",1,0
423,2026-09-25,"2026-09-23","Tomatoes - San Manzano - lbs",1,7
423,2026-09-25,"2026-09-23","Apples - Cortland - Bag",1,5.75
423,2026-09-25,"2026-09-23","Eggs - Dozen",1,6.5
423,2026-09-25,"2026-09-23","Pork - Breakfast Bulk - Pack",1,8.5
423,2026-09-25,"2026-09-23","Sesame Hoagie -W - Each",1,3.8
423,2026-09-25,"2026-09-23","Sour Cream - Oz.",1,6
423,2026-09-25,"2026-09-23","Tomatoes - Heirloom - Bag",1,8
423,2026-09-25,"2026-09-23","Yogurt - Vanilla - Oz.",1,7.25
423,2026-09-25,"2026-09-23","Extra Credit - Each",20.3,1.06
423,2026-09-25,"2026-09-23","FSA/FSD",1,79.79
1577,2026-09-25,"2026-09-23","Tomatoes - San Manzano - lbs",1,7
1577,2026-09-25,"2026-09-23","Beets - Lb.",1,6.5
1577,2026-09-25,"2026-09-23","Eggs - Dozen",1,6.5
1577,2026-09-25,"2026-09-23","Ground Beef - D&M - Lb.",1,10.5
1577,2026-09-25,"2026-09-23","Hamburger Buns - 4-pack",1,2.75
1577,2026-09-25,"2026-09-23","Hoagie - Wednesday - Each",1,3.5
1577,2026-09-25,"2026-09-23","Mustard (1.0 Horseradish) - Horseradish",1,6.5
1577,2026-09-25,"2026-09-23","oo'ma'me - Mexican - Jar",1,12.5
1577,2026-09-25,"2026-09-23","Extra Credit - Each",24.5,1.06
1577,2026-09-25,"2026-09-23","Mini",1,53.2
1577,2026-09-25,"2026-09-23","Whole MILK",1,8.85
814,2026-09-25,"2026-09-23","Yogurt - Greek Plain - Oz.",1,7.75
814,2026-09-25,"2026-09-23","UCity Pickup Time - @4:10-4:30",1,0
814,2026-09-25,"2026-09-23","Eggs - Dozen",1,6.5
814,2026-09-25,"2026-09-23","Pork - Bratwurst  - Pack",1,8.5
814,2026-09-25,"2026-09-23","Extra Credit - Each",1,1.06
814,2026-09-25,"2026-09-23","Half",1,68.89
814,2026-09-25,"2026-09-23","Creamline MILK-e",1,8.85
814,2026-09-25,"2026-09-23","Whole MILK-e",1,8.85
1627,2026-09-25,"2026-09-23","Mothership Pickup Time (4.0 @5-5:30) - @5-5:30",1,0
1627,2026-09-25,"2026-09-23","Chicken Thighs - Boneless/lb. - lbs",1,9.8
1627,2026-09-25,"2026-09-23","Eggs - Dozen",1,6.5
1627,2026-09-25,"2026-09-23","Pork - Breakfast Bulk - Pack",1,8.5
1627,2026-09-25,"2026-09-23","Tahini - Pint",1,8.75
1627,2026-09-25,"2026-09-23","Extra Credit - Each",1.05,1.06
1627,2026-09-25,"2026-09-23","FSA/FSD",1,79.79
1537,2026-09-25,"2026-09-23","Milk - Whole - Oz.",1,8.32
1537,2026-09-25,"2026-09-23","Winter Squash - Acorn - Each",1,2
1537,2026-09-25,"2026-09-23","Mothership Pickup Time (1.0 @3:30-4) - @3:30-4",1,0
1537,2026-09-25,"2026-09-23","Cashews Raw - Bag",1,21.5
1537,2026-09-25,"2026-09-23","Apples - Cortland - Bag",1,5.75
1537,2026-09-25,"2026-09-23","Brisket - half/lb. - lbs",1,40.11
1537,2026-09-25,"2026-09-23","Buttermilk Waffles Sourdough - Frozen - Pack",1,5
1537,2026-09-25,"2026-09-23","Decorative Gourd - Medium",4,4
1537,2026-09-25,"2026-09-23","Decorative Gourd (1.0 Small) - Small",2,1.5
1537,2026-09-25,"2026-09-23","Garlic - Head - Head",2,1
1537,2026-09-25,"2026-09-23","Lettuce Mix - Bag",1,5
1537,2026-09-25,"2026-09-23","Light and Mild - Wednesday - Loaf",1,8.25
1537,2026-09-25,"2026-09-23","Mushrooms (1.0 Shiitake) - Shiitake",1,8
1537,2026-09-25,"2026-09-23","Onions - Yellow - lbs",1,3.5
1537,2026-09-25,"2026-09-23","Peppers - Carmen - 2-pack",1,3
1537,2026-09-25,"2026-09-23","Pumpkin (1.0 Large) - Large",1,9
1537,2026-09-25,"2026-09-23","Squash - Patty Pan - Lb.",1,4
1537,2026-09-25,"2026-09-23","Tortillas Sourdough - Frozen - Pack",1,5
1537,2026-09-25,"2026-09-23","Winter Squash - Delicata - Each",1,2.5
1537,2026-09-25,"2026-09-23","Winter Squash - Spaghetti - Each",1,4.75
1537,2026-09-25,"2026-09-23","Yogurt - Plain - Oz.",1,7.25
1537,2026-09-25,"2026-09-23","Extra Credit - Each",161.43,1.06
322,2026-09-25,"2026-09-23","UCity Pickup Time (2.0 @4:30-5) - @4:30-5",1,0
322,2026-09-25,"2026-09-23","Apple Cider - Pint - Pint",1,7
322,2026-09-25,"2026-09-23","Beef Kabob Meat - Lb.",1,12.75
322,2026-09-25,"2026-09-23","Mushrooms (1.0 Shiitake) - Shiitake",1,8
322,2026-09-25,"2026-09-23","Olive Oil Small - ML",1,8.5
322,2026-09-25,"2026-09-23","UCA/KWA",1,79.79
322,2026-09-25,"2026-09-23","2% MILK-e",1,8.85
132,2026-09-25,"2026-09-23","Eggs - BW - Dozen",1,6.5
132,2026-09-25,"2026-09-23","Winter Squash - Acorn - Each",1,2
132,2026-09-25,"2026-09-23","Mothership Pickup Time (2.0 @4-4:30) - @4-4:30",1,0
132,2026-09-25,"2026-09-23","XO - Cooler Donation - $",1,1
132,2026-09-25,"2026-09-23","Mustard (1.0 Onion) - Onion",1,6.5
132,2026-09-25,"2026-09-23","Pork - Bratwurst  - Pack",1,8.5
132,2026-09-25,"2026-09-23","Winter Squash - Delicata - Each",1,2.5
132,2026-09-25,"2026-09-23","Winter Squash - Red Kuri - Each",1,2
132,2026-09-25,"2026-09-23","Extra Credit - Each",7.25,1.06
132,2026-09-25,"2026-09-23","Half",1,84.79
681,2026-09-25,"2026-09-23","Chicken - Big Bag Deboned Thighs/lb. - Bag",1,42.41
681,2026-09-25,"2026-09-23","Beef Kabob Meat - Lb.",1,12.75
681,2026-09-25,"2026-09-23","Beets - Lb.",1,6.5
681,2026-09-25,"2026-09-23","Cucumbers - Slicing - Each",1,2
681,2026-09-25,"2026-09-23","Yogurt - Vanilla - Oz.",1,7.25
681,2026-09-25,"2026-09-23","Extra Credit - Each",34.66,1.06
681,2026-09-25,"2026-09-23","UCA/KWA",1,79.79
1004,2026-09-25,"2026-09-23","UCity Pickup Time - @4:10-4:30",1,0
1004,2026-09-25,"2026-09-23","Black Bean Hummus - Tub",1,6.5
1004,2026-09-25,"2026-09-23","Mushrooms - Choice",1,8
1004,2026-09-25,"2026-09-23","Pasta Long Egg - Lb.",1,6.5
1004,2026-09-25,"2026-09-23","Popped Corn - Organic - Bag",1,3
1004,2026-09-25,"2026-09-23","Pork - Tenderloin/lb - Lb.",1,13.48
1004,2026-09-25,"2026-09-23","Extra Credit - Each",1.23,1.06
1004,2026-09-25,"2026-09-23","UCA/KWA",1,79.79
960,2026-09-25,"2026-09-23","Chicken - Big Bag Deboned Thighs/lb. - Bag",1,42.73
960,2026-09-25,"2026-09-23","Jam - Red Raspberry HBY - Pint",1,7.75
960,2026-09-25,"2026-09-23","Dark Chocolate Caramels - Pack",1,12
960,2026-09-25,"2026-09-23","Eggs - Dozen",1,6.5
960,2026-09-25,"2026-09-23","English Muffin Sourdough - Frozen - Pack",1,5
960,2026-09-25,"2026-09-23","Feta Cheese - HBC - Each",1,6.75
960,2026-09-25,"2026-09-23","Peppers - Green/Red Bell - 3-pack",1,3
960,2026-09-25,"2026-09-23","Tomatoes - Funky Bunch - Pint",1,7
960,2026-09-25,"2026-09-23","Tortillas Sourdough - Frozen - Pack",1,5
960,2026-09-25,"2026-09-23","Extra Credit - Each",73.98,1.06
960,2026-09-25,"2026-09-23","Half",1,84.79
1474,2026-09-25,"2026-09-23","Tomatoes - San Manzano - lbs",1,7
1474,2026-09-25,"2026-09-23","Dark Chocolate Fudge Sauce  - Jar",1,16
1474,2026-09-25,"2026-09-23","Eggs - Dozen",1,6.5
1474,2026-09-25,"2026-09-23","Lettuce - It's a miracle! - Head",1,5
1474,2026-09-25,"2026-09-23","Tomatoes - Funky Bunch - Pint",1,7
1474,2026-09-25,"2026-09-23","Extra Credit - Each",15.25,1.06
1474,2026-09-25,"2026-09-23","Mini",1,53.2
1048,2026-09-25,"2026-09-23","UCity Pickup Time (3.0 @5-5:30) - @5-5:30",1,0
1048,2026-09-25,"2026-09-23","Cooler Repair Donation - $",1,1
1048,2026-09-25,"2026-09-23","Chicken - Thighs /lbs  - lbs",2,7.2
1048,2026-09-25,"2026-09-23","Pork - Ground  - Lb.",3,7.5
1048,2026-09-25,"2026-09-23","Extra Credit - Each",1.65,1.06
1048,2026-09-25,"2026-09-23","UCA/KWA",1,79.79
1255,2026-09-25,"2026-09-23","Eggs - BW - Dozen",1,6.5
1255,2026-09-25,"2026-09-23","Cappuccino Milk 12 oz. - Bottle",1,3
1255,2026-09-25,"2026-09-23","Ground Beef - D&M - Lb.",1,10.5
1255,2026-09-25,"2026-09-23","Hoagie - Wednesday - Each",1,3.5
1255,2026-09-25,"2026-09-23","Tomatoes - Funky Bunch - Pint",1,7
1255,2026-09-25,"2026-09-23","Extra Credit - Each",2.2,1.06
1255,2026-09-25,"2026-09-23","Mini",1,53.2
1255,2026-09-25,"2026-09-23","2% MILK",1,8.85
1255,2026-09-25,"2026-09-23","Half & Half",1,5.05
620,2026-09-25,"2026-09-23","Black Bean Dip - Tub",1,6.5
620,2026-09-25,"2026-09-23","Cantaloupe - Each",1,6.5
620,2026-09-25,"2026-09-23","Okra  - Bag",1,6
620,2026-09-25,"2026-09-23","Pretzel - UL Wednesday - Each",1,3.75
620,2026-09-25,"2026-09-23","Watermelon - Seedless (1.0 Large) - Large",1,12
620,2026-09-25,"2026-09-23","Extra Credit - Each",13,1.06
620,2026-09-25,"2026-09-23","Half",1,84.79
1162,2026-09-25,"2026-09-23","Del Carmen Choice - Tub",1,6.5
1162,2026-09-25,"2026-09-23","Eggs - Dozen",1,6.5
1162,2026-09-25,"2026-09-23","Ground Beef - D&M - Lb.",1,10.5
1162,2026-09-25,"2026-09-23","Hamburger Buns - 4-pack",1,2.75
1162,2026-09-25,"2026-09-23","Mini",1,53.2
465,2026-09-25,"2026-09-23","Chicken Wings/lb. - lbs",1,6.16
465,2026-09-25,"2026-09-23","Garlic - Head - Head",1,1
465,2026-09-25,"2026-09-23","Ground Beef - D&M - Lb.",1,10.5
465,2026-09-25,"2026-09-23","Hamburger Buns - 4-pack",1,2.75
465,2026-09-25,"2026-09-23","Pasta Bi-color Short - Lb.",1,6.5
465,2026-09-25,"2026-09-23","Extra Credit - Each",0.66,1.06
465,2026-09-25,"2026-09-23","Mini",1,53.2
1735,2026-09-25,"2026-09-23","UCity Pickup Time (2.0 @4:30-5) - @4:30-5",1,0
1735,2026-09-25,"2026-09-23","Apple Cider - Pint - Pint",1,7
1735,2026-09-25,"2026-09-23","Eggs - Dozen",1,6.5
1735,2026-09-25,"2026-09-23","Mushrooms (1.0 Shiitake) - Shiitake",1,8
1735,2026-09-25,"2026-09-23","Onions - Red  - lbs",1,4
1735,2026-09-25,"2026-09-23","Pork - Ground  - Lb.",1,7.5
1735,2026-09-25,"2026-09-23","Tomatoes - Heirloom - Bag",1,8
1735,2026-09-25,"2026-09-23","Extra Credit - Each",4.75,1.06
1735,2026-09-25,"2026-09-23","UCA/KWA",1,79.79
627,2026-09-25,"2026-09-23","Del Carmen Choice - Tub",1,6.5
627,2026-09-25,"2026-09-23","Eggs - Dozen",1,6.5
627,2026-09-25,"2026-09-23","Ground Beef - D&M - Lb.",1,10.5
627,2026-09-25,"2026-09-23","Hamburger Buns - 4-pack",1,2.75
627,2026-09-25,"2026-09-23","Watermelon - Seedless (1.0 Large) - Large",1,12
627,2026-09-25,"2026-09-23","Extra Credit - Each",12,1.06
627,2026-09-25,"2026-09-23","Mini",1,53.2
1014,2026-09-25,"2026-09-23","UCity Pickup Time (3.0 @5-5:30) - @5-5:30",1,0
1014,2026-09-25,"2026-09-23","Onions - Red  - lbs",1,4
1014,2026-09-25,"2026-09-23","Paw Paws - Bag",1,10
1014,2026-09-25,"2026-09-23","Peppers - Carmen - 2-pack",1,3
1014,2026-09-25,"2026-09-23","Tomatoes - Sungold - Pint",1,7
1014,2026-09-25,"2026-09-23","Winter Squash - Delicata - Each",1,2.5
1014,2026-09-25,"2026-09-23","Extra Credit - Each",0.25,1.06
1014,2026-09-25,"2026-09-23","Mini",1,53.2
1014,2026-09-25,"2026-09-23","Eggs - Buttonwood",1,6.65
384,2026-09-25,"2026-09-23","Yogurt - Greek Plain - Oz.",1,7.75
384,2026-09-25,"2026-09-23","UCity Pickup Time (2.0 @4:30-5) - @4:30-5",1,0
384,2026-09-25,"2026-09-23","Apples - Golden Delicious - Bag",1,5.75
384,2026-09-25,"2026-09-23","Bagels - Everything - BU - Bag",1,11.25
384,2026-09-25,"2026-09-23","FF Soup - Chowder - Pint",1,10.25
384,2026-09-25,"2026-09-23","Pork - Bratwurst  - Pack",1,8.5
384,2026-09-25,"2026-09-23","Extra Credit - Each",19.25,1.06
384,2026-09-25,"2026-09-23","Half",1,68.89
384,2026-09-25,"2026-09-23","2% MILK-e",1,8.85
240,2026-09-25,"2026-09-23","Mothership Pickup Time (5.0 @5:30-6) - @5:30-6",1,0
240,2026-09-25,"2026-09-23","Tomatoes - San Manzano - lbs",1,7
240,2026-09-25,"2026-09-23","Chicken Breasts /lb. - Pack",1,10.37
240,2026-09-25,"2026-09-23","Ground Beef - D&M - Lb.",1,10.5
240,2026-09-25,"2026-09-23","Milk Chocolate Bar - Pack",1,3
240,2026-09-25,"2026-09-23","Onions - Yellow - lbs",1,3.5
240,2026-09-25,"2026-09-23","Extra Credit - Each",1.87,1.06
240,2026-09-25,"2026-09-23","FSA/FSD",1,79.79
751,2026-09-25,"2026-09-23","Mothership Pickup Time (2.0 @4-4:30) - @4-4:30",1,0
751,2026-09-25,"2026-09-23","Cucumbers - Slicing - Each",2,2
751,2026-09-25,"2026-09-23","Eggs - Dozen",1,6.5
751,2026-09-25,"2026-09-23","Fairy Tale Eggplant - Pint",1,7
751,2026-09-25,"2026-09-23","Pork - Bratwurst  - Pack",1,8.5
751,2026-09-25,"2026-09-23","Tomatoes - Sungold - Pint",1,7
751,2026-09-25,"2026-09-23","Extra Credit - Each",0.5,1.06
751,2026-09-25,"2026-09-23","FSA/FSD",1,79.79
952,2026-09-25,"2026-09-23","Mothership Pickup Time (4.0 @5-5:30) - @5-5:30",1,0
952,2026-09-25,"2026-09-23","Chicken - Breakfast Links - Each",1,10.5
952,2026-09-25,"2026-09-23","Eggs - Dozen",1,6.5
952,2026-09-25,"2026-09-23","Hoagie - Wednesday - Each",1,3.5
952,2026-09-25,"2026-09-23","Kairos Sourdough Choice $5 - Pack",1,5
952,2026-09-25,"2026-09-23","Rice - Basmati White - Lb.",1,7.5
952,2026-09-25,"2026-09-23","Watermelon - Seedless (1.0 Large) - Large",1,12
952,2026-09-25,"2026-09-23","Extra Credit - Each",12.5,1.06
952,2026-09-25,"2026-09-23","FSA/FSD",1,79.79
381,2026-09-25,"2026-09-23","Watermelon - Seeded (1.0 Large) - Large",1,12
381,2026-09-25,"2026-09-23","Cucumbers - Pickling - Bag",1,3.5
381,2026-09-25,"2026-09-23","Winter Squash - Acorn - Each",1,2
381,2026-09-25,"2026-09-23","Mothership Pickup Time (2.0 @4-4:30) - @4-4:30",1,0
381,2026-09-25,"2026-09-23","Kairos Sourdough Choice $5 - Pack",1,5
381,2026-09-25,"2026-09-23","Pork - Breakfast Bulk - Pack",1,8.5
381,2026-09-25,"2026-09-23","Pork Andouille Links - D&M - Each",1,8.5
381,2026-09-25,"2026-09-23","Winter Squash - Red Kuri - Each",1,2
381,2026-09-25,"2026-09-23","Winter Squash - Spaghetti - Each",1,4.75
381,2026-09-25,"2026-09-23","Extra Credit - Each",13.75,1.06
381,2026-09-25,"2026-09-23","FSA/FSD",1,79.79
107,2026-09-25,"2026-09-23","Ground Turkey - Pack",1,10.25
107,2026-09-25,"2026-09-23","UCity Pickup Time - @4:10-4:30",1,0
107,2026-09-25,"2026-09-23","Eggs - Dozen",1,6.5
107,2026-09-25,"2026-09-23","Honey - Pint - Jar",1,11.5
107,2026-09-25,"2026-09-23","Squash - Zucchini - Each",1,3
107,2026-09-25,"2026-09-23","Winter Squash - Red Kuri - Each",1,2
107,2026-09-25,"2026-09-23","Extra Credit - Each",7,1.06
107,2026-09-25,"2026-09-23","Mini",1,53.2
1143,2026-09-25,"2026-09-23","Pizza - Pepperoni  - Each",1,9.5
1143,2026-09-25,"2026-09-23","UCity Pickup Time (3.0 @5-5:30) - @5-5:30",1,0
1143,2026-09-25,"2026-09-23","Apple Cider - Pint - Pint",1,7
1143,2026-09-25,"2026-09-23","Black Beans DC - Tub",1,6.5
1143,2026-09-25,"2026-09-23","Olive Oil Large - Bottle",1,18.5
1143,2026-09-25,"2026-09-23","Extra Credit - Each",5.25,1.06
1143,2026-09-25,"2026-09-23","UCA/KWA",1,79.79
227,2026-09-25,"2026-09-23","UCity Pickup Time (3.0 @5-5:30) - @5-5:30",1,0
227,2026-09-25,"2026-09-23","Donation to Food Pantry - Each",1,1
227,2026-09-25,"2026-09-23","Bagels - Cinnamon Raisin - BU - Bag",1,11.25
227,2026-09-25,"2026-09-23","Buttermilk Waffles Sourdough - Frozen - Pack",1,5
227,2026-09-25,"2026-09-23","German Quark HBC - Jar",1,7.5
227,2026-09-25,"2026-09-23","Mushrooms (1.0 Maitake (Hen of the Woods)) - Maitake (Hen of the Woods)",1,8
227,2026-09-25,"2026-09-23","Radishes - Bunch - Bunch",1,3.5
227,2026-09-25,"2026-09-23","UCA/KWA",1,79.79
1689,2026-09-25,"2026-09-23","UCity Pickup Time (2.0 @4:30-5) - @4:30-5",1,0
1689,2026-09-25,"2026-09-23","Tomatoes - San Manzano - lbs",1,7
1689,2026-09-25,"2026-09-23","Bagels - Pumpernickel - BU - Bag",1,11.25
1689,2026-09-25,"2026-09-23","Cantaloupe - Each",1,6.5
1689,2026-09-25,"2026-09-23","Eggs - Dozen",1,6.5
1689,2026-09-25,"2026-09-23","Peppers - Sweet Mix - Bag",1,4
1689,2026-09-25,"2026-09-23","Radishes - Bunch - Bunch",1,3.5
1689,2026-09-25,"2026-09-23","Extra Credit - Each",12.5,1.06
1689,2026-09-25,"2026-09-23","Mini",1,53.2
418,2026-09-25,"2026-09-23","UCity Pickup Time - @4:10-4:30",1,0
418,2026-09-25,"2026-09-23","Applewood Smoked Cheddar - Each",1,6.75
418,2026-09-25,"2026-09-23","Marbled Rye -Wednesday - Loaf",1,8.75
418,2026-09-25,"2026-09-23","Pizza Sourdough - Frozen - Pack",1,5
418,2026-09-25,"2026-09-23","Pretzel - UL Wednesday - Each",2,3.75
418,2026-09-25,"2026-09-23","Mini",1,53.2
1105,2026-09-25,"2026-09-23","Eggs - BW - Dozen",1,6.5
1105,2026-09-25,"2026-09-23","UCity Pickup Time - @4:10-4:30",1,0
1105,2026-09-25,"2026-09-23","Chicken Breasts /lb. - Pack",1,10.03
1105,2026-09-25,"2026-09-23","Hamburger Buns - 4-pack",1,2.75
1105,2026-09-25,"2026-09-23","Okra  - Bag",1,6
1105,2026-09-25,"2026-09-23","Peppers - Sweet Mix - Bag",1,4
1105,2026-09-25,"2026-09-23","Popped Corn - Organic - Bag",1,3
1105,2026-09-25,"2026-09-23","Extra Credit - Each",10.53,1.06
1105,2026-09-25,"2026-09-23","Half",1,68.89
1506,2026-09-25,"2026-09-23","UCity Pickup Time (2.0 @4:30-5) - @4:30-5",1,0
1506,2026-09-25,"2026-09-23","Feta Cheese - HBC - Each",1,6.75
1506,2026-09-25,"2026-09-23","Ground Beef - D&M - Lb.",3,10.5
1506,2026-09-25,"2026-09-23","Extra Credit - Each",2,1.06
1506,2026-09-25,"2026-09-23","UCA/KWA",1,79.79
972,2026-09-25,"2026-09-23","Jam - Wild Elderberry HBY - Pint",2,7.75
972,2026-09-25,"2026-09-23","Yogurt - Greek Plain - Oz.",1,7.75
972,2026-09-25,"2026-09-23","Mothership Pickup Time (1.0 @3:30-4) - @3:30-4",1,0
972,2026-09-25,"2026-09-23","Popcorn - McKaskle - Lb.",1,5.75
972,2026-09-25,"2026-09-23","Potatoes - Sweet - lbs",1,6
972,2026-09-25,"2026-09-23","Radishes - Bunch - Bunch",1,3.5
972,2026-09-25,"2026-09-23","Extra Credit - Each",16.75,1.06
972,2026-09-25,"2026-09-23","Half",1,84.79
883,2026-09-25,"2026-09-23","Mothership Pickup Time (6.0 @6-6:30) - @6-6:30",1,0
883,2026-09-25,"2026-09-23","Tomatoes - San Manzano - lbs",1,7
883,2026-09-25,"2026-09-23","Chicken Breasts /lb. - Pack",1,11.56
883,2026-09-25,"2026-09-23","Ground Beef - D&M - Lb.",1,10.5
883,2026-09-25,"2026-09-23","Onions - Yellow - lbs",1,3.5
883,2026-09-25,"2026-09-23","Extra Credit - Each",6.31,1.06
883,2026-09-25,"2026-09-23","Mini",1,53.2
712,2026-09-25,"2026-09-23","Beef Bones - Knuckle/lb. - lbs",1,20.52
712,2026-09-25,"2026-09-23","Cucumbers - Pickling - Bag",1,3.5
712,2026-09-25,"2026-09-23","Mothership Pickup Time (1.0 @3:30-4) - @3:30-4",1,0
712,2026-09-25,"2026-09-23","Food for Ferals Donation - $",1,1
712,2026-09-25,"2026-09-23","XO - Cooler Donation - $",1,1
712,2026-09-25,"2026-09-23","Black Pepper Cheddar - Each",1,6.75
712,2026-09-25,"2026-09-23","Cheese Choice $6.75 - Each",1,6.75
712,2026-09-25,"2026-09-23","Eggs - Dozen",1,6.5
712,2026-09-25,"2026-09-23","Fairy Tale Eggplant - Pint",1,7
712,2026-09-25,"2026-09-23","Garlic - Head - Head",2,1
712,2026-09-25,"2026-09-23","Hoagie - Wednesday - Each",1,3.5
712,2026-09-25,"2026-09-23","Mustard - Choice",1,6.5
712,2026-09-25,"2026-09-23","Onions - Yellow - lbs",2,3.5
712,2026-09-25,"2026-09-23","Sesame Hoagie -W - Each",1,3.8
712,2026-09-25,"2026-09-23","Extra Credit - Each",54.07,1.06
712,2026-09-25,"2026-09-23","Half",1,84.79
756,2026-09-25,"2026-09-24","Mothership Pickup Time (4.0 @5-5:30) - @5-5:30",1,0
756,2026-09-25,"2026-09-24","Applewood Smoked Cheddar - Each",1,6.75
756,2026-09-25,"2026-09-24","Onions - Yellow - lbs",1,3.5
756,2026-09-25,"2026-09-24","Peppers - Green/Red Bell - 3-pack",1,3
756,2026-09-25,"2026-09-24","Pork - Bratwurst  - Pack",1,8.5
756,2026-09-25,"2026-09-24","Half",1,84.79
1217,2026-09-25,"2026-09-24","Kirkwood Pickup Time (2.0 @1:30-2) - @1:30-2",1,0
1217,2026-09-25,"2026-09-24","Chicken Thighs - Boneless/lb. - lbs",1,9.28
1217,2026-09-25,"2026-09-24","Eggs - Dozen",1,6.5
1217,2026-09-25,"2026-09-24","Ground Beef - D&M - Lb.",1,10.5
1217,2026-09-25,"2026-09-24","Hamburger Buns - 4-pack",1,2.75
1217,2026-09-25,"2026-09-24","Yogurt - Blueberry - Oz.",1,7.25
1217,2026-09-25,"2026-09-24","Extra Credit - Each",10.03,1.06
1217,2026-09-25,"2026-09-24","Mini",1,53.2
1891,2026-09-25,"2026-09-24","Apple Cider - Pint - Pint",1,7
1891,2026-09-25,"2026-09-24","Beef Kabob Meat - Lb.",1,12.75
1891,2026-09-25,"2026-09-24","Mushrooms - Choice",1,8
1891,2026-09-25,"2026-09-24","Olive Oil Small - ML",1,8.5
1891,2026-09-25,"2026-09-24","UCA/KWA",1,79.79
1196,2026-09-25,"2026-09-24","Cantaloupe - Each",1,6.5
1196,2026-09-25,"2026-09-24","Dark Chocolate Lolli - Each",1,1.75
1196,2026-09-25,"2026-09-24","Eggs - Dozen",1,6.5
1196,2026-09-25,"2026-09-24","Pita Bread - Frozen (1.0 Wheat) - Wheat",1,4
1196,2026-09-25,"2026-09-24","Pretzel - UL Thursday  - Each",1,3.75
1196,2026-09-25,"2026-09-24","Watermelon - Seedless (1.0 Small) - Small",1,4
1196,2026-09-25,"2026-09-24","Extra Credit - Each",0.25,1.06
1196,2026-09-25,"2026-09-24","Mini",1,53.2
499,2026-09-25,"2026-09-24","Cheese Choice $6.75 - Each",1,6.75
499,2026-09-25,"2026-09-24","Dark Chocolate Bon Bons - Pack",1,12
499,2026-09-25,"2026-09-24","Milk Chocolate PB Bon Bons - Pack",1,12
499,2026-09-25,"2026-09-24","Mustard - Choice",1,6.5
499,2026-09-25,"2026-09-24","Pork - Bratwurst  - Pack",1,8.5
499,2026-09-25,"2026-09-24","Extra Credit - Each",24,1.06
499,2026-09-25,"2026-09-24","Half",1,84.79
192,2026-09-25,"2026-09-24","Kirkwood Pickup Time - @1-1:30",1,0
192,2026-09-25,"2026-09-24","Eggs - Dozen",1,6.5
192,2026-09-25,"2026-09-24","Ground Beef - D&M - Lb.",1,10.5
192,2026-09-25,"2026-09-24","Hamburger Buns - 4-pack",1,2.75
192,2026-09-25,"2026-09-24","Hoagie - T - Each",1,3.5
192,2026-09-25,"2026-09-24","Lettuce - It's a miracle! - Head",1,5
192,2026-09-25,"2026-09-24","Extra Credit - Each",2,1.06
192,2026-09-25,"2026-09-24","Mini",1,53.2
192,2026-09-25,"2026-09-24","2% MILK",1,8.85
1968,2026-09-25,"2026-09-24","Kirkwood Pickup Time - @1-1:30",1,0
1968,2026-09-25,"2026-09-24","Black Beans DC - Tub",1,6.5
1968,2026-09-25,"2026-09-24","Eggs - Dozen",1,6.5
1968,2026-09-25,"2026-09-24","Garlic - Head - Head",2,1
1968,2026-09-25,"2026-09-24","Watermelon - Seedless (1.0 Large) - Large",1,12
1968,2026-09-25,"2026-09-24","Extra Credit - Each",0.75,1.06
1968,2026-09-25,"2026-09-24","Mini",1,53.2
1386,2026-09-25,"2026-09-24","Cucumbers - Pickling - Bag",1,3.5
1386,2026-09-25,"2026-09-24","Kirkwood Pickup Time - @1-1:30",1,0
1386,2026-09-25,"2026-09-24","Apples - Cortland - Bag",2,5.75
1386,2026-09-25,"2026-09-24","Bacon - Each",1,13.5
1386,2026-09-25,"2026-09-24","Chicken - Whole $5.00/lb. - Each",1,20.5
1386,2026-09-25,"2026-09-24","Lettuce - It's a miracle! - Head",1,5
1386,2026-09-25,"2026-09-24","Tomatoes - Slicing - Bag",1,6.5
1386,2026-09-25,"2026-09-24","Winter Squash - Delicata - Each",1,2.5
1386,2026-09-25,"2026-09-24","Extra Credit - Each",26.75,1.06
1386,2026-09-25,"2026-09-24","UCA/KWA",1,79.79
700,2026-09-25,"2026-09-24","Pizza - Deluxe - Each",1,9.5
700,2026-09-25,"2026-09-24","Curds Garlic Herb HBC 10 oz  - Bag",1,6.75
700,2026-09-25,"2026-09-24","Eggs - Dozen",1,6.5
700,2026-09-25,"2026-09-24","Extra Credit - Each",1,1.06
700,2026-09-25,"2026-09-24","Half",1,84.79
700,2026-09-25,"2026-09-24","Whole MILK-e",3,8.85
1488,2026-09-25,"2026-09-24","Yogurt - Greek Plain - Oz.",1,7.75
1488,2026-09-25,"2026-09-24","Kirkwood Pickup Time - @1-1:30",1,0
1488,2026-09-25,"2026-09-24","Apple Cider - Pint - Pint",1,7
1488,2026-09-25,"2026-09-24","Lettuce Mix - Bag",1,5
1488,2026-09-25,"2026-09-24","Magic Bean - Chocolate Chip Crunchy style GF Cookies - 2-pack",1,6
1488,2026-09-25,"2026-09-24","Milk Chocolate Bar - Pack",1,3
1488,2026-09-25,"2026-09-24","Toffee - Package",1,7.5
1488,2026-09-25,"2026-09-24","UCA/KWA",1,79.79
1488,2026-09-25,"2026-09-24","2% MILK",1,8.85
287,2026-09-25,"2026-09-24","Mothership Pickup Time (1.0 @3:30-4) - @3:30-4",1,0
287,2026-09-25,"2026-09-24","Chicken Thighs - Boneless/lb. - lbs",1,9.63
287,2026-09-25,"2026-09-24","Kairos Sourdough Choice $5 - Pack",1,5
287,2026-09-25,"2026-09-24","Louise's Original Granola - Bag",1,10
287,2026-09-25,"2026-09-24","Semolina - T - Loaf",1,7
287,2026-09-25,"2026-09-24","Syrup Choice $12.50 - Each",1,12.5
287,2026-09-25,"2026-09-24","Extra Credit - Each",11.63,1.06
287,2026-09-25,"2026-09-24","FSA/FSD",1,79.79
1671,2026-09-25,"2026-09-24","Walnuts - Oz.",1,12.75
1671,2026-09-25,"2026-09-24","Mothership Pickup Time (5.0 @5:30-6) - @5:30-6",1,0
1671,2026-09-25,"2026-09-24","Peppers - Green/Red Bell - 3-pack",1,3
1671,2026-09-25,"2026-09-24","Semolina - T - Loaf",1,7
1671,2026-09-25,"2026-09-24","Tomatoes - Funky Bunch - Pint",1,7
1671,2026-09-25,"2026-09-24","Extra Credit - Each",3.5,1.06
1671,2026-09-25,"2026-09-24","Mini",1,53.2
501,2026-09-25,"2026-09-24","Del Carmen Choice - Tub",1,6.5
501,2026-09-25,"2026-09-24","Eggs - Dozen",1,6.5
501,2026-09-25,"2026-09-24","Ground Beef - D&M - Lb.",1,10.5
501,2026-09-25,"2026-09-24","Hamburger Buns - 4-pack",1,2.75
501,2026-09-25,"2026-09-24","Mini",1,53.2
32,2026-09-25,"2026-09-24","Bacon - Each",1,13.5
32,2026-09-25,"2026-09-24","Del Carmen Choice - Tub",1,6.5
32,2026-09-25,"2026-09-24","Eggs - Dozen",1,6.5
32,2026-09-25,"2026-09-24","Ground Beef - D&M - Lb.",1,10.5
32,2026-09-25,"2026-09-24","Hamburger Buns - 4-pack",1,2.75
32,2026-09-25,"2026-09-24","Lettuce - It's a miracle! - Head",2,5
32,2026-09-25,"2026-09-24","Lettuce Mix - Bag",2,5
32,2026-09-25,"2026-09-24","Popcorn - Tap Dancer - Box",1,9
32,2026-09-25,"2026-09-24","Pork - Ground  - Lb.",1,7.5
32,2026-09-25,"2026-09-24","Extra Credit - Each",50,1.06
32,2026-09-25,"2026-09-24","Mini",1,53.2
929,2026-09-25,"2026-09-24","Walnuts - Oz.",1,12.75
929,2026-09-25,"2026-09-24","Pignolas (Pine Nuts) - Oz.",1,11.25
929,2026-09-25,"2026-09-24","Harvest Shreds - Naked 2lb. - Pack",1,24.5
929,2026-09-25,"2026-09-24","Tortellini - Cheese - Lb.",1,9.15
929,2026-09-25,"2026-09-24","Extra Credit - Each",35.9,1.06
929,2026-09-25,"2026-09-24","Half",1,84.79
31,2026-09-25,"2026-09-24","No Produce - Order Only (even wk)",1,0
31,2026-09-25,"2026-09-24","2% MILK",0,8.85
1857,2026-09-25,"2026-09-24","Cucumbers - Pickling - Bag",1,3.5
1857,2026-09-25,"2026-09-24","Mothership Pickup Time (4.0 @5-5:30) - @5-5:30",1,0
1857,2026-09-25,"2026-09-24","Coconut Oil Pint Organic - Pint",1,11.15
1857,2026-09-25,"2026-09-24","Eggs - H - Dozen",2,6.5
1857,2026-09-25,"2026-09-24","Ground Beef - D&M - Lb.",1,10.5
1857,2026-09-25,"2026-09-24","Light and Mild - T - Loaf",1,8.25
1857,2026-09-25,"2026-09-24","Watermelon - Seedless (1.0 Small) - Small",1,4
1857,2026-09-25,"2026-09-24","Extra Credit - Each",17.9,1.06
1857,2026-09-25,"2026-09-24","FSA/FSD",1,79.79
1622,2026-09-25,"2026-09-24","Mothership Pickup Time (4.0 @5-5:30) - @5-5:30",1,0
1622,2026-09-25,"2026-09-24","Del Carmen Choice - Tub",1,6.5
1622,2026-09-25,"2026-09-24","Eggs - Dozen",1,6.5
1622,2026-09-25,"2026-09-24","Ground Beef - D&M - Lb.",1,10.5
1622,2026-09-25,"2026-09-24","Hamburger Buns - 4-pack",1,2.75
1622,2026-09-25,"2026-09-24","Mini",1,53.2
1383,2026-09-25,"2026-09-24","Cheese Choice $6.75 - Each",1,6.75
1383,2026-09-25,"2026-09-24","Eggs - Dozen",1,6.5
1383,2026-09-25,"2026-09-24","Mustard - Choice",1,6.5
1383,2026-09-25,"2026-09-24","Pork - Bratwurst  - Pack",1,8.5
1383,2026-09-25,"2026-09-24","Extra Credit - Each",6.5,1.06
1383,2026-09-25,"2026-09-24","Half",1,84.79
670,2026-09-25,"2026-09-24","Mothership Pickup Time (1.0 @3:30-4) - @3:30-4",1,0
670,2026-09-25,"2026-09-24","Dark Bar 61% - Package",1,3
670,2026-09-25,"2026-09-24","Dark Chocolate Almond Bar - Pack",1,4.95
670,2026-09-25,"2026-09-24","Potatoes - Kennebec - lbs",1,5.25
670,2026-09-25,"2026-09-24","Potatoes - Sweet - lbs",1,6
670,2026-09-25,"2026-09-24","Yogurt - Plain - Oz.",1,7.25
670,2026-09-25,"2026-09-24","Extra Credit - Each",0.2,1.06
670,2026-09-25,"2026-09-24","Mini",1,53.2
670,2026-09-25,"2026-09-24","(BYO) FSG - Orders Only",1,0
11,2026-09-25,"2026-09-24","Eggs - BW - Dozen",1,6.5
11,2026-09-25,"2026-09-24","Bacon - Each",1,13.5
11,2026-09-25,"2026-09-24","Curds Creamy Ranch 10 oz - Bag",1,6.75
11,2026-09-25,"2026-09-24","Semolina - T - Loaf",1,7
11,2026-09-25,"2026-09-24","Extra Credit - Each",1.25,1.06
11,2026-09-25,"2026-09-24","FSA/FSD",1,79.79
1896,2026-09-25,"2026-09-24","Mini",1,53.2
473,2026-09-25,"2026-09-24","Kirkwood Pickup Time (1.0 PORCH) - PORCH",1,0
473,2026-09-25,"2026-09-24","Bagels - Blueberry - BU - Bag",1,11.25
473,2026-09-25,"2026-09-24","Cucumbers - Slicing - Each",1,2
473,2026-09-25,"2026-09-24","Janie's Bread - Thursday - Each",1,7
473,2026-09-25,"2026-09-24","Pasta - Short Egg  - Lb.",1,6.5
473,2026-09-25,"2026-09-24","Pasta Long Egg - Lb.",1,6.5
473,2026-09-25,"2026-09-24","Paw Paws - Bag",1,10
473,2026-09-25,"2026-09-24","Peppers - Lunchbox - Bag",1,7
473,2026-09-25,"2026-09-24","Pink Sauce - Oz.",1,8.75
473,2026-09-25,"2026-09-24","Extra Credit - Each",37.25,1.06
473,2026-09-25,"2026-09-24","Half",1,84.79
471,2026-09-25,"2026-09-24","Eggs - Dozen",1,6.5
471,2026-09-25,"2026-09-24","Kairos Sourdough Choice $5 - Pack",1,5
471,2026-09-25,"2026-09-24","Pork - Breakfast Bulk - Pack",1,8.5
471,2026-09-25,"2026-09-24","Syrup Choice $12.50 - Each",1,12.5
471,2026-09-25,"2026-09-24","FSA/FSD",1,79.79
1593,2026-09-25,"2026-09-24","Mothership Pickup Time (5.0 @5:30-6) - @5:30-6",1,0
1593,2026-09-25,"2026-09-24","Chicken - Whole $5.00/lb. - Each",1,26.1
1593,2026-09-25,"2026-09-24","Peppers - Shishitos - Bag",1,7
1593,2026-09-25,"2026-09-24","Popcorn - Tap Dancer - Box",1,9
1593,2026-09-25,"2026-09-24","Radishes - Bunch - Bunch",1,3.5
1593,2026-09-25,"2026-09-24","Winter Squash - Delicata - Each",2,2.5
1593,2026-09-25,"2026-09-24","Extra Credit - Each",24.35,1.06
1593,2026-09-25,"2026-09-24","Mini",1,53.2
1839,2026-09-25,"2026-09-24","Mothership Pickup Time (2.0 @4-4:30) - @4-4:30",1,0
1839,2026-09-25,"2026-09-24","Eggs - Dozen",2,6.5
1839,2026-09-25,"2026-09-24","Skirt Steak/lbs. - Each",1,14.7
1839,2026-09-25,"2026-09-24","Squash - Zucchini - Each",1,3
1839,2026-09-25,"2026-09-24","Winter Squash - Butternut - Each",1,2
1839,2026-09-25,"2026-09-24","Extra Credit - Each",10.95,1.06
1839,2026-09-25,"2026-09-24","Half",1,84.79
514,2026-09-25,"2026-09-24","Del Carmen Choice - Tub",1,6.5
514,2026-09-25,"2026-09-24","Eggs - Dozen",1,6.5
514,2026-09-25,"2026-09-24","Ground Beef - D&M - Lb.",1,10.5
514,2026-09-25,"2026-09-24","Hamburger Buns - 4-pack",1,2.75
514,2026-09-25,"2026-09-24","Winter Squash - Autumn Frost - Each",1,5.25
514,2026-09-25,"2026-09-24","Winter Squash - Kabocha - Each",1,3.25
514,2026-09-25,"2026-09-24","Winter Squash - Red Kuri - Each",1,2
514,2026-09-25,"2026-09-24","Extra Credit - Each",10.5,1.06
514,2026-09-25,"2026-09-24","Mini",1,53.2
875,2026-09-25,"2026-09-24","Eggs - BW - Dozen",1,6.5
875,2026-09-25,"2026-09-24","Cheese Choice $6.75 - Each",1,6.75
875,2026-09-25,"2026-09-24","Garlic - Head - Head",3,1
875,2026-09-25,"2026-09-24","Potatoes - Kennebec - lbs",1,5.25
875,2026-09-25,"2026-09-24","Half",1,84.79
761,2026-09-25,"2026-09-24","Cucumbers - Pickling - Bag",1,3.5
761,2026-09-25,"2026-09-24","Mothership Pickup Time (4.0 @5-5:30) - @5-5:30",1,0
761,2026-09-25,"2026-09-24","Apple Sauce - Chunky - NS - Quart",1,7.75
761,2026-09-25,"2026-09-24","Lettuce - It's a miracle! - Head",1,5
761,2026-09-25,"2026-09-24","Peppers - Carmen - 2-pack",3,3
761,2026-09-25,"2026-09-24","Popcorn - McKaskle - Lb.",1,5.75
761,2026-09-25,"2026-09-24","Winter Squash - Butternut - Each",1,2
761,2026-09-25,"2026-09-24","Extra Credit - Each",0.5,1.06
761,2026-09-25,"2026-09-24","FSA/FSD",1,79.79
308,2026-09-25,"2026-09-24","Mothership Pickup Time (2.0 @4-4:30) - @4-4:30",1,0
308,2026-09-25,"2026-09-24","Gnocchi - Garlic Chive  - Lb.",1,6.5
308,2026-09-25,"2026-09-24","Hummus - Garlic - Tub",1,6.75
308,2026-09-25,"2026-09-24","Lettuce Mix - Bag",1,5
308,2026-09-25,"2026-09-24","Onions - Red  - lbs",1,4
308,2026-09-25,"2026-09-24","Extra Credit - Each",0.5,1.06
308,2026-09-25,"2026-09-24","Half",1,84.79
540,2026-09-25,"2026-09-24","Kirkwood Pickup Time - @1-1:30",1,0
540,2026-09-25,"2026-09-24","Milk Chocolate Bar - Pack",1,3
540,2026-09-25,"2026-09-24","Pizza Sourdough - Frozen - Pack",1,5
540,2026-09-25,"2026-09-24","Potatoes - Kennebec - lbs",1,5.25
540,2026-09-25,"2026-09-24","Ravioli - Mushroom  - Lb.",1,9.15
540,2026-09-25,"2026-09-24","Staff: Something to ask Sarah - $",1,0
540,2026-09-25,"2026-09-24","Extra Credit - Each",0.65,1.06
540,2026-09-25,"2026-09-24","Half",1,84.79
1476,2026-09-25,"2026-09-24","Eggs - BW - Dozen",1,6.5
1476,2026-09-25,"2026-09-24","Kirkwood Pickup Time - @1-1:30",1,0
1476,2026-09-25,"2026-09-24","Janie's Bread - Thursday - Each",1,7
1476,2026-09-25,"2026-09-24","Peppers - Carmen - 2-pack",2,3
1476,2026-09-25,"2026-09-24","Potatoes - Sweet - lbs",1,6
1476,2026-09-25,"2026-09-24","Tomatoes - Funky Bunch - Pint",1,7
1476,2026-09-25,"2026-09-24","Extra Credit - Each",6.25,1.06
1476,2026-09-25,"2026-09-24","Mini",1,53.2
502,2026-09-25,"2026-09-24","Mothership Pickup Time (4.0 @5-5:30) - @5-5:30",1,0
502,2026-09-25,"2026-09-24","Eggs - Dozen",2,6.5
502,2026-09-25,"2026-09-24","Hoagie - T - Each",1,3.5
502,2026-09-25,"2026-09-24","Peppers - Shishitos - Bag",1,7
502,2026-09-25,"2026-09-24","Radishes - Bunch - Bunch",1,3.5
502,2026-09-25,"2026-09-24","Tomatoes - Heirloom - Bag",1,8
502,2026-09-25,"2026-09-24","Extra Credit - Each",2.5,1.06
502,2026-09-25,"2026-09-24","FSA/FSD",1,79.79
433,2026-09-25,"2026-09-24","Chicken - Ground - Lb.",1,10.25
433,2026-09-25,"2026-09-24","Dark Chocolate Salted Bark - Pack",1,7.5
433,2026-09-25,"2026-09-24","Kairos Sourdough Choice $5 - Pack",1,5
433,2026-09-25,"2026-09-24","Paw Paws - Bag",1,10
433,2026-09-25,"2026-09-24","Extra Credit - Each",0.25,1.06
433,2026-09-25,"2026-09-24","FSA/FSD",1,79.79
549,2026-09-25,"2026-09-24","Eggs - Dozen",1,6.5
549,2026-09-25,"2026-09-24","Kairos Sourdough Choice $5 - Pack",1,5
549,2026-09-25,"2026-09-24","Pork - Breakfast Bulk - Pack",1,8.5
549,2026-09-25,"2026-09-24","Syrup Choice $12.50 - Each",1,12.5
549,2026-09-25,"2026-09-24","FSA/FSD",1,79.79
401,2026-09-25,"2026-09-24","Mothership Pickup Time (1.0 @3:30-4) - @3:30-4",1,0
401,2026-09-25,"2026-09-24","Cucumbers - Slicing - Each",1,2
401,2026-09-25,"2026-09-24","Eggs - Dozen",1,6.5
401,2026-09-25,"2026-09-24","Onions - Red  - lbs",1,4
401,2026-09-25,"2026-09-24","Onions - Yellow - lbs",1,3.5
401,2026-09-25,"2026-09-24","Peppers - Banana - 4-pack",1,4.25
401,2026-09-25,"2026-09-24","Peppers - Carmen - 2-pack",1,3
401,2026-09-25,"2026-09-24","Peppers - Jimmy Nordello - Bag",1,7
401,2026-09-25,"2026-09-24","Peppers - Lunchbox - Bag",1,7
401,2026-09-25,"2026-09-24","Peppers - Sweet Habanada - Bag",1,3.5
401,2026-09-25,"2026-09-24","Peppers - Sweet Mix - Bag",1,4
401,2026-09-25,"2026-09-24","Tomatoes - Funky Bunch - Pint",2,7
401,2026-09-25,"2026-09-24","Tomatoes - Sungold - Pint",2,7
401,2026-09-25,"2026-09-24","Watermelon - Seedless (1.0 Large) - Large",1,12
401,2026-09-25,"2026-09-24","Winter Squash - Butternut - Each",1,2
401,2026-09-25,"2026-09-24","Extra Credit - Each",60.5,1.06
401,2026-09-25,"2026-09-24","Mini",1,53.2
22,2026-09-25,"2026-09-24","Mothership Pickup Time (1.0 @3:30-4) - @3:30-4",1,0
22,2026-09-25,"2026-09-24","Eggs - Dozen",2,6.5
22,2026-09-25,"2026-09-24","Pork - Bratwurst  - Pack",1,8.5
22,2026-09-25,"2026-09-24","Queso Quesadilla - HBC - Each",1,1.75
22,2026-09-25,"2026-09-24","Extra Credit - Each",1.5,1.06
22,2026-09-25,"2026-09-24","Half",1,84.79
22,2026-09-25,"2026-09-24","Creamline MILK-e",1,8.49
326,2026-09-25,"2026-09-24","Apple Cider - Pint - Pint",1,7
326,2026-09-25,"2026-09-24","Beef Kabob Meat - Lb.",1,12.75
326,2026-09-25,"2026-09-24","Mushrooms - Choice",1,8
326,2026-09-25,"2026-09-24","Olive Oil Small - ML",1,8.5
326,2026-09-25,"2026-09-24","UCA/KWA",1,79.79
452,2026-09-25,"2026-09-24","Del Carmen Choice - Tub",1,6.5
452,2026-09-25,"2026-09-24","Eggs - Dozen",1,6.5
452,2026-09-25,"2026-09-24","Ground Beef - D&M - Lb.",1,10.5
452,2026-09-25,"2026-09-24","Hamburger Buns - 4-pack",1,2.75
452,2026-09-25,"2026-09-24","Mini",1,53.2
639,2026-09-25,"2026-09-24","Mothership Pickup Time (3.0 @4:30-5) - @4:30-5",1,0
639,2026-09-25,"2026-09-24","Dark Chocolate Lolli - Each",1,1.75
639,2026-09-25,"2026-09-24","Feta Cheese - HBC - Each",1,6.75
639,2026-09-25,"2026-09-24","Lettuce Mix - Bag",1,5
639,2026-09-25,"2026-09-24","Pork - Bratwurst  - Pack",1,8.5
639,2026-09-25,"2026-09-24","Extra Credit - Each",0.25,1.06
639,2026-09-25,"2026-09-24","Half",1,84.79
493,2026-09-25,"2026-09-24","Cucumbers - Pickling - Bag",1,3.5
493,2026-09-25,"2026-09-24","Pizza - Four Meat  - Each",1,9.5
493,2026-09-25,"2026-09-24","Mothership Pickup Time - @6:30-7",1,0
493,2026-09-25,"2026-09-24","Dark Chocolate Square  - Each",1,1.75
493,2026-09-25,"2026-09-24","Tomatoes - Heirloom - Bag",1,8
493,2026-09-25,"2026-09-24","Extra Credit - Each",1,1.06
493,2026-09-25,"2026-09-24","Half",1,84.79
807,2026-09-25,"2026-09-24","Stringbean Disco Inferno - Oz.",1,16
807,2026-09-25,"2026-09-24","Mojo Marinade - Tub",1,6.5
807,2026-09-25,"2026-09-24","Pork Shoulder/lb. - Each",1,47
807,2026-09-25,"2026-09-24","Yogurt - Plain - Oz.",1,7.25
807,2026-09-25,"2026-09-24","Extra Credit - Each",40.5,1.06
807,2026-09-25,"2026-09-24","UCA/KWA",1,79.79
807,2026-09-25,"2026-09-24","2% MILK",1,8.85
1717,2026-09-25,"2026-09-24","Eggs - BW - Dozen",1,6.5
1717,2026-09-25,"2026-09-24","Mothership Pickup Time (1.0 @3:30-4) - @3:30-4",1,0
1717,2026-09-25,"2026-09-24","Bacon - Each",1,13.5
1717,2026-09-25,"2026-09-24","Croissant - PIB Frozen - 1-each",1,2.8
1717,2026-09-25,"2026-09-24","Extra Credit - Each",1.05,1.06
1717,2026-09-25,"2026-09-24","Half",1,84.79
1419,2026-09-25,"2026-09-24","Kirkwood Pickup Time (2.0 @1:30-2) - @1:30-2",1,0
1419,2026-09-25,"2026-09-24","Curds Garlic Herb HBC 10 oz  - Bag",1,6.75
1419,2026-09-25,"2026-09-24","Oat Porridge Bread - T - Each",1,9
1419,2026-09-25,"2026-09-24","Semolina - T - Loaf",1,7
1419,2026-09-25,"2026-09-24","Extra Credit - Each",1,1.06
1419,2026-09-25,"2026-09-24","Half",1,84.79
1864,2026-09-25,"2026-09-24","Mothership Pickup Time (1.0 @3:30-4) - @3:30-4",1,0
1864,2026-09-25,"2026-09-24","Black Beans DC - Tub",1,6.5
1864,2026-09-25,"2026-09-24","Eggs - Dozen",2,6.5
1864,2026-09-25,"2026-09-24","Winter Squash - Delicata - Each",1,2.5
1864,2026-09-25,"2026-09-24","Extra Credit - Each",0.25,1.06
1864,2026-09-25,"2026-09-24","Half",1,84.79
1864,2026-09-25,"2026-09-24","2% MILK-e",4,8.85
811,2026-09-25,"2026-09-24","Eggs - Dozen",1,6.5
811,2026-09-25,"2026-09-24","Kairos Sourdough Choice $5 - Pack",1,5
811,2026-09-25,"2026-09-24","Pork - Breakfast Bulk - Pack",1,8.5
811,2026-09-25,"2026-09-24","Syrup Choice $12.50 - Each",1,12.5
811,2026-09-25,"2026-09-24","FSA/FSD",1,79.79
1941,2026-09-25,"2026-09-24","Mothership Pickup Time (3.0 @4:30-5) - @4:30-5",1,0
1941,2026-09-25,"2026-09-24","Chicken Chorizo - Lb.",1,10.5
1941,2026-09-25,"2026-09-24","Eggs - Dozen",1,6.5
1941,2026-09-25,"2026-09-24","Ground Beef - D&M - Lb.",1,10.5
1941,2026-09-25,"2026-09-24","Extra Credit - Each",1.25,1.06
1941,2026-09-25,"2026-09-24","Mini",1,53.2
293,2026-09-25,"2026-09-24","Peanut Butter MC - Tub",1,7.75
293,2026-09-25,"2026-09-24","Mothership Pickup Time (6.0 @6-6:30) - @6-6:30",1,0
293,2026-09-25,"2026-09-24","Beef Kabob Meat - Lb.",1,12.75
293,2026-09-25,"2026-09-24","Eggs - Dozen",1,6.5
293,2026-09-25,"2026-09-24","Garlic - Head - Head",1,1
293,2026-09-25,"2026-09-24","Lettuce Mix - Bag",1,5
293,2026-09-25,"2026-09-24","Extra Credit - Each",0.5,1.06
293,2026-09-25,"2026-09-24","FSA/FSD",1,79.79
310,2026-09-25,"2026-09-24","Milk - 2%  - Oz.",1,8.32
310,2026-09-25,"2026-09-24","Mothership Pickup Time (1.0 @3:30-4) - @3:30-4",1,0
310,2026-09-25,"2026-09-24","Apples - Jonathan - Bag",1,5.75
310,2026-09-25,"2026-09-24","Chicken - Ground - Lb.",1,10.25
310,2026-09-25,"2026-09-24","Chicken - Whole $5.00/lb. - Each",1,20.3
310,2026-09-25,"2026-09-24","Eggs - Dozen",1,6.5
310,2026-09-25,"2026-09-24","Hoagie - T - Each",1,3.5
310,2026-09-25,"2026-09-24","Lettuce Mix - Bag",1,5
310,2026-09-25,"2026-09-24","Onions - Yellow - lbs",1,3.5
310,2026-09-25,"2026-09-24","Tomatoes - Funky Bunch - Pint",1,7
310,2026-09-25,"2026-09-24","Tomatoes - Slicing - Bag",1,6.5
310,2026-09-25,"2026-09-24","Watermelon - Seedless (1.0 Large) - Large",1,12
310,2026-09-25,"2026-09-24","Extra Credit - Each",56.12,1.06
310,2026-09-25,"2026-09-24","FSA/FSD",1,79.79
310,2026-09-25,"2026-09-24","Skim MILK",2,8.85
1353,2026-09-25,"2026-09-24","Cheese Choice $6.75 - Each",1,6.75
1353,2026-09-25,"2026-09-24","Mustard - Choice",1,6.5
1353,2026-09-25,"2026-09-24","Pork - Bratwurst  - Pack",1,8.5
1353,2026-09-25,"2026-09-24","Half",1,84.79
1353,2026-09-25,"2026-09-24","Whole MILK-e",1,8.85
634,2026-09-25,"2026-09-24","Kirkwood Pickup Time - @1-1:30",1,0
634,2026-09-25,"2026-09-24","Chicken - Breakfast Links - Each",1,10.5
634,2026-09-25,"2026-09-24","Ground Beef - D&M - Lb.",1,10.5
634,2026-09-25,"2026-09-24","Hamburger Buns - 4-pack",1,2.75
634,2026-09-25,"2026-09-24","Yogurt - Plain - Oz.",1,7.25
634,2026-09-25,"2026-09-24","Extra Credit - Each",4.75,1.06
634,2026-09-25,"2026-09-24","Mini",1,53.2
496,2026-09-25,"2026-09-24","Apple Cider - Pint - Pint",1,7
496,2026-09-25,"2026-09-24","Beef Kabob Meat - Lb.",1,12.75
496,2026-09-25,"2026-09-24","Mushrooms - Choice",1,8
496,2026-09-25,"2026-09-24","Olive Oil Small - ML",1,8.5
496,2026-09-25,"2026-09-24","UCA/KWA",1,79.79
868,2026-09-25,"2026-09-24","Kirkwood Pickup Time (2.0 @1:30-2) - @1:30-2",1,0
868,2026-09-25,"2026-09-24","Del Carmen Choice - Tub",1,6.5
868,2026-09-25,"2026-09-24","Eggs - Dozen",1,6.5
868,2026-09-25,"2026-09-24","Ground Beef - D&M - Lb.",1,10.5
868,2026-09-25,"2026-09-24","Tomatoes - Sungold - Pint",1,7
868,2026-09-25,"2026-09-24","Extra Credit - Each",4.25,1.06
868,2026-09-25,"2026-09-24","Mini",1,53.2
1652,2026-09-25,"2026-09-24","Yogurt - Greek Plain - Oz.",1,7.75
1652,2026-09-25,"2026-09-24","Argentine Red Shrimp 2 LB - Lb.",1,43
1652,2026-09-25,"2026-09-24","Eggs - Dozen",1,6.5
1652,2026-09-25,"2026-09-24","Pecan Pieces - Oz.",1,18
1652,2026-09-25,"2026-09-24","Sea Scallops/LB - Bag",1,62.44
1652,2026-09-25,"2026-09-24","Extra Credit - Each",111.44,1.06
1652,2026-09-25,"2026-09-24","Mini",1,53.2
1431,2026-09-25,"2026-09-24","Mothership Pickup Time (5.0 @5:30-6) - @5:30-6",1,0
1431,2026-09-25,"2026-09-24","FF Soup - Chowder - Pint",1,10.25
1431,2026-09-25,"2026-09-24","Ground Beef - D&M - Lb.",1,10.5
1431,2026-09-25,"2026-09-24","Oat Porridge Bread - T - Each",1,9
1431,2026-09-25,"2026-09-24","Extra Credit - Each",3.5,1.06
1431,2026-09-25,"2026-09-24","Mini",1,53.2
963,2026-09-25,"2026-09-24","Brisket - half/lb. - lbs",2,84.21
963,2026-09-25,"2026-09-24","Eggs - Dozen",1,6.5
963,2026-09-25,"2026-09-24","Rice - Basmati Brown - Lb.",1,7.5
963,2026-09-25,"2026-09-24","Extra Credit - Each",149.92,1.06
963,2026-09-25,"2026-09-24","FSA/FSD",1,79.79
657,2026-09-25,"2026-09-24","Mothership Pickup Time (3.0 @4:30-5) - @4:30-5",1,0
657,2026-09-25,"2026-09-24","Eggs - Dozen",1,6.5
657,2026-09-25,"2026-09-24","Paw Paws - Bag",1,10
657,2026-09-25,"2026-09-24","Pork - Bratwurst  - Pack",1,8.5
657,2026-09-25,"2026-09-24","Extra Credit - Each",3.25,1.06
657,2026-09-25,"2026-09-24","Half",1,84.79
928,2026-09-25,"2026-09-24","Yogurt - Greek Plain - Oz.",1,7.75
928,2026-09-25,"2026-09-24","Mothership Pickup Time (1.0 @3:30-4) - @3:30-4",1,0
928,2026-09-25,"2026-09-24","Boneless Pork Chop - D&M /lb - Lb.",1,13.2
928,2026-09-25,"2026-09-24","Cinnamon Raisin Bread - 1-each",1,6.75
928,2026-09-25,"2026-09-24","Pork - Breakfast Bulk - Pack",1,8.5
928,2026-09-25,"2026-09-24","Extra Credit - Each",3.7,1.06
928,2026-09-25,"2026-09-24","FSA/FSD",1,79.79
1900,2026-09-25,"2026-09-24","Walnuts - Oz.",1,12.75
1900,2026-09-25,"2026-09-24","Yogurt - Greek Plain - Oz.",1,7.75
1900,2026-09-25,"2026-09-24","Mothership Pickup Time (1.0 @3:30-4) - @3:30-4",1,0
1900,2026-09-25,"2026-09-24","Donation to Food Pantry - Each",1,1
1900,2026-09-25,"2026-09-24","XO - Cooler Donation - $",1,1
1900,2026-09-25,"2026-09-24","XO! Green Bags Donation - $",1,1
1900,2026-09-25,"2026-09-24","Eggs - Dozen",1,6.5
1900,2026-09-25,"2026-09-24","Ground Beef - D&M - Lb.",1,10.5
1900,2026-09-25,"2026-09-24","Onions - Red  - lbs",1,4
1900,2026-09-25,"2026-09-24","RL Chocolate Milk - Bottle",1,2.75
1900,2026-09-25,"2026-09-24","Tomatoes - Funky Bunch - Pint",1,7
1900,2026-09-25,"2026-09-24","Tomatoes - Slicing - Bag",1,6.5
1900,2026-09-25,"2026-09-24","Extra Credit - Each",34.5,1.06
1900,2026-09-25,"2026-09-24","Mini",1,53.2
1900,2026-09-25,"2026-09-24","Whole MILK-e",1,8.85
1236,2026-09-25,"2026-09-24","Eggs - Dozen",1,6.5
1236,2026-09-25,"2026-09-24","Kairos Sourdough Choice $5 - Pack",1,5
1236,2026-09-25,"2026-09-24","Milk Chocolate Lolli - Each",1,1.75
1236,2026-09-25,"2026-09-24","Pork - Breakfast Bulk - Pack",1,8.5
1236,2026-09-25,"2026-09-24","Syrup Choice $12.50 - Each",1,12.5
1236,2026-09-25,"2026-09-24","Extra Credit - Each",1.75,1.06
1236,2026-09-25,"2026-09-24","FSA/FSD",1,79.79
249,2026-09-25,"2026-09-24","Ground Turkey - Pack",1,10.25
249,2026-09-25,"2026-09-24","Mothership Pickup Time (1.0 @3:30-4) - @3:30-4",1,0
249,2026-09-25,"2026-09-24","Black Pepper Cheddar - Each",1,6.75
249,2026-09-25,"2026-09-24","Eggs - Dozen",1,6.5
249,2026-09-25,"2026-09-24","Extra Credit - Each",1.75,1.06
249,2026-09-25,"2026-09-24","Half",1,84.79
364,2026-09-25,"2026-09-24","Watermelon - Seeded (1.0 Large) - Large",1,7
364,2026-09-25,"2026-09-24","Mothership Pickup Time - @6:30-7",1,0
364,2026-09-25,"2026-09-24","Arugula - Bag",1,4.25
364,2026-09-25,"2026-09-24","Eggs - Dozen",2,6.5
364,2026-09-25,"2026-09-24","English Muffin Sourdough - Frozen - Pack",1,5
364,2026-09-25,"2026-09-24","Fairy Tale Eggplant - Pint",1,7
364,2026-09-25,"2026-09-24","Hoagie - T - Each",1,3.5
364,2026-09-25,"2026-09-24","Okra  - Bag",1,6
364,2026-09-25,"2026-09-24","Winter Squash - Red Kuri - Each",1,5
364,2026-09-25,"2026-09-24","Extra Credit - Each",18.25,1.06
364,2026-09-25,"2026-09-24","FSA/FSD",1,79.79
1873,2026-09-25,"2026-09-24","Chicken - Big Bag Deboned Thighs/lb. - Bag",1,36.14
1873,2026-09-25,"2026-09-24","Eggs - Dozen",1,6.5
1873,2026-09-25,"2026-09-24","Polenta - Oz.",1,4.75
1873,2026-09-25,"2026-09-24","Yogurt - Strawberry - Oz.",1,7.25
1873,2026-09-25,"2026-09-24","Extra Credit - Each",28.39,1.06
1873,2026-09-25,"2026-09-24","Mini",1,53.2
1746,2026-09-25,"2026-09-24","Apple Cider - Pint - Pint",1,7
1746,2026-09-25,"2026-09-24","Beef Kabob Meat - Lb.",1,12.75
1746,2026-09-25,"2026-09-24","Mushrooms - Choice",1,8
1746,2026-09-25,"2026-09-24","Olive Oil Small - ML",1,8.5
1746,2026-09-25,"2026-09-24","UCA/KWA",1,79.79
936,2026-09-25,"2026-09-24","Mothership Pickup Time (5.0 @5:30-6) - @5:30-6",1,0
936,2026-09-25,"2026-09-24","Apples - Golden Delicious - Bag",1,5.75
936,2026-09-25,"2026-09-24","Applewood Smoked Cheddar - Each",2,6.75
936,2026-09-25,"2026-09-24","Arugula - Bag",1,4.25
936,2026-09-25,"2026-09-24","Beets - Lb.",1,6.5
936,2026-09-25,"2026-09-24","Curds Applewood Smoked 10 oz - Bag",1,6.75
936,2026-09-25,"2026-09-24","Extra Credit - Each",4.25,1.06
936,2026-09-25,"2026-09-24","FSA/FSD",1,79.79
876,2026-09-25,"2026-09-24","Eggs - Dozen",1,6.5
876,2026-09-25,"2026-09-24","Kairos Sourdough Choice $5 - Pack",1,5
876,2026-09-25,"2026-09-24","Pork - Breakfast Bulk - Pack",1,8.5
876,2026-09-25,"2026-09-24","Syrup Choice $12.50 - Each",1,12.5
876,2026-09-25,"2026-09-24","FSA/FSD",1,79.79
636,2026-09-25,"2026-09-24","Eggs - Dozen",1,6.5
636,2026-09-25,"2026-09-24","Kairos Sourdough Choice $5 - Pack",1,5
636,2026-09-25,"2026-09-24","Pork - Breakfast Bulk - Pack",1,8.5
636,2026-09-25,"2026-09-24","Syrup Choice $12.50 - Each",1,12.5
636,2026-09-25,"2026-09-24","FSA/FSD",1,79.79
636,2026-09-25,"2026-09-24","Whole MILK",1,8.85
725,2026-09-25,"2026-09-24","Cheese Choice $6.75 - Each",1,6.75
725,2026-09-25,"2026-09-24","Mustard - Choice",1,6.5
725,2026-09-25,"2026-09-24","Pork - Bratwurst  - Pack",1,8.5
725,2026-09-25,"2026-09-24","Half",1,84.79
133,2026-09-25,"2026-09-24","Pizza - Four Meat  - Each",1,9.5
133,2026-09-25,"2026-09-24","Mothership Pickup Time (1.0 @3:30-4) - @3:30-4",1,0
133,2026-09-25,"2026-09-24","Bagels - Pumpernickel - BU - Bag",1,11.25
133,2026-09-25,"2026-09-24","Eggs - Dozen",1,6.5
133,2026-09-25,"2026-09-24","Extra Credit - Each",1,1.06
133,2026-09-25,"2026-09-24","Mini",1,53.2
1427,2026-09-25,"2026-09-24","Eggs - BW - Dozen",2,6.5
1427,2026-09-25,"2026-09-24","Mothership Pickup Time (1.0 @3:30-4) - @3:30-4",1,0
1427,2026-09-25,"2026-09-24","Apple Cider 1/2 Gal - Half Gallon",1,14
1427,2026-09-25,"2026-09-24","Chicken Breasts /lb. - Pack",1,10.03
1427,2026-09-25,"2026-09-24","Ground Beef - D&M - Lb.",1,10.5
1427,2026-09-25,"2026-09-24","Peppers - Green/Red Bell - 3-pack",2,3
1427,2026-09-25,"2026-09-24","Pork Bacon Burgers - Pack",1,22.55
1427,2026-09-25,"2026-09-24","Potatoes - Kennebec - lbs",1,5.25
1427,2026-09-25,"2026-09-24","Sesame Hoagie - T - Each",1,3.8
1427,2026-09-25,"2026-09-24","Summer Crisp Head Lettuce - Share",1,4
1427,2026-09-25,"2026-09-24","Extra Credit - Each",62.88,1.06
643,2026-09-25,"2026-09-24","Cucumbers - Pickling - Bag",2,3.5
643,2026-09-25,"2026-09-24","Mothership Pickup Time (5.0 @5:30-6) - @5:30-6",1,0
643,2026-09-25,"2026-09-24","Eggs - Dozen",1,6.5
643,2026-09-25,"2026-09-24","Maple Syrup 12 oz. - Jar",1,13
643,2026-09-25,"2026-09-24","Peppers - Jimmy Nordello - Bag",1,7
643,2026-09-25,"2026-09-24","Peppers - Thai Chili - Oz.",1,3
643,2026-09-25,"2026-09-24","Extra Credit - Each",4,1.06
643,2026-09-25,"2026-09-24","FSA/FSD",1,79.79
1468,2026-09-25,"2026-09-24","Cucumbers - Pickling - Bag",1,3.5
1468,2026-09-25,"2026-09-24","Mothership Pickup Time (4.0 @5-5:30) - @5-5:30",1,0
1468,2026-09-25,"2026-09-24","Coffee Stringbean Decaf - Bag",1,16
1468,2026-09-25,"2026-09-24","Eggs - Dozen",1,6.5
1468,2026-09-25,"2026-09-24","Ground Beef - D&M - Lb.",1,10.5
1468,2026-09-25,"2026-09-24","Extra Credit - Each",10.25,1.06
1468,2026-09-25,"2026-09-24","Mini",1,53.2
622,2026-09-25,"2026-09-24","Kirkwood Pickup Time (2.0 @1:30-2) - @1:30-2",1,0
622,2026-09-25,"2026-09-24","Apple Cider - Pint - Pint",1,7
622,2026-09-25,"2026-09-24","Beef Kabob Meat - Lb.",1,12.75
622,2026-09-25,"2026-09-24","Chicken - Ground - Lb.",1,10.25
622,2026-09-25,"2026-09-24","Olive Oil Small - ML",1,8.5
622,2026-09-25,"2026-09-24","Extra Credit - Each",2.25,1.06
622,2026-09-25,"2026-09-24","UCA/KWA",1,79.79
39,2026-09-25,"2026-09-24","Mini",1,53.2
652,2026-09-25,"2026-09-24","Milk - 2%  - Oz.",1,8.32
652,2026-09-25,"2026-09-24","Cheese Choice $6.75 - Each",1,6.75
652,2026-09-25,"2026-09-24","Mustard - Choice",1,6.5
652,2026-09-25,"2026-09-24","Pork - Bratwurst  - Pack",1,8.5
652,2026-09-25,"2026-09-24","Extra Credit - Each",8.32,1.06
652,2026-09-25,"2026-09-24","Half",1,84.79
1521,2026-09-25,"2026-09-24","Mothership Pickup Time (1.0 @3:30-4) - @3:30-4",1,0
1521,2026-09-25,"2026-09-24","Eggs - Dozen",1,6.5
1521,2026-09-25,"2026-09-24","Peppers - Green/Red Bell - 3-pack",1,3
1521,2026-09-25,"2026-09-24","Pretzel - UL Thursday  - Each",2,3.75
1521,2026-09-25,"2026-09-24","Tomatoes - Sungold - Pint",1,7
1521,2026-09-25,"2026-09-24","Winter Squash - Butternut - Each",1,2
1521,2026-09-25,"2026-09-24","Winter Squash - Red Kuri - Each",1,2
1521,2026-09-25,"2026-09-24","Extra Credit - Each",1.75,1.06
1521,2026-09-25,"2026-09-24","Mini",1,53.2
900,2026-09-25,"2026-09-24","Mothership Pickup Time (1.0 @3:30-4) - @3:30-4",1,0
900,2026-09-25,"2026-09-24","Apples - Jonathan - Bag",1,5.75
900,2026-09-25,"2026-09-24","Chicken - Thighs /lbs  - lbs",1,7.8
900,2026-09-25,"2026-09-24","Lettuce Mix - Bag",1,5
900,2026-09-25,"2026-09-24","Peppers - Green/Red Bell - 3-pack",1,3
900,2026-09-25,"2026-09-24","Squash - Zucchini - Each",1,3
900,2026-09-25,"2026-09-24","Tomatoes - Slicing - Bag",1,6.5
900,2026-09-25,"2026-09-24","FSA/FSD",1,79.79
900,2026-09-25,"2026-09-24","Whole MILK",1,8.85
171,2026-09-25,"2026-09-24","Del Carmen Choice - Tub",1,6.5
171,2026-09-25,"2026-09-24","Eggs - Dozen",1,6.5
171,2026-09-25,"2026-09-24","Ground Beef - D&M - Lb.",1,10.5
171,2026-09-25,"2026-09-24","Hamburger Buns - 4-pack",1,2.75
171,2026-09-25,"2026-09-24","Mini",1,53.2
904,2026-09-25,"2026-09-24","Mothership Pickup Time - @6:30-7",1,0
904,2026-09-25,"2026-09-24","Chicken - Breakfast - Pack",1,10.5
904,2026-09-25,"2026-09-24","Eggs - Dozen",1,6.5
904,2026-09-25,"2026-09-24","Hoagie - PIB - 6-pack",1,6.75
904,2026-09-25,"2026-09-24","Extra Credit - Each",2,1.06
904,2026-09-25,"2026-09-24","Half",1,84.79
1440,2026-09-25,"2026-09-24","Chicken Breasts /lb. - Pack",1,10.37
1440,2026-09-25,"2026-09-24","Lettuce - It's a miracle! - Head",1,5
1440,2026-09-25,"2026-09-24","Meatballs D&M - Package",1,15
1440,2026-09-25,"2026-09-24","Pork - Brats Cheddar DM - 4-pack",1,8.5
1440,2026-09-25,"2026-09-24","Pork - Ground  - Lb.",1,7.5
1440,2026-09-25,"2026-09-24","Pork - Tenderloin/lb - Lb.",1,12.74
1440,2026-09-25,"2026-09-24","Pork Italian Bulk - D&M - Lb.",1,8.5
1440,2026-09-25,"2026-09-24","Semolina - T - Loaf",1,7
1440,2026-09-25,"2026-09-24","Extra Credit - Each",52.86,1.06
1440,2026-09-25,"2026-09-24","Half",1,84.79
1505,2026-09-25,"2026-09-24","Chicken - Big Bag Deboned Thighs/lb. - Bag",1,43.23
1505,2026-09-25,"2026-09-24","Mothership Pickup Time (4.0 @5-5:30) - @5-5:30",1,0
1505,2026-09-25,"2026-09-24","Chicken Thighs - Big Bag/lb. - Pack",1,27.95
1505,2026-09-25,"2026-09-24","Hoagie - T - Each",1,3.5
1505,2026-09-25,"2026-09-24","Light and Mild - T - Loaf",1,8.25
1505,2026-09-25,"2026-09-24","Extra Credit - Each",61.18,1.06
1505,2026-09-25,"2026-09-24","Half",1,84.79
959,2026-09-25,"2026-09-24","Eggs - Dozen",1,6.5
959,2026-09-25,"2026-09-24","Kairos Sourdough Choice $5 - Pack",1,5
959,2026-09-25,"2026-09-24","Pork - Breakfast Bulk - Pack",1,8.5
959,2026-09-25,"2026-09-24","Syrup Choice $12.50 - Each",1,12.5
959,2026-09-25,"2026-09-24","FSA/FSD",1,79.79
463,2026-09-25,"2026-09-24","Watermelon - Seeded (1.0 Large) - Large",1,12
463,2026-09-25,"2026-09-24","Del Carmen Choice - Tub",1,6.5
463,2026-09-25,"2026-09-24","Eggs - Dozen",1,6.5
463,2026-09-25,"2026-09-24","Ground Beef - D&M - Lb.",1,10.5
463,2026-09-25,"2026-09-24","Extra Credit - Each",8.25,1.06
463,2026-09-25,"2026-09-24","Mini",1,53.2
