"member_id","file_date","delivery_date","item_unit","sales","price"
704,2026-02-06,"2026-01-28","Eggs - BW - Dozen",2,6.25
704,2026-02-06,"2026-01-28","Stringbean Peru - Oz.",1,15.45
704,2026-02-06,"2026-01-28","Mothership Pickup Time (3.0 @4:30-5) - @4:30-5",1,0
704,2026-02-06,"2026-01-28","Aged Cheddar - HBC - Each",1,6.5
704,2026-02-06,"2026-01-28","Sourdough Bread - Lb.",1,6.25
704,2026-02-06,"2026-01-28","Extra Credit - Each",1.95,1.06
704,2026-02-06,"2026-01-28","FSA/FSD",1,64.37
371,2026-02-06,"2026-01-28","UCity Pickup Time (2.0 @5-5:30) - @5-5:30",1,0
371,2026-02-06,"2026-01-28","Bagels - Plain - Bag",1,6.75
371,2026-02-06,"2026-01-28","Hot Sauce - Green - Oz.",1,7.25
371,2026-02-06,"2026-01-28","Lamb Gyro w/ Feta & Spinach - Lb.",1,17.5
371,2026-02-06,"2026-01-28","Multigrain Bread  - Each",1,6.25
371,2026-02-06,"2026-01-28","Mushrooms - Choice",1,8.25
371,2026-02-06,"2026-01-28","Extra Credit - Each",4.5,1.06
371,2026-02-06,"2026-01-28","Half",1,68.89
1410,2026-02-06,"2026-01-28","UCity Pickup Time - @4:30-5",1,0
1410,2026-02-06,"2026-01-28","Bagels - Blueberry - BU - Bag",1,11
1410,2026-02-06,"2026-01-28","Chicken - Ground - Lb.",1,8.75
1410,2026-02-06,"2026-01-28","Eggs - Dozen",1,6.25
1410,2026-02-06,"2026-01-28","Ground Beef - D&M - Lb.",1,10.25
1410,2026-02-06,"2026-01-28","Meatballs D&M - Package",1,14.5
1410,2026-02-06,"2026-01-28","Extra Credit - Each",9.25,1.06
1410,2026-02-06,"2026-01-28","Half",1,68.89
1983,2026-02-06,"2026-01-28","Mothership Pickup Time (1.0 @3:30-4) - @3:30-4",1,0
1983,2026-02-06,"2026-01-28","Chevre PF (1.0 Plain) - Plain",1,8.5
1983,2026-02-06,"2026-01-28","Eggs - Dozen",2,6.25
1983,2026-02-06,"2026-01-28","Feta Cheese - HBC - Each",1,6.5
1983,2026-02-06,"2026-01-28","Kuva Brazil - Bag",1,15.45
1983,2026-02-06,"2026-01-28","Potatoes - Sweet - lbs",1,6
1983,2026-02-06,"2026-01-28","Spinach - Bag",1,6
1983,2026-02-06,"2026-01-28","Winter Squash - Pie Pumpkin - Each",1,3.75
1983,2026-02-06,"2026-01-28","Extra Credit - Each",29.2,1.06
1983,2026-02-06,"2026-01-28","Mini",1,46.28
553,2026-02-06,"2026-01-28","Cheddar - White MJC - Package",1,6.5
553,2026-02-06,"2026-01-28","Chicken Links - Chorizo - Lb.",1,10
553,2026-02-06,"2026-01-28","Curds Taco Spice 10 oz - Bag",1,6.5
553,2026-02-06,"2026-01-28","Eggs - Dozen",1,6.25
553,2026-02-06,"2026-01-28","Hummus - Garlic - Tub",1,6.75
553,2026-02-06,"2026-01-28","Missouri Pecans (1.0 Halves) - Halves",1,6.5
553,2026-02-06,"2026-01-28","Pork - Ground  - Lb.",1,7.25
553,2026-02-06,"2026-01-28","Extra Credit - Each",20.25,1.06
553,2026-02-06,"2026-01-28","Mini",1,46.28
346,2026-02-06,"2026-01-28","Eggs - BW - Dozen",1,6.25
346,2026-02-06,"2026-01-28","Chicken Breasts /lb. - Pack",1,12.54
346,2026-02-06,"2026-01-28","Eggs - Dozen",1,6.25
346,2026-02-06,"2026-01-28","Mushrooms - Choice",1,8.25
346,2026-02-06,"2026-01-28","Red Chile Sauce - Jar",1,11.5
346,2026-02-06,"2026-01-28","Extra Credit - Each",3.29,1.06
346,2026-02-06,"2026-01-28","Half",1,68.89
1197,2026-02-06,"2026-01-28","Pizza - Four Meat  - Each",1,8
1197,2026-02-06,"2026-01-28","Pizza - Tomato Basil Garlic  - Each",1,8
1197,2026-02-06,"2026-01-28","Chicken - Links ($10) - Each",1,10
1197,2026-02-06,"2026-01-28","Eggs - Dozen",1,6.25
1197,2026-02-06,"2026-01-28","Hummus Choice ($6.75) - Tub",1,6.75
1197,2026-02-06,"2026-01-28","Extra Credit - Each",9.5,1.06
1039,2026-02-06,"2026-01-28","Pizza - Four Meat  - Each",1,8
1039,2026-02-06,"2026-01-28","UCity Pickup Time (3.0 @5:30-6) - @5:30-6",1,0
1039,2026-02-06,"2026-01-28","Bagels - Everything - BU - Bag",1,11
1039,2026-02-06,"2026-01-28","Beef - Stew Meat - Pack",1,10.25
1039,2026-02-06,"2026-01-28","Eggs - Dozen",1,6.25
1039,2026-02-06,"2026-01-28","Kohlrabi  - Head",1,1.5
1039,2026-02-06,"2026-01-28","Extra Credit - Each",2.75,1.06
1039,2026-02-06,"2026-01-28","UCA/KWA",1,64.37
618,2026-02-06,"2026-01-28","Eggs - BW - Dozen",2,6.25
618,2026-02-06,"2026-01-28","Heritage - Aged - Pack",1,6.5
618,2026-02-06,"2026-01-28","Mothership Pickup Time (4.0 @5-5:30) - @5-5:30",1,0
618,2026-02-06,"2026-01-28","Olive Oil Large - Bottle",1,18.5
618,2026-02-06,"2026-01-28","Seedy Wheaty Bread - Loaf",1,3.5
618,2026-02-06,"2026-01-28","Shoots - Specialty Mix - Bag",1,4.25
618,2026-02-06,"2026-01-28","FSC",1,64.37
180,2026-02-06,"2026-01-28","UCity Pickup Time - @4:30-5",1,0
180,2026-02-06,"2026-01-28","Eggs - Dozen",1,6.25
180,2026-02-06,"2026-01-28","Hummus Choice ($6.75) - Tub",1,6.75
180,2026-02-06,"2026-01-28","Missouri Pecans (1.0 Halves) - Halves",1,6.5
180,2026-02-06,"2026-01-28","Potato Chips Kickers med - Oz.",1,3
180,2026-02-06,"2026-01-28","Yogurt - Plain - Oz.",1,6.75
180,2026-02-06,"2026-01-28","Mini",1,46.28
390,2026-02-06,"2026-01-28","Mothership Pickup Time (5.0 @5:30-6) - @5:30-6",1,0
390,2026-02-06,"2026-01-28","Auction Donation - $",1,1
390,2026-02-06,"2026-01-28","Bacon Ends /lb. - Package",1,10.42
390,2026-02-06,"2026-01-28","Black Bean Hummus - Tub",1,6.25
390,2026-02-06,"2026-01-28","Dark Bar 61% - Package",1,2.75
390,2026-02-06,"2026-01-28","Milk Chocolate PB Bon Bons - Pack",1,11.25
390,2026-02-06,"2026-01-28","Multigrain Bread  - Each",1,6.25
390,2026-02-06,"2026-01-28","Mustard (1.0 Honey) - Honey",1,6
390,2026-02-06,"2026-01-28","Popped Corn - Organic - Bag",1,3
390,2026-02-06,"2026-01-28","Potato Chips Original Lg - Oz.",1,9.25
390,2026-02-06,"2026-01-28","Extra Credit - Each",12.17,1.06
390,2026-02-06,"2026-01-28","Half",1,68.89
390,2026-02-06,"2026-01-28","Whole MILK-e",1,8.49
421,2026-02-06,"2026-01-28","Chicken - Links ($10) - Each",1,10
421,2026-02-06,"2026-01-28","Cinnamon Rolls - Pack",1,6.5
421,2026-02-06,"2026-01-28","Eggs - Dozen",1,6.25
421,2026-02-06,"2026-01-28","Hummus Choice ($6.75) - Tub",1,6.75
421,2026-02-06,"2026-01-28","Missouri Pecans (1.0 Halves) - Halves",1,6.5
421,2026-02-06,"2026-01-28","Extra Credit - Each",6.5,1.06
421,2026-02-06,"2026-01-28","Mini",1,46.28
1203,2026-02-06,"2026-01-28","Mothership Pickup Time (2.0 @4-4:30) - @4-4:30",1,0
1203,2026-02-06,"2026-01-28","Chicken - Ground - Lb.",1,8.75
1203,2026-02-06,"2026-01-28","Eggs - Dozen",1,6.25
1203,2026-02-06,"2026-01-28","Ham Hocks/lb. - Pack",1,21.2
1203,2026-02-06,"2026-01-28","Mushrooms - Choice",1,8.25
1203,2026-02-06,"2026-01-28","Pork - Ground  - Lb.",1,7.25
1203,2026-02-06,"2026-01-28","Scary Squash - Acorn - Each",2,1
1203,2026-02-06,"2026-01-28","Extra Credit - Each",14.95,1.06
1203,2026-02-06,"2026-01-28","FSA/FSD",1,64.37
892,2026-02-06,"2026-01-28","UCity Pickup Time - @4:30-5",1,0
892,2026-02-06,"2026-01-28","Bagels - Poppy Seed - BU - Bag",1,11
892,2026-02-06,"2026-01-28","German Quark HBC - Jar",1,6.5
892,2026-02-06,"2026-01-28","Mushrooms - Choice",1,8.25
892,2026-02-06,"2026-01-28","Mustard - Choice",1,6
892,2026-02-06,"2026-01-28","Potatoes - Sweet - lbs",1,6
892,2026-02-06,"2026-01-28","Spinach - Bag",1,6
892,2026-02-06,"2026-01-28","Extra Credit - Each",2.25,1.06
892,2026-02-06,"2026-01-28","Half",1,68.89
444,2026-02-06,"2026-01-28","Almonds - Raw - Oz.",1,14.75
444,2026-02-06,"2026-01-28","Eggs - BW - Dozen",2,6.25
444,2026-02-06,"2026-01-28","UCity Pickup Time - @4:30-5",1,0
444,2026-02-06,"2026-01-28","Bagels - Everything - BU - Bag",1,11
444,2026-02-06,"2026-01-28","Bagels - Honey Buckwheat - BU - Bag",1,11
444,2026-02-06,"2026-01-28","Chicken - Thighs /lbs  - lbs",2,7
444,2026-02-06,"2026-01-28","Hummus - Beet & Pepita - Tub",1,6.75
444,2026-02-06,"2026-01-28","Hummus - Carrot & Ginger - Tub",1,6.75
444,2026-02-06,"2026-01-28","Pork - Tenderloin/lb - Lb.",2,13.11
444,2026-02-06,"2026-01-28","RL Chocolate Milk - Bottle",2,2.75
444,2026-02-06,"2026-01-28","Extra Credit - Each",74.22,1.06
444,2026-02-06,"2026-01-28","UCA/KWA",1,64.37
1543,2026-02-06,"2026-01-28","Mothership Pickup Time (1.0 @3:30-4) - @3:30-4",1,0
1543,2026-02-06,"2026-01-28","Donation to Food Pantry - Each",1,1
1543,2026-02-06,"2026-01-28","Chicken - Ground - Lb.",1,8.75
1543,2026-02-06,"2026-01-28","Curry Sauce (1.0 Red) - Red",1,11.5
1543,2026-02-06,"2026-01-28","Mushrooms (1.0 Shiitake) - Shiitake",1,8.25
1543,2026-02-06,"2026-01-28","Oats - 1lb. - Choice",1,3.75
1543,2026-02-06,"2026-01-28","Ravioli - Mushroom  - Lb.",1,9
1543,2026-02-06,"2026-01-28","Extra Credit - Each",3.5,1.06
1543,2026-02-06,"2026-01-28","FSA/FSD",1,64.37
472,2026-02-06,"2026-01-28","Bison - Ground - Lb.",1,21
472,2026-02-06,"2026-01-28","Eggs - Dozen",1,6.25
472,2026-02-06,"2026-01-28","Mushrooms - Choice",1,8.25
472,2026-02-06,"2026-01-28","Mustard - Choice",1,6
472,2026-02-06,"2026-01-28","Half",1,68.89
1920,2026-02-06,"2026-01-28","UCity Pickup Time (2.0 @5-5:30) - @5-5:30",1,0
1920,2026-02-06,"2026-01-28","Bagels - Plain - BU - Bag",1,11
1920,2026-02-06,"2026-01-28","Bagels - Plain - Frozen - Each",1,6.75
1920,2026-02-06,"2026-01-28","Beef - Stew Meat - Pack",1,10.25
1920,2026-02-06,"2026-01-28","Eggs - Dozen",1,6.25
1920,2026-02-06,"2026-01-28","FF Dish - Saag Paneer - Pint",1,11.75
1920,2026-02-06,"2026-01-28","Multigrain Bread - Frozen - Loaf",1,6.25
1920,2026-02-06,"2026-01-28","Pasta Long Bi-color - Lb.",1,6.5
1920,2026-02-06,"2026-01-28","Pork Italian Bulk - D&M - Lb.",1,8
1920,2026-02-06,"2026-01-28","Extra Credit - Each",25.25,1.06
1920,2026-02-06,"2026-01-28","Half",1,68.89
30,2026-02-06,"2026-01-28","Carrots no tops - Lb.",1,6
30,2026-02-06,"2026-01-28","Chicken - Ground - Lb.",1,8.75
30,2026-02-06,"2026-01-28","Eggs - Dozen",1,6.25
30,2026-02-06,"2026-01-28","Olive Oil Large - Bottle",1,18.5
30,2026-02-06,"2026-01-28","Winter Squash - Mashed Potato - Each",1,2.5
30,2026-02-06,"2026-01-28","Extra Credit - Each",0.5,1.06
30,2026-02-06,"2026-01-28","Half",1,68.89
1249,2026-02-06,"2026-01-28","Eggs - BW - Dozen",1,6.25
1249,2026-02-06,"2026-01-28","Mothership Pickup Time (1.0 @3:30-4) - @3:30-4",1,0
1249,2026-02-06,"2026-01-28","Aged Cheddar - HBC - Each",1,6.5
1249,2026-02-06,"2026-01-28","Carrots no tops - Lb.",1,6
1249,2026-02-06,"2026-01-28","Chicken Thighs - Boneless/lb. - lbs",1,8.5
1249,2026-02-06,"2026-01-28","Marinara Sauce - Jar",1,8.75
1249,2026-02-06,"2026-01-28","Mushrooms (1.0 Oyster) - Oyster",1,8.25
1249,2026-02-06,"2026-01-28","Potatoes - Sweet - lbs",1,6
1249,2026-02-06,"2026-01-28","Stringbean Ethiopian - Bag",1,15.45
1249,2026-02-06,"2026-01-28","Winter Squash - Spaghetti (1.0 Small) - Small",1,2
1249,2026-02-06,"2026-01-28","Yogurt - Vanilla - Oz.",1,6.75
981,2026-02-06,"2026-01-28","UCity Pickup Time (3.0 @5:30-6) - @5:30-6",1,0
981,2026-02-06,"2026-01-28","Eggs - Dozen",1,6.25
981,2026-02-06,"2026-01-28","Honey - Qt. - Jar",1,20
981,2026-02-06,"2026-01-28","Hummus - Beet & Pepita - Tub",1,6.75
981,2026-02-06,"2026-01-28","Extra Credit - Each",3.5,1.06
981,2026-02-06,"2026-01-28","Mini",1,46.28
1699,2026-02-06,"2026-01-28","Ground Turkey - Pack",2,8.75
1699,2026-02-06,"2026-01-28","Dates - Oz.",1,9.75
1699,2026-02-06,"2026-01-28","Eggs - BW - Dozen",1,6.25
1699,2026-02-06,"2026-01-28","UCity Pickup Time - @4:30-5",1,0
1699,2026-02-06,"2026-01-28","UCA/KWA",1,64.37
570,2026-02-06,"2026-01-28","Beef - Stew Meat - Pack",1,10.25
570,2026-02-06,"2026-01-28","Eggs - Dozen",1,6.25
570,2026-02-06,"2026-01-28","Pasta Long Bi-color - Lb.",1,6.5
570,2026-02-06,"2026-01-28","Tortellini - Cheese - Lb.",1,9
570,2026-02-06,"2026-01-28","Yogurt - Strawberry - Oz.",1,6.75
570,2026-02-06,"2026-01-28","Extra Credit - Each",4.5,1.06
570,2026-02-06,"2026-01-28","UCA/KWA",1,64.37
1154,2026-02-06,"2026-01-28","Mothership Pickup Time (4.0 @5-5:30) - @5-5:30",1,0
1154,2026-02-06,"2026-01-28","Bread Pudding (1.0 Mocha Swirl) - Mocha Swirl",1,6
1154,2026-02-06,"2026-01-28","Chicken - Whole $4.75/lb. - Each",1,25.18
1154,2026-02-06,"2026-01-28","Eggs - Dozen",1,6.25
1154,2026-02-06,"2026-01-28","Extra Credit - Each",7.93,1.06
1154,2026-02-06,"2026-01-28","Mini",1,46.28
541,2026-02-06,"2026-01-28","Milk - Whole - Oz.",1,7.98
541,2026-02-06,"2026-01-28","UCity Pickup Time (3.0 @5:30-6) - @5:30-6",1,0
541,2026-02-06,"2026-01-28","Almond Butter - Crunchy  - Pint",1,11.25
541,2026-02-06,"2026-01-28","Honey - Qt. - Jar",1,20
541,2026-02-06,"2026-01-28","Extra Credit - Each",4.98,1.06
541,2026-02-06,"2026-01-28","UCA/KWA",1,64.37
1928,2026-02-06,"2026-01-28","Milk - 2%  - Oz.",1,7.98
1928,2026-02-06,"2026-01-28","Cashews Salted - Oz.",1,20.75
1928,2026-02-06,"2026-01-28","UCity Pickup Time - @4:30-5",1,0
1928,2026-02-06,"2026-01-28","Cooler Repair Donation - $",5,1
1928,2026-02-06,"2026-01-28","Applewood Smoked Cheddar - Each",1,6.5
1928,2026-02-06,"2026-01-28","Bread Pudding - Muffin - Froz. - Each",3,4
1928,2026-02-06,"2026-01-28","Cinnamon Rolls - Pack",1,6.5
1928,2026-02-06,"2026-01-28","Eggs - Dozen",2,6.25
1928,2026-02-06,"2026-01-28","Gift - Dine & Dash - Bag",1,50
1928,2026-02-06,"2026-01-28","Olive Oil Large - Bottle",1,18.5
1928,2026-02-06,"2026-01-28","Pork - Kielbasa - Pack",1,14.65
1928,2026-02-06,"2026-01-28","Spinach - Bag",1,6
1928,2026-02-06,"2026-01-28","Tastachios - Oz.",1,8.5
1928,2026-02-06,"2026-01-28","Extra Credit - Each",127.38,1.06
1928,2026-02-06,"2026-01-28","Half",1,68.89
1559,2026-02-06,"2026-01-28","Cheddar - White MJC - Package",1,6.5
1559,2026-02-06,"2026-01-28","Dates - Oz.",1,9.75
1559,2026-02-06,"2026-01-28","Chicken - Links ($10) - Each",1,10
1559,2026-02-06,"2026-01-28","Eggs - Dozen",1,6.25
1559,2026-02-06,"2026-01-28","FF Dish - Masala - Pint",1,14.5
1559,2026-02-06,"2026-01-28","Feta Cheese - HBC - Each",1,6.5
1559,2026-02-06,"2026-01-28","Hummus Choice ($6.75) - Tub",1,6.75
1559,2026-02-06,"2026-01-28","Missouri Pecans (1.0 Halves) - Halves",1,6.5
1559,2026-02-06,"2026-01-28","Queso Quesadilla - HBC - Each",1,6.5
1559,2026-02-06,"2026-01-28","Shoots - Specialty Mix - Bag",1,4.25
1559,2026-02-06,"2026-01-28","Spinach - Bag",1,6
1559,2026-02-06,"2026-01-28","Extra Credit - Each",54,1.06
1559,2026-02-06,"2026-01-28","Mini",1,38.3
1098,2026-02-06,"2026-01-28","Jam - Red Cherry HBY - Pint",1,7.5
1098,2026-02-06,"2026-01-28","Stringbean Peru - Oz.",1,15.45
1098,2026-02-06,"2026-01-28","UCity Pickup Time - @4:30-5",1,0
1098,2026-02-06,"2026-01-28","Donation to Food Pantry - Each",1,1
1098,2026-02-06,"2026-01-28","Potatoes - Regular - lbs",1,6
1098,2026-02-06,"2026-01-28","Rice - Basmati Brown - Lb.",1,7
1098,2026-02-06,"2026-01-28","Spinach - Bag",1,6
1098,2026-02-06,"2026-01-28","Extra Credit - Each",8.7,1.06
1098,2026-02-06,"2026-01-28","UCA/KWA",1,64.37
557,2026-02-06,"2026-01-28","Mothership Pickup Time (1.0 @3:30-4) - @3:30-4",1,0
557,2026-02-06,"2026-01-28","Applewood Smoked Cheddar - Each",1,6.5
557,2026-02-06,"2026-01-28","Chicken - Ground - Lb.",1,8.75
557,2026-02-06,"2026-01-28","Mushrooms (1.0 Shiitake) - Shiitake",1,8.25
557,2026-02-06,"2026-01-28","Oats - 1lb. (1.0 Rolled) - Rolled",1,3.75
557,2026-02-06,"2026-01-28","Pasta Bi-color Short - Lb.",1,6.5
557,2026-02-06,"2026-01-28","Pork Breakfast Link D&M - Pack",1,8
557,2026-02-06,"2026-01-28","Extra Credit - Each",3,1.06
557,2026-02-06,"2026-01-28","FSA/FSD",1,64.37
986,2026-02-06,"2026-01-28","Mothership Pickup Time (4.0 @5-5:30) - @5-5:30",1,0
986,2026-02-06,"2026-01-28","Bison - Ground - Lb.",1,21
986,2026-02-06,"2026-01-28","Chicken Thighs - Boneless/lb. - lbs",1,9.86
986,2026-02-06,"2026-01-28","Eggs - Dozen",1,6.25
986,2026-02-06,"2026-01-28","FF Dish - Smoked Salmon Gnocchi - Pint",1,11.75
986,2026-02-06,"2026-01-28","Mushrooms - Choice",1,8.25
986,2026-02-06,"2026-01-28","Pink Sauce - Oz.",1,8.75
986,2026-02-06,"2026-01-28","Extra Credit - Each",24.36,1.06
986,2026-02-06,"2026-01-28","Half",1,68.89
1896,2026-02-06,"2026-01-28","Mothership Pickup Time (5.0 @5:30-6) - @5:30-6",1,0
1896,2026-02-06,"2026-01-28","Cinnamon Rolls - Pack",1,6.5
1896,2026-02-06,"2026-01-28","Eggs - Dozen",1,6.25
1896,2026-02-06,"2026-01-28","Missouri Pecans (1.0 Halves) - Halves",1,6.5
1896,2026-02-06,"2026-01-28","Multigrain Bread  - Each",1,6.25
1896,2026-02-06,"2026-01-28","Pork Italian Bulk - D&M - Lb.",1,8
1896,2026-02-06,"2026-01-28","Extra Credit - Each",4,1.06
1896,2026-02-06,"2026-01-28","Mini",1,46.28
1000,2026-02-06,"2026-01-28","Beef - Stew Meat - Pack",1,10.25
1000,2026-02-06,"2026-01-28","Eggs - Dozen",1,6.25
1000,2026-02-06,"2026-01-28","Frozen Bagel Choice ($11.0) - Bag",1,11
1000,2026-02-06,"2026-01-28","Yogurt Choice  - Each",1,6.75
1000,2026-02-06,"2026-01-28","UCA/KWA",1,64.37
1040,2026-02-06,"2026-01-28","Bison - Ground - Lb.",1,21
1040,2026-02-06,"2026-01-28","Eggs - Dozen",1,6.25
1040,2026-02-06,"2026-01-28","Mushrooms - Choice",1,8.25
1040,2026-02-06,"2026-01-28","Mustard - Choice",1,6
1040,2026-02-06,"2026-01-28","Half",1,68.89
718,2026-02-06,"2026-01-28","Heritage - Aged - Pack",1,6.5
718,2026-02-06,"2026-01-28","Stringbean Peru - Oz.",1,15.45
718,2026-02-06,"2026-01-28","Mothership Pickup Time (3.0 @4:30-5) - @4:30-5",1,0
718,2026-02-06,"2026-01-28","Lamb Shank/lb. - Lb.",1,17.4
718,2026-02-06,"2026-01-28","Seedy Wheaty - Frozen - Loaf",1,3.5
718,2026-02-06,"2026-01-28","Shoots - Fennel - Bag",1,4.25
718,2026-02-06,"2026-01-28","Extra Credit - Each",8.35,1.06
718,2026-02-06,"2026-01-28","FSA/FSD",1,64.37
207,2026-02-06,"2026-01-28","Beets - No Tops - Lb.",1,6.5
207,2026-02-06,"2026-01-28","Eggs - Dozen",1,6.25
207,2026-02-06,"2026-01-28","Marinara Sauce - Jar",1,8.75
207,2026-02-06,"2026-01-28","Missouri Pecans (1.0 Halves) - Halves",1,6.5
207,2026-02-06,"2026-01-28","Potatoes - Regular - lbs",1,6
207,2026-02-06,"2026-01-28","Spinach - Bag",1,6
207,2026-02-06,"2026-01-28","Tomato Juice - Quart",1,7.5
207,2026-02-06,"2026-01-28","Extra Credit - Each",18,1.06
207,2026-02-06,"2026-01-28","Mini",1,46.28
100,2026-02-06,"2026-01-28","Mothership Pickup Time (3.0 @4:30-5) - @4:30-5",1,0
100,2026-02-06,"2026-01-28","Bagels - Blueberry - BU - Bag",1,11
100,2026-02-06,"2026-01-28","Boneless Pork Chop - D&M /lb - Lb.",1,11.66
100,2026-02-06,"2026-01-28","Eggs - Dozen",1,6.25
100,2026-02-06,"2026-01-28","Pork - Ground  - Lb.",1,7.25
100,2026-02-06,"2026-01-28","Extra Credit - Each",6.66,1.06
100,2026-02-06,"2026-01-28","Mini",1,46.28
178,2026-02-06,"2026-01-28","Bison - Ground - Lb.",1,21
178,2026-02-06,"2026-01-28","Eggs - Dozen",1,6.25
178,2026-02-06,"2026-01-28","Mushrooms - Choice",1,8.25
178,2026-02-06,"2026-01-28","Mustard - Choice",1,6
178,2026-02-06,"2026-01-28","Half",1,68.89
99,2026-02-06,"2026-01-28","Ground Turkey - Pack",1,8.75
99,2026-02-06,"2026-01-28","Peanut Butter MC - Tub",1,7.75
99,2026-02-06,"2026-01-28","Mothership Pickup Time (3.0 @4:30-5) - @4:30-5",1,0
99,2026-02-06,"2026-01-28","Bagels - Honey Buckwheat - BU - Bag",1,11
99,2026-02-06,"2026-01-28","Bagels - Plain - BU - Bag",1,11
99,2026-02-06,"2026-01-28","Brioche - Buns - Frozen - Bag",1,6.5
99,2026-02-06,"2026-01-28","Chicken Links - Apple Cinnamon - Lb.",1,10
99,2026-02-06,"2026-01-28","Eggs - Dozen",1,6.25
99,2026-02-06,"2026-01-28","Mushrooms (1.0 Shiitake) - Shiitake",1,8.25
99,2026-02-06,"2026-01-28","Spinach - Bag",1,6
99,2026-02-06,"2026-01-28","Winter Squash - Baked Potato - Each",1,3
99,2026-02-06,"2026-01-28","Winter Squash - Tetsukabuto - Each",1,3.5
325,2026-02-06,"2026-01-28","Feta Cheese - HBC - Each",1,6.5
325,2026-02-06,"2026-01-28","Hummus - Garlic - Tub",1,6.75
325,2026-02-06,"2026-01-28","Olive Oil Large - Bottle",1,18.5
325,2026-02-06,"2026-01-28","Olive Oil Medium - Bottle",1,15
325,2026-02-06,"2026-01-28","Half",1,68.89
325,2026-02-06,"2026-01-28","Whole MILK-e",1,8.49
938,2026-02-06,"2026-01-28","Beef - Stew Meat - Pack",1,10.25
938,2026-02-06,"2026-01-28","Eggs - Dozen",1,6.25
938,2026-02-06,"2026-01-28","Frozen Bagel Choice ($11.0) - Bag",1,11
938,2026-02-06,"2026-01-28","Yogurt Choice  - Each",1,6.75
938,2026-02-06,"2026-01-28","UCA/KWA",1,64.37
637,2026-02-06,"2026-01-28","Cheddar - White MJC - Package",1,6.5
637,2026-02-06,"2026-01-28","Mothership Pickup Time (1.0 @3:30-4) - @3:30-4",1,0
637,2026-02-06,"2026-01-28","Eggs - Dozen",1,6.25
637,2026-02-06,"2026-01-28","Multigrain Bread - Frozen - Loaf",1,6.25
637,2026-02-06,"2026-01-28","Pork Loin - boneless/LB - Each",1,20.88
637,2026-02-06,"2026-01-28","Sourdough Bread - Frozen - Lb.",1,6.25
637,2026-02-06,"2026-01-28","Yogurt - Plain - Oz.",1,6.75
637,2026-02-06,"2026-01-28","Extra Credit - Each",11.38,1.06
637,2026-02-06,"2026-01-28","Half",1,68.89
708,2026-02-06,"2026-01-28","UCity Pickup Time (3.0 @5:30-6) - @5:30-6",1,0
708,2026-02-06,"2026-01-28","Bagels - Honey Buckwheat - BU - Bag",1,11
708,2026-02-06,"2026-01-28","Bagels - Poppy Seed - BU - Bag",1,11
708,2026-02-06,"2026-01-28","Pork Italian Bulk - D&M - Lb.",1,8
708,2026-02-06,"2026-01-28","Tortellini - Goat Cheese - Pack",1,9
708,2026-02-06,"2026-01-28","Winter Squash - Butternut (1.0 Medium) - Medium",1,3.5
708,2026-02-06,"2026-01-28","Extra Credit - Each",1,1.06
708,2026-02-06,"2026-01-28","Half",1,68.89
422,2026-02-06,"2026-01-28","Apple Sauce - Organic Qt. - Quart",1,10.5
422,2026-02-06,"2026-01-28","Cheese Choice $6.50 - Each",1,6.5
422,2026-02-06,"2026-01-28","Eggs - Dozen",1,6.25
422,2026-02-06,"2026-01-28","Field to Fire $11.75 Option - Choice",1,11.75
422,2026-02-06,"2026-01-28","Ground Beef - D&M - Lb.",1,10.25
422,2026-02-06,"2026-01-28","FSC",1,64.37
422,2026-02-06,"2026-01-28","Creamline MILK",2,8.49
659,2026-02-06,"2026-01-28","UCity Pickup Time - @4:30-5",1,0
659,2026-02-06,"2026-01-28","Bacon - Each",2,12.75
659,2026-02-06,"2026-01-28","Carrots no tops - Lb.",1,6
659,2026-02-06,"2026-01-28","Eggs - Dozen",2,6.25
659,2026-02-06,"2026-01-28","Extra Credit - Each",2.5,1.06
659,2026-02-06,"2026-01-28","Half",1,68.89
837,2026-02-06,"2026-01-28","Ground Turkey - Pack",1,8.75
837,2026-02-06,"2026-01-28","Mothership Pickup Time (1.0 @3:30-4) - @3:30-4",1,0
837,2026-02-06,"2026-01-28","Chicken - Ground - Lb.",1,8.75
837,2026-02-06,"2026-01-28","Chicken Bones - SM/lb.* - Bag",1,5.65
837,2026-02-06,"2026-01-28","Chicken Breasts /lb. - Pack",1,13.04
837,2026-02-06,"2026-01-28","Mushrooms - Choice",1,8.25
837,2026-02-06,"2026-01-28","Shoots - Broccoli - Bag",1,4.25
837,2026-02-06,"2026-01-28","Spinach - Bag",1,6
837,2026-02-06,"2026-01-28","Winter Squash - Butternut (1.0 Medium) - Medium",1,3.5
837,2026-02-06,"2026-01-28","Extra Credit - Each",14.44,1.06
837,2026-02-06,"2026-01-28","FSA/FSD",1,64.37
1084,2026-02-06,"2026-01-28","Dates - Oz.",1,9.75
1084,2026-02-06,"2026-01-28","Mothership Pickup Time (2.0 @4-4:30) - @4-4:30",1,0
1084,2026-02-06,"2026-01-28","Carrots no tops - Lb.",1,6
1084,2026-02-06,"2026-01-28","Eggs - Dozen",2,6.25
1084,2026-02-06,"2026-01-28","Ghost Pepper Cheddar - Each",1,6.5
1084,2026-02-06,"2026-01-28","Honey - Qt. - Jar",1,20
1084,2026-02-06,"2026-01-28","Lemon Tarragon Vinaigrette - Bottle",1,10.25
1084,2026-02-06,"2026-01-28","Extra Credit - Each",23.5,1.06
1084,2026-02-06,"2026-01-28","Half",1,68.89
34,2026-02-06,"2026-01-28","Mothership Pickup Time (1.0 @3:30-4) - @3:30-4",1,0
34,2026-02-06,"2026-01-28","Black Bean Hummus - Tub",1,6.25
34,2026-02-06,"2026-01-28","Cinnamon Rolls - Pack",1,6.5
34,2026-02-06,"2026-01-28","Mushrooms - Hen of the Woods/Maitake - Bag",1,8.25
34,2026-02-06,"2026-01-28","Ravioli - Butternut Squash  - Lb.",1,9
34,2026-02-06,"2026-01-28","Tastachio - Shelled - Oz.",1,9.25
34,2026-02-06,"2026-01-28","Extra Credit - Each",0.5,1.06
34,2026-02-06,"2026-01-28","FSA/FSD",1,64.37
351,2026-02-06,"2026-01-28","Mothership Pickup Time (1.0 @3:30-4) - @3:30-4",1,0
351,2026-02-06,"2026-01-28","Crunchy Peanut Butter - Jar",1,7.75
351,2026-02-06,"2026-01-28","Manicotti - Spinach - Package",1,9.8
351,2026-02-06,"2026-01-28","Mushrooms (1.0 Oyster) - Oyster",1,8.25
351,2026-02-06,"2026-01-28","Potatoes - Regular - lbs",1,6
351,2026-02-06,"2026-01-28","Potatoes - Sweet - lbs",1,6
351,2026-02-06,"2026-01-28","Spinach - Bag",1,6
351,2026-02-06,"2026-01-28","Extra Credit - Each",2.3,1.06
351,2026-02-06,"2026-01-28","Half",1,68.89
401,2026-02-06,"2026-01-28","Chicken - Links ($10) - Each",1,10
401,2026-02-06,"2026-01-28","Eggs - Dozen",1,6.25
401,2026-02-06,"2026-01-28","Hummus Choice ($6.75) - Tub",1,6.75
401,2026-02-06,"2026-01-28","Missouri Pecans (1.0 Halves) - Halves",1,6.5
401,2026-02-06,"2026-01-28","Mini",1,46.28
1818,2026-02-06,"2026-01-28","UCity Pickup Time - @4:30-5",1,0
1818,2026-02-06,"2026-01-28","Black Pepper Cheddar - Each",1,6.5
1818,2026-02-06,"2026-01-28","Eggs - Dozen",1,6.25
1818,2026-02-06,"2026-01-28","Honey - Qt. - Jar",1,20
1818,2026-02-06,"2026-01-28","Missouri Pecans (1.0 Halves) - Halves",1,6.5
1818,2026-02-06,"2026-01-28","Pork - Kielbasa - Pack",1,14.65
1818,2026-02-06,"2026-01-28","Spinach - Bag",1,6
1818,2026-02-06,"2026-01-28","Extra Credit - Each",30.4,1.06
1818,2026-02-06,"2026-01-28","Mini",1,38.3
1155,2026-02-06,"2026-01-28","Eggs - BW - Dozen",2,6.25
1155,2026-02-06,"2026-01-28","Mothership Pickup Time (5.0 @5:30-6) - @5:30-6",1,0
1155,2026-02-06,"2026-01-28","Beets - No Tops - Lb.",1,6.5
1155,2026-02-06,"2026-01-28","Bison - Ground - Lb.",1,21
1155,2026-02-06,"2026-01-28","Mushrooms - Chestnut - Bag",1,8.25
1155,2026-02-06,"2026-01-28","Potatoes - Sweet - lbs",1,6
1155,2026-02-06,"2026-01-28","Shoots - Specialty Mix - Bag",1,4.25
1155,2026-02-06,"2026-01-28","Extra Credit - Each",17,1.06
1155,2026-02-06,"2026-01-28","Half",1,68.89
1923,2026-02-06,"2026-01-28","Beef - Stew Meat - Pack",1,10.25
1923,2026-02-06,"2026-01-28","Eggs - Dozen",1,6.25
1923,2026-02-06,"2026-01-28","Frozen Bagel Choice ($11.0) - Bag",1,11
1923,2026-02-06,"2026-01-28","Yogurt Choice  - Each",1,6.75
1923,2026-02-06,"2026-01-28","UCA/KWA",1,64.37
373,2026-02-06,"2026-01-28","UCity Pickup Time (2.0 @5-5:30) - @5-5:30",1,0
373,2026-02-06,"2026-01-28","Potatoes - Regular - lbs",1,6
373,2026-02-06,"2026-01-28","Salmon - Fillet Whole/LB - Each",1,28.77
373,2026-02-06,"2026-01-28","Spinach - Bag",1,6
373,2026-02-06,"2026-01-28","Extra Credit - Each",6.52,1.06
373,2026-02-06,"2026-01-28","UCA/KWA",1,64.37
1498,2026-02-06,"2026-01-28","Chicken - Links ($10) - Each",1,10
1498,2026-02-06,"2026-01-28","Eggs - Dozen",1,6.25
1498,2026-02-06,"2026-01-28","Hummus Choice ($6.75) - Tub",1,6.75
1498,2026-02-06,"2026-01-28","Missouri Pecans (1.0 Halves) - Halves",1,6.5
1498,2026-02-06,"2026-01-28","Pork Snack Sticks - 5 pk - Plain",1,8.25
1498,2026-02-06,"2026-01-28","Extra Credit - Each",8.25,1.06
1498,2026-02-06,"2026-01-28","Mini",1,46.28
526,2026-02-06,"2026-01-28","Ground Turkey - Pack",1,8.75
526,2026-02-06,"2026-01-28","UCity Pickup Time - @4:30-5",1,0
526,2026-02-06,"2026-01-28","Missouri Pecans (1.0 Halves) - Halves",1,6.5
526,2026-02-06,"2026-01-28","RL Chocolate Milk - Bottle",2,2.75
526,2026-02-06,"2026-01-28","Skirt Steak/lbs. - Each",1,31.32
526,2026-02-06,"2026-01-28","Extra Credit - Each",22.57,1.06
526,2026-02-06,"2026-01-28","Mini",1,46.28
42,2026-02-06,"2026-01-28","Salsa - Black Bean & Corn - Pint",1,5
42,2026-02-06,"2026-01-28","UCity Pickup Time - @4:30-5",1,0
42,2026-02-06,"2026-01-28","Bagels - Everything - Bag",1,6.75
42,2026-02-06,"2026-01-28","Chicken Breasts /lb. - Pack",1,10.89
42,2026-02-06,"2026-01-28","Chicken Thighs - Boneless/lb. - lbs",1,9.35
42,2026-02-06,"2026-01-28","Dark Chocolate Almond Bar - Pack",1,4.8
42,2026-02-06,"2026-01-28","Dark Chocolate Salted Bark - Pack",1,6.45
42,2026-02-06,"2026-01-28","Eggs - Dozen",2,6.25
42,2026-02-06,"2026-01-28","Milk Choc. Peanut Butter Bark - Pack",1,6.45
42,2026-02-06,"2026-01-28","Potatoes - Sweet - lbs",1,6
42,2026-02-06,"2026-01-28","Extra Credit - Each",33.94,1.06
42,2026-02-06,"2026-01-28","UCA/KWA",1,64.37
544,2026-02-06,"2026-01-28","Bison - Ground - Lb.",1,21
544,2026-02-06,"2026-01-28","Eggs - Dozen",1,6.25
544,2026-02-06,"2026-01-28","Mushrooms - Choice",1,8.25
544,2026-02-06,"2026-01-28","Mustard - Choice",1,6
544,2026-02-06,"2026-01-28","Half",1,68.89
1030,2026-02-06,"2026-01-28","Stringbean Peru - Oz.",1,15.45
1030,2026-02-06,"2026-01-28","UCity Pickup Time (2.0 @5-5:30) - @5-5:30",1,0
1030,2026-02-06,"2026-01-28","Bagels - Blueberry - BU - Bag",1,11
1030,2026-02-06,"2026-01-28","Bagels - Poppy Seed - BU - Bag",1,11
1030,2026-02-06,"2026-01-28","Eggs - Dozen",1,6.25
1030,2026-02-06,"2026-01-28","Granola Bar - Each",1,3.75
1030,2026-02-06,"2026-01-28","Hot Sauce - Green - Oz.",1,7.25
1030,2026-02-06,"2026-01-28","Yogurt - Plain - Oz.",1,6.75
1030,2026-02-06,"2026-01-28","Extra Credit - Each",27.2,1.06
1030,2026-02-06,"2026-01-28","UCA/KWA",1,64.37
1448,2026-02-06,"2026-01-28","Ground Turkey - Pack",1,8.75
1448,2026-02-06,"2026-01-28","Bacon - Each",1,12.75
1448,2026-02-06,"2026-01-28","Eggs - Dozen",1,6.25
1448,2026-02-06,"2026-01-28","Hummus - Garlic - Tub",1,6.75
1448,2026-02-06,"2026-01-28","Extra Credit - Each",5,1.06
1448,2026-02-06,"2026-01-28","Mini",1,38.3
145,2026-02-06,"2026-01-28","Cashew Butter - Raw - Pint",1,11.75
145,2026-02-06,"2026-01-28","Eggs - BW - Dozen",1,6.25
145,2026-02-06,"2026-01-28","Mothership Pickup Time (1.0 @3:30-4) - @3:30-4",1,0
145,2026-02-06,"2026-01-28","Potatoes - Sweet - lbs",1,6
145,2026-02-06,"2026-01-28","Spinach - Bag",1,6
145,2026-02-06,"2026-01-28","Extra Credit - Each",0.5,1.06
145,2026-02-06,"2026-01-28","Mini",1,46.28
1614,2026-02-06,"2026-01-28","Eggs - Dozen",1,6.25
1614,2026-02-06,"2026-01-28","Hummus - Beet & Pepita - Tub",1,6.75
1614,2026-02-06,"2026-01-28","Hummus - Carrot & Ginger - Tub",1,6.75
1614,2026-02-06,"2026-01-28","Hummus - Garlic - Tub",1,6.75
1614,2026-02-06,"2026-01-28","Missouri Pecans (1.0 Halves) - Halves",1,6.5
1614,2026-02-06,"2026-01-28","Extra Credit - Each",3.5,1.06
1614,2026-02-06,"2026-01-28","Mini",1,46.28
1380,2026-02-06,"2026-01-28","Eggs - BW - Dozen",2,6.25
1380,2026-02-06,"2026-01-28","Mothership Pickup Time (1.0 @3:30-4) - @3:30-4",1,0
1380,2026-02-06,"2026-01-28","Bagels - Everything - BU - Bag",1,11
1380,2026-02-06,"2026-01-28","Buttermilk Waffles Sourdough - Frozen - Pack",1,5
1380,2026-02-06,"2026-01-28","Eggs - Dozen",1,6.25
1380,2026-02-06,"2026-01-28","Pork Breakfast Link D&M - Pack",2,8
1380,2026-02-06,"2026-01-28","Seedy Wheaty Bread - Loaf",1,3.5
1380,2026-02-06,"2026-01-28","Extra Credit - Each",12.75,1.06
1380,2026-02-06,"2026-01-28","Half",1,68.89
1304,2026-02-06,"2026-01-28","Bison - Ground - Lb.",1,21
1304,2026-02-06,"2026-01-28","Eggs - Dozen",1,6.25
1304,2026-02-06,"2026-01-28","Mushrooms - Choice",1,8.25
1304,2026-02-06,"2026-01-28","Mustard - Choice",1,6
1304,2026-02-06,"2026-01-28","Half",1,68.89
1572,2026-02-06,"2026-01-28","Stringbean Brazilian - Oz.",1,15.45
1572,2026-02-06,"2026-01-28","UCity Pickup Time - @4:30-5",1,0
1572,2026-02-06,"2026-01-28","Seedy Wheaty Bread - Loaf",1,3.5
1572,2026-02-06,"2026-01-28","Tortellini - Cheese - Lb.",1,9
1572,2026-02-06,"2026-01-28","Yogurt - Vanilla - Oz.",1,6.75
1572,2026-02-06,"2026-01-28","Extra Credit - Each",0.45,1.06
1572,2026-02-06,"2026-01-28","UCA/KWA",1,64.37
863,2026-02-06,"2026-01-28","Peanut Butter MC - Tub",1,7.75
863,2026-02-06,"2026-01-28","Mothership Pickup Time - @6:30-7",1,0
863,2026-02-06,"2026-01-28","Black Beans - Dry - Lb.",1,3
863,2026-02-06,"2026-01-28","Chicken Links - Andouille  - Lb.",1,10
863,2026-02-06,"2026-01-28","Chicken Wings/lb. - lbs",1,14.81
863,2026-02-06,"2026-01-28","Mushrooms (1.0 Shiitake) - Shiitake",1,8.25
863,2026-02-06,"2026-01-28","Oat Groats Organic - Bag",1,3.75
863,2026-02-06,"2026-01-28","Scary Squash - Acorn - Each",1,1
863,2026-02-06,"2026-01-28","Extra Credit - Each",9.81,1.06
863,2026-02-06,"2026-01-28","FSA/FSD",1,64.37
962,2026-02-06,"2026-01-28","Jam - Strawberry HBY - Pint",1,7
962,2026-02-06,"2026-01-28","Mothership Pickup Time (6.0 @6-6:30) - @6-6:30",1,0
962,2026-02-06,"2026-01-28","Black Beans - Dry - Lb.",1,3
962,2026-02-06,"2026-01-28","Buttermilk Waffles Sourdough - Frozen - Pack",1,5
962,2026-02-06,"2026-01-28","FF Sauce - Thai Peanut - Half Pint",1,7.25
962,2026-02-06,"2026-01-28","Mushrooms (1.0 Shiitake) - Shiitake",1,8.25
962,2026-02-06,"2026-01-28","Mustard (1.0 Honey) - Honey",1,6
962,2026-02-06,"2026-01-28","Winter Squash - Butternut (1.0 Small) - Small",1,2
962,2026-02-06,"2026-01-28","FSA/FSD",1,64.37
125,2026-02-06,"2026-01-28","Blackberries - Frozen (1.0 Large) - Large",1,10.5
125,2026-02-06,"2026-01-28","Potatoes - Sweet - lbs",2,6
125,2026-02-06,"2026-01-28","Shoots - Fennel - Bag",1,4.25
125,2026-02-06,"2026-01-28","Spinach - Bag",1,6
125,2026-02-06,"2026-01-28","Winter Squash - Butternut (1.0 Medium) - Medium",1,3.5
125,2026-02-06,"2026-01-28","Extra Credit - Each",2,1.06
125,2026-02-06,"2026-01-28","UCA/KWA",1,64.37
605,2026-02-06,"2026-01-28","Mothership Pickup Time (4.0 @5-5:30) - @5-5:30",1,0
605,2026-02-06,"2026-01-28","$ for green bags donation - $",2,1
605,2026-02-06,"2026-01-28","Buttermilk Waffles Sourdough - Frozen - Pack",1,5
605,2026-02-06,"2026-01-28","Dark Chocolate Salted Bark - Pack",1,6.45
605,2026-02-06,"2026-01-28","Eggs - Dozen",1,6.25
605,2026-02-06,"2026-01-28","Mexican Dark Bark - Package",1,6.45
605,2026-02-06,"2026-01-28","Shoots - Fennel - Bag",1,4.25
605,2026-02-06,"2026-01-28","Extra Credit - Each",0.9,1.06
605,2026-02-06,"2026-01-28","Mini",1,46.28
356,2026-02-06,"2026-01-28","UCity Pickup Time - @4:30-5",1,0
356,2026-02-06,"2026-01-28","Chicken Breasts /lb. - Pack",1,12.21
356,2026-02-06,"2026-01-28","Eggs - Dozen",1,6.25
356,2026-02-06,"2026-01-28","Flank Steak/lbs. - lbs",1,35.5
356,2026-02-06,"2026-01-28","Hummus - Beet & Pepita - Tub",1,6.75
356,2026-02-06,"2026-01-28","Extra Credit - Each",31.21,1.06
356,2026-02-06,"2026-01-28","Mini",1,46.28
1908,2026-02-06,"2026-01-28","UCity Pickup Time - @4:30-5",1,0
1908,2026-02-06,"2026-01-28","Eggs - Dozen",1,6.25
1908,2026-02-06,"2026-01-28","Ground Beef - D&M - Lb.",1,10.25
1908,2026-02-06,"2026-01-28","Honey - med. 12 oz. mbb  - Each",1,12.5
1908,2026-02-06,"2026-01-28","Mini",1,46.28
1107,2026-02-06,"2026-01-28","UCity Pickup Time (2.0 @5-5:30) - @5-5:30",1,0
1107,2026-02-06,"2026-01-28","RL Heavy Cream  - Pint",1,7.5
1107,2026-02-06,"2026-01-28","Beets - No Tops - Lb.",1,6.5
1107,2026-02-06,"2026-01-28","Eggs - Dozen",1,6.25
1107,2026-02-06,"2026-01-28","Granola Bar - Each",1,3.75
1107,2026-02-06,"2026-01-28","Kohlrabi  - Head",1,1.5
1107,2026-02-06,"2026-01-28","Salame - Veneto - Pack",1,12.35
1107,2026-02-06,"2026-01-28","Turnips - Japanese/White - Lb.",1,4.25
1107,2026-02-06,"2026-01-28","Extra Credit - Each",0.6,1.06
1107,2026-02-06,"2026-01-28","Half",1,68.89
1387,2026-02-06,"2026-01-28","Cheddar - Tipsy - Package",1,6.5
1387,2026-02-06,"2026-01-28","Kuva Sumatra - Oz.",1,15.45
1387,2026-02-06,"2026-01-28","Mothership Pickup Time (1.0 @3:30-4) - @3:30-4",1,0
1387,2026-02-06,"2026-01-28","Bagels - Plain - BU - Bag",1,11
1387,2026-02-06,"2026-01-28","Dark Bar 61% - Package",1,2.75
1387,2026-02-06,"2026-01-28","Radishes - Spanish Black - Lb.",1,4.75
1387,2026-02-06,"2026-01-28","Rice - White - Lb.",1,6.5
1387,2026-02-06,"2026-01-28","Extra Credit - Each",1.7,1.06
1387,2026-02-06,"2026-01-28","FSC",1,64.37
598,2026-02-06,"2026-01-28","Chicken - Links ($10) - Each",1,10
598,2026-02-06,"2026-01-28","Eggs - Dozen",1,6.25
598,2026-02-06,"2026-01-28","FF Soup - Tom Kha - Pint",1,11.75
598,2026-02-06,"2026-01-28","Sourdough Bread - Lb.",1,6.25
598,2026-02-06,"2026-01-28","Extra Credit - Each",4.75,1.06
598,2026-02-06,"2026-01-28","Mini",1,46.28
1364,2026-02-06,"2026-01-28","Mothership Pickup Time (4.0 @5-5:30) - @5-5:30",1,0
1364,2026-02-06,"2026-01-28","Beef - Stew Meat - Pack",1,10.25
1364,2026-02-06,"2026-01-28","Chicken Bones - SM/lb.* - Bag",1,8.23
1364,2026-02-06,"2026-01-28","Eggs - Dozen",1,6.25
1364,2026-02-06,"2026-01-28","English Muffin Sourdough - Frozen - Pack",1,5
1364,2026-02-06,"2026-01-28","Gnocchi - Garlic Chive  - Lb.",1,6.5
1364,2026-02-06,"2026-01-28","Potatoes - Sweet - lbs",1,6
1364,2026-02-06,"2026-01-28","Winter Squash - Mashed Potato - Each",2,2.5
1364,2026-02-06,"2026-01-28","Extra Credit - Each",5.73,1.06
1364,2026-02-06,"2026-01-28","Half",1,68.89
423,2026-02-06,"2026-01-28","Mothership Pickup Time (6.0 @6-6:30) - @6-6:30",1,0
423,2026-02-06,"2026-01-28","Cinnamon Rolls - Pack",1,6.5
423,2026-02-06,"2026-01-28","Jar Tomatoes - Quart",2,7.5
423,2026-02-06,"2026-01-28","Mushrooms (1.0 Shiitake) - Shiitake",1,8.25
423,2026-02-06,"2026-01-28","Pork - Tenderloin/lb - Wee - Lb.",1,11.27
423,2026-02-06,"2026-01-28","Potatoes - Sweet - lbs",1,6
423,2026-02-06,"2026-01-28","Extra Credit - Each",8.27,1.06
423,2026-02-06,"2026-01-28","FSA/FSD",1,64.37
1602,2026-02-06,"2026-01-28","Mothership Pickup Time (1.0 @3:30-4) - @3:30-4",1,0
1602,2026-02-06,"2026-01-28","RL Heavy Cream  - Pint",1,7.5
1602,2026-02-06,"2026-01-28","Bacon - Each",1,12.75
1602,2026-02-06,"2026-01-28","Crunchy Peanut Butter - Jar",1,7.75
1602,2026-02-06,"2026-01-28","Eggs - Dozen",1,6.25
1602,2026-02-06,"2026-01-28","Mushrooms - Choice",1,8.25
1602,2026-02-06,"2026-01-28","Popcorn - McKaskle - Lb.",1,5.75
1602,2026-02-06,"2026-01-28","Extra Credit - Each",6.75,1.06
1602,2026-02-06,"2026-01-28","Half",1,68.89
224,2026-02-06,"2026-01-28","Cheddar - White MJC - Package",1,6.5
224,2026-02-06,"2026-01-28","Pizza - Pepperoni  - Each",1,8
224,2026-02-06,"2026-01-28","Mothership Pickup Time (2.0 @4-4:30) - @4-4:30",1,0
224,2026-02-06,"2026-01-28","Apple Sauce - w/sugar - qt. - Jar",1,7.5
224,2026-02-06,"2026-01-28","Beets - Pickled - Quart",1,8.25
224,2026-02-06,"2026-01-28","Chicken - Whole $4.75/lb. - Each",1,20.71
224,2026-02-06,"2026-01-28","Eggs - Dozen",2,6.25
224,2026-02-06,"2026-01-28","Mushrooms - Choice",1,8.25
224,2026-02-06,"2026-01-28","Umami Heat - Japanese - Bag",1,9.5
224,2026-02-06,"2026-01-28","Extra Credit - Each",39.71,1.06
224,2026-02-06,"2026-01-28","Half",1,68.89
809,2026-02-06,"2026-01-28","Half & Half - Pint",1,4.75
809,2026-02-06,"2026-01-28","UCity Pickup Time (2.0 @5-5:30) - @5-5:30",1,0
809,2026-02-06,"2026-01-28","Bagels - Raisin - Frozen - Bag",1,6.75
809,2026-02-06,"2026-01-28","Chicken Breasts /lb. - Pack",1,10.73
809,2026-02-06,"2026-01-28","Chips - Tortilla - Bag",1,4.25
809,2026-02-06,"2026-01-28","Eggs - Dozen",1,6.25
809,2026-02-06,"2026-01-28","Hummus - Garlic - Tub",1,6.75
809,2026-02-06,"2026-01-28","Seedy Wheaty Bread - Loaf",1,3.5
809,2026-02-06,"2026-01-28","Extra Credit - Each",13.48,1.06
809,2026-02-06,"2026-01-28","Mini",1,46.28
547,2026-02-06,"2026-01-28","Buttermilk - Qt.  - Quart",1,6.5
547,2026-02-06,"2026-01-28","Donation to Food Pantry - Each",2,1
547,2026-02-06,"2026-01-28","Food for Ferals Donation - $",1,1
547,2026-02-06,"2026-01-28","Paper for Paper - Donation - $",1,1
547,2026-02-06,"2026-01-28","Eggs - Dozen",1,6.25
547,2026-02-06,"2026-01-28","Maple Syrup 12 oz. - Jar",1,12.5
547,2026-02-06,"2026-01-28","Milk Chocolate Lolli - Each",1,1.75
547,2026-02-06,"2026-01-28","Extra Credit - Each",1.5,1.06
547,2026-02-06,"2026-01-28","Mini",1,46.28
1577,2026-02-06,"2026-01-28","Eggs - Dozen",1,6.25
1577,2026-02-06,"2026-01-28","Flour - HRS Sifted Bread  - Bag",1,11.25
1577,2026-02-06,"2026-01-28","Missouri Pecans (1.0 Halves) - Halves",1,6.5
1577,2026-02-06,"2026-01-28","Pork Italian Links - D&M - Each",1,8
1577,2026-02-06,"2026-01-28","Pretzel Slider Buns - Frozen - Bag",1,6.25
1577,2026-02-06,"2026-01-28","Spinach - Bag",1,6
1577,2026-02-06,"2026-01-28","Extra Credit - Each",12.25,1.06
1577,2026-02-06,"2026-01-28","Mini",1,46.28
1577,2026-02-06,"2026-01-28","Whole MILK",1,8.49
814,2026-02-06,"2026-01-28","Milk - Creamline - Oz.",1,7.98
814,2026-02-06,"2026-01-28","Milk - Whole - Oz.",1,7.98
814,2026-02-06,"2026-01-28","UCity Pickup Time - @4:30-5",1,0
814,2026-02-06,"2026-01-28","Auction Donation - $",1,1
814,2026-02-06,"2026-01-28","Bison - Ground - Lb.",1,21
814,2026-02-06,"2026-01-28","Eggnog - half gallon - Oz.",1,10.5
814,2026-02-06,"2026-01-28","Eggs - Dozen",1,6.25
814,2026-02-06,"2026-01-28","Mushrooms - Choice",1,8.25
814,2026-02-06,"2026-01-28","Extra Credit - Each",18.96,1.06
814,2026-02-06,"2026-01-28","Half",1,68.89
1627,2026-02-06,"2026-01-28","Chicken - Big Bag Deboned Thighs/lb. - Bag",1,39.04
1627,2026-02-06,"2026-01-28","Mothership Pickup Time (2.0 @4-4:30) - @4-4:30",1,0
1627,2026-02-06,"2026-01-28","Bread Pudding - Muffin - Froz. - Each",2,4
1627,2026-02-06,"2026-01-28","Eggs - Dozen",1,6.25
1627,2026-02-06,"2026-01-28","Mushrooms - Choice",1,8.25
1627,2026-02-06,"2026-01-28","Oats - 1lb. - Choice",1,3.75
1627,2026-02-06,"2026-01-28","Winter Squash - Pie Pumpkin - Each",1,3.75
1627,2026-02-06,"2026-01-28","Extra Credit - Each",30.29,1.06
1627,2026-02-06,"2026-01-28","FSA/FSD",1,64.37
1537,2026-02-06,"2026-01-28","Ground Turkey - Pack",3,8.75
1537,2026-02-06,"2026-01-28","Milk - Whole - Oz.",1,7.98
1537,2026-02-06,"2026-01-28","Mothership Pickup Time (1.0 @3:30-4) - @3:30-4",1,0
1537,2026-02-06,"2026-01-28","Buttermilk Waffles Sourdough - Frozen - Pack",2,5
1537,2026-02-06,"2026-01-28","Chicken - Ground - Lb.",3,8.75
1537,2026-02-06,"2026-01-28","Mushrooms (1.0 Lion's Mane) - Lion's Mane",1,8.25
1537,2026-02-06,"2026-01-28","Mushrooms (1.0 Shiitake) - Shiitake",1,8.25
1537,2026-02-06,"2026-01-28","Popped Corn - Organic - Bag",2,3
1537,2026-02-06,"2026-01-28","Extra Credit - Each",92.98,1.06
322,2026-02-06,"2026-01-28","Beef - Stew Meat - Pack",1,10.25
322,2026-02-06,"2026-01-28","Eggs - Dozen",1,6.25
322,2026-02-06,"2026-01-28","Frozen Bagel Choice ($11.0) - Bag",1,11
322,2026-02-06,"2026-01-28","Yogurt Choice  - Each",1,6.75
322,2026-02-06,"2026-01-28","UCA/KWA",1,64.37
322,2026-02-06,"2026-01-28","2% MILK-e",1,8.49
132,2026-02-06,"2026-01-28","Pizza - Deluxe - Each",1,8
132,2026-02-06,"2026-01-28","Mothership Pickup Time (4.0 @5-5:30) - @5-5:30",1,0
132,2026-02-06,"2026-01-28","Cooler Donation - $",1,1
132,2026-02-06,"2026-01-28","Eggs - Dozen",1,6.25
132,2026-02-06,"2026-01-28","Mushrooms (1.0 Shiitake) - Shiitake",1,8.25
132,2026-02-06,"2026-01-28","Mustard (1.0 Onion) - Onion",1,6
132,2026-02-06,"2026-01-28","Olive Oil Medium - Bottle",1,15
132,2026-02-06,"2026-01-28","Extra Credit - Each",3,1.06
132,2026-02-06,"2026-01-28","Half",1,68.89
681,2026-02-06,"2026-01-28","Chicken - BULK Breasts /lb. - Pack",1,38.13
681,2026-02-06,"2026-01-28","Chicken - Ground - Lb.",1,8.75
681,2026-02-06,"2026-01-28","Eggs - Dozen",1,6.25
681,2026-02-06,"2026-01-28","Kohlrabi  - Head",1,1.5
681,2026-02-06,"2026-01-28","Seedy Wheaty Bread - Loaf",1,3.5
681,2026-02-06,"2026-01-28","Yogurt - Blueberry - Oz.",1,6.75
681,2026-02-06,"2026-01-28","Extra Credit - Each",30.63,1.06
681,2026-02-06,"2026-01-28","UCA/KWA",1,64.37
135,2026-02-06,"2026-01-28","UCity Pickup Time (2.0 @5-5:30) - @5-5:30",1,0
135,2026-02-06,"2026-01-28","Eggs - Dozen",2,6.25
135,2026-02-06,"2026-01-28","Kohlrabi  - Head",1,1.5
135,2026-02-06,"2026-01-28","Missouri Pecans (1.0 Halves) - Halves",1,6.5
135,2026-02-06,"2026-01-28","Popcorn - McKaskle - Lb.",1,5.75
135,2026-02-06,"2026-01-28","Spinach - Bag",1,6
135,2026-02-06,"2026-01-28","Mini",1,46.28
135,2026-02-06,"2026-01-28","Whole MILK",1,8.49
960,2026-02-06,"2026-01-28","Bison - Ground - Lb.",1,21
960,2026-02-06,"2026-01-28","Dark Chocolate Lolli - Each",1,1.75
960,2026-02-06,"2026-01-28","Eggs - Dozen",1,6.25
960,2026-02-06,"2026-01-28","Milk Chocolate Lolli - Each",1,1.75
960,2026-02-06,"2026-01-28","Mushrooms - Choice",1,8.25
960,2026-02-06,"2026-01-28","Mustard - Choice",1,6
960,2026-02-06,"2026-01-28","Extra Credit - Each",3.5,1.06
960,2026-02-06,"2026-01-28","Half",1,68.89
430,2026-02-06,"2026-01-28","Mothership Pickup Time (3.0 @4:30-5) - @4:30-5",1,0
430,2026-02-06,"2026-01-28","Bagels - Plain - Bag",1,6.75
430,2026-02-06,"2026-01-28","Chevre PF (1.0 Plain) - Plain",1,8.5
430,2026-02-06,"2026-01-28","Chips - Tortilla - Bag",1,4.25
430,2026-02-06,"2026-01-28","Curry Sauce (1.0 Mango) - Mango",1,11.5
430,2026-02-06,"2026-01-28","Dark Bar 61% - Package",1,2.75
430,2026-02-06,"2026-01-28","Ground Beef - Wagyu MJC - Lb.",1,10.25
430,2026-02-06,"2026-01-28","Multigrain Bread  - Each",1,6.25
430,2026-02-06,"2026-01-28","Pasta Bi-color Short - Lb.",1,6.5
430,2026-02-06,"2026-01-28","Wheat Berries - Bag",1,3.75
430,2026-02-06,"2026-01-28","Extra Credit - Each",21.75,1.06
430,2026-02-06,"2026-01-28","FSA/FSD",1,64.37
406,2026-02-06,"2026-01-28","Mothership Pickup Time (1.0 @3:30-4) - @3:30-4",1,0
406,2026-02-06,"2026-01-28","Bagels - Everything - Bag",1,6.75
406,2026-02-06,"2026-01-28","Black Beans DC - Tub",2,6.25
406,2026-02-06,"2026-01-28","Eggs - Dozen",1,6.25
406,2026-02-06,"2026-01-28","Granola Bar - Each",1,3.75
406,2026-02-06,"2026-01-28","Ground Beef - D&M - Lb.",1,10.25
406,2026-02-06,"2026-01-28","Kohlrabi  - Head",1,1.5
406,2026-02-06,"2026-01-28","Milk Chocolate Lolli - Each",1,1.75
406,2026-02-06,"2026-01-28","Shoots - Fennel - Bag",1,4.25
406,2026-02-06,"2026-01-28","Extra Credit - Each",1.75,1.06
406,2026-02-06,"2026-01-28","FSC",1,64.37
1052,2026-02-06,"2026-01-28","Chicken - Links ($10) - Each",1,10
1052,2026-02-06,"2026-01-28","Eggs - Dozen",1,6.25
1052,2026-02-06,"2026-01-28","Hummus Choice ($6.75) - Tub",1,6.75
1052,2026-02-06,"2026-01-28","Missouri Pecans (1.0 Halves) - Halves",1,6.5
1052,2026-02-06,"2026-01-28","Staff - include last wk's share - Bag",1,2
1052,2026-02-06,"2026-01-28","Extra Credit - Each",2,1.06
1052,2026-02-06,"2026-01-28","Mini",1,46.28
1474,2026-02-06,"2026-01-28","Pizza - Sausage Pepperoni - Each",1,8
1474,2026-02-06,"2026-01-28","Auction Donation - $",1,1
1474,2026-02-06,"2026-01-28","Hummus - Beet & Pepita - Tub",1,6.75
1474,2026-02-06,"2026-01-28","Marinara Sauce - Jar",1,8.75
1474,2026-02-06,"2026-01-28","Pizza Sourdough - Frozen - Pack",1,5
1474,2026-02-06,"2026-01-28","Mini",1,46.28
1048,2026-02-06,"2026-01-28","UCity Pickup Time (3.0 @5:30-6) - @5:30-6",1,0
1048,2026-02-06,"2026-01-28","Ghost Pepper Cheddar - Each",1,6.5
1048,2026-02-06,"2026-01-28","Pork - Ground  - Lb.",2,7.25
1048,2026-02-06,"2026-01-28","Pork Andouille Links - D&M - Each",1,8
1048,2026-02-06,"2026-01-28","Spinach - Bag",1,6
1048,2026-02-06,"2026-01-28","Extra Credit - Each",0.75,1.06
1048,2026-02-06,"2026-01-28","UCA/KWA",1,64.37
620,2026-02-06,"2026-01-28","Eggs - Dozen",1,6.25
620,2026-02-06,"2026-01-28","Honey - Qt. - Jar",1,20
620,2026-02-06,"2026-01-28","Pork - Tenderloin/lb - Lb.",1,12.5
620,2026-02-06,"2026-01-28","Potatoes - Sweet - lbs",1,6
620,2026-02-06,"2026-01-28","Winter Squash - Butternut (1.0 Small) - Small",1,2
620,2026-02-06,"2026-01-28","Extra Credit - Each",5.25,1.06
620,2026-02-06,"2026-01-28","Half",1,68.89
1162,2026-02-06,"2026-01-28","Mothership Pickup Time (1.0 @3:30-4) - @3:30-4",1,0
1162,2026-02-06,"2026-01-28","Eggs - Dozen",1,6.25
1162,2026-02-06,"2026-01-28","Gnocchi - Sweet Potato  - Lb.",1,6.5
1162,2026-02-06,"2026-01-28","Hummus - Garlic - Tub",1,6.75
1162,2026-02-06,"2026-01-28","Potatoes - Sweet - lbs",1,6
1162,2026-02-06,"2026-01-28","Yogurt - Strawberry - Oz.",1,6.75
1162,2026-02-06,"2026-01-28","Extra Credit - Each",2.75,1.06
1162,2026-02-06,"2026-01-28","Mini",1,46.28
1735,2026-02-06,"2026-01-28","UCity Pickup Time - @4:30-5",1,0
1735,2026-02-06,"2026-01-28","Applewood Smoked Cheddar - Each",1,6.5
1735,2026-02-06,"2026-01-28","Bagels - Plain - BU - Bag",1,11
1735,2026-02-06,"2026-01-28","Ground Beef - Wagyu MJC - Lb.",1,10.25
1735,2026-02-06,"2026-01-28","Pork - Ground  - Lb.",1,7.25
1735,2026-02-06,"2026-01-28","Pork Steaks/lb. - Pack",1,13.36
1735,2026-02-06,"2026-01-28","Extra Credit - Each",14.11,1.06
1735,2026-02-06,"2026-01-28","UCA/KWA",1,64.37
1932,2026-02-06,"2026-01-28","Stringbean Red Eye  - Oz.",1,15.45
1932,2026-02-06,"2026-01-28","Chicken - Thighs /lbs  - lbs",2,7.53
1932,2026-02-06,"2026-01-28","Grits - Oz.",1,4.75
1932,2026-02-06,"2026-01-28","Kohlrabi  - Head",1,1.5
1932,2026-02-06,"2026-01-28","Potatoes - Sweet - lbs",1,6
1932,2026-02-06,"2026-01-28","Extra Credit - Each",4.01,1.06
1932,2026-02-06,"2026-01-28","FSA/FSD",1,64.37
627,2026-02-06,"2026-01-28","Chicken - Links ($10) - Each",1,10
627,2026-02-06,"2026-01-28","Eggs - Dozen",1,6.25
627,2026-02-06,"2026-01-28","Hummus - Garlic - Tub",1,6.75
627,2026-02-06,"2026-01-28","Missouri Pecans (1.0 Halves) - Halves",1,6.5
627,2026-02-06,"2026-01-28","Staff - include last wk's share - Bag",1,0
627,2026-02-06,"2026-01-28","Mini",1,46.28
1427,2026-02-06,"2026-01-28","Mothership Pickup Time (1.0 @3:30-4) - @3:30-4",1,0
1427,2026-02-06,"2026-01-28","Chicken - Ground - Lb.",1,8.75
1427,2026-02-06,"2026-01-28","Missouri Pecans (1.0 Halves) - Halves",1,6.5
1427,2026-02-06,"2026-01-28","Pork - Tenderloin/lb - Lb.",1,11.52
1427,2026-02-06,"2026-01-28","Pork Italian Bulk - D&M - Lb.",1,8
1427,2026-02-06,"2026-01-28","Extra Credit - Each",5.27,1.06
225,2026-02-06,"2026-01-28","UCity Pickup Time - @4:30-5",1,0
225,2026-02-06,"2026-01-28","Bagels - Honey Buckwheat - BU - Bag",1,11
225,2026-02-06,"2026-01-28","Eggs - Dozen",1,6.25
225,2026-02-06,"2026-01-28","Hummus - Carrot & Ginger - Tub",1,6.75
225,2026-02-06,"2026-01-28","Lettuce - Bibb - Head",1,3
225,2026-02-06,"2026-01-28","Mini",1,37.24
225,2026-02-06,"2026-01-28","Cream pint",1,5.32
225,2026-02-06,"2026-01-28","Whole MILK",1,8.49
1789,2026-02-06,"2026-01-28","Mothership Pickup Time (1.0 @3:30-4) - @3:30-4",1,0
1789,2026-02-06,"2026-01-28","Black Pepper Cheddar - Each",1,6.5
1789,2026-02-06,"2026-01-28","Chicken - Ground - Lb.",1,8.75
1789,2026-02-06,"2026-01-28","English Muffin Sourdough - Frozen - Pack",2,5
1789,2026-02-06,"2026-01-28","Pasta Long Bi-color - Lb.",1,6.5
1789,2026-02-06,"2026-01-28","Tortellini - Goat Cheese - Pack",1,9
1789,2026-02-06,"2026-01-28","Half",1,68.89
384,2026-02-06,"2026-01-28","Eggs - BW - Dozen",1,6.25
384,2026-02-06,"2026-01-28","UCity Pickup Time - @4:30-5",1,0
384,2026-02-06,"2026-01-28","Carrots no tops - Lb.",1,6
384,2026-02-06,"2026-01-28","Chicken - Ground - Lb.",1,8.75
384,2026-02-06,"2026-01-28","Pork Italian Links - D&M - Each",1,8
384,2026-02-06,"2026-01-28","Salame - Calabrese - Package",1,12.35
384,2026-02-06,"2026-01-28","Yogurt - Plain - Oz.",1,6.75
384,2026-02-06,"2026-01-28","Extra Credit - Each",6.6,1.06
384,2026-02-06,"2026-01-28","Half",1,68.89
384,2026-02-06,"2026-01-28","2% MILK-e",1,8.49
240,2026-02-06,"2026-01-28","Mothership Pickup Time (1.0 @3:30-4) - @3:30-4",1,0
240,2026-02-06,"2026-01-28","Beef - Stew Meat - Pack",1,10.25
240,2026-02-06,"2026-01-28","Black Beans - Dry - Lb.",1,3
240,2026-02-06,"2026-01-28","Dark Chocolate Almond Bar - Pack",1,4.8
240,2026-02-06,"2026-01-28","Kohlrabi  - Head",2,1.5
240,2026-02-06,"2026-01-28","Potatoes - Regular - lbs",1,6
240,2026-02-06,"2026-01-28","Spinach - Bag",1,6
240,2026-02-06,"2026-01-28","Winter Squash - Spaghetti (1.0 Large) - Large",1,5.5
240,2026-02-06,"2026-01-28","FSA/FSD",1,64.37
952,2026-02-06,"2026-01-28","Ground Turkey - Pack",1,8.75
952,2026-02-06,"2026-01-28","Stringbean Peru - Oz.",1,15.45
952,2026-02-06,"2026-01-28","Mothership Pickup Time (3.0 @4:30-5) - @4:30-5",1,0
952,2026-02-06,"2026-01-28","Eggs - Dozen",1,6.25
952,2026-02-06,"2026-01-28","FF Sauce - Thai Peanut - Half Pint",1,7.25
952,2026-02-06,"2026-01-28","Mushrooms - Choice",1,8.25
952,2026-02-06,"2026-01-28","Polenta - Oz.",1,4.75
952,2026-02-06,"2026-01-28","Extra Credit - Each",11.95,1.06
952,2026-02-06,"2026-01-28","FSA/FSD",1,64.37
1143,2026-02-06,"2026-01-28","Almonds - Raw - Oz.",1,14.75
1143,2026-02-06,"2026-01-28","UCity Pickup Time - @4:30-5",1,0
1143,2026-02-06,"2026-01-28","Eggs - Dozen",1,6.25
1143,2026-02-06,"2026-01-28","FF Side - Jalapeno Cheesy Grits - Pint",1,10.25
1143,2026-02-06,"2026-01-28","Mushrooms (1.0 Shiitake) - Shiitake",1,8.25
1143,2026-02-06,"2026-01-28","Pork Italian Bulk - D&M - Lb.",1,8
1143,2026-02-06,"2026-01-28","Extra Credit - Each",13.25,1.06
1143,2026-02-06,"2026-01-28","UCA/KWA",1,64.37
1689,2026-02-06,"2026-01-28","UCity Pickup Time - @4:30-5",1,0
1689,2026-02-06,"2026-01-28","Eggs - Dozen",1,6.25
1689,2026-02-06,"2026-01-28","Granola Bar - Each",2,3.75
1689,2026-02-06,"2026-01-28","Missouri Pecans (1.0 Halves) - Halves",2,6.5
1689,2026-02-06,"2026-01-28","Shoots - Specialty Mix - Bag",1,4.25
1689,2026-02-06,"2026-01-28","Spinach - Bag",1,6
1689,2026-02-06,"2026-01-28","Winter Squash - Buttercup (1.0 Small) - Small",1,3
1689,2026-02-06,"2026-01-28","Extra Credit - Each",10.5,1.06
1689,2026-02-06,"2026-01-28","Mini",1,46.28
652,2026-02-06,"2026-01-28","$ for green bags donation - $",1,1
652,2026-02-06,"2026-01-28","Cooler Donation - $",1,1
652,2026-02-06,"2026-01-28","English Muffin Sourdough - Frozen - Pack",1,5
652,2026-02-06,"2026-01-28","Olive Oil Large - Bottle",1,18.5
652,2026-02-06,"2026-01-28","Radishes - Watermelon  - Lb.",1,5.25
652,2026-02-06,"2026-01-28","oo'ma'me - Mexican - Jar",1,12
652,2026-02-06,"2026-01-28","Extra Credit - Each",1.25,1.06
652,2026-02-06,"2026-01-28","Half",1,68.89
1126,2026-02-06,"2026-01-28","Chicken - BULK Breasts /lb. - Pack",1,39.06
1126,2026-02-06,"2026-01-28","UCity Pickup Time - @4:30-5",1,0
1126,2026-02-06,"2026-01-28","Beef - Stew Meat - Pack",1,10.25
1126,2026-02-06,"2026-01-28","Black Pepper Cheddar - Each",1,6.5
1126,2026-02-06,"2026-01-28","Eggs - Dozen",1,6.25
1126,2026-02-06,"2026-01-28","Gnocchi - Garlic Chive  - Lb.",1,6.5
1126,2026-02-06,"2026-01-28","Mushrooms (1.0 Shiitake) - Shiitake",1,8.25
1126,2026-02-06,"2026-01-28","Extra Credit - Each",35.31,1.06
1126,2026-02-06,"2026-01-28","Half",1,68.89
418,2026-02-06,"2026-01-28","Chicken - Big Bag Deboned Thighs/lb. - Bag",1,38.88
418,2026-02-06,"2026-01-28","Milk - 2%  - Oz.",1,7.98
418,2026-02-06,"2026-01-28","UCity Pickup Time - @4:30-5",1,0
418,2026-02-06,"2026-01-28","Applewood Smoked Cheddar - Each",1,6.5
418,2026-02-06,"2026-01-28","Bagels - Plain - BU - Bag",1,11
418,2026-02-06,"2026-01-28","Bagels - Pumpernickel - BU - Bag",1,11
418,2026-02-06,"2026-01-28","Chicken - Links ($10) - Each",1,10
418,2026-02-06,"2026-01-28","Eggs - Dozen",1,6.25
418,2026-02-06,"2026-01-28","Extra Credit - Each",59.61,1.06
418,2026-02-06,"2026-01-28","Mini",1,46.28
1105,2026-02-06,"2026-01-28","Cheddar - White MJC - Package",1,6.5
1105,2026-02-06,"2026-01-28","UCity Pickup Time - @4:30-5",1,0
1105,2026-02-06,"2026-01-28","Bacon - Each",1,12.75
1105,2026-02-06,"2026-01-28","Chicken Breasts /lb. - Pack",2,10.64
1105,2026-02-06,"2026-01-28","Gnocchi - Sweet Potato  - Lb.",1,6.5
1105,2026-02-06,"2026-01-28","Popped Corn - Organic - Bag",1,3
1105,2026-02-06,"2026-01-28","Ravioli - Butternut Squash  - Lb.",1,9
1105,2026-02-06,"2026-01-28","Extra Credit - Each",17.53,1.06
1105,2026-02-06,"2026-01-28","Half",1,68.89
1506,2026-02-06,"2026-01-28","Dates - Oz.",1,9.75
1506,2026-02-06,"2026-01-28","UCity Pickup Time - @4:30-5",1,0
1506,2026-02-06,"2026-01-28","Chicken - Ground - Lb.",2,8.75
1506,2026-02-06,"2026-01-28","Chicken - Livers /lb* - Pack",1,0
1506,2026-02-06,"2026-01-28","Eggs - Dozen",1,6.25
1506,2026-02-06,"2026-01-28","Salmon - Fillet Pieces/LB* - Each",1,9.73
1506,2026-02-06,"2026-01-28","Extra Credit - Each",8.98,1.06
1506,2026-02-06,"2026-01-28","UCA/KWA",1,64.37
1505,2026-02-06,"2026-01-28","Chicken - Big Bag Deboned Thighs/lb. - Bag",1,39.36
1505,2026-02-06,"2026-01-28","Mothership Pickup Time (3.0 @4:30-5) - @4:30-5",1,0
1505,2026-02-06,"2026-01-28","Mothership Pickup Time (4.0 @5-5:30) - @5-5:30",1,0
1505,2026-02-06,"2026-01-28","Buttermilk - Qt.  - Quart",1,6.5
1505,2026-02-06,"2026-01-28","Aged Cheddar - HBC - Each",1,6.5
1505,2026-02-06,"2026-01-28","Bagel Chips - Bag",1,5.25
1505,2026-02-06,"2026-01-28","Bagels - Blueberry - BU - Bag",1,11
1505,2026-02-06,"2026-01-28","Chicken Thighs - Big Bag/lb. - Pack",1,27.94
1505,2026-02-06,"2026-01-28","Queso Quesadilla - HBC - Each",1,6.5
1505,2026-02-06,"2026-01-28","Extra Credit - Each",61.55,1.06
1505,2026-02-06,"2026-01-28","Half",1,68.89
883,2026-02-06,"2026-01-28","Chicken Breasts /lb. - Pack",2,13.61
883,2026-02-06,"2026-01-28","Ground Beef - D&M - Lb.",1,10.25
883,2026-02-06,"2026-01-28","Pizza Sourdough - Frozen - Pack",1,5
883,2026-02-06,"2026-01-28","Extra Credit - Each",12.97,1.06
883,2026-02-06,"2026-01-28","Mini",1,46.28
194,2026-02-06,"2026-01-28","Mothership Pickup Time (1.0 @3:30-4) - @3:30-4",1,0
194,2026-02-06,"2026-01-28","Chicken Links - Sundried Tomato - lbs",1,10
194,2026-02-06,"2026-01-28","Granola Bar - Each",1,3.75
194,2026-02-06,"2026-01-28","Hummus - Beet & Pepita - Tub",1,6.75
194,2026-02-06,"2026-01-28","Ravioli - Butternut Squash  - Lb.",1,9
194,2026-02-06,"2026-01-28","Mini",1,46.28
712,2026-02-06,"2026-01-28","Winter Squash - Acorn - Each",3,2.25
712,2026-02-06,"2026-01-28","$ for green bags donation - $",1,1
712,2026-02-06,"2026-01-28","Bison - Ground - Lb.",1,21
712,2026-02-06,"2026-01-28","Eggs - Dozen",1,6.25
712,2026-02-06,"2026-01-28","Mushrooms - Choice",1,8.25
712,2026-02-06,"2026-01-28","Mustard - Choice",1,6
712,2026-02-06,"2026-01-28","Potatoes - Sweet - lbs",1,6
712,2026-02-06,"2026-01-28","Radishes - Watermelon  - Lb.",1,5.25
712,2026-02-06,"2026-01-28","Extra Credit - Each",19,1.06
712,2026-02-06,"2026-01-28","Half",1,68.89
810,2026-02-06,"2026-01-28","Peanut Butter MC - Tub",1,7.75
810,2026-02-06,"2026-01-28","Mothership Pickup Time (5.0 @5:30-6) - @5:30-6",1,0
810,2026-02-06,"2026-01-28","Bacon - Each",1,12.75
810,2026-02-06,"2026-01-28","Carrots no tops - Lb.",1,6
810,2026-02-06,"2026-01-28","Croissants - Frozen - Pack",1,4.5
810,2026-02-06,"2026-01-28","Eggs - Dozen",2,6.25
810,2026-02-06,"2026-01-28","Granola Bar - Each",1,3.75
810,2026-02-06,"2026-01-28","Hummus Choice ($6.75) - Tub",1,6.75
810,2026-02-06,"2026-01-28","Missouri Pecans (1.0 Halves) - Halves",1,6.5
810,2026-02-06,"2026-01-28","Extra Credit - Each",28.5,1.06
810,2026-02-06,"2026-01-28","Mini",1,46.28
810,2026-02-06,"2026-01-28","Chocolate MILK",1,9.43
1217,2026-02-06,"2026-01-29","Kirkwood Pickup Time (1.0 PORCH) - PORCH",1,0
1217,2026-02-06,"2026-01-29","Chicken Breasts /lb. - Pack",1,12.38
1217,2026-02-06,"2026-01-29","Eggs - Dozen",1,6.25
1217,2026-02-06,"2026-01-29","Hummus - Garlic - Tub",1,6.75
1217,2026-02-06,"2026-01-29","Missouri Pecans (1.0 Halves) - Halves",1,6.5
1217,2026-02-06,"2026-01-29","Popped Corn - Organic - Bag",1,3
1217,2026-02-06,"2026-01-29","Extra Credit - Each",5.38,1.06
1217,2026-02-06,"2026-01-29","Mini",1,46.28
1891,2026-02-06,"2026-01-29","Pizza - Tomato Basil Garlic  - Each",1,8
1891,2026-02-06,"2026-01-29","Kirkwood Pickup Time (3.0 @2-2:30) - @2-2:30",1,0
1891,2026-02-06,"2026-01-29","Beets - No Tops - Lb.",1,6.5
1891,2026-02-06,"2026-01-29","Eggs - Dozen",1,6.25
1891,2026-02-06,"2026-01-29","Mushrooms (1.0 Oyster) - Oyster",1,8.25
1891,2026-02-06,"2026-01-29","Spinach - Bag",1,6
1891,2026-02-06,"2026-01-29","Extra Credit - Each",0.75,1.06
1891,2026-02-06,"2026-01-29","UCA/KWA",1,64.37
1196,2026-02-06,"2026-01-29","Kuva Nicaragua - Bag",1,15.45
1196,2026-02-06,"2026-01-29","Kirkwood Pickup Time - @1-1:30",1,0
1196,2026-02-06,"2026-01-29","Bacon Ends /lb. - Package",1,9.01
1196,2026-02-06,"2026-01-29","Bagels - Plain - BU - Bag",1,11
1196,2026-02-06,"2026-01-29","Eggs - Dozen",1,6.25
1196,2026-02-06,"2026-01-29","Extra Credit - Each",12.21,1.06
1196,2026-02-06,"2026-01-29","Mini",1,46.28
499,2026-02-06,"2026-01-29","Bison - Ground - Lb.",1,21
499,2026-02-06,"2026-01-29","Eggs - Dozen",1,6.25
499,2026-02-06,"2026-01-29","Mushrooms - Choice",1,8.25
499,2026-02-06,"2026-01-29","Mustard - Choice",1,6
499,2026-02-06,"2026-01-29","Half",1,68.89
1386,2026-02-06,"2026-01-29","Kirkwood Pickup Time - @1-1:30",1,0
1386,2026-02-06,"2026-01-29","Food Pantry Donation - $",10,1
1386,2026-02-06,"2026-01-29","Apple Butter - No Sugar - Pint",1,7.5
1386,2026-02-06,"2026-01-29","Chicken Breasts /lb. - Pack",1,12.54
1386,2026-02-06,"2026-01-29","Louise's Original Granola - Bag",1,10.75
1386,2026-02-06,"2026-01-29","Extra Credit - Each",6.54,1.06
1386,2026-02-06,"2026-01-29","UCA/KWA",1,64.37
970,2026-02-06,"2026-01-29","Chicken - Links ($10) - Each",1,10
970,2026-02-06,"2026-01-29","Eggs - Dozen",1,6.25
970,2026-02-06,"2026-01-29","Hummus Choice ($6.75) - Tub",1,6.75
970,2026-02-06,"2026-01-29","Missouri Pecans (1.0 Halves) - Halves",1,6.5
970,2026-02-06,"2026-01-29","Mini",1,46.28
700,2026-02-06,"2026-01-29","Milk - Whole - Oz.",2,7.98
700,2026-02-06,"2026-01-29","Pizza - Cheese  - Each",1,7.25
700,2026-02-06,"2026-01-29","Pizza - Deluxe - Each",1,8
700,2026-02-06,"2026-01-29","Mothership Pickup Time (3.0 @4:30-5) - @4:30-5",1,0
700,2026-02-06,"2026-01-29","Eggs - Dozen",1,6.25
700,2026-02-06,"2026-01-29","Mushrooms (1.0 Oyster) - Oyster",1,8.25
700,2026-02-06,"2026-01-29","Mustard (1.0 Horseradish) - Horseradish",1,6
700,2026-02-06,"2026-01-29","Extra Credit - Each",5.21,1.06
700,2026-02-06,"2026-01-29","Half",1,68.89
1488,2026-02-06,"2026-01-29","Milk - 2%  - Oz.",1,7.98
1488,2026-02-06,"2026-01-29","Kirkwood Pickup Time - @1-1:30",1,0
1488,2026-02-06,"2026-01-29","Chicken - Ground - Lb.",1,8.75
1488,2026-02-06,"2026-01-29","Eggs - Dozen",1,6.25
1488,2026-02-06,"2026-01-29","Peaches - Spiced - Jar",1,13.25
1488,2026-02-06,"2026-01-29","Extra Credit - Each",1.98,1.06
1488,2026-02-06,"2026-01-29","UCA/KWA",1,64.37
1488,2026-02-06,"2026-01-29","2% MILK",1,8.49
287,2026-02-06,"2026-01-29","Burnt Caramel Sauce - Jar",1,16
287,2026-02-06,"2026-01-29","Chicken - Ground - Lb.",1,8.75
287,2026-02-06,"2026-01-29","Marinara Sauce - Jar",1,8.75
287,2026-02-06,"2026-01-29","Mushrooms - Choice",1,8.25
287,2026-02-06,"2026-01-29","Pasta Bi-color Short - Lb.",1,6.5
287,2026-02-06,"2026-01-29","Extra Credit - Each",9.5,1.06
287,2026-02-06,"2026-01-29","FSA/FSD",1,64.37
1970,2026-02-06,"2026-01-29","Kirkwood Pickup Time - @1-1:30",1,0
1970,2026-02-06,"2026-01-29","Eggs - Dozen",1,6.25
1970,2026-02-06,"2026-01-29","Ground Beef - D&M - Lb.",1,10.25
1970,2026-02-06,"2026-01-29","Hummus - Garlic - Tub",1,6.75
1970,2026-02-06,"2026-01-29","Yogurt - Blueberry - Oz.",1,6.75
1970,2026-02-06,"2026-01-29","Extra Credit - Each",0.5,1.06
1970,2026-02-06,"2026-01-29","Mini",1,46.28
1132,2026-02-06,"2026-01-29","Chicken - BULK Breasts /lb. - Pack",1,42.32
1132,2026-02-06,"2026-01-29","Eggs - BW - Dozen",1,6.25
1132,2026-02-06,"2026-01-29","Kirkwood Pickup Time (2.0 @1:30-2) - @1:30-2",1,0
1132,2026-02-06,"2026-01-29","Carrots no tops - Lb.",1,6
1132,2026-02-06,"2026-01-29","Eggs - Dozen",2,6.25
1132,2026-02-06,"2026-01-29","Honey - lg. 24 oz mbb  - Jar",1,24.75
1132,2026-02-06,"2026-01-29","Mushrooms - Chestnut - Bag",1,8.25
1132,2026-02-06,"2026-01-29","Organic Sugar - Lb.",1,24.25
1132,2026-02-06,"2026-01-29","Potatoes - Regular - lbs",1,6
1132,2026-02-06,"2026-01-29","Potatoes - Sweet - lbs",1,6
1132,2026-02-06,"2026-01-29","Rice - Brown - Lb.",1,6.25
1132,2026-02-06,"2026-01-29","Extra Credit - Each",142.57,1.06
1132,2026-02-06,"2026-01-29","(BYO) KWG - Orders Only",1,0
1132,2026-02-06,"2026-01-29","Whole MILK",2,8.49
1671,2026-02-06,"2026-01-29","Mothership Pickup Time (5.0 @5:30-6) - @5:30-6",1,0
1671,2026-02-06,"2026-01-29","Eggs - Dozen",1,6.25
1671,2026-02-06,"2026-01-29","Gnocchi - Garlic Chive  - Lb.",1,6.5
1671,2026-02-06,"2026-01-29","Missouri Pecans (1.0 Halves) - Halves",1,6.5
1671,2026-02-06,"2026-01-29","Pork Italian Bulk - D&M - Lb.",1,8
1671,2026-02-06,"2026-01-29","Potatoes - Sweet - lbs",1,6
1671,2026-02-06,"2026-01-29","Yogurt - Plain - Oz.",1,6.75
1671,2026-02-06,"2026-01-29","Extra Credit - Each",10.5,1.06
1671,2026-02-06,"2026-01-29","Mini",1,46.28
579,2026-02-06,"2026-01-29","Pepitas - Oz.",1,7.75
579,2026-02-06,"2026-01-29","Hummus Choice ($6.75) - Tub",1,6.75
579,2026-02-06,"2026-01-29","Missouri Pecans (1.0 Halves) - Halves",1,6.5
579,2026-02-06,"2026-01-29","Popcorn - McKaskle - Lb.",1,5.75
579,2026-02-06,"2026-01-29","Yogurt - Strawberry - Oz.",1,6.75
579,2026-02-06,"2026-01-29","Extra Credit - Each",4,1.06
579,2026-02-06,"2026-01-29","Mini",1,46.28
1799,2026-02-06,"2026-01-29","Chicken - Ground - Lb.",1,8.75
1799,2026-02-06,"2026-01-29","Clean Plate Pantry Choice ($11.5) - Jar",1,11.5
1799,2026-02-06,"2026-01-29","Ground Lamb  - Lb.",1,16
1799,2026-02-06,"2026-01-29","Mushrooms - Choice",1,8.25
1799,2026-02-06,"2026-01-29","Oats - 1lb. - Choice",1,3.75
1799,2026-02-06,"2026-01-29","Pasta Bi-color Short - Lb.",1,6.5
1799,2026-02-06,"2026-01-29","Staff - include last wk's share - Bag",1,2
1799,2026-02-06,"2026-01-29","Extra Credit - Each",18,1.06
1799,2026-02-06,"2026-01-29","FSA/FSD",1,64.37
1987,2026-02-06,"2026-01-29","Eggs - BW - Dozen",2,6.25
1987,2026-02-06,"2026-01-29","Kirkwood Pickup Time (1.0 PORCH) - PORCH",1,0
1987,2026-02-06,"2026-01-29","Eggs - Dozen",2,6.25
1987,2026-02-06,"2026-01-29","Lamb Gyro w/ Feta & Spinach - Lb.",1,17.5
1987,2026-02-06,"2026-01-29","Extra Credit - Each",1,1.06
1987,2026-02-06,"2026-01-29","Half",1,68.89
467,2026-02-06,"2026-01-29","Almonds - Salted - Oz.",1,14.75
467,2026-02-06,"2026-01-29","Eggs - BW - Dozen",1,6.25
467,2026-02-06,"2026-01-29","Salsa - Gringo's Hot - Pint",1,5
467,2026-02-06,"2026-01-29","Kirkwood Pickup Time - @1-1:30",1,0
467,2026-02-06,"2026-01-29","Ghost Pepper Cheddar - Each",2,6.5
467,2026-02-06,"2026-01-29","Extra Credit - Each",9.5,1.06
467,2026-02-06,"2026-01-29","Mini",1,46.28
615,2026-02-06,"2026-01-29","Beef - Stew Meat - Pack",2,10.25
615,2026-02-06,"2026-01-29","English Muffin Sourdough - Frozen - Pack",1,5
615,2026-02-06,"2026-01-29","Granola Bar - Each",2,3.75
615,2026-02-06,"2026-01-29","Hummus - Beet & Pepita - Tub",1,6.75
615,2026-02-06,"2026-01-29","Potatoes - Sweet - lbs",1,6
615,2026-02-06,"2026-01-29","Radishes - Purple Heart - Bunch",1,5.25
615,2026-02-06,"2026-01-29","Shoots - Broccoli - Bag",1,4.25
615,2026-02-06,"2026-01-29","Spinach - Bag",1,6
615,2026-02-06,"2026-01-29","Extra Credit - Each",31.75,1.06
615,2026-02-06,"2026-01-29","Mini",1,46.28
929,2026-02-06,"2026-01-29","Donation to Food Pantry - Each",1,1
929,2026-02-06,"2026-01-29","Eggs - Dozen",1,6.25
929,2026-02-06,"2026-01-29","Mushrooms (1.0 Oyster) - Oyster",1,8.25
929,2026-02-06,"2026-01-29","Oat Groats Organic - Bag",1,3.75
929,2026-02-06,"2026-01-29","Potatoes - Regular - lbs",1,6
929,2026-02-06,"2026-01-29","Potatoes - Sweet - lbs",1,6
929,2026-02-06,"2026-01-29","Rice - Brown - Lb.",1,6.25
929,2026-02-06,"2026-01-29","Sourdough Bread - Frozen - Lb.",1,6.25
929,2026-02-06,"2026-01-29","Turnips - Japanese/White - Lb.",1,4.25
929,2026-02-06,"2026-01-29","Wheat Berries - Bag",1,3.75
929,2026-02-06,"2026-01-29","Extra Credit - Each",10.25,1.06
929,2026-02-06,"2026-01-29","Half",1,68.89
31,2026-02-06,"2026-01-29","Eggs - BW - Dozen",2,6.25
31,2026-02-06,"2026-01-29","Mothership Pickup Time (2.0 @4-4:30) - @4-4:30",1,0
31,2026-02-06,"2026-01-29","$ for green bags donation - $",1,1
31,2026-02-06,"2026-01-29","Carrots no tops - Lb.",1,6
31,2026-02-06,"2026-01-29","Mushrooms (1.0 Shiitake) - Shiitake",1,8.25
31,2026-02-06,"2026-01-29","Salmon - Fillet Pieces/LB* - Each",1,9.6
31,2026-02-06,"2026-01-29","Shoots - Specialty Mix - Bag",1,4.25
31,2026-02-06,"2026-01-29","Spinach - Bag",1,6
31,2026-02-06,"2026-01-29","Extra Credit - Each",45.1,1.06
31,2026-02-06,"2026-01-29","No Produce - Order Only (even wk)",1,0
31,2026-02-06,"2026-01-29","2% MILK",2,8.49
1363,2026-02-06,"2026-01-29","Mothership Pickup Time (2.0 @4-4:30) - @4-4:30",1,0
1363,2026-02-06,"2026-01-29","Coffee Stringbean Decaf - Bag",1,15.45
1363,2026-02-06,"2026-01-29","Eggs - Dozen",1,6.25
1363,2026-02-06,"2026-01-29","Mushrooms - Choice",1,8.25
1363,2026-02-06,"2026-01-29","Mustard - Choice",1,6
1363,2026-02-06,"2026-01-29","Potatoes - Sweet - lbs",1,6
1363,2026-02-06,"2026-01-29","Extra Credit - Each",0.45,1.06
1363,2026-02-06,"2026-01-29","Half",1,68.89
1857,2026-02-06,"2026-01-29","Mothership Pickup Time (4.0 @5-5:30) - @5-5:30",1,0
1857,2026-02-06,"2026-01-29","Carrots no tops - Lb.",1,6
1857,2026-02-06,"2026-01-29","Eggs - Dozen",2,6.25
1857,2026-02-06,"2026-01-29","English Muffin Sourdough - Frozen - Pack",1,5
1857,2026-02-06,"2026-01-29","Ground Beef - Wagyu MJC - Lb.",1,10.25
1857,2026-02-06,"2026-01-29","Spinach - Bag",1,6
1857,2026-02-06,"2026-01-29","Yogurt - Plain - Oz.",1,6.75
1857,2026-02-06,"2026-01-29","Extra Credit - Each",1.25,1.06
1857,2026-02-06,"2026-01-29","FSC",1,64.37
1131,2026-02-06,"2026-01-29","Chicken - Links ($10) - Each",1,10
1131,2026-02-06,"2026-01-29","Eggs - Dozen",1,6.25
1131,2026-02-06,"2026-01-29","Hummus Choice ($6.75) - Tub",1,6.75
1131,2026-02-06,"2026-01-29","Missouri Pecans (1.0 Halves) - Halves",1,6.5
1131,2026-02-06,"2026-01-29","Mini",1,46.28
1622,2026-02-06,"2026-01-29","Mothership Pickup Time (1.0 @3:30-4) - @3:30-4",1,0
1622,2026-02-06,"2026-01-29","Chicken - Links ($10) - Each",1,10
1622,2026-02-06,"2026-01-29","Eggs - Dozen",1,6.25
1622,2026-02-06,"2026-01-29","Hummus - Beet & Pepita - Tub",1,6.75
1622,2026-02-06,"2026-01-29","Missouri Pecans (1.0 Halves) - Halves",1,6.5
1622,2026-02-06,"2026-01-29","Mini",1,46.28
1383,2026-02-06,"2026-01-29","Quark-Frozen - Tub",1,6.5
1383,2026-02-06,"2026-01-29","Mothership Pickup Time (1.0 @3:30-4) - @3:30-4",1,0
1383,2026-02-06,"2026-01-29","Bison - Ground - Lb.",1,21
1383,2026-02-06,"2026-01-29","Eggs - Dozen",1,6.25
1383,2026-02-06,"2026-01-29","Kohlrabi  - Head",1,1.5
1383,2026-02-06,"2026-01-29","Kuva Ethiopian - Bag",1,15.45
1383,2026-02-06,"2026-01-29","Mushrooms - Choice",1,8.25
1383,2026-02-06,"2026-01-29","Mustard - Choice",1,6
1383,2026-02-06,"2026-01-29","Extra Credit - Each",23.45,1.06
1383,2026-02-06,"2026-01-29","Half",1,68.89
11,2026-02-06,"2026-01-29","Bacon - Each",1,12.75
11,2026-02-06,"2026-01-29","Ground Beef - Wagyu MJC - Lb.",2,10.25
11,2026-02-06,"2026-01-29","Potatoes - Sweet - lbs",1,6
11,2026-02-06,"2026-01-29","Extra Credit - Each",0.5,1.06
11,2026-02-06,"2026-01-29","FSA/FSD",1,64.37
83,2026-02-06,"2026-01-29","Half & Half - Pint",1,4.75
83,2026-02-06,"2026-01-29","Mothership Pickup Time (2.0 @4-4:30) - @4-4:30",1,0
83,2026-02-06,"2026-01-29","Bagels - Everything - Bag",1,6.75
83,2026-02-06,"2026-01-29","Bison - Ground - Lb.",1,21
83,2026-02-06,"2026-01-29","Dark Chocolate Square  - Each",1,1.75
83,2026-02-06,"2026-01-29","Eggs - Dozen",1,6.25
83,2026-02-06,"2026-01-29","Granola Bar - Each",1,3.75
83,2026-02-06,"2026-01-29","Mushrooms - Choice",1,8.25
83,2026-02-06,"2026-01-29","Pink Sauce - Oz.",1,8.75
83,2026-02-06,"2026-01-29","Popped Corn - Organic - Bag",1,3
83,2026-02-06,"2026-01-29","Extra Credit - Each",22.75,1.06
83,2026-02-06,"2026-01-29","Half",1,68.89
473,2026-02-06,"2026-01-29","Stringbean Red Eye  - Oz.",1,15.45
473,2026-02-06,"2026-01-29","Kirkwood Pickup Time (1.0 PORCH) - PORCH",1,0
473,2026-02-06,"2026-01-29","Beets - No Tops - Lb.",1,6.5
473,2026-02-06,"2026-01-29","Eggs - Dozen",1,6.25
473,2026-02-06,"2026-01-29","Meatballs D&M - Package",1,14.5
473,2026-02-06,"2026-01-29","Pink Sauce - Oz.",1,8.75
473,2026-02-06,"2026-01-29","Pork Breakfast Patties D&M - Pack",1,8.5
473,2026-02-06,"2026-01-29","Potatoes - Sweet - lbs",1,6
473,2026-02-06,"2026-01-29","Extra Credit - Each",24.45,1.06
473,2026-02-06,"2026-01-29","Half",1,68.89
1309,2026-02-06,"2026-01-29","Potato Chips Kickers Mini - Oz.",1,1.5
1309,2026-02-06,"2026-01-29","Mothership Pickup Time (1.0 @3:30-4) - @3:30-4",1,0
1309,2026-02-06,"2026-01-29","Eggs - Dozen",2,6.25
1309,2026-02-06,"2026-01-29","Radishes - Watermelon  - Lb.",1,5.25
1309,2026-02-06,"2026-01-29","Shoots - Broccoli - Bag",1,4.25
1309,2026-02-06,"2026-01-29","Spinach - Bag",1,6
1309,2026-02-06,"2026-01-29","Tortellini - Goat Cheese - Pack",1,9
471,2026-02-06,"2026-01-29","Chicken - Ground - Lb.",1,8.75
471,2026-02-06,"2026-01-29","Clean Plate Pantry Choice ($11.5) - Jar",1,11.5
471,2026-02-06,"2026-01-29","Mushrooms - Choice",1,8.25
471,2026-02-06,"2026-01-29","Oats - 1lb. - Choice",1,3.75
471,2026-02-06,"2026-01-29","Pasta Bi-color Short - Lb.",1,6.5
471,2026-02-06,"2026-01-29","Staff - include last wk's share - Bag",1,0
471,2026-02-06,"2026-01-29","FSA/FSD",1,64.37
1593,2026-02-06,"2026-01-29","Chicken - BULK Breasts /lb. - Pack",1,38.44
1593,2026-02-06,"2026-01-29","Winter Squash - Tetsukabuto - Each",1,3.5
1593,2026-02-06,"2026-01-29","Extra Credit - Each",12.44,1.06
1593,2026-02-06,"2026-01-29","Mini",1,46.28
550,2026-02-06,"2026-01-29","Mothership Pickup Time (5.0 @5:30-6) - @5:30-6",1,0
550,2026-02-06,"2026-01-29","Buttermilk - Qt.  - Quart",1,6.5
550,2026-02-06,"2026-01-29","Dark Bar 61% - Package",1,2.75
550,2026-02-06,"2026-01-29","FF Soup - Chowder - Pint",2,10.25
550,2026-02-06,"2026-01-29","Ravioli - Goat Cheese  - Lb.",1,9
550,2026-02-06,"2026-01-29","FSA/FSD",1,64.37
1839,2026-02-06,"2026-01-29","Half & Half - Pint",2,4.75
1839,2026-02-06,"2026-01-29","Stringbean Malawi Peaberry - Oz.",1,15.45
1839,2026-02-06,"2026-01-29","Mothership Pickup Time (2.0 @4-4:30) - @4-4:30",1,0
1839,2026-02-06,"2026-01-29","Black Beans DC - Tub",1,6.25
1839,2026-02-06,"2026-01-29","Carrots no tops - Lb.",1,6
1839,2026-02-06,"2026-01-29","Eggs - Dozen",1,6.25
1839,2026-02-06,"2026-01-29","Potatoes - Regular - lbs",1,6
1839,2026-02-06,"2026-01-29","Extra Credit - Each",7.95,1.06
1839,2026-02-06,"2026-01-29","Half",1,68.89
514,2026-02-06,"2026-01-29","Beef Bones - Knuckle/lb. - lbs",2,5.61
514,2026-02-06,"2026-01-29","Chicken - Breakfast Links - Each",2,10
514,2026-02-06,"2026-01-29","Eggs - Dozen",1,6.25
514,2026-02-06,"2026-01-29","Pork - Ground  - Lb.",2,7.25
514,2026-02-06,"2026-01-29","Extra Credit - Each",6.72,1.06
514,2026-02-06,"2026-01-29","FSC",1,64.37
875,2026-02-06,"2026-01-29","Gouda - Smoked - Pack",1,6.5
875,2026-02-06,"2026-01-29","Eggs - Dozen",1,6.25
875,2026-02-06,"2026-01-29","Kohlrabi  - Head",1,1.5
875,2026-02-06,"2026-01-29","Spinach - Bag",1,6
875,2026-02-06,"2026-01-29","Half",1,68.89
875,2026-02-06,"2026-01-29","Whole MILK-e",1,8.49
308,2026-02-06,"2026-01-29","Mothership Pickup Time (1.0 @3:30-4) - @3:30-4",1,0
308,2026-02-06,"2026-01-29","Black Pepper Cheddar - Each",1,6.5
308,2026-02-06,"2026-01-29","Curds Garlic Herb HBC 10 oz  - Bag",1,6.5
308,2026-02-06,"2026-01-29","Dark Chocolate Bon Bons - Pack",1,11.25
308,2026-02-06,"2026-01-29","Dark Chocolate Square  - Each",1,1.75
308,2026-02-06,"2026-01-29","Eggs - Dozen",1,6.25
308,2026-02-06,"2026-01-29","Mustard (1.0 Garlic) - Garlic",1,6
308,2026-02-06,"2026-01-29","Ravioli - 4-Cheese - Lb.",1,9
308,2026-02-06,"2026-01-29","Vinaigrette - Greek Style - Bottle",1,6.25
308,2026-02-06,"2026-01-29","Extra Credit - Each",12,1.06
308,2026-02-06,"2026-01-29","Half",1,68.89
556,2026-02-06,"2026-01-29","Dates - Oz.",1,9.75
556,2026-02-06,"2026-01-29","Hot Sweet Dills qt. - Quart",1,9.75
621,2026-02-06,"2026-01-29","Mothership Pickup Time (1.0 @3:30-4) - @3:30-4",1,0
621,2026-02-06,"2026-01-29","Eggs - Dozen",2,6.25
621,2026-02-06,"2026-01-29","Mushrooms - Choice",1,8.25
621,2026-02-06,"2026-01-29","Mushrooms - Hen of the Woods/Maitake - Bag",1,8.25
621,2026-02-06,"2026-01-29","Spinach - Bag",1,6
621,2026-02-06,"2026-01-29","Winter Squash - Pie Pumpkin - Each",1,3.75
621,2026-02-06,"2026-01-29","FSA/FSD",1,64.37
540,2026-02-06,"2026-01-29","Bison - Ground - Lb.",1,21
540,2026-02-06,"2026-01-29","Eggs - Dozen",1,6.25
540,2026-02-06,"2026-01-29","Mushrooms - Choice",1,8.25
540,2026-02-06,"2026-01-29","Mustard - Choice",1,6
540,2026-02-06,"2026-01-29","Half",1,68.89
525,2026-02-06,"2026-01-29","Black Beans DC - Tub",1,6.25
525,2026-02-06,"2026-01-29","Chicken - Ground - Lb.",1,8.75
525,2026-02-06,"2026-01-29","Chicken Links - Andouille  - Lb.",1,10
525,2026-02-06,"2026-01-29","Missouri Pecans (1.0 Halves) - Halves",1,6.5
525,2026-02-06,"2026-01-29","Tortellini - Cheese - Lb.",1,9
1476,2026-02-06,"2026-01-29","Kirkwood Pickup Time - @1-1:30",1,0
1476,2026-02-06,"2026-01-29","Raviolini - Four Cheese - Lb.",2,9
1476,2026-02-06,"2026-01-29","Spinach - Bag",1,6
1476,2026-02-06,"2026-01-29","Winter Squash - Pie Pumpkin - Each",2,3.75
1476,2026-02-06,"2026-01-29","Extra Credit - Each",2,1.06
1476,2026-02-06,"2026-01-29","Mini",1,46.28
241,2026-02-06,"2026-01-29","Milk - Creamline - Oz.",1,7.98
241,2026-02-06,"2026-01-29","Mothership Pickup Time (1.0 @3:30-4) - @3:30-4",1,0
241,2026-02-06,"2026-01-29","Apple Sauce - Organic Qt. - Quart",1,10.5
241,2026-02-06,"2026-01-29","Blackberries - Frozen (1.0 Large) - Large",1,10.5
241,2026-02-06,"2026-01-29","Eggs - Dozen",1,6.25
241,2026-02-06,"2026-01-29","Ground Beef - D&M - Lb.",2,10.25
241,2026-02-06,"2026-01-29","Kuva Brazil - Bag",1,15.45
241,2026-02-06,"2026-01-29","Olive Oil Large - Bottle",1,18.5
241,2026-02-06,"2026-01-29","Extra Credit - Each",44.43,1.06
241,2026-02-06,"2026-01-29","FSC",1,64.37
65,2026-02-06,"2026-01-29","Chicken - Ground - Lb.",1,8.75
65,2026-02-06,"2026-01-29","Clean Plate Pantry Choice ($11.5) - Jar",1,11.5
65,2026-02-06,"2026-01-29","Mushrooms - Choice",1,8.25
65,2026-02-06,"2026-01-29","Oats - 1lb. - Choice",1,3.75
65,2026-02-06,"2026-01-29","Pasta Bi-color Short - Lb.",1,6.5
65,2026-02-06,"2026-01-29","FSA/FSD",1,64.37
502,2026-02-06,"2026-01-29","Mothership Pickup Time (4.0 @5-5:30) - @5-5:30",1,0
502,2026-02-06,"2026-01-29","Cinnamon Rolls - Pack",1,6.5
502,2026-02-06,"2026-01-29","Eggs - Dozen",2,6.25
502,2026-02-06,"2026-01-29","Ground Beef - D&M - Lb.",1,10.25
502,2026-02-06,"2026-01-29","Hummus - Garlic - Tub",1,6.75
502,2026-02-06,"2026-01-29","Spinach - Bag",1,6
502,2026-02-06,"2026-01-29","Turnips - Japanese/White - Lb.",1,4.25
502,2026-02-06,"2026-01-29","Extra Credit - Each",1,1.06
502,2026-02-06,"2026-01-29","FSC",1,64.37
549,2026-02-06,"2026-01-29","Chicken - Ground - Lb.",1,8.75
549,2026-02-06,"2026-01-29","Clean Plate Pantry Choice ($11.5) - Jar",1,11.5
549,2026-02-06,"2026-01-29","Mushrooms - Choice",1,8.25
549,2026-02-06,"2026-01-29","Oats - 1lb. - Choice",1,3.75
549,2026-02-06,"2026-01-29","Pasta Bi-color Short - Lb.",1,6.5
549,2026-02-06,"2026-01-29","FSA/FSD",1,64.37
22,2026-02-06,"2026-01-29","Mothership Pickup Time (1.0 @3:30-4) - @3:30-4",1,0
22,2026-02-06,"2026-01-29","Bison - Ground - Lb.",1,21
22,2026-02-06,"2026-01-29","Eggs - Dozen",1,6.25
22,2026-02-06,"2026-01-29","Mushrooms - Chestnut - Bag",1,8.25
22,2026-02-06,"2026-01-29","Mustard (1.0 Honey) - Honey",1,6
22,2026-02-06,"2026-01-29","Half",1,68.89
22,2026-02-06,"2026-01-29","Creamline MILK-e",1,8.49
710,2026-02-06,"2026-01-29","Mothership Pickup Time (1.0 @3:30-4) - @3:30-4",1,0
710,2026-02-06,"2026-01-29","Bacon - Each",1,12.75
710,2026-02-06,"2026-01-29","Bagels - Everything - Bag",1,6.75
710,2026-02-06,"2026-01-29","Beets - No Tops - Lb.",1,6.5
710,2026-02-06,"2026-01-29","Chuck Roast/lbs. - lbs",1,33.62
710,2026-02-06,"2026-01-29","Pork - Ground  - Lb.",1,7.25
710,2026-02-06,"2026-01-29","Extra Credit - Each",28.12,1.06
710,2026-02-06,"2026-01-29","FSA/FSD",1,64.37
1879,2026-02-06,"2026-01-29","Chicken - Links ($10) - Each",1,10
1879,2026-02-06,"2026-01-29","Eggs - Dozen",1,6.25
1879,2026-02-06,"2026-01-29","Hummus Choice ($6.75) - Tub",1,6.75
1879,2026-02-06,"2026-01-29","Spinach - Bag",1,6
1879,2026-02-06,"2026-01-29","Winter Squash - Butternut (1.0 Small) - Small",1,2
1879,2026-02-06,"2026-01-29","Extra Credit - Each",1.5,1.06
1879,2026-02-06,"2026-01-29","Mini",1,46.28
493,2026-02-06,"2026-01-29","Mothership Pickup Time (4.0 @5-5:30) - @5-5:30",1,0
493,2026-02-06,"2026-01-29","Dark Bar 72% - Package",1,2.75
493,2026-02-06,"2026-01-29","Eggs - Dozen",1,6.25
493,2026-02-06,"2026-01-29","Ground Beef - Wagyu MJC - Lb.",1,10.25
493,2026-02-06,"2026-01-29","Kohlrabi  - Head",1,1.5
493,2026-02-06,"2026-01-29","Ribs - Baby Back/lb. - Lb.",1,13.91
493,2026-02-06,"2026-01-29","White Rice Cooked - Lb.",1,3
493,2026-02-06,"2026-01-29","Extra Credit - Each",5.84,1.06
493,2026-02-06,"2026-01-29","Half",1,68.89
807,2026-02-06,"2026-01-29","Bacon - Each",2,12.75
807,2026-02-06,"2026-01-29","Bagels - Everything - BU - Bag",1,11
807,2026-02-06,"2026-01-29","Beef - Stew Meat - Pack",1,10.25
807,2026-02-06,"2026-01-29","Carrots no tops - Lb.",1,6
807,2026-02-06,"2026-01-29","Eggs - Dozen",1,6.25
807,2026-02-06,"2026-01-29","Winter Squash - Pie Pumpkin - Each",1,3.75
807,2026-02-06,"2026-01-29","Yogurt - Plain - Oz.",1,6.75
807,2026-02-06,"2026-01-29","Extra Credit - Each",30.25,1.06
807,2026-02-06,"2026-01-29","UCA/KWA",1,64.37
807,2026-02-06,"2026-01-29","2% MILK",1,8.49
1717,2026-02-06,"2026-01-29","Potato Chips Original - Mini - Oz.",1,1.5
1717,2026-02-06,"2026-01-29","Bacon - Each",1,12.75
1717,2026-02-06,"2026-01-29","Bagels - Raisin - Frozen - Bag",1,6.75
1717,2026-02-06,"2026-01-29","Eggs - Dozen",1,6.25
1717,2026-02-06,"2026-01-29","FF Dish - Saag Paneer - Pint",1,11.75
1717,2026-02-06,"2026-01-29","Popcorn - White - Lb.",1,4.5
1717,2026-02-06,"2026-01-29","Extra Credit - Each",2,1.06
1717,2026-02-06,"2026-01-29","Half",1,68.89
1377,2026-02-06,"2026-01-29","Gouda - Smoked - Pack",1,6.5
1377,2026-02-06,"2026-01-29","Mothership Pickup Time (5.0 @5:30-6) - @5:30-6",1,0
1377,2026-02-06,"2026-01-29","Apple Sauce - Chunky - NS - Quart",1,7.5
1377,2026-02-06,"2026-01-29","Oats - 1lb. (1.0 Rolled) - Rolled",1,3.75
1377,2026-02-06,"2026-01-29","Popped Corn - Organic - Bag",1,3
1377,2026-02-06,"2026-01-29","Potatoes - Sweet - lbs",1,6
1377,2026-02-06,"2026-01-29","Radishes - Watermelon  - Lb.",1,5.25
1377,2026-02-06,"2026-01-29","Yogurt - Plain - Oz.",1,6.75
1377,2026-02-06,"2026-01-29","FSA/FSD",1,64.35
1763,2026-02-06,"2026-01-29","Chicken - Links ($10) - Each",1,10
1763,2026-02-06,"2026-01-29","Eggs - Dozen",1,6.25
1763,2026-02-06,"2026-01-29","Hummus Choice ($6.75) - Tub",1,6.75
1763,2026-02-06,"2026-01-29","Missouri Pecans (1.0 Halves) - Halves",1,6.5
1763,2026-02-06,"2026-01-29","Mini",1,46.28
1680,2026-02-06,"2026-01-29","Gouda - MJC - Pack",1,6.5
1680,2026-02-06,"2026-01-29","Jam - Blackberry HBY - Pint",1,7.5
1680,2026-02-06,"2026-01-29","Mothership Pickup Time (2.0 @4-4:30) - @4-4:30",1,0
1680,2026-02-06,"2026-01-29","Food Pantry Donation - $",5,1
1680,2026-02-06,"2026-01-29","Chicken - Breakfast Links - Each",1,10
1680,2026-02-06,"2026-01-29","Potatoes - Regular - lbs",1,6
1680,2026-02-06,"2026-01-29","Extra Credit - Each",5.5,1.06
1680,2026-02-06,"2026-01-29","Mini",1,46.28
245,2026-02-06,"2026-01-29","Eggs - BW - Dozen",1,6.25
245,2026-02-06,"2026-01-29","Chicken - Breakfast Links - Each",1,10
245,2026-02-06,"2026-01-29","Chicken - Ground - Lb.",1,8.75
245,2026-02-06,"2026-01-29","Mushrooms - Choice",1,8.25
245,2026-02-06,"2026-01-29","Pasta Bi-color Short - Lb.",1,6.5
245,2026-02-06,"2026-01-29","Radishes - Watermelon  - Lb.",1,5.25
245,2026-02-06,"2026-01-29","Extra Credit - Each",6.25,1.06
245,2026-02-06,"2026-01-29","FSA/FSD",1,64.37
1884,2026-02-06,"2026-01-29","Bison - Ground - Lb.",1,21
1884,2026-02-06,"2026-01-29","Eggs - Dozen",1,6.25
1884,2026-02-06,"2026-01-29","Mushrooms - Choice",1,8.25
1884,2026-02-06,"2026-01-29","Mustard - Choice",1,6
1884,2026-02-06,"2026-01-29","Staff - include last wk's share - Bag",1,0
1884,2026-02-06,"2026-01-29","Half",1,68.89
1419,2026-02-06,"2026-01-29","Bagels - Plain - Frozen - Each",1,6.75
1419,2026-02-06,"2026-01-29","Boneless Pork Chop - D&M /lb - Lb.",1,12.32
1419,2026-02-06,"2026-01-29","Curds Creamy Ranch 10 oz - Bag",1,6.5
1419,2026-02-06,"2026-01-29","Pork Bacon Burgers - Pack",1,15.75
1419,2026-02-06,"2026-01-29","RL Chocolate Milk - Bottle",1,2.75
1419,2026-02-06,"2026-01-29","Extra Credit - Each",2.57,1.06
1419,2026-02-06,"2026-01-29","Half",1,68.89
1766,2026-02-06,"2026-01-29","Kirkwood Pickup Time (2.0 @1:30-2) - @1:30-2",1,0
1766,2026-02-06,"2026-01-29","Chicken Thighs - Boneless/lb. - Wee* - lbs",1,7.8
1766,2026-02-06,"2026-01-29","Eggs - Dozen",1,6.25
1766,2026-02-06,"2026-01-29","German Quark HBC - Jar",1,6.5
1766,2026-02-06,"2026-01-29","Spinach - Bag",1,6
1766,2026-02-06,"2026-01-29","Stringbean Ethiopian - Bag",1,15.45
1766,2026-02-06,"2026-01-29","Extra Credit - Each",7.75,1.06
1766,2026-02-06,"2026-01-29","UCA/KWA",1,64.37
1864,2026-02-06,"2026-01-29","Chicken Thighs - Boneless/lb. - lbs",1,8.5
1864,2026-02-06,"2026-01-29","Eggs - Dozen",2,6.25
1864,2026-02-06,"2026-01-29","Salmon - Fillet Pieces/LB* - Each",2,9.31
1864,2026-02-06,"2026-01-29","Winter Squash - Butternut (1.0 Medium) - Medium",1,3.5
1864,2026-02-06,"2026-01-29","Half",1,68.89
1864,2026-02-06,"2026-01-29","2% MILK-e",4,8.49
239,2026-02-06,"2026-01-29","Kirkwood Pickup Time - @1-1:30",1,0
239,2026-02-06,"2026-01-29","Bagels - Blueberry - BU - Bag",1,11
239,2026-02-06,"2026-01-29","Beef - Stew Meat - Pack",1,10.25
239,2026-02-06,"2026-01-29","Eggs - Dozen",1,6.25
239,2026-02-06,"2026-01-29","Yogurt - Blueberry - Oz.",1,6.75
239,2026-02-06,"2026-01-29","UCA/KWA",1,64.37
1941,2026-02-06,"2026-01-29","Chicken Breasts /lb. - Pack",1,11.72
1941,2026-02-06,"2026-01-29","Chicken Chorizo - Lb.",2,10
1941,2026-02-06,"2026-01-29","Eggs - Dozen",1,6.25
1941,2026-02-06,"2026-01-29","Extra Credit - Each",8.47,1.06
1941,2026-02-06,"2026-01-29","Mini",1,46.28
293,2026-02-06,"2026-01-29","Pepitas - Oz.",1,7.75
293,2026-02-06,"2026-01-29","Walnuts - Oz.",1,12.75
293,2026-02-06,"2026-01-29","Mothership Pickup Time (6.0 @6-6:30) - @6-6:30",1,0
293,2026-02-06,"2026-01-29","Chicken - Ground - Lb.",1,8.75
293,2026-02-06,"2026-01-29","Dark Chocolate Square  - Each",1,1.75
293,2026-02-06,"2026-01-29","Mushrooms (1.0 Shiitake) - Shiitake",1,8.25
293,2026-02-06,"2026-01-29","Extra Credit - Each",0.5,1.06
293,2026-02-06,"2026-01-29","FSA/FSD",1,64.37
1149,2026-02-06,"2026-01-29","Winter Squash - Acorn - Each",2,2.25
1149,2026-02-06,"2026-01-29","Mothership Pickup Time (1.0 @3:30-4) - @3:30-4",1,0
1149,2026-02-06,"2026-01-29","Aged Cheddar - HBC - Each",1,6.5
1149,2026-02-06,"2026-01-29","Apple Sauce - Chunky - NS - Quart",1,7.5
1149,2026-02-06,"2026-01-29","Buttermilk Waffles Sourdough - Frozen - Pack",1,5
1149,2026-02-06,"2026-01-29","Eggs - Dozen",1,6.25
1149,2026-02-06,"2026-01-29","Tastachios - Oz.",1,8.5
1149,2026-02-06,"2026-01-29","Winter Squash - Butternut (1.0 Medium) - Medium",1,3.5
1149,2026-02-06,"2026-01-29","Extra Credit - Each",0.25,1.06
1149,2026-02-06,"2026-01-29","Half",1,68.89
310,2026-02-06,"2026-01-29","Chicken - BULK Breasts /lb. - Pack",1,7.75
310,2026-02-06,"2026-01-29","Mothership Pickup Time (1.0 @3:30-4) - @3:30-4",1,0
310,2026-02-06,"2026-01-29","Apple Sauce - Chunky - NS - Quart",1,7.5
310,2026-02-06,"2026-01-29","Bagels - Blueberry - BU - Bag",1,11
310,2026-02-06,"2026-01-29","Eggs - Dozen",1,6.25
310,2026-02-06,"2026-01-29","Popcorn - McKaskle - Lb.",1,5.75
310,2026-02-06,"2026-01-29","Potatoes - Regular - lbs",1,6
310,2026-02-06,"2026-01-29","Potatoes - Sweet - lbs",1,6
310,2026-02-06,"2026-01-29","FSC",1,64.37
310,2026-02-06,"2026-01-29","Half & Half",1,5.05
310,2026-02-06,"2026-01-29","Skim MILK",2,8.49
1353,2026-02-06,"2026-01-29","Bison - Ground - Lb.",1,21
1353,2026-02-06,"2026-01-29","Eggs - Dozen",1,6.25
1353,2026-02-06,"2026-01-29","Mushrooms - Choice",1,8.25
1353,2026-02-06,"2026-01-29","Mustard - Choice",1,6
1353,2026-02-06,"2026-01-29","Half",1,68.89
1353,2026-02-06,"2026-01-29","Whole MILK-e",1,8.49
1271,2026-02-06,"2026-01-29","Cheddar - White MJC - Package",1,6.5
1271,2026-02-06,"2026-01-29","Heritage - Aged - Pack",1,6.5
1271,2026-02-06,"2026-01-29","Pizza - Cheese  - Each",1,7.25
1271,2026-02-06,"2026-01-29","Pizza - Pepperoni  - Each",1,8
1271,2026-02-06,"2026-01-29","Mothership Pickup Time (2.0 @4-4:30) - @4-4:30",1,0
1271,2026-02-06,"2026-01-29","Eggs - Dozen",1,6.25
1271,2026-02-06,"2026-01-29","Flour - Bread 5# - Lb.",1,9.8
1271,2026-02-06,"2026-01-29","Extra Credit - Each",5.55,1.06
1271,2026-02-06,"2026-01-29","FSA/FSD",1,64.37
634,2026-02-06,"2026-01-29","Kirkwood Pickup Time - @1-1:30",1,0
634,2026-02-06,"2026-01-29","Chicken - Breakfast Links - Each",1,10
634,2026-02-06,"2026-01-29","Eggs - Dozen",1,6.25
634,2026-02-06,"2026-01-29","Soy Sauce - Mushroom - Bottle",1,7.25
634,2026-02-06,"2026-01-29","Yogurt - Plain - Oz.",1,6.75
634,2026-02-06,"2026-01-29","Extra Credit - Each",0.75,1.06
634,2026-02-06,"2026-01-29","Mini",1,46.28
997,2026-02-06,"2026-01-29","Mothership Pickup Time (1.0 @3:30-4) - @3:30-4",1,0
997,2026-02-06,"2026-01-29","Bacon - Each",1,12.75
997,2026-02-06,"2026-01-29","Brioche - Buns - Frozen - Bag",1,6.5
997,2026-02-06,"2026-01-29","Buttermilk Waffles Sourdough - Frozen - Pack",1,5
997,2026-02-06,"2026-01-29","Cheese Choice $6.50 - Each",1,6.5
997,2026-02-06,"2026-01-29","Honey - med. 12 oz. mbb  - Each",1,12.5
997,2026-02-06,"2026-01-29","FSC",1,64.37
1652,2026-02-06,"2026-01-29","Chicken - Links ($10) - Each",1,10
1652,2026-02-06,"2026-01-29","Eggs - Dozen",1,6.25
1652,2026-02-06,"2026-01-29","Hummus Choice ($6.75) - Tub",1,6.75
1652,2026-02-06,"2026-01-29","Missouri Pecans (1.0 Halves) - Halves",1,6.5
1652,2026-02-06,"2026-01-29","Popped Corn - Organic - Bag",1,3
1652,2026-02-06,"2026-01-29","Sea Scallops/LB - Bag",1,58.38
1652,2026-02-06,"2026-01-29","Wild Cod/LB* - Pack",1,9.56
1652,2026-02-06,"2026-01-29","Extra Credit - Each",70.94,1.06
1652,2026-02-06,"2026-01-29","Mini",1,46.28
1431,2026-02-06,"2026-01-29","Mothership Pickup Time (5.0 @5:30-6) - @5:30-6",1,0
1431,2026-02-06,"2026-01-29","Chicken - Links ($10) - Each",1,10
1431,2026-02-06,"2026-01-29","Eggs - Dozen",1,6.25
1431,2026-02-06,"2026-01-29","Hummus Choice ($6.75) - Tub",1,6.75
1431,2026-02-06,"2026-01-29","Missouri Pecans (1.0 Halves) - Halves",1,6.5
1431,2026-02-06,"2026-01-29","Mini",1,46.28
1145,2026-02-06,"2026-01-29","Eggs - BW - Dozen",1,6.25
1145,2026-02-06,"2026-01-29","Heritage - Aged - Pack",2,6.5
1145,2026-02-06,"2026-01-29","Kirkwood Pickup Time - @1-1:30",1,0
1145,2026-02-06,"2026-01-29","Chicken Links - Andouille  - Lb.",1,10
1145,2026-02-06,"2026-01-29","Pasta - Short Egg  - Lb.",1,6.5
1145,2026-02-06,"2026-01-29","Extra Credit - Each",1.5,1.06
1145,2026-02-06,"2026-01-29","UCA/KWA",1,64.37
1329,2026-02-06,"2026-01-29","Kirkwood Pickup Time - @1-1:30",1,0
1329,2026-02-06,"2026-01-29","Bagels - Everything - BU - Bag",1,11
1329,2026-02-06,"2026-01-29","Bison - Ground - Lb.",1,21
1329,2026-02-06,"2026-01-29","Eggs - Dozen",1,6.25
1329,2026-02-06,"2026-01-29","Potatoes - Sweet - lbs",1,6
1329,2026-02-06,"2026-01-29","Extra Credit - Each",2.75,1.06
1329,2026-02-06,"2026-01-29","Half",1,68.89
1903,2026-02-06,"2026-01-29","Kirkwood Pickup Time (1.0 PORCH) - PORCH",1,0
1903,2026-02-06,"2026-01-29","Bagels - Plain - Bag",1,6.75
1903,2026-02-06,"2026-01-29","Eggs - Dozen",1,6.25
1903,2026-02-06,"2026-01-29","Milk Chocolate Lolli - Each",3,1.75
1903,2026-02-06,"2026-01-29","Missouri Pecans (1.0 Halves) - Halves",1,6.5
1903,2026-02-06,"2026-01-29","Vinaigrette - Greek Style - Bottle",1,6.25
1903,2026-02-06,"2026-01-29","Extra Credit - Each",1.5,1.06
1903,2026-02-06,"2026-01-29","Mini",1,46.28
657,2026-02-06,"2026-01-29","Mothership Pickup Time (3.0 @4:30-5) - @4:30-5",1,0
657,2026-02-06,"2026-01-29","Bison - Ground - Lb.",1,21
657,2026-02-06,"2026-01-29","Eggs - Dozen",1,6.25
657,2026-02-06,"2026-01-29","Honey - sm. 6oz mbb.  - Each",1,6.5
657,2026-02-06,"2026-01-29","Mushrooms - Choice",1,8.25
657,2026-02-06,"2026-01-29","Mustard (1.0 Honey) - Honey",1,6
657,2026-02-06,"2026-01-29","Extra Credit - Each",6.5,1.06
657,2026-02-06,"2026-01-29","Half",1,68.89
366,2026-02-06,"2026-01-29","Beef - Stew Meat - Pack",1,10.25
366,2026-02-06,"2026-01-29","Eggs - Dozen",1,6.25
366,2026-02-06,"2026-01-29","Frozen Bagel Choice ($11.0) - Bag",1,11
366,2026-02-06,"2026-01-29","Yogurt Choice  - Each",1,6.75
366,2026-02-06,"2026-01-29","UCA/KWA",1,64.37
405,2026-02-06,"2026-01-29","Ground Turkey - Pack",2,8.75
405,2026-02-06,"2026-01-29","Kirkwood Pickup Time (1.0 PORCH) - PORCH",1,0
405,2026-02-06,"2026-01-29","Carrots no tops - Lb.",1,6
405,2026-02-06,"2026-01-29","Chicken - Ground - Lb.",2,8.75
405,2026-02-06,"2026-01-29","Chicken Breasts /lb. - Pack",1,12.05
405,2026-02-06,"2026-01-29","Chicken Thighs - Boneless/lb. - lbs",1,10.71
405,2026-02-06,"2026-01-29","Eggs - Dozen",1,6.25
405,2026-02-06,"2026-01-29","FF - Fry Bread - Bag",1,7.25
405,2026-02-06,"2026-01-29","Maple Syrup 12 oz. - Jar",1,12.5
405,2026-02-06,"2026-01-29","Missouri Pecans (1.0 Halves) - Halves",1,6.5
405,2026-02-06,"2026-01-29","Potatoes - Sweet - lbs",1,6
405,2026-02-06,"2026-01-29","Extra Credit - Each",60.76,1.06
405,2026-02-06,"2026-01-29","Half",1,68.89
928,2026-02-06,"2026-01-29","Mothership Pickup Time (4.0 @5-5:30) - @5-5:30",1,0
928,2026-02-06,"2026-01-29","Bread Pudding (1.0 Mocha Swirl) - Mocha Swirl",1,6
928,2026-02-06,"2026-01-29","Chicken - Ground - Lb.",2,8.75
928,2026-02-06,"2026-01-29","Cinnamon Rolls - Pack",1,6.5
928,2026-02-06,"2026-01-29","Curry Sauce (1.0 Mango) - Mango",1,11.5
928,2026-02-06,"2026-01-29","Pasta Bi-color Short - Lb.",1,6.5
928,2026-02-06,"2026-01-29","Extra Credit - Each",9.25,1.06
928,2026-02-06,"2026-01-29","FSA/FSD",1,64.37
1002,2026-02-06,"2026-01-29","Eggs - BW - Dozen",1,6.25
1002,2026-02-06,"2026-01-29","Salsa - Gringo's Hot - Pint",1,5
1002,2026-02-06,"2026-01-29","Mothership Pickup Time (3.0 @4:30-5) - @4:30-5",1,0
1002,2026-02-06,"2026-01-29","Food Pantry Donation - $",1,1
1002,2026-02-06,"2026-01-29","Carrots no tops - Lb.",1,6
1002,2026-02-06,"2026-01-29","Hot Sweet Dills qt. - Quart",1,9.75
1002,2026-02-06,"2026-01-29","Pork - Chorizo (bulk) - Lb.",1,13.5
1002,2026-02-06,"2026-01-29","Shoots - Broccoli - Bag",1,4.25
1002,2026-02-06,"2026-01-29","Extra Credit - Each",7,1.06
1002,2026-02-06,"2026-01-29","FSA/FSD",1,64.37
1570,2026-02-06,"2026-01-29","Kirkwood Pickup Time (1.0 PORCH) - PORCH",1,0
1570,2026-02-06,"2026-01-29","Eggs - Dozen",1,6.25
1570,2026-02-06,"2026-01-29","Extra Credit - Each",6.25,1.06
1570,2026-02-06,"2026-01-29","No Produce - Order Only (even wk)",1,0
27,2026-02-06,"2026-01-29","Cheddar - Tipsy - Package",1,6.5
27,2026-02-06,"2026-01-29","Peanut Butter MC - Tub",2,7.75
27,2026-02-06,"2026-01-29","Mothership Pickup Time (5.0 @5:30-6) - @5:30-6",1,0
27,2026-02-06,"2026-01-29","Bison - Ground - Lb.",1,21
27,2026-02-06,"2026-01-29","FF Dish - Smoked Salmon Gnocchi - Pint",1,11.75
27,2026-02-06,"2026-01-29","Funds for Snacks - Each",2,1
27,2026-02-06,"2026-01-29","Loofah Soap (1.0 Cedar Rosemary) - Cedar Rosemary",1,6.5
27,2026-02-06,"2026-01-29","Popped Corn - Organic - Bag",1,3
27,2026-02-06,"2026-01-29","Staff - include last wk's share - Bag",1,0
27,2026-02-06,"2026-01-29","Tastachios - Oz.",1,8.5
27,2026-02-06,"2026-01-29","Extra Credit - Each",33.25,1.06
27,2026-02-06,"2026-01-29","Half",1,68.89
1206,2026-02-06,"2026-01-29","Kirkwood Pickup Time (1.0 PORCH) - PORCH",1,0
1206,2026-02-06,"2026-01-29","Beef - Stew Meat - Pack",1,10.25
1206,2026-02-06,"2026-01-29","Eggs - Dozen",1,6.25
1206,2026-02-06,"2026-01-29","Ground Beef - Wagyu MJC - Lb.",1,10.25
1206,2026-02-06,"2026-01-29","Pork Italian Bulk - D&M - Lb.",1,8
1206,2026-02-06,"2026-01-29","Extra Credit - Each",0.5,1.06
1206,2026-02-06,"2026-01-29","UCA/KWA",1,64.37
1900,2026-02-06,"2026-01-29","Mothership Pickup Time (1.0 @3:30-4) - @3:30-4",1,0
1900,2026-02-06,"2026-01-29","$ for green bags donation - $",1,1
1900,2026-02-06,"2026-01-29","Cooler Donation - $",1,1
1900,2026-02-06,"2026-01-29","Cooler Repair Donation - $",1,1
1900,2026-02-06,"2026-01-29","Bada Bing - Sub - Bag",1,6.25
1900,2026-02-06,"2026-01-29","Eggs - Dozen",1,6.25
1900,2026-02-06,"2026-01-29","Missouri Pecans (1.0 Halves) - Halves",1,6.5
1900,2026-02-06,"2026-01-29","Multigrain Bread  - Each",1,6.25
1900,2026-02-06,"2026-01-29","Mushrooms (1.0 Shiitake) - Shiitake",1,8.25
1900,2026-02-06,"2026-01-29","Olive Oil Large - Bottle",1,18.5
1900,2026-02-06,"2026-01-29","Pork Italian Bulk - D&M - Lb.",1,8
1900,2026-02-06,"2026-01-29","Spinach - Bag",1,6
1900,2026-02-06,"2026-01-29","Extra Credit - Each",37,1.06
1900,2026-02-06,"2026-01-29","Mini",1,46.28
1900,2026-02-06,"2026-01-29","Whole MILK-e",1,8.49
1236,2026-02-06,"2026-01-29","Chicken - Ground - Lb.",1,8.75
1236,2026-02-06,"2026-01-29","Clean Plate Pantry Choice ($11.5) - Jar",1,11.5
1236,2026-02-06,"2026-01-29","Dark Bar 61% - Package",1,2.75
1236,2026-02-06,"2026-01-29","Granola Bar - Each",1,3.75
1236,2026-02-06,"2026-01-29","Ground Lamb  - Lb.",1,16
1236,2026-02-06,"2026-01-29","Milk Chocolate Lolli - Each",1,1.75
1236,2026-02-06,"2026-01-29","Mushrooms - Choice",1,8.25
1236,2026-02-06,"2026-01-29","Ribeye Steak /lb - Pack",2,38.02
1236,2026-02-06,"2026-01-29","Extra Credit - Each",90.04,1.06
1236,2026-02-06,"2026-01-29","FSA/FSD",1,64.37
249,2026-02-06,"2026-01-29","Mothership Pickup Time (1.0 @3:30-4) - @3:30-4",1,0
249,2026-02-06,"2026-01-29","Bison - Ground - Lb.",1,21
249,2026-02-06,"2026-01-29","Eggs - Dozen",1,6.25
249,2026-02-06,"2026-01-29","Mushrooms (1.0 Shiitake) - Shiitake",1,8.25
249,2026-02-06,"2026-01-29","Mustard - Choice",1,6
249,2026-02-06,"2026-01-29","Half",1,68.89
364,2026-02-06,"2026-01-29","Winter Squash - Blue Delight/Hubbard - Each",1,4
364,2026-02-06,"2026-01-29","Mothership Pickup Time (6.0 @6-6:30) - @6-6:30",1,0
364,2026-02-06,"2026-01-29","Bagels - Blueberry - BU - Bag",1,11
364,2026-02-06,"2026-01-29","Eggs - Dozen",1,6.25
364,2026-02-06,"2026-01-29","English Muffin Sourdough - Frozen - Pack",1,5
364,2026-02-06,"2026-01-29","Oat Porridge Bread - T - Each",1,8.8
364,2026-02-06,"2026-01-29","Olive Oil Large - Bottle",1,18.5
364,2026-02-06,"2026-01-29","Potato Chips Kickers Lg - Oz.",1,9.25
364,2026-02-06,"2026-01-29","Winter Squash - Buttercup (1.0 Medium) - Medium",1,4.25
364,2026-02-06,"2026-01-29","Winter Squash - Georgia Candy Roaster - Each",1,8.25
364,2026-02-06,"2026-01-29","Yogurt - Strawberry - Oz.",1,6.75
364,2026-02-06,"2026-01-29","Extra Credit - Each",36.8,1.06
364,2026-02-06,"2026-01-29","FSC",1,64.37
1873,2026-02-06,"2026-01-29","Chicken - Big Bag Deboned Thighs/lb. - Bag",1,40.64
1873,2026-02-06,"2026-01-29","Mothership Pickup Time (4.0 @5-5:30) - @5-5:30",1,0
1873,2026-02-06,"2026-01-29","Eggs - Dozen",1,6.25
1873,2026-02-06,"2026-01-29","Hummus - Garlic - Tub",1,6.75
1873,2026-02-06,"2026-01-29","Missouri Pecans (1.0 Halves) - Halves",1,6.5
1873,2026-02-06,"2026-01-29","Spinach - Bag",1,6
1873,2026-02-06,"2026-01-29","Extra Credit - Each",36.64,1.06
1873,2026-02-06,"2026-01-29","Mini",1,46.28
76,2026-02-06,"2026-01-29","Chicken - Links ($10) - Each",1,10
76,2026-02-06,"2026-01-29","Eggs - Dozen",1,6.25
76,2026-02-06,"2026-01-29","Hummus Choice ($6.75) - Tub",1,6.75
76,2026-02-06,"2026-01-29","Missouri Pecans (1.0 Halves) - Halves",1,6.5
76,2026-02-06,"2026-01-29","Mini",1,46.28
734,2026-02-06,"2026-01-29","Eggs - BW - Dozen",1,6.25
734,2026-02-06,"2026-01-29","Mothership Pickup Time (1.0 @3:30-4) - @3:30-4",1,0
734,2026-02-06,"2026-01-29","Beets - No Tops - Lb.",1,6.5
734,2026-02-06,"2026-01-29","Chicken - Ground - Lb.",2,8.75
734,2026-02-06,"2026-01-29","Winter Squash - Spaghetti (1.0 Large) - Large",1,5.5
734,2026-02-06,"2026-01-29","Winter Squash - Tetsukabuto - Each",1,3.5
734,2026-02-06,"2026-01-29","Extra Credit - Each",0.5,1.06
734,2026-02-06,"2026-01-29","FSA/FSD",1,64.37
587,2026-02-06,"2026-01-29","Mothership Pickup Time (1.0 @3:30-4) - @3:30-4",1,0
587,2026-02-06,"2026-01-29","Bison - Ground - Lb.",1,21
587,2026-02-06,"2026-01-29","Eggs - Dozen",1,6.25
587,2026-02-06,"2026-01-29","Mushrooms - Choice",1,8.25
587,2026-02-06,"2026-01-29","Mustard - Choice",1,6
587,2026-02-06,"2026-01-29","Half",1,68.89
608,2026-02-06,"2026-01-29","Kirkwood Pickup Time (2.0 @1:30-2) - @1:30-2",1,0
608,2026-02-06,"2026-01-29","Bison - Ground - Lb.",1,21
608,2026-02-06,"2026-01-29","Eggs - Dozen",1,6.25
608,2026-02-06,"2026-01-29","Honey - Qt. - Jar",1,20
608,2026-02-06,"2026-01-29","Mushrooms - French Horn/King - Bag",1,8.25
608,2026-02-06,"2026-01-29","Mustard - Choice",1,6
608,2026-02-06,"2026-01-29","Seedy Wheaty Bread - Loaf",1,3.5
608,2026-02-06,"2026-01-29","Extra Credit - Each",23.5,1.06
608,2026-02-06,"2026-01-29","Half",1,68.89
1746,2026-02-06,"2026-01-29","Kirkwood Pickup Time - @1-1:30",1,0
1746,2026-02-06,"2026-01-29","Carrots no tops - Lb.",1,6
1746,2026-02-06,"2026-01-29","Eggs - Dozen",1,6.25
1746,2026-02-06,"2026-01-29","Potatoes - Regular - lbs",1,6
1746,2026-02-06,"2026-01-29","Potatoes - Sweet - lbs",1,6
1746,2026-02-06,"2026-01-29","Spinach - Bag",1,6
1746,2026-02-06,"2026-01-29","Yogurt Choice  - Each",1,6.75
1746,2026-02-06,"2026-01-29","Extra Credit - Each",2.75,1.06
1746,2026-02-06,"2026-01-29","UCA/KWA",1,64.37
573,2026-02-06,"2026-01-29","Canned Peaches - sugar - Jar",1,13.25
573,2026-02-06,"2026-01-29","Jam - Strawberry HBY - Pint",1,7
573,2026-02-06,"2026-01-29","Mothership Pickup Time (4.0 @5-5:30) - @5-5:30",1,0
573,2026-02-06,"2026-01-29","Applewood Smoked Cheddar - Each",1,6.5
573,2026-02-06,"2026-01-29","Chicken Chorizo - Lb.",1,10
573,2026-02-06,"2026-01-29","Eggs - Dozen",1,6.25
573,2026-02-06,"2026-01-29","Maple Syrup 12 oz. - Jar",1,12.5
573,2026-02-06,"2026-01-29","Extra Credit - Each",10.25,1.06
573,2026-02-06,"2026-01-29","FSC",1,64.37
1313,2026-02-06,"2026-01-29","Kirkwood Pickup Time (1.0 PORCH) - PORCH",1,0
1313,2026-02-06,"2026-01-29","Chicken - Breakfast Links - Each",1,10
1313,2026-02-06,"2026-01-29","Eggs - Dozen",1,6.25
1313,2026-02-06,"2026-01-29","Pasta - Short Egg  - Lb.",1,6.5
1313,2026-02-06,"2026-01-29","Pork Breakfast Link D&M - Pack",1,8
1313,2026-02-06,"2026-01-29","Ravioli - 4-Cheese - Lb.",1,9
1313,2026-02-06,"2026-01-29","Shoots - Specialty Mix - Bag",1,4.25
1313,2026-02-06,"2026-01-29","Extra Credit - Each",2.5,1.06
1313,2026-02-06,"2026-01-29","Half",1,68.89
1752,2026-02-06,"2026-01-29","Dates - Oz.",1,9.75
1752,2026-02-06,"2026-01-29","Potato Chips Kickers Mini - Oz.",1,1.5
1752,2026-02-06,"2026-01-29","Mothership Pickup Time (1.0 @3:30-4) - @3:30-4",1,0
1752,2026-02-06,"2026-01-29","Buttermilk Waffles Sourdough - Frozen - Pack",1,5
1752,2026-02-06,"2026-01-29","Cinnamon Rolls - Pack",1,6.5
1752,2026-02-06,"2026-01-29","Eggs - Dozen",1,6.25
1752,2026-02-06,"2026-01-29","Hummus - Beet & Pepita - Tub",1,6.75
1752,2026-02-06,"2026-01-29","Mushrooms - French Horn/King - Bag",1,8.25
1752,2026-02-06,"2026-01-29","Potatoes - Sweet - lbs",1,6
1752,2026-02-06,"2026-01-29","Seedy Wheaty - Frozen - Loaf",1,3.5
1752,2026-02-06,"2026-01-29","Extra Credit - Each",12,1.06
1752,2026-02-06,"2026-01-29","Half",1,68.89
1496,2026-02-06,"2026-01-29","Eggs - BW - Dozen",1,6.25
1496,2026-02-06,"2026-01-29","Peanut Butter MC - Tub",1,7.75
1496,2026-02-06,"2026-01-29","Mothership Pickup Time (2.0 @4-4:30) - @4-4:30",1,0
1496,2026-02-06,"2026-01-29","Chicken Breasts /lb. - Pack",1,11.55
1496,2026-02-06,"2026-01-29","Eggs - Dozen",1,6.25
1496,2026-02-06,"2026-01-29","FF Side - Jalapeno Cheesy Grits - Pint",1,10.25
1496,2026-02-06,"2026-01-29","Extra Credit - Each",12.55,1.06
1496,2026-02-06,"2026-01-29","Mini",1,38.3
636,2026-02-06,"2026-01-29","Chicken - Ground - Lb.",1,8.75
636,2026-02-06,"2026-01-29","Clean Plate Pantry Choice ($11.5) - Jar",1,11.5
636,2026-02-06,"2026-01-29","Mushrooms - Choice",1,8.25
636,2026-02-06,"2026-01-29","Oats - 1lb. - Choice",1,3.75
636,2026-02-06,"2026-01-29","Pasta Bi-color Short - Lb.",1,6.5
636,2026-02-06,"2026-01-29","FSA/FSD",1,64.37
636,2026-02-06,"2026-01-29","Whole MILK",1,8.49
250,2026-02-06,"2026-01-29","Half & Half - Pint",1,4.75
250,2026-02-06,"2026-01-29","Mothership Pickup Time (4.0 @5-5:30) - @5-5:30",1,0
250,2026-02-06,"2026-01-29","Carrots no tops - Lb.",1,6
250,2026-02-06,"2026-01-29","Chicken - Whole $4.75/lb. - Each",3,22.2
250,2026-02-06,"2026-01-29","Mushrooms - Choice",1,8.25
250,2026-02-06,"2026-01-29","Mushrooms (1.0 Lion's Mane) - Lion's Mane",1,8.25
250,2026-02-06,"2026-01-29","Extra Credit - Each",55.1,1.06
250,2026-02-06,"2026-01-29","FSA/FSD",1,64.37
725,2026-02-06,"2026-01-29","Ground Turkey - Pack",1,8.75
725,2026-02-06,"2026-01-29","Mothership Pickup Time (2.0 @4-4:30) - @4-4:30",1,0
725,2026-02-06,"2026-01-29","Gnocchi - Sweet Potato  - Lb.",1,6.5
725,2026-02-06,"2026-01-29","Mushrooms - Hen of the Woods/Maitake - Bag",1,8.25
725,2026-02-06,"2026-01-29","Pork - Brats Cheddar DM - 4-pack",1,8
725,2026-02-06,"2026-01-29","Pork - Bratwurst  - Pack",1,8
725,2026-02-06,"2026-01-29","Winter Squash - Spaghetti (1.0 Small) - Small",1,2
725,2026-02-06,"2026-01-29","Half",1,68.89
162,2026-02-06,"2026-01-29","Winter Squash - Blue Delight/Hubbard - Each",1,4
162,2026-02-06,"2026-01-29","Mothership Pickup Time (6.0 @6-6:30) - @6-6:30",1,0
162,2026-02-06,"2026-01-29","Mole Sauce - Jar",1,11.5
162,2026-02-06,"2026-01-29","Chevre PF (1.0 Plain) - Plain",1,8.5
162,2026-02-06,"2026-01-29","Ground Beef - D&M - Lb.",1,10.25
162,2026-02-06,"2026-01-29","Scary Squash - Mashed Potato - Each",1,1
162,2026-02-06,"2026-01-29","Winter Squash - Buttercup (1.0 Large) - Large",1,5.75
162,2026-02-06,"2026-01-29","Winter Squash - Butternut (1.0 Medium) - Medium",1,3.5
162,2026-02-06,"2026-01-29","Winter Squash - Tetsukabuto - Each",1,3.5
162,2026-02-06,"2026-01-29","Extra Credit - Each",2.75,1.06
162,2026-02-06,"2026-01-29","FSC",1,64.37
1020,2026-02-06,"2026-01-29","Ground Turkey - Pack",2,8.75
1020,2026-02-06,"2026-01-29","Pizza - Pepperoni  - Each",1,8
1020,2026-02-06,"2026-01-29","Beets - Pickled - Quart",1,8.25
1020,2026-02-06,"2026-01-29","Eggs - Dozen",1,6.25
1020,2026-02-06,"2026-01-29","Milk Chocolate Lolli - Each",1,1.75
1020,2026-02-06,"2026-01-29","Extra Credit - Each",0.25,1.06
1020,2026-02-06,"2026-01-29","Half",1,68.89
1243,2026-02-06,"2026-01-29","Mothership Pickup Time (4.0 @5-5:30) - @5-5:30",1,0
1243,2026-02-06,"2026-01-29","Chicken Thighs -/lb*. - Wee - Pack",1,5.29
1243,2026-02-06,"2026-01-29","Mushrooms - Choice",1,8.25
1243,2026-02-06,"2026-01-29","Mustard - Choice",1,6
1243,2026-02-06,"2026-01-29","Pizza - Bacon Bacon   - Each",1,8
1243,2026-02-06,"2026-01-29","Pork - Ground  - Lb.",1,7.25
1243,2026-02-06,"2026-01-29","Ravioli - 4-Cheese - Lb.",1,9
1243,2026-02-06,"2026-01-29","Extra Credit - Each",2.29,1.06
1243,2026-02-06,"2026-01-29","Half",1,68.89
133,2026-02-06,"2026-01-29","Mothership Pickup Time (2.0 @4-4:30) - @4-4:30",1,0
133,2026-02-06,"2026-01-29","Beets - No Tops - Lb.",1,6.5
133,2026-02-06,"2026-01-29","Eggs - Dozen",1,6.25
133,2026-02-06,"2026-01-29","English Muffin Sourdough - Frozen - Pack",1,5
133,2026-02-06,"2026-01-29","Radishes - Watermelon  - Lb.",1,5.25
133,2026-02-06,"2026-01-29","Spinach - Bag",1,6
133,2026-02-06,"2026-01-29","Turnips - Japanese/White - Lb.",1,4.25
133,2026-02-06,"2026-01-29","Extra Credit - Each",3.75,1.06
133,2026-02-06,"2026-01-29","Mini",1,46.28
747,2026-02-06,"2026-01-29","Peanut Butter MC - Tub",1,7.75
747,2026-02-06,"2026-01-29","Kirkwood Pickup Time (3.0 @2-2:30) - @2-2:30",1,0
747,2026-02-06,"2026-01-29","Beef - Stew Meat - Pack",1,10.25
747,2026-02-06,"2026-01-29","Carrots no tops - Lb.",1,6
747,2026-02-06,"2026-01-29","Eggs - Dozen",1,6.25
747,2026-02-06,"2026-01-29","Hummus - Garlic - Tub",1,6.75
747,2026-02-06,"2026-01-29","Spinach - Bag",1,6
747,2026-02-06,"2026-01-29","Yogurt Choice  - Each",1,6.75
747,2026-02-06,"2026-01-29","Extra Credit - Each",15.5,1.06
747,2026-02-06,"2026-01-29","UCA/KWA",1,64.37
529,2026-02-06,"2026-01-29","Buttermilk Waffles Sourdough - Frozen - Pack",1,5
529,2026-02-06,"2026-01-29","Curry Sauce (1.0 Green) - Green",1,11.5
529,2026-02-06,"2026-01-29","Curry Sauce (1.0 Mango) - Mango",1,11.5
529,2026-02-06,"2026-01-29","Curry Sauce (1.0 Red) - Red",1,11.5
529,2026-02-06,"2026-01-29","Hummus - Beet & Pepita - Tub",1,6.75
529,2026-02-06,"2026-01-29","Hummus - Carrot & Ginger - Tub",1,6.75
529,2026-02-06,"2026-01-29","Ravioli - Butternut Squash  - Lb.",1,9
529,2026-02-06,"2026-01-29","Salmon - Fillet Whole/LB - Each",1,34.92
529,2026-02-06,"2026-01-29","Tortellini - Goat Cheese - Pack",1,9
529,2026-02-06,"2026-01-29","oo'ma'me - Indian - Jar",1,12
529,2026-02-06,"2026-01-29","Extra Credit - Each",117.92,1.06
305,2026-02-06,"2026-01-29","Kirkwood Pickup Time - @1-1:30",1,0
305,2026-02-06,"2026-01-29","Bacon - Each",1,12.75
305,2026-02-06,"2026-01-29","Chicken - Breakfast - Pack",1,10
305,2026-02-06,"2026-01-29","Eggs - Dozen",1,6.25
305,2026-02-06,"2026-01-29","Pretzel Slider Buns - Frozen - Bag",1,6.25
305,2026-02-06,"2026-01-29","Extra Credit - Each",1,1.06
305,2026-02-06,"2026-01-29","UCA/KWA",1,64.37
515,2026-02-06,"2026-01-29","Milk - 2%  - Oz.",2,7.98
515,2026-02-06,"2026-01-29","Mothership Pickup Time (3.0 @4:30-5) - @4:30-5",1,0
515,2026-02-06,"2026-01-29","Carrots no tops - Lb.",1,6
515,2026-02-06,"2026-01-29","Chicken Thighs - Boneless/lb. - lbs",2,11.14
515,2026-02-06,"2026-01-29","Cinnamon Rolls - Pack",1,6.5
515,2026-02-06,"2026-01-29","Eggs - Dozen",2,6.25
515,2026-02-06,"2026-01-29","Hummus Choice ($6.75) - Tub",1,6.75
515,2026-02-06,"2026-01-29","Missouri Pecans (1.0 Halves) - Halves",1,6.5
515,2026-02-06,"2026-01-29","Olive Oil Large - Bottle",1,18.5
515,2026-02-06,"2026-01-29","Pork Sausage - s&p - Pack",1,10
515,2026-02-06,"2026-01-29","Yogurt - Plain - Oz.",1,6.75
515,2026-02-06,"2026-01-29","Extra Credit - Each",82.24,1.06
515,2026-02-06,"2026-01-29","Mini",1,46.28
855,2026-02-06,"2026-01-29","Chicken - BULK Breasts /lb. - Pack",1,37.51
855,2026-02-06,"2026-01-29","Mothership Pickup Time (1.0 @3:30-4) - @3:30-4",1,0
855,2026-02-06,"2026-01-29","Extra Credit - Each",8.01,1.06
855,2026-02-06,"2026-01-29","Mini",1,46.28
1424,2026-02-06,"2026-01-29","BYO - No Share, Order Only",1,0
1424,2026-02-06,"2026-01-29","Whole MILK-e",1,8.49
127,2026-02-06,"2026-01-29","Chicken - Big Bag Deboned Thighs/lb. - Bag",1,8
127,2026-02-06,"2026-01-29","Mothership Pickup Time (1.0 @3:30-4) - @3:30-4",1,0
127,2026-02-06,"2026-01-29","Bagels - Everything - Bag",1,6.75
127,2026-02-06,"2026-01-29","Black Bean Dip - Tub",1,6.25
127,2026-02-06,"2026-01-29","Chicken - Ground - Lb.",1,8.75
127,2026-02-06,"2026-01-29","Eggs - Dozen",1,6.25
127,2026-02-06,"2026-01-29","FF - Fry Bread - Bag",1,7.25
127,2026-02-06,"2026-01-29","Honey - Qt. - Jar",1,20
127,2026-02-06,"2026-01-29","Extra Credit - Each",18,1.06
127,2026-02-06,"2026-01-29","FSC",1,64.37
128,2026-02-06,"2026-01-29","Kirkwood Pickup Time (2.0 @1:30-2) - @1:30-2",1,0
128,2026-02-06,"2026-01-29","Bagels - Everything - BU - Bag",1,11
128,2026-02-06,"2026-01-29","Beef - Stew Meat - Pack",1,10.25
128,2026-02-06,"2026-01-29","Eggs - Dozen",1,6.25
128,2026-02-06,"2026-01-29","Yogurt - Blueberry - Oz.",1,6.75
128,2026-02-06,"2026-01-29","UCA/KWA",1,64.37
643,2026-02-06,"2026-01-29","Mothership Pickup Time (5.0 @5:30-6) - @5:30-6",1,0
643,2026-02-06,"2026-01-29","Chicken - Ground - Lb.",1,8.75
643,2026-02-06,"2026-01-29","Lasagna (1.0 Cheese) - Cheese",1,14.5
643,2026-02-06,"2026-01-29","Oats - 1lb. (1.0 Fine) - Fine",1,3.5
643,2026-02-06,"2026-01-29","Potatoes - Sweet - lbs",1,6
643,2026-02-06,"2026-01-29","Tortellini - Mushroom - Lb.",1,9
643,2026-02-06,"2026-01-29","Extra Credit - Each",3,1.06
643,2026-02-06,"2026-01-29","FSA/FSD",1,64.37
1468,2026-02-06,"2026-01-29","Mothership Pickup Time (4.0 @5-5:30) - @5-5:30",1,0
1468,2026-02-06,"2026-01-29","Chicken - Links ($10) - Each",1,10
1468,2026-02-06,"2026-01-29","Chuck Roast/lbs. - lbs",1,27.51
1468,2026-02-06,"2026-01-29","Ground Beef - Wagyu MJC - Lb.",1,10.25
1468,2026-02-06,"2026-01-29","Extra Credit - Each",18.26,1.06
1468,2026-02-06,"2026-01-29","Mini",1,46.28
622,2026-02-06,"2026-01-29","Heritage - Aged - Pack",1,6.5
622,2026-02-06,"2026-01-29","Bagels - Plain - BU - Bag",1,11
622,2026-02-06,"2026-01-29","Beef - Stew Meat - Pack",1,10.25
622,2026-02-06,"2026-01-29","Eggs - Dozen",1,6.25
622,2026-02-06,"2026-01-29","Missouri Pecans (1.0 Halves) - Halves",1,6.5
622,2026-02-06,"2026-01-29","Extra Credit - Each",6.25,1.06
622,2026-02-06,"2026-01-29","UCA/KWA",1,64.37
638,2026-02-06,"2026-01-29","Chicken - Links ($10) - Each",1,10
638,2026-02-06,"2026-01-29","Coconut Oil Quart - Quart",1,10.5
638,2026-02-06,"2026-01-29","Eggs - Dozen",1,6.25
638,2026-02-06,"2026-01-29","Honey - med. 12 oz. mbb  - Each",1,12.5
638,2026-02-06,"2026-01-29","Hummus Choice ($6.75) - Tub",1,6.75
638,2026-02-06,"2026-01-29","Milk Choc. Peanut Butter Bark - Pack",1,6.45
638,2026-02-06,"2026-01-29","Milk Chocolate Bar - Pack",1,2.75
638,2026-02-06,"2026-01-29","Missouri Pecans (1.0 Halves) - Halves",1,6.5
638,2026-02-06,"2026-01-29","Pork Snack Sticks - 5 pk - Plain",1,8.25
638,2026-02-06,"2026-01-29","Extra Credit - Each",40.45,1.06
638,2026-02-06,"2026-01-29","Mini",1,46.28
793,2026-02-06,"2026-01-29","Chicken - Links ($10) - Each",1,10
793,2026-02-06,"2026-01-29","Eggs - Dozen",2,6.25
793,2026-02-06,"2026-01-29","Missouri Pecans (1.0 Halves) - Halves",1,6.5
793,2026-02-06,"2026-01-29","Pizza Sourdough - Frozen - Pack",1,5
793,2026-02-06,"2026-01-29","Extra Credit - Each",4.5,1.06
793,2026-02-06,"2026-01-29","Mini",1,46.28
856,2026-02-06,"2026-01-29","Milk - Whole - Oz.",1,7.98
856,2026-02-06,"2026-01-29","Eggs - BW - Dozen",2,6.25
856,2026-02-06,"2026-01-29","Extra Credit - Each",20.48,1.06
1213,2026-02-06,"2026-01-29","Bison - Ground - Lb.",1,21
1213,2026-02-06,"2026-01-29","Eggs - Dozen",1,6.25
1213,2026-02-06,"2026-01-29","Mushrooms - Choice",1,8.25
1213,2026-02-06,"2026-01-29","Mustard - Choice",1,6
1213,2026-02-06,"2026-01-29","Half",1,68.89
1213,2026-02-06,"2026-01-29","Skim MILK-e",1,8.49
39,2026-02-06,"2026-01-29","Ground Turkey - Pack",1,8.75
39,2026-02-06,"2026-01-29","Peanut Butter MC - Tub",1,7.75
39,2026-02-06,"2026-01-29","Walnuts - Oz.",1,12.75
39,2026-02-06,"2026-01-29","Aged Cheddar - HBC - Each",1,6.5
39,2026-02-06,"2026-01-29","Chicken Thighs - Big Bag/lb. - Pack",1,27.17
39,2026-02-06,"2026-01-29","Hummus Choice ($6.75) - Tub",1,6.75
39,2026-02-06,"2026-01-29","Milk Chocolate Caramels - 4-pack",1,11.25
39,2026-02-06,"2026-01-29","Radishes - Purple Heart - Bunch",1,5.25
39,2026-02-06,"2026-01-29","Radishes - Watermelon  - Lb.",1,5.25
39,2026-02-06,"2026-01-29","Soy Sauce - Mushroom - Bottle",1,7.25
39,2026-02-06,"2026-01-29","Extra Credit - Each",69.17,1.06
39,2026-02-06,"2026-01-29","Mini",1,46.28
1750,2026-02-06,"2026-01-29","Salsa - Gringo's Medium - Pint",1,5
1750,2026-02-06,"2026-01-29","Stringbean Malawi Peaberry - Oz.",1,15.45
1750,2026-02-06,"2026-01-29","Mothership Pickup Time (4.0 @5-5:30) - @5-5:30",1,0
1750,2026-02-06,"2026-01-29","Beef - Stew Meat - Pack",1,10.25
1750,2026-02-06,"2026-01-29","Carrots no tops - Lb.",1,6
1750,2026-02-06,"2026-01-29","Chips - Tortilla - Bag",1,4.25
1750,2026-02-06,"2026-01-29","Eggs - Dozen",1,6.25
1750,2026-02-06,"2026-01-29","Ground Beef - D&M - Lb.",1,10.25
1750,2026-02-06,"2026-01-29","Purple Straw SRW Sifted Wheat Flour - Bag",1,8.6
1750,2026-02-06,"2026-01-29","Spinach - Bag",1,6
1750,2026-02-06,"2026-01-29","Staff - include last wk's share - Bag",1,2
1750,2026-02-06,"2026-01-29","Tortellini - Goat Cheese - Pack",1,9
1750,2026-02-06,"2026-01-29","Extra Credit - Each",53.55,1.06
1750,2026-02-06,"2026-01-29","Mini",1,46.28
1771,2026-02-06,"2026-01-29","Cheddar - White MJC - Package",1,6.5
1771,2026-02-06,"2026-01-29","Half & Half - Pint",1,4.75
1771,2026-02-06,"2026-01-29","Potato Chips Original - Mini - Oz.",1,1.5
1771,2026-02-06,"2026-01-29","Stringbean Brazilian - Oz.",1,15.45
1771,2026-02-06,"2026-01-29","Mothership Pickup Time (2.0 @4-4:30) - @4-4:30",1,0
1771,2026-02-06,"2026-01-29","Food for Ferals Donation - $",5,1
1771,2026-02-06,"2026-01-29","Bacon Ends /lb. - Package",1,10.74
1771,2026-02-06,"2026-01-29","Bada Bing - Sub - Bag",1,6.25
1771,2026-02-06,"2026-01-29","Eggs - Dozen",1,6.25
1771,2026-02-06,"2026-01-29","Louise's Cocoa Brownie Crisp Granola - Bag",1,10.75
1771,2026-02-06,"2026-01-29","Missouri Pecans (1.0 Halves) - Halves",1,6.5
1771,2026-02-06,"2026-01-29","Extra Credit - Each",44.19,1.06
1771,2026-02-06,"2026-01-29","Mini",1,46.28
1521,2026-02-06,"2026-01-29","Mothership Pickup Time (1.0 @3:30-4) - @3:30-4",1,0
1521,2026-02-06,"2026-01-29","Ground Beef - Wagyu MJC - Lb.",1,10.25
1521,2026-02-06,"2026-01-29","Missouri Pecans (1.0 Halves) - Halves",1,6.5
1521,2026-02-06,"2026-01-29","Mustard (1.0 Onion) - Onion",1,6
1521,2026-02-06,"2026-01-29","Yogurt - Vanilla - Oz.",1,6.75
1521,2026-02-06,"2026-01-29","Mini",1,46.28
900,2026-02-06,"2026-01-29","Mothership Pickup Time (1.0 @3:30-4) - @3:30-4",1,0
900,2026-02-06,"2026-01-29","Chuck Roast/lbs. - lbs",1,10.25
900,2026-02-06,"2026-01-29","Jar Tomatoes - Quart",1,7.5
900,2026-02-06,"2026-01-29","Polenta - Oz.",1,4.75
900,2026-02-06,"2026-01-29","Spinach - Bag",1,6
900,2026-02-06,"2026-01-29","FSC",1,64.37
900,2026-02-06,"2026-01-29","Whole MILK",1,8.49
171,2026-02-06,"2026-01-29","Mothership Pickup Time (4.0 @5-5:30) - @5-5:30",1,0
171,2026-02-06,"2026-01-29","Aged Cheddar - HBC - Each",1,6.5
171,2026-02-06,"2026-01-29","Apple Sauce - Organic Qt. - Quart",1,10.5
171,2026-02-06,"2026-01-29","Bagel Chips - Bag",1,5.25
171,2026-02-06,"2026-01-29","Carrots no tops - Lb.",1,6
171,2026-02-06,"2026-01-29","Eggs - Dozen",1,6.25
171,2026-02-06,"2026-01-29","FF Sauce - Thai Peanut - Half Pint",1,7.25
171,2026-02-06,"2026-01-29","Ground Beef - D&M - Lb.",1,10.25
171,2026-02-06,"2026-01-29","Potatoes - Regular - lbs",1,6
171,2026-02-06,"2026-01-29","Yogurt - Strawberry - Oz.",1,6.75
171,2026-02-06,"2026-01-29","Extra Credit - Each",19.5,1.06
171,2026-02-06,"2026-01-29","FSC",1,64.37
790,2026-02-06,"2026-01-29","UCity Pickup Time - @4:30-5",1,0
790,2026-02-06,"2026-01-29","Black Bean Hummus - Tub",1,6.25
790,2026-02-06,"2026-01-29","Chicken - Links ($10) - Each",1,10
790,2026-02-06,"2026-01-29","Honey - sm. 6oz mbb.  - Each",1,6.5
790,2026-02-06,"2026-01-29","Missouri Pecans (1.0 Halves) - Halves",1,6.5
790,2026-02-06,"2026-01-29","RL Chocolate Milk - Bottle",2,2.75
790,2026-02-06,"2026-01-29","Extra Credit - Each",5.25,1.06
790,2026-02-06,"2026-01-29","Mini",1,46.28
1819,2026-02-06,"2026-01-29","Chicken - Ground - Lb.",1,8.75
1819,2026-02-06,"2026-01-29","Clean Plate Pantry Choice ($11.5) - Jar",1,11.5
1819,2026-02-06,"2026-01-29","Mushrooms - Choice",1,8.25
1819,2026-02-06,"2026-01-29","Oats - 1lb. - Choice",1,3.75
1819,2026-02-06,"2026-01-29","Pasta Bi-color Short - Lb.",1,6.5
1819,2026-02-06,"2026-01-29","FSA/FSD",1,64.37
1819,2026-02-06,"2026-01-29","Whole MILK",4,8.49
904,2026-02-06,"2026-01-29","Milk - 2%  - Oz.",1,7.98
904,2026-02-06,"2026-01-29","Winter Squash - Blue Delight/Hubbard - Each",1,4
904,2026-02-06,"2026-01-29","Mothership Pickup Time (3.0 @4:30-5) - @4:30-5",1,0
904,2026-02-06,"2026-01-29","Curds Applewood Smoked 10 oz - Bag",1,6.5
904,2026-02-06,"2026-01-29","Eggs - Dozen",1,6.25
904,2026-02-06,"2026-01-29","Gnocchi - Garlic Chive  - Lb.",1,6.5
904,2026-02-06,"2026-01-29","Gnocchi - Sundried Tomato  - Lb.",1,6.5
904,2026-02-06,"2026-01-29","Pork Italian Bulk - D&M - Lb.",1,8
904,2026-02-06,"2026-01-29","Half",1,68.89
1440,2026-02-06,"2026-01-29","Beef - Stew Meat - Pack",1,10.25
1440,2026-02-06,"2026-01-29","Carrots no tops - Lb.",1,6
1440,2026-02-06,"2026-01-29","Chicken Breasts /lb. - Pack",1,11.06
1440,2026-02-06,"2026-01-29","Curds Garlic Herb HBC 10 oz  - Bag",1,6.5
1440,2026-02-06,"2026-01-29","Grits - Oz.",1,4.75
1440,2026-02-06,"2026-01-29","Maple Syrup 12 oz. - Jar",1,12.5
1440,2026-02-06,"2026-01-29","Extra Credit - Each",9.56,1.06
1440,2026-02-06,"2026-01-29","Half",1,68.89
1683,2026-02-06,"2026-01-29","Kirkwood Pickup Time - @1-1:30",1,0
1683,2026-02-06,"2026-01-29","Chicken Breasts /lb. - Pack",1,12.54
1683,2026-02-06,"2026-01-29","Cornmeal - Oz.",1,4.75
1683,2026-02-06,"2026-01-29","Eggs - Dozen",1,6.25
1683,2026-02-06,"2026-01-29","Oats - 1lb. (1.0 Rolled) - Rolled",1,3.75
1683,2026-02-06,"2026-01-29","Purple Straw SRW Pastry Wheat Flour  - Bag",1,7.25
1683,2026-02-06,"2026-01-29","Seedy Wheaty - Frozen - Loaf",1,3.5
1683,2026-02-06,"2026-01-29","Seedy Wheaty Bread - Loaf",1,3.5
1683,2026-02-06,"2026-01-29","Extra Credit - Each",7.29,1.06
1683,2026-02-06,"2026-01-29","UCA/KWA",1,64.37
959,2026-02-06,"2026-01-29","Bison - Ground - Lb.",1,21
959,2026-02-06,"2026-01-29","Eggs - Dozen",1,6.25
959,2026-02-06,"2026-01-29","FF Sauce - Puttanesca - Pint",1,11
959,2026-02-06,"2026-01-29","Mushrooms - Choice",1,8.25
959,2026-02-06,"2026-01-29","Yogurt - Blueberry - Oz.",1,6.75
959,2026-02-06,"2026-01-29","Extra Credit - Each",4.25,1.06
959,2026-02-06,"2026-01-29","Half",1,50.19
959,2026-02-06,"2026-01-29","2% MILK-e",1,8.49
959,2026-02-06,"2026-01-29","Creamline MILK-e",1,8.49
845,2026-02-06,"2026-01-29","Salsa - Gringo's Medium - Pint",1,5
845,2026-02-06,"2026-01-29","Chicken Thighs - Boneless/lb. - lbs",1,15.81
845,2026-02-06,"2026-01-29","Chips - Tortilla - Bag",1,4.25
845,2026-02-06,"2026-01-29","Eggs - Dozen",1,6.25
845,2026-02-06,"2026-01-29","Granola Bar - Each",2,3.75
845,2026-02-06,"2026-01-29","Ground Beef - D&M - Lb.",1,10.25
845,2026-02-06,"2026-01-29","Multigrain Bread  - Each",1,6.25
845,2026-02-06,"2026-01-29","Mushrooms - Hen of the Woods/Maitake - Bag",1,8.25
845,2026-02-06,"2026-01-29","Stringbean Half Caf - Bag",1,15.45
845,2026-02-06,"2026-01-29","Extra Credit - Each",33.76,1.06
845,2026-02-06,"2026-01-29","FSC",1,64.37
1582,2026-02-06,"2026-01-29","Eggs - BW - Dozen",1,6.25
1582,2026-02-06,"2026-01-29","Mothership Pickup Time (2.0 @4-4:30) - @4-4:30",1,0
1582,2026-02-06,"2026-01-29","Cheese - Ozark Mutschli Large - $ - Each",1,8.64
1582,2026-02-06,"2026-01-29","English Muffin Sourdough - Frozen - Pack",1,5
1582,2026-02-06,"2026-01-29","Missouri Pecans (1.0 Halves) - Halves",1,6.5
1582,2026-02-06,"2026-01-29","Shoots - Specialty Mix - Bag",1,4.25
1582,2026-02-06,"2026-01-29","Extra Credit - Each",1.14,1.06
1582,2026-02-06,"2026-01-29","Mini",1,46.28
463,2026-02-06,"2026-01-29","Eggs - Dozen",1,6.25
463,2026-02-06,"2026-01-29","Ground Lamb  - Lb.",1,16
463,2026-02-06,"2026-01-29","Hummus Choice ($6.75) - Tub",1,6.75
463,2026-02-06,"2026-01-29","Missouri Pecans (1.0 Halves) - Halves",1,6.5
463,2026-02-06,"2026-01-29","Extra Credit - Each",6,1.06
463,2026-02-06,"2026-01-29","Mini",1,46.28
704,2026-02-06,"2026-02-04","Beef - Stew Meat - Pack",1,10.25
704,2026-02-06,"2026-02-04","Bread Choice ($6.25) - Loaf",1,6.25
704,2026-02-06,"2026-02-04","Canned Choice $7.5 - Quart",1,7.5
704,2026-02-06,"2026-02-04","Curds Creamy Ranch 10 oz - Bag",1,6.5
704,2026-02-06,"2026-02-04","Eggs - Dozen",2,6.25
704,2026-02-06,"2026-02-04","Granola Bar - Each",1,3.75
704,2026-02-06,"2026-02-04","Wildcard $8.75 - Each",1,8.75
704,2026-02-06,"2026-02-04","Extra Credit - Each",9.75,1.06
704,2026-02-06,"2026-02-04","FSA/FSD",1,64.37
291,2026-02-06,"2026-02-04","Mothership Pickup Time (1.0 @3:30-4) - @3:30-4",1,0
291,2026-02-06,"2026-02-04","Beets - Pickled - Quart",1,8.25
291,2026-02-06,"2026-02-04","Buttermilk Waffles Sourdough - Frozen - Pack",1,5
291,2026-02-06,"2026-02-04","Chicken - Livers /lb* - Pack",1,1.68
291,2026-02-06,"2026-02-04","Eggs - Dozen",1,6.25
291,2026-02-06,"2026-02-04","Kohlrabi  - Head",1,1.5
291,2026-02-06,"2026-02-04","Kuva Ethiopian - Bag",1,15.45
291,2026-02-06,"2026-02-04","Milk Chocolate Lolli - Each",1,1.75
291,2026-02-06,"2026-02-04","Extra Credit - Each",1.13,1.06
291,2026-02-06,"2026-02-04","Half",1,68.89
1045,2026-02-06,"2026-02-04","Cheddar - White MJC - Package",1,6.5
1045,2026-02-06,"2026-02-04","Mothership Pickup Time (4.0 @5-5:30) - @5-5:30",1,0
1045,2026-02-06,"2026-02-04","Food for Ferals Donation - $",1,1
1045,2026-02-06,"2026-02-04","Chips - Tortilla - Bag",1,4.25
1045,2026-02-06,"2026-02-04","Eggs - Dozen",2,6.25
1045,2026-02-06,"2026-02-04","Ground Beef - Wagyu MJC - Lb.",1,10.25
1045,2026-02-06,"2026-02-04","Potato Chips Kickers med - Oz.",1,3
1045,2026-02-06,"2026-02-04","Sesame Hoagie -W - Each",1,3.6
1045,2026-02-06,"2026-02-04","White Rice Cooked - Lb.",1,3
1045,2026-02-06,"2026-02-04","Extra Credit - Each",5.35,1.06
1045,2026-02-06,"2026-02-04","Half",1,68.89
1983,2026-02-06,"2026-02-04","Peanut Butter MC - Tub",1,7.75
1983,2026-02-06,"2026-02-04","Mothership Pickup Time (1.0 @3:30-4) - @3:30-4",1,0
1983,2026-02-06,"2026-02-04","Bacon - Each",1,12.75
1983,2026-02-06,"2026-02-04","Feta Cheese - HBC - Each",1,6.5
1983,2026-02-06,"2026-02-04","Ground Beef - D&M - Lb.",1,10.25
1983,2026-02-06,"2026-02-04","Lettuce - Bibb - Head",1,3
1983,2026-02-06,"2026-02-04","Extra Credit - Each",6.75,1.06
1983,2026-02-06,"2026-02-04","Mini",1,46.28
553,2026-02-06,"2026-02-04","Milk - Whole - Oz.",1,7.98
553,2026-02-06,"2026-02-04","RL Heavy Cream  - Pint",1,7.5
553,2026-02-06,"2026-02-04","Eggs - Dozen",2,6.25
553,2026-02-06,"2026-02-04","Feta Cheese - HBC - Each",1,6.5
553,2026-02-06,"2026-02-04","Ground Beef - D&M - Lb.",1,10.25
553,2026-02-06,"2026-02-04","Extra Credit - Each",11.23,1.06
553,2026-02-06,"2026-02-04","Mini",1,46.28
262,2026-02-06,"2026-02-04","Milk - 2%  - Oz.",1,7.98
262,2026-02-06,"2026-02-04","Milk - Whole - Oz.",1,7.98
262,2026-02-06,"2026-02-04","Eggs - BW - Dozen",2,6.25
262,2026-02-06,"2026-02-04","UCity Pickup Time - @4:30-5",1,0
262,2026-02-06,"2026-02-04","Chicken - Breakfast Links - Each",2,10
262,2026-02-06,"2026-02-04","Eggs - H - Dozen",2,6.25
262,2026-02-06,"2026-02-04","Flaked Salmon/lb. - Lb.",1,14
262,2026-02-06,"2026-02-04","Gr. Beef Bundle DM ( 5-pack) - Each",1,48.75
262,2026-02-06,"2026-02-04","Pork Snack Sticks - 5 pk - Plain",1,8.25
262,2026-02-06,"2026-02-04","Stringbean Half Caf - Bag",1,15.45
262,2026-02-06,"2026-02-04","Extra Credit - Each",108.66,1.06
262,2026-02-06,"2026-02-04","Half",1,68.89
1038,2026-02-06,"2026-02-04","Milk - Whole - Oz.",1,7.98
1038,2026-02-06,"2026-02-04","Mothership Pickup Time (4.0 @5-5:30) - @5-5:30",1,0
1038,2026-02-06,"2026-02-04","Eggs - Dozen",1,6.25
1038,2026-02-06,"2026-02-04","Mushrooms (1.0 Shiitake) - Shiitake",1,8.25
1038,2026-02-06,"2026-02-04","Tortellini - Mushroom - Lb.",1,9
1038,2026-02-06,"2026-02-04","Yogurt - Plain - Oz.",1,6.75
1038,2026-02-06,"2026-02-04","Mini",1,46.28
1741,2026-02-06,"2026-02-04","UCity Pickup Time - @4:30-5",1,0
1741,2026-02-06,"2026-02-04","Croissants - Pack",1,4.5
1741,2026-02-06,"2026-02-04","Eggs - Dozen",1,6.25
1741,2026-02-06,"2026-02-04","Missouri Pecans (1.0 Halves) - Halves",1,6.5
1741,2026-02-06,"2026-02-04","Pink Sauce - Oz.",1,8.75
1741,2026-02-06,"2026-02-04","Radishes - Purple Heart - Bunch",1,5.25
1741,2026-02-06,"2026-02-04","Spicy Dill Pickles - Quart",1,7.75
1741,2026-02-06,"2026-02-04","Extra Credit - Each",0.25,1.06
1741,2026-02-06,"2026-02-04","Half",1,68.89
1197,2026-02-06,"2026-02-04","Quark-Frozen - Tub",1,6.5
1197,2026-02-06,"2026-02-04","UCity Pickup Time (3.0 @5:30-6) - @5:30-6",1,0
1197,2026-02-06,"2026-02-04","Ground Beef - D&M - Lb.",1,10.25
1197,2026-02-06,"2026-02-04","Pink Sauce - Oz.",1,8.75
1197,2026-02-06,"2026-02-04","Pork - Chorizo (bulk) - Lb.",1,13.5
1197,2026-02-06,"2026-02-04","Tortellini - Goat Cheese - Pack",1,9
1197,2026-02-06,"2026-02-04","Extra Credit - Each",14.5,1.06
1687,2026-02-06,"2026-02-04","Milk - Whole - Oz.",1,7.98
1687,2026-02-06,"2026-02-04","Mothership Pickup Time (3.0 @4:30-5) - @4:30-5",1,0
1687,2026-02-06,"2026-02-04","Food for Ferals Donation - $",5,1
1687,2026-02-06,"2026-02-04","Auction Donation - $",5,1
1687,2026-02-06,"2026-02-04","Capsules - Lion's Mane Mushrooms - Bag",1,11.5
1687,2026-02-06,"2026-02-04","Curds Garlic Herb HBC 10 oz  - Bag",1,6.5
1687,2026-02-06,"2026-02-04","Eggs - Dozen",2,6.25
1687,2026-02-06,"2026-02-04","FF Dish - Smoked Salmon Gnocchi - Pint",1,11.75
1687,2026-02-06,"2026-02-04","Missouri Pecans (1.0 Halves) - Halves",1,6.5
1687,2026-02-06,"2026-02-04","Semolina - Wednesday - Loaf",1,6.75
1687,2026-02-06,"2026-02-04","Extra Credit - Each",29.73,1.06
1687,2026-02-06,"2026-02-04","Half",1,68.89
1039,2026-02-06,"2026-02-04","Pizza - Deluxe - Each",1,8
1039,2026-02-06,"2026-02-04","UCity Pickup Time (3.0 @5:30-6) - @5:30-6",1,0
1039,2026-02-06,"2026-02-04","Ground Lamb  - Lb.",1,16
1039,2026-02-06,"2026-02-04","Mushrooms (1.0 Lion's Mane) - Lion's Mane",1,8.25
1039,2026-02-06,"2026-02-04","Pork Italian Links - D&M - Each",1,8
1039,2026-02-06,"2026-02-04","Semolina - Wednesday - Loaf",1,6.75
1039,2026-02-06,"2026-02-04","Extra Credit - Each",8.25,1.06
1039,2026-02-06,"2026-02-04","UCA/KWA",1,64.37
618,2026-02-06,"2026-02-04","Eggs - BW - Dozen",1,6.25
618,2026-02-06,"2026-02-04","Mothership Pickup Time (4.0 @5-5:30) - @5-5:30",1,0
618,2026-02-06,"2026-02-04","Hummus - Carrot & Ginger - Tub",1,6.75
618,2026-02-06,"2026-02-04","Marinara Sauce - Jar",1,8.75
618,2026-02-06,"2026-02-04","Mexican Dark Bark - Package",1,6.45
618,2026-02-06,"2026-02-04","Mushrooms (1.0 Shiitake) - Shiitake",1,8.25
618,2026-02-06,"2026-02-04","Seedy Wheaty - Frozen - Loaf",1,3.5
618,2026-02-06,"2026-02-04","Toffee - Package",1,6.45
618,2026-02-06,"2026-02-04","Winter Squash - Butternut (1.0 Medium) - Medium",1,4
618,2026-02-06,"2026-02-04","Yogurt - Vanilla - Oz.",1,6.75
618,2026-02-06,"2026-02-04","Extra Credit - Each",16.15,1.06
618,2026-02-06,"2026-02-04","FSC",1,64.37
180,2026-02-06,"2026-02-04","UCity Pickup Time - @4:30-5",1,0
180,2026-02-06,"2026-02-04","Bagels - Everything - Bag",1,6.75
180,2026-02-06,"2026-02-04","Eggs - Dozen",1,6.25
180,2026-02-06,"2026-02-04","FF Dish - Saag Paneer - Pint",1,11.75
180,2026-02-06,"2026-02-04","Lettuce - Bibb - Head",1,3
180,2026-02-06,"2026-02-04","Yogurt - Strawberry - Oz.",1,6.75
180,2026-02-06,"2026-02-04","Extra Credit - Each",1,1.06
180,2026-02-06,"2026-02-04","Mini",1,46.28
1830,2026-02-06,"2026-02-04","Quark-Frozen - Tub",1,6.5
1830,2026-02-06,"2026-02-04","Bagels - Honey Buckwheat - BU - Bag",1,11
1830,2026-02-06,"2026-02-04","Chevre PF (1.0 Pepper) - Pepper",1,8.5
1830,2026-02-06,"2026-02-04","Eggs - Dozen",1,6.25
1830,2026-02-06,"2026-02-04","Peaches - Spiced - Jar",1,13.25
1830,2026-02-06,"2026-02-04","Yogurt - Plain - Oz.",1,6.75
1830,2026-02-06,"2026-02-04","Extra Credit - Each",1.5,1.06
1830,2026-02-06,"2026-02-04","FSA/FSD",1,64.37
1830,2026-02-06,"2026-02-04","2% MILK",1,8.49
732,2026-02-06,"2026-02-04","Bagels - Honey Buckwheat - BU - Bag",1,11
732,2026-02-06,"2026-02-04","Chicken Thighs - Boneless/lb. - lbs",2,11.99
732,2026-02-06,"2026-02-04","Eggs - Dozen",1,6.25
732,2026-02-06,"2026-02-04","Turnips - Japanese/White - Lb.",1,4.25
732,2026-02-06,"2026-02-04","Winter Squash - Tetsukabuto - Each",1,3.5
732,2026-02-06,"2026-02-04","Extra Credit - Each",10.23,1.06
732,2026-02-06,"2026-02-04","Half",1,68.89
421,2026-02-06,"2026-02-04","Apple Sauce - Organic Qt. - Quart",1,10.5
421,2026-02-06,"2026-02-04","Cheese Choice $6.50 - Each",1,6.5
421,2026-02-06,"2026-02-04","Cinnamon Rolls - Pack",1,6.5
421,2026-02-06,"2026-02-04","Eggs - Dozen",1,6.25
421,2026-02-06,"2026-02-04","Ground Beef - D&M - Lb.",1,10.25
421,2026-02-06,"2026-02-04","Extra Credit - Each",6.5,1.06
421,2026-02-06,"2026-02-04","Mini",1,46.28
1034,2026-02-06,"2026-02-04","Chicken - Links ($10) - Each",1,10
1034,2026-02-06,"2026-02-04","Chips - Tortilla - Bag",1,4.25
1034,2026-02-06,"2026-02-04","Eggs - Dozen",1,6.25
1034,2026-02-06,"2026-02-04","Hummus Choice ($6.75) - Tub",1,6.75
1034,2026-02-06,"2026-02-04","Kairos Sourdough Choice $5 - Pack",1,5
1034,2026-02-06,"2026-02-04","Missouri Pecans (1.0 Halves) - Halves",1,6.5
1034,2026-02-06,"2026-02-04","Half",1,68.89
508,2026-02-06,"2026-02-04","Ground Turkey - Pack",1,8.75
508,2026-02-06,"2026-02-04","Mothership Pickup Time (3.0 @4:30-5) - @4:30-5",1,0
508,2026-02-06,"2026-02-04","Beef - Stew Meat - Pack",1,10.25
508,2026-02-06,"2026-02-04","Eggs - Dozen",1,6.25
508,2026-02-06,"2026-02-04","Jam - Damson Plum HBY - Pint",1,7.5
508,2026-02-06,"2026-02-04","Sourdough Bread - Frozen - Lb.",1,6.25
508,2026-02-06,"2026-02-04","Yogurt - Plain - Oz.",1,6.75
508,2026-02-06,"2026-02-04","FSA/FSD",1,64.37
1203,2026-02-06,"2026-02-04","Mothership Pickup Time (2.0 @4-4:30) - @4-4:30",1,0
1203,2026-02-06,"2026-02-04","Bacon Ends /lb. - Package",1,10.42
1203,2026-02-06,"2026-02-04","Eggs - Dozen",1,6.25
1203,2026-02-06,"2026-02-04","Ground Beef - D&M - Lb.",1,10.25
1203,2026-02-06,"2026-02-04","Pork - Ground  - Lb.",1,7.25
1203,2026-02-06,"2026-02-04","Sorghum Molasses Syrup - Jar",1,8
1203,2026-02-06,"2026-02-04","Turnips - Japanese/White - Lb.",1,4.25
1203,2026-02-06,"2026-02-04","Extra Credit - Each",0.67,1.06
1203,2026-02-06,"2026-02-04","FSA/FSD",1,64.37
444,2026-02-06,"2026-02-04","Almonds - Raw - Oz.",1,14.75
444,2026-02-06,"2026-02-04","Eggs - BW - Dozen",1,6.25
444,2026-02-06,"2026-02-04","UCity Pickup Time - @4:30-5",1,0
444,2026-02-06,"2026-02-04","Blackberry Vinaigrette - Jar",1,10.25
444,2026-02-06,"2026-02-04","Chicken - Thighs /lbs  - lbs",2,6.84
444,2026-02-06,"2026-02-04","RL Chocolate Milk - Bottle",2,2.75
444,2026-02-06,"2026-02-04","Extra Credit - Each",11.68,1.06
444,2026-02-06,"2026-02-04","UCA/KWA",1,64.37
828,2026-02-06,"2026-02-04","Pizza - Pepperoni  - Each",1,8
828,2026-02-06,"2026-02-04","Pizza - Tomato Basil Garlic  - Each",1,8
828,2026-02-06,"2026-02-04","Chicken - Breakfast - Pack",1,10
828,2026-02-06,"2026-02-04","Chicken Thighs - Boneless/lb. - lbs",2,10.03
828,2026-02-06,"2026-02-04","Ground Beef - D&M - Lb.",1,10.25
828,2026-02-06,"2026-02-04","Pizza - Bacon Bacon   - Each",1,8
828,2026-02-06,"2026-02-04","Extra Credit - Each",30.81,1.06
828,2026-02-06,"2026-02-04","Mini",1,46.28
671,2026-02-06,"2026-02-04","Mothership Pickup Time (3.0 @4:30-5) - @4:30-5",1,0
671,2026-02-06,"2026-02-04","Black Beans DC - Tub",3,6.25
671,2026-02-06,"2026-02-04","Chicken - Links ($10) - Each",1,10
671,2026-02-06,"2026-02-04","Dark Chocolate Coffee Bark - Pack",1,6.45
671,2026-02-06,"2026-02-04","Dark Chocolate Salted Bark - Pack",1,6.45
671,2026-02-06,"2026-02-04","Eggs - Dozen",1,6.25
671,2026-02-06,"2026-02-04","Missouri Pecans (1.0 Halves) - Halves",1,6.5
671,2026-02-06,"2026-02-04","Extra Credit - Each",13.15,1.06
671,2026-02-06,"2026-02-04","Half",1,68.89
671,2026-02-06,"2026-02-04","Whole MILK-o",1,8.49
1543,2026-02-06,"2026-02-04","Mothership Pickup Time (1.0 @3:30-4) - @3:30-4",1,0
1543,2026-02-06,"2026-02-04","Mole Sauce - Jar",1,11.5
1543,2026-02-06,"2026-02-04","Donation to Food Pantry - Each",4,1
1543,2026-02-06,"2026-02-04","Food For FS Cats Donation - $",2,1
1543,2026-02-06,"2026-02-04","Beef - Stew Meat - Pack",1,10.25
1543,2026-02-06,"2026-02-04","Black Bean Hummus - Tub",1,6.25
1543,2026-02-06,"2026-02-04","Mojo Marinade - Tub",1,6.25
1543,2026-02-06,"2026-02-04","RL Chocolate Milk - Bottle",2,2.75
1543,2026-02-06,"2026-02-04","FSA/FSD",1,64.37
1286,2026-02-06,"2026-02-04","Ground Turkey - Pack",1,8.75
1286,2026-02-06,"2026-02-04","Cheddar - White MJC - Package",1,6.5
1286,2026-02-06,"2026-02-04","Mothership Pickup Time (1.0 @3:30-4) - @3:30-4",1,0
1286,2026-02-06,"2026-02-04","King Salmon Flakes/LB* - $",1,23.8
1286,2026-02-06,"2026-02-04","Yogurt - Vanilla - Oz.",1,6.75
1286,2026-02-06,"2026-02-04","Extra Credit - Each",4.8,1.06
1286,2026-02-06,"2026-02-04","FSC",1,64.37
1124,2026-02-06,"2026-02-04","Mothership Pickup Time (1.0 @3:30-4) - @3:30-4",1,0
1124,2026-02-06,"2026-02-04","Black Pepper Cheddar - Each",1,6.5
1124,2026-02-06,"2026-02-04","Chicken - Thighs /lbs  - lbs",1,7.36
1124,2026-02-06,"2026-02-04","Eggs - Dozen",1,6.25
1124,2026-02-06,"2026-02-04","Marinara Sauce - Jar",1,8.75
1124,2026-02-06,"2026-02-04","Potatoes - Sweet - lbs",1,6
1124,2026-02-06,"2026-02-04","Winter Squash - Spaghetti (1.0 Large) - Large",1,5.5
1124,2026-02-06,"2026-02-04","Extra Credit - Each",1.61,1.06
1124,2026-02-06,"2026-02-04","Half",1,68.89
296,2026-02-06,"2026-02-04","Mothership Pickup Time (3.0 @4:30-5) - @4:30-5",1,0
296,2026-02-06,"2026-02-04","Bagels - Honey Buckwheat - BU - Bag",1,11
296,2026-02-06,"2026-02-04","Chicken - Links ($10) - Each",1,10
296,2026-02-06,"2026-02-04","Eggs - Dozen",1,6.25
296,2026-02-06,"2026-02-04","Hummus Choice ($6.75) - Tub",1,6.75
296,2026-02-06,"2026-02-04","Kairos Sourdough Choice $5 - Pack",1,5
296,2026-02-06,"2026-02-04","Missouri Pecans (1.0 Halves) - Halves",1,6.5
296,2026-02-06,"2026-02-04","Stringbean Half Caf - Bag",1,15.45
296,2026-02-06,"2026-02-04","Extra Credit - Each",22.2,1.06
296,2026-02-06,"2026-02-04","Half",1,68.89
919,2026-02-06,"2026-02-04","Mole Sauce - Jar",1,11.5
919,2026-02-06,"2026-02-04","Chicken - Ground - Lb.",1,8.75
919,2026-02-06,"2026-02-04","Chicken Links - Andouille  - Lb.",1,10
919,2026-02-06,"2026-02-04","Chips - Tortilla - Bag",1,4.25
919,2026-02-06,"2026-02-04","Eggs - Dozen",1,6.25
919,2026-02-06,"2026-02-04","Kohlrabi  - Head",1,1.5
919,2026-02-06,"2026-02-04","Mushrooms - Hen of the Woods/Maitake - Bag",1,8.25
919,2026-02-06,"2026-02-04","Extra Credit - Each",11.75,1.06
919,2026-02-06,"2026-02-04","Half",1,68.89
1249,2026-02-06,"2026-02-04","Mothership Pickup Time (1.0 @3:30-4) - @3:30-4",1,0
1249,2026-02-06,"2026-02-04","Aged Cheddar - HBC - Each",1,6.5
1249,2026-02-06,"2026-02-04","Chicken Thighs - Boneless/lb. - lbs",1,10.2
1249,2026-02-06,"2026-02-04","Kuva Ethiopian - Bag",1,15.45
1249,2026-02-06,"2026-02-04","Lettuce - Bibb - Head",1,3
1249,2026-02-06,"2026-02-04","Louise's Original Granola - Bag",1,10.75
1249,2026-02-06,"2026-02-04","Pork Italian Links - D&M - Each",1,8
1249,2026-02-06,"2026-02-04","Potatoes - Regular - lbs",1,6
1249,2026-02-06,"2026-02-04","Semolina - Wednesday - Loaf",1,6.75
1249,2026-02-06,"2026-02-04","Winter Squash - Butternut (1.0 Medium) - Medium",1,4
1249,2026-02-06,"2026-02-04","Yogurt - Vanilla - Oz.",1,6.75
981,2026-02-06,"2026-02-04","Dates - Oz.",1,9.75
981,2026-02-06,"2026-02-04","Jam - Strawberry HBY - Pint",1,7
981,2026-02-06,"2026-02-04","UCity Pickup Time (3.0 @5:30-6) - @5:30-6",1,0
981,2026-02-06,"2026-02-04","Coconut Oil Quart - Quart",1,10.5
981,2026-02-06,"2026-02-04","Eggs - Dozen",1,6.25
981,2026-02-06,"2026-02-04","Queso Quesadilla - HBC - Each",1,6.5
981,2026-02-06,"2026-02-04","Salsa - Gringo's Mild - Jar",1,5
981,2026-02-06,"2026-02-04","Winter Squash - Butternut (1.0 Large) - Large",1,5
981,2026-02-06,"2026-02-04","Yogurt - Vanilla - Oz.",1,6.75
981,2026-02-06,"2026-02-04","Extra Credit - Each",23.25,1.06
981,2026-02-06,"2026-02-04","Mini",1,46.28
1699,2026-02-06,"2026-02-04","Ground Turkey - Pack",1,8.75
1699,2026-02-06,"2026-02-04","UCity Pickup Time - @4:30-5",1,0
1699,2026-02-06,"2026-02-04","Light and Mild - Wednesday - Loaf",1,8
1699,2026-02-06,"2026-02-04","Meatballs D&M - Package",1,14.5
1699,2026-02-06,"2026-02-04","Ravioli - 4-Cheese - Lb.",1,9
1699,2026-02-06,"2026-02-04","Extra Credit - Each",1.5,1.06
1699,2026-02-06,"2026-02-04","UCA/KWA",1,64.37
570,2026-02-06,"2026-02-04","Bison - Ground - Lb.",1,21
570,2026-02-06,"2026-02-04","Hoagie - Wednesday - Each",1,3.35
570,2026-02-06,"2026-02-04","Mushrooms (1.0 Shiitake) - Shiitake",1,8.25
570,2026-02-06,"2026-02-04","Pasta Long Bi-color - Lb.",1,6.5
570,2026-02-06,"2026-02-04","Extra Credit - Each",0.35,1.06
570,2026-02-06,"2026-02-04","UCA/KWA",1,64.37
1154,2026-02-06,"2026-02-04","Mothership Pickup Time (4.0 @5-5:30) - @5-5:30",1,0
1154,2026-02-06,"2026-02-04","Apple Sauce - Organic Qt. - Quart",1,10.5
1154,2026-02-06,"2026-02-04","Bread Pudding (1.0 Mocha Swirl) - Mocha Swirl",1,6
1154,2026-02-06,"2026-02-04","Eggs - Dozen",1,6.25
1154,2026-02-06,"2026-02-04","Ground Beef - D&M - Lb.",1,10.25
1154,2026-02-06,"2026-02-04","Winter Squash - Butternut (1.0 Large) - Large",1,5
1154,2026-02-06,"2026-02-04","Extra Credit - Each",4.5,1.06
1154,2026-02-06,"2026-02-04","Mini",1,46.28
541,2026-02-06,"2026-02-04","UCity Pickup Time - @4:30-5",1,0
541,2026-02-06,"2026-02-04","Aged Cheddar - HBC - Each",1,6.5
541,2026-02-06,"2026-02-04","Jar Tomatoes - Quart",1,7.5
541,2026-02-06,"2026-02-04","Maple Syrup 12 oz. - Jar",2,12.5
541,2026-02-06,"2026-02-04","UCA/KWA",1,64.37
1559,2026-02-06,"2026-02-04","Milk - Whole - Oz.",1,7.98
1559,2026-02-06,"2026-02-04","Stringbean Brazilian - Oz.",1,15.45
1559,2026-02-06,"2026-02-04","UCity Pickup Time (3.0 @5:30-6) - @5:30-6",1,0
1559,2026-02-06,"2026-02-04","Buckwheat Pancake Mix - Bag",1,4.25
1559,2026-02-06,"2026-02-04","Funds for Snacks - Each",1,1
1559,2026-02-06,"2026-02-04","Ground Beef - Wagyu MJC - Lb.",1,10.25
1559,2026-02-06,"2026-02-04","Jalapenos - Fire Roasted - Oz.",1,12.25
1559,2026-02-06,"2026-02-04","Jar Tomatoes - Quart",1,7.5
1559,2026-02-06,"2026-02-04","Oat Porridge Bread - Wednesday - Loaf",1,8.8
1559,2026-02-06,"2026-02-04","Organic Sugar - Lb.",1,24.25
1559,2026-02-06,"2026-02-04","Shoots - Specialty Mix - Bag",1,4.25
1559,2026-02-06,"2026-02-04","Extra Credit - Each",62.48,1.06
1559,2026-02-06,"2026-02-04","Mini",1,38.3
1098,2026-02-06,"2026-02-04","Eggs - BW - Dozen",1,6.25
1098,2026-02-06,"2026-02-04","Quark-Frozen - Tub",1,6.5
1098,2026-02-06,"2026-02-04","UCity Pickup Time (3.0 @5:30-6) - @5:30-6",1,0
1098,2026-02-06,"2026-02-04","Auction Donation - $",1,1
1098,2026-02-06,"2026-02-04","Bagels - Raisin - Frozen - Bag",1,6.75
1098,2026-02-06,"2026-02-04","Beets - No Tops - Lb.",1,6.5
1098,2026-02-06,"2026-02-04","Chicken - Thighs /lbs  - lbs",1,6.67
1098,2026-02-06,"2026-02-04","Cinnamon Rolls - Frozen - Pack",1,6.25
1098,2026-02-06,"2026-02-04","Honey - Qt. - Jar",1,20
1098,2026-02-06,"2026-02-04","Mushrooms (1.0 Oyster) - Oyster",1,8.25
1098,2026-02-06,"2026-02-04","Oat Porridge Bread - Wednesday - Loaf",1,8.8
1098,2026-02-06,"2026-02-04","Semolina - Wednesday - Loaf",1,6.75
1098,2026-02-06,"2026-02-04","Wildcard $3 - Each",1,3
1098,2026-02-06,"2026-02-04","Extra Credit - Each",47.97,1.06
1098,2026-02-06,"2026-02-04","UCA/KWA",1,64.37
1098,2026-02-06,"2026-02-04","2% MILK-o",1,8.49
557,2026-02-06,"2026-02-04","Mothership Pickup Time (1.0 @3:30-4) - @3:30-4",1,0
557,2026-02-06,"2026-02-04","Buttermilk - Qt.  - Quart",1,6.5
557,2026-02-06,"2026-02-04","Cinnamon Rolls - Frozen - Pack",1,6.25
557,2026-02-06,"2026-02-04","Eggs - Dozen",1,6.25
557,2026-02-06,"2026-02-04","Ground Beef - Wagyu MJC - Lb.",1,10.25
557,2026-02-06,"2026-02-04","Pink Sauce - Oz.",1,8.75
557,2026-02-06,"2026-02-04","Pork - Bratwurst  - Pack",1,8
557,2026-02-06,"2026-02-04","Extra Credit - Each",0.25,1.06
557,2026-02-06,"2026-02-04","FSA/FSD",1,64.37
1896,2026-02-06,"2026-02-04","Gouda - Smoked - Pack",1,6.5
1896,2026-02-06,"2026-02-04","Mothership Pickup Time (6.0 @6-6:30) - @6-6:30",1,0
1896,2026-02-06,"2026-02-04","Apple Sauce - Organic Qt. - Quart",1,10.5
1896,2026-02-06,"2026-02-04","Applewood Smoked Cheddar - Each",1,6.5
1896,2026-02-06,"2026-02-04","Cinnamon Rolls - Pack",1,6.5
1896,2026-02-06,"2026-02-04","Eggs - Dozen",1,6.25
1896,2026-02-06,"2026-02-04","Lettuce - Bibb - Head",1,3
1896,2026-02-06,"2026-02-04","Potato Chips Original Lg - Oz.",1,9.25
1896,2026-02-06,"2026-02-04","Sourdough Bread - Frozen - Lb.",2,6.25
1896,2026-02-06,"2026-02-04","Extra Credit - Each",27.5,1.06
1896,2026-02-06,"2026-02-04","Mini",1,46.28
1309,2026-02-06,"2026-02-04","Sirloin Steak - Pack",1,18.5
1309,2026-02-06,"2026-02-04","Pizza - Tomato Basil Garlic  - Each",1,8
1309,2026-02-06,"2026-02-04","Mothership Pickup Time (2.0 @4-4:30) - @4-4:30",1,0
1309,2026-02-06,"2026-02-04","Eggs - Dozen",2,6.25
1309,2026-02-06,"2026-02-04","Sliced Summer Sausage - Bag",1,8.5
1309,2026-02-06,"2026-02-04","Winter Squash - Butternut (1.0 Medium) - Medium",1,4
1309,2026-02-06,"2026-02-04","Extra Credit - Each",5.75,1.06
197,2026-02-06,"2026-02-04","Stringbean Disco Inferno - Oz.",1,15.45
197,2026-02-06,"2026-02-04","Mothership Pickup Time (4.0 @5-5:30) - @5-5:30",1,0
197,2026-02-06,"2026-02-04","Brown Rice Flour - Bag",1,3.75
197,2026-02-06,"2026-02-04","Cornmeal - Oz.",1,4.75
197,2026-02-06,"2026-02-04","Flour - Bread 5# - Lb.",1,9.8
197,2026-02-06,"2026-02-04","Hummus - Carrot & Ginger - Tub",1,6.75
197,2026-02-06,"2026-02-04","Extra Credit - Each",1.75,1.06
197,2026-02-06,"2026-02-04","Half",1,68.89
1000,2026-02-06,"2026-02-04","Peanut Butter MC - Tub",1,7.75
1000,2026-02-06,"2026-02-04","UCity Pickup Time (3.0 @5:30-6) - @5:30-6",1,0
1000,2026-02-06,"2026-02-04","Chicken - Thighs /lbs  - lbs",1,7.25
1000,2026-02-06,"2026-02-04","Gnocchi - Spinach  - Lb.",1,6.5
1000,2026-02-06,"2026-02-04","Hand Pie: Smoked Whitefish - Bag",1,14.5
1000,2026-02-06,"2026-02-04","Mushrooms (1.0 Shiitake) - Shiitake",1,8.25
1000,2026-02-06,"2026-02-04","Extra Credit - Each",5.5,1.06
1000,2026-02-06,"2026-02-04","UCA/KWA",1,64.37
718,2026-02-06,"2026-02-04","Gouda - MJC - Pack",1,6.5
718,2026-02-06,"2026-02-04","Bagels - Plain - BU - Bag",1,11
718,2026-02-06,"2026-02-04","Cheese - Ozark Mutschli Small - $ - Bag",1,7.66
718,2026-02-06,"2026-02-04","Flour - Bread 5# - Lb.",1,9.8
718,2026-02-06,"2026-02-04","Ground Lamb  - Lb.",1,16
718,2026-02-06,"2026-02-04","Extra Credit - Each",5.21,1.06
718,2026-02-06,"2026-02-04","FSA/FSD",1,64.37
207,2026-02-06,"2026-02-04","Canned Peaches - sugar - Jar",1,13.25
207,2026-02-06,"2026-02-04","Chicken - BULK Breasts /lb. - Pack",1,37.98
207,2026-02-06,"2026-02-04","Eggs - BW - Dozen",1,6.25
207,2026-02-06,"2026-02-04","Salsa - Gringo's Medium - Pint",1,5
207,2026-02-06,"2026-02-04","Apple Sauce - Chunky - NS - Quart",1,7.5
207,2026-02-06,"2026-02-04","Cheese Choice $6.50 - Each",1,6.5
207,2026-02-06,"2026-02-04","Ground Beef - D&M - Lb.",1,10.25
207,2026-02-06,"2026-02-04","Jar Tomatoes - Quart",1,7.5
207,2026-02-06,"2026-02-04","Lettuce - Bibb - Head",1,3
207,2026-02-06,"2026-02-04","Marinara Sauce - Jar",1,8.75
207,2026-02-06,"2026-02-04","Ravioli - Mushroom  - Lb.",2,9
207,2026-02-06,"2026-02-04","Shakshuka Sauce - Jar",1,11.5
207,2026-02-06,"2026-02-04","Tomato Juice - Quart",1,7.5
207,2026-02-06,"2026-02-04","Tortellini - Mushroom - Lb.",1,9
207,2026-02-06,"2026-02-04","Extra Credit - Each",118.48,1.06
207,2026-02-06,"2026-02-04","Mini",1,46.28
100,2026-02-06,"2026-02-04","Mothership Pickup Time (3.0 @4:30-5) - @4:30-5",1,0
100,2026-02-06,"2026-02-04","Curds Garlic Herb HBC 10 oz  - Bag",1,6.5
100,2026-02-06,"2026-02-04","Eggs - Dozen",1,6.25
100,2026-02-06,"2026-02-04","FF Dish - Saag Paneer - Pint",1,11.75
100,2026-02-06,"2026-02-04","Milk Chocolate Lolli - Each",1,1.75
100,2026-02-06,"2026-02-04","Pork Breakfast Link D&M - Pack",1,8
100,2026-02-06,"2026-02-04","Extra Credit - Each",0.75,1.06
100,2026-02-06,"2026-02-04","Mini",1,46.28
1284,2026-02-06,"2026-02-04","Mothership Pickup Time (1.0 @3:30-4) - @3:30-4",1,0
1284,2026-02-06,"2026-02-04","Cooler Repair Donation - $",1,1
1284,2026-02-06,"2026-02-04","Food Pantry Donation - $",1,1
1284,2026-02-06,"2026-02-04","Apple Sauce - Chunky - NS - Quart",1,7.5
1284,2026-02-06,"2026-02-04","Marinara Sauce - Jar",1,8.75
1284,2026-02-06,"2026-02-04","Missouri Pecans (1.0 Halves) - Halves",1,6.5
1284,2026-02-06,"2026-02-04","Mushrooms (1.0 Shiitake) - Shiitake",1,8.25
1284,2026-02-06,"2026-02-04","Potatoes - Sweet - lbs",1,6
1284,2026-02-06,"2026-02-04","Extra Credit - Each",0.25,1.06
1284,2026-02-06,"2026-02-04","Half",1,68.89
99,2026-02-06,"2026-02-04","Chicken - BULK Breasts /lb. - Pack",1,40.61
99,2026-02-06,"2026-02-04","Mothership Pickup Time (4.0 @5-5:30) - @5-5:30",1,0
99,2026-02-06,"2026-02-04","Buckwheat Pancake Mix - Bag",1,4.25
99,2026-02-06,"2026-02-04","Chicken - Breakfast Links - Each",1,10
99,2026-02-06,"2026-02-04","Chicken Drumsticks /LB - Pack",1,3.96
99,2026-02-06,"2026-02-04","Eggs - Dozen",1,6.25
99,2026-02-06,"2026-02-04","Radishes - Purple Heart - Bunch",1,5.25
99,2026-02-06,"2026-02-04","Extra Credit - Each",24.57,1.06
325,2026-02-06,"2026-02-04","No Produce - Order Only (odd wk)",1,0
1147,2026-02-06,"2026-02-04","Mothership Pickup Time (1.0 @3:30-4) - @3:30-4",1,0
1147,2026-02-06,"2026-02-04","Eggs - Dozen",1,6.25
1147,2026-02-06,"2026-02-04","Hummus - Garlic - Tub",1,6.75
1147,2026-02-06,"2026-02-04","Marbled Rye -Wednesday - Loaf",1,8.35
1147,2026-02-06,"2026-02-04","Missouri Pecans (1.0 Halves) - Halves",1,6.5
1147,2026-02-06,"2026-02-04","Powder - Lion's Mane Mushrooms - Each",1,11.5
1147,2026-02-06,"2026-02-04","Extra Credit - Each",0.6,1.06
1147,2026-02-06,"2026-02-04","Half",1,68.89
938,2026-02-06,"2026-02-04","Mushrooms - Choice",1,8.25
938,2026-02-06,"2026-02-04","Pasta Long Bi-color - Lb.",1,6.5
938,2026-02-06,"2026-02-04","Protein Choice $21.0 - Pack",1,21
938,2026-02-06,"2026-02-04","Wildcard $3 - Each",1,3
938,2026-02-06,"2026-02-04","UCA/KWA",1,64.37
422,2026-02-06,"2026-02-04","Mothership Pickup Time (3.0 @4:30-5) - @4:30-5",1,0
422,2026-02-06,"2026-02-04","Buttermilk Waffles Sourdough - Frozen - Pack",1,5
422,2026-02-06,"2026-02-04","Chicken - Ground - Lb.",1,8.75
422,2026-02-06,"2026-02-04","FF Dish - Smoked Salmon Gnocchi - Pint",1,11.75
422,2026-02-06,"2026-02-04","Granola Bar - Each",1,3.75
422,2026-02-06,"2026-02-04","Hummus - Beet & Pepita - Tub",1,6.75
422,2026-02-06,"2026-02-04","Yogurt - Plain - Oz.",1,6.75
422,2026-02-06,"2026-02-04","Extra Credit - Each",1.75,1.06
422,2026-02-06,"2026-02-04","FSC",1,64.37
422,2026-02-06,"2026-02-04","Creamline MILK",2,8.49
837,2026-02-06,"2026-02-04","Chicken - BULK Breasts /lb. - Pack",1,39.99
837,2026-02-06,"2026-02-04","Chicken - Big Bag Deboned Thighs/lb. - Bag",1,40
837,2026-02-06,"2026-02-04","Mothership Pickup Time (6.0 @6-6:30) - @6-6:30",1,0
837,2026-02-06,"2026-02-04","Chicken - Ground - Lb.",2,8.75
837,2026-02-06,"2026-02-04","Chicken Bones - SM/lb.* - Bag",1,14.85
837,2026-02-06,"2026-02-04","Eggs - Dozen",1,6.25
837,2026-02-06,"2026-02-04","Hummus - Carrot & Ginger - Tub",1,6.75
837,2026-02-06,"2026-02-04","Jar Tomatoes - Quart",1,7.5
837,2026-02-06,"2026-02-04","Louise's Original Granola - Bag",1,10.75
837,2026-02-06,"2026-02-04","Extra Credit - Each",97.84,1.06
837,2026-02-06,"2026-02-04","FSA/FSD",1,64.37
837,2026-02-06,"2026-02-04","Creamline MILK-o",1,8.49
34,2026-02-06,"2026-02-04","Dates - Oz.",1,9.75
34,2026-02-06,"2026-02-04","Mothership Pickup Time (1.0 @3:30-4) - @3:30-4",1,0
34,2026-02-06,"2026-02-04","Bagels - Raisin - Bag",1,6.75
34,2026-02-06,"2026-02-04","Bread Pudding - Muffin - Each",1,4
34,2026-02-06,"2026-02-04","Cinnamon Rolls - Frozen - Pack",1,6.25
34,2026-02-06,"2026-02-04","Granola Bar - Each",1,3.75
34,2026-02-06,"2026-02-04","Milk Chocolate Square - Each",1,1.75
34,2026-02-06,"2026-02-04","Ravioli - Butternut Squash  - Lb.",1,9
34,2026-02-06,"2026-02-04","Winter Squash - Butternut (1.0 Large) - Large",1,5
34,2026-02-06,"2026-02-04","Extra Credit - Each",0.5,1.06
34,2026-02-06,"2026-02-04","FSA/FSD",1,64.37
401,2026-02-06,"2026-02-04","Apple Sauce - Organic Qt. - Quart",1,10.5
401,2026-02-06,"2026-02-04","Cheese Choice $6.50 - Each",1,6.5
401,2026-02-06,"2026-02-04","Eggs - Dozen",1,6.25
401,2026-02-06,"2026-02-04","Ground Beef - D&M - Lb.",1,10.25
401,2026-02-06,"2026-02-04","Mini",1,46.28
1818,2026-02-06,"2026-02-04","UCity Pickup Time - @4:30-5",1,0
1818,2026-02-06,"2026-02-04","Black Pepper Cheddar - Each",1,6.5
1818,2026-02-06,"2026-02-04","Chicken Bones - SM/lb.* - Bag",1,15.53
1818,2026-02-06,"2026-02-04","Chicken Thighs -/lb*. - Wee - Pack",1,5.52
1818,2026-02-06,"2026-02-04","Eggs - Dozen",1,6.25
1818,2026-02-06,"2026-02-04","Ground Beef - D&M - Lb.",1,10.25
1818,2026-02-06,"2026-02-04","Hoagie - Wednesday - Each",1,3.35
1818,2026-02-06,"2026-02-04","Pizza Sauce - Jar",1,6.75
1818,2026-02-06,"2026-02-04","Extra Credit - Each",20.65,1.06
1818,2026-02-06,"2026-02-04","Mini",1,38.3
1818,2026-02-06,"2026-02-04","Multigrain Bread",1,4.26
1997,2026-02-06,"2026-02-04","UCity Pickup Time (2.0 @5-5:30) - @5-5:30",1,0
1997,2026-02-06,"2026-02-04","Chicken - Links ($10) - Each",1,10
1997,2026-02-06,"2026-02-04","Chips - Tortilla - Bag",1,4.25
1997,2026-02-06,"2026-02-04","Eggs - Dozen",1,6.25
1997,2026-02-06,"2026-02-04","Hummus Choice ($6.75) - Tub",1,6.75
1997,2026-02-06,"2026-02-04","Kohlrabi  - Head",3,1.5
1997,2026-02-06,"2026-02-04","Missouri Pecans (1.0 Halves) - Halves",1,6.5
1997,2026-02-06,"2026-02-04","Half",1,68.89
1923,2026-02-06,"2026-02-04","UCity Pickup Time - @4:30-5",1,0
1923,2026-02-06,"2026-02-04","Lamb Gyro Seasoned - Lb.",1,17.5
1923,2026-02-06,"2026-02-04","Mushrooms - Choice",1,8.25
1923,2026-02-06,"2026-02-04","Protein Choice $21.0 - Pack",1,21
1923,2026-02-06,"2026-02-04","Semolina - Wednesday - Loaf",1,6.75
1923,2026-02-06,"2026-02-04","Turnips - Japanese/White - Lb.",1,4.25
1923,2026-02-06,"2026-02-04","Wildcard $3 - Each",1,3
1923,2026-02-06,"2026-02-04","Extra Credit - Each",22,1.06
1923,2026-02-06,"2026-02-04","UCA/KWA",1,64.37
1174,2026-02-06,"2026-02-04","Dates - Oz.",1,9.75
1174,2026-02-06,"2026-02-04","Mothership Pickup Time (1.0 @3:30-4) - @3:30-4",1,0
1174,2026-02-06,"2026-02-04","Bagels - Pumpernickel - BU - Bag",1,11
1174,2026-02-06,"2026-02-04","Eggs - Dozen",1,6.25
1174,2026-02-06,"2026-02-04","Mushrooms - Chestnut - Bag",1,8.25
1174,2026-02-06,"2026-02-04","Popcorn - McKaskle - Lb.",1,5.75
1174,2026-02-06,"2026-02-04","Soy Sauce - Mushroom - Bottle",1,7.25
1174,2026-02-06,"2026-02-04","Extra Credit - Each",9.5,1.06
1174,2026-02-06,"2026-02-04","Half",1,68.89
373,2026-02-06,"2026-02-04","Milk - Skim  - Oz.",1,7.98
373,2026-02-06,"2026-02-04","Eggs - BW - Dozen",1,6.25
373,2026-02-06,"2026-02-04","UCity Pickup Time (2.0 @5-5:30) - @5-5:30",1,0
373,2026-02-06,"2026-02-04","Bagels - Everything - Frozen - Bag",1,6.75
373,2026-02-06,"2026-02-04","Chips - Tortilla - Bag",1,4.25
373,2026-02-06,"2026-02-04","Dark Chocolate Square  - Each",1,1.75
373,2026-02-06,"2026-02-04","Light and Mild - Wednesday - Loaf",1,8
373,2026-02-06,"2026-02-04","Shoots - Specialty Mix - Bag",1,4.25
373,2026-02-06,"2026-02-04","Winter Squash - Butternut (1.0 Medium) - Medium",1,4
373,2026-02-06,"2026-02-04","Extra Credit - Each",4.48,1.06
373,2026-02-06,"2026-02-04","UCA/KWA",1,64.37
1498,2026-02-06,"2026-02-04","UCity Pickup Time - @4:30-5",1,0
1498,2026-02-06,"2026-02-04","Eggs - Dozen",1,6.25
1498,2026-02-06,"2026-02-04","Flank Steak/lbs. - lbs",1,26.45
1498,2026-02-06,"2026-02-04","Winter Squash - Butternut (1.0 Large) - Large",1,5
1498,2026-02-06,"2026-02-04","Winter Squash - Pie Pumpkin - Each",1,3.75
1498,2026-02-06,"2026-02-04","Extra Credit - Each",7.95,1.06
1498,2026-02-06,"2026-02-04","Mini",1,46.28
526,2026-02-06,"2026-02-04","UCity Pickup Time - @4:30-5",1,0
526,2026-02-06,"2026-02-04","Beef Kabob Meat - Lb.",1,12.75
526,2026-02-06,"2026-02-04","Curds Jalapeno Habanero 10 oz - Bag",1,6.5
526,2026-02-06,"2026-02-04","Eggs - Dozen",1,6.25
526,2026-02-06,"2026-02-04","Light and Mild - Wednesday - Loaf",1,8
526,2026-02-06,"2026-02-04","Mini",1,46.28
1030,2026-02-06,"2026-02-04","Eggs - BW - Dozen",1,6.25
1030,2026-02-06,"2026-02-04","UCity Pickup Time (2.0 @5-5:30) - @5-5:30",1,0
1030,2026-02-06,"2026-02-04","Bagels - Poppy Seed - BU - Bag",1,11
1030,2026-02-06,"2026-02-04","Cinnamon Rolls - Pack",1,6.5
1030,2026-02-06,"2026-02-04","Hoagie - Wednesday - Each",1,3.35
1030,2026-02-06,"2026-02-04","Oat Porridge Bread - Wednesday - Loaf",1,8.8
1030,2026-02-06,"2026-02-04","Shoots - Pea - Bag",1,4.25
1030,2026-02-06,"2026-02-04","Yogurt - Plain - Oz.",1,6.75
1030,2026-02-06,"2026-02-04","Extra Credit - Each",8.15,1.06
1030,2026-02-06,"2026-02-04","UCA/KWA",1,64.37
1448,2026-02-06,"2026-02-04","Eggs - BW - Dozen",2,6.25
1448,2026-02-06,"2026-02-04","Bacon - Each",1,12.75
1448,2026-02-06,"2026-02-04","Honey - Pint - Jar",1,10.75
1448,2026-02-06,"2026-02-04","Extra Credit - Each",2.5,1.06
1448,2026-02-06,"2026-02-04","Mini",1,38.3
145,2026-02-06,"2026-02-04","Mothership Pickup Time (1.0 @3:30-4) - @3:30-4",1,0
145,2026-02-06,"2026-02-04","Oats - Rolled 5# - Bag",1,12.25
145,2026-02-06,"2026-02-04","Radishes - Watermelon  - Lb.",1,5.25
145,2026-02-06,"2026-02-04","Wild Cod/LB* - Pack",2,7.94
145,2026-02-06,"2026-02-04","Winter Squash - Butternut (1.0 Medium) - Medium",1,4
145,2026-02-06,"2026-02-04","Extra Credit - Each",3.88,1.06
145,2026-02-06,"2026-02-04","Mini",1,46.28
1614,2026-02-06,"2026-02-04","Pizza - Cheese  - Each",1,7.25
1614,2026-02-06,"2026-02-04","Mothership Pickup Time (3.0 @4:30-5) - @4:30-5",1,0
1614,2026-02-06,"2026-02-04","Apple Sauce - Organic Qt. - Quart",1,10.5
1614,2026-02-06,"2026-02-04","Eggs - Dozen",1,6.25
1614,2026-02-06,"2026-02-04","FF Dish - Saag Paneer - Pint",1,11.75
1614,2026-02-06,"2026-02-04","Extra Credit - Each",2.25,1.06
1614,2026-02-06,"2026-02-04","Mini",1,46.28
1682,2026-02-06,"2026-02-04","Mothership Pickup Time (1.0 @3:30-4) - @3:30-4",1,0
1682,2026-02-06,"2026-02-04","Beets - No Tops - Lb.",1,6.5
1682,2026-02-06,"2026-02-04","Chicken - Ground - Lb.",1,8.75
1682,2026-02-06,"2026-02-04","Eggs - Dozen",1,6.25
1682,2026-02-06,"2026-02-04","English Muffin Sourdough - Frozen - Pack",1,5
1682,2026-02-06,"2026-02-04","FF Dish - Saag Paneer - Pint",1,11.75
1682,2026-02-06,"2026-02-04","Feta Cheese - HBC - Each",1,6.5
1682,2026-02-06,"2026-02-04","Missouri Pecans (1.0 Halves) - Halves",1,6.5
1682,2026-02-06,"2026-02-04","Ravioli - Butternut Squash  - Lb.",1,9
1682,2026-02-06,"2026-02-04","Extra Credit - Each",21.5,1.06
1682,2026-02-06,"2026-02-04","Half",1,68.89
1572,2026-02-06,"2026-02-04","Cheddar - White MJC - Package",1,6.5
1572,2026-02-06,"2026-02-04","Hoagie - Wednesday - Each",1,3.35
1572,2026-02-06,"2026-02-04","Lettuce - Bibb - Head",1,3
1572,2026-02-06,"2026-02-04","Mushrooms - Choice",1,8.25
1572,2026-02-06,"2026-02-04","Pasta Long Bi-color - Lb.",1,6.5
1572,2026-02-06,"2026-02-04","Turnips - Japanese/White - Lb.",1,4.25
1572,2026-02-06,"2026-02-04","Yogurt - Vanilla - Oz.",1,6.75
1572,2026-02-06,"2026-02-04","UCA/KWA",1,64.37
863,2026-02-06,"2026-02-04","Mothership Pickup Time - @6:30-7",1,0
863,2026-02-06,"2026-02-04","Eggs - Dozen",1,6.25
863,2026-02-06,"2026-02-04","Lettuce - Bibb - Head",2,3
863,2026-02-06,"2026-02-04","Radishes - Purple Heart - Bunch",1,5.25
863,2026-02-06,"2026-02-04","Radishes - Watermelon  - Lb.",1,5.25
863,2026-02-06,"2026-02-04","Turkey Wings /lb - Each",1,12.31
863,2026-02-06,"2026-02-04","Wildcard $8.75 - Each",1,8.75
863,2026-02-06,"2026-02-04","Winter Squash - Mashed Potato - Each",1,2.5
863,2026-02-06,"2026-02-04","Yogurt Choice  - Each",1,6.75
863,2026-02-06,"2026-02-04","Extra Credit - Each",7.31,1.06
863,2026-02-06,"2026-02-04","FSA/FSD",1,64.37
911,2026-02-06,"2026-02-04","Chicken - Links ($10) - Each",1,10
911,2026-02-06,"2026-02-04","Chips - Tortilla - Bag",1,4.25
911,2026-02-06,"2026-02-04","Eggs - Dozen",1,6.25
911,2026-02-06,"2026-02-04","Hummus Choice ($6.75) - Tub",1,6.75
911,2026-02-06,"2026-02-04","Kairos Sourdough Choice $5 - Pack",1,5
911,2026-02-06,"2026-02-04","Missouri Pecans (1.0 Halves) - Halves",1,6.5
911,2026-02-06,"2026-02-04","Half",1,68.89
962,2026-02-06,"2026-02-04","Mothership Pickup Time (5.0 @5:30-6) - @5:30-6",1,0
962,2026-02-06,"2026-02-04","Eggs - Dozen",1,6.25
962,2026-02-06,"2026-02-04","English Muffin Sourdough - Frozen - Pack",1,5
962,2026-02-06,"2026-02-04","FF Soup - Carrot & Lentil  - Pint",1,10.25
962,2026-02-06,"2026-02-04","Lettuce - Bibb - Head",1,3
962,2026-02-06,"2026-02-04","Salmon - Fillet Pieces/LB* - Each",1,9.25
962,2026-02-06,"2026-02-04","Shoots - Specialty Mix - Bag",1,4.25
962,2026-02-06,"2026-02-04","Wild Cod/LB* - Pack",1,9.06
962,2026-02-06,"2026-02-04","Extra Credit - Each",1.31,1.06
962,2026-02-06,"2026-02-04","FSA/FSD",1,64.37
125,2026-02-06,"2026-02-04","Cashews Salted - Oz.",1,20.75
125,2026-02-06,"2026-02-04","Mushrooms - Choice",1,8.25
125,2026-02-06,"2026-02-04","Potatoes - Regular - lbs",2,6
125,2026-02-06,"2026-02-04","Salmon - Fillet Whole/LB - Each",1,26.06
125,2026-02-06,"2026-02-04","Wild Cod/LB* - Pack",4,7.88
125,2026-02-06,"2026-02-04","Extra Credit - Each",59.83,1.06
125,2026-02-06,"2026-02-04","UCA/KWA",1,64.37
1336,2026-02-06,"2026-02-04","Chicken - BULK Breasts /lb. - Pack",1,42.01
1336,2026-02-06,"2026-02-04","Jam - Red Raspberry HBY - Pint",1,7.5
1336,2026-02-06,"2026-02-04","UCity Pickup Time - @4:30-5",1,0
1336,2026-02-06,"2026-02-04","UCity Pickup Time (2.0 @5-5:30) - @5-5:30",1,0
1336,2026-02-06,"2026-02-04","$ for green bags donation - $",1,1
1336,2026-02-06,"2026-02-04","Bagels - Blueberry - BU - Bag",1,11
1336,2026-02-06,"2026-02-04","Bagels - Plain - BU - Bag",1,11
1336,2026-02-06,"2026-02-04","Chicken Bones - SM/lb.* - Bag",1,6.13
1336,2026-02-06,"2026-02-04","Eggs - Dozen",2,6.25
1336,2026-02-06,"2026-02-04","Eggs - H - Dozen",1,6.25
1336,2026-02-06,"2026-02-04","Hoagie - Wednesday - Each",1,3.35
1336,2026-02-06,"2026-02-04","Pork Italian Links - D&M - Each",1,8
1336,2026-02-06,"2026-02-04","Potatoes - Regular - lbs",1,6
1336,2026-02-06,"2026-02-04","Potatoes - Sweet - lbs",1,6
1336,2026-02-06,"2026-02-04","Sourdough Bread - Frozen - Lb.",1,6.25
1336,2026-02-06,"2026-02-04","Staff - Something to ask Jamie - Oz.",1,0
1336,2026-02-06,"2026-02-04","Extra Credit - Each",88.24,1.06
1336,2026-02-06,"2026-02-04","Half",1,68.89
605,2026-02-06,"2026-02-04","Mothership Pickup Time (4.0 @5-5:30) - @5-5:30",1,0
605,2026-02-06,"2026-02-04","Apple Sauce - Organic Qt. - Quart",2,10.5
605,2026-02-06,"2026-02-04","Buttermilk Waffles Sourdough - Frozen - Pack",1,5
605,2026-02-06,"2026-02-04","English Muffin Sourdough - Frozen - Pack",1,5
605,2026-02-06,"2026-02-04","Radishes - Purple Heart - Bunch",1,5.25
605,2026-02-06,"2026-02-04","Extra Credit - Each",2.75,1.06
605,2026-02-06,"2026-02-04","Mini",1,46.28
479,2026-02-06,"2026-02-04","Bacon Ends /lb. - Package",1,8.79
479,2026-02-06,"2026-02-04","Chicken Wings/lb. - lbs",1,16.59
479,2026-02-06,"2026-02-04","Pork - Bratwurst  - Pack",1,8
479,2026-02-06,"2026-02-04","Radishes - Purple Heart - Bunch",1,5.25
479,2026-02-06,"2026-02-04","Mini",1,46.28
1512,2026-02-06,"2026-02-04","Pignolas (Pine Nuts) - Oz.",1,11
1512,2026-02-06,"2026-02-04","UCity Pickup Time - @4:30-5",1,0
1512,2026-02-06,"2026-02-04","Black Pepper Cheddar - Each",1,6.5
1512,2026-02-06,"2026-02-04","Eggs - Dozen",1,6.25
1512,2026-02-06,"2026-02-04","Kohlrabi  - Head",1,1.5
1512,2026-02-06,"2026-02-04","Lettuce - Bibb - Head",1,3
1512,2026-02-06,"2026-02-04","Missouri Pecans (1.0 Halves) - Halves",1,6.5
1512,2026-02-06,"2026-02-04","Winter Squash - Butternut (1.0 Large) - Large",1,5
1512,2026-02-06,"2026-02-04","Extra Credit - Each",1,1.06
1512,2026-02-06,"2026-02-04","Half",1,68.89
356,2026-02-06,"2026-02-04","UCity Pickup Time - @4:30-5",1,0
356,2026-02-06,"2026-02-04","Eggs - Dozen",1,6.25
356,2026-02-06,"2026-02-04","FF Sauce - Thai Peanut - Half Pint",1,7.25
356,2026-02-06,"2026-02-04","Flank Steak/lbs. - lbs",1,33.06
356,2026-02-06,"2026-02-04","Ground Beef - D&M - Lb.",1,10.25
356,2026-02-06,"2026-02-04","Extra Credit - Each",23.31,1.06
356,2026-02-06,"2026-02-04","Mini",1,46.28
1908,2026-02-06,"2026-02-04","Cheddar - White MJC - Package",1,6.5
1908,2026-02-06,"2026-02-04","UCity Pickup Time - @4:30-5",1,0
1908,2026-02-06,"2026-02-04","Eggs - Dozen",1,6.25
1908,2026-02-06,"2026-02-04","Olive Oil Medium - Bottle",1,15
1908,2026-02-06,"2026-02-04","Ravioli - Butternut Squash  - Lb.",1,9
1908,2026-02-06,"2026-02-04","Extra Credit - Each",3.25,1.06
1908,2026-02-06,"2026-02-04","Mini",1,46.28
1387,2026-02-06,"2026-02-04","Gouda - Smoked - Pack",1,6.5
1387,2026-02-06,"2026-02-04","Mothership Pickup Time (1.0 @3:30-4) - @3:30-4",1,0
1387,2026-02-06,"2026-02-04","Dark Bar 61% - Package",1,2.75
1387,2026-02-06,"2026-02-04","Lettuce - Bibb - Head",1,3
1387,2026-02-06,"2026-02-04","Light and Mild - Wednesday - Loaf",1,8
1387,2026-02-06,"2026-02-04","Pasta Sheets - Lb.",2,6.5
1387,2026-02-06,"2026-02-04","Raviolini - Four Cheese - Lb.",1,9
1387,2026-02-06,"2026-02-04","Extra Credit - Each",1.25,1.06
1387,2026-02-06,"2026-02-04","FSC",1,64.37
156,2026-02-06,"2026-02-04","Mothership Pickup Time (4.0 @5-5:30) - @5-5:30",1,0
156,2026-02-06,"2026-02-04","Food for Ferals Donation - $",1,1
156,2026-02-06,"2026-02-04","Apple Sauce - Chunky - NS - Quart",1,7.5
156,2026-02-06,"2026-02-04","Chicken - Whole $4.75/lb. - Each",2,22.9
156,2026-02-06,"2026-02-04","English Muffin Sourdough - Frozen - Pack",1,5
156,2026-02-06,"2026-02-04","Funds for Snacks - Each",1,1
156,2026-02-06,"2026-02-04","Missouri Pecans (1.0 Halves) - Halves",1,6.5
156,2026-02-06,"2026-02-04","Seedy Wheaty - Frozen - Loaf",1,3.5
156,2026-02-06,"2026-02-04","Shoots - Broccoli - Bag",1,4.25
156,2026-02-06,"2026-02-04","Extra Credit - Each",35.8,1.06
156,2026-02-06,"2026-02-04","Half",1,68.89
1355,2026-02-06,"2026-02-04","Chicken - Links ($10) - Each",1,10
1355,2026-02-06,"2026-02-04","Chips - Tortilla - Bag",1,4.25
1355,2026-02-06,"2026-02-04","Eggs - Dozen",1,6.25
1355,2026-02-06,"2026-02-04","Hummus Choice ($6.75) - Tub",1,6.75
1355,2026-02-06,"2026-02-04","Kairos Sourdough Choice $5 - Pack",1,5
1355,2026-02-06,"2026-02-04","Missouri Pecans (1.0 Halves) - Halves",1,6.5
1355,2026-02-06,"2026-02-04","Half",1,68.89
1355,2026-02-06,"2026-02-04","2% MILK-o",1,8.49
1355,2026-02-06,"2026-02-04","Eggs - Buttonwood",3,6.65
1355,2026-02-06,"2026-02-04","Ground Chicken -o",7,8.84
1212,2026-02-06,"2026-02-04","Mothership Pickup Time (1.0 @3:30-4) - @3:30-4",1,0
1212,2026-02-06,"2026-02-04","Bacon - Each",1,12.75
1212,2026-02-06,"2026-02-04","Chicken - Whole $4.75/lb. - Each",1,22.52
1212,2026-02-06,"2026-02-04","Hummus - Carrot & Ginger - Tub",1,6.75
1212,2026-02-06,"2026-02-04","Semolina - Wednesday - Loaf",1,6.75
1212,2026-02-06,"2026-02-04","Extra Credit - Each",10.02,1.06
1212,2026-02-06,"2026-02-04","Half",1,68.89
1272,2026-02-06,"2026-02-04","Eggs - Dozen",1,6.25
1272,2026-02-06,"2026-02-04","Jalapeno Pepper Relish - Pint",1,8
1272,2026-02-06,"2026-02-04","Mushrooms (1.0 Oyster) - Oyster",1,8.25
1272,2026-02-06,"2026-02-04","Peaches - Spiced - Jar",1,13.25
1272,2026-02-06,"2026-02-04","Winter Squash - Butternut (1.0 Large) - Large",1,5
1272,2026-02-06,"2026-02-04","Winter Squash - Pie Pumpkin - Each",1,3.75
1272,2026-02-06,"2026-02-04","Extra Credit - Each",5.75,1.06
1272,2026-02-06,"2026-02-04","Half",1,68.89
598,2026-02-06,"2026-02-04","Apple Butter - Pint",1,7.5
598,2026-02-06,"2026-02-04","Black Pepper Cheddar - Each",1,6.5
598,2026-02-06,"2026-02-04","Eggs - Dozen",1,6.25
598,2026-02-06,"2026-02-04","Ground Beef - D&M - Lb.",1,10.25
598,2026-02-06,"2026-02-04","Sourdough Bread - Frozen - Lb.",1,6.25
598,2026-02-06,"2026-02-04","Extra Credit - Each",3.25,1.06
598,2026-02-06,"2026-02-04","Mini",1,46.28
1846,2026-02-06,"2026-02-04","Stringbean Disco Inferno - Oz.",1,15.45
1846,2026-02-06,"2026-02-04","UCity Pickup Time - @4:30-5",1,0
1846,2026-02-06,"2026-02-04","Bagel Chips - Bag",1,5.25
1846,2026-02-06,"2026-02-04","Eggs - Dozen",1,6.25
1846,2026-02-06,"2026-02-04","Ground Beef - D&M - Lb.",1,10.25
1846,2026-02-06,"2026-02-04","Hoagie - Wednesday - Each",1,3.35
1846,2026-02-06,"2026-02-04","Potatoes - Regular - lbs",1,6
1846,2026-02-06,"2026-02-04","Sesame Hoagie -W - Each",1,3.6
1846,2026-02-06,"2026-02-04","Extra Credit - Each",16.65,1.06
1846,2026-02-06,"2026-02-04","Mini",1,46.28
423,2026-02-06,"2026-02-04","Pizza - Sausage Pepperoni - Each",1,8
423,2026-02-06,"2026-02-04","Mothership Pickup Time (6.0 @6-6:30) - @6-6:30",1,0
423,2026-02-06,"2026-02-04","Beef - Stew Meat - Pack",1,10.25
423,2026-02-06,"2026-02-04","Cinnamon Rolls - Pack",1,6.5
423,2026-02-06,"2026-02-04","Eggs - Dozen",1,6.25
423,2026-02-06,"2026-02-04","Olive Oil Large - Bottle",1,18.5
423,2026-02-06,"2026-02-04","Rice - Basmati White - Lb.",2,7.5
423,2026-02-06,"2026-02-04","Yogurt - Vanilla - Oz.",1,6.75
423,2026-02-06,"2026-02-04","Extra Credit - Each",25.5,1.06
423,2026-02-06,"2026-02-04","FSA/FSD",1,64.37
809,2026-02-06,"2026-02-04","Jam - Blackberry HBY - Pint",1,7.5
809,2026-02-06,"2026-02-04","UCity Pickup Time (2.0 @5-5:30) - @5-5:30",1,0
809,2026-02-06,"2026-02-04","Apple Sauce - Organic Qt. - Quart",1,10.5
809,2026-02-06,"2026-02-04","Bagels - Raisin - Frozen - Bag",1,6.75
809,2026-02-06,"2026-02-04","Eggs - Dozen",1,6.25
809,2026-02-06,"2026-02-04","Queso Quesadilla - HBC - Each",1,6.5
809,2026-02-06,"2026-02-04","Semolina - Wednesday - Loaf",1,6.75
809,2026-02-06,"2026-02-04","Extra Credit - Each",10.75,1.06
809,2026-02-06,"2026-02-04","Mini",1,46.28
1959,2026-02-06,"2026-02-04","Gouda - MJC - Pack",1,6.5
1959,2026-02-06,"2026-02-04","Heritage - Aged - Pack",1,6.5
1959,2026-02-06,"2026-02-04","Salsa - Gringo's Hot - Pint",1,5
1959,2026-02-06,"2026-02-04","Winter Squash - Acorn - Each",1,1.75
1959,2026-02-06,"2026-02-04","Ham Hocks/lb. - Pack",1,16.08
1959,2026-02-06,"2026-02-04","Hummus - Garlic - Tub",1,6.75
1959,2026-02-06,"2026-02-04","Potatoes - Sweet - lbs",1,6
1959,2026-02-06,"2026-02-04","Queso Quesadilla - HBC - Each",1,6.5
1959,2026-02-06,"2026-02-04","Shoots - Specialty Mix - Bag",1,4.25
1959,2026-02-06,"2026-02-04","Extra Credit - Each",59.33,1.06
1459,2026-02-06,"2026-02-04","Salsa - Gringo's Medium - Pint",1,5
1459,2026-02-06,"2026-02-04","Mothership Pickup Time (5.0 @5:30-6) - @5:30-6",1,0
1459,2026-02-06,"2026-02-04","Chips - Tortilla - Bag",1,4.25
1459,2026-02-06,"2026-02-04","Eggs - Dozen",1,6.25
1459,2026-02-06,"2026-02-04","Hummus - Carrot & Ginger - Tub",1,6.75
1459,2026-02-06,"2026-02-04","Missouri Pecans (1.0 Halves) - Halves",1,6.5
1459,2026-02-06,"2026-02-04","Oat Porridge Bread - Wednesday - Loaf",1,8.8
1459,2026-02-06,"2026-02-04","Vinaigrette - Greek Style - Bottle",1,6.25
1459,2026-02-06,"2026-02-04","Extra Credit - Each",5.05,1.06
1459,2026-02-06,"2026-02-04","Half",1,68.89
547,2026-02-06,"2026-02-04","Food for Ferals Donation - $",1,1
547,2026-02-06,"2026-02-04","Beets - No Tops - Lb.",1,6.5
547,2026-02-06,"2026-02-04","Chicken Bones - SM/lb.* - Bag",1,6.07
547,2026-02-06,"2026-02-04","Ham Hocks/lb. - Pack",1,10.16
547,2026-02-06,"2026-02-04","Potato Chips Original Lg - Oz.",1,9.25
547,2026-02-06,"2026-02-04","Shoots - Pea - Bag",1,4.25
547,2026-02-06,"2026-02-04","Extra Credit - Each",3.73,1.06
547,2026-02-06,"2026-02-04","Mini",1,46.28
624,2026-02-06,"2026-02-04","Chicken - Big Bag Deboned Thighs/lb. - Bag",1,40.16
624,2026-02-06,"2026-02-04","Mothership Pickup Time (1.0 @3:30-4) - @3:30-4",1,0
624,2026-02-06,"2026-02-04","Beets - No Tops - Lb.",1,6.5
624,2026-02-06,"2026-02-04","Chicken - Ground - Lb.",1,8.75
624,2026-02-06,"2026-02-04","Eggs - Dozen",1,6.25
624,2026-02-06,"2026-02-04","Kairos Sourdough Choice $5 - Pack",1,5
624,2026-02-06,"2026-02-04","Mushrooms - Hen of the Woods/Maitake - Bag",1,8.25
624,2026-02-06,"2026-02-04","Potatoes - Sweet - lbs",1,6
624,2026-02-06,"2026-02-04","Extra Credit - Each",42.16,1.06
624,2026-02-06,"2026-02-04","Half",1,68.89
1577,2026-02-06,"2026-02-04","Mothership Pickup Time (5.0 @5:30-6) - @5:30-6",1,0
1577,2026-02-06,"2026-02-04","Chuck Roast/lbs. - lbs",1,49.01
1577,2026-02-06,"2026-02-04","Eggs - Dozen",1,6.25
1577,2026-02-06,"2026-02-04","Honey - Pint - Jar",1,10.75
1577,2026-02-06,"2026-02-04","Lettuce - Bibb - Head",1,3
1577,2026-02-06,"2026-02-04","Polish Dill Pickles - Quart",1,9.75
1577,2026-02-06,"2026-02-04","Sesame Hoagie -W - Each",1,3.6
1577,2026-02-06,"2026-02-04","Extra Credit - Each",48.86,1.06
1577,2026-02-06,"2026-02-04","Mini",1,46.28
1577,2026-02-06,"2026-02-04","Whole MILK",1,8.49
1627,2026-02-06,"2026-02-04","Mothership Pickup Time (2.0 @4-4:30) - @4-4:30",1,0
1627,2026-02-06,"2026-02-04","Eggs - Dozen",2,6.25
1627,2026-02-06,"2026-02-04","Lettuce - Bibb - Head",1,3
1627,2026-02-06,"2026-02-04","Pork - Ground  - Lb.",1,7.25
1627,2026-02-06,"2026-02-04","Pork Shoulder/lb. - Each",2,30.2
1627,2026-02-06,"2026-02-04","Extra Credit - Each",37.4,1.06
1627,2026-02-06,"2026-02-04","FSA/FSD",1,64.37
322,2026-02-06,"2026-02-04","Eggs - Dozen",1,6.25
322,2026-02-06,"2026-02-04","Mushrooms (1.0 Shiitake) - Shiitake",1,8.25
322,2026-02-06,"2026-02-04","Protein Choice $21.0 - Pack",1,21
322,2026-02-06,"2026-02-04","Winter Squash - Butternut (1.0 Medium) - Medium",1,4
322,2026-02-06,"2026-02-04","Extra Credit - Each",0.75,1.06
322,2026-02-06,"2026-02-04","UCA/KWA",1,64.37
681,2026-02-06,"2026-02-04","Chicken - BULK Breasts /lb. - Pack",1,41.23
681,2026-02-06,"2026-02-04","Chicken - Ground - Lb.",1,8.75
681,2026-02-06,"2026-02-04","Eggs - Dozen",1,6.25
681,2026-02-06,"2026-02-04","Mushrooms (1.0 Shiitake) - Shiitake",1,8.25
681,2026-02-06,"2026-02-04","Pasta Long Bi-color - Lb.",1,6.5
681,2026-02-06,"2026-02-04","Extra Credit - Each",32.23,1.06
681,2026-02-06,"2026-02-04","UCA/KWA",1,64.37
135,2026-02-06,"2026-02-04","UCity Pickup Time (2.0 @5-5:30) - @5-5:30",1,0
135,2026-02-06,"2026-02-04","Eggs - Dozen",1,6.25
135,2026-02-06,"2026-02-04","Lettuce - Bibb - Head",2,3
135,2026-02-06,"2026-02-04","Potatoes - Regular - lbs",1,6
135,2026-02-06,"2026-02-04","Semolina - Wednesday - Loaf",1,6.75
135,2026-02-06,"2026-02-04","Winter Squash - Baked Potato (1.0 Small) - Small",1,1.75
135,2026-02-06,"2026-02-04","Yogurt - Blueberry - Oz.",1,6.75
135,2026-02-06,"2026-02-04","Mini",1,46.28
135,2026-02-06,"2026-02-04","Whole MILK",1,8.49
1453,2026-02-06,"2026-02-04","Winter Squash - Acorn - Each",2,1.75
1453,2026-02-06,"2026-02-04","Mothership Pickup Time (1.0 @3:30-4) - @3:30-4",1,0
1453,2026-02-06,"2026-02-04","Ground Beef - Wagyu MJC - Lb.",1,10.25
1453,2026-02-06,"2026-02-04","Mushrooms - Choice",1,8.25
1453,2026-02-06,"2026-02-04","Pasta Bi-color Short - Lb.",1,6.5
1453,2026-02-06,"2026-02-04","Wildcard $6.00 - Each",1,6
1453,2026-02-06,"2026-02-04","Yogurt - Plain - Oz.",1,6.75
1453,2026-02-06,"2026-02-04","Extra Credit - Each",0.25,1.06
1453,2026-02-06,"2026-02-04","FSC",1,64.37
1453,2026-02-06,"2026-02-04","Whole MILK",1,8.49
430,2026-02-06,"2026-02-04","Salsa - Black Bean & Corn - Pint",1,5
430,2026-02-06,"2026-02-04","Mothership Pickup Time (2.0 @4-4:30) - @4-4:30",1,0
430,2026-02-06,"2026-02-04","Buttermilk - Qt.  - Quart",1,6.5
430,2026-02-06,"2026-02-04","Beef - Stew Meat - Pack",1,10.25
430,2026-02-06,"2026-02-04","Curds Garlic Herb HBC 10 oz  - Bag",1,6.5
430,2026-02-06,"2026-02-04","Eggs - Dozen",1,6.25
430,2026-02-06,"2026-02-04","Lamb Rack/lb. - Wee - Package",1,14.28
430,2026-02-06,"2026-02-04","Sourdough Bread - Frozen - Lb.",1,6.25
430,2026-02-06,"2026-02-04","Yogurt - Plain - Oz.",1,6.75
430,2026-02-06,"2026-02-04","Extra Credit - Each",16.03,1.06
430,2026-02-06,"2026-02-04","FSA/FSD",1,64.37
406,2026-02-06,"2026-02-04","Mothership Pickup Time (1.0 @3:30-4) - @3:30-4",1,0
406,2026-02-06,"2026-02-04","Bacon - Uncured/lb - Pack",1,16.01
406,2026-02-06,"2026-02-04","Cinnamon Rolls - Pack",1,6.5
406,2026-02-06,"2026-02-04","Lettuce - Bibb - Head",1,3
406,2026-02-06,"2026-02-04","Mushrooms (1.0 Lion's Mane) - Lion's Mane",1,8.25
406,2026-02-06,"2026-02-04","Winter Squash - Spaghetti (1.0 Small) - Small",1,2
406,2026-02-06,"2026-02-04","FSC",1,64.37
1052,2026-02-06,"2026-02-04","UCity Pickup Time - @4:30-5",1,0
1052,2026-02-06,"2026-02-04","Blackberry Vinaigrette - Jar",1,10.25
1052,2026-02-06,"2026-02-04","Eggs - Dozen",1,6.25
1052,2026-02-06,"2026-02-04","Ground Beef - D&M - Lb.",1,10.25
1052,2026-02-06,"2026-02-04","Winter Squash - Georgia Candy Roaster - Each",1,8.25
1052,2026-02-06,"2026-02-04","Extra Credit - Each",1.5,1.06
1052,2026-02-06,"2026-02-04","Mini",1,46.28
1474,2026-02-06,"2026-02-04","Cheddar - White MJC - Package",1,6.5
1474,2026-02-06,"2026-02-04","Bagel Chips - Bag",2,5.25
1474,2026-02-06,"2026-02-04","Ground Beef - D&M - Lb.",1,10.25
1474,2026-02-06,"2026-02-04","Lettuce - Bibb - Head",1,3
1474,2026-02-06,"2026-02-04","Maple Syrup 12 oz. - Jar",1,12.5
1474,2026-02-06,"2026-02-04","Extra Credit - Each",9.25,1.06
1474,2026-02-06,"2026-02-04","Mini",1,46.28
1048,2026-02-06,"2026-02-04","UCity Pickup Time (3.0 @5:30-6) - @5:30-6",1,0
1048,2026-02-06,"2026-02-04","Chicken - Breakfast Links - Each",1,10
1048,2026-02-06,"2026-02-04","Cinnamon Rolls - Pack",1,6.5
1048,2026-02-06,"2026-02-04","Pork - Ground  - Lb.",3,7.25
1048,2026-02-06,"2026-02-04","UCA/KWA",1,64.37
337,2026-02-06,"2026-02-04","Mothership Pickup Time (6.0 @6-6:30) - @6-6:30",1,0
337,2026-02-06,"2026-02-04","Beef - Stew Meat - Pack",1,10.25
337,2026-02-06,"2026-02-04","Chicken - Ground - Lb.",1,8.75
337,2026-02-06,"2026-02-04","Eggs - Dozen",1,6.25
337,2026-02-06,"2026-02-04","Missouri Pecans (1.0 Halves) - Halves",1,6.5
337,2026-02-06,"2026-02-04","Pizza Sourdough - Frozen - Pack",1,5
337,2026-02-06,"2026-02-04","RL Chocolate Milk - Bottle",1,2.75
337,2026-02-06,"2026-02-04","Extra Credit - Each",0.75,1.06
337,2026-02-06,"2026-02-04","Half",1,68.89
1990,2026-02-06,"2026-02-04","Cheddar - White MJC - Package",2,6.5
1990,2026-02-06,"2026-02-04","Mothership Pickup Time (1.0 @3:30-4) - @3:30-4",1,0
1990,2026-02-06,"2026-02-04","Buttermilk Waffles Sourdough - Frozen - Pack",1,5
1990,2026-02-06,"2026-02-04","Chicken Breasts /lb. - Pack",2,12.71
1990,2026-02-06,"2026-02-04","Chicken Wings/lb. - lbs",5,17.91
1990,2026-02-06,"2026-02-04","Cinnamon Rolls - Frozen - Pack",1,6.25
1990,2026-02-06,"2026-02-04","Eggs - Dozen",1,6.25
1990,2026-02-06,"2026-02-04","Feta Cheese - HBC - Each",1,6.5
1990,2026-02-06,"2026-02-04","Jar Tomatoes - Quart",1,7.5
1990,2026-02-06,"2026-02-04","Pasta - Short Egg  - Lb.",1,6.5
1990,2026-02-06,"2026-02-04","Semolina - Wednesday - Loaf",1,6.75
1990,2026-02-06,"2026-02-04","Yogurt - Vanilla - Oz.",1,6.75
1990,2026-02-06,"2026-02-04","Extra Credit - Each",179.47,1.06
139,2026-02-06,"2026-02-04","Eggs - Dozen",1,6.25
139,2026-02-06,"2026-02-04","Missouri Pecans (1.0 Halves) - Halves",1,6.5
139,2026-02-06,"2026-02-04","Pizza Sourdough - Frozen - Pack",1,5
139,2026-02-06,"2026-02-04","RL Chocolate Milk - Bottle",2,2.75
139,2026-02-06,"2026-02-04","Tortellini - Mushroom - Lb.",1,9
139,2026-02-06,"2026-02-04","Yogurt - Strawberry - Oz.",1,6.75
139,2026-02-06,"2026-02-04","Extra Credit - Each",0.25,1.06
139,2026-02-06,"2026-02-04","Half",1,68.89
1162,2026-02-06,"2026-02-04","Mothership Pickup Time (1.0 @3:30-4) - @3:30-4",1,0
1162,2026-02-06,"2026-02-04","Aged Cheddar - HBC - Each",1,6.5
1162,2026-02-06,"2026-02-04","Eggs - Dozen",1,6.25
1162,2026-02-06,"2026-02-04","Ground Beef - Wagyu MJC - Lb.",1,10.25
1162,2026-02-06,"2026-02-04","Ground Lamb  - Lb.",1,16
1162,2026-02-06,"2026-02-04","Extra Credit - Each",5.5,1.06
1162,2026-02-06,"2026-02-04","Mini",1,46.28
1735,2026-02-06,"2026-02-04","UCity Pickup Time - @4:30-5",1,0
1735,2026-02-06,"2026-02-04","Bagels - Plain - BU - Bag",1,11
1735,2026-02-06,"2026-02-04","Eggs - Dozen",1,6.25
1735,2026-02-06,"2026-02-04","Ground Beef - Wagyu MJC - Lb.",1,10.25
1735,2026-02-06,"2026-02-04","Mushrooms (1.0 Shiitake) - Shiitake",1,8.25
1735,2026-02-06,"2026-02-04","Queso Quesadilla - HBC - Each",1,6.5
1735,2026-02-06,"2026-02-04","Extra Credit - Each",3.5,1.06
1735,2026-02-06,"2026-02-04","UCA/KWA",1,64.37
1932,2026-02-06,"2026-02-04","Beef - Stew Meat - Pack",1,10.25
1932,2026-02-06,"2026-02-04","Bread Choice ($6.25) - Loaf",1,6.25
1932,2026-02-06,"2026-02-04","Canned Choice $7.5 - Quart",1,7.5
1932,2026-02-06,"2026-02-04","Eggs - Dozen",1,6.25
1932,2026-02-06,"2026-02-04","Wildcard $8.75 - Each",1,8.75
1932,2026-02-06,"2026-02-04","Yogurt Choice  - Each",1,6.75
1932,2026-02-06,"2026-02-04","FSA/FSD",1,64.37
627,2026-02-06,"2026-02-04","UCity Pickup Time (3.0 @5:30-6) - @5:30-6",1,0
627,2026-02-06,"2026-02-04","Curds Applewood Smoked 10 oz - Bag",1,6.5
627,2026-02-06,"2026-02-04","Eggs - Dozen",1,6.25
627,2026-02-06,"2026-02-04","Ground Beef - D&M - Lb.",1,10.25
627,2026-02-06,"2026-02-04","Mushrooms - Chestnut - Bag",1,8.25
627,2026-02-06,"2026-02-04","Mini",1,46.28
1427,2026-02-06,"2026-02-04","Eggs - BW - Dozen",1,6.25
1427,2026-02-06,"2026-02-04","Mothership Pickup Time (1.0 @3:30-4) - @3:30-4",1,0
1427,2026-02-06,"2026-02-04","Pork - Tenderloin/lb - Lb.",1,12.25
1427,2026-02-06,"2026-02-04","Sesame Hoagie -W - Each",1,3.6
1427,2026-02-06,"2026-02-04","Stringbean Half Caf - Bag",1,15.45
1427,2026-02-06,"2026-02-04","Winter Squash - Butternut (1.0 Large) - Large",1,5
1427,2026-02-06,"2026-02-04","Extra Credit - Each",9.05,1.06
1427,2026-02-06,"2026-02-04","Mini",1,0
1427,2026-02-06,"2026-02-04","Whole MILK-o",1,5.99
225,2026-02-06,"2026-02-04","Stringbean Brazilian - Oz.",1,15.45
225,2026-02-06,"2026-02-04","Honey - Qt. - Jar",1,20
225,2026-02-06,"2026-02-04","Mini",1,37.24
225,2026-02-06,"2026-02-04","Whole MILK",1,8.49
1534,2026-02-06,"2026-02-04","Ground Turkey - Pack",1,8.75
1534,2026-02-06,"2026-02-04","Mothership Pickup Time (3.0 @4:30-5) - @4:30-5",1,0
1534,2026-02-06,"2026-02-04","Buckwheat Pancake Mix - Bag",1,4.25
1534,2026-02-06,"2026-02-04","Chips - Tortilla - Bag",1,4.25
1534,2026-02-06,"2026-02-04","Eggs - Dozen",1,6.25
1534,2026-02-06,"2026-02-04","Granola Bar - Each",4,3.75
1534,2026-02-06,"2026-02-04","Salmon - Fillet Pieces/LB* - Each",2,9.63
1534,2026-02-06,"2026-02-04","Extra Credit - Each",19.01,1.06
1534,2026-02-06,"2026-02-04","Half",1,68.89
1534,2026-02-06,"2026-02-04","Whole MILK-o",1,8.49
554,2026-02-06,"2026-02-04","Chicken - Links ($10) - Each",1,10
554,2026-02-06,"2026-02-04","Chips - Tortilla - Bag",1,4.25
554,2026-02-06,"2026-02-04","Eggs - Dozen",1,6.25
554,2026-02-06,"2026-02-04","Hummus Choice ($6.75) - Tub",1,6.75
554,2026-02-06,"2026-02-04","Kairos Sourdough Choice $5 - Pack",1,5
554,2026-02-06,"2026-02-04","Missouri Pecans (1.0 Halves) - Halves",1,6.5
554,2026-02-06,"2026-02-04","Half",1,68.89
240,2026-02-06,"2026-02-04","Mothership Pickup Time (2.0 @4-4:30) - @4-4:30",1,0
240,2026-02-06,"2026-02-04","Croissants - Pack",1,4.5
240,2026-02-06,"2026-02-04","Hoagie - Wednesday - Each",1,3.35
240,2026-02-06,"2026-02-04","Lettuce - Bibb - Head",1,3
240,2026-02-06,"2026-02-04","Milk Chocolate Lolli - Each",1,1.75
240,2026-02-06,"2026-02-04","Pasta Long Bi-color - Lb.",1,6.5
240,2026-02-06,"2026-02-04","Semolina - Wednesday - Loaf",1,6.75
240,2026-02-06,"2026-02-04","Shoots - Pea - Bag",1,4.25
240,2026-02-06,"2026-02-04","Sorghum Molasses Syrup - Jar",1,8
240,2026-02-06,"2026-02-04","Yogurt - Plain - Oz.",1,6.75
240,2026-02-06,"2026-02-04","FSA/FSD",1,64.37
952,2026-02-06,"2026-02-04","Mothership Pickup Time (6.0 @6-6:30) - @6-6:30",1,0
952,2026-02-06,"2026-02-04","Bacon - Each",1,12.75
952,2026-02-06,"2026-02-04","Beets - Pickled - Quart",1,8.25
952,2026-02-06,"2026-02-04","Eggs - Dozen",1,6.25
952,2026-02-06,"2026-02-04","English Muffin Sourdough - Frozen - Pack",1,5
952,2026-02-06,"2026-02-04","Louise's Original Granola - Bag",1,10.75
952,2026-02-06,"2026-02-04","Pork Breakfast Patties D&M - Pack",1,8.5
952,2026-02-06,"2026-02-04","Ravioli - Butternut Squash  - Lb.",1,9
952,2026-02-06,"2026-02-04","Toffee - Package",1,6.45
952,2026-02-06,"2026-02-04","Yogurt - Plain - Oz.",1,6.75
952,2026-02-06,"2026-02-04","Extra Credit - Each",27.95,1.06
952,2026-02-06,"2026-02-04","FSA/FSD",1,64.37
1289,2026-02-06,"2026-02-04","Mothership Pickup Time (2.0 @4-4:30) - @4-4:30",1,0
1289,2026-02-06,"2026-02-04","Bagels - Honey Buckwheat - BU - Bag",1,11
1289,2026-02-06,"2026-02-04","Harvest Shreds - Naked 2lb. - Pack",1,24.5
1289,2026-02-06,"2026-02-04","Ravioli - Mushroom  - Lb.",1,9
1289,2026-02-06,"2026-02-04","Extra Credit - Each",44.5,1.06
642,2026-02-06,"2026-02-04","Chicken - Links ($10) - Each",1,10
642,2026-02-06,"2026-02-04","Chips - Tortilla - Bag",1,4.25
642,2026-02-06,"2026-02-04","Eggs - Dozen",1,6.25
642,2026-02-06,"2026-02-04","Hummus Choice ($6.75) - Tub",1,6.75
642,2026-02-06,"2026-02-04","Kairos Sourdough Choice $5 - Pack",1,5
642,2026-02-06,"2026-02-04","Missouri Pecans (1.0 Halves) - Halves",1,6.5
642,2026-02-06,"2026-02-04","Staff - include last wk's share - Bag",1,0
642,2026-02-06,"2026-02-04","Half",1,68.89
1143,2026-02-06,"2026-02-04","UCity Pickup Time (2.0 @5-5:30) - @5-5:30",1,0
1143,2026-02-06,"2026-02-04","Bagel Chips - Bag",1,5.25
1143,2026-02-06,"2026-02-04","Black Bean Soup - Tub",1,6.25
1143,2026-02-06,"2026-02-04","Chicken Links - Lemon Pepper - Lb.",1,10
1143,2026-02-06,"2026-02-04","Ground Beef - D&M - Lb.",1,10.25
1143,2026-02-06,"2026-02-04","Marinara Sauce - Jar",1,8.75
1143,2026-02-06,"2026-02-04","Extra Credit - Each",1.75,1.06
1143,2026-02-06,"2026-02-04","UCA/KWA",1,64.37
6,2026-02-06,"2026-02-04","UCity Pickup Time (3.0 @5:30-6) - @5:30-6",1,0
6,2026-02-06,"2026-02-04","Bison - Ground - Lb.",1,21
6,2026-02-06,"2026-02-04","Curds Creamy Ranch 10 oz - Bag",1,6.5
6,2026-02-06,"2026-02-04","Mushrooms (1.0 Shiitake) - Shiitake",1,8.25
6,2026-02-06,"2026-02-04","Winter Squash - Tetsukabuto - Each",1,3.5
6,2026-02-06,"2026-02-04","Extra Credit - Each",0.5,1.06
6,2026-02-06,"2026-02-04","UCA/KWA",1,64.37
1689,2026-02-06,"2026-02-04","UCity Pickup Time - @4:30-5",1,0
1689,2026-02-06,"2026-02-04","Bacon - Each",1,12.75
1689,2026-02-06,"2026-02-04","Oats - 1lb. (1.0 Rolled) - Rolled",2,3.75
1689,2026-02-06,"2026-02-04","Semolina - Wednesday - Loaf",1,6.75
1689,2026-02-06,"2026-02-04","Shoots - Broccoli - Bag",1,4.25
1689,2026-02-06,"2026-02-04","Turkey Thighs /lb - Each",1,9.68
1689,2026-02-06,"2026-02-04","Winter Squash - Butternut (1.0 Large) - Large",1,5
1689,2026-02-06,"2026-02-04","Extra Credit - Each",12.43,1.06
1689,2026-02-06,"2026-02-04","Mini",1,46.28
418,2026-02-06,"2026-02-04","Heritage - Aged - Pack",1,6.5
418,2026-02-06,"2026-02-04","Winter Squash - Acorn - Each",1,1.75
418,2026-02-06,"2026-02-04","UCity Pickup Time - @4:30-5",1,0
418,2026-02-06,"2026-02-04","Donation to Food Pantry - Each",1,1
418,2026-02-06,"2026-02-04","Bagels - Sesame Seed - BU - Bag",1,11
418,2026-02-06,"2026-02-04","Black Bean Dip - Tub",1,6.25
418,2026-02-06,"2026-02-04","Eggs - Dozen",1,6.25
418,2026-02-06,"2026-02-04","Marbled Rye -Wednesday - Loaf",1,8.35
418,2026-02-06,"2026-02-04","Extra Credit - Each",7.6,1.06
418,2026-02-06,"2026-02-04","Mini",1,46.28
1506,2026-02-06,"2026-02-04","Cheddar - White MJC - Package",2,6.5
1506,2026-02-06,"2026-02-04","Dates - Oz.",1,9.75
1506,2026-02-06,"2026-02-04","UCity Pickup Time - @4:30-5",1,0
1506,2026-02-06,"2026-02-04","Almond Butter - Crunchy  - Pint",1,11.25
1506,2026-02-06,"2026-02-04","Chicken Breasts /lb. - Pack",2,13.12
1506,2026-02-06,"2026-02-04","Cranberry Orange Milk Choc. Bark - Each",1,6.45
1506,2026-02-06,"2026-02-04","Curds Applewood Smoked 10 oz - Bag",1,6.5
1506,2026-02-06,"2026-02-04","Ground Beef - D&M - Lb.",2,10.25
1506,2026-02-06,"2026-02-04","Milk Choc. Peanut Butter Bark - Pack",1,6.45
1506,2026-02-06,"2026-02-04","Salmon - Fillet Pieces/LB* - Each",1,9.03
1506,2026-02-06,"2026-02-04","Tastachios - Oz.",1,8.5
1506,2026-02-06,"2026-02-04","Wild Cod/LB* - Pack",1,7.5
1506,2026-02-06,"2026-02-04","Extra Credit - Each",86.42,1.06
1506,2026-02-06,"2026-02-04","UCA/KWA",1,64.37
883,2026-02-06,"2026-02-04","Mothership Pickup Time (5.0 @5:30-6) - @5:30-6",1,0
883,2026-02-06,"2026-02-04","Cheese Choice $6.50 - Each",1,6.5
883,2026-02-06,"2026-02-04","Chicken Breasts /lb. - Pack",1,11.39
883,2026-02-06,"2026-02-04","Ground Beef - D&M - Lb.",1,10.25
883,2026-02-06,"2026-02-04","Salmon - Fillet Pieces/LB* - Each",1,9.73
883,2026-02-06,"2026-02-04","Extra Credit - Each",4.37,1.06
883,2026-02-06,"2026-02-04","Mini",1,46.28
976,2026-02-06,"2026-02-04","Brisket - half/lb. - lbs",1,46.54
976,2026-02-06,"2026-02-04","Eggs - Dozen",1,6.25
976,2026-02-06,"2026-02-04","Extra Credit - Each",14.04,1.06
976,2026-02-06,"2026-02-04","Half",1,68.89
194,2026-02-06,"2026-02-04","Cheddar - White MJC - Package",1,6.5
194,2026-02-06,"2026-02-04","Mothership Pickup Time (2.0 @4-4:30) - @4-4:30",1,0
194,2026-02-06,"2026-02-04","Cheese Choice $6.50 - Each",1,6.5
194,2026-02-06,"2026-02-04","FF Side - Jalapeno Cheesy Grits - Pint",1,10.25
194,2026-02-06,"2026-02-04","Ground Beef - D&M - Lb.",1,10.25
194,2026-02-06,"2026-02-04","Mini",1,46.28
810,2026-02-06,"2026-02-04","Chicken - Big Bag Deboned Thighs/lb. - Bag",1,40.16
810,2026-02-06,"2026-02-04","Mothership Pickup Time (3.0 @4:30-5) - @4:30-5",1,0
810,2026-02-06,"2026-02-04","Apple Sauce - Organic Qt. - Quart",1,10.5
810,2026-02-06,"2026-02-04","Bacon - Each",1,12.75
810,2026-02-06,"2026-02-04","Bagels - Sesame Seed - BU - Bag",1,11
810,2026-02-06,"2026-02-04","Croissants - Pack",2,4.5
810,2026-02-06,"2026-02-04","Eggs - Dozen",1,6.25
810,2026-02-06,"2026-02-04","Ground Beef - D&M - Lb.",1,10.25
810,2026-02-06,"2026-02-04","Hoagie - Wednesday - Each",1,3.35
810,2026-02-06,"2026-02-04","Extra Credit - Each",67.26,1.06
810,2026-02-06,"2026-02-04","Mini",1,46.28
810,2026-02-06,"2026-02-04","Chocolate MILK",1,9.43
866,2026-02-06,"2026-02-04","UCity Pickup Time - @4:30-5",1,0
866,2026-02-06,"2026-02-04","FF Sauce - Thai Peanut - Half Pint",1,7.25
866,2026-02-06,"2026-02-04","Missouri Pecans (1.0 Halves) - Halves",2,6.5
866,2026-02-06,"2026-02-04","Radishes - Purple Heart - Bunch",1,5.25
866,2026-02-06,"2026-02-04","Radishes - Watermelon  - Lb.",1,5.25
866,2026-02-06,"2026-02-04","Vinaigrette - Greek Style - Bottle",1,6.25
866,2026-02-06,"2026-02-04","Winter Squash - Spaghetti (1.0 Large) - Large",1,5.5
866,2026-02-06,"2026-02-04","Extra Credit - Each",3.75,1.06
866,2026-02-06,"2026-02-04","Half",1,68.89
1871,2026-02-06,"2026-02-05","Jam - Strawberry - Rhubarb - Pint",1,7.5
1871,2026-02-06,"2026-02-05","Mothership Pickup Time (2.0 @4-4:30) - @4-4:30",1,0
1871,2026-02-06,"2026-02-05","Chicken Wings/lb. - lbs",1,5.25
1871,2026-02-06,"2026-02-05","Curds Garlic Herb HBC 10 oz  - Bag",1,6.5
1871,2026-02-06,"2026-02-05","Eggs - Dozen",1,6.25
1871,2026-02-06,"2026-02-05","Missouri Pecans (1.0 Halves) - Halves",1,6.5
1871,2026-02-06,"2026-02-05","Oats - 1lb. (1.0 Rolled) - Rolled",1,3.75
1871,2026-02-06,"2026-02-05","Half",1,68.89
21,2026-02-06,"2026-02-05","Mothership Pickup Time (1.0 @3:30-4) - @3:30-4",1,0
21,2026-02-06,"2026-02-05","Beef Marrow Bones /lb - Lb.",1,19.61
21,2026-02-06,"2026-02-05","Curds Creamy Ranch 10 oz - Bag",1,6.5
21,2026-02-06,"2026-02-05","Eggs - Dozen",1,6.25
21,2026-02-06,"2026-02-05","Hummus Choice ($6.75) - Tub",1,6.75
21,2026-02-06,"2026-02-05","Winter Squash - Georgia Candy Roaster - Each",1,8.25
21,2026-02-06,"2026-02-05","Extra Credit - Each",8.61,1.06
21,2026-02-06,"2026-02-05","Half",1,68.89
1217,2026-02-06,"2026-02-05","Kirkwood Pickup Time - @1-1:30",1,0
1217,2026-02-06,"2026-02-05","Aged Cheddar - HBC - Each",1,6.5
1217,2026-02-06,"2026-02-05","Chicken Breasts /lb. - Pack",1,12.38
1217,2026-02-06,"2026-02-05","Eggs - Dozen",1,6.25
1217,2026-02-06,"2026-02-05","Meatballs D&M - Package",1,14.5
1217,2026-02-06,"2026-02-05","Extra Credit - Each",6.13,1.06
1217,2026-02-06,"2026-02-05","Mini",1,46.28
1891,2026-02-06,"2026-02-05","Kirkwood Pickup Time (3.0 @2-2:30) - @2-2:30",1,0
1891,2026-02-06,"2026-02-05","Mushrooms (1.0 Oyster) - Oyster",1,8.25
1891,2026-02-06,"2026-02-05","Potatoes - Regular - lbs",1,6
1891,2026-02-06,"2026-02-05","Potatoes - Sweet - lbs",1,6
1891,2026-02-06,"2026-02-05","Ravioli - 4-Cheese - Lb.",1,9
1891,2026-02-06,"2026-02-05","Tortellini - Cheese - Lb.",1,9
1891,2026-02-06,"2026-02-05","UCA/KWA",1,64.37
1196,2026-02-06,"2026-02-05","Kirkwood Pickup Time - @1-1:30",1,0
1196,2026-02-06,"2026-02-05","Bagels - Honey Buckwheat - BU - Bag",1,11
1196,2026-02-06,"2026-02-05","Carrots no tops - Lb.",1,6
1196,2026-02-06,"2026-02-05","Lasagna (1.0 Spinach) - Spinach",1,14.5
1196,2026-02-06,"2026-02-05","Shoots - Fenugreek - Share",1,4.25
1196,2026-02-06,"2026-02-05","Extra Credit - Each",2.25,1.06
1196,2026-02-06,"2026-02-05","Mini",1,46.28
192,2026-02-06,"2026-02-05","Kirkwood Pickup Time (2.0 @1:30-2) - @1:30-2",1,0
192,2026-02-06,"2026-02-05","Chicken Thighs - Boneless/lb. - lbs",1,10.2
192,2026-02-06,"2026-02-05","Curds Creamy Ranch 10 oz - Bag",1,6.5
192,2026-02-06,"2026-02-05","Honey - Wildflower - Bottle",1,11.25
192,2026-02-06,"2026-02-05","Pork - Brats Cheddar DM - 4-pack",1,8
192,2026-02-06,"2026-02-05","Pretzel Slider Buns - Bag",1,6.25
192,2026-02-06,"2026-02-05","UCA/KWA",1,64.37
192,2026-02-06,"2026-02-05","2% MILK",2,8.49
1977,2026-02-06,"2026-02-05","Mothership Pickup Time (2.0 @4-4:30) - @4-4:30",1,0
1977,2026-02-06,"2026-02-05","Eggs - Dozen",1,6.25
1977,2026-02-06,"2026-02-05","Ground Beef - D&M - Lb.",2,10.25
1977,2026-02-06,"2026-02-05","Meatballs D&M - Package",1,14.5
1977,2026-02-06,"2026-02-05","Extra Credit - Each",2.5,1.06
1977,2026-02-06,"2026-02-05","Half",1,68.89
1465,2026-02-06,"2026-02-05","Kirkwood Pickup Time (1.0 PORCH) - PORCH",1,0
1465,2026-02-06,"2026-02-05","Bada Bing - Sub - Frozen - Each",1,6.25
1465,2026-02-06,"2026-02-05","English Muffin Sourdough - Frozen - Pack",1,5
1465,2026-02-06,"2026-02-05","Potatoes - Regular - lbs",2,6
1465,2026-02-06,"2026-02-05","Potatoes - Sweet - lbs",1,6
1465,2026-02-06,"2026-02-05","Shoots - Broccoli - Bag",1,4.25
1465,2026-02-06,"2026-02-05","Mini",1,46.28
1489,2026-02-06,"2026-02-05","Eggs - BW - Dozen",1,6.25
1489,2026-02-06,"2026-02-05","Kirkwood Pickup Time - @1-1:30",1,0
1489,2026-02-06,"2026-02-05","Hoagie - T - Each",1,3.35
1489,2026-02-06,"2026-02-05","Lettuce - Bibb - Head",2,3
1489,2026-02-06,"2026-02-05","Louise's Original Granola - Bag",1,10.75
1489,2026-02-06,"2026-02-05","oo'ma'me - Chinese - Jar",1,12
1489,2026-02-06,"2026-02-05","Half",1,68.89
1386,2026-02-06,"2026-02-05","Eggs - BW - Dozen",1,6.25
1386,2026-02-06,"2026-02-05","Kirkwood Pickup Time - @1-1:30",1,0
1386,2026-02-06,"2026-02-05","Mushrooms (1.0 Shiitake) - Shiitake",1,8.25
1386,2026-02-06,"2026-02-05","Pork - Deli Ham RFF/lb. - Lb.",1,16.5
1386,2026-02-06,"2026-02-05","Winter Squash - Butternut (1.0 Medium) - Medium",1,4
1386,2026-02-06,"2026-02-05","Yogurt - Vanilla - Oz.",1,6.75
1386,2026-02-06,"2026-02-05","Extra Credit - Each",3,1.06
1386,2026-02-06,"2026-02-05","UCA/KWA",1,64.37
282,2026-02-06,"2026-02-05","Bagels - Everything - Bag",1,6.75
282,2026-02-06,"2026-02-05","Chicken - Links ($10) - Each",1,10
282,2026-02-06,"2026-02-05","Chips - Tortilla - Bag",1,4.25
282,2026-02-06,"2026-02-05","Eggs - Dozen",1,6.25
282,2026-02-06,"2026-02-05","Hummus Choice ($6.75) - Tub",1,6.75
282,2026-02-06,"2026-02-05","Kairos Sourdough Choice $5 - Pack",1,5
282,2026-02-06,"2026-02-05","Missouri Pecans (1.0 Halves) - Halves",1,6.5
282,2026-02-06,"2026-02-05","Extra Credit - Each",6.75,1.06
282,2026-02-06,"2026-02-05","Half",1,68.89
970,2026-02-06,"2026-02-05","Pizza - Cheese  - Each",1,7.25
970,2026-02-06,"2026-02-05","Apple Sauce - Organic Qt. - Quart",1,10.5
970,2026-02-06,"2026-02-05","Cheese Choice $6.50 - Each",1,6.5
970,2026-02-06,"2026-02-05","Chicken - Ground - Lb.",1,8.75
970,2026-02-06,"2026-02-05","Dark Chocolate Lolli - Each",2,1.75
970,2026-02-06,"2026-02-05","Extra Credit - Each",3,1.06
970,2026-02-06,"2026-02-05","Mini",1,46.28
1488,2026-02-06,"2026-02-05","Kirkwood Pickup Time - @1-1:30",1,0
1488,2026-02-06,"2026-02-05","Ground Lamb  - Lb.",1,16
1488,2026-02-06,"2026-02-05","Honey - Pint - Jar",1,10.75
1488,2026-02-06,"2026-02-05","Milk Chocolate Caramels - 4-pack",1,11.25
1488,2026-02-06,"2026-02-05","Mushrooms - Choice",1,8.25
1488,2026-02-06,"2026-02-05","UCA/KWA",1,64.37
1488,2026-02-06,"2026-02-05","2% MILK",1,8.49
287,2026-02-06,"2026-02-05","Mothership Pickup Time (1.0 @3:30-4) - @3:30-4",1,0
287,2026-02-06,"2026-02-05","Bread Choice ($6.25) - Loaf",1,6.25
287,2026-02-06,"2026-02-05","Canned Choice $7.5 - Quart",1,7.5
287,2026-02-06,"2026-02-05","Chicken Thighs - Boneless/lb. - lbs",1,10.37
287,2026-02-06,"2026-02-05","Dark Chocolate Lolli - Each",1,1.75
287,2026-02-06,"2026-02-05","Eggs - Dozen",1,6.25
287,2026-02-06,"2026-02-05","Lettuce - Bibb - Head",1,3
287,2026-02-06,"2026-02-05","Wildcard $8.75 - Each",1,8.75
287,2026-02-06,"2026-02-05","Winter Squash - Butternut (1.0 Medium) - Medium",1,4
287,2026-02-06,"2026-02-05","Extra Credit - Each",2.12,1.06
287,2026-02-06,"2026-02-05","FSA/FSD",1,64.37
1970,2026-02-06,"2026-02-05","Kirkwood Pickup Time (3.0 @2-2:30) - @2-2:30",1,0
1970,2026-02-06,"2026-02-05","Apple Sauce - w/sugar - qt. - Jar",1,7.5
1970,2026-02-06,"2026-02-05","Cheese - Ozark Mutschli Small - $ - Bag",1,7.82
1970,2026-02-06,"2026-02-05","Eggs - Dozen",1,6.25
1970,2026-02-06,"2026-02-05","Ground Beef - D&M - Lb.",1,10.25
1970,2026-02-06,"2026-02-05","Hoagie - T - Each",1,3.35
1970,2026-02-06,"2026-02-05","Extra Credit - Each",1.67,1.06
1970,2026-02-06,"2026-02-05","Mini",1,46.28
1132,2026-02-06,"2026-02-05","Kirkwood Pickup Time (2.0 @1:30-2) - @1:30-2",1,0
1132,2026-02-06,"2026-02-05","Eggs - Dozen",2,6.25
1132,2026-02-06,"2026-02-05","Multigrain Bread - Frozen - Loaf",1,6.25
1132,2026-02-06,"2026-02-05","Potatoes - Regular - lbs",1,6
1132,2026-02-06,"2026-02-05","Extra Credit - Each",14.75,1.06
1132,2026-02-06,"2026-02-05","(BYO) KWG - Orders Only",1,0
1132,2026-02-06,"2026-02-05","Whole MILK",2,8.49
1671,2026-02-06,"2026-02-05","Pizza - Tomato Basil Garlic  - Each",1,8
1671,2026-02-06,"2026-02-05","Mothership Pickup Time (5.0 @5:30-6) - @5:30-6",1,0
1671,2026-02-06,"2026-02-05","Chicken Breasts /lb. - Pack",1,10.89
1671,2026-02-06,"2026-02-05","Eggs - Dozen",1,6.25
1671,2026-02-06,"2026-02-05","Missouri Pecans (1.0 Halves) - Halves",1,6.5
1671,2026-02-06,"2026-02-05","Pork - Bratwurst  - Pack",1,8
1671,2026-02-06,"2026-02-05","Yogurt - Plain - Oz.",1,6.75
1671,2026-02-06,"2026-02-05","Extra Credit - Each",12.89,1.06
1671,2026-02-06,"2026-02-05","Mini",1,46.28
579,2026-02-06,"2026-02-05","Apple Sauce - Organic Qt. - Quart",1,10.5
579,2026-02-06,"2026-02-05","Cheese Choice $6.50 - Each",1,6.5
579,2026-02-06,"2026-02-05","Eggs - Dozen",1,6.25
579,2026-02-06,"2026-02-05","Ground Beef - D&M - Lb.",1,10.25
579,2026-02-06,"2026-02-05","Mini",1,46.28
123,2026-02-06,"2026-02-05","Mushrooms - Choice",1,8.25
123,2026-02-06,"2026-02-05","Pasta Long Bi-color - Lb.",1,6.5
123,2026-02-06,"2026-02-05","Protein Choice $21.0 - Pack",1,21
123,2026-02-06,"2026-02-05","Wildcard $3 - Each",1,3
123,2026-02-06,"2026-02-05","UCA/KWA",1,64.37
1277,2026-02-06,"2026-02-05","Chicken - Thighs /lbs  - lbs",1,7.02
1277,2026-02-06,"2026-02-05","Mushrooms (1.0 Shiitake) - Shiitake",1,8.25
1277,2026-02-06,"2026-02-05","Pork - Ground  - Lb.",2,7.25
1277,2026-02-06,"2026-02-05","Pork Apple Brat - Pack",1,12.4
1277,2026-02-06,"2026-02-05","Yogurt - Plain - Oz.",1,6.75
1277,2026-02-06,"2026-02-05","Extra Credit - Each",48.92,1.06
1799,2026-02-06,"2026-02-05","Beef - Stew Meat - Pack",1,10.25
1799,2026-02-06,"2026-02-05","Bread Choice ($6.25) - Loaf",1,6.25
1799,2026-02-06,"2026-02-05","Canned Choice $7.5 - Quart",1,7.5
1799,2026-02-06,"2026-02-05","Eggs - Dozen",1,6.25
1799,2026-02-06,"2026-02-05","Wildcard $8.75 - Each",1,8.75
1799,2026-02-06,"2026-02-05","Yogurt Choice  - Each",1,6.75
1799,2026-02-06,"2026-02-05","FSA/FSD",1,64.37
467,2026-02-06,"2026-02-05","Eggs - BW - Dozen",1,6.25
467,2026-02-06,"2026-02-05","Kirkwood Pickup Time - @1-1:30",1,0
467,2026-02-06,"2026-02-05","Chicken Links - Andouille  - Lb.",1,10
467,2026-02-06,"2026-02-05","Curds Jalapeno Habanero 10 oz - Bag",1,6.5
467,2026-02-06,"2026-02-05","Honey - Qt. - Jar",1,20
467,2026-02-06,"2026-02-05","Extra Credit - Each",9.25,1.06
467,2026-02-06,"2026-02-05","Mini",1,46.28
615,2026-02-06,"2026-02-05","Kirkwood Pickup Time (3.0 @2-2:30) - @2-2:30",1,0
615,2026-02-06,"2026-02-05","Bagels - Plain - Bag",1,6.75
615,2026-02-06,"2026-02-05","Beef - Stew Meat - Pack",1,10.25
615,2026-02-06,"2026-02-05","Granola Bar - Each",2,3.75
615,2026-02-06,"2026-02-05","Ground Beef - D&M - Lb.",1,10.25
615,2026-02-06,"2026-02-05","Hummus - Beet & Pepita - Tub",1,6.75
615,2026-02-06,"2026-02-05","Maple Syrup 12 oz. - Jar",1,12.5
615,2026-02-06,"2026-02-05","Potatoes - Regular - lbs",2,6
615,2026-02-06,"2026-02-05","Salmon - Fillet Whole/LB - Each",1,33.46
615,2026-02-06,"2026-02-05","Sliced Summer Sausage - Bag",1,8.5
615,2026-02-06,"2026-02-05","Extra Credit - Each",74.46,1.06
615,2026-02-06,"2026-02-05","Mini",1,46.28
31,2026-02-06,"2026-02-05","Eggs - BW - Dozen",1,6.25
31,2026-02-06,"2026-02-05","Mothership Pickup Time (1.0 @3:30-4) - @3:30-4",1,0
31,2026-02-06,"2026-02-05","$ for green bags donation - $",1,1
31,2026-02-06,"2026-02-05","Eggs - Dozen",1,6.25
31,2026-02-06,"2026-02-05","Missouri Pecans (1.0 Halves) - Halves",1,6.5
31,2026-02-06,"2026-02-05","Pizza Sourdough - Frozen - Pack",1,5
31,2026-02-06,"2026-02-05","Radishes - Purple Heart - Bunch",1,5.25
31,2026-02-06,"2026-02-05","Salmon - Fillet Pieces/LB* - Each",1,9.52
31,2026-02-06,"2026-02-05","Half",1,34.18
31,2026-02-06,"2026-02-05","2% MILK",2,8.49
1102,2026-02-06,"2026-02-05","Cheddar - White MJC - Package",1,6.5
1102,2026-02-06,"2026-02-05","Jam - Strawberry - Rhubarb - Pint",1,7.5
1102,2026-02-06,"2026-02-05","Salsa - Gringo's Medium - Pint",1,5
1102,2026-02-06,"2026-02-05","Mothership Pickup Time (4.0 @5-5:30) - @5-5:30",1,0
1102,2026-02-06,"2026-02-05","Chips - Tortilla - Bag",1,4.25
1102,2026-02-06,"2026-02-05","Eggs - Dozen",1,6.25
1102,2026-02-06,"2026-02-05","Hoagie - T - Each",1,3.35
1102,2026-02-06,"2026-02-05","Kairos Sourdough Choice $5 - Pack",1,5
1102,2026-02-06,"2026-02-05","Missouri Pecans (1.0 Halves) - Halves",1,6.5
1102,2026-02-06,"2026-02-05","Extra Credit - Each",5.6,1.06
1102,2026-02-06,"2026-02-05","Half",1,68.89
1857,2026-02-06,"2026-02-05","Pepitas - Oz.",1,7.75
1857,2026-02-06,"2026-02-05","Mothership Pickup Time (4.0 @5-5:30) - @5-5:30",1,0
1857,2026-02-06,"2026-02-05","Croissants - Pack",1,4.5
1857,2026-02-06,"2026-02-05","Eggs - H - Dozen",2,6.25
1857,2026-02-06,"2026-02-05","Janie's Bread - Thursday - Each",1,6.75
1857,2026-02-06,"2026-02-05","Lettuce - Bibb - Head",1,3
1857,2026-02-06,"2026-02-05","Pork - Bratwurst  - Pack",1,8
1857,2026-02-06,"2026-02-05","Winter Squash - Butternut (1.0 Medium) - Medium",1,4
1857,2026-02-06,"2026-02-05","Extra Credit - Each",5.5,1.06
1857,2026-02-06,"2026-02-05","FSC",1,64.37
1131,2026-02-06,"2026-02-05","Apple Sauce - Organic Qt. - Quart",1,10.5
1131,2026-02-06,"2026-02-05","Cheese Choice $6.50 - Each",1,6.5
1131,2026-02-06,"2026-02-05","Eggs - Dozen",1,6.25
1131,2026-02-06,"2026-02-05","Ground Beef - D&M - Lb.",1,10.25
1131,2026-02-06,"2026-02-05","Mini",1,46.28
1622,2026-02-06,"2026-02-05","Apple Sauce - Organic Qt. - Quart",1,10.5
1622,2026-02-06,"2026-02-05","Beef - Filet 1-1.5#./lb - Pack",1,36.88
1622,2026-02-06,"2026-02-05","Cheese Choice $6.50 - Each",1,6.5
1622,2026-02-06,"2026-02-05","Ground Beef - D&M - Lb.",1,10.25
1622,2026-02-06,"2026-02-05","Extra Credit - Each",30.6,1.06
1622,2026-02-06,"2026-02-05","Mini",1,46.28
670,2026-02-06,"2026-02-05","Salsa - Gringo's Medium - Pint",1,5
670,2026-02-06,"2026-02-05","Mothership Pickup Time (1.0 @3:30-4) - @3:30-4",1,0
670,2026-02-06,"2026-02-05","Aged Cheddar - HBC - Each",1,6.5
670,2026-02-06,"2026-02-05","Cheese Choice $6.50 - Each",1,6.5
670,2026-02-06,"2026-02-05","Chips - Tortilla - Bag",1,4.25
670,2026-02-06,"2026-02-05","Eggs - Dozen",1,6.25
670,2026-02-06,"2026-02-05","Marbled Rye - Thursday - Each",1,8.35
670,2026-02-06,"2026-02-05","Shoots - Specialty Mix - Bag",1,4.25
670,2026-02-06,"2026-02-05","Yogurt - Plain - Oz.",1,6.75
670,2026-02-06,"2026-02-05","Extra Credit - Each",14.35,1.06
670,2026-02-06,"2026-02-05","Mini",1,46.28
1047,2026-02-06,"2026-02-05","Mothership Pickup Time (2.0 @4-4:30) - @4-4:30",1,0
1047,2026-02-06,"2026-02-05","Egg Noodles - Oz.",1,9.5
1047,2026-02-06,"2026-02-05","Eggs - Dozen",1,6.25
1047,2026-02-06,"2026-02-05","Gnocchi - Garlic Chive  - Lb.",1,6.5
1047,2026-02-06,"2026-02-05","Granola Bar - Each",1,3.75
1047,2026-02-06,"2026-02-05","Hummus Choice ($6.75) - Tub",1,6.75
1047,2026-02-06,"2026-02-05","Kairos Sourdough Choice $5 - Pack",1,5
1047,2026-02-06,"2026-02-05","Missouri Pecans (1.0 Halves) - Halves",1,6.5
1047,2026-02-06,"2026-02-05","Potatoes - Sweet - lbs",1,6
1047,2026-02-06,"2026-02-05","Semolina - T - Loaf",1,6.75
1047,2026-02-06,"2026-02-05","Extra Credit - Each",18.25,1.06
1047,2026-02-06,"2026-02-05","Half",1,68.89
11,2026-02-06,"2026-02-05","Eggs - BW - Dozen",1,6.25
11,2026-02-06,"2026-02-05","Bacon - Each",1,12.75
11,2026-02-06,"2026-02-05","Harvest Shreds - Naked 2lb. - Pack",1,24.5
11,2026-02-06,"2026-02-05","Semolina - T - Loaf",1,6.75
11,2026-02-06,"2026-02-05","Extra Credit - Each",4.5,1.06
11,2026-02-06,"2026-02-05","FSA/FSD",1,64.37
471,2026-02-06,"2026-02-05","Beef - Stew Meat - Pack",1,10.25
471,2026-02-06,"2026-02-05","Bread Choice ($6.25) - Loaf",1,6.25
471,2026-02-06,"2026-02-05","Canned Choice $7.5 - Quart",1,7.5
471,2026-02-06,"2026-02-05","Eggs - Dozen",1,6.25
471,2026-02-06,"2026-02-05","Wildcard $8.75 - Each",1,8.75
471,2026-02-06,"2026-02-05","Yogurt Choice  - Each",1,6.75
471,2026-02-06,"2026-02-05","FSA/FSD",1,64.37
610,2026-02-06,"2026-02-05","Chicken - Links ($10) - Each",1,10
610,2026-02-06,"2026-02-05","Chips - Tortilla - Bag",1,4.25
610,2026-02-06,"2026-02-05","Eggs - Dozen",1,6.25
610,2026-02-06,"2026-02-05","Hummus Choice ($6.75) - Tub",1,6.75
610,2026-02-06,"2026-02-05","Kairos Sourdough Choice $5 - Pack",1,5
610,2026-02-06,"2026-02-05","Missouri Pecans (1.0 Halves) - Halves",1,6.5
610,2026-02-06,"2026-02-05","Half",1,68.89
1593,2026-02-06,"2026-02-05","Chicken - BULK Breasts /lb. - Pack",1,40.46
1593,2026-02-06,"2026-02-05","Mothership Pickup Time (4.0 @5-5:30) - @5-5:30",1,0
1593,2026-02-06,"2026-02-05","Eggs - Dozen",1,6.25
1593,2026-02-06,"2026-02-05","Popped Corn - Organic - Bag",1,3
1593,2026-02-06,"2026-02-05","Salsa - Medium TM&G - Pint",1,6.5
1593,2026-02-06,"2026-02-05","Winter Squash - Baked Potato (1.0 Small) - Small",1,1.75
1593,2026-02-06,"2026-02-05","Extra Credit - Each",24.46,1.06
1593,2026-02-06,"2026-02-05","Mini",1,46.28
550,2026-02-06,"2026-02-05","Mothership Pickup Time (4.0 @5-5:30) - @5-5:30",1,0
550,2026-02-06,"2026-02-05","Cornmeal - Oz.",1,4.75
550,2026-02-06,"2026-02-05","Eggs - Dozen",1,6.25
550,2026-02-06,"2026-02-05","Flank Steak/lbs. - lbs",1,28.53
550,2026-02-06,"2026-02-05","Lemon Tarragon Vinaigrette - Bottle",1,10.25
550,2026-02-06,"2026-02-05","Tortellini - Goat Cheese - Pack",1,9
550,2026-02-06,"2026-02-05","Extra Credit - Each",13.03,1.06
550,2026-02-06,"2026-02-05","FSA/FSD",1,64.37
1839,2026-02-06,"2026-02-05","No Produce - Order Only (odd wk)",1,0
514,2026-02-06,"2026-02-05","Eggs - BW - Dozen",2,6.25
514,2026-02-06,"2026-02-05","Chicken - Ground - Lb.",1,8.75
514,2026-02-06,"2026-02-05","Lamb Gyro Seasoned - Lb.",3,17.5
514,2026-02-06,"2026-02-05","Semolina - T - Loaf",1,6.75
514,2026-02-06,"2026-02-05","Extra Credit - Each",39.5,1.06
514,2026-02-06,"2026-02-05","FSC",1,64.37
556,2026-02-06,"2026-02-05","Milk - 2%  - Oz.",1,5.5
556,2026-02-06,"2026-02-05","Bread Pudding - Muffin - Each",1,4
556,2026-02-06,"2026-02-05","Eggs - Dozen",1,6.25
621,2026-02-06,"2026-02-05","Mothership Pickup Time (1.0 @3:30-4) - @3:30-4",1,0
621,2026-02-06,"2026-02-05","Bagels - Honey Buckwheat - BU - Bag",1,11
621,2026-02-06,"2026-02-05","Bagels - Pumpernickel - BU - Bag",1,11
621,2026-02-06,"2026-02-05","Dark Bar 72% - Package",1,2.75
621,2026-02-06,"2026-02-05","Eggs - Dozen",2,6.25
621,2026-02-06,"2026-02-05","Oat Porridge Bread - T - Each",1,8.8
621,2026-02-06,"2026-02-05","Extra Credit - Each",0.3,1.06
621,2026-02-06,"2026-02-05","FSA/FSD",1,64.37
525,2026-02-06,"2026-02-05","Ground Turkey - Pack",2,8.75
525,2026-02-06,"2026-02-05","Bagels - Everything - Bag",1,6.75
525,2026-02-06,"2026-02-05","Bagels - Plain - Bag",1,6.75
525,2026-02-06,"2026-02-05","Chicken Chorizo - Lb.",1,10
525,2026-02-06,"2026-02-05","Semolina - T - Loaf",1,6.75
327,2026-02-06,"2026-02-05","Mothership Pickup Time (3.0 @4:30-5) - @4:30-5",1,0
327,2026-02-06,"2026-02-05","Chips - Tortilla - Bag",1,4.25
327,2026-02-06,"2026-02-05","Dark Bar 72% - Package",1,2.75
327,2026-02-06,"2026-02-05","Eggs - Dozen",1,6.25
327,2026-02-06,"2026-02-05","Hummus Choice ($6.75) - Tub",1,6.75
327,2026-02-06,"2026-02-05","Kairos Sourdough Choice $5 - Pack",1,5
327,2026-02-06,"2026-02-05","Missouri Pecans (1.0 Halves) - Halves",1,6.5
327,2026-02-06,"2026-02-05","Salmon - Fillet Pieces/LB* - Each",1,8.75
327,2026-02-06,"2026-02-05","Extra Credit - Each",1.5,1.06
327,2026-02-06,"2026-02-05","Half",1,68.89
1476,2026-02-06,"2026-02-05","Eggs - BW - Dozen",1,6.25
1476,2026-02-06,"2026-02-05","Winter Squash - Blue Delight/Hubbard (1.0 Small) - Small",1,4
1476,2026-02-06,"2026-02-05","Kirkwood Pickup Time - @1-1:30",1,0
1476,2026-02-06,"2026-02-05","Pizza Sourdough - Frozen - Pack",3,5
1476,2026-02-06,"2026-02-05","Winter Squash - Butternut (1.0 Small) - Small",1,3
1476,2026-02-06,"2026-02-05","Winter Squash - Pie Pumpkin - Each",3,3.75
1476,2026-02-06,"2026-02-05","Extra Credit - Each",6,1.06
1476,2026-02-06,"2026-02-05","Mini",1,46.28
434,2026-02-06,"2026-02-05","Chicken - Links ($10) - Each",1,10
434,2026-02-06,"2026-02-05","Chips - Tortilla - Bag",1,4.25
434,2026-02-06,"2026-02-05","Eggs - Dozen",1,6.25
434,2026-02-06,"2026-02-05","Hummus Choice ($6.75) - Tub",1,6.75
434,2026-02-06,"2026-02-05","Kairos Sourdough Choice $5 - Pack",1,5
434,2026-02-06,"2026-02-05","Missouri Pecans (1.0 Halves) - Halves",1,6.5
434,2026-02-06,"2026-02-05","Half",1,68.89
65,2026-02-06,"2026-02-05","Beef - Stew Meat - Pack",1,10.25
65,2026-02-06,"2026-02-05","Bread Choice ($6.25) - Loaf",1,6.25
65,2026-02-06,"2026-02-05","Canned Choice $7.5 - Quart",1,7.5
65,2026-02-06,"2026-02-05","Eggs - Dozen",1,6.25
65,2026-02-06,"2026-02-05","FF - Fry Bread - Bag",1,7.25
65,2026-02-06,"2026-02-05","Wildcard $8.75 - Each",1,8.75
65,2026-02-06,"2026-02-05","Yogurt Choice  - Each",1,6.75
65,2026-02-06,"2026-02-05","Extra Credit - Each",7.25,1.06
65,2026-02-06,"2026-02-05","FSA/FSD",1,64.37
502,2026-02-06,"2026-02-05","Mothership Pickup Time (4.0 @5-5:30) - @5-5:30",1,0
502,2026-02-06,"2026-02-05","Bread Pudding - Choice",1,6
502,2026-02-06,"2026-02-05","Chicken - Ground - Lb.",1,8.75
502,2026-02-06,"2026-02-05","Eggs - Dozen",1,6.25
502,2026-02-06,"2026-02-05","Granola Bar - Each",1,3.75
502,2026-02-06,"2026-02-05","Ground Beef - D&M - Lb.",1,10.25
502,2026-02-06,"2026-02-05","Mushrooms (1.0 Oyster) - Oyster",1,8.25
502,2026-02-06,"2026-02-05","Radishes - Purple Heart - Bunch",1,5.25
502,2026-02-06,"2026-02-05","Turnips - Japanese/White - Lb.",1,4.25
502,2026-02-06,"2026-02-05","Extra Credit - Each",11.75,1.06
502,2026-02-06,"2026-02-05","FSC",1,64.37
549,2026-02-06,"2026-02-05","Beef - Stew Meat - Pack",1,10.25
549,2026-02-06,"2026-02-05","Bread Choice ($6.25) - Loaf",1,6.25
549,2026-02-06,"2026-02-05","Canned Choice $7.5 - Quart",1,7.5
549,2026-02-06,"2026-02-05","Eggs - Dozen",1,6.25
549,2026-02-06,"2026-02-05","Wildcard $8.75 - Each",1,8.75
549,2026-02-06,"2026-02-05","Yogurt Choice  - Each",1,6.75
549,2026-02-06,"2026-02-05","FSA/FSD",1,64.37
710,2026-02-06,"2026-02-05","Mothership Pickup Time (1.0 @3:30-4) - @3:30-4",1,0
710,2026-02-06,"2026-02-05","Chevre PF (1.0 Plain) - Plain",1,8.5
710,2026-02-06,"2026-02-05","Ground Lamb  - Lb.",2,16
710,2026-02-06,"2026-02-05","Ravioli - 4-Cheese - Lb.",1,9
710,2026-02-06,"2026-02-05","Extra Credit - Each",3.75,1.06
710,2026-02-06,"2026-02-05","FSA/FSD",1,64.37
1268,2026-02-06,"2026-02-05","Half & Half - Pint",2,4.75
1268,2026-02-06,"2026-02-05","Mothership Pickup Time (2.0 @4-4:30) - @4-4:30",1,0
1268,2026-02-06,"2026-02-05","Eggs - Dozen",2,6.25
1268,2026-02-06,"2026-02-05","Maple Syrup 12 oz. - Jar",1,12.5
1268,2026-02-06,"2026-02-05","Turnips - Japanese/White - Lb.",1,4.25
1268,2026-02-06,"2026-02-05","Half",1,68.89
1879,2026-02-06,"2026-02-05","Mothership Pickup Time (3.0 @4:30-5) - @4:30-5",1,0
1879,2026-02-06,"2026-02-05","Beets - No Tops - Lb.",1,6.5
1879,2026-02-06,"2026-02-05","Cheese Choice $6.50 - Each",1,6.5
1879,2026-02-06,"2026-02-05","Gnocchi - Sundried Tomato  - Lb.",1,6.5
1879,2026-02-06,"2026-02-05","Ground Beef - D&M - Lb.",1,10.25
1879,2026-02-06,"2026-02-05","Radishes - Purple Heart - Bunch",1,5.25
1879,2026-02-06,"2026-02-05","Extra Credit - Each",1.5,1.06
1879,2026-02-06,"2026-02-05","Mini",1,46.28
493,2026-02-06,"2026-02-05","No Produce - Order Only (odd wk)",1,0
807,2026-02-06,"2026-02-05","Ground Turkey - Pack",1,8.75
807,2026-02-06,"2026-02-05","Bacon - Each",2,12.75
807,2026-02-06,"2026-02-05","Bison - Ground - Lb.",1,21
807,2026-02-06,"2026-02-05","Chicken Thighs - Boneless/lb. - lbs",2,10.54
807,2026-02-06,"2026-02-05","Pork Italian Links - D&M - Each",1,8
807,2026-02-06,"2026-02-05","Yogurt - Plain - Oz.",1,6.75
807,2026-02-06,"2026-02-05","Yogurt - Vanilla - Oz.",1,6.75
807,2026-02-06,"2026-02-05","Extra Credit - Each",59.08,1.06
807,2026-02-06,"2026-02-05","UCA/KWA",1,64.37
807,2026-02-06,"2026-02-05","2% MILK",1,8.49
1377,2026-02-06,"2026-02-05","Salsa - Gringo's Medium - Pint",1,5
1377,2026-02-06,"2026-02-05","Mothership Pickup Time (1.0 @3:30-4) - @3:30-4",1,0
1377,2026-02-06,"2026-02-05","Apple Sauce - Chunky - NS - Quart",1,7.5
1377,2026-02-06,"2026-02-05","Bread Pudding (1.0 Mocha Swirl) - Mocha Swirl",1,6
1377,2026-02-06,"2026-02-05","Dark Bar 72% - Package",1,2.75
1377,2026-02-06,"2026-02-05","Eggs - Dozen",1,6.25
1377,2026-02-06,"2026-02-05","Honey - Pint - Jar",1,10.75
1377,2026-02-06,"2026-02-05","Lettuce - Bibb - Head",1,3
1377,2026-02-06,"2026-02-05","Shoots - Pea - Bag",1,4.25
1377,2026-02-06,"2026-02-05","FSA/FSD",1,64.35
1763,2026-02-06,"2026-02-05","Jam - Blackberry HBY - Pint",1,7.5
1763,2026-02-06,"2026-02-05","Chicken - Breakfast Links - Each",1,10
1763,2026-02-06,"2026-02-05","Cinnamon Rolls - Pack",1,6.5
1763,2026-02-06,"2026-02-05","Curds Garlic Herb HBC 10 oz  - Bag",1,6.5
1763,2026-02-06,"2026-02-05","Sesame Hoagie - T - Each",1,3.6
1763,2026-02-06,"2026-02-05","Extra Credit - Each",0.6,1.06
1763,2026-02-06,"2026-02-05","Mini",1,46.28
1680,2026-02-06,"2026-02-05","Cheddar - White MJC - Package",1,6.5
1680,2026-02-06,"2026-02-05","Mothership Pickup Time (2.0 @4-4:30) - @4-4:30",1,0
1680,2026-02-06,"2026-02-05","Food Pantry Donation - $",5,1
1680,2026-02-06,"2026-02-05","Chicken - Breakfast Links - Each",1,10
1680,2026-02-06,"2026-02-05","Peaches - Spiced - Jar",1,13.25
1680,2026-02-06,"2026-02-05","Extra Credit - Each",1.25,1.06
1680,2026-02-06,"2026-02-05","Mini",1,46.28
245,2026-02-06,"2026-02-05","Chicken - Breakfast Links - Each",1,10
245,2026-02-06,"2026-02-05","Chicken - Ground - Lb.",1,8.75
245,2026-02-06,"2026-02-05","Dark Chocolate Square  - Each",1,1.75
245,2026-02-06,"2026-02-05","Eggs - Dozen",1,6.25
245,2026-02-06,"2026-02-05","Manicotti - Spinach - Package",1,9.8
245,2026-02-06,"2026-02-05","Tortellini - Mushroom - Lb.",1,9
245,2026-02-06,"2026-02-05","FSA/FSD",1,64.37
1766,2026-02-06,"2026-02-05","Stringbean Red Eye  - Oz.",1,15.45
1766,2026-02-06,"2026-02-05","Kirkwood Pickup Time (2.0 @1:30-2) - @1:30-2",1,0
1766,2026-02-06,"2026-02-05","FF Sauce - Thai Peanut - Half Pint",1,7.25
1766,2026-02-06,"2026-02-05","Hoagie - T - Each",1,3.35
1766,2026-02-06,"2026-02-05","Jar Tomatoes - Quart",2,7.5
1766,2026-02-06,"2026-02-05","Mushrooms - Choice",1,8.25
1766,2026-02-06,"2026-02-05","Extra Credit - Each",10.55,1.06
1766,2026-02-06,"2026-02-05","UCA/KWA",1,64.37
267,2026-02-06,"2026-02-05","Quark-Frozen - Tub",1,6.5
267,2026-02-06,"2026-02-05","Kirkwood Pickup Time - @1-1:30",1,0
267,2026-02-06,"2026-02-05","Beets - Pickled - Quart",1,8.25
267,2026-02-06,"2026-02-05","Chicken - Ground - Lb.",1,8.75
267,2026-02-06,"2026-02-05","Chicken Thighs - Boneless/lb. - Wee* - lbs",1,8.33
267,2026-02-06,"2026-02-05","Kohlrabi  - Head",1,1.5
267,2026-02-06,"2026-02-05","Potatoes - Sweet - lbs",1,6
267,2026-02-06,"2026-02-05","Extra Credit - Each",0.58,1.06
267,2026-02-06,"2026-02-05","Half",1,68.89
239,2026-02-06,"2026-02-05","Kirkwood Pickup Time - @1-1:30",1,0
239,2026-02-06,"2026-02-05","Ground Beef - Wagyu MJC - Lb.",2,10.25
239,2026-02-06,"2026-02-05","Mushrooms - Hen of the Woods/Maitake - Bag",1,8.25
239,2026-02-06,"2026-02-05","Pasta - Short Egg  - Lb.",1,6.5
239,2026-02-06,"2026-02-05","Seedy Wheaty - Frozen - Loaf",1,3.5
239,2026-02-06,"2026-02-05","UCA/KWA",1,64.37
293,2026-02-06,"2026-02-05","Ground Turkey - Pack",1,8.75
293,2026-02-06,"2026-02-05","Mothership Pickup Time (6.0 @6-6:30) - @6-6:30",1,0
293,2026-02-06,"2026-02-05","Beef - Stew Meat - Pack",1,10.25
293,2026-02-06,"2026-02-05","Dark Bar 72% - Package",1,2.75
293,2026-02-06,"2026-02-05","Eggs - Dozen",1,6.25
293,2026-02-06,"2026-02-05","FF Dish - Saag Paneer - Pint",1,11.75
293,2026-02-06,"2026-02-05","Hoagie - T - Each",1,3.35
293,2026-02-06,"2026-02-05","Marinara Sauce - Jar",1,8.75
293,2026-02-06,"2026-02-05","Ravioli - Mushroom  - Lb.",1,9
293,2026-02-06,"2026-02-05","Seedy Wheaty - Frozen - Loaf",1,3.5
293,2026-02-06,"2026-02-05","Extra Credit - Each",18.6,1.06
293,2026-02-06,"2026-02-05","FSA/FSD",1,64.37
616,2026-02-06,"2026-02-05","Mothership Pickup Time (2.0 @4-4:30) - @4-4:30",1,0
616,2026-02-06,"2026-02-05","Bagels - Blueberry - BU - Bag",1,11
616,2026-02-06,"2026-02-05","Eggs - Dozen",2,6.25
616,2026-02-06,"2026-02-05","Extra Credit - Each",23.5,1.06
310,2026-02-06,"2026-02-05","Chicken - BULK Breasts /lb. - Pack",1,38.6
310,2026-02-06,"2026-02-05","Mothership Pickup Time (1.0 @3:30-4) - @3:30-4",1,0
310,2026-02-06,"2026-02-05","Eggs - Dozen",2,6.25
310,2026-02-06,"2026-02-05","Janie's Bread - Thursday - Each",1,6.75
310,2026-02-06,"2026-02-05","Lettuce - Bibb - Head",1,3
310,2026-02-06,"2026-02-05","Missouri Pecans (1.0 Halves) - Halves",1,6.5
310,2026-02-06,"2026-02-05","Pork Andouille Links - D&M - Each",1,8
310,2026-02-06,"2026-02-05","Potatoes - Regular - lbs",1,6
310,2026-02-06,"2026-02-05","Potatoes - Sweet - lbs",1,6
310,2026-02-06,"2026-02-05","Winter Squash - Butternut (1.0 Large) - Large",1,5
310,2026-02-06,"2026-02-05","Extra Credit - Each",46.35,1.06
310,2026-02-06,"2026-02-05","FSC",1,64.37
310,2026-02-06,"2026-02-05","Half & Half",1,5.05
310,2026-02-06,"2026-02-05","Skim MILK",2,8.49
1271,2026-02-06,"2026-02-05","Beef Marrow Bones /lb - WOW! - $",1,31.09
1271,2026-02-06,"2026-02-05","Lasagna (1.0 Cheese) - Cheese",1,14.5
1271,2026-02-06,"2026-02-05","Light and Mild - T - Loaf",1,8
1271,2026-02-06,"2026-02-05","Extra Credit - Each",7.84,1.06
1271,2026-02-06,"2026-02-05","FSA/FSD",1,64.37
634,2026-02-06,"2026-02-05","Pizza - Cheese  - Each",1,7.25
634,2026-02-06,"2026-02-05","Kirkwood Pickup Time (2.0 @1:30-2) - @1:30-2",1,0
634,2026-02-06,"2026-02-05","Buttermilk Waffles Sourdough - Frozen - Pack",2,5
634,2026-02-06,"2026-02-05","Eggs - Dozen",1,6.25
634,2026-02-06,"2026-02-05","Ground Beef - D&M - Lb.",1,10.25
634,2026-02-06,"2026-02-05","Extra Credit - Each",0.25,1.06
634,2026-02-06,"2026-02-05","Mini",1,46.28
15,2026-02-06,"2026-02-05","Canned Peaches - sugar - Jar",1,13.25
15,2026-02-06,"2026-02-05","Peanut Butter EW - Pint",1,7.75
15,2026-02-06,"2026-02-05","Mothership Pickup Time (3.0 @4:30-5) - @4:30-5",1,0
15,2026-02-06,"2026-02-05","Chicken - Links ($10) - Each",1,10
15,2026-02-06,"2026-02-05","Chips - Tortilla - Bag",1,4.25
15,2026-02-06,"2026-02-05","Eggs - Dozen",1,6.25
15,2026-02-06,"2026-02-05","Hummus Choice ($6.75) - Tub",1,6.75
15,2026-02-06,"2026-02-05","Kairos Sourdough Choice $5 - Pack",1,5
15,2026-02-06,"2026-02-05","Missouri Pecans (1.0 Halves) - Halves",1,6.5
15,2026-02-06,"2026-02-05","Extra Credit - Each",21,1.06
15,2026-02-06,"2026-02-05","Half",1,68.89
722,2026-02-06,"2026-02-05","Chicken - Links ($10) - Each",1,10
722,2026-02-06,"2026-02-05","Chips - Tortilla - Bag",1,4.25
722,2026-02-06,"2026-02-05","Hummus Choice ($6.75) - Tub",1,6.75
722,2026-02-06,"2026-02-05","Missouri Pecans (1.0 Halves) - Halves",1,6.5
722,2026-02-06,"2026-02-05","Mojo Marinade - Tub",1,6.25
722,2026-02-06,"2026-02-05","Spicy Dill Pickles - Quart",1,7.75
722,2026-02-06,"2026-02-05","Extra Credit - Each",2.75,1.06
722,2026-02-06,"2026-02-05","Half",1,68.89
1706,2026-02-06,"2026-02-05","Mothership Pickup Time (2.0 @4-4:30) - @4-4:30",1,0
1706,2026-02-06,"2026-02-05","Missouri Pecans (1.0 Halves) - Halves",1,6.5
1706,2026-02-06,"2026-02-05","Potatoes - Regular - lbs",1,6
1706,2026-02-06,"2026-02-05","Shakshuka Sauce - Jar",1,11.5
1706,2026-02-06,"2026-02-05","Sorghum Molasses Syrup - Jar",1,8
1706,2026-02-06,"2026-02-05","Wheat Berries - Bag",1,3.75
1706,2026-02-06,"2026-02-05","Winter Squash - Pie Pumpkin - Each",1,3.75
1706,2026-02-06,"2026-02-05","Extra Credit - Each",0.75,1.06
1706,2026-02-06,"2026-02-05","Half",1,68.89
834,2026-02-06,"2026-02-05","Peanut Butter MC - Tub",1,7.75
834,2026-02-06,"2026-02-05","Mothership Pickup Time (2.0 @4-4:30) - @4-4:30",1,0
834,2026-02-06,"2026-02-05","Chips - Tortilla - Bag",1,4.25
834,2026-02-06,"2026-02-05","Eggs - Dozen",1,6.25
834,2026-02-06,"2026-02-05","Hummus - Carrot & Ginger - Tub",1,6.75
834,2026-02-06,"2026-02-05","Missouri Pecans (1.0 Halves) - Halves",1,6.5
834,2026-02-06,"2026-02-05","Turnips - Japanese/White - Lb.",1,4.25
834,2026-02-06,"2026-02-05","Half",1,68.89
997,2026-02-06,"2026-02-05","Eggs - BW - Dozen",1,6.25
997,2026-02-06,"2026-02-05","Mothership Pickup Time (1.0 @3:30-4) - @3:30-4",1,0
997,2026-02-06,"2026-02-05","RL Heavy Cream  - Pint",1,7.5
997,2026-02-06,"2026-02-05","Bacon - Each",1,12.75
997,2026-02-06,"2026-02-05","Cinnamon Rolls - Frozen - Pack",1,6.25
997,2026-02-06,"2026-02-05","Mushrooms (1.0 Oyster) - Oyster",1,8.25
997,2026-02-06,"2026-02-05","FSC",1,64.37
1652,2026-02-06,"2026-02-05","Pecans Halves - Oz.",1,18
1652,2026-02-06,"2026-02-05","Walnuts - Oz.",1,12.75
1652,2026-02-06,"2026-02-05","Dark Chocolate Almond Bar - Pack",1,4.8
1652,2026-02-06,"2026-02-05","Popcorn - McKaskle - Lb.",1,5.75
1652,2026-02-06,"2026-02-05","Popped Corn - Organic - Bag",1,3
1652,2026-02-06,"2026-02-05","Salmon - Fillet Pieces/LB* - Each",1,9.1
1652,2026-02-06,"2026-02-05","Seedy Wheaty - Frozen - Loaf",1,3.5
1652,2026-02-06,"2026-02-05","Wild Cod/LB* - Pack",1,7.38
1652,2026-02-06,"2026-02-05","Extra Credit - Each",30.78,1.06
1652,2026-02-06,"2026-02-05","Mini",1,46.28
1431,2026-02-06,"2026-02-05","Mothership Pickup Time (5.0 @5:30-6) - @5:30-6",1,0
1431,2026-02-06,"2026-02-05","Apple Sauce - Organic Qt. - Quart",1,10.5
1431,2026-02-06,"2026-02-05","Beets - No Tops - Lb.",1,6.5
1431,2026-02-06,"2026-02-05","Ground Beef - D&M - Lb.",1,10.25
1431,2026-02-06,"2026-02-05","Hot Sauce - Green - Oz.",1,7.25
1431,2026-02-06,"2026-02-05","Light and Mild - T - Loaf",1,8
1431,2026-02-06,"2026-02-05","Extra Credit - Each",9,1.06
1431,2026-02-06,"2026-02-05","Mini",1,46.28
1626,2026-02-06,"2026-02-05","Jam - Red Cherry HBY - Pint",1,7.5
1626,2026-02-06,"2026-02-05","Kirkwood Pickup Time (1.0 PORCH) - PORCH",1,0
1626,2026-02-06,"2026-02-05","Curds Taco Spice 10 oz - Bag",1,6.5
1626,2026-02-06,"2026-02-05","Dark Chocolate Square  - Each",1,1.75
1626,2026-02-06,"2026-02-05","Sourdough Bread - Frozen - Lb.",1,6.25
1626,2026-02-06,"2026-02-05","Tastachio Nut Butter - Oz.",1,17.5
1626,2026-02-06,"2026-02-05","Extra Credit - Each",0.75,1.06
1626,2026-02-06,"2026-02-05","Half",1,68.89
1145,2026-02-06,"2026-02-05","Heritage - Aged - Pack",2,6.5
1145,2026-02-06,"2026-02-05","Chicken - Breakfast - Pack",1,10
1145,2026-02-06,"2026-02-05","Chicken - Ground - Lb.",1,8.75
1145,2026-02-06,"2026-02-05","Chicken Links - Andouille  - Lb.",1,10
1145,2026-02-06,"2026-02-05","Extra Credit - Each",3,1.06
1145,2026-02-06,"2026-02-05","UCA/KWA",1,64.37
1903,2026-02-06,"2026-02-05","Kirkwood Pickup Time (1.0 PORCH) - PORCH",1,0
1903,2026-02-06,"2026-02-05","Bada Bing - Sub - Frozen - Each",1,6.25
1903,2026-02-06,"2026-02-05","Dark Chocolate Fudge Sauce  - Jar",1,16
1903,2026-02-06,"2026-02-05","Eggs - Dozen",1,6.25
1903,2026-02-06,"2026-02-05","Winter Squash - Butternut (1.0 Large) - Large",1,5
1903,2026-02-06,"2026-02-05","Mini",1,46.28
366,2026-02-06,"2026-02-05","Mushrooms - Choice",1,8.25
366,2026-02-06,"2026-02-05","Pasta Long Bi-color - Lb.",1,6.5
366,2026-02-06,"2026-02-05","Protein Choice $21.0 - Pack",1,21
366,2026-02-06,"2026-02-05","Wildcard $3 - Each",1,3
366,2026-02-06,"2026-02-05","UCA/KWA",1,64.37
1156,2026-02-06,"2026-02-05","Mothership Pickup Time (2.0 @4-4:30) - @4-4:30",1,0
1156,2026-02-06,"2026-02-05","Buttermilk Waffles Sourdough - Frozen - Pack",1,5
1156,2026-02-06,"2026-02-05","Chicken - Links ($10) - Each",1,10
1156,2026-02-06,"2026-02-05","Eggs - Dozen",1,6.25
1156,2026-02-06,"2026-02-05","Hummus - Garlic - Tub",1,6.75
1156,2026-02-06,"2026-02-05","Missouri Pecans (1.0 Halves) - Halves",1,6.5
1156,2026-02-06,"2026-02-05","Yogurt - Plain - Oz.",1,6.75
1156,2026-02-06,"2026-02-05","Extra Credit - Each",2.5,1.06
1156,2026-02-06,"2026-02-05","Half",1,68.89
928,2026-02-06,"2026-02-05","Beef - Stew Meat - Pack",1,10.25
928,2026-02-06,"2026-02-05","Bread Choice ($6.25) - Loaf",1,6.25
928,2026-02-06,"2026-02-05","Canned Choice $7.5 - Quart",1,7.5
928,2026-02-06,"2026-02-05","Cinnamon Rolls - Pack",1,6.5
928,2026-02-06,"2026-02-05","Eggs - Dozen",1,6.25
928,2026-02-06,"2026-02-05","Wildcard $8.75 - Each",1,8.75
928,2026-02-06,"2026-02-05","Yogurt Choice  - Each",1,6.75
928,2026-02-06,"2026-02-05","Extra Credit - Each",6.5,1.06
928,2026-02-06,"2026-02-05","FSA/FSD",1,64.37
1002,2026-02-06,"2026-02-05","Beef - Stew Meat - Pack",1,10.25
1002,2026-02-06,"2026-02-05","Chicken - Whole $4.75/lb. - Each",2,21.42
1002,2026-02-06,"2026-02-05","Eggs - Dozen",2,6.25
1002,2026-02-06,"2026-02-05","Staff - Something to ask Jamie - Oz.",1,0
1002,2026-02-06,"2026-02-05","Extra Credit - Each",19.84,1.06
1002,2026-02-06,"2026-02-05","FSA/FSD",1,64.37
1570,2026-02-06,"2026-02-05","Peanut Butter MC - Tub",1,7.75
1570,2026-02-06,"2026-02-05","Kirkwood Pickup Time (1.0 PORCH) - PORCH",1,0
1570,2026-02-06,"2026-02-05","Chips - Tortilla - Bag",1,4.25
1570,2026-02-06,"2026-02-05","Eggs - Dozen",2,6.25
1570,2026-02-06,"2026-02-05","Ground Beef - Wagyu MJC - Lb.",1,10.25
1570,2026-02-06,"2026-02-05","Hummus - Beet & Pepita - Tub",1,6.75
1570,2026-02-06,"2026-02-05","Missouri Pecans (1.0 Halves) - Halves",1,6.5
1570,2026-02-06,"2026-02-05","Extra Credit - Each",9.25,1.06
1570,2026-02-06,"2026-02-05","Half",1,34.19
941,2026-02-06,"2026-02-05","Mothership Pickup Time (4.0 @5-5:30) - @5-5:30",1,0
941,2026-02-06,"2026-02-05","Bagels - Everything - BU - Bag",1,11
941,2026-02-06,"2026-02-05","Black Pepper Cheddar - Each",1,6.5
941,2026-02-06,"2026-02-05","Chicken - Ground - Lb.",1,8.75
941,2026-02-06,"2026-02-05","Mushrooms - Choice",1,8.25
941,2026-02-06,"2026-02-05","Pasta Bi-color Short - Lb.",1,6.5
941,2026-02-06,"2026-02-05","FSC",1,64.37
692,2026-02-06,"2026-02-05","Half & Half - Pint",1,4.75
692,2026-02-06,"2026-02-05","Mothership Pickup Time (4.0 @5-5:30) - @5-5:30",1,0
692,2026-02-06,"2026-02-05","Beef - Filet 1-1.5#./lb - Pack",1,34.8
692,2026-02-06,"2026-02-05","Chicken - Ground - Lb.",1,8.75
692,2026-02-06,"2026-02-05","Dark Chocolate Caramels - Pack",1,11.25
692,2026-02-06,"2026-02-05","Eggs - Dozen",1,6.25
692,2026-02-06,"2026-02-05","Mushrooms (1.0 Shiitake) - Shiitake",1,8.25
692,2026-02-06,"2026-02-05","Pork - Kielbasa - Pack",1,14.65
692,2026-02-06,"2026-02-05","Yogurt - Plain - Oz.",1,6.75
692,2026-02-06,"2026-02-05","Extra Credit - Each",19.65,1.06
692,2026-02-06,"2026-02-05","FSC",1,64.37
203,2026-02-06,"2026-02-05","Mothership Pickup Time (1.0 @3:30-4) - @3:30-4",1,0
203,2026-02-06,"2026-02-05","Coconut Oil Quart - Quart",1,10.5
203,2026-02-06,"2026-02-05","Croissants - Pack",1,4.5
203,2026-02-06,"2026-02-05","Eggs - Dozen",1,6.25
203,2026-02-06,"2026-02-05","English Muffin Sourdough - Frozen - Pack",1,5
203,2026-02-06,"2026-02-05","Lamb Gyro w/ Feta & Spinach - Lb.",1,17.5
203,2026-02-06,"2026-02-05","Missouri Pecans (1.0 Halves) - Halves",1,6.5
203,2026-02-06,"2026-02-05","Extra Credit - Each",11.5,1.06
203,2026-02-06,"2026-02-05","Half",1,68.89
203,2026-02-06,"2026-02-05","Eggs - Buttonwood",1,6.65
1206,2026-02-06,"2026-02-05","Eggs - BW - Dozen",1,6.25
1206,2026-02-06,"2026-02-05","Kirkwood Pickup Time (1.0 PORCH) - PORCH",1,0
1206,2026-02-06,"2026-02-05","Chicken Breasts /lb. - Pack",2,11.88
1206,2026-02-06,"2026-02-05","Ground Beef - D&M - Lb.",1,10.25
1206,2026-02-06,"2026-02-05","Sugar Free - Strawberry Jam  - Pint",1,7.5
1206,2026-02-06,"2026-02-05","Extra Credit - Each",9.01,1.06
1206,2026-02-06,"2026-02-05","UCA/KWA",1,64.37
1900,2026-02-06,"2026-02-05","Jam - Apricot HBY - Pint",1,7.5
1900,2026-02-06,"2026-02-05","Mothership Pickup Time (1.0 @3:30-4) - @3:30-4",1,0
1900,2026-02-06,"2026-02-05","$ for green bags donation - $",1,1
1900,2026-02-06,"2026-02-05","Cooler Repair Donation - $",1,1
1900,2026-02-06,"2026-02-05","Food Pantry Donation - $",1,1
1900,2026-02-06,"2026-02-05","Apple Sauce - Organic Qt. - Quart",1,10.5
1900,2026-02-06,"2026-02-05","Auction Donation - $",1,1
1900,2026-02-06,"2026-02-05","Bagels - Honey Buckwheat - BU - Bag",1,11
1900,2026-02-06,"2026-02-05","Buttermilk Waffles Sourdough - Frozen - Pack",1,5
1900,2026-02-06,"2026-02-05","Eggs - Dozen",1,6.25
1900,2026-02-06,"2026-02-05","Ground Beef - D&M - Lb.",1,10.25
1900,2026-02-06,"2026-02-05","Multigrain Bread - Frozen - Loaf",1,6.25
1900,2026-02-06,"2026-02-05","Popped Corn - Organic - Bag",1,3
1900,2026-02-06,"2026-02-05","Salmon - Fillet Pieces/LB* - Each",3,9.01
1900,2026-02-06,"2026-02-05","Tastachios - Oz.",1,8.5
1900,2026-02-06,"2026-02-05","Extra Credit - Each",65.78,1.06
1900,2026-02-06,"2026-02-05","Mini",1,46.28
1236,2026-02-06,"2026-02-05","Canned Choice $7.5 - Quart",1,7.5
1236,2026-02-06,"2026-02-05","Dark Bar 61% - Package",1,2.75
1236,2026-02-06,"2026-02-05","Dark Bar 72% - Package",1,2.75
1236,2026-02-06,"2026-02-05","Eggs - Dozen",2,6.25
1236,2026-02-06,"2026-02-05","Ground Beef - D&M - Lb.",1,10.25
1236,2026-02-06,"2026-02-05","Wildcard $8.75 - Each",1,8.75
1236,2026-02-06,"2026-02-05","Yogurt Choice  - Each",1,6.75
1236,2026-02-06,"2026-02-05","Extra Credit - Each",5.5,1.06
1236,2026-02-06,"2026-02-05","FSA/FSD",1,64.37
330,2026-02-06,"2026-02-05","Carrots no tops - Lb.",1,6
330,2026-02-06,"2026-02-05","Lettuce - Bibb - Head",2,3
330,2026-02-06,"2026-02-05","Semolina - T - Loaf",1,6.75
330,2026-02-06,"2026-02-05","Turnips - Purple Top  - Lb.",1,3.5
330,2026-02-06,"2026-02-05","Winter Squash - Baked Potato - Each",1,3
330,2026-02-06,"2026-02-05","Winter Squash - Baked Potato (1.0 Medium) - Medium",1,2.75
330,2026-02-06,"2026-02-05","Extra Credit - Each",25,1.06
364,2026-02-06,"2026-02-05","Eggs - BW - Dozen",1,6.25
364,2026-02-06,"2026-02-05","RL Heavy Cream  - Pint",1,7.5
364,2026-02-06,"2026-02-05","English Muffin Sourdough - Frozen - Pack",1,5
364,2026-02-06,"2026-02-05","Lettuce - Bibb - Head",1,3
364,2026-02-06,"2026-02-05","Oat Porridge Bread - T - Each",1,8.8
364,2026-02-06,"2026-02-05","Pasta Bi-color Short - Lb.",1,6.5
364,2026-02-06,"2026-02-05","Yogurt - Vanilla - Oz.",1,6.75
364,2026-02-06,"2026-02-05","Extra Credit - Each",2.8,1.06
364,2026-02-06,"2026-02-05","FSC",1,64.37
364,2026-02-06,"2026-02-05","Whole MILK-o",1,8.49
1873,2026-02-06,"2026-02-05","Bagels - Blueberry - BU - Bag",1,11
1873,2026-02-06,"2026-02-05","Cheese Choice $6.50 - Each",1,6.5
1873,2026-02-06,"2026-02-05","Ground Beef - D&M - Lb.",1,10.25
1873,2026-02-06,"2026-02-05","Semolina - T - Loaf",1,6.75
1873,2026-02-06,"2026-02-05","Extra Credit - Each",1,1.06
1873,2026-02-06,"2026-02-05","Mini",1,46.28
580,2026-02-06,"2026-02-05","Jam - Strawberry HBY - Pint",1,7
580,2026-02-06,"2026-02-05","Stringbean Brazilian - Oz.",1,15.45
580,2026-02-06,"2026-02-05","Bagel Chips - Bag",1,5.25
580,2026-02-06,"2026-02-05","Bagels - Everything - Bag",1,6.75
580,2026-02-06,"2026-02-05","Bread Pudding - Muffin - Each",2,4
580,2026-02-06,"2026-02-05","Hummus - Carrot & Ginger - Tub",1,6.75
580,2026-02-06,"2026-02-05","Semolina - T - Loaf",1,6.75
580,2026-02-06,"2026-02-05","Yogurt - Vanilla - Oz.",1,6.75
289,2026-02-06,"2026-02-05","Eggs - Dozen",1,6.25
289,2026-02-06,"2026-02-05","Light and Mild - T - Loaf",1,8
289,2026-02-06,"2026-02-05","Missouri Pecans (1.0 Halves) - Halves",1,6.5
289,2026-02-06,"2026-02-05","Potato Chips Kickers Lg - Oz.",1,9.25
289,2026-02-06,"2026-02-05","Ravioli - Butternut Squash  - Lb.",1,9
289,2026-02-06,"2026-02-05","Half",1,68.89
289,2026-02-06,"2026-02-05","2% MILK-o",1,8.49
76,2026-02-06,"2026-02-05","Apple Sauce - Organic Qt. - Quart",1,10.5
76,2026-02-06,"2026-02-05","Cheese Choice $6.50 - Each",1,6.5
76,2026-02-06,"2026-02-05","Eggs - Dozen",1,6.25
76,2026-02-06,"2026-02-05","Ground Beef - D&M - Lb.",1,10.25
76,2026-02-06,"2026-02-05","Mini",1,46.28
734,2026-02-06,"2026-02-05","Eggs - BW - Dozen",1,6.25
734,2026-02-06,"2026-02-05","Mothership Pickup Time (1.0 @3:30-4) - @3:30-4",1,0
734,2026-02-06,"2026-02-05","Beets - No Tops - Lb.",1,6.5
734,2026-02-06,"2026-02-05","Chicken Chorizo - Lb.",1,10
734,2026-02-06,"2026-02-05","English Muffin Sourdough - Frozen - Pack",1,5
734,2026-02-06,"2026-02-05","Lettuce - Bibb - Head",1,3
734,2026-02-06,"2026-02-05","Mushrooms - Hen of the Woods/Maitake - Bag",1,8.25
734,2026-02-06,"2026-02-05","Oat Porridge Bread - T - Each",1,8.8
734,2026-02-06,"2026-02-05","Extra Credit - Each",2.05,1.06
734,2026-02-06,"2026-02-05","FSA/FSD",1,64.37
644,2026-02-06,"2026-02-05","Kirkwood Pickup Time (1.0 PORCH) - PORCH",1,0
644,2026-02-06,"2026-02-05","Applewood Smoked Cheddar - Each",1,6.5
644,2026-02-06,"2026-02-05","Beets - No Tops - Lb.",2,6.5
644,2026-02-06,"2026-02-05","Eggs - Dozen",1,6.25
644,2026-02-06,"2026-02-05","Honey - Qt. - Jar",2,20
644,2026-02-06,"2026-02-05","Pork - Breakfast ($8) - Pack",1,8
644,2026-02-06,"2026-02-05","Pork Andouille Links - D&M - Each",1,8
644,2026-02-06,"2026-02-05","Pork Italian Links - D&M - Each",1,8
644,2026-02-06,"2026-02-05","Pork Shoulder/lb. - Each",1,40.77
644,2026-02-06,"2026-02-05","Potatoes - Regular - lbs",2,6
644,2026-02-06,"2026-02-05","Shoots - Fenugreek - Share",1,4.25
644,2026-02-06,"2026-02-05","Shoots - Specialty Mix - Bag",1,4.25
644,2026-02-06,"2026-02-05","Sliced Summer Sausage - Bag",1,8.5
644,2026-02-06,"2026-02-05","Extra Credit - Each",120.77,1.06
644,2026-02-06,"2026-02-05","UCA/KWA",1,64.37
1746,2026-02-06,"2026-02-05","Kirkwood Pickup Time - @1-1:30",1,0
1746,2026-02-06,"2026-02-05","Gnocchi - Spinach  - Lb.",1,6.5
1746,2026-02-06,"2026-02-05","Lettuce - Bibb - Head",1,3
1746,2026-02-06,"2026-02-05","Milk Chocolate Bar - Pack",1,2.75
1746,2026-02-06,"2026-02-05","Pasta Long Bi-color - Lb.",1,6.5
1746,2026-02-06,"2026-02-05","Protein Choice $21.0 - Pack",1,21
1746,2026-02-06,"2026-02-05","Extra Credit - Each",1,1.06
1746,2026-02-06,"2026-02-05","UCA/KWA",1,64.37
1416,2026-02-06,"2026-02-05","Mothership Pickup Time (4.0 @5-5:30) - @5-5:30",1,0
1416,2026-02-06,"2026-02-05","Bagels - Sesame Seed - BU - Bag",1,11
1416,2026-02-06,"2026-02-05","Eggs - Dozen",1,6.25
1416,2026-02-06,"2026-02-05","Hummus - Garlic - Tub",1,6.75
1416,2026-02-06,"2026-02-05","Missouri Pecans (1.0 Halves) - Halves",1,6.5
1416,2026-02-06,"2026-02-05","Potatoes - Regular - lbs",1,6
1416,2026-02-06,"2026-02-05","Sesame Hoagie - T - Each",1,3.6
1416,2026-02-06,"2026-02-05","Extra Credit - Each",1.35,1.06
1416,2026-02-06,"2026-02-05","Half",1,68.89
573,2026-02-06,"2026-02-05","Chicken - Ground - Lb.",1,8.75
573,2026-02-06,"2026-02-05","Clean Plate Pantry Choice ($11.5) - Jar",1,11.5
573,2026-02-06,"2026-02-05","Mushrooms - Choice",1,8.25
573,2026-02-06,"2026-02-05","Pasta Bi-color Short - Lb.",1,6.5
573,2026-02-06,"2026-02-05","Wildcard $6.00 - Each",1,6
573,2026-02-06,"2026-02-05","FSC",1,64.37
1786,2026-02-06,"2026-02-05","Mothership Pickup Time (2.0 @4-4:30) - @4-4:30",1,0
1786,2026-02-06,"2026-02-05","Curds Taco Spice 10 oz - Bag",1,6.5
1786,2026-02-06,"2026-02-05","Eggs - Dozen",1,6.25
1786,2026-02-06,"2026-02-05","Gnocchi - Garlic Chive  - Lb.",2,6.5
1786,2026-02-06,"2026-02-05","Radishes - Watermelon  - Lb.",1,5.25
1786,2026-02-06,"2026-02-05","Shoots - Specialty Mix - Bag",1,4.25
1786,2026-02-06,"2026-02-05","Winter Squash - Spaghetti (1.0 Large) - Large",1,5.5
1786,2026-02-06,"2026-02-05","Extra Credit - Each",2,1.06
1786,2026-02-06,"2026-02-05","Half",1,68.89
1308,2026-02-06,"2026-02-05","Dates - Oz.",2,9.75
1308,2026-02-06,"2026-02-05","Eggs - BW - Dozen",1,6.25
1308,2026-02-06,"2026-02-05","Mothership Pickup Time (6.0 @6-6:30) - @6-6:30",1,0
1308,2026-02-06,"2026-02-05","Food for Ferals Donation - $",1,1
1308,2026-02-06,"2026-02-05","Brazil Nuts - Bag",1,17.5
1308,2026-02-06,"2026-02-05","Coconut Oil Pint Organic - Pint",1,7.5
1308,2026-02-06,"2026-02-05","Missouri Pecans (1.0 Halves) - Halves",2,6.5
1308,2026-02-06,"2026-02-05","Pork Breakfast Patties D&M - Pack",1,8.5
1308,2026-02-06,"2026-02-05","Potatoes - Regular - lbs",1,6
1308,2026-02-06,"2026-02-05","Purple Straw SRW Sifted Wheat Flour - Bag",1,8.6
1308,2026-02-06,"2026-02-05","Tortellini - Cheese - Lb.",1,9
1308,2026-02-06,"2026-02-05","Extra Credit - Each",96.85,1.06
1719,2026-02-06,"2026-02-05","Winter Squash - Acorn - Each",2,1.75
1719,2026-02-06,"2026-02-05","Mothership Pickup Time (1.0 @3:30-4) - @3:30-4",1,0
1719,2026-02-06,"2026-02-05","Gluten Free Black Beans  - Tub",1,6.25
1719,2026-02-06,"2026-02-05","Hummus - Carrot & Ginger - Tub",1,6.75
1719,2026-02-06,"2026-02-05","Kohlrabi  - Head",1,1.5
1719,2026-02-06,"2026-02-05","Lettuce - Bibb - Head",2,3
1719,2026-02-06,"2026-02-05","Potatoes - Sweet - lbs",1,6
1719,2026-02-06,"2026-02-05","Winter Squash - Butternut (1.0 Small) - Small",3,3
1719,2026-02-06,"2026-02-05","Extra Credit - Each",0.25,1.06
1719,2026-02-06,"2026-02-05","Half",1,68.89
491,2026-02-06,"2026-02-05","Cheddar - White MJC - Package",1,6.5
491,2026-02-06,"2026-02-05","Kirkwood Pickup Time - @1-1:30",1,0
491,2026-02-06,"2026-02-05","Apple Sauce - Organic Qt. - Quart",1,10.5
491,2026-02-06,"2026-02-05","Eggs - Dozen",1,6.25
491,2026-02-06,"2026-02-05","Ground Beef - D&M - Lb.",1,10.25
491,2026-02-06,"2026-02-05","Mini",1,46.28
636,2026-02-06,"2026-02-05","Beef - Stew Meat - Pack",1,10.25
636,2026-02-06,"2026-02-05","Bread Choice ($6.25) - Loaf",1,6.25
636,2026-02-06,"2026-02-05","Eggs - Dozen",1,6.25
636,2026-02-06,"2026-02-05","Honey - Qt. - Jar",1,20
636,2026-02-06,"2026-02-05","Yogurt Choice  - Each",1,6.75
636,2026-02-06,"2026-02-05","Extra Credit - Each",3.75,1.06
636,2026-02-06,"2026-02-05","FSA/FSD",1,64.37
636,2026-02-06,"2026-02-05","Whole MILK",1,8.49
250,2026-02-06,"2026-02-05","Half & Half - Pint",1,4.75
250,2026-02-06,"2026-02-05","Pizza - Sausage Pepperoni - Each",2,8
250,2026-02-06,"2026-02-05","Mothership Pickup Time (4.0 @5-5:30) - @5-5:30",1,0
250,2026-02-06,"2026-02-05","Eggs - Dozen",1,6.25
250,2026-02-06,"2026-02-05","Hoagie - T - Each",1,3.35
250,2026-02-06,"2026-02-05","Pizza Sauce - Jar",1,6.75
250,2026-02-06,"2026-02-05","Wildcard $8.75 - Each",1,8.75
250,2026-02-06,"2026-02-05","Extra Credit - Each",0.1,1.06
250,2026-02-06,"2026-02-05","FSA/FSD",1,64.37
1618,2026-02-06,"2026-02-05","Beets - No Tops - Lb.",1,6.5
1618,2026-02-06,"2026-02-05","Kairos Sourdough Choice $5 - Pack",1,5
1618,2026-02-06,"2026-02-05","Missouri Pecans (1.0 Halves) - Halves",1,6.5
1618,2026-02-06,"2026-02-05","Mushrooms - Chestnut - Bag",1,8.25
1618,2026-02-06,"2026-02-05","Radishes - Watermelon  - Lb.",1,5.25
1618,2026-02-06,"2026-02-05","Sesame Hoagie - T - Each",1,3.6
1618,2026-02-06,"2026-02-05","Tarragon Peppers - Jar",1,8
1618,2026-02-06,"2026-02-05","Extra Credit - Each",4.35,1.06
1618,2026-02-06,"2026-02-05","Half",1,68.89
162,2026-02-06,"2026-02-05","Heritage - Aged - Pack",1,6.5
162,2026-02-06,"2026-02-05","Mothership Pickup Time (6.0 @6-6:30) - @6-6:30",1,0
162,2026-02-06,"2026-02-05","Chicken - Ground - Lb.",2,8.75
162,2026-02-06,"2026-02-05","Eggs - Dozen",1,6.25
162,2026-02-06,"2026-02-05","Mushrooms - Choice",1,8.25
162,2026-02-06,"2026-02-05","Pasta Bi-color Short - Lb.",1,6.5
162,2026-02-06,"2026-02-05","Raviolini - Four Cheese - Lb.",1,9
162,2026-02-06,"2026-02-05","Tortellini - Goat Cheese - Pack",1,9
162,2026-02-06,"2026-02-05","Extra Credit - Each",22,1.06
162,2026-02-06,"2026-02-05","FSC",1,64.37
133,2026-02-06,"2026-02-05","Mothership Pickup Time (2.0 @4-4:30) - @4-4:30",1,0
133,2026-02-06,"2026-02-05","Chicken Thighs - Boneless/lb. - lbs",4,10.16
133,2026-02-06,"2026-02-05","Eggs - Dozen",1,6.25
133,2026-02-06,"2026-02-05","Kohlrabi  - Head",4,1.5
133,2026-02-06,"2026-02-05","Extra Credit - Each",19.39,1.06
133,2026-02-06,"2026-02-05","Mini",1,46.28
305,2026-02-06,"2026-02-05","Kirkwood Pickup Time (2.0 @1:30-2) - @1:30-2",1,0
305,2026-02-06,"2026-02-05","Bagels - Everything - BU - Bag",1,11
305,2026-02-06,"2026-02-05","Chicken Breasts /lb. - Pack",2,10.81
305,2026-02-06,"2026-02-05","Chips - Tortilla - Bag",1,4.25
305,2026-02-06,"2026-02-05","Pasta Long Bi-color - Lb.",1,6.5
305,2026-02-06,"2026-02-05","Extra Credit - Each",4.62,1.06
305,2026-02-06,"2026-02-05","UCA/KWA",1,64.37
515,2026-02-06,"2026-02-05","Milk - Whole - Oz.",2,7.98
515,2026-02-06,"2026-02-05","Chicken - Whole $4.75/lb. - Each",2,22.61
515,2026-02-06,"2026-02-05","Eggs - Dozen",2,6.25
515,2026-02-06,"2026-02-05","FF Dish - Masala - Pint",1,14.5
515,2026-02-06,"2026-02-05","Missouri Pecans (1.0 Halves) - Halves",1,6.5
515,2026-02-06,"2026-02-05","Extra Credit - Each",61.18,1.06
515,2026-02-06,"2026-02-05","Mini",1,46.28
855,2026-02-06,"2026-02-05","Heritage - Aged - Pack",1,6.5
855,2026-02-06,"2026-02-05","Mothership Pickup Time (1.0 @3:30-4) - @3:30-4",1,0
855,2026-02-06,"2026-02-05","Beef Kabob Meat - Lb.",2,12.75
855,2026-02-06,"2026-02-05","Eggs - Dozen",1,6.25
855,2026-02-06,"2026-02-05","Extra Credit - Each",4.75,1.06
855,2026-02-06,"2026-02-05","Mini",1,46.28
1424,2026-02-06,"2026-02-05","Milk - Whole - Oz.",1,0
1424,2026-02-06,"2026-02-05","Bacon - Each",1,12.75
1424,2026-02-06,"2026-02-05","Beets - No Tops - Lb.",1,6.5
1424,2026-02-06,"2026-02-05","Eggs - Dozen",1,6.25
1424,2026-02-06,"2026-02-05","Potatoes - Sweet - lbs",1,6
1424,2026-02-06,"2026-02-05","Extra Credit - Each",31.5,1.06
127,2026-02-06,"2026-02-05","Eggs - BW - Dozen",1,6.25
127,2026-02-06,"2026-02-05","Mothership Pickup Time (1.0 @3:30-4) - @3:30-4",1,0
127,2026-02-06,"2026-02-05","Boneless Pork Chop - D&M /lb - Lb.",1,11.44
127,2026-02-06,"2026-02-05","FF - Fry Bread - Bag",1,7.25
127,2026-02-06,"2026-02-05","Pork - Bratwurst  - Pack",1,8
127,2026-02-06,"2026-02-05","Pork Italian Links - D&M - Each",2,8
127,2026-02-06,"2026-02-05","Extra Credit - Each",7.94,1.06
127,2026-02-06,"2026-02-05","FSC",1,64.37
128,2026-02-06,"2026-02-05","Louise's Cocoa Brownie Crisp Granola - Bag",1,10.75
128,2026-02-06,"2026-02-05","Mushrooms (1.0 Shiitake) - Shiitake",1,8.25
128,2026-02-06,"2026-02-05","Pasta Long Bi-color - Lb.",1,6.5
128,2026-02-06,"2026-02-05","Pork - Kielbasa - Pack",1,14.65
128,2026-02-06,"2026-02-05","Extra Credit - Each",1.4,1.06
128,2026-02-06,"2026-02-05","UCA/KWA",1,64.37
643,2026-02-06,"2026-02-05","Mothership Pickup Time - @6:30-7",1,0
643,2026-02-06,"2026-02-05","Beef - Stew Meat - Pack",1,10.25
643,2026-02-06,"2026-02-05","Bread Pudding (1.0 Mocha Swirl) - Mocha Swirl",1,6
643,2026-02-06,"2026-02-05","Brisket - half/lb. - lbs",1,49.61
643,2026-02-06,"2026-02-05","Cinnamon Rolls - Frozen - Pack",1,6.25
643,2026-02-06,"2026-02-05","Hot Sweet Dills qt. - Quart",1,9.75
643,2026-02-06,"2026-02-05","Extra Credit - Each",36.11,1.06
643,2026-02-06,"2026-02-05","FSA/FSD",1,64.37
1347,2026-02-06,"2026-02-05","Kirkwood Pickup Time (2.0 @1:30-2) - @1:30-2",1,0
1347,2026-02-06,"2026-02-05","$ for green bags donation - $",1,1
1347,2026-02-06,"2026-02-05","Curds Garlic Herb HBC 10 oz  - Bag",1,6.5
1347,2026-02-06,"2026-02-05","FF Sauce - Puttanesca - Pint",1,11
1347,2026-02-06,"2026-02-05","FF Sauce - Thai Peanut - Half Pint",1,7.25
1347,2026-02-06,"2026-02-05","Honey - Wildflower - Bottle",1,11.25
1347,2026-02-06,"2026-02-05","RL Chocolate Milk - Bottle",2,2.75
1347,2026-02-06,"2026-02-05","Extra Credit - Each",3.75,1.06
1347,2026-02-06,"2026-02-05","Half",1,68.89
1468,2026-02-06,"2026-02-05","Mothership Pickup Time (4.0 @5-5:30) - @5-5:30",1,0
1468,2026-02-06,"2026-02-05","Apple Sauce - Organic Qt. - Quart",1,10.5
1468,2026-02-06,"2026-02-05","Eggs - Dozen",1,6.25
1468,2026-02-06,"2026-02-05","Ground Beef - D&M - Lb.",1,10.25
1468,2026-02-06,"2026-02-05","Mushrooms - Chestnut - Bag",1,8.25
1468,2026-02-06,"2026-02-05","Extra Credit - Each",1.75,1.06
1468,2026-02-06,"2026-02-05","Mini",1,46.28
622,2026-02-06,"2026-02-05","Mushrooms - Choice",1,8.25
622,2026-02-06,"2026-02-05","Pasta Long Bi-color - Lb.",1,6.5
622,2026-02-06,"2026-02-05","Protein Choice $21.0 - Pack",1,21
622,2026-02-06,"2026-02-05","Staff - include last wk's share - Bag",1,2
622,2026-02-06,"2026-02-05","Wildcard $3 - Each",1,3
622,2026-02-06,"2026-02-05","UCA/KWA",1,64.37
899,2026-02-06,"2026-02-05","Chicken - Links ($10) - Each",1,10
899,2026-02-06,"2026-02-05","Chips - Tortilla - Bag",1,4.25
899,2026-02-06,"2026-02-05","Eggs - Dozen",1,6.25
899,2026-02-06,"2026-02-05","Hummus Choice ($6.75) - Tub",1,6.75
899,2026-02-06,"2026-02-05","Kairos Sourdough Choice $5 - Pack",1,5
899,2026-02-06,"2026-02-05","Missouri Pecans (1.0 Halves) - Halves",1,6.5
899,2026-02-06,"2026-02-05","Staff - include last wk's share - Bag",1,2
899,2026-02-06,"2026-02-05","Half",1,68.89
638,2026-02-06,"2026-02-05","Apple Sauce - Organic Qt. - Quart",1,10.5
638,2026-02-06,"2026-02-05","Cheese Choice $6.50 - Each",1,6.5
638,2026-02-06,"2026-02-05","Dark Chocolate Lolli - Each",1,1.75
638,2026-02-06,"2026-02-05","Eggs - Dozen",1,6.25
638,2026-02-06,"2026-02-05","Ground Beef - D&M - Lb.",1,10.25
638,2026-02-06,"2026-02-05","Milk Chocolate Square - Each",1,1.75
638,2026-02-06,"2026-02-05","Pork Snack Sticks - Honey 4pk - Pack",1,8.25
638,2026-02-06,"2026-02-05","Extra Credit - Each",11.75,1.06
638,2026-02-06,"2026-02-05","Mini",1,46.28
793,2026-02-06,"2026-02-05","Eggs - Dozen",2,6.25
793,2026-02-06,"2026-02-05","Ground Beef - D&M - Lb.",1,10.25
793,2026-02-06,"2026-02-05","Janie's Bread - Thursday - Each",1,6.75
793,2026-02-06,"2026-02-05","Light and Mild - T - Loaf",1,8
793,2026-02-06,"2026-02-05","Oat Porridge Bread - T - Each",1,8.8
793,2026-02-06,"2026-02-05","Extra Credit - Each",12.8,1.06
793,2026-02-06,"2026-02-05","Mini",1,46.28
1545,2026-02-06,"2026-02-05","Ground Turkey - Pack",1,8.75
1545,2026-02-06,"2026-02-05","Eggs - BW - Dozen",1,6.25
1545,2026-02-06,"2026-02-05","Pignolas (Pine Nuts) - Oz.",1,11
1545,2026-02-06,"2026-02-05","Winter Squash - Blue Delight/Hubbard (1.0 Large) - Large",1,12
1545,2026-02-06,"2026-02-05","Food for Ferals Donation - $",1,1
1545,2026-02-06,"2026-02-05","Extra Credit - Each",0.25,1.06
1545,2026-02-06,"2026-02-05","Half",1,68.89
1750,2026-02-06,"2026-02-05","Chicken - BULK Breasts /lb. - Pack",1,39.68
1750,2026-02-06,"2026-02-05","Mothership Pickup Time (5.0 @5:30-6) - @5:30-6",1,0
1750,2026-02-06,"2026-02-05","Food for Ferals Donation - $",1,1
1750,2026-02-06,"2026-02-05","Beef - Stew Meat - Pack",1,10.25
1750,2026-02-06,"2026-02-05","Eggs - Dozen",1,6.25
1750,2026-02-06,"2026-02-05","Milk Chocolate Bar - Pack",1,2.75
1750,2026-02-06,"2026-02-05","Pink Sauce - Oz.",1,8.75
1750,2026-02-06,"2026-02-05","Salmon - Fillet Pieces/LB* - Each",2,9.52
1750,2026-02-06,"2026-02-05","Tortellini - Goat Cheese - Pack",1,9
1750,2026-02-06,"2026-02-05","Extra Credit - Each",63.22,1.06
1750,2026-02-06,"2026-02-05","Mini",1,46.28
1771,2026-02-06,"2026-02-05","Gouda - Smoked - Pack",1,6.5
1771,2026-02-06,"2026-02-05","Half & Half - Pint",1,4.75
1771,2026-02-06,"2026-02-05","Mothership Pickup Time (2.0 @4-4:30) - @4-4:30",1,0
1771,2026-02-06,"2026-02-05","Cooler Donation - $",5,1
1771,2026-02-06,"2026-02-05","Eggs - Dozen",1,6.25
1771,2026-02-06,"2026-02-05","Ground Beef - D&M - Lb.",1,10.25
1771,2026-02-06,"2026-02-05","Pizza - Bacon Bacon   - Each",1,8
1771,2026-02-06,"2026-02-05","Extra Credit - Each",7.25,1.06
1771,2026-02-06,"2026-02-05","Mini",1,46.28
1521,2026-02-06,"2026-02-05","Mothership Pickup Time (1.0 @3:30-4) - @3:30-4",1,0
1521,2026-02-06,"2026-02-05","Eggs - Dozen",1,6.25
1521,2026-02-06,"2026-02-05","Hoagie - T - Each",1,3.35
1521,2026-02-06,"2026-02-05","Hot Sweet Dills qt. - Quart",1,9.75
1521,2026-02-06,"2026-02-05","Lettuce - Bibb - Head",1,3
1521,2026-02-06,"2026-02-05","Milk Chocolate Square - Each",1,1.75
1521,2026-02-06,"2026-02-05","Winter Squash - Butternut (1.0 Medium) - Medium",1,4
1521,2026-02-06,"2026-02-05","Yogurt - Vanilla - Oz.",1,6.75
1521,2026-02-06,"2026-02-05","Extra Credit - Each",1.35,1.06
1521,2026-02-06,"2026-02-05","Mini",1,46.28
885,2026-02-06,"2026-02-05","Mothership Pickup Time - @6:30-7",1,0
885,2026-02-06,"2026-02-05","Auction Donation - $",1,1
885,2026-02-06,"2026-02-05","Chicken Links - Apple Cinnamon - Lb.",1,10
885,2026-02-06,"2026-02-05","English Muffin Sourdough - Frozen - Pack",1,5
885,2026-02-06,"2026-02-05","Hummus - Beet & Pepita - Tub",1,6.75
885,2026-02-06,"2026-02-05","Missouri Pecans (1.0 Halves) - Halves",2,6.5
885,2026-02-06,"2026-02-05","Potato Chips Original - Med - Oz.",1,3
885,2026-02-06,"2026-02-05","Half",1,68.89
900,2026-02-06,"2026-02-05","Mothership Pickup Time (1.0 @3:30-4) - @3:30-4",1,0
900,2026-02-06,"2026-02-05","Aged Cheddar - HBC - Each",1,6.5
900,2026-02-06,"2026-02-05","Chicken - Whole $4.75/lb. - Each",1,24.61
900,2026-02-06,"2026-02-05","Jar Tomatoes - Quart",1,7.5
900,2026-02-06,"2026-02-05","Lettuce - Bibb - Head",1,3
900,2026-02-06,"2026-02-05","Radishes - Purple Heart - Bunch",1,5.25
900,2026-02-06,"2026-02-05","Yogurt - Plain - Oz.",1,6.75
900,2026-02-06,"2026-02-05","Extra Credit - Each",10.11,1.06
900,2026-02-06,"2026-02-05","FSC",1,64.37
900,2026-02-06,"2026-02-05","Whole MILK",1,8.49
896,2026-02-06,"2026-02-05","Kirkwood Pickup Time (2.0 @1:30-2) - @1:30-2",1,0
896,2026-02-06,"2026-02-05","Food For FS Cats Donation - $",5,1
896,2026-02-06,"2026-02-05","Food Pantry Donation - $",5,1
896,2026-02-06,"2026-02-05","Chicken Breasts /lb. - Pack",1,11.39
896,2026-02-06,"2026-02-05","Eggs - Dozen",1,6.25
896,2026-02-06,"2026-02-05","FF - Fry Bread - Bag",1,7.25
896,2026-02-06,"2026-02-05","Yogurt - Plain - Oz.",1,6.75
896,2026-02-06,"2026-02-05","Extra Credit - Each",2.89,1.06
896,2026-02-06,"2026-02-05","Half",1,68.89
171,2026-02-06,"2026-02-05","Peanut Butter MC - Tub",1,7.75
171,2026-02-06,"2026-02-05","Mothership Pickup Time (5.0 @5:30-6) - @5:30-6",1,0
171,2026-02-06,"2026-02-05","Bagel Chips - Bag",1,5.25
171,2026-02-06,"2026-02-05","Chicken - Ground - Lb.",1,8.75
171,2026-02-06,"2026-02-05","Cinnamon Rolls - Frozen - Pack",1,6.25
171,2026-02-06,"2026-02-05","FF - Fry Bread - Bag",1,7.25
171,2026-02-06,"2026-02-05","Hummus - Beet & Pepita - Tub",1,6.75
171,2026-02-06,"2026-02-05","Jar Tomatoes - Quart",1,7.5
171,2026-02-06,"2026-02-05","Louise's Original Granola - Bag",1,10.75
171,2026-02-06,"2026-02-05","Marinara Sauce - Jar",1,8.75
171,2026-02-06,"2026-02-05","Oats - 1lb. (1.0 Rolled) - Rolled",1,3.75
171,2026-02-06,"2026-02-05","Red Chile Sauce - Jar",1,11.5
171,2026-02-06,"2026-02-05","Vinaigrette - Greek Style - Bottle",1,6.25
171,2026-02-06,"2026-02-05","Yogurt - Blueberry - Oz.",1,6.75
171,2026-02-06,"2026-02-05","Yogurt - Plain - Oz.",1,6.75
171,2026-02-06,"2026-02-05","Extra Credit - Each",63,1.06
171,2026-02-06,"2026-02-05","FSC",1,64.37
790,2026-02-06,"2026-02-05","Mothership Pickup Time (2.0 @4-4:30) - @4-4:30",1,0
790,2026-02-06,"2026-02-05","Black Bean Dip - Tub",1,6.25
790,2026-02-06,"2026-02-05","Buttermilk Waffles Sourdough - Frozen - Pack",1,5
790,2026-02-06,"2026-02-05","Chicken Links - Lemon Pepper - Lb.",1,10
790,2026-02-06,"2026-02-05","Mushrooms (1.0 Lion's Mane) - Lion's Mane",2,8.25
790,2026-02-06,"2026-02-05","Pork Shoulder Small/lb. - Pack",2,39.18
790,2026-02-06,"2026-02-05","Radishes - Spanish Black - Lb.",1,4.75
790,2026-02-06,"2026-02-05","Extra Credit - Each",23.05,1.06
790,2026-02-06,"2026-02-05","Half",1,68.89
1819,2026-02-06,"2026-02-05","Chicken - Big Bag Deboned Thighs/lb. - Bag",1,41.28
1819,2026-02-06,"2026-02-05","Mothership Pickup Time (4.0 @5-5:30) - @5-5:30",1,0
1819,2026-02-06,"2026-02-05","Bacon - Each",1,12.75
1819,2026-02-06,"2026-02-05","Beef - Stew Meat - Pack",1,10.25
1819,2026-02-06,"2026-02-05","Beef Kabob Meat - Lb.",1,12.75
1819,2026-02-06,"2026-02-05","Eggs - Dozen",2,6.25
1819,2026-02-06,"2026-02-05","Honey - Pint - Jar",1,10.75
1819,2026-02-06,"2026-02-05","Jalapenos - Fire Roasted - Oz.",1,12.25
1819,2026-02-06,"2026-02-05","Janie's Bread - Thursday - Each",1,6.75
1819,2026-02-06,"2026-02-05","Lettuce - Bibb - Head",2,3
1819,2026-02-06,"2026-02-05","Pork Italian Links - D&M - Each",1,8
1819,2026-02-06,"2026-02-05","Extra Credit - Each",62.53,1.06
1819,2026-02-06,"2026-02-05","FSA/FSD",1,64.37
1819,2026-02-06,"2026-02-05","Whole MILK",4,8.49
1683,2026-02-06,"2026-02-05","Eggs - BW - Dozen",1,6.25
1683,2026-02-06,"2026-02-05","Kirkwood Pickup Time - @1-1:30",1,0
1683,2026-02-06,"2026-02-05","Bacon - Each",1,12.75
1683,2026-02-06,"2026-02-05","Bada Bing - Sub - Frozen - Each",1,6.25
1683,2026-02-06,"2026-02-05","Bagels - Blueberry - BU - Bag",1,11
1683,2026-02-06,"2026-02-05","Seedy Wheaty - Frozen - Loaf",1,3.5
1683,2026-02-06,"2026-02-05","Extra Credit - Each",1,1.06
1683,2026-02-06,"2026-02-05","UCA/KWA",1,64.37
845,2026-02-06,"2026-02-05","Salsa - Gringo's Medium - Pint",1,5
845,2026-02-06,"2026-02-05","Stringbean Red Eye  - Oz.",1,15.45
845,2026-02-06,"2026-02-05","Mothership Pickup Time (4.0 @5-5:30) - @5-5:30",1,0
845,2026-02-06,"2026-02-05","Chips - Tortilla - Bag",1,4.25
845,2026-02-06,"2026-02-05","Dark Chocolate Coffee Bark - Pack",1,6.45
845,2026-02-06,"2026-02-05","Stringbean Half Caf - Bag",1,15.45
845,2026-02-06,"2026-02-05","Extra Credit - Each",5.6,1.06
845,2026-02-06,"2026-02-05","FSC",1,64.37
1582,2026-02-06,"2026-02-05","Mothership Pickup Time (3.0 @4:30-5) - @4:30-5",1,0
1582,2026-02-06,"2026-02-05","Cheese Choice $6.50 - Each",1,6.5
1582,2026-02-06,"2026-02-05","Curds Creamy Ranch 10 oz - Bag",1,6.5
1582,2026-02-06,"2026-02-05","Eggs - Dozen",1,6.25
1582,2026-02-06,"2026-02-05","Ground Beef - D&M - Lb.",1,10.25
1582,2026-02-06,"2026-02-05","Semolina - T - Loaf",1,6.75
1582,2026-02-06,"2026-02-05","Extra Credit - Each",2.75,1.06
1582,2026-02-06,"2026-02-05","Mini",1,46.28
1227,2026-02-06,"2026-02-05","Dark Chocolate Lolli - Each",2,1.75
1227,2026-02-06,"2026-02-05","Eggs - Dozen",2,6.25
1227,2026-02-06,"2026-02-05","Ground Beef - D&M - Lb.",1,10.25
1227,2026-02-06,"2026-02-05","Shoots - Broccoli - Bag",1,4.25
1227,2026-02-06,"2026-02-05","Shoots - Specialty Mix - Bag",1,4.25
1227,2026-02-06,"2026-02-05","Extra Credit - Each",1.25,1.06
1227,2026-02-06,"2026-02-05","Mini",1,46.28
463,2026-02-06,"2026-02-05","Peanut Butter MC - Tub",1,7.75
463,2026-02-06,"2026-02-05","Cheese Choice $6.50 - Each",1,6.5
463,2026-02-06,"2026-02-05","Dark Chocolate Almond Bar - Pack",2,4.8
463,2026-02-06,"2026-02-05","Dark Chocolate Coffee Bark - Pack",1,6.45
463,2026-02-06,"2026-02-05","Dark Chocolate Lolli - Each",2,1.75
463,2026-02-06,"2026-02-05","Dark Chocolate Square  - Each",1,1.75
463,2026-02-06,"2026-02-05","FF Pasta - Mac N Cheese - Tub",1,10.25
463,2026-02-06,"2026-02-05","Ground Beef - D&M - Lb.",1,10.25
463,2026-02-06,"2026-02-05","Yogurt - Plain - Oz.",1,6.75
463,2026-02-06,"2026-02-05","Extra Credit - Each",29.3,1.06
463,2026-02-06,"2026-02-05","Mini",1,46.28
1525,2026-02-06,"2026-02-05","Kirkwood Pickup Time - @1-1:30",1,0
1525,2026-02-06,"2026-02-05","Chips - Tortilla - Bag",1,4.25
1525,2026-02-06,"2026-02-05","Eggs - Dozen",1,6.25
1525,2026-02-06,"2026-02-05","Honey - Qt. - Jar",1,20
1525,2026-02-06,"2026-02-05","RL Chocolate Milk - Bottle",3,2.75
1525,2026-02-06,"2026-02-05","Half",1,68.89
699,2026-02-06,"2026-02-05","Eggs - BW - Dozen",1,6.25
699,2026-02-06,"2026-02-05","Chicken - Thighs /lbs  - lbs",2,8.57
699,2026-02-06,"2026-02-05","Granola Bar - Each",2,3.75
699,2026-02-06,"2026-02-05","Hoagie - T - Each",1,3.35
699,2026-02-06,"2026-02-05","Lettuce - Bibb - Head",1,3
699,2026-02-06,"2026-02-05","Semolina - T - Loaf",1,6.75
699,2026-02-06,"2026-02-05","Extra Credit - Each",5.24,1.06
699,2026-02-06,"2026-02-05","Half",1,68.89
979,2026-02-06,"2026-02-05","Cheddar - White MJC - Package",1,6.5
979,2026-02-06,"2026-02-05","Dates - Oz.",1,9.75
979,2026-02-06,"2026-02-05","Gouda - Smoked - Pack",1,6.5
979,2026-02-06,"2026-02-05","Heritage - Aged - Pack",1,6.5
979,2026-02-06,"2026-02-05","Mothership Pickup Time (1.0 @3:30-4) - @3:30-4",1,0
979,2026-02-06,"2026-02-05","Chicken - Links ($10) - Each",1,10
979,2026-02-06,"2026-02-05","Chips - Tortilla - Bag",1,4.25
979,2026-02-06,"2026-02-05","Dark Chocolate Bon Bons - Pack",1,11.25
979,2026-02-06,"2026-02-05","Dark Chocolate Salted Bark - Pack",1,6.45
979,2026-02-06,"2026-02-05","Eggs - Dozen",1,6.25
979,2026-02-06,"2026-02-05","English Muffin Sourdough - Frozen - Pack",1,5
979,2026-02-06,"2026-02-05","Hummus - Garlic - Tub",1,6.75
979,2026-02-06,"2026-02-05","Marbled Rye - Thursday - Each",1,8.35
979,2026-02-06,"2026-02-05","Missouri Pecans (1.0 Halves) - Halves",1,6.5
979,2026-02-06,"2026-02-05","Extra Credit - Each",55.3,1.06
979,2026-02-06,"2026-02-05","Half",1,68.89
