"member_id","file_date","delivery_date","item_unit","sales","price"
704,2026-08-28,"2026-08-19","Ground Turkey - Pack",1,10.25
704,2026-08-28,"2026-08-19","Eggs - Dozen",1,6.5
704,2026-08-28,"2026-08-19","Ground Beef - D&M - Lb.",1,10.5
704,2026-08-28,"2026-08-19","Kairos Sourdough Choice $5 - Pack",1,5
704,2026-08-28,"2026-08-19","Pink Sauce - Oz.",1,8.75
704,2026-08-28,"2026-08-19","Extra Credit - Each",8,1.06
704,2026-08-28,"2026-08-19","FSA/FSD",1,79.79
335,2026-08-28,"2026-08-19","Mothership Pickup Time (1.0 @3:30-4) - @3:30-4",1,0
335,2026-08-28,"2026-08-19","Cantaloupe - Each",1,6.5
335,2026-08-28,"2026-08-19","Eggs - Dozen",1,6.5
335,2026-08-28,"2026-08-19","English Muffin Sourdough - Frozen - Pack",1,5
335,2026-08-28,"2026-08-19","Ground Beef - D&M - Lb.",1,10.5
335,2026-08-28,"2026-08-19","Extra Credit - Each",2.25,1.06
335,2026-08-28,"2026-08-19","Mini",1,53.2
291,2026-08-28,"2026-08-19","Mothership Pickup Time (1.0 @3:30-4) - @3:30-4",1,0
291,2026-08-28,"2026-08-19","Peaches - Bag",1,7
291,2026-08-28,"2026-08-19","Pork - Bratwurst  - Pack",1,8.5
291,2026-08-28,"2026-08-19","Semolina - Wednesday - Loaf",1,7
291,2026-08-28,"2026-08-19","Extra Credit - Each",0.75,1.06
291,2026-08-28,"2026-08-19","Half",1,84.79
1045,2026-08-28,"2026-08-19","Mothership Pickup Time (2.0 @4-4:30) - @4-4:30",1,0
1045,2026-08-28,"2026-08-19","Food for Ferals Donation - $",1,1
1045,2026-08-28,"2026-08-19","Bagel Chips - Bag",1,9.75
1045,2026-08-28,"2026-08-19","Black Bean Hummus - Tub",1,6.5
1045,2026-08-28,"2026-08-19","Pizza Sourdough - Frozen - Pack",1,5
1045,2026-08-28,"2026-08-19","Sesame Hoagie -W - Each",1,3.8
1045,2026-08-28,"2026-08-19","Extra Credit - Each",4.3,1.06
1045,2026-08-28,"2026-08-19","Half",1,84.79
903,2026-08-28,"2026-08-19","Eggs - BW - Dozen",1,6.5
903,2026-08-28,"2026-08-19","Mothership Pickup Time (1.0 @3:30-4) - @3:30-4",1,0
903,2026-08-28,"2026-08-19","Chicken - Breakfast - Pack",1,10.5
903,2026-08-28,"2026-08-19","Eggs - Dozen",1,6.5
903,2026-08-28,"2026-08-19","Tomatoes - Funky Bunch - Pint",1,7
903,2026-08-28,"2026-08-19","Extra Credit - Each",4.25,1.06
903,2026-08-28,"2026-08-19","Mini",1,53.2
262,2026-08-28,"2026-08-19","Chicken - BULK Breasts /lb. - Pack",2,40.76
262,2026-08-28,"2026-08-19","Milk - 2%  - Oz.",2,8.32
262,2026-08-28,"2026-08-19","Eggs - BW - Dozen",2,6.5
262,2026-08-28,"2026-08-19","Mothership Pickup Time (3.0 @4:30-5) - @4:30-5",1,0
262,2026-08-28,"2026-08-19","Chicken - Breakfast Links - Each",2,10.5
262,2026-08-28,"2026-08-19","Eggs - H - Dozen",2,6.5
262,2026-08-28,"2026-08-19","Rice - Basmati Brown - Lb.",1,7.5
262,2026-08-28,"2026-08-19","Strip Steak /lb - Pack",3,12.61
262,2026-08-28,"2026-08-19","Turkey Thighs /lb - Each",1,20.19
262,2026-08-28,"2026-08-19","Extra Credit - Each",188.93,1.06
262,2026-08-28,"2026-08-19","Half",1,68.89
1197,2026-08-28,"2026-08-19","Eggs - BW - Dozen",1,6.5
1197,2026-08-28,"2026-08-19","Cantaloupe - Each",1,6.5
1197,2026-08-28,"2026-08-19","Feta Cheese - HBC - Each",1,6.75
1197,2026-08-28,"2026-08-19","Squash - Zucchini - Each",1,3
1197,2026-08-28,"2026-08-19","Tomatoes - Funky Bunch - Pint",1,7
1197,2026-08-28,"2026-08-19","Watermelon - Sugar Baby - Each",1,6
1197,2026-08-28,"2026-08-19","Extra Credit - Each",35.75,1.06
1039,2026-08-28,"2026-08-19","UCity Pickup Time (3.0 @5-5:30) - @5-5:30",1,0
1039,2026-08-28,"2026-08-19","Beef Kabob Meat - Lb.",1,12.75
1039,2026-08-28,"2026-08-19","Chicken Thighs - Boneless/lb. - lbs",1,11.03
1039,2026-08-28,"2026-08-19","Cornmeal - Oz.",1,4.75
1039,2026-08-28,"2026-08-19","Tomatoes - Funky Bunch - Pint",1,7
1039,2026-08-28,"2026-08-19","Extra Credit - Each",6.28,1.06
1039,2026-08-28,"2026-08-19","UCA/KWA",1,79.79
1830,2026-08-28,"2026-08-19","Mothership Pickup Time (2.0 @4-4:30) - @4-4:30",1,0
1830,2026-08-28,"2026-08-19","Eggs - Dozen",1,6.5
1830,2026-08-28,"2026-08-19","Louise's Original Granola - Bag",1,10
1830,2026-08-28,"2026-08-19","Oat Porridge Bread - Wednesday - Loaf",1,9
1830,2026-08-28,"2026-08-19","Pork - Breakfast Bulk - Pack",1,8.5
1830,2026-08-28,"2026-08-19","Extra Credit - Each",1,1.06
1830,2026-08-28,"2026-08-19","FSA/FSD",1,79.79
1830,2026-08-28,"2026-08-19","2% MILK",1,8.85
1968,2026-08-28,"2026-08-19","Mothership Pickup Time (1.0 @3:30-4) - @3:30-4",1,0
1968,2026-08-28,"2026-08-19","Blackberries - Frozen (1.0 Large) - Large",1,10.5
1968,2026-08-28,"2026-08-19","Hummus - Beet & Pepita - Tub",1,6.75
1968,2026-08-28,"2026-08-19","Multigrain Bread - Frozen - Loaf",1,6.75
1968,2026-08-28,"2026-08-19","RL Chocolate Milk - Bottle",1,2.75
1968,2026-08-28,"2026-08-19","Extra Credit - Each",0.5,1.06
1968,2026-08-28,"2026-08-19","Mini",1,53.2
282,2026-08-28,"2026-08-19","Cheese Choice $6.75 - Each",1,6.75
282,2026-08-28,"2026-08-19","Pork - Bratwurst  - Pack",2,8.5
282,2026-08-28,"2026-08-19","Extra Credit - Each",2,1.06
282,2026-08-28,"2026-08-19","Half",1,84.79
1970,2026-08-28,"2026-08-19","Mothership Pickup Time (2.0 @4-4:30) - @4-4:30",1,0
1970,2026-08-28,"2026-08-19","Eggs - Dozen",1,6.5
1970,2026-08-28,"2026-08-19","Ground Beef - D&M - Lb.",1,10.5
1970,2026-08-28,"2026-08-19","Hamburger Buns - 4-pack",1,2.75
1970,2026-08-28,"2026-08-19","Hummus - Garlic - Tub",1,6.75
1970,2026-08-28,"2026-08-19","Extra Credit - Each",0.25,1.06
1970,2026-08-28,"2026-08-19","Mini",1,53.2
1203,2026-08-28,"2026-08-19","Mothership Pickup Time (2.0 @4-4:30) - @4-4:30",1,0
1203,2026-08-28,"2026-08-19","Eggplant - Globe - Each",1,3
1203,2026-08-28,"2026-08-19","Eggs - Dozen",1,6.5
1203,2026-08-28,"2026-08-19","Okra  - Bag",1,6
1203,2026-08-28,"2026-08-19","Peppers - Sweet Habanada - Bag",1,3.5
1203,2026-08-28,"2026-08-19","Pork - Breakfast Bulk - Pack",1,8.5
1203,2026-08-28,"2026-08-19","Tomatoes - Funky Bunch - Pint",1,7
1203,2026-08-28,"2026-08-19","Extra Credit - Each",1.5,1.06
1203,2026-08-28,"2026-08-19","FSA/FSD",1,79.79
444,2026-08-28,"2026-08-19","Chicken - Thighs /lbs  - lbs",2,7.2
444,2026-08-28,"2026-08-19","Hummus - Carrot & Ginger - Tub",1,6.75
444,2026-08-28,"2026-08-19","Pretzel - UL Wednesday - Each",2,3.75
444,2026-08-28,"2026-08-19","RL Chocolate Milk - Bottle",2,2.75
444,2026-08-28,"2026-08-19","Extra Credit - Each",4.9,1.06
444,2026-08-28,"2026-08-19","UCA/KWA",1,79.79
949,2026-08-28,"2026-08-19","Apple Sauce - w/sugar - qt. - Jar",2,7.75
949,2026-08-28,"2026-08-19","Curds Applewood Smoked 10 oz - Bag",1,6.75
949,2026-08-28,"2026-08-19","Eggs - Dozen",1,6.5
949,2026-08-28,"2026-08-19","FF Dish - Pear and Walnut Risotto - Each",1,11.5
949,2026-08-28,"2026-08-19","Ground Beef - D&M - Lb.",1,10.5
949,2026-08-28,"2026-08-19","Hamburger Buns - 4-pack",1,2.75
949,2026-08-28,"2026-08-19","Extra Credit - Each",27,1.06
949,2026-08-28,"2026-08-19","Mini",1,53.2
828,2026-08-28,"2026-08-19","Cashew Butter - Roasted - Pint",1,11.75
828,2026-08-28,"2026-08-19","Pignolas (Pine Nuts) - Oz.",1,11
828,2026-08-28,"2026-08-19","UCity Pickup Time - @4:10-4:30",1,0
828,2026-08-28,"2026-08-19","Chicken Thighs - Boneless/lb. - lbs",2,10.41
828,2026-08-28,"2026-08-19","Chicken Wings/lb. - lbs",1,20.24
828,2026-08-28,"2026-08-19","Eggs - Dozen",1,6.5
828,2026-08-28,"2026-08-19","Grits - Oz.",1,4.75
828,2026-08-28,"2026-08-19","Ground Beef - D&M - Lb.",1,10.5
828,2026-08-28,"2026-08-19","Hamburger Buns - 4-pack",1,2.75
828,2026-08-28,"2026-08-19","Soy Sauce - Mushroom - Bottle",1,7.5
828,2026-08-28,"2026-08-19","Extra Credit - Each",69.56,1.06
828,2026-08-28,"2026-08-19","Mini",1,53.2
1799,2026-08-28,"2026-08-19","Chicken - Big Bag Deboned Thighs/lb. - Bag",1,42.32
1799,2026-08-28,"2026-08-19","Cinnamon Raisin Bread - 1-each",1,6.75
1799,2026-08-28,"2026-08-19","Eggs - Dozen",1,6.5
1799,2026-08-28,"2026-08-19","Kairos Sourdough Choice $5 - Pack",1,5
1799,2026-08-28,"2026-08-19","Maple Syrup 12 oz. - Jar",1,13
1799,2026-08-28,"2026-08-19","Pork - Breakfast Bulk - Pack",1,8.5
1799,2026-08-28,"2026-08-19","Extra Credit - Each",49.07,1.06
1799,2026-08-28,"2026-08-19","FSA/FSD",1,79.79
1286,2026-08-28,"2026-08-19","Mothership Pickup Time (1.0 @3:30-4) - @3:30-4",1,0
1286,2026-08-28,"2026-08-19","Chicken Drumsticks /LB - Pack",2,3.67
1286,2026-08-28,"2026-08-19","Dark Chocolate Almond Bar - Pack",1,4.95
1286,2026-08-28,"2026-08-19","Feta Cheese - HBC - Each",1,6.75
1286,2026-08-28,"2026-08-19","Yogurt - Vanilla - Oz.",1,7.25
1286,2026-08-28,"2026-08-19","Extra Credit - Each",4.54,1.06
1286,2026-08-28,"2026-08-19","Half",1,84.79
1124,2026-08-28,"2026-08-19","Yogurt - Greek Plain - Oz.",1,7.75
1124,2026-08-28,"2026-08-19","Mothership Pickup Time (5.0 @5:30-6) - @5:30-6",1,0
1124,2026-08-28,"2026-08-19","Marinara Sauce - Jar",1,8.75
1124,2026-08-28,"2026-08-19","Semolina - Wednesday - Loaf",1,7
1124,2026-08-28,"2026-08-19","Extra Credit - Each",1.75,1.06
1124,2026-08-28,"2026-08-19","Half",1,84.79
296,2026-08-28,"2026-08-19","Mothership Pickup Time (4.0 @5-5:30) - @5-5:30",1,0
296,2026-08-28,"2026-08-19","Curds Jalapeno Habanero 10 oz - Bag",1,6.75
296,2026-08-28,"2026-08-19","English Muffin Sourdough - Frozen - Pack",1,5
296,2026-08-28,"2026-08-19","Mustard (1.0 Onion) - Onion",1,6.5
296,2026-08-28,"2026-08-19","Pork Breakfast Link D&M - Pack",1,8.5
296,2026-08-28,"2026-08-19","Extra Credit - Each",5,1.06
296,2026-08-28,"2026-08-19","Half",1,84.79
919,2026-08-28,"2026-08-19","Mothership Pickup Time (2.0 @4-4:30) - @4-4:30",1,0
919,2026-08-28,"2026-08-19","Chicken - Breakfast - Pack",1,10.5
919,2026-08-28,"2026-08-19","Chicken - Ground - Lb.",1,10.25
919,2026-08-28,"2026-08-19","Okra  - Bag",1,6
919,2026-08-28,"2026-08-19","Extra Credit - Each",5,1.06
919,2026-08-28,"2026-08-19","Half",1,84.79
1699,2026-08-28,"2026-08-19","UCity Pickup Time (2.0 @4:30-5) - @4:30-5",1,0
1699,2026-08-28,"2026-08-19","Hoagie - Wednesday - Each",1,3.5
1699,2026-08-28,"2026-08-19","Pretzel - UL Wednesday - Each",1,3.75
1699,2026-08-28,"2026-08-19","Tomatillos  - Bag",1,4.75
1699,2026-08-28,"2026-08-19","Tortellini - Cheese - Lb.",1,9.15
1699,2026-08-28,"2026-08-19","UCA/KWA",1,79.79
570,2026-08-28,"2026-08-19","UCity Pickup Time - @4:10-4:30",1,0
570,2026-08-28,"2026-08-19","Aged Cheddar - HBC - Each",1,6.75
570,2026-08-28,"2026-08-19","Curry Sauce (1.0 Red) - Red",1,12
570,2026-08-28,"2026-08-19","Pork - Bratwurst  - Pack",1,8.5
570,2026-08-28,"2026-08-19","Extra Credit - Each",5.5,1.06
570,2026-08-28,"2026-08-19","Half",1,68.89
1154,2026-08-28,"2026-08-19","Mothership Pickup Time (1.0 @3:30-4) - @3:30-4",1,0
1154,2026-08-28,"2026-08-19","Chicken Thighs - Boneless/lb. - lbs",2,9.98
1154,2026-08-28,"2026-08-19","Hummus - Garlic - Tub",1,6.75
1154,2026-08-28,"2026-08-19","Marinara Sauce - Jar",1,8.75
1154,2026-08-28,"2026-08-19","Peaches - Bag",1,7
1154,2026-08-28,"2026-08-19","Extra Credit - Each",16.21,1.06
1154,2026-08-28,"2026-08-19","Mini",1,53.2
1559,2026-08-28,"2026-08-19","Eggs - Dozen",1,6.5
1559,2026-08-28,"2026-08-19","Ground Beef - D&M - Lb.",1,10.5
1559,2026-08-28,"2026-08-19","Hamburger Buns - 4-pack",1,2.75
1559,2026-08-28,"2026-08-19","Hummus Choice ($6.75) - Tub",1,6.75
1559,2026-08-28,"2026-08-19","Mini",1,53.2
1098,2026-08-28,"2026-08-19","Eggs - BW - Dozen",1,6.5
1098,2026-08-28,"2026-08-19","XO - Cooler Donation - $",1,1
1098,2026-08-28,"2026-08-19","Beans - Green - Bag",1,4.25
1098,2026-08-28,"2026-08-19","Beets - Lb.",1,6.5
1098,2026-08-28,"2026-08-19","Cantaloupe - Each",1,6.5
1098,2026-08-28,"2026-08-19","Peaches - Bag",1,7
1098,2026-08-28,"2026-08-19","Peanuts - Salted Redskin - Bag",1,7.5
1098,2026-08-28,"2026-08-19","Extra Credit - Each",13,1.06
1098,2026-08-28,"2026-08-19","Mini",1,53.2
1098,2026-08-28,"2026-08-19","2% MILK-o",0,8.85
288,2026-08-28,"2026-08-19","Mothership Pickup Time (1.0 @3:30-4) - @3:30-4",1,0
288,2026-08-28,"2026-08-19","Chicken - Ground - Lb.",1,10.25
288,2026-08-28,"2026-08-19","Dark Chocolate Lolli - Each",1,1.75
288,2026-08-28,"2026-08-19","Dark Chocolate Salted Bark - Pack",1,7.5
288,2026-08-28,"2026-08-19","Hummus - Carrot & Ginger - Tub",1,6.75
288,2026-08-28,"2026-08-19","Mini",1,53.2
391,2026-08-28,"2026-08-19","Dark Chocolate Almond Bar - Pack",1,4.95
391,2026-08-28,"2026-08-19","Eggs - Dozen",1,6.5
391,2026-08-28,"2026-08-19","Ground Beef - D&M - Lb.",1,10.5
391,2026-08-28,"2026-08-19","Hamburger Buns - 4-pack",1,2.75
391,2026-08-28,"2026-08-19","Hummus Choice ($6.75) - Tub",1,6.75
391,2026-08-28,"2026-08-19","Pork Snack Sticks - Honey 4pk - Pack",1,10.3
391,2026-08-28,"2026-08-19","Extra Credit - Each",15.5,1.06
391,2026-08-28,"2026-08-19","Mini",1,53.2
824,2026-08-28,"2026-08-19","Chicken - Ground - Lb.",1,10.25
824,2026-08-28,"2026-08-19","English Muffin Sourdough - Frozen - Pack",1,5
824,2026-08-28,"2026-08-19","Hummus - Beet & Pepita - Tub",1,6.75
824,2026-08-28,"2026-08-19","Tortillas Sourdough - Frozen - Pack",1,5
824,2026-08-28,"2026-08-19","Extra Credit - Each",0.75,1.06
824,2026-08-28,"2026-08-19","Mini",1,53.2
431,2026-08-28,"2026-08-19","Mothership Pickup Time (4.0 @5-5:30) - @5-5:30",1,0
431,2026-08-28,"2026-08-19","Cheese Choice $6.75 - Each",1,6.75
431,2026-08-28,"2026-08-19","Mustard - Choice",1,6.5
431,2026-08-28,"2026-08-19","Onions - Yellow - lbs",1,3.5
431,2026-08-28,"2026-08-19","Pork - Bratwurst  - Pack",1,8.5
431,2026-08-28,"2026-08-19","Extra Credit - Each",3.5,1.06
431,2026-08-28,"2026-08-19","Half",1,84.79
100,2026-08-28,"2026-08-19","Mothership Pickup Time (3.0 @4:30-5) - @4:30-5",1,0
100,2026-08-28,"2026-08-19","Eggs - Dozen",1,6.5
100,2026-08-28,"2026-08-19","Ground Beef - D&M - Lb.",1,10.5
100,2026-08-28,"2026-08-19","Hamburger Buns - 4-pack",1,2.75
100,2026-08-28,"2026-08-19","Milk Chocolate Bar - Pack",1,3
100,2026-08-28,"2026-08-19","Watermelon - Sugar Baby - Each",1,6
100,2026-08-28,"2026-08-19","Extra Credit - Each",2.5,1.06
100,2026-08-28,"2026-08-19","Mini",1,53.2
1284,2026-08-28,"2026-08-19","Eggs - BW - Dozen",1,6.5
1284,2026-08-28,"2026-08-19","Food Pantry Donation - $",1,1
1284,2026-08-28,"2026-08-19","XO - Cooler Donation - $",1,1
1284,2026-08-28,"2026-08-19","Beans - Green - Bag",1,4.25
1284,2026-08-28,"2026-08-19","Black Bean Dip - Tub",1,6.5
1284,2026-08-28,"2026-08-19","Golden Zucchini - Each",1,1.5
1284,2026-08-28,"2026-08-19","Manicotti - Spinach - Package",1,10.15
1284,2026-08-28,"2026-08-19","Peaches - Bag",1,7
1284,2026-08-28,"2026-08-19","Peppers - Sweet Oxhorn - 2-pack",1,3
1284,2026-08-28,"2026-08-19","Sesame Hoagie -W - Each",1,3.8
1284,2026-08-28,"2026-08-19","Squash - Summer - Each",1,3
1284,2026-08-28,"2026-08-19","Squash - Zucchini - Each",1,3
1284,2026-08-28,"2026-08-19","Sweet Corn - 5-pack",1,4
1284,2026-08-28,"2026-08-19","Tomatoes - Slicing - Bag",1,6.5
1284,2026-08-28,"2026-08-19","Extra Credit - Each",61.2,1.06
98,2026-08-28,"2026-08-19","UCity Pickup Time (2.0 @4:30-5) - @4:30-5",1,0
98,2026-08-28,"2026-08-19","Beans - Green - Bag",1,4.25
98,2026-08-28,"2026-08-19","Golden Zucchini - Each",1,1.5
98,2026-08-28,"2026-08-19","Peaches - Bag",1,7
98,2026-08-28,"2026-08-19","Squash - Zucchini - Each",1,3
98,2026-08-28,"2026-08-19","Tomatoes - Funky Bunch - Pint",1,7
98,2026-08-28,"2026-08-19","Tomatoes - Heirloom - Bag",1,8
98,2026-08-28,"2026-08-19","Tortillas Sourdough - Frozen - Pack",2,5
98,2026-08-28,"2026-08-19","Extra Credit - Each",40.75,1.06
99,2026-08-28,"2026-08-19","Ground Turkey - Pack",1,10.25
99,2026-08-28,"2026-08-19","Mothership Pickup Time (5.0 @5:30-6) - @5:30-6",1,0
99,2026-08-28,"2026-08-19","Eggs - Dozen",1,6.5
99,2026-08-28,"2026-08-19","Okra  - Bag",1,6
99,2026-08-28,"2026-08-19","Peppers - Lunchbox - Bag",1,7
99,2026-08-28,"2026-08-19","Watermelon - Sugar Baby - Each",1,6
99,2026-08-28,"2026-08-19","Extra Credit - Each",2.75,1.06
77,2026-08-28,"2026-08-19","Mothership Pickup Time (1.0 @3:30-4) - @3:30-4",1,0
77,2026-08-28,"2026-08-19","Bacon - Each",1,14.58
77,2026-08-28,"2026-08-19","Pasta Bi-color Short - Lb.",1,6.5
77,2026-08-28,"2026-08-19","Pretzel - UL Wednesday - Each",1,3.75
77,2026-08-28,"2026-08-19","RL Chocolate Milk - Bottle",1,2.75
77,2026-08-28,"2026-08-19","Extra Credit - Each",1.33,1.06
77,2026-08-28,"2026-08-19","Mini",1,53.2
543,2026-08-28,"2026-08-19","Coffee Stringbean Decaf - Bag",1,16
543,2026-08-28,"2026-08-19","Ground Beef - D&M - Lb.",1,10.5
543,2026-08-28,"2026-08-19","Extra Credit - Each",0.25,1.06
543,2026-08-28,"2026-08-19","Mini",1,53.2
837,2026-08-28,"2026-08-19","Eggs - BW - Dozen",2,6.5
837,2026-08-28,"2026-08-19","Mothership Pickup Time (2.0 @4-4:30) - @4-4:30",1,0
837,2026-08-28,"2026-08-19","Cucumbers - Slicing - Each",1,2
837,2026-08-28,"2026-08-19","Fresh Herb - Basil - Bunch",1,4
837,2026-08-28,"2026-08-19","Garlic - Head - Head",3,1
837,2026-08-28,"2026-08-19","Golden Zucchini - Each",1,1.5
837,2026-08-28,"2026-08-19","Honey - Qt. - Jar",1,20.25
837,2026-08-28,"2026-08-19","Hummus - Carrot & Ginger - Tub",1,6.75
837,2026-08-28,"2026-08-19","Louise's Original Granola - Bag",1,10
837,2026-08-28,"2026-08-19","Okra  - Bag",1,6
837,2026-08-28,"2026-08-19","Peaches - Bag",1,7
837,2026-08-28,"2026-08-19","Peppers - Red Bell XL - 1-each",1,2.5
837,2026-08-28,"2026-08-19","Sweet Corn - 5-pack",1,4
837,2026-08-28,"2026-08-19","Watermelon - Sugar Baby - Each",1,6
837,2026-08-28,"2026-08-19","Extra Credit - Each",86,1.06
401,2026-08-28,"2026-08-19","Eggs - Dozen",1,6.5
401,2026-08-28,"2026-08-19","Ground Beef - D&M - Lb.",1,10.5
401,2026-08-28,"2026-08-19","Hamburger Buns - 4-pack",1,2.75
401,2026-08-28,"2026-08-19","Hummus Choice ($6.75) - Tub",1,6.75
401,2026-08-28,"2026-08-19","Mini",1,53.2
1997,2026-08-28,"2026-08-19","Eggs - BW - Dozen",1,6.5
1997,2026-08-28,"2026-08-19","UCity Pickup Time (3.0 @5-5:30) - @5-5:30",1,0
1997,2026-08-28,"2026-08-19","Cheese Choice $6.75 - Each",1,6.75
1997,2026-08-28,"2026-08-19","Pork - Bratwurst  - Pack",1,8.5
1997,2026-08-28,"2026-08-19","Half",1,68.89
1923,2026-08-28,"2026-08-19","Cantaloupe - Each",1,6.5
1923,2026-08-28,"2026-08-19","Carrots - Lb.",1,6
1923,2026-08-28,"2026-08-19","Chicken - Whole $5.00/lb. - Each",1,19.1
1923,2026-08-28,"2026-08-19","Janie's Bread - Wednesday - Each",1,7
1923,2026-08-28,"2026-08-19","Peaches - Bag",1,7
1923,2026-08-28,"2026-08-19","Extra Credit - Each",16.35,1.06
1923,2026-08-28,"2026-08-19","UCA/KWA",1,79.79
1174,2026-08-28,"2026-08-19","Eggs - BW - Dozen",1,6.5
1174,2026-08-28,"2026-08-19","Mothership Pickup Time (4.0 @5-5:30) - @5-5:30",1,0
1174,2026-08-28,"2026-08-19","Bagels - Blueberry - BU - Bag",1,11.25
1174,2026-08-28,"2026-08-19","Watermelon - Sugar Baby - Each",1,6
1174,2026-08-28,"2026-08-19","Extra Credit - Each",2,1.06
1174,2026-08-28,"2026-08-19","Half",1,84.79
1879,2026-08-28,"2026-08-19","Mothership Pickup Time (3.0 @4:30-5) - @4:30-5",1,0
1879,2026-08-28,"2026-08-19","Curds Applewood Smoked 10 oz - Bag",1,6.75
1879,2026-08-28,"2026-08-19","Ground Beef - D&M - Lb.",1,10.5
1879,2026-08-28,"2026-08-19","Hamburger Buns - 4-pack",1,2.75
1879,2026-08-28,"2026-08-19","Hummus - Garlic - Tub",1,6.75
1879,2026-08-28,"2026-08-19","Extra Credit - Each",0.5,1.06
1879,2026-08-28,"2026-08-19","Mini",1,53.2
727,2026-08-28,"2026-08-19","Milk - Whole - Oz.",1,8.32
727,2026-08-28,"2026-08-19","UCity Pickup Time - @4:10-4:30",1,0
727,2026-08-28,"2026-08-19","Beans - Green - Bag",1,4.25
727,2026-08-28,"2026-08-19","Beef Kabob Meat - Lb.",1,12.75
727,2026-08-28,"2026-08-19","Boneless Pork Chop - D&M /lb - Lb.",1,15.62
727,2026-08-28,"2026-08-19","Eggs - H - Dozen",2,6.5
727,2026-08-28,"2026-08-19","Golden Zucchini - Each",1,1.5
727,2026-08-28,"2026-08-19","Peaches - Bag",1,7
727,2026-08-28,"2026-08-19","Peppers - Red Bell XL - 1-each",1,2.5
727,2026-08-28,"2026-08-19","Ravioli - Mushroom  - Lb.",1,9.15
727,2026-08-28,"2026-08-19","Semolina - Wednesday - Loaf",1,7
727,2026-08-28,"2026-08-19","Tomatoes - Heirloom - Bag",1,8
727,2026-08-28,"2026-08-19","Extra Credit - Each",59.84,1.06
727,2026-08-28,"2026-08-19","UCA/KWA",1,79.79
373,2026-08-28,"2026-08-19","UCity Pickup Time (3.0 @5-5:30) - @5-5:30",1,0
373,2026-08-28,"2026-08-19","Bagels - Everything - BU - Bag",1,11.25
373,2026-08-28,"2026-08-19","Dark Bar 72% - Package",1,3
373,2026-08-28,"2026-08-19","Feta Cheese - HBC - Each",1,6.75
373,2026-08-28,"2026-08-19","Olive Oil Small - ML",1,8.5
373,2026-08-28,"2026-08-19","Extra Credit - Each",0.25,1.06
373,2026-08-28,"2026-08-19","UCA/KWA",1,79.79
1111,2026-08-28,"2026-08-19","Ground Turkey - Pack",1,10.25
1111,2026-08-28,"2026-08-19","Mothership Pickup Time (1.0 @3:30-4) - @3:30-4",1,0
1111,2026-08-28,"2026-08-19","Chicken Breast - Wee  /lb. - Each",1,8.67
1111,2026-08-28,"2026-08-19","Chicken Thighs - Boneless/lb. - lbs",1,10.85
1111,2026-08-28,"2026-08-19","Extra Credit - Each",8.02,1.06
1111,2026-08-28,"2026-08-19","Half",1,84.79
1498,2026-08-28,"2026-08-19","UCity Pickup Time - @4:10-4:30",1,0
1498,2026-08-28,"2026-08-19","Blackberries - Frozen (1.0 Large) - Large",1,10.5
1498,2026-08-28,"2026-08-19","Carrots - Lb.",1,6
1498,2026-08-28,"2026-08-19","Peaches - Bag",1,7
1498,2026-08-28,"2026-08-19","Sweet Corn - 5-pack",1,4
1498,2026-08-28,"2026-08-19","Extra Credit - Each",1.25,1.06
1498,2026-08-28,"2026-08-19","Mini",1,53.2
526,2026-08-28,"2026-08-19","Beef Kabob Meat - Lb.",1,12.75
526,2026-08-28,"2026-08-19","Chicken - Ground - Lb.",1,10.25
526,2026-08-28,"2026-08-19","Semolina - Wednesday - Loaf",1,7
526,2026-08-28,"2026-08-19","Extra Credit - Each",0.75,1.06
526,2026-08-28,"2026-08-19","UCA/KWA",1,79.79
42,2026-08-28,"2026-08-19","Eggs - BW - Dozen",2,6.5
42,2026-08-28,"2026-08-19","Salsa - Black Bean & Corn - Pint",1,5
42,2026-08-28,"2026-08-19","UCity Pickup Time - @4:10-4:30",1,0
42,2026-08-28,"2026-08-19","Peppers - Colored Bell - 3-pack",1,4
42,2026-08-28,"2026-08-19","Salsa - Gringo's Mild - Jar",1,5
42,2026-08-28,"2026-08-19","UCA/KWA",1,79.79
1030,2026-08-28,"2026-08-19","Eggs - BW - Dozen",1,6.5
1030,2026-08-28,"2026-08-19","Bagels - Blueberry - BU - Bag",1,11.25
1030,2026-08-28,"2026-08-19","Bagels - Poppy Seed - BU - Bag",1,11.25
1030,2026-08-28,"2026-08-19","Cantaloupe - Each",1,6.5
1030,2026-08-28,"2026-08-19","Oat Porridge Bread - Wednesday - Loaf",1,9
1030,2026-08-28,"2026-08-19","Peaches - Bag",1,7
1030,2026-08-28,"2026-08-19","Pita Bread - Frozen (1.0 White) - White",1,3.55
1030,2026-08-28,"2026-08-19","Yogurt - Plain - Oz.",1,7.25
1030,2026-08-28,"2026-08-19","Extra Credit - Each",33.05,1.06
1030,2026-08-28,"2026-08-19","UCA/KWA",1,79.79
1448,2026-08-28,"2026-08-19","Eggs - BW - Dozen",1,6.5
1448,2026-08-28,"2026-08-19","Donation to Food Pantry - Each",3,1
1448,2026-08-28,"2026-08-19","Chicken - Thighs /lbs  - lbs",1,9.24
1448,2026-08-28,"2026-08-19","Peaches - Bag",1,7
1448,2026-08-28,"2026-08-19","Sweet Corn - 5-pack",1,4
1448,2026-08-28,"2026-08-19","Extra Credit - Each",3.49,1.06
1448,2026-08-28,"2026-08-19","Mini",1,53.2
145,2026-08-28,"2026-08-19","Eggs - BW - Dozen",1,6.5
145,2026-08-28,"2026-08-19","Mothership Pickup Time (1.0 @3:30-4) - @3:30-4",1,0
145,2026-08-28,"2026-08-19","Beans - Green - Bag",1,4.25
145,2026-08-28,"2026-08-19","Beets - Lb.",1,6.5
145,2026-08-28,"2026-08-19","Golden Zucchini - Each",2,1.5
145,2026-08-28,"2026-08-19","Okra  - Bag",1,6
145,2026-08-28,"2026-08-19","Mini",1,53.2
429,2026-08-28,"2026-08-19","Eggs - BW - Dozen",1,6.5
429,2026-08-28,"2026-08-19","UCity Pickup Time (2.0 @4:30-5) - @4:30-5",1,0
429,2026-08-28,"2026-08-19","Beef Kabob Meat - Lb.",1,12.75
429,2026-08-28,"2026-08-19","Mushrooms - Choice",1,8
429,2026-08-28,"2026-08-19","Olive Oil Small - ML",1,8.5
429,2026-08-28,"2026-08-19","Extra Credit - Each",6.5,1.06
429,2026-08-28,"2026-08-19","UCA/KWA",1,79.79
863,2026-08-28,"2026-08-19","Mothership Pickup Time (1.0 @3:30-4) - @3:30-4",1,0
863,2026-08-28,"2026-08-19","Buttermilk Waffles Sourdough - Frozen - Pack",1,5
863,2026-08-28,"2026-08-19","Eggs - Dozen",1,6.5
863,2026-08-28,"2026-08-19","Maple Syrup 12 oz. - Jar",1,13
863,2026-08-28,"2026-08-19","Pork - Breakfast Bulk - Pack",1,8.5
863,2026-08-28,"2026-08-19","FSA/FSD",1,79.79
190,2026-08-28,"2026-08-19","Mothership Pickup Time (3.0 @4:30-5) - @4:30-5",1,0
190,2026-08-28,"2026-08-19","Cantaloupe - Each",1,6.5
190,2026-08-28,"2026-08-19","Short Ribs/lbs. - lbs",1,29.93
190,2026-08-28,"2026-08-19","Watermelon - Sugar Baby - Each",1,6
190,2026-08-28,"2026-08-19","Yogurt - Plain - Oz.",1,7.25
190,2026-08-28,"2026-08-19","Extra Credit - Each",23.43,1.06
190,2026-08-28,"2026-08-19","Mini",1,53.2
911,2026-08-28,"2026-08-19","Cantaloupe - Each",1,6.5
911,2026-08-28,"2026-08-19","Cheese Choice $6.75 - Each",1,6.75
911,2026-08-28,"2026-08-19","Curds Jalapeno Habanero 10 oz - Bag",1,6.75
911,2026-08-28,"2026-08-19","Mustard - Choice",1,6.5
911,2026-08-28,"2026-08-19","Pork - Bratwurst  - Pack",1,8.5
911,2026-08-28,"2026-08-19","Sale Yogurt - Vanilla best by 8/16 - Oz.",1,6.75
911,2026-08-28,"2026-08-19","Extra Credit - Each",20,1.06
911,2026-08-28,"2026-08-19","Half",1,68.89
962,2026-08-28,"2026-08-19","Mothership Pickup Time (5.0 @5:30-6) - @5:30-6",1,0
962,2026-08-28,"2026-08-19","Aged Cheddar - HBC - Each",1,6.75
962,2026-08-28,"2026-08-19","Cantaloupe - Each",1,6.5
962,2026-08-28,"2026-08-19","Chevre PF (1.0 Herb) - Herb",1,8.5
962,2026-08-28,"2026-08-19","Seedy Wheaty - Frozen - Loaf",1,3.75
962,2026-08-28,"2026-08-19","Extra Credit - Each",3.75,1.06
962,2026-08-28,"2026-08-19","Half",1,84.79
125,2026-08-28,"2026-08-19","Beans - Green - Bag",2,4.25
125,2026-08-28,"2026-08-19","Blackberries - Frozen (1.0 Large) - Large",1,10.5
125,2026-08-28,"2026-08-19","Cabbage - Red - Share",1,5
125,2026-08-28,"2026-08-19","Cantaloupe - Each",1,6.5
125,2026-08-28,"2026-08-19","Eggplant - Globe - Each",1,3
125,2026-08-28,"2026-08-19","Peaches - Bag",1,7
125,2026-08-28,"2026-08-19","Peppers - Sweet Oxhorn - 2-pack",1,3
125,2026-08-28,"2026-08-19","Potatoes - New - Bag",2,5.75
125,2026-08-28,"2026-08-19","Sweet Corn - 5-pack",1,4
125,2026-08-28,"2026-08-19","Tomatoes - Slicing - Bag",1,6.5
125,2026-08-28,"2026-08-19","Extra Credit - Each",36.25,1.06
125,2026-08-28,"2026-08-19","UCA/KWA",1,79.79
256,2026-08-28,"2026-08-19","Mothership Pickup Time (3.0 @4:30-5) - @4:30-5",1,0
256,2026-08-28,"2026-08-19","Eggs - Dozen",1,6.5
256,2026-08-28,"2026-08-19","Ground Beef - D&M - Lb.",1,10.5
256,2026-08-28,"2026-08-19","Hamburger Buns - 4-pack",1,2.75
256,2026-08-28,"2026-08-19","Hummus Choice ($6.75) - Tub",1,6.75
256,2026-08-28,"2026-08-19","Extra Credit - Each",0.25,1.06
256,2026-08-28,"2026-08-19","Mini",1,53.2
235,2026-08-28,"2026-08-19","Ground Turkey - Pack",1,10.25
235,2026-08-28,"2026-08-19","Beans - Green - Bag",1,4.25
235,2026-08-28,"2026-08-19","Cantaloupe - Each",1,6.5
235,2026-08-28,"2026-08-19","Eggs - Dozen",1,6.5
235,2026-08-28,"2026-08-19","Marbled Rye -Wednesday - Loaf",1,8.75
235,2026-08-28,"2026-08-19","Milk Chocolate Bar - Pack",1,3
235,2026-08-28,"2026-08-19","Extra Credit - Each",13,1.06
235,2026-08-28,"2026-08-19","Mini",1,53.2
1512,2026-08-28,"2026-08-19","Eggs - BW - Dozen",1,6.5
1512,2026-08-28,"2026-08-19","UCity Pickup Time (3.0 @5-5:30) - @5-5:30",1,0
1512,2026-08-28,"2026-08-19","Bacon - Each",1,13.5
1512,2026-08-28,"2026-08-19","Curds Applewood Smoked 10 oz - Bag",1,6.75
1512,2026-08-28,"2026-08-19","Extra Credit - Each",5,1.06
1512,2026-08-28,"2026-08-19","Half",1,68.89
356,2026-08-28,"2026-08-19","UCity Pickup Time (3.0 @5-5:30) - @5-5:30",1,0
356,2026-08-28,"2026-08-19","Chicken Breasts /lb. - Pack",1,11.73
356,2026-08-28,"2026-08-19","Eggs - Dozen",1,6.5
356,2026-08-28,"2026-08-19","Ground Beef - D&M - Lb.",1,10.5
356,2026-08-28,"2026-08-19","Extra Credit - Each",2.48,1.06
356,2026-08-28,"2026-08-19","Mini",1,53.2
156,2026-08-28,"2026-08-19","Food for Ferals Donation - $",1,1
156,2026-08-28,"2026-08-19","XO - Cooler Donation - $",1,1
156,2026-08-28,"2026-08-19","Beans - Green - Bag",1,4.25
156,2026-08-28,"2026-08-19","Chevre PF (1.0 Herb) - Herb",1,8.5
156,2026-08-28,"2026-08-19","Marinara Sauce - Jar",1,8.75
156,2026-08-28,"2026-08-19","Peaches - Bag",1,7
156,2026-08-28,"2026-08-19","Extra Credit - Each",8.75,1.06
156,2026-08-28,"2026-08-19","Half",1,84.79
709,2026-08-28,"2026-08-19","Eggs - BW - Dozen",1,6.5
709,2026-08-28,"2026-08-19","Mothership Pickup Time (3.0 @4:30-5) - @4:30-5",1,0
709,2026-08-28,"2026-08-19","Coffee Stringbean Decaf - Bag",1,16
709,2026-08-28,"2026-08-19","Eggs - Dozen",1,6.5
709,2026-08-28,"2026-08-19","Ground Beef - D&M - Lb.",1,10.5
709,2026-08-28,"2026-08-19","Extra Credit - Each",6.5,1.06
709,2026-08-28,"2026-08-19","FSA/FSD",1,79.79
709,2026-08-28,"2026-08-19","Whole MILK",1,8.85
1355,2026-08-28,"2026-08-19","Cheese Choice $6.75 - Each",1,6.75
1355,2026-08-28,"2026-08-19","Mustard - Choice",1,6.5
1355,2026-08-28,"2026-08-19","Pork - Bratwurst  - Pack",1,8.5
1355,2026-08-28,"2026-08-19","Half",1,84.79
1355,2026-08-28,"2026-08-19","Eggs - Buttonwood",3,6.65
1355,2026-08-28,"2026-08-19","Whole MILK-o",1,8.85
1272,2026-08-28,"2026-08-19","Eggs - BW - Dozen",1,6.5
1272,2026-08-28,"2026-08-19","Peanut Butter EW - Pint",1,7.75
1272,2026-08-28,"2026-08-19","Mothership Pickup Time (3.0 @4:30-5) - @4:30-5",1,0
1272,2026-08-28,"2026-08-19","Cantaloupe - Each",1,6.5
1272,2026-08-28,"2026-08-19","Watermelon - Sugar Baby - Each",1,6
1272,2026-08-28,"2026-08-19","Extra Credit - Each",5,1.06
1272,2026-08-28,"2026-08-19","Half",1,84.79
763,2026-08-28,"2026-08-19","Eggs - Dozen",1,6.5
763,2026-08-28,"2026-08-19","Kairos Sourdough Choice $5 - Pack",1,5
763,2026-08-28,"2026-08-19","Maple Syrup 12 oz. - Jar",1,13
763,2026-08-28,"2026-08-19","Pork - Breakfast Bulk - Pack",1,8.5
763,2026-08-28,"2026-08-19","FSA/FSD",1,79.79
598,2026-08-28,"2026-08-19","Ground Beef - D&M - Lb.",1,10.5
598,2026-08-28,"2026-08-19","Hamburger Buns - 4-pack",1,2.75
598,2026-08-28,"2026-08-19","oo'ma'me - Chinese - Jar",1,12.5
598,2026-08-28,"2026-08-19","Mini",1,53.2
423,2026-08-28,"2026-08-19","Mothership Pickup Time (1.0 @3:30-4) - @3:30-4",1,0
423,2026-08-28,"2026-08-19","Cinnamon Rolls - Frozen - Pack",1,6.75
423,2026-08-28,"2026-08-19","Eggs - Dozen",1,6.5
423,2026-08-28,"2026-08-19","Maple Syrup 12 oz. - Jar",1,13
423,2026-08-28,"2026-08-19","Ravioli - 4-Cheese - Lb.",1,9.15
423,2026-08-28,"2026-08-19","Tomatoes - Heirloom - Bag",1,8
423,2026-08-28,"2026-08-19","Tomatoes - Slicing - Bag",1,6.5
423,2026-08-28,"2026-08-19","Extra Credit - Each",16.9,1.06
423,2026-08-28,"2026-08-19","FSA/FSD",1,79.79
1459,2026-08-28,"2026-08-19","Eggs - BW - Dozen",1,6.5
1459,2026-08-28,"2026-08-19","Mothership Pickup Time (3.0 @4:30-5) - @4:30-5",1,0
1459,2026-08-28,"2026-08-19","Aged Cheddar - HBC - Each",1,6.75
1459,2026-08-28,"2026-08-19","Date Chocolate Spread - Jar",1,12
1459,2026-08-28,"2026-08-19","Hummus - Carrot & Ginger - Tub",1,6.75
1459,2026-08-28,"2026-08-19","Popped Corn - Organic - Bag",1,3
1459,2026-08-28,"2026-08-19","Thick Cut Dill Pickles - Quart",1,7.75
1459,2026-08-28,"2026-08-19","Extra Credit - Each",21,1.06
1459,2026-08-28,"2026-08-19","Half",1,84.79
1577,2026-08-28,"2026-08-19","Mothership Pickup Time (5.0 @5:30-6) - @5:30-6",1,0
1577,2026-08-28,"2026-08-19","Cantaloupe - Each",1,6.5
1577,2026-08-28,"2026-08-19","Eggs - Dozen",1,6.5
1577,2026-08-28,"2026-08-19","Garlic - Head - Head",1,1
1577,2026-08-28,"2026-08-19","Ground Beef - D&M - Lb.",1,10.5
1577,2026-08-28,"2026-08-19","Hamburger Buns - 4-pack",1,2.75
1577,2026-08-28,"2026-08-19","Onions - Red  - lbs",1,4
1577,2026-08-28,"2026-08-19","Peaches - Bag",1,7
1577,2026-08-28,"2026-08-19","Peppers - Green/Red Bell - 3-pack",1,2.75
1577,2026-08-28,"2026-08-19","Tomatoes - Slicing - Bag",1,6.5
1577,2026-08-28,"2026-08-19","Extra Credit - Each",16.25,1.06
1577,2026-08-28,"2026-08-19","Mini",1,53.2
1577,2026-08-28,"2026-08-19","Whole MILK",1,8.85
1627,2026-08-28,"2026-08-19","Mothership Pickup Time (5.0 @5:30-6) - @5:30-6",1,0
1627,2026-08-28,"2026-08-19","Chicken Thighs - Boneless/lb. - lbs",1,8.75
1627,2026-08-28,"2026-08-19","Eggplant - Globe - Each",1,3
1627,2026-08-28,"2026-08-19","Eggs - Dozen",1,6.5
1627,2026-08-28,"2026-08-19","Hoagie - Wednesday - Each",1,3.5
1627,2026-08-28,"2026-08-19","Onions - Red  - lbs",1,4
1627,2026-08-28,"2026-08-19","Pork - Breakfast Bulk - Pack",1,8.5
1627,2026-08-28,"2026-08-19","Extra Credit - Each",1.25,1.06
1627,2026-08-28,"2026-08-19","FSA/FSD",1,79.79
1537,2026-08-28,"2026-08-19","Milk - Whole - Oz.",1,8.32
1537,2026-08-28,"2026-08-19","Half & Half - Pint",1,4.75
1537,2026-08-28,"2026-08-19","Cantaloupe - Each",1,6.5
1537,2026-08-28,"2026-08-19","Golden Zucchini - Each",1,1.5
1537,2026-08-28,"2026-08-19","Peaches - Bag",1,7
1537,2026-08-28,"2026-08-19","Peppers - Red Bell XL - 1-each",1,2.5
1537,2026-08-28,"2026-08-19","Potatoes - New - Bag",1,5.75
1537,2026-08-28,"2026-08-19","Squash - Summer - Each",1,3
1537,2026-08-28,"2026-08-19","Watermelon - Sugar Baby - Each",2,6
1537,2026-08-28,"2026-08-19","Extra Credit - Each",51.32,1.06
322,2026-08-28,"2026-08-19","Beef Kabob Meat - Lb.",1,12.75
322,2026-08-28,"2026-08-19","Eggs - H - Dozen",1,6.5
322,2026-08-28,"2026-08-19","Garlic - Head - Head",2,1
322,2026-08-28,"2026-08-19","Mushrooms - Choice",1,8
322,2026-08-28,"2026-08-19","UCA/KWA",1,79.79
409,2026-08-28,"2026-08-19","Beef Kabob Meat - Lb.",1,12.75
409,2026-08-28,"2026-08-19","Mushrooms - Choice",1,8
409,2026-08-28,"2026-08-19","Olive Oil Small - ML",1,8.5
409,2026-08-28,"2026-08-19","UCA/KWA",1,79.79
681,2026-08-28,"2026-08-19","Beef Kabob Meat - Lb.",1,12.75
681,2026-08-28,"2026-08-19","Mushrooms - Choice",1,8
681,2026-08-28,"2026-08-19","Olive Oil Small - ML",1,8.5
681,2026-08-28,"2026-08-19","UCA/KWA",1,79.79
430,2026-08-28,"2026-08-19","UCity Pickup Time (2.0 @4:30-5) - @4:30-5",1,0
430,2026-08-28,"2026-08-19","Bagels - Sesame Seed - BU - Bag",1,11.25
430,2026-08-28,"2026-08-19","Chevre PF (1.0 Plain) - Plain",1,8.5
430,2026-08-28,"2026-08-19","Curds Garlic Herb HBC 10 oz  - Bag",1,6.75
430,2026-08-28,"2026-08-19","FF Dish - Saag Paneer - Pint",1,13.5
430,2026-08-28,"2026-08-19","Lamb Gyro Seasoned - Lb.",1,18
430,2026-08-28,"2026-08-19","Pasta Long Bi-color - Lb.",1,6.5
430,2026-08-28,"2026-08-19","Extra Credit - Each",42.75,1.06
430,2026-08-28,"2026-08-19","Half",1,84.79
1048,2026-08-28,"2026-08-19","UCity Pickup Time - @4:10-4:30",1,0
1048,2026-08-28,"2026-08-19","Chicken - Thighs /lbs  - lbs",2,8.22
1048,2026-08-28,"2026-08-19","Golden Zucchini - Each",1,1.5
1048,2026-08-28,"2026-08-19","Okra  - Bag",1,6
1048,2026-08-28,"2026-08-19","Onions - Red  - lbs",1,4
1048,2026-08-28,"2026-08-19","Tomatoes - Slicing - Bag",1,6.5
1048,2026-08-28,"2026-08-19","Extra Credit - Each",5.19,1.06
1048,2026-08-28,"2026-08-19","UCA/KWA",1,79.79
1255,2026-08-28,"2026-08-19","Eggs - BW - Dozen",1,6.5
1255,2026-08-28,"2026-08-19","Mothership Pickup Time (4.0 @5-5:30) - @5-5:30",1,0
1255,2026-08-28,"2026-08-19","Cabbage - Red - Share",1,5
1255,2026-08-28,"2026-08-19","Cucumbers - Slicing - Each",1,2
1255,2026-08-28,"2026-08-19","Ground Beef - D&M - Lb.",1,10.5
1255,2026-08-28,"2026-08-19","Hummus - Carrot & Ginger - Tub",1,6.75
1255,2026-08-28,"2026-08-19","Extra Credit - Each",4.5,1.06
1255,2026-08-28,"2026-08-19","Mini",1,53.2
1255,2026-08-28,"2026-08-19","2% MILK",1,8.85
1255,2026-08-28,"2026-08-19","Half & Half",1,5.05
1162,2026-08-28,"2026-08-19","Mothership Pickup Time (1.0 @3:30-4) - @3:30-4",1,0
1162,2026-08-28,"2026-08-19","Beans - Green - Bag",1,4.25
1162,2026-08-28,"2026-08-19","Hummus - Garlic - Tub",1,6.75
1162,2026-08-28,"2026-08-19","Peppers - Banana - 4-pack",1,4.25
1162,2026-08-28,"2026-08-19","Peppers - Shishitos - Bag",1,7
1162,2026-08-28,"2026-08-19","Sweet Corn - 5-pack",1,4
1162,2026-08-28,"2026-08-19","Mini",1,53.2
465,2026-08-28,"2026-08-19","Beans - Green - Bag",1,4.25
465,2026-08-28,"2026-08-19","Ground Beef - D&M - Lb.",1,10.5
465,2026-08-28,"2026-08-19","Hamburger Buns - 4-pack",1,2.75
465,2026-08-28,"2026-08-19","Potatoes - New - Bag",1,5.75
465,2026-08-28,"2026-08-19","Watermelon - Sugar Baby - Each",1,6
465,2026-08-28,"2026-08-19","Extra Credit - Each",3,1.06
465,2026-08-28,"2026-08-19","Mini",1,53.2
162,2026-08-28,"2026-08-19","Beef Bones - Knuckle/lb. - lbs",2,17.28
162,2026-08-28,"2026-08-19","UCity Pickup Time (3.0 @5-5:30) - @5-5:30",1,0
162,2026-08-28,"2026-08-19","Golden Zucchini - Each",1,1.5
162,2026-08-28,"2026-08-19","Ground Beef - D&M - Lb.",1,10.5
162,2026-08-28,"2026-08-19","Janie's Bread - Wednesday - Each",1,7
162,2026-08-28,"2026-08-19","Pork - Bratwurst  - Pack",1,8.5
162,2026-08-28,"2026-08-19","Squash - Zucchini - Each",1,3
162,2026-08-28,"2026-08-19","Tomatoes - Heirloom - Bag",1,8
162,2026-08-28,"2026-08-19","Extra Credit - Each",51.31,1.06
162,2026-08-28,"2026-08-19","Half",1,84.79
1735,2026-08-28,"2026-08-19","UCity Pickup Time (2.0 @4:30-5) - @4:30-5",1,0
1735,2026-08-28,"2026-08-19","Bagels - Plain - BU - Bag",1,11.25
1735,2026-08-28,"2026-08-19","Mushrooms - Choice",1,8
1735,2026-08-28,"2026-08-19","Olive Oil Small - ML",1,8.5
1735,2026-08-28,"2026-08-19","Tomatoes - Heirloom - Bag",1,8
1735,2026-08-28,"2026-08-19","Extra Credit - Each",6.5,1.06
1735,2026-08-28,"2026-08-19","UCA/KWA",1,79.79
627,2026-08-28,"2026-08-19","UCity Pickup Time - @4:10-4:30",1,0
627,2026-08-28,"2026-08-19","Eggs - Dozen",1,6.5
627,2026-08-28,"2026-08-19","Ground Beef - D&M - Lb.",1,10.5
627,2026-08-28,"2026-08-19","Hamburger Buns - 4-pack",1,2.75
627,2026-08-28,"2026-08-19","Hummus - Beet & Pepita - Tub",1,6.75
627,2026-08-28,"2026-08-19","Extra Credit - Each",0.25,1.06
627,2026-08-28,"2026-08-19","Mini",1,53.2
1014,2026-08-28,"2026-08-19","UCity Pickup Time - @4:10-4:30",1,0
1014,2026-08-28,"2026-08-19","Aged Cheddar - HBC - Each",2,6.75
1014,2026-08-28,"2026-08-19","Garlic - Head - Head",3,1
1014,2026-08-28,"2026-08-19","Leeks - Bunch",1,6
1014,2026-08-28,"2026-08-19","Peaches - Bag",1,7
1014,2026-08-28,"2026-08-19","Peppers - Lunchbox - Bag",1,7
1014,2026-08-28,"2026-08-19","Squash - Zucchini - Each",1,3
1014,2026-08-28,"2026-08-19","Sweet Corn - 5-pack",1,4
1014,2026-08-28,"2026-08-19","Extra Credit - Each",17.25,1.06
1014,2026-08-28,"2026-08-19","Mini",1,53.2
1014,2026-08-28,"2026-08-19","Eggs - Buttonwood",1,6.65
1427,2026-08-28,"2026-08-19","Ground Turkey - Pack",1,10.25
1427,2026-08-28,"2026-08-19","Cucumbers - Pickling - Bag",2,3.5
1427,2026-08-28,"2026-08-19","Eggs - BW - Dozen",2,6.5
1427,2026-08-28,"2026-08-19","Mothership Pickup Time (1.0 @3:30-4) - @3:30-4",1,0
1427,2026-08-28,"2026-08-19","Beans - Green - Bag",1,4.25
1427,2026-08-28,"2026-08-19","Cantaloupe - Each",1,6.5
1427,2026-08-28,"2026-08-19","Chicken - Ground - Lb.",1,10.25
1427,2026-08-28,"2026-08-19","Curds Garlic Herb HBC 10 oz  - Bag",1,6.75
1427,2026-08-28,"2026-08-19","Peaches - Bag",1,7
1427,2026-08-28,"2026-08-19","Peppers - Jalapenos - 5-pack",1,3.5
1427,2026-08-28,"2026-08-19","Tomatoes - Slicing - Bag",1,6.5
1427,2026-08-28,"2026-08-19","Extra Credit - Each",48.75,1.06
554,2026-08-28,"2026-08-19","Eggs - Dozen",1,6.5
554,2026-08-28,"2026-08-19","Ground Beef - D&M - Lb.",1,10.5
554,2026-08-28,"2026-08-19","Hamburger Buns - 4-pack",1,2.75
554,2026-08-28,"2026-08-19","Hummus Choice ($6.75) - Tub",1,6.75
554,2026-08-28,"2026-08-19","Mini",1,53.2
240,2026-08-28,"2026-08-19","Mothership Pickup Time (1.0 @3:30-4) - @3:30-4",1,0
240,2026-08-28,"2026-08-19","Ground Beef - D&M - Lb.",1,10.5
240,2026-08-28,"2026-08-19","Hamburger Buns - Frozen - 4-pack",1,2.75
240,2026-08-28,"2026-08-19","Onions - Yellow - lbs",1,3.5
240,2026-08-28,"2026-08-19","Peaches - Bag",2,7
240,2026-08-28,"2026-08-19","Tomatoes - Slicing - Bag",1,6.5
240,2026-08-28,"2026-08-19","Extra Credit - Each",4.25,1.06
240,2026-08-28,"2026-08-19","FSA/FSD",1,79.79
751,2026-08-28,"2026-08-19","Jam - Red Cherry HBY - Pint",1,7.75
751,2026-08-28,"2026-08-19","Mothership Pickup Time (4.0 @5-5:30) - @5-5:30",1,0
751,2026-08-28,"2026-08-19","Cucumbers - Slicing - Each",1,2
751,2026-08-28,"2026-08-19","Eggs - Dozen",1,6.5
751,2026-08-28,"2026-08-19","Golden Zucchini - Each",1,1.5
751,2026-08-28,"2026-08-19","Peppers - Lunchbox - Bag",1,7
751,2026-08-28,"2026-08-19","Peppers - Red Bell XL - 1-each",1,2.5
751,2026-08-28,"2026-08-19","Tomatoes - Funky Bunch - Pint",1,7
751,2026-08-28,"2026-08-19","Extra Credit - Each",1.25,1.06
751,2026-08-28,"2026-08-19","FSA/FSD",1,79.79
952,2026-08-28,"2026-08-19","Eggs - Dozen",1,6.5
952,2026-08-28,"2026-08-19","Kairos Sourdough Choice $5 - Pack",1,5
952,2026-08-28,"2026-08-19","Maple Syrup 12 oz. - Jar",1,13
952,2026-08-28,"2026-08-19","Pork - Breakfast Bulk - Pack",1,8.5
952,2026-08-28,"2026-08-19","FSA/FSD",1,79.79
107,2026-08-28,"2026-08-19","UCity Pickup Time - @4:10-4:30",1,0
107,2026-08-28,"2026-08-19","Eggs - Dozen",1,6.5
107,2026-08-28,"2026-08-19","Ground Beef - D&M - Lb.",1,10.5
107,2026-08-28,"2026-08-19","Hamburger Buns - 4-pack",1,2.75
107,2026-08-28,"2026-08-19","Hummus Choice ($6.75) - Tub",1,6.75
107,2026-08-28,"2026-08-19","Extra Credit - Each",0.25,1.06
107,2026-08-28,"2026-08-19","Mini",1,53.2
1143,2026-08-28,"2026-08-19","UCity Pickup Time (3.0 @5-5:30) - @5-5:30",1,0
1143,2026-08-28,"2026-08-19","Black Bean Dip - Tub",1,6.5
1143,2026-08-28,"2026-08-19","Mushrooms - Choice",1,8
1143,2026-08-28,"2026-08-19","Tomatoes - Funky Bunch - Pint",1,7
1143,2026-08-28,"2026-08-19","Tomatoes - Heirloom - Bag",1,8
1143,2026-08-28,"2026-08-19","Extra Credit - Each",0.25,1.06
1143,2026-08-28,"2026-08-19","UCA/KWA",1,79.79
227,2026-08-28,"2026-08-19","UCity Pickup Time (2.0 @4:30-5) - @4:30-5",1,0
227,2026-08-28,"2026-08-19","Bagels - Egg - BU - Bag",1,11.25
227,2026-08-28,"2026-08-19","Buttermilk Waffles Sourdough - Frozen - Pack",1,5
227,2026-08-28,"2026-08-19","German Quark HBC - Jar",1,6.75
227,2026-08-28,"2026-08-19","Pasta Long Bi-color - Lb.",1,6.5
227,2026-08-28,"2026-08-19","Peaches - Bag",1,7
227,2026-08-28,"2026-08-19","Extra Credit - Each",7.25,1.06
227,2026-08-28,"2026-08-19","UCA/KWA",1,79.79
1689,2026-08-28,"2026-08-19","UCity Pickup Time (2.0 @4:30-5) - @4:30-5",1,0
1689,2026-08-28,"2026-08-19","Beans - Green - Bag",1,4.25
1689,2026-08-28,"2026-08-19","Golden Zucchini - Each",1,1.5
1689,2026-08-28,"2026-08-19","Granola Bar - Each",1,3.8
1689,2026-08-28,"2026-08-19","Ground Beef - D&M - Lb.",1,10.5
1689,2026-08-28,"2026-08-19","Hamburger Buns - 4-pack",1,2.75
1689,2026-08-28,"2026-08-19","Onions - Red  - lbs",1,4
1689,2026-08-28,"2026-08-19","Peppers - Carmen - 2-pack",1,3
1689,2026-08-28,"2026-08-19","Potatoes - New - Bag",1,5.75
1689,2026-08-28,"2026-08-19","Semolina - Wednesday - Loaf",1,7
1689,2026-08-28,"2026-08-19","Extra Credit - Each",16.3,1.06
1689,2026-08-28,"2026-08-19","Mini",1,53.2
418,2026-08-28,"2026-08-19","UCity Pickup Time (2.0 @4:30-5) - @4:30-5",1,0
418,2026-08-28,"2026-08-19","Applewood Smoked Cheddar - Each",1,6.75
418,2026-08-28,"2026-08-19","Bagels - Plain - BU - Bag",1,11.25
418,2026-08-28,"2026-08-19","Bagels - Sesame Seed - BU - Bag",1,11.25
418,2026-08-28,"2026-08-19","Chicken Thighs - Boneless/lb. - lbs",1,10.5
418,2026-08-28,"2026-08-19","Pretzel - UL Wednesday - Each",1,3.75
418,2026-08-28,"2026-08-19","Extra Credit - Each",17.25,1.06
418,2026-08-28,"2026-08-19","Mini",1,53.2
1407,2026-08-28,"2026-08-19","Ground Turkey - Pack",1,10.25
1407,2026-08-28,"2026-08-19","Milk - 2%  - Oz.",2,8.32
1407,2026-08-28,"2026-08-19","Cucumbers - Pickling - Bag",2,3.5
1407,2026-08-28,"2026-08-19","Eggs - BW - Dozen",2,6.5
1407,2026-08-28,"2026-08-19","Food For FS Cats Donation - $",1,1
1407,2026-08-28,"2026-08-19","Aged Cheddar - HBC - Each",1,6.75
1407,2026-08-28,"2026-08-19","Cabbage - Red - Share",1,5
1407,2026-08-28,"2026-08-19","Cantaloupe - Each",1,6.5
1407,2026-08-28,"2026-08-19","Chicken Breasts /lb. - Pack",1,12.58
1407,2026-08-28,"2026-08-19","Chicken Thighs - Boneless/lb. - lbs",1,9.8
1407,2026-08-28,"2026-08-19","Eggplant - Globe - Each",1,3
1407,2026-08-28,"2026-08-19","Peppers - Lunchbox - Bag",1,7
1407,2026-08-28,"2026-08-19","Sweet Corn - 5-pack",1,4
1407,2026-08-28,"2026-08-19","Extra Credit - Each",102.52,1.06
959,2026-08-28,"2026-08-19","Chicken - BULK Breasts /lb. - Pack",1,8.25
959,2026-08-28,"2026-08-19","Mothership Pickup Time (2.0 @4-4:30) - @4-4:30",1,0
959,2026-08-28,"2026-08-19","Eggs - Dozen",1,6.5
959,2026-08-28,"2026-08-19","Kairos Sourdough Choice $5 - Pack",1,5
959,2026-08-28,"2026-08-19","Peaches - Bag",1,7
959,2026-08-28,"2026-08-19","Tomatoes - Slicing - Bag",1,6.5
959,2026-08-28,"2026-08-19","Extra Credit - Each",0.25,1.06
959,2026-08-28,"2026-08-19","FSA/FSD",1,79.79
883,2026-08-28,"2026-08-19","Mothership Pickup Time (6.0 @6-6:30) - @6-6:30",1,0
883,2026-08-28,"2026-08-19","Chicken Breasts /lb. - Pack",1,12.24
883,2026-08-28,"2026-08-19","Ground Beef - D&M - Lb.",1,10.5
883,2026-08-28,"2026-08-19","Peppers - Jalapenos - 5-pack",1,3.5
883,2026-08-28,"2026-08-19","Potatoes - Fingerling - lbs",1,7
883,2026-08-28,"2026-08-19","Extra Credit - Each",6.99,1.06
883,2026-08-28,"2026-08-19","Mini",1,53.2
976,2026-08-28,"2026-08-19","Light and Mild - Wednesday - Loaf",1,8.25
976,2026-08-28,"2026-08-19","Onions - Red  - lbs",1,4
976,2026-08-28,"2026-08-19","Peppers - Colored Bell - 3-pack",1,4
976,2026-08-28,"2026-08-19","Tomatillos  - Bag",1,4.75
976,2026-08-28,"2026-08-19","Half",1,84.79
866,2026-08-28,"2026-08-19","Eggs - BW - Dozen",1,6.5
866,2026-08-28,"2026-08-19","UCity Pickup Time - @4:10-4:30",1,0
866,2026-08-28,"2026-08-19","Beans - Green - Bag",1,4.25
866,2026-08-28,"2026-08-19","Light and Mild - Wednesday - Loaf",1,8.25
866,2026-08-28,"2026-08-19","Okra  - Bag",1,6
866,2026-08-28,"2026-08-19","Extra Credit - Each",3.25,1.06
866,2026-08-28,"2026-08-19","Half",1,84.79
1871,2026-08-28,"2026-08-20","Mothership Pickup Time (3.0 @4:30-5) - @4:30-5",1,0
1871,2026-08-28,"2026-08-20","Curds Taco Spice 10 oz - Bag",1,6.75
1871,2026-08-28,"2026-08-20","Ground Beef - D&M - Lb.",1,10.5
1871,2026-08-28,"2026-08-20","Mustard (1.0 Honey) - Honey",1,6.5
1871,2026-08-28,"2026-08-20","Extra Credit - Each",2,1.06
1871,2026-08-28,"2026-08-20","Half",1,84.79
1217,2026-08-28,"2026-08-20","Cucumbers - Pickling - Bag",2,3.5
1217,2026-08-28,"2026-08-20","Kirkwood Pickup Time (2.0 @1:30-2) - @1:30-2",1,0
1217,2026-08-28,"2026-08-20","Beets - Lb.",1,6.5
1217,2026-08-28,"2026-08-20","Eggs - Dozen",1,6.5
1217,2026-08-28,"2026-08-20","Eggs - H - Dozen",1,6.5
1217,2026-08-28,"2026-08-20","Ground Beef - D&M - Lb.",1,10.5
1217,2026-08-28,"2026-08-20","Hamburger Buns - 4-pack",1,2.75
1217,2026-08-28,"2026-08-20","Hummus - Carrot & Ginger - Tub",1,6.75
1217,2026-08-28,"2026-08-20","Leeks - Bunch",1,6
1217,2026-08-28,"2026-08-20","Vinaigrette - Greek Style - Bottle",1,6.25
1217,2026-08-28,"2026-08-20","Extra Credit - Each",32.5,1.06
1217,2026-08-28,"2026-08-20","Mini",1,53.2
1891,2026-08-28,"2026-08-20","Kirkwood Pickup Time (2.0 @1:30-2) - @1:30-2",1,0
1891,2026-08-28,"2026-08-20","Mushrooms - Choice",1,8
1891,2026-08-28,"2026-08-20","Oat Porridge Bread - T - Each",1,9
1891,2026-08-28,"2026-08-20","Okra  - Bag",1,6
1891,2026-08-28,"2026-08-20","Peaches - Bag",1,7
1891,2026-08-28,"2026-08-20","Extra Credit - Each",0.75,1.06
1891,2026-08-28,"2026-08-20","UCA/KWA",1,79.79
1196,2026-08-28,"2026-08-20","Kirkwood Pickup Time - @1-1:30",1,0
1196,2026-08-28,"2026-08-20","Cantaloupe - Each",1,6.5
1196,2026-08-28,"2026-08-20","Eggs - Dozen",1,6.5
1196,2026-08-28,"2026-08-20","Granola Bar - Each",1,3.8
1196,2026-08-28,"2026-08-20","Peaches - Bag",1,7
1196,2026-08-28,"2026-08-20","Popped Corn - Organic - Bag",1,3
1196,2026-08-28,"2026-08-20","Mini",1,53.2
192,2026-08-28,"2026-08-20","Kirkwood Pickup Time - @1-1:30",1,0
192,2026-08-28,"2026-08-20","Chicken Links - Sundried Tomato - lbs",1,10.5
192,2026-08-28,"2026-08-20","Eggs - Dozen",1,6.5
192,2026-08-28,"2026-08-20","Hoagie - T - Each",1,3.5
192,2026-08-28,"2026-08-20","Pork - Brats Cheddar DM - 4-pack",1,8.5
192,2026-08-28,"2026-08-20","Mini",1,53.2
192,2026-08-28,"2026-08-20","2% MILK",1,8.85
1977,2026-08-28,"2026-08-20","Mothership Pickup Time (1.0 @3:30-4) - @3:30-4",1,0
1977,2026-08-28,"2026-08-20","Ground Beef - D&M - Lb.",2,10.5
1977,2026-08-28,"2026-08-20","Sweet Corn - 5-pack",1,4
1977,2026-08-28,"2026-08-20","Extra Credit - Each",3.25,1.06
1977,2026-08-28,"2026-08-20","Half",1,84.79
618,2026-08-28,"2026-08-20","Eggs - BW - Dozen",1,6.5
618,2026-08-28,"2026-08-20","Mothership Pickup Time (4.0 @5-5:30) - @5-5:30",1,0
618,2026-08-28,"2026-08-20","Bagels - Sesame Seed - BU - Bag",2,11.25
618,2026-08-28,"2026-08-20","Beans - Green - Bag",1,4.25
618,2026-08-28,"2026-08-20","Hummus - Beet & Pepita - Tub",1,6.75
618,2026-08-28,"2026-08-20","Peaches - Bag",1,7
618,2026-08-28,"2026-08-20","Seedy Wheaty - Frozen - Loaf",1,3.75
618,2026-08-28,"2026-08-20","Sweet Corn - 5-pack",1,4
618,2026-08-28,"2026-08-20","Yogurt - Vanilla - Oz.",1,7.25
618,2026-08-28,"2026-08-20","Extra Credit - Each",35.75,1.06
618,2026-08-28,"2026-08-20","Mini",1,53.2
228,2026-08-28,"2026-08-20","Mothership Pickup Time (1.0 @3:30-4) - @3:30-4",1,0
228,2026-08-28,"2026-08-20","Blackberries - Frozen (1.0 Large) - Large",1,10.5
228,2026-08-28,"2026-08-20","Eggs - Dozen",1,6.5
228,2026-08-28,"2026-08-20","Ground Beef - D&M - Lb.",1,10.5
228,2026-08-28,"2026-08-20","Hamburger Buns - 4-pack",1,2.75
228,2026-08-28,"2026-08-20","Hummus - Carrot & Ginger - Tub",1,6.75
228,2026-08-28,"2026-08-20","Extra Credit - Each",10.75,1.06
228,2026-08-28,"2026-08-20","Mini",1,53.2
1075,2026-08-28,"2026-08-20","Ground Turkey - Pack",1,10.25
1075,2026-08-28,"2026-08-20","Kirkwood Pickup Time - @1-1:30",1,0
1075,2026-08-28,"2026-08-20","Fresh Herb - Basil - Bunch",2,4
1075,2026-08-28,"2026-08-20","Pork - Bratwurst  - Pack",1,8.5
1075,2026-08-28,"2026-08-20","Pork Italian Bulk - D&M - Lb.",1,8.5
1075,2026-08-28,"2026-08-20","Extra Credit - Each",8.5,1.06
1075,2026-08-28,"2026-08-20","Half",1,84.79
1075,2026-08-28,"2026-08-20","2% MILK-o",1,8.85
1489,2026-08-28,"2026-08-20","Eggs - BW - Dozen",1,6.5
1489,2026-08-28,"2026-08-20","Eggplant - Globe - Each",2,3
1489,2026-08-28,"2026-08-20","Hoagie - T - Each",1,3.5
1489,2026-08-28,"2026-08-20","Pork - Ground  - Lb.",1,7.5
1489,2026-08-28,"2026-08-20","Extra Credit - Each",1.75,1.06
1489,2026-08-28,"2026-08-20","Half",1,84.79
1386,2026-08-28,"2026-08-20","Kirkwood Pickup Time - @1-1:30",1,0
1386,2026-08-28,"2026-08-20","Beans - Green - Bag",1,4.25
1386,2026-08-28,"2026-08-20","Onions - Red  - lbs",1,4
1386,2026-08-28,"2026-08-20","Semolina - T - Loaf",1,7
1386,2026-08-28,"2026-08-20","Tomatoes - Heirloom - Bag",1,8
1386,2026-08-28,"2026-08-20","Tomatoes - Slicing - Bag",1,6.5
1386,2026-08-28,"2026-08-20","Extra Credit - Each",0.5,1.06
1386,2026-08-28,"2026-08-20","UCA/KWA",1,79.79
1488,2026-08-28,"2026-08-20","Kirkwood Pickup Time - @1-1:30",1,0
1488,2026-08-28,"2026-08-20","Ham Hocks/lb. - Pack",1,19.04
1488,2026-08-28,"2026-08-20","Milk Chocolate Toasted Missouri Pecan Bark - Package",1,7.5
1488,2026-08-28,"2026-08-20","Rice - White - Lb.",1,6.5
1488,2026-08-28,"2026-08-20","Yogurt - Plain - Oz.",1,7.25
1488,2026-08-28,"2026-08-20","Extra Credit - Each",11.04,1.06
1488,2026-08-28,"2026-08-20","UCA/KWA",1,79.79
1488,2026-08-28,"2026-08-20","2% MILK",1,8.85
566,2026-08-28,"2026-08-20","Cheese Choice $6.75 - Each",1,6.75
566,2026-08-28,"2026-08-20","Mustard - Choice",1,6.5
566,2026-08-28,"2026-08-20","Pork - Bratwurst  - Pack",1,8.5
566,2026-08-28,"2026-08-20","Half",1,84.79
287,2026-08-28,"2026-08-20","Mothership Pickup Time (4.0 @5-5:30) - @5-5:30",1,0
287,2026-08-28,"2026-08-20","Eggs - Dozen",1,6.5
287,2026-08-28,"2026-08-20","Kairos Sourdough Choice $5 - Pack",1,5
287,2026-08-28,"2026-08-20","Maple Syrup 12 oz. - Jar",1,13
287,2026-08-28,"2026-08-20","Pork - Breakfast Bulk - Pack",1,8.5
287,2026-08-28,"2026-08-20","FSA/FSD",1,79.79
685,2026-08-28,"2026-08-20","Kirkwood Pickup Time - @1-1:30",1,0
685,2026-08-28,"2026-08-20","Cabbage - Red - Share",1,5
685,2026-08-28,"2026-08-20","Cantaloupe - Each",1,6.5
685,2026-08-28,"2026-08-20","Golden Zucchini - Each",1,1.5
685,2026-08-28,"2026-08-20","Janie's Bread - Thursday - Each",1,7
685,2026-08-28,"2026-08-20","Mushrooms - Choice",1,8
685,2026-08-28,"2026-08-20","UCA/KWA",1,79.79
1671,2026-08-28,"2026-08-20","Mothership Pickup Time (5.0 @5:30-6) - @5:30-6",1,0
1671,2026-08-28,"2026-08-20","Ground Beef - D&M - Lb.",1,10.5
1671,2026-08-28,"2026-08-20","Hummus - Garlic - Tub",1,6.75
1671,2026-08-28,"2026-08-20","Peppers - Jalapenos - 5-pack",1,3.5
1671,2026-08-28,"2026-08-20","Semolina - T - Loaf",1,7
1671,2026-08-28,"2026-08-20","Extra Credit - Each",1.5,1.06
1671,2026-08-28,"2026-08-20","Mini",1,53.2
501,2026-08-28,"2026-08-20","Cinnamon Raisin Bread - 1-each",1,6.75
501,2026-08-28,"2026-08-20","Eggs - Dozen",1,6.5
501,2026-08-28,"2026-08-20","Ground Beef - D&M - Lb.",1,10.5
501,2026-08-28,"2026-08-20","Hamburger Buns - 4-pack",1,2.75
501,2026-08-28,"2026-08-20","Hummus Choice ($6.75) - Tub",1,6.75
501,2026-08-28,"2026-08-20","Peaches - Bag",1,7
501,2026-08-28,"2026-08-20","Extra Credit - Each",14,1.06
501,2026-08-28,"2026-08-20","Mini",1,53.2
467,2026-08-28,"2026-08-20","Almonds - Salted - Oz.",1,14.75
467,2026-08-28,"2026-08-20","Eggs - BW - Dozen",1,6.5
467,2026-08-28,"2026-08-20","Beans - Green - Bag",2,4.25
467,2026-08-28,"2026-08-20","Sweet Corn - 5-pack",1,4
467,2026-08-28,"2026-08-20","Extra Credit - Each",7.5,1.06
467,2026-08-28,"2026-08-20","Mini",1,53.2
32,2026-08-28,"2026-08-20","Cucumbers - Pickling - Bag",1,3.5
32,2026-08-28,"2026-08-20","Half & Half - Pint",1,4.75
32,2026-08-28,"2026-08-20","Carrots - Lb.",1,6
32,2026-08-28,"2026-08-20","Eggs - Dozen",1,6.5
32,2026-08-28,"2026-08-20","Ground Beef - D&M - Lb.",1,10.5
32,2026-08-28,"2026-08-20","Hamburger Buns - 4-pack",1,2.75
32,2026-08-28,"2026-08-20","Hummus Choice ($6.75) - Tub",1,6.75
32,2026-08-28,"2026-08-20","Milk Chocolate Bar - Pack",1,3
32,2026-08-28,"2026-08-20","Extra Credit - Each",17.5,1.06
32,2026-08-28,"2026-08-20","Mini",1,53.2
31,2026-08-28,"2026-08-20","Eggs - BW - Dozen",2,6.5
31,2026-08-28,"2026-08-20","Mothership Pickup Time (2.0 @4-4:30) - @4-4:30",1,0
31,2026-08-28,"2026-08-20","XO! Green Bags Donation - $",1,1
31,2026-08-28,"2026-08-20","Aged Cheddar - HBC - Each",1,6.75
31,2026-08-28,"2026-08-20","Cantaloupe - Each",1,6.5
31,2026-08-28,"2026-08-20","Half",1,64.79
31,2026-08-28,"2026-08-20","2% MILK",0,8.85
1102,2026-08-28,"2026-08-20","Eggs - BW - Dozen",1,6.5
1102,2026-08-28,"2026-08-20","Mothership Pickup Time (5.0 @5:30-6) - @5:30-6",1,0
1102,2026-08-28,"2026-08-20","Aged Cheddar - HBC - Each",1,6.75
1102,2026-08-28,"2026-08-20","Cantaloupe - Each",1,6.5
1102,2026-08-28,"2026-08-20","Eggs - H - Dozen",1,6.5
1102,2026-08-28,"2026-08-20","Hoagie - T - Each",1,3.5
1102,2026-08-28,"2026-08-20","Peaches - Bag",1,7
1102,2026-08-28,"2026-08-20","Peppers - Colored Bell - 3-pack",1,4
1102,2026-08-28,"2026-08-20","Sesame Hoagie - T - Each",1,3.8
1102,2026-08-28,"2026-08-20","Watermelon - Sugar Baby - Each",1,6
1102,2026-08-28,"2026-08-20","Yogurt - Strawberry - Oz.",1,7.25
1102,2026-08-28,"2026-08-20","Extra Credit - Each",36.05,1.06
1102,2026-08-28,"2026-08-20","Half",1,84.79
1857,2026-08-28,"2026-08-20","Mothership Pickup Time (4.0 @5-5:30) - @5-5:30",1,0
1857,2026-08-28,"2026-08-20","Beans - Green - Bag",1,4.25
1857,2026-08-28,"2026-08-20","Carrots - Lb.",1,6
1857,2026-08-28,"2026-08-20","Cinnamon Raisin Bread - 1-each",1,6.75
1857,2026-08-28,"2026-08-20","Eggs - H - Dozen",2,6.5
1857,2026-08-28,"2026-08-20","Ground Beef - D&M - Lb.",1,10.5
1857,2026-08-28,"2026-08-20","Hoagie - T - Each",1,3.5
1857,2026-08-28,"2026-08-20","Hummus - Garlic - Tub",1,6.75
1857,2026-08-28,"2026-08-20","Extra Credit - Each",17.75,1.06
1857,2026-08-28,"2026-08-20","FSA/FSD",1,79.79
1131,2026-08-28,"2026-08-20","Eggs - BW - Dozen",1,6.5
1131,2026-08-28,"2026-08-20","Apple Sauce - Chunky - NS - Quart",1,7.75
1131,2026-08-28,"2026-08-20","Pork Breakfast Patties D&M - Pack",1,8.5
1131,2026-08-28,"2026-08-20","Extra Credit - Each",1,1.06
1131,2026-08-28,"2026-08-20","Half",1,84.79
1622,2026-08-28,"2026-08-20","Eggs - Dozen",1,6.5
1622,2026-08-28,"2026-08-20","Ground Beef - D&M - Lb.",1,10.5
1622,2026-08-28,"2026-08-20","Hamburger Buns - 4-pack",1,2.75
1622,2026-08-28,"2026-08-20","Hummus Choice ($6.75) - Tub",1,6.75
1622,2026-08-28,"2026-08-20","Mini",1,53.2
894,2026-08-28,"2026-08-20","Kirkwood Pickup Time - @1-1:30",1,0
894,2026-08-28,"2026-08-20","Dark Chocolate Lolli - Each",2,1.75
894,2026-08-28,"2026-08-20","Mushrooms - Choice",1,8
894,2026-08-28,"2026-08-20","Onions - Red  - lbs",1,4
894,2026-08-28,"2026-08-20","Peaches - Bag",1,7
894,2026-08-28,"2026-08-20","Tomatoes - Slicing - Bag",1,6.5
894,2026-08-28,"2026-08-20","UCA/KWA",1,79.79
557,2026-08-28,"2026-08-20","Mothership Pickup Time (2.0 @4-4:30) - @4-4:30",1,0
557,2026-08-28,"2026-08-20","Bacon - Each",1,13.5
557,2026-08-28,"2026-08-20","Eggs - Dozen",1,6.5
557,2026-08-28,"2026-08-20","English Muffin Sourdough - Frozen - Pack",1,5
557,2026-08-28,"2026-08-20","Pork - Breakfast Bulk - Pack",1,8.5
557,2026-08-28,"2026-08-20","Extra Credit - Each",0.5,1.06
557,2026-08-28,"2026-08-20","FSA/FSD",1,79.79
670,2026-08-28,"2026-08-20","Peanut Butter MC - Tub",1,7.75
670,2026-08-28,"2026-08-20","Cantaloupe - Each",1,6.5
670,2026-08-28,"2026-08-20","Golden Zucchini - Each",1,1.5
670,2026-08-28,"2026-08-20","Pasta Bi-color Short - Lb.",1,6.5
670,2026-08-28,"2026-08-20","Peppers - Colored Bell - 3-pack",1,4
670,2026-08-28,"2026-08-20","Mini",1,53.2
670,2026-08-28,"2026-08-20","(BYO) FSG - Orders Only",1,0
1047,2026-08-28,"2026-08-20","Eggs - BW - Dozen",1,6.5
1047,2026-08-28,"2026-08-20","Mothership Pickup Time (1.0 @3:30-4) - @3:30-4",1,0
1047,2026-08-28,"2026-08-20","Fresh Herb - Basil - Bunch",1,4
1047,2026-08-28,"2026-08-20","Peppers - Shishitos - Bag",1,7
1047,2026-08-28,"2026-08-20","Queso Quesadilla - HBC - Each",1,6.75
1047,2026-08-28,"2026-08-20","Semolina - T - Loaf",1,7
1047,2026-08-28,"2026-08-20","Extra Credit - Each",9.5,1.06
1047,2026-08-28,"2026-08-20","Half",1,84.79
11,2026-08-28,"2026-08-20","Eggs - BW - Dozen",2,6.5
11,2026-08-28,"2026-08-20","Bacon - Each",1,13.5
11,2026-08-28,"2026-08-20","Curds Applewood Smoked 10 oz - Bag",1,6.75
11,2026-08-28,"2026-08-20","Extra Credit - Each",0.25,1.06
11,2026-08-28,"2026-08-20","FSA/FSD",1,79.79
471,2026-08-28,"2026-08-20","Eggs - Dozen",1,6.5
471,2026-08-28,"2026-08-20","Kairos Sourdough Choice $5 - Pack",1,5
471,2026-08-28,"2026-08-20","Maple Syrup 12 oz. - Jar",1,13
471,2026-08-28,"2026-08-20","Pork - Breakfast Bulk - Pack",1,8.5
471,2026-08-28,"2026-08-20","Staff - include last wk's share - Bag",1,0
471,2026-08-28,"2026-08-20","FSA/FSD",1,79.79
1593,2026-08-28,"2026-08-20","Mothership Pickup Time (4.0 @5-5:30) - @5-5:30",1,0
1593,2026-08-28,"2026-08-20","XO - Cooler Donation - $",1,1
1593,2026-08-28,"2026-08-20","Hamburger Buns - 4-pack",1,2.75
1593,2026-08-28,"2026-08-20","Hummus - Garlic - Tub",1,6.75
1593,2026-08-28,"2026-08-20","Onions - Yellow - lbs",1,3.5
1593,2026-08-28,"2026-08-20","Peppers - Shishitos - Bag",1,7
1593,2026-08-28,"2026-08-20","Potatoes - New - Bag",1,5.75
1593,2026-08-28,"2026-08-20","Extra Credit - Each",0.5,1.06
1593,2026-08-28,"2026-08-20","Mini",1,53.2
1839,2026-08-28,"2026-08-20","No Produce - Order Only (odd wk)",1,0
1487,2026-08-28,"2026-08-20","Kirkwood Pickup Time - @1-1:30",1,0
1487,2026-08-28,"2026-08-20","Feta Cheese - HBC - Each",1,6.75
1487,2026-08-28,"2026-08-20","Mustard (1.0 Garlic) - Garlic",1,6.5
1487,2026-08-28,"2026-08-20","Pork - Bratwurst  - Pack",1,8.5
1487,2026-08-28,"2026-08-20","Half",1,84.79
1487,2026-08-28,"2026-08-20","2% MILK-o",1,8.85
514,2026-08-28,"2026-08-20","Beans - Green - Bag",1,4.25
514,2026-08-28,"2026-08-20","Eggs - Dozen",1,6.5
514,2026-08-28,"2026-08-20","Fresh Herb - Basil - Bunch",1,4
514,2026-08-28,"2026-08-20","Herb - Purple Basil - Herb",1,4
514,2026-08-28,"2026-08-20","Semolina - T - Loaf",1,7
514,2026-08-28,"2026-08-20","Staff - include last wk's share - Bag",1,0
514,2026-08-28,"2026-08-20","Mini",1,53.2
761,2026-08-28,"2026-08-20","Mothership Pickup Time (3.0 @4:30-5) - @4:30-5",1,0
761,2026-08-28,"2026-08-20","Curry Sauce (1.0 Green) - Green",1,12
761,2026-08-28,"2026-08-20","Janie's Bread - Thursday - Each",1,7
761,2026-08-28,"2026-08-20","Peppers - Carmen - 2-pack",1,3
761,2026-08-28,"2026-08-20","Popcorn - McKaskle - Lb.",1,5.75
761,2026-08-28,"2026-08-20","Pretzel - UL Thursday  - Each",2,3.75
761,2026-08-28,"2026-08-20","Extra Credit - Each",2.25,1.06
761,2026-08-28,"2026-08-20","FSA/FSD",1,79.79
1476,2026-08-28,"2026-08-20","Kirkwood Pickup Time - @1-1:30",1,0
1476,2026-08-28,"2026-08-20","Cucumbers - Slicing - Each",1,2
1476,2026-08-28,"2026-08-20","Eggplant - Globe - Each",2,3
1476,2026-08-28,"2026-08-20","Light and Mild - T - Loaf",1,8.25
1476,2026-08-28,"2026-08-20","Peppers - Colored Bell - 3-pack",1,4
1476,2026-08-28,"2026-08-20","Potatoes - Fingerling - lbs",1,7
1476,2026-08-28,"2026-08-20","Extra Credit - Each",1,1.06
1476,2026-08-28,"2026-08-20","Mini",1,53.2
82,2026-08-28,"2026-08-20","Kirkwood Pickup Time (2.0 @1:30-2) - @1:30-2",1,0
82,2026-08-28,"2026-08-20","Bacon - Each",1,13.5
82,2026-08-28,"2026-08-20","Peaches - Bag",1,7
82,2026-08-28,"2026-08-20","Sesame Hoagie - T - Each",1,3.8
82,2026-08-28,"2026-08-20","Extra Credit - Each",2.55,1.06
82,2026-08-28,"2026-08-20","Half",1,84.79
502,2026-08-28,"2026-08-20","Eggs - Dozen",1,6.5
502,2026-08-28,"2026-08-20","Kairos Sourdough Choice $5 - Pack",1,5
502,2026-08-28,"2026-08-20","Maple Syrup 12 oz. - Jar",1,13
502,2026-08-28,"2026-08-20","Pork - Breakfast Bulk - Pack",1,8.5
502,2026-08-28,"2026-08-20","FSA/FSD",1,79.79
433,2026-08-28,"2026-08-20","Halibut/lb.* - Pack",1,21.92
433,2026-08-28,"2026-08-20","Cantaloupe - Each",1,6.5
433,2026-08-28,"2026-08-20","Kairos Sourdough Choice $5 - Pack",1,5
433,2026-08-28,"2026-08-20","Extra Credit - Each",0.42,1.06
433,2026-08-28,"2026-08-20","FSA/FSD",1,79.79
549,2026-08-28,"2026-08-20","Pizza - Cheese  - Each",1,9
549,2026-08-28,"2026-08-20","Mothership Pickup Time (6.0 @6-6:30) - @6-6:30",1,0
549,2026-08-28,"2026-08-20","Jar Tomatoes - Quart",2,7.75
549,2026-08-28,"2026-08-20","Milk Chocolate Lolli - Each",1,1.75
549,2026-08-28,"2026-08-20","Pork Breakfast Link D&M - Pack",1,8.5
549,2026-08-28,"2026-08-20","Extra Credit - Each",1.75,1.06
549,2026-08-28,"2026-08-20","FSA/FSD",1,79.79
326,2026-08-28,"2026-08-20","Beef Kabob Meat - Lb.",1,12.75
326,2026-08-28,"2026-08-20","Mushrooms - Choice",1,8
326,2026-08-28,"2026-08-20","Olive Oil Small - ML",1,8.5
326,2026-08-28,"2026-08-20","UCA/KWA",1,79.79
1268,2026-08-28,"2026-08-20","Eggs - BW - Dozen",1,6.5
1268,2026-08-28,"2026-08-20","Half & Half - Pint",2,4.75
1268,2026-08-28,"2026-08-20","Mothership Pickup Time (1.0 @3:30-4) - @3:30-4",1,0
1268,2026-08-28,"2026-08-20","Beans - Green - Bag",1,4.25
1268,2026-08-28,"2026-08-20","Peppers - Shishitos - Bag",1,7
1268,2026-08-28,"2026-08-20","Extra Credit - Each",5.5,1.06
1268,2026-08-28,"2026-08-20","Half",1,84.79
452,2026-08-28,"2026-08-20","Kirkwood Pickup Time (2.0 @1:30-2) - @1:30-2",1,0
452,2026-08-28,"2026-08-20","Golden Zucchini - Each",1,1.5
452,2026-08-28,"2026-08-20","Ground Beef - D&M - Lb.",1,10.5
452,2026-08-28,"2026-08-20","Hamburger Buns - 4-pack",1,2.75
452,2026-08-28,"2026-08-20","Honey - Pint - Jar",1,11.5
452,2026-08-28,"2026-08-20","Mini",1,53.2
493,2026-08-28,"2026-08-20","No Produce - Order Only (odd wk)",1,0
807,2026-08-28,"2026-08-20","Bacon - Each",1,13.5
807,2026-08-28,"2026-08-20","Chicken Breasts /lb. - Pack",2,9.27
807,2026-08-28,"2026-08-20","Yogurt - Plain - Oz.",1,7.25
807,2026-08-28,"2026-08-20","Extra Credit - Each",5.04,1.06
807,2026-08-28,"2026-08-20","UCA/KWA",1,79.79
807,2026-08-28,"2026-08-20","2% MILK",1,8.85
245,2026-08-28,"2026-08-20","Cheese Choice $6.75 - Each",1,6.75
245,2026-08-28,"2026-08-20","Mustard - Choice",1,6.5
245,2026-08-28,"2026-08-20","Pork - Bratwurst  - Pack",1,8.5
245,2026-08-28,"2026-08-20","Half",1,84.79
804,2026-08-28,"2026-08-20","Eggs - BW - Dozen",1,6.5
804,2026-08-28,"2026-08-20","Kirkwood Pickup Time - @1-1:30",1,0
804,2026-08-28,"2026-08-20","Bagels - Plain - Frozen - Each",1,6.75
804,2026-08-28,"2026-08-20","Hoagie - T - Each",1,3.5
804,2026-08-28,"2026-08-20","Watermelon - Sugar Baby - Each",1,6
804,2026-08-28,"2026-08-20","Extra Credit - Each",1,1.06
804,2026-08-28,"2026-08-20","Half",1,84.79
1766,2026-08-28,"2026-08-20","Half & Half - Pint",2,4.75
1766,2026-08-28,"2026-08-20","Kirkwood Pickup Time - @1-1:30",1,0
1766,2026-08-28,"2026-08-20","Peaches - Bag",1,7
1766,2026-08-28,"2026-08-20","Yogurt - Plain - Oz.",1,7.25
1766,2026-08-28,"2026-08-20","Extra Credit - Each",2,1.06
1766,2026-08-28,"2026-08-20","Half",1,84.79
329,2026-08-28,"2026-08-20","Applewood Smoked Cheddar - Each",1,6.75
329,2026-08-28,"2026-08-20","Beets - Lb.",1,6.5
329,2026-08-28,"2026-08-20","Cabbage - Red - Share",1,5
329,2026-08-28,"2026-08-20","Ground Beef - D&M - Lb.",1,10.5
329,2026-08-28,"2026-08-20","Meatballs D&M - Package",1,15
329,2026-08-28,"2026-08-20","Extra Credit - Each",17.5,1.06
329,2026-08-28,"2026-08-20","Mini",1,53.2
1941,2026-08-28,"2026-08-20","Mothership Pickup Time (3.0 @4:30-5) - @4:30-5",1,0
1941,2026-08-28,"2026-08-20","Beans - Green - Bag",1,4.25
1941,2026-08-28,"2026-08-20","Chicken - Ground - Lb.",1,10.25
1941,2026-08-28,"2026-08-20","Chicken Breasts /lb. - Pack",1,11.22
1941,2026-08-28,"2026-08-20","Eggs - Dozen",1,6.5
1941,2026-08-28,"2026-08-20","Extra Credit - Each",5.97,1.06
1941,2026-08-28,"2026-08-20","Mini",1,53.2
293,2026-08-28,"2026-08-20","Ground Turkey - Pack",1,10.25
293,2026-08-28,"2026-08-20","Mothership Pickup Time (6.0 @6-6:30) - @6-6:30",1,0
293,2026-08-28,"2026-08-20","Beef - Stew Meat - Pack",1,10.5
293,2026-08-28,"2026-08-20","Beef Kabob Meat - Lb.",1,12.75
293,2026-08-28,"2026-08-20","Garlic - Head - Head",3,1
293,2026-08-28,"2026-08-20","Tomatoes - Slicing - Bag",1,6.5
293,2026-08-28,"2026-08-20","Extra Credit - Each",10.25,1.06
293,2026-08-28,"2026-08-20","FSA/FSD",1,79.79
310,2026-08-28,"2026-08-20","Milk - 2%  - Oz.",1,8.32
310,2026-08-28,"2026-08-20","Peanut Butter EW - Pint",1,7.75
310,2026-08-28,"2026-08-20","Mothership Pickup Time (1.0 @3:30-4) - @3:30-4",1,0
310,2026-08-28,"2026-08-20","Beans - Green - Bag",1,4.25
310,2026-08-28,"2026-08-20","Chicken - Ground - Lb.",1,10.25
310,2026-08-28,"2026-08-20","Eggs - H - Dozen",2,6.5
310,2026-08-28,"2026-08-20","Golden Zucchini - Each",1,1.5
310,2026-08-28,"2026-08-20","Onions - Yellow - lbs",1,3.5
310,2026-08-28,"2026-08-20","Pork - Bratwurst  - Pack",1,8.5
310,2026-08-28,"2026-08-20","Pork - Deli Ham RFF/lb. - Lb.",1,9.69
310,2026-08-28,"2026-08-20","Tomatoes - Slicing - Bag",1,6.5
310,2026-08-28,"2026-08-20","Extra Credit - Each",35.26,1.06
310,2026-08-28,"2026-08-20","FSA/FSD",1,79.79
310,2026-08-28,"2026-08-20","Skim MILK",2,8.85
1271,2026-08-28,"2026-08-20","Curds Jalapeno Habanero 10 oz - Bag",1,6.75
1271,2026-08-28,"2026-08-20","Pork - Brats Cheddar DM - 4-pack",1,8.5
1271,2026-08-28,"2026-08-20","Pork Breakfast Link D&M - Pack",1,8.5
1271,2026-08-28,"2026-08-20","Extra Credit - Each",2,1.06
1271,2026-08-28,"2026-08-20","Half",1,84.79
634,2026-08-28,"2026-08-20","Kirkwood Pickup Time (2.0 @1:30-2) - @1:30-2",1,0
634,2026-08-28,"2026-08-20","Cantaloupe - Each",1,6.5
634,2026-08-28,"2026-08-20","Ground Beef - D&M - Lb.",1,10.5
634,2026-08-28,"2026-08-20","Hamburger Buns - 4-pack",1,2.75
634,2026-08-28,"2026-08-20","Yogurt - Plain - Oz.",1,7.25
634,2026-08-28,"2026-08-20","Extra Credit - Each",0.75,1.06
634,2026-08-28,"2026-08-20","Mini",1,53.2
722,2026-08-28,"2026-08-20","Mustard (1.0 Garlic) - Garlic",1,6.5
722,2026-08-28,"2026-08-20","Pork - Tenderloin/lb - Lb.",1,0
722,2026-08-28,"2026-08-20","Yogurt - Blueberry - Oz.",1,7.25
722,2026-08-28,"2026-08-20","Half",1,84.79
387,2026-08-28,"2026-08-20","Eggs - BW - Dozen",1,6.5
387,2026-08-28,"2026-08-20","Kirkwood Pickup Time - @1-1:30",1,0
387,2026-08-28,"2026-08-20","Food for Ferals Donation - $",1,1
387,2026-08-28,"2026-08-20","Beef Kabob Meat - Lb.",1,12.75
387,2026-08-28,"2026-08-20","Chicken Breasts /lb. - Pack",1,9.86
387,2026-08-28,"2026-08-20","Mushrooms - Choice",1,8
387,2026-08-28,"2026-08-20","Olive Oil Small - ML",1,8.5
387,2026-08-28,"2026-08-20","Peaches - Bag",1,7
387,2026-08-28,"2026-08-20","Tomatoes - Heirloom - Bag",1,8
387,2026-08-28,"2026-08-20","Extra Credit - Each",32.36,1.06
387,2026-08-28,"2026-08-20","UCA/KWA",1,79.79
1706,2026-08-28,"2026-08-20","Mothership Pickup Time (2.0 @4-4:30) - @4-4:30",1,0
1706,2026-08-28,"2026-08-20","Gnocchi - Sundried Tomato  - Lb.",1,6.5
1706,2026-08-28,"2026-08-20","Louise's Cocoa Brownie Crisp Granola - Bag",1,11.15
1706,2026-08-28,"2026-08-20","Okra  - Bag",1,6
1706,2026-08-28,"2026-08-20","Extra Credit - Each",1.9,1.06
1706,2026-08-28,"2026-08-20","Half",1,84.79
868,2026-08-28,"2026-08-20","Chicken - Big Bag Deboned Thighs/lb. - Bag",1,43.56
868,2026-08-28,"2026-08-20","Kirkwood Pickup Time (2.0 @1:30-2) - @1:30-2",1,0
868,2026-08-28,"2026-08-20","Black Bean Dip - Tub",1,6.5
868,2026-08-28,"2026-08-20","Black Beans DC - Tub",1,6.5
868,2026-08-28,"2026-08-20","Cantaloupe - Each",1,6.5
868,2026-08-28,"2026-08-20","Chicken Thighs - Big Bag/lb. - Pack",1,29.56
868,2026-08-28,"2026-08-20","Eggs - Dozen",1,6.5
868,2026-08-28,"2026-08-20","Gnocchi - Garlic Chive  - Lb.",1,6.5
868,2026-08-28,"2026-08-20","Ground Beef - D&M - Lb.",1,10.5
868,2026-08-28,"2026-08-20","Onions - Red  - lbs",1,4
868,2026-08-28,"2026-08-20","Extra Credit - Each",93.87,1.06
868,2026-08-28,"2026-08-20","Mini",1,53.2
834,2026-08-28,"2026-08-20","Mothership Pickup Time (3.0 @4:30-5) - @4:30-5",1,0
834,2026-08-28,"2026-08-20","Cantaloupe - Each",1,6.5
834,2026-08-28,"2026-08-20","Okra  - Bag",1,6
834,2026-08-28,"2026-08-20","Onions - Red  - lbs",1,4
834,2026-08-28,"2026-08-20","Peppers - Carmen - 2-pack",1,3
834,2026-08-28,"2026-08-20","Peppers - Shishitos - Bag",1,7
834,2026-08-28,"2026-08-20","Extra Credit - Each",4.75,1.06
834,2026-08-28,"2026-08-20","Half",1,84.79
281,2026-08-28,"2026-08-20","Chicken - Big Bag Deboned Thighs/lb. - Bag",1,41.91
281,2026-08-28,"2026-08-20","Eggs - BW - Dozen",1,6.5
281,2026-08-28,"2026-08-20","Vinaigrette - Greek Style - Bottle",1,6.25
281,2026-08-28,"2026-08-20","Watermelon - Sugar Baby - Each",1,6
281,2026-08-28,"2026-08-20","Extra Credit - Each",38.91,1.06
281,2026-08-28,"2026-08-20","Half",1,84.79
389,2026-08-28,"2026-08-20","Mothership Pickup Time - @6:30-7",1,0
389,2026-08-28,"2026-08-20","Eggs - Dozen",1,6.5
389,2026-08-28,"2026-08-20","Ground Beef - D&M - Lb.",1,10.5
389,2026-08-28,"2026-08-20","Hamburger Buns - 4-pack",1,2.75
389,2026-08-28,"2026-08-20","Hummus Choice ($6.75) - Tub",1,6.75
389,2026-08-28,"2026-08-20","Extra Credit - Each",0.25,1.06
389,2026-08-28,"2026-08-20","Mini",1,53.2
1652,2026-08-28,"2026-08-20","Walnuts - Oz.",1,12.75
1652,2026-08-28,"2026-08-20","Bison - Ground - Lb.",1,27.25
1652,2026-08-28,"2026-08-20","Eggs - Dozen",1,6.5
1652,2026-08-28,"2026-08-20","Tomatoes - Heirloom - Bag",1,8
1652,2026-08-28,"2026-08-20","Watermelon - Sugar Baby - Each",1,6
1652,2026-08-28,"2026-08-20","Extra Credit - Each",34.25,1.06
1652,2026-08-28,"2026-08-20","Mini",1,53.2
1431,2026-08-28,"2026-08-20","FF Soup - Chowder - Pint",1,10.25
1431,2026-08-28,"2026-08-20","Ground Beef - D&M - Lb.",1,10.5
1431,2026-08-28,"2026-08-20","Hummus Choice ($6.75) - Tub",1,6.75
1431,2026-08-28,"2026-08-20","Extra Credit - Each",1.25,1.06
1431,2026-08-28,"2026-08-20","Mini",1,53.2
1626,2026-08-28,"2026-08-20","Eggs - BW - Dozen",1,6.5
1626,2026-08-28,"2026-08-20","Stringbean Malawi Peaberry - Oz.",1,16
1626,2026-08-28,"2026-08-20","Kirkwood Pickup Time (1.0 PORCH) - PORCH",1,0
1626,2026-08-28,"2026-08-20","Extra Credit - Each",0.75,1.06
1626,2026-08-28,"2026-08-20","Half",1,84.79
963,2026-08-28,"2026-08-20","Eggs - Dozen",1,6.5
963,2026-08-28,"2026-08-20","Kairos Sourdough Choice $5 - Pack",1,5
963,2026-08-28,"2026-08-20","Maple Syrup 12 oz. - Jar",1,13
963,2026-08-28,"2026-08-20","Pork - Breakfast Bulk - Pack",1,8.5
963,2026-08-28,"2026-08-20","FSA/FSD",1,79.79
67,2026-08-28,"2026-08-20","Kuva Nicaragua - Bag",1,16.45
67,2026-08-28,"2026-08-20","Mothership Pickup Time (1.0 @3:30-4) - @3:30-4",1,0
67,2026-08-28,"2026-08-20","Buttermilk - Qt.  - Quart",1,6.75
67,2026-08-28,"2026-08-20","Carrots - Lb.",1,6
67,2026-08-28,"2026-08-20","Cheese Choice $6.75 - Each",1,6.75
67,2026-08-28,"2026-08-20","Garlic - Head - Head",2,1
67,2026-08-28,"2026-08-20","Mustard - Choice",1,6.5
67,2026-08-28,"2026-08-20","Onions - Red  - lbs",1,4
67,2026-08-28,"2026-08-20","Onions - Yellow - lbs",1,3.5
67,2026-08-28,"2026-08-20","Semolina - T - Loaf",1,7
67,2026-08-28,"2026-08-20","Extra Credit - Each",37.2,1.06
67,2026-08-28,"2026-08-20","Half",1,84.79
928,2026-08-28,"2026-08-20","Mothership Pickup Time (4.0 @5-5:30) - @5-5:30",1,0
928,2026-08-28,"2026-08-20","Chicken - Whole $5.00/lb. - Each",1,17.5
928,2026-08-28,"2026-08-20","Eggs - Dozen",1,6.5
928,2026-08-28,"2026-08-20","English Muffin Sourdough - Frozen - Pack",2,5
928,2026-08-28,"2026-08-20","Pork - Breakfast Bulk - Pack",1,8.5
928,2026-08-28,"2026-08-20","Yogurt - Strawberry - Oz.",1,7.25
928,2026-08-28,"2026-08-20","Extra Credit - Each",16.75,1.06
928,2026-08-28,"2026-08-20","FSA/FSD",1,79.79
1570,2026-08-28,"2026-08-20","Cheese Choice $6.75 - Each",1,6.75
1570,2026-08-28,"2026-08-20","Mustard - Choice",1,6.5
1570,2026-08-28,"2026-08-20","Pork - Bratwurst  - Pack",1,8.5
1570,2026-08-28,"2026-08-20","Half",1,40
168,2026-08-28,"2026-08-20","Mothership Pickup Time (2.0 @4-4:30) - @4-4:30",1,0
168,2026-08-28,"2026-08-20","Mustard (1.0 Honey) - Honey",1,6.5
168,2026-08-28,"2026-08-20","Onions - Yellow - lbs",1,3.5
168,2026-08-28,"2026-08-20","Tomatoes - Funky Bunch - Pint",1,7
168,2026-08-28,"2026-08-20","Extra Credit - Each",2,1.06
168,2026-08-28,"2026-08-20","Half",1,84.79
1900,2026-08-28,"2026-08-20","Mothership Pickup Time (1.0 @3:30-4) - @3:30-4",1,0
1900,2026-08-28,"2026-08-20","Cooler Repair Donation - $",1,1
1900,2026-08-28,"2026-08-20","XO! Green Bags Donation - $",1,1
1900,2026-08-28,"2026-08-20","Eggs - Dozen",1,6.5
1900,2026-08-28,"2026-08-20","Ground Beef - D&M - Lb.",1,10.5
1900,2026-08-28,"2026-08-20","Hamburger Buns - 4-pack",1,0
1900,2026-08-28,"2026-08-20","Multigrain Bread - Frozen - Loaf",1,6.75
1900,2026-08-28,"2026-08-20","Peaches - Bag",1,0
1900,2026-08-28,"2026-08-20","Pork Italian Bulk - D&M - Lb.",1,8.5
1900,2026-08-28,"2026-08-20","Extra Credit - Each",5.5,1.06
1900,2026-08-28,"2026-08-20","Mini",1,53.2
1236,2026-08-28,"2026-08-20","Dark Bar 72% - Package",1,3
1236,2026-08-28,"2026-08-20","Eggs - Dozen",1,6.5
1236,2026-08-28,"2026-08-20","Pork - Breakfast Bulk - Pack",1,8.5
1236,2026-08-28,"2026-08-20","Ribeye Steak /lb - Pack",2,35.88
1236,2026-08-28,"2026-08-20","Extra Credit - Each",56.76,1.06
1236,2026-08-28,"2026-08-20","FSA/FSD",1,79.79
120,2026-08-28,"2026-08-20","Eggs - Dozen",1,6.5
120,2026-08-28,"2026-08-20","Ground Beef - D&M - Lb.",1,10.5
120,2026-08-28,"2026-08-20","Hamburger Buns - 4-pack",1,2.75
120,2026-08-28,"2026-08-20","Hummus Choice ($6.75) - Tub",1,6.75
120,2026-08-28,"2026-08-20","Mini",1,53.2
364,2026-08-28,"2026-08-20","Beans - Green - Bag",1,4.25
364,2026-08-28,"2026-08-20","Eggs - Dozen",1,6.5
364,2026-08-28,"2026-08-20","English Muffin Sourdough - Frozen - Pack",1,5
364,2026-08-28,"2026-08-20","Peaches - Bag",1,7
364,2026-08-28,"2026-08-20","Pork Hot Dogs - Each",1,7.5
364,2026-08-28,"2026-08-20","Sweet Corn - 5-pack",1,4
364,2026-08-28,"2026-08-20","FSA/FSD",1,79.79
364,2026-08-28,"2026-08-20","Whole MILK-o",1,8.85
1873,2026-08-28,"2026-08-20","Eggs - Dozen",1,6.5
1873,2026-08-28,"2026-08-20","Ground Beef - D&M - Lb.",1,10.5
1873,2026-08-28,"2026-08-20","Hamburger Buns - 4-pack",1,2.75
1873,2026-08-28,"2026-08-20","Hummus Choice ($6.75) - Tub",1,6.75
1873,2026-08-28,"2026-08-20","Mini",1,53.2
289,2026-08-28,"2026-08-20","Eggs - BW - Dozen",1,6.5
289,2026-08-28,"2026-08-20","Chicken Thighs - Boneless/lb. - lbs",1,8.75
289,2026-08-28,"2026-08-20","Ravioli - Mushroom  - Lb.",1,9.15
289,2026-08-28,"2026-08-20","Extra Credit - Each",2.65,1.06
289,2026-08-28,"2026-08-20","Half",1,84.79
289,2026-08-28,"2026-08-20","2% MILK-o",1,8.85
1453,2026-08-28,"2026-08-20","Mothership Pickup Time (1.0 @3:30-4) - @3:30-4",1,0
1453,2026-08-28,"2026-08-20","Carrots - Lb.",1,6
1453,2026-08-28,"2026-08-20","Ground Beef - D&M - Lb.",1,10.5
1453,2026-08-28,"2026-08-20","Onions - Yellow - lbs",1,3.5
1453,2026-08-28,"2026-08-20","Watermelon - Sugar Baby - Each",1,6
1453,2026-08-28,"2026-08-20","Mini",1,53.2
1453,2026-08-28,"2026-08-20","Whole MILK",1,8.85
1746,2026-08-28,"2026-08-20","Kirkwood Pickup Time - @1-1:30",1,0
1746,2026-08-28,"2026-08-20","Beef Kabob Meat - Lb.",1,12.75
1746,2026-08-28,"2026-08-20","Onions - Red  - lbs",1,4
1746,2026-08-28,"2026-08-20","Potatoes - New - Bag",1,5.75
1746,2026-08-28,"2026-08-20","Tomatoes - Heirloom - Bag",1,8
1746,2026-08-28,"2026-08-20","Extra Credit - Each",1.25,1.06
1746,2026-08-28,"2026-08-20","UCA/KWA",1,79.79
876,2026-08-28,"2026-08-20","Eggs - Dozen",1,6.5
876,2026-08-28,"2026-08-20","Kairos Sourdough Choice $5 - Pack",1,5
876,2026-08-28,"2026-08-20","Maple Syrup 12 oz. - Jar",1,13
876,2026-08-28,"2026-08-20","Pork - Breakfast Bulk - Pack",1,8.5
876,2026-08-28,"2026-08-20","FSA/FSD",1,79.79
1416,2026-08-28,"2026-08-20","Eggs - BW - Dozen",1,6.5
1416,2026-08-28,"2026-08-20","Pizza - Veggie  - Each",1,9.5
1416,2026-08-28,"2026-08-20","Mothership Pickup Time (4.0 @5-5:30) - @5-5:30",1,0
1416,2026-08-28,"2026-08-20","Dark Bar 72% - Package",1,3
1416,2026-08-28,"2026-08-20","Pita Bread - Frozen (1.0 Wheat) - Wheat",1,3.55
1416,2026-08-28,"2026-08-20","Extra Credit - Each",0.8,1.06
1416,2026-08-28,"2026-08-20","Half",1,84.79
1719,2026-08-28,"2026-08-20","Mothership Pickup Time (1.0 @3:30-4) - @3:30-4",1,0
1719,2026-08-28,"2026-08-20","Onions - Red  - lbs",1,4
1719,2026-08-28,"2026-08-20","Onions - Yellow - lbs",1,3.5
1719,2026-08-28,"2026-08-20","Sparkling Tea - Ginger Roselle - 4-pack",1,11.25
1719,2026-08-28,"2026-08-20","Squash - Summer - Each",1,3
1719,2026-08-28,"2026-08-20","Squash - Zucchini - Each",1,3
1719,2026-08-28,"2026-08-20","Extra Credit - Each",3,1.06
1719,2026-08-28,"2026-08-20","Half",1,84.79
1752,2026-08-28,"2026-08-20","Mothership Pickup Time (5.0 @5:30-6) - @5:30-6",1,0
1752,2026-08-28,"2026-08-20","Aged Cheddar - HBC - Each",1,6.75
1752,2026-08-28,"2026-08-20","Fresh Herb - Basil - Bunch",1,4
1752,2026-08-28,"2026-08-20","Pork - Bratwurst  - Pack",1,8.5
1752,2026-08-28,"2026-08-20","Tomatoes - Funky Bunch - Pint",1,7
1752,2026-08-28,"2026-08-20","Watermelon - Sugar Baby - Each",1,6
1752,2026-08-28,"2026-08-20","Extra Credit - Each",10.5,1.06
1752,2026-08-28,"2026-08-20","Half",1,84.79
636,2026-08-28,"2026-08-20","Cucumbers - Pickling - Bag",1,3.5
636,2026-08-28,"2026-08-20","Chicken - Breakfast - Pack",1,10.5
636,2026-08-28,"2026-08-20","Jam - Rhubarb HBY - 1-each",1,7.75
636,2026-08-28,"2026-08-20","Leeks - Bunch",1,6
636,2026-08-28,"2026-08-20","Peaches - Bag",2,7
636,2026-08-28,"2026-08-20","Peppers - Carmen - 2-pack",1,3
636,2026-08-28,"2026-08-20","Sweet Corn - 5-pack",1,4
636,2026-08-28,"2026-08-20","Extra Credit - Each",15.75,1.06
636,2026-08-28,"2026-08-20","FSA/FSD",1,79.79
636,2026-08-28,"2026-08-20","Whole MILK",1,8.85
250,2026-08-28,"2026-08-20","Milk - Whole - Oz.",1,8.32
250,2026-08-28,"2026-08-20","Mothership Pickup Time (2.0 @4-4:30) - @4-4:30",1,0
250,2026-08-28,"2026-08-20","Eggs - Dozen",1,6.5
250,2026-08-28,"2026-08-20","Peaches - Bag",1,7
250,2026-08-28,"2026-08-20","Pork Italian Bulk - D&M - Lb.",1,8.5
250,2026-08-28,"2026-08-20","Watermelon - Sugar Baby - Each",1,6
250,2026-08-28,"2026-08-20","Extra Credit - Each",0.82,1.06
250,2026-08-28,"2026-08-20","FSA/FSD",1,79.79
1618,2026-08-28,"2026-08-20","Kirkwood Pickup Time - @1-1:30",1,0
1618,2026-08-28,"2026-08-20","Cabbage - Red - Share",1,5
1618,2026-08-28,"2026-08-20","Mustard - Choice",1,6.5
1618,2026-08-28,"2026-08-20","Potatoes - New - Bag",1,5.75
1618,2026-08-28,"2026-08-20","Tomatoes - Funky Bunch - Pint",1,7
1618,2026-08-28,"2026-08-20","Extra Credit - Each",2.5,1.06
1618,2026-08-28,"2026-08-20","Half",1,84.79
133,2026-08-28,"2026-08-20","Mothership Pickup Time (3.0 @4:30-5) - @4:30-5",1,0
133,2026-08-28,"2026-08-20","Chicken Thighs - Boneless/lb. - lbs",2,9.28
133,2026-08-28,"2026-08-20","Eggs - Dozen",1,6.5
133,2026-08-28,"2026-08-20","Watermelon - Sugar Baby - Each",1,6
133,2026-08-28,"2026-08-20","Extra Credit - Each",4.81,1.06
133,2026-08-28,"2026-08-20","Mini",1,53.2
1932,2026-08-28,"2026-08-20","Eggs - BW - Dozen",1,6.5
1932,2026-08-28,"2026-08-20","Eggs - Dozen",1,6.5
1932,2026-08-28,"2026-08-20","Fresh Herb - Basil - Bunch",1,4
1932,2026-08-28,"2026-08-20","Kairos Sourdough Choice $5 - Pack",1,5
1932,2026-08-28,"2026-08-20","Maple Syrup 12 oz. - Jar",1,13
1932,2026-08-28,"2026-08-20","Pork - Breakfast Bulk - Pack",1,8.5
1932,2026-08-28,"2026-08-20","Tomatoes - Slicing - Bag",2,6.5
1932,2026-08-28,"2026-08-20","Extra Credit - Each",23.5,1.06
1932,2026-08-28,"2026-08-20","FSA/FSD",1,79.79
643,2026-08-28,"2026-08-20","Salsa - Black Bean & Corn - Pint",1,5
643,2026-08-28,"2026-08-20","Mothership Pickup Time (5.0 @5:30-6) - @5:30-6",1,0
643,2026-08-28,"2026-08-20","Chicken - Ground - Lb.",1,10.25
643,2026-08-28,"2026-08-20","Curds Creamy Ranch 10 oz - Bag",1,6.75
643,2026-08-28,"2026-08-20","Maple Syrup 12 oz. - Jar",1,13
643,2026-08-28,"2026-08-20","Extra Credit - Each",2,1.06
643,2026-08-28,"2026-08-20","FSA/FSD",1,79.79
1468,2026-08-28,"2026-08-20","Mothership Pickup Time (1.0 @3:30-4) - @3:30-4",1,0
1468,2026-08-28,"2026-08-20","Golden Zucchini - Each",2,1.5
1468,2026-08-28,"2026-08-20","Ground Beef - D&M - Lb.",1,10.5
1468,2026-08-28,"2026-08-20","Marinara Sauce - Jar",1,8.75
1468,2026-08-28,"2026-08-20","Watermelon - Sugar Baby - Each",1,6
1468,2026-08-28,"2026-08-20","Extra Credit - Each",2,1.06
1468,2026-08-28,"2026-08-20","Mini",1,53.2
856,2026-08-28,"2026-08-20","Beans - Green - Bag",1,4.25
856,2026-08-28,"2026-08-20","Garlic - Head - Head",2,1
856,2026-08-28,"2026-08-20","Peaches - Bag",2,7
856,2026-08-28,"2026-08-20","Squash - Zucchini - Each",1,3
856,2026-08-28,"2026-08-20","Sweet Corn - 5-pack",1,4
856,2026-08-28,"2026-08-20","Tomatoes - Funky Bunch - Pint",1,7
856,2026-08-28,"2026-08-20","Extra Credit - Each",34.25,1.06
838,2026-08-28,"2026-08-20","Chicken - Big Bag Deboned Thighs/lb. - Bag",1,42.08
838,2026-08-28,"2026-08-20","Sugar Free - Raspberry HBY - Pint",1,7.75
838,2026-08-28,"2026-08-20","Yogurt - Greek Plain - Oz.",1,7.75
838,2026-08-28,"2026-08-20","Pork Steaks/lb. - Pack",1,16
838,2026-08-28,"2026-08-20","Bagels - Cinnamon Raisin - BU - Bag",1,11.25
838,2026-08-28,"2026-08-20","Chicken Bones - SM/lb.* - Bag",1,6.83
838,2026-08-28,"2026-08-20","Ham Hocks/lb. - Pack",1,13.28
838,2026-08-28,"2026-08-20","Okra  - Bag",1,6
838,2026-08-28,"2026-08-20","Extra Credit - Each",110.94,1.06
39,2026-08-28,"2026-08-20","Walnuts - Oz.",1,12.75
39,2026-08-28,"2026-08-20","Black Pepper Cheddar - Each",1,6.75
39,2026-08-28,"2026-08-20","Cabbage - Red - Share",1,5
39,2026-08-28,"2026-08-20","Carrots - Lb.",1,6
39,2026-08-28,"2026-08-20","Eggs - Dozen",1,6.5
39,2026-08-28,"2026-08-20","English Muffin Sourdough - Frozen - Pack",1,5
39,2026-08-28,"2026-08-20","Ground Beef - D&M - Lb.",1,10.5
39,2026-08-28,"2026-08-20","Hummus - Garlic - Tub",1,6.75
39,2026-08-28,"2026-08-20","Louise's Cocoa Brownie Crisp Granola - Bag",1,11.15
39,2026-08-28,"2026-08-20","Peaches - Bag",1,7
39,2026-08-28,"2026-08-20","Peppers - Sweet Habanada - Bag",1,3.5
39,2026-08-28,"2026-08-20","Yogurt - Vanilla - Oz.",1,7.25
39,2026-08-28,"2026-08-20","Extra Credit - Each",61.9,1.06
39,2026-08-28,"2026-08-20","Mini",1,53.2
1750,2026-08-28,"2026-08-20","Eggs - Dozen",1,6.5
1750,2026-08-28,"2026-08-20","Ground Beef - D&M - Lb.",1,10.5
1750,2026-08-28,"2026-08-20","Hamburger Buns - 4-pack",1,2.75
1750,2026-08-28,"2026-08-20","Hummus Choice ($6.75) - Tub",1,6.75
1750,2026-08-28,"2026-08-20","Mini",1,53.2
1521,2026-08-28,"2026-08-20","Mothership Pickup Time (1.0 @3:30-4) - @3:30-4",1,0
1521,2026-08-28,"2026-08-20","Chicken Breast - Wee  /lb. - Each",1,7.48
1521,2026-08-28,"2026-08-20","Eggs - Dozen",1,6.5
1521,2026-08-28,"2026-08-20","Peppers - Colored Bell - 3-pack",1,4
1521,2026-08-28,"2026-08-20","Sweet Corn - 5-pack",1,4
1521,2026-08-28,"2026-08-20","Tomatoes - Slicing - Bag",1,6.5
1521,2026-08-28,"2026-08-20","Extra Credit - Each",2.23,1.06
885,2026-08-28,"2026-08-20","Mothership Pickup Time - @6:30-7",1,0
885,2026-08-28,"2026-08-20","XO - Cooler Donation - $",1,1
885,2026-08-28,"2026-08-20","English Muffin Sourdough - Frozen - Pack",1,5
885,2026-08-28,"2026-08-20","Herb - Purple Basil - Herb",1,4
885,2026-08-28,"2026-08-20","Pita Bread - Frozen (1.0 White) - White",1,3.55
885,2026-08-28,"2026-08-20","RL Chocolate Milk - Bottle",1,2.75
885,2026-08-28,"2026-08-20","Watermelon - Sugar Baby - Each",1,6
885,2026-08-28,"2026-08-20","Half",1,84.79
896,2026-08-28,"2026-08-20","Kirkwood Pickup Time - @1-1:30",1,0
896,2026-08-28,"2026-08-20","Food Pantry Donation - $",5,1
896,2026-08-28,"2026-08-20","XO - Cooler Donation - $",5,1
896,2026-08-28,"2026-08-20","Light and Mild - T - Loaf",1,8.25
896,2026-08-28,"2026-08-20","Okra  - Bag",1,6
896,2026-08-28,"2026-08-20","Peaches - Bag",1,7
896,2026-08-28,"2026-08-20","Yogurt - Plain - Oz.",1,7.25
896,2026-08-28,"2026-08-20","Extra Credit - Each",16.75,1.06
896,2026-08-28,"2026-08-20","Half",1,84.79
171,2026-08-28,"2026-08-20","Mothership Pickup Time (4.0 @5-5:30) - @5-5:30",1,0
171,2026-08-28,"2026-08-20","Eggs - Dozen",1,6.5
171,2026-08-28,"2026-08-20","Ground Beef - D&M - Lb.",1,10.5
171,2026-08-28,"2026-08-20","Hamburger Buns - 4-pack",1,2.75
171,2026-08-28,"2026-08-20","Jar Tomatoes - Quart",1,7.75
171,2026-08-28,"2026-08-20","Louise's Original Granola - Bag",1,10
171,2026-08-28,"2026-08-20","Multigrain Bread - Frozen - Loaf",2,6.75
171,2026-08-28,"2026-08-20","Peaches - Bag",1,7
171,2026-08-28,"2026-08-20","Pork - Bratwurst  - Pack",1,8.5
171,2026-08-28,"2026-08-20","Yogurt - Blueberry - Oz.",1,7.25
171,2026-08-28,"2026-08-20","Yogurt - Strawberry - Oz.",1,7.25
171,2026-08-28,"2026-08-20","Extra Credit - Each",54.75,1.06
171,2026-08-28,"2026-08-20","Mini",1,53.2
790,2026-08-28,"2026-08-20","Eggs - BW - Dozen",1,6.5
790,2026-08-28,"2026-08-20","Cantaloupe - Each",1,6.5
790,2026-08-28,"2026-08-20","Honey - Qt. - Jar",1,20.25
790,2026-08-28,"2026-08-20","Meatballs D&M - Package",1,15
790,2026-08-28,"2026-08-20","Multigrain Bread - Frozen - Loaf",1,6.75
790,2026-08-28,"2026-08-20","Pork - Deli Ham RFF/lb. - Lb.",1,9.5
790,2026-08-28,"2026-08-20","RL Chocolate Milk - Bottle",1,2.75
790,2026-08-28,"2026-08-20","Extra Credit - Each",45.5,1.06
790,2026-08-28,"2026-08-20","Half",1,84.79
1683,2026-08-28,"2026-08-20","Kirkwood Pickup Time - @1-1:30",1,0
1683,2026-08-28,"2026-08-20","Chicken Breasts /lb. - Pack",1,9.86
1683,2026-08-28,"2026-08-20","Milk Chocolate Toasted Missouri Pecan Bark - Package",1,7.5
1683,2026-08-28,"2026-08-20","Peaches - Bag",1,7
1683,2026-08-28,"2026-08-20","Pretzel - UL Thursday  - Each",1,3.75
1683,2026-08-28,"2026-08-20","Seedy Wheaty - Frozen - Loaf",1,3.75
1683,2026-08-28,"2026-08-20","Extra Credit - Each",2.61,1.06
1683,2026-08-28,"2026-08-20","UCA/KWA",1,79.79
946,2026-08-28,"2026-08-20","Milk - Whole - Oz.",1,8.32
946,2026-08-28,"2026-08-20","Kirkwood Pickup Time (2.0 @1:30-2) - @1:30-2",1,0
946,2026-08-28,"2026-08-20","Cinnamon Rolls - Frozen - Pack",1,6.75
946,2026-08-28,"2026-08-20","Peaches - Bag",1,7
946,2026-08-28,"2026-08-20","Pretzel - UL Thursday  - Each",2,3.75
946,2026-08-28,"2026-08-20","Extra Credit - Each",0.32,1.06
946,2026-08-28,"2026-08-20","UCA/KWA",1,79.79
463,2026-08-28,"2026-08-20","Dark Bar 72% - Package",3,3
463,2026-08-28,"2026-08-20","Eggs - Dozen",1,6.5
463,2026-08-28,"2026-08-20","Ground Beef - D&M - Lb.",1,10.5
463,2026-08-28,"2026-08-20","Hummus Choice ($6.75) - Tub",1,6.75
463,2026-08-28,"2026-08-20","Extra Credit - Each",6.5,1.06
463,2026-08-28,"2026-08-20","Mini",1,53.2
979,2026-08-28,"2026-08-20","Mothership Pickup Time (1.0 @3:30-4) - @3:30-4",1,0
979,2026-08-28,"2026-08-20","Black Pepper Cheddar - Each",1,6.75
979,2026-08-28,"2026-08-20","Mustard (1.0 Garlic) - Garlic",1,6.5
979,2026-08-28,"2026-08-20","Oat Porridge Bread - T - Each",1,9
979,2026-08-28,"2026-08-20","Pork - Bratwurst  - Pack",1,8.5
979,2026-08-28,"2026-08-20","Extra Credit - Each",9,1.06
979,2026-08-28,"2026-08-20","Half",1,84.79
704,2026-08-28,"2026-08-26","Beef Kabob Meat - Lb.",1,12.75
704,2026-08-28,"2026-08-26","Coffee Stringbean Decaf - Bag",1,16
704,2026-08-28,"2026-08-26","Hummus Choice ($6.75) - Tub",1,6.75
704,2026-08-28,"2026-08-26","Mushrooms - Choice",1,8
704,2026-08-28,"2026-08-26","Pork Snack Sticks - 5 pk - Plain",1,10.3
704,2026-08-28,"2026-08-26","Soy Sauce - Mushroom - Bottle",1,7.5
704,2026-08-28,"2026-08-26","Extra Credit - Each",21.3,1.06
704,2026-08-28,"2026-08-26","FSA/FSD",1,79.79
335,2026-08-28,"2026-08-26","Mothership Pickup Time (1.0 @3:30-4) - @3:30-4",1,0
335,2026-08-28,"2026-08-26","XO - Cooler Donation - $",1,1
335,2026-08-28,"2026-08-26","Chicken - Ground - Lb.",1,10.25
335,2026-08-28,"2026-08-26","Mushrooms - Choice",1,8
335,2026-08-28,"2026-08-26","Potatoes - Kennebec - lbs",1,5.25
335,2026-08-28,"2026-08-26","Mini",1,53.2
371,2026-08-28,"2026-08-26","UCity Pickup Time (2.0 @4:30-5) - @4:30-5",1,0
371,2026-08-28,"2026-08-26","Black Beans DC - Tub",1,6.5
371,2026-08-28,"2026-08-26","Brisket - half/lb. - lbs",1,31.92
371,2026-08-28,"2026-08-26","Cheese Choice $6.75 - Each",1,6.75
371,2026-08-28,"2026-08-26","Hamburger Buns - 4-pack",1,2.75
371,2026-08-28,"2026-08-26","Janie's Bread - Wednesday - Each",1,7
371,2026-08-28,"2026-08-26","Pita Bread - Frozen (1.0 Wheat) - Wheat",1,4
371,2026-08-28,"2026-08-26","Popcorn - McKaskle - Lb.",1,5.75
371,2026-08-28,"2026-08-26","Extra Credit - Each",31.67,1.06
371,2026-08-28,"2026-08-26","Half",1,68.89
1410,2026-08-28,"2026-08-26","UCity Pickup Time - @4:10-4:30",1,0
1410,2026-08-28,"2026-08-26","Chicken Links - Sundried Tomato - lbs",1,10.5
1410,2026-08-28,"2026-08-26","Curds Applewood Smoked 10 oz - Bag",1,6.75
1410,2026-08-28,"2026-08-26","Eggs - Dozen",1,6.5
1410,2026-08-28,"2026-08-26","Ground Beef - D&M - Lb.",1,10.5
1410,2026-08-28,"2026-08-26","Hamburger Buns - 4-pack",1,2.75
1410,2026-08-28,"2026-08-26","Extra Credit - Each",4,1.06
1410,2026-08-28,"2026-08-26","Half",1,68.89
903,2026-08-28,"2026-08-26","Mothership Pickup Time (1.0 @3:30-4) - @3:30-4",1,0
903,2026-08-28,"2026-08-26","Chicken - Ground - Lb.",1,10.25
903,2026-08-28,"2026-08-26","Mushrooms - Choice",1,8
903,2026-08-28,"2026-08-26","Tomatoes - Funky Bunch - Pint",1,7
903,2026-08-28,"2026-08-26","Extra Credit - Each",0.5,1.06
903,2026-08-28,"2026-08-26","Mini",1,53.2
136,2026-08-28,"2026-08-26","Beans - Green - Bag",1,4.25
136,2026-08-28,"2026-08-26","Chicken - Breakfast - Pack",1,10.5
136,2026-08-28,"2026-08-26","Eggplant - Globe - Each",1,3
136,2026-08-28,"2026-08-26","Fairy Tale Eggplant - Pint",1,5
136,2026-08-28,"2026-08-26","Garlic - Head - Head",1,1
136,2026-08-28,"2026-08-26","Mushrooms (1.0 Oyster) - Oyster",1,8
136,2026-08-28,"2026-08-26","Squash - Zucchini - Each",1,3
136,2026-08-28,"2026-08-26","Extra Credit - Each",1.75,1.06
136,2026-08-28,"2026-08-26","Half",1,84.79
56,2026-08-28,"2026-08-26","Mothership Pickup Time (4.0 @5-5:30) - @5-5:30",1,0
56,2026-08-28,"2026-08-26","Cantaloupe (1.0 Medium) - Medium",1,7
56,2026-08-28,"2026-08-26","Cheese Choice $6.75 - Each",1,6.75
56,2026-08-28,"2026-08-26","Del Carmen Choice - Tub",1,6.5
56,2026-08-28,"2026-08-26","Eggs - Dozen",1,6.5
56,2026-08-28,"2026-08-26","Eggs - H - Dozen",1,6.5
56,2026-08-28,"2026-08-26","Ground Beef - D&M - Lb.",1,10.5
56,2026-08-28,"2026-08-26","Multigrain Bread - Frozen - Loaf",1,6.75
56,2026-08-28,"2026-08-26","Extra Credit - Each",17.5,1.06
56,2026-08-28,"2026-08-26","Half",1,84.79
346,2026-08-28,"2026-08-26","Milk - 2%  - Oz.",1,8.32
346,2026-08-28,"2026-08-26","Beans - Green - Bag",1,4.25
346,2026-08-28,"2026-08-26","Beets - Pickled - Quart",1,8.5
346,2026-08-28,"2026-08-26","Buttermilk Waffles Sourdough - Frozen - Pack",1,5
346,2026-08-28,"2026-08-26","Curds Garlic Herb HBC 10 oz  - Bag",1,6.75
346,2026-08-28,"2026-08-26","Curds Jalapeno Habanero 10 oz - Bag",1,6.75
346,2026-08-28,"2026-08-26","Eggs - Dozen",1,6.5
346,2026-08-28,"2026-08-26","Garlic - Head - Head",1,1
346,2026-08-28,"2026-08-26","Lasagna (1.0 Spinach) - Spinach",1,15
346,2026-08-28,"2026-08-26","Manicotti - Spinach - Package",1,10.15
346,2026-08-28,"2026-08-26","Onions - Red  - lbs",1,4
346,2026-08-28,"2026-08-26","Onions - Yellow - lbs",1,3.5
346,2026-08-28,"2026-08-26","Pork - Bratwurst  - Pack",1,8.5
346,2026-08-28,"2026-08-26","Pretzel - UL Wednesday - Each",1,3.75
346,2026-08-28,"2026-08-26","Ravioli - Mushroom  - Lb.",1,9.15
346,2026-08-28,"2026-08-26","Extra Credit - Each",68.12,1.06
346,2026-08-28,"2026-08-26","Half",1,84.79
1197,2026-08-28,"2026-08-26","Watermelon - Sugar Baby - Each",1,6
1197,2026-08-28,"2026-08-26","Extra Credit - Each",6,1.06
1039,2026-08-28,"2026-08-26","UCity Pickup Time (3.0 @5-5:30) - @5-5:30",1,0
1039,2026-08-28,"2026-08-26","Beans - Green - Bag",1,4.25
1039,2026-08-28,"2026-08-26","Black Pepper Cheddar - Each",1,6.75
1039,2026-08-28,"2026-08-26","Hot Sauce - Green - Oz.",1,7.25
1039,2026-08-28,"2026-08-26","Pork - Bratwurst  - Pack",1,8.5
1039,2026-08-28,"2026-08-26","UCA/KWA",1,79.79
1830,2026-08-28,"2026-08-26","Dates - Oz.",1,10
1830,2026-08-28,"2026-08-26","Mothership Pickup Time (2.0 @4-4:30) - @4-4:30",1,0
1830,2026-08-28,"2026-08-26","Chicken - Breakfast - Pack",2,10.5
1830,2026-08-28,"2026-08-26","Stringbean Half Caf - Bag",1,16
1830,2026-08-28,"2026-08-26","Extra Credit - Each",7,1.06
1830,2026-08-28,"2026-08-26","FSA/FSD",1,79.79
1830,2026-08-28,"2026-08-26","2% MILK",1,8.85
732,2026-08-28,"2026-08-26","Eggs - BW - Dozen",1,6.5
732,2026-08-28,"2026-08-26","Cucumbers - Slicing - Each",1,2
732,2026-08-28,"2026-08-26","Peaches - Bag",1,7
732,2026-08-28,"2026-08-26","Peppers - Banana - 4-pack",1,4.25
732,2026-08-28,"2026-08-26","Peppers - Red Bell XL - 1-each",1,2.5
732,2026-08-28,"2026-08-26","Squash - Zephyr - Share",1,4
732,2026-08-28,"2026-08-26","Sweet Corn - 5-pack",1,4
732,2026-08-28,"2026-08-26","Watermelon - Sugar Baby - Each",2,6
732,2026-08-28,"2026-08-26","Extra Credit - Each",42.25,1.06
1968,2026-08-28,"2026-08-26","Mothership Pickup Time (1.0 @3:30-4) - @3:30-4",1,0
1968,2026-08-28,"2026-08-26","Beets - Lb.",1,6.5
1968,2026-08-28,"2026-08-26","Eggs - H - Dozen",1,6.5
1968,2026-08-28,"2026-08-26","Garlic - Head - Head",5,1
1968,2026-08-28,"2026-08-26","Gnocchi - Sweet Potato  - Lb.",1,6.5
1968,2026-08-28,"2026-08-26","Mini",1,53.2
228,2026-08-28,"2026-08-26","UCity Pickup Time (3.0 @5-5:30) - @5-5:30",1,0
228,2026-08-28,"2026-08-26","Chicken - Ground - Lb.",1,10.25
228,2026-08-28,"2026-08-26","Cucumbers - Slicing - Each",3,2
228,2026-08-28,"2026-08-26","Mushrooms - Choice",1,8
228,2026-08-28,"2026-08-26","Pasta Long Bi-color - Lb.",1,6.5
228,2026-08-28,"2026-08-26","Peppers - Shishitos - Bag",1,7
228,2026-08-28,"2026-08-26","Extra Credit - Each",13,1.06
228,2026-08-28,"2026-08-26","Mini",1,53.2
1203,2026-08-28,"2026-08-26","Mothership Pickup Time (2.0 @4-4:30) - @4-4:30",1,0
1203,2026-08-28,"2026-08-26","Curds Applewood Smoked 10 oz - Bag",1,6.75
1203,2026-08-28,"2026-08-26","Eggs - H - Dozen",2,6.5
1203,2026-08-28,"2026-08-26","Pork - Bratwurst  - Pack",1,8.5
1203,2026-08-28,"2026-08-26","Pork - Ground  - Lb.",1,7.5
1203,2026-08-28,"2026-08-26","Pork Breakfast Link D&M - Pack",1,8.5
1203,2026-08-28,"2026-08-26","Extra Credit - Each",4.25,1.06
1203,2026-08-28,"2026-08-26","FSA/FSD",1,79.79
964,2026-08-28,"2026-08-26","Pepitas - Oz.",1,7.75
964,2026-08-28,"2026-08-26","Mothership Pickup Time (2.0 @4-4:30) - @4-4:30",1,0
964,2026-08-28,"2026-08-26","Beans - Green - Bag",1,4.25
964,2026-08-28,"2026-08-26","Buttermilk Waffles Sourdough - Frozen - Pack",1,5
964,2026-08-28,"2026-08-26","Cucumbers - Slicing - Each",1,2
964,2026-08-28,"2026-08-26","English Muffin Sourdough - Frozen - Pack",1,5
964,2026-08-28,"2026-08-26","Garlic - Head - Head",1,1
964,2026-08-28,"2026-08-26","Hummus Choice ($6.75) - Tub",1,6.75
964,2026-08-28,"2026-08-26","Onions - Red  - lbs",1,4
964,2026-08-28,"2026-08-26","Peaches - Bag",1,7
964,2026-08-28,"2026-08-26","Pita Bread - Pack",1,4
964,2026-08-28,"2026-08-26","Squash - Patty Pan - Lb.",1,4
964,2026-08-28,"2026-08-26","Squash - Zucchini - Each",1,3
964,2026-08-28,"2026-08-26","Extra Credit - Each",13.75,1.06
964,2026-08-28,"2026-08-26","FSA/FSD",1,79.79
892,2026-08-28,"2026-08-26","Pizza - Cheese  - Each",1,9
892,2026-08-28,"2026-08-26","UCity Pickup Time (3.0 @5-5:30) - @5-5:30",1,0
892,2026-08-28,"2026-08-26","Cheese Choice $6.75 - Each",1,6.75
892,2026-08-28,"2026-08-26","Del Carmen Choice - Tub",1,6.5
892,2026-08-28,"2026-08-26","Hummus - Garlic - Tub",1,6.75
892,2026-08-28,"2026-08-26","Peaches - Bag",1,7
892,2026-08-28,"2026-08-26","Extra Credit - Each",3,1.06
892,2026-08-28,"2026-08-26","Half",1,84.79
444,2026-08-28,"2026-08-26","Eggs - BW - Dozen",1,6.5
444,2026-08-28,"2026-08-26","UCity Pickup Time - @4:10-4:30",1,0
444,2026-08-28,"2026-08-26","Bacon - Uncured/lb - Pack",1,16.47
444,2026-08-28,"2026-08-26","RL Chocolate Milk - Bottle",2,2.75
444,2026-08-28,"2026-08-26","Rice - White - Lb.",1,6.5
444,2026-08-28,"2026-08-26","Extra Credit - Each",8.22,1.06
444,2026-08-28,"2026-08-26","UCA/KWA",1,79.79
949,2026-08-28,"2026-08-26","Chicken - Ground - Lb.",1,10.25
949,2026-08-28,"2026-08-26","Mushrooms - Choice",1,8
949,2026-08-28,"2026-08-26","Pasta Wildcard $6.50 - Pack",1,6.5
949,2026-08-28,"2026-08-26","Vinaigrette - Greek Style - Bottle",1,6.25
949,2026-08-28,"2026-08-26","Extra Credit - Each",6.25,1.06
949,2026-08-28,"2026-08-26","Mini",1,53.2
902,2026-08-28,"2026-08-26","Mothership Pickup Time (1.0 @3:30-4) - @3:30-4",1,0
902,2026-08-28,"2026-08-26","Cheese Choice $6.75 - Each",1,6.75
902,2026-08-28,"2026-08-26","Eggplant - Globe - Each",1,3
902,2026-08-28,"2026-08-26","Ground Beef - D&M - Lb.",1,10.5
902,2026-08-28,"2026-08-26","Hamburger Buns - 4-pack",1,2.75
902,2026-08-28,"2026-08-26","Peppers - Shishitos - Bag",1,7
902,2026-08-28,"2026-08-26","Seedy Wheaty - Frozen - Loaf",1,3.75
902,2026-08-28,"2026-08-26","Extra Credit - Each",0.75,1.06
902,2026-08-28,"2026-08-26","Half",1,84.79
472,2026-08-28,"2026-08-26","Black Bean Hummus - Tub",1,6.5
472,2026-08-28,"2026-08-26","Black Bean Soup - Tub",1,6.5
472,2026-08-28,"2026-08-26","Eggplant - Globe - Each",1,3
472,2026-08-28,"2026-08-26","Eggs - Dozen",1,6.5
472,2026-08-28,"2026-08-26","Ground Beef - D&M - Lb.",1,10.5
472,2026-08-28,"2026-08-26","Watermelon - Sugar Baby - Each",1,6
472,2026-08-28,"2026-08-26","Extra Credit - Each",6,1.06
472,2026-08-28,"2026-08-26","Half",1,68.89
1799,2026-08-28,"2026-08-26","Beef Kabob Meat - Lb.",1,12.75
1799,2026-08-28,"2026-08-26","Hummus Choice ($6.75) - Tub",1,6.75
1799,2026-08-28,"2026-08-26","Mushrooms - Choice",1,8
1799,2026-08-28,"2026-08-26","Olive Oil Small - ML",1,8.5
1799,2026-08-28,"2026-08-26","Pita Bread - Pack",1,4
1799,2026-08-28,"2026-08-26","FSA/FSD",1,79.79
1920,2026-08-28,"2026-08-26","UCity Pickup Time (3.0 @5-5:30) - @5-5:30",1,0
1920,2026-08-28,"2026-08-26","Cantaloupe (1.0 Medium) - Medium",1,7
1920,2026-08-28,"2026-08-26","Eggs - Dozen",1,6.5
1920,2026-08-28,"2026-08-26","Ground Beef - D&M - Lb.",1,10.5
1920,2026-08-28,"2026-08-26","Multigrain Bread - Frozen - Loaf",1,6.75
1920,2026-08-28,"2026-08-26","Pasta Bi-color Short - Lb.",1,6.5
1920,2026-08-28,"2026-08-26","Peppers - Red Bell XL - 1-each",2,2.5
1920,2026-08-28,"2026-08-26","Pork - Bratwurst  - Pack",1,8.5
1920,2026-08-28,"2026-08-26","Semolina - Wednesday - Loaf",1,7
1920,2026-08-28,"2026-08-26","Extra Credit - Each",24.75,1.06
1920,2026-08-28,"2026-08-26","Half",1,68.89
30,2026-08-28,"2026-08-26","Mothership Pickup Time (3.0 @4:30-5) - @4:30-5",1,0
30,2026-08-28,"2026-08-26","Chicken - Thighs /lbs  - lbs",1,9.12
30,2026-08-28,"2026-08-26","Eggs - Dozen",1,6.5
30,2026-08-28,"2026-08-26","German Quark HBC - Jar",1,6.75
30,2026-08-28,"2026-08-26","Hamburger Buns - 4-pack",1,2.75
30,2026-08-28,"2026-08-26","Paw Paws - Bag",1,8
30,2026-08-28,"2026-08-26","Tomatoes - Slicing - Bag",1,6.5
30,2026-08-28,"2026-08-26","Extra Credit - Each",6.62,1.06
30,2026-08-28,"2026-08-26","Half",1,84.79
1699,2026-08-28,"2026-08-26","Pizza - Cheese  - Each",1,9
1699,2026-08-28,"2026-08-26","UCity Pickup Time (2.0 @4:30-5) - @4:30-5",1,0
1699,2026-08-28,"2026-08-26","Lamb Gyro Seasoned - Lb.",1,18
1699,2026-08-28,"2026-08-26","Extra Credit - Each",0.25,1.06
1699,2026-08-28,"2026-08-26","UCA/KWA",1,79.79
1154,2026-08-28,"2026-08-26","Mothership Pickup Time (1.0 @3:30-4) - @3:30-4",1,0
1154,2026-08-28,"2026-08-26","Beef Kabob Meat - Lb.",2,13.13
1154,2026-08-28,"2026-08-26","Ground Beef - D&M - Lb.",1,10.5
1154,2026-08-28,"2026-08-26","Mushrooms - Choice",1,8
1154,2026-08-28,"2026-08-26","Pork - Ground  - Lb.",1,7.5
1154,2026-08-28,"2026-08-26","Extra Credit - Each",27.51,1.06
1154,2026-08-28,"2026-08-26","Mini",1,53.2
541,2026-08-28,"2026-08-26","Milk - Whole - Oz.",1,8.32
541,2026-08-28,"2026-08-26","UCity Pickup Time - @4:10-4:30",1,0
541,2026-08-28,"2026-08-26","Eggplant - Globe - Each",1,3
541,2026-08-28,"2026-08-26","Okra  - Bag",1,6
541,2026-08-28,"2026-08-26","Peppers - Carmen - 2-pack",1,3
541,2026-08-28,"2026-08-26","Peppers - Red Bell XL - 1-each",1,2.5
541,2026-08-28,"2026-08-26","Squash - Zephyr - Share",1,4
541,2026-08-28,"2026-08-26","Extra Credit - Each",0.07,1.06
541,2026-08-28,"2026-08-26","UCA/KWA",1,79.79
1928,2026-08-28,"2026-08-26","Bagels - Cinnamon Raisin - BU - Bag",1,11.25
1928,2026-08-28,"2026-08-26","Black Beans DC - Tub",1,6.5
1928,2026-08-28,"2026-08-26","Eggs - Dozen",1,6.5
1928,2026-08-28,"2026-08-26","Marinara Sauce - Jar",1,8.75
1928,2026-08-28,"2026-08-26","Half",1,68.89
1559,2026-08-28,"2026-08-26","Stringbean Peru - Oz.",1,16
1559,2026-08-28,"2026-08-26","UCity Pickup Time (3.0 @5-5:30) - @5-5:30",1,0
1559,2026-08-28,"2026-08-26","Food For FS Cats Donation - $",1,1
1559,2026-08-28,"2026-08-26","Chevre PF (1.0 Plain) - Plain",1,8.5
1559,2026-08-28,"2026-08-26","Coffee Stringbean Decaf - Bag",1,16
1559,2026-08-28,"2026-08-26","Deli Roast Beef - Lb.",1,22.5
1559,2026-08-28,"2026-08-26","Onions - Yellow - lbs",1,3.5
1559,2026-08-28,"2026-08-26","Peppers - Carmen - 2-pack",1,3
1559,2026-08-28,"2026-08-26","Watermelon - Sugar Baby - Each",1,6
1559,2026-08-28,"2026-08-26","Extra Credit - Each",51.75,1.06
1559,2026-08-28,"2026-08-26","Mini",1,53.2
1098,2026-08-28,"2026-08-26","Milk - 2%  - Oz.",1,8.32
1098,2026-08-28,"2026-08-26","UCity Pickup Time - @4:10-4:30",1,0
1098,2026-08-28,"2026-08-26","Beans - Green - Bag",1,4.25
1098,2026-08-28,"2026-08-26","Beets - Lb.",1,6.5
1098,2026-08-28,"2026-08-26","Cantaloupe (1.0 Medium) - Medium",1,7
1098,2026-08-28,"2026-08-26","Chicken Breasts /lb. - Pack",1,8.84
1098,2026-08-28,"2026-08-26","Eggs - H - Dozen",1,6.5
1098,2026-08-28,"2026-08-26","Funds for Snacks - Each",1,1
1098,2026-08-28,"2026-08-26","Mushrooms (1.0 Lion's Mane) - Lion's Mane",1,8
1098,2026-08-28,"2026-08-26","Okra  - Bag",1,6
1098,2026-08-28,"2026-08-26","Watermelon - Sugar Baby - Each",1,6
1098,2026-08-28,"2026-08-26","Extra Credit - Each",37.66,1.06
1098,2026-08-28,"2026-08-26","Mini",1,53.2
557,2026-08-28,"2026-08-26","Mothership Pickup Time (1.0 @3:30-4) - @3:30-4",1,0
557,2026-08-28,"2026-08-26","Chicken Breasts /lb. - Pack",1,12.07
557,2026-08-28,"2026-08-26","Hummus - Garlic - Tub",1,6.75
557,2026-08-28,"2026-08-26","Mushrooms (1.0 Shiitake) - Shiitake",1,8
557,2026-08-28,"2026-08-26","Peppers - Banana - 4-pack",1,4.25
557,2026-08-28,"2026-08-26","Peppers - Red Bell XL - 1-each",1,2.5
557,2026-08-28,"2026-08-26","Pita Bread - Pack",1,4
557,2026-08-28,"2026-08-26","Tomatoes - Heirloom - Bag",1,8
557,2026-08-28,"2026-08-26","Extra Credit - Each",5.57,1.06
557,2026-08-28,"2026-08-26","FSA/FSD",1,79.79
986,2026-08-28,"2026-08-26","Mothership Pickup Time (4.0 @5-5:30) - @5-5:30",1,0
986,2026-08-28,"2026-08-26","Boneless Pork Chop - D&M /lb - Lb.",1,16.28
986,2026-08-28,"2026-08-26","Eggs - Dozen",1,6.5
986,2026-08-28,"2026-08-26","Lamb Gyro w/ Feta & Spinach - Lb.",1,18
986,2026-08-28,"2026-08-26","Rice - White - Lb.",1,6.5
986,2026-08-28,"2026-08-26","Extra Credit - Each",14.28,1.06
986,2026-08-28,"2026-08-26","Half",1,84.79
288,2026-08-28,"2026-08-26","Mothership Pickup Time (1.0 @3:30-4) - @3:30-4",1,0
288,2026-08-28,"2026-08-26","Chicken - Ground - Lb.",1,10.25
288,2026-08-28,"2026-08-26","Gnocchi - Spinach  - Lb.",1,6.5
288,2026-08-28,"2026-08-26","Mushrooms (1.0 Oyster) - Oyster",1,8
288,2026-08-28,"2026-08-26","Mini",1,53.2
1896,2026-08-28,"2026-08-26","Mothership Pickup Time (4.0 @5-5:30) - @5-5:30",1,0
1896,2026-08-28,"2026-08-26","Eggs - H - Dozen",1,6.5
1896,2026-08-28,"2026-08-26","Pork - Chorizo (bulk) - Lb.",1,14
1896,2026-08-28,"2026-08-26","Pork - Deli Ham RFF/lb. - Lb.",1,9.5
1896,2026-08-28,"2026-08-26","Semolina - Wednesday - Loaf",1,7
1896,2026-08-28,"2026-08-26","Extra Credit - Each",12.25,1.06
1896,2026-08-28,"2026-08-26","Mini",1,53.2
83,2026-08-28,"2026-08-26","Eggs - BW - Dozen",2,6.5
83,2026-08-28,"2026-08-26","Mothership Pickup Time (1.0 @3:30-4) - @3:30-4",1,0
83,2026-08-28,"2026-08-26","Bagel Chips - Bag",1,9.75
83,2026-08-28,"2026-08-26","Cantaloupe (1.0 Medium) - Medium",1,7
83,2026-08-28,"2026-08-26","Hummus - Garlic - Tub",1,6.75
83,2026-08-28,"2026-08-26","Extra Credit - Each",3.5,1.06
83,2026-08-28,"2026-08-26","Half",1,84.79
1989,2026-08-28,"2026-08-26","Half & Half - Pint",1,4.75
1989,2026-08-28,"2026-08-26","Mothership Pickup Time (1.0 @3:30-4) - @3:30-4",1,0
1989,2026-08-28,"2026-08-26","Black Bean Hummus - Tub",1,6.5
1989,2026-08-28,"2026-08-26","Black Pepper Cheddar - Each",1,6.75
1989,2026-08-28,"2026-08-26","Eggs - Dozen",1,6.5
1989,2026-08-28,"2026-08-26","Ground Beef - D&M - Lb.",1,10.5
1989,2026-08-28,"2026-08-26","Hamburger Buns - 4-pack",1,2.75
1989,2026-08-28,"2026-08-26","Semolina - Wednesday - Loaf",1,7
1989,2026-08-28,"2026-08-26","Extra Credit - Each",11.75,1.06
1989,2026-08-28,"2026-08-26","Half",1,84.79
391,2026-08-28,"2026-08-26","Chicken - Ground - Lb.",1,10.25
391,2026-08-28,"2026-08-26","Mushrooms - Choice",1,8
391,2026-08-28,"2026-08-26","Pasta Wildcard $6.50 - Pack",1,6.5
391,2026-08-28,"2026-08-26","Mini",1,53.2
824,2026-08-28,"2026-08-26","Cucumbers - Slicing - Each",1,2
824,2026-08-28,"2026-08-26","Curry Sauce (1.0 Green) - Green",1,12
824,2026-08-28,"2026-08-26","Eggplant - Globe - Each",1,3
824,2026-08-28,"2026-08-26","Onions - Yellow - lbs",1,3.5
824,2026-08-28,"2026-08-26","Squash - Zephyr - Share",1,4
824,2026-08-28,"2026-08-26","Mini",1,53.2
207,2026-08-28,"2026-08-26","Cashews Salted - Oz.",1,21.5
207,2026-08-28,"2026-08-26","Eggs - BW - Dozen",1,6.5
207,2026-08-28,"2026-08-26","UCity Pickup Time (3.0 @5-5:30) - @5-5:30",1,0
207,2026-08-28,"2026-08-26","Beans - Green - Bag",1,4.25
207,2026-08-28,"2026-08-26","Cantaloupe (1.0 Medium) - Medium",1,7
207,2026-08-28,"2026-08-26","Chicken Breasts /lb. - Pack",1,8.84
207,2026-08-28,"2026-08-26","Fresh Herb - Basil - Bunch",1,4
207,2026-08-28,"2026-08-26","Mushrooms - Choice",1,8
207,2026-08-28,"2026-08-26","Peaches - Bag",1,7
207,2026-08-28,"2026-08-26","Sweet Corn - 5-pack",1,4
207,2026-08-28,"2026-08-26","Tomatoes - Funky Bunch - Pint",1,7
207,2026-08-28,"2026-08-26","Tomatoes - Slicing - Bag",1,6.5
207,2026-08-28,"2026-08-26","Watermelon - Sugar Baby - Each",1,6
207,2026-08-28,"2026-08-26","Extra Credit - Each",65.84,1.06
207,2026-08-28,"2026-08-26","Mini",1,53.2
100,2026-08-28,"2026-08-26","Mothership Pickup Time (3.0 @4:30-5) - @4:30-5",1,0
100,2026-08-28,"2026-08-26","Bacon - Each",1,13.5
100,2026-08-28,"2026-08-26","Boneless Pork Chop - D&M /lb - Lb.",1,16.5
100,2026-08-28,"2026-08-26","Manicotti - Spinach - Package",1,10.15
100,2026-08-28,"2026-08-26","Extra Credit - Each",15.4,1.06
100,2026-08-28,"2026-08-26","Mini",1,53.2
178,2026-08-28,"2026-08-26","Cheese Choice $6.75 - Each",1,6.75
178,2026-08-28,"2026-08-26","Del Carmen Choice - Tub",1,6.5
178,2026-08-28,"2026-08-26","Eggs - Dozen",1,6.5
178,2026-08-28,"2026-08-26","Ground Beef - D&M - Lb.",1,10.5
178,2026-08-28,"2026-08-26","Hamburger Buns - 4-pack",1,2.75
178,2026-08-28,"2026-08-26","Half",1,68.89
99,2026-08-28,"2026-08-26","Ground Turkey - Pack",1,10.25
99,2026-08-28,"2026-08-26","Mothership Pickup Time (5.0 @5:30-6) - @5:30-6",1,0
99,2026-08-28,"2026-08-26","Cantaloupe (1.0 Medium) - Medium",1,7
99,2026-08-28,"2026-08-26","Eggplant - Globe - Each",1,3
99,2026-08-28,"2026-08-26","Honey - Pint - Jar",1,11.5
99,2026-08-28,"2026-08-26","Mushrooms (1.0 Shiitake) - Shiitake",1,8
99,2026-08-28,"2026-08-26","Paw Paws - Bag",1,8
99,2026-08-28,"2026-08-26","Squash - Zucchini - Each",1,3
99,2026-08-28,"2026-08-26","Extra Credit - Each",10.75,1.06
542,2026-08-28,"2026-08-26","Milk - Whole - Oz.",1,8.32
542,2026-08-28,"2026-08-26","Mothership Pickup Time (2.0 @4-4:30) - @4-4:30",1,0
542,2026-08-28,"2026-08-26","Gluten Free Black Beans  - Tub",1,6.5
542,2026-08-28,"2026-08-26","Ground Beef - D&M - Lb.",2,10.5
542,2026-08-28,"2026-08-26","Extra Credit - Each",2.82,1.06
542,2026-08-28,"2026-08-26","Half",1,79.79
870,2026-08-28,"2026-08-26","Peanut Butter MC - Tub",1,7.75
870,2026-08-28,"2026-08-26","Mothership Pickup Time (4.0 @5-5:30) - @5-5:30",1,0
870,2026-08-28,"2026-08-26","Beef Kabob Meat - Lb.",1,12.75
870,2026-08-28,"2026-08-26","English Muffin Sourdough - Frozen - Pack",1,5
870,2026-08-28,"2026-08-26","Hummus - Carrot & Ginger - Tub",1,6.75
870,2026-08-28,"2026-08-26","Mushrooms - Choice",1,8
870,2026-08-28,"2026-08-26","Olive Oil Small - ML",1,8.5
870,2026-08-28,"2026-08-26","Rice - Basmati White - Lb.",1,7.5
870,2026-08-28,"2026-08-26","Extra Credit - Each",16.25,1.06
870,2026-08-28,"2026-08-26","FSA/FSD",1,79.79
637,2026-08-28,"2026-08-26","Mothership Pickup Time (1.0 @3:30-4) - @3:30-4",1,0
637,2026-08-28,"2026-08-26","XO! Green Bags Donation - $",1,1
637,2026-08-28,"2026-08-26","Cantaloupe (1.0 Medium) - Medium",1,7
637,2026-08-28,"2026-08-26","Eggs - Dozen",1,6.5
637,2026-08-28,"2026-08-26","Multigrain Bread - Frozen - Loaf",1,6.75
637,2026-08-28,"2026-08-26","Peaches - Bag",1,7
637,2026-08-28,"2026-08-26","Sweet Corn - 5-pack",1,4
637,2026-08-28,"2026-08-26","Half",1,84.79
1084,2026-08-28,"2026-08-26","Beef - Filet 1-1.5#./lb - Pack",1,38.28
1084,2026-08-28,"2026-08-26","Cheese Choice $6.75 - Each",1,6.75
1084,2026-08-28,"2026-08-26","Cinnamon Raisin Bread - Frozen - Loaf",1,6.75
1084,2026-08-28,"2026-08-26","Feta Cheese - HBC - Each",1,6.75
1084,2026-08-28,"2026-08-26","Ghost Pepper Cheddar - Each",1,6.75
1084,2026-08-28,"2026-08-26","Pretzel - UL Wednesday - Each",1,3.75
1084,2026-08-28,"2026-08-26","Soy Sauce - Mushroom - Bottle",1,7.5
1084,2026-08-28,"2026-08-26","Extra Credit - Each",43.53,1.06
1084,2026-08-28,"2026-08-26","Half",1,84.79
351,2026-08-28,"2026-08-26","Yogurt - Greek Plain - Oz.",1,7.75
351,2026-08-28,"2026-08-26","Mothership Pickup Time (1.0 @3:30-4) - @3:30-4",1,0
351,2026-08-28,"2026-08-26","Applewood Smoked Cheddar - Each",1,6.75
351,2026-08-28,"2026-08-26","Eggs - Dozen",1,6.5
351,2026-08-28,"2026-08-26","Honey - Qt. - Jar",1,20.25
351,2026-08-28,"2026-08-26","Mushrooms (1.0 King Oyster (French Horn)) - King Oyster (French Horn)",1,8
351,2026-08-28,"2026-08-26","Onions - Red  - lbs",1,4
351,2026-08-28,"2026-08-26","Semolina - Wednesday - Loaf",1,7
351,2026-08-28,"2026-08-26","Extra Credit - Each",27.25,1.06
351,2026-08-28,"2026-08-26","Half",1,84.79
401,2026-08-28,"2026-08-26","UCity Pickup Time - @4:10-4:30",1,0
401,2026-08-28,"2026-08-26","Beans - Green - Bag",1,4.25
401,2026-08-28,"2026-08-26","Peppers - Banana - 4-pack",1,4.25
401,2026-08-28,"2026-08-26","Peppers - Carmen - 2-pack",1,3
401,2026-08-28,"2026-08-26","Peppers - Red Bell XL - 1-each",1,2.5
401,2026-08-28,"2026-08-26","Tomatoes - Funky Bunch - Pint",2,7
401,2026-08-28,"2026-08-26","Watermelon - Sugar Baby - Each",1,6
401,2026-08-28,"2026-08-26","Extra Credit - Each",9.25,1.06
401,2026-08-28,"2026-08-26","Mini",1,53.2
481,2026-08-28,"2026-08-26","Beef Kabob Meat - Lb.",1,12.75
481,2026-08-28,"2026-08-26","Hummus Choice ($6.75) - Tub",1,6.75
481,2026-08-28,"2026-08-26","Mushrooms - Choice",1,8
481,2026-08-28,"2026-08-26","Olive Oil Small - ML",1,8.5
481,2026-08-28,"2026-08-26","Pita Bread - Pack",1,4
481,2026-08-28,"2026-08-26","FSA/FSD",1,79.79
1923,2026-08-28,"2026-08-26","UCity Pickup Time (3.0 @5-5:30) - @5-5:30",1,0
1923,2026-08-28,"2026-08-26","Blackberries - Frozen (1.0 Large) - Large",1,10.5
1923,2026-08-28,"2026-08-26","Cheese Choice $6.75 - Each",1,6.75
1923,2026-08-28,"2026-08-26","Mexican Dark Bark - Package",1,7.5
1923,2026-08-28,"2026-08-26","Oat Porridge Bread - Wednesday - Loaf",1,9
1923,2026-08-28,"2026-08-26","Vinaigrette - Greek Style - Bottle",1,6.25
1923,2026-08-28,"2026-08-26","Extra Credit - Each",13.25,1.06
1923,2026-08-28,"2026-08-26","UCA/KWA",1,79.79
1879,2026-08-28,"2026-08-26","Mothership Pickup Time (3.0 @4:30-5) - @4:30-5",1,0
1879,2026-08-28,"2026-08-26","Chicken - Ground - Lb.",1,10.25
1879,2026-08-28,"2026-08-26","Garlic - Head - Head",1,1
1879,2026-08-28,"2026-08-26","Mushrooms (1.0 Shiitake) - Shiitake",1,8
1879,2026-08-28,"2026-08-26","Pasta Wildcard $6.50 - Pack",1,6.5
1879,2026-08-28,"2026-08-26","Tomatoes - Funky Bunch - Pint",1,7
1879,2026-08-28,"2026-08-26","Extra Credit - Each",8,1.06
1879,2026-08-28,"2026-08-26","Mini",1,53.2
727,2026-08-28,"2026-08-26","Gringo's Salsa Choice ($5) - Pint",1,5
727,2026-08-28,"2026-08-26","UCity Pickup Time (3.0 @5-5:30) - @5-5:30",1,0
727,2026-08-28,"2026-08-26","Bacon - Uncured/lb - Pack",1,15.86
727,2026-08-28,"2026-08-26","Cheese Choice $6.75 - Each",1,6.75
727,2026-08-28,"2026-08-26","Paw Paws - Bag",1,8
727,2026-08-28,"2026-08-26","Extra Credit - Each",8.86,1.06
727,2026-08-28,"2026-08-26","UCA/KWA",1,79.79
526,2026-08-28,"2026-08-26","Chicken - Big Bag Deboned Thighs/lb. - Bag",1,41.09
526,2026-08-28,"2026-08-26","Milk - Chocolate - Oz.",1,9.39
526,2026-08-28,"2026-08-26","Hoagie - Wednesday - Each",1,3.5
526,2026-08-28,"2026-08-26","Tomatoes - Slicing - Bag",1,6.5
526,2026-08-28,"2026-08-26","Extra Credit - Each",33.73,1.06
526,2026-08-28,"2026-08-26","UCA/KWA",1,79.79
42,2026-08-28,"2026-08-26","UCity Pickup Time - @4:10-4:30",1,0
42,2026-08-28,"2026-08-26","Bagels - Plain - BU - Bag",1,11.25
42,2026-08-28,"2026-08-26","Chicken Thighs - Boneless/lb. - lbs",1,11.9
42,2026-08-28,"2026-08-26","Ground Beef - D&M - Lb.",1,10.5
42,2026-08-28,"2026-08-26","Extra Credit - Each",6.9,1.06
42,2026-08-28,"2026-08-26","UCA/KWA",1,79.79
544,2026-08-28,"2026-08-26","Curry Sauce (1.0 Green) - Green",1,12
544,2026-08-28,"2026-08-26","Eggs - Dozen",1,6.5
544,2026-08-28,"2026-08-26","Ground Beef - D&M - Lb.",1,10.5
544,2026-08-28,"2026-08-26","Hamburger Buns - 4-pack",1,2.75
544,2026-08-28,"2026-08-26","Marinara Sauce - Jar",1,8.75
544,2026-08-28,"2026-08-26","Pretzel - UL Wednesday - Each",1,3.75
544,2026-08-28,"2026-08-26","Sesame Hoagie -W - Each",1,3.8
544,2026-08-28,"2026-08-26","Extra Credit - Each",15.05,1.06
544,2026-08-28,"2026-08-26","Half",1,84.79
639,2026-08-28,"2026-08-26","UCity Pickup Time (3.0 @5-5:30) - @5-5:30",1,0
639,2026-08-28,"2026-08-26","Applewood Smoked Cheddar - Each",1,6.75
639,2026-08-28,"2026-08-26","Honey - Pint - Jar",1,11.5
639,2026-08-28,"2026-08-26","Paw Paws - Bag",2,8
639,2026-08-28,"2026-08-26","Extra Credit - Each",1.25,1.06
639,2026-08-28,"2026-08-26","Half",1,84.79
1030,2026-08-28,"2026-08-26","UCity Pickup Time (3.0 @5-5:30) - @5-5:30",1,0
1030,2026-08-28,"2026-08-26","Bagels - Poppy Seed - BU - Bag",1,11.25
1030,2026-08-28,"2026-08-26","Janie's Bread - Wednesday - Each",1,7
1030,2026-08-28,"2026-08-26","Pasta Long Bi-color - Lb.",1,6.5
1030,2026-08-28,"2026-08-26","Pork - Bratwurst  - Pack",1,8.5
1030,2026-08-28,"2026-08-26","Extra Credit - Each",6.5,1.06
1030,2026-08-28,"2026-08-26","UCA/KWA",1,79.79
1448,2026-08-28,"2026-08-26","XO - Cooler Donation - $",1,1
1448,2026-08-28,"2026-08-26","Lamb Gyro w/ Feta & Spinach - Lb.",1,18
1448,2026-08-28,"2026-08-26","Watermelon - Sugar Baby - Each",1,6
1448,2026-08-28,"2026-08-26","Extra Credit - Each",0.25,1.06
1448,2026-08-28,"2026-08-26","Mini",1,53.2
145,2026-08-28,"2026-08-26","Eggs - BW - Dozen",1,6.5
145,2026-08-28,"2026-08-26","Mothership Pickup Time (1.0 @3:30-4) - @3:30-4",1,0
145,2026-08-28,"2026-08-26","Garlic - Head - Head",1,1
145,2026-08-28,"2026-08-26","Oats - Rolled 5# - Bag",1,14.75
145,2026-08-28,"2026-08-26","Peppers - Red Bell XL - 1-each",1,2.5
145,2026-08-28,"2026-08-26","Mini",1,53.2
317,2026-08-28,"2026-08-26","UCity Pickup Time - @4:10-4:30",1,0
317,2026-08-28,"2026-08-26","Curry Sauce (1.0 Green) - Green",1,12
317,2026-08-28,"2026-08-26","Eggs - Dozen",1,6.5
317,2026-08-28,"2026-08-26","Garlic - Head - Head",2,1
317,2026-08-28,"2026-08-26","Hummus - Garlic - Tub",1,6.75
317,2026-08-28,"2026-08-26","Jar Tomatoes - Quart",3,7.75
317,2026-08-28,"2026-08-26","Marinara Sauce - Jar",1,8.75
317,2026-08-28,"2026-08-26","Mushrooms (1.0 Oyster) - Oyster",1,8
317,2026-08-28,"2026-08-26","Peaches - Bag",1,7
317,2026-08-28,"2026-08-26","Tomatoes - Funky Bunch - Pint",1,7
317,2026-08-28,"2026-08-26","Tomatoes - Slicing - Bag",1,6.5
317,2026-08-28,"2026-08-26","Tortellini - Goat Cheese - Pack",1,9.15
317,2026-08-28,"2026-08-26","Tortellini - Mushroom - Lb.",1,9.15
317,2026-08-28,"2026-08-26","Watermelon - Sugar Baby - Each",1,6
317,2026-08-28,"2026-08-26","Extra Credit - Each",79.05,1.06
317,2026-08-28,"2026-08-26","Half",1,68.89
429,2026-08-28,"2026-08-26","Chicken - Ground - Lb.",1,10.25
429,2026-08-28,"2026-08-26","Mushrooms - Choice",1,8
429,2026-08-28,"2026-08-26","Pasta Wildcard $6.50 - Pack",1,6.5
429,2026-08-28,"2026-08-26","Mini",1,53.2
863,2026-08-28,"2026-08-26","Salsa - Gringo's Hot - Pint",1,5
863,2026-08-28,"2026-08-26","Mothership Pickup Time (6.0 @6-6:30) - @6-6:30",1,0
863,2026-08-28,"2026-08-26","Chicken Links - Andouille  - Lb.",1,10.5
863,2026-08-28,"2026-08-26","Hummus - Garlic - Tub",1,6.75
863,2026-08-28,"2026-08-26","Olive Oil Small - ML",1,8.5
863,2026-08-28,"2026-08-26","Onions - Red  - lbs",1,4
863,2026-08-28,"2026-08-26","Salsa - Gringo's Mild - Jar",1,5
863,2026-08-28,"2026-08-26","FSA/FSD",1,79.79
190,2026-08-28,"2026-08-26","Mothership Pickup Time (3.0 @4:30-5) - @4:30-5",1,0
190,2026-08-28,"2026-08-26","Marinara Sauce - Jar",1,8.75
190,2026-08-28,"2026-08-26","Meatballs D&M - Package",1,15
190,2026-08-28,"2026-08-26","Pasta Long Egg - Lb.",1,6.5
190,2026-08-28,"2026-08-26","Paw Paws - Bag",1,8
190,2026-08-28,"2026-08-26","Potatoes - Kennebec - lbs",1,5.25
190,2026-08-28,"2026-08-26","Yogurt - Plain - Oz.",1,7.25
190,2026-08-28,"2026-08-26","Yogurt - Vanilla - Oz.",1,7.25
190,2026-08-28,"2026-08-26","Extra Credit - Each",33.25,1.06
190,2026-08-28,"2026-08-26","Mini",1,53.2
962,2026-08-28,"2026-08-26","Watermelon - Sugar Baby - Each",1,6
962,2026-08-28,"2026-08-26","Extra Credit - Each",6,1.06
125,2026-08-28,"2026-08-26","Beans - Green - Bag",1,4.25
125,2026-08-28,"2026-08-26","Blackberries - Frozen (1.0 Large) - Large",1,10.5
125,2026-08-28,"2026-08-26","Peppers - Banana - 4-pack",1,4.25
125,2026-08-28,"2026-08-26","Peppers - Red Bell XL - 1-each",2,2.5
125,2026-08-28,"2026-08-26","Tomatoes - Funky Bunch - Pint",1,7
125,2026-08-28,"2026-08-26","Tomatoes - Heirloom - Bag",1,8
125,2026-08-28,"2026-08-26","Extra Credit - Each",12.25,1.06
125,2026-08-28,"2026-08-26","UCA/KWA",1,79.79
1336,2026-08-28,"2026-08-26","UCity Pickup Time (3.0 @5-5:30) - @5-5:30",1,0
1336,2026-08-28,"2026-08-26","XO! Green Bags Donation - $",1,1
1336,2026-08-28,"2026-08-26","Hoagie - Wednesday - Each",1,3.5
1336,2026-08-28,"2026-08-26","Peaches - Bag",1,7
1336,2026-08-28,"2026-08-26","Peppers - Carmen - 2-pack",1,3
1336,2026-08-28,"2026-08-26","Peppers - Jalapenos - 5-pack",1,3.5
1336,2026-08-28,"2026-08-26","Pork Breakfast Link D&M - Pack",1,8.5
1336,2026-08-28,"2026-08-26","Potatoes - Kennebec - lbs",1,5.25
1336,2026-08-28,"2026-08-26","Squash - Zephyr - Share",1,4
1336,2026-08-28,"2026-08-26","Extra Credit - Each",35.75,1.06
1941,2026-08-28,"2026-08-26","Beans - Green - Bag",1,4.25
1941,2026-08-28,"2026-08-26","Chicken Breasts /lb. - Pack",2,11.56
1941,2026-08-28,"2026-08-26","Chicken Chorizo - Lb.",1,10.5
1941,2026-08-28,"2026-08-26","Chicken Wings/lb. - lbs",1,21.45
1941,2026-08-28,"2026-08-26","Ground Beef - D&M - Lb.",1,10.5
1941,2026-08-28,"2026-08-26","Extra Credit - Each",45.07,1.06
1941,2026-08-28,"2026-08-26","Mini",1,53.2
256,2026-08-28,"2026-08-26","Mothership Pickup Time (6.0 @6-6:30) - @6-6:30",1,0
256,2026-08-28,"2026-08-26","Chicken - Ground - Lb.",1,10.25
256,2026-08-28,"2026-08-26","Fairy Tale Eggplant - Pint",1,5
256,2026-08-28,"2026-08-26","Mushrooms (1.0 Oyster) - Oyster",1,8
256,2026-08-28,"2026-08-26","Pasta Wildcard $6.50 - Pack",1,6.5
256,2026-08-28,"2026-08-26","Tomatoes - Heirloom - Bag",1,8
256,2026-08-28,"2026-08-26","Extra Credit - Each",13,1.06
256,2026-08-28,"2026-08-26","Mini",1,53.2
235,2026-08-28,"2026-08-26","Eggs - BW - Dozen",1,6.5
235,2026-08-28,"2026-08-26","Beans & Rice - Tub",1,6.5
235,2026-08-28,"2026-08-26","Cantaloupe (1.0 Medium) - Medium",1,7
235,2026-08-28,"2026-08-26","Garlic - Head - Head",1,1
235,2026-08-28,"2026-08-26","Grits - Oz.",1,4.75
235,2026-08-28,"2026-08-26","Leeks - Bunch",1,6
235,2026-08-28,"2026-08-26","Extra Credit - Each",7,1.06
235,2026-08-28,"2026-08-26","Mini",1,53.2
1107,2026-08-28,"2026-08-26","UCity Pickup Time (3.0 @5-5:30) - @5-5:30",1,0
1107,2026-08-28,"2026-08-26","Beans - Green - Bag",1,4.25
1107,2026-08-28,"2026-08-26","Eggs - Dozen",1,6.5
1107,2026-08-28,"2026-08-26","Fairy Tale Eggplant - Pint",1,5
1107,2026-08-28,"2026-08-26","Manicotti - Spinach - Package",1,10.15
1107,2026-08-28,"2026-08-26","Peaches - Bag",1,7
1107,2026-08-28,"2026-08-26","Half",1,68.89
709,2026-08-28,"2026-08-26","Eggs - BW - Dozen",1,6.5
709,2026-08-28,"2026-08-26","RL Heavy Cream - Pint",1,6.5
709,2026-08-28,"2026-08-26","Beef Kabob Meat - Lb.",1,12.75
709,2026-08-28,"2026-08-26","Hummus Choice ($6.75) - Tub",1,6.75
709,2026-08-28,"2026-08-26","Mushrooms - Choice",1,8
709,2026-08-28,"2026-08-26","Olive Oil Small - ML",1,8.5
709,2026-08-28,"2026-08-26","Pita Bread - Pack",1,4
709,2026-08-28,"2026-08-26","Extra Credit - Each",13,1.06
709,2026-08-28,"2026-08-26","FSA/FSD",1,79.79
709,2026-08-28,"2026-08-26","Whole MILK",1,8.85
723,2026-08-28,"2026-08-26","UCity Pickup Time (3.0 @5-5:30) - @5-5:30",1,0
723,2026-08-28,"2026-08-26","Mustard (1.0 Honey) - Honey",1,6.5
723,2026-08-28,"2026-08-26","Pizza Sourdough - Frozen - Pack",1,5
723,2026-08-28,"2026-08-26","Pork - Breakfast Bulk - Pack",1,8.5
723,2026-08-28,"2026-08-26","Queso Quesadilla - HBC - Each",1,6.75
723,2026-08-28,"2026-08-26","UCA/KWA",1,79.79
763,2026-08-28,"2026-08-26","Beef Kabob Meat - Lb.",1,12.75
763,2026-08-28,"2026-08-26","Hummus Choice ($6.75) - Tub",1,6.75
763,2026-08-28,"2026-08-26","Mushrooms - Choice",1,8
763,2026-08-28,"2026-08-26","Olive Oil Small - ML",1,8.5
763,2026-08-28,"2026-08-26","Pita Bread - Pack",1,4
763,2026-08-28,"2026-08-26","FSA/FSD",1,79.79
598,2026-08-28,"2026-08-26","Chicken - Ground - Lb.",1,10.25
598,2026-08-28,"2026-08-26","Mushrooms - Choice",1,8
598,2026-08-28,"2026-08-26","Pasta Wildcard $6.50 - Pack",1,6.5
598,2026-08-28,"2026-08-26","Mini",1,53.2
423,2026-08-28,"2026-08-26","Mothership Pickup Time (6.0 @6-6:30) - @6-6:30",1,0
423,2026-08-28,"2026-08-26","Beef - Filet 1-1.5#./lb - Pack",1,51.5
423,2026-08-28,"2026-08-26","Beef Kabob Meat - Lb.",1,12.75
423,2026-08-28,"2026-08-26","Ground Beef - D&M - Lb.",2,10.5
423,2026-08-28,"2026-08-26","Hoagie - Wednesday - Each",1,3.5
423,2026-08-28,"2026-08-26","Hummus - Garlic - Tub",1,6.75
423,2026-08-28,"2026-08-26","Olive Oil Small - ML",1,8.5
423,2026-08-28,"2026-08-26","Tomatoes - Heirloom - Bag",1,8
423,2026-08-28,"2026-08-26","Yogurt - Vanilla - Oz.",1,7.25
423,2026-08-28,"2026-08-26","Extra Credit - Each",74.25,1.06
423,2026-08-28,"2026-08-26","FSA/FSD",1,79.79
1577,2026-08-28,"2026-08-26","Mothership Pickup Time (4.0 @5-5:30) - @5-5:30",1,0
1577,2026-08-28,"2026-08-26","Fairy Tale Eggplant - Pint",1,5
1577,2026-08-28,"2026-08-26","Flour - HRS Sifted Bread  - Bag",1,11.5
1577,2026-08-28,"2026-08-26","Garlic - Head - Head",1,1
1577,2026-08-28,"2026-08-26","Heirloom 2nds/3lbs bag - Lb.",1,8.5
1577,2026-08-28,"2026-08-26","Mushrooms - Choice",1,8
1577,2026-08-28,"2026-08-26","Extra Credit - Each",6.75,1.06
1577,2026-08-28,"2026-08-26","Mini",1,53.2
1577,2026-08-28,"2026-08-26","Whole MILK",1,8.85
814,2026-08-28,"2026-08-26","UCity Pickup Time - @4:10-4:30",1,0
814,2026-08-28,"2026-08-26","Food Pantry Donation - $",1,1
814,2026-08-28,"2026-08-26","XO! Green Bags Donation - $",1,1
814,2026-08-28,"2026-08-26","Bagels - Poppy Seed - BU - Bag",1,11.25
814,2026-08-28,"2026-08-26","Eggs - Dozen",1,6.5
814,2026-08-28,"2026-08-26","Peaches - Bag",1,7
814,2026-08-28,"2026-08-26","Sweet Dill Pickles - Quart",1,7.75
814,2026-08-28,"2026-08-26","Watermelon - Sugar Baby - Each",1,6
814,2026-08-28,"2026-08-26","Extra Credit - Each",2.5,1.06
814,2026-08-28,"2026-08-26","Half",1,68.89
814,2026-08-28,"2026-08-26","Creamline MILK-e",1,8.85
814,2026-08-28,"2026-08-26","Whole MILK-e",1,8.85
1627,2026-08-28,"2026-08-26","Beef Kabob Meat - Lb.",1,12.75
1627,2026-08-28,"2026-08-26","Hummus Choice ($6.75) - Tub",1,6.75
1627,2026-08-28,"2026-08-26","Mushrooms - Choice",1,8
1627,2026-08-28,"2026-08-26","Olive Oil Small - ML",1,8.5
1627,2026-08-28,"2026-08-26","Pita Bread - Pack",1,4
1627,2026-08-28,"2026-08-26","FSA/FSD",1,79.79
322,2026-08-28,"2026-08-26","Salsa - Gringo's Hot - Pint",1,5
322,2026-08-28,"2026-08-26","UCity Pickup Time (2.0 @4:30-5) - @4:30-5",1,0
322,2026-08-28,"2026-08-26","Curds Creamy Ranch 10 oz - Bag",1,6.75
322,2026-08-28,"2026-08-26","Pizza Sauce - Jar",1,6.75
322,2026-08-28,"2026-08-26","Pork - Bratwurst  - Pack",1,8.5
322,2026-08-28,"2026-08-26","Extra Credit - Each",0.25,1.06
322,2026-08-28,"2026-08-26","UCA/KWA",1,79.79
322,2026-08-28,"2026-08-26","2% MILK-e",1,8.85
132,2026-08-28,"2026-08-26","Mothership Pickup Time (3.0 @4:30-5) - @4:30-5",1,0
132,2026-08-28,"2026-08-26","XO - Cooler Donation - $",1,1
132,2026-08-28,"2026-08-26","Black Bean Dip - Tub",1,6.5
132,2026-08-28,"2026-08-26","Eggs - Dozen",1,6.5
132,2026-08-28,"2026-08-26","Garlic - Head - Head",1,1
132,2026-08-28,"2026-08-26","Ground Beef - D&M - Lb.",1,10.5
132,2026-08-28,"2026-08-26","Hamburger Buns - 4-pack",1,2.75
132,2026-08-28,"2026-08-26","Queso Quesadilla - HBC - Each",1,6.75
132,2026-08-28,"2026-08-26","Extra Credit - Each",2,1.06
132,2026-08-28,"2026-08-26","Half",1,84.79
409,2026-08-28,"2026-08-26","Gringo's Salsa Choice ($5) - Pint",1,5
409,2026-08-28,"2026-08-26","RL Heavy Cream - Pint",1,6.5
409,2026-08-28,"2026-08-26","Cheese Choice $6.75 - Each",1,6.75
409,2026-08-28,"2026-08-26","Pork - Bratwurst  - Pack",1,8.5
409,2026-08-28,"2026-08-26","UCA/KWA",1,79.79
681,2026-08-28,"2026-08-26","Beans - Green - Bag",1,4.25
681,2026-08-28,"2026-08-26","Black Pepper Cheddar - Each",1,6.75
681,2026-08-28,"2026-08-26","Garlic - Head - Head",1,1
681,2026-08-28,"2026-08-26","Pork - Bratwurst  - Pack",1,8.5
681,2026-08-28,"2026-08-26","Sale Yogurt - Vanilla best by 8/16 - Oz.",1,6.75
681,2026-08-28,"2026-08-26","Extra Credit - Each",0.5,1.06
681,2026-08-28,"2026-08-26","UCA/KWA",1,79.79
1004,2026-08-28,"2026-08-26","UCity Pickup Time - @4:10-4:30",1,0
1004,2026-08-28,"2026-08-26","Chicken Links - Sundried Tomato - lbs",1,10.5
1004,2026-08-28,"2026-08-26","Dark Chocolate Almond Bar - Pack",2,4.95
1004,2026-08-28,"2026-08-26","Feta Cheese - HBC - Each",1,6.75
1004,2026-08-28,"2026-08-26","Hummus - Garlic - Tub",1,6.75
1004,2026-08-28,"2026-08-26","Oat Porridge Bread - Wednesday - Loaf",1,9
1004,2026-08-28,"2026-08-26","Extra Credit - Each",16.15,1.06
1004,2026-08-28,"2026-08-26","UCA/KWA",1,79.79
960,2026-08-28,"2026-08-26","Bacon Ends /lb. - Package",1,10.85
960,2026-08-28,"2026-08-26","Black Bean Hummus - Tub",1,6.5
960,2026-08-28,"2026-08-26","Chevre PF (1.0 Herb) - Herb",1,8.5
960,2026-08-28,"2026-08-26","Eggs - Dozen",1,6.5
960,2026-08-28,"2026-08-26","English Muffin Sourdough - Frozen - Pack",1,5
960,2026-08-28,"2026-08-26","Gnocchi - Sweet Potato  - Lb.",1,6.5
960,2026-08-28,"2026-08-26","Pork - Ground  - Lb.",1,7.5
960,2026-08-28,"2026-08-26","Tortillas Sourdough - Frozen - Pack",1,5
960,2026-08-28,"2026-08-26","Extra Credit - Each",23.35,1.06
960,2026-08-28,"2026-08-26","Half",1,84.79
1474,2026-08-28,"2026-08-26","Mothership Pickup Time (6.0 @6-6:30) - @6-6:30",1,0
1474,2026-08-28,"2026-08-26","Buttermilk Waffles Sourdough - Frozen - Pack",1,5
1474,2026-08-28,"2026-08-26","Light and Mild - Wednesday - Loaf",1,8.25
1474,2026-08-28,"2026-08-26","Pasta Bi-color Short - Lb.",1,6.5
1474,2026-08-28,"2026-08-26","Squash - Zucchini - Each",1,3
1474,2026-08-28,"2026-08-26","Tomatoes - Funky Bunch - Pint",1,7
1474,2026-08-28,"2026-08-26","Extra Credit - Each",5,1.06
1474,2026-08-28,"2026-08-26","Mini",1,53.2
1048,2026-08-28,"2026-08-26","UCity Pickup Time (2.0 @4:30-5) - @4:30-5",1,0
1048,2026-08-28,"2026-08-26","Pork - Ground  - Lb.",2,7.5
1048,2026-08-28,"2026-08-26","Squash - Zucchini - Each",2,3
1048,2026-08-28,"2026-08-26","Tomatoes - Slicing - Bag",1,6.5
1048,2026-08-28,"2026-08-26","Extra Credit - Each",0.75,1.06
1048,2026-08-28,"2026-08-26","UCA/KWA",1,79.79
1255,2026-08-28,"2026-08-26","Eggs - BW - Dozen",1,6.5
1255,2026-08-28,"2026-08-26","Mothership Pickup Time (3.0 @4:30-5) - @4:30-5",1,0
1255,2026-08-28,"2026-08-26","Cucumbers - Slicing - Each",2,2
1255,2026-08-28,"2026-08-26","Curds Applewood Smoked 10 oz - Bag",1,6.75
1255,2026-08-28,"2026-08-26","Garlic - Head - Head",1,1
1255,2026-08-28,"2026-08-26","Hoagie - Wednesday - Each",1,3.5
1255,2026-08-28,"2026-08-26","Mushrooms - Choice",1,8
1255,2026-08-28,"2026-08-26","Tomatoes - Funky Bunch - Pint",1,7
1255,2026-08-28,"2026-08-26","Extra Credit - Each",9.5,1.06
1255,2026-08-28,"2026-08-26","Mini",1,53.2
1255,2026-08-28,"2026-08-26","2% MILK",1,8.85
1255,2026-08-28,"2026-08-26","Half & Half",1,5.05
620,2026-08-28,"2026-08-26","Beans - Green - Bag",1,4.25
620,2026-08-28,"2026-08-26","Black Bean Dip - Tub",1,6.5
620,2026-08-28,"2026-08-26","Cantaloupe (1.0 Medium) - Medium",1,7
620,2026-08-28,"2026-08-26","Eggs - Dozen",1,6.5
620,2026-08-28,"2026-08-26","Okra  - Bag",1,6
620,2026-08-28,"2026-08-26","Paw Paws - Bag",1,8
620,2026-08-28,"2026-08-26","Peppers - Jalapenos - 5-pack",1,3.5
620,2026-08-28,"2026-08-26","Semolina - Wednesday - Loaf",1,7
620,2026-08-28,"2026-08-26","Watermelon - Sugar Baby - Each",1,6
620,2026-08-28,"2026-08-26","Extra Credit - Each",21.75,1.06
620,2026-08-28,"2026-08-26","Half",1,84.79
1162,2026-08-28,"2026-08-26","Jam - Strawberry HBY - Pint",1,7
1162,2026-08-28,"2026-08-26","Mothership Pickup Time (1.0 @3:30-4) - @3:30-4",1,0
1162,2026-08-28,"2026-08-26","Ground Beef - D&M - Lb.",1,10.5
1162,2026-08-28,"2026-08-26","Pasta Wildcard $6.50 - Pack",1,6.5
1162,2026-08-28,"2026-08-26","Potatoes - Kennebec - lbs",1,5.25
1162,2026-08-28,"2026-08-26","Extra Credit - Each",4.5,1.06
1162,2026-08-28,"2026-08-26","Mini",1,53.2
465,2026-08-28,"2026-08-26","Buttermilk Waffles Sourdough - Frozen - Pack",1,5
465,2026-08-28,"2026-08-26","Cantaloupe (1.0 Medium) - Medium",1,7
465,2026-08-28,"2026-08-26","Chicken - Ground - Lb.",1,10.25
465,2026-08-28,"2026-08-26","Pasta Wildcard $6.50 - Pack",1,6.5
465,2026-08-28,"2026-08-26","Extra Credit - Each",4,1.06
465,2026-08-28,"2026-08-26","Mini",1,53.2
1735,2026-08-28,"2026-08-26","UCity Pickup Time (2.0 @4:30-5) - @4:30-5",1,0
1735,2026-08-28,"2026-08-26","Applewood Smoked Cheddar - Each",1,6.75
1735,2026-08-28,"2026-08-26","Light and Mild - Wednesday - Loaf",1,8.25
1735,2026-08-28,"2026-08-26","Pork - Ground  - Lb.",1,7.5
1735,2026-08-28,"2026-08-26","Tomatoes - Heirloom - Bag",1,8
1735,2026-08-28,"2026-08-26","Extra Credit - Each",3.75,1.06
1735,2026-08-28,"2026-08-26","UCA/KWA",1,79.79
627,2026-08-28,"2026-08-26","UCity Pickup Time - @4:10-4:30",1,0
627,2026-08-28,"2026-08-26","Chicken - Ground - Lb.",1,10.25
627,2026-08-28,"2026-08-26","Gnocchi - Garlic Chive  - Lb.",1,6.5
627,2026-08-28,"2026-08-26","Mushrooms (1.0 Oyster) - Oyster",1,8
627,2026-08-28,"2026-08-26","Watermelon - Sugar Baby - Each",1,6
627,2026-08-28,"2026-08-26","Extra Credit - Each",6,1.06
627,2026-08-28,"2026-08-26","Mini",1,53.2
1014,2026-08-28,"2026-08-26","UCity Pickup Time (3.0 @5-5:30) - @5-5:30",1,0
1014,2026-08-28,"2026-08-26","Chicken Breasts /lb. - Pack",1,13.26
1014,2026-08-28,"2026-08-26","Garlic - Head - Head",3,1
1014,2026-08-28,"2026-08-26","Leeks - Bunch",1,6
1014,2026-08-28,"2026-08-26","Mushrooms (1.0 Lion's Mane) - Lion's Mane",1,8
1014,2026-08-28,"2026-08-26","Peppers - Carmen - 2-pack",1,3
1014,2026-08-28,"2026-08-26","Peppers - Jalapenos - 5-pack",1,3.5
1014,2026-08-28,"2026-08-26","Salmon - Fillet Pieces/LB* - Each",2,14.4
1014,2026-08-28,"2026-08-26","Strip Steak /lb - Pack",1,12.09
1014,2026-08-28,"2026-08-26","Extra Credit - Each",52.9,1.06
1014,2026-08-28,"2026-08-26","Mini",1,53.2
1014,2026-08-28,"2026-08-26","Eggs - Buttonwood",1,6.65
1427,2026-08-28,"2026-08-26","Stringbean Peru - Oz.",1,16
1427,2026-08-28,"2026-08-26","Mothership Pickup Time (5.0 @5:30-6) - @5:30-6",1,0
1427,2026-08-28,"2026-08-26","Cantaloupe (1.0 Medium) - Medium",1,7
1427,2026-08-28,"2026-08-26","Chicken - Ground - Lb.",1,10.25
1427,2026-08-28,"2026-08-26","Eggs - H - Dozen",1,6.5
1427,2026-08-28,"2026-08-26","Garlic - Head - Head",3,1
1427,2026-08-28,"2026-08-26","Tomatoes - Slicing - Bag",1,6.5
1427,2026-08-28,"2026-08-26","Extra Credit - Each",24.5,1.06
225,2026-08-28,"2026-08-26","UCity Pickup Time - @4:10-4:30",1,0
225,2026-08-28,"2026-08-26","Beans - Green - Bag",1,4.25
225,2026-08-28,"2026-08-26","Hoagie - Wednesday - Each",1,3.5
225,2026-08-28,"2026-08-26","Honey - Qt. - Jar",1,20.25
225,2026-08-28,"2026-08-26","Tomatoes - Heirloom - Bag",1,8
225,2026-08-28,"2026-08-26","Extra Credit - Each",33.5,1.06
225,2026-08-28,"2026-08-26","(BYO) UCG - Orders Only",1,0
225,2026-08-28,"2026-08-26","Cream pint",1,5.32
225,2026-08-28,"2026-08-26","Eggs - Buttonwood",1,6.92
225,2026-08-28,"2026-08-26","Plain yogurt",1,7.55
225,2026-08-28,"2026-08-26","Whole MILK-e",1,8.85
1534,2026-08-28,"2026-08-26","Cantaloupe (1.0 Medium) - Medium",1,7
1534,2026-08-28,"2026-08-26","Eggplant - Globe - Each",1,3
1534,2026-08-28,"2026-08-26","Eggs - Dozen",1,6.5
1534,2026-08-28,"2026-08-26","German Quark HBC - Jar",1,6.75
1534,2026-08-28,"2026-08-26","Granola Bar - Each",2,3.8
1534,2026-08-28,"2026-08-26","Hamburger Buns - 4-pack",1,2.75
1534,2026-08-28,"2026-08-26","Leeks - Bunch",1,6
1534,2026-08-28,"2026-08-26","Meatballs D&M - Package",1,15
1534,2026-08-28,"2026-08-26","Okra  - Bag",2,6
1534,2026-08-28,"2026-08-26","Potatoes - Kennebec - lbs",1,5.25
1534,2026-08-28,"2026-08-26","Extra Credit - Each",38.85,1.06
1534,2026-08-28,"2026-08-26","Half",1,84.79
1534,2026-08-28,"2026-08-26","Whole MILK",1,8.85
384,2026-08-28,"2026-08-26","UCity Pickup Time (2.0 @4:30-5) - @4:30-5",1,0
384,2026-08-28,"2026-08-26","Chicken - Ground - Lb.",1,10.25
384,2026-08-28,"2026-08-26","Eggs - Dozen",1,6.5
384,2026-08-28,"2026-08-26","Ground Beef - D&M - Lb.",1,10.5
384,2026-08-28,"2026-08-26","Hamburger Buns - 4-pack",1,2.75
384,2026-08-28,"2026-08-26","Honey - Qt. - Jar",1,20.25
384,2026-08-28,"2026-08-26","Oats - Rolled 5# - Bag",1,14.75
384,2026-08-28,"2026-08-26","Tomatoes - Slicing - Bag",1,6.5
384,2026-08-28,"2026-08-26","Yogurt - Plain - Oz.",1,7.25
384,2026-08-28,"2026-08-26","Extra Credit - Each",40.75,1.06
384,2026-08-28,"2026-08-26","Half",1,68.89
384,2026-08-28,"2026-08-26","2% MILK-e",1,8.85
554,2026-08-28,"2026-08-26","Chicken - Ground - Lb.",1,10.25
554,2026-08-28,"2026-08-26","Mushrooms - Choice",1,8
554,2026-08-28,"2026-08-26","Pasta Wildcard $6.50 - Pack",1,6.5
554,2026-08-28,"2026-08-26","Mini",1,53.2
240,2026-08-28,"2026-08-26","Mothership Pickup Time (1.0 @3:30-4) - @3:30-4",1,0
240,2026-08-28,"2026-08-26","Chevre PF (1.0 Herb) - Herb",1,8.5
240,2026-08-28,"2026-08-26","Ground Beef - D&M - Lb.",1,10.5
240,2026-08-28,"2026-08-26","Milk Chocolate PB Bon Bons - Pack",1,12
240,2026-08-28,"2026-08-26","Squash - Patty Pan - Lb.",1,4
240,2026-08-28,"2026-08-26","Tomatoes - 2nds - lbs",1,8
240,2026-08-28,"2026-08-26","Extra Credit - Each",3,1.06
240,2026-08-28,"2026-08-26","FSA/FSD",1,79.79
751,2026-08-28,"2026-08-26","Mothership Pickup Time (2.0 @4-4:30) - @4-4:30",1,0
751,2026-08-28,"2026-08-26","XO - Cooler Donation - $",1,1
751,2026-08-28,"2026-08-26","Cucumbers - Slicing - Each",1,2
751,2026-08-28,"2026-08-26","Fairy Tale Eggplant - Pint",1,5
751,2026-08-28,"2026-08-26","Ground Beef - D&M - Lb.",1,10.5
751,2026-08-28,"2026-08-26","Mushrooms (1.0 Maitake (Hen of the Woods)) - Maitake (Hen of the Woods)",1,8
751,2026-08-28,"2026-08-26","Peppers - Red Bell XL - 1-each",1,2.5
751,2026-08-28,"2026-08-26","Pita Bread - Frozen (1.0 Wheat) - Wheat",1,4
751,2026-08-28,"2026-08-26","Tomatoes - Funky Bunch - Pint",1,7
751,2026-08-28,"2026-08-26","FSA/FSD",1,79.79
952,2026-08-28,"2026-08-26","Mothership Pickup Time (4.0 @5-5:30) - @5-5:30",1,0
952,2026-08-28,"2026-08-26","Cantaloupe (1.0 Medium) - Medium",2,7
952,2026-08-28,"2026-08-26","Eggs - H - Dozen",1,6.5
952,2026-08-28,"2026-08-26","Hummus Choice ($6.75) - Tub",1,6.75
952,2026-08-28,"2026-08-26","Louise's Original Granola - Bag",1,10
952,2026-08-28,"2026-08-26","Mushrooms - Choice",1,8
952,2026-08-28,"2026-08-26","RL Chocolate Milk - Bottle",2,2.75
952,2026-08-28,"2026-08-26","Rice - Basmati White - Lb.",1,7.5
952,2026-08-28,"2026-08-26","Seedy Wheaty - Frozen - Loaf",1,3.75
952,2026-08-28,"2026-08-26","Watermelon - Sugar Baby - Each",1,6
952,2026-08-28,"2026-08-26","Extra Credit - Each",28,1.06
952,2026-08-28,"2026-08-26","FSA/FSD",1,79.79
381,2026-08-28,"2026-08-26","Mothership Pickup Time (1.0 @3:30-4) - @3:30-4",1,0
381,2026-08-28,"2026-08-26","Beef Kabob Meat - Lb.",1,12.75
381,2026-08-28,"2026-08-26","Beets - Lb.",2,6.5
381,2026-08-28,"2026-08-26","Chicken - Whole $5.00/lb. - Each",1,17.6
381,2026-08-28,"2026-08-26","Gnocchi - Garlic Chive  - Lb.",1,6.5
381,2026-08-28,"2026-08-26","Gnocchi - Spinach  - Lb.",1,6.5
381,2026-08-28,"2026-08-26","Hummus Choice ($6.75) - Tub",1,6.75
381,2026-08-28,"2026-08-26","Potatoes - Kennebec - lbs",1,5.25
381,2026-08-28,"2026-08-26","Thick Cut Dill Pickles - Quart",1,7.75
381,2026-08-28,"2026-08-26","Extra Credit - Each",36.1,1.06
381,2026-08-28,"2026-08-26","FSA/FSD",1,79.79
107,2026-08-28,"2026-08-26","UCity Pickup Time (2.0 @4:30-5) - @4:30-5",1,0
107,2026-08-28,"2026-08-26","Beets - Lb.",1,6.5
107,2026-08-28,"2026-08-26","Chicken - Ground - Lb.",1,10.25
107,2026-08-28,"2026-08-26","Pita Bread - Frozen (1.0 Wheat) - Wheat",1,4
107,2026-08-28,"2026-08-26","Squash - Zephyr - Share",1,4
107,2026-08-28,"2026-08-26","Mini",1,53.2
1143,2026-08-28,"2026-08-26","Yogurt - Greek Plain - Oz.",1,7.75
1143,2026-08-28,"2026-08-26","Pizza - Sausage Pepperoni - Each",1,9.5
1143,2026-08-28,"2026-08-26","UCity Pickup Time (3.0 @5-5:30) - @5-5:30",1,0
1143,2026-08-28,"2026-08-26","Black Bean Dip - Tub",1,6.5
1143,2026-08-28,"2026-08-26","Cannoli - Frozen - 2-pack",1,7
1143,2026-08-28,"2026-08-26","Dark Chocolate Bon Bons - Pack",1,12
1143,2026-08-28,"2026-08-26","Pasta Long Bi-color - Lb.",1,6.5
1143,2026-08-28,"2026-08-26","Extra Credit - Each",22.5,1.06
1143,2026-08-28,"2026-08-26","UCA/KWA",1,79.79
227,2026-08-28,"2026-08-26","UCity Pickup Time (2.0 @4:30-5) - @4:30-5",1,0
227,2026-08-28,"2026-08-26","Food Pantry Donation - $",3,1
227,2026-08-28,"2026-08-26","Beans - Green - Bag",1,4.25
227,2026-08-28,"2026-08-26","Eggs - H - Dozen",1,6.5
227,2026-08-28,"2026-08-26","Jam - Blackberry Jalapeno - Pint",1,7
227,2026-08-28,"2026-08-26","Tomatoes - Slicing - Bag",1,6.5
227,2026-08-28,"2026-08-26","Extra Credit - Each",0.5,1.06
227,2026-08-28,"2026-08-26","UCA/KWA",1,79.79
1689,2026-08-28,"2026-08-26","UCity Pickup Time (2.0 @4:30-5) - @4:30-5",1,0
1689,2026-08-28,"2026-08-26","Bagels - Pumpernickel - BU - Bag",1,11.25
1689,2026-08-28,"2026-08-26","Eggs - H - Dozen",1,6.5
1689,2026-08-28,"2026-08-26","Garlic - Head - Head",1,1
1689,2026-08-28,"2026-08-26","Okra  - Bag",1,6
1689,2026-08-28,"2026-08-26","Potatoes - Kennebec - lbs",1,5.25
1689,2026-08-28,"2026-08-26","Sweet Corn - 5-pack",1,4
1689,2026-08-28,"2026-08-26","Tomatoes - 2nds - lbs",1,8
1689,2026-08-28,"2026-08-26","Tomatoes - Funky Bunch - Pint",1,7
1689,2026-08-28,"2026-08-26","Extra Credit - Each",24.25,1.06
1689,2026-08-28,"2026-08-26","Mini",1,53.2
418,2026-08-28,"2026-08-26","Milk - 2%  - Oz.",1,8.32
418,2026-08-28,"2026-08-26","UCity Pickup Time - @4:10-4:30",1,0
418,2026-08-28,"2026-08-26","Donation to Food Pantry - Each",5,1
418,2026-08-28,"2026-08-26","Marbled Rye -Wednesday - Loaf",1,8.75
418,2026-08-28,"2026-08-26","Peppers - Red Bell XL - 1-each",1,2.5
418,2026-08-28,"2026-08-26","Popcorn - McKaskle - Lb.",1,5.75
418,2026-08-28,"2026-08-26","Pretzel - UL Wednesday - Each",1,3.75
418,2026-08-28,"2026-08-26","Extra Credit - Each",9.32,1.06
418,2026-08-28,"2026-08-26","Mini",1,53.2
1105,2026-08-28,"2026-08-26","Cucumbers - Pickling - Bag",2,3.5
1105,2026-08-28,"2026-08-26","UCity Pickup Time - @4:10-4:30",1,0
1105,2026-08-28,"2026-08-26","Chicken Breasts /lb. - Pack",1,11.22
1105,2026-08-28,"2026-08-26","Ground Beef - D&M - Lb.",1,10.5
1105,2026-08-28,"2026-08-26","Okra  - Bag",1,6
1105,2026-08-28,"2026-08-26","Peppers - Shishitos - Bag",1,7
1105,2026-08-28,"2026-08-26","Tomatoes - Slicing - Bag",1,6.5
1105,2026-08-28,"2026-08-26","Extra Credit - Each",15.22,1.06
1105,2026-08-28,"2026-08-26","Half",1,68.89
1505,2026-08-28,"2026-08-26","Mothership Pickup Time (4.0 @5-5:30) - @5-5:30",1,0
1505,2026-08-28,"2026-08-26","Buttermilk - Qt.  - Quart",1,6.75
1505,2026-08-28,"2026-08-26","Bagels - Egg - BU - Bag",1,11.25
1505,2026-08-28,"2026-08-26","Chicken Thighs - Big Bag/lb. - Pack",1,28.52
1505,2026-08-28,"2026-08-26","Chicken Thighs - Boneless/lb. - lbs",1,11.73
1505,2026-08-28,"2026-08-26","Curds Creamy Ranch 10 oz - Bag",1,6.75
1505,2026-08-28,"2026-08-26","Extra Credit - Each",32,1.06
1505,2026-08-28,"2026-08-26","Half",1,84.79
972,2026-08-28,"2026-08-26","Ground Turkey - Pack",1,10.25
972,2026-08-28,"2026-08-26","Dates - Oz.",1,10
972,2026-08-28,"2026-08-26","Mothership Pickup Time (1.0 @3:30-4) - @3:30-4",1,0
972,2026-08-28,"2026-08-26","Blackberries - Frozen (1.0 Large) - Large",1,10.5
972,2026-08-28,"2026-08-26","Milk Chocolate Bar - Pack",1,3
972,2026-08-28,"2026-08-26","Extra Credit - Each",0.75,1.06
972,2026-08-28,"2026-08-26","Half",1,84.79
883,2026-08-28,"2026-08-26","Mothership Pickup Time (6.0 @6-6:30) - @6-6:30",1,0
883,2026-08-28,"2026-08-26","Flank Steak/lbs. - lbs",1,48.3
883,2026-08-28,"2026-08-26","Ground Beef - D&M - Lb.",1,10.5
883,2026-08-28,"2026-08-26","Extra Credit - Each",34.05,1.06
883,2026-08-28,"2026-08-26","Mini",1,53.2
712,2026-08-28,"2026-08-26","Chicken - Big Bag Deboned Thighs/lb. - Bag",1,42.08
712,2026-08-28,"2026-08-26","Cucumbers - Pickling - Bag",1,3.5
712,2026-08-28,"2026-08-26","Food For FS Cats Donation - $",1,1
712,2026-08-28,"2026-08-26","Beans - Green - Bag",1,4.25
712,2026-08-28,"2026-08-26","Buttermilk Waffles Sourdough - Frozen - Pack",1,5
712,2026-08-28,"2026-08-26","Cheese Choice $6.75 - Each",1,6.75
712,2026-08-28,"2026-08-26","Chicken Breasts /lb. - Pack",1,10.03
712,2026-08-28,"2026-08-26","Eggplant - Globe - Each",2,3
712,2026-08-28,"2026-08-26","Eggs - Dozen",1,6.5
712,2026-08-28,"2026-08-26","Fairy Tale Eggplant - Pint",1,5
712,2026-08-28,"2026-08-26","Garlic - Head - Head",1,1
712,2026-08-28,"2026-08-26","Ground Beef - D&M - Lb.",1,10.5
712,2026-08-28,"2026-08-26","Onions - Red  - lbs",1,4
712,2026-08-28,"2026-08-26","Onions - Yellow - lbs",1,3.5
712,2026-08-28,"2026-08-26","Paw Paws - Bag",1,8
712,2026-08-28,"2026-08-26","Peaches - Bag",1,7
712,2026-08-28,"2026-08-26","Squash - Patty Pan - Lb.",1,4
712,2026-08-28,"2026-08-26","Squash - Zephyr - Share",1,4
712,2026-08-28,"2026-08-26","Sweet Corn - 5-pack",2,4
712,2026-08-28,"2026-08-26","Tomatoes - Funky Bunch - Pint",1,7
712,2026-08-28,"2026-08-26","Watermelon - Sugar Baby - Each",1,6
712,2026-08-28,"2026-08-26","Extra Credit - Each",120.11,1.06
712,2026-08-28,"2026-08-26","Half",1,84.79
756,2026-08-28,"2026-08-27","Mothership Pickup Time (3.0 @4:30-5) - @4:30-5",1,0
756,2026-08-28,"2026-08-27","Black Pepper Cheddar - Each",1,6.75
756,2026-08-28,"2026-08-27","Cucumbers - Slicing - Each",1,2
756,2026-08-28,"2026-08-27","Mushrooms (1.0 Lion's Mane) - Lion's Mane",1,8
756,2026-08-28,"2026-08-27","Paw Paws - Bag",1,8
756,2026-08-28,"2026-08-27","Potatoes - Kennebec - lbs",1,5.25
756,2026-08-28,"2026-08-27","Sweet Corn - 5-pack",1,4
756,2026-08-28,"2026-08-27","Extra Credit - Each",1,1.06
756,2026-08-28,"2026-08-27","Half",1,84.79
1217,2026-08-28,"2026-08-27","Cucumbers - Pickling - Bag",1,3.5
1217,2026-08-28,"2026-08-27","Stringbean Brazilian - Oz.",1,16
1217,2026-08-28,"2026-08-27","Kirkwood Pickup Time (2.0 @1:30-2) - @1:30-2",1,0
1217,2026-08-28,"2026-08-27","Chicken Thighs - Boneless/lb. - lbs",2,10.15
1217,2026-08-28,"2026-08-27","Gnocchi - Garlic Chive  - Lb.",1,6.5
1217,2026-08-28,"2026-08-27","Tortellini - Mushroom - Lb.",1,9.15
1217,2026-08-28,"2026-08-27","Extra Credit - Each",30.7,1.06
1217,2026-08-28,"2026-08-27","Mini",1,53.2
1891,2026-08-28,"2026-08-27","Kirkwood Pickup Time (2.0 @1:30-2) - @1:30-2",1,0
1891,2026-08-28,"2026-08-27","Janie's Bread - Thursday - Each",1,7
1891,2026-08-28,"2026-08-27","Mushrooms (1.0 Oyster) - Oyster",1,8
1891,2026-08-28,"2026-08-27","Sweet Corn - 5-pack",1,4
1891,2026-08-28,"2026-08-27","Tomatoes - Heirloom - Bag",1,8
1891,2026-08-28,"2026-08-27","Extra Credit - Each",0.25,1.06
1891,2026-08-28,"2026-08-27","UCA/KWA",1,79.79
1196,2026-08-28,"2026-08-27","Cantaloupe (1.0 Medium) - Medium",1,7
1196,2026-08-28,"2026-08-27","Eggs - H - Dozen",1,6.5
1196,2026-08-28,"2026-08-27","Granola Bar - Each",1,3.8
1196,2026-08-28,"2026-08-27","Peaches - Bag",1,7
1196,2026-08-28,"2026-08-27","Mini",1,53.2
499,2026-08-28,"2026-08-27","Cheese Choice $6.75 - Each",1,6.75
499,2026-08-28,"2026-08-27","Del Carmen Choice - Tub",1,6.5
499,2026-08-28,"2026-08-27","Eggs - Dozen",1,6.5
499,2026-08-28,"2026-08-27","Ground Beef - D&M - Lb.",1,10.5
499,2026-08-28,"2026-08-27","Hamburger Buns - 4-pack",1,2.75
499,2026-08-28,"2026-08-27","Half",1,84.79
192,2026-08-28,"2026-08-27","Kirkwood Pickup Time - @1-1:30",1,0
192,2026-08-28,"2026-08-27","Cannoli - Frozen - 2-pack",1,7
192,2026-08-28,"2026-08-27","Curds Creamy Ranch 10 oz - Bag",1,6.75
192,2026-08-28,"2026-08-27","Eggs - H - Dozen",1,6.5
192,2026-08-28,"2026-08-27","Oat Porridge Bread - T - Each",1,9
192,2026-08-28,"2026-08-27","Mini",1,53.2
192,2026-08-28,"2026-08-27","2% MILK",1,8.85
618,2026-08-28,"2026-08-27","Mothership Pickup Time (4.0 @5-5:30) - @5-5:30",1,0
618,2026-08-28,"2026-08-27","Eggs - H - Dozen",1,6.5
618,2026-08-28,"2026-08-27","Peaches - Bag",1,7
618,2026-08-28,"2026-08-27","Seedy Wheaty - Frozen - Loaf",1,3.75
618,2026-08-28,"2026-08-27","Yogurt - Vanilla - Oz.",1,7.25
618,2026-08-28,"2026-08-27","Mini",1,53.2
1386,2026-08-28,"2026-08-27","Kirkwood Pickup Time - @1-1:30",1,0
1386,2026-08-28,"2026-08-27","Bagels - Plain - BU - Bag",1,11.25
1386,2026-08-28,"2026-08-27","Chicken Breasts /lb. - Pack",1,12.24
1386,2026-08-28,"2026-08-27","Peppers - Carmen - 2-pack",1,3
1386,2026-08-28,"2026-08-27","Tomatoes - Slicing - Bag",1,6.5
1386,2026-08-28,"2026-08-27","Extra Credit - Each",6.24,1.06
1386,2026-08-28,"2026-08-27","UCA/KWA",1,79.79
700,2026-08-28,"2026-08-27","Curds Creamy Ranch 10 oz - Bag",1,6.75
700,2026-08-28,"2026-08-27","Curds Garlic Herb HBC 10 oz  - Bag",1,6.75
700,2026-08-28,"2026-08-27","Eggs - Dozen",1,6.5
700,2026-08-28,"2026-08-27","Ground Beef - D&M - Lb.",1,10.5
700,2026-08-28,"2026-08-27","Hamburger Buns - 4-pack",1,2.75
700,2026-08-28,"2026-08-27","Extra Credit - Each",7.75,1.06
700,2026-08-28,"2026-08-27","Half",1,84.79
700,2026-08-28,"2026-08-27","Whole MILK-e",3,8.85
1488,2026-08-28,"2026-08-27","Eggs - BW - Dozen",1,6.5
1488,2026-08-28,"2026-08-27","Kirkwood Pickup Time - @1-1:30",1,0
1488,2026-08-28,"2026-08-27","Peaches - Bag",1,7
1488,2026-08-28,"2026-08-27","Toffee - Package",1,7.5
1488,2026-08-28,"2026-08-27","Yogurt - Plain - Oz.",1,7.25
1488,2026-08-28,"2026-08-27","UCA/KWA",1,79.79
1488,2026-08-28,"2026-08-27","2% MILK",1,8.85
287,2026-08-28,"2026-08-27","Mothership Pickup Time (3.0 @4:30-5) - @4:30-5",1,0
287,2026-08-28,"2026-08-27","Cantaloupe (1.0 Medium) - Medium",1,7
287,2026-08-28,"2026-08-27","Chicken - Thighs /lbs  - lbs",2,8.28
287,2026-08-28,"2026-08-27","Hummus Choice ($6.75) - Tub",1,6.75
287,2026-08-28,"2026-08-27","Louise's Original Granola - Bag",1,10
287,2026-08-28,"2026-08-27","Mushrooms - Choice",1,8
287,2026-08-28,"2026-08-27","Olive Oil Small - ML",1,8.5
287,2026-08-28,"2026-08-27","Seedy Wheaty - Frozen - Loaf",1,3.75
287,2026-08-28,"2026-08-27","Semolina - T - Loaf",1,7
287,2026-08-28,"2026-08-27","Extra Credit - Each",27.56,1.06
287,2026-08-28,"2026-08-27","FSA/FSD",1,79.79
1970,2026-08-28,"2026-08-27","Kirkwood Pickup Time (2.0 @1:30-2) - @1:30-2",1,0
1970,2026-08-28,"2026-08-27","Bagels - Egg - BU - Bag",1,11.25
1970,2026-08-28,"2026-08-27","Gnocchi - Garlic Chive  - Lb.",1,6.5
1970,2026-08-28,"2026-08-27","Onions - Red  - lbs",1,4
1970,2026-08-28,"2026-08-27","Pita Bread - Frozen (1.0 White) - White",1,4
1970,2026-08-28,"2026-08-27","Extra Credit - Each",1,1.06
1970,2026-08-28,"2026-08-27","Mini",1,53.2
685,2026-08-28,"2026-08-27","Kirkwood Pickup Time - @1-1:30",1,0
685,2026-08-28,"2026-08-27","Gnocchi - Sweet Potato  - Lb.",1,6.5
685,2026-08-28,"2026-08-27","Paw Paws - Bag",1,8
685,2026-08-28,"2026-08-27","Sweet Corn - 5-pack",1,4
685,2026-08-28,"2026-08-27","Tomatoes - Heirloom - Bag",1,8
685,2026-08-28,"2026-08-27","UCA/KWA",1,79.79
1671,2026-08-28,"2026-08-27","Pork Steaks/lb. - Pack",1,18
1671,2026-08-28,"2026-08-27","Bagels - Everything - BU - Bag",1,11.25
1671,2026-08-28,"2026-08-27","Garlic - Head - Head",1,1
1671,2026-08-28,"2026-08-27","Hummus - Garlic - Tub",1,6.75
1671,2026-08-28,"2026-08-27","Olive Oil Small - ML",1,8.5
1671,2026-08-28,"2026-08-27","Squash - Zucchini - Each",1,3
1671,2026-08-28,"2026-08-27","Extra Credit - Each",23.75,1.06
1671,2026-08-28,"2026-08-27","Mini",1,53.2
501,2026-08-28,"2026-08-27","Milk - Whole - Oz.",1,8.32
501,2026-08-28,"2026-08-27","Buttermilk Waffles Sourdough - Frozen - Pack",1,5
501,2026-08-28,"2026-08-27","Mushrooms - Choice",1,8
501,2026-08-28,"2026-08-27","Okra  - Bag",1,6
501,2026-08-28,"2026-08-27","Pasta Wildcard $6.50 - Pack",1,6.5
501,2026-08-28,"2026-08-27","Extra Credit - Each",9.07,1.06
501,2026-08-28,"2026-08-27","Mini",1,53.2
467,2026-08-28,"2026-08-27","Kirkwood Pickup Time - @1-1:30",1,0
467,2026-08-28,"2026-08-27","Beans - Green - Bag",1,4.25
467,2026-08-28,"2026-08-27","Eggs - H - Dozen",1,6.5
467,2026-08-28,"2026-08-27","Ghost Pepper Cheddar - Each",2,6.75
467,2026-08-28,"2026-08-27","Onions - Yellow - lbs",1,3.5
467,2026-08-28,"2026-08-27","Extra Credit - Each",3,1.06
467,2026-08-28,"2026-08-27","Mini",1,53.2
1522,2026-08-28,"2026-08-27","Eggs - BW - Dozen",1,6.5
1522,2026-08-28,"2026-08-27","Eggs - Dozen",1,6.5
1522,2026-08-28,"2026-08-27","Lamb Gyro Seasoned - Lb.",1,18
1522,2026-08-28,"2026-08-27","Extra Credit - Each",28.5,1.06
32,2026-08-28,"2026-08-27","Milk - 2%  - Oz.",1,8.32
32,2026-08-28,"2026-08-27","Half & Half - Pint",1,4.75
32,2026-08-28,"2026-08-27","Chicken - Ground - Lb.",1,10.25
32,2026-08-28,"2026-08-27","Granola Bar - Each",1,3.8
32,2026-08-28,"2026-08-27","Milk Chocolate Bar - Pack",1,3
32,2026-08-28,"2026-08-27","Mushrooms - Choice",1,8
32,2026-08-28,"2026-08-27","Pasta Wildcard $6.50 - Pack",1,6.5
32,2026-08-28,"2026-08-27","Pink Sauce - Oz.",1,8.75
32,2026-08-28,"2026-08-27","RL Chocolate Milk - Bottle",2,2.75
32,2026-08-28,"2026-08-27","Extra Credit - Each",34.12,1.06
32,2026-08-28,"2026-08-27","Mini",1,53.2
929,2026-08-28,"2026-08-27","Walnuts - Oz.",1,12.75
929,2026-08-28,"2026-08-27","Eggplant - Globe - Each",2,3
929,2026-08-28,"2026-08-27","Garlic - Head - Head",2,1
929,2026-08-28,"2026-08-27","Ground Beef - D&M - Lb.",3,10.5
929,2026-08-28,"2026-08-27","Pork - Brats Cheddar DM - 4-pack",2,8.5
929,2026-08-28,"2026-08-27","Squash - Zucchini - Each",1,3
929,2026-08-28,"2026-08-27","Extra Credit - Each",39.25,1.06
929,2026-08-28,"2026-08-27","Half",1,84.79
31,2026-08-28,"2026-08-27","Mothership Pickup Time (2.0 @4-4:30) - @4-4:30",1,0
31,2026-08-28,"2026-08-27","XO! Green Bags Donation - $",1,1
31,2026-08-28,"2026-08-27","Eggs - H - Dozen",2,6.5
31,2026-08-28,"2026-08-27","Peaches - Bag",1,7
31,2026-08-28,"2026-08-27","Potatoes - Kennebec - lbs",1,5.25
31,2026-08-28,"2026-08-27","Salmon - Fillet Pieces/LB* - Each",1,11.14
31,2026-08-28,"2026-08-27","Squash - Patty Pan - Lb.",1,4
31,2026-08-28,"2026-08-27","Sweet Corn - 5-pack",1,4
31,2026-08-28,"2026-08-27","Tomatoes - Funky Bunch - Pint",1,2
31,2026-08-28,"2026-08-27","Tomatoes - Slicing - Bag",1,6.5
31,2026-08-28,"2026-08-27","Watermelon - Sugar Baby - Each",1,6
31,2026-08-28,"2026-08-27","Extra Credit - Each",26.89,1.06
31,2026-08-28,"2026-08-27","No Produce - Order Only (even wk)",1,0
31,2026-08-28,"2026-08-27","2% MILK",0,8.85
1857,2026-08-28,"2026-08-27","Mothership Pickup Time (4.0 @5-5:30) - @5-5:30",1,0
1857,2026-08-28,"2026-08-27","Beans - Green - Bag",1,4.25
1857,2026-08-28,"2026-08-27","Eggs - H - Dozen",2,6.5
1857,2026-08-28,"2026-08-27","English Muffin Sourdough - Frozen - Pack",1,5
1857,2026-08-28,"2026-08-27","Hummus - Garlic - Tub",1,6.75
1857,2026-08-28,"2026-08-27","Okra  - Bag",1,6
1857,2026-08-28,"2026-08-27","Pork - Brats Cheddar DM - 4-pack",1,8.5
1857,2026-08-28,"2026-08-27","Semolina - T - Loaf",1,7
1857,2026-08-28,"2026-08-27","Extra Credit - Each",10.15,1.06
1857,2026-08-28,"2026-08-27","FSA/FSD",1,79.79
1622,2026-08-28,"2026-08-27","Mothership Pickup Time (2.0 @4-4:30) - @4-4:30",1,0
1622,2026-08-28,"2026-08-27","Dark Bar 61% - Package",1,3
1622,2026-08-28,"2026-08-27","Mushrooms - Choice",1,8
1622,2026-08-28,"2026-08-27","Pasta Long Bi-color - Lb.",1,6.5
1622,2026-08-28,"2026-08-27","Yogurt - Vanilla - Oz.",1,7.25
1622,2026-08-28,"2026-08-27","Mini",1,53.2
894,2026-08-28,"2026-08-27","Kirkwood Pickup Time (2.0 @1:30-2) - @1:30-2",1,0
894,2026-08-28,"2026-08-27","Beans - Green - Bag",1,4.25
894,2026-08-28,"2026-08-27","Hummus - Beet & Pepita - Tub",1,6.75
894,2026-08-28,"2026-08-27","Light and Mild - T - Loaf",1,8.25
894,2026-08-28,"2026-08-27","Tomatoes - Heirloom - Bag",1,8
894,2026-08-28,"2026-08-27","Extra Credit - Each",0.5,1.06
894,2026-08-28,"2026-08-27","UCA/KWA",1,79.79
1383,2026-08-28,"2026-08-27","Kuva Nicaragua - Bag",1,16.45
1383,2026-08-28,"2026-08-27","Mothership Pickup Time (1.0 @3:30-4) - @3:30-4",1,0
1383,2026-08-28,"2026-08-27","Bagels - Everything - BU - Bag",1,11.25
1383,2026-08-28,"2026-08-27","Cheese Choice $6.75 - Each",1,6.75
1383,2026-08-28,"2026-08-27","Chicken - Breakfast Links - Each",1,10.5
1383,2026-08-28,"2026-08-27","Eggs - Dozen",1,6.5
1383,2026-08-28,"2026-08-27","Hamburger Buns - 4-pack",1,2.75
1383,2026-08-28,"2026-08-27","Pasta - Egg Spaghetti - Lb.",1,6.5
1383,2026-08-28,"2026-08-27","Half",1,84.79
670,2026-08-28,"2026-08-27","Sugar Free - Red Cherry - Pint",1,7.75
670,2026-08-28,"2026-08-27","Yogurt - Greek Plain - Oz.",1,7.75
670,2026-08-28,"2026-08-27","Mothership Pickup Time (1.0 @3:30-4) - @3:30-4",1,0
670,2026-08-28,"2026-08-27","Hoagie - T - Each",1,3.5
670,2026-08-28,"2026-08-27","Pasta Wildcard $6.50 - Pack",1,6.5
670,2026-08-28,"2026-08-27","Extra Credit - Each",0.75,1.06
670,2026-08-28,"2026-08-27","Mini",1,53.2
670,2026-08-28,"2026-08-27","(BYO) FSG - Orders Only",1,0
11,2026-08-28,"2026-08-27","Sirloin Steak - Pack",1,30
11,2026-08-28,"2026-08-27","Paw Paws - Bag",1,8
11,2026-08-28,"2026-08-27","Staff: Something to ask Jamie - $",1,0
11,2026-08-28,"2026-08-27","FSA/FSD",1,79.79
473,2026-08-28,"2026-08-27","Pizza - Cheese  - Each",1,9
473,2026-08-28,"2026-08-27","Kirkwood Pickup Time (1.0 PORCH) - PORCH",1,0
473,2026-08-28,"2026-08-27","Eggs - Dozen",1,6.5
473,2026-08-28,"2026-08-27","Hamburger Buns - 4-pack",1,2.75
473,2026-08-28,"2026-08-27","Janie's Bread - Thursday - Each",1,7
473,2026-08-28,"2026-08-27","Vinaigrette - Greek Style - Bottle",1,6.25
473,2026-08-28,"2026-08-27","Half",1,84.79
471,2026-08-28,"2026-08-27","Beef Kabob Meat - Lb.",1,12.75
471,2026-08-28,"2026-08-27","Hummus Choice ($6.75) - Tub",1,6.75
471,2026-08-28,"2026-08-27","Mushrooms - Choice",1,8
471,2026-08-28,"2026-08-27","Olive Oil Small - ML",1,8.5
471,2026-08-28,"2026-08-27","Pita Bread - Pack",1,4
471,2026-08-28,"2026-08-27","FSA/FSD",1,79.79
1593,2026-08-28,"2026-08-27","Mothership Pickup Time (5.0 @5:30-6) - @5:30-6",1,0
1593,2026-08-28,"2026-08-27","Chicken - Whole $5.00/lb. - Each",1,17.4
1593,2026-08-28,"2026-08-27","Pretzel - UL Thursday  - Each",1,3.75
1593,2026-08-28,"2026-08-27","Tomatoes - Heirloom - Bag",1,8
1593,2026-08-28,"2026-08-27","Extra Credit - Each",4.4,1.06
1593,2026-08-28,"2026-08-27","Mini",1,53.2
1839,2026-08-28,"2026-08-27","Eggs - BW - Dozen",1,6.5
1839,2026-08-28,"2026-08-27","Half & Half - Pint",2,4.75
1839,2026-08-28,"2026-08-27","Mothership Pickup Time (1.0 @3:30-4) - @3:30-4",1,0
1839,2026-08-28,"2026-08-27","Black Beans DC - Tub",1,6.5
1839,2026-08-28,"2026-08-27","Eggs - Dozen",1,6.5
1839,2026-08-28,"2026-08-27","Garlic - Head - Head",1,1
1839,2026-08-28,"2026-08-27","Semolina - T - Loaf",1,7
1839,2026-08-28,"2026-08-27","Extra Credit - Each",4,1.06
1839,2026-08-28,"2026-08-27","Half",1,84.79
514,2026-08-28,"2026-08-27","Fairy Tale Eggplant - Pint",1,5
514,2026-08-28,"2026-08-27","Fresh Herb - Basil - Bunch",1,4
514,2026-08-28,"2026-08-27","Ground Beef - D&M - Lb.",3,10.5
514,2026-08-28,"2026-08-27","Extra Credit - Each",15.75,1.06
514,2026-08-28,"2026-08-27","Mini",1,53.2
875,2026-08-28,"2026-08-27","Cheese Choice $6.75 - Each",1,6.75
875,2026-08-28,"2026-08-27","Del Carmen Choice - Tub",1,6.5
875,2026-08-28,"2026-08-27","Eggs - Dozen",1,6.5
875,2026-08-28,"2026-08-27","Garlic - Head - Head",2,1
875,2026-08-28,"2026-08-27","Mushrooms (1.0 Lion's Mane) - Lion's Mane",1,8
875,2026-08-28,"2026-08-27","Half",1,84.79
761,2026-08-28,"2026-08-27","Jam - Blackberry HBY - Pint",1,7.75
761,2026-08-28,"2026-08-27","Jam - Red Cherry HBY - Pint",1,7.75
761,2026-08-28,"2026-08-27","Mothership Pickup Time (3.0 @4:30-5) - @4:30-5",1,0
761,2026-08-28,"2026-08-27","Dark Bar 72% - Package",1,3
761,2026-08-28,"2026-08-27","English Muffin Sourdough - Frozen - Pack",1,5
761,2026-08-28,"2026-08-27","Hummus - Garlic - Tub",1,6.75
761,2026-08-28,"2026-08-27","Mushrooms (1.0 Lion's Mane) - Lion's Mane",1,8
761,2026-08-28,"2026-08-27","Onions - Yellow - lbs",1,3.5
761,2026-08-28,"2026-08-27","Extra Credit - Each",1.75,1.06
761,2026-08-28,"2026-08-27","FSA/FSD",1,79.79
308,2026-08-28,"2026-08-27","Mothership Pickup Time (4.0 @5-5:30) - @5-5:30",1,0
308,2026-08-28,"2026-08-27","Beans - Green - Bag",1,4.25
308,2026-08-28,"2026-08-27","Black Pepper Cheddar - Each",1,6.75
308,2026-08-28,"2026-08-27","Eggs - Dozen",1,6.5
308,2026-08-28,"2026-08-27","Hummus - Garlic - Tub",1,6.75
308,2026-08-28,"2026-08-27","Onions - Red  - lbs",1,4
308,2026-08-28,"2026-08-27","Yogurt - Plain - Oz.",1,7.25
308,2026-08-28,"2026-08-27","Extra Credit - Each",2.5,1.06
308,2026-08-28,"2026-08-27","Half",1,84.79
540,2026-08-28,"2026-08-27","Kirkwood Pickup Time - @1-1:30",1,0
540,2026-08-28,"2026-08-27","Eggs - Dozen",1,6.5
540,2026-08-28,"2026-08-27","Feta Cheese - HBC - Each",1,6.75
540,2026-08-28,"2026-08-27","Milk Chocolate Square - Each",1,1.75
540,2026-08-28,"2026-08-27","Onions - Yellow - lbs",1,3.5
540,2026-08-28,"2026-08-27","Ravioli - Butternut Squash  - Lb.",1,9.15
540,2026-08-28,"2026-08-27","Watermelon - Sugar Baby - Each",1,6
540,2026-08-28,"2026-08-27","Extra Credit - Each",0.65,1.06
540,2026-08-28,"2026-08-27","Half",1,84.79
1476,2026-08-28,"2026-08-27","Kirkwood Pickup Time - @1-1:30",1,0
1476,2026-08-28,"2026-08-27","Eggplant - Globe - Each",2,3
1476,2026-08-28,"2026-08-27","Tomatoes - Funky Bunch - Pint",2,7
1476,2026-08-28,"2026-08-27","Tomatoes - Slicing - Bag",1,6.5
1476,2026-08-28,"2026-08-27","Extra Credit - Each",1.75,1.06
1476,2026-08-28,"2026-08-27","Mini",1,53.2
502,2026-08-28,"2026-08-27","Mothership Pickup Time (5.0 @5:30-6) - @5:30-6",1,0
502,2026-08-28,"2026-08-27","Cucumbers - Slicing - Each",1,2
502,2026-08-28,"2026-08-27","Eggplant - Globe - Each",1,3
502,2026-08-28,"2026-08-27","Ground Beef - D&M - Lb.",1,10.5
502,2026-08-28,"2026-08-27","Hoagie - T - Each",1,3.5
502,2026-08-28,"2026-08-27","Mushrooms (1.0 Oyster) - Oyster",1,8
502,2026-08-28,"2026-08-27","Sesame Hoagie - T - Each",1,3.8
502,2026-08-28,"2026-08-27","Squash - Zephyr - Share",1,4
502,2026-08-28,"2026-08-27","Tomatoes - Slicing - Bag",1,6.5
502,2026-08-28,"2026-08-27","Extra Credit - Each",1.3,1.06
502,2026-08-28,"2026-08-27","FSA/FSD",1,79.79
433,2026-08-28,"2026-08-27","Beef Kabob Meat - Lb.",1,12.75
433,2026-08-28,"2026-08-27","Hummus Choice ($6.75) - Tub",1,6.75
433,2026-08-28,"2026-08-27","Mushrooms - Choice",1,8
433,2026-08-28,"2026-08-27","Olive Oil Small - ML",1,8.5
433,2026-08-28,"2026-08-27","Pita Bread - Pack",1,4
433,2026-08-28,"2026-08-27","FSA/FSD",1,79.79
549,2026-08-28,"2026-08-27","Mothership Pickup Time (6.0 @6-6:30) - @6-6:30",1,0
549,2026-08-28,"2026-08-27","Ground Beef - D&M - Lb.",3,10.5
549,2026-08-28,"2026-08-27","Olive Oil Small - ML",1,8.5
549,2026-08-28,"2026-08-27","FSA/FSD",1,79.79
22,2026-08-28,"2026-08-27","Mothership Pickup Time (1.0 @3:30-4) - @3:30-4",1,0
22,2026-08-28,"2026-08-27","Beans & Rice - Tub",1,6.5
22,2026-08-28,"2026-08-27","Eggs - Dozen",1,6.5
22,2026-08-28,"2026-08-27","Feta Cheese - HBC - Each",1,6.75
22,2026-08-28,"2026-08-27","Ground Beef - D&M - Lb.",1,10.5
22,2026-08-28,"2026-08-27","Hamburger Buns - 4-pack",1,2.75
22,2026-08-28,"2026-08-27","Hoagie - T - Each",1,1
22,2026-08-28,"2026-08-27","Extra Credit - Each",1,1.06
22,2026-08-28,"2026-08-27","Half",1,84.79
22,2026-08-28,"2026-08-27","Creamline MILK-e",1,8.49
326,2026-08-28,"2026-08-27","Milk - 2%  - Oz.",1,8.32
326,2026-08-28,"2026-08-27","Dates - Oz.",1,10
326,2026-08-28,"2026-08-27","Peanut Butter MC - Tub",1,7.75
326,2026-08-28,"2026-08-27","Cucumbers - Slicing - Each",2,2
326,2026-08-28,"2026-08-27","Garlic - Head - Head",2,1
326,2026-08-28,"2026-08-27","Hummus - Beet & Pepita - Tub",1,6.75
326,2026-08-28,"2026-08-27","Hummus - Carrot & Ginger - Tub",1,6.75
326,2026-08-28,"2026-08-27","Peppers - Banana - 4-pack",1,4.25
326,2026-08-28,"2026-08-27","Peppers - Jalapenos - 5-pack",1,3.5
326,2026-08-28,"2026-08-27","Peppers - Red Bell XL - 1-each",3,2.5
326,2026-08-28,"2026-08-27","Potatoes - Fingerling - lbs",1,7
326,2026-08-28,"2026-08-27","Potatoes - Kennebec - lbs",1,5.25
326,2026-08-28,"2026-08-27","Squash - Patty Pan - Lb.",2,4
326,2026-08-28,"2026-08-27","Tahini - Pint",1,8.75
326,2026-08-28,"2026-08-27","Tomatoes - 2nds - lbs",1,8
326,2026-08-28,"2026-08-27","Tomatoes - Funky Bunch - Pint",1,7
326,2026-08-28,"2026-08-27","Extra Credit - Each",78.07,1.06
326,2026-08-28,"2026-08-27","UCA/KWA",1,79.79
452,2026-08-28,"2026-08-27","Chicken - Ground - Lb.",1,10.25
452,2026-08-28,"2026-08-27","Mushrooms - Choice",1,8
452,2026-08-28,"2026-08-27","Pasta Wildcard $6.50 - Pack",1,6.5
452,2026-08-28,"2026-08-27","Mini",1,53.2
493,2026-08-28,"2026-08-27","Eggs - BW - Dozen",1,6.5
493,2026-08-28,"2026-08-27","Mothership Pickup Time - @6:30-7",1,0
493,2026-08-28,"2026-08-27","Black Bean Hummus - Tub",1,6.5
493,2026-08-28,"2026-08-27","Eggs - Dozen",1,6.5
493,2026-08-28,"2026-08-27","Jar Tomatoes - Quart",1,7.75
493,2026-08-28,"2026-08-27","Tomatoes - Heirloom - Bag",1,8
493,2026-08-28,"2026-08-27","Extra Credit - Each",2.25,1.06
493,2026-08-28,"2026-08-27","Half",1,84.79
807,2026-08-28,"2026-08-27","Chicken - Thighs /lbs  - lbs",2,7.74
807,2026-08-28,"2026-08-27","Chicken Drumsticks /LB - Pack",1,3.71
807,2026-08-28,"2026-08-27","Pork - Bratwurst  - Pack",1,8.5
807,2026-08-28,"2026-08-27","Yogurt - Plain - Oz.",1,7.25
807,2026-08-28,"2026-08-27","Extra Credit - Each",5.69,1.06
807,2026-08-28,"2026-08-27","UCA/KWA",1,79.79
807,2026-08-28,"2026-08-27","2% MILK",1,8.85
1717,2026-08-28,"2026-08-27","Mothership Pickup Time (1.0 @3:30-4) - @3:30-4",1,0
1717,2026-08-28,"2026-08-27","Eggs - Dozen",1,6.5
1717,2026-08-28,"2026-08-27","FF Dish - Saag Paneer - Pint",1,13.5
1717,2026-08-28,"2026-08-27","Ground Beef - D&M - Lb.",1,10.5
1717,2026-08-28,"2026-08-27","Hoagie - T - Each",1,3.5
1717,2026-08-28,"2026-08-27","Extra Credit - Each",1,1.06
1717,2026-08-28,"2026-08-27","Half",1,84.79
1419,2026-08-28,"2026-08-27","Kirkwood Pickup Time (2.0 @1:30-2) - @1:30-2",1,0
1419,2026-08-28,"2026-08-27","Cantaloupe (1.0 Medium) - Medium",1,7
1419,2026-08-28,"2026-08-27","Chicken Chorizo - Lb.",1,10.5
1419,2026-08-28,"2026-08-27","Chicken Thighs - Boneless/lb. - lbs",1,8.75
1419,2026-08-28,"2026-08-27","Curds Creamy Ranch 10 oz - Bag",1,6.75
1419,2026-08-28,"2026-08-27","Half",1,84.79
1864,2026-08-28,"2026-08-27","Yogurt - Greek Plain - Oz.",1,7.75
1864,2026-08-28,"2026-08-27","Bagels - Everything - BU - Bag",1,6.25
1864,2026-08-28,"2026-08-27","Beans - Green - Bag",1,4.25
1864,2026-08-28,"2026-08-27","Black Beans DC - Tub",1,6.5
1864,2026-08-28,"2026-08-27","Cantaloupe (1.0 Medium) - Medium",1,7
1864,2026-08-28,"2026-08-27","Chicken Thighs - Boneless/lb. - lbs",1,11.73
1864,2026-08-28,"2026-08-27","Extra Credit - Each",10.48,1.06
1864,2026-08-28,"2026-08-27","Half",1,84.79
1864,2026-08-28,"2026-08-27","2% MILK-e",4,8.85
329,2026-08-28,"2026-08-27","Applewood Smoked Cheddar - Each",1,6.75
329,2026-08-28,"2026-08-27","Beets - Lb.",1,6.5
329,2026-08-28,"2026-08-27","Blackberries - Frozen (1.0 Large) - Large",1,10.5
329,2026-08-28,"2026-08-27","Flaked Salmon - Lb.",1,15.55
329,2026-08-28,"2026-08-27","Ground Beef - D&M - Lb.",1,10.5
329,2026-08-28,"2026-08-27","Mushrooms - Choice",1,8
329,2026-08-28,"2026-08-27","Popcorn - McKaskle - Lb.",1,5.75
329,2026-08-28,"2026-08-27","RL Chocolate Milk - Bottle",1,2.75
329,2026-08-28,"2026-08-27","Extra Credit - Each",41.55,1.06
329,2026-08-28,"2026-08-27","Mini",1,53.2
293,2026-08-28,"2026-08-27","Cucumbers - Pickling - Bag",1,3.5
293,2026-08-28,"2026-08-27","Mothership Pickup Time (6.0 @6-6:30) - @6-6:30",1,0
293,2026-08-28,"2026-08-27","Beef Kabob Meat - Lb.",1,12.75
293,2026-08-28,"2026-08-27","Chicken - Ground - Lb.",1,10.25
293,2026-08-28,"2026-08-27","Eggplant - Globe - Each",2,3
293,2026-08-28,"2026-08-27","Garlic - Head - Head",1,1
293,2026-08-28,"2026-08-27","Tomatoes - Slicing - Bag",1,6.5
293,2026-08-28,"2026-08-27","FSA/FSD",1,79.79
310,2026-08-28,"2026-08-27","Jam - Blackberry HBY - Pint",1,7.75
310,2026-08-28,"2026-08-27","Mothership Pickup Time (1.0 @3:30-4) - @3:30-4",1,0
310,2026-08-28,"2026-08-27","Beans - Green - Bag",1,4.25
310,2026-08-28,"2026-08-27","Chicken Breasts /lb. - Pack",1,10.37
310,2026-08-28,"2026-08-27","Eggplant - Globe - Each",1,3
310,2026-08-28,"2026-08-27","Eggs - H - Dozen",1,6.5
310,2026-08-28,"2026-08-27","Hoagie - PIB Frozen - Bag",1,6.75
310,2026-08-28,"2026-08-27","Peaches - Bag",1,7
310,2026-08-28,"2026-08-27","Sweet Corn - 5-pack",1,4
310,2026-08-28,"2026-08-27","Tomatoes - Slicing - Bag",1,6.5
310,2026-08-28,"2026-08-27","Extra Credit - Each",6.12,1.06
310,2026-08-28,"2026-08-27","FSA/FSD",1,79.79
310,2026-08-28,"2026-08-27","Skim MILK",2,8.85
1353,2026-08-28,"2026-08-27","Half & Half - Pint",1,4.75
1353,2026-08-28,"2026-08-27","Del Carmen Choice - Tub",1,6.5
1353,2026-08-28,"2026-08-27","Eggs - Dozen",1,6.5
1353,2026-08-28,"2026-08-27","Ground Beef - D&M - Lb.",1,10.5
1353,2026-08-28,"2026-08-27","Hamburger Buns - 4-pack",1,2.75
1353,2026-08-28,"2026-08-27","Louise's Original Granola - Bag",1,10
1353,2026-08-28,"2026-08-27","Yogurt - Vanilla - Oz.",1,7.25
1353,2026-08-28,"2026-08-27","Extra Credit - Each",15.25,1.06
1353,2026-08-28,"2026-08-27","Half",1,84.79
1353,2026-08-28,"2026-08-27","Whole MILK-e",1,8.85
634,2026-08-28,"2026-08-27","Kirkwood Pickup Time (2.0 @1:30-2) - @1:30-2",1,0
634,2026-08-28,"2026-08-27","Beef - Stew Meat - Pack",1,10.5
634,2026-08-28,"2026-08-27","Chicken - Ground - Lb.",1,10.25
634,2026-08-28,"2026-08-27","Pasta Wildcard $6.50 - Pack",1,6.5
634,2026-08-28,"2026-08-27","Extra Credit - Each",2.5,1.06
634,2026-08-28,"2026-08-27","Mini",1,53.2
387,2026-08-28,"2026-08-27","Gringo's Salsa Choice ($5) - Pint",1,5
387,2026-08-28,"2026-08-27","Cheese Choice $6.75 - Each",1,6.75
387,2026-08-28,"2026-08-27","Mustard - Choice",1,6.5
387,2026-08-28,"2026-08-27","Pork - Bratwurst  - Pack",1,8.5
387,2026-08-28,"2026-08-27","UCA/KWA",1,79.79
868,2026-08-28,"2026-08-27","Chicken - Ground - Lb.",1,10.25
868,2026-08-28,"2026-08-27","Mushrooms - Choice",1,8
868,2026-08-28,"2026-08-27","Pasta Wildcard $6.50 - Pack",1,6.5
868,2026-08-28,"2026-08-27","Mini",1,53.2
389,2026-08-28,"2026-08-27","Mothership Pickup Time - @6:30-7",1,0
389,2026-08-28,"2026-08-27","Chicken - Ground - Lb.",1,10.25
389,2026-08-28,"2026-08-27","Mushrooms - Choice",1,8
389,2026-08-28,"2026-08-27","Pasta Wildcard $6.50 - Pack",1,6.5
389,2026-08-28,"2026-08-27","Mini",1,53.2
1652,2026-08-28,"2026-08-27","Almond Butter - Pint",1,11.25
1652,2026-08-28,"2026-08-27","Mushrooms - Choice",1,8
1652,2026-08-28,"2026-08-27","Salmon - Fillet Pieces/LB* - Each",1,8.05
1652,2026-08-28,"2026-08-27","Extra Credit - Each",9.95,1.06
1652,2026-08-28,"2026-08-27","Mini",1,53.2
1431,2026-08-28,"2026-08-27","Mothership Pickup Time (5.0 @5:30-6) - @5:30-6",1,0
1431,2026-08-28,"2026-08-27","Chicken - Ground - Lb.",1,10.25
1431,2026-08-28,"2026-08-27","Mushrooms - Choice",1,8
1431,2026-08-28,"2026-08-27","Pasta Wildcard $6.50 - Pack",1,6.5
1431,2026-08-28,"2026-08-27","Mini",1,53.2
963,2026-08-28,"2026-08-27","Mothership Pickup Time (2.0 @4-4:30) - @4-4:30",1,0
963,2026-08-28,"2026-08-27","Brisket - half/lb. - lbs",1,10.5
963,2026-08-28,"2026-08-27","Curds Jalapeno Habanero 10 oz - Bag",1,6.75
963,2026-08-28,"2026-08-27","Milk Chocolate Lolli - Each",3,1.75
963,2026-08-28,"2026-08-27","Mushrooms (1.0 Shiitake) - Shiitake",1,8
963,2026-08-28,"2026-08-27","Peaches - Bag",2,7
963,2026-08-28,"2026-08-27","Peppers - Carmen - 2-pack",1,3
963,2026-08-28,"2026-08-27","Sweet Corn - 5-pack",1,4
963,2026-08-28,"2026-08-27","Extra Credit - Each",11.5,1.06
963,2026-08-28,"2026-08-27","FSA/FSD",1,79.79
657,2026-08-28,"2026-08-27","Mothership Pickup Time (3.0 @4:30-5) - @4:30-5",1,0
657,2026-08-28,"2026-08-27","Del Carmen Choice - Tub",1,6.5
657,2026-08-28,"2026-08-27","Eggs - Dozen",1,6.5
657,2026-08-28,"2026-08-27","Feta Cheese - HBC - Each",1,6.75
657,2026-08-28,"2026-08-27","Ground Beef - D&M - Lb.",1,10.5
657,2026-08-28,"2026-08-27","Half",1,84.79
928,2026-08-28,"2026-08-27","Mothership Pickup Time (4.0 @5-5:30) - @5-5:30",1,0
928,2026-08-28,"2026-08-27","Beef Kabob Meat - Lb.",2,12.75
928,2026-08-28,"2026-08-27","Curds Garlic Herb HBC 10 oz  - Bag",1,6.75
928,2026-08-28,"2026-08-27","Louise's Original Granola - Bag",1,10
928,2026-08-28,"2026-08-27","Pork Bacon Burgers - Pack",1,22.55
928,2026-08-28,"2026-08-27","Yogurt - Blueberry - Oz.",1,7.25
928,2026-08-28,"2026-08-27","Extra Credit - Each",32.05,1.06
928,2026-08-28,"2026-08-27","FSA/FSD",1,79.79
1570,2026-08-28,"2026-08-27","No Produce - Order Only (even wk)",1,0
1900,2026-08-28,"2026-08-27","Mothership Pickup Time (1.0 @3:30-4) - @3:30-4",1,0
1900,2026-08-28,"2026-08-27","Donation to Food Pantry - Each",1,1
1900,2026-08-28,"2026-08-27","Food for Ferals Donation - $",1,1
1900,2026-08-28,"2026-08-27","XO - Cooler Donation - $",1,1
1900,2026-08-28,"2026-08-27","XO! Green Bags Donation - $",1,1
1900,2026-08-28,"2026-08-27","Cantaloupe (1.0 Medium) - Medium",1,7
1900,2026-08-28,"2026-08-27","Flank Steak/lbs. - lbs",1,49.14
1900,2026-08-28,"2026-08-27","Garlic - Head - Head",1,1
1900,2026-08-28,"2026-08-27","Multigrain Bread - Frozen - Loaf",1,6.75
1900,2026-08-28,"2026-08-27","Mushrooms - Choice",1,8
1900,2026-08-28,"2026-08-27","Pretzel - UL Thursday  - Each",1,3.75
1900,2026-08-28,"2026-08-27","RL Chocolate Milk - Bottle",1,2.75
1900,2026-08-28,"2026-08-27","Tomatoes - Funky Bunch - Pint",1,7
1900,2026-08-28,"2026-08-27","Extra Credit - Each",36.5,1.06
1900,2026-08-28,"2026-08-27","Mini",1,53.2
1900,2026-08-28,"2026-08-27","Whole MILK-e",1,8.85
1236,2026-08-28,"2026-08-27","Eggs - BW - Dozen",2,6.5
1236,2026-08-28,"2026-08-27","Cantaloupe (1.0 Medium) - Medium",1,7
1236,2026-08-28,"2026-08-27","Fairy Tale Eggplant - Pint",1,7
1236,2026-08-28,"2026-08-27","Mushrooms - Choice",1,8
1236,2026-08-28,"2026-08-27","FSA/FSD",1,79.79
249,2026-08-28,"2026-08-27","Mothership Pickup Time (1.0 @3:30-4) - @3:30-4",1,0
249,2026-08-28,"2026-08-27","Buttermilk - Qt.  - Quart",1,6.75
249,2026-08-28,"2026-08-27","Beans & Rice - Tub",1,6.5
249,2026-08-28,"2026-08-27","Eggs - Dozen",1,6.5
249,2026-08-28,"2026-08-27","Ground Beef - D&M - Lb.",1,10.5
249,2026-08-28,"2026-08-27","Hamburger Buns - 4-pack",1,2.75
249,2026-08-28,"2026-08-27","Half",1,84.79
120,2026-08-28,"2026-08-27","Chicken - Ground - Lb.",1,10.25
120,2026-08-28,"2026-08-27","Mushrooms - Choice",1,8
120,2026-08-28,"2026-08-27","Pasta Wildcard $6.50 - Pack",1,6.5
120,2026-08-28,"2026-08-27","Mini",1,53.2
364,2026-08-28,"2026-08-27","Chicken - BULK Breasts /lb. - Pack",1,41.25
364,2026-08-28,"2026-08-27","Milk - 2%  - Oz.",1,8.32
364,2026-08-28,"2026-08-27","Mothership Pickup Time - @6:30-7",1,0
364,2026-08-28,"2026-08-27","Bagels - Blueberry - BU - Bag",1,11.25
364,2026-08-28,"2026-08-27","Beef Kabob Meat - Lb.",1,12.75
364,2026-08-28,"2026-08-27","Fairy Tale Eggplant - Pint",1,5
364,2026-08-28,"2026-08-27","Hoagie - T - Each",1,3.5
364,2026-08-28,"2026-08-27","Hummus - Garlic - Tub",1,6.75
364,2026-08-28,"2026-08-27","Pita Bread - Frozen (1.0 White) - White",1,4
364,2026-08-28,"2026-08-27","Squash - Patty Pan - Lb.",1,4
364,2026-08-28,"2026-08-27","Tomatoes - Funky Bunch - Pint",1,7
364,2026-08-28,"2026-08-27","Tomatoes - Heirloom - Bag",1,8
364,2026-08-28,"2026-08-27","Extra Credit - Each",69.32,1.06
364,2026-08-28,"2026-08-27","FSA/FSD",1,79.79
1873,2026-08-28,"2026-08-27","Mothership Pickup Time (2.0 @4-4:30) - @4-4:30",1,0
1873,2026-08-28,"2026-08-27","Mushrooms - Choice",1,8
1873,2026-08-28,"2026-08-27","Pasta Wildcard $6.50 - Pack",1,6.5
1873,2026-08-28,"2026-08-27","Pork Italian Bulk - D&M - Lb.",1,8.5
1873,2026-08-28,"2026-08-27","Mini",1,53.2
1453,2026-08-28,"2026-08-27","Mothership Pickup Time (1.0 @3:30-4) - @3:30-4",1,0
1453,2026-08-28,"2026-08-27","Chicken - Thighs /lbs  - lbs",2,7.98
1453,2026-08-28,"2026-08-27","Ground Beef - D&M - Lb.",1,0
1453,2026-08-28,"2026-08-27","Mushrooms - Choice",1,8
1453,2026-08-28,"2026-08-27","Pasta Wildcard $6.50 - Pack",1,6.5
1453,2026-08-28,"2026-08-27","Extra Credit - Each",5.71,1.06
1453,2026-08-28,"2026-08-27","Mini",1,53.2
1453,2026-08-28,"2026-08-27","Whole MILK",1,8.85
669,2026-08-28,"2026-08-27","Mothership Pickup Time (3.0 @4:30-5) - @4:30-5",1,0
669,2026-08-28,"2026-08-27","Cantaloupe (1.0 Medium) - Medium",1,7
669,2026-08-28,"2026-08-27","Mushrooms - Choice",1,8
669,2026-08-28,"2026-08-27","Pork - Bratwurst  - Pack",1,8.5
669,2026-08-28,"2026-08-27","Salmon - Fillet Pieces/LB* - Each",2,10.89
669,2026-08-28,"2026-08-27","Semolina - T - Loaf",1,7
669,2026-08-28,"2026-08-27","Sesame Hoagie - T - Each",1,3.8
669,2026-08-28,"2026-08-27","Extra Credit - Each",8.67,1.06
669,2026-08-28,"2026-08-27","FSA/FSD",1,79.79
1746,2026-08-28,"2026-08-27","Stringbean Disco Inferno - Oz.",1,16
1746,2026-08-28,"2026-08-27","Kirkwood Pickup Time (1.0 PORCH) - PORCH",1,0
1746,2026-08-28,"2026-08-27","Beans - Green - Bag",1,4.25
1746,2026-08-28,"2026-08-27","Eggs - H - Dozen",1,6.5
1746,2026-08-28,"2026-08-27","UCA/KWA",1,79.79
876,2026-08-28,"2026-08-27","Beef Kabob Meat - Lb.",1,12.75
876,2026-08-28,"2026-08-27","Hummus Choice ($6.75) - Tub",1,6.75
876,2026-08-28,"2026-08-27","Mushrooms - Choice",1,8
876,2026-08-28,"2026-08-27","Olive Oil Small - ML",1,8.5
876,2026-08-28,"2026-08-27","Pita Bread - Pack",1,4
876,2026-08-28,"2026-08-27","FSA/FSD",1,79.79
636,2026-08-28,"2026-08-27","Black Beans DC - Tub",1,6.5
636,2026-08-28,"2026-08-27","Chevre PF (1.0 Plain) - Plain",1,8.5
636,2026-08-28,"2026-08-27","Cucumbers - Slicing - Each",1,2
636,2026-08-28,"2026-08-27","Curry Sauce (1.0 Green) - Green",1,2
636,2026-08-28,"2026-08-27","Hummus Choice ($6.75) - Tub",1,6.75
636,2026-08-28,"2026-08-27","Pita Bread - Frozen (1.0 Wheat) - Wheat",1,4
636,2026-08-28,"2026-08-27","FSA/FSD",1,79.79
636,2026-08-28,"2026-08-27","Whole MILK",1,8.85
250,2026-08-28,"2026-08-27","Milk - Whole - Oz.",1,8.32
250,2026-08-28,"2026-08-27","Yogurt - Greek Plain - Oz.",1,7.75
250,2026-08-28,"2026-08-27","Mothership Pickup Time (5.0 @5:30-6) - @5:30-6",1,0
250,2026-08-28,"2026-08-27","Beef Kabob Meat - Lb.",1,12.75
250,2026-08-28,"2026-08-27","Garlic - Head - Head",4,1
250,2026-08-28,"2026-08-27","Leeks - Bunch",1,6
250,2026-08-28,"2026-08-27","Olive Oil Small - ML",1,8.5
250,2026-08-28,"2026-08-27","Peaches - Bag",1,7
250,2026-08-28,"2026-08-27","Potatoes - Kennebec - lbs",1,5.25
250,2026-08-28,"2026-08-27","Squash - Patty Pan - Lb.",1,4
250,2026-08-28,"2026-08-27","Extra Credit - Each",23.57,1.06
250,2026-08-28,"2026-08-27","FSA/FSD",1,79.79
725,2026-08-28,"2026-08-27","Cheese Choice $6.75 - Each",1,6.75
725,2026-08-28,"2026-08-27","Del Carmen Choice - Tub",1,6.5
725,2026-08-28,"2026-08-27","Eggs - Dozen",1,6.5
725,2026-08-28,"2026-08-27","Ground Beef - D&M - Lb.",1,10.5
725,2026-08-28,"2026-08-27","Hamburger Buns - 4-pack",1,2.75
725,2026-08-28,"2026-08-27","Half",1,84.79
196,2026-08-28,"2026-08-27","Kirkwood Pickup Time - @1-1:30",1,0
196,2026-08-28,"2026-08-27","Beets - Lb.",1,6.5
196,2026-08-28,"2026-08-27","Cucumbers - Slicing - Each",1,2
196,2026-08-28,"2026-08-27","Eggplant - Globe - Each",1,3
196,2026-08-28,"2026-08-27","Fairy Tale Eggplant - Pint",1,5
196,2026-08-28,"2026-08-27","Hoagie - Wednesday - Each",1,3.5
196,2026-08-28,"2026-08-27","Squash - Patty Pan - Lb.",1,4
196,2026-08-28,"2026-08-27","Tomatoes - Funky Bunch - Pint",1,7
196,2026-08-28,"2026-08-27","Extra Credit - Each",31,1.06
133,2026-08-28,"2026-08-27","Mothership Pickup Time (3.0 @4:30-5) - @4:30-5",1,0
133,2026-08-28,"2026-08-27","Bagels - Egg - BU - Bag",1,11.25
133,2026-08-28,"2026-08-27","Bagels - Everything - BU - Bag",1,11.25
133,2026-08-28,"2026-08-27","Bagels - Honey Buckwheat - BU - Bag",1,11.25
133,2026-08-28,"2026-08-27","Bagels - Sesame Seed - BU - Bag",1,11.25
133,2026-08-28,"2026-08-27","Chicken - Ground - Lb.",1,10.25
133,2026-08-28,"2026-08-27","Extra Credit - Each",30.5,1.06
133,2026-08-28,"2026-08-27","Mini",1,53.2
1932,2026-08-28,"2026-08-27","Mothership Pickup Time (3.0 @4:30-5) - @4:30-5",1,0
1932,2026-08-28,"2026-08-27","Cantaloupe (1.0 Medium) - Medium",2,7
1932,2026-08-28,"2026-08-27","Stringbean Ethiopian - Bag",1,16
1932,2026-08-28,"2026-08-27","Tomatoes - Slicing - Bag",1,6.5
1932,2026-08-28,"2026-08-27","Watermelon - Sugar Baby - Each",1,6
1932,2026-08-28,"2026-08-27","Extra Credit - Each",2.5,1.06
1932,2026-08-28,"2026-08-27","FSA/FSD",1,79.79
643,2026-08-28,"2026-08-27","Mothership Pickup Time (5.0 @5:30-6) - @5:30-6",1,0
643,2026-08-28,"2026-08-27","Beef Kabob Meat - Lb.",1,12.75
643,2026-08-28,"2026-08-27","Eggplant - Globe - Each",2,3
643,2026-08-28,"2026-08-27","Pasta Long Bi-color - Lb.",1,6.5
643,2026-08-28,"2026-08-27","Paw Paws - Bag",1,8
643,2026-08-28,"2026-08-27","Tomato Seconds - Bag",1,9
643,2026-08-28,"2026-08-27","Extra Credit - Each",2.25,1.06
643,2026-08-28,"2026-08-27","FSA/FSD",1,79.79
1468,2026-08-28,"2026-08-27","Mothership Pickup Time (4.0 @5-5:30) - @5-5:30",1,0
1468,2026-08-28,"2026-08-27","Chicken - Ground - Lb.",1,10.25
1468,2026-08-28,"2026-08-27","Mushrooms (1.0 Shiitake) - Shiitake",1,8
1468,2026-08-28,"2026-08-27","Onions - Yellow - lbs",1,3.5
1468,2026-08-28,"2026-08-27","Watermelon - Sugar Baby - Each",1,6
1468,2026-08-28,"2026-08-27","Extra Credit - Each",3,1.06
1468,2026-08-28,"2026-08-27","Mini",1,53.2
622,2026-08-28,"2026-08-27","Kirkwood Pickup Time (2.0 @1:30-2) - @1:30-2",1,0
622,2026-08-28,"2026-08-27","Okra  - Bag",1,6
622,2026-08-28,"2026-08-27","Pasta Bi-color Short - Lb.",1,6.5
622,2026-08-28,"2026-08-27","Pork - Bratwurst  - Pack",1,8.5
622,2026-08-28,"2026-08-27","Rice - White - Lb.",1,6.5
622,2026-08-28,"2026-08-27","Extra Credit - Each",0.75,1.06
622,2026-08-28,"2026-08-27","UCA/KWA",1,79.79
39,2026-08-28,"2026-08-27","Bagels - Blueberry - BU - Bag",1,11.25
39,2026-08-28,"2026-08-27","Chicken - Ground - Lb.",1,10.25
39,2026-08-28,"2026-08-27","Marinara Sauce - Jar",1,8.75
39,2026-08-28,"2026-08-27","Milk Chocolate Toasted Missouri Pecan Bark - Package",1,7.5
39,2026-08-28,"2026-08-27","Mushrooms - Choice",1,8
39,2026-08-28,"2026-08-27","Pasta Wildcard $6.50 - Pack",1,6.5
39,2026-08-28,"2026-08-27","Pork Snack Sticks - 5 pk - Plain",1,10.3
39,2026-08-28,"2026-08-27","Extra Credit - Each",37.8,1.06
39,2026-08-28,"2026-08-27","Mini",1,53.2
1750,2026-08-28,"2026-08-27","Mothership Pickup Time (5.0 @5:30-6) - @5:30-6",1,0
1750,2026-08-28,"2026-08-27","Beans - Green - Bag",1,4.25
1750,2026-08-28,"2026-08-27","Cantaloupe (1.0 Medium) - Medium",1,7
1750,2026-08-28,"2026-08-27","Louise's Cocoa Brownie Crisp Granola - Bag",1,11.15
1750,2026-08-28,"2026-08-27","Maple Syrup 12 oz. - Jar",1,13
1750,2026-08-28,"2026-08-27","Milk Chocolate PB Bon Bons - Pack",1,12
1750,2026-08-28,"2026-08-27","Onions - Red  - lbs",1,4
1750,2026-08-28,"2026-08-27","Peaches - Bag",1,7
1750,2026-08-28,"2026-08-27","Yogurt - Strawberry - Oz.",1,7.25
1750,2026-08-28,"2026-08-27","Extra Credit - Each",40.9,1.06
1750,2026-08-28,"2026-08-27","Mini",1,53.2
652,2026-08-28,"2026-08-27","Milk - Whole - Oz.",1,8.32
652,2026-08-28,"2026-08-27","Bagels - Blueberry - BU - Bag",1,11.25
652,2026-08-28,"2026-08-27","Cheese Choice $6.75 - Each",1,6.75
652,2026-08-28,"2026-08-27","Del Carmen Choice - Tub",1,6.5
652,2026-08-28,"2026-08-27","Eggs - Dozen",1,6.5
652,2026-08-28,"2026-08-27","Ground Beef - D&M - Lb.",1,10.5
652,2026-08-28,"2026-08-27","Hamburger Buns - 4-pack",1,2.75
652,2026-08-28,"2026-08-27","Paw Paws - Bag",1,7
652,2026-08-28,"2026-08-27","Extra Credit - Each",25.57,1.06
652,2026-08-28,"2026-08-27","Half",1,84.79
1521,2026-08-28,"2026-08-27","Mothership Pickup Time (2.0 @4-4:30) - @4-4:30",1,0
1521,2026-08-28,"2026-08-27","Pork Chop Bone-in /lb. - Lb.",1,23.25
1521,2026-08-28,"2026-08-27","Tomatoes - Slicing - Bag",1,6.5
1521,2026-08-28,"2026-08-27","Watermelon - Sugar Baby - Each",1,6
1521,2026-08-28,"2026-08-27","Extra Credit - Each",11,1.06
900,2026-08-28,"2026-08-27","Mothership Pickup Time (1.0 @3:30-4) - @3:30-4",1,0
900,2026-08-28,"2026-08-27","Cantaloupe (1.0 Medium) - Medium",1,7
900,2026-08-28,"2026-08-27","Cucumbers - Slicing - Each",2,2
900,2026-08-28,"2026-08-27","Eggplant - Globe - Each",1,3
900,2026-08-28,"2026-08-27","Pasta - Gluten Free Short LV - Each",1,5.25
900,2026-08-28,"2026-08-27","Peppers - Red Bell XL - 1-each",1,2.5
900,2026-08-28,"2026-08-27","Squash - Zephyr - Share",1,4
900,2026-08-28,"2026-08-27","Sweet Corn - 5-pack",2,4
900,2026-08-28,"2026-08-27","Tomatoes - Slicing - Bag",1,6.5
900,2026-08-28,"2026-08-27","Extra Credit - Each",0.25,1.06
900,2026-08-28,"2026-08-27","FSA/FSD",1,79.79
900,2026-08-28,"2026-08-27","Whole MILK",1,8.85
171,2026-08-28,"2026-08-27","Eggs - BW - Dozen",2,6.5
171,2026-08-28,"2026-08-27","Mothership Pickup Time (3.0 @4:30-5) - @4:30-5",1,0
171,2026-08-28,"2026-08-27","Chicken - Ground - Lb.",1,10.25
171,2026-08-28,"2026-08-27","Deluxe Mixed Nuts - Bag",2,4.3
171,2026-08-28,"2026-08-27","Louise's Original Granola - Bag",1,10
171,2026-08-28,"2026-08-27","Marinara Sauce - Jar",1,8.75
171,2026-08-28,"2026-08-27","Mushrooms - Choice",1,8
171,2026-08-28,"2026-08-27","Yogurt - Strawberry - Oz.",1,7.25
171,2026-08-28,"2026-08-27","Extra Credit - Each",41.1,1.06
171,2026-08-28,"2026-08-27","Mini",1,53.2
982,2026-08-28,"2026-08-27","Mothership Pickup Time (4.0 @5-5:30) - @5-5:30",1,0
982,2026-08-28,"2026-08-27","Cheese Choice $6.75 - Each",1,6.75
982,2026-08-28,"2026-08-27","Del Carmen Choice - Tub",1,6.5
982,2026-08-28,"2026-08-27","Eggs - Dozen",1,6.5
982,2026-08-28,"2026-08-27","Ground Beef - D&M - Lb.",1,10.5
982,2026-08-28,"2026-08-27","Hamburger Buns - 4-pack",1,2.75
982,2026-08-28,"2026-08-27","Half",1,79.79
904,2026-08-28,"2026-08-27","Milk - 2%  - Oz.",1,8.32
904,2026-08-28,"2026-08-27","Mothership Pickup Time (3.0 @4:30-5) - @4:30-5",1,0
904,2026-08-28,"2026-08-27","Pork Steaks/lb. - Pack",1,18.3
904,2026-08-28,"2026-08-27","Chicken Chorizo - Lb.",1,10.5
904,2026-08-28,"2026-08-27","Eggs - Dozen",1,6.5
904,2026-08-28,"2026-08-27","Extra Credit - Each",10.62,1.06
904,2026-08-28,"2026-08-27","Half",1,84.79
1440,2026-08-28,"2026-08-27","Cheese Choice $6.75 - Each",1,6.75
1440,2026-08-28,"2026-08-27","Chicken Thighs - Boneless/lb. - lbs",1,11.55
1440,2026-08-28,"2026-08-27","Ground Beef - D&M - Lb.",1,10.5
1440,2026-08-28,"2026-08-27","Hamburger Buns - 4-pack",1,2.75
1440,2026-08-28,"2026-08-27","Olive Oil Small - ML",1,8.5
1440,2026-08-28,"2026-08-27","Potatoes - Kennebec - lbs",1,5.25
1440,2026-08-28,"2026-08-27","Extra Credit - Each",12.3,1.06
1440,2026-08-28,"2026-08-27","Half",1,84.79
1440,2026-08-28,"2026-08-27","Whole MILK-e",1,0
1683,2026-08-28,"2026-08-27","Peanut Butter MC - Tub",1,7.75
1683,2026-08-28,"2026-08-27","Kirkwood Pickup Time - @1-1:30",1,0
1683,2026-08-28,"2026-08-27","Chicken Breasts /lb. - Pack",1,11.39
1683,2026-08-28,"2026-08-27","Grits - Oz.",1,4.75
1683,2026-08-28,"2026-08-27","Peppers - Jalapenos - 5-pack",1,3.5
1683,2026-08-28,"2026-08-27","Pretzel - UL Thursday  - Each",1,3.75
1683,2026-08-28,"2026-08-27","Extra Credit - Each",4.39,1.06
1683,2026-08-28,"2026-08-27","UCA/KWA",1,79.79
959,2026-08-28,"2026-08-27","Milk - 2%  - Oz.",1,8.32
959,2026-08-28,"2026-08-27","Kuva Peru - Package",1,16.45
959,2026-08-28,"2026-08-27","Cantaloupe (1.0 Medium) - Medium",1,7
959,2026-08-28,"2026-08-27","Hummus Choice ($6.75) - Tub",1,6.75
959,2026-08-28,"2026-08-27","Mushrooms - Choice",1,8
959,2026-08-28,"2026-08-27","Onions - Yellow - lbs",1,3.5
959,2026-08-28,"2026-08-27","Peppers - Banana - 4-pack",1,4.25
959,2026-08-28,"2026-08-27","Potatoes - Fingerling - lbs",1,7
959,2026-08-28,"2026-08-27","Salmon - Fillet Pieces/LB* - Each",2,11.77
959,2026-08-28,"2026-08-27","Tomatoes - Slicing - Bag",1,6.5
959,2026-08-28,"2026-08-27","Watermelon - Sugar Baby - Each",1,6
959,2026-08-28,"2026-08-27","Yogurt - Vanilla - Oz.",1,7.25
959,2026-08-28,"2026-08-27","Extra Credit - Each",64.56,1.06
959,2026-08-28,"2026-08-27","FSA/FSD",1,79.79
946,2026-08-28,"2026-08-27","Chicken - Ground - Lb.",1,10.25
946,2026-08-28,"2026-08-27","Mushrooms - Choice",1,8
946,2026-08-28,"2026-08-27","Pasta Wildcard $6.50 - Pack",1,6.5
946,2026-08-28,"2026-08-27","Mini",1,53.2
463,2026-08-28,"2026-08-27","Chicken - Ground - Lb.",1,10.25
463,2026-08-28,"2026-08-27","Mushrooms - Choice",1,8
463,2026-08-28,"2026-08-27","Pasta Wildcard $6.50 - Pack",1,6.5
463,2026-08-28,"2026-08-27","Mini",1,53.2
