"member_id","file_date","delivery_date","item_unit","sales","price"
704,2026-08-21,"2026-08-12","Peanut Butter EW - Pint",1,7.75
704,2026-08-21,"2026-08-12","Mothership Pickup Time (2.0 @4-4:30) - @4-4:30",1,0
704,2026-08-21,"2026-08-12","Eggs - H - Dozen",1,6.5
704,2026-08-21,"2026-08-12","Pink Sauce - Oz.",1,8.75
704,2026-08-21,"2026-08-12","Sourdough Bread - Frozen - Lb.",1,6.75
704,2026-08-21,"2026-08-12","Sugar Free - Strawberry Jam  - Pint",1,7.75
704,2026-08-21,"2026-08-12","Extra Credit - Each",0.75,1.06
704,2026-08-21,"2026-08-12","FSA/FSD",1,79.79
335,2026-08-21,"2026-08-12","Chicken - Big Bag Deboned Thighs/lb. - Bag",1,43.56
335,2026-08-21,"2026-08-12","Watermelon - Seeded - Each",1,7
335,2026-08-21,"2026-08-12","Mothership Pickup Time (1.0 @3:30-4) - @3:30-4",1,0
335,2026-08-21,"2026-08-12","RL Heavy Cream - Pint",1,6.5
335,2026-08-21,"2026-08-12","Potatoes - Purple Viking - lbs",1,6
335,2026-08-21,"2026-08-12","Tomatillos  - Bag",1,4.75
335,2026-08-21,"2026-08-12","Extra Credit - Each",46.06,1.06
335,2026-08-21,"2026-08-12","Mini",1,53.2
371,2026-08-21,"2026-08-12","Beef Kabob Meat - Lb.",1,12.75
371,2026-08-21,"2026-08-12","Mushrooms - Choice",1,8
371,2026-08-21,"2026-08-12","Olive Oil Small - ML",1,8.5
371,2026-08-21,"2026-08-12","Tomatoes - Heirloom - Bag",1,9
371,2026-08-21,"2026-08-12","Half",1,68.89
1410,2026-08-21,"2026-08-12","UCity Pickup Time - @4:10-4:30",1,0
1410,2026-08-21,"2026-08-12","Chicken - Ground - Lb.",1,10.25
1410,2026-08-21,"2026-08-12","Louise's Original Granola - Bag",1,10
1410,2026-08-21,"2026-08-12","Mushrooms (1.0 Shiitake) - Shiitake",1,8
1410,2026-08-21,"2026-08-12","Olive Oil Small - ML",1,8.5
1410,2026-08-21,"2026-08-12","Extra Credit - Each",7.5,1.06
1410,2026-08-21,"2026-08-12","Half",1,68.89
1983,2026-08-21,"2026-08-12","Aged Cheddar - HBC - Each",1,6.75
1983,2026-08-21,"2026-08-12","Cantaloupe (1.0 Medium) - Medium",1,7
1983,2026-08-21,"2026-08-12","Eggs - H - Dozen",2,6.5
1983,2026-08-21,"2026-08-12","Feta Cheese - HBC - Each",1,6.75
1983,2026-08-21,"2026-08-12","Tomatoes - Funky Bunch - Pint",1,7
1983,2026-08-21,"2026-08-12","Extra Credit - Each",18.75,1.06
1983,2026-08-21,"2026-08-12","Mini",1,53.2
903,2026-08-21,"2026-08-12","Cheese Choice $6.75 - Each",1,6.75
903,2026-08-21,"2026-08-12","Mustard - Choice",1,6.5
903,2026-08-21,"2026-08-12","Pork - Bratwurst  - Pack",1,8.5
903,2026-08-21,"2026-08-12","Mini",1,53.2
136,2026-08-21,"2026-08-12","Eggplant - Globe (1.0 Large) - Large",1,3
136,2026-08-21,"2026-08-12","Garlic - Head - Head",2,1
136,2026-08-21,"2026-08-12","Oat Porridge Bread - Wednesday - Loaf",1,9
136,2026-08-21,"2026-08-12","Onions - Yellow - lbs",1,3.5
136,2026-08-21,"2026-08-12","Squash - Zucchini - Each",1,3
136,2026-08-21,"2026-08-12","Sweet Corn - 5-pack",1,4
136,2026-08-21,"2026-08-12","Winter Squash - Spaghetti - Each",1,4.75
136,2026-08-21,"2026-08-12","Half",1,84.79
56,2026-08-21,"2026-08-12","Mothership Pickup Time (4.0 @5-5:30) - @5-5:30",1,0
56,2026-08-21,"2026-08-12","Beef Kabob Meat - Lb.",1,12.75
56,2026-08-21,"2026-08-12","Blackberries - Frozen (1.0 Large) - Large",1,10.5
56,2026-08-21,"2026-08-12","Mushrooms - Choice",1,8
56,2026-08-21,"2026-08-12","Olive Oil Small - ML",1,8.5
56,2026-08-21,"2026-08-12","Peaches - Bag",1,7
56,2026-08-21,"2026-08-12","Extra Credit - Each",17.5,1.06
56,2026-08-21,"2026-08-12","Half",1,84.79
346,2026-08-21,"2026-08-12","Watermelon - Seeded - Each",2,7
346,2026-08-21,"2026-08-12","Bagels - Blueberry - BU - Bag",1,11.25
346,2026-08-21,"2026-08-12","Mushrooms - Choice",1,8
346,2026-08-21,"2026-08-12","Tomatoes - Funky Bunch - Pint",1,7
346,2026-08-21,"2026-08-12","Extra Credit - Each",11,1.06
346,2026-08-21,"2026-08-12","Half",1,84.79
1038,2026-08-21,"2026-08-12","Mothership Pickup Time (6.0 @6-6:30) - @6-6:30",1,0
1038,2026-08-21,"2026-08-12","Eggs - H - Dozen",1,6.5
1038,2026-08-21,"2026-08-12","Garlic - Head - Head",1,1
1038,2026-08-21,"2026-08-12","Mushrooms (1.0 Shiitake) - Shiitake",1,8
1038,2026-08-21,"2026-08-12","Peaches - Bag",1,7
1038,2026-08-21,"2026-08-12","Extra Credit - Each",0.75,1.06
1038,2026-08-21,"2026-08-12","Mini",1,53.2
1039,2026-08-21,"2026-08-12","UCity Pickup Time - @4:10-4:30",1,0
1039,2026-08-21,"2026-08-12","Bacon - Uncured/lb - Pack",1,15.71
1039,2026-08-21,"2026-08-12","Eggs - Dozen",1,6.5
1039,2026-08-21,"2026-08-12","Pork - Breakfast Bulk - Pack",1,8.5
1039,2026-08-21,"2026-08-12","Extra Credit - Each",3.46,1.06
1039,2026-08-21,"2026-08-12","UCA/KWA",1,79.79
618,2026-08-21,"2026-08-12","Eggs - BW - Dozen",1,6.5
618,2026-08-21,"2026-08-12","Mothership Pickup Time (4.0 @5-5:30) - @5-5:30",1,0
618,2026-08-21,"2026-08-12","Light and Mild - T - Loaf",1,8.25
618,2026-08-21,"2026-08-12","Tomatoes - Slicing - Bag",1,6.5
618,2026-08-21,"2026-08-12","Tomatoes - Sungold - Pint",1,7
618,2026-08-21,"2026-08-12","Extra Credit - Each",6.5,1.06
618,2026-08-21,"2026-08-12","Mini",1,53.2
1830,2026-08-21,"2026-08-12","Yogurt - Greek Plain - Oz.",1,7.75
1830,2026-08-21,"2026-08-12","Mothership Pickup Time (1.0 @3:30-4) - @3:30-4",1,0
1830,2026-08-21,"2026-08-12","Cantaloupe (1.0 Medium) - Medium",1,7
1830,2026-08-21,"2026-08-12","Ground Lamb  - Lb.",1,15
1830,2026-08-21,"2026-08-12","Leeks - Bunch",1,6
1830,2026-08-21,"2026-08-12","Peppers - Carmen - 2-pack",1,3
1830,2026-08-21,"2026-08-12","Potatoes - Purple Viking - lbs",1,6
1830,2026-08-21,"2026-08-12","Stringbean Half Caf - Bag",1,16
1830,2026-08-21,"2026-08-12","Tomatoes - Heirloom - Bag",1,8
1830,2026-08-21,"2026-08-12","Extra Credit - Each",44.5,1.06
1830,2026-08-21,"2026-08-12","Mini",1,53.2
1830,2026-08-21,"2026-08-12","2% MILK",1,8.85
1968,2026-08-21,"2026-08-12","Cantaloupe (1.0 Medium) - Medium",1,7
1968,2026-08-21,"2026-08-12","Eggs - H - Dozen",1,6.5
1968,2026-08-21,"2026-08-12","Pork - Bratwurst  - Pack",1,8.5
1968,2026-08-21,"2026-08-12","Extra Credit - Each",0.25,1.06
1968,2026-08-21,"2026-08-12","Mini",1,53.2
1203,2026-08-21,"2026-08-12","Eggs - BW - Dozen",1,6.5
1203,2026-08-21,"2026-08-12","Salsa - Gringo's Hot - Pint",1,5
1203,2026-08-21,"2026-08-12","Mothership Pickup Time (2.0 @4-4:30) - @4-4:30",1,0
1203,2026-08-21,"2026-08-12","Curds Applewood Smoked 10 oz - Bag",1,6.75
1203,2026-08-21,"2026-08-12","Kale - Green Curly - Bag",1,5
1203,2026-08-21,"2026-08-12","Peppers - Jalapenos - 5-pack",2,3.5
1203,2026-08-21,"2026-08-12","Pork - Ground  - Lb.",1,7.5
1203,2026-08-21,"2026-08-12","Extra Credit - Each",1,1.06
1203,2026-08-21,"2026-08-12","FSA/FSD",1,79.79
892,2026-08-21,"2026-08-12","Milk Chocolate PB Bon Bons - Pack",1,12
892,2026-08-21,"2026-08-12","Olive Oil Small - ML",1,8.5
892,2026-08-21,"2026-08-12","Peaches - Bag",1,7
892,2026-08-21,"2026-08-12","Semolina - Wednesday - Loaf",1,7
892,2026-08-21,"2026-08-12","Toffee - Package",1,7.5
892,2026-08-21,"2026-08-12","Tomatoes - Sungold - Pint",1,7
892,2026-08-21,"2026-08-12","Extra Credit - Each",19.75,1.06
892,2026-08-21,"2026-08-12","Half",1,84.79
444,2026-08-21,"2026-08-12","Eggs - BW - Dozen",2,6.5
444,2026-08-21,"2026-08-12","UCity Pickup Time - @4:10-4:30",1,0
444,2026-08-21,"2026-08-12","Cantaloupe (1.0 Medium) - Medium",1,7
444,2026-08-21,"2026-08-12","Ground Beef - D&M - Lb.",2,10.5
444,2026-08-21,"2026-08-12","Onions - Red  (1.0 Lb.) - Lb.",1,3
444,2026-08-21,"2026-08-12","Onions - Yellow - lbs",1,3.5
444,2026-08-21,"2026-08-12","Pretzel - UL Wednesday - Each",2,3.75
444,2026-08-21,"2026-08-12","RL Chocolate Milk - Bottle",2,2.75
444,2026-08-21,"2026-08-12","Tomatoes - Funky Bunch - Pint",1,7
444,2026-08-21,"2026-08-12","Extra Credit - Each",40.25,1.06
444,2026-08-21,"2026-08-12","UCA/KWA",1,79.79
828,2026-08-21,"2026-08-12","Bagels - Blueberry - BU - Bag",1,11.25
828,2026-08-21,"2026-08-12","Bagels - Cinnamon Raisin - BU - Bag",1,11.25
828,2026-08-21,"2026-08-12","Bagels - Everything - BU - Bag",1,11.25
828,2026-08-21,"2026-08-12","Chicken Links - Sundried Tomato - lbs",1,10.5
828,2026-08-21,"2026-08-12","Eggs - H - Dozen",1,6.5
828,2026-08-21,"2026-08-12","Flank Steak/lbs. - lbs",1,49.14
828,2026-08-21,"2026-08-12","Peaches - Bag",1,7
828,2026-08-21,"2026-08-12","Tomatoes - Heirloom - Bag",1,8
828,2026-08-21,"2026-08-12","Extra Credit - Each",93.14,1.06
828,2026-08-21,"2026-08-12","Mini",1,53.2
902,2026-08-21,"2026-08-12","Mothership Pickup Time (4.0 @5-5:30) - @5-5:30",1,0
902,2026-08-21,"2026-08-12","Beef Kabob Meat - Lb.",1,12.75
902,2026-08-21,"2026-08-12","Mushrooms - Choice",1,8
902,2026-08-21,"2026-08-12","Olive Oil Small - ML",1,8.5
902,2026-08-21,"2026-08-12","Half",1,84.79
472,2026-08-21,"2026-08-12","Beef Kabob Meat - Lb.",1,12.75
472,2026-08-21,"2026-08-12","Mushrooms - Choice",1,8
472,2026-08-21,"2026-08-12","Olive Oil Small - ML",1,8.5
472,2026-08-21,"2026-08-12","Half",1,68.89
1799,2026-08-21,"2026-08-12","Chicken - Ground - Lb.",1,10.25
1799,2026-08-21,"2026-08-12","Clean Plate Pantry Choice ($12) - Jar",1,12
1799,2026-08-21,"2026-08-12","Mushrooms - Choice",1,8
1799,2026-08-21,"2026-08-12","Pasta Wildcard $6.50 - Pack",1,6.5
1799,2026-08-21,"2026-08-12","FSA/FSD",1,79.79
1920,2026-08-21,"2026-08-12","UCity Pickup Time (3.0 @5-5:30) - @5-5:30",1,0
1920,2026-08-21,"2026-08-12","Black Beans DC - Tub",1,6.5
1920,2026-08-21,"2026-08-12","Hot Sauce - Green - Oz.",1,7.25
1920,2026-08-21,"2026-08-12","Multigrain Bread - Frozen - Loaf",1,6.75
1920,2026-08-21,"2026-08-12","Pork Italian Bulk - D&M - Lb.",1,8.5
1920,2026-08-21,"2026-08-12","Tomatoes - Funky Bunch - Pint",1,7
1920,2026-08-21,"2026-08-12","Extra Credit - Each",6.75,1.06
1920,2026-08-21,"2026-08-12","Half",1,68.89
30,2026-08-21,"2026-08-12","Mothership Pickup Time (3.0 @4:30-5) - @4:30-5",1,0
30,2026-08-21,"2026-08-12","Chicken - Thighs /lbs  - lbs",1,7.2
30,2026-08-21,"2026-08-12","Fresh Herb - Basil - Bunch",1,4
30,2026-08-21,"2026-08-12","Hoagie - Wednesday - Each",1,3.5
30,2026-08-21,"2026-08-12","Okra  - Bag",1,6
30,2026-08-21,"2026-08-12","Sesame Hoagie -W - Each",1,3.8
30,2026-08-21,"2026-08-12","Tomatoes - Slicing - Bag",1,6.5
30,2026-08-21,"2026-08-12","Extra Credit - Each",1.75,1.06
30,2026-08-21,"2026-08-12","Half",1,84.79
611,2026-08-21,"2026-08-12","Milk - Whole - Oz.",1,8.32
611,2026-08-21,"2026-08-12","Eggs - BW - Dozen",1,6.5
611,2026-08-21,"2026-08-12","Kuva Nicaragua - Bag",1,16.45
611,2026-08-21,"2026-08-12","Mothership Pickup Time (5.0 @5:30-6) - @5:30-6",1,0
611,2026-08-21,"2026-08-12","Chicken - Ground - Lb.",1,10.25
611,2026-08-21,"2026-08-12","Clean Plate Pantry Choice ($12) - Jar",1,12
611,2026-08-21,"2026-08-12","Pasta Wildcard $6.50 - Pack",1,6.5
611,2026-08-21,"2026-08-12","Extra Credit - Each",23.27,1.06
611,2026-08-21,"2026-08-12","FSA/FSD",1,79.79
1699,2026-08-21,"2026-08-12","UCity Pickup Time (2.0 @4:30-5) - @4:30-5",1,0
1699,2026-08-21,"2026-08-12","Garlic - Head - Head",1,1
1699,2026-08-21,"2026-08-12","Light and Mild - Wednesday - Loaf",1,8.25
1699,2026-08-21,"2026-08-12","Peppers - Jalapenos - 5-pack",1,3.5
1699,2026-08-21,"2026-08-12","Pretzel - UL Wednesday - Each",2,3.75
1699,2026-08-21,"2026-08-12","Sweet Corn - 5-pack",2,4
1699,2026-08-21,"2026-08-12","Extra Credit - Each",1,1.06
1699,2026-08-21,"2026-08-12","UCA/KWA",1,79.79
1154,2026-08-21,"2026-08-12","Carrots - Lb.",1,6
1154,2026-08-21,"2026-08-12","Garlic - Head - Head",2,1
1154,2026-08-21,"2026-08-12","Peaches - Bag",2,7
1154,2026-08-21,"2026-08-12","Extra Credit - Each",0.25,1.06
1154,2026-08-21,"2026-08-12","Mini",1,53.2
541,2026-08-21,"2026-08-12","Watermelon - Seeded - Each",1,7
541,2026-08-21,"2026-08-12","UCity Pickup Time (3.0 @5-5:30) - @5-5:30",1,0
541,2026-08-21,"2026-08-12","XO! Green Bags Donation - $",1,1
541,2026-08-21,"2026-08-12","Eggs - Dozen",1,6.5
541,2026-08-21,"2026-08-12","Okra  - Bag",1,6
541,2026-08-21,"2026-08-12","Peppers - Red Bell XL - 1-each",2,2.5
541,2026-08-21,"2026-08-12","Squash - Summer - Each",1,3
541,2026-08-21,"2026-08-12","UCA/KWA",1,79.79
1928,2026-08-21,"2026-08-12","Milk - 2%  - Oz.",1,8.32
1928,2026-08-21,"2026-08-12","Eggs - H - Dozen",2,6.5
1928,2026-08-21,"2026-08-12","Peaches - Bag",1,7
1928,2026-08-21,"2026-08-12","Vinaigrette - Greek Style - Bottle",1,6.25
1928,2026-08-21,"2026-08-12","Extra Credit - Each",5.32,1.06
1928,2026-08-21,"2026-08-12","Half",1,68.89
1559,2026-08-21,"2026-08-12","Watermelon - Seeded - Each",1,7
1559,2026-08-21,"2026-08-12","Jam - Red Cherry HBY - Pint",1,7.75
1559,2026-08-21,"2026-08-12","Jam - Strawberry - Rhubarb - Pint",1,7.75
1559,2026-08-21,"2026-08-12","UCity Pickup Time (3.0 @5-5:30) - @5-5:30",1,0
1559,2026-08-21,"2026-08-12","Applewood Smoked Cheddar - Each",1,6.75
1559,2026-08-21,"2026-08-12","Bacon - Uncured/lb - Pack",1,16.17
1559,2026-08-21,"2026-08-12","Chicken - Thighs /lbs  - lbs",1,8.16
1559,2026-08-21,"2026-08-12","Chicken Breasts /lb. - Pack",1,9.01
1559,2026-08-21,"2026-08-12","Eggs - H - Dozen",1,6.5
1559,2026-08-21,"2026-08-12","Garlic - Head - Head",2,1
1559,2026-08-21,"2026-08-12","Mushrooms (1.0 Shiitake) - Shiitake",1,8
1559,2026-08-21,"2026-08-12","Peppers - Banana - 4-pack",1,4.25
1559,2026-08-21,"2026-08-12","Tomatillos  - Bag",1,4.75
1559,2026-08-21,"2026-08-12","Extra Credit - Each",66.34,1.06
1559,2026-08-21,"2026-08-12","Mini",1,53.2
1098,2026-08-21,"2026-08-12","Watermelon - Seeded - Each",1,7
1098,2026-08-21,"2026-08-12","Eggs - BW - Dozen",1,6.5
1098,2026-08-21,"2026-08-12","UCity Pickup Time - @4:10-4:30",1,0
1098,2026-08-21,"2026-08-12","XO - Cooler Donation - $",1,1
1098,2026-08-21,"2026-08-12","Cannoli - 2-pack",2,7
1098,2026-08-21,"2026-08-12","Chicken Thighs - Boneless/lb. - lbs",1,11.73
1098,2026-08-21,"2026-08-12","Mushrooms (1.0 Lion's Mane) - Lion's Mane",1,8
1098,2026-08-21,"2026-08-12","Okra  - Bag",1,6
1098,2026-08-21,"2026-08-12","Peaches - Bag",1,7
1098,2026-08-21,"2026-08-12","Tomatoes - Heirloom - Bag",1,8
1098,2026-08-21,"2026-08-12","Extra Credit - Each",47.48,1.06
1098,2026-08-21,"2026-08-12","Mini",1,53.2
557,2026-08-21,"2026-08-12","Mothership Pickup Time (1.0 @3:30-4) - @3:30-4",1,0
557,2026-08-21,"2026-08-12","Chicken Breasts /lb. - Pack",1,9.86
557,2026-08-21,"2026-08-12","Eggs - H - Dozen",1,6.5
557,2026-08-21,"2026-08-12","Mushrooms (1.0 Oyster) - Oyster",1,8
557,2026-08-21,"2026-08-12","Pasta Wildcard $6.50 - Pack",1,6.5
557,2026-08-21,"2026-08-12","Pork Breakfast Link D&M - Pack",1,8.5
557,2026-08-21,"2026-08-12","Extra Credit - Each",2.61,1.06
557,2026-08-21,"2026-08-12","FSA/FSD",1,79.79
986,2026-08-21,"2026-08-12","Watermelon - Seeded - Each",1,7
986,2026-08-21,"2026-08-12","Mothership Pickup Time (4.0 @5-5:30) - @5-5:30",1,0
986,2026-08-21,"2026-08-12","Lamb Gyro w/ Feta & Spinach - Lb.",1,18
986,2026-08-21,"2026-08-12","Mushrooms - Choice",1,8
986,2026-08-21,"2026-08-12","Extra Credit - Each",3.75,1.06
986,2026-08-21,"2026-08-12","Half",1,84.79
288,2026-08-21,"2026-08-12","Eggs - BW - Dozen",1,6.5
288,2026-08-21,"2026-08-12","Mothership Pickup Time (1.0 @3:30-4) - @3:30-4",1,0
288,2026-08-21,"2026-08-12","Chicken - Ground - Lb.",1,10.25
288,2026-08-21,"2026-08-12","Polenta - Oz.",1,4.75
288,2026-08-21,"2026-08-12","Mini",1,53.2
1896,2026-08-21,"2026-08-12","Mothership Pickup Time (4.0 @5-5:30) - @5-5:30",1,0
1896,2026-08-21,"2026-08-12","Chicken Thighs - Boneless/lb. - Wee* - lbs",1,8.75
1896,2026-08-21,"2026-08-12","Cinnamon Rolls - Frozen - Pack",1,6.75
1896,2026-08-21,"2026-08-12","Garlic - Head - Head",2,1
1896,2026-08-21,"2026-08-12","Oat Porridge Bread - Wednesday - Loaf",1,9
1896,2026-08-21,"2026-08-12","Peaches - Bag",1,7
1896,2026-08-21,"2026-08-12","Pork - Bratwurst  - Pack",1,8.5
1896,2026-08-21,"2026-08-12","Semolina - Wednesday - Loaf",1,7
1896,2026-08-21,"2026-08-12","Extra Credit - Each",27.25,1.06
1896,2026-08-21,"2026-08-12","Mini",1,53.2
1989,2026-08-21,"2026-08-12","Mothership Pickup Time (1.0 @3:30-4) - @3:30-4",1,0
1989,2026-08-21,"2026-08-12","Strip Steak /lb - Pack",2,16.8
1989,2026-08-21,"2026-08-12","Extra Credit - Each",4.35,1.06
1989,2026-08-21,"2026-08-12","Half",1,84.79
391,2026-08-21,"2026-08-12","Bagels - Everything - BU - Bag",1,11.25
391,2026-08-21,"2026-08-12","Cheese Choice $6.75 - Each",1,6.75
391,2026-08-21,"2026-08-12","Mustard - Choice",1,6.5
391,2026-08-21,"2026-08-12","Pork - Bratwurst  - Pack",1,8.5
391,2026-08-21,"2026-08-12","Extra Credit - Each",11.25,1.06
391,2026-08-21,"2026-08-12","Mini",1,53.2
824,2026-08-21,"2026-08-12","Aged Cheddar - HBC - Each",1,6.75
824,2026-08-21,"2026-08-12","Eggs - H - Dozen",1,6.5
824,2026-08-21,"2026-08-12","Pork - Bratwurst  - Pack",1,8.5
824,2026-08-21,"2026-08-12","Mini",1,53.2
207,2026-08-21,"2026-08-12","Watermelon - Seeded - Each",1,7
207,2026-08-21,"2026-08-12","Eggs - BW - Dozen",1,6.5
207,2026-08-21,"2026-08-12","Garlic - Head - Head",1,1
207,2026-08-21,"2026-08-12","Potatoes - New - Bag",1,5.75
207,2026-08-21,"2026-08-12","Potatoes - Yukon Gold - lbs",1,6
207,2026-08-21,"2026-08-12","Tomatoes - Slicing - Bag",1,6.5
207,2026-08-21,"2026-08-12","Tomatoes - Sungold - Pint",1,7
207,2026-08-21,"2026-08-12","Extra Credit - Each",18,1.06
207,2026-08-21,"2026-08-12","Mini",1,53.2
100,2026-08-21,"2026-08-12","Mothership Pickup Time (3.0 @4:30-5) - @4:30-5",1,0
100,2026-08-21,"2026-08-12","Boneless Pork Chop - D&M /lb - Lb.",1,12.54
100,2026-08-21,"2026-08-12","Cinnamon Raisin Bread - 1-each",1,6.75
100,2026-08-21,"2026-08-12","Mustard (1.0 Garlic) - Garlic",1,6.5
100,2026-08-21,"2026-08-12","Pork Breakfast Link D&M - Pack",1,8.5
100,2026-08-21,"2026-08-12","Extra Credit - Each",12.54,1.06
100,2026-08-21,"2026-08-12","Mini",1,53.2
178,2026-08-21,"2026-08-12","Chicken - BULK Breasts /lb. - Pack",1,43.73
178,2026-08-21,"2026-08-12","Chicken - Ground - Lb.",1,10.25
178,2026-08-21,"2026-08-12","Chicken Links - Andouille  - Lb.",1,10.5
178,2026-08-21,"2026-08-12","Hoagie - Wednesday - Each",1,3.5
178,2026-08-21,"2026-08-12","Extra Credit - Each",38.73,1.06
178,2026-08-21,"2026-08-12","Half",1,68.89
98,2026-08-21,"2026-08-12","Peanut Butter EW - Pint",1,7.75
98,2026-08-21,"2026-08-12","UCity Pickup Time (2.0 @4:30-5) - @4:30-5",1,0
98,2026-08-21,"2026-08-12","Mushrooms (1.0 Shiitake) - Shiitake",1,8
98,2026-08-21,"2026-08-12","Peaches - Bag",1,7
98,2026-08-21,"2026-08-12","Squash - Summer - Each",1,3
98,2026-08-21,"2026-08-12","Squash - Zucchini - Each",1,3
98,2026-08-21,"2026-08-12","Sweet Corn - 5-pack",1,4
98,2026-08-21,"2026-08-12","Tomatoes - Funky Bunch - Pint",1,7
98,2026-08-21,"2026-08-12","Extra Credit - Each",39.75,1.06
99,2026-08-21,"2026-08-12","Chicken - BULK Breasts /lb. - Pack",1,43.23
99,2026-08-21,"2026-08-12","Mothership Pickup Time (2.0 @4-4:30) - @4-4:30",1,0
99,2026-08-21,"2026-08-12","Chicken - Breakfast - Pack",1,10.5
99,2026-08-21,"2026-08-12","Janie's Bread - Wednesday - Each",1,7
99,2026-08-21,"2026-08-12","Mushrooms (1.0 Shiitake) - Shiitake",1,8
99,2026-08-21,"2026-08-12","Peppers - Carmen - 2-pack",1,3
77,2026-08-21,"2026-08-12","Mothership Pickup Time (1.0 @3:30-4) - @3:30-4",1,0
77,2026-08-21,"2026-08-12","Cinnamon Raisin Bread - 1-each",1,6.75
77,2026-08-21,"2026-08-12","Dark Chocolate Square  - Each",1,1.75
77,2026-08-21,"2026-08-12","Hummus - Carrot & Ginger - Tub",1,6.75
77,2026-08-21,"2026-08-12","Pizza Sauce - Jar",1,6.75
77,2026-08-21,"2026-08-12","Extra Credit - Each",0.25,1.06
77,2026-08-21,"2026-08-12","Mini",1,53.2
870,2026-08-21,"2026-08-12","Mothership Pickup Time (3.0 @4:30-5) - @4:30-5",1,0
870,2026-08-21,"2026-08-12","Bacon - Uncured/lb - Pack",1,16.01
870,2026-08-21,"2026-08-12","Beans & Rice - Tub",1,6.5
870,2026-08-21,"2026-08-12","Louise's Original Granola - Bag",1,10
870,2026-08-21,"2026-08-12","FSA/FSD",1,79.79
637,2026-08-21,"2026-08-12","Mothership Pickup Time (1.0 @3:30-4) - @3:30-4",1,0
637,2026-08-21,"2026-08-12","Aged Cheddar - HBC - Each",1,6.75
637,2026-08-21,"2026-08-12","English Muffin Sourdough - Frozen - Pack",1,5
637,2026-08-21,"2026-08-12","Mushrooms - Choice",1,8
637,2026-08-21,"2026-08-12","Onions - Red  (1.0 Lb.) - Lb.",1,3
637,2026-08-21,"2026-08-12","Half",1,84.79
1084,2026-08-21,"2026-08-12","Salsa - Gringo's Medium - Pint",1,5
1084,2026-08-21,"2026-08-12","Dark Chocolate Salted Bark - Pack",1,7.5
1084,2026-08-21,"2026-08-12","Dark Chocolate Toasted Pecan Bark - Package",1,7.5
1084,2026-08-21,"2026-08-12","Date Chocolate Spread - Jar",1,12
1084,2026-08-21,"2026-08-12","Pasta Long Bi-color - Lb.",1,6.5
1084,2026-08-21,"2026-08-12","Queso Quesadilla - HBC - Each",1,6.75
1084,2026-08-21,"2026-08-12","Tomatoes - Funky Bunch - Pint",1,7
1084,2026-08-21,"2026-08-12","Extra Credit - Each",23,1.06
1084,2026-08-21,"2026-08-12","Half",1,84.79
351,2026-08-21,"2026-08-12","Eggs - BW - Dozen",1,6.5
351,2026-08-21,"2026-08-12","Yogurt - Greek Plain - Oz.",1,7.75
351,2026-08-21,"2026-08-12","Mothership Pickup Time (1.0 @3:30-4) - @3:30-4",1,0
351,2026-08-21,"2026-08-12","Garlic - Head - Head",2,1
351,2026-08-21,"2026-08-12","Peaches - Bag",1,7
351,2026-08-21,"2026-08-12","Semolina - Wednesday - Loaf",1,7
351,2026-08-21,"2026-08-12","Stringbean Ethiopian - Bag",1,16
351,2026-08-21,"2026-08-12","Extra Credit - Each",17,1.06
351,2026-08-21,"2026-08-12","Half",1,84.79
1923,2026-08-21,"2026-08-12","UCity Pickup Time (3.0 @5-5:30) - @5-5:30",1,0
1923,2026-08-21,"2026-08-12","Blackberries - Frozen (1.0 Large) - Large",1,10.5
1923,2026-08-21,"2026-08-12","Eggs - Dozen",1,6.5
1923,2026-08-21,"2026-08-12","Kairos Sourdough Choice $5 - Pack",1,5
1923,2026-08-21,"2026-08-12","Pork - Breakfast Bulk - Pack",1,8.5
1923,2026-08-21,"2026-08-12","Potatoes - Yukon Gold - lbs",1,6
1923,2026-08-21,"2026-08-12","Yogurt Wildcard ($7.25) - Each",1,7.25
1923,2026-08-21,"2026-08-12","Extra Credit - Each",16.5,1.06
1923,2026-08-21,"2026-08-12","UCA/KWA",1,79.79
1879,2026-08-21,"2026-08-12","Mothership Pickup Time (3.0 @4:30-5) - @4:30-5",1,0
1879,2026-08-21,"2026-08-12","Aged Cheddar - HBC - Each",1,6.75
1879,2026-08-21,"2026-08-12","Eggs - H - Dozen",1,6.5
1879,2026-08-21,"2026-08-12","Mustard (1.0 Garlic) - Garlic",1,6.5
1879,2026-08-21,"2026-08-12","Pork - Bratwurst  - Pack",1,8.5
1879,2026-08-21,"2026-08-12","Extra Credit - Each",6.5,1.06
1879,2026-08-21,"2026-08-12","Mini",1,53.2
727,2026-08-21,"2026-08-12","Ground Turkey - Pack",1,10.25
727,2026-08-21,"2026-08-12","Watermelon - Seeded - Each",1,7
727,2026-08-21,"2026-08-12","UCity Pickup Time - @4:10-4:30",1,0
727,2026-08-21,"2026-08-12","Bacon - Uncured/lb - Pack",1,16.17
727,2026-08-21,"2026-08-12","Eggs - Dozen",1,6.5
727,2026-08-21,"2026-08-12","Heirloom 2nds/3lbs bag - Lb.",1,8.5
727,2026-08-21,"2026-08-12","Kairos Sourdough Choice $5 - Pack",1,5
727,2026-08-21,"2026-08-12","Kale - Green Curly - Bag",1,5
727,2026-08-21,"2026-08-12","Peaches - Bag",1,7
727,2026-08-21,"2026-08-12","Pork - Breakfast Bulk - Pack",1,8.5
727,2026-08-21,"2026-08-12","Potatoes - Fingerling - lbs",1,7
727,2026-08-21,"2026-08-12","Tomatoes - Funky Bunch - Pint",1,7
727,2026-08-21,"2026-08-12","Tomatoes - Sungold - Pint",1,7
727,2026-08-21,"2026-08-12","Yogurt Wildcard ($7.25) - Each",1,7.25
727,2026-08-21,"2026-08-12","Extra Credit - Each",74.92,1.06
727,2026-08-21,"2026-08-12","UCA/KWA",1,79.79
373,2026-08-21,"2026-08-12","UCity Pickup Time (3.0 @5-5:30) - @5-5:30",1,0
373,2026-08-21,"2026-08-12","Dark Chocolate Square  - Each",1,1.75
373,2026-08-21,"2026-08-12","Fresh Herb - Basil - Bunch",3,4
373,2026-08-21,"2026-08-12","Peppers - Shishitos - Bag",1,7
373,2026-08-21,"2026-08-12","Tomatoes - Slicing - Bag",1,6.5
373,2026-08-21,"2026-08-12","UCA/KWA",1,79.79
1498,2026-08-21,"2026-08-12","Cashew Butter - Roasted - Pint",1,11.75
1498,2026-08-21,"2026-08-12","Eggs - BW - Dozen",1,6.5
1498,2026-08-21,"2026-08-12","UCity Pickup Time - @4:10-4:30",1,0
1498,2026-08-21,"2026-08-12","Peaches - Bag",1,7
1498,2026-08-21,"2026-08-12","Extra Credit - Each",3.5,1.06
1498,2026-08-21,"2026-08-12","Mini",1,53.2
526,2026-08-21,"2026-08-12","UCity Pickup Time - @4:10-4:30",1,0
526,2026-08-21,"2026-08-12","Lamb Gyro Seasoned - Lb.",1,18
526,2026-08-21,"2026-08-12","Light and Mild - Wednesday - Loaf",1,8.25
526,2026-08-21,"2026-08-12","Pork - Breakfast Bulk - Pack",1,8.5
526,2026-08-21,"2026-08-12","Extra Credit - Each",7.5,1.06
526,2026-08-21,"2026-08-12","UCA/KWA",1,79.79
544,2026-08-21,"2026-08-12","Watermelon - Seeded - Each",1,7
544,2026-08-21,"2026-08-12","Pork Steaks/lb. - Pack",1,15.8
544,2026-08-21,"2026-08-12","Beef Kabob Meat - Lb.",1,12.75
544,2026-08-21,"2026-08-12","Chicken Drumsticks /LB - Pack",2,4.03
544,2026-08-21,"2026-08-12","Hoagie - Wednesday - Each",1,3.5
544,2026-08-21,"2026-08-12","Yogurt - Strawberry - Oz.",1,7.25
544,2026-08-21,"2026-08-12","Extra Credit - Each",25.11,1.06
544,2026-08-21,"2026-08-12","Half",1,84.79
639,2026-08-21,"2026-08-12","UCity Pickup Time (3.0 @5-5:30) - @5-5:30",1,0
639,2026-08-21,"2026-08-12","XO! Green Bags Donation - $",2,1
639,2026-08-21,"2026-08-12","Beef Kabob Meat - Lb.",1,12.75
639,2026-08-21,"2026-08-12","Peaches - Bag",1,7
639,2026-08-21,"2026-08-12","Semolina - Wednesday - Loaf",1,7
639,2026-08-21,"2026-08-12","Half",1,84.79
1030,2026-08-21,"2026-08-12","Eggs - Dozen",1,6.5
1030,2026-08-21,"2026-08-12","Kairos Sourdough Choice $5 - Pack",1,5
1030,2026-08-21,"2026-08-12","Pork - Breakfast Bulk - Pack",1,8.5
1030,2026-08-21,"2026-08-12","Yogurt Wildcard ($7.25) - Each",1,7.25
1030,2026-08-21,"2026-08-12","UCA/KWA",1,79.79
1448,2026-08-21,"2026-08-12","XO! Green Bags Donation - $",2,1
1448,2026-08-21,"2026-08-12","Chicken - Thighs /lbs  - lbs",1,7.92
1448,2026-08-21,"2026-08-12","Peaches - Bag",1,7
1448,2026-08-21,"2026-08-12","Tomatoes - Sungold - Pint",1,7
1448,2026-08-21,"2026-08-12","Extra Credit - Each",2.17,1.06
1448,2026-08-21,"2026-08-12","Mini",1,53.2
145,2026-08-21,"2026-08-12","Mothership Pickup Time (1.0 @3:30-4) - @3:30-4",1,0
145,2026-08-21,"2026-08-12","Fresh Herb - Basil - Bunch",1,4
145,2026-08-21,"2026-08-12","Gnocchi - Sundried Tomato  - Lb.",1,6.5
145,2026-08-21,"2026-08-12","Onions - Red  (1.0 Lb.) - Lb.",1,3
145,2026-08-21,"2026-08-12","Onions - Yellow - lbs",1,3.5
145,2026-08-21,"2026-08-12","Tomatillos  - Bag",1,4.75
145,2026-08-21,"2026-08-12","Mini",1,53.2
317,2026-08-21,"2026-08-12","Eggs - BW - Dozen",1,6.5
317,2026-08-21,"2026-08-12","Jam - Strawberry HBY - Pint",1,7
317,2026-08-21,"2026-08-12","UCity Pickup Time (3.0 @5-5:30) - @5-5:30",1,0
317,2026-08-21,"2026-08-12","Meatballs D&M - Package",1,15
317,2026-08-21,"2026-08-12","Mushrooms - Choice",1,8
317,2026-08-21,"2026-08-12","Peaches - Bag",2,7
317,2026-08-21,"2026-08-12","Tortellini - Mushroom - Lb.",1,9.15
317,2026-08-21,"2026-08-12","Extra Credit - Each",30.4,1.06
317,2026-08-21,"2026-08-12","Half",1,68.89
863,2026-08-21,"2026-08-12","Mothership Pickup Time (6.0 @6-6:30) - @6-6:30",1,0
863,2026-08-21,"2026-08-12","Ham Hocks/lb. - Pack",1,16.8
863,2026-08-21,"2026-08-12","Mushrooms (1.0 Shiitake) - Shiitake",1,8
863,2026-08-21,"2026-08-12","Pita Bread - Frozen (1.0 White) - White",1,3.55
863,2026-08-21,"2026-08-12","Pork - Jowl Uncured/LB* - Pack",1,12.49
863,2026-08-21,"2026-08-12","Pork Andouille Links - D&M - Each",1,8.5
863,2026-08-21,"2026-08-12","Extra Credit - Each",12.59,1.06
863,2026-08-21,"2026-08-12","FSA/FSD",1,79.79
190,2026-08-21,"2026-08-12","Eggs - BW - Dozen",1,6.5
190,2026-08-21,"2026-08-12","Mothership Pickup Time (4.0 @5-5:30) - @5-5:30",1,0
190,2026-08-21,"2026-08-12","Pork - Bratwurst  - Pack",1,8.5
190,2026-08-21,"2026-08-12","Yogurt - Vanilla - Oz.",1,7.25
190,2026-08-21,"2026-08-12","Extra Credit - Each",0.5,1.06
190,2026-08-21,"2026-08-12","Mini",1,53.2
125,2026-08-21,"2026-08-12","Watermelon - Seeded - Each",1,7
125,2026-08-21,"2026-08-12","Blackberries - Frozen (1.0 Large) - Large",1,10.5
125,2026-08-21,"2026-08-12","Cucumbers - Slicing - Each",1,2
125,2026-08-21,"2026-08-12","Pasta - Gluten Free Short LV - Each",2,5.25
125,2026-08-21,"2026-08-12","Peppers - Carmen - 2-pack",1,3
125,2026-08-21,"2026-08-12","Tomatoes - Slicing - Bag",1,6.5
125,2026-08-21,"2026-08-12","Tomatoes - Sungold - Pint",1,7
125,2026-08-21,"2026-08-12","Extra Credit - Each",19.25,1.06
125,2026-08-21,"2026-08-12","UCA/KWA",1,79.79
256,2026-08-21,"2026-08-12","Mothership Pickup Time (4.0 @5-5:30) - @5-5:30",1,0
256,2026-08-21,"2026-08-12","Carrots - Lb.",1,6
256,2026-08-21,"2026-08-12","Pork - Bratwurst  - Pack",1,8.5
256,2026-08-21,"2026-08-12","Tomatoes - Heirloom - Bag",1,8
256,2026-08-21,"2026-08-12","Tomatoes - Sungold - Pint",1,7
256,2026-08-21,"2026-08-12","Extra Credit - Each",7.75,1.06
256,2026-08-21,"2026-08-12","Mini",1,53.2
235,2026-08-21,"2026-08-12","Ground Turkey - Pack",1,10.25
235,2026-08-21,"2026-08-12","Apple Sauce - Chunky - NS - Quart",1,7.75
235,2026-08-21,"2026-08-12","Hand Pie: Chicken Curry - Bag",1,10.5
235,2026-08-21,"2026-08-12","Hoagie - Wednesday - Each",1,3.5
235,2026-08-21,"2026-08-12","Extra Credit - Each",10.25,1.06
235,2026-08-21,"2026-08-12","Mini",1,53.2
356,2026-08-21,"2026-08-12","UCity Pickup Time (3.0 @5-5:30) - @5-5:30",1,0
356,2026-08-21,"2026-08-12","Bagels - Plain - BU - Bag",1,11.25
356,2026-08-21,"2026-08-12","Chicken Breasts /lb. - Pack",1,9.18
356,2026-08-21,"2026-08-12","English Muffin Sourdough - Frozen - Pack",1,5
356,2026-08-21,"2026-08-12","Pork - Bratwurst  - Pack",1,8.5
356,2026-08-21,"2026-08-12","Extra Credit - Each",12.18,1.06
356,2026-08-21,"2026-08-12","Mini",1,53.2
1107,2026-08-21,"2026-08-12","UCity Pickup Time (3.0 @5-5:30) - @5-5:30",1,0
1107,2026-08-21,"2026-08-12","Chicken Links - Lemon Pepper - Lb.",1,10.5
1107,2026-08-21,"2026-08-12","Eggs - H - Dozen",1,6.5
1107,2026-08-21,"2026-08-12","Tomatoes - Slicing - Bag",1,6.5
1107,2026-08-21,"2026-08-12","Tomatoes - Sungold - Pint",1,7
1107,2026-08-21,"2026-08-12","Extra Credit - Each",1.25,1.06
1107,2026-08-21,"2026-08-12","Half",1,68.89
520,2026-08-21,"2026-08-12","UCity Pickup Time - @4:10-4:30",1,0
520,2026-08-21,"2026-08-12","Cantaloupe (1.0 Medium) - Medium",1,7
520,2026-08-21,"2026-08-12","Heirloom 2nds/3lbs bag - Lb.",1,8.5
520,2026-08-21,"2026-08-12","Onions - Red  (1.0 Lb.) - Lb.",1,3
520,2026-08-21,"2026-08-12","Peppers - Red Bell XL - 1-each",1,2.5
520,2026-08-21,"2026-08-12","Tomatoes - Funky Bunch - Pint",1,7
520,2026-08-21,"2026-08-12","Extra Credit - Each",3.75,1.06
520,2026-08-21,"2026-08-12","Mini",1,53.2
520,2026-08-21,"2026-08-12","Whole MILK",1,8.85
709,2026-08-21,"2026-08-12","Mothership Pickup Time (1.0 @3:30-4) - @3:30-4",1,0
709,2026-08-21,"2026-08-12","RL Heavy Cream - Pint",1,6.5
709,2026-08-21,"2026-08-12","Chicken Thighs - Boneless/lb. - lbs",2,9.28
709,2026-08-21,"2026-08-12","Eggs - H - Dozen",2,6.5
709,2026-08-21,"2026-08-12","Ground Beef - D&M - Lb.",2,10.5
709,2026-08-21,"2026-08-12","Toffee - Package",2,7.5
709,2026-08-21,"2026-08-12","Extra Credit - Each",37.31,1.06
709,2026-08-21,"2026-08-12","FSA/FSD",1,79.79
709,2026-08-21,"2026-08-12","Whole MILK",1,8.85
763,2026-08-21,"2026-08-12","Chicken - Ground - Lb.",1,10.25
763,2026-08-21,"2026-08-12","Clean Plate Pantry Choice ($12) - Jar",1,12
763,2026-08-21,"2026-08-12","Mushrooms - Choice",1,8
763,2026-08-21,"2026-08-12","Pasta Wildcard $6.50 - Pack",1,6.5
763,2026-08-21,"2026-08-12","FSA/FSD",1,79.79
598,2026-08-21,"2026-08-12","Eggs - BW - Dozen",1,6.5
598,2026-08-21,"2026-08-12","Pasta Bi-color Short - Lb.",1,6.5
598,2026-08-21,"2026-08-12","Pork Italian Bulk - D&M - Lb.",1,8.5
598,2026-08-21,"2026-08-12","Mini",1,53.2
1707,2026-08-21,"2026-08-12","Mothership Pickup Time (2.0 @4-4:30) - @4-4:30",1,0
1707,2026-08-21,"2026-08-12","Cantaloupe (1.0 Medium) - Medium",1,7
1707,2026-08-21,"2026-08-12","Fresh Herb - Basil - Bunch",1,4
1707,2026-08-21,"2026-08-12","Pasta Long Egg - Lb.",1,6.5
1707,2026-08-21,"2026-08-12","Tomatoes - Sungold - Pint",1,7
1707,2026-08-21,"2026-08-12","Extra Credit - Each",2.75,1.06
1707,2026-08-21,"2026-08-12","Mini",1,53.2
423,2026-08-21,"2026-08-12","Mothership Pickup Time (6.0 @6-6:30) - @6-6:30",1,0
423,2026-08-21,"2026-08-12","Cinnamon Rolls - Frozen - Pack",1,6.75
423,2026-08-21,"2026-08-12","Pork - Tenderloin/lb - Wee - Lb.",1,11.27
423,2026-08-21,"2026-08-12","Potatoes - Fingerling - lbs",1,7
423,2026-08-21,"2026-08-12","Potatoes - Yukon Gold - lbs",1,6
423,2026-08-21,"2026-08-12","Queso Quesadilla - HBC - Each",1,6.75
423,2026-08-21,"2026-08-12","Soy Sauce - Mushroom - Bottle",1,7.5
423,2026-08-21,"2026-08-12","Sweet Corn - 5-pack",1,4
423,2026-08-21,"2026-08-12","Extra Credit - Each",12.52,1.06
423,2026-08-21,"2026-08-12","FSA/FSD",1,79.79
814,2026-08-21,"2026-08-12","Eggs - BW - Dozen",1,6.5
814,2026-08-21,"2026-08-12","UCity Pickup Time - @4:10-4:30",1,0
814,2026-08-21,"2026-08-12","XO! Green Bags Donation - $",1,1
814,2026-08-21,"2026-08-12","Beef Kabob Meat - Lb.",1,12.75
814,2026-08-21,"2026-08-12","Mushrooms - Choice",1,8
814,2026-08-21,"2026-08-12","Peaches - Bag",1,7
814,2026-08-21,"2026-08-12","Extra Credit - Each",1,1.06
814,2026-08-21,"2026-08-12","Half",1,68.89
814,2026-08-21,"2026-08-12","Creamline MILK-e",1,8.85
814,2026-08-21,"2026-08-12","Whole MILK-e",1,8.85
1627,2026-08-21,"2026-08-12","Mothership Pickup Time (3.0 @4:30-5) - @4:30-5",1,0
1627,2026-08-21,"2026-08-12","Bacon - Each",1,14.72
1627,2026-08-21,"2026-08-12","Mushrooms - Choice",1,8
1627,2026-08-21,"2026-08-12","Pecan Pieces - Oz.",1,18
1627,2026-08-21,"2026-08-12","Extra Credit - Each",3.97,1.06
1627,2026-08-21,"2026-08-12","FSA/FSD",1,79.79
322,2026-08-21,"2026-08-12","Eggs - Dozen",1,6.5
322,2026-08-21,"2026-08-12","Pizza Sourdough - Frozen - Pack",1,5
322,2026-08-21,"2026-08-12","Pork Breakfast Patties D&M - Pack",1,8.5
322,2026-08-21,"2026-08-12","Yogurt - Strawberry - Oz.",1,7.25
322,2026-08-21,"2026-08-12","UCA/KWA",1,79.79
322,2026-08-21,"2026-08-12","2% MILK-e",1,8.85
132,2026-08-21,"2026-08-12","Half & Half - Pint",1,4.75
132,2026-08-21,"2026-08-12","XO - Cooler Donation - $",1,1
132,2026-08-21,"2026-08-12","Beef Kabob Meat - Lb.",1,12.75
132,2026-08-21,"2026-08-12","Eggs - H - Dozen",1,6.5
132,2026-08-21,"2026-08-12","Mushrooms - Choice",1,8
132,2026-08-21,"2026-08-12","Mushrooms (1.0 Shiitake) - Shiitake",1,8
132,2026-08-21,"2026-08-12","Sourdough Bread - Frozen - Lb.",2,6.75
132,2026-08-21,"2026-08-12","Extra Credit - Each",25.25,1.06
132,2026-08-21,"2026-08-12","Half",1,84.79
681,2026-08-21,"2026-08-12","Eggs - Dozen",1,6.5
681,2026-08-21,"2026-08-12","Kairos Sourdough Choice $5 - Pack",1,5
681,2026-08-21,"2026-08-12","Pork - Breakfast Bulk - Pack",1,8.5
681,2026-08-21,"2026-08-12","Yogurt Wildcard ($7.25) - Each",1,7.25
681,2026-08-21,"2026-08-12","UCA/KWA",1,79.79
960,2026-08-21,"2026-08-12","Beef Kabob Meat - Lb.",1,12.75
960,2026-08-21,"2026-08-12","English Muffin Sourdough - Frozen - Pack",1,5
960,2026-08-21,"2026-08-12","Mushrooms - Choice",1,8
960,2026-08-21,"2026-08-12","Olive Oil Small - ML",1,8.5
960,2026-08-21,"2026-08-12","Extra Credit - Each",5,1.06
960,2026-08-21,"2026-08-12","Half",1,84.79
1474,2026-08-21,"2026-08-12","XO - Cooler Donation - $",1,1
1474,2026-08-21,"2026-08-12","Jam - Blackberry Jalapeno - Pint",1,7
1474,2026-08-21,"2026-08-12","Pasta Bi-color Short - Lb.",1,6.5
1474,2026-08-21,"2026-08-12","Tomatoes - Sungold - Pint",1,7
1474,2026-08-21,"2026-08-12","Mini",1,53.2
1048,2026-08-21,"2026-08-12","UCity Pickup Time (2.0 @4:30-5) - @4:30-5",1,0
1048,2026-08-21,"2026-08-12","Cantaloupe (1.0 Medium) - Medium",1,7
1048,2026-08-21,"2026-08-12","Okra  - Bag",1,6
1048,2026-08-21,"2026-08-12","Pork - Ground  - Lb.",1,7.5
1048,2026-08-21,"2026-08-12","Tomatoes - Sungold - Pint",1,7
1048,2026-08-21,"2026-08-12","Extra Credit - Each",0.25,1.06
1048,2026-08-21,"2026-08-12","UCA/KWA",1,79.79
620,2026-08-21,"2026-08-12","Watermelon - Seeded - Each",1,7
620,2026-08-21,"2026-08-12","Eggs - BW - Dozen",1,6.5
620,2026-08-21,"2026-08-12","Mothership Pickup Time (2.0 @4-4:30) - @4-4:30",1,0
620,2026-08-21,"2026-08-12","Bagels - Blueberry - BU - Bag",1,11.25
620,2026-08-21,"2026-08-12","Peppers - Jalapenos - 5-pack",2,3.5
620,2026-08-21,"2026-08-12","Semolina - Wednesday - Loaf",1,7
620,2026-08-21,"2026-08-12","Sweet Corn - 5-pack",1,4
620,2026-08-21,"2026-08-12","Extra Credit - Each",13.5,1.06
620,2026-08-21,"2026-08-12","Half",1,84.79
1162,2026-08-21,"2026-08-12","Salsa - Black Bean & Corn - Pint",1,5
1162,2026-08-21,"2026-08-12","Mothership Pickup Time (1.0 @3:30-4) - @3:30-4",1,0
1162,2026-08-21,"2026-08-12","Ground Beef - D&M - Lb.",1,10.5
1162,2026-08-21,"2026-08-12","Peppers - Shishitos - Bag",1,7
1162,2026-08-21,"2026-08-12","Squash - Summer - Each",1,3
1162,2026-08-21,"2026-08-12","Extra Credit - Each",3.75,1.06
1162,2026-08-21,"2026-08-12","Mini",1,53.2
465,2026-08-21,"2026-08-12","Milk Chocolate Lolli - Each",1,1.75
465,2026-08-21,"2026-08-12","Peaches - Bag",1,7
465,2026-08-21,"2026-08-12","Pork - Bratwurst  - Pack",1,8.5
465,2026-08-21,"2026-08-12","Ravioli - Butternut Squash  - Lb.",1,9.15
465,2026-08-21,"2026-08-12","Extra Credit - Each",4.65,1.06
465,2026-08-21,"2026-08-12","Mini",1,53.2
1735,2026-08-21,"2026-08-12","UCity Pickup Time (2.0 @4:30-5) - @4:30-5",1,0
1735,2026-08-21,"2026-08-12","Eggs - Dozen",1,6.5
1735,2026-08-21,"2026-08-12","Marshmallow Pie - Each",1,7.5
1735,2026-08-21,"2026-08-12","Onions - Red  (1.0 Lb.) - Lb.",1,3
1735,2026-08-21,"2026-08-12","Peaches - Bag",1,7
1735,2026-08-21,"2026-08-12","Tomatoes - Heirloom - Bag",1,8
1735,2026-08-21,"2026-08-12","Extra Credit - Each",4.75,1.06
1735,2026-08-21,"2026-08-12","UCA/KWA",1,79.79
627,2026-08-21,"2026-08-12","Watermelon - Seeded - Each",1,7
627,2026-08-21,"2026-08-12","UCity Pickup Time - @4:10-4:30",1,0
627,2026-08-21,"2026-08-12","XO - Cooler Donation - $",1,1
627,2026-08-21,"2026-08-12","Aged Cheddar - HBC - Each",1,6.75
627,2026-08-21,"2026-08-12","Bagels - Sesame Seed - BU - Bag",1,11.25
627,2026-08-21,"2026-08-12","Mustard (1.0 Horseradish) - Horseradish",1,6.5
627,2026-08-21,"2026-08-12","Tomatoes - Heirloom - Bag",1,8
627,2026-08-21,"2026-08-12","Extra Credit - Each",18.75,1.06
627,2026-08-21,"2026-08-12","Mini",1,53.2
1014,2026-08-21,"2026-08-12","UCity Pickup Time - @4:10-4:30",1,0
1014,2026-08-21,"2026-08-12","Aged Cheddar - HBC - Each",1,6.75
1014,2026-08-21,"2026-08-12","Bison - Ground - Lb.",1,27.25
1014,2026-08-21,"2026-08-12","Extra Credit - Each",12.25,1.06
1014,2026-08-21,"2026-08-12","Mini",1,53.2
1014,2026-08-21,"2026-08-12","Eggs - Buttonwood",1,6.65
1427,2026-08-21,"2026-08-12","Ground Turkey - Pack",1,10.25
1427,2026-08-21,"2026-08-12","Eggs - BW - Dozen",1,6.5
1427,2026-08-21,"2026-08-12","Mothership Pickup Time (1.0 @3:30-4) - @3:30-4",1,0
1427,2026-08-21,"2026-08-12","Bagels - Sesame Seed - BU - Bag",1,11.25
1427,2026-08-21,"2026-08-12","Cantaloupe (1.0 Medium) - Medium",1,7
1427,2026-08-21,"2026-08-12","Chicken - Ground - Lb.",1,10.25
1427,2026-08-21,"2026-08-12","Garlic - Head - Head",3,1
1427,2026-08-21,"2026-08-12","Hoagie - PIB Frozen - Bag",1,6.75
1427,2026-08-21,"2026-08-12","Onions - Red  (1.0 Lb.) - Lb.",1,3
1427,2026-08-21,"2026-08-12","Onions - Yellow - lbs",2,3.5
1427,2026-08-21,"2026-08-12","Peaches - Bag",2,7
1427,2026-08-21,"2026-08-12","Pork - Brats Cheddar DM - 4-pack",1,8.5
1427,2026-08-21,"2026-08-12","Soy Sauce - Mushroom - Bottle",1,7.5
1427,2026-08-21,"2026-08-12","Tomatoes - Funky Bunch - Pint",1,7
1427,2026-08-21,"2026-08-12","Tomatoes - Slicing - Bag",1,6.5
1427,2026-08-21,"2026-08-12","Extra Credit - Each",86.75,1.06
225,2026-08-21,"2026-08-12","Stringbean Peru - Oz.",1,16
225,2026-08-21,"2026-08-12","Carrots - Lb.",1,6
225,2026-08-21,"2026-08-12","Peaches - Bag",1,7
225,2026-08-21,"2026-08-12","Tomatoes - Funky Bunch - Pint",1,7
225,2026-08-21,"2026-08-12","Tomatoes - Heirloom - Bag",1,8
225,2026-08-21,"2026-08-12","Extra Credit - Each",39,1.06
225,2026-08-21,"2026-08-12","(BYO) UCG - Orders Only",1,0
225,2026-08-21,"2026-08-12","Cream pint",1,5.32
225,2026-08-21,"2026-08-12","Eggs - Buttonwood",1,6.92
225,2026-08-21,"2026-08-12","Plain yogurt",1,7.55
225,2026-08-21,"2026-08-12","Whole MILK-e",1,8.85
384,2026-08-21,"2026-08-12","UCity Pickup Time (2.0 @4:30-5) - @4:30-5",1,0
384,2026-08-21,"2026-08-12","RL Heavy Cream - Pint",1,6.5
384,2026-08-21,"2026-08-12","Chicken - Ground - Lb.",1,10.25
384,2026-08-21,"2026-08-12","Eggs - H - Dozen",1,6.5
384,2026-08-21,"2026-08-12","Janie's Bread - Wednesday - Each",1,7
384,2026-08-21,"2026-08-12","Leeks - Bunch",1,6
384,2026-08-21,"2026-08-12","Mushrooms (1.0 Maitake (Hen of the Woods)) - Maitake (Hen of the Woods)",1,8
384,2026-08-21,"2026-08-12","Ravioli - 4-Cheese - Lb.",1,9.15
384,2026-08-21,"2026-08-12","Tomatoes - Funky Bunch - Pint",1,7
384,2026-08-21,"2026-08-12","Tomatoes - Sungold - Pint",1,7
384,2026-08-21,"2026-08-12","Yogurt - Plain - Oz.",1,7.25
384,2026-08-21,"2026-08-12","Extra Credit - Each",45.4,1.06
384,2026-08-21,"2026-08-12","Half",1,68.89
384,2026-08-21,"2026-08-12","2% MILK-e",1,8.85
554,2026-08-21,"2026-08-12","Cheese Choice $6.75 - Each",1,6.75
554,2026-08-21,"2026-08-12","Mustard - Choice",1,6.5
554,2026-08-21,"2026-08-12","Pork - Bratwurst  - Pack",1,8.5
554,2026-08-21,"2026-08-12","Mini",1,53.2
240,2026-08-21,"2026-08-12","Eggs - BW - Dozen",1,6.5
240,2026-08-21,"2026-08-12","Mothership Pickup Time (6.0 @6-6:30) - @6-6:30",1,0
240,2026-08-21,"2026-08-12","Fresh Herb - Basil - Bunch",1,4
240,2026-08-21,"2026-08-12","Garlic - Head - Head",1,1
240,2026-08-21,"2026-08-12","Ground Beef - D&M - Lb.",1,10.5
240,2026-08-21,"2026-08-12","Honey - Pint - Jar",1,11.5
240,2026-08-21,"2026-08-12","Onions - Yellow - lbs",1,3.5
240,2026-08-21,"2026-08-12","Extra Credit - Each",0.25,1.06
240,2026-08-21,"2026-08-12","FSA/FSD",1,79.79
751,2026-08-21,"2026-08-12","Mothership Pickup Time (3.0 @4:30-5) - @4:30-5",1,0
751,2026-08-21,"2026-08-12","Gnocchi - Sundried Tomato  - Lb.",1,6.5
751,2026-08-21,"2026-08-12","Ground Beef - D&M - Lb.",1,10.5
751,2026-08-21,"2026-08-12","Mushrooms (1.0 Lion's Mane) - Lion's Mane",1,8
751,2026-08-21,"2026-08-12","Peppers - Lunchbox - Bag",1,7
751,2026-08-21,"2026-08-12","Tomatoes - Sungold - Pint",1,7
751,2026-08-21,"2026-08-12","Extra Credit - Each",2.25,1.06
751,2026-08-21,"2026-08-12","FSA/FSD",1,79.79
952,2026-08-21,"2026-08-12","Chicken - Ground - Lb.",1,10.25
952,2026-08-21,"2026-08-12","Clean Plate Pantry Choice ($12) - Jar",1,12
952,2026-08-21,"2026-08-12","Mushrooms - Choice",1,8
952,2026-08-21,"2026-08-12","Pasta Wildcard $6.50 - Pack",1,6.5
952,2026-08-21,"2026-08-12","FSA/FSD",1,79.79
107,2026-08-21,"2026-08-12","Ground Turkey - Pack",1,10.25
107,2026-08-21,"2026-08-12","UCity Pickup Time - @4:10-4:30",1,0
107,2026-08-21,"2026-08-12","XO - Cooler Donation - $",3,1
107,2026-08-21,"2026-08-12","Peaches - Bag",1,7
107,2026-08-21,"2026-08-12","Tomatoes - Slicing - Bag",1,6.5
107,2026-08-21,"2026-08-12","Extra Credit - Each",5,1.06
107,2026-08-21,"2026-08-12","Mini",1,53.2
1143,2026-08-21,"2026-08-12","Yogurt - Greek Plain - Oz.",1,7.75
1143,2026-08-21,"2026-08-12","Pizza - Sausage Pepperoni - Each",1,8.5
1143,2026-08-21,"2026-08-12","UCity Pickup Time (3.0 @5-5:30) - @5-5:30",1,0
1143,2026-08-21,"2026-08-12","Dark Chocolate Caramels - Pack",1,12
1143,2026-08-21,"2026-08-12","Eggs - Dozen",1,6.5
1143,2026-08-21,"2026-08-12","English Muffin Sourdough - Frozen - Pack",1,5
1143,2026-08-21,"2026-08-12","Tomatoes - Heirloom - Bag",1,8
1143,2026-08-21,"2026-08-12","Extra Credit - Each",20.5,1.06
1143,2026-08-21,"2026-08-12","UCA/KWA",1,79.79
227,2026-08-21,"2026-08-12","UCity Pickup Time (2.0 @4:30-5) - @4:30-5",1,0
227,2026-08-21,"2026-08-12","Bagels - Pumpernickel - BU - Bag",1,11.25
227,2026-08-21,"2026-08-12","Buttermilk Waffles Sourdough - Frozen - Pack",1,5
227,2026-08-21,"2026-08-12","Cantaloupe (1.0 Large) - Large",1,7
227,2026-08-21,"2026-08-12","Carrots - Lb.",1,6
227,2026-08-21,"2026-08-12","Tomatoes - Funky Bunch - Pint",1,7
227,2026-08-21,"2026-08-12","Extra Credit - Each",9,1.06
227,2026-08-21,"2026-08-12","UCA/KWA",1,79.79
1689,2026-08-21,"2026-08-12","Cantaloupe (1.0 Medium) - Medium",1,7
1689,2026-08-21,"2026-08-12","Ground Lamb  - Lb.",1,15
1689,2026-08-21,"2026-08-12","Tomatoes - Slicing - Bag",1,6.5
1689,2026-08-21,"2026-08-12","Extra Credit - Each",6.75,1.06
1689,2026-08-21,"2026-08-12","Mini",1,53.2
418,2026-08-21,"2026-08-12","UCity Pickup Time (2.0 @4:30-5) - @4:30-5",1,0
418,2026-08-21,"2026-08-12","Applewood Smoked Cheddar - Each",1,6.75
418,2026-08-21,"2026-08-12","Bagels - Plain - BU - Bag",1,11.25
418,2026-08-21,"2026-08-12","Eggs - H - Dozen",1,6.5
418,2026-08-21,"2026-08-12","Marbled Rye -Wednesday - Loaf",1,8.75
418,2026-08-21,"2026-08-12","Pretzel - UL Wednesday - Each",1,3.75
418,2026-08-21,"2026-08-12","Extra Credit - Each",10.25,1.06
418,2026-08-21,"2026-08-12","Mini",1,53.2
1105,2026-08-21,"2026-08-12","UCity Pickup Time - @4:10-4:30",1,0
1105,2026-08-21,"2026-08-12","Bacon - Each",1,13.5
1105,2026-08-21,"2026-08-12","Chicken Breasts /lb. - Pack",1,9.35
1105,2026-08-21,"2026-08-12","Okra  - Bag",1,6
1105,2026-08-21,"2026-08-12","Tomatoes - Heirloom - Bag",1,8
1105,2026-08-21,"2026-08-12","Tomatoes - Slicing - Bag",1,6.5
1105,2026-08-21,"2026-08-12","Extra Credit - Each",14.1,1.06
1105,2026-08-21,"2026-08-12","Half",1,68.89
904,2026-08-21,"2026-08-12","Milk - Creamline - Oz.",1,8.32
904,2026-08-21,"2026-08-12","Mothership Pickup Time (3.0 @4:30-5) - @4:30-5",1,0
904,2026-08-21,"2026-08-12","Chicken Chorizo - Lb.",1,10.5
904,2026-08-21,"2026-08-12","Cinnamon Raisin Bread - 1-each",1,6.75
904,2026-08-21,"2026-08-12","Curds Applewood Smoked 10 oz - Bag",1,6.75
904,2026-08-21,"2026-08-12","Half",1,84.79
883,2026-08-21,"2026-08-12","Mothership Pickup Time (6.0 @6-6:30) - @6-6:30",1,0
883,2026-08-21,"2026-08-12","Pork - Bratwurst  - Pack",1,8.5
883,2026-08-21,"2026-08-12","Pork - Tenderloin/lb - Lb.",1,11.27
883,2026-08-21,"2026-08-12","Potatoes - Yukon Gold - lbs",1,6
883,2026-08-21,"2026-08-12","Extra Credit - Each",4.02,1.06
883,2026-08-21,"2026-08-12","Mini",1,53.2
712,2026-08-21,"2026-08-12","Watermelon - Seeded - Each",1,7
712,2026-08-21,"2026-08-12","Mothership Pickup Time (1.0 @3:30-4) - @3:30-4",1,0
712,2026-08-21,"2026-08-12","Beef Kabob Meat - Lb.",1,12.75
712,2026-08-21,"2026-08-12","Eggs - H - Dozen",2,6.5
712,2026-08-21,"2026-08-12","Hoagie - Wednesday - Each",1,3.5
712,2026-08-21,"2026-08-12","Mushrooms - Choice",1,8
712,2026-08-21,"2026-08-12","Olive Oil Small - ML",1,8.5
712,2026-08-21,"2026-08-12","Peaches - Bag",1,7
712,2026-08-21,"2026-08-12","Sesame Hoagie -W - Each",1,3.8
712,2026-08-21,"2026-08-12","Squash - Summer - Each",3,3
712,2026-08-21,"2026-08-12","Squash - Zucchini - Each",2,3
712,2026-08-21,"2026-08-12","Sweet Corn - 5-pack",2,4
712,2026-08-21,"2026-08-12","Extra Credit - Each",57.3,1.06
712,2026-08-21,"2026-08-12","Half",1,84.79
756,2026-08-21,"2026-08-13","Beef Kabob Meat - Lb.",1,12.75
756,2026-08-21,"2026-08-13","Mushrooms - Choice",1,8
756,2026-08-21,"2026-08-13","Olive Oil Small - ML",1,8.5
756,2026-08-21,"2026-08-13","Half",1,84.79
1217,2026-08-21,"2026-08-13","Kirkwood Pickup Time (2.0 @1:30-2) - @1:30-2",1,0
1217,2026-08-21,"2026-08-13","Chicken Thighs - Boneless/lb. - lbs",1,10.68
1217,2026-08-21,"2026-08-13","Eggs - H - Dozen",1,6.5
1217,2026-08-21,"2026-08-13","Feta Cheese - HBC - Each",1,6.75
1217,2026-08-21,"2026-08-13","Mustard (1.0 Horseradish) - Horseradish",1,6.5
1217,2026-08-21,"2026-08-13","Extra Credit - Each",8.68,1.06
1217,2026-08-21,"2026-08-13","Mini",1,53.2
1891,2026-08-21,"2026-08-13","Kirkwood Pickup Time (2.0 @1:30-2) - @1:30-2",1,0
1891,2026-08-21,"2026-08-13","Cantaloupe (1.0 Medium) - Medium",1,7
1891,2026-08-21,"2026-08-13","Peaches - Bag",1,7
1891,2026-08-21,"2026-08-13","Potatoes - New - Bag",1,5.75
1891,2026-08-21,"2026-08-13","Tomatoes - Heirloom - Bag",1,8
1891,2026-08-21,"2026-08-13","Extra Credit - Each",0.5,1.06
1891,2026-08-21,"2026-08-13","UCA/KWA",1,79.79
1196,2026-08-21,"2026-08-13","Cheese Choice $6.75 - Each",1,6.75
1196,2026-08-21,"2026-08-13","Mustard - Choice",1,6.5
1196,2026-08-21,"2026-08-13","Pork - Bratwurst  - Pack",1,8.5
1196,2026-08-21,"2026-08-13","Mini",1,53.2
499,2026-08-21,"2026-08-13","Bagel Chips - Bag",1,9.75
499,2026-08-21,"2026-08-13","Beef Kabob Meat - Lb.",1,12.75
499,2026-08-21,"2026-08-13","Mushrooms - Choice",1,8
499,2026-08-21,"2026-08-13","Olive Oil Small - ML",1,8.5
499,2026-08-21,"2026-08-13","Extra Credit - Each",9.75,1.06
499,2026-08-21,"2026-08-13","Half",1,84.79
1386,2026-08-21,"2026-08-13","Kirkwood Pickup Time - @1-1:30",1,0
1386,2026-08-21,"2026-08-13","Cucumbers - Slicing - Each",1,2
1386,2026-08-21,"2026-08-13","Eggs - Dozen",1,6.5
1386,2026-08-21,"2026-08-13","Leeks - Bunch",1,6
1386,2026-08-21,"2026-08-13","Tomatoes - Funky Bunch - Pint",1,7
1386,2026-08-21,"2026-08-13","Tomatoes - Slicing - Bag",1,6.5
1386,2026-08-21,"2026-08-13","Extra Credit - Each",0.75,1.06
1386,2026-08-21,"2026-08-13","UCA/KWA",1,79.79
700,2026-08-21,"2026-08-13","Pizza - Deluxe - Each",1,8.5
700,2026-08-21,"2026-08-13","Mothership Pickup Time (1.0 @3:30-4) - @3:30-4",1,0
700,2026-08-21,"2026-08-13","Eggs - H - Dozen",1,6.5
700,2026-08-21,"2026-08-13","Mushrooms (1.0 Shiitake) - Shiitake",1,8
700,2026-08-21,"2026-08-13","Peaches - Bag",1,7
700,2026-08-21,"2026-08-13","Popcorn - McKaskle - Lb.",1,5.75
700,2026-08-21,"2026-08-13","Yogurt - Blueberry - Oz.",1,7.25
700,2026-08-21,"2026-08-13","Extra Credit - Each",31.75,1.06
700,2026-08-21,"2026-08-13","Half",1,84.79
700,2026-08-21,"2026-08-13","Whole MILK-e",3,8.85
1488,2026-08-21,"2026-08-13","Eggs - Dozen",1,6.5
1488,2026-08-21,"2026-08-13","Kairos Sourdough Choice $5 - Pack",1,5
1488,2026-08-21,"2026-08-13","Pork - Breakfast Bulk - Pack",1,8.5
1488,2026-08-21,"2026-08-13","Yogurt Wildcard ($7.25) - Each",1,7.25
1488,2026-08-21,"2026-08-13","UCA/KWA",1,79.79
1488,2026-08-21,"2026-08-13","2% MILK",1,8.85
287,2026-08-21,"2026-08-13","Mothership Pickup Time (1.0 @3:30-4) - @3:30-4",1,0
287,2026-08-21,"2026-08-13","XO - Cooler Donation - $",1,1
287,2026-08-21,"2026-08-13","Chicken - Ground - Lb.",1,10.25
287,2026-08-21,"2026-08-13","Fresh Herb - Basil - Bunch",1,4
287,2026-08-21,"2026-08-13","Pasta Wildcard $6.50 - Pack",1,6.5
287,2026-08-21,"2026-08-13","Peppers - Lunchbox - Bag",1,7
287,2026-08-21,"2026-08-13","Tomatoes - Heirloom - Bag",1,8
287,2026-08-21,"2026-08-13","FSA/FSD",1,79.79
1970,2026-08-21,"2026-08-13","Kirkwood Pickup Time - @1-1:30",1,0
1970,2026-08-21,"2026-08-13","Eggs - H - Dozen",1,6.5
1970,2026-08-21,"2026-08-13","German Quark HBC - Jar",1,6.75
1970,2026-08-21,"2026-08-13","Ground Beef - D&M - Lb.",1,10.5
1970,2026-08-21,"2026-08-13","Extra Credit - Each",2,1.06
1970,2026-08-21,"2026-08-13","Mini",1,53.2
685,2026-08-21,"2026-08-13","Kirkwood Pickup Time - @1-1:30",1,0
685,2026-08-21,"2026-08-13","Chicken - Breakfast Links - Each",1,10.5
685,2026-08-21,"2026-08-13","Cucumbers - Slicing - Each",1,2
685,2026-08-21,"2026-08-13","Gnocchi - Sweet Potato  - Lb.",1,6.5
685,2026-08-21,"2026-08-13","UCA/KWA",1,79.79
1671,2026-08-21,"2026-08-13","Walnuts - Oz.",1,12.75
1671,2026-08-21,"2026-08-13","Bagels - Everything - BU - Bag",1,11.25
1671,2026-08-21,"2026-08-13","Cantaloupe (1.0 Medium) - Medium",1,7
1671,2026-08-21,"2026-08-13","Okra  - Bag",1,6
1671,2026-08-21,"2026-08-13","Pork - Bratwurst  - Pack",1,8.5
1671,2026-08-21,"2026-08-13","Yogurt - Plain - Oz.",1,7.25
1671,2026-08-21,"2026-08-13","Extra Credit - Each",31,1.06
1671,2026-08-21,"2026-08-13","Mini",1,53.2
501,2026-08-21,"2026-08-13","Cheese Choice $6.75 - Each",1,6.75
501,2026-08-21,"2026-08-13","Garlic - Head - Head",4,1
501,2026-08-21,"2026-08-13","Mustard - Choice",1,6.5
501,2026-08-21,"2026-08-13","Okra  - Bag",2,6
501,2026-08-21,"2026-08-13","Pork - Bratwurst  - Pack",1,8.5
501,2026-08-21,"2026-08-13","Tomatoes - Sungold - Pint",1,7
501,2026-08-21,"2026-08-13","Extra Credit - Each",23,1.06
501,2026-08-21,"2026-08-13","Mini",1,53.2
467,2026-08-21,"2026-08-13","Kirkwood Pickup Time - @1-1:30",1,0
467,2026-08-21,"2026-08-13","Chicken Links - Andouille  - Lb.",1,10.5
467,2026-08-21,"2026-08-13","Eggs - H - Dozen",1,6.5
467,2026-08-21,"2026-08-13","Ghost Pepper Cheddar - Each",2,6.75
467,2026-08-21,"2026-08-13","Extra Credit - Each",8.75,1.06
467,2026-08-21,"2026-08-13","Mini",1,53.2
32,2026-08-21,"2026-08-13","Milk - 2%  - Oz.",1,8.32
32,2026-08-21,"2026-08-13","Half & Half - Pint",1,4.75
32,2026-08-21,"2026-08-13","Bagels - Everything - BU - Bag",1,11.25
32,2026-08-21,"2026-08-13","Cheese Choice $6.75 - Each",1,6.75
32,2026-08-21,"2026-08-13","Cucumbers - Slicing - Each",1,2
32,2026-08-21,"2026-08-13","Granola Bar - Each",1,3.8
32,2026-08-21,"2026-08-13","Mustard - Choice",1,6.5
32,2026-08-21,"2026-08-13","Peppers - Lunchbox - Bag",1,7
32,2026-08-21,"2026-08-13","Pork - Bratwurst  - Pack",1,8.5
32,2026-08-21,"2026-08-13","Tomatoes - Funky Bunch - Pint",1,7
32,2026-08-21,"2026-08-13","Extra Credit - Each",44.12,1.06
32,2026-08-21,"2026-08-13","Mini",1,53.2
929,2026-08-21,"2026-08-13","Watermelon - Seeded - Each",1,7
929,2026-08-21,"2026-08-13","XO - Cooler Donation - $",1,1
929,2026-08-21,"2026-08-13","Leeks - Bunch",1,6
929,2026-08-21,"2026-08-13","Okra  - Bag",1,6
929,2026-08-21,"2026-08-13","Onions - Yellow - lbs",3,3.5
929,2026-08-21,"2026-08-13","Peaches - Bag",1,7
929,2026-08-21,"2026-08-13","Potatoes - Yukon Gold - lbs",1,6
929,2026-08-21,"2026-08-13","Rice - Basmati Brown - Lb.",1,7.5
929,2026-08-21,"2026-08-13","Squash - Zucchini - Each",1,3
929,2026-08-21,"2026-08-13","Tomatillos  - Bag",1,4.75
929,2026-08-21,"2026-08-13","Tortellini - Goat Cheese - Pack",1,9.15
929,2026-08-21,"2026-08-13","Extra Credit - Each",38.65,1.06
929,2026-08-21,"2026-08-13","Half",1,84.79
31,2026-08-21,"2026-08-13","No Produce - Order Only (even wk)",1,0
31,2026-08-21,"2026-08-13","2% MILK",0,8.85
1857,2026-08-21,"2026-08-13","Mothership Pickup Time (4.0 @5-5:30) - @5-5:30",1,0
1857,2026-08-21,"2026-08-13","Chicken - Ground - Lb.",1,10.25
1857,2026-08-21,"2026-08-13","Eggs - H - Dozen",2,6.5
1857,2026-08-21,"2026-08-13","Hummus - Garlic - Tub",1,6.75
1857,2026-08-21,"2026-08-13","Janie's Bread - Thursday - Each",1,7
1857,2026-08-21,"2026-08-13","Okra  - Bag",1,6
1857,2026-08-21,"2026-08-13","Popped Corn - Organic - Bag",1,3
1857,2026-08-21,"2026-08-13","Extra Credit - Each",9.25,1.06
1857,2026-08-21,"2026-08-13","FSA/FSD",1,79.79
1622,2026-08-21,"2026-08-13","Mothership Pickup Time (2.0 @4-4:30) - @4-4:30",1,0
1622,2026-08-21,"2026-08-13","Bagels - Honey Buckwheat - BU - Bag",1,11.25
1622,2026-08-21,"2026-08-13","German Quark HBC - Jar",1,6.75
1622,2026-08-21,"2026-08-13","Pork - Bratwurst  - Pack",1,8.5
1622,2026-08-21,"2026-08-13","Extra Credit - Each",4.75,1.06
1622,2026-08-21,"2026-08-13","Mini",1,53.2
894,2026-08-21,"2026-08-13","Kirkwood Pickup Time - @1-1:30",1,0
894,2026-08-21,"2026-08-13","Dark Chocolate Lolli - Each",2,1.75
894,2026-08-21,"2026-08-13","Garlic - Head - Head",1,1
894,2026-08-21,"2026-08-13","Peaches - Bag",1,7
894,2026-08-21,"2026-08-13","Peppers - Red Bell XL - 1-each",1,2.5
894,2026-08-21,"2026-08-13","Tomatoes - Slicing - Bag",1,6.5
894,2026-08-21,"2026-08-13","Tomatoes - Sungold - Pint",1,7
894,2026-08-21,"2026-08-13","Extra Credit - Each",0.25,1.06
894,2026-08-21,"2026-08-13","UCA/KWA",1,79.79
1383,2026-08-21,"2026-08-13","Peanut Butter EW - Pint",1,7.75
1383,2026-08-21,"2026-08-13","Mothership Pickup Time (1.0 @3:30-4) - @3:30-4",1,0
1383,2026-08-21,"2026-08-13","Chicken - Breakfast Links - Each",1,10.5
1383,2026-08-21,"2026-08-13","Eggs - H - Dozen",1,6.5
1383,2026-08-21,"2026-08-13","Leeks - Bunch",1,6
1383,2026-08-21,"2026-08-13","Olive Oil Small - ML",1,8.5
1383,2026-08-21,"2026-08-13","Pasta Bi-color Short - Lb.",1,6.5
1383,2026-08-21,"2026-08-13","Extra Credit - Each",16.5,1.06
1383,2026-08-21,"2026-08-13","Half",1,84.79
670,2026-08-21,"2026-08-13","Mothership Pickup Time (1.0 @3:30-4) - @3:30-4",1,0
670,2026-08-21,"2026-08-13","Oat Porridge Bread - T - Each",1,9
670,2026-08-21,"2026-08-13","Peaches - Bag",1,7
670,2026-08-21,"2026-08-13","Tomatoes - Slicing - Bag",1,6.5
670,2026-08-21,"2026-08-13","Extra Credit - Each",0.75,1.06
670,2026-08-21,"2026-08-13","Mini",1,53.2
670,2026-08-21,"2026-08-13","(BYO) FSG - Orders Only",1,0
11,2026-08-21,"2026-08-13","Bacon - Each",1,13.5
11,2026-08-21,"2026-08-13","Bagels - Poppy Seed - BU - Bag",1,11.25
11,2026-08-21,"2026-08-13","Peaches - Bag",1,7
11,2026-08-21,"2026-08-13","Semolina - T - Loaf",1,7
11,2026-08-21,"2026-08-13","Extra Credit - Each",2,1.06
11,2026-08-21,"2026-08-13","FSA/FSD",1,79.79
83,2026-08-21,"2026-08-13","Eggs - BW - Dozen",1,6.5
83,2026-08-21,"2026-08-13","Mothership Pickup Time (1.0 @3:30-4) - @3:30-4",1,0
83,2026-08-21,"2026-08-13","Buttermilk Waffles Sourdough - Frozen - Pack",1,5
83,2026-08-21,"2026-08-13","Honey - Pint - Jar",1,11.5
83,2026-08-21,"2026-08-13","Peaches - Bag",1,7
83,2026-08-21,"2026-08-13","RL Chocolate Milk - Bottle",1,2.75
83,2026-08-21,"2026-08-13","Extra Credit - Each",3.5,1.06
83,2026-08-21,"2026-08-13","Half",1,84.79
473,2026-08-21,"2026-08-13","Eggs - BW - Dozen",1,6.5
473,2026-08-21,"2026-08-13","Stringbean Red Eye  - Oz.",1,16
473,2026-08-21,"2026-08-13","Kirkwood Pickup Time (1.0 PORCH) - PORCH",1,0
473,2026-08-21,"2026-08-13","Bagels - Cinnamon Raisin - BU - Bag",1,11.25
473,2026-08-21,"2026-08-13","Janie's Bread - Thursday - Each",1,7
473,2026-08-21,"2026-08-13","Marinara Sauce - Jar",1,8.75
473,2026-08-21,"2026-08-13","Meatballs D&M - Package",1,15
473,2026-08-21,"2026-08-13","Pasta Long Egg - Lb.",1,6.5
473,2026-08-21,"2026-08-13","Extra Credit - Each",41.75,1.06
473,2026-08-21,"2026-08-13","Half",1,84.79
471,2026-08-21,"2026-08-13","Chicken - Ground - Lb.",1,10.25
471,2026-08-21,"2026-08-13","Clean Plate Pantry Choice ($12) - Jar",1,12
471,2026-08-21,"2026-08-13","Mushrooms - Choice",1,8
471,2026-08-21,"2026-08-13","Pasta Wildcard $6.50 - Pack",1,6.5
471,2026-08-21,"2026-08-13","Staff - include last wk's share - Bag",1,0
471,2026-08-21,"2026-08-13","FSA/FSD",1,79.79
1593,2026-08-21,"2026-08-13","Chicken - BULK Breasts /lb. - Pack",1,42.57
1593,2026-08-21,"2026-08-13","Mothership Pickup Time (4.0 @5-5:30) - @5-5:30",1,0
1593,2026-08-21,"2026-08-13","Curds Garlic Herb HBC 10 oz  - Bag",1,6.75
1593,2026-08-21,"2026-08-13","Garlic - Head - Head",2,1
1593,2026-08-21,"2026-08-13","Extra Credit - Each",29.57,1.06
1593,2026-08-21,"2026-08-13","Mini",1,53.2
1839,2026-08-21,"2026-08-13","Eggs - BW - Dozen",1,6.5
1839,2026-08-21,"2026-08-13","Half & Half - Pint",2,4.75
1839,2026-08-21,"2026-08-13","Mothership Pickup Time (1.0 @3:30-4) - @3:30-4",1,0
1839,2026-08-21,"2026-08-13","Heirloom 2nds/3lbs bag - Lb.",1,8.5
1839,2026-08-21,"2026-08-13","Meatballs D&M - Package",1,15
1839,2026-08-21,"2026-08-13","Peaches - Bag",1,7
1839,2026-08-21,"2026-08-13","Squash - Zucchini - Each",1,3
1839,2026-08-21,"2026-08-13","Extra Credit - Each",20.25,1.06
1839,2026-08-21,"2026-08-13","Half",1,84.79
514,2026-08-21,"2026-08-13","Eggs - BW - Dozen",1,6.5
514,2026-08-21,"2026-08-13","Cantaloupe (1.0 Large) - Large",1,7
514,2026-08-21,"2026-08-13","Carrots - Lb.",1,6
514,2026-08-21,"2026-08-13","Fresh Herb - Basil - Bunch",1,4
514,2026-08-21,"2026-08-13","Onions - Red  (1.0 Lb.) - Lb.",1,3
514,2026-08-21,"2026-08-13","Onions - Yellow - lbs",1,3.5
514,2026-08-21,"2026-08-13","Peaches - Bag",1,7
514,2026-08-21,"2026-08-13","Staff - include last wk's share - Bag",1,0
514,2026-08-21,"2026-08-13","Extra Credit - Each",15.25,1.06
514,2026-08-21,"2026-08-13","Mini",1,53.2
875,2026-08-21,"2026-08-13","Eggs - BW - Dozen",1,6.5
875,2026-08-21,"2026-08-13","Mothership Pickup Time (1.0 @3:30-4) - @3:30-4",1,0
875,2026-08-21,"2026-08-13","Garlic - Head - Head",1,1
875,2026-08-21,"2026-08-13","Mushrooms - Choice",1,8
875,2026-08-21,"2026-08-13","Pretzel - UL Thursday  - Each",2,3.75
875,2026-08-21,"2026-08-13","Sweet Corn - 5-pack",1,4
875,2026-08-21,"2026-08-13","Half",1,84.79
761,2026-08-21,"2026-08-13","Mothership Pickup Time (1.0 @3:30-4) - @3:30-4",1,0
761,2026-08-21,"2026-08-13","Bagels - Pumpernickel - BU - Bag",1,11.25
761,2026-08-21,"2026-08-13","Fresh Herb - Basil - Bunch",1,4
761,2026-08-21,"2026-08-13","Peppers - Carmen - 2-pack",1,3
761,2026-08-21,"2026-08-13","Pizza Sauce - Jar",1,6.75
761,2026-08-21,"2026-08-13","Red Chile Sauce - Jar",1,12
761,2026-08-21,"2026-08-13","Extra Credit - Each",0.25,1.06
761,2026-08-21,"2026-08-13","FSA/FSD",1,79.79
308,2026-08-21,"2026-08-13","Mothership Pickup Time (1.0 @3:30-4) - @3:30-4",1,0
308,2026-08-21,"2026-08-13","Black Pepper Cheddar - Each",1,6.75
308,2026-08-21,"2026-08-13","Dark Chocolate Square  - Each",1,1.75
308,2026-08-21,"2026-08-13","Louise's Original Granola - Bag",1,10
308,2026-08-21,"2026-08-13","Onions - Yellow - lbs",1,3.5
308,2026-08-21,"2026-08-13","Yogurt - Plain - Oz.",1,7.25
308,2026-08-21,"2026-08-13","Half",1,84.79
540,2026-08-21,"2026-08-13","Watermelon - Seeded - Each",1,7
540,2026-08-21,"2026-08-13","Kirkwood Pickup Time (1.0 PORCH) - PORCH",1,0
540,2026-08-21,"2026-08-13","XO! Green Bags Donation - $",1,1
540,2026-08-21,"2026-08-13","Ground Beef - D&M - Lb.",1,10.5
540,2026-08-21,"2026-08-13","Pretzel - UL Thursday  - Each",1,3.75
540,2026-08-21,"2026-08-13","Semolina - T - Loaf",1,7
540,2026-08-21,"2026-08-13","Half",1,84.79
1476,2026-08-21,"2026-08-13","Eggs - BW - Dozen",1,6.5
1476,2026-08-21,"2026-08-13","Kirkwood Pickup Time - @1-1:30",1,0
1476,2026-08-21,"2026-08-13","Carrots - Lb.",2,6
1476,2026-08-21,"2026-08-13","Onions - Red  (1.0 Lb.) - Lb.",1,3
1476,2026-08-21,"2026-08-13","Squash - Zucchini - Each",1,3
1476,2026-08-21,"2026-08-13","Tomatoes - Funky Bunch - Pint",1,7
1476,2026-08-21,"2026-08-13","Extra Credit - Each",9.75,1.06
1476,2026-08-21,"2026-08-13","Mini",1,53.2
502,2026-08-21,"2026-08-13","Mothership Pickup Time (4.0 @5-5:30) - @5-5:30",1,0
502,2026-08-21,"2026-08-13","Chicken - Ground - Lb.",1,10.25
502,2026-08-21,"2026-08-13","Herb - Purple Basil - Herb",1,4
502,2026-08-21,"2026-08-13","Hoagie - T - Each",1,3.5
502,2026-08-21,"2026-08-13","Okra  - Bag",1,6
502,2026-08-21,"2026-08-13","Onions - Red  (1.0 Lb.) - Lb.",1,3
502,2026-08-21,"2026-08-13","Sesame Hoagie - T - Each",1,3.8
502,2026-08-21,"2026-08-13","Tomatoes - Slicing - Bag",1,6.5
502,2026-08-21,"2026-08-13","Extra Credit - Each",0.3,1.06
502,2026-08-21,"2026-08-13","FSA/FSD",1,79.79
549,2026-08-21,"2026-08-13","Mothership Pickup Time (6.0 @6-6:30) - @6-6:30",1,0
549,2026-08-21,"2026-08-13","Lamb Gyro Seasoned - Lb.",1,18
549,2026-08-21,"2026-08-13","Pork - Kielbasa - Pack",1,17.75
549,2026-08-21,"2026-08-13","FSA/FSD",1,79.79
401,2026-08-21,"2026-08-13","Mothership Pickup Time (1.0 @3:30-4) - @3:30-4",1,0
401,2026-08-21,"2026-08-13","Cantaloupe (1.0 Medium) - Medium",1,7
401,2026-08-21,"2026-08-13","Cucumbers - Slicing - Each",1,2
401,2026-08-21,"2026-08-13","Leeks - Bunch",1,6
401,2026-08-21,"2026-08-13","Peppers - Banana - 4-pack",1,4.25
401,2026-08-21,"2026-08-13","Peppers - Carmen - 2-pack",1,3
401,2026-08-21,"2026-08-13","Peppers - Jalapenos - 5-pack",1,3.5
401,2026-08-21,"2026-08-13","Peppers - Lunchbox - Bag",1,7
401,2026-08-21,"2026-08-13","Peppers - Red Bell XL - 1-each",1,2.5
401,2026-08-21,"2026-08-13","Peppers - Shishitos - Bag",1,7
401,2026-08-21,"2026-08-13","Tomatoes - Funky Bunch - Pint",1,7
401,2026-08-21,"2026-08-13","Tomatoes - Sungold - Pint",2,7
401,2026-08-21,"2026-08-13","Extra Credit - Each",41.5,1.06
401,2026-08-21,"2026-08-13","Mini",1,53.2
22,2026-08-21,"2026-08-13","Mothership Pickup Time (1.0 @3:30-4) - @3:30-4",1,0
22,2026-08-21,"2026-08-13","Aged Cheddar - HBC - Each",1,6.75
22,2026-08-21,"2026-08-13","Mushrooms (1.0 Oyster) - Oyster",1,8
22,2026-08-21,"2026-08-13","Olive Oil Small - ML",1,8.5
22,2026-08-21,"2026-08-13","Semolina - T - Loaf",1,7
22,2026-08-21,"2026-08-13","Half",1,84.79
22,2026-08-21,"2026-08-13","Creamline MILK-e",1,8.49
452,2026-08-21,"2026-08-13","Kirkwood Pickup Time (2.0 @1:30-2) - @1:30-2",1,0
452,2026-08-21,"2026-08-13","Carrots - Lb.",1,6
452,2026-08-21,"2026-08-13","Hoagie - PIB Frozen - Bag",1,6.75
452,2026-08-21,"2026-08-13","Pork - Bratwurst  - Pack",1,8.5
452,2026-08-21,"2026-08-13","Squash - Summer - Each",1,3
452,2026-08-21,"2026-08-13","Extra Credit - Each",2.5,1.06
452,2026-08-21,"2026-08-13","Mini",1,53.2
493,2026-08-21,"2026-08-13","Eggs - BW - Dozen",1,6.5
493,2026-08-21,"2026-08-13","Mothership Pickup Time - @6:30-7",1,0
493,2026-08-21,"2026-08-13","Beef Kabob Meat - Lb.",1,12.75
493,2026-08-21,"2026-08-13","Eggs - H - Dozen",1,6.5
493,2026-08-21,"2026-08-13","Peppers - Green Bell - 2-pack",1,3.25
493,2026-08-21,"2026-08-13","Half",1,84.79
807,2026-08-21,"2026-08-13","Sale! Half & Half 8/12 - Bottle",1,4.25
807,2026-08-21,"2026-08-13","Chicken Thighs - Boneless/lb. - lbs",2,10.24
807,2026-08-21,"2026-08-13","Pita Bread - Frozen (1.0 White) - White",1,3.55
807,2026-08-21,"2026-08-13","Yogurt - Plain - Oz.",1,7.25
807,2026-08-21,"2026-08-13","Extra Credit - Each",5.75,1.06
807,2026-08-21,"2026-08-13","UCA/KWA",1,79.79
807,2026-08-21,"2026-08-13","2% MILK",1,8.85
1717,2026-08-21,"2026-08-13","Eggs - BW - Dozen",1,6.5
1717,2026-08-21,"2026-08-13","Mothership Pickup Time (1.0 @3:30-4) - @3:30-4",1,0
1717,2026-08-21,"2026-08-13","Applewood Smoked Cheddar - Each",1,6.75
1717,2026-08-21,"2026-08-13","Bacon - Each",1,13.5
1717,2026-08-21,"2026-08-13","Hoagie - T - Each",1,3.5
1717,2026-08-21,"2026-08-13","Extra Credit - Each",1,1.06
1717,2026-08-21,"2026-08-13","Half",1,84.79
1419,2026-08-21,"2026-08-13","Kirkwood Pickup Time (2.0 @1:30-2) - @1:30-2",1,0
1419,2026-08-21,"2026-08-13","Beans - Green - Bag",1,0
1419,2026-08-21,"2026-08-13","Chicken Thighs - Boneless/lb. - lbs",1,8.93
1419,2026-08-21,"2026-08-13","Honey - Pint - Jar",1,11.5
1419,2026-08-21,"2026-08-13","Pork - Ground  - Lb.",1,7.5
1419,2026-08-21,"2026-08-13","Semolina - T - Loaf",1,7
1419,2026-08-21,"2026-08-13","Squash - Summer - Each",1,3
1419,2026-08-21,"2026-08-13","Squash - Zucchini - Each",1,3
1419,2026-08-21,"2026-08-13","Extra Credit - Each",11.68,1.06
1419,2026-08-21,"2026-08-13","Half",1,84.79
329,2026-08-21,"2026-08-13","Mothership Pickup Time (5.0 @5:30-6) - @5:30-6",1,0
329,2026-08-21,"2026-08-13","Applewood Smoked Cheddar - Each",2,6.75
329,2026-08-21,"2026-08-13","Cheese Choice $6.75 - Each",1,6.75
329,2026-08-21,"2026-08-13","Fresh Herb - Basil - Bunch",1,4
329,2026-08-21,"2026-08-13","Meatballs D&M - Package",1,15
329,2026-08-21,"2026-08-13","Pork - Bratwurst  - Pack",1,8.5
329,2026-08-21,"2026-08-13","Extra Credit - Each",26,1.06
329,2026-08-21,"2026-08-13","Mini",1,53.2
1941,2026-08-21,"2026-08-13","Eggs - BW - Dozen",1,6.5
1941,2026-08-21,"2026-08-13","Mothership Pickup Time (3.0 @4:30-5) - @4:30-5",1,0
1941,2026-08-21,"2026-08-13","Aged Cheddar - HBC - Each",1,6.75
1941,2026-08-21,"2026-08-13","Chicken Breasts /lb. - Pack",1,10.03
1941,2026-08-21,"2026-08-13","Cucumbers - Slicing - Each",1,2
1941,2026-08-21,"2026-08-13","Squash - Zucchini - Each",1,3
1941,2026-08-21,"2026-08-13","Tomatoes - Funky Bunch - Pint",1,7
1941,2026-08-21,"2026-08-13","Tomatoes - Slicing - Bag",1,6.5
1941,2026-08-21,"2026-08-13","Extra Credit - Each",20.03,1.06
1941,2026-08-21,"2026-08-13","Mini",1,53.2
293,2026-08-21,"2026-08-13","Mothership Pickup Time (6.0 @6-6:30) - @6-6:30",1,0
293,2026-08-21,"2026-08-13","Dark Bar 72% - Package",1,3
293,2026-08-21,"2026-08-13","FF Dish - Saag Paneer - Pint",1,13.5
293,2026-08-21,"2026-08-13","Honey - Qt. - Jar",1,20.25
293,2026-08-21,"2026-08-13","FSA/FSD",1,79.79
616,2026-08-21,"2026-08-13","Eggs - BW - Dozen",2,6.5
616,2026-08-21,"2026-08-13","Mothership Pickup Time (2.0 @4-4:30) - @4-4:30",1,0
616,2026-08-21,"2026-08-13","Bagels - Blueberry - BU - Bag",1,11.25
616,2026-08-21,"2026-08-13","Cantaloupe (1.0 Medium) - Medium",1,7
616,2026-08-21,"2026-08-13","Eggs - H - Dozen",1,6.5
616,2026-08-21,"2026-08-13","Milk Chocolate Salted Bark - Pack",1,7.5
616,2026-08-21,"2026-08-13","Olive Oil Small - ML",1,8.5
616,2026-08-21,"2026-08-13","Extra Credit - Each",53.75,1.06
310,2026-08-21,"2026-08-13","Chicken - BULK Breasts /lb. - Pack",1,43.23
310,2026-08-21,"2026-08-13","Eggs - BW - Dozen",2,6.5
310,2026-08-21,"2026-08-13","Mothership Pickup Time (1.0 @3:30-4) - @3:30-4",1,0
310,2026-08-21,"2026-08-13","Aged Cheddar - HBC - Each",1,6.75
310,2026-08-21,"2026-08-13","Hoagie - T - Each",1,3.5
310,2026-08-21,"2026-08-13","Onions - Yellow - lbs",1,3.5
310,2026-08-21,"2026-08-13","Peppers - Jalapenos - 5-pack",1,3.5
310,2026-08-21,"2026-08-13","Pork Hot Dogs - Each",1,7.5
310,2026-08-21,"2026-08-13","Tomatillos  - Bag",2,4.75
310,2026-08-21,"2026-08-13","Tomatoes - Slicing - Bag",1,6.5
310,2026-08-21,"2026-08-13","Tortellini - Cheese - Lb.",1,9.15
310,2026-08-21,"2026-08-13","Extra Credit - Each",66.88,1.06
310,2026-08-21,"2026-08-13","FSA/FSD",1,79.79
310,2026-08-21,"2026-08-13","Skim MILK",2,8.85
1353,2026-08-21,"2026-08-13","Bacon - Each",1,13.5
1353,2026-08-21,"2026-08-13","Cannoli - 2-pack",1,7
1353,2026-08-21,"2026-08-13","Chicken Thighs - Boneless/lb. - lbs",1,10.68
1353,2026-08-21,"2026-08-13","Cinnamon Rolls - Frozen - Pack",1,6.75
1353,2026-08-21,"2026-08-13","Ground Beef - D&M - Lb.",1,10.5
1353,2026-08-21,"2026-08-13","Jam - Blackberry Jalapeno - Pint",1,7
1353,2026-08-21,"2026-08-13","Lamb Gyro Seasoned - Lb.",1,18
1353,2026-08-21,"2026-08-13","Extra Credit - Each",36.68,1.06
1353,2026-08-21,"2026-08-13","Half",1,84.79
1353,2026-08-21,"2026-08-13","Whole MILK-e",1,8.85
634,2026-08-21,"2026-08-13","Kirkwood Pickup Time - @1-1:30",1,0
634,2026-08-21,"2026-08-13","Marinara Sauce - Jar",1,8.75
634,2026-08-21,"2026-08-13","Pork - Bratwurst  - Pack",1,8.5
634,2026-08-21,"2026-08-13","Rice - Brown - Lb.",1,6.5
634,2026-08-21,"2026-08-13","Extra Credit - Each",2,1.06
634,2026-08-21,"2026-08-13","Mini",1,53.2
868,2026-08-21,"2026-08-13","Cheese Choice $6.75 - Each",1,6.75
868,2026-08-21,"2026-08-13","Mustard - Choice",1,6.5
868,2026-08-21,"2026-08-13","Pork - Bratwurst  - Pack",1,8.5
868,2026-08-21,"2026-08-13","Mini",1,53.2
1652,2026-08-21,"2026-08-13","Cabbage - Red - Share",1,5
1652,2026-08-21,"2026-08-13","Mustard - Choice",1,6.5
1652,2026-08-21,"2026-08-13","Olive Oil Small - ML",1,8.5
1652,2026-08-21,"2026-08-13","Onions - Yellow - lbs",1,3.5
1652,2026-08-21,"2026-08-13","Tomatoes - Heirloom - Bag",1,8
1652,2026-08-21,"2026-08-13","Tomatoes - Sungold - Pint",1,7
1652,2026-08-21,"2026-08-13","Extra Credit - Each",16.75,1.06
1652,2026-08-21,"2026-08-13","Mini",1,53.2
1431,2026-08-21,"2026-08-13","Mothership Pickup Time (5.0 @5:30-6) - @5:30-6",1,0
1431,2026-08-21,"2026-08-13","Eggs - H - Dozen",1,6.5
1431,2026-08-21,"2026-08-13","Light and Mild - T - Loaf",1,8.25
1431,2026-08-21,"2026-08-13","Pork - Bratwurst  - Pack",1,8.5
1431,2026-08-21,"2026-08-13","Extra Credit - Each",1.5,1.06
1431,2026-08-21,"2026-08-13","Mini",1,53.2
963,2026-08-21,"2026-08-13","Mothership Pickup Time (5.0 @5:30-6) - @5:30-6",1,0
963,2026-08-21,"2026-08-13","FF Dish - Masala - Pint",1,15
963,2026-08-21,"2026-08-13","Ground Beef - D&M - Lb.",1,10.5
963,2026-08-21,"2026-08-13","Hamburger Buns - 4-pack",2,2.75
963,2026-08-21,"2026-08-13","Mushrooms (1.0 Shiitake) - Shiitake",1,8
963,2026-08-21,"2026-08-13","Pasta Bi-color Short - Lb.",1,6.5
963,2026-08-21,"2026-08-13","Peppers - Jalapenos - 5-pack",1,3.5
963,2026-08-21,"2026-08-13","Squash - Zucchini - Each",1,3
963,2026-08-21,"2026-08-13","oo'ma'me - Chinese - Jar",1,12.5
963,2026-08-21,"2026-08-13","Extra Credit - Each",27.75,1.06
963,2026-08-21,"2026-08-13","FSA/FSD",1,79.79
657,2026-08-21,"2026-08-13","Eggs - BW - Dozen",1,6.5
657,2026-08-21,"2026-08-13","Mothership Pickup Time (3.0 @4:30-5) - @4:30-5",1,0
657,2026-08-21,"2026-08-13","Beef Kabob Meat - Lb.",1,12.75
657,2026-08-21,"2026-08-13","Pasta Bi-color Short - Lb.",1,6.5
657,2026-08-21,"2026-08-13","Tomatillos  - Bag",1,4.75
657,2026-08-21,"2026-08-13","Extra Credit - Each",1.25,1.06
657,2026-08-21,"2026-08-13","Half",1,84.79
928,2026-08-21,"2026-08-13","Mothership Pickup Time (4.0 @5-5:30) - @5-5:30",1,0
928,2026-08-21,"2026-08-13","Bagels - Honey Buckwheat - BU - Bag",1,11.25
928,2026-08-21,"2026-08-13","Chicken - Ground - Lb.",1,10.25
928,2026-08-21,"2026-08-13","Cinnamon Rolls - Frozen - Pack",1,6.75
928,2026-08-21,"2026-08-13","Curry Sauce (1.0 Mango) - Mango",1,12
928,2026-08-21,"2026-08-13","Gnocchi - Sundried Tomato  - Lb.",1,6.5
928,2026-08-21,"2026-08-13","Mushrooms - Choice",1,8
928,2026-08-21,"2026-08-13","Pork - Brats Cheddar DM - 4-pack",1,8.5
928,2026-08-21,"2026-08-13","Extra Credit - Each",26.5,1.06
928,2026-08-21,"2026-08-13","FSA/FSD",1,79.79
1570,2026-08-21,"2026-08-13","No Produce - Order Only (even wk)",1,0
1900,2026-08-21,"2026-08-13","Eggs - BW - Dozen",1,6.5
1900,2026-08-21,"2026-08-13","Mothership Pickup Time (4.0 @5-5:30) - @5-5:30",1,0
1900,2026-08-21,"2026-08-13","Food For FS Cats Donation - $",1,1
1900,2026-08-21,"2026-08-13","XO - Cooler Donation - $",1,1
1900,2026-08-21,"2026-08-13","XO! Green Bags Donation - $",1,1
1900,2026-08-21,"2026-08-13","Bison - Ground - Lb.",1,27.25
1900,2026-08-21,"2026-08-13","Cantaloupe (1.0 Large) - Large",1,7
1900,2026-08-21,"2026-08-13","Chicken Thighs - Boneless/lb. - lbs",1,9.8
1900,2026-08-21,"2026-08-13","Multigrain Bread - Frozen - Loaf",1,6.75
1900,2026-08-21,"2026-08-13","Mushrooms (1.0 Shiitake) - Shiitake",1,8
1900,2026-08-21,"2026-08-13","Onions - Red  (1.0 Lb.) - Lb.",1,3
1900,2026-08-21,"2026-08-13","Peaches - Bag",1,7
1900,2026-08-21,"2026-08-13","Pretzel - UL Thursday  - Each",1,3.75
1900,2026-08-21,"2026-08-13","Tomatoes - Slicing - Bag",1,6.5
1900,2026-08-21,"2026-08-13","Extra Credit - Each",66.8,1.06
1900,2026-08-21,"2026-08-13","Mini",1,53.2
1900,2026-08-21,"2026-08-13","Whole MILK-e",1,8.85
1236,2026-08-21,"2026-08-13","Chicken - Ground - Lb.",1,10.25
1236,2026-08-21,"2026-08-13","Clean Plate Pantry Choice ($12) - Jar",1,12
1236,2026-08-21,"2026-08-13","Mushrooms - Choice",1,8
1236,2026-08-21,"2026-08-13","Pasta Wildcard $6.50 - Pack",1,6.5
1236,2026-08-21,"2026-08-13","FSA/FSD",1,79.79
249,2026-08-21,"2026-08-13","Eggs - BW - Dozen",1,6.5
249,2026-08-21,"2026-08-13","Mothership Pickup Time (1.0 @3:30-4) - @3:30-4",1,0
249,2026-08-21,"2026-08-13","Beef Kabob Meat - Lb.",1,12.75
249,2026-08-21,"2026-08-13","Garlic - Head - Head",2,1
249,2026-08-21,"2026-08-13","Olive Oil Small - ML",1,8.5
249,2026-08-21,"2026-08-13","Extra Credit - Each",0.5,1.06
249,2026-08-21,"2026-08-13","Half",1,84.79
364,2026-08-21,"2026-08-13","Milk - 2%  - Oz.",1,8.32
364,2026-08-21,"2026-08-13","Mothership Pickup Time - @6:30-7",1,0
364,2026-08-21,"2026-08-13","Bagels - Blueberry - BU - Bag",1,11.25
364,2026-08-21,"2026-08-13","Chicken Breasts /lb. - Pack",1,12.58
364,2026-08-21,"2026-08-13","Eggs - H - Dozen",1,6.5
364,2026-08-21,"2026-08-13","Hoagie - T - Each",1,3.5
364,2026-08-21,"2026-08-13","Extra Credit - Each",2.9,1.06
364,2026-08-21,"2026-08-13","FSA/FSD",1,79.79
1453,2026-08-21,"2026-08-13","Bagels - Blueberry - BU - Bag",1,11.25
1453,2026-08-21,"2026-08-13","Garlic - Head - Head",3,1
1453,2026-08-21,"2026-08-13","Granola Bar - Each",1,3.8
1453,2026-08-21,"2026-08-13","Magic Bean - Chocolate Chip Crunchy style GF Cookies - 2-pack",1,6
1453,2026-08-21,"2026-08-13","Peppers - Jalapenos - 5-pack",1,3.5
1453,2026-08-21,"2026-08-13","Pork - Bratwurst  - Pack",1,8.5
1453,2026-08-21,"2026-08-13","Tomatoes - Sungold - Pint",1,7
1453,2026-08-21,"2026-08-13","Extra Credit - Each",21.3,1.06
1453,2026-08-21,"2026-08-13","Mini",1,53.2
1453,2026-08-21,"2026-08-13","Whole MILK",1,8.85
1746,2026-08-21,"2026-08-13","Kirkwood Pickup Time (1.0 PORCH) - PORCH",1,0
1746,2026-08-21,"2026-08-13","Eggs - Dozen",1,6.5
1746,2026-08-21,"2026-08-13","Garlic - Head - Head",3,1
1746,2026-08-21,"2026-08-13","Kairos Sourdough Choice $5 - Pack",1,5
1746,2026-08-21,"2026-08-13","Peaches - Bag",1,7
1746,2026-08-21,"2026-08-13","Tomatoes - Sungold - Pint",1,7
1746,2026-08-21,"2026-08-13","Extra Credit - Each",1.25,1.06
1746,2026-08-21,"2026-08-13","UCA/KWA",1,79.79
876,2026-08-21,"2026-08-13","Chicken - Ground - Lb.",1,10.25
876,2026-08-21,"2026-08-13","Clean Plate Pantry Choice ($12) - Jar",1,12
876,2026-08-21,"2026-08-13","Mushrooms - Choice",1,8
876,2026-08-21,"2026-08-13","Pasta Wildcard $6.50 - Pack",1,6.5
876,2026-08-21,"2026-08-13","FSA/FSD",1,79.79
1255,2026-08-21,"2026-08-13","Eggs - BW - Dozen",2,6.5
1255,2026-08-21,"2026-08-13","Half & Half - Pint",1,4.75
1255,2026-08-21,"2026-08-13","Mothership Pickup Time (4.0 @5-5:30) - @5-5:30",1,0
1255,2026-08-21,"2026-08-13","Cantaloupe (1.0 Medium) - Medium",1,7
1255,2026-08-21,"2026-08-13","Cucumbers - Slicing - Each",1,2
1255,2026-08-21,"2026-08-13","Tomatoes - Funky Bunch - Pint",1,7
1255,2026-08-21,"2026-08-13","Extra Credit - Each",4.5,1.06
1255,2026-08-21,"2026-08-13","Mini",1,53.2
1255,2026-08-21,"2026-08-13","2% MILK",0,8.85
1255,2026-08-21,"2026-08-13","Half & Half",0,5.05
636,2026-08-21,"2026-08-13","Clean Plate Pantry Choice ($12) - Jar",1,12
636,2026-08-21,"2026-08-13","Cucumbers - Slicing - Each",5,2
636,2026-08-21,"2026-08-13","Pasta Wildcard $6.50 - Pack",1,6.5
636,2026-08-21,"2026-08-13","Peaches - Bag",1,0
636,2026-08-21,"2026-08-13","Tomatoes - Funky Bunch - Pint",1,7
636,2026-08-21,"2026-08-13","Tomatoes - Sungold - Pint",1,7
636,2026-08-21,"2026-08-13","Extra Credit - Each",4.75,1.06
636,2026-08-21,"2026-08-13","FSA/FSD",1,79.79
636,2026-08-21,"2026-08-13","Whole MILK",1,8.85
725,2026-08-21,"2026-08-13","Ground Turkey - Pack",1,10.25
725,2026-08-21,"2026-08-13","Peaches - Bag",1,7
725,2026-08-21,"2026-08-13","Pork - Ground  - Lb.",1,7.5
725,2026-08-21,"2026-08-13","Pork Italian Bulk - D&M - Lb.",1,8.5
725,2026-08-21,"2026-08-13","Extra Credit - Each",4,1.06
725,2026-08-21,"2026-08-13","Half",1,84.79
133,2026-08-21,"2026-08-13","Mothership Pickup Time (3.0 @4:30-5) - @4:30-5",1,0
133,2026-08-21,"2026-08-13","Bagels - Everything - BU - Bag",1,11.25
133,2026-08-21,"2026-08-13","Eggs - H - Dozen",1,6.5
133,2026-08-21,"2026-08-13","English Muffin Sourdough - Frozen - Pack",1,5
133,2026-08-21,"2026-08-13","Leeks - Bunch",1,6
133,2026-08-21,"2026-08-13","Extra Credit - Each",7,1.06
133,2026-08-21,"2026-08-13","Mini",1,53.2
643,2026-08-21,"2026-08-13","Mothership Pickup Time (5.0 @5:30-6) - @5:30-6",1,0
643,2026-08-21,"2026-08-13","Beef - Stew Meat - Pack",1,10.5
643,2026-08-21,"2026-08-13","Chicken - Ground - Lb.",1,10.25
643,2026-08-21,"2026-08-13","FF Grits - Smoked Gouda - Pint",1,10.5
643,2026-08-21,"2026-08-13","Peppers - Red Bell XL - 1-each",2,2.5
643,2026-08-21,"2026-08-13","Pretzel - UL Thursday  - Each",1,3.75
643,2026-08-21,"2026-08-13","Extra Credit - Each",3.25,1.06
643,2026-08-21,"2026-08-13","FSA/FSD",1,79.79
1468,2026-08-21,"2026-08-13","Eggs - BW - Dozen",1,6.5
1468,2026-08-21,"2026-08-13","Mothership Pickup Time (1.0 @3:30-4) - @3:30-4",1,0
1468,2026-08-21,"2026-08-13","Flaked Salmon - Lb.",1,16.01
1468,2026-08-21,"2026-08-13","Pork - Bratwurst  - Pack",1,8.5
1468,2026-08-21,"2026-08-13","Extra Credit - Each",9.26,1.06
1468,2026-08-21,"2026-08-13","Mini",1,53.2
622,2026-08-21,"2026-08-13","Kirkwood Pickup Time (2.0 @1:30-2) - @1:30-2",1,0
622,2026-08-21,"2026-08-13","Bagels - Blueberry - BU - Bag",1,11.25
622,2026-08-21,"2026-08-13","Bagels - Cinnamon Raisin - BU - Bag",1,11.25
622,2026-08-21,"2026-08-13","Eggs - Dozen",1,6.5
622,2026-08-21,"2026-08-13","Yogurt - Vanilla - Oz.",1,7.25
622,2026-08-21,"2026-08-13","Extra Credit - Each",9,1.06
622,2026-08-21,"2026-08-13","UCA/KWA",1,79.79
1750,2026-08-21,"2026-08-13","Salsa - Gringo's Medium - Pint",1,5
1750,2026-08-21,"2026-08-13","Mothership Pickup Time (5.0 @5:30-6) - @5:30-6",1,0
1750,2026-08-21,"2026-08-13","Cantaloupe (1.0 Medium) - Medium",1,7
1750,2026-08-21,"2026-08-13","Gnocchi - Garlic Chive  - Lb.",1,6.5
1750,2026-08-21,"2026-08-13","Hummus - Garlic - Tub",1,6.75
1750,2026-08-21,"2026-08-13","Yogurt - Strawberry - Oz.",1,7.25
1750,2026-08-21,"2026-08-13","Extra Credit - Each",10.75,1.06
1750,2026-08-21,"2026-08-13","Mini",1,53.2
652,2026-08-21,"2026-08-13","Watermelon - Seeded - Each",1,7
652,2026-08-21,"2026-08-13","Milk - 2%  - Oz.",1,8.32
652,2026-08-21,"2026-08-13","Mothership Pickup Time (4.0 @5-5:30) - @5-5:30",1,0
652,2026-08-21,"2026-08-13","Bagels - Cinnamon Raisin - BU - Bag",1,11.25
652,2026-08-21,"2026-08-13","Beef Kabob Meat - Lb.",1,12.75
652,2026-08-21,"2026-08-13","Curds Creamy Ranch 10 oz - Bag",1,6.75
652,2026-08-21,"2026-08-13","Garlic - Head - Head",2,1
652,2026-08-21,"2026-08-13","Extra Credit - Each",18.82,1.06
652,2026-08-21,"2026-08-13","Half",1,84.79
1521,2026-08-21,"2026-08-13","Mothership Pickup Time (1.0 @3:30-4) - @3:30-4",1,0
1521,2026-08-21,"2026-08-13","Okra  - Bag",1,6
1521,2026-08-21,"2026-08-13","Peppers - Jalapenos - 5-pack",1,3.5
1521,2026-08-21,"2026-08-13","Potatoes - Yukon Gold - lbs",1,6
1521,2026-08-21,"2026-08-13","Tomatoes - Slicing - Bag",1,6.5
1521,2026-08-21,"2026-08-13","Extra Credit - Each",0.25,1.06
1521,2026-08-21,"2026-08-13","Mini",1,53.2
900,2026-08-21,"2026-08-13","Mothership Pickup Time (1.0 @3:30-4) - @3:30-4",1,0
900,2026-08-21,"2026-08-13","Cantaloupe (1.0 Medium) - Medium",1,7
900,2026-08-21,"2026-08-13","Onions - Yellow - lbs",1,3.5
900,2026-08-21,"2026-08-13","Peaches - Bag",1,7
900,2026-08-21,"2026-08-13","Peppers - Green Bell - 2-pack",1,3.25
900,2026-08-21,"2026-08-13","Pork - Brats Cheddar DM - 4-pack",1,8.5
900,2026-08-21,"2026-08-13","Squash - Zucchini - Each",1,3
900,2026-08-21,"2026-08-13","Tomatoes - Slicing - Bag",1,6.5
900,2026-08-21,"2026-08-13","FSA/FSD",1,79.79
900,2026-08-21,"2026-08-13","Whole MILK",1,8.85
663,2026-08-21,"2026-08-13","Kirkwood Pickup Time - @1-1:30",1,0
663,2026-08-21,"2026-08-13","Food For FS Cats Donation - $",10,1
663,2026-08-21,"2026-08-13","Beans - Green - Bag",1,0
663,2026-08-21,"2026-08-13","Black Pepper Cheddar - Each",1,6.75
663,2026-08-21,"2026-08-13","Chicken Breasts /lb. - Pack",1,10.03
663,2026-08-21,"2026-08-13","Garlic - Head - Head",3,0
663,2026-08-21,"2026-08-13","Jar Tomatoes - Quart",1,7.75
663,2026-08-21,"2026-08-13","Olive Oil Small - ML",1,8.5
663,2026-08-21,"2026-08-13","Peppers - Colored Bell - 3-pack",1,0
663,2026-08-21,"2026-08-13","Peppers - Lunchbox - Bag",1,0
663,2026-08-21,"2026-08-13","Potatoes - New - Bag",1,0
663,2026-08-21,"2026-08-13","Semolina - T - Loaf",1,7
663,2026-08-21,"2026-08-13","Squash - Zucchini - Each",1,0
663,2026-08-21,"2026-08-13","Staff - Something to ask Jamie - Oz.",1,0
663,2026-08-21,"2026-08-13","Extra Credit - Each",28.28,1.06
663,2026-08-21,"2026-08-13","Mini",1,53.2
171,2026-08-21,"2026-08-13","Peanuts - Salted Blanched - Oz.",1,7.5
171,2026-08-21,"2026-08-13","Almonds - Salted - Oz.",1,14.75
171,2026-08-21,"2026-08-13","Mothership Pickup Time (3.0 @4:30-5) - @4:30-5",1,0
171,2026-08-21,"2026-08-13","Bagels - Everything - BU - Bag",1,11.25
171,2026-08-21,"2026-08-13","Black Pepper Cheddar - Each",1,6.75
171,2026-08-21,"2026-08-13","Carrots - Lb.",1,6
171,2026-08-21,"2026-08-13","Chicken - Thighs /lbs  - lbs",1,7.92
171,2026-08-21,"2026-08-13","Cinnamon Rolls - Frozen - Pack",1,6.75
171,2026-08-21,"2026-08-13","Croissant - PIB Frozen - 1-each",4,2.8
171,2026-08-21,"2026-08-13","Ground Beef - D&M - Lb.",1,10.5
171,2026-08-21,"2026-08-13","Light and Mild - T - Loaf",1,8.25
171,2026-08-21,"2026-08-13","Marinara Sauce - Jar",1,8.75
171,2026-08-21,"2026-08-13","Mustard (1.0 Horseradish) - Horseradish",1,6.5
171,2026-08-21,"2026-08-13","Peaches - Bag",1,7
171,2026-08-21,"2026-08-13","Pork - Bratwurst  - Pack",1,8.5
171,2026-08-21,"2026-08-13","Tomatoes - Funky Bunch - Pint",1,7
171,2026-08-21,"2026-08-13","Extra Credit - Each",106.87,1.06
171,2026-08-21,"2026-08-13","Mini",1,53.2
1440,2026-08-21,"2026-08-13","Milk - Whole - Oz.",1,8.32
1440,2026-08-21,"2026-08-13","Bacon - Uncured/lb - Pack",1,16.93
1440,2026-08-21,"2026-08-13","Beef Kabob Meat - Lb.",1,12.75
1440,2026-08-21,"2026-08-13","Chicken Breasts /lb. - Pack",1,12.41
1440,2026-08-21,"2026-08-13","Chicken Thighs - Boneless/lb. - lbs",1,11.55
1440,2026-08-21,"2026-08-13","Peaches - Bag",1,7
1440,2026-08-21,"2026-08-13","Potatoes - White - lbs",1,5.25
1440,2026-08-21,"2026-08-13","Sweet Corn - 5-pack",1,4
1440,2026-08-21,"2026-08-13","Extra Credit - Each",48.96,1.06
1440,2026-08-21,"2026-08-13","Half",1,84.79
1683,2026-08-21,"2026-08-13","Kirkwood Pickup Time - @1-1:30",1,0
1683,2026-08-21,"2026-08-13","Chicken Breasts /lb. - Pack",1,10.71
1683,2026-08-21,"2026-08-13","Eggs - Dozen",1,6.5
1683,2026-08-21,"2026-08-13","Ghost Pepper Cheddar - Each",1,6.75
1683,2026-08-21,"2026-08-13","Milk Chocolate Lolli - Each",1,1.75
1683,2026-08-21,"2026-08-13","Seedy Wheaty - Frozen - Loaf",1,3.75
1683,2026-08-21,"2026-08-13","Extra Credit - Each",2.21,1.06
1683,2026-08-21,"2026-08-13","UCA/KWA",1,79.79
959,2026-08-21,"2026-08-13","Milk - 2%  - Oz.",1,8.32
959,2026-08-21,"2026-08-13","Bagels - Everything - BU - Bag",1,11.25
959,2026-08-21,"2026-08-13","Chicken - Ground - Lb.",1,10.25
959,2026-08-21,"2026-08-13","Clean Plate Pantry Choice ($12) - Jar",1,12
959,2026-08-21,"2026-08-13","Mushrooms - Choice",1,8
959,2026-08-21,"2026-08-13","Pasta Wildcard $6.50 - Pack",1,6.5
959,2026-08-21,"2026-08-13","Extra Credit - Each",17.07,1.06
959,2026-08-21,"2026-08-13","FSA/FSD",1,79.79
463,2026-08-21,"2026-08-13","Cheese Choice $6.75 - Each",1,6.75
463,2026-08-21,"2026-08-13","Mustard - Choice",1,6.5
463,2026-08-21,"2026-08-13","Pork - Bratwurst  - Pack",1,8.5
463,2026-08-21,"2026-08-13","Mini",1,53.2
704,2026-08-21,"2026-08-19","Ground Turkey - Pack",1,10.25
704,2026-08-21,"2026-08-19","Eggs - Dozen",1,6.5
704,2026-08-21,"2026-08-19","Ground Beef - D&M - Lb.",1,10.5
704,2026-08-21,"2026-08-19","Kairos Sourdough Choice $5 - Pack",1,5
704,2026-08-21,"2026-08-19","Pink Sauce - Oz.",1,8.75
704,2026-08-21,"2026-08-19","Extra Credit - Each",8,1.06
704,2026-08-21,"2026-08-19","FSA/FSD",1,79.79
335,2026-08-21,"2026-08-19","Mothership Pickup Time (1.0 @3:30-4) - @3:30-4",1,0
335,2026-08-21,"2026-08-19","Cantaloupe - Each",1,6.5
335,2026-08-21,"2026-08-19","Eggs - Dozen",1,6.5
335,2026-08-21,"2026-08-19","English Muffin Sourdough - Frozen - Pack",1,5
335,2026-08-21,"2026-08-19","Ground Beef - D&M - Lb.",1,10.5
335,2026-08-21,"2026-08-19","Extra Credit - Each",2.25,1.06
335,2026-08-21,"2026-08-19","Mini",1,53.2
291,2026-08-21,"2026-08-19","Mothership Pickup Time (1.0 @3:30-4) - @3:30-4",1,0
291,2026-08-21,"2026-08-19","Peaches - Bag",1,7
291,2026-08-21,"2026-08-19","Pork - Bratwurst  - Pack",1,8.5
291,2026-08-21,"2026-08-19","Semolina - Wednesday - Loaf",1,7
291,2026-08-21,"2026-08-19","Extra Credit - Each",0.75,1.06
291,2026-08-21,"2026-08-19","Half",1,84.79
1045,2026-08-21,"2026-08-19","Mothership Pickup Time (2.0 @4-4:30) - @4-4:30",1,0
1045,2026-08-21,"2026-08-19","Food for Ferals Donation - $",1,1
1045,2026-08-21,"2026-08-19","Bagel Chips - Bag",1,9.75
1045,2026-08-21,"2026-08-19","Black Bean Hummus - Tub",1,6.5
1045,2026-08-21,"2026-08-19","Pizza Sourdough - Frozen - Pack",1,5
1045,2026-08-21,"2026-08-19","Sesame Hoagie -W - Each",1,3.8
1045,2026-08-21,"2026-08-19","Extra Credit - Each",4.3,1.06
1045,2026-08-21,"2026-08-19","Half",1,84.79
903,2026-08-21,"2026-08-19","Eggs - BW - Dozen",1,6.5
903,2026-08-21,"2026-08-19","Mothership Pickup Time (1.0 @3:30-4) - @3:30-4",1,0
903,2026-08-21,"2026-08-19","Chicken - Breakfast - Pack",1,10.5
903,2026-08-21,"2026-08-19","Eggs - Dozen",1,6.5
903,2026-08-21,"2026-08-19","Tomatoes - Funky Bunch - Pint",1,7
903,2026-08-21,"2026-08-19","Extra Credit - Each",4.25,1.06
903,2026-08-21,"2026-08-19","Mini",1,53.2
262,2026-08-21,"2026-08-19","Chicken - BULK Breasts /lb. - Pack",2,40.76
262,2026-08-21,"2026-08-19","Milk - 2%  - Oz.",2,8.32
262,2026-08-21,"2026-08-19","Eggs - BW - Dozen",2,6.5
262,2026-08-21,"2026-08-19","Mothership Pickup Time (3.0 @4:30-5) - @4:30-5",1,0
262,2026-08-21,"2026-08-19","Chicken - Breakfast Links - Each",2,10.5
262,2026-08-21,"2026-08-19","Eggs - H - Dozen",2,6.5
262,2026-08-21,"2026-08-19","Rice - Basmati Brown - Lb.",1,7.5
262,2026-08-21,"2026-08-19","Strip Steak /lb - Pack",3,12.61
262,2026-08-21,"2026-08-19","Turkey Thighs /lb - Each",1,20.19
262,2026-08-21,"2026-08-19","Extra Credit - Each",188.93,1.06
262,2026-08-21,"2026-08-19","Half",1,68.89
1197,2026-08-21,"2026-08-19","Eggs - BW - Dozen",1,6.5
1197,2026-08-21,"2026-08-19","Cantaloupe - Each",1,6.5
1197,2026-08-21,"2026-08-19","Feta Cheese - HBC - Each",1,6.75
1197,2026-08-21,"2026-08-19","Squash - Zucchini - Each",1,3
1197,2026-08-21,"2026-08-19","Tomatoes - Funky Bunch - Pint",1,7
1197,2026-08-21,"2026-08-19","Watermelon - Sugar Baby - Each",1,6
1197,2026-08-21,"2026-08-19","Extra Credit - Each",35.75,1.06
1039,2026-08-21,"2026-08-19","UCity Pickup Time (3.0 @5-5:30) - @5-5:30",1,0
1039,2026-08-21,"2026-08-19","Beef Kabob Meat - Lb.",1,12.75
1039,2026-08-21,"2026-08-19","Chicken Thighs - Boneless/lb. - lbs",1,11.03
1039,2026-08-21,"2026-08-19","Cornmeal - Oz.",1,4.75
1039,2026-08-21,"2026-08-19","Tomatoes - Funky Bunch - Pint",1,7
1039,2026-08-21,"2026-08-19","Extra Credit - Each",6.28,1.06
1039,2026-08-21,"2026-08-19","UCA/KWA",1,79.79
1830,2026-08-21,"2026-08-19","Mothership Pickup Time (2.0 @4-4:30) - @4-4:30",1,0
1830,2026-08-21,"2026-08-19","Eggs - Dozen",1,6.5
1830,2026-08-21,"2026-08-19","Louise's Original Granola - Bag",1,10
1830,2026-08-21,"2026-08-19","Oat Porridge Bread - Wednesday - Loaf",1,9
1830,2026-08-21,"2026-08-19","Pork - Breakfast Bulk - Pack",1,8.5
1830,2026-08-21,"2026-08-19","Extra Credit - Each",1,1.06
1830,2026-08-21,"2026-08-19","FSA/FSD",1,79.79
1830,2026-08-21,"2026-08-19","2% MILK",1,8.85
1968,2026-08-21,"2026-08-19","Mothership Pickup Time (1.0 @3:30-4) - @3:30-4",1,0
1968,2026-08-21,"2026-08-19","Blackberries - Frozen (1.0 Large) - Large",1,10.5
1968,2026-08-21,"2026-08-19","Hummus - Beet & Pepita - Tub",1,6.75
1968,2026-08-21,"2026-08-19","Multigrain Bread - Frozen - Loaf",1,6.75
1968,2026-08-21,"2026-08-19","RL Chocolate Milk - Bottle",1,2.75
1968,2026-08-21,"2026-08-19","Extra Credit - Each",0.5,1.06
1968,2026-08-21,"2026-08-19","Mini",1,53.2
282,2026-08-21,"2026-08-19","Cheese Choice $6.75 - Each",1,6.75
282,2026-08-21,"2026-08-19","Pork - Bratwurst  - Pack",2,8.5
282,2026-08-21,"2026-08-19","Extra Credit - Each",2,1.06
282,2026-08-21,"2026-08-19","Half",1,84.79
1970,2026-08-21,"2026-08-19","Mothership Pickup Time (2.0 @4-4:30) - @4-4:30",1,0
1970,2026-08-21,"2026-08-19","Eggs - Dozen",1,6.5
1970,2026-08-21,"2026-08-19","Ground Beef - D&M - Lb.",1,10.5
1970,2026-08-21,"2026-08-19","Hamburger Buns - 4-pack",1,2.75
1970,2026-08-21,"2026-08-19","Hummus - Garlic - Tub",1,6.75
1970,2026-08-21,"2026-08-19","Extra Credit - Each",0.25,1.06
1970,2026-08-21,"2026-08-19","Mini",1,53.2
1203,2026-08-21,"2026-08-19","Mothership Pickup Time (2.0 @4-4:30) - @4-4:30",1,0
1203,2026-08-21,"2026-08-19","Eggplant - Globe - Each",1,3
1203,2026-08-21,"2026-08-19","Eggs - Dozen",1,6.5
1203,2026-08-21,"2026-08-19","Okra  - Bag",1,6
1203,2026-08-21,"2026-08-19","Peppers - Sweet Habanada - Bag",1,3.5
1203,2026-08-21,"2026-08-19","Pork - Breakfast Bulk - Pack",1,8.5
1203,2026-08-21,"2026-08-19","Tomatoes - Funky Bunch - Pint",1,7
1203,2026-08-21,"2026-08-19","Extra Credit - Each",1.5,1.06
1203,2026-08-21,"2026-08-19","FSA/FSD",1,79.79
444,2026-08-21,"2026-08-19","Chicken - Thighs /lbs  - lbs",2,7.2
444,2026-08-21,"2026-08-19","Hummus - Carrot & Ginger - Tub",1,6.75
444,2026-08-21,"2026-08-19","Pretzel - UL Wednesday - Each",2,3.75
444,2026-08-21,"2026-08-19","RL Chocolate Milk - Bottle",2,2.75
444,2026-08-21,"2026-08-19","Extra Credit - Each",4.9,1.06
444,2026-08-21,"2026-08-19","UCA/KWA",1,79.79
949,2026-08-21,"2026-08-19","Apple Sauce - w/sugar - qt. - Jar",2,7.75
949,2026-08-21,"2026-08-19","Curds Applewood Smoked 10 oz - Bag",1,6.75
949,2026-08-21,"2026-08-19","Eggs - Dozen",1,6.5
949,2026-08-21,"2026-08-19","FF Dish - Pear and Walnut Risotto - Each",1,11.5
949,2026-08-21,"2026-08-19","Ground Beef - D&M - Lb.",1,10.5
949,2026-08-21,"2026-08-19","Hamburger Buns - 4-pack",1,2.75
949,2026-08-21,"2026-08-19","Extra Credit - Each",27,1.06
949,2026-08-21,"2026-08-19","Mini",1,53.2
828,2026-08-21,"2026-08-19","Cashew Butter - Roasted - Pint",1,11.75
828,2026-08-21,"2026-08-19","Pignolas (Pine Nuts) - Oz.",1,11
828,2026-08-21,"2026-08-19","UCity Pickup Time - @4:10-4:30",1,0
828,2026-08-21,"2026-08-19","Chicken Thighs - Boneless/lb. - lbs",2,10.41
828,2026-08-21,"2026-08-19","Chicken Wings/lb. - lbs",1,20.24
828,2026-08-21,"2026-08-19","Eggs - Dozen",1,6.5
828,2026-08-21,"2026-08-19","Grits - Oz.",1,4.75
828,2026-08-21,"2026-08-19","Ground Beef - D&M - Lb.",1,10.5
828,2026-08-21,"2026-08-19","Hamburger Buns - 4-pack",1,2.75
828,2026-08-21,"2026-08-19","Soy Sauce - Mushroom - Bottle",1,7.5
828,2026-08-21,"2026-08-19","Extra Credit - Each",69.56,1.06
828,2026-08-21,"2026-08-19","Mini",1,53.2
1799,2026-08-21,"2026-08-19","Chicken - Big Bag Deboned Thighs/lb. - Bag",1,42.32
1799,2026-08-21,"2026-08-19","Cinnamon Raisin Bread - 1-each",1,6.75
1799,2026-08-21,"2026-08-19","Eggs - Dozen",1,6.5
1799,2026-08-21,"2026-08-19","Kairos Sourdough Choice $5 - Pack",1,5
1799,2026-08-21,"2026-08-19","Maple Syrup 12 oz. - Jar",1,13
1799,2026-08-21,"2026-08-19","Pork - Breakfast Bulk - Pack",1,8.5
1799,2026-08-21,"2026-08-19","Extra Credit - Each",49.07,1.06
1799,2026-08-21,"2026-08-19","FSA/FSD",1,79.79
1286,2026-08-21,"2026-08-19","Mothership Pickup Time (1.0 @3:30-4) - @3:30-4",1,0
1286,2026-08-21,"2026-08-19","Chicken Drumsticks /LB - Pack",2,3.67
1286,2026-08-21,"2026-08-19","Dark Chocolate Almond Bar - Pack",1,4.95
1286,2026-08-21,"2026-08-19","Feta Cheese - HBC - Each",1,6.75
1286,2026-08-21,"2026-08-19","Yogurt - Vanilla - Oz.",1,7.25
1286,2026-08-21,"2026-08-19","Extra Credit - Each",4.54,1.06
1286,2026-08-21,"2026-08-19","Half",1,84.79
1124,2026-08-21,"2026-08-19","Yogurt - Greek Plain - Oz.",1,7.75
1124,2026-08-21,"2026-08-19","Mothership Pickup Time (5.0 @5:30-6) - @5:30-6",1,0
1124,2026-08-21,"2026-08-19","Marinara Sauce - Jar",1,8.75
1124,2026-08-21,"2026-08-19","Semolina - Wednesday - Loaf",1,7
1124,2026-08-21,"2026-08-19","Extra Credit - Each",1.75,1.06
1124,2026-08-21,"2026-08-19","Half",1,84.79
296,2026-08-21,"2026-08-19","Mothership Pickup Time (4.0 @5-5:30) - @5-5:30",1,0
296,2026-08-21,"2026-08-19","Curds Jalapeno Habanero 10 oz - Bag",1,6.75
296,2026-08-21,"2026-08-19","English Muffin Sourdough - Frozen - Pack",1,5
296,2026-08-21,"2026-08-19","Mustard (1.0 Onion) - Onion",1,6.5
296,2026-08-21,"2026-08-19","Pork Breakfast Link D&M - Pack",1,8.5
296,2026-08-21,"2026-08-19","Extra Credit - Each",5,1.06
296,2026-08-21,"2026-08-19","Half",1,84.79
919,2026-08-21,"2026-08-19","Mothership Pickup Time (2.0 @4-4:30) - @4-4:30",1,0
919,2026-08-21,"2026-08-19","Chicken - Breakfast - Pack",1,10.5
919,2026-08-21,"2026-08-19","Chicken - Ground - Lb.",1,10.25
919,2026-08-21,"2026-08-19","Okra  - Bag",1,6
919,2026-08-21,"2026-08-19","Extra Credit - Each",5,1.06
919,2026-08-21,"2026-08-19","Half",1,84.79
1699,2026-08-21,"2026-08-19","UCity Pickup Time (2.0 @4:30-5) - @4:30-5",1,0
1699,2026-08-21,"2026-08-19","Hoagie - Wednesday - Each",1,3.5
1699,2026-08-21,"2026-08-19","Pretzel - UL Wednesday - Each",1,3.75
1699,2026-08-21,"2026-08-19","Tomatillos  - Bag",1,4.75
1699,2026-08-21,"2026-08-19","Tortellini - Cheese - Lb.",1,9.15
1699,2026-08-21,"2026-08-19","UCA/KWA",1,79.79
570,2026-08-21,"2026-08-19","UCity Pickup Time - @4:10-4:30",1,0
570,2026-08-21,"2026-08-19","Aged Cheddar - HBC - Each",1,6.75
570,2026-08-21,"2026-08-19","Curry Sauce (1.0 Red) - Red",1,12
570,2026-08-21,"2026-08-19","Pork - Bratwurst  - Pack",1,8.5
570,2026-08-21,"2026-08-19","Extra Credit - Each",5.5,1.06
570,2026-08-21,"2026-08-19","Half",1,68.89
1154,2026-08-21,"2026-08-19","Mothership Pickup Time (1.0 @3:30-4) - @3:30-4",1,0
1154,2026-08-21,"2026-08-19","Chicken Thighs - Boneless/lb. - lbs",2,9.98
1154,2026-08-21,"2026-08-19","Hummus - Garlic - Tub",1,6.75
1154,2026-08-21,"2026-08-19","Marinara Sauce - Jar",1,8.75
1154,2026-08-21,"2026-08-19","Peaches - Bag",1,7
1154,2026-08-21,"2026-08-19","Extra Credit - Each",16.21,1.06
1154,2026-08-21,"2026-08-19","Mini",1,53.2
1559,2026-08-21,"2026-08-19","Eggs - Dozen",1,6.5
1559,2026-08-21,"2026-08-19","Ground Beef - D&M - Lb.",1,10.5
1559,2026-08-21,"2026-08-19","Hamburger Buns - 4-pack",1,2.75
1559,2026-08-21,"2026-08-19","Hummus Choice ($6.75) - Tub",1,6.75
1559,2026-08-21,"2026-08-19","Mini",1,53.2
1098,2026-08-21,"2026-08-19","Eggs - BW - Dozen",1,6.5
1098,2026-08-21,"2026-08-19","XO - Cooler Donation - $",1,1
1098,2026-08-21,"2026-08-19","Beans - Green - Bag",1,4.25
1098,2026-08-21,"2026-08-19","Beets - Lb.",1,6.5
1098,2026-08-21,"2026-08-19","Cantaloupe - Each",1,6.5
1098,2026-08-21,"2026-08-19","Peaches - Bag",1,7
1098,2026-08-21,"2026-08-19","Peanuts - Salted Redskin - Bag",1,7.5
1098,2026-08-21,"2026-08-19","Extra Credit - Each",13,1.06
1098,2026-08-21,"2026-08-19","Mini",1,53.2
1098,2026-08-21,"2026-08-19","2% MILK-o",0,8.85
288,2026-08-21,"2026-08-19","Mothership Pickup Time (1.0 @3:30-4) - @3:30-4",1,0
288,2026-08-21,"2026-08-19","Chicken - Ground - Lb.",1,10.25
288,2026-08-21,"2026-08-19","Dark Chocolate Lolli - Each",1,1.75
288,2026-08-21,"2026-08-19","Dark Chocolate Salted Bark - Pack",1,7.5
288,2026-08-21,"2026-08-19","Hummus - Carrot & Ginger - Tub",1,6.75
288,2026-08-21,"2026-08-19","Mini",1,53.2
391,2026-08-21,"2026-08-19","Dark Chocolate Almond Bar - Pack",1,4.95
391,2026-08-21,"2026-08-19","Eggs - Dozen",1,6.5
391,2026-08-21,"2026-08-19","Ground Beef - D&M - Lb.",1,10.5
391,2026-08-21,"2026-08-19","Hamburger Buns - 4-pack",1,2.75
391,2026-08-21,"2026-08-19","Hummus Choice ($6.75) - Tub",1,6.75
391,2026-08-21,"2026-08-19","Pork Snack Sticks - Honey 4pk - Pack",1,10.3
391,2026-08-21,"2026-08-19","Extra Credit - Each",15.5,1.06
391,2026-08-21,"2026-08-19","Mini",1,53.2
824,2026-08-21,"2026-08-19","Chicken - Ground - Lb.",1,10.25
824,2026-08-21,"2026-08-19","English Muffin Sourdough - Frozen - Pack",1,5
824,2026-08-21,"2026-08-19","Hummus - Beet & Pepita - Tub",1,6.75
824,2026-08-21,"2026-08-19","Tortillas Sourdough - Frozen - Pack",1,5
824,2026-08-21,"2026-08-19","Extra Credit - Each",0.75,1.06
824,2026-08-21,"2026-08-19","Mini",1,53.2
431,2026-08-21,"2026-08-19","Mothership Pickup Time (4.0 @5-5:30) - @5-5:30",1,0
431,2026-08-21,"2026-08-19","Cheese Choice $6.75 - Each",1,6.75
431,2026-08-21,"2026-08-19","Mustard - Choice",1,6.5
431,2026-08-21,"2026-08-19","Onions - Yellow - lbs",1,3.5
431,2026-08-21,"2026-08-19","Pork - Bratwurst  - Pack",1,8.5
431,2026-08-21,"2026-08-19","Extra Credit - Each",3.5,1.06
431,2026-08-21,"2026-08-19","Half",1,84.79
100,2026-08-21,"2026-08-19","Mothership Pickup Time (3.0 @4:30-5) - @4:30-5",1,0
100,2026-08-21,"2026-08-19","Eggs - Dozen",1,6.5
100,2026-08-21,"2026-08-19","Ground Beef - D&M - Lb.",1,10.5
100,2026-08-21,"2026-08-19","Hamburger Buns - 4-pack",1,2.75
100,2026-08-21,"2026-08-19","Milk Chocolate Bar - Pack",1,3
100,2026-08-21,"2026-08-19","Watermelon - Sugar Baby - Each",1,6
100,2026-08-21,"2026-08-19","Extra Credit - Each",2.5,1.06
100,2026-08-21,"2026-08-19","Mini",1,53.2
1284,2026-08-21,"2026-08-19","Eggs - BW - Dozen",1,6.5
1284,2026-08-21,"2026-08-19","Food Pantry Donation - $",1,1
1284,2026-08-21,"2026-08-19","XO - Cooler Donation - $",1,1
1284,2026-08-21,"2026-08-19","Beans - Green - Bag",1,4.25
1284,2026-08-21,"2026-08-19","Black Bean Dip - Tub",1,6.5
1284,2026-08-21,"2026-08-19","Golden Zucchini - Each",1,1.5
1284,2026-08-21,"2026-08-19","Manicotti - Spinach - Package",1,10.15
1284,2026-08-21,"2026-08-19","Peaches - Bag",1,7
1284,2026-08-21,"2026-08-19","Peppers - Sweet Oxhorn - 2-pack",1,3
1284,2026-08-21,"2026-08-19","Sesame Hoagie -W - Each",1,3.8
1284,2026-08-21,"2026-08-19","Squash - Summer - Each",1,3
1284,2026-08-21,"2026-08-19","Squash - Zucchini - Each",1,3
1284,2026-08-21,"2026-08-19","Sweet Corn - 5-pack",1,4
1284,2026-08-21,"2026-08-19","Tomatoes - Slicing - Bag",1,6.5
1284,2026-08-21,"2026-08-19","Extra Credit - Each",61.2,1.06
98,2026-08-21,"2026-08-19","UCity Pickup Time (2.0 @4:30-5) - @4:30-5",1,0
98,2026-08-21,"2026-08-19","Beans - Green - Bag",1,4.25
98,2026-08-21,"2026-08-19","Golden Zucchini - Each",1,1.5
98,2026-08-21,"2026-08-19","Peaches - Bag",1,7
98,2026-08-21,"2026-08-19","Squash - Zucchini - Each",1,3
98,2026-08-21,"2026-08-19","Tomatoes - Funky Bunch - Pint",1,7
98,2026-08-21,"2026-08-19","Tomatoes - Heirloom - Bag",1,8
98,2026-08-21,"2026-08-19","Tortillas Sourdough - Frozen - Pack",2,5
98,2026-08-21,"2026-08-19","Extra Credit - Each",40.75,1.06
99,2026-08-21,"2026-08-19","Ground Turkey - Pack",1,10.25
99,2026-08-21,"2026-08-19","Mothership Pickup Time (5.0 @5:30-6) - @5:30-6",1,0
99,2026-08-21,"2026-08-19","Eggs - Dozen",1,6.5
99,2026-08-21,"2026-08-19","Okra  - Bag",1,6
99,2026-08-21,"2026-08-19","Peppers - Lunchbox - Bag",1,7
99,2026-08-21,"2026-08-19","Watermelon - Sugar Baby - Each",1,6
99,2026-08-21,"2026-08-19","Extra Credit - Each",2.75,1.06
77,2026-08-21,"2026-08-19","Mothership Pickup Time (1.0 @3:30-4) - @3:30-4",1,0
77,2026-08-21,"2026-08-19","Bacon - Each",1,14.58
77,2026-08-21,"2026-08-19","Pasta Bi-color Short - Lb.",1,6.5
77,2026-08-21,"2026-08-19","Pretzel - UL Wednesday - Each",1,3.75
77,2026-08-21,"2026-08-19","RL Chocolate Milk - Bottle",1,2.75
77,2026-08-21,"2026-08-19","Extra Credit - Each",1.33,1.06
77,2026-08-21,"2026-08-19","Mini",1,53.2
543,2026-08-21,"2026-08-19","Coffee Stringbean Decaf - Bag",1,16
543,2026-08-21,"2026-08-19","Ground Beef - D&M - Lb.",1,10.5
543,2026-08-21,"2026-08-19","Extra Credit - Each",0.25,1.06
543,2026-08-21,"2026-08-19","Mini",1,53.2
837,2026-08-21,"2026-08-19","Eggs - BW - Dozen",2,6.5
837,2026-08-21,"2026-08-19","Mothership Pickup Time (2.0 @4-4:30) - @4-4:30",1,0
837,2026-08-21,"2026-08-19","Cucumbers - Slicing - Each",1,2
837,2026-08-21,"2026-08-19","Fresh Herb - Basil - Bunch",1,4
837,2026-08-21,"2026-08-19","Garlic - Head - Head",3,1
837,2026-08-21,"2026-08-19","Golden Zucchini - Each",1,1.5
837,2026-08-21,"2026-08-19","Honey - Qt. - Jar",1,20.25
837,2026-08-21,"2026-08-19","Hummus - Carrot & Ginger - Tub",1,6.75
837,2026-08-21,"2026-08-19","Louise's Original Granola - Bag",1,10
837,2026-08-21,"2026-08-19","Okra  - Bag",1,6
837,2026-08-21,"2026-08-19","Peaches - Bag",1,7
837,2026-08-21,"2026-08-19","Peppers - Red Bell XL - 1-each",1,2.5
837,2026-08-21,"2026-08-19","Sweet Corn - 5-pack",1,4
837,2026-08-21,"2026-08-19","Watermelon - Sugar Baby - Each",1,6
837,2026-08-21,"2026-08-19","Extra Credit - Each",86,1.06
401,2026-08-21,"2026-08-19","Eggs - Dozen",1,6.5
401,2026-08-21,"2026-08-19","Ground Beef - D&M - Lb.",1,10.5
401,2026-08-21,"2026-08-19","Hamburger Buns - 4-pack",1,2.75
401,2026-08-21,"2026-08-19","Hummus Choice ($6.75) - Tub",1,6.75
401,2026-08-21,"2026-08-19","Mini",1,53.2
1997,2026-08-21,"2026-08-19","Eggs - BW - Dozen",1,6.5
1997,2026-08-21,"2026-08-19","UCity Pickup Time (3.0 @5-5:30) - @5-5:30",1,0
1997,2026-08-21,"2026-08-19","Cheese Choice $6.75 - Each",1,6.75
1997,2026-08-21,"2026-08-19","Pork - Bratwurst  - Pack",1,8.5
1997,2026-08-21,"2026-08-19","Half",1,68.89
1923,2026-08-21,"2026-08-19","Cantaloupe - Each",1,6.5
1923,2026-08-21,"2026-08-19","Carrots - Lb.",1,6
1923,2026-08-21,"2026-08-19","Chicken - Whole $5.00/lb. - Each",1,19.1
1923,2026-08-21,"2026-08-19","Janie's Bread - Wednesday - Each",1,7
1923,2026-08-21,"2026-08-19","Peaches - Bag",1,7
1923,2026-08-21,"2026-08-19","Extra Credit - Each",16.35,1.06
1923,2026-08-21,"2026-08-19","UCA/KWA",1,79.79
1174,2026-08-21,"2026-08-19","Eggs - BW - Dozen",1,6.5
1174,2026-08-21,"2026-08-19","Mothership Pickup Time (4.0 @5-5:30) - @5-5:30",1,0
1174,2026-08-21,"2026-08-19","Bagels - Blueberry - BU - Bag",1,11.25
1174,2026-08-21,"2026-08-19","Watermelon - Sugar Baby - Each",1,6
1174,2026-08-21,"2026-08-19","Extra Credit - Each",2,1.06
1174,2026-08-21,"2026-08-19","Half",1,84.79
1879,2026-08-21,"2026-08-19","Mothership Pickup Time (3.0 @4:30-5) - @4:30-5",1,0
1879,2026-08-21,"2026-08-19","Curds Applewood Smoked 10 oz - Bag",1,6.75
1879,2026-08-21,"2026-08-19","Ground Beef - D&M - Lb.",1,10.5
1879,2026-08-21,"2026-08-19","Hamburger Buns - 4-pack",1,2.75
1879,2026-08-21,"2026-08-19","Hummus - Garlic - Tub",1,6.75
1879,2026-08-21,"2026-08-19","Extra Credit - Each",0.5,1.06
1879,2026-08-21,"2026-08-19","Mini",1,53.2
727,2026-08-21,"2026-08-19","Milk - Whole - Oz.",1,8.32
727,2026-08-21,"2026-08-19","UCity Pickup Time - @4:10-4:30",1,0
727,2026-08-21,"2026-08-19","Beans - Green - Bag",1,4.25
727,2026-08-21,"2026-08-19","Beef Kabob Meat - Lb.",1,12.75
727,2026-08-21,"2026-08-19","Boneless Pork Chop - D&M /lb - Lb.",1,15.62
727,2026-08-21,"2026-08-19","Eggs - H - Dozen",2,6.5
727,2026-08-21,"2026-08-19","Golden Zucchini - Each",1,1.5
727,2026-08-21,"2026-08-19","Peaches - Bag",1,7
727,2026-08-21,"2026-08-19","Peppers - Red Bell XL - 1-each",1,2.5
727,2026-08-21,"2026-08-19","Ravioli - Mushroom  - Lb.",1,9.15
727,2026-08-21,"2026-08-19","Semolina - Wednesday - Loaf",1,7
727,2026-08-21,"2026-08-19","Tomatoes - Heirloom - Bag",1,8
727,2026-08-21,"2026-08-19","Extra Credit - Each",59.84,1.06
727,2026-08-21,"2026-08-19","UCA/KWA",1,79.79
373,2026-08-21,"2026-08-19","UCity Pickup Time (3.0 @5-5:30) - @5-5:30",1,0
373,2026-08-21,"2026-08-19","Bagels - Everything - BU - Bag",1,11.25
373,2026-08-21,"2026-08-19","Dark Bar 72% - Package",1,3
373,2026-08-21,"2026-08-19","Feta Cheese - HBC - Each",1,6.75
373,2026-08-21,"2026-08-19","Olive Oil Small - ML",1,8.5
373,2026-08-21,"2026-08-19","Extra Credit - Each",0.25,1.06
373,2026-08-21,"2026-08-19","UCA/KWA",1,79.79
1111,2026-08-21,"2026-08-19","Ground Turkey - Pack",1,10.25
1111,2026-08-21,"2026-08-19","Mothership Pickup Time (1.0 @3:30-4) - @3:30-4",1,0
1111,2026-08-21,"2026-08-19","Chicken Breast - Wee  /lb. - Each",1,8.67
1111,2026-08-21,"2026-08-19","Chicken Thighs - Boneless/lb. - lbs",1,10.85
1111,2026-08-21,"2026-08-19","Extra Credit - Each",8.02,1.06
1111,2026-08-21,"2026-08-19","Half",1,84.79
1498,2026-08-21,"2026-08-19","UCity Pickup Time - @4:10-4:30",1,0
1498,2026-08-21,"2026-08-19","Blackberries - Frozen (1.0 Large) - Large",1,10.5
1498,2026-08-21,"2026-08-19","Carrots - Lb.",1,6
1498,2026-08-21,"2026-08-19","Peaches - Bag",1,7
1498,2026-08-21,"2026-08-19","Sweet Corn - 5-pack",1,4
1498,2026-08-21,"2026-08-19","Extra Credit - Each",1.25,1.06
1498,2026-08-21,"2026-08-19","Mini",1,53.2
526,2026-08-21,"2026-08-19","Beef Kabob Meat - Lb.",1,12.75
526,2026-08-21,"2026-08-19","Chicken - Ground - Lb.",1,10.25
526,2026-08-21,"2026-08-19","Semolina - Wednesday - Loaf",1,7
526,2026-08-21,"2026-08-19","Extra Credit - Each",0.75,1.06
526,2026-08-21,"2026-08-19","UCA/KWA",1,79.79
42,2026-08-21,"2026-08-19","Eggs - BW - Dozen",2,6.5
42,2026-08-21,"2026-08-19","Salsa - Black Bean & Corn - Pint",1,5
42,2026-08-21,"2026-08-19","UCity Pickup Time - @4:10-4:30",1,0
42,2026-08-21,"2026-08-19","Peppers - Colored Bell - 3-pack",1,4
42,2026-08-21,"2026-08-19","Salsa - Gringo's Mild - Jar",1,5
42,2026-08-21,"2026-08-19","UCA/KWA",1,79.79
1030,2026-08-21,"2026-08-19","Eggs - BW - Dozen",1,6.5
1030,2026-08-21,"2026-08-19","Bagels - Blueberry - BU - Bag",1,11.25
1030,2026-08-21,"2026-08-19","Bagels - Poppy Seed - BU - Bag",1,11.25
1030,2026-08-21,"2026-08-19","Cantaloupe - Each",1,6.5
1030,2026-08-21,"2026-08-19","Oat Porridge Bread - Wednesday - Loaf",1,9
1030,2026-08-21,"2026-08-19","Peaches - Bag",1,7
1030,2026-08-21,"2026-08-19","Pita Bread - Frozen (1.0 White) - White",1,3.55
1030,2026-08-21,"2026-08-19","Yogurt - Plain - Oz.",1,7.25
1030,2026-08-21,"2026-08-19","Extra Credit - Each",33.05,1.06
1030,2026-08-21,"2026-08-19","UCA/KWA",1,79.79
1448,2026-08-21,"2026-08-19","Eggs - BW - Dozen",1,6.5
1448,2026-08-21,"2026-08-19","Donation to Food Pantry - Each",3,1
1448,2026-08-21,"2026-08-19","Chicken - Thighs /lbs  - lbs",1,9.24
1448,2026-08-21,"2026-08-19","Peaches - Bag",1,7
1448,2026-08-21,"2026-08-19","Sweet Corn - 5-pack",1,4
1448,2026-08-21,"2026-08-19","Extra Credit - Each",3.49,1.06
1448,2026-08-21,"2026-08-19","Mini",1,53.2
145,2026-08-21,"2026-08-19","Eggs - BW - Dozen",1,6.5
145,2026-08-21,"2026-08-19","Mothership Pickup Time (1.0 @3:30-4) - @3:30-4",1,0
145,2026-08-21,"2026-08-19","Beans - Green - Bag",1,4.25
145,2026-08-21,"2026-08-19","Beets - Lb.",1,6.5
145,2026-08-21,"2026-08-19","Golden Zucchini - Each",2,1.5
145,2026-08-21,"2026-08-19","Okra  - Bag",1,6
145,2026-08-21,"2026-08-19","Mini",1,53.2
429,2026-08-21,"2026-08-19","Eggs - BW - Dozen",1,6.5
429,2026-08-21,"2026-08-19","UCity Pickup Time (2.0 @4:30-5) - @4:30-5",1,0
429,2026-08-21,"2026-08-19","Beef Kabob Meat - Lb.",1,12.75
429,2026-08-21,"2026-08-19","Mushrooms - Choice",1,8
429,2026-08-21,"2026-08-19","Olive Oil Small - ML",1,8.5
429,2026-08-21,"2026-08-19","Extra Credit - Each",6.5,1.06
429,2026-08-21,"2026-08-19","UCA/KWA",1,79.79
863,2026-08-21,"2026-08-19","Mothership Pickup Time (1.0 @3:30-4) - @3:30-4",1,0
863,2026-08-21,"2026-08-19","Buttermilk Waffles Sourdough - Frozen - Pack",1,5
863,2026-08-21,"2026-08-19","Eggs - Dozen",1,6.5
863,2026-08-21,"2026-08-19","Maple Syrup 12 oz. - Jar",1,13
863,2026-08-21,"2026-08-19","Pork - Breakfast Bulk - Pack",1,8.5
863,2026-08-21,"2026-08-19","FSA/FSD",1,79.79
190,2026-08-21,"2026-08-19","Mothership Pickup Time (3.0 @4:30-5) - @4:30-5",1,0
190,2026-08-21,"2026-08-19","Cantaloupe - Each",1,6.5
190,2026-08-21,"2026-08-19","Short Ribs/lbs. - lbs",1,29.93
190,2026-08-21,"2026-08-19","Watermelon - Sugar Baby - Each",1,6
190,2026-08-21,"2026-08-19","Yogurt - Plain - Oz.",1,7.25
190,2026-08-21,"2026-08-19","Extra Credit - Each",23.43,1.06
190,2026-08-21,"2026-08-19","Mini",1,53.2
911,2026-08-21,"2026-08-19","Cantaloupe - Each",1,6.5
911,2026-08-21,"2026-08-19","Cheese Choice $6.75 - Each",1,6.75
911,2026-08-21,"2026-08-19","Curds Jalapeno Habanero 10 oz - Bag",1,6.75
911,2026-08-21,"2026-08-19","Mustard - Choice",1,6.5
911,2026-08-21,"2026-08-19","Pork - Bratwurst  - Pack",1,8.5
911,2026-08-21,"2026-08-19","Sale Yogurt - Vanilla best by 8/16 - Oz.",1,6.75
911,2026-08-21,"2026-08-19","Extra Credit - Each",20,1.06
911,2026-08-21,"2026-08-19","Half",1,68.89
962,2026-08-21,"2026-08-19","Mothership Pickup Time (5.0 @5:30-6) - @5:30-6",1,0
962,2026-08-21,"2026-08-19","Aged Cheddar - HBC - Each",1,6.75
962,2026-08-21,"2026-08-19","Cantaloupe - Each",1,6.5
962,2026-08-21,"2026-08-19","Chevre PF (1.0 Herb) - Herb",1,8.5
962,2026-08-21,"2026-08-19","Seedy Wheaty - Frozen - Loaf",1,3.75
962,2026-08-21,"2026-08-19","Extra Credit - Each",3.75,1.06
962,2026-08-21,"2026-08-19","Half",1,84.79
125,2026-08-21,"2026-08-19","Beans - Green - Bag",2,4.25
125,2026-08-21,"2026-08-19","Blackberries - Frozen (1.0 Large) - Large",1,10.5
125,2026-08-21,"2026-08-19","Cabbage - Red - Share",1,5
125,2026-08-21,"2026-08-19","Cantaloupe - Each",1,6.5
125,2026-08-21,"2026-08-19","Eggplant - Globe - Each",1,3
125,2026-08-21,"2026-08-19","Peaches - Bag",1,7
125,2026-08-21,"2026-08-19","Peppers - Sweet Oxhorn - 2-pack",1,3
125,2026-08-21,"2026-08-19","Potatoes - New - Bag",2,5.75
125,2026-08-21,"2026-08-19","Sweet Corn - 5-pack",1,4
125,2026-08-21,"2026-08-19","Tomatoes - Slicing - Bag",1,6.5
125,2026-08-21,"2026-08-19","Extra Credit - Each",36.25,1.06
125,2026-08-21,"2026-08-19","UCA/KWA",1,79.79
256,2026-08-21,"2026-08-19","Mothership Pickup Time (3.0 @4:30-5) - @4:30-5",1,0
256,2026-08-21,"2026-08-19","Eggs - Dozen",1,6.5
256,2026-08-21,"2026-08-19","Ground Beef - D&M - Lb.",1,10.5
256,2026-08-21,"2026-08-19","Hamburger Buns - 4-pack",1,2.75
256,2026-08-21,"2026-08-19","Hummus Choice ($6.75) - Tub",1,6.75
256,2026-08-21,"2026-08-19","Extra Credit - Each",0.25,1.06
256,2026-08-21,"2026-08-19","Mini",1,53.2
235,2026-08-21,"2026-08-19","Ground Turkey - Pack",1,10.25
235,2026-08-21,"2026-08-19","Beans - Green - Bag",1,4.25
235,2026-08-21,"2026-08-19","Cantaloupe - Each",1,6.5
235,2026-08-21,"2026-08-19","Eggs - Dozen",1,6.5
235,2026-08-21,"2026-08-19","Marbled Rye -Wednesday - Loaf",1,8.75
235,2026-08-21,"2026-08-19","Milk Chocolate Bar - Pack",1,3
235,2026-08-21,"2026-08-19","Extra Credit - Each",13,1.06
235,2026-08-21,"2026-08-19","Mini",1,53.2
1512,2026-08-21,"2026-08-19","Eggs - BW - Dozen",1,6.5
1512,2026-08-21,"2026-08-19","UCity Pickup Time (3.0 @5-5:30) - @5-5:30",1,0
1512,2026-08-21,"2026-08-19","Bacon - Each",1,13.5
1512,2026-08-21,"2026-08-19","Curds Applewood Smoked 10 oz - Bag",1,6.75
1512,2026-08-21,"2026-08-19","Extra Credit - Each",5,1.06
1512,2026-08-21,"2026-08-19","Half",1,68.89
356,2026-08-21,"2026-08-19","UCity Pickup Time (3.0 @5-5:30) - @5-5:30",1,0
356,2026-08-21,"2026-08-19","Chicken Breasts /lb. - Pack",1,11.73
356,2026-08-21,"2026-08-19","Eggs - Dozen",1,6.5
356,2026-08-21,"2026-08-19","Ground Beef - D&M - Lb.",1,10.5
356,2026-08-21,"2026-08-19","Extra Credit - Each",2.48,1.06
356,2026-08-21,"2026-08-19","Mini",1,53.2
156,2026-08-21,"2026-08-19","Food for Ferals Donation - $",1,1
156,2026-08-21,"2026-08-19","XO - Cooler Donation - $",1,1
156,2026-08-21,"2026-08-19","Beans - Green - Bag",1,4.25
156,2026-08-21,"2026-08-19","Chevre PF (1.0 Herb) - Herb",1,8.5
156,2026-08-21,"2026-08-19","Marinara Sauce - Jar",1,8.75
156,2026-08-21,"2026-08-19","Peaches - Bag",1,7
156,2026-08-21,"2026-08-19","Extra Credit - Each",8.75,1.06
156,2026-08-21,"2026-08-19","Half",1,84.79
709,2026-08-21,"2026-08-19","Eggs - BW - Dozen",1,6.5
709,2026-08-21,"2026-08-19","Mothership Pickup Time (3.0 @4:30-5) - @4:30-5",1,0
709,2026-08-21,"2026-08-19","Coffee Stringbean Decaf - Bag",1,16
709,2026-08-21,"2026-08-19","Eggs - Dozen",1,6.5
709,2026-08-21,"2026-08-19","Ground Beef - D&M - Lb.",1,10.5
709,2026-08-21,"2026-08-19","Extra Credit - Each",6.5,1.06
709,2026-08-21,"2026-08-19","FSA/FSD",1,79.79
709,2026-08-21,"2026-08-19","Whole MILK",1,8.85
1355,2026-08-21,"2026-08-19","Cheese Choice $6.75 - Each",1,6.75
1355,2026-08-21,"2026-08-19","Mustard - Choice",1,6.5
1355,2026-08-21,"2026-08-19","Pork - Bratwurst  - Pack",1,8.5
1355,2026-08-21,"2026-08-19","Half",1,84.79
1355,2026-08-21,"2026-08-19","Eggs - Buttonwood",3,6.65
1355,2026-08-21,"2026-08-19","Whole MILK-o",1,8.85
1272,2026-08-21,"2026-08-19","Eggs - BW - Dozen",1,6.5
1272,2026-08-21,"2026-08-19","Peanut Butter EW - Pint",1,7.75
1272,2026-08-21,"2026-08-19","Mothership Pickup Time (3.0 @4:30-5) - @4:30-5",1,0
1272,2026-08-21,"2026-08-19","Cantaloupe - Each",1,6.5
1272,2026-08-21,"2026-08-19","Watermelon - Sugar Baby - Each",1,6
1272,2026-08-21,"2026-08-19","Extra Credit - Each",5,1.06
1272,2026-08-21,"2026-08-19","Half",1,84.79
763,2026-08-21,"2026-08-19","Eggs - Dozen",1,6.5
763,2026-08-21,"2026-08-19","Kairos Sourdough Choice $5 - Pack",1,5
763,2026-08-21,"2026-08-19","Maple Syrup 12 oz. - Jar",1,13
763,2026-08-21,"2026-08-19","Pork - Breakfast Bulk - Pack",1,8.5
763,2026-08-21,"2026-08-19","FSA/FSD",1,79.79
598,2026-08-21,"2026-08-19","Ground Beef - D&M - Lb.",1,10.5
598,2026-08-21,"2026-08-19","Hamburger Buns - 4-pack",1,2.75
598,2026-08-21,"2026-08-19","oo'ma'me - Chinese - Jar",1,12.5
598,2026-08-21,"2026-08-19","Mini",1,53.2
423,2026-08-21,"2026-08-19","Mothership Pickup Time (1.0 @3:30-4) - @3:30-4",1,0
423,2026-08-21,"2026-08-19","Cinnamon Rolls - Frozen - Pack",1,6.75
423,2026-08-21,"2026-08-19","Eggs - Dozen",1,6.5
423,2026-08-21,"2026-08-19","Maple Syrup 12 oz. - Jar",1,13
423,2026-08-21,"2026-08-19","Ravioli - 4-Cheese - Lb.",1,9.15
423,2026-08-21,"2026-08-19","Tomatoes - Heirloom - Bag",1,8
423,2026-08-21,"2026-08-19","Tomatoes - Slicing - Bag",1,6.5
423,2026-08-21,"2026-08-19","Extra Credit - Each",16.9,1.06
423,2026-08-21,"2026-08-19","FSA/FSD",1,79.79
1459,2026-08-21,"2026-08-19","Eggs - BW - Dozen",1,6.5
1459,2026-08-21,"2026-08-19","Mothership Pickup Time (3.0 @4:30-5) - @4:30-5",1,0
1459,2026-08-21,"2026-08-19","Aged Cheddar - HBC - Each",1,6.75
1459,2026-08-21,"2026-08-19","Date Chocolate Spread - Jar",1,12
1459,2026-08-21,"2026-08-19","Hummus - Carrot & Ginger - Tub",1,6.75
1459,2026-08-21,"2026-08-19","Popped Corn - Organic - Bag",1,3
1459,2026-08-21,"2026-08-19","Thick Cut Dill Pickles - Quart",1,7.75
1459,2026-08-21,"2026-08-19","Extra Credit - Each",21,1.06
1459,2026-08-21,"2026-08-19","Half",1,84.79
1577,2026-08-21,"2026-08-19","Mothership Pickup Time (5.0 @5:30-6) - @5:30-6",1,0
1577,2026-08-21,"2026-08-19","Cantaloupe - Each",1,6.5
1577,2026-08-21,"2026-08-19","Eggs - Dozen",1,6.5
1577,2026-08-21,"2026-08-19","Garlic - Head - Head",1,1
1577,2026-08-21,"2026-08-19","Ground Beef - D&M - Lb.",1,10.5
1577,2026-08-21,"2026-08-19","Hamburger Buns - 4-pack",1,2.75
1577,2026-08-21,"2026-08-19","Onions - Red  - lbs",1,4
1577,2026-08-21,"2026-08-19","Peaches - Bag",1,7
1577,2026-08-21,"2026-08-19","Peppers - Green/Red Bell - 3-pack",1,2.75
1577,2026-08-21,"2026-08-19","Tomatoes - Slicing - Bag",1,6.5
1577,2026-08-21,"2026-08-19","Extra Credit - Each",16.25,1.06
1577,2026-08-21,"2026-08-19","Mini",1,53.2
1577,2026-08-21,"2026-08-19","Whole MILK",1,8.85
1627,2026-08-21,"2026-08-19","Mothership Pickup Time (5.0 @5:30-6) - @5:30-6",1,0
1627,2026-08-21,"2026-08-19","Chicken Thighs - Boneless/lb. - lbs",1,8.75
1627,2026-08-21,"2026-08-19","Eggplant - Globe - Each",1,3
1627,2026-08-21,"2026-08-19","Eggs - Dozen",1,6.5
1627,2026-08-21,"2026-08-19","Hoagie - Wednesday - Each",1,3.5
1627,2026-08-21,"2026-08-19","Onions - Red  - lbs",1,4
1627,2026-08-21,"2026-08-19","Pork - Breakfast Bulk - Pack",1,8.5
1627,2026-08-21,"2026-08-19","Extra Credit - Each",1.25,1.06
1627,2026-08-21,"2026-08-19","FSA/FSD",1,79.79
1537,2026-08-21,"2026-08-19","Milk - Whole - Oz.",1,8.32
1537,2026-08-21,"2026-08-19","Half & Half - Pint",1,4.75
1537,2026-08-21,"2026-08-19","Cantaloupe - Each",1,6.5
1537,2026-08-21,"2026-08-19","Golden Zucchini - Each",1,1.5
1537,2026-08-21,"2026-08-19","Peaches - Bag",1,7
1537,2026-08-21,"2026-08-19","Peppers - Red Bell XL - 1-each",1,2.5
1537,2026-08-21,"2026-08-19","Potatoes - New - Bag",1,5.75
1537,2026-08-21,"2026-08-19","Squash - Summer - Each",1,3
1537,2026-08-21,"2026-08-19","Watermelon - Sugar Baby - Each",2,6
1537,2026-08-21,"2026-08-19","Extra Credit - Each",51.32,1.06
322,2026-08-21,"2026-08-19","Beef Kabob Meat - Lb.",1,12.75
322,2026-08-21,"2026-08-19","Eggs - H - Dozen",1,6.5
322,2026-08-21,"2026-08-19","Garlic - Head - Head",2,1
322,2026-08-21,"2026-08-19","Mushrooms - Choice",1,8
322,2026-08-21,"2026-08-19","UCA/KWA",1,79.79
563,2026-08-21,"2026-08-19","Beef Kabob Meat - Lb.",1,12.75
563,2026-08-21,"2026-08-19","Mushrooms - Choice",1,8
563,2026-08-21,"2026-08-19","Olive Oil Small - ML",1,8.5
563,2026-08-21,"2026-08-19","UCA/KWA",1,79.79
681,2026-08-21,"2026-08-19","Beef Kabob Meat - Lb.",1,12.75
681,2026-08-21,"2026-08-19","Mushrooms - Choice",1,8
681,2026-08-21,"2026-08-19","Olive Oil Small - ML",1,8.5
681,2026-08-21,"2026-08-19","UCA/KWA",1,79.79
430,2026-08-21,"2026-08-19","UCity Pickup Time (2.0 @4:30-5) - @4:30-5",1,0
430,2026-08-21,"2026-08-19","Bagels - Sesame Seed - BU - Bag",1,11.25
430,2026-08-21,"2026-08-19","Chevre PF (1.0 Plain) - Plain",1,8.5
430,2026-08-21,"2026-08-19","Curds Garlic Herb HBC 10 oz  - Bag",1,6.75
430,2026-08-21,"2026-08-19","FF Dish - Saag Paneer - Pint",1,13.5
430,2026-08-21,"2026-08-19","Lamb Gyro Seasoned - Lb.",1,18
430,2026-08-21,"2026-08-19","Pasta Long Bi-color - Lb.",1,6.5
430,2026-08-21,"2026-08-19","Extra Credit - Each",42.75,1.06
430,2026-08-21,"2026-08-19","Half",1,84.79
1048,2026-08-21,"2026-08-19","UCity Pickup Time - @4:10-4:30",1,0
1048,2026-08-21,"2026-08-19","Chicken - Thighs /lbs  - lbs",2,8.22
1048,2026-08-21,"2026-08-19","Golden Zucchini - Each",1,1.5
1048,2026-08-21,"2026-08-19","Okra  - Bag",1,6
1048,2026-08-21,"2026-08-19","Onions - Red  - lbs",1,4
1048,2026-08-21,"2026-08-19","Tomatoes - Slicing - Bag",1,6.5
1048,2026-08-21,"2026-08-19","Extra Credit - Each",5.19,1.06
1048,2026-08-21,"2026-08-19","UCA/KWA",1,79.79
1255,2026-08-21,"2026-08-19","Eggs - BW - Dozen",1,6.5
1255,2026-08-21,"2026-08-19","Mothership Pickup Time (4.0 @5-5:30) - @5-5:30",1,0
1255,2026-08-21,"2026-08-19","Cabbage - Red - Share",1,5
1255,2026-08-21,"2026-08-19","Cucumbers - Slicing - Each",1,2
1255,2026-08-21,"2026-08-19","Ground Beef - D&M - Lb.",1,10.5
1255,2026-08-21,"2026-08-19","Hummus - Carrot & Ginger - Tub",1,6.75
1255,2026-08-21,"2026-08-19","Extra Credit - Each",4.5,1.06
1255,2026-08-21,"2026-08-19","Mini",1,53.2
1255,2026-08-21,"2026-08-19","2% MILK",1,8.85
1255,2026-08-21,"2026-08-19","Half & Half",1,5.05
1162,2026-08-21,"2026-08-19","Mothership Pickup Time (1.0 @3:30-4) - @3:30-4",1,0
1162,2026-08-21,"2026-08-19","Beans - Green - Bag",1,4.25
1162,2026-08-21,"2026-08-19","Hummus - Garlic - Tub",1,6.75
1162,2026-08-21,"2026-08-19","Peppers - Banana - 4-pack",1,4.25
1162,2026-08-21,"2026-08-19","Peppers - Shishitos - Bag",1,7
1162,2026-08-21,"2026-08-19","Sweet Corn - 5-pack",1,4
1162,2026-08-21,"2026-08-19","Mini",1,53.2
465,2026-08-21,"2026-08-19","Beans - Green - Bag",1,4.25
465,2026-08-21,"2026-08-19","Ground Beef - D&M - Lb.",1,10.5
465,2026-08-21,"2026-08-19","Hamburger Buns - 4-pack",1,2.75
465,2026-08-21,"2026-08-19","Potatoes - New - Bag",1,5.75
465,2026-08-21,"2026-08-19","Watermelon - Sugar Baby - Each",1,6
465,2026-08-21,"2026-08-19","Extra Credit - Each",3,1.06
465,2026-08-21,"2026-08-19","Mini",1,53.2
162,2026-08-21,"2026-08-19","Beef Bones - Knuckle/lb. - lbs",2,17.28
162,2026-08-21,"2026-08-19","UCity Pickup Time (3.0 @5-5:30) - @5-5:30",1,0
162,2026-08-21,"2026-08-19","Golden Zucchini - Each",1,1.5
162,2026-08-21,"2026-08-19","Ground Beef - D&M - Lb.",1,10.5
162,2026-08-21,"2026-08-19","Janie's Bread - Wednesday - Each",1,7
162,2026-08-21,"2026-08-19","Pork - Bratwurst  - Pack",1,8.5
162,2026-08-21,"2026-08-19","Squash - Zucchini - Each",1,3
162,2026-08-21,"2026-08-19","Tomatoes - Heirloom - Bag",1,8
162,2026-08-21,"2026-08-19","Extra Credit - Each",51.31,1.06
162,2026-08-21,"2026-08-19","Half",1,84.79
1735,2026-08-21,"2026-08-19","UCity Pickup Time (2.0 @4:30-5) - @4:30-5",1,0
1735,2026-08-21,"2026-08-19","Bagels - Plain - BU - Bag",1,11.25
1735,2026-08-21,"2026-08-19","Mushrooms - Choice",1,8
1735,2026-08-21,"2026-08-19","Olive Oil Small - ML",1,8.5
1735,2026-08-21,"2026-08-19","Tomatoes - Heirloom - Bag",1,8
1735,2026-08-21,"2026-08-19","Extra Credit - Each",6.5,1.06
1735,2026-08-21,"2026-08-19","UCA/KWA",1,79.79
627,2026-08-21,"2026-08-19","UCity Pickup Time - @4:10-4:30",1,0
627,2026-08-21,"2026-08-19","Eggs - Dozen",1,6.5
627,2026-08-21,"2026-08-19","Ground Beef - D&M - Lb.",1,10.5
627,2026-08-21,"2026-08-19","Hamburger Buns - 4-pack",1,2.75
627,2026-08-21,"2026-08-19","Hummus - Beet & Pepita - Tub",1,6.75
627,2026-08-21,"2026-08-19","Extra Credit - Each",0.25,1.06
627,2026-08-21,"2026-08-19","Mini",1,53.2
1014,2026-08-21,"2026-08-19","UCity Pickup Time - @4:10-4:30",1,0
1014,2026-08-21,"2026-08-19","Aged Cheddar - HBC - Each",2,6.75
1014,2026-08-21,"2026-08-19","Garlic - Head - Head",3,1
1014,2026-08-21,"2026-08-19","Leeks - Bunch",1,6
1014,2026-08-21,"2026-08-19","Peaches - Bag",1,7
1014,2026-08-21,"2026-08-19","Peppers - Lunchbox - Bag",1,7
1014,2026-08-21,"2026-08-19","Squash - Zucchini - Each",1,3
1014,2026-08-21,"2026-08-19","Sweet Corn - 5-pack",1,4
1014,2026-08-21,"2026-08-19","Extra Credit - Each",17.25,1.06
1014,2026-08-21,"2026-08-19","Mini",1,53.2
1014,2026-08-21,"2026-08-19","Eggs - Buttonwood",1,6.65
1427,2026-08-21,"2026-08-19","Ground Turkey - Pack",1,10.25
1427,2026-08-21,"2026-08-19","Cucumbers - Pickling - Bag",2,3.5
1427,2026-08-21,"2026-08-19","Eggs - BW - Dozen",2,6.5
1427,2026-08-21,"2026-08-19","Mothership Pickup Time (1.0 @3:30-4) - @3:30-4",1,0
1427,2026-08-21,"2026-08-19","Beans - Green - Bag",1,4.25
1427,2026-08-21,"2026-08-19","Cantaloupe - Each",1,6.5
1427,2026-08-21,"2026-08-19","Chicken - Ground - Lb.",1,10.25
1427,2026-08-21,"2026-08-19","Curds Garlic Herb HBC 10 oz  - Bag",1,6.75
1427,2026-08-21,"2026-08-19","Peaches - Bag",1,7
1427,2026-08-21,"2026-08-19","Peppers - Jalapenos - 5-pack",1,3.5
1427,2026-08-21,"2026-08-19","Tomatoes - Slicing - Bag",1,6.5
1427,2026-08-21,"2026-08-19","Extra Credit - Each",48.75,1.06
554,2026-08-21,"2026-08-19","Eggs - Dozen",1,6.5
554,2026-08-21,"2026-08-19","Ground Beef - D&M - Lb.",1,10.5
554,2026-08-21,"2026-08-19","Hamburger Buns - 4-pack",1,2.75
554,2026-08-21,"2026-08-19","Hummus Choice ($6.75) - Tub",1,6.75
554,2026-08-21,"2026-08-19","Mini",1,53.2
240,2026-08-21,"2026-08-19","Mothership Pickup Time (1.0 @3:30-4) - @3:30-4",1,0
240,2026-08-21,"2026-08-19","Ground Beef - D&M - Lb.",1,10.5
240,2026-08-21,"2026-08-19","Hamburger Buns - Frozen - 4-pack",1,2.75
240,2026-08-21,"2026-08-19","Onions - Yellow - lbs",1,3.5
240,2026-08-21,"2026-08-19","Peaches - Bag",2,7
240,2026-08-21,"2026-08-19","Tomatoes - Slicing - Bag",1,6.5
240,2026-08-21,"2026-08-19","Extra Credit - Each",4.25,1.06
240,2026-08-21,"2026-08-19","FSA/FSD",1,79.79
751,2026-08-21,"2026-08-19","Jam - Red Cherry HBY - Pint",1,7.75
751,2026-08-21,"2026-08-19","Mothership Pickup Time (4.0 @5-5:30) - @5-5:30",1,0
751,2026-08-21,"2026-08-19","Cucumbers - Slicing - Each",1,2
751,2026-08-21,"2026-08-19","Eggs - Dozen",1,6.5
751,2026-08-21,"2026-08-19","Golden Zucchini - Each",1,1.5
751,2026-08-21,"2026-08-19","Peppers - Lunchbox - Bag",1,7
751,2026-08-21,"2026-08-19","Peppers - Red Bell XL - 1-each",1,2.5
751,2026-08-21,"2026-08-19","Tomatoes - Funky Bunch - Pint",1,7
751,2026-08-21,"2026-08-19","Extra Credit - Each",1.25,1.06
751,2026-08-21,"2026-08-19","FSA/FSD",1,79.79
952,2026-08-21,"2026-08-19","Eggs - Dozen",1,6.5
952,2026-08-21,"2026-08-19","Kairos Sourdough Choice $5 - Pack",1,5
952,2026-08-21,"2026-08-19","Maple Syrup 12 oz. - Jar",1,13
952,2026-08-21,"2026-08-19","Pork - Breakfast Bulk - Pack",1,8.5
952,2026-08-21,"2026-08-19","FSA/FSD",1,79.79
107,2026-08-21,"2026-08-19","UCity Pickup Time - @4:10-4:30",1,0
107,2026-08-21,"2026-08-19","Eggs - Dozen",1,6.5
107,2026-08-21,"2026-08-19","Ground Beef - D&M - Lb.",1,10.5
107,2026-08-21,"2026-08-19","Hamburger Buns - 4-pack",1,2.75
107,2026-08-21,"2026-08-19","Hummus Choice ($6.75) - Tub",1,6.75
107,2026-08-21,"2026-08-19","Extra Credit - Each",0.25,1.06
107,2026-08-21,"2026-08-19","Mini",1,53.2
1143,2026-08-21,"2026-08-19","UCity Pickup Time (3.0 @5-5:30) - @5-5:30",1,0
1143,2026-08-21,"2026-08-19","Black Bean Dip - Tub",1,6.5
1143,2026-08-21,"2026-08-19","Mushrooms - Choice",1,8
1143,2026-08-21,"2026-08-19","Tomatoes - Funky Bunch - Pint",1,7
1143,2026-08-21,"2026-08-19","Tomatoes - Heirloom - Bag",1,8
1143,2026-08-21,"2026-08-19","Extra Credit - Each",0.25,1.06
1143,2026-08-21,"2026-08-19","UCA/KWA",1,79.79
227,2026-08-21,"2026-08-19","UCity Pickup Time (2.0 @4:30-5) - @4:30-5",1,0
227,2026-08-21,"2026-08-19","Bagels - Egg - BU - Bag",1,11.25
227,2026-08-21,"2026-08-19","Buttermilk Waffles Sourdough - Frozen - Pack",1,5
227,2026-08-21,"2026-08-19","German Quark HBC - Jar",1,6.75
227,2026-08-21,"2026-08-19","Pasta Long Bi-color - Lb.",1,6.5
227,2026-08-21,"2026-08-19","Peaches - Bag",1,7
227,2026-08-21,"2026-08-19","Extra Credit - Each",7.25,1.06
227,2026-08-21,"2026-08-19","UCA/KWA",1,79.79
1689,2026-08-21,"2026-08-19","UCity Pickup Time (2.0 @4:30-5) - @4:30-5",1,0
1689,2026-08-21,"2026-08-19","Beans - Green - Bag",1,4.25
1689,2026-08-21,"2026-08-19","Golden Zucchini - Each",1,1.5
1689,2026-08-21,"2026-08-19","Granola Bar - Each",1,3.8
1689,2026-08-21,"2026-08-19","Ground Beef - D&M - Lb.",1,10.5
1689,2026-08-21,"2026-08-19","Hamburger Buns - 4-pack",1,2.75
1689,2026-08-21,"2026-08-19","Onions - Red  - lbs",1,4
1689,2026-08-21,"2026-08-19","Peppers - Carmen - 2-pack",1,3
1689,2026-08-21,"2026-08-19","Potatoes - New - Bag",1,5.75
1689,2026-08-21,"2026-08-19","Semolina - Wednesday - Loaf",1,7
1689,2026-08-21,"2026-08-19","Extra Credit - Each",16.3,1.06
1689,2026-08-21,"2026-08-19","Mini",1,53.2
418,2026-08-21,"2026-08-19","UCity Pickup Time (2.0 @4:30-5) - @4:30-5",1,0
418,2026-08-21,"2026-08-19","Applewood Smoked Cheddar - Each",1,6.75
418,2026-08-21,"2026-08-19","Bagels - Plain - BU - Bag",1,11.25
418,2026-08-21,"2026-08-19","Bagels - Sesame Seed - BU - Bag",1,11.25
418,2026-08-21,"2026-08-19","Chicken Thighs - Boneless/lb. - lbs",1,10.5
418,2026-08-21,"2026-08-19","Pretzel - UL Wednesday - Each",1,3.75
418,2026-08-21,"2026-08-19","Extra Credit - Each",17.25,1.06
418,2026-08-21,"2026-08-19","Mini",1,53.2
1407,2026-08-21,"2026-08-19","Ground Turkey - Pack",1,10.25
1407,2026-08-21,"2026-08-19","Milk - 2%  - Oz.",2,8.32
1407,2026-08-21,"2026-08-19","Cucumbers - Pickling - Bag",2,3.5
1407,2026-08-21,"2026-08-19","Eggs - BW - Dozen",2,6.5
1407,2026-08-21,"2026-08-19","Food For FS Cats Donation - $",1,1
1407,2026-08-21,"2026-08-19","Aged Cheddar - HBC - Each",1,6.75
1407,2026-08-21,"2026-08-19","Cabbage - Red - Share",1,5
1407,2026-08-21,"2026-08-19","Cantaloupe - Each",1,6.5
1407,2026-08-21,"2026-08-19","Chicken Breasts /lb. - Pack",1,12.58
1407,2026-08-21,"2026-08-19","Chicken Thighs - Boneless/lb. - lbs",1,9.8
1407,2026-08-21,"2026-08-19","Eggplant - Globe - Each",1,3
1407,2026-08-21,"2026-08-19","Peppers - Lunchbox - Bag",1,7
1407,2026-08-21,"2026-08-19","Sweet Corn - 5-pack",1,4
1407,2026-08-21,"2026-08-19","Extra Credit - Each",102.52,1.06
959,2026-08-21,"2026-08-19","Chicken - BULK Breasts /lb. - Pack",1,8.25
959,2026-08-21,"2026-08-19","Mothership Pickup Time (2.0 @4-4:30) - @4-4:30",1,0
959,2026-08-21,"2026-08-19","Eggs - Dozen",1,6.5
959,2026-08-21,"2026-08-19","Kairos Sourdough Choice $5 - Pack",1,5
959,2026-08-21,"2026-08-19","Peaches - Bag",1,7
959,2026-08-21,"2026-08-19","Tomatoes - Slicing - Bag",1,6.5
959,2026-08-21,"2026-08-19","Extra Credit - Each",0.25,1.06
959,2026-08-21,"2026-08-19","FSA/FSD",1,79.79
883,2026-08-21,"2026-08-19","Mothership Pickup Time (6.0 @6-6:30) - @6-6:30",1,0
883,2026-08-21,"2026-08-19","Chicken Breasts /lb. - Pack",1,12.24
883,2026-08-21,"2026-08-19","Ground Beef - D&M - Lb.",1,10.5
883,2026-08-21,"2026-08-19","Peppers - Jalapenos - 5-pack",1,3.5
883,2026-08-21,"2026-08-19","Potatoes - Fingerling - lbs",1,7
883,2026-08-21,"2026-08-19","Extra Credit - Each",6.99,1.06
883,2026-08-21,"2026-08-19","Mini",1,53.2
976,2026-08-21,"2026-08-19","Light and Mild - Wednesday - Loaf",1,8.25
976,2026-08-21,"2026-08-19","Onions - Red  - lbs",1,4
976,2026-08-21,"2026-08-19","Peppers - Colored Bell - 3-pack",1,4
976,2026-08-21,"2026-08-19","Tomatillos  - Bag",1,4.75
976,2026-08-21,"2026-08-19","Half",1,84.79
866,2026-08-21,"2026-08-19","Eggs - BW - Dozen",1,6.5
866,2026-08-21,"2026-08-19","UCity Pickup Time - @4:10-4:30",1,0
866,2026-08-21,"2026-08-19","Beans - Green - Bag",1,4.25
866,2026-08-21,"2026-08-19","Light and Mild - Wednesday - Loaf",1,8.25
866,2026-08-21,"2026-08-19","Okra  - Bag",1,6
866,2026-08-21,"2026-08-19","Extra Credit - Each",3.25,1.06
866,2026-08-21,"2026-08-19","Half",1,84.79
1871,2026-08-21,"2026-08-20","Mothership Pickup Time (3.0 @4:30-5) - @4:30-5",1,0
1871,2026-08-21,"2026-08-20","Curds Taco Spice 10 oz - Bag",1,6.75
1871,2026-08-21,"2026-08-20","Ground Beef - D&M - Lb.",1,10.5
1871,2026-08-21,"2026-08-20","Mustard (1.0 Honey) - Honey",1,6.5
1871,2026-08-21,"2026-08-20","Extra Credit - Each",2,1.06
1871,2026-08-21,"2026-08-20","Half",1,84.79
1217,2026-08-21,"2026-08-20","Cucumbers - Pickling - Bag",2,3.5
1217,2026-08-21,"2026-08-20","Kirkwood Pickup Time (2.0 @1:30-2) - @1:30-2",1,0
1217,2026-08-21,"2026-08-20","Beets - Lb.",1,6.5
1217,2026-08-21,"2026-08-20","Eggs - Dozen",1,6.5
1217,2026-08-21,"2026-08-20","Eggs - H - Dozen",1,6.5
1217,2026-08-21,"2026-08-20","Ground Beef - D&M - Lb.",1,10.5
1217,2026-08-21,"2026-08-20","Hamburger Buns - 4-pack",1,2.75
1217,2026-08-21,"2026-08-20","Hummus - Carrot & Ginger - Tub",1,6.75
1217,2026-08-21,"2026-08-20","Leeks - Bunch",1,6
1217,2026-08-21,"2026-08-20","Vinaigrette - Greek Style - Bottle",1,6.25
1217,2026-08-21,"2026-08-20","Extra Credit - Each",32.5,1.06
1217,2026-08-21,"2026-08-20","Mini",1,53.2
1891,2026-08-21,"2026-08-20","Kirkwood Pickup Time (2.0 @1:30-2) - @1:30-2",1,0
1891,2026-08-21,"2026-08-20","Mushrooms - Choice",1,8
1891,2026-08-21,"2026-08-20","Oat Porridge Bread - T - Each",1,9
1891,2026-08-21,"2026-08-20","Okra  - Bag",1,6
1891,2026-08-21,"2026-08-20","Peaches - Bag",1,7
1891,2026-08-21,"2026-08-20","Extra Credit - Each",0.75,1.06
1891,2026-08-21,"2026-08-20","UCA/KWA",1,79.79
1196,2026-08-21,"2026-08-20","Kirkwood Pickup Time - @1-1:30",1,0
1196,2026-08-21,"2026-08-20","Cantaloupe - Each",1,6.5
1196,2026-08-21,"2026-08-20","Eggs - Dozen",1,6.5
1196,2026-08-21,"2026-08-20","Granola Bar - Each",1,3.8
1196,2026-08-21,"2026-08-20","Peaches - Bag",1,7
1196,2026-08-21,"2026-08-20","Popped Corn - Organic - Bag",1,3
1196,2026-08-21,"2026-08-20","Mini",1,53.2
192,2026-08-21,"2026-08-20","Kirkwood Pickup Time - @1-1:30",1,0
192,2026-08-21,"2026-08-20","Chicken Links - Sundried Tomato - lbs",1,10.5
192,2026-08-21,"2026-08-20","Eggs - Dozen",1,6.5
192,2026-08-21,"2026-08-20","Hoagie - T - Each",1,3.5
192,2026-08-21,"2026-08-20","Pork - Brats Cheddar DM - 4-pack",1,8.5
192,2026-08-21,"2026-08-20","Mini",1,53.2
192,2026-08-21,"2026-08-20","2% MILK",1,8.85
1977,2026-08-21,"2026-08-20","Mothership Pickup Time (1.0 @3:30-4) - @3:30-4",1,0
1977,2026-08-21,"2026-08-20","Ground Beef - D&M - Lb.",2,10.5
1977,2026-08-21,"2026-08-20","Sweet Corn - 5-pack",1,4
1977,2026-08-21,"2026-08-20","Extra Credit - Each",3.25,1.06
1977,2026-08-21,"2026-08-20","Half",1,84.79
618,2026-08-21,"2026-08-20","Eggs - BW - Dozen",1,6.5
618,2026-08-21,"2026-08-20","Mothership Pickup Time (4.0 @5-5:30) - @5-5:30",1,0
618,2026-08-21,"2026-08-20","Bagels - Sesame Seed - BU - Bag",2,11.25
618,2026-08-21,"2026-08-20","Beans - Green - Bag",1,4.25
618,2026-08-21,"2026-08-20","Hummus - Beet & Pepita - Tub",1,6.75
618,2026-08-21,"2026-08-20","Peaches - Bag",1,7
618,2026-08-21,"2026-08-20","Seedy Wheaty - Frozen - Loaf",1,3.75
618,2026-08-21,"2026-08-20","Sweet Corn - 5-pack",1,4
618,2026-08-21,"2026-08-20","Yogurt - Vanilla - Oz.",1,7.25
618,2026-08-21,"2026-08-20","Extra Credit - Each",35.75,1.06
618,2026-08-21,"2026-08-20","Mini",1,53.2
228,2026-08-21,"2026-08-20","Mothership Pickup Time (1.0 @3:30-4) - @3:30-4",1,0
228,2026-08-21,"2026-08-20","Blackberries - Frozen (1.0 Large) - Large",1,10.5
228,2026-08-21,"2026-08-20","Eggs - Dozen",1,6.5
228,2026-08-21,"2026-08-20","Ground Beef - D&M - Lb.",1,10.5
228,2026-08-21,"2026-08-20","Hamburger Buns - 4-pack",1,2.75
228,2026-08-21,"2026-08-20","Hummus - Carrot & Ginger - Tub",1,6.75
228,2026-08-21,"2026-08-20","Extra Credit - Each",10.75,1.06
228,2026-08-21,"2026-08-20","Mini",1,53.2
1075,2026-08-21,"2026-08-20","Ground Turkey - Pack",1,10.25
1075,2026-08-21,"2026-08-20","Kirkwood Pickup Time - @1-1:30",1,0
1075,2026-08-21,"2026-08-20","Fresh Herb - Basil - Bunch",2,4
1075,2026-08-21,"2026-08-20","Pork - Bratwurst  - Pack",1,8.5
1075,2026-08-21,"2026-08-20","Pork Italian Bulk - D&M - Lb.",1,8.5
1075,2026-08-21,"2026-08-20","Extra Credit - Each",8.5,1.06
1075,2026-08-21,"2026-08-20","Half",1,84.79
1075,2026-08-21,"2026-08-20","2% MILK-o",1,8.85
1489,2026-08-21,"2026-08-20","Eggs - BW - Dozen",1,6.5
1489,2026-08-21,"2026-08-20","Eggplant - Globe - Each",2,3
1489,2026-08-21,"2026-08-20","Hoagie - T - Each",1,3.5
1489,2026-08-21,"2026-08-20","Pork - Ground  - Lb.",1,7.5
1489,2026-08-21,"2026-08-20","Extra Credit - Each",1.75,1.06
1489,2026-08-21,"2026-08-20","Half",1,84.79
1386,2026-08-21,"2026-08-20","Kirkwood Pickup Time - @1-1:30",1,0
1386,2026-08-21,"2026-08-20","Beans - Green - Bag",1,4.25
1386,2026-08-21,"2026-08-20","Onions - Red  - lbs",1,4
1386,2026-08-21,"2026-08-20","Semolina - T - Loaf",1,7
1386,2026-08-21,"2026-08-20","Tomatoes - Heirloom - Bag",1,8
1386,2026-08-21,"2026-08-20","Tomatoes - Slicing - Bag",1,6.5
1386,2026-08-21,"2026-08-20","Extra Credit - Each",0.5,1.06
1386,2026-08-21,"2026-08-20","UCA/KWA",1,79.79
1488,2026-08-21,"2026-08-20","Kirkwood Pickup Time - @1-1:30",1,0
1488,2026-08-21,"2026-08-20","Ham Hocks/lb. - Pack",1,19.04
1488,2026-08-21,"2026-08-20","Milk Chocolate Toasted Missouri Pecan Bark - Package",1,7.5
1488,2026-08-21,"2026-08-20","Rice - White - Lb.",1,6.5
1488,2026-08-21,"2026-08-20","Yogurt - Plain - Oz.",1,7.25
1488,2026-08-21,"2026-08-20","Extra Credit - Each",11.04,1.06
1488,2026-08-21,"2026-08-20","UCA/KWA",1,79.79
1488,2026-08-21,"2026-08-20","2% MILK",1,8.85
566,2026-08-21,"2026-08-20","Cheese Choice $6.75 - Each",1,6.75
566,2026-08-21,"2026-08-20","Mustard - Choice",1,6.5
566,2026-08-21,"2026-08-20","Pork - Bratwurst  - Pack",1,8.5
566,2026-08-21,"2026-08-20","Half",1,84.79
287,2026-08-21,"2026-08-20","Mothership Pickup Time (4.0 @5-5:30) - @5-5:30",1,0
287,2026-08-21,"2026-08-20","Eggs - Dozen",1,6.5
287,2026-08-21,"2026-08-20","Kairos Sourdough Choice $5 - Pack",1,5
287,2026-08-21,"2026-08-20","Maple Syrup 12 oz. - Jar",1,13
287,2026-08-21,"2026-08-20","Pork - Breakfast Bulk - Pack",1,8.5
287,2026-08-21,"2026-08-20","FSA/FSD",1,79.79
685,2026-08-21,"2026-08-20","Kirkwood Pickup Time - @1-1:30",1,0
685,2026-08-21,"2026-08-20","Cabbage - Red - Share",1,5
685,2026-08-21,"2026-08-20","Cantaloupe - Each",1,6.5
685,2026-08-21,"2026-08-20","Golden Zucchini - Each",1,1.5
685,2026-08-21,"2026-08-20","Janie's Bread - Thursday - Each",1,7
685,2026-08-21,"2026-08-20","Mushrooms - Choice",1,8
685,2026-08-21,"2026-08-20","UCA/KWA",1,79.79
1671,2026-08-21,"2026-08-20","Mothership Pickup Time (5.0 @5:30-6) - @5:30-6",1,0
1671,2026-08-21,"2026-08-20","Ground Beef - D&M - Lb.",1,10.5
1671,2026-08-21,"2026-08-20","Hummus - Garlic - Tub",1,6.75
1671,2026-08-21,"2026-08-20","Peppers - Jalapenos - 5-pack",1,3.5
1671,2026-08-21,"2026-08-20","Semolina - T - Loaf",1,7
1671,2026-08-21,"2026-08-20","Extra Credit - Each",1.5,1.06
1671,2026-08-21,"2026-08-20","Mini",1,53.2
501,2026-08-21,"2026-08-20","Cinnamon Raisin Bread - 1-each",1,6.75
501,2026-08-21,"2026-08-20","Eggs - Dozen",1,6.5
501,2026-08-21,"2026-08-20","Ground Beef - D&M - Lb.",1,10.5
501,2026-08-21,"2026-08-20","Hamburger Buns - 4-pack",1,2.75
501,2026-08-21,"2026-08-20","Hummus Choice ($6.75) - Tub",1,6.75
501,2026-08-21,"2026-08-20","Peaches - Bag",1,7
501,2026-08-21,"2026-08-20","Extra Credit - Each",14,1.06
501,2026-08-21,"2026-08-20","Mini",1,53.2
467,2026-08-21,"2026-08-20","Almonds - Salted - Oz.",1,14.75
467,2026-08-21,"2026-08-20","Eggs - BW - Dozen",1,6.5
467,2026-08-21,"2026-08-20","Beans - Green - Bag",2,4.25
467,2026-08-21,"2026-08-20","Sweet Corn - 5-pack",1,4
467,2026-08-21,"2026-08-20","Extra Credit - Each",7.5,1.06
467,2026-08-21,"2026-08-20","Mini",1,53.2
32,2026-08-21,"2026-08-20","Cucumbers - Pickling - Bag",1,3.5
32,2026-08-21,"2026-08-20","Half & Half - Pint",1,4.75
32,2026-08-21,"2026-08-20","Carrots - Lb.",1,6
32,2026-08-21,"2026-08-20","Eggs - Dozen",1,6.5
32,2026-08-21,"2026-08-20","Ground Beef - D&M - Lb.",1,10.5
32,2026-08-21,"2026-08-20","Hamburger Buns - 4-pack",1,2.75
32,2026-08-21,"2026-08-20","Hummus Choice ($6.75) - Tub",1,6.75
32,2026-08-21,"2026-08-20","Milk Chocolate Bar - Pack",1,3
32,2026-08-21,"2026-08-20","Extra Credit - Each",17.5,1.06
32,2026-08-21,"2026-08-20","Mini",1,53.2
31,2026-08-21,"2026-08-20","Eggs - BW - Dozen",2,6.5
31,2026-08-21,"2026-08-20","Mothership Pickup Time (2.0 @4-4:30) - @4-4:30",1,0
31,2026-08-21,"2026-08-20","XO! Green Bags Donation - $",1,1
31,2026-08-21,"2026-08-20","Aged Cheddar - HBC - Each",1,6.75
31,2026-08-21,"2026-08-20","Cantaloupe - Each",1,6.5
31,2026-08-21,"2026-08-20","Half",1,64.79
31,2026-08-21,"2026-08-20","2% MILK",0,8.85
1102,2026-08-21,"2026-08-20","Eggs - BW - Dozen",1,6.5
1102,2026-08-21,"2026-08-20","Mothership Pickup Time (5.0 @5:30-6) - @5:30-6",1,0
1102,2026-08-21,"2026-08-20","Aged Cheddar - HBC - Each",1,6.75
1102,2026-08-21,"2026-08-20","Cantaloupe - Each",1,6.5
1102,2026-08-21,"2026-08-20","Eggs - H - Dozen",1,6.5
1102,2026-08-21,"2026-08-20","Hoagie - T - Each",1,3.5
1102,2026-08-21,"2026-08-20","Peaches - Bag",1,7
1102,2026-08-21,"2026-08-20","Peppers - Colored Bell - 3-pack",1,4
1102,2026-08-21,"2026-08-20","Sesame Hoagie - T - Each",1,3.8
1102,2026-08-21,"2026-08-20","Watermelon - Sugar Baby - Each",1,6
1102,2026-08-21,"2026-08-20","Yogurt - Strawberry - Oz.",1,7.25
1102,2026-08-21,"2026-08-20","Extra Credit - Each",36.05,1.06
1102,2026-08-21,"2026-08-20","Half",1,84.79
1857,2026-08-21,"2026-08-20","Mothership Pickup Time (4.0 @5-5:30) - @5-5:30",1,0
1857,2026-08-21,"2026-08-20","Beans - Green - Bag",1,4.25
1857,2026-08-21,"2026-08-20","Carrots - Lb.",1,6
1857,2026-08-21,"2026-08-20","Cinnamon Raisin Bread - 1-each",1,6.75
1857,2026-08-21,"2026-08-20","Eggs - H - Dozen",2,6.5
1857,2026-08-21,"2026-08-20","Ground Beef - D&M - Lb.",1,10.5
1857,2026-08-21,"2026-08-20","Hoagie - T - Each",1,3.5
1857,2026-08-21,"2026-08-20","Hummus - Garlic - Tub",1,6.75
1857,2026-08-21,"2026-08-20","Extra Credit - Each",17.75,1.06
1857,2026-08-21,"2026-08-20","FSA/FSD",1,79.79
1131,2026-08-21,"2026-08-20","Eggs - BW - Dozen",1,6.5
1131,2026-08-21,"2026-08-20","Apple Sauce - Chunky - NS - Quart",1,7.75
1131,2026-08-21,"2026-08-20","Pork Breakfast Patties D&M - Pack",1,8.5
1131,2026-08-21,"2026-08-20","Extra Credit - Each",1,1.06
1131,2026-08-21,"2026-08-20","Half",1,84.79
1622,2026-08-21,"2026-08-20","Eggs - Dozen",1,6.5
1622,2026-08-21,"2026-08-20","Ground Beef - D&M - Lb.",1,10.5
1622,2026-08-21,"2026-08-20","Hamburger Buns - 4-pack",1,2.75
1622,2026-08-21,"2026-08-20","Hummus Choice ($6.75) - Tub",1,6.75
1622,2026-08-21,"2026-08-20","Mini",1,53.2
894,2026-08-21,"2026-08-20","Kirkwood Pickup Time - @1-1:30",1,0
894,2026-08-21,"2026-08-20","Dark Chocolate Lolli - Each",2,1.75
894,2026-08-21,"2026-08-20","Mushrooms - Choice",1,8
894,2026-08-21,"2026-08-20","Onions - Red  - lbs",1,4
894,2026-08-21,"2026-08-20","Peaches - Bag",1,7
894,2026-08-21,"2026-08-20","Tomatoes - Slicing - Bag",1,6.5
894,2026-08-21,"2026-08-20","UCA/KWA",1,79.79
557,2026-08-21,"2026-08-20","Mothership Pickup Time (2.0 @4-4:30) - @4-4:30",1,0
557,2026-08-21,"2026-08-20","Bacon - Each",1,13.5
557,2026-08-21,"2026-08-20","Eggs - Dozen",1,6.5
557,2026-08-21,"2026-08-20","English Muffin Sourdough - Frozen - Pack",1,5
557,2026-08-21,"2026-08-20","Pork - Breakfast Bulk - Pack",1,8.5
557,2026-08-21,"2026-08-20","Extra Credit - Each",0.5,1.06
557,2026-08-21,"2026-08-20","FSA/FSD",1,79.79
670,2026-08-21,"2026-08-20","Peanut Butter MC - Tub",1,7.75
670,2026-08-21,"2026-08-20","Cantaloupe - Each",1,6.5
670,2026-08-21,"2026-08-20","Golden Zucchini - Each",1,1.5
670,2026-08-21,"2026-08-20","Pasta Bi-color Short - Lb.",1,6.5
670,2026-08-21,"2026-08-20","Peppers - Colored Bell - 3-pack",1,4
670,2026-08-21,"2026-08-20","Mini",1,53.2
670,2026-08-21,"2026-08-20","(BYO) FSG - Orders Only",1,0
1047,2026-08-21,"2026-08-20","Eggs - BW - Dozen",1,6.5
1047,2026-08-21,"2026-08-20","Mothership Pickup Time (1.0 @3:30-4) - @3:30-4",1,0
1047,2026-08-21,"2026-08-20","Fresh Herb - Basil - Bunch",1,4
1047,2026-08-21,"2026-08-20","Peppers - Shishitos - Bag",1,7
1047,2026-08-21,"2026-08-20","Queso Quesadilla - HBC - Each",1,6.75
1047,2026-08-21,"2026-08-20","Semolina - T - Loaf",1,7
1047,2026-08-21,"2026-08-20","Extra Credit - Each",9.5,1.06
1047,2026-08-21,"2026-08-20","Half",1,84.79
11,2026-08-21,"2026-08-20","Eggs - BW - Dozen",2,6.5
11,2026-08-21,"2026-08-20","Bacon - Each",1,13.5
11,2026-08-21,"2026-08-20","Curds Applewood Smoked 10 oz - Bag",1,6.75
11,2026-08-21,"2026-08-20","Extra Credit - Each",0.25,1.06
11,2026-08-21,"2026-08-20","FSA/FSD",1,79.79
471,2026-08-21,"2026-08-20","Eggs - Dozen",1,6.5
471,2026-08-21,"2026-08-20","Kairos Sourdough Choice $5 - Pack",1,5
471,2026-08-21,"2026-08-20","Maple Syrup 12 oz. - Jar",1,13
471,2026-08-21,"2026-08-20","Pork - Breakfast Bulk - Pack",1,8.5
471,2026-08-21,"2026-08-20","Staff - include last wk's share - Bag",1,0
471,2026-08-21,"2026-08-20","FSA/FSD",1,79.79
1593,2026-08-21,"2026-08-20","Mothership Pickup Time (4.0 @5-5:30) - @5-5:30",1,0
1593,2026-08-21,"2026-08-20","XO - Cooler Donation - $",1,1
1593,2026-08-21,"2026-08-20","Hamburger Buns - 4-pack",1,2.75
1593,2026-08-21,"2026-08-20","Hummus - Garlic - Tub",1,6.75
1593,2026-08-21,"2026-08-20","Onions - Yellow - lbs",1,3.5
1593,2026-08-21,"2026-08-20","Peppers - Shishitos - Bag",1,7
1593,2026-08-21,"2026-08-20","Potatoes - New - Bag",1,5.75
1593,2026-08-21,"2026-08-20","Extra Credit - Each",0.5,1.06
1593,2026-08-21,"2026-08-20","Mini",1,53.2
1839,2026-08-21,"2026-08-20","No Produce - Order Only (odd wk)",1,0
1487,2026-08-21,"2026-08-20","Kirkwood Pickup Time - @1-1:30",1,0
1487,2026-08-21,"2026-08-20","Feta Cheese - HBC - Each",1,6.75
1487,2026-08-21,"2026-08-20","Mustard (1.0 Garlic) - Garlic",1,6.5
1487,2026-08-21,"2026-08-20","Pork - Bratwurst  - Pack",1,8.5
1487,2026-08-21,"2026-08-20","Half",1,84.79
1487,2026-08-21,"2026-08-20","2% MILK-o",1,8.85
514,2026-08-21,"2026-08-20","Beans - Green - Bag",1,4.25
514,2026-08-21,"2026-08-20","Eggs - Dozen",1,6.5
514,2026-08-21,"2026-08-20","Fresh Herb - Basil - Bunch",1,4
514,2026-08-21,"2026-08-20","Herb - Purple Basil - Herb",1,4
514,2026-08-21,"2026-08-20","Semolina - T - Loaf",1,7
514,2026-08-21,"2026-08-20","Staff - include last wk's share - Bag",1,0
514,2026-08-21,"2026-08-20","Mini",1,53.2
761,2026-08-21,"2026-08-20","Mothership Pickup Time (3.0 @4:30-5) - @4:30-5",1,0
761,2026-08-21,"2026-08-20","Curry Sauce (1.0 Green) - Green",1,12
761,2026-08-21,"2026-08-20","Janie's Bread - Thursday - Each",1,7
761,2026-08-21,"2026-08-20","Peppers - Carmen - 2-pack",1,3
761,2026-08-21,"2026-08-20","Popcorn - McKaskle - Lb.",1,5.75
761,2026-08-21,"2026-08-20","Pretzel - UL Thursday  - Each",2,3.75
761,2026-08-21,"2026-08-20","Extra Credit - Each",2.25,1.06
761,2026-08-21,"2026-08-20","FSA/FSD",1,79.79
1476,2026-08-21,"2026-08-20","Kirkwood Pickup Time - @1-1:30",1,0
1476,2026-08-21,"2026-08-20","Cucumbers - Slicing - Each",1,2
1476,2026-08-21,"2026-08-20","Eggplant - Globe - Each",2,3
1476,2026-08-21,"2026-08-20","Light and Mild - T - Loaf",1,8.25
1476,2026-08-21,"2026-08-20","Peppers - Colored Bell - 3-pack",1,4
1476,2026-08-21,"2026-08-20","Potatoes - Fingerling - lbs",1,7
1476,2026-08-21,"2026-08-20","Extra Credit - Each",1,1.06
1476,2026-08-21,"2026-08-20","Mini",1,53.2
82,2026-08-21,"2026-08-20","Kirkwood Pickup Time (2.0 @1:30-2) - @1:30-2",1,0
82,2026-08-21,"2026-08-20","Bacon - Each",1,13.5
82,2026-08-21,"2026-08-20","Peaches - Bag",1,7
82,2026-08-21,"2026-08-20","Sesame Hoagie - T - Each",1,3.8
82,2026-08-21,"2026-08-20","Extra Credit - Each",2.55,1.06
82,2026-08-21,"2026-08-20","Half",1,84.79
502,2026-08-21,"2026-08-20","Eggs - Dozen",1,6.5
502,2026-08-21,"2026-08-20","Kairos Sourdough Choice $5 - Pack",1,5
502,2026-08-21,"2026-08-20","Maple Syrup 12 oz. - Jar",1,13
502,2026-08-21,"2026-08-20","Pork - Breakfast Bulk - Pack",1,8.5
502,2026-08-21,"2026-08-20","FSA/FSD",1,79.79
433,2026-08-21,"2026-08-20","Halibut/lb.* - Pack",1,21.92
433,2026-08-21,"2026-08-20","Cantaloupe - Each",1,6.5
433,2026-08-21,"2026-08-20","Kairos Sourdough Choice $5 - Pack",1,5
433,2026-08-21,"2026-08-20","Extra Credit - Each",0.42,1.06
433,2026-08-21,"2026-08-20","FSA/FSD",1,79.79
549,2026-08-21,"2026-08-20","Pizza - Cheese  - Each",1,9
549,2026-08-21,"2026-08-20","Mothership Pickup Time (6.0 @6-6:30) - @6-6:30",1,0
549,2026-08-21,"2026-08-20","Jar Tomatoes - Quart",2,7.75
549,2026-08-21,"2026-08-20","Milk Chocolate Lolli - Each",1,1.75
549,2026-08-21,"2026-08-20","Pork Breakfast Link D&M - Pack",1,8.5
549,2026-08-21,"2026-08-20","Extra Credit - Each",1.75,1.06
549,2026-08-21,"2026-08-20","FSA/FSD",1,79.79
326,2026-08-21,"2026-08-20","Beef Kabob Meat - Lb.",1,12.75
326,2026-08-21,"2026-08-20","Mushrooms - Choice",1,8
326,2026-08-21,"2026-08-20","Olive Oil Small - ML",1,8.5
326,2026-08-21,"2026-08-20","UCA/KWA",1,79.79
1268,2026-08-21,"2026-08-20","Eggs - BW - Dozen",1,6.5
1268,2026-08-21,"2026-08-20","Half & Half - Pint",2,4.75
1268,2026-08-21,"2026-08-20","Mothership Pickup Time (1.0 @3:30-4) - @3:30-4",1,0
1268,2026-08-21,"2026-08-20","Beans - Green - Bag",1,4.25
1268,2026-08-21,"2026-08-20","Peppers - Shishitos - Bag",1,7
1268,2026-08-21,"2026-08-20","Extra Credit - Each",5.5,1.06
1268,2026-08-21,"2026-08-20","Half",1,84.79
452,2026-08-21,"2026-08-20","Kirkwood Pickup Time (2.0 @1:30-2) - @1:30-2",1,0
452,2026-08-21,"2026-08-20","Golden Zucchini - Each",1,1.5
452,2026-08-21,"2026-08-20","Ground Beef - D&M - Lb.",1,10.5
452,2026-08-21,"2026-08-20","Hamburger Buns - 4-pack",1,2.75
452,2026-08-21,"2026-08-20","Honey - Pint - Jar",1,11.5
452,2026-08-21,"2026-08-20","Mini",1,53.2
493,2026-08-21,"2026-08-20","No Produce - Order Only (odd wk)",1,0
807,2026-08-21,"2026-08-20","Bacon - Each",1,13.5
807,2026-08-21,"2026-08-20","Chicken Breasts /lb. - Pack",2,9.27
807,2026-08-21,"2026-08-20","Yogurt - Plain - Oz.",1,7.25
807,2026-08-21,"2026-08-20","Extra Credit - Each",5.04,1.06
807,2026-08-21,"2026-08-20","UCA/KWA",1,79.79
807,2026-08-21,"2026-08-20","2% MILK",1,8.85
245,2026-08-21,"2026-08-20","Cheese Choice $6.75 - Each",1,6.75
245,2026-08-21,"2026-08-20","Mustard - Choice",1,6.5
245,2026-08-21,"2026-08-20","Pork - Bratwurst  - Pack",1,8.5
245,2026-08-21,"2026-08-20","Half",1,84.79
804,2026-08-21,"2026-08-20","Eggs - BW - Dozen",1,6.5
804,2026-08-21,"2026-08-20","Kirkwood Pickup Time - @1-1:30",1,0
804,2026-08-21,"2026-08-20","Bagels - Plain - Frozen - Each",1,6.75
804,2026-08-21,"2026-08-20","Hoagie - T - Each",1,3.5
804,2026-08-21,"2026-08-20","Watermelon - Sugar Baby - Each",1,6
804,2026-08-21,"2026-08-20","Extra Credit - Each",1,1.06
804,2026-08-21,"2026-08-20","Half",1,84.79
1766,2026-08-21,"2026-08-20","Half & Half - Pint",2,4.75
1766,2026-08-21,"2026-08-20","Kirkwood Pickup Time - @1-1:30",1,0
1766,2026-08-21,"2026-08-20","Peaches - Bag",1,7
1766,2026-08-21,"2026-08-20","Yogurt - Plain - Oz.",1,7.25
1766,2026-08-21,"2026-08-20","Extra Credit - Each",2,1.06
1766,2026-08-21,"2026-08-20","Half",1,84.79
329,2026-08-21,"2026-08-20","Applewood Smoked Cheddar - Each",1,6.75
329,2026-08-21,"2026-08-20","Beets - Lb.",1,6.5
329,2026-08-21,"2026-08-20","Cabbage - Red - Share",1,5
329,2026-08-21,"2026-08-20","Ground Beef - D&M - Lb.",1,10.5
329,2026-08-21,"2026-08-20","Meatballs D&M - Package",1,15
329,2026-08-21,"2026-08-20","Extra Credit - Each",17.5,1.06
329,2026-08-21,"2026-08-20","Mini",1,53.2
1941,2026-08-21,"2026-08-20","Mothership Pickup Time (3.0 @4:30-5) - @4:30-5",1,0
1941,2026-08-21,"2026-08-20","Beans - Green - Bag",1,4.25
1941,2026-08-21,"2026-08-20","Chicken - Ground - Lb.",1,10.25
1941,2026-08-21,"2026-08-20","Chicken Breasts /lb. - Pack",1,11.22
1941,2026-08-21,"2026-08-20","Eggs - Dozen",1,6.5
1941,2026-08-21,"2026-08-20","Extra Credit - Each",5.97,1.06
1941,2026-08-21,"2026-08-20","Mini",1,53.2
293,2026-08-21,"2026-08-20","Ground Turkey - Pack",1,10.25
293,2026-08-21,"2026-08-20","Mothership Pickup Time (6.0 @6-6:30) - @6-6:30",1,0
293,2026-08-21,"2026-08-20","Beef - Stew Meat - Pack",1,10.5
293,2026-08-21,"2026-08-20","Beef Kabob Meat - Lb.",1,12.75
293,2026-08-21,"2026-08-20","Garlic - Head - Head",3,1
293,2026-08-21,"2026-08-20","Tomatoes - Slicing - Bag",1,6.5
293,2026-08-21,"2026-08-20","Extra Credit - Each",10.25,1.06
293,2026-08-21,"2026-08-20","FSA/FSD",1,79.79
310,2026-08-21,"2026-08-20","Milk - 2%  - Oz.",1,8.32
310,2026-08-21,"2026-08-20","Peanut Butter EW - Pint",1,7.75
310,2026-08-21,"2026-08-20","Mothership Pickup Time (1.0 @3:30-4) - @3:30-4",1,0
310,2026-08-21,"2026-08-20","Beans - Green - Bag",1,4.25
310,2026-08-21,"2026-08-20","Chicken - Ground - Lb.",1,10.25
310,2026-08-21,"2026-08-20","Eggs - H - Dozen",2,6.5
310,2026-08-21,"2026-08-20","Golden Zucchini - Each",1,1.5
310,2026-08-21,"2026-08-20","Onions - Yellow - lbs",1,3.5
310,2026-08-21,"2026-08-20","Pork - Bratwurst  - Pack",1,8.5
310,2026-08-21,"2026-08-20","Pork - Deli Ham/lb. - Lb.",1,9.69
310,2026-08-21,"2026-08-20","Tomatoes - Slicing - Bag",1,6.5
310,2026-08-21,"2026-08-20","Extra Credit - Each",35.26,1.06
310,2026-08-21,"2026-08-20","FSA/FSD",1,79.79
310,2026-08-21,"2026-08-20","Skim MILK",2,8.85
1271,2026-08-21,"2026-08-20","Curds Jalapeno Habanero 10 oz - Bag",1,6.75
1271,2026-08-21,"2026-08-20","Pork - Brats Cheddar DM - 4-pack",1,8.5
1271,2026-08-21,"2026-08-20","Pork Breakfast Link D&M - Pack",1,8.5
1271,2026-08-21,"2026-08-20","Extra Credit - Each",2,1.06
1271,2026-08-21,"2026-08-20","Half",1,84.79
634,2026-08-21,"2026-08-20","Kirkwood Pickup Time (2.0 @1:30-2) - @1:30-2",1,0
634,2026-08-21,"2026-08-20","Cantaloupe - Each",1,6.5
634,2026-08-21,"2026-08-20","Ground Beef - D&M - Lb.",1,10.5
634,2026-08-21,"2026-08-20","Hamburger Buns - 4-pack",1,2.75
634,2026-08-21,"2026-08-20","Yogurt - Plain - Oz.",1,7.25
634,2026-08-21,"2026-08-20","Extra Credit - Each",0.75,1.06
634,2026-08-21,"2026-08-20","Mini",1,53.2
722,2026-08-21,"2026-08-20","Mustard (1.0 Garlic) - Garlic",1,6.5
722,2026-08-21,"2026-08-20","Pork - Tenderloin/lb - Lb.",1,0
722,2026-08-21,"2026-08-20","Yogurt - Blueberry - Oz.",1,7.25
722,2026-08-21,"2026-08-20","Half",1,84.79
387,2026-08-21,"2026-08-20","Eggs - BW - Dozen",1,6.5
387,2026-08-21,"2026-08-20","Kirkwood Pickup Time - @1-1:30",1,0
387,2026-08-21,"2026-08-20","Food for Ferals Donation - $",1,1
387,2026-08-21,"2026-08-20","Beef Kabob Meat - Lb.",1,12.75
387,2026-08-21,"2026-08-20","Chicken Breasts /lb. - Pack",1,9.86
387,2026-08-21,"2026-08-20","Mushrooms - Choice",1,8
387,2026-08-21,"2026-08-20","Olive Oil Small - ML",1,8.5
387,2026-08-21,"2026-08-20","Peaches - Bag",1,7
387,2026-08-21,"2026-08-20","Tomatoes - Heirloom - Bag",1,8
387,2026-08-21,"2026-08-20","Extra Credit - Each",32.36,1.06
387,2026-08-21,"2026-08-20","UCA/KWA",1,79.79
1706,2026-08-21,"2026-08-20","Mothership Pickup Time (2.0 @4-4:30) - @4-4:30",1,0
1706,2026-08-21,"2026-08-20","Gnocchi - Sundried Tomato  - Lb.",1,6.5
1706,2026-08-21,"2026-08-20","Louise's Cocoa Brownie Crisp Granola - Bag",1,11.15
1706,2026-08-21,"2026-08-20","Okra  - Bag",1,6
1706,2026-08-21,"2026-08-20","Extra Credit - Each",1.9,1.06
1706,2026-08-21,"2026-08-20","Half",1,84.79
868,2026-08-21,"2026-08-20","Chicken - Big Bag Deboned Thighs/lb. - Bag",1,43.56
868,2026-08-21,"2026-08-20","Kirkwood Pickup Time (2.0 @1:30-2) - @1:30-2",1,0
868,2026-08-21,"2026-08-20","Black Bean Dip - Tub",1,6.5
868,2026-08-21,"2026-08-20","Black Beans DC - Tub",1,6.5
868,2026-08-21,"2026-08-20","Cantaloupe - Each",1,6.5
868,2026-08-21,"2026-08-20","Chicken Thighs - Big Bag/lb. - Pack",1,29.56
868,2026-08-21,"2026-08-20","Eggs - Dozen",1,6.5
868,2026-08-21,"2026-08-20","Gnocchi - Garlic Chive  - Lb.",1,6.5
868,2026-08-21,"2026-08-20","Ground Beef - D&M - Lb.",1,10.5
868,2026-08-21,"2026-08-20","Onions - Red  - lbs",1,4
868,2026-08-21,"2026-08-20","Extra Credit - Each",93.87,1.06
868,2026-08-21,"2026-08-20","Mini",1,53.2
834,2026-08-21,"2026-08-20","Mothership Pickup Time (3.0 @4:30-5) - @4:30-5",1,0
834,2026-08-21,"2026-08-20","Cantaloupe - Each",1,6.5
834,2026-08-21,"2026-08-20","Okra  - Bag",1,6
834,2026-08-21,"2026-08-20","Onions - Red  - lbs",1,4
834,2026-08-21,"2026-08-20","Peppers - Carmen - 2-pack",1,3
834,2026-08-21,"2026-08-20","Peppers - Shishitos - Bag",1,7
834,2026-08-21,"2026-08-20","Extra Credit - Each",4.75,1.06
834,2026-08-21,"2026-08-20","Half",1,84.79
281,2026-08-21,"2026-08-20","Chicken - Big Bag Deboned Thighs/lb. - Bag",1,41.91
281,2026-08-21,"2026-08-20","Eggs - BW - Dozen",1,6.5
281,2026-08-21,"2026-08-20","Vinaigrette - Greek Style - Bottle",1,6.25
281,2026-08-21,"2026-08-20","Watermelon - Sugar Baby - Each",1,6
281,2026-08-21,"2026-08-20","Extra Credit - Each",38.91,1.06
281,2026-08-21,"2026-08-20","Half",1,84.79
389,2026-08-21,"2026-08-20","Mothership Pickup Time - @6:30-7",1,0
389,2026-08-21,"2026-08-20","Eggs - Dozen",1,6.5
389,2026-08-21,"2026-08-20","Ground Beef - D&M - Lb.",1,10.5
389,2026-08-21,"2026-08-20","Hamburger Buns - 4-pack",1,2.75
389,2026-08-21,"2026-08-20","Hummus Choice ($6.75) - Tub",1,6.75
389,2026-08-21,"2026-08-20","Extra Credit - Each",0.25,1.06
389,2026-08-21,"2026-08-20","Mini",1,53.2
1652,2026-08-21,"2026-08-20","Walnuts - Oz.",1,12.75
1652,2026-08-21,"2026-08-20","Bison - Ground - Lb.",1,27.25
1652,2026-08-21,"2026-08-20","Eggs - Dozen",1,6.5
1652,2026-08-21,"2026-08-20","Tomatoes - Heirloom - Bag",1,8
1652,2026-08-21,"2026-08-20","Watermelon - Sugar Baby - Each",1,6
1652,2026-08-21,"2026-08-20","Extra Credit - Each",34.25,1.06
1652,2026-08-21,"2026-08-20","Mini",1,53.2
1431,2026-08-21,"2026-08-20","FF Soup - Chowder - Pint",1,10.25
1431,2026-08-21,"2026-08-20","Ground Beef - D&M - Lb.",1,10.5
1431,2026-08-21,"2026-08-20","Hummus Choice ($6.75) - Tub",1,6.75
1431,2026-08-21,"2026-08-20","Extra Credit - Each",1.25,1.06
1431,2026-08-21,"2026-08-20","Mini",1,53.2
1626,2026-08-21,"2026-08-20","Eggs - BW - Dozen",1,6.5
1626,2026-08-21,"2026-08-20","Stringbean Malawi Peaberry - Oz.",1,16
1626,2026-08-21,"2026-08-20","Kirkwood Pickup Time (1.0 PORCH) - PORCH",1,0
1626,2026-08-21,"2026-08-20","Extra Credit - Each",0.75,1.06
1626,2026-08-21,"2026-08-20","Half",1,84.79
963,2026-08-21,"2026-08-20","Eggs - Dozen",1,6.5
963,2026-08-21,"2026-08-20","Kairos Sourdough Choice $5 - Pack",1,5
963,2026-08-21,"2026-08-20","Maple Syrup 12 oz. - Jar",1,13
963,2026-08-21,"2026-08-20","Pork - Breakfast Bulk - Pack",1,8.5
963,2026-08-21,"2026-08-20","FSA/FSD",1,79.79
67,2026-08-21,"2026-08-20","Kuva Nicaragua - Bag",1,16.45
67,2026-08-21,"2026-08-20","Mothership Pickup Time (1.0 @3:30-4) - @3:30-4",1,0
67,2026-08-21,"2026-08-20","Buttermilk - Qt.  - Quart",1,6.75
67,2026-08-21,"2026-08-20","Carrots - Lb.",1,6
67,2026-08-21,"2026-08-20","Cheese Choice $6.75 - Each",1,6.75
67,2026-08-21,"2026-08-20","Garlic - Head - Head",2,1
67,2026-08-21,"2026-08-20","Mustard - Choice",1,6.5
67,2026-08-21,"2026-08-20","Onions - Red  - lbs",1,4
67,2026-08-21,"2026-08-20","Onions - Yellow - lbs",1,3.5
67,2026-08-21,"2026-08-20","Semolina - T - Loaf",1,7
67,2026-08-21,"2026-08-20","Extra Credit - Each",37.2,1.06
67,2026-08-21,"2026-08-20","Half",1,84.79
928,2026-08-21,"2026-08-20","Mothership Pickup Time (4.0 @5-5:30) - @5-5:30",1,0
928,2026-08-21,"2026-08-20","Chicken - Whole $5.00/lb. - Each",1,17.5
928,2026-08-21,"2026-08-20","Eggs - Dozen",1,6.5
928,2026-08-21,"2026-08-20","English Muffin Sourdough - Frozen - Pack",2,5
928,2026-08-21,"2026-08-20","Pork - Breakfast Bulk - Pack",1,8.5
928,2026-08-21,"2026-08-20","Yogurt - Strawberry - Oz.",1,7.25
928,2026-08-21,"2026-08-20","Extra Credit - Each",16.75,1.06
928,2026-08-21,"2026-08-20","FSA/FSD",1,79.79
1570,2026-08-21,"2026-08-20","Cheese Choice $6.75 - Each",1,6.75
1570,2026-08-21,"2026-08-20","Mustard - Choice",1,6.5
1570,2026-08-21,"2026-08-20","Pork - Bratwurst  - Pack",1,8.5
1570,2026-08-21,"2026-08-20","Half",1,40
168,2026-08-21,"2026-08-20","Mothership Pickup Time (2.0 @4-4:30) - @4-4:30",1,0
168,2026-08-21,"2026-08-20","Mustard (1.0 Honey) - Honey",1,6.5
168,2026-08-21,"2026-08-20","Onions - Yellow - lbs",1,3.5
168,2026-08-21,"2026-08-20","Tomatoes - Funky Bunch - Pint",1,7
168,2026-08-21,"2026-08-20","Extra Credit - Each",2,1.06
168,2026-08-21,"2026-08-20","Half",1,84.79
1900,2026-08-21,"2026-08-20","Mothership Pickup Time (1.0 @3:30-4) - @3:30-4",1,0
1900,2026-08-21,"2026-08-20","Cooler Repair Donation - $",1,1
1900,2026-08-21,"2026-08-20","XO! Green Bags Donation - $",1,1
1900,2026-08-21,"2026-08-20","Eggs - Dozen",1,6.5
1900,2026-08-21,"2026-08-20","Ground Beef - D&M - Lb.",1,10.5
1900,2026-08-21,"2026-08-20","Hamburger Buns - 4-pack",1,0
1900,2026-08-21,"2026-08-20","Multigrain Bread - Frozen - Loaf",1,6.75
1900,2026-08-21,"2026-08-20","Peaches - Bag",1,0
1900,2026-08-21,"2026-08-20","Pork Italian Bulk - D&M - Lb.",1,8.5
1900,2026-08-21,"2026-08-20","Extra Credit - Each",5.5,1.06
1900,2026-08-21,"2026-08-20","Mini",1,53.2
1236,2026-08-21,"2026-08-20","Dark Bar 72% - Package",1,3
1236,2026-08-21,"2026-08-20","Eggs - Dozen",1,6.5
1236,2026-08-21,"2026-08-20","Pork - Breakfast Bulk - Pack",1,8.5
1236,2026-08-21,"2026-08-20","Ribeye Steak /lb - Pack",2,35.88
1236,2026-08-21,"2026-08-20","Extra Credit - Each",56.76,1.06
1236,2026-08-21,"2026-08-20","FSA/FSD",1,79.79
120,2026-08-21,"2026-08-20","Eggs - Dozen",1,6.5
120,2026-08-21,"2026-08-20","Ground Beef - D&M - Lb.",1,10.5
120,2026-08-21,"2026-08-20","Hamburger Buns - 4-pack",1,2.75
120,2026-08-21,"2026-08-20","Hummus Choice ($6.75) - Tub",1,6.75
120,2026-08-21,"2026-08-20","Mini",1,53.2
364,2026-08-21,"2026-08-20","Beans - Green - Bag",1,4.25
364,2026-08-21,"2026-08-20","Eggs - Dozen",1,6.5
364,2026-08-21,"2026-08-20","English Muffin Sourdough - Frozen - Pack",1,5
364,2026-08-21,"2026-08-20","Peaches - Bag",1,7
364,2026-08-21,"2026-08-20","Pork Hot Dogs - Each",1,7.5
364,2026-08-21,"2026-08-20","Sweet Corn - 5-pack",1,4
364,2026-08-21,"2026-08-20","FSA/FSD",1,79.79
364,2026-08-21,"2026-08-20","Whole MILK-o",1,8.85
1873,2026-08-21,"2026-08-20","Eggs - Dozen",1,6.5
1873,2026-08-21,"2026-08-20","Ground Beef - D&M - Lb.",1,10.5
1873,2026-08-21,"2026-08-20","Hamburger Buns - 4-pack",1,2.75
1873,2026-08-21,"2026-08-20","Hummus Choice ($6.75) - Tub",1,6.75
1873,2026-08-21,"2026-08-20","Mini",1,53.2
289,2026-08-21,"2026-08-20","Eggs - BW - Dozen",1,6.5
289,2026-08-21,"2026-08-20","Chicken Thighs - Boneless/lb. - lbs",1,8.75
289,2026-08-21,"2026-08-20","Ravioli - Mushroom  - Lb.",1,9.15
289,2026-08-21,"2026-08-20","Extra Credit - Each",2.65,1.06
289,2026-08-21,"2026-08-20","Half",1,84.79
289,2026-08-21,"2026-08-20","2% MILK-o",1,8.85
1453,2026-08-21,"2026-08-20","Mothership Pickup Time (1.0 @3:30-4) - @3:30-4",1,0
1453,2026-08-21,"2026-08-20","Carrots - Lb.",1,6
1453,2026-08-21,"2026-08-20","Ground Beef - D&M - Lb.",1,10.5
1453,2026-08-21,"2026-08-20","Onions - Yellow - lbs",1,3.5
1453,2026-08-21,"2026-08-20","Watermelon - Sugar Baby - Each",1,6
1453,2026-08-21,"2026-08-20","Mini",1,53.2
1453,2026-08-21,"2026-08-20","Whole MILK",1,8.85
1746,2026-08-21,"2026-08-20","Kirkwood Pickup Time - @1-1:30",1,0
1746,2026-08-21,"2026-08-20","Beef Kabob Meat - Lb.",1,12.75
1746,2026-08-21,"2026-08-20","Onions - Red  - lbs",1,4
1746,2026-08-21,"2026-08-20","Potatoes - New - Bag",1,5.75
1746,2026-08-21,"2026-08-20","Tomatoes - Heirloom - Bag",1,8
1746,2026-08-21,"2026-08-20","Extra Credit - Each",1.25,1.06
1746,2026-08-21,"2026-08-20","UCA/KWA",1,79.79
876,2026-08-21,"2026-08-20","Eggs - Dozen",1,6.5
876,2026-08-21,"2026-08-20","Kairos Sourdough Choice $5 - Pack",1,5
876,2026-08-21,"2026-08-20","Maple Syrup 12 oz. - Jar",1,13
876,2026-08-21,"2026-08-20","Pork - Breakfast Bulk - Pack",1,8.5
876,2026-08-21,"2026-08-20","FSA/FSD",1,79.79
1416,2026-08-21,"2026-08-20","Eggs - BW - Dozen",1,6.5
1416,2026-08-21,"2026-08-20","Pizza - Veggie  - Each",1,9.5
1416,2026-08-21,"2026-08-20","Mothership Pickup Time (4.0 @5-5:30) - @5-5:30",1,0
1416,2026-08-21,"2026-08-20","Dark Bar 72% - Package",1,3
1416,2026-08-21,"2026-08-20","Pita Bread - Frozen (1.0 Wheat) - Wheat",1,3.55
1416,2026-08-21,"2026-08-20","Extra Credit - Each",0.8,1.06
1416,2026-08-21,"2026-08-20","Half",1,84.79
1719,2026-08-21,"2026-08-20","Mothership Pickup Time (1.0 @3:30-4) - @3:30-4",1,0
1719,2026-08-21,"2026-08-20","Onions - Red  - lbs",1,4
1719,2026-08-21,"2026-08-20","Onions - Yellow - lbs",1,3.5
1719,2026-08-21,"2026-08-20","Sparkling Tea - Ginger Roselle - 4-pack",1,11.25
1719,2026-08-21,"2026-08-20","Squash - Summer - Each",1,3
1719,2026-08-21,"2026-08-20","Squash - Zucchini - Each",1,3
1719,2026-08-21,"2026-08-20","Extra Credit - Each",3,1.06
1719,2026-08-21,"2026-08-20","Half",1,84.79
1752,2026-08-21,"2026-08-20","Mothership Pickup Time (5.0 @5:30-6) - @5:30-6",1,0
1752,2026-08-21,"2026-08-20","Aged Cheddar - HBC - Each",1,6.75
1752,2026-08-21,"2026-08-20","Fresh Herb - Basil - Bunch",1,4
1752,2026-08-21,"2026-08-20","Pork - Bratwurst  - Pack",1,8.5
1752,2026-08-21,"2026-08-20","Tomatoes - Funky Bunch - Pint",1,7
1752,2026-08-21,"2026-08-20","Watermelon - Sugar Baby - Each",1,6
1752,2026-08-21,"2026-08-20","Extra Credit - Each",10.5,1.06
1752,2026-08-21,"2026-08-20","Half",1,84.79
636,2026-08-21,"2026-08-20","Cucumbers - Pickling - Bag",1,3.5
636,2026-08-21,"2026-08-20","Chicken - Breakfast - Pack",1,10.5
636,2026-08-21,"2026-08-20","Jam - Rhubarb HBY - 1-each",1,7.75
636,2026-08-21,"2026-08-20","Leeks - Bunch",1,6
636,2026-08-21,"2026-08-20","Peaches - Bag",2,7
636,2026-08-21,"2026-08-20","Peppers - Carmen - 2-pack",1,3
636,2026-08-21,"2026-08-20","Sweet Corn - 5-pack",1,4
636,2026-08-21,"2026-08-20","Extra Credit - Each",15.75,1.06
636,2026-08-21,"2026-08-20","FSA/FSD",1,79.79
636,2026-08-21,"2026-08-20","Whole MILK",1,8.85
250,2026-08-21,"2026-08-20","Milk - Whole - Oz.",1,8.32
250,2026-08-21,"2026-08-20","Mothership Pickup Time (2.0 @4-4:30) - @4-4:30",1,0
250,2026-08-21,"2026-08-20","Eggs - Dozen",1,6.5
250,2026-08-21,"2026-08-20","Peaches - Bag",1,7
250,2026-08-21,"2026-08-20","Pork Italian Bulk - D&M - Lb.",1,8.5
250,2026-08-21,"2026-08-20","Watermelon - Sugar Baby - Each",1,6
250,2026-08-21,"2026-08-20","Extra Credit - Each",0.82,1.06
250,2026-08-21,"2026-08-20","FSA/FSD",1,79.79
1618,2026-08-21,"2026-08-20","Kirkwood Pickup Time - @1-1:30",1,0
1618,2026-08-21,"2026-08-20","Cabbage - Red - Share",1,5
1618,2026-08-21,"2026-08-20","Mustard - Choice",1,6.5
1618,2026-08-21,"2026-08-20","Potatoes - New - Bag",1,5.75
1618,2026-08-21,"2026-08-20","Tomatoes - Funky Bunch - Pint",1,7
1618,2026-08-21,"2026-08-20","Extra Credit - Each",2.5,1.06
1618,2026-08-21,"2026-08-20","Half",1,84.79
133,2026-08-21,"2026-08-20","Mothership Pickup Time (3.0 @4:30-5) - @4:30-5",1,0
133,2026-08-21,"2026-08-20","Chicken Thighs - Boneless/lb. - lbs",2,9.28
133,2026-08-21,"2026-08-20","Eggs - Dozen",1,6.5
133,2026-08-21,"2026-08-20","Watermelon - Sugar Baby - Each",1,6
133,2026-08-21,"2026-08-20","Extra Credit - Each",4.81,1.06
133,2026-08-21,"2026-08-20","Mini",1,53.2
1932,2026-08-21,"2026-08-20","Eggs - BW - Dozen",1,6.5
1932,2026-08-21,"2026-08-20","Eggs - Dozen",1,6.5
1932,2026-08-21,"2026-08-20","Fresh Herb - Basil - Bunch",1,4
1932,2026-08-21,"2026-08-20","Kairos Sourdough Choice $5 - Pack",1,5
1932,2026-08-21,"2026-08-20","Maple Syrup 12 oz. - Jar",1,13
1932,2026-08-21,"2026-08-20","Pork - Breakfast Bulk - Pack",1,8.5
1932,2026-08-21,"2026-08-20","Tomatoes - Slicing - Bag",2,6.5
1932,2026-08-21,"2026-08-20","Extra Credit - Each",23.5,1.06
1932,2026-08-21,"2026-08-20","FSA/FSD",1,79.79
643,2026-08-21,"2026-08-20","Salsa - Black Bean & Corn - Pint",1,5
643,2026-08-21,"2026-08-20","Mothership Pickup Time (5.0 @5:30-6) - @5:30-6",1,0
643,2026-08-21,"2026-08-20","Chicken - Ground - Lb.",1,10.25
643,2026-08-21,"2026-08-20","Curds Creamy Ranch 10 oz - Bag",1,6.75
643,2026-08-21,"2026-08-20","Maple Syrup 12 oz. - Jar",1,13
643,2026-08-21,"2026-08-20","Extra Credit - Each",2,1.06
643,2026-08-21,"2026-08-20","FSA/FSD",1,79.79
1468,2026-08-21,"2026-08-20","Mothership Pickup Time (1.0 @3:30-4) - @3:30-4",1,0
1468,2026-08-21,"2026-08-20","Golden Zucchini - Each",2,1.5
1468,2026-08-21,"2026-08-20","Ground Beef - D&M - Lb.",1,10.5
1468,2026-08-21,"2026-08-20","Marinara Sauce - Jar",1,8.75
1468,2026-08-21,"2026-08-20","Watermelon - Sugar Baby - Each",1,6
1468,2026-08-21,"2026-08-20","Extra Credit - Each",2,1.06
1468,2026-08-21,"2026-08-20","Mini",1,53.2
856,2026-08-21,"2026-08-20","Beans - Green - Bag",1,4.25
856,2026-08-21,"2026-08-20","Garlic - Head - Head",2,1
856,2026-08-21,"2026-08-20","Peaches - Bag",2,7
856,2026-08-21,"2026-08-20","Squash - Zucchini - Each",1,3
856,2026-08-21,"2026-08-20","Sweet Corn - 5-pack",1,4
856,2026-08-21,"2026-08-20","Tomatoes - Funky Bunch - Pint",1,7
856,2026-08-21,"2026-08-20","Extra Credit - Each",34.25,1.06
838,2026-08-21,"2026-08-20","Chicken - Big Bag Deboned Thighs/lb. - Bag",1,42.08
838,2026-08-21,"2026-08-20","Sugar Free - Raspberry HBY - Pint",1,7.75
838,2026-08-21,"2026-08-20","Yogurt - Greek Plain - Oz.",1,7.75
838,2026-08-21,"2026-08-20","Pork Steaks/lb. - Pack",1,16
838,2026-08-21,"2026-08-20","Bagels - Cinnamon Raisin - BU - Bag",1,11.25
838,2026-08-21,"2026-08-20","Chicken Bones - SM/lb.* - Bag",1,6.83
838,2026-08-21,"2026-08-20","Ham Hocks/lb. - Pack",1,13.28
838,2026-08-21,"2026-08-20","Okra  - Bag",1,6
838,2026-08-21,"2026-08-20","Extra Credit - Each",110.94,1.06
39,2026-08-21,"2026-08-20","Walnuts - Oz.",1,12.75
39,2026-08-21,"2026-08-20","Black Pepper Cheddar - Each",1,6.75
39,2026-08-21,"2026-08-20","Cabbage - Red - Share",1,5
39,2026-08-21,"2026-08-20","Carrots - Lb.",1,6
39,2026-08-21,"2026-08-20","Eggs - Dozen",1,6.5
39,2026-08-21,"2026-08-20","English Muffin Sourdough - Frozen - Pack",1,5
39,2026-08-21,"2026-08-20","Ground Beef - D&M - Lb.",1,10.5
39,2026-08-21,"2026-08-20","Hummus - Garlic - Tub",1,6.75
39,2026-08-21,"2026-08-20","Louise's Cocoa Brownie Crisp Granola - Bag",1,11.15
39,2026-08-21,"2026-08-20","Peaches - Bag",1,7
39,2026-08-21,"2026-08-20","Peppers - Sweet Habanada - Bag",1,3.5
39,2026-08-21,"2026-08-20","Yogurt - Vanilla - Oz.",1,7.25
39,2026-08-21,"2026-08-20","Extra Credit - Each",61.9,1.06
39,2026-08-21,"2026-08-20","Mini",1,53.2
1750,2026-08-21,"2026-08-20","Eggs - Dozen",1,6.5
1750,2026-08-21,"2026-08-20","Ground Beef - D&M - Lb.",1,10.5
1750,2026-08-21,"2026-08-20","Hamburger Buns - 4-pack",1,2.75
1750,2026-08-21,"2026-08-20","Hummus Choice ($6.75) - Tub",1,6.75
1750,2026-08-21,"2026-08-20","Mini",1,53.2
1521,2026-08-21,"2026-08-20","Mothership Pickup Time (1.0 @3:30-4) - @3:30-4",1,0
1521,2026-08-21,"2026-08-20","Chicken Breast - Wee  /lb. - Each",1,7.48
1521,2026-08-21,"2026-08-20","Eggs - Dozen",1,6.5
1521,2026-08-21,"2026-08-20","Peppers - Colored Bell - 3-pack",1,4
1521,2026-08-21,"2026-08-20","Sweet Corn - 5-pack",1,4
1521,2026-08-21,"2026-08-20","Tomatoes - Slicing - Bag",1,6.5
1521,2026-08-21,"2026-08-20","Extra Credit - Each",2.23,1.06
885,2026-08-21,"2026-08-20","Mothership Pickup Time - @6:30-7",1,0
885,2026-08-21,"2026-08-20","XO - Cooler Donation - $",1,1
885,2026-08-21,"2026-08-20","English Muffin Sourdough - Frozen - Pack",1,5
885,2026-08-21,"2026-08-20","Herb - Purple Basil - Herb",1,4
885,2026-08-21,"2026-08-20","Pita Bread - Frozen (1.0 White) - White",1,3.55
885,2026-08-21,"2026-08-20","RL Chocolate Milk - Bottle",1,2.75
885,2026-08-21,"2026-08-20","Watermelon - Sugar Baby - Each",1,6
885,2026-08-21,"2026-08-20","Half",1,84.79
896,2026-08-21,"2026-08-20","Kirkwood Pickup Time - @1-1:30",1,0
896,2026-08-21,"2026-08-20","Food Pantry Donation - $",5,1
896,2026-08-21,"2026-08-20","XO - Cooler Donation - $",5,1
896,2026-08-21,"2026-08-20","Light and Mild - T - Loaf",1,8.25
896,2026-08-21,"2026-08-20","Okra  - Bag",1,6
896,2026-08-21,"2026-08-20","Peaches - Bag",1,7
896,2026-08-21,"2026-08-20","Yogurt - Plain - Oz.",1,7.25
896,2026-08-21,"2026-08-20","Extra Credit - Each",16.75,1.06
896,2026-08-21,"2026-08-20","Half",1,84.79
171,2026-08-21,"2026-08-20","Mothership Pickup Time (4.0 @5-5:30) - @5-5:30",1,0
171,2026-08-21,"2026-08-20","Eggs - Dozen",1,6.5
171,2026-08-21,"2026-08-20","Ground Beef - D&M - Lb.",1,10.5
171,2026-08-21,"2026-08-20","Hamburger Buns - 4-pack",1,2.75
171,2026-08-21,"2026-08-20","Jar Tomatoes - Quart",1,7.75
171,2026-08-21,"2026-08-20","Louise's Original Granola - Bag",1,10
171,2026-08-21,"2026-08-20","Multigrain Bread - Frozen - Loaf",2,6.75
171,2026-08-21,"2026-08-20","Peaches - Bag",1,7
171,2026-08-21,"2026-08-20","Pork - Bratwurst  - Pack",1,8.5
171,2026-08-21,"2026-08-20","Yogurt - Blueberry - Oz.",1,7.25
171,2026-08-21,"2026-08-20","Yogurt - Strawberry - Oz.",1,7.25
171,2026-08-21,"2026-08-20","Extra Credit - Each",54.75,1.06
171,2026-08-21,"2026-08-20","Mini",1,53.2
790,2026-08-21,"2026-08-20","Eggs - BW - Dozen",1,6.5
790,2026-08-21,"2026-08-20","Cantaloupe - Each",1,6.5
790,2026-08-21,"2026-08-20","Honey - Qt. - Jar",1,20.25
790,2026-08-21,"2026-08-20","Meatballs D&M - Package",1,15
790,2026-08-21,"2026-08-20","Multigrain Bread - Frozen - Loaf",1,6.75
790,2026-08-21,"2026-08-20","Pork - Deli Ham/lb. - Lb.",1,9.5
790,2026-08-21,"2026-08-20","RL Chocolate Milk - Bottle",1,2.75
790,2026-08-21,"2026-08-20","Extra Credit - Each",45.5,1.06
790,2026-08-21,"2026-08-20","Half",1,84.79
1683,2026-08-21,"2026-08-20","Kirkwood Pickup Time - @1-1:30",1,0
1683,2026-08-21,"2026-08-20","Chicken Breasts /lb. - Pack",1,9.86
1683,2026-08-21,"2026-08-20","Milk Chocolate Toasted Missouri Pecan Bark - Package",1,7.5
1683,2026-08-21,"2026-08-20","Peaches - Bag",1,7
1683,2026-08-21,"2026-08-20","Pretzel - UL Thursday  - Each",1,3.75
1683,2026-08-21,"2026-08-20","Seedy Wheaty - Frozen - Loaf",1,3.75
1683,2026-08-21,"2026-08-20","Extra Credit - Each",2.61,1.06
1683,2026-08-21,"2026-08-20","UCA/KWA",1,79.79
946,2026-08-21,"2026-08-20","Milk - Whole - Oz.",1,8.32
946,2026-08-21,"2026-08-20","Kirkwood Pickup Time (2.0 @1:30-2) - @1:30-2",1,0
946,2026-08-21,"2026-08-20","Cinnamon Rolls - Frozen - Pack",1,6.75
946,2026-08-21,"2026-08-20","Peaches - Bag",1,7
946,2026-08-21,"2026-08-20","Pretzel - UL Thursday  - Each",2,3.75
946,2026-08-21,"2026-08-20","Extra Credit - Each",0.32,1.06
946,2026-08-21,"2026-08-20","UCA/KWA",1,79.79
463,2026-08-21,"2026-08-20","Dark Bar 72% - Package",3,3
463,2026-08-21,"2026-08-20","Eggs - Dozen",1,6.5
463,2026-08-21,"2026-08-20","Ground Beef - D&M - Lb.",1,10.5
463,2026-08-21,"2026-08-20","Hummus Choice ($6.75) - Tub",1,6.75
463,2026-08-21,"2026-08-20","Extra Credit - Each",6.5,1.06
463,2026-08-21,"2026-08-20","Mini",1,53.2
979,2026-08-21,"2026-08-20","Mothership Pickup Time (1.0 @3:30-4) - @3:30-4",1,0
979,2026-08-21,"2026-08-20","Black Pepper Cheddar - Each",1,6.75
979,2026-08-21,"2026-08-20","Mustard (1.0 Garlic) - Garlic",1,6.5
979,2026-08-21,"2026-08-20","Oat Porridge Bread - T - Each",1,9
979,2026-08-21,"2026-08-20","Pork - Bratwurst  - Pack",1,8.5
979,2026-08-21,"2026-08-20","Extra Credit - Each",9,1.06
979,2026-08-21,"2026-08-20","Half",1,84.79
