"member_id","file_date","delivery_date","item_unit","sales","price"
704,2026-08-14,"2026-08-05","Eggs - BW - Dozen",1,6.5
704,2026-08-14,"2026-08-05","Mothership Pickup Time (2.0 @4-4:30) - @4-4:30",1,0
704,2026-08-14,"2026-08-05","FF Dish - Saag Paneer - Pint",1,13.5
704,2026-08-14,"2026-08-05","Ground Beef - D&M - Lb.",1,10.5
704,2026-08-14,"2026-08-05","Extra Credit - Each",0.25,1.06
704,2026-08-14,"2026-08-05","FSA/FSD",1,79.79
335,2026-08-14,"2026-08-05","Ground Turkey - Pack",1,10.25
335,2026-08-14,"2026-08-05","Jam - Blackberry HBY - Pint",1,7.75
335,2026-08-14,"2026-08-05","Mothership Pickup Time (3.0 @4:30-5) - @4:30-5",1,0
335,2026-08-14,"2026-08-05","Carrots - Lb.",1,6
335,2026-08-14,"2026-08-05","English Muffin Sourdough - Frozen - Pack",2,5
335,2026-08-14,"2026-08-05","Mushrooms (1.0 Oyster) - Oyster",1,8
335,2026-08-14,"2026-08-05","Sweet Corn - 5-pack",1,3.25
335,2026-08-14,"2026-08-05","Extra Credit - Each",16,1.06
335,2026-08-14,"2026-08-05","Mini",1,53.2
1045,2026-08-14,"2026-08-05","Mothership Pickup Time (2.0 @4-4:30) - @4-4:30",1,0
1045,2026-08-14,"2026-08-05","Food Pantry Donation - $",1,1
1045,2026-08-14,"2026-08-05","XO! Green Bags Donation - $",1,1
1045,2026-08-14,"2026-08-05","Aged Cheddar - HBC - Each",1,6.75
1045,2026-08-14,"2026-08-05","Eggs - Dozen",1,6.5
1045,2026-08-14,"2026-08-05","English Muffin Sourdough - Frozen - Pack",1,5
1045,2026-08-14,"2026-08-05","Sesame Hoagie -W - Each",1,3.8
1045,2026-08-14,"2026-08-05","Sweet Corn - 5-pack",1,3.25
1045,2026-08-14,"2026-08-05","Extra Credit - Each",0.05,1.06
1045,2026-08-14,"2026-08-05","Half",1,84.79
1983,2026-08-14,"2026-08-05","Eggs - BW - Dozen",2,6.5
1983,2026-08-14,"2026-08-05","Peanut Butter MC - Tub",1,7.75
1983,2026-08-14,"2026-08-05","Beef - Stew Meat - Pack",1,10.5
1983,2026-08-14,"2026-08-05","Blackberries - Pint",1,7
1983,2026-08-14,"2026-08-05","Cantaloupe (1.0 Medium) - Medium",1,7
1983,2026-08-14,"2026-08-05","Tomatoes - Sungold - Pint",1,7
1983,2026-08-14,"2026-08-05","Extra Credit - Each",23,1.06
1983,2026-08-14,"2026-08-05","Mini",1,53.2
903,2026-08-14,"2026-08-05","Mothership Pickup Time (1.0 @3:30-4) - @3:30-4",1,0
903,2026-08-14,"2026-08-05","Chicken Wings/lb. - lbs",2,20.9
903,2026-08-14,"2026-08-05","Hoagie - Wednesday - Each",1,3.5
903,2026-08-14,"2026-08-05","Mushrooms - Choice",1,8
903,2026-08-14,"2026-08-05","Olive Oil Small - ML",1,8.5
903,2026-08-14,"2026-08-05","Tomatoes - Sungold - Pint",1,7
903,2026-08-14,"2026-08-05","Extra Credit - Each",39.55,1.06
903,2026-08-14,"2026-08-05","Mini",1,53.2
1197,2026-08-14,"2026-08-05","Eggs - BW - Dozen",2,6.5
1197,2026-08-14,"2026-08-05","Bagels - Everything - Frozen - Bag",1,6.75
1197,2026-08-14,"2026-08-05","Cantaloupe (1.0 Medium) - Medium",1,7
1197,2026-08-14,"2026-08-05","Cinnamon Rolls - Frozen - Pack",1,6.75
1197,2026-08-14,"2026-08-05","German Quark HBC - Jar",1,6.75
1197,2026-08-14,"2026-08-05","Peaches - Bag",1,7
1197,2026-08-14,"2026-08-05","Peppers - Lunchbox - Bag",1,7
1197,2026-08-14,"2026-08-05","Peppers - Shishitos - Bag",1,7
1197,2026-08-14,"2026-08-05","Tomatoes - Sungold - Pint",1,7
1197,2026-08-14,"2026-08-05","Extra Credit - Each",68.25,1.06
1039,2026-08-14,"2026-08-05","Tomatoes - Green - Bag",1,6
1039,2026-08-14,"2026-08-05","UCity Pickup Time (3.0 @5-5:30) - @5-5:30",1,0
1039,2026-08-14,"2026-08-05","Cabbage - Red - Share",1,5
1039,2026-08-14,"2026-08-05","Chicken Breasts /lb. - Pack",1,10.71
1039,2026-08-14,"2026-08-05","Leeks - Bunch",2,6
1039,2026-08-14,"2026-08-05","Mushrooms (1.0 Chestnut) - Chestnut",1,8
1039,2026-08-14,"2026-08-05","Peaches - Bag",1,7
1039,2026-08-14,"2026-08-05","Extra Credit - Each",11.96,1.06
1039,2026-08-14,"2026-08-05","UCA/KWA",1,79.79
618,2026-08-14,"2026-08-05","Mothership Pickup Time (4.0 @5-5:30) - @5-5:30",1,0
618,2026-08-14,"2026-08-05","Hummus - Carrot & Ginger - Tub",1,6.75
618,2026-08-14,"2026-08-05","Olive Oil Small - ML",1,8.5
618,2026-08-14,"2026-08-05","Peppers - Shishitos - Bag",1,7
618,2026-08-14,"2026-08-05","Yogurt - Vanilla - Oz.",1,7.25
618,2026-08-14,"2026-08-05","Extra Credit - Each",0.25,1.06
618,2026-08-14,"2026-08-05","Mini",1,53.2
1830,2026-08-14,"2026-08-05","Cashew Butter - Roasted - Pint",1,11.75
1830,2026-08-14,"2026-08-05","Pepitas - Oz.",1,7.75
1830,2026-08-14,"2026-08-05","Mothership Pickup Time - @6:30-7",1,0
1830,2026-08-14,"2026-08-05","Chicken Breasts /lb. - Pack",1,13.6
1830,2026-08-14,"2026-08-05","Rice - Basmati Brown - Lb.",1,7.5
1830,2026-08-14,"2026-08-05","Extra Credit - Each",8.85,1.06
1830,2026-08-14,"2026-08-05","Mini",1,53.2
1830,2026-08-14,"2026-08-05","2% MILK",1,8.85
1968,2026-08-14,"2026-08-05","Eggs - BW - Dozen",1,6.5
1968,2026-08-14,"2026-08-05","Mothership Pickup Time (2.0 @4-4:30) - @4-4:30",1,0
1968,2026-08-14,"2026-08-05","Beef Kabob Meat - Lb.",1,12.75
1968,2026-08-14,"2026-08-05","Mushrooms (1.0 Lion's Mane) - Lion's Mane",1,8
1968,2026-08-14,"2026-08-05","RL Chocolate Milk - Bottle",1,2.75
1968,2026-08-14,"2026-08-05","Extra Credit - Each",0.75,1.06
1968,2026-08-14,"2026-08-05","Mini",1,53.2
282,2026-08-14,"2026-08-05","Eggs - Dozen",1,6.5
282,2026-08-14,"2026-08-05","Kairos Sourdough Choice $5 - Pack",1,5
282,2026-08-14,"2026-08-05","Pork - Breakfast Bulk - Pack",1,8.5
282,2026-08-14,"2026-08-05","Yogurt Wildcard ($7.25) - Each",1,7.25
282,2026-08-14,"2026-08-05","Half",1,84.79
1203,2026-08-14,"2026-08-05","Cheese Choice $6.75 - Each",1,6.75
1203,2026-08-14,"2026-08-05","Del Carmen Choice - Tub",1,6.5
1203,2026-08-14,"2026-08-05","Eggs - Dozen",1,6.5
1203,2026-08-14,"2026-08-05","Ground Beef - D&M - Lb.",1,10.5
1203,2026-08-14,"2026-08-05","Okra  - Bag",1,6
1203,2026-08-14,"2026-08-05","Extra Credit - Each",6,1.06
1203,2026-08-14,"2026-08-05","FSA/FSD",1,79.79
444,2026-08-14,"2026-08-05","UCity Pickup Time - @4:10-4:30",1,0
444,2026-08-14,"2026-08-05","Chicken - Thighs /lbs  - lbs",1,6.6
444,2026-08-14,"2026-08-05","Pork Shoulder Small/lb. - Pack",1,91.6
444,2026-08-14,"2026-08-05","Pretzel - UL Wednesday - Each",1,3.75
444,2026-08-14,"2026-08-05","RL Chocolate Milk - Bottle",2,2.75
444,2026-08-14,"2026-08-05","Ravioli - Butternut Squash  - Lb.",2,9.15
444,2026-08-14,"2026-08-05","Semolina - Wednesday - Loaf",1,7
444,2026-08-14,"2026-08-05","Tomatoes - Black Cherry - Pint",1,6
444,2026-08-14,"2026-08-05","Extra Credit - Each",102,1.06
444,2026-08-14,"2026-08-05","UCA/KWA",1,79.79
828,2026-08-14,"2026-08-05","UCity Pickup Time - @4:10-4:30",1,0
828,2026-08-14,"2026-08-05","Apple Sauce - w/sugar - qt. - Jar",1,7.75
828,2026-08-14,"2026-08-05","Chicken Links - Apple Cinnamon - Lb.",1,10.5
828,2026-08-14,"2026-08-05","Mustard (1.0 Honey) - Honey",1,6.5
828,2026-08-14,"2026-08-05","Yogurt - Blueberry - Oz.",1,7.25
828,2026-08-14,"2026-08-05","Extra Credit - Each",2.75,1.06
828,2026-08-14,"2026-08-05","Mini",1,53.2
1799,2026-08-14,"2026-08-05","Cheese Choice $6.75 - Each",1,6.75
1799,2026-08-14,"2026-08-05","Del Carmen Choice - Tub",1,6.5
1799,2026-08-14,"2026-08-05","Eggs - Dozen",1,6.5
1799,2026-08-14,"2026-08-05","Ground Beef - D&M - Lb.",1,10.5
1799,2026-08-14,"2026-08-05","FSA/FSD",1,79.79
1286,2026-08-14,"2026-08-05","Mothership Pickup Time (1.0 @3:30-4) - @3:30-4",1,0
1286,2026-08-14,"2026-08-05","Coconut Oil Quart - Quart",1,12
1286,2026-08-14,"2026-08-05","Flaked Salmon - Lb.",1,16.14
1286,2026-08-14,"2026-08-05","Extra Credit - Each",0.89,1.06
1286,2026-08-14,"2026-08-05","Half",1,84.79
1124,2026-08-14,"2026-08-05","Mothership Pickup Time (5.0 @5:30-6) - @5:30-6",1,0
1124,2026-08-14,"2026-08-05","Blackberries - Pint",1,7
1124,2026-08-14,"2026-08-05","Chicken - Thighs /lbs  - lbs",1,7.92
1124,2026-08-14,"2026-08-05","Eggs - Dozen",1,6.5
1124,2026-08-14,"2026-08-05","Tomatoes - Slicing - Bag",1,6.5
1124,2026-08-14,"2026-08-05","Extra Credit - Each",0.67,1.06
1124,2026-08-14,"2026-08-05","Half",1,84.79
296,2026-08-14,"2026-08-05","Mothership Pickup Time (2.0 @4-4:30) - @4-4:30",1,0
296,2026-08-14,"2026-08-05","Buttermilk Waffles Sourdough - Frozen - Pack",1,5
296,2026-08-14,"2026-08-05","Eggs - Dozen",1,6.5
296,2026-08-14,"2026-08-05","Herb - Purple Basil - Herb",1,4
296,2026-08-14,"2026-08-05","Light and Mild - Wednesday - Loaf",1,8.25
296,2026-08-14,"2026-08-05","Peaches - Bag",1,7
296,2026-08-14,"2026-08-05","Peppers - Jalapenos - 5-pack",1,3.5
296,2026-08-14,"2026-08-05","Peppers - Jimmy Nordello - Bag",1,7
296,2026-08-14,"2026-08-05","Pork - Breakfast Bulk - Pack",1,8.5
296,2026-08-14,"2026-08-05","Squash - Summer - Each",1,3
296,2026-08-14,"2026-08-05","Sweet Corn - 5-pack",1,3.25
296,2026-08-14,"2026-08-05","Yogurt - Plain - Oz.",1,7.25
296,2026-08-14,"2026-08-05","Extra Credit - Each",36,1.06
296,2026-08-14,"2026-08-05","Half",1,84.79
919,2026-08-14,"2026-08-05","Mothership Pickup Time (1.0 @3:30-4) - @3:30-4",1,0
919,2026-08-14,"2026-08-05","Chicken - Ground - Lb.",1,10.25
919,2026-08-14,"2026-08-05","Dark Bar 72% - Package",1,3
919,2026-08-14,"2026-08-05","Eggs - Dozen",1,6.5
919,2026-08-14,"2026-08-05","Peppers - Jalapenos - 5-pack",1,3.5
919,2026-08-14,"2026-08-05","Rice - White - Lb.",1,6.5
919,2026-08-14,"2026-08-05","Extra Credit - Each",2.5,1.06
919,2026-08-14,"2026-08-05","Half",1,84.79
31,2026-08-14,"2026-08-05","Peanut Butter EW - Pint",1,7.75
31,2026-08-14,"2026-08-05","XO! Green Bags Donation - $",1,1
31,2026-08-14,"2026-08-05","Eggs - Dozen",1,6.5
31,2026-08-14,"2026-08-05","Janie's Bread - Wednesday - Each",1,7
31,2026-08-14,"2026-08-05","Light and Mild - Wednesday - Loaf",1,8.25
31,2026-08-14,"2026-08-05","Salmon - Fillet Pieces/LB* - Each",2,8.8
31,2026-08-14,"2026-08-05","Extra Credit - Each",10.85,1.06
31,2026-08-14,"2026-08-05","Half",1,64.79
31,2026-08-14,"2026-08-05","2% MILK",0,8.85
611,2026-08-14,"2026-08-05","Mothership Pickup Time (5.0 @5:30-6) - @5:30-6",1,0
611,2026-08-14,"2026-08-05","Cheese Choice $6.75 - Each",1,6.75
611,2026-08-14,"2026-08-05","Del Carmen Choice - Tub",1,6.5
611,2026-08-14,"2026-08-05","Eggs - Dozen",1,6.5
611,2026-08-14,"2026-08-05","Ground Beef - D&M - Lb.",1,10.5
611,2026-08-14,"2026-08-05","FSA/FSD",1,79.79
570,2026-08-14,"2026-08-05","UCity Pickup Time - @4:10-4:30",1,0
570,2026-08-14,"2026-08-05","Eggs - Dozen",1,6.5
570,2026-08-14,"2026-08-05","Kairos Sourdough Choice $5 - Pack",1,5
570,2026-08-14,"2026-08-05","Mustard (1.0 Horseradish) - Horseradish",1,6.5
570,2026-08-14,"2026-08-05","Pork - Breakfast Bulk - Pack",1,8.5
570,2026-08-14,"2026-08-05","Yogurt Wildcard ($7.25) - Each",1,7.25
570,2026-08-14,"2026-08-05","Extra Credit - Each",6.5,1.06
570,2026-08-14,"2026-08-05","Half",1,68.89
1154,2026-08-14,"2026-08-05","Mothership Pickup Time (3.0 @4:30-5) - @4:30-5",1,0
1154,2026-08-14,"2026-08-05","Bagels - Cinnamon Raisin - BU - Bag",1,11.25
1154,2026-08-14,"2026-08-05","Bagels - Honey Buckwheat - BU - Bag",1,11.25
1154,2026-08-14,"2026-08-05","Chicken Thighs - Boneless/lb. - lbs",2,9.63
1154,2026-08-14,"2026-08-05","Mushrooms (1.0 Lion's Mane) - Lion's Mane",2,8
1154,2026-08-14,"2026-08-05","Extra Credit - Each",28.51,1.06
1154,2026-08-14,"2026-08-05","Mini",1,53.2
541,2026-08-14,"2026-08-05","Milk - Whole - Oz.",1,8.32
541,2026-08-14,"2026-08-05","UCity Pickup Time (2.0 @4:30-5) - @4:30-5",1,0
541,2026-08-14,"2026-08-05","XO! Green Bags Donation - $",1,1
541,2026-08-14,"2026-08-05","Carrots - Lb.",1,6
541,2026-08-14,"2026-08-05","Mushrooms (1.0 King Oyster (French Horn)) - King Oyster (French Horn)",1,8
541,2026-08-14,"2026-08-05","Peppers - Shishitos - Bag",1,7
541,2026-08-14,"2026-08-05","Tomatoes - Sungold - Pint",1,7
541,2026-08-14,"2026-08-05","Extra Credit - Each",0.57,1.06
541,2026-08-14,"2026-08-05","UCA/KWA",1,79.79
1559,2026-08-14,"2026-08-05","Cucumbers - Pickling - Bag",1,3.5
1559,2026-08-14,"2026-08-05","Eggs - BW - Dozen",1,6.5
1559,2026-08-14,"2026-08-05","Pepitas - Oz.",1,7.75
1559,2026-08-14,"2026-08-05","Bacon - Uncured/lb - Pack",1,15.71
1559,2026-08-14,"2026-08-05","Cabbage - Red - Share",1,5
1559,2026-08-14,"2026-08-05","Olive Oil Small - ML",1,8.5
1559,2026-08-14,"2026-08-05","Rice - Basmati Brown - Lb.",1,7.5
1559,2026-08-14,"2026-08-05","Soy Sauce - Mushroom - Bottle",1,7.5
1559,2026-08-14,"2026-08-05","Squash - Summer - Each",1,3
1559,2026-08-14,"2026-08-05","Stringbean Ethiopian - Bag",1,16
1559,2026-08-14,"2026-08-05","Extra Credit - Each",51.71,1.06
1559,2026-08-14,"2026-08-05","Mini",1,53.2
1622,2026-08-14,"2026-08-05","Mothership Pickup Time (2.0 @4-4:30) - @4-4:30",1,0
1622,2026-08-14,"2026-08-05","Beef Kabob Meat - Lb.",1,12.75
1622,2026-08-14,"2026-08-05","Dark Chocolate Almond Bar - Pack",1,4.95
1622,2026-08-14,"2026-08-05","Mushrooms - Choice",1,8
1622,2026-08-14,"2026-08-05","Okra  - Bag",1,6
1622,2026-08-14,"2026-08-05","Extra Credit - Each",2.45,1.06
1622,2026-08-14,"2026-08-05","Mini",1,53.2
1098,2026-08-14,"2026-08-05","Eggs - BW - Dozen",2,6.5
1098,2026-08-14,"2026-08-05","UCity Pickup Time - @4:10-4:30",1,0
1098,2026-08-14,"2026-08-05","XO - Cooler Donation - $",1,1
1098,2026-08-14,"2026-08-05","Cantaloupe (1.0 Medium) - Medium",1,7
1098,2026-08-14,"2026-08-05","Ground Beef - D&M - Lb.",1,10.5
1098,2026-08-14,"2026-08-05","Okra  - Bag",1,6
1098,2026-08-14,"2026-08-05","Peppers - Colored Bell - 3-pack",1,4
1098,2026-08-14,"2026-08-05","Squash - Summer - Each",1,3
1098,2026-08-14,"2026-08-05","Sweet Corn - 5-pack",1,3.25
1098,2026-08-14,"2026-08-05","Watermelon - Seedless - Each",1,8
1098,2026-08-14,"2026-08-05","Extra Credit - Each",24,1.06
1098,2026-08-14,"2026-08-05","Mini",1,53.2
1098,2026-08-14,"2026-08-05","2% MILK-o",1,8.85
557,2026-08-14,"2026-08-05","Mothership Pickup Time (1.0 @3:30-4) - @3:30-4",1,0
557,2026-08-14,"2026-08-05","Aged Cheddar - HBC - Each",1,6.75
557,2026-08-14,"2026-08-05","Eggs - Dozen",1,6.5
557,2026-08-14,"2026-08-05","Ground Beef - D&M - Lb.",1,10.5
557,2026-08-14,"2026-08-05","Pasta Bi-color Short - Lb.",1,6.5
557,2026-08-14,"2026-08-05","FSA/FSD",1,79.79
288,2026-08-14,"2026-08-05","Mothership Pickup Time (1.0 @3:30-4) - @3:30-4",1,0
288,2026-08-14,"2026-08-05","Donation to Food Pantry - Each",1,1
288,2026-08-14,"2026-08-05","Paper for Paper - Donation - $",1,1
288,2026-08-14,"2026-08-05","Chicken Chorizo - Lb.",1,10.5
288,2026-08-14,"2026-08-05","Mushrooms (1.0 Lion's Mane) - Lion's Mane",1,8
288,2026-08-14,"2026-08-05","Olive Oil Small - ML",1,8.5
288,2026-08-14,"2026-08-05","Mini",1,53.2
391,2026-08-14,"2026-08-05","Beef Kabob Meat - Lb.",1,12.75
391,2026-08-14,"2026-08-05","Mushrooms - Choice",1,8
391,2026-08-14,"2026-08-05","Olive Oil Small - ML",1,8.5
391,2026-08-14,"2026-08-05","Mini",1,53.2
824,2026-08-14,"2026-08-05","Chicken - Ground - Lb.",2,10.25
824,2026-08-14,"2026-08-05","Mushrooms - Choice",1,8
824,2026-08-14,"2026-08-05","Mini",1,53.2
431,2026-08-14,"2026-08-05","Eggs - Dozen",1,6.5
431,2026-08-14,"2026-08-05","Kairos Sourdough Choice $5 - Pack",1,5
431,2026-08-14,"2026-08-05","Pork - Breakfast Bulk - Pack",1,8.5
431,2026-08-14,"2026-08-05","Yogurt Wildcard ($7.25) - Each",1,7.25
431,2026-08-14,"2026-08-05","Half",1,84.79
207,2026-08-14,"2026-08-05","Mushrooms - Choice",1,8
207,2026-08-14,"2026-08-05","Potatoes - New - Bag",1,5.75
207,2026-08-14,"2026-08-05","Sweet Corn - 5-pack",1,3.25
207,2026-08-14,"2026-08-05","Tomatoes - Slicing - Bag",1,6.5
207,2026-08-14,"2026-08-05","Tomatoes - Sungold - Pint",1,7
207,2026-08-14,"2026-08-05","Extra Credit - Each",1.25,1.06
207,2026-08-14,"2026-08-05","Mini",1,53.2
100,2026-08-14,"2026-08-05","Chicken - Big Bag Deboned Thighs/lb. - Bag",1,41.75
100,2026-08-14,"2026-08-05","Mothership Pickup Time (3.0 @4:30-5) - @4:30-5",1,0
100,2026-08-14,"2026-08-05","Beef Kabob Meat - Lb.",1,12.75
100,2026-08-14,"2026-08-05","Boneless Pork Chop - D&M /lb - Lb.",1,11.88
100,2026-08-14,"2026-08-05","Milk Chocolate Bar - Pack",1,3
100,2026-08-14,"2026-08-05","Pork Snack Sticks - Honey 4pk - Pack",1,10.3
100,2026-08-14,"2026-08-05","Extra Credit - Each",50.43,1.06
100,2026-08-14,"2026-08-05","Mini",1,53.2
98,2026-08-14,"2026-08-05","Eggs - BW - Dozen",1,6.5
98,2026-08-14,"2026-08-05","UCity Pickup Time (2.0 @4:30-5) - @4:30-5",1,0
98,2026-08-14,"2026-08-05","Honey - Pint - Jar",1,11.5
98,2026-08-14,"2026-08-05","Peaches - Bag",1,7
98,2026-08-14,"2026-08-05","Ravioli - 4-Cheese - Lb.",1,9.15
98,2026-08-14,"2026-08-05","Squash - Summer - Each",1,3
98,2026-08-14,"2026-08-05","Squash - Zucchini - Each",1,3
98,2026-08-14,"2026-08-05","Sweet Corn - 5-pack",1,3.25
98,2026-08-14,"2026-08-05","Tomatoes - Heirloom - Bag",1,9
98,2026-08-14,"2026-08-05","Tomatoes - Slicing - Bag",1,6.5
98,2026-08-14,"2026-08-05","Tortillas Sourdough - Frozen - Pack",1,5
98,2026-08-14,"2026-08-05","Extra Credit - Each",63.9,1.06
99,2026-08-14,"2026-08-05","Ground Turkey - Pack",1,10.25
99,2026-08-14,"2026-08-05","Mothership Pickup Time (3.0 @4:30-5) - @4:30-5",1,0
99,2026-08-14,"2026-08-05","Chicken Thighs - Boneless/lb. - lbs",1,9.63
99,2026-08-14,"2026-08-05","Eggs - Dozen",1,6.5
99,2026-08-14,"2026-08-05","Leeks - Bunch",1,6
99,2026-08-14,"2026-08-05","Mushrooms (1.0 Shiitake) - Shiitake",1,8
99,2026-08-14,"2026-08-05","Peppers - Carmen - 2-pack",2,4.5
99,2026-08-14,"2026-08-05","Peppers - Red Bell XL - 1-each",1,2.5
99,2026-08-14,"2026-08-05","Extra Credit - Each",21.63,1.06
77,2026-08-14,"2026-08-05","Mothership Pickup Time (1.0 @3:30-4) - @3:30-4",1,0
77,2026-08-14,"2026-08-05","Flour - All Purpose 5 lb - Bag",1,8.5
77,2026-08-14,"2026-08-05","Lasagna (1.0 Cheese) - Cheese",1,15
77,2026-08-14,"2026-08-05","Potatoes - New - Bag",1,5.75
77,2026-08-14,"2026-08-05","Mini",1,53.2
578,2026-08-14,"2026-08-05","Beef Kabob Meat - Lb.",1,12.75
578,2026-08-14,"2026-08-05","Cabbage - Red - Share",1,5
578,2026-08-14,"2026-08-05","Eggplant - Globe - Each",2,3
578,2026-08-14,"2026-08-05","Potatoes - Purple Viking - lbs",1,6
578,2026-08-14,"2026-08-05","Tomatoes - Black Cherry - Pint",1,6
578,2026-08-14,"2026-08-05","Tomatoes - Slicing - Bag",1,6.5
578,2026-08-14,"2026-08-05","Extra Credit - Each",13,1.06
578,2026-08-14,"2026-08-05","Mini",1,53.2
837,2026-08-14,"2026-08-05","Cucumbers - Pickling - Bag",1,3.5
837,2026-08-14,"2026-08-05","Mothership Pickup Time (2.0 @4-4:30) - @4-4:30",1,0
837,2026-08-14,"2026-08-05","Eggs - H - Dozen",2,6.5
837,2026-08-14,"2026-08-05","Ground Beef - D&M - Lb.",2,10.5
837,2026-08-14,"2026-08-05","Peppers - Carmen - 2-pack",1,4.5
837,2026-08-14,"2026-08-05","Pork - Ground  - Lb.",2,7.5
837,2026-08-14,"2026-08-05","Pork Breakfast Link D&M - Pack",1,8.5
837,2026-08-14,"2026-08-05","Pork Italian Bulk - D&M - Lb.",1,8.5
837,2026-08-14,"2026-08-05","Sweet Corn - 5-pack",1,3.25
837,2026-08-14,"2026-08-05","Tomatoes - Funky Bunch - Pint",1,5.75
837,2026-08-14,"2026-08-05","Extra Credit - Each",83,1.06
401,2026-08-14,"2026-08-05","UCity Pickup Time - @4:10-4:30",1,0
401,2026-08-14,"2026-08-05","Cantaloupe (1.0 Medium) - Medium",1,7
401,2026-08-14,"2026-08-05","Cucumbers - Slicing - Each",1,2
401,2026-08-14,"2026-08-05","Peppers - Banana - 4-pack",1,4.25
401,2026-08-14,"2026-08-05","Peppers - Carmen - 2-pack",1,4.5
401,2026-08-14,"2026-08-05","Peppers - Colored Bell - 3-pack",1,4
401,2026-08-14,"2026-08-05","Peppers - Lunchbox - Bag",2,7
401,2026-08-14,"2026-08-05","Peppers - Marconi - 1-each",1,2.5
401,2026-08-14,"2026-08-05","Peppers - Red Bell XL - 1-each",1,2.5
401,2026-08-14,"2026-08-05","Tomatoes - Black Cherry - Pint",1,6
401,2026-08-14,"2026-08-05","Tomatoes - Funky Bunch - Pint",2,5.75
401,2026-08-14,"2026-08-05","Tomatoes - Sungold - Pint",2,7
401,2026-08-14,"2026-08-05","Watermelon - Sugar Baby - Each",1,4.5
401,2026-08-14,"2026-08-05","Extra Credit - Each",47.5,1.06
401,2026-08-14,"2026-08-05","Mini",1,53.2
1997,2026-08-14,"2026-08-05","UCity Pickup Time (3.0 @5-5:30) - @5-5:30",1,0
1997,2026-08-14,"2026-08-05","Eggs - Dozen",1,6.5
1997,2026-08-14,"2026-08-05","Kairos Sourdough Choice $5 - Pack",1,5
1997,2026-08-14,"2026-08-05","Pork - Breakfast Bulk - Pack",1,8.5
1997,2026-08-14,"2026-08-05","Yogurt Wildcard ($7.25) - Each",1,7.25
1997,2026-08-14,"2026-08-05","Half",1,68.89
1923,2026-08-14,"2026-08-05","Jam - Red Cherry HBY - Pint",1,7.75
1923,2026-08-14,"2026-08-05","UCity Pickup Time (2.0 @4:30-5) - @4:30-5",1,0
1923,2026-08-14,"2026-08-05","Chicken - Ground - Lb.",1,10.25
1923,2026-08-14,"2026-08-05","Clean Plate Pantry Choice ($12) - Jar",1,12
1923,2026-08-14,"2026-08-05","Dark Bar 61% - Package",1,3
1923,2026-08-14,"2026-08-05","Leeks - Bunch",1,6
1923,2026-08-14,"2026-08-05","Mexican Dark Bark - Package",1,7.5
1923,2026-08-14,"2026-08-05","Peppers - Jalapenos - 5-pack",1,3.5
1923,2026-08-14,"2026-08-05","Peppers - Red Bell XL - 1-each",1,2.5
1923,2026-08-14,"2026-08-05","oo'ma'me - Chinese - Jar",1,12.5
1923,2026-08-14,"2026-08-05","Extra Credit - Each",28.25,1.06
1923,2026-08-14,"2026-08-05","UCA/KWA",1,79.79
1174,2026-08-14,"2026-08-05","Stringbean Malawi Peaberry - Oz.",1,16
1174,2026-08-14,"2026-08-05","Mothership Pickup Time (1.0 @3:30-4) - @3:30-4",1,0
1174,2026-08-14,"2026-08-05","Eggs - Dozen",1,6.5
1174,2026-08-14,"2026-08-05","Peaches - Bag",1,7
1174,2026-08-14,"2026-08-05","Pretzel - UL Wednesday - Each",1,3.75
1174,2026-08-14,"2026-08-05","Extra Credit - Each",6,1.06
1174,2026-08-14,"2026-08-05","Half",1,84.79
1879,2026-08-14,"2026-08-05","Mothership Pickup Time (3.0 @4:30-5) - @4:30-5",1,0
1879,2026-08-14,"2026-08-05","Beef Kabob Meat - Lb.",1,12.75
1879,2026-08-14,"2026-08-05","Mushrooms (1.0 Oyster) - Oyster",1,8
1879,2026-08-14,"2026-08-05","Olive Oil Small - ML",1,8.5
1879,2026-08-14,"2026-08-05","Mini",1,53.2
727,2026-08-14,"2026-08-05","Beef Kabob Meat - Lb.",1,13.26
727,2026-08-14,"2026-08-05","Eggs - H - Dozen",1,6.5
727,2026-08-14,"2026-08-05","Mushrooms - Choice",1,8
727,2026-08-14,"2026-08-05","Tomatoes - Funky Bunch - Pint",1,5.75
727,2026-08-14,"2026-08-05","UCA/KWA",1,79.79
373,2026-08-14,"2026-08-05","Stringbean Malawi Peaberry - Oz.",1,16
373,2026-08-14,"2026-08-05","UCity Pickup Time (3.0 @5-5:30) - @5-5:30",1,0
373,2026-08-14,"2026-08-05","Dark Chocolate Almond Bar - Pack",1,4.95
373,2026-08-14,"2026-08-05","Peaches - Bag",1,7
373,2026-08-14,"2026-08-05","Tortellini - Cheese - Lb.",1,9.15
373,2026-08-14,"2026-08-05","UCA/KWA",1,79.79
1498,2026-08-14,"2026-08-05","UCity Pickup Time (2.0 @4:30-5) - @4:30-5",1,0
1498,2026-08-14,"2026-08-05","Carrots - Lb.",1,6
1498,2026-08-14,"2026-08-05","Mushrooms - Choice",1,8
1498,2026-08-14,"2026-08-05","Olive Oil Small - ML",1,8.5
1498,2026-08-14,"2026-08-05","Peppers - Red Bell XL - 1-each",1,2.5
1498,2026-08-14,"2026-08-05","Watermelon - Sugar Baby - Each",1,4.5
1498,2026-08-14,"2026-08-05","Extra Credit - Each",0.25,1.06
1498,2026-08-14,"2026-08-05","Mini",1,53.2
526,2026-08-14,"2026-08-05","Ground Turkey - Pack",1,10.25
526,2026-08-14,"2026-08-05","Milk - Chocolate - Oz.",1,9.39
526,2026-08-14,"2026-08-05","UCity Pickup Time - @4:10-4:30",1,0
526,2026-08-14,"2026-08-05","Donation to Food Pantry - Each",2,1
526,2026-08-14,"2026-08-05","Eggs - H - Dozen",1,6.5
526,2026-08-14,"2026-08-05","Oat Porridge Bread - Wednesday - Loaf",1,9
526,2026-08-14,"2026-08-05","Extra Credit - Each",0.39,1.06
526,2026-08-14,"2026-08-05","UCA/KWA",1,79.79
42,2026-08-14,"2026-08-05","Cucumbers - Pickling - Bag",2,3.5
42,2026-08-14,"2026-08-05","Eggs - BW - Dozen",2,6.5
42,2026-08-14,"2026-08-05","UCity Pickup Time - @4:10-4:30",1,0
42,2026-08-14,"2026-08-05","Bacon - Each",1,13.5
42,2026-08-14,"2026-08-05","Carrots - Lb.",1,6
42,2026-08-14,"2026-08-05","Marinara Sauce - Jar",1,8.75
42,2026-08-14,"2026-08-05","Extra Credit - Each",11.5,1.06
42,2026-08-14,"2026-08-05","UCA/KWA",1,79.79
1030,2026-08-14,"2026-08-05","Chevre PF (1.0 Plain) - Plain",1,8.5
1030,2026-08-14,"2026-08-05","Hot Sauce - Green - Oz.",1,7.25
1030,2026-08-14,"2026-08-05","Mushrooms - Choice",1,8
1030,2026-08-14,"2026-08-05","Pasta Long Bi-color - Lb.",1,6.5
1030,2026-08-14,"2026-08-05","Semolina - Wednesday - Loaf",1,7
1030,2026-08-14,"2026-08-05","Extra Credit - Each",0.5,1.06
1030,2026-08-14,"2026-08-05","UCA/KWA",1,79.79
1448,2026-08-14,"2026-08-05","Lamb Gyro w/ Feta & Spinach - Lb.",1,18
1448,2026-08-14,"2026-08-05","Peppers - Shishitos - Bag",1,7
1448,2026-08-14,"2026-08-05","Tomatoes - Sungold - Pint",1,7
1448,2026-08-14,"2026-08-05","Extra Credit - Each",2.75,1.06
1448,2026-08-14,"2026-08-05","Mini",1,53.2
145,2026-08-14,"2026-08-05","Yellow Fingerlings - Lb.",1,5
145,2026-08-14,"2026-08-05","Salsa - Gringo's Medium - Pint",1,5
145,2026-08-14,"2026-08-05","Mothership Pickup Time (1.0 @3:30-4) - @3:30-4",1,0
145,2026-08-14,"2026-08-05","Cabbage - Red - Share",1,5
145,2026-08-14,"2026-08-05","Eggplant - Globe - Each",2,3
145,2026-08-14,"2026-08-05","Peppers - Red Bell XL - 1-each",1,2.5
145,2026-08-14,"2026-08-05","Tomatoes - Black Cherry - Pint",1,6
145,2026-08-14,"2026-08-05","Extra Credit - Each",0.25,1.06
145,2026-08-14,"2026-08-05","Mini",1,53.2
863,2026-08-14,"2026-08-05","Mothership Pickup Time (1.0 @3:30-4) - @3:30-4",1,0
863,2026-08-14,"2026-08-05","Black Beans DC - Tub",1,6.5
863,2026-08-14,"2026-08-05","Eggs - Dozen",1,6.5
863,2026-08-14,"2026-08-05","Feta Cheese - HBC - Each",1,6.75
863,2026-08-14,"2026-08-05","Ground Beef - D&M - Lb.",1,10.5
863,2026-08-14,"2026-08-05","FSA/FSD",1,79.79
190,2026-08-14,"2026-08-05","Mothership Pickup Time (3.0 @4:30-5) - @4:30-5",1,0
190,2026-08-14,"2026-08-05","Cantaloupe (1.0 Small) - Small",1,6
190,2026-08-14,"2026-08-05","Mushrooms - Choice",1,8
190,2026-08-14,"2026-08-05","Short Ribs/lbs. - lbs",1,20.5
190,2026-08-14,"2026-08-05","Watermelon - Seedless - Each",1,8
190,2026-08-14,"2026-08-05","Yogurt - Vanilla - Oz.",1,7.25
190,2026-08-14,"2026-08-05","Extra Credit - Each",20.5,1.06
190,2026-08-14,"2026-08-05","Mini",1,53.2
911,2026-08-14,"2026-08-05","Jam - Blueberry HBY - Pint",1,7.75
911,2026-08-14,"2026-08-05","Curry Sauce (1.0 Mango) - Mango",1,12
911,2026-08-14,"2026-08-05","Eggs - Dozen",1,6.5
911,2026-08-14,"2026-08-05","Flank Steak/lbs. - lbs",1,47.25
911,2026-08-14,"2026-08-05","Kairos Sourdough Choice $5 - Pack",1,5
911,2026-08-14,"2026-08-05","Pork - Breakfast Bulk - Pack",1,8.5
911,2026-08-14,"2026-08-05","Yogurt Wildcard ($7.25) - Each",1,7.25
911,2026-08-14,"2026-08-05","Extra Credit - Each",67,1.06
911,2026-08-14,"2026-08-05","Half",1,68.89
962,2026-08-14,"2026-08-05","Eggs - BW - Dozen",1,6.5
962,2026-08-14,"2026-08-05","Mothership Pickup Time (4.0 @5-5:30) - @5-5:30",1,0
962,2026-08-14,"2026-08-05","XO! Green Bags Donation - $",1,1
962,2026-08-14,"2026-08-05","Applewood Smoked Cheddar - Each",1,6.75
962,2026-08-14,"2026-08-05","Crunchy Peanut Butter - Jar",1,7.75
962,2026-08-14,"2026-08-05","English Muffin Sourdough - Frozen - Pack",1,5
962,2026-08-14,"2026-08-05","Half",1,84.79
125,2026-08-14,"2026-08-05","Yellow Fingerlings - Lb.",3,5
125,2026-08-14,"2026-08-05","Cucumbers - Pickling - Bag",2,3.5
125,2026-08-14,"2026-08-05","Blackberries - Frozen (1.0 Large) - Large",1,10.5
125,2026-08-14,"2026-08-05","Peppers - Marconi - 1-each",2,2.5
125,2026-08-14,"2026-08-05","Tomatoes - Sungold - Pint",1,7
125,2026-08-14,"2026-08-05","Extra Credit - Each",7.75,1.06
125,2026-08-14,"2026-08-05","UCA/KWA",1,79.79
1336,2026-08-14,"2026-08-05","UCity Pickup Time (3.0 @5-5:30) - @5-5:30",1,0
1336,2026-08-14,"2026-08-05","XO! Green Bags Donation - $",1,1
1336,2026-08-14,"2026-08-05","Chicken - Ground - Lb.",1,10.25
1336,2026-08-14,"2026-08-05","Hoagie - PIB Frozen - Bag",1,6.75
1336,2026-08-14,"2026-08-05","Hoagie - Wednesday - Each",1,3.5
1336,2026-08-14,"2026-08-05","Peppers - Jalapenos - 5-pack",1,3.5
1336,2026-08-14,"2026-08-05","Peppers - Lunchbox - Bag",1,7
1336,2026-08-14,"2026-08-05","Pork Italian Links - D&M - Each",1,8.5
1336,2026-08-14,"2026-08-05","Potatoes - New - Bag",1,5.75
1336,2026-08-14,"2026-08-05","Squash - Summer - Each",1,3
1336,2026-08-14,"2026-08-05","Extra Credit - Each",49.25,1.06
256,2026-08-14,"2026-08-05","Mothership Pickup Time (4.0 @5-5:30) - @5-5:30",1,0
256,2026-08-14,"2026-08-05","Brisket - half/lb. - lbs",1,10.5
256,2026-08-14,"2026-08-05","Mushrooms (1.0 Shiitake) - Shiitake",1,8
256,2026-08-14,"2026-08-05","Tomatoes - Heirloom - Bag",1,9
256,2026-08-14,"2026-08-05","Tomatoes - Sungold - Pint",1,7
256,2026-08-14,"2026-08-05","Extra Credit - Each",5.25,1.06
256,2026-08-14,"2026-08-05","Mini",1,53.2
235,2026-08-14,"2026-08-05","Eggs - H - Dozen",1,6.5
235,2026-08-14,"2026-08-05","Fresh Herb - Basil - Bunch",1,4
235,2026-08-14,"2026-08-05","Mozzarella HBC - Oz.",1,6.75
235,2026-08-14,"2026-08-05","Semolina - Wednesday - Loaf",1,7
235,2026-08-14,"2026-08-05","Sesame Hoagie -W - Each",1,3.8
235,2026-08-14,"2026-08-05","Watermelon - Sugar Baby - Each",1,4.5
235,2026-08-14,"2026-08-05","Extra Credit - Each",3.3,1.06
235,2026-08-14,"2026-08-05","Mini",1,53.2
356,2026-08-14,"2026-08-05","UCity Pickup Time (2.0 @4:30-5) - @4:30-5",1,0
356,2026-08-14,"2026-08-05","Beef - Filet 1-1.5#./lb - Pack",1,41.76
356,2026-08-14,"2026-08-05","Strip Steak /lb - Pack",1,12.29
356,2026-08-14,"2026-08-05","Extra Credit - Each",23.8,1.06
356,2026-08-14,"2026-08-05","Mini",1,53.2
520,2026-08-14,"2026-08-05","Milk - Whole - Oz.",1,8.32
520,2026-08-14,"2026-08-05","UCity Pickup Time - @4:10-4:30",1,0
520,2026-08-14,"2026-08-05","Cantaloupe (1.0 Medium) - Medium",1,7
520,2026-08-14,"2026-08-05","Pork Italian Bulk - D&M - Lb.",1,8.5
520,2026-08-14,"2026-08-05","Squash - Summer - Each",1,3
520,2026-08-14,"2026-08-05","Sweet Corn - 5-pack",1,3.25
520,2026-08-14,"2026-08-05","Mini",1,53.2
520,2026-08-14,"2026-08-05","Whole MILK",1,8.85
156,2026-08-14,"2026-08-05","Mothership Pickup Time (2.0 @4-4:30) - @4-4:30",1,0
156,2026-08-14,"2026-08-05","Bacon - Uncured/lb - Pack",1,16.62
156,2026-08-14,"2026-08-05","Cantaloupe (1.0 Medium) - Medium",1,7
156,2026-08-14,"2026-08-05","Chicken - Whole $5.00/lb. - Each",1,17.6
156,2026-08-14,"2026-08-05","Spicy Dill Pickles - Quart",1,7.75
156,2026-08-14,"2026-08-05","Extra Credit - Each",21.72,1.06
156,2026-08-14,"2026-08-05","Half",1,84.79
709,2026-08-14,"2026-08-05","Eggs - BW - Dozen",1,6.5
709,2026-08-14,"2026-08-05","Mothership Pickup Time (2.0 @4-4:30) - @4-4:30",1,0
709,2026-08-14,"2026-08-05","RL Heavy Cream SALE! - Pint",1,7.75
709,2026-08-14,"2026-08-05","Chicken Breasts /lb. - Pack",1,14.96
709,2026-08-14,"2026-08-05","Eggs - Dozen",1,6.5
709,2026-08-14,"2026-08-05","Ground Beef - D&M - Lb.",1,10.5
709,2026-08-14,"2026-08-05","Pork Shoulder/lb. - Each",1,91.6
709,2026-08-14,"2026-08-05","Extra Credit - Each",107.56,1.06
709,2026-08-14,"2026-08-05","FSA/FSD",1,79.79
709,2026-08-14,"2026-08-05","Whole MILK",1,8.85
1355,2026-08-14,"2026-08-05","Eggs - Dozen",1,6.5
1355,2026-08-14,"2026-08-05","Kairos Sourdough Choice $5 - Pack",1,5
1355,2026-08-14,"2026-08-05","Pork - Breakfast Bulk - Pack",1,8.5
1355,2026-08-14,"2026-08-05","Semolina - Wednesday - Loaf",1,7
1355,2026-08-14,"2026-08-05","Yogurt Wildcard ($7.25) - Each",1,7.25
1355,2026-08-14,"2026-08-05","Extra Credit - Each",7,1.06
1355,2026-08-14,"2026-08-05","Half",1,84.79
1355,2026-08-14,"2026-08-05","Eggs - Buttonwood",3,6.65
1355,2026-08-14,"2026-08-05","Whole MILK-o",1,8.85
1272,2026-08-14,"2026-08-05","Mothership Pickup Time (4.0 @5-5:30) - @5-5:30",1,0
1272,2026-08-14,"2026-08-05","Peaches - Bag",1,7
1272,2026-08-14,"2026-08-05","Pork - Tenderloin/lb - Lb.",1,11.76
1272,2026-08-14,"2026-08-05","Salame - Finocchiona - Each",1,12.75
1272,2026-08-14,"2026-08-05","Sweet Corn - 5-pack",1,3.25
1272,2026-08-14,"2026-08-05","Extra Credit - Each",7.51,1.06
1272,2026-08-14,"2026-08-05","Half",1,84.79
598,2026-08-14,"2026-08-05","Beef Kabob Meat - Lb.",1,12.75
598,2026-08-14,"2026-08-05","Mushrooms - Choice",1,8
598,2026-08-14,"2026-08-05","Olive Oil Small - ML",1,8.5
598,2026-08-14,"2026-08-05","Mini",1,53.2
423,2026-08-14,"2026-08-05","Yellow Fingerlings - Lb.",1,5
423,2026-08-14,"2026-08-05","Mothership Pickup Time (6.0 @6-6:30) - @6-6:30",1,0
423,2026-08-14,"2026-08-05","Blackberries - Pint",1,7
423,2026-08-14,"2026-08-05","Cannoli - 2-pack",1,7
423,2026-08-14,"2026-08-05","Ground Beef - D&M - Lb.",1,10.5
423,2026-08-14,"2026-08-05","Tomatoes - Heirloom - Bag",1,9
423,2026-08-14,"2026-08-05","Extra Credit - Each",8.25,1.06
423,2026-08-14,"2026-08-05","FSA/FSD",1,79.79
1459,2026-08-14,"2026-08-05","Mothership Pickup Time (5.0 @5:30-6) - @5:30-6",1,0
1459,2026-08-14,"2026-08-05","Bagels - Blueberry - BU - Bag",1,11.25
1459,2026-08-14,"2026-08-05","Eggs - Dozen",1,6.5
1459,2026-08-14,"2026-08-05","Kairos Sourdough Choice $5 - Pack",1,5
1459,2026-08-14,"2026-08-05","Mushrooms (1.0 Shiitake) - Shiitake",1,8
1459,2026-08-14,"2026-08-05","Extra Credit - Each",3.5,1.06
1459,2026-08-14,"2026-08-05","Half",1,84.79
168,2026-08-14,"2026-08-05","Mothership Pickup Time (2.0 @4-4:30) - @4-4:30",1,0
168,2026-08-14,"2026-08-05","Black Bean Dip - Tub",1,6.5
168,2026-08-14,"2026-08-05","Cantaloupe (1.0 Medium) - Medium",1,7
168,2026-08-14,"2026-08-05","Curds Jalapeno Habanero 10 oz - Bag",1,6.75
168,2026-08-14,"2026-08-05","Jar Tomatoes - Quart",1,7.75
168,2026-08-14,"2026-08-05","RL Chocolate Milk - Bottle",1,2.75
168,2026-08-14,"2026-08-05","Extra Credit - Each",0.5,1.06
168,2026-08-14,"2026-08-05","FSA/FSD",1,79.79
1627,2026-08-14,"2026-08-05","Mothership Pickup Time (5.0 @5:30-6) - @5:30-6",1,0
1627,2026-08-14,"2026-08-05","Boneless Pork Chop - D&M /lb - Lb.",1,11.44
1627,2026-08-14,"2026-08-05","Chicken Thighs - Boneless/lb. - lbs",1,10.33
1627,2026-08-14,"2026-08-05","Eggs - Dozen",1,6.5
1627,2026-08-14,"2026-08-05","Ground Beef - D&M - Lb.",1,10.5
1627,2026-08-14,"2026-08-05","Hoagie - Wednesday - Each",1,3.5
1627,2026-08-14,"2026-08-05","Extra Credit - Each",12.02,1.06
1627,2026-08-14,"2026-08-05","FSA/FSD",1,79.79
1537,2026-08-14,"2026-08-05","Mothership Pickup Time (1.0 @3:30-4) - @3:30-4",1,0
1537,2026-08-14,"2026-08-05","RL Heavy Cream SALE! - Pint",1,7.75
1537,2026-08-14,"2026-08-05","Blackberries - Pint",1,7
1537,2026-08-14,"2026-08-05","Cantaloupe (1.0 Medium) - Medium",1,7
1537,2026-08-14,"2026-08-05","Cucumbers - Slicing - Each",1,2
1537,2026-08-14,"2026-08-05","Mushrooms (1.0 Shiitake) - Shiitake",1,8
1537,2026-08-14,"2026-08-05","Oat Porridge Bread - Wednesday - Loaf",1,9
1537,2026-08-14,"2026-08-05","Peaches - Bag",1,7
1537,2026-08-14,"2026-08-05","Squash - Summer - Each",1,3
1537,2026-08-14,"2026-08-05","Tomatoes - Heirloom - Bag",1,9
1537,2026-08-14,"2026-08-05","Watermelon - Sugar Baby - Each",1,4.5
1537,2026-08-14,"2026-08-05","Extra Credit - Each",64.25,1.06
322,2026-08-14,"2026-08-05","Eggs - BW - Dozen",1,6.5
322,2026-08-14,"2026-08-05","Chicken - Ground - Lb.",1,10.25
322,2026-08-14,"2026-08-05","Mushrooms - Choice",1,8
322,2026-08-14,"2026-08-05","Shakshuka Sauce - Jar",1,12
322,2026-08-14,"2026-08-05","UCA/KWA",1,79.79
1004,2026-08-14,"2026-08-05","Chicken - Ground - Lb.",1,10.25
1004,2026-08-14,"2026-08-05","Curry Sauce (1.0 Green) - Green",1,12
1004,2026-08-14,"2026-08-05","Granola Bar - Each",1,3.8
1004,2026-08-14,"2026-08-05","Mushrooms (1.0 King Oyster (French Horn)) - King Oyster (French Horn)",1,8
1004,2026-08-14,"2026-08-05","Pasta Long Bi-color - Lb.",1,6.5
1004,2026-08-14,"2026-08-05","Extra Credit - Each",3.8,1.06
1004,2026-08-14,"2026-08-05","UCA/KWA",1,79.79
430,2026-08-14,"2026-08-05","Yogurt - Greek Plain - Oz.",1,7.75
430,2026-08-14,"2026-08-05","UCity Pickup Time (2.0 @4:30-5) - @4:30-5",1,0
430,2026-08-14,"2026-08-05","Bagels - Everything - Frozen - Bag",1,6.75
430,2026-08-14,"2026-08-05","Chicken Breasts /lb. - Pack",1,11.22
430,2026-08-14,"2026-08-05","Deluxe Mixed Nuts - Bag",1,4.3
430,2026-08-14,"2026-08-05","Eggs - Dozen",1,6.5
430,2026-08-14,"2026-08-05","Multigrain Bread - Frozen - Loaf",1,6.75
430,2026-08-14,"2026-08-05","Pasta Long Bi-color - Lb.",1,6.5
430,2026-08-14,"2026-08-05","Pecan Pieces - Oz.",1,18
430,2026-08-14,"2026-08-05","Pork - Breakfast Bulk - Pack",1,8.5
430,2026-08-14,"2026-08-05","Extra Credit - Each",49.02,1.06
430,2026-08-14,"2026-08-05","Half",1,84.79
1048,2026-08-14,"2026-08-05","Chicken - Ground - Lb.",1,10.25
1048,2026-08-14,"2026-08-05","Clean Plate Pantry Choice ($12) - Jar",1,12
1048,2026-08-14,"2026-08-05","Mushrooms - Choice",1,8
1048,2026-08-14,"2026-08-05","Pasta Wildcard $6.50 - Pack",1,6.5
1048,2026-08-14,"2026-08-05","UCA/KWA",1,79.79
1255,2026-08-14,"2026-08-05","Ground Turkey - Pack",1,10.25
1255,2026-08-14,"2026-08-05","Eggs - BW - Dozen",1,6.5
1255,2026-08-14,"2026-08-05","Chicken Breasts /lb. - Pack",1,9.86
1255,2026-08-14,"2026-08-05","Chicken Links - Lemon Pepper - Lb.",1,10.5
1255,2026-08-14,"2026-08-05","Chicken Links - Sundried Tomato - lbs",1,10.5
1255,2026-08-14,"2026-08-05","Mushrooms - Choice",1,8
1255,2026-08-14,"2026-08-05","Pork - Bratwurst  - Pack",1,8.5
1255,2026-08-14,"2026-08-05","Tomatoes - Slicing - Bag",1,6.5
1255,2026-08-14,"2026-08-05","Extra Credit - Each",41.36,1.06
1255,2026-08-14,"2026-08-05","Mini",1,53.2
1255,2026-08-14,"2026-08-05","2% MILK",1,8.85
1255,2026-08-14,"2026-08-05","Half & Half",1,5.05
1162,2026-08-14,"2026-08-05","Eggs - BW - Dozen",1,6.5
1162,2026-08-14,"2026-08-05","Mothership Pickup Time (1.0 @3:30-4) - @3:30-4",1,0
1162,2026-08-14,"2026-08-05","Ground Beef - D&M - Lb.",1,10.5
1162,2026-08-14,"2026-08-05","Mushrooms (1.0 Lion's Mane) - Lion's Mane",1,8
1162,2026-08-14,"2026-08-05","Vinaigrette - Greek Style - Bottle",1,6.25
1162,2026-08-14,"2026-08-05","Extra Credit - Each",2,1.06
1162,2026-08-14,"2026-08-05","Mini",1,53.2
783,2026-08-14,"2026-08-05","Chicken - Big Bag Deboned Thighs/lb. - Bag",1,43.4
783,2026-08-14,"2026-08-05","Cheese Choice $6.75 - Each",1,6.75
783,2026-08-14,"2026-08-05","Eggs - Dozen",1,6.5
783,2026-08-14,"2026-08-05","Ground Beef - D&M - Lb.",1,10.5
783,2026-08-14,"2026-08-05","Pork Snack Sticks - 5 pk (1.0 Honey) - Honey",1,10.3
783,2026-08-14,"2026-08-05","Potatoes - Purple Viking - lbs",1,6
783,2026-08-14,"2026-08-05","Extra Credit - Each",50.2,1.06
783,2026-08-14,"2026-08-05","FSA/FSD",1,79.79
162,2026-08-14,"2026-08-05","UCity Pickup Time (3.0 @5-5:30) - @5-5:30",1,0
162,2026-08-14,"2026-08-05","Cantaloupe (1.0 Small) - Small",1,6
162,2026-08-14,"2026-08-05","Chevre PF (1.0 Plain) - Plain",1,8.5
162,2026-08-14,"2026-08-05","Eggplant - Globe - Each",2,3
162,2026-08-14,"2026-08-05","Kairos Sourdough Choice $5 - Pack",1,5
162,2026-08-14,"2026-08-05","Tomatoes - Heirloom - Bag",1,9
162,2026-08-14,"2026-08-05","Extra Credit - Each",7.25,1.06
162,2026-08-14,"2026-08-05","Half",1,84.79
1735,2026-08-14,"2026-08-05","Pork Chop Bone-in /lb. - Lb.",1,23.39
1735,2026-08-14,"2026-08-05","Dark Bar 61% - Package",1,3
1735,2026-08-14,"2026-08-05","Peaches - Bag",1,7
1735,2026-08-14,"2026-08-05","Pork - Ground  - Lb.",1,7.5
1735,2026-08-14,"2026-08-05","Queso Quesadilla - HBC - Each",1,6.75
1735,2026-08-14,"2026-08-05","Extra Credit - Each",10.89,1.06
1735,2026-08-14,"2026-08-05","UCA/KWA",1,79.79
1014,2026-08-14,"2026-08-05","UCity Pickup Time - @4:10-4:30",1,0
1014,2026-08-14,"2026-08-05","Aged Cheddar - HBC - Each",1,6.75
1014,2026-08-14,"2026-08-05","Cabbage - Red - Share",1,5
1014,2026-08-14,"2026-08-05","Chicken Breasts /lb. - Pack",1,9.69
1014,2026-08-14,"2026-08-05","Leeks - Bunch",3,6
1014,2026-08-14,"2026-08-05","Peppers - Jalapenos - 5-pack",1,3.5
1014,2026-08-14,"2026-08-05","Peppers - Lunchbox - Bag",1,7
1014,2026-08-14,"2026-08-05","Peppers - Shishitos - Bag",1,7
1014,2026-08-14,"2026-08-05","Salmon - Fillet Pieces/LB* - Each",3,9.57
1014,2026-08-14,"2026-08-05","Tomatoes - Black Cherry - Pint",1,6
1014,2026-08-14,"2026-08-05","Extra Credit - Each",62.4,1.06
1014,2026-08-14,"2026-08-05","Mini",1,53.2
1014,2026-08-14,"2026-08-05","Eggs - Buttonwood",1,6.65
1427,2026-08-14,"2026-08-05","Mothership Pickup Time (1.0 @3:30-4) - @3:30-4",1,0
1427,2026-08-14,"2026-08-05","Cabbage - Red - Share",1,5
1427,2026-08-14,"2026-08-05","Cantaloupe (1.0 Small) - Small",1,6
1427,2026-08-14,"2026-08-05","Curds Garlic Herb HBC 10 oz  - Bag",1,6.75
1427,2026-08-14,"2026-08-05","Stringbean Half Caf - Bag",1,16
1427,2026-08-14,"2026-08-05","Extra Credit - Each",4.5,1.06
1534,2026-08-14,"2026-08-05","Blackberries - Pint",1,7
1534,2026-08-14,"2026-08-05","Blackberries - Frozen (1.0 Large) - Large",1,10.5
1534,2026-08-14,"2026-08-05","Eggs - Dozen",1,6.5
1534,2026-08-14,"2026-08-05","FF Dip - Smoked Salmon  - Tub",1,10
1534,2026-08-14,"2026-08-05","Granola Bar - Each",4,3.8
1534,2026-08-14,"2026-08-05","Hamburger Buns - Frozen - 4-pack",1,2.75
1534,2026-08-14,"2026-08-05","Hoagie - Wednesday - Each",1,3.5
1534,2026-08-14,"2026-08-05","Leeks - Bunch",3,6
1534,2026-08-14,"2026-08-05","Multigrain Bread - Frozen - Loaf",1,6.75
1534,2026-08-14,"2026-08-05","Peaches - Bag",1,7
1534,2026-08-14,"2026-08-05","Pizza Sourdough - Frozen - Pack",1,5
1534,2026-08-14,"2026-08-05","Pork - Breakfast Bulk - Pack",1,8.5
1534,2026-08-14,"2026-08-05","Extra Credit - Each",73.45,1.06
1534,2026-08-14,"2026-08-05","Half",1,84.79
1534,2026-08-14,"2026-08-05","Whole MILK-o",1,8.85
554,2026-08-14,"2026-08-05","Beef Kabob Meat - Lb.",1,12.75
554,2026-08-14,"2026-08-05","Mushrooms - Choice",1,8
554,2026-08-14,"2026-08-05","Olive Oil Small - ML",1,8.5
554,2026-08-14,"2026-08-05","Mini",1,53.2
240,2026-08-14,"2026-08-05","Pepitas - Oz.",1,7.75
240,2026-08-14,"2026-08-05","Mothership Pickup Time (1.0 @3:30-4) - @3:30-4",1,0
240,2026-08-14,"2026-08-05","Chicken Breasts /lb. - Pack",1,10.37
240,2026-08-14,"2026-08-05","Leeks - Bunch",1,6
240,2026-08-14,"2026-08-05","Peppers - Jalapenos - 5-pack",1,3.5
240,2026-08-14,"2026-08-05","Yogurt - Plain - Oz.",1,7.25
240,2026-08-14,"2026-08-05","Extra Credit - Each",4.62,1.06
240,2026-08-14,"2026-08-05","FSA/FSD",1,79.79
349,2026-08-14,"2026-08-05","Beef Kabob Meat - Lb.",1,12.75
349,2026-08-14,"2026-08-05","Mushrooms - Choice",1,8
349,2026-08-14,"2026-08-05","Olive Oil Small - ML",1,8.5
349,2026-08-14,"2026-08-05","Mini",1,53.2
751,2026-08-14,"2026-08-05","Yellow Fingerlings - Lb.",1,5
751,2026-08-14,"2026-08-05","Mothership Pickup Time (2.0 @4-4:30) - @4-4:30",1,0
751,2026-08-14,"2026-08-05","Janie's Bread - Wednesday - Each",1,7
751,2026-08-14,"2026-08-05","Peppers - Lunchbox - Bag",1,7
751,2026-08-14,"2026-08-05","Squash - Summer - Each",1,3
751,2026-08-14,"2026-08-05","Tomatoes - Sungold - Pint",1,7
751,2026-08-14,"2026-08-05","FSA/FSD",1,79.79
952,2026-08-14,"2026-08-05","Pizza - Four Meat  - Each",1,8.5
952,2026-08-14,"2026-08-05","Cantaloupe - Each",1,6.5
952,2026-08-14,"2026-08-05","Cheese Choice $6.75 - Each",1,6.75
952,2026-08-14,"2026-08-05","Del Carmen Choice - Tub",1,6.5
952,2026-08-14,"2026-08-05","Eggs - Dozen",1,6.5
952,2026-08-14,"2026-08-05","Ground Beef - D&M - Lb.",1,10.5
952,2026-08-14,"2026-08-05","Extra Credit - Each",15,1.06
952,2026-08-14,"2026-08-05","FSA/FSD",1,79.79
107,2026-08-14,"2026-08-05","UCity Pickup Time (2.0 @4:30-5) - @4:30-5",1,0
107,2026-08-14,"2026-08-05","Beef Kabob Meat - Lb.",1,12.75
107,2026-08-14,"2026-08-05","Mushrooms - Choice",1,8
107,2026-08-14,"2026-08-05","Olive Oil Small - ML",1,8.5
107,2026-08-14,"2026-08-05","Mini",1,53.2
227,2026-08-14,"2026-08-05","UCity Pickup Time (3.0 @5-5:30) - @5-5:30",1,0
227,2026-08-14,"2026-08-05","Donation to Food Pantry - Each",1,1
227,2026-08-14,"2026-08-05","Buttermilk Waffles Sourdough - Frozen - Pack",1,5
227,2026-08-14,"2026-08-05","Curds Garlic Herb HBC 10 oz  - Bag",1,6.75
227,2026-08-14,"2026-08-05","Fresh Herb - Thyme - Bunch",1,4
227,2026-08-14,"2026-08-05","Popcorn - McKaskle - Lb.",1,5.75
227,2026-08-14,"2026-08-05","Potatoes - New - Bag",1,5.75
227,2026-08-14,"2026-08-05","Pretzel - UL Wednesday - Each",1,3.75
227,2026-08-14,"2026-08-05","Tomatoes - Black Cherry - Pint",1,6
227,2026-08-14,"2026-08-05","Extra Credit - Each",1.25,1.06
227,2026-08-14,"2026-08-05","UCA/KWA",1,79.79
1689,2026-08-14,"2026-08-05","Cucumbers - Pickling - Bag",1,3.5
1689,2026-08-14,"2026-08-05","UCity Pickup Time (2.0 @4:30-5) - @4:30-5",1,0
1689,2026-08-14,"2026-08-05","Granola Bar - Each",1,3.8
1689,2026-08-14,"2026-08-05","Okra  - Bag",1,6
1689,2026-08-14,"2026-08-05","Peaches - Bag",1,7
1689,2026-08-14,"2026-08-05","Peppers - Jalapenos - 5-pack",1,3.5
1689,2026-08-14,"2026-08-05","Peppers - Marconi - 1-each",1,2.5
1689,2026-08-14,"2026-08-05","Sweet Corn - 5-pack",1,3.25
1689,2026-08-14,"2026-08-05","Tomatoes - Slicing - Bag",1,6.5
1689,2026-08-14,"2026-08-05","Extra Credit - Each",6.8,1.06
1689,2026-08-14,"2026-08-05","Mini",1,53.2
418,2026-08-14,"2026-08-05","Milk - 2%  - Oz.",1,8.32
418,2026-08-14,"2026-08-05","UCity Pickup Time (2.0 @4:30-5) - @4:30-5",1,0
418,2026-08-14,"2026-08-05","Donation to Food Pantry - Each",1,1
418,2026-08-14,"2026-08-05","Applewood Smoked Cheddar - Each",1,6.75
418,2026-08-14,"2026-08-05","Bagels - Egg - BU - Bag",1,11.25
418,2026-08-14,"2026-08-05","Chicken Thighs - Boneless/lb. - lbs",1,13.65
418,2026-08-14,"2026-08-05","Eggs - H - Dozen",1,6.5
418,2026-08-14,"2026-08-05","Marbled Rye -Wednesday - Loaf",1,8.75
418,2026-08-14,"2026-08-05","Pretzel - UL Wednesday - Each",1,3.75
418,2026-08-14,"2026-08-05","Rice - Basmati Brown - Lb.",1,7.5
418,2026-08-14,"2026-08-05","Extra Credit - Each",38.22,1.06
418,2026-08-14,"2026-08-05","Mini",1,53.2
1407,2026-08-14,"2026-08-05","Milk - 2%  - Oz.",1,8.32
1407,2026-08-14,"2026-08-05","Cucumbers - Pickling - Bag",1,3.5
1407,2026-08-14,"2026-08-05","Eggs - BW - Dozen",1,6.5
1407,2026-08-14,"2026-08-05","Mothership Pickup Time (1.0 @3:30-4) - @3:30-4",1,0
1407,2026-08-14,"2026-08-05","Food For FS Cats Donation - $",1,1
1407,2026-08-14,"2026-08-05","Aged Cheddar - HBC - Each",1,6.75
1407,2026-08-14,"2026-08-05","Blackberries - Pint",1,7
1407,2026-08-14,"2026-08-05","Chicken - Ground - Lb.",1,10.25
1407,2026-08-14,"2026-08-05","Chicken Breasts /lb. - Pack",1,11.22
1407,2026-08-14,"2026-08-05","Okra  - Bag",1,6
1407,2026-08-14,"2026-08-05","Peppers - Lunchbox - Bag",1,7
1407,2026-08-14,"2026-08-05","Tomatoes - Black Cherry - Pint",1,6
1407,2026-08-14,"2026-08-05","Watermelon - Sugar Baby - Each",1,4.5
1407,2026-08-14,"2026-08-05","Extra Credit - Each",75.54,1.06
883,2026-08-14,"2026-08-05","Bagels - Egg - BU - Bag",1,11.25
883,2026-08-14,"2026-08-05","Chicken Breasts /lb. - Pack",1,11.39
883,2026-08-14,"2026-08-05","Ground Beef - D&M - Lb.",1,10.5
883,2026-08-14,"2026-08-05","Pork - Tenderloin/lb - Lb.",1,10.29
883,2026-08-14,"2026-08-05","Extra Credit - Each",14.18,1.06
883,2026-08-14,"2026-08-05","Mini",1,53.2
976,2026-08-14,"2026-08-05","Blackberries - Pint",1,7
976,2026-08-14,"2026-08-05","Eggs - Dozen",1,6.5
976,2026-08-14,"2026-08-05","English Muffin Sourdough - Frozen - Pack",1,5
976,2026-08-14,"2026-08-05","Herb - Purple Basil - Herb",1,4
976,2026-08-14,"2026-08-05","Tomatoes - Black Cherry - Pint",1,6
976,2026-08-14,"2026-08-05","Extra Credit - Each",1.25,1.06
976,2026-08-14,"2026-08-05","Half",1,84.79
1871,2026-08-14,"2026-08-06","Mothership Pickup Time (3.0 @4:30-5) - @4:30-5",1,0
1871,2026-08-14,"2026-08-06","Chicken Thighs - Boneless/lb. - lbs",1,9.8
1871,2026-08-14,"2026-08-06","Eggs - Dozen",1,6.5
1871,2026-08-14,"2026-08-06","Flank Steak/lbs. - lbs",1,29.82
1871,2026-08-14,"2026-08-06","Watermelon - Seedless - Each",1,8
1871,2026-08-14,"2026-08-06","Extra Credit - Each",26.87,1.06
1871,2026-08-14,"2026-08-06","Half",1,84.79
1217,2026-08-14,"2026-08-06","Cucumbers - Pickling - Bag",1,3.5
1217,2026-08-14,"2026-08-06","Eggs - BW - Dozen",2,6.5
1217,2026-08-14,"2026-08-06","Kirkwood Pickup Time (1.0 PORCH) - PORCH",1,0
1217,2026-08-14,"2026-08-06","Beef Kabob Meat - Lb.",1,12.75
1217,2026-08-14,"2026-08-06","Beets - Lb.",1,6.5
1217,2026-08-14,"2026-08-06","Chicken Breasts /lb. - Pack",1,10.54
1217,2026-08-14,"2026-08-06","Chicken Thighs - Boneless/lb. - lbs",1,9.28
1217,2026-08-14,"2026-08-06","Olive Oil Small - ML",1,8.5
1217,2026-08-14,"2026-08-06","Sweet Corn - 5-pack",1,3.25
1217,2026-08-14,"2026-08-06","Extra Credit - Each",38.07,1.06
1217,2026-08-14,"2026-08-06","Mini",1,53.2
1891,2026-08-14,"2026-08-06","Yellow Fingerlings - Lb.",1,5
1891,2026-08-14,"2026-08-06","Eggs - BW - Dozen",1,6.5
1891,2026-08-14,"2026-08-06","Kirkwood Pickup Time (2.0 @1:30-2) - @1:30-2",1,0
1891,2026-08-14,"2026-08-06","Carrots - Lb.",1,6
1891,2026-08-14,"2026-08-06","Mushrooms (1.0 Oyster) - Oyster",1,8
1891,2026-08-14,"2026-08-06","Peppers - Shishitos - Bag",1,7
1891,2026-08-14,"2026-08-06","Potatoes - New - Bag",1,5.75
1891,2026-08-14,"2026-08-06","Extra Credit - Each",1.5,1.06
1891,2026-08-14,"2026-08-06","UCA/KWA",1,79.79
1196,2026-08-14,"2026-08-06","Eggs - BW - Dozen",1,6.5
1196,2026-08-14,"2026-08-06","Bacon Ends /lb. - Package",1,10.52
1196,2026-08-14,"2026-08-06","Bagels - Egg - BU - Bag",1,11.25
1196,2026-08-14,"2026-08-06","Olive Oil Small - ML",1,8.5
1196,2026-08-14,"2026-08-06","Extra Credit - Each",7.52,1.06
1196,2026-08-14,"2026-08-06","Mini",1,53.2
1977,2026-08-14,"2026-08-06","Mothership Pickup Time (1.0 @3:30-4) - @3:30-4",1,0
1977,2026-08-14,"2026-08-06","Applewood Smoked Cheddar - Each",1,6.75
1977,2026-08-14,"2026-08-06","Eggs - Dozen",1,6.5
1977,2026-08-14,"2026-08-06","Milk Choc. Peanut Butter Bark - Pack",1,7.5
1977,2026-08-14,"2026-08-06","Squash - Zucchini - Each",1,3
1977,2026-08-14,"2026-08-06","Tomatoes - Slicing - Bag",1,6.5
1977,2026-08-14,"2026-08-06","Extra Credit - Each",3,1.06
1977,2026-08-14,"2026-08-06","Half",1,84.79
1075,2026-08-14,"2026-08-06","Ground Turkey - Pack",2,10.25
1075,2026-08-14,"2026-08-06","Kirkwood Pickup Time - @1-1:30",1,0
1075,2026-08-14,"2026-08-06","Eggs - Dozen",1,6.5
1075,2026-08-14,"2026-08-06","Kairos Sourdough Choice $5 - Pack",1,5
1075,2026-08-14,"2026-08-06","Extra Credit - Each",4.75,1.06
1075,2026-08-14,"2026-08-06","Half",1,84.79
1075,2026-08-14,"2026-08-06","2% MILK-o",1,8.85
1489,2026-08-14,"2026-08-06","Eggs - BW - Dozen",1,6.5
1489,2026-08-14,"2026-08-06","Kirkwood Pickup Time - @1-1:30",1,0
1489,2026-08-14,"2026-08-06","Cabbage - Red - Share",1,5
1489,2026-08-14,"2026-08-06","Eggplant - Globe - Each",1,3
1489,2026-08-14,"2026-08-06","Hoagie - T - Each",1,3.5
1489,2026-08-14,"2026-08-06","Seedy Wheaty - Frozen - Loaf",1,3.75
1489,2026-08-14,"2026-08-06","Tomatoes - Slicing - Bag",1,6.5
1489,2026-08-14,"2026-08-06","Extra Credit - Each",1,1.06
1489,2026-08-14,"2026-08-06","Half",1,84.79
1386,2026-08-14,"2026-08-06","Yellow Fingerlings - Lb.",1,5
1386,2026-08-14,"2026-08-06","Eggs - BW - Dozen",1,6.5
1386,2026-08-14,"2026-08-06","Kirkwood Pickup Time - @1-1:30",1,0
1386,2026-08-14,"2026-08-06","Food Pantry Donation - $",7,1
1386,2026-08-14,"2026-08-06","Chicken - Ground - Lb.",1,10.25
1386,2026-08-14,"2026-08-06","Mushrooms (1.0 Shiitake) - Shiitake",1,8
1386,2026-08-14,"2026-08-06","UCA/KWA",1,79.79
1488,2026-08-14,"2026-08-06","Yogurt - Greek Plain - Oz.",1,7.75
1488,2026-08-14,"2026-08-06","Kirkwood Pickup Time - @1-1:30",1,0
1488,2026-08-14,"2026-08-06","Chicken - Ground - Lb.",1,10.25
1488,2026-08-14,"2026-08-06","Milk Chocolate Caramels - 4-pack",1,12
1488,2026-08-14,"2026-08-06","Mushrooms - Choice",1,8
1488,2026-08-14,"2026-08-06","Extra Credit - Each",1.25,1.06
1488,2026-08-14,"2026-08-06","UCA/KWA",1,79.79
1488,2026-08-14,"2026-08-06","2% MILK",1,8.85
566,2026-08-14,"2026-08-06","Mothership Pickup Time (4.0 @5-5:30) - @5-5:30",1,0
566,2026-08-14,"2026-08-06","Eggs - Dozen",1,6.5
566,2026-08-14,"2026-08-06","Kairos Sourdough Choice $5 - Pack",1,5
566,2026-08-14,"2026-08-06","Pork - Breakfast Bulk - Pack",1,8.5
566,2026-08-14,"2026-08-06","Yogurt Wildcard ($7.25) - Each",1,7.25
566,2026-08-14,"2026-08-06","Half",1,84.79
287,2026-08-14,"2026-08-06","Cheese Choice $6.75 - Each",1,6.75
287,2026-08-14,"2026-08-06","Eggs - Dozen",1,6.5
287,2026-08-14,"2026-08-06","Ground Beef - D&M - Lb.",1,10.5
287,2026-08-14,"2026-08-06","Salsa - Gringo's Mild - Jar",1,5
287,2026-08-14,"2026-08-06","Sweet Corn - 5-pack",1,3.25
287,2026-08-14,"2026-08-06","Extra Credit - Each",1.75,1.06
287,2026-08-14,"2026-08-06","FSA/FSD",1,79.79
1970,2026-08-14,"2026-08-06","Kirkwood Pickup Time (2.0 @1:30-2) - @1:30-2",1,0
1970,2026-08-14,"2026-08-06","Beef - Stew Meat - Pack",1,10.5
1970,2026-08-14,"2026-08-06","Mushrooms (1.0 Shiitake) - Shiitake",1,8
1970,2026-08-14,"2026-08-06","Olive Oil Small - ML",1,8.5
1970,2026-08-14,"2026-08-06","Peppers - Red Bell XL - 1-each",1,2.5
1970,2026-08-14,"2026-08-06","Extra Credit - Each",0.25,1.06
1970,2026-08-14,"2026-08-06","Mini",1,53.2
685,2026-08-14,"2026-08-06","Kirkwood Pickup Time - @1-1:30",1,0
685,2026-08-14,"2026-08-06","Cantaloupe (1.0 Small) - Small",1,6
685,2026-08-14,"2026-08-06","Chicken - Ground - Lb.",1,10.25
685,2026-08-14,"2026-08-06","Janie's Bread - Thursday - Each",1,7
685,2026-08-14,"2026-08-06","Light and Mild - T - Loaf",1,8.25
685,2026-08-14,"2026-08-06","Winter Squash - Spaghetti (1.0 Large) - Large",1,5.5
685,2026-08-14,"2026-08-06","Extra Credit - Each",0.25,1.06
685,2026-08-14,"2026-08-06","UCA/KWA",1,79.79
1671,2026-08-14,"2026-08-06","Ground Turkey - Pack",1,10.25
1671,2026-08-14,"2026-08-06","Mothership Pickup Time (5.0 @5:30-6) - @5:30-6",1,0
1671,2026-08-14,"2026-08-06","Peppers - Colored Bell - 3-pack",1,4
1671,2026-08-14,"2026-08-06","Squash - Summer - Each",3,3
1671,2026-08-14,"2026-08-06","Yogurt - Plain - Oz.",1,7.25
1671,2026-08-14,"2026-08-06","Extra Credit - Each",1.25,1.06
1671,2026-08-14,"2026-08-06","Mini",1,53.2
501,2026-08-14,"2026-08-06","Beef Kabob Meat - Lb.",1,12.75
501,2026-08-14,"2026-08-06","Mushrooms - Choice",1,8
501,2026-08-14,"2026-08-06","Olive Oil Small - ML",1,8.5
501,2026-08-14,"2026-08-06","Mini",1,53.2
467,2026-08-14,"2026-08-06","Eggs - BW - Dozen",1,6.5
467,2026-08-14,"2026-08-06","Kirkwood Pickup Time - @1-1:30",1,0
467,2026-08-14,"2026-08-06","Chicken - Thighs /lbs  - lbs",1,7.92
467,2026-08-14,"2026-08-06","Chicken Chorizo - Lb.",1,10.5
467,2026-08-14,"2026-08-06","Ghost Pepper Cheddar - Each",2,6.75
467,2026-08-14,"2026-08-06","Squash - Summer - Each",1,3
467,2026-08-14,"2026-08-06","Sweet Corn - 5-pack",1,3.25
467,2026-08-14,"2026-08-06","Extra Credit - Each",15.42,1.06
467,2026-08-14,"2026-08-06","Mini",1,53.2
32,2026-08-14,"2026-08-06","Milk - Skim  - Oz.",1,8.32
32,2026-08-14,"2026-08-06","Eggs - BW - Dozen",1,6.5
32,2026-08-14,"2026-08-06","Half & Half - Pint",1,4.75
32,2026-08-14,"2026-08-06","Applewood Smoked Cheddar - Each",1,6.75
32,2026-08-14,"2026-08-06","Beef Kabob Meat - Lb.",1,12.75
32,2026-08-14,"2026-08-06","Granola Bar - Each",1,3.8
32,2026-08-14,"2026-08-06","Mushrooms - Choice",1,8
32,2026-08-14,"2026-08-06","Olive Oil Small - ML",1,8.5
32,2026-08-14,"2026-08-06","Peppers - Jimmy Nordello - Bag",1,7
32,2026-08-14,"2026-08-06","Extra Credit - Each",37.12,1.06
32,2026-08-14,"2026-08-06","Mini",1,53.2
1102,2026-08-14,"2026-08-06","Mothership Pickup Time (4.0 @5-5:30) - @5-5:30",1,0
1102,2026-08-14,"2026-08-06","Blackberries - Frozen (1.0 Large) - Large",1,10.5
1102,2026-08-14,"2026-08-06","Eggs - Dozen",1,6.5
1102,2026-08-14,"2026-08-06","Hoagie - T - Each",1,3.5
1102,2026-08-14,"2026-08-06","Yogurt - Blueberry - Oz.",1,7.25
1102,2026-08-14,"2026-08-06","Extra Credit - Each",0.5,1.06
1102,2026-08-14,"2026-08-06","Half",1,84.79
1857,2026-08-14,"2026-08-06","Mothership Pickup Time (4.0 @5-5:30) - @5-5:30",1,0
1857,2026-08-14,"2026-08-06","Buttermilk Waffles Sourdough - Frozen - Pack",1,5
1857,2026-08-14,"2026-08-06","Carrots - Lb.",1,6
1857,2026-08-14,"2026-08-06","Eggs - H - Dozen",2,6.5
1857,2026-08-14,"2026-08-06","Ground Beef - D&M - Lb.",1,10.5
1857,2026-08-14,"2026-08-06","Milk Chocolate Salted Bark - Pack",1,7.5
1857,2026-08-14,"2026-08-06","Milk Chocolate Toasted Missouri Pecan Bark - Package",1,7.5
1857,2026-08-14,"2026-08-06","Peaches - Bag",1,7
1857,2026-08-14,"2026-08-06","Extra Credit - Each",26.25,1.06
1857,2026-08-14,"2026-08-06","FSA/FSD",1,79.79
894,2026-08-14,"2026-08-06","Kirkwood Pickup Time - @1-1:30",1,0
894,2026-08-14,"2026-08-06","Cantaloupe (1.0 Medium) - Medium",1,7
894,2026-08-14,"2026-08-06","Peaches - Bag",1,7
894,2026-08-14,"2026-08-06","Sweet Corn - 5-pack",1,3.25
894,2026-08-14,"2026-08-06","Tomatoes - Black Cherry - Pint",1,6
894,2026-08-14,"2026-08-06","Watermelon - Seedless - Each",1,8
894,2026-08-14,"2026-08-06","Winter Squash - Spaghetti (1.0 Large) - Large",1,5.5
894,2026-08-14,"2026-08-06","UCA/KWA",1,79.79
825,2026-08-14,"2026-08-06","Cheese Choice $6.75 - Each",1,6.75
825,2026-08-14,"2026-08-06","Del Carmen Choice - Tub",1,6.5
825,2026-08-14,"2026-08-06","Eggs - Dozen",1,6.5
825,2026-08-14,"2026-08-06","Ground Beef - D&M - Lb.",1,10.5
825,2026-08-14,"2026-08-06","FSA/FSD",1,79.79
670,2026-08-14,"2026-08-06","Food For FS Cats Donation - $",1,7.95
670,2026-08-14,"2026-08-06","Popped Corn - Organic - Bag",1,3
670,2026-08-14,"2026-08-06","Tortellini - Cheese - Lb.",1,9.15
670,2026-08-14,"2026-08-06","Tortellini - Mushroom - Lb.",1,9.15
670,2026-08-14,"2026-08-06","Mini",1,53.2
670,2026-08-14,"2026-08-06","(BYO) FSG - Orders Only",1,0
1047,2026-08-14,"2026-08-06","Mothership Pickup Time (1.0 @3:30-4) - @3:30-4",1,0
1047,2026-08-14,"2026-08-06","Blackberries - Pint",1,7
1047,2026-08-14,"2026-08-06","Eggs - Dozen",1,6.5
1047,2026-08-14,"2026-08-06","English Muffin Sourdough - Frozen - Pack",1,5
1047,2026-08-14,"2026-08-06","Peppers - Red Bell XL - 1-each",1,2.5
1047,2026-08-14,"2026-08-06","Semolina - T - Loaf",1,7
1047,2026-08-14,"2026-08-06","Sweet Corn - 5-pack",1,3.25
1047,2026-08-14,"2026-08-06","Tomatoes - Heirloom - Bag",1,9
1047,2026-08-14,"2026-08-06","Extra Credit - Each",13,1.06
1047,2026-08-14,"2026-08-06","Half",1,84.79
11,2026-08-14,"2026-08-06","Eggs - BW - Dozen",1,6.5
11,2026-08-14,"2026-08-06","Bacon - Each",1,13.5
11,2026-08-14,"2026-08-06","Pork Hot Dogs - Each",2,7.5
11,2026-08-14,"2026-08-06","Extra Credit - Each",4.75,1.06
11,2026-08-14,"2026-08-06","FSA/FSD",1,79.79
471,2026-08-14,"2026-08-06","Cheese Choice $6.75 - Each",1,6.75
471,2026-08-14,"2026-08-06","Del Carmen Choice - Tub",1,6.5
471,2026-08-14,"2026-08-06","Eggs - Dozen",1,6.5
471,2026-08-14,"2026-08-06","Ground Beef - D&M - Lb.",1,10.5
471,2026-08-14,"2026-08-06","FSA/FSD",1,79.79
1593,2026-08-14,"2026-08-06","Beef Kabob Meat - Lb.",1,12.75
1593,2026-08-14,"2026-08-06","Mushrooms - Choice",1,8
1593,2026-08-14,"2026-08-06","Olive Oil Small - ML",1,8.5
1593,2026-08-14,"2026-08-06","Mini",1,53.2
1839,2026-08-14,"2026-08-06","No Produce - Order Only (odd wk)",1,0
1487,2026-08-14,"2026-08-06","Cashew Butter - Raw - Pint",1,11.75
1487,2026-08-14,"2026-08-06","Kirkwood Pickup Time - @1-1:30",1,0
1487,2026-08-14,"2026-08-06","Buttermilk Waffles Sourdough - Frozen - Pack",1,5
1487,2026-08-14,"2026-08-06","Dark Chocolate Lolli - Each",1,1.75
1487,2026-08-14,"2026-08-06","Pork Italian Bulk - D&M - Lb.",1,8.5
1487,2026-08-14,"2026-08-06","Half",1,84.79
1487,2026-08-14,"2026-08-06","2% MILK-o",1,8.85
514,2026-08-14,"2026-08-06","Eggs - BW - Dozen",1,6.5
514,2026-08-14,"2026-08-06","Carrots - Lb.",2,6
514,2026-08-14,"2026-08-06","Fresh Herb - Sage - Bunch",1,4
514,2026-08-14,"2026-08-06","Fresh Herb - Thyme - Bunch",1,4
514,2026-08-14,"2026-08-06","Ground Beef - D&M - Lb.",3,10.5
514,2026-08-14,"2026-08-06","Light and Mild - T - Loaf",1,8.25
514,2026-08-14,"2026-08-06","Mushrooms - Choice",1,8
514,2026-08-14,"2026-08-06","Okra  - Bag",1,6
514,2026-08-14,"2026-08-06","Peaches - Bag",1,7
514,2026-08-14,"2026-08-06","Peppers - Red Bell XL - 1-each",2,2.5
514,2026-08-14,"2026-08-06","Pork Italian Bulk - D&M - Lb.",3,8.5
514,2026-08-14,"2026-08-06","Tahini - Pint",1,8.75
514,2026-08-14,"2026-08-06","Watermelon - Seedless - Each",1,8
514,2026-08-14,"2026-08-06","Extra Credit - Each",105.25,1.06
514,2026-08-14,"2026-08-06","Mini",1,53.2
761,2026-08-14,"2026-08-06","Mothership Pickup Time (1.0 @3:30-4) - @3:30-4",1,0
761,2026-08-14,"2026-08-06","Black Beans DC - Tub",1,6.5
761,2026-08-14,"2026-08-06","Janie's Bread - Thursday - Each",1,7
761,2026-08-14,"2026-08-06","Peppers - Carmen - 2-pack",1,4.5
761,2026-08-14,"2026-08-06","Pretzel - UL Thursday  - Each",2,3.75
761,2026-08-14,"2026-08-06","Salsa - Gringo's Mild - Jar",1,5
761,2026-08-14,"2026-08-06","Extra Credit - Each",0.25,1.06
761,2026-08-14,"2026-08-06","FSA/FSD",1,79.79
1476,2026-08-14,"2026-08-06","Yellow Fingerlings - Lb.",1,5
1476,2026-08-14,"2026-08-06","Kirkwood Pickup Time - @1-1:30",1,0
1476,2026-08-14,"2026-08-06","Cabbage - Red - Share",1,5
1476,2026-08-14,"2026-08-06","Carrots - Lb.",1,6
1476,2026-08-14,"2026-08-06","Curds Garlic Herb HBC 10 oz  - Bag",1,6.75
1476,2026-08-14,"2026-08-06","Eggplant - Globe - Each",2,3
1476,2026-08-14,"2026-08-06","German Quark HBC - Jar",1,6.75
1476,2026-08-14,"2026-08-06","Peppers - Lunchbox - Bag",1,7
1476,2026-08-14,"2026-08-06","Peppers - Shishitos - Bag",1,7
1476,2026-08-14,"2026-08-06","Squash - Zucchini - Each",3,3
1476,2026-08-14,"2026-08-06","Sweet Corn - 5-pack",1,3.25
1476,2026-08-14,"2026-08-06","Extra Credit - Each",32.5,1.06
1476,2026-08-14,"2026-08-06","Mini",1,53.2
82,2026-08-14,"2026-08-06","Yogurt - Greek Plain - Oz.",1,7.75
82,2026-08-14,"2026-08-06","Kirkwood Pickup Time (2.0 @1:30-2) - @1:30-2",1,0
82,2026-08-14,"2026-08-06","Jam - Damson Plum HBY - Pint",1,7.75
82,2026-08-14,"2026-08-06","Pork Breakfast Link D&M - Pack",1,8.5
82,2026-08-14,"2026-08-06","Semolina - T - Loaf",1,7
82,2026-08-14,"2026-08-06","Extra Credit - Each",3.75,1.06
82,2026-08-14,"2026-08-06","Half",1,84.79
502,2026-08-14,"2026-08-06","Mothership Pickup Time (4.0 @5-5:30) - @5-5:30",1,0
502,2026-08-14,"2026-08-06","Eggs - Dozen",1,6.5
502,2026-08-14,"2026-08-06","Fresh Herb - Sage - Bunch",1,4
502,2026-08-14,"2026-08-06","Ground Beef - D&M - Lb.",1,10.5
502,2026-08-14,"2026-08-06","Peppers - Jalapenos - 5-pack",1,3.5
502,2026-08-14,"2026-08-06","Tomatoes - Slicing - Bag",1,6.5
502,2026-08-14,"2026-08-06","Extra Credit - Each",0.75,1.06
502,2026-08-14,"2026-08-06","FSA/FSD",1,79.79
433,2026-08-14,"2026-08-06","Cheese Choice $6.75 - Each",1,6.75
433,2026-08-14,"2026-08-06","Chicken - Ground - Lb.",1,10.25
433,2026-08-14,"2026-08-06","Del Carmen Choice - Tub",1,6.5
433,2026-08-14,"2026-08-06","Eggs - Dozen",1,6.5
433,2026-08-14,"2026-08-06","FSA/FSD",1,79.79
549,2026-08-14,"2026-08-06","Mothership Pickup Time (6.0 @6-6:30) - @6-6:30",1,0
549,2026-08-14,"2026-08-06","Eggs - Dozen",1,6.5
549,2026-08-14,"2026-08-06","Ground Beef - D&M - Lb.",1,10.5
549,2026-08-14,"2026-08-06","Pita Bread - Frozen (1.0 White) - White",1,3.55
549,2026-08-14,"2026-08-06","Pork Breakfast Patties D&M - Pack",1,8.5
549,2026-08-14,"2026-08-06","FSA/FSD",1,79.79
326,2026-08-14,"2026-08-06","Chicken - BULK Breasts /lb. - Pack",1,44.22
326,2026-08-14,"2026-08-06","Blackberries - Pint",1,7
326,2026-08-14,"2026-08-06","Chicken - Ground - Lb.",1,10.25
326,2026-08-14,"2026-08-06","Chicken - Thighs /lbs  - lbs",1,8.04
326,2026-08-14,"2026-08-06","Chicken - Whole $5.00/lb. - Each",1,17.5
326,2026-08-14,"2026-08-06","Flour - All Purpose 5 lb - Bag",1,8.5
326,2026-08-14,"2026-08-06","Flour - Bread 5# - Lb.",1,9.8
326,2026-08-14,"2026-08-06","Mushrooms - Choice",1,8
326,2026-08-14,"2026-08-06","Okra  - Bag",1,6
326,2026-08-14,"2026-08-06","Peaches - Bag",1,7
326,2026-08-14,"2026-08-06","Watermelon - Seedless - Each",1,8
326,2026-08-14,"2026-08-06","Watermelon - Sugar Baby - Each",1,4.5
326,2026-08-14,"2026-08-06","Extra Credit - Each",102.06,1.06
326,2026-08-14,"2026-08-06","UCA/KWA",1,79.79
1268,2026-08-14,"2026-08-06","Half & Half - Pint",2,4.75
1268,2026-08-14,"2026-08-06","Mothership Pickup Time (1.0 @3:30-4) - @3:30-4",1,0
1268,2026-08-14,"2026-08-06","Eggs - Dozen",1,6.5
1268,2026-08-14,"2026-08-06","Peaches - Bag",1,7
1268,2026-08-14,"2026-08-06","Sweet Corn - 5-pack",1,3.25
1268,2026-08-14,"2026-08-06","Tomatoes - Black Cherry - Pint",1,6
1268,2026-08-14,"2026-08-06","Extra Credit - Each",5,1.06
1268,2026-08-14,"2026-08-06","Half",1,84.79
452,2026-08-14,"2026-08-06","Eggs - BW - Dozen",1,6.5
452,2026-08-14,"2026-08-06","Kirkwood Pickup Time (2.0 @1:30-2) - @1:30-2",1,0
452,2026-08-14,"2026-08-06","Beef Kabob Meat - Lb.",1,12.75
452,2026-08-14,"2026-08-06","Blackberries - Pint",1,7
452,2026-08-14,"2026-08-06","Honey - Pint - Jar",1,11.5
452,2026-08-14,"2026-08-06","Mushrooms - Choice",1,8
452,2026-08-14,"2026-08-06","Watermelon - Sugar Baby - Each",1,4.5
452,2026-08-14,"2026-08-06","Extra Credit - Each",21,1.06
452,2026-08-14,"2026-08-06","Mini",1,53.2
493,2026-08-14,"2026-08-06","No Produce - Order Only (odd wk)",1,0
807,2026-08-14,"2026-08-06","Bacon - Each",1,13.5
807,2026-08-14,"2026-08-06","Beef - Stew Meat - Pack",2,10.5
807,2026-08-14,"2026-08-06","Chicken - Ground - Lb.",2,10.25
807,2026-08-14,"2026-08-06","Pork - Chorizo (bulk) - Lb.",1,14
807,2026-08-14,"2026-08-06","Raviolini - Four Cheese - Lb.",1,9.15
807,2026-08-14,"2026-08-06","Yogurt - Plain - Oz.",1,7.25
807,2026-08-14,"2026-08-06","Extra Credit - Each",48.65,1.06
807,2026-08-14,"2026-08-06","UCA/KWA",1,79.79
807,2026-08-14,"2026-08-06","2% MILK",1,8.85
245,2026-08-14,"2026-08-06","Black Beans DC - Tub",1,6.5
245,2026-08-14,"2026-08-06","Eggs - Dozen",1,6.5
245,2026-08-14,"2026-08-06","Oat Porridge Bread - T - Each",1,9
245,2026-08-14,"2026-08-06","Pasta Bi-color Short - Lb.",1,6.5
245,2026-08-14,"2026-08-06","Extra Credit - Each",1.25,1.06
245,2026-08-14,"2026-08-06","Half",1,84.79
1766,2026-08-14,"2026-08-06","Half & Half - Pint",2,4.75
1766,2026-08-14,"2026-08-06","Kirkwood Pickup Time (2.0 @1:30-2) - @1:30-2",1,0
1766,2026-08-14,"2026-08-06","Eggs - Dozen",1,6.5
1766,2026-08-14,"2026-08-06","Peaches - Bag",1,7
1766,2026-08-14,"2026-08-06","Yogurt - Plain - Oz.",1,7.25
1766,2026-08-14,"2026-08-06","Extra Credit - Each",3,1.06
1766,2026-08-14,"2026-08-06","Half",1,84.79
329,2026-08-14,"2026-08-06","Mothership Pickup Time (2.0 @4-4:30) - @4-4:30",1,0
329,2026-08-14,"2026-08-06","Aged Cheddar - HBC - Each",1,6.75
329,2026-08-14,"2026-08-06","Bagels - Plain - Frozen - Each",1,6.75
329,2026-08-14,"2026-08-06","Beef Kabob Meat - Lb.",1,12.75
329,2026-08-14,"2026-08-06","Beets - Lb.",1,6.5
329,2026-08-14,"2026-08-06","Mushrooms - Choice",1,8
329,2026-08-14,"2026-08-06","Watermelon - Seedless - Each",1,8
329,2026-08-14,"2026-08-06","Extra Credit - Each",19.5,1.06
329,2026-08-14,"2026-08-06","Mini",1,53.2
293,2026-08-14,"2026-08-06","Ground Turkey - Pack",1,10.25
293,2026-08-14,"2026-08-06","Mothership Pickup Time (6.0 @6-6:30) - @6-6:30",1,0
293,2026-08-14,"2026-08-06","Chicken - Breakfast Links - Each",1,10.5
293,2026-08-14,"2026-08-06","Dark Chocolate Square  - Each",1,1.75
293,2026-08-14,"2026-08-06","Gnocchi - Garlic Chive  - Lb.",1,6.5
293,2026-08-14,"2026-08-06","Ground Beef - D&M - Lb.",1,10.5
293,2026-08-14,"2026-08-06","Hoagie - T - Each",1,3.5
293,2026-08-14,"2026-08-06","Lasagna (1.0 Mushroom) - Mushroom",1,15
293,2026-08-14,"2026-08-06","Tortellini - Cheese - Lb.",1,9.15
293,2026-08-14,"2026-08-06","Extra Credit - Each",36.9,1.06
293,2026-08-14,"2026-08-06","FSA/FSD",1,79.79
310,2026-08-14,"2026-08-06","Ground Turkey - Pack",2,10.25
310,2026-08-14,"2026-08-06","Yellow Fingerlings - Lb.",1,5
310,2026-08-14,"2026-08-06","Eggs - BW - Dozen",1,6.5
310,2026-08-14,"2026-08-06","Mothership Pickup Time (1.0 @3:30-4) - @3:30-4",1,0
310,2026-08-14,"2026-08-06","Beans - Green - Bag",1,4.25
310,2026-08-14,"2026-08-06","Blackberries - Pint",1,7
310,2026-08-14,"2026-08-06","Chicken Breasts /lb. - Pack",2,11.56
310,2026-08-14,"2026-08-06","Eggs - Dozen",1,6.5
310,2026-08-14,"2026-08-06","Hoagie - T - Each",1,3.5
310,2026-08-14,"2026-08-06","Tomatoes - Black Cherry - Pint",1,6
310,2026-08-14,"2026-08-06","Tomatoes - Funky Bunch - Pint",1,5.75
310,2026-08-14,"2026-08-06","Tomatoes - Slicing - Bag",1,6.5
310,2026-08-14,"2026-08-06","Watermelon - Seedless - Each",1,8
310,2026-08-14,"2026-08-06","Extra Credit - Each",6.37,1.06
310,2026-08-14,"2026-08-06","FSA/FSD",1,79.79
310,2026-08-14,"2026-08-06","Skim MILK",2,8.85
1271,2026-08-14,"2026-08-06","Curds Jalapeno Habanero 10 oz - Bag",1,6.75
1271,2026-08-14,"2026-08-06","Eggs - Dozen",1,6.5
1271,2026-08-14,"2026-08-06","Lasagna (1.0 Mushroom) - Mushroom",1,15
1271,2026-08-14,"2026-08-06","Sesame Hoagie - T - Each",1,3.8
1271,2026-08-14,"2026-08-06","Extra Credit - Each",4.8,1.06
1271,2026-08-14,"2026-08-06","Half",1,84.79
634,2026-08-14,"2026-08-06","Yogurt - Greek Plain - Oz.",1,7.75
634,2026-08-14,"2026-08-06","Kirkwood Pickup Time - @1-1:30",1,0
634,2026-08-14,"2026-08-06","Beef Kabob Meat - Lb.",1,12.75
634,2026-08-14,"2026-08-06","Buttermilk Waffles Sourdough - Frozen - Pack",1,5
634,2026-08-14,"2026-08-06","Olive Oil Small - ML",1,8.5
634,2026-08-14,"2026-08-06","Extra Credit - Each",4.75,1.06
634,2026-08-14,"2026-08-06","Mini",1,53.2
722,2026-08-14,"2026-08-06","Eggs - Dozen",1,6.5
722,2026-08-14,"2026-08-06","Kairos Sourdough Choice $5 - Pack",1,5
722,2026-08-14,"2026-08-06","Pork - Breakfast Bulk - Pack",1,8.5
722,2026-08-14,"2026-08-06","Yogurt Wildcard ($7.25) - Each",1,7.25
722,2026-08-14,"2026-08-06","Half",1,84.79
1706,2026-08-14,"2026-08-06","Tomatoes - Green - Bag",1,6
1706,2026-08-14,"2026-08-06","Mothership Pickup Time (2.0 @4-4:30) - @4-4:30",1,0
1706,2026-08-14,"2026-08-06","Louise's Cocoa Brownie Crisp Granola - Bag",1,11.15
1706,2026-08-14,"2026-08-06","Peppers - Colored Bell - 3-pack",1,4
1706,2026-08-14,"2026-08-06","Tomatoes - Sungold - Pint",1,7
1706,2026-08-14,"2026-08-06","Half",1,84.79
868,2026-08-14,"2026-08-06","Yellow Fingerlings - Lb.",1,5
868,2026-08-14,"2026-08-06","Kirkwood Pickup Time (2.0 @1:30-2) - @1:30-2",1,0
868,2026-08-14,"2026-08-06","Beef Kabob Meat - Lb.",2,12.75
868,2026-08-14,"2026-08-06","Black Beans DC - Tub",1,6.5
868,2026-08-14,"2026-08-06","Dark Chocolate Almond Bar - Pack",1,4.95
868,2026-08-14,"2026-08-06","Olive Oil Small - ML",1,8.5
868,2026-08-14,"2026-08-06","Peppers - Lunchbox - Bag",1,7
868,2026-08-14,"2026-08-06","Peppers - Red Bell XL - 1-each",1,2.5
868,2026-08-14,"2026-08-06","Tomatoes - Sungold - Pint",1,7
868,2026-08-14,"2026-08-06","Winter Squash - Spaghetti (1.0 Large) - Large",1,5.5
868,2026-08-14,"2026-08-06","Extra Credit - Each",43.2,1.06
868,2026-08-14,"2026-08-06","Mini",1,53.2
834,2026-08-14,"2026-08-06","Mothership Pickup Time (1.0 @3:30-4) - @3:30-4",1,0
834,2026-08-14,"2026-08-06","Buttermilk - Qt.  - Quart",1,6.75
834,2026-08-14,"2026-08-06","Carrots - Lb.",1,6
834,2026-08-14,"2026-08-06","Eggs - Dozen",1,6.5
834,2026-08-14,"2026-08-06","Rice - Basmati White - Lb.",1,7.5
834,2026-08-14,"2026-08-06","Rice - Brown - Lb.",1,6.5
834,2026-08-14,"2026-08-06","Extra Credit - Each",6,1.06
834,2026-08-14,"2026-08-06","Half",1,84.79
1652,2026-08-14,"2026-08-06","Beef Kabob Meat - Lb.",1,12.75
1652,2026-08-14,"2026-08-06","Mushrooms - Choice",1,8
1652,2026-08-14,"2026-08-06","Olive Oil Small - ML",1,8.5
1652,2026-08-14,"2026-08-06","Mini",1,53.2
1431,2026-08-14,"2026-08-06","Mothership Pickup Time (5.0 @5:30-6) - @5:30-6",1,0
1431,2026-08-14,"2026-08-06","Beef Kabob Meat - Lb.",1,12.75
1431,2026-08-14,"2026-08-06","Cabbage - Red - Share",1,5
1431,2026-08-14,"2026-08-06","Carrots - Lb.",1,6
1431,2026-08-14,"2026-08-06","Mushrooms - Choice",1,8
1431,2026-08-14,"2026-08-06","Extra Credit - Each",2.5,1.06
1431,2026-08-14,"2026-08-06","Mini",1,53.2
763,2026-08-14,"2026-08-06","Cheese Choice $6.75 - Each",1,6.75
763,2026-08-14,"2026-08-06","Del Carmen Choice - Tub",1,6.5
763,2026-08-14,"2026-08-06","Eggs - Dozen",1,6.5
763,2026-08-14,"2026-08-06","Ground Beef - D&M - Lb.",1,10.5
763,2026-08-14,"2026-08-06","FSA/FSD",1,79.79
963,2026-08-14,"2026-08-06","Mothership Pickup Time (6.0 @6-6:30) - @6-6:30",1,0
963,2026-08-14,"2026-08-06","Mole Sauce - Jar",1,12
963,2026-08-14,"2026-08-06","Cinnamon Rolls - Frozen - Pack",1,6.75
963,2026-08-14,"2026-08-06","Curds Jalapeno Habanero 10 oz - Bag",1,6.75
963,2026-08-14,"2026-08-06","Eggs - Dozen",1,6.5
963,2026-08-14,"2026-08-06","Extra Credit - Each",1.75,1.06
963,2026-08-14,"2026-08-06","FSA/FSD",1,79.79
67,2026-08-14,"2026-08-06","Mothership Pickup Time (1.0 @3:30-4) - @3:30-4",1,0
67,2026-08-14,"2026-08-06","Ground Lamb  - Lb.",1,15
67,2026-08-14,"2026-08-06","Kairos Sourdough Choice $5 - Pack",1,5
67,2026-08-14,"2026-08-06","Peaches - Bag",1,7
67,2026-08-14,"2026-08-06","Yogurt Wildcard ($7.25) - Each",1,7.25
67,2026-08-14,"2026-08-06","Extra Credit - Each",7,1.06
67,2026-08-14,"2026-08-06","Half",1,84.79
928,2026-08-14,"2026-08-06","Yogurt - Greek Plain - Oz.",1,7.75
928,2026-08-14,"2026-08-06","Curds Garlic Herb HBC 10 oz  - Bag",1,6.75
928,2026-08-14,"2026-08-06","Eggs - Dozen",1,6.5
928,2026-08-14,"2026-08-06","Feta Cheese - HBC - Each",1,6.75
928,2026-08-14,"2026-08-06","Ground Beef - D&M - Lb.",1,10.5
928,2026-08-14,"2026-08-06","Hand Pie: Chicken Curry - Bag",1,10.5
928,2026-08-14,"2026-08-06","Extra Credit - Each",18.5,1.06
928,2026-08-14,"2026-08-06","FSA/FSD",1,79.79
1570,2026-08-14,"2026-08-06","Kirkwood Pickup Time (1.0 PORCH) - PORCH",1,0
1570,2026-08-14,"2026-08-06","Chicken - Thighs /lbs  - lbs",1,7.32
1570,2026-08-14,"2026-08-06","Eggs - Dozen",1,6.5
1570,2026-08-14,"2026-08-06","Ground Beef - D&M - Lb.",1,10.5
1570,2026-08-14,"2026-08-06","Yogurt - Vanilla - Oz.",1,7.25
1570,2026-08-14,"2026-08-06","Extra Credit - Each",4.32,1.06
1570,2026-08-14,"2026-08-06","Half",1,40
2001,2026-08-14,"2026-08-06","Cheese Choice $6.75 - Each",1,6.75
2001,2026-08-14,"2026-08-06","Del Carmen Choice - Tub",1,6.5
2001,2026-08-14,"2026-08-06","Eggs - Dozen",1,6.5
2001,2026-08-14,"2026-08-06","Ground Beef - D&M - Lb.",1,10.5
2001,2026-08-14,"2026-08-06","FSA/FSD",1,79.79
1900,2026-08-14,"2026-08-06","Eggs - BW - Dozen",1,6.5
1900,2026-08-14,"2026-08-06","Salsa - Gringo's Medium - Pint",1,5
1900,2026-08-14,"2026-08-06","Mothership Pickup Time (1.0 @3:30-4) - @3:30-4",1,0
1900,2026-08-14,"2026-08-06","Food Pantry Donation - $",1,1
1900,2026-08-14,"2026-08-06","XO - Cooler Donation - $",1,1
1900,2026-08-14,"2026-08-06","XO! Green Bags Donation - $",1,1
1900,2026-08-14,"2026-08-06","Cannoli - Frozen - 2-pack",1,7
1900,2026-08-14,"2026-08-06","Multigrain Bread - Frozen - Loaf",1,6.75
1900,2026-08-14,"2026-08-06","Mini",1,53.2
1725,2026-08-14,"2026-08-06","Eggs - BW - Dozen",2,6.5
1725,2026-08-14,"2026-08-06","Pork Bacon Burgers - Pack",1,22.55
1725,2026-08-14,"2026-08-06","Yogurt - Strawberry - Oz.",1,7.25
1725,2026-08-14,"2026-08-06","Extra Credit - Each",8.55,1.06
1725,2026-08-14,"2026-08-06","Mini",1,53.2
364,2026-08-14,"2026-08-06","Eggs - BW - Dozen",2,6.5
364,2026-08-14,"2026-08-06","Mothership Pickup Time - @6:30-7",1,0
364,2026-08-14,"2026-08-06","Bagels - Plain - Frozen - Each",1,6.75
364,2026-08-14,"2026-08-06","Mustard (1.0 Horseradish) - Horseradish",1,6.5
364,2026-08-14,"2026-08-06","Pretzel - UL Thursday  - Each",1,3.75
364,2026-08-14,"2026-08-06","Squash - Summer - Each",1,3
364,2026-08-14,"2026-08-06","Stringbean Ethiopian - Bag",1,16
364,2026-08-14,"2026-08-06","Sweet Corn - 5-pack",1,3.25
364,2026-08-14,"2026-08-06","Extra Credit - Each",22,1.06
364,2026-08-14,"2026-08-06","FSA/FSD",1,79.79
364,2026-08-14,"2026-08-06","Whole MILK-o",1,8.85
1873,2026-08-14,"2026-08-06","Beef Kabob Meat - Lb.",1,12.75
1873,2026-08-14,"2026-08-06","Mushrooms - Choice",1,8
1873,2026-08-14,"2026-08-06","Olive Oil Small - ML",1,8.5
1873,2026-08-14,"2026-08-06","Mini",1,53.2
289,2026-08-14,"2026-08-06","Dark Chocolate Square  - Each",1,1.75
289,2026-08-14,"2026-08-06","Mushrooms (1.0 Shiitake) - Shiitake",1,8
289,2026-08-14,"2026-08-06","Pork - Breakfast Bulk - Pack",1,8.5
289,2026-08-14,"2026-08-06","Ravioli - Butternut Squash  - Lb.",1,9.15
289,2026-08-14,"2026-08-06","Extra Credit - Each",0.15,1.06
289,2026-08-14,"2026-08-06","Half",1,84.79
289,2026-08-14,"2026-08-06","2% MILK-o",1,8.85
1453,2026-08-14,"2026-08-06","Mothership Pickup Time (1.0 @3:30-4) - @3:30-4",1,0
1453,2026-08-14,"2026-08-06","Meatballs D&M - Package",1,15
1453,2026-08-14,"2026-08-06","Mushrooms - Choice",1,8
1453,2026-08-14,"2026-08-06","Peppers - Colored Bell - 3-pack",1,4
1453,2026-08-14,"2026-08-06","Peppers - Jalapenos - 5-pack",1,3.5
1453,2026-08-14,"2026-08-06","Extra Credit - Each",1.25,1.06
1453,2026-08-14,"2026-08-06","Mini",1,53.2
1453,2026-08-14,"2026-08-06","Whole MILK",1,8.85
1746,2026-08-14,"2026-08-06","Kirkwood Pickup Time (1.0 PORCH) - PORCH",1,0
1746,2026-08-14,"2026-08-06","Chicken - Ground - Lb.",1,10.25
1746,2026-08-14,"2026-08-06","Eggs - H - Dozen",1,6.5
1746,2026-08-14,"2026-08-06","Jam - Damson Plum HBY - Pint",1,7.75
1746,2026-08-14,"2026-08-06","Pasta Wildcard $6.50 - Pack",1,6.5
1746,2026-08-14,"2026-08-06","Potatoes - Purple Viking - lbs",1,6
1746,2026-08-14,"2026-08-06","Extra Credit - Each",0.25,1.06
1746,2026-08-14,"2026-08-06","UCA/KWA",1,79.79
876,2026-08-14,"2026-08-06","Cheese Choice $6.75 - Each",1,6.75
876,2026-08-14,"2026-08-06","Del Carmen Choice - Tub",1,6.5
876,2026-08-14,"2026-08-06","Eggs - Dozen",1,6.5
876,2026-08-14,"2026-08-06","Ground Beef - D&M - Lb.",1,10.5
876,2026-08-14,"2026-08-06","FSA/FSD",1,79.79
1416,2026-08-14,"2026-08-06","Almond Butter - Pint",1,11.25
1416,2026-08-14,"2026-08-06","Mothership Pickup Time (4.0 @5-5:30) - @5-5:30",1,0
1416,2026-08-14,"2026-08-06","Dark Chocolate Square  - Each",1,1.75
1416,2026-08-14,"2026-08-06","Eggs - Dozen",1,6.5
1416,2026-08-14,"2026-08-06","Kairos Sourdough Choice $5 - Pack",1,5
1416,2026-08-14,"2026-08-06","Sweet Corn - 5-pack",1,3.25
1416,2026-08-14,"2026-08-06","Extra Credit - Each",0.5,1.06
1416,2026-08-14,"2026-08-06","Half",1,84.79
1474,2026-08-14,"2026-08-06","Curry Sauce (1.0 Red) - Red",1,12
1474,2026-08-14,"2026-08-06","Pasta Long Egg - Lb.",1,6.5
1474,2026-08-14,"2026-08-06","Rice - Brown - Lb.",1,6.5
1474,2026-08-14,"2026-08-06","Tomatoes - Black Cherry - Pint",1,6
1474,2026-08-14,"2026-08-06","Extra Credit - Each",1.75,1.06
1474,2026-08-14,"2026-08-06","Mini",1,53.2
1308,2026-08-14,"2026-08-06","Walnuts - Oz.",1,12.75
1308,2026-08-14,"2026-08-06","Peanuts - Blanched Unsalted - Oz.",1,6.75
1308,2026-08-14,"2026-08-06","Almonds - Raw - Oz.",1,14.75
1308,2026-08-14,"2026-08-06","Eggs - BW - Dozen",1,6.5
1308,2026-08-14,"2026-08-06","Pepitas - Oz.",1,7.75
1308,2026-08-14,"2026-08-06","Pignolas (Pine Nuts) - Oz.",1,11
1308,2026-08-14,"2026-08-06","Mothership Pickup Time (6.0 @6-6:30) - @6-6:30",1,0
1308,2026-08-14,"2026-08-06","Crunchy Peanut Butter - Jar",1,7.75
1308,2026-08-14,"2026-08-06","Herb - Purple Basil - Herb",1,4
1308,2026-08-14,"2026-08-06","Sweet Corn - 5-pack",1,3.25
1308,2026-08-14,"2026-08-06","Tomatoes - Heirloom - Bag",1,9
1308,2026-08-14,"2026-08-06","Extra Credit - Each",83.5,1.06
1719,2026-08-14,"2026-08-06","Mothership Pickup Time (3.0 @4:30-5) - @4:30-5",1,0
1719,2026-08-14,"2026-08-06","Eggs - Dozen",1,6.5
1719,2026-08-14,"2026-08-06","Squash - Summer - Each",2,3
1719,2026-08-14,"2026-08-06","Sweet Corn - 5-pack",1,3.25
1719,2026-08-14,"2026-08-06","Tomatoes - Heirloom - Bag",1,9
1719,2026-08-14,"2026-08-06","Tomatoes - Sungold - Pint",1,7
1719,2026-08-14,"2026-08-06","Extra Credit - Each",4.5,1.06
1719,2026-08-14,"2026-08-06","Half",1,84.79
1375,2026-08-14,"2026-08-06","Eggs - BW - Dozen",1,6.5
1375,2026-08-14,"2026-08-06","Mothership Pickup Time (2.0 @4-4:30) - @4-4:30",1,0
1375,2026-08-14,"2026-08-06","Bagels - Plain - BU - Bag",1,11.25
1375,2026-08-14,"2026-08-06","English Muffin Sourdough - Frozen - Pack",1,5
1375,2026-08-14,"2026-08-06","Peaches - Bag",1,7
1375,2026-08-14,"2026-08-06","Peppers - Colored Bell - 3-pack",1,4
1375,2026-08-14,"2026-08-06","Potatoes - New - Bag",1,5.75
1375,2026-08-14,"2026-08-06","Pretzel - UL Thursday  - Each",2,3.75
1375,2026-08-14,"2026-08-06","Semolina - T - Loaf",1,7
1375,2026-08-14,"2026-08-06","Sweet Corn - 5-pack",1,3.25
1375,2026-08-14,"2026-08-06","Tomatoes - Black Cherry - Pint",1,6
1375,2026-08-14,"2026-08-06","Tomatoes - Sungold - Pint",1,7
1375,2026-08-14,"2026-08-06","Extra Credit - Each",70.25,1.06
1752,2026-08-14,"2026-08-06","Eggs - Dozen",1,6.5
1752,2026-08-14,"2026-08-06","Kairos Sourdough Choice $5 - Pack",1,5
1752,2026-08-14,"2026-08-06","Pork - Breakfast Bulk - Pack",1,8.5
1752,2026-08-14,"2026-08-06","Yogurt Wildcard ($7.25) - Each",1,7.25
1752,2026-08-14,"2026-08-06","Half",1,84.79
250,2026-08-14,"2026-08-06","Half & Half - Pint",1,4.75
250,2026-08-14,"2026-08-06","Mothership Pickup Time (2.0 @4-4:30) - @4-4:30",1,0
250,2026-08-14,"2026-08-06","Bacon - Uncured/lb - Pack",1,15.25
250,2026-08-14,"2026-08-06","Chicken - Thighs /lbs  - lbs",1,7.68
250,2026-08-14,"2026-08-06","Leeks - Bunch",1,6
250,2026-08-14,"2026-08-06","Peaches - Bag",2,7
250,2026-08-14,"2026-08-06","Extra Credit - Each",17.43,1.06
250,2026-08-14,"2026-08-06","FSA/FSD",1,79.79
1618,2026-08-14,"2026-08-06","Pizza - Four Meat  - Each",1,8.5
1618,2026-08-14,"2026-08-06","Kirkwood Pickup Time - @1-1:30",1,0
1618,2026-08-14,"2026-08-06","Beets - Lb.",1,6.5
1618,2026-08-14,"2026-08-06","Kairos Sourdough Choice $5 - Pack",1,5
1618,2026-08-14,"2026-08-06","Mushrooms (1.0 Shiitake) - Shiitake",1,8
1618,2026-08-14,"2026-08-06","Popped Corn - Organic - Bag",1,3
1618,2026-08-14,"2026-08-06","Extra Credit - Each",3.75,1.06
1618,2026-08-14,"2026-08-06","Half",1,84.79
133,2026-08-14,"2026-08-06","Eggs - BW - Dozen",2,6.5
133,2026-08-14,"2026-08-06","Mothership Pickup Time (3.0 @4:30-5) - @4:30-5",1,0
133,2026-08-14,"2026-08-06","Chicken Thighs - Boneless/lb. - lbs",2,11.29
133,2026-08-14,"2026-08-06","Extra Credit - Each",6.33,1.06
133,2026-08-14,"2026-08-06","Mini",1,53.2
305,2026-08-14,"2026-08-06","Yogurt - Greek Plain - Oz.",1,7.75
305,2026-08-14,"2026-08-06","Buttermilk Waffles Sourdough - Frozen - Pack",1,5
305,2026-08-14,"2026-08-06","Eggs - Dozen",1,6.5
305,2026-08-14,"2026-08-06","Pork - Breakfast Bulk - Pack",1,8.5
305,2026-08-14,"2026-08-06","Extra Credit - Each",0.5,1.06
305,2026-08-14,"2026-08-06","Half",1,84.79
643,2026-08-14,"2026-08-06","Mothership Pickup Time (5.0 @5:30-6) - @5:30-6",1,0
643,2026-08-14,"2026-08-06","Cannoli - Frozen - 2-pack",1,7
643,2026-08-14,"2026-08-06","Curds Applewood Smoked 10 oz - Bag",1,6.75
643,2026-08-14,"2026-08-06","Ground Beef - D&M - Lb.",1,10.5
643,2026-08-14,"2026-08-06","Peppers - Shishitos - Bag",1,7
643,2026-08-14,"2026-08-06","Extra Credit - Each",1,1.06
643,2026-08-14,"2026-08-06","FSA/FSD",1,79.79
1468,2026-08-14,"2026-08-06","Beef Kabob Meat - Lb.",1,12.75
1468,2026-08-14,"2026-08-06","Leeks - Bunch",1,6
1468,2026-08-14,"2026-08-06","Mushrooms (1.0 Shiitake) - Shiitake",1,8
1468,2026-08-14,"2026-08-06","Watermelon - Sugar Baby - Each",1,4.5
1468,2026-08-14,"2026-08-06","Extra Credit - Each",2,1.06
1468,2026-08-14,"2026-08-06","Mini",1,53.2
622,2026-08-14,"2026-08-06","Yellow Fingerlings - Lb.",1,5
622,2026-08-14,"2026-08-06","Kirkwood Pickup Time (2.0 @1:30-2) - @1:30-2",1,0
622,2026-08-14,"2026-08-06","Dark Chocolate Square  - Each",1,1.75
622,2026-08-14,"2026-08-06","Ground Lamb  - Lb.",1,15
622,2026-08-14,"2026-08-06","Peaches - Bag",1,7
622,2026-08-14,"2026-08-06","Tomatoes - Heirloom - Bag",1,9
622,2026-08-14,"2026-08-06","Extra Credit - Each",1,1.06
622,2026-08-14,"2026-08-06","UCA/KWA",1,79.79
793,2026-08-14,"2026-08-06","Blackberries - Pint",1,7
793,2026-08-14,"2026-08-06","Oat Porridge Bread - T - Each",1,9
793,2026-08-14,"2026-08-06","Tomatoes - Heirloom - Bag",1,9
793,2026-08-14,"2026-08-06","Tomatoes - Slicing - Bag",1,6.5
793,2026-08-14,"2026-08-06","Extra Credit - Each",31.5,1.06
856,2026-08-14,"2026-08-06","Eggs - BW - Dozen",1,6.5
856,2026-08-14,"2026-08-06","Yogurt - Greek Plain - Oz.",1,7.75
856,2026-08-14,"2026-08-06","RL Heavy Cream SALE! - Pint",1,7.75
856,2026-08-14,"2026-08-06","Leeks - Bunch",1,6
856,2026-08-14,"2026-08-06","Marshmallow Pie - Each",1,7.5
856,2026-08-14,"2026-08-06","Peaches - Bag",1,7
856,2026-08-14,"2026-08-06","Peppers - Carmen - 2-pack",1,4.5
856,2026-08-14,"2026-08-06","Squash - Summer - Each",1,3
856,2026-08-14,"2026-08-06","Toffee - Package",1,7.5
856,2026-08-14,"2026-08-06","Tomatoes - Slicing - Bag",1,6.5
856,2026-08-14,"2026-08-06","Watermelon - Sugar Baby - Each",1,4.5
856,2026-08-14,"2026-08-06","Extra Credit - Each",68.5,1.06
1750,2026-08-14,"2026-08-06","Beef Kabob Meat - Lb.",1,12.75
1750,2026-08-14,"2026-08-06","Mushrooms - Choice",1,8
1750,2026-08-14,"2026-08-06","Olive Oil Small - ML",1,8.5
1750,2026-08-14,"2026-08-06","Mini",1,53.2
1521,2026-08-14,"2026-08-06","Mothership Pickup Time (1.0 @3:30-4) - @3:30-4",1,0
1521,2026-08-14,"2026-08-06","Beef - Stew Meat - Pack",1,10.5
1521,2026-08-14,"2026-08-06","Chicken Breast - Wee  /lb. - Each",1,7.82
1521,2026-08-14,"2026-08-06","Sweet Corn - 5-pack",1,3.25
1521,2026-08-14,"2026-08-06","Tomatoes - Sungold - Pint",1,7
1521,2026-08-14,"2026-08-06","Mini",1,53.2
885,2026-08-14,"2026-08-06","Milk - 2%  - Oz.",1,8.32
885,2026-08-14,"2026-08-06","Eggs - BW - Dozen",1,6.5
885,2026-08-14,"2026-08-06","Mothership Pickup Time - @6:30-7",1,0
885,2026-08-14,"2026-08-06","XO! Green Bags Donation - $",1,1
885,2026-08-14,"2026-08-06","English Muffin Sourdough - Frozen - Pack",1,5
885,2026-08-14,"2026-08-06","Fair Shares Yard Sign - Free - Each",1,0
885,2026-08-14,"2026-08-06","Sourdough Bread - Frozen - Lb.",1,6.75
885,2026-08-14,"2026-08-06","Half",1,84.79
900,2026-08-14,"2026-08-06","Mothership Pickup Time (1.0 @3:30-4) - @3:30-4",1,0
900,2026-08-14,"2026-08-06","Aged Cheddar - HBC - Each",1,6.75
900,2026-08-14,"2026-08-06","Chicken Breasts /lb. - Pack",1,12.58
900,2026-08-14,"2026-08-06","Eggs - Dozen",1,6.5
900,2026-08-14,"2026-08-06","Leeks - Bunch",1,6
900,2026-08-14,"2026-08-06","Pasta - Gluten Free Short LV - Each",1,5.25
900,2026-08-14,"2026-08-06","Extra Credit - Each",1.83,1.06
900,2026-08-14,"2026-08-06","FSA/FSD",1,79.79
900,2026-08-14,"2026-08-06","Whole MILK",1,8.85
896,2026-08-14,"2026-08-06","Yogurt - Greek Plain - Oz.",1,7.75
896,2026-08-14,"2026-08-06","Kirkwood Pickup Time - @1-1:30",1,0
896,2026-08-14,"2026-08-06","Food for Ferals Donation - $",5,1
896,2026-08-14,"2026-08-06","Cannoli - Frozen - 2-pack",1,7
896,2026-08-14,"2026-08-06","Eggs - Dozen",1,6.5
896,2026-08-14,"2026-08-06","Queso Quesadilla - HBC - Each",1,6.75
896,2026-08-14,"2026-08-06","Watermelon - Sugar Baby - Each",1,4.5
896,2026-08-14,"2026-08-06","Yogurt - Plain - Oz.",1,7.25
896,2026-08-14,"2026-08-06","Extra Credit - Each",17.5,1.06
896,2026-08-14,"2026-08-06","Half",1,84.79
171,2026-08-14,"2026-08-06","Beef Kabob Meat - Lb.",1,12.75
171,2026-08-14,"2026-08-06","Louise's Original Granola - Bag",1,10
171,2026-08-14,"2026-08-06","Mushrooms - Choice",1,8
171,2026-08-14,"2026-08-06","Olive Oil Small - ML",1,8.5
171,2026-08-14,"2026-08-06","Pizza Sauce - Jar",1,6.75
171,2026-08-14,"2026-08-06","Pork Snack Sticks - 5 pk (1.0 Honey) - Honey",2,10.3
171,2026-08-14,"2026-08-06","Sourdough Bread - Frozen - Lb.",1,6.75
171,2026-08-14,"2026-08-06","Yogurt - Blueberry - Oz.",1,7.25
171,2026-08-14,"2026-08-06","Yogurt - Strawberry - Oz.",1,7.25
171,2026-08-14,"2026-08-06","Extra Credit - Each",58.6,1.06
171,2026-08-14,"2026-08-06","Mini",1,53.2
789,2026-08-14,"2026-08-06","Kirkwood Pickup Time - @1-1:30",1,0
789,2026-08-14,"2026-08-06","Chicken - Ground - Lb.",1,10.25
789,2026-08-14,"2026-08-06","Eggs - H - Dozen",1,6.5
789,2026-08-14,"2026-08-06","Gnocchi - Garlic Chive  - Lb.",1,6.5
789,2026-08-14,"2026-08-06","Mushrooms (1.0 Shiitake) - Shiitake",1,8
789,2026-08-14,"2026-08-06","Semolina - T - Loaf",1,7
789,2026-08-14,"2026-08-06","Extra Credit - Each",1.5,1.06
789,2026-08-14,"2026-08-06","UCA/KWA",1,79.79
790,2026-08-14,"2026-08-06","Mothership Pickup Time (1.0 @3:30-4) - @3:30-4",1,0
790,2026-08-14,"2026-08-06","Buttermilk Waffles Sourdough - Frozen - Pack",1,5
790,2026-08-14,"2026-08-06","Eggs - Dozen",1,6.5
790,2026-08-14,"2026-08-06","Pork - Breakfast Bulk - Pack",1,8.5
790,2026-08-14,"2026-08-06","Sourdough Bread - Frozen - Lb.",1,6.75
790,2026-08-14,"2026-08-06","Yogurt - Vanilla - Oz.",1,7.25
790,2026-08-14,"2026-08-06","Extra Credit - Each",6.75,1.06
790,2026-08-14,"2026-08-06","Half",1,84.79
1683,2026-08-14,"2026-08-06","Eggs - BW - Dozen",1,6.5
1683,2026-08-14,"2026-08-06","Chicken Breasts /lb. - Pack",1,9.86
1683,2026-08-14,"2026-08-06","Cornmeal - Oz.",1,4.75
1683,2026-08-14,"2026-08-06","Maple Syrup 12 oz. - Jar",1,13
1683,2026-08-14,"2026-08-06","Marshmallow Pie - Each",1,7.5
1683,2026-08-14,"2026-08-06","Extra Credit - Each",4.86,1.06
1683,2026-08-14,"2026-08-06","UCA/KWA",1,79.79
959,2026-08-14,"2026-08-06","Ground Turkey - Pack",1,10.25
959,2026-08-14,"2026-08-06","Mothership Pickup Time (2.0 @4-4:30) - @4-4:30",1,0
959,2026-08-14,"2026-08-06","Cheese Choice $6.75 - Each",1,6.75
959,2026-08-14,"2026-08-06","Eggs - Dozen",1,6.5
959,2026-08-14,"2026-08-06","Salmon - Fillet Whole/LB - Each",1,32.45
959,2026-08-14,"2026-08-06","Extra Credit - Each",25.7,1.06
959,2026-08-14,"2026-08-06","FSA/FSD",1,79.79
463,2026-08-14,"2026-08-06","Chicken Breasts /lb. - Pack",1.16,8.5
463,2026-08-14,"2026-08-06","Magic Bean - Chocolate Chip Crunchy style GF Cookies - 2-pack",1,6
463,2026-08-14,"2026-08-06","Mushrooms - Choice",1,8
463,2026-08-14,"2026-08-06","Olive Oil Small - ML",1,8.5
463,2026-08-14,"2026-08-06","Extra Credit - Each",3.11,1.06
463,2026-08-14,"2026-08-06","Mini",1,53.2
699,2026-08-14,"2026-08-06","Mothership Pickup Time (1.0 @3:30-4) - @3:30-4",1,0
699,2026-08-14,"2026-08-06","Chicken - Thighs /lbs  - lbs",1,7.56
699,2026-08-14,"2026-08-06","Eggs - Dozen",1,6.5
699,2026-08-14,"2026-08-06","Granola Bar - Each",2,3.8
699,2026-08-14,"2026-08-06","Hoagie - T - Each",1,3.5
699,2026-08-14,"2026-08-06","Semolina - T - Loaf",1,7
699,2026-08-14,"2026-08-06","Extra Credit - Each",4.91,1.06
699,2026-08-14,"2026-08-06","Half",1,84.79
979,2026-08-14,"2026-08-06","Mothership Pickup Time (1.0 @3:30-4) - @3:30-4",1,0
979,2026-08-14,"2026-08-06","Eggs - Dozen",1,6.5
979,2026-08-14,"2026-08-06","Kairos Sourdough Choice $5 - Pack",1,5
979,2026-08-14,"2026-08-06","Pork - Breakfast Bulk - Pack",1,8.5
979,2026-08-14,"2026-08-06","Yogurt - Plain - Oz.",1,7.25
979,2026-08-14,"2026-08-06","Half",1,84.79
704,2026-08-14,"2026-08-12","Peanut Butter EW - Pint",1,7.75
704,2026-08-14,"2026-08-12","Mothership Pickup Time (2.0 @4-4:30) - @4-4:30",1,0
704,2026-08-14,"2026-08-12","Eggs - H - Dozen",1,6.5
704,2026-08-14,"2026-08-12","Pink Sauce - Oz.",1,8.75
704,2026-08-14,"2026-08-12","Sourdough Bread - Frozen - Lb.",1,6.75
704,2026-08-14,"2026-08-12","Sugar Free - Strawberry Jam  - Pint",1,7.75
704,2026-08-14,"2026-08-12","Extra Credit - Each",0.75,1.06
704,2026-08-14,"2026-08-12","FSA/FSD",1,79.79
335,2026-08-14,"2026-08-12","Chicken - Big Bag Deboned Thighs/lb. - Bag",1,43.56
335,2026-08-14,"2026-08-12","Watermelon - Seeded - Each",1,7
335,2026-08-14,"2026-08-12","Mothership Pickup Time (1.0 @3:30-4) - @3:30-4",1,0
335,2026-08-14,"2026-08-12","RL Heavy Cream SALE! - Pint",1,6.5
335,2026-08-14,"2026-08-12","Potatoes - Purple Viking - lbs",1,6
335,2026-08-14,"2026-08-12","Tomatillos  - Bag",1,4.75
335,2026-08-14,"2026-08-12","Extra Credit - Each",46.06,1.06
335,2026-08-14,"2026-08-12","Mini",1,53.2
371,2026-08-14,"2026-08-12","Beef Kabob Meat - Lb.",1,12.75
371,2026-08-14,"2026-08-12","Mushrooms - Choice",1,8
371,2026-08-14,"2026-08-12","Olive Oil Small - ML",1,8.5
371,2026-08-14,"2026-08-12","Tomatoes - Heirloom - Bag",1,9
371,2026-08-14,"2026-08-12","Half",1,68.89
1410,2026-08-14,"2026-08-12","UCity Pickup Time - @4:10-4:30",1,0
1410,2026-08-14,"2026-08-12","Chicken - Ground - Lb.",1,10.25
1410,2026-08-14,"2026-08-12","Louise's Original Granola - Bag",1,10
1410,2026-08-14,"2026-08-12","Mushrooms (1.0 Shiitake) - Shiitake",1,8
1410,2026-08-14,"2026-08-12","Olive Oil Small - ML",1,8.5
1410,2026-08-14,"2026-08-12","Extra Credit - Each",7.5,1.06
1410,2026-08-14,"2026-08-12","Half",1,68.89
1983,2026-08-14,"2026-08-12","Aged Cheddar - HBC - Each",1,6.75
1983,2026-08-14,"2026-08-12","Cantaloupe (1.0 Medium) - Medium",1,7
1983,2026-08-14,"2026-08-12","Eggs - H - Dozen",2,6.5
1983,2026-08-14,"2026-08-12","Feta Cheese - HBC - Each",1,6.75
1983,2026-08-14,"2026-08-12","Tomatoes - Funky Bunch - Pint",1,7
1983,2026-08-14,"2026-08-12","Extra Credit - Each",18.75,1.06
1983,2026-08-14,"2026-08-12","Mini",1,53.2
903,2026-08-14,"2026-08-12","Cheese Choice $6.75 - Each",1,6.75
903,2026-08-14,"2026-08-12","Mustard - Choice",1,6.5
903,2026-08-14,"2026-08-12","Pork - Bratwurst  - Pack",1,8.5
903,2026-08-14,"2026-08-12","Mini",1,53.2
136,2026-08-14,"2026-08-12","Eggplant - Globe (1.0 Large) - Large",1,3
136,2026-08-14,"2026-08-12","Garlic - Head - Head",2,1
136,2026-08-14,"2026-08-12","Oat Porridge Bread - Wednesday - Loaf",1,9
136,2026-08-14,"2026-08-12","Onions - Yellow - lbs",1,3.5
136,2026-08-14,"2026-08-12","Squash - Zucchini - Each",1,3
136,2026-08-14,"2026-08-12","Sweet Corn - 5-pack",1,4
136,2026-08-14,"2026-08-12","Winter Squash - Spaghetti - Each",1,4.75
136,2026-08-14,"2026-08-12","Half",1,84.79
56,2026-08-14,"2026-08-12","Mothership Pickup Time (4.0 @5-5:30) - @5-5:30",1,0
56,2026-08-14,"2026-08-12","Beef Kabob Meat - Lb.",1,12.75
56,2026-08-14,"2026-08-12","Blackberries - Frozen (1.0 Large) - Large",1,10.5
56,2026-08-14,"2026-08-12","Mushrooms - Choice",1,8
56,2026-08-14,"2026-08-12","Olive Oil Small - ML",1,8.5
56,2026-08-14,"2026-08-12","Peaches - Bag",1,7
56,2026-08-14,"2026-08-12","Extra Credit - Each",17.5,1.06
56,2026-08-14,"2026-08-12","Half",1,84.79
346,2026-08-14,"2026-08-12","Watermelon - Seeded - Each",2,7
346,2026-08-14,"2026-08-12","Bagels - Blueberry - BU - Bag",1,11.25
346,2026-08-14,"2026-08-12","Mushrooms - Choice",1,8
346,2026-08-14,"2026-08-12","Tomatoes - Funky Bunch - Pint",1,7
346,2026-08-14,"2026-08-12","Extra Credit - Each",11,1.06
346,2026-08-14,"2026-08-12","Half",1,84.79
1038,2026-08-14,"2026-08-12","Mothership Pickup Time (6.0 @6-6:30) - @6-6:30",1,0
1038,2026-08-14,"2026-08-12","Eggs - H - Dozen",1,6.5
1038,2026-08-14,"2026-08-12","Garlic - Head - Head",1,1
1038,2026-08-14,"2026-08-12","Mushrooms (1.0 Shiitake) - Shiitake",1,8
1038,2026-08-14,"2026-08-12","Peaches - Bag",1,7
1038,2026-08-14,"2026-08-12","Extra Credit - Each",0.75,1.06
1038,2026-08-14,"2026-08-12","Mini",1,53.2
1039,2026-08-14,"2026-08-12","UCity Pickup Time - @4:10-4:30",1,0
1039,2026-08-14,"2026-08-12","Bacon - Uncured/lb - Pack",1,15.71
1039,2026-08-14,"2026-08-12","Eggs - Dozen",1,6.5
1039,2026-08-14,"2026-08-12","Pork - Breakfast Bulk - Pack",1,8.5
1039,2026-08-14,"2026-08-12","Extra Credit - Each",3.46,1.06
1039,2026-08-14,"2026-08-12","UCA/KWA",1,79.79
618,2026-08-14,"2026-08-12","Eggs - BW - Dozen",1,6.5
618,2026-08-14,"2026-08-12","Mothership Pickup Time (4.0 @5-5:30) - @5-5:30",1,0
618,2026-08-14,"2026-08-12","Light and Mild - T - Loaf",1,8.25
618,2026-08-14,"2026-08-12","Tomatoes - Slicing - Bag",1,6.5
618,2026-08-14,"2026-08-12","Tomatoes - Sungold - Pint",1,7
618,2026-08-14,"2026-08-12","Extra Credit - Each",6.5,1.06
618,2026-08-14,"2026-08-12","Mini",1,53.2
1830,2026-08-14,"2026-08-12","Yogurt - Greek Plain - Oz.",1,7.75
1830,2026-08-14,"2026-08-12","Mothership Pickup Time (1.0 @3:30-4) - @3:30-4",1,0
1830,2026-08-14,"2026-08-12","Cantaloupe (1.0 Medium) - Medium",1,7
1830,2026-08-14,"2026-08-12","Ground Lamb  - Lb.",1,15
1830,2026-08-14,"2026-08-12","Leeks - Bunch",1,6
1830,2026-08-14,"2026-08-12","Peppers - Carmen - 2-pack",1,3
1830,2026-08-14,"2026-08-12","Potatoes - Purple Viking - lbs",1,6
1830,2026-08-14,"2026-08-12","Stringbean Half Caf - Bag",1,16
1830,2026-08-14,"2026-08-12","Tomatoes - Heirloom - Bag",1,8
1830,2026-08-14,"2026-08-12","Extra Credit - Each",44.5,1.06
1830,2026-08-14,"2026-08-12","Mini",1,53.2
1830,2026-08-14,"2026-08-12","2% MILK",1,8.85
1968,2026-08-14,"2026-08-12","Cantaloupe (1.0 Medium) - Medium",1,7
1968,2026-08-14,"2026-08-12","Eggs - H - Dozen",1,6.5
1968,2026-08-14,"2026-08-12","Pork - Bratwurst  - Pack",1,8.5
1968,2026-08-14,"2026-08-12","Extra Credit - Each",0.25,1.06
1968,2026-08-14,"2026-08-12","Mini",1,53.2
1203,2026-08-14,"2026-08-12","Eggs - BW - Dozen",1,6.5
1203,2026-08-14,"2026-08-12","Salsa - Gringo's Hot - Pint",1,5
1203,2026-08-14,"2026-08-12","Mothership Pickup Time (2.0 @4-4:30) - @4-4:30",1,0
1203,2026-08-14,"2026-08-12","Curds Applewood Smoked 10 oz - Bag",1,6.75
1203,2026-08-14,"2026-08-12","Kale - Green Curly - Bag",1,5
1203,2026-08-14,"2026-08-12","Peppers - Jalapenos - 5-pack",2,3.5
1203,2026-08-14,"2026-08-12","Pork - Ground  - Lb.",1,7.5
1203,2026-08-14,"2026-08-12","Extra Credit - Each",1,1.06
1203,2026-08-14,"2026-08-12","FSA/FSD",1,79.79
892,2026-08-14,"2026-08-12","Milk Chocolate PB Bon Bons - Pack",1,12
892,2026-08-14,"2026-08-12","Olive Oil Small - ML",1,8.5
892,2026-08-14,"2026-08-12","Peaches - Bag",1,7
892,2026-08-14,"2026-08-12","Semolina - Wednesday - Loaf",1,7
892,2026-08-14,"2026-08-12","Toffee - Package",1,7.5
892,2026-08-14,"2026-08-12","Tomatoes - Sungold - Pint",1,7
892,2026-08-14,"2026-08-12","Extra Credit - Each",19.75,1.06
892,2026-08-14,"2026-08-12","Half",1,84.79
444,2026-08-14,"2026-08-12","Eggs - BW - Dozen",2,6.5
444,2026-08-14,"2026-08-12","UCity Pickup Time - @4:10-4:30",1,0
444,2026-08-14,"2026-08-12","Cantaloupe (1.0 Medium) - Medium",1,7
444,2026-08-14,"2026-08-12","Ground Beef - D&M - Lb.",2,10.5
444,2026-08-14,"2026-08-12","Onions - Red  (1.0 Lb.) - Lb.",1,3
444,2026-08-14,"2026-08-12","Onions - Yellow - lbs",1,3.5
444,2026-08-14,"2026-08-12","Pretzel - UL Wednesday - Each",2,3.75
444,2026-08-14,"2026-08-12","RL Chocolate Milk - Bottle",2,2.75
444,2026-08-14,"2026-08-12","Tomatoes - Funky Bunch - Pint",1,7
444,2026-08-14,"2026-08-12","Extra Credit - Each",40.25,1.06
444,2026-08-14,"2026-08-12","UCA/KWA",1,79.79
828,2026-08-14,"2026-08-12","Bagels - Blueberry - BU - Bag",1,11.25
828,2026-08-14,"2026-08-12","Bagels - Cinnamon Raisin - BU - Bag",1,11.25
828,2026-08-14,"2026-08-12","Bagels - Everything - BU - Bag",1,11.25
828,2026-08-14,"2026-08-12","Chicken Links - Sundried Tomato - lbs",1,10.5
828,2026-08-14,"2026-08-12","Eggs - H - Dozen",1,6.5
828,2026-08-14,"2026-08-12","Flank Steak/lbs. - lbs",1,49.14
828,2026-08-14,"2026-08-12","Peaches - Bag",1,7
828,2026-08-14,"2026-08-12","Tomatoes - Heirloom - Bag",1,8
828,2026-08-14,"2026-08-12","Extra Credit - Each",93.14,1.06
828,2026-08-14,"2026-08-12","Mini",1,53.2
902,2026-08-14,"2026-08-12","Mothership Pickup Time (4.0 @5-5:30) - @5-5:30",1,0
902,2026-08-14,"2026-08-12","Beef Kabob Meat - Lb.",1,12.75
902,2026-08-14,"2026-08-12","Mushrooms - Choice",1,8
902,2026-08-14,"2026-08-12","Olive Oil Small - ML",1,8.5
902,2026-08-14,"2026-08-12","Half",1,84.79
472,2026-08-14,"2026-08-12","Beef Kabob Meat - Lb.",1,12.75
472,2026-08-14,"2026-08-12","Mushrooms - Choice",1,8
472,2026-08-14,"2026-08-12","Olive Oil Small - ML",1,8.5
472,2026-08-14,"2026-08-12","Half",1,68.89
1799,2026-08-14,"2026-08-12","Chicken - Ground - Lb.",1,10.25
1799,2026-08-14,"2026-08-12","Clean Plate Pantry Choice ($12) - Jar",1,12
1799,2026-08-14,"2026-08-12","Mushrooms - Choice",1,8
1799,2026-08-14,"2026-08-12","Pasta Wildcard $6.50 - Pack",1,6.5
1799,2026-08-14,"2026-08-12","FSA/FSD",1,79.79
1920,2026-08-14,"2026-08-12","UCity Pickup Time (3.0 @5-5:30) - @5-5:30",1,0
1920,2026-08-14,"2026-08-12","Black Beans DC - Tub",1,6.5
1920,2026-08-14,"2026-08-12","Hot Sauce - Green - Oz.",1,7.25
1920,2026-08-14,"2026-08-12","Multigrain Bread - Frozen - Loaf",1,6.75
1920,2026-08-14,"2026-08-12","Pork Italian Bulk - D&M - Lb.",1,8.5
1920,2026-08-14,"2026-08-12","Tomatoes - Funky Bunch - Pint",1,7
1920,2026-08-14,"2026-08-12","Extra Credit - Each",6.75,1.06
1920,2026-08-14,"2026-08-12","Half",1,68.89
30,2026-08-14,"2026-08-12","Mothership Pickup Time (3.0 @4:30-5) - @4:30-5",1,0
30,2026-08-14,"2026-08-12","Chicken - Thighs /lbs  - lbs",1,7.2
30,2026-08-14,"2026-08-12","Fresh Herb - Basil - Bunch",1,4
30,2026-08-14,"2026-08-12","Hoagie - Wednesday - Each",1,3.5
30,2026-08-14,"2026-08-12","Okra  - Bag",1,6
30,2026-08-14,"2026-08-12","Sesame Hoagie -W - Each",1,3.8
30,2026-08-14,"2026-08-12","Tomatoes - Slicing - Bag",1,6.5
30,2026-08-14,"2026-08-12","Extra Credit - Each",1.75,1.06
30,2026-08-14,"2026-08-12","Half",1,84.79
611,2026-08-14,"2026-08-12","Milk - Whole - Oz.",1,8.32
611,2026-08-14,"2026-08-12","Eggs - BW - Dozen",1,6.5
611,2026-08-14,"2026-08-12","Kuva Nicaragua - Bag",1,16.45
611,2026-08-14,"2026-08-12","Mothership Pickup Time (5.0 @5:30-6) - @5:30-6",1,0
611,2026-08-14,"2026-08-12","Chicken - Ground - Lb.",1,10.25
611,2026-08-14,"2026-08-12","Clean Plate Pantry Choice ($12) - Jar",1,12
611,2026-08-14,"2026-08-12","Pasta Wildcard $6.50 - Pack",1,6.5
611,2026-08-14,"2026-08-12","Extra Credit - Each",23.27,1.06
611,2026-08-14,"2026-08-12","FSA/FSD",1,79.79
1699,2026-08-14,"2026-08-12","UCity Pickup Time (2.0 @4:30-5) - @4:30-5",1,0
1699,2026-08-14,"2026-08-12","Garlic - Head - Head",1,1
1699,2026-08-14,"2026-08-12","Light and Mild - Wednesday - Loaf",1,8.25
1699,2026-08-14,"2026-08-12","Peppers - Jalapenos - 5-pack",1,3.5
1699,2026-08-14,"2026-08-12","Pretzel - UL Wednesday - Each",2,3.75
1699,2026-08-14,"2026-08-12","Sweet Corn - 5-pack",2,4
1699,2026-08-14,"2026-08-12","Extra Credit - Each",1,1.06
1699,2026-08-14,"2026-08-12","UCA/KWA",1,79.79
1154,2026-08-14,"2026-08-12","Carrots - Lb.",1,6
1154,2026-08-14,"2026-08-12","Garlic - Head - Head",2,1
1154,2026-08-14,"2026-08-12","Peaches - Bag",2,7
1154,2026-08-14,"2026-08-12","Extra Credit - Each",0.25,1.06
1154,2026-08-14,"2026-08-12","Mini",1,53.2
541,2026-08-14,"2026-08-12","Watermelon - Seeded - Each",1,7
541,2026-08-14,"2026-08-12","UCity Pickup Time (3.0 @5-5:30) - @5-5:30",1,0
541,2026-08-14,"2026-08-12","XO! Green Bags Donation - $",1,1
541,2026-08-14,"2026-08-12","Eggs - Dozen",1,6.5
541,2026-08-14,"2026-08-12","Okra  - Bag",1,6
541,2026-08-14,"2026-08-12","Peppers - Red Bell XL - 1-each",2,2.5
541,2026-08-14,"2026-08-12","Squash - Summer - Each",1,3
541,2026-08-14,"2026-08-12","UCA/KWA",1,79.79
1928,2026-08-14,"2026-08-12","Milk - 2%  - Oz.",1,8.32
1928,2026-08-14,"2026-08-12","Eggs - H - Dozen",2,6.5
1928,2026-08-14,"2026-08-12","Peaches - Bag",1,7
1928,2026-08-14,"2026-08-12","Vinaigrette - Greek Style - Bottle",1,6.25
1928,2026-08-14,"2026-08-12","Extra Credit - Each",5.32,1.06
1928,2026-08-14,"2026-08-12","Half",1,68.89
1559,2026-08-14,"2026-08-12","Watermelon - Seeded - Each",1,7
1559,2026-08-14,"2026-08-12","Jam - Red Cherry HBY - Pint",1,7.75
1559,2026-08-14,"2026-08-12","Jam - Strawberry - Rhubarb - Pint",1,7.75
1559,2026-08-14,"2026-08-12","UCity Pickup Time (3.0 @5-5:30) - @5-5:30",1,0
1559,2026-08-14,"2026-08-12","Applewood Smoked Cheddar - Each",1,6.75
1559,2026-08-14,"2026-08-12","Bacon - Uncured/lb - Pack",1,16.17
1559,2026-08-14,"2026-08-12","Chicken - Thighs /lbs  - lbs",1,8.16
1559,2026-08-14,"2026-08-12","Chicken Breasts /lb. - Pack",1,9.01
1559,2026-08-14,"2026-08-12","Eggs - H - Dozen",1,6.5
1559,2026-08-14,"2026-08-12","Garlic - Head - Head",2,1
1559,2026-08-14,"2026-08-12","Mushrooms (1.0 Shiitake) - Shiitake",1,8
1559,2026-08-14,"2026-08-12","Peppers - Banana - 4-pack",1,4.25
1559,2026-08-14,"2026-08-12","Tomatillos  - Bag",1,4.75
1559,2026-08-14,"2026-08-12","Extra Credit - Each",66.34,1.06
1559,2026-08-14,"2026-08-12","Mini",1,53.2
1098,2026-08-14,"2026-08-12","Watermelon - Seeded - Each",1,7
1098,2026-08-14,"2026-08-12","Eggs - BW - Dozen",1,6.5
1098,2026-08-14,"2026-08-12","UCity Pickup Time - @4:10-4:30",1,0
1098,2026-08-14,"2026-08-12","XO - Cooler Donation - $",1,1
1098,2026-08-14,"2026-08-12","Cannoli - 2-pack",2,7
1098,2026-08-14,"2026-08-12","Chicken Thighs - Boneless/lb. - lbs",1,11.73
1098,2026-08-14,"2026-08-12","Mushrooms (1.0 Lion's Mane) - Lion's Mane",1,8
1098,2026-08-14,"2026-08-12","Okra  - Bag",1,6
1098,2026-08-14,"2026-08-12","Peaches - Bag",1,7
1098,2026-08-14,"2026-08-12","Tomatoes - Heirloom - Bag",1,8
1098,2026-08-14,"2026-08-12","Extra Credit - Each",47.48,1.06
1098,2026-08-14,"2026-08-12","Mini",1,53.2
557,2026-08-14,"2026-08-12","Mothership Pickup Time (1.0 @3:30-4) - @3:30-4",1,0
557,2026-08-14,"2026-08-12","Chicken Breasts /lb. - Pack",1,9.86
557,2026-08-14,"2026-08-12","Eggs - H - Dozen",1,6.5
557,2026-08-14,"2026-08-12","Mushrooms (1.0 Oyster) - Oyster",1,8
557,2026-08-14,"2026-08-12","Pasta Wildcard $6.50 - Pack",1,6.5
557,2026-08-14,"2026-08-12","Pork Breakfast Link D&M - Pack",1,8.5
557,2026-08-14,"2026-08-12","Extra Credit - Each",2.61,1.06
557,2026-08-14,"2026-08-12","FSA/FSD",1,79.79
986,2026-08-14,"2026-08-12","Watermelon - Seeded - Each",1,7
986,2026-08-14,"2026-08-12","Mothership Pickup Time (4.0 @5-5:30) - @5-5:30",1,0
986,2026-08-14,"2026-08-12","Lamb Gyro w/ Feta & Spinach - Lb.",1,18
986,2026-08-14,"2026-08-12","Mushrooms - Choice",1,8
986,2026-08-14,"2026-08-12","Extra Credit - Each",3.75,1.06
986,2026-08-14,"2026-08-12","Half",1,84.79
288,2026-08-14,"2026-08-12","Eggs - BW - Dozen",1,6.5
288,2026-08-14,"2026-08-12","Mothership Pickup Time (1.0 @3:30-4) - @3:30-4",1,0
288,2026-08-14,"2026-08-12","Chicken - Ground - Lb.",1,10.25
288,2026-08-14,"2026-08-12","Polenta - Oz.",1,4.75
288,2026-08-14,"2026-08-12","Mini",1,53.2
1896,2026-08-14,"2026-08-12","Mothership Pickup Time (4.0 @5-5:30) - @5-5:30",1,0
1896,2026-08-14,"2026-08-12","Chicken Thighs - Boneless/lb. - Wee* - lbs",1,8.75
1896,2026-08-14,"2026-08-12","Cinnamon Rolls - Frozen - Pack",1,6.75
1896,2026-08-14,"2026-08-12","Garlic - Head - Head",2,1
1896,2026-08-14,"2026-08-12","Oat Porridge Bread - Wednesday - Loaf",1,9
1896,2026-08-14,"2026-08-12","Peaches - Bag",1,7
1896,2026-08-14,"2026-08-12","Pork - Bratwurst  - Pack",1,8.5
1896,2026-08-14,"2026-08-12","Semolina - Wednesday - Loaf",1,7
1896,2026-08-14,"2026-08-12","Extra Credit - Each",27.25,1.06
1896,2026-08-14,"2026-08-12","Mini",1,53.2
1989,2026-08-14,"2026-08-12","Mothership Pickup Time (1.0 @3:30-4) - @3:30-4",1,0
1989,2026-08-14,"2026-08-12","Strip Steak /lb - Pack",2,16.8
1989,2026-08-14,"2026-08-12","Extra Credit - Each",4.35,1.06
1989,2026-08-14,"2026-08-12","Half",1,84.79
391,2026-08-14,"2026-08-12","Bagels - Everything - BU - Bag",1,11.25
391,2026-08-14,"2026-08-12","Cheese Choice $6.75 - Each",1,6.75
391,2026-08-14,"2026-08-12","Mustard - Choice",1,6.5
391,2026-08-14,"2026-08-12","Pork - Bratwurst  - Pack",1,8.5
391,2026-08-14,"2026-08-12","Extra Credit - Each",11.25,1.06
391,2026-08-14,"2026-08-12","Mini",1,53.2
824,2026-08-14,"2026-08-12","Aged Cheddar - HBC - Each",1,6.75
824,2026-08-14,"2026-08-12","Eggs - H - Dozen",1,6.5
824,2026-08-14,"2026-08-12","Pork - Bratwurst  - Pack",1,8.5
824,2026-08-14,"2026-08-12","Mini",1,53.2
207,2026-08-14,"2026-08-12","Watermelon - Seeded - Each",1,7
207,2026-08-14,"2026-08-12","Eggs - BW - Dozen",1,6.5
207,2026-08-14,"2026-08-12","Garlic - Head - Head",1,1
207,2026-08-14,"2026-08-12","Potatoes - New - Bag",1,5.75
207,2026-08-14,"2026-08-12","Potatoes - Yukon Gold - lbs",1,6
207,2026-08-14,"2026-08-12","Tomatoes - Slicing - Bag",1,6.5
207,2026-08-14,"2026-08-12","Tomatoes - Sungold - Pint",1,7
207,2026-08-14,"2026-08-12","Extra Credit - Each",18,1.06
207,2026-08-14,"2026-08-12","Mini",1,53.2
100,2026-08-14,"2026-08-12","Mothership Pickup Time (3.0 @4:30-5) - @4:30-5",1,0
100,2026-08-14,"2026-08-12","Boneless Pork Chop - D&M /lb - Lb.",1,12.54
100,2026-08-14,"2026-08-12","Cinnamon Raisin Bread - 1-each",1,6.75
100,2026-08-14,"2026-08-12","Mustard (1.0 Garlic) - Garlic",1,6.5
100,2026-08-14,"2026-08-12","Pork Breakfast Link D&M - Pack",1,8.5
100,2026-08-14,"2026-08-12","Extra Credit - Each",12.54,1.06
100,2026-08-14,"2026-08-12","Mini",1,53.2
178,2026-08-14,"2026-08-12","Chicken - BULK Breasts /lb. - Pack",1,43.73
178,2026-08-14,"2026-08-12","Chicken - Ground - Lb.",1,10.25
178,2026-08-14,"2026-08-12","Chicken Links - Andouille  - Lb.",1,10.5
178,2026-08-14,"2026-08-12","Hoagie - Wednesday - Each",1,3.5
178,2026-08-14,"2026-08-12","Extra Credit - Each",38.73,1.06
178,2026-08-14,"2026-08-12","Half",1,68.89
98,2026-08-14,"2026-08-12","Peanut Butter EW - Pint",1,7.75
98,2026-08-14,"2026-08-12","UCity Pickup Time (2.0 @4:30-5) - @4:30-5",1,0
98,2026-08-14,"2026-08-12","Mushrooms (1.0 Shiitake) - Shiitake",1,8
98,2026-08-14,"2026-08-12","Peaches - Bag",1,7
98,2026-08-14,"2026-08-12","Squash - Summer - Each",1,3
98,2026-08-14,"2026-08-12","Squash - Zucchini - Each",1,3
98,2026-08-14,"2026-08-12","Sweet Corn - 5-pack",1,4
98,2026-08-14,"2026-08-12","Tomatoes - Funky Bunch - Pint",1,7
98,2026-08-14,"2026-08-12","Extra Credit - Each",39.75,1.06
99,2026-08-14,"2026-08-12","Chicken - BULK Breasts /lb. - Pack",1,43.23
99,2026-08-14,"2026-08-12","Mothership Pickup Time (2.0 @4-4:30) - @4-4:30",1,0
99,2026-08-14,"2026-08-12","Chicken - Breakfast - Pack",1,10.5
99,2026-08-14,"2026-08-12","Janie's Bread - Wednesday - Each",1,7
99,2026-08-14,"2026-08-12","Mushrooms (1.0 Shiitake) - Shiitake",1,8
99,2026-08-14,"2026-08-12","Peppers - Carmen - 2-pack",1,3
77,2026-08-14,"2026-08-12","Mothership Pickup Time (1.0 @3:30-4) - @3:30-4",1,0
77,2026-08-14,"2026-08-12","Cinnamon Raisin Bread - 1-each",1,6.75
77,2026-08-14,"2026-08-12","Dark Chocolate Square  - Each",1,1.75
77,2026-08-14,"2026-08-12","Hummus - Carrot & Ginger - Tub",1,6.75
77,2026-08-14,"2026-08-12","Pizza Sauce - Jar",1,6.75
77,2026-08-14,"2026-08-12","Extra Credit - Each",0.25,1.06
77,2026-08-14,"2026-08-12","Mini",1,53.2
870,2026-08-14,"2026-08-12","Mothership Pickup Time (3.0 @4:30-5) - @4:30-5",1,0
870,2026-08-14,"2026-08-12","Bacon - Uncured/lb - Pack",1,16.01
870,2026-08-14,"2026-08-12","Beans & Rice - Tub",1,6.5
870,2026-08-14,"2026-08-12","Louise's Original Granola - Bag",1,10
870,2026-08-14,"2026-08-12","FSA/FSD",1,79.79
637,2026-08-14,"2026-08-12","Mothership Pickup Time (1.0 @3:30-4) - @3:30-4",1,0
637,2026-08-14,"2026-08-12","Aged Cheddar - HBC - Each",1,6.75
637,2026-08-14,"2026-08-12","English Muffin Sourdough - Frozen - Pack",1,5
637,2026-08-14,"2026-08-12","Mushrooms - Choice",1,8
637,2026-08-14,"2026-08-12","Onions - Red  (1.0 Lb.) - Lb.",1,3
637,2026-08-14,"2026-08-12","Half",1,84.79
1084,2026-08-14,"2026-08-12","Salsa - Gringo's Medium - Pint",1,5
1084,2026-08-14,"2026-08-12","Dark Chocolate Salted Bark - Pack",1,7.5
1084,2026-08-14,"2026-08-12","Dark Chocolate Toasted Pecan Bark - Package",1,7.5
1084,2026-08-14,"2026-08-12","Date Chocolate Spread - Jar",1,12
1084,2026-08-14,"2026-08-12","Pasta Long Bi-color - Lb.",1,6.5
1084,2026-08-14,"2026-08-12","Queso Quesadilla - HBC - Each",1,6.75
1084,2026-08-14,"2026-08-12","Tomatoes - Funky Bunch - Pint",1,7
1084,2026-08-14,"2026-08-12","Extra Credit - Each",23,1.06
1084,2026-08-14,"2026-08-12","Half",1,84.79
351,2026-08-14,"2026-08-12","Eggs - BW - Dozen",1,6.5
351,2026-08-14,"2026-08-12","Yogurt - Greek Plain - Oz.",1,7.75
351,2026-08-14,"2026-08-12","Mothership Pickup Time (1.0 @3:30-4) - @3:30-4",1,0
351,2026-08-14,"2026-08-12","Garlic - Head - Head",2,1
351,2026-08-14,"2026-08-12","Peaches - Bag",1,7
351,2026-08-14,"2026-08-12","Semolina - Wednesday - Loaf",1,7
351,2026-08-14,"2026-08-12","Stringbean Ethiopian - Bag",1,16
351,2026-08-14,"2026-08-12","Extra Credit - Each",17,1.06
351,2026-08-14,"2026-08-12","Half",1,84.79
1923,2026-08-14,"2026-08-12","UCity Pickup Time (3.0 @5-5:30) - @5-5:30",1,0
1923,2026-08-14,"2026-08-12","Blackberries - Frozen (1.0 Large) - Large",1,10.5
1923,2026-08-14,"2026-08-12","Eggs - Dozen",1,6.5
1923,2026-08-14,"2026-08-12","Kairos Sourdough Choice $5 - Pack",1,5
1923,2026-08-14,"2026-08-12","Pork - Breakfast Bulk - Pack",1,8.5
1923,2026-08-14,"2026-08-12","Potatoes - Yukon Gold - lbs",1,6
1923,2026-08-14,"2026-08-12","Yogurt Wildcard ($7.25) - Each",1,7.25
1923,2026-08-14,"2026-08-12","Extra Credit - Each",16.5,1.06
1923,2026-08-14,"2026-08-12","UCA/KWA",1,79.79
1879,2026-08-14,"2026-08-12","Mothership Pickup Time (3.0 @4:30-5) - @4:30-5",1,0
1879,2026-08-14,"2026-08-12","Aged Cheddar - HBC - Each",1,6.75
1879,2026-08-14,"2026-08-12","Eggs - H - Dozen",1,6.5
1879,2026-08-14,"2026-08-12","Mustard (1.0 Garlic) - Garlic",1,6.5
1879,2026-08-14,"2026-08-12","Pork - Bratwurst  - Pack",1,8.5
1879,2026-08-14,"2026-08-12","Extra Credit - Each",6.5,1.06
1879,2026-08-14,"2026-08-12","Mini",1,53.2
727,2026-08-14,"2026-08-12","Ground Turkey - Pack",1,10.25
727,2026-08-14,"2026-08-12","Watermelon - Seeded - Each",1,7
727,2026-08-14,"2026-08-12","UCity Pickup Time - @4:10-4:30",1,0
727,2026-08-14,"2026-08-12","Bacon - Uncured/lb - Pack",1,16.17
727,2026-08-14,"2026-08-12","Eggs - Dozen",1,6.5
727,2026-08-14,"2026-08-12","Heirloom 2nds/3lbs bag - Lb.",1,8.5
727,2026-08-14,"2026-08-12","Kairos Sourdough Choice $5 - Pack",1,5
727,2026-08-14,"2026-08-12","Kale - Green Curly - Bag",1,5
727,2026-08-14,"2026-08-12","Peaches - Bag",1,7
727,2026-08-14,"2026-08-12","Pork - Breakfast Bulk - Pack",1,8.5
727,2026-08-14,"2026-08-12","Potatoes - Fingerling - lbs",1,7
727,2026-08-14,"2026-08-12","Tomatoes - Funky Bunch - Pint",1,7
727,2026-08-14,"2026-08-12","Tomatoes - Sungold - Pint",1,7
727,2026-08-14,"2026-08-12","Yogurt Wildcard ($7.25) - Each",1,7.25
727,2026-08-14,"2026-08-12","Extra Credit - Each",74.92,1.06
727,2026-08-14,"2026-08-12","UCA/KWA",1,79.79
373,2026-08-14,"2026-08-12","UCity Pickup Time (3.0 @5-5:30) - @5-5:30",1,0
373,2026-08-14,"2026-08-12","Dark Chocolate Square  - Each",1,1.75
373,2026-08-14,"2026-08-12","Fresh Herb - Basil - Bunch",3,4
373,2026-08-14,"2026-08-12","Peppers - Shishitos - Bag",1,7
373,2026-08-14,"2026-08-12","Tomatoes - Slicing - Bag",1,6.5
373,2026-08-14,"2026-08-12","UCA/KWA",1,79.79
1498,2026-08-14,"2026-08-12","Cashew Butter - Roasted - Pint",1,11.75
1498,2026-08-14,"2026-08-12","Eggs - BW - Dozen",1,6.5
1498,2026-08-14,"2026-08-12","UCity Pickup Time - @4:10-4:30",1,0
1498,2026-08-14,"2026-08-12","Peaches - Bag",1,7
1498,2026-08-14,"2026-08-12","Extra Credit - Each",3.5,1.06
1498,2026-08-14,"2026-08-12","Mini",1,53.2
526,2026-08-14,"2026-08-12","UCity Pickup Time - @4:10-4:30",1,0
526,2026-08-14,"2026-08-12","Lamb Gyro Seasoned - Lb.",1,18
526,2026-08-14,"2026-08-12","Light and Mild - Wednesday - Loaf",1,8.25
526,2026-08-14,"2026-08-12","Pork - Breakfast Bulk - Pack",1,8.5
526,2026-08-14,"2026-08-12","Extra Credit - Each",7.5,1.06
526,2026-08-14,"2026-08-12","UCA/KWA",1,79.79
544,2026-08-14,"2026-08-12","Watermelon - Seeded - Each",1,7
544,2026-08-14,"2026-08-12","Pork Steaks/lb. - Pack",1,15.8
544,2026-08-14,"2026-08-12","Beef Kabob Meat - Lb.",1,12.75
544,2026-08-14,"2026-08-12","Chicken Drumsticks /LB - Pack",2,4.03
544,2026-08-14,"2026-08-12","Hoagie - Wednesday - Each",1,3.5
544,2026-08-14,"2026-08-12","Yogurt - Strawberry - Oz.",1,7.25
544,2026-08-14,"2026-08-12","Extra Credit - Each",25.11,1.06
544,2026-08-14,"2026-08-12","Half",1,84.79
639,2026-08-14,"2026-08-12","UCity Pickup Time (3.0 @5-5:30) - @5-5:30",1,0
639,2026-08-14,"2026-08-12","XO! Green Bags Donation - $",2,1
639,2026-08-14,"2026-08-12","Beef Kabob Meat - Lb.",1,12.75
639,2026-08-14,"2026-08-12","Peaches - Bag",1,7
639,2026-08-14,"2026-08-12","Semolina - Wednesday - Loaf",1,7
639,2026-08-14,"2026-08-12","Half",1,84.79
1030,2026-08-14,"2026-08-12","Eggs - Dozen",1,6.5
1030,2026-08-14,"2026-08-12","Kairos Sourdough Choice $5 - Pack",1,5
1030,2026-08-14,"2026-08-12","Pork - Breakfast Bulk - Pack",1,8.5
1030,2026-08-14,"2026-08-12","Yogurt Wildcard ($7.25) - Each",1,7.25
1030,2026-08-14,"2026-08-12","UCA/KWA",1,79.79
1448,2026-08-14,"2026-08-12","XO! Green Bags Donation - $",2,1
1448,2026-08-14,"2026-08-12","Chicken - Thighs /lbs  - lbs",1,7.92
1448,2026-08-14,"2026-08-12","Peaches - Bag",1,7
1448,2026-08-14,"2026-08-12","Tomatoes - Sungold - Pint",1,7
1448,2026-08-14,"2026-08-12","Extra Credit - Each",2.17,1.06
1448,2026-08-14,"2026-08-12","Mini",1,53.2
145,2026-08-14,"2026-08-12","Mothership Pickup Time (1.0 @3:30-4) - @3:30-4",1,0
145,2026-08-14,"2026-08-12","Fresh Herb - Basil - Bunch",1,4
145,2026-08-14,"2026-08-12","Gnocchi - Sundried Tomato  - Lb.",1,6.5
145,2026-08-14,"2026-08-12","Onions - Red  (1.0 Lb.) - Lb.",1,3
145,2026-08-14,"2026-08-12","Onions - Yellow - lbs",1,3.5
145,2026-08-14,"2026-08-12","Tomatillos  - Bag",1,4.75
145,2026-08-14,"2026-08-12","Mini",1,53.2
317,2026-08-14,"2026-08-12","Eggs - BW - Dozen",1,6.5
317,2026-08-14,"2026-08-12","Jam - Strawberry HBY - Pint",1,7
317,2026-08-14,"2026-08-12","UCity Pickup Time (3.0 @5-5:30) - @5-5:30",1,0
317,2026-08-14,"2026-08-12","Meatballs D&M - Package",1,15
317,2026-08-14,"2026-08-12","Mushrooms - Choice",1,8
317,2026-08-14,"2026-08-12","Peaches - Bag",2,7
317,2026-08-14,"2026-08-12","Tortellini - Mushroom - Lb.",1,9.15
317,2026-08-14,"2026-08-12","Extra Credit - Each",30.4,1.06
317,2026-08-14,"2026-08-12","Half",1,68.89
863,2026-08-14,"2026-08-12","Mothership Pickup Time (6.0 @6-6:30) - @6-6:30",1,0
863,2026-08-14,"2026-08-12","Ham Hocks/lb. - Pack",1,16.8
863,2026-08-14,"2026-08-12","Mushrooms (1.0 Shiitake) - Shiitake",1,8
863,2026-08-14,"2026-08-12","Pita Bread - Frozen (1.0 White) - White",1,3.55
863,2026-08-14,"2026-08-12","Pork - Jowl Uncured/LB* - Pack",1,12.49
863,2026-08-14,"2026-08-12","Pork Andouille Links - D&M - Each",1,8.5
863,2026-08-14,"2026-08-12","Extra Credit - Each",12.59,1.06
863,2026-08-14,"2026-08-12","FSA/FSD",1,79.79
190,2026-08-14,"2026-08-12","Eggs - BW - Dozen",1,6.5
190,2026-08-14,"2026-08-12","Mothership Pickup Time (4.0 @5-5:30) - @5-5:30",1,0
190,2026-08-14,"2026-08-12","Pork - Bratwurst  - Pack",1,8.5
190,2026-08-14,"2026-08-12","Yogurt - Vanilla - Oz.",1,7.25
190,2026-08-14,"2026-08-12","Extra Credit - Each",0.5,1.06
190,2026-08-14,"2026-08-12","Mini",1,53.2
125,2026-08-14,"2026-08-12","Watermelon - Seeded - Each",1,7
125,2026-08-14,"2026-08-12","Blackberries - Frozen (1.0 Large) - Large",1,10.5
125,2026-08-14,"2026-08-12","Cucumbers - Slicing - Each",1,2
125,2026-08-14,"2026-08-12","Pasta - Gluten Free Short LV - Each",2,5.25
125,2026-08-14,"2026-08-12","Peppers - Carmen - 2-pack",1,3
125,2026-08-14,"2026-08-12","Tomatoes - Slicing - Bag",1,6.5
125,2026-08-14,"2026-08-12","Tomatoes - Sungold - Pint",1,7
125,2026-08-14,"2026-08-12","Extra Credit - Each",19.25,1.06
125,2026-08-14,"2026-08-12","UCA/KWA",1,79.79
256,2026-08-14,"2026-08-12","Mothership Pickup Time (4.0 @5-5:30) - @5-5:30",1,0
256,2026-08-14,"2026-08-12","Carrots - Lb.",1,6
256,2026-08-14,"2026-08-12","Pork - Bratwurst  - Pack",1,8.5
256,2026-08-14,"2026-08-12","Tomatoes - Heirloom - Bag",1,8
256,2026-08-14,"2026-08-12","Tomatoes - Sungold - Pint",1,7
256,2026-08-14,"2026-08-12","Extra Credit - Each",7.75,1.06
256,2026-08-14,"2026-08-12","Mini",1,53.2
235,2026-08-14,"2026-08-12","Ground Turkey - Pack",1,10.25
235,2026-08-14,"2026-08-12","Apple Sauce - Chunky - NS - Quart",1,7.75
235,2026-08-14,"2026-08-12","Hand Pie: Chicken Curry - Bag",1,10.5
235,2026-08-14,"2026-08-12","Hoagie - Wednesday - Each",1,3.5
235,2026-08-14,"2026-08-12","Extra Credit - Each",10.25,1.06
235,2026-08-14,"2026-08-12","Mini",1,53.2
356,2026-08-14,"2026-08-12","UCity Pickup Time (3.0 @5-5:30) - @5-5:30",1,0
356,2026-08-14,"2026-08-12","Bagels - Plain - BU - Bag",1,11.25
356,2026-08-14,"2026-08-12","Chicken Breasts /lb. - Pack",1,9.18
356,2026-08-14,"2026-08-12","English Muffin Sourdough - Frozen - Pack",1,5
356,2026-08-14,"2026-08-12","Pork - Bratwurst  - Pack",1,8.5
356,2026-08-14,"2026-08-12","Extra Credit - Each",12.18,1.06
356,2026-08-14,"2026-08-12","Mini",1,53.2
1107,2026-08-14,"2026-08-12","UCity Pickup Time (3.0 @5-5:30) - @5-5:30",1,0
1107,2026-08-14,"2026-08-12","Chicken Links - Lemon Pepper - Lb.",1,10.5
1107,2026-08-14,"2026-08-12","Eggs - H - Dozen",1,6.5
1107,2026-08-14,"2026-08-12","Tomatoes - Slicing - Bag",1,6.5
1107,2026-08-14,"2026-08-12","Tomatoes - Sungold - Pint",1,7
1107,2026-08-14,"2026-08-12","Extra Credit - Each",1.25,1.06
1107,2026-08-14,"2026-08-12","Half",1,68.89
520,2026-08-14,"2026-08-12","UCity Pickup Time - @4:10-4:30",1,0
520,2026-08-14,"2026-08-12","Cantaloupe (1.0 Medium) - Medium",1,7
520,2026-08-14,"2026-08-12","Heirloom 2nds/3lbs bag - Lb.",1,8.5
520,2026-08-14,"2026-08-12","Onions - Red  (1.0 Lb.) - Lb.",1,3
520,2026-08-14,"2026-08-12","Peppers - Red Bell XL - 1-each",1,2.5
520,2026-08-14,"2026-08-12","Tomatoes - Funky Bunch - Pint",1,7
520,2026-08-14,"2026-08-12","Extra Credit - Each",3.75,1.06
520,2026-08-14,"2026-08-12","Mini",1,53.2
520,2026-08-14,"2026-08-12","Whole MILK",1,8.85
709,2026-08-14,"2026-08-12","Mothership Pickup Time (1.0 @3:30-4) - @3:30-4",1,0
709,2026-08-14,"2026-08-12","RL Heavy Cream SALE! - Pint",1,6.5
709,2026-08-14,"2026-08-12","Chicken Thighs - Boneless/lb. - lbs",2,9.28
709,2026-08-14,"2026-08-12","Eggs - H - Dozen",2,6.5
709,2026-08-14,"2026-08-12","Ground Beef - D&M - Lb.",2,10.5
709,2026-08-14,"2026-08-12","Toffee - Package",2,7.5
709,2026-08-14,"2026-08-12","Extra Credit - Each",37.31,1.06
709,2026-08-14,"2026-08-12","FSA/FSD",1,79.79
709,2026-08-14,"2026-08-12","Whole MILK",1,8.85
763,2026-08-14,"2026-08-12","Chicken - Ground - Lb.",1,10.25
763,2026-08-14,"2026-08-12","Clean Plate Pantry Choice ($12) - Jar",1,12
763,2026-08-14,"2026-08-12","Mushrooms - Choice",1,8
763,2026-08-14,"2026-08-12","Pasta Wildcard $6.50 - Pack",1,6.5
763,2026-08-14,"2026-08-12","FSA/FSD",1,79.79
598,2026-08-14,"2026-08-12","Eggs - BW - Dozen",1,6.5
598,2026-08-14,"2026-08-12","Pasta Bi-color Short - Lb.",1,6.5
598,2026-08-14,"2026-08-12","Pork Italian Bulk - D&M - Lb.",1,8.5
598,2026-08-14,"2026-08-12","Mini",1,53.2
1707,2026-08-14,"2026-08-12","Mothership Pickup Time (2.0 @4-4:30) - @4-4:30",1,0
1707,2026-08-14,"2026-08-12","Cantaloupe (1.0 Medium) - Medium",1,7
1707,2026-08-14,"2026-08-12","Fresh Herb - Basil - Bunch",1,4
1707,2026-08-14,"2026-08-12","Pasta Long Egg - Lb.",1,6.5
1707,2026-08-14,"2026-08-12","Tomatoes - Sungold - Pint",1,7
1707,2026-08-14,"2026-08-12","Extra Credit - Each",2.75,1.06
1707,2026-08-14,"2026-08-12","Mini",1,53.2
423,2026-08-14,"2026-08-12","Mothership Pickup Time (6.0 @6-6:30) - @6-6:30",1,0
423,2026-08-14,"2026-08-12","Cinnamon Rolls - Frozen - Pack",1,6.75
423,2026-08-14,"2026-08-12","Pork - Tenderloin/lb - Wee - Lb.",1,11.27
423,2026-08-14,"2026-08-12","Potatoes - Fingerling - lbs",1,7
423,2026-08-14,"2026-08-12","Potatoes - Yukon Gold - lbs",1,6
423,2026-08-14,"2026-08-12","Queso Quesadilla - HBC - Each",1,6.75
423,2026-08-14,"2026-08-12","Soy Sauce - Mushroom - Bottle",1,7.5
423,2026-08-14,"2026-08-12","Sweet Corn - 5-pack",1,4
423,2026-08-14,"2026-08-12","Extra Credit - Each",12.52,1.06
423,2026-08-14,"2026-08-12","FSA/FSD",1,79.79
814,2026-08-14,"2026-08-12","Eggs - BW - Dozen",1,6.5
814,2026-08-14,"2026-08-12","UCity Pickup Time - @4:10-4:30",1,0
814,2026-08-14,"2026-08-12","XO! Green Bags Donation - $",1,1
814,2026-08-14,"2026-08-12","Beef Kabob Meat - Lb.",1,12.75
814,2026-08-14,"2026-08-12","Mushrooms - Choice",1,8
814,2026-08-14,"2026-08-12","Peaches - Bag",1,7
814,2026-08-14,"2026-08-12","Extra Credit - Each",1,1.06
814,2026-08-14,"2026-08-12","Half",1,68.89
814,2026-08-14,"2026-08-12","Creamline MILK-e",1,8.85
814,2026-08-14,"2026-08-12","Whole MILK-e",1,8.85
1627,2026-08-14,"2026-08-12","Mothership Pickup Time (3.0 @4:30-5) - @4:30-5",1,0
1627,2026-08-14,"2026-08-12","Bacon - Each",1,14.72
1627,2026-08-14,"2026-08-12","Mushrooms - Choice",1,8
1627,2026-08-14,"2026-08-12","Pecan Pieces - Oz.",1,18
1627,2026-08-14,"2026-08-12","Extra Credit - Each",3.97,1.06
1627,2026-08-14,"2026-08-12","FSA/FSD",1,79.79
322,2026-08-14,"2026-08-12","Eggs - Dozen",1,6.5
322,2026-08-14,"2026-08-12","Pizza Sourdough - Frozen - Pack",1,5
322,2026-08-14,"2026-08-12","Pork Breakfast Patties D&M - Pack",1,8.5
322,2026-08-14,"2026-08-12","Yogurt - Strawberry - Oz.",1,7.25
322,2026-08-14,"2026-08-12","UCA/KWA",1,79.79
322,2026-08-14,"2026-08-12","2% MILK-e",1,8.85
132,2026-08-14,"2026-08-12","Half & Half - Pint",1,4.75
132,2026-08-14,"2026-08-12","XO - Cooler Donation - $",1,1
132,2026-08-14,"2026-08-12","Beef Kabob Meat - Lb.",1,12.75
132,2026-08-14,"2026-08-12","Eggs - H - Dozen",1,6.5
132,2026-08-14,"2026-08-12","Mushrooms - Choice",1,8
132,2026-08-14,"2026-08-12","Mushrooms (1.0 Shiitake) - Shiitake",1,8
132,2026-08-14,"2026-08-12","Sourdough Bread - Frozen - Lb.",2,6.75
132,2026-08-14,"2026-08-12","Extra Credit - Each",25.25,1.06
132,2026-08-14,"2026-08-12","Half",1,84.79
681,2026-08-14,"2026-08-12","Eggs - Dozen",1,6.5
681,2026-08-14,"2026-08-12","Kairos Sourdough Choice $5 - Pack",1,5
681,2026-08-14,"2026-08-12","Pork - Breakfast Bulk - Pack",1,8.5
681,2026-08-14,"2026-08-12","Yogurt Wildcard ($7.25) - Each",1,7.25
681,2026-08-14,"2026-08-12","UCA/KWA",1,79.79
960,2026-08-14,"2026-08-12","Beef Kabob Meat - Lb.",1,12.75
960,2026-08-14,"2026-08-12","English Muffin Sourdough - Frozen - Pack",1,5
960,2026-08-14,"2026-08-12","Mushrooms - Choice",1,8
960,2026-08-14,"2026-08-12","Olive Oil Small - ML",1,8.5
960,2026-08-14,"2026-08-12","Extra Credit - Each",5,1.06
960,2026-08-14,"2026-08-12","Half",1,84.79
1474,2026-08-14,"2026-08-12","XO - Cooler Donation - $",1,1
1474,2026-08-14,"2026-08-12","Jam - Blackberry Jalapeno - Pint",1,7
1474,2026-08-14,"2026-08-12","Pasta Bi-color Short - Lb.",1,6.5
1474,2026-08-14,"2026-08-12","Tomatoes - Sungold - Pint",1,7
1474,2026-08-14,"2026-08-12","Mini",1,53.2
1048,2026-08-14,"2026-08-12","UCity Pickup Time (2.0 @4:30-5) - @4:30-5",1,0
1048,2026-08-14,"2026-08-12","Cantaloupe (1.0 Medium) - Medium",1,7
1048,2026-08-14,"2026-08-12","Okra  - Bag",1,6
1048,2026-08-14,"2026-08-12","Pork - Ground  - Lb.",1,7.5
1048,2026-08-14,"2026-08-12","Tomatoes - Sungold - Pint",1,7
1048,2026-08-14,"2026-08-12","Extra Credit - Each",0.25,1.06
1048,2026-08-14,"2026-08-12","UCA/KWA",1,79.79
620,2026-08-14,"2026-08-12","Watermelon - Seeded - Each",1,7
620,2026-08-14,"2026-08-12","Eggs - BW - Dozen",1,6.5
620,2026-08-14,"2026-08-12","Mothership Pickup Time (2.0 @4-4:30) - @4-4:30",1,0
620,2026-08-14,"2026-08-12","Bagels - Blueberry - BU - Bag",1,11.25
620,2026-08-14,"2026-08-12","Peppers - Jalapenos - 5-pack",2,3.5
620,2026-08-14,"2026-08-12","Semolina - Wednesday - Loaf",1,7
620,2026-08-14,"2026-08-12","Sweet Corn - 5-pack",1,4
620,2026-08-14,"2026-08-12","Extra Credit - Each",13.5,1.06
620,2026-08-14,"2026-08-12","Half",1,84.79
1162,2026-08-14,"2026-08-12","Salsa - Black Bean & Corn - Pint",1,5
1162,2026-08-14,"2026-08-12","Mothership Pickup Time (1.0 @3:30-4) - @3:30-4",1,0
1162,2026-08-14,"2026-08-12","Ground Beef - D&M - Lb.",1,10.5
1162,2026-08-14,"2026-08-12","Peppers - Shishitos - Bag",1,7
1162,2026-08-14,"2026-08-12","Squash - Summer - Each",1,3
1162,2026-08-14,"2026-08-12","Extra Credit - Each",3.75,1.06
1162,2026-08-14,"2026-08-12","Mini",1,53.2
783,2026-08-14,"2026-08-12","Milk Chocolate Lolli - Each",1,1.75
783,2026-08-14,"2026-08-12","Peaches - Bag",1,7
783,2026-08-14,"2026-08-12","Pork - Bratwurst  - Pack",1,8.5
783,2026-08-14,"2026-08-12","Ravioli - Butternut Squash  - Lb.",1,9.15
783,2026-08-14,"2026-08-12","Extra Credit - Each",4.65,1.06
783,2026-08-14,"2026-08-12","Mini",1,53.2
1735,2026-08-14,"2026-08-12","UCity Pickup Time (2.0 @4:30-5) - @4:30-5",1,0
1735,2026-08-14,"2026-08-12","Eggs - Dozen",1,6.5
1735,2026-08-14,"2026-08-12","Marshmallow Pie - Each",1,7.5
1735,2026-08-14,"2026-08-12","Onions - Red  (1.0 Lb.) - Lb.",1,3
1735,2026-08-14,"2026-08-12","Peaches - Bag",1,7
1735,2026-08-14,"2026-08-12","Tomatoes - Heirloom - Bag",1,8
1735,2026-08-14,"2026-08-12","Extra Credit - Each",4.75,1.06
1735,2026-08-14,"2026-08-12","UCA/KWA",1,79.79
627,2026-08-14,"2026-08-12","Watermelon - Seeded - Each",1,7
627,2026-08-14,"2026-08-12","UCity Pickup Time - @4:10-4:30",1,0
627,2026-08-14,"2026-08-12","XO - Cooler Donation - $",1,1
627,2026-08-14,"2026-08-12","Aged Cheddar - HBC - Each",1,6.75
627,2026-08-14,"2026-08-12","Bagels - Sesame Seed - BU - Bag",1,11.25
627,2026-08-14,"2026-08-12","Mustard (1.0 Horseradish) - Horseradish",1,6.5
627,2026-08-14,"2026-08-12","Tomatoes - Heirloom - Bag",1,8
627,2026-08-14,"2026-08-12","Extra Credit - Each",18.75,1.06
627,2026-08-14,"2026-08-12","Mini",1,53.2
1014,2026-08-14,"2026-08-12","UCity Pickup Time - @4:10-4:30",1,0
1014,2026-08-14,"2026-08-12","Aged Cheddar - HBC - Each",1,6.75
1014,2026-08-14,"2026-08-12","Bison - Ground - Lb.",1,27.25
1014,2026-08-14,"2026-08-12","Extra Credit - Each",12.25,1.06
1014,2026-08-14,"2026-08-12","Mini",1,53.2
1014,2026-08-14,"2026-08-12","Eggs - Buttonwood",1,6.65
1427,2026-08-14,"2026-08-12","Ground Turkey - Pack",1,10.25
1427,2026-08-14,"2026-08-12","Eggs - BW - Dozen",1,6.5
1427,2026-08-14,"2026-08-12","Mothership Pickup Time (1.0 @3:30-4) - @3:30-4",1,0
1427,2026-08-14,"2026-08-12","Bagels - Sesame Seed - BU - Bag",1,11.25
1427,2026-08-14,"2026-08-12","Cantaloupe (1.0 Medium) - Medium",1,7
1427,2026-08-14,"2026-08-12","Chicken - Ground - Lb.",1,10.25
1427,2026-08-14,"2026-08-12","Garlic - Head - Head",3,1
1427,2026-08-14,"2026-08-12","Hoagie - PIB Frozen - Bag",1,6.75
1427,2026-08-14,"2026-08-12","Onions - Red  (1.0 Lb.) - Lb.",1,3
1427,2026-08-14,"2026-08-12","Onions - Yellow - lbs",2,3.5
1427,2026-08-14,"2026-08-12","Peaches - Bag",2,7
1427,2026-08-14,"2026-08-12","Pork - Brats Cheddar DM - 4-pack",1,8.5
1427,2026-08-14,"2026-08-12","Soy Sauce - Mushroom - Bottle",1,7.5
1427,2026-08-14,"2026-08-12","Tomatoes - Funky Bunch - Pint",1,7
1427,2026-08-14,"2026-08-12","Tomatoes - Slicing - Bag",1,6.5
1427,2026-08-14,"2026-08-12","Extra Credit - Each",86.75,1.06
225,2026-08-14,"2026-08-12","Stringbean Peru - Oz.",1,16
225,2026-08-14,"2026-08-12","Carrots - Lb.",1,6
225,2026-08-14,"2026-08-12","Peaches - Bag",1,7
225,2026-08-14,"2026-08-12","Tomatoes - Funky Bunch - Pint",1,7
225,2026-08-14,"2026-08-12","Tomatoes - Heirloom - Bag",1,8
225,2026-08-14,"2026-08-12","Extra Credit - Each",39,1.06
225,2026-08-14,"2026-08-12","(BYO) UCG - Orders Only",1,0
225,2026-08-14,"2026-08-12","Cream pint",1,5.32
225,2026-08-14,"2026-08-12","Eggs - Buttonwood",1,6.92
225,2026-08-14,"2026-08-12","Plain yogurt",1,7.55
225,2026-08-14,"2026-08-12","Whole MILK-e",1,8.85
384,2026-08-14,"2026-08-12","UCity Pickup Time (2.0 @4:30-5) - @4:30-5",1,0
384,2026-08-14,"2026-08-12","RL Heavy Cream SALE! - Pint",1,6.5
384,2026-08-14,"2026-08-12","Chicken - Ground - Lb.",1,10.25
384,2026-08-14,"2026-08-12","Eggs - H - Dozen",1,6.5
384,2026-08-14,"2026-08-12","Janie's Bread - Wednesday - Each",1,7
384,2026-08-14,"2026-08-12","Leeks - Bunch",1,6
384,2026-08-14,"2026-08-12","Mushrooms (1.0 Maitake (Hen of the Woods)) - Maitake (Hen of the Woods)",1,8
384,2026-08-14,"2026-08-12","Ravioli - 4-Cheese - Lb.",1,9.15
384,2026-08-14,"2026-08-12","Tomatoes - Funky Bunch - Pint",1,7
384,2026-08-14,"2026-08-12","Tomatoes - Sungold - Pint",1,7
384,2026-08-14,"2026-08-12","Yogurt - Plain - Oz.",1,7.25
384,2026-08-14,"2026-08-12","Extra Credit - Each",45.4,1.06
384,2026-08-14,"2026-08-12","Half",1,68.89
384,2026-08-14,"2026-08-12","2% MILK-e",1,8.85
554,2026-08-14,"2026-08-12","Cheese Choice $6.75 - Each",1,6.75
554,2026-08-14,"2026-08-12","Mustard - Choice",1,6.5
554,2026-08-14,"2026-08-12","Pork - Bratwurst  - Pack",1,8.5
554,2026-08-14,"2026-08-12","Mini",1,53.2
240,2026-08-14,"2026-08-12","Eggs - BW - Dozen",1,6.5
240,2026-08-14,"2026-08-12","Mothership Pickup Time (6.0 @6-6:30) - @6-6:30",1,0
240,2026-08-14,"2026-08-12","Fresh Herb - Basil - Bunch",1,4
240,2026-08-14,"2026-08-12","Garlic - Head - Head",1,1
240,2026-08-14,"2026-08-12","Ground Beef - D&M - Lb.",1,10.5
240,2026-08-14,"2026-08-12","Honey - Pint - Jar",1,11.5
240,2026-08-14,"2026-08-12","Onions - Yellow - lbs",1,3.5
240,2026-08-14,"2026-08-12","Extra Credit - Each",0.25,1.06
240,2026-08-14,"2026-08-12","FSA/FSD",1,79.79
751,2026-08-14,"2026-08-12","Mothership Pickup Time (3.0 @4:30-5) - @4:30-5",1,0
751,2026-08-14,"2026-08-12","Gnocchi - Sundried Tomato  - Lb.",1,6.5
751,2026-08-14,"2026-08-12","Ground Beef - D&M - Lb.",1,10.5
751,2026-08-14,"2026-08-12","Mushrooms (1.0 Lion's Mane) - Lion's Mane",1,8
751,2026-08-14,"2026-08-12","Peppers - Lunchbox - Bag",1,7
751,2026-08-14,"2026-08-12","Tomatoes - Sungold - Pint",1,7
751,2026-08-14,"2026-08-12","Extra Credit - Each",2.25,1.06
751,2026-08-14,"2026-08-12","FSA/FSD",1,79.79
952,2026-08-14,"2026-08-12","Chicken - Ground - Lb.",1,10.25
952,2026-08-14,"2026-08-12","Clean Plate Pantry Choice ($12) - Jar",1,12
952,2026-08-14,"2026-08-12","Mushrooms - Choice",1,8
952,2026-08-14,"2026-08-12","Pasta Wildcard $6.50 - Pack",1,6.5
952,2026-08-14,"2026-08-12","FSA/FSD",1,79.79
107,2026-08-14,"2026-08-12","Ground Turkey - Pack",1,10.25
107,2026-08-14,"2026-08-12","UCity Pickup Time - @4:10-4:30",1,0
107,2026-08-14,"2026-08-12","XO - Cooler Donation - $",3,1
107,2026-08-14,"2026-08-12","Peaches - Bag",1,7
107,2026-08-14,"2026-08-12","Tomatoes - Slicing - Bag",1,6.5
107,2026-08-14,"2026-08-12","Extra Credit - Each",5,1.06
107,2026-08-14,"2026-08-12","Mini",1,53.2
1143,2026-08-14,"2026-08-12","Yogurt - Greek Plain - Oz.",1,7.75
1143,2026-08-14,"2026-08-12","Pizza - Sausage Pepperoni - Each",1,8.5
1143,2026-08-14,"2026-08-12","UCity Pickup Time (3.0 @5-5:30) - @5-5:30",1,0
1143,2026-08-14,"2026-08-12","Dark Chocolate Caramels - Pack",1,12
1143,2026-08-14,"2026-08-12","Eggs - Dozen",1,6.5
1143,2026-08-14,"2026-08-12","English Muffin Sourdough - Frozen - Pack",1,5
1143,2026-08-14,"2026-08-12","Tomatoes - Heirloom - Bag",1,8
1143,2026-08-14,"2026-08-12","Extra Credit - Each",20.5,1.06
1143,2026-08-14,"2026-08-12","UCA/KWA",1,79.79
227,2026-08-14,"2026-08-12","UCity Pickup Time (2.0 @4:30-5) - @4:30-5",1,0
227,2026-08-14,"2026-08-12","Bagels - Pumpernickel - BU - Bag",1,11.25
227,2026-08-14,"2026-08-12","Buttermilk Waffles Sourdough - Frozen - Pack",1,5
227,2026-08-14,"2026-08-12","Cantaloupe (1.0 Large) - Large",1,7
227,2026-08-14,"2026-08-12","Carrots - Lb.",1,6
227,2026-08-14,"2026-08-12","Tomatoes - Funky Bunch - Pint",1,7
227,2026-08-14,"2026-08-12","Extra Credit - Each",9,1.06
227,2026-08-14,"2026-08-12","UCA/KWA",1,79.79
1689,2026-08-14,"2026-08-12","Cantaloupe (1.0 Medium) - Medium",1,7
1689,2026-08-14,"2026-08-12","Ground Lamb  - Lb.",1,15
1689,2026-08-14,"2026-08-12","Tomatoes - Slicing - Bag",1,6.5
1689,2026-08-14,"2026-08-12","Extra Credit - Each",6.75,1.06
1689,2026-08-14,"2026-08-12","Mini",1,53.2
418,2026-08-14,"2026-08-12","UCity Pickup Time (2.0 @4:30-5) - @4:30-5",1,0
418,2026-08-14,"2026-08-12","Applewood Smoked Cheddar - Each",1,6.75
418,2026-08-14,"2026-08-12","Bagels - Plain - BU - Bag",1,11.25
418,2026-08-14,"2026-08-12","Eggs - H - Dozen",1,6.5
418,2026-08-14,"2026-08-12","Marbled Rye -Wednesday - Loaf",1,8.75
418,2026-08-14,"2026-08-12","Pretzel - UL Wednesday - Each",1,3.75
418,2026-08-14,"2026-08-12","Extra Credit - Each",10.25,1.06
418,2026-08-14,"2026-08-12","Mini",1,53.2
1105,2026-08-14,"2026-08-12","UCity Pickup Time - @4:10-4:30",1,0
1105,2026-08-14,"2026-08-12","Bacon - Each",1,13.5
1105,2026-08-14,"2026-08-12","Chicken Breasts /lb. - Pack",1,9.35
1105,2026-08-14,"2026-08-12","Okra  - Bag",1,6
1105,2026-08-14,"2026-08-12","Tomatoes - Heirloom - Bag",1,8
1105,2026-08-14,"2026-08-12","Tomatoes - Slicing - Bag",1,6.5
1105,2026-08-14,"2026-08-12","Extra Credit - Each",14.1,1.06
1105,2026-08-14,"2026-08-12","Half",1,68.89
904,2026-08-14,"2026-08-12","Milk - Creamline - Oz.",1,8.32
904,2026-08-14,"2026-08-12","Mothership Pickup Time (3.0 @4:30-5) - @4:30-5",1,0
904,2026-08-14,"2026-08-12","Chicken Chorizo - Lb.",1,10.5
904,2026-08-14,"2026-08-12","Cinnamon Raisin Bread - 1-each",1,6.75
904,2026-08-14,"2026-08-12","Curds Applewood Smoked 10 oz - Bag",1,6.75
904,2026-08-14,"2026-08-12","Half",1,84.79
883,2026-08-14,"2026-08-12","Mothership Pickup Time (6.0 @6-6:30) - @6-6:30",1,0
883,2026-08-14,"2026-08-12","Pork - Bratwurst  - Pack",1,8.5
883,2026-08-14,"2026-08-12","Pork - Tenderloin/lb - Lb.",1,11.27
883,2026-08-14,"2026-08-12","Potatoes - Yukon Gold - lbs",1,6
883,2026-08-14,"2026-08-12","Extra Credit - Each",4.02,1.06
883,2026-08-14,"2026-08-12","Mini",1,53.2
712,2026-08-14,"2026-08-12","Watermelon - Seeded - Each",1,7
712,2026-08-14,"2026-08-12","Mothership Pickup Time (1.0 @3:30-4) - @3:30-4",1,0
712,2026-08-14,"2026-08-12","Beef Kabob Meat - Lb.",1,12.75
712,2026-08-14,"2026-08-12","Eggs - H - Dozen",2,6.5
712,2026-08-14,"2026-08-12","Hoagie - Wednesday - Each",1,3.5
712,2026-08-14,"2026-08-12","Mushrooms - Choice",1,8
712,2026-08-14,"2026-08-12","Olive Oil Small - ML",1,8.5
712,2026-08-14,"2026-08-12","Peaches - Bag",1,7
712,2026-08-14,"2026-08-12","Sesame Hoagie -W - Each",1,3.8
712,2026-08-14,"2026-08-12","Squash - Summer - Each",3,3
712,2026-08-14,"2026-08-12","Squash - Zucchini - Each",2,3
712,2026-08-14,"2026-08-12","Sweet Corn - 5-pack",2,4
712,2026-08-14,"2026-08-12","Extra Credit - Each",57.3,1.06
712,2026-08-14,"2026-08-12","Half",1,84.79
756,2026-08-14,"2026-08-13","Beef Kabob Meat - Lb.",1,12.75
756,2026-08-14,"2026-08-13","Mushrooms - Choice",1,8
756,2026-08-14,"2026-08-13","Olive Oil Small - ML",1,8.5
756,2026-08-14,"2026-08-13","Half",1,84.79
1217,2026-08-14,"2026-08-13","Kirkwood Pickup Time (2.0 @1:30-2) - @1:30-2",1,0
1217,2026-08-14,"2026-08-13","Chicken Thighs - Boneless/lb. - lbs",1,10.68
1217,2026-08-14,"2026-08-13","Eggs - H - Dozen",1,6.5
1217,2026-08-14,"2026-08-13","Feta Cheese - HBC - Each",1,6.75
1217,2026-08-14,"2026-08-13","Mustard (1.0 Horseradish) - Horseradish",1,6.5
1217,2026-08-14,"2026-08-13","Extra Credit - Each",8.68,1.06
1217,2026-08-14,"2026-08-13","Mini",1,53.2
1891,2026-08-14,"2026-08-13","Kirkwood Pickup Time (2.0 @1:30-2) - @1:30-2",1,0
1891,2026-08-14,"2026-08-13","Cantaloupe (1.0 Medium) - Medium",1,7
1891,2026-08-14,"2026-08-13","Peaches - Bag",1,7
1891,2026-08-14,"2026-08-13","Potatoes - New - Bag",1,5.75
1891,2026-08-14,"2026-08-13","Tomatoes - Heirloom - Bag",1,8
1891,2026-08-14,"2026-08-13","Extra Credit - Each",0.5,1.06
1891,2026-08-14,"2026-08-13","UCA/KWA",1,79.79
1196,2026-08-14,"2026-08-13","Cheese Choice $6.75 - Each",1,6.75
1196,2026-08-14,"2026-08-13","Mustard - Choice",1,6.5
1196,2026-08-14,"2026-08-13","Pork - Bratwurst  - Pack",1,8.5
1196,2026-08-14,"2026-08-13","Mini",1,53.2
499,2026-08-14,"2026-08-13","Bagel Chips - Bag",1,9.75
499,2026-08-14,"2026-08-13","Beef Kabob Meat - Lb.",1,12.75
499,2026-08-14,"2026-08-13","Mushrooms - Choice",1,8
499,2026-08-14,"2026-08-13","Olive Oil Small - ML",1,8.5
499,2026-08-14,"2026-08-13","Extra Credit - Each",9.75,1.06
499,2026-08-14,"2026-08-13","Half",1,84.79
1386,2026-08-14,"2026-08-13","Kirkwood Pickup Time - @1-1:30",1,0
1386,2026-08-14,"2026-08-13","Cucumbers - Slicing - Each",1,2
1386,2026-08-14,"2026-08-13","Eggs - Dozen",1,6.5
1386,2026-08-14,"2026-08-13","Leeks - Bunch",1,6
1386,2026-08-14,"2026-08-13","Tomatoes - Funky Bunch - Pint",1,7
1386,2026-08-14,"2026-08-13","Tomatoes - Slicing - Bag",1,6.5
1386,2026-08-14,"2026-08-13","Extra Credit - Each",0.75,1.06
1386,2026-08-14,"2026-08-13","UCA/KWA",1,79.79
700,2026-08-14,"2026-08-13","Pizza - Deluxe - Each",1,8.5
700,2026-08-14,"2026-08-13","Mothership Pickup Time (1.0 @3:30-4) - @3:30-4",1,0
700,2026-08-14,"2026-08-13","Eggs - H - Dozen",1,6.5
700,2026-08-14,"2026-08-13","Mushrooms (1.0 Shiitake) - Shiitake",1,8
700,2026-08-14,"2026-08-13","Peaches - Bag",1,7
700,2026-08-14,"2026-08-13","Popcorn - McKaskle - Lb.",1,5.75
700,2026-08-14,"2026-08-13","Yogurt - Blueberry - Oz.",1,7.25
700,2026-08-14,"2026-08-13","Extra Credit - Each",31.75,1.06
700,2026-08-14,"2026-08-13","Half",1,84.79
700,2026-08-14,"2026-08-13","Whole MILK-e",3,8.85
1488,2026-08-14,"2026-08-13","Eggs - Dozen",1,6.5
1488,2026-08-14,"2026-08-13","Kairos Sourdough Choice $5 - Pack",1,5
1488,2026-08-14,"2026-08-13","Pork - Breakfast Bulk - Pack",1,8.5
1488,2026-08-14,"2026-08-13","Yogurt Wildcard ($7.25) - Each",1,7.25
1488,2026-08-14,"2026-08-13","UCA/KWA",1,79.79
1488,2026-08-14,"2026-08-13","2% MILK",1,8.85
287,2026-08-14,"2026-08-13","Mothership Pickup Time (1.0 @3:30-4) - @3:30-4",1,0
287,2026-08-14,"2026-08-13","XO - Cooler Donation - $",1,1
287,2026-08-14,"2026-08-13","Chicken - Ground - Lb.",1,10.25
287,2026-08-14,"2026-08-13","Fresh Herb - Basil - Bunch",1,4
287,2026-08-14,"2026-08-13","Pasta Wildcard $6.50 - Pack",1,6.5
287,2026-08-14,"2026-08-13","Peppers - Lunchbox - Bag",1,7
287,2026-08-14,"2026-08-13","Tomatoes - Heirloom - Bag",1,8
287,2026-08-14,"2026-08-13","FSA/FSD",1,79.79
1970,2026-08-14,"2026-08-13","Kirkwood Pickup Time - @1-1:30",1,0
1970,2026-08-14,"2026-08-13","Eggs - H - Dozen",1,6.5
1970,2026-08-14,"2026-08-13","German Quark HBC - Jar",1,6.75
1970,2026-08-14,"2026-08-13","Ground Beef - D&M - Lb.",1,10.5
1970,2026-08-14,"2026-08-13","Extra Credit - Each",2,1.06
1970,2026-08-14,"2026-08-13","Mini",1,53.2
685,2026-08-14,"2026-08-13","Kirkwood Pickup Time - @1-1:30",1,0
685,2026-08-14,"2026-08-13","Chicken - Breakfast Links - Each",1,10.5
685,2026-08-14,"2026-08-13","Cucumbers - Slicing - Each",1,2
685,2026-08-14,"2026-08-13","Gnocchi - Sweet Potato  - Lb.",1,6.5
685,2026-08-14,"2026-08-13","UCA/KWA",1,79.79
1671,2026-08-14,"2026-08-13","Walnuts - Oz.",1,12.75
1671,2026-08-14,"2026-08-13","Bagels - Everything - BU - Bag",1,11.25
1671,2026-08-14,"2026-08-13","Cantaloupe (1.0 Medium) - Medium",1,7
1671,2026-08-14,"2026-08-13","Okra  - Bag",1,6
1671,2026-08-14,"2026-08-13","Pork - Bratwurst  - Pack",1,8.5
1671,2026-08-14,"2026-08-13","Yogurt - Plain - Oz.",1,7.25
1671,2026-08-14,"2026-08-13","Extra Credit - Each",31,1.06
1671,2026-08-14,"2026-08-13","Mini",1,53.2
501,2026-08-14,"2026-08-13","Cheese Choice $6.75 - Each",1,6.75
501,2026-08-14,"2026-08-13","Garlic - Head - Head",4,1
501,2026-08-14,"2026-08-13","Mustard - Choice",1,6.5
501,2026-08-14,"2026-08-13","Okra  - Bag",2,6
501,2026-08-14,"2026-08-13","Pork - Bratwurst  - Pack",1,8.5
501,2026-08-14,"2026-08-13","Tomatoes - Sungold - Pint",1,7
501,2026-08-14,"2026-08-13","Extra Credit - Each",23,1.06
501,2026-08-14,"2026-08-13","Mini",1,53.2
467,2026-08-14,"2026-08-13","Kirkwood Pickup Time - @1-1:30",1,0
467,2026-08-14,"2026-08-13","Chicken Links - Andouille  - Lb.",1,10.5
467,2026-08-14,"2026-08-13","Eggs - H - Dozen",1,6.5
467,2026-08-14,"2026-08-13","Ghost Pepper Cheddar - Each",2,6.75
467,2026-08-14,"2026-08-13","Extra Credit - Each",8.75,1.06
467,2026-08-14,"2026-08-13","Mini",1,53.2
32,2026-08-14,"2026-08-13","Milk - 2%  - Oz.",1,8.32
32,2026-08-14,"2026-08-13","Half & Half - Pint",1,4.75
32,2026-08-14,"2026-08-13","Bagels - Everything - BU - Bag",1,11.25
32,2026-08-14,"2026-08-13","Cheese Choice $6.75 - Each",1,6.75
32,2026-08-14,"2026-08-13","Cucumbers - Slicing - Each",1,2
32,2026-08-14,"2026-08-13","Granola Bar - Each",1,3.8
32,2026-08-14,"2026-08-13","Mustard - Choice",1,6.5
32,2026-08-14,"2026-08-13","Peppers - Lunchbox - Bag",1,7
32,2026-08-14,"2026-08-13","Pork - Bratwurst  - Pack",1,8.5
32,2026-08-14,"2026-08-13","Tomatoes - Funky Bunch - Pint",1,7
32,2026-08-14,"2026-08-13","Extra Credit - Each",44.12,1.06
32,2026-08-14,"2026-08-13","Mini",1,53.2
929,2026-08-14,"2026-08-13","Watermelon - Seeded - Each",1,7
929,2026-08-14,"2026-08-13","XO - Cooler Donation - $",1,1
929,2026-08-14,"2026-08-13","Leeks - Bunch",1,6
929,2026-08-14,"2026-08-13","Okra  - Bag",1,6
929,2026-08-14,"2026-08-13","Onions - Yellow - lbs",3,3.5
929,2026-08-14,"2026-08-13","Peaches - Bag",1,7
929,2026-08-14,"2026-08-13","Potatoes - Yukon Gold - lbs",1,6
929,2026-08-14,"2026-08-13","Rice - Basmati Brown - Lb.",1,7.5
929,2026-08-14,"2026-08-13","Squash - Zucchini - Each",1,3
929,2026-08-14,"2026-08-13","Tomatillos  - Bag",1,4.75
929,2026-08-14,"2026-08-13","Tortellini - Goat Cheese - Pack",1,9.15
929,2026-08-14,"2026-08-13","Extra Credit - Each",38.65,1.06
929,2026-08-14,"2026-08-13","Half",1,84.79
31,2026-08-14,"2026-08-13","No Produce - Order Only (even wk)",1,0
31,2026-08-14,"2026-08-13","2% MILK",0,8.85
1857,2026-08-14,"2026-08-13","Mothership Pickup Time (4.0 @5-5:30) - @5-5:30",1,0
1857,2026-08-14,"2026-08-13","Chicken - Ground - Lb.",1,10.25
1857,2026-08-14,"2026-08-13","Eggs - H - Dozen",2,6.5
1857,2026-08-14,"2026-08-13","Hummus - Garlic - Tub",1,6.75
1857,2026-08-14,"2026-08-13","Janie's Bread - Thursday - Each",1,7
1857,2026-08-14,"2026-08-13","Okra  - Bag",1,6
1857,2026-08-14,"2026-08-13","Popped Corn - Organic - Bag",1,3
1857,2026-08-14,"2026-08-13","Extra Credit - Each",9.25,1.06
1857,2026-08-14,"2026-08-13","FSA/FSD",1,79.79
1622,2026-08-14,"2026-08-13","Mothership Pickup Time (2.0 @4-4:30) - @4-4:30",1,0
1622,2026-08-14,"2026-08-13","Bagels - Honey Buckwheat - BU - Bag",1,11.25
1622,2026-08-14,"2026-08-13","German Quark HBC - Jar",1,6.75
1622,2026-08-14,"2026-08-13","Pork - Bratwurst  - Pack",1,8.5
1622,2026-08-14,"2026-08-13","Extra Credit - Each",4.75,1.06
1622,2026-08-14,"2026-08-13","Mini",1,53.2
894,2026-08-14,"2026-08-13","Kirkwood Pickup Time - @1-1:30",1,0
894,2026-08-14,"2026-08-13","Dark Chocolate Lolli - Each",2,1.75
894,2026-08-14,"2026-08-13","Garlic - Head - Head",1,1
894,2026-08-14,"2026-08-13","Peaches - Bag",1,7
894,2026-08-14,"2026-08-13","Peppers - Red Bell XL - 1-each",1,2.5
894,2026-08-14,"2026-08-13","Tomatoes - Slicing - Bag",1,6.5
894,2026-08-14,"2026-08-13","Tomatoes - Sungold - Pint",1,7
894,2026-08-14,"2026-08-13","Extra Credit - Each",0.25,1.06
894,2026-08-14,"2026-08-13","UCA/KWA",1,79.79
1383,2026-08-14,"2026-08-13","Peanut Butter EW - Pint",1,7.75
1383,2026-08-14,"2026-08-13","Mothership Pickup Time (1.0 @3:30-4) - @3:30-4",1,0
1383,2026-08-14,"2026-08-13","Chicken - Breakfast Links - Each",1,10.5
1383,2026-08-14,"2026-08-13","Eggs - H - Dozen",1,6.5
1383,2026-08-14,"2026-08-13","Leeks - Bunch",1,6
1383,2026-08-14,"2026-08-13","Olive Oil Small - ML",1,8.5
1383,2026-08-14,"2026-08-13","Pasta Bi-color Short - Lb.",1,6.5
1383,2026-08-14,"2026-08-13","Extra Credit - Each",16.5,1.06
1383,2026-08-14,"2026-08-13","Half",1,84.79
670,2026-08-14,"2026-08-13","Mothership Pickup Time (1.0 @3:30-4) - @3:30-4",1,0
670,2026-08-14,"2026-08-13","Oat Porridge Bread - T - Each",1,9
670,2026-08-14,"2026-08-13","Peaches - Bag",1,7
670,2026-08-14,"2026-08-13","Tomatoes - Slicing - Bag",1,6.5
670,2026-08-14,"2026-08-13","Extra Credit - Each",0.75,1.06
670,2026-08-14,"2026-08-13","Mini",1,53.2
670,2026-08-14,"2026-08-13","(BYO) FSG - Orders Only",1,0
11,2026-08-14,"2026-08-13","Bacon - Each",1,13.5
11,2026-08-14,"2026-08-13","Bagels - Poppy Seed - BU - Bag",1,11.25
11,2026-08-14,"2026-08-13","Peaches - Bag",1,7
11,2026-08-14,"2026-08-13","Semolina - T - Loaf",1,7
11,2026-08-14,"2026-08-13","Extra Credit - Each",2,1.06
11,2026-08-14,"2026-08-13","FSA/FSD",1,79.79
83,2026-08-14,"2026-08-13","Eggs - BW - Dozen",1,6.5
83,2026-08-14,"2026-08-13","Mothership Pickup Time (1.0 @3:30-4) - @3:30-4",1,0
83,2026-08-14,"2026-08-13","Buttermilk Waffles Sourdough - Frozen - Pack",1,5
83,2026-08-14,"2026-08-13","Honey - Pint - Jar",1,11.5
83,2026-08-14,"2026-08-13","Peaches - Bag",1,7
83,2026-08-14,"2026-08-13","RL Chocolate Milk - Bottle",1,2.75
83,2026-08-14,"2026-08-13","Extra Credit - Each",3.5,1.06
83,2026-08-14,"2026-08-13","Half",1,84.79
473,2026-08-14,"2026-08-13","Eggs - BW - Dozen",1,6.5
473,2026-08-14,"2026-08-13","Stringbean Red Eye  - Oz.",1,16
473,2026-08-14,"2026-08-13","Kirkwood Pickup Time (1.0 PORCH) - PORCH",1,0
473,2026-08-14,"2026-08-13","Bagels - Cinnamon Raisin - BU - Bag",1,11.25
473,2026-08-14,"2026-08-13","Janie's Bread - Thursday - Each",1,7
473,2026-08-14,"2026-08-13","Marinara Sauce - Jar",1,8.75
473,2026-08-14,"2026-08-13","Meatballs D&M - Package",1,15
473,2026-08-14,"2026-08-13","Pasta Long Egg - Lb.",1,6.5
473,2026-08-14,"2026-08-13","Extra Credit - Each",41.75,1.06
473,2026-08-14,"2026-08-13","Half",1,84.79
471,2026-08-14,"2026-08-13","Chicken - Ground - Lb.",1,10.25
471,2026-08-14,"2026-08-13","Clean Plate Pantry Choice ($12) - Jar",1,12
471,2026-08-14,"2026-08-13","Mushrooms - Choice",1,8
471,2026-08-14,"2026-08-13","Pasta Wildcard $6.50 - Pack",1,6.5
471,2026-08-14,"2026-08-13","Staff - include last wk's share - Bag",1,0
471,2026-08-14,"2026-08-13","FSA/FSD",1,79.79
1593,2026-08-14,"2026-08-13","Chicken - BULK Breasts /lb. - Pack",1,42.57
1593,2026-08-14,"2026-08-13","Mothership Pickup Time (4.0 @5-5:30) - @5-5:30",1,0
1593,2026-08-14,"2026-08-13","Curds Garlic Herb HBC 10 oz  - Bag",1,6.75
1593,2026-08-14,"2026-08-13","Garlic - Head - Head",2,1
1593,2026-08-14,"2026-08-13","Extra Credit - Each",29.57,1.06
1593,2026-08-14,"2026-08-13","Mini",1,53.2
1839,2026-08-14,"2026-08-13","Eggs - BW - Dozen",1,6.5
1839,2026-08-14,"2026-08-13","Half & Half - Pint",2,4.75
1839,2026-08-14,"2026-08-13","Mothership Pickup Time (1.0 @3:30-4) - @3:30-4",1,0
1839,2026-08-14,"2026-08-13","Heirloom 2nds/3lbs bag - Lb.",1,8.5
1839,2026-08-14,"2026-08-13","Meatballs D&M - Package",1,15
1839,2026-08-14,"2026-08-13","Peaches - Bag",1,7
1839,2026-08-14,"2026-08-13","Squash - Zucchini - Each",1,3
1839,2026-08-14,"2026-08-13","Extra Credit - Each",20.25,1.06
1839,2026-08-14,"2026-08-13","Half",1,84.79
514,2026-08-14,"2026-08-13","Eggs - BW - Dozen",1,6.5
514,2026-08-14,"2026-08-13","Cantaloupe (1.0 Large) - Large",1,7
514,2026-08-14,"2026-08-13","Carrots - Lb.",1,6
514,2026-08-14,"2026-08-13","Fresh Herb - Basil - Bunch",1,4
514,2026-08-14,"2026-08-13","Onions - Red  (1.0 Lb.) - Lb.",1,3
514,2026-08-14,"2026-08-13","Onions - Yellow - lbs",1,3.5
514,2026-08-14,"2026-08-13","Peaches - Bag",1,7
514,2026-08-14,"2026-08-13","Staff - include last wk's share - Bag",1,0
514,2026-08-14,"2026-08-13","Extra Credit - Each",15.25,1.06
514,2026-08-14,"2026-08-13","Mini",1,53.2
875,2026-08-14,"2026-08-13","Eggs - BW - Dozen",1,6.5
875,2026-08-14,"2026-08-13","Mothership Pickup Time (1.0 @3:30-4) - @3:30-4",1,0
875,2026-08-14,"2026-08-13","Garlic - Head - Head",1,1
875,2026-08-14,"2026-08-13","Mushrooms - Choice",1,8
875,2026-08-14,"2026-08-13","Pretzel - UL Thursday  - Each",2,3.75
875,2026-08-14,"2026-08-13","Sweet Corn - 5-pack",1,4
875,2026-08-14,"2026-08-13","Half",1,84.79
761,2026-08-14,"2026-08-13","Mothership Pickup Time (1.0 @3:30-4) - @3:30-4",1,0
761,2026-08-14,"2026-08-13","Bagels - Pumpernickel - BU - Bag",1,11.25
761,2026-08-14,"2026-08-13","Fresh Herb - Basil - Bunch",1,4
761,2026-08-14,"2026-08-13","Peppers - Carmen - 2-pack",1,3
761,2026-08-14,"2026-08-13","Pizza Sauce - Jar",1,6.75
761,2026-08-14,"2026-08-13","Red Chile Sauce - Jar",1,12
761,2026-08-14,"2026-08-13","Extra Credit - Each",0.25,1.06
761,2026-08-14,"2026-08-13","FSA/FSD",1,79.79
308,2026-08-14,"2026-08-13","Mothership Pickup Time (1.0 @3:30-4) - @3:30-4",1,0
308,2026-08-14,"2026-08-13","Black Pepper Cheddar - Each",1,6.75
308,2026-08-14,"2026-08-13","Dark Chocolate Square  - Each",1,1.75
308,2026-08-14,"2026-08-13","Louise's Original Granola - Bag",1,10
308,2026-08-14,"2026-08-13","Onions - Yellow - lbs",1,3.5
308,2026-08-14,"2026-08-13","Yogurt - Plain - Oz.",1,7.25
308,2026-08-14,"2026-08-13","Half",1,84.79
540,2026-08-14,"2026-08-13","Watermelon - Seeded - Each",1,7
540,2026-08-14,"2026-08-13","Kirkwood Pickup Time (1.0 PORCH) - PORCH",1,0
540,2026-08-14,"2026-08-13","XO! Green Bags Donation - $",1,1
540,2026-08-14,"2026-08-13","Ground Beef - D&M - Lb.",1,10.5
540,2026-08-14,"2026-08-13","Pretzel - UL Thursday  - Each",1,3.75
540,2026-08-14,"2026-08-13","Semolina - T - Loaf",1,7
540,2026-08-14,"2026-08-13","Half",1,84.79
1476,2026-08-14,"2026-08-13","Eggs - BW - Dozen",1,6.5
1476,2026-08-14,"2026-08-13","Kirkwood Pickup Time - @1-1:30",1,0
1476,2026-08-14,"2026-08-13","Carrots - Lb.",2,6
1476,2026-08-14,"2026-08-13","Onions - Red  (1.0 Lb.) - Lb.",1,3
1476,2026-08-14,"2026-08-13","Squash - Zucchini - Each",1,3
1476,2026-08-14,"2026-08-13","Tomatoes - Funky Bunch - Pint",1,7
1476,2026-08-14,"2026-08-13","Extra Credit - Each",9.75,1.06
1476,2026-08-14,"2026-08-13","Mini",1,53.2
502,2026-08-14,"2026-08-13","Mothership Pickup Time (4.0 @5-5:30) - @5-5:30",1,0
502,2026-08-14,"2026-08-13","Chicken - Ground - Lb.",1,10.25
502,2026-08-14,"2026-08-13","Herb - Purple Basil - Herb",1,4
502,2026-08-14,"2026-08-13","Hoagie - T - Each",1,3.5
502,2026-08-14,"2026-08-13","Okra  - Bag",1,6
502,2026-08-14,"2026-08-13","Onions - Red  (1.0 Lb.) - Lb.",1,3
502,2026-08-14,"2026-08-13","Sesame Hoagie - T - Each",1,3.8
502,2026-08-14,"2026-08-13","Tomatoes - Slicing - Bag",1,6.5
502,2026-08-14,"2026-08-13","Extra Credit - Each",0.3,1.06
502,2026-08-14,"2026-08-13","FSA/FSD",1,79.79
549,2026-08-14,"2026-08-13","Mothership Pickup Time (6.0 @6-6:30) - @6-6:30",1,0
549,2026-08-14,"2026-08-13","Lamb Gyro Seasoned - Lb.",1,18
549,2026-08-14,"2026-08-13","Pork - Kielbasa - Pack",1,17.75
549,2026-08-14,"2026-08-13","FSA/FSD",1,79.79
401,2026-08-14,"2026-08-13","Mothership Pickup Time (1.0 @3:30-4) - @3:30-4",1,0
401,2026-08-14,"2026-08-13","Cantaloupe (1.0 Medium) - Medium",1,7
401,2026-08-14,"2026-08-13","Cucumbers - Slicing - Each",1,2
401,2026-08-14,"2026-08-13","Leeks - Bunch",1,6
401,2026-08-14,"2026-08-13","Peppers - Banana - 4-pack",1,4.25
401,2026-08-14,"2026-08-13","Peppers - Carmen - 2-pack",1,3
401,2026-08-14,"2026-08-13","Peppers - Jalapenos - 5-pack",1,3.5
401,2026-08-14,"2026-08-13","Peppers - Lunchbox - Bag",1,7
401,2026-08-14,"2026-08-13","Peppers - Red Bell XL - 1-each",1,2.5
401,2026-08-14,"2026-08-13","Peppers - Shishitos - Bag",1,7
401,2026-08-14,"2026-08-13","Tomatoes - Funky Bunch - Pint",1,7
401,2026-08-14,"2026-08-13","Tomatoes - Sungold - Pint",2,7
401,2026-08-14,"2026-08-13","Extra Credit - Each",41.5,1.06
401,2026-08-14,"2026-08-13","Mini",1,53.2
22,2026-08-14,"2026-08-13","Mothership Pickup Time (1.0 @3:30-4) - @3:30-4",1,0
22,2026-08-14,"2026-08-13","Aged Cheddar - HBC - Each",1,6.75
22,2026-08-14,"2026-08-13","Mushrooms (1.0 Oyster) - Oyster",1,8
22,2026-08-14,"2026-08-13","Olive Oil Small - ML",1,8.5
22,2026-08-14,"2026-08-13","Semolina - T - Loaf",1,7
22,2026-08-14,"2026-08-13","Half",1,84.79
22,2026-08-14,"2026-08-13","Creamline MILK-e",1,8.49
452,2026-08-14,"2026-08-13","Kirkwood Pickup Time (2.0 @1:30-2) - @1:30-2",1,0
452,2026-08-14,"2026-08-13","Carrots - Lb.",1,6
452,2026-08-14,"2026-08-13","Hoagie - PIB Frozen - Bag",1,6.75
452,2026-08-14,"2026-08-13","Pork - Bratwurst  - Pack",1,8.5
452,2026-08-14,"2026-08-13","Squash - Summer - Each",1,3
452,2026-08-14,"2026-08-13","Extra Credit - Each",2.5,1.06
452,2026-08-14,"2026-08-13","Mini",1,53.2
493,2026-08-14,"2026-08-13","Eggs - BW - Dozen",1,6.5
493,2026-08-14,"2026-08-13","Mothership Pickup Time - @6:30-7",1,0
493,2026-08-14,"2026-08-13","Beef Kabob Meat - Lb.",1,12.75
493,2026-08-14,"2026-08-13","Eggs - H - Dozen",1,6.5
493,2026-08-14,"2026-08-13","Peppers - Green Bell - 2-pack",1,3.25
493,2026-08-14,"2026-08-13","Half",1,84.79
807,2026-08-14,"2026-08-13","Sale! Half & Half 8/12 - Bottle",1,4.25
807,2026-08-14,"2026-08-13","Chicken Thighs - Boneless/lb. - lbs",2,10.24
807,2026-08-14,"2026-08-13","Pita Bread - Frozen (1.0 White) - White",1,3.55
807,2026-08-14,"2026-08-13","Yogurt - Plain - Oz.",1,7.25
807,2026-08-14,"2026-08-13","Extra Credit - Each",5.75,1.06
807,2026-08-14,"2026-08-13","UCA/KWA",1,79.79
807,2026-08-14,"2026-08-13","2% MILK",1,8.85
1717,2026-08-14,"2026-08-13","Eggs - BW - Dozen",1,6.5
1717,2026-08-14,"2026-08-13","Mothership Pickup Time (1.0 @3:30-4) - @3:30-4",1,0
1717,2026-08-14,"2026-08-13","Applewood Smoked Cheddar - Each",1,6.75
1717,2026-08-14,"2026-08-13","Bacon - Each",1,13.5
1717,2026-08-14,"2026-08-13","Hoagie - T - Each",1,3.5
1717,2026-08-14,"2026-08-13","Extra Credit - Each",1,1.06
1717,2026-08-14,"2026-08-13","Half",1,84.79
1419,2026-08-14,"2026-08-13","Kirkwood Pickup Time (2.0 @1:30-2) - @1:30-2",1,0
1419,2026-08-14,"2026-08-13","Beans - Green - Bag",1,0
1419,2026-08-14,"2026-08-13","Chicken Thighs - Boneless/lb. - lbs",1,8.93
1419,2026-08-14,"2026-08-13","Honey - Pint - Jar",1,11.5
1419,2026-08-14,"2026-08-13","Pork - Ground  - Lb.",1,7.5
1419,2026-08-14,"2026-08-13","Semolina - T - Loaf",1,7
1419,2026-08-14,"2026-08-13","Squash - Summer - Each",1,3
1419,2026-08-14,"2026-08-13","Squash - Zucchini - Each",1,3
1419,2026-08-14,"2026-08-13","Extra Credit - Each",11.68,1.06
1419,2026-08-14,"2026-08-13","Half",1,84.79
329,2026-08-14,"2026-08-13","Mothership Pickup Time (5.0 @5:30-6) - @5:30-6",1,0
329,2026-08-14,"2026-08-13","Applewood Smoked Cheddar - Each",2,6.75
329,2026-08-14,"2026-08-13","Cheese Choice $6.75 - Each",1,6.75
329,2026-08-14,"2026-08-13","Fresh Herb - Basil - Bunch",1,4
329,2026-08-14,"2026-08-13","Meatballs D&M - Package",1,15
329,2026-08-14,"2026-08-13","Pork - Bratwurst  - Pack",1,8.5
329,2026-08-14,"2026-08-13","Extra Credit - Each",26,1.06
329,2026-08-14,"2026-08-13","Mini",1,53.2
1941,2026-08-14,"2026-08-13","Eggs - BW - Dozen",1,6.5
1941,2026-08-14,"2026-08-13","Mothership Pickup Time (3.0 @4:30-5) - @4:30-5",1,0
1941,2026-08-14,"2026-08-13","Aged Cheddar - HBC - Each",1,6.75
1941,2026-08-14,"2026-08-13","Chicken Breasts /lb. - Pack",1,10.03
1941,2026-08-14,"2026-08-13","Cucumbers - Slicing - Each",1,2
1941,2026-08-14,"2026-08-13","Squash - Zucchini - Each",1,3
1941,2026-08-14,"2026-08-13","Tomatoes - Funky Bunch - Pint",1,7
1941,2026-08-14,"2026-08-13","Tomatoes - Slicing - Bag",1,6.5
1941,2026-08-14,"2026-08-13","Extra Credit - Each",20.03,1.06
1941,2026-08-14,"2026-08-13","Mini",1,53.2
293,2026-08-14,"2026-08-13","Mothership Pickup Time (6.0 @6-6:30) - @6-6:30",1,0
293,2026-08-14,"2026-08-13","Dark Bar 72% - Package",1,3
293,2026-08-14,"2026-08-13","FF Dish - Saag Paneer - Pint",1,13.5
293,2026-08-14,"2026-08-13","Honey - Qt. - Jar",1,20.25
293,2026-08-14,"2026-08-13","FSA/FSD",1,79.79
616,2026-08-14,"2026-08-13","Eggs - BW - Dozen",2,6.5
616,2026-08-14,"2026-08-13","Mothership Pickup Time (2.0 @4-4:30) - @4-4:30",1,0
616,2026-08-14,"2026-08-13","Bagels - Blueberry - BU - Bag",1,11.25
616,2026-08-14,"2026-08-13","Cantaloupe (1.0 Medium) - Medium",1,7
616,2026-08-14,"2026-08-13","Eggs - H - Dozen",1,6.5
616,2026-08-14,"2026-08-13","Milk Chocolate Salted Bark - Pack",1,7.5
616,2026-08-14,"2026-08-13","Olive Oil Small - ML",1,8.5
616,2026-08-14,"2026-08-13","Extra Credit - Each",53.75,1.06
310,2026-08-14,"2026-08-13","Chicken - BULK Breasts /lb. - Pack",1,43.23
310,2026-08-14,"2026-08-13","Eggs - BW - Dozen",2,6.5
310,2026-08-14,"2026-08-13","Mothership Pickup Time (1.0 @3:30-4) - @3:30-4",1,0
310,2026-08-14,"2026-08-13","Aged Cheddar - HBC - Each",1,6.75
310,2026-08-14,"2026-08-13","Hoagie - T - Each",1,3.5
310,2026-08-14,"2026-08-13","Onions - Yellow - lbs",1,3.5
310,2026-08-14,"2026-08-13","Peppers - Jalapenos - 5-pack",1,3.5
310,2026-08-14,"2026-08-13","Pork Hot Dogs - Each",1,7.5
310,2026-08-14,"2026-08-13","Tomatillos  - Bag",2,4.75
310,2026-08-14,"2026-08-13","Tomatoes - Slicing - Bag",1,6.5
310,2026-08-14,"2026-08-13","Tortellini - Cheese - Lb.",1,9.15
310,2026-08-14,"2026-08-13","Extra Credit - Each",66.88,1.06
310,2026-08-14,"2026-08-13","FSA/FSD",1,79.79
310,2026-08-14,"2026-08-13","Skim MILK",2,8.85
1353,2026-08-14,"2026-08-13","Bacon - Each",1,13.5
1353,2026-08-14,"2026-08-13","Cannoli - 2-pack",1,7
1353,2026-08-14,"2026-08-13","Chicken Thighs - Boneless/lb. - lbs",1,10.68
1353,2026-08-14,"2026-08-13","Cinnamon Rolls - Frozen - Pack",1,6.75
1353,2026-08-14,"2026-08-13","Ground Beef - D&M - Lb.",1,10.5
1353,2026-08-14,"2026-08-13","Jam - Blackberry Jalapeno - Pint",1,7
1353,2026-08-14,"2026-08-13","Lamb Gyro Seasoned - Lb.",1,18
1353,2026-08-14,"2026-08-13","Extra Credit - Each",36.68,1.06
1353,2026-08-14,"2026-08-13","Half",1,84.79
1353,2026-08-14,"2026-08-13","Whole MILK-e",1,8.85
634,2026-08-14,"2026-08-13","Kirkwood Pickup Time - @1-1:30",1,0
634,2026-08-14,"2026-08-13","Marinara Sauce - Jar",1,8.75
634,2026-08-14,"2026-08-13","Pork - Bratwurst  - Pack",1,8.5
634,2026-08-14,"2026-08-13","Rice - Brown - Lb.",1,6.5
634,2026-08-14,"2026-08-13","Extra Credit - Each",2,1.06
634,2026-08-14,"2026-08-13","Mini",1,53.2
868,2026-08-14,"2026-08-13","Cheese Choice $6.75 - Each",1,6.75
868,2026-08-14,"2026-08-13","Mustard - Choice",1,6.5
868,2026-08-14,"2026-08-13","Pork - Bratwurst  - Pack",1,8.5
868,2026-08-14,"2026-08-13","Mini",1,53.2
1652,2026-08-14,"2026-08-13","Cabbage - Red - Share",1,5
1652,2026-08-14,"2026-08-13","Mustard - Choice",1,6.5
1652,2026-08-14,"2026-08-13","Olive Oil Small - ML",1,8.5
1652,2026-08-14,"2026-08-13","Onions - Yellow - lbs",1,3.5
1652,2026-08-14,"2026-08-13","Tomatoes - Heirloom - Bag",1,8
1652,2026-08-14,"2026-08-13","Tomatoes - Sungold - Pint",1,7
1652,2026-08-14,"2026-08-13","Extra Credit - Each",16.75,1.06
1652,2026-08-14,"2026-08-13","Mini",1,53.2
1431,2026-08-14,"2026-08-13","Mothership Pickup Time (5.0 @5:30-6) - @5:30-6",1,0
1431,2026-08-14,"2026-08-13","Eggs - H - Dozen",1,6.5
1431,2026-08-14,"2026-08-13","Light and Mild - T - Loaf",1,8.25
1431,2026-08-14,"2026-08-13","Pork - Bratwurst  - Pack",1,8.5
1431,2026-08-14,"2026-08-13","Extra Credit - Each",1.5,1.06
1431,2026-08-14,"2026-08-13","Mini",1,53.2
963,2026-08-14,"2026-08-13","Mothership Pickup Time (5.0 @5:30-6) - @5:30-6",1,0
963,2026-08-14,"2026-08-13","FF Dish - Masala - Pint",1,15
963,2026-08-14,"2026-08-13","Ground Beef - D&M - Lb.",1,10.5
963,2026-08-14,"2026-08-13","Hamburger Buns - 4-pack",2,2.75
963,2026-08-14,"2026-08-13","Mushrooms (1.0 Shiitake) - Shiitake",1,8
963,2026-08-14,"2026-08-13","Pasta Bi-color Short - Lb.",1,6.5
963,2026-08-14,"2026-08-13","Peppers - Jalapenos - 5-pack",1,3.5
963,2026-08-14,"2026-08-13","Squash - Zucchini - Each",1,3
963,2026-08-14,"2026-08-13","oo'ma'me - Chinese - Jar",1,12.5
963,2026-08-14,"2026-08-13","Extra Credit - Each",27.75,1.06
963,2026-08-14,"2026-08-13","FSA/FSD",1,79.79
657,2026-08-14,"2026-08-13","Eggs - BW - Dozen",1,6.5
657,2026-08-14,"2026-08-13","Mothership Pickup Time (3.0 @4:30-5) - @4:30-5",1,0
657,2026-08-14,"2026-08-13","Beef Kabob Meat - Lb.",1,12.75
657,2026-08-14,"2026-08-13","Pasta Bi-color Short - Lb.",1,6.5
657,2026-08-14,"2026-08-13","Tomatillos  - Bag",1,4.75
657,2026-08-14,"2026-08-13","Extra Credit - Each",1.25,1.06
657,2026-08-14,"2026-08-13","Half",1,84.79
928,2026-08-14,"2026-08-13","Mothership Pickup Time (4.0 @5-5:30) - @5-5:30",1,0
928,2026-08-14,"2026-08-13","Bagels - Honey Buckwheat - BU - Bag",1,11.25
928,2026-08-14,"2026-08-13","Chicken - Ground - Lb.",1,10.25
928,2026-08-14,"2026-08-13","Cinnamon Rolls - Frozen - Pack",1,6.75
928,2026-08-14,"2026-08-13","Curry Sauce (1.0 Mango) - Mango",1,12
928,2026-08-14,"2026-08-13","Gnocchi - Sundried Tomato  - Lb.",1,6.5
928,2026-08-14,"2026-08-13","Mushrooms - Choice",1,8
928,2026-08-14,"2026-08-13","Pork - Brats Cheddar DM - 4-pack",1,8.5
928,2026-08-14,"2026-08-13","Extra Credit - Each",26.5,1.06
928,2026-08-14,"2026-08-13","FSA/FSD",1,79.79
1570,2026-08-14,"2026-08-13","No Produce - Order Only (even wk)",1,0
2001,2026-08-14,"2026-08-13","Chicken - Ground - Lb.",1,10.25
2001,2026-08-14,"2026-08-13","Clean Plate Pantry Choice ($12) - Jar",1,12
2001,2026-08-14,"2026-08-13","Mushrooms - Choice",1,8
2001,2026-08-14,"2026-08-13","Pasta Wildcard $6.50 - Pack",1,6.5
2001,2026-08-14,"2026-08-13","FSA/FSD",1,79.79
1900,2026-08-14,"2026-08-13","Eggs - BW - Dozen",1,6.5
1900,2026-08-14,"2026-08-13","Mothership Pickup Time (4.0 @5-5:30) - @5-5:30",1,0
1900,2026-08-14,"2026-08-13","Food For FS Cats Donation - $",1,1
1900,2026-08-14,"2026-08-13","XO - Cooler Donation - $",1,1
1900,2026-08-14,"2026-08-13","XO! Green Bags Donation - $",1,1
1900,2026-08-14,"2026-08-13","Bison - Ground - Lb.",1,27.25
1900,2026-08-14,"2026-08-13","Cantaloupe (1.0 Large) - Large",1,7
1900,2026-08-14,"2026-08-13","Chicken Thighs - Boneless/lb. - lbs",1,9.8
1900,2026-08-14,"2026-08-13","Multigrain Bread - Frozen - Loaf",1,6.75
1900,2026-08-14,"2026-08-13","Mushrooms (1.0 Shiitake) - Shiitake",1,8
1900,2026-08-14,"2026-08-13","Onions - Red  (1.0 Lb.) - Lb.",1,3
1900,2026-08-14,"2026-08-13","Peaches - Bag",1,7
1900,2026-08-14,"2026-08-13","Pretzel - UL Thursday  - Each",1,3.75
1900,2026-08-14,"2026-08-13","Tomatoes - Slicing - Bag",1,6.5
1900,2026-08-14,"2026-08-13","Extra Credit - Each",66.8,1.06
1900,2026-08-14,"2026-08-13","Mini",1,53.2
1900,2026-08-14,"2026-08-13","Whole MILK-e",1,8.85
1236,2026-08-14,"2026-08-13","Chicken - Ground - Lb.",1,10.25
1236,2026-08-14,"2026-08-13","Clean Plate Pantry Choice ($12) - Jar",1,12
1236,2026-08-14,"2026-08-13","Mushrooms - Choice",1,8
1236,2026-08-14,"2026-08-13","Pasta Wildcard $6.50 - Pack",1,6.5
1236,2026-08-14,"2026-08-13","FSA/FSD",1,79.79
249,2026-08-14,"2026-08-13","Eggs - BW - Dozen",1,6.5
249,2026-08-14,"2026-08-13","Mothership Pickup Time (1.0 @3:30-4) - @3:30-4",1,0
249,2026-08-14,"2026-08-13","Beef Kabob Meat - Lb.",1,12.75
249,2026-08-14,"2026-08-13","Garlic - Head - Head",2,1
249,2026-08-14,"2026-08-13","Olive Oil Small - ML",1,8.5
249,2026-08-14,"2026-08-13","Extra Credit - Each",0.5,1.06
249,2026-08-14,"2026-08-13","Half",1,84.79
364,2026-08-14,"2026-08-13","Milk - 2%  - Oz.",1,8.32
364,2026-08-14,"2026-08-13","Mothership Pickup Time - @6:30-7",1,0
364,2026-08-14,"2026-08-13","Bagels - Blueberry - BU - Bag",1,11.25
364,2026-08-14,"2026-08-13","Chicken Breasts /lb. - Pack",1,12.58
364,2026-08-14,"2026-08-13","Eggs - H - Dozen",1,6.5
364,2026-08-14,"2026-08-13","Hoagie - T - Each",1,3.5
364,2026-08-14,"2026-08-13","Extra Credit - Each",2.9,1.06
364,2026-08-14,"2026-08-13","FSA/FSD",1,79.79
1453,2026-08-14,"2026-08-13","Bagels - Blueberry - BU - Bag",1,11.25
1453,2026-08-14,"2026-08-13","Garlic - Head - Head",3,1
1453,2026-08-14,"2026-08-13","Granola Bar - Each",1,3.8
1453,2026-08-14,"2026-08-13","Magic Bean - Chocolate Chip Crunchy style GF Cookies - 2-pack",1,6
1453,2026-08-14,"2026-08-13","Peppers - Jalapenos - 5-pack",1,3.5
1453,2026-08-14,"2026-08-13","Pork - Bratwurst  - Pack",1,8.5
1453,2026-08-14,"2026-08-13","Tomatoes - Sungold - Pint",1,7
1453,2026-08-14,"2026-08-13","Extra Credit - Each",21.3,1.06
1453,2026-08-14,"2026-08-13","Mini",1,53.2
1453,2026-08-14,"2026-08-13","Whole MILK",1,8.85
1746,2026-08-14,"2026-08-13","Kirkwood Pickup Time (1.0 PORCH) - PORCH",1,0
1746,2026-08-14,"2026-08-13","Eggs - Dozen",1,6.5
1746,2026-08-14,"2026-08-13","Garlic - Head - Head",3,1
1746,2026-08-14,"2026-08-13","Kairos Sourdough Choice $5 - Pack",1,5
1746,2026-08-14,"2026-08-13","Peaches - Bag",1,7
1746,2026-08-14,"2026-08-13","Tomatoes - Sungold - Pint",1,7
1746,2026-08-14,"2026-08-13","Extra Credit - Each",1.25,1.06
1746,2026-08-14,"2026-08-13","UCA/KWA",1,79.79
876,2026-08-14,"2026-08-13","Chicken - Ground - Lb.",1,10.25
876,2026-08-14,"2026-08-13","Clean Plate Pantry Choice ($12) - Jar",1,12
876,2026-08-14,"2026-08-13","Mushrooms - Choice",1,8
876,2026-08-14,"2026-08-13","Pasta Wildcard $6.50 - Pack",1,6.5
876,2026-08-14,"2026-08-13","FSA/FSD",1,79.79
1255,2026-08-14,"2026-08-13","Eggs - BW - Dozen",2,6.5
1255,2026-08-14,"2026-08-13","Half & Half - Pint",1,4.75
1255,2026-08-14,"2026-08-13","Mothership Pickup Time (4.0 @5-5:30) - @5-5:30",1,0
1255,2026-08-14,"2026-08-13","Cantaloupe (1.0 Medium) - Medium",1,7
1255,2026-08-14,"2026-08-13","Cucumbers - Slicing - Each",1,2
1255,2026-08-14,"2026-08-13","Tomatoes - Funky Bunch - Pint",1,7
1255,2026-08-14,"2026-08-13","Extra Credit - Each",4.5,1.06
1255,2026-08-14,"2026-08-13","Mini",1,53.2
1255,2026-08-14,"2026-08-13","2% MILK",0,8.85
1255,2026-08-14,"2026-08-13","Half & Half",0,5.05
636,2026-08-14,"2026-08-13","Clean Plate Pantry Choice ($12) - Jar",1,12
636,2026-08-14,"2026-08-13","Cucumbers - Slicing - Each",5,2
636,2026-08-14,"2026-08-13","Pasta Wildcard $6.50 - Pack",1,6.5
636,2026-08-14,"2026-08-13","Peaches - Bag",1,0
636,2026-08-14,"2026-08-13","Tomatoes - Funky Bunch - Pint",1,7
636,2026-08-14,"2026-08-13","Tomatoes - Sungold - Pint",1,7
636,2026-08-14,"2026-08-13","Extra Credit - Each",4.75,1.06
636,2026-08-14,"2026-08-13","FSA/FSD",1,79.79
636,2026-08-14,"2026-08-13","Whole MILK",1,8.85
725,2026-08-14,"2026-08-13","Ground Turkey - Pack",1,10.25
725,2026-08-14,"2026-08-13","Peaches - Bag",1,7
725,2026-08-14,"2026-08-13","Pork - Ground  - Lb.",1,7.5
725,2026-08-14,"2026-08-13","Pork Italian Bulk - D&M - Lb.",1,8.5
725,2026-08-14,"2026-08-13","Extra Credit - Each",4,1.06
725,2026-08-14,"2026-08-13","Half",1,84.79
133,2026-08-14,"2026-08-13","Mothership Pickup Time (3.0 @4:30-5) - @4:30-5",1,0
133,2026-08-14,"2026-08-13","Bagels - Everything - BU - Bag",1,11.25
133,2026-08-14,"2026-08-13","Eggs - H - Dozen",1,6.5
133,2026-08-14,"2026-08-13","English Muffin Sourdough - Frozen - Pack",1,5
133,2026-08-14,"2026-08-13","Leeks - Bunch",1,6
133,2026-08-14,"2026-08-13","Extra Credit - Each",7,1.06
133,2026-08-14,"2026-08-13","Mini",1,53.2
643,2026-08-14,"2026-08-13","Mothership Pickup Time (5.0 @5:30-6) - @5:30-6",1,0
643,2026-08-14,"2026-08-13","Beef - Stew Meat - Pack",1,10.5
643,2026-08-14,"2026-08-13","Chicken - Ground - Lb.",1,10.25
643,2026-08-14,"2026-08-13","FF Grits - Smoked Gouda - Pint",1,10.5
643,2026-08-14,"2026-08-13","Peppers - Red Bell XL - 1-each",2,2.5
643,2026-08-14,"2026-08-13","Pretzel - UL Thursday  - Each",1,3.75
643,2026-08-14,"2026-08-13","Extra Credit - Each",3.25,1.06
643,2026-08-14,"2026-08-13","FSA/FSD",1,79.79
1468,2026-08-14,"2026-08-13","Eggs - BW - Dozen",1,6.5
1468,2026-08-14,"2026-08-13","Mothership Pickup Time (1.0 @3:30-4) - @3:30-4",1,0
1468,2026-08-14,"2026-08-13","Flaked Salmon - Lb.",1,16.01
1468,2026-08-14,"2026-08-13","Pork - Bratwurst  - Pack",1,8.5
1468,2026-08-14,"2026-08-13","Extra Credit - Each",9.26,1.06
1468,2026-08-14,"2026-08-13","Mini",1,53.2
622,2026-08-14,"2026-08-13","Kirkwood Pickup Time (2.0 @1:30-2) - @1:30-2",1,0
622,2026-08-14,"2026-08-13","Bagels - Blueberry - BU - Bag",1,11.25
622,2026-08-14,"2026-08-13","Bagels - Cinnamon Raisin - BU - Bag",1,11.25
622,2026-08-14,"2026-08-13","Eggs - Dozen",1,6.5
622,2026-08-14,"2026-08-13","Yogurt - Vanilla - Oz.",1,7.25
622,2026-08-14,"2026-08-13","Extra Credit - Each",9,1.06
622,2026-08-14,"2026-08-13","UCA/KWA",1,79.79
1750,2026-08-14,"2026-08-13","Salsa - Gringo's Medium - Pint",1,5
1750,2026-08-14,"2026-08-13","Mothership Pickup Time (5.0 @5:30-6) - @5:30-6",1,0
1750,2026-08-14,"2026-08-13","Cantaloupe (1.0 Medium) - Medium",1,7
1750,2026-08-14,"2026-08-13","Gnocchi - Garlic Chive  - Lb.",1,6.5
1750,2026-08-14,"2026-08-13","Hummus - Garlic - Tub",1,6.75
1750,2026-08-14,"2026-08-13","Yogurt - Strawberry - Oz.",1,7.25
1750,2026-08-14,"2026-08-13","Extra Credit - Each",10.75,1.06
1750,2026-08-14,"2026-08-13","Mini",1,53.2
652,2026-08-14,"2026-08-13","Watermelon - Seeded - Each",1,7
652,2026-08-14,"2026-08-13","Milk - 2%  - Oz.",1,8.32
652,2026-08-14,"2026-08-13","Mothership Pickup Time (4.0 @5-5:30) - @5-5:30",1,0
652,2026-08-14,"2026-08-13","Bagels - Cinnamon Raisin - BU - Bag",1,11.25
652,2026-08-14,"2026-08-13","Beef Kabob Meat - Lb.",1,12.75
652,2026-08-14,"2026-08-13","Curds Creamy Ranch 10 oz - Bag",1,6.75
652,2026-08-14,"2026-08-13","Garlic - Head - Head",2,1
652,2026-08-14,"2026-08-13","Extra Credit - Each",18.82,1.06
652,2026-08-14,"2026-08-13","Half",1,84.79
1521,2026-08-14,"2026-08-13","Mothership Pickup Time (1.0 @3:30-4) - @3:30-4",1,0
1521,2026-08-14,"2026-08-13","Okra  - Bag",1,6
1521,2026-08-14,"2026-08-13","Peppers - Jalapenos - 5-pack",1,3.5
1521,2026-08-14,"2026-08-13","Potatoes - Yukon Gold - lbs",1,6
1521,2026-08-14,"2026-08-13","Tomatoes - Slicing - Bag",1,6.5
1521,2026-08-14,"2026-08-13","Extra Credit - Each",0.25,1.06
1521,2026-08-14,"2026-08-13","Mini",1,53.2
900,2026-08-14,"2026-08-13","Mothership Pickup Time (1.0 @3:30-4) - @3:30-4",1,0
900,2026-08-14,"2026-08-13","Cantaloupe (1.0 Medium) - Medium",1,7
900,2026-08-14,"2026-08-13","Onions - Yellow - lbs",1,3.5
900,2026-08-14,"2026-08-13","Peaches - Bag",1,7
900,2026-08-14,"2026-08-13","Peppers - Green Bell - 2-pack",1,3.25
900,2026-08-14,"2026-08-13","Pork - Brats Cheddar DM - 4-pack",1,8.5
900,2026-08-14,"2026-08-13","Squash - Zucchini - Each",1,3
900,2026-08-14,"2026-08-13","Tomatoes - Slicing - Bag",1,6.5
900,2026-08-14,"2026-08-13","FSA/FSD",1,79.79
900,2026-08-14,"2026-08-13","Whole MILK",1,8.85
171,2026-08-14,"2026-08-13","Peanuts - Salted Blanched - Oz.",1,7.5
171,2026-08-14,"2026-08-13","Almonds - Salted - Oz.",1,14.75
171,2026-08-14,"2026-08-13","Mothership Pickup Time (3.0 @4:30-5) - @4:30-5",1,0
171,2026-08-14,"2026-08-13","Bagels - Everything - BU - Bag",1,11.25
171,2026-08-14,"2026-08-13","Black Pepper Cheddar - Each",1,6.75
171,2026-08-14,"2026-08-13","Carrots - Lb.",1,6
171,2026-08-14,"2026-08-13","Chicken - Thighs /lbs  - lbs",1,7.92
171,2026-08-14,"2026-08-13","Cinnamon Rolls - Frozen - Pack",1,6.75
171,2026-08-14,"2026-08-13","Croissant - PIB Frozen - 1-each",4,2.8
171,2026-08-14,"2026-08-13","Ground Beef - D&M - Lb.",1,10.5
171,2026-08-14,"2026-08-13","Light and Mild - T - Loaf",1,8.25
171,2026-08-14,"2026-08-13","Marinara Sauce - Jar",1,8.75
171,2026-08-14,"2026-08-13","Mustard (1.0 Horseradish) - Horseradish",1,6.5
171,2026-08-14,"2026-08-13","Peaches - Bag",1,7
171,2026-08-14,"2026-08-13","Pork - Bratwurst  - Pack",1,8.5
171,2026-08-14,"2026-08-13","Tomatoes - Funky Bunch - Pint",1,7
171,2026-08-14,"2026-08-13","Extra Credit - Each",106.87,1.06
171,2026-08-14,"2026-08-13","Mini",1,53.2
789,2026-08-14,"2026-08-13","Kirkwood Pickup Time - @1-1:30",1,0
789,2026-08-14,"2026-08-13","Food For FS Cats Donation - $",10,1
789,2026-08-14,"2026-08-13","Beans - Green - Bag",1,0
789,2026-08-14,"2026-08-13","Black Pepper Cheddar - Each",1,6.75
789,2026-08-14,"2026-08-13","Chicken Breasts /lb. - Pack",1,10.03
789,2026-08-14,"2026-08-13","Garlic - Head - Head",3,0
789,2026-08-14,"2026-08-13","Jar Tomatoes - Quart",1,7.75
789,2026-08-14,"2026-08-13","Olive Oil Small - ML",1,8.5
789,2026-08-14,"2026-08-13","Peppers - Colored Bell - 3-pack",1,0
789,2026-08-14,"2026-08-13","Peppers - Lunchbox - Bag",1,0
789,2026-08-14,"2026-08-13","Potatoes - New - Bag",1,0
789,2026-08-14,"2026-08-13","Semolina - T - Loaf",1,7
789,2026-08-14,"2026-08-13","Squash - Zucchini - Each",1,0
789,2026-08-14,"2026-08-13","Staff - Something to ask Jamie - Oz.",1,0
789,2026-08-14,"2026-08-13","Extra Credit - Each",28.28,1.06
789,2026-08-14,"2026-08-13","Mini",1,53.2
1440,2026-08-14,"2026-08-13","Milk - Whole - Oz.",1,8.32
1440,2026-08-14,"2026-08-13","Bacon - Uncured/lb - Pack",1,16.93
1440,2026-08-14,"2026-08-13","Beef Kabob Meat - Lb.",1,12.75
1440,2026-08-14,"2026-08-13","Chicken Breasts /lb. - Pack",1,12.41
1440,2026-08-14,"2026-08-13","Chicken Thighs - Boneless/lb. - lbs",1,11.55
1440,2026-08-14,"2026-08-13","Peaches - Bag",1,7
1440,2026-08-14,"2026-08-13","Potatoes - White - lbs",1,5.25
1440,2026-08-14,"2026-08-13","Sweet Corn - 5-pack",1,4
1440,2026-08-14,"2026-08-13","Extra Credit - Each",48.96,1.06
1440,2026-08-14,"2026-08-13","Half",1,84.79
1683,2026-08-14,"2026-08-13","Kirkwood Pickup Time - @1-1:30",1,0
1683,2026-08-14,"2026-08-13","Chicken Breasts /lb. - Pack",1,10.71
1683,2026-08-14,"2026-08-13","Eggs - Dozen",1,6.5
1683,2026-08-14,"2026-08-13","Ghost Pepper Cheddar - Each",1,6.75
1683,2026-08-14,"2026-08-13","Milk Chocolate Lolli - Each",1,1.75
1683,2026-08-14,"2026-08-13","Seedy Wheaty - Frozen - Loaf",1,3.75
1683,2026-08-14,"2026-08-13","Extra Credit - Each",2.21,1.06
1683,2026-08-14,"2026-08-13","UCA/KWA",1,79.79
959,2026-08-14,"2026-08-13","Milk - 2%  - Oz.",1,8.32
959,2026-08-14,"2026-08-13","Bagels - Everything - BU - Bag",1,11.25
959,2026-08-14,"2026-08-13","Chicken - Ground - Lb.",1,10.25
959,2026-08-14,"2026-08-13","Clean Plate Pantry Choice ($12) - Jar",1,12
959,2026-08-14,"2026-08-13","Mushrooms - Choice",1,8
959,2026-08-14,"2026-08-13","Pasta Wildcard $6.50 - Pack",1,6.5
959,2026-08-14,"2026-08-13","Extra Credit - Each",17.07,1.06
959,2026-08-14,"2026-08-13","FSA/FSD",1,79.79
463,2026-08-14,"2026-08-13","Cheese Choice $6.75 - Each",1,6.75
463,2026-08-14,"2026-08-13","Mustard - Choice",1,6.5
463,2026-08-14,"2026-08-13","Pork - Bratwurst  - Pack",1,8.5
463,2026-08-14,"2026-08-13","Mini",1,53.2
