"member_id","file_date","delivery_date","item_unit","sales","price"
704,2026-05-22,"2026-05-13","Bagels - Everything - BU - Bag",1,11
704,2026-05-22,"2026-05-13","Clean Plate Pantry Choice ($11.5) - Jar",1,11.5
704,2026-05-22,"2026-05-13","Granola Choice $10.75 - Each",1,10.75
704,2026-05-22,"2026-05-13","Mushrooms - Choice",1,8
704,2026-05-22,"2026-05-13","FSA/FSD",1,79.79
291,2026-05-22,"2026-05-13","Mothership Pickup Time (2.0 @4-4:30) - @4-4:30",1,0
291,2026-05-22,"2026-05-13","Eggs - Dozen",1,6.5
291,2026-05-22,"2026-05-13","Ground Beef - D&M - Lb.",2,10.5
291,2026-05-22,"2026-05-13","Mushrooms - Choice",1,8
291,2026-05-22,"2026-05-13","Pork Italian Bulk - D&M - Lb.",1,8.5
291,2026-05-22,"2026-05-13","Strawberries - Qt - Quart",1,8.25
291,2026-05-22,"2026-05-13","Extra Credit - Each",14.25,1.06
291,2026-05-22,"2026-05-13","Half",1,84.79
1045,2026-05-22,"2026-05-13","Mothership Pickup Time (2.0 @4-4:30) - @4-4:30",1,0
1045,2026-05-22,"2026-05-13","Food Pantry Donation - $",1,1
1045,2026-05-22,"2026-05-13","Eggs - Dozen",2,6.5
1045,2026-05-22,"2026-05-13","Multigrain Bread - Frozen - Loaf",1,6.75
1045,2026-05-22,"2026-05-13","Mushrooms - Choice",1,8
1045,2026-05-22,"2026-05-13","Plant - Basil Italian - Pot",1,4.5
1045,2026-05-22,"2026-05-13","Plant - Cilantro  - Pot",1,4.5
1045,2026-05-22,"2026-05-13","Plant - Dill - Pot",1,4.5
1045,2026-05-22,"2026-05-13","Plant - Rosemary - Pot",1,4.5
1045,2026-05-22,"2026-05-13","Sesame Hoagie -W - Each",1,3.8
1045,2026-05-22,"2026-05-13","Strawberries - Qt - Quart",1,8.25
1045,2026-05-22,"2026-05-13","Extra Credit - Each",20.8,1.06
1045,2026-05-22,"2026-05-13","Half",1,84.79
482,2026-05-22,"2026-05-13","Eggs - BW - Dozen",2,6.5
482,2026-05-22,"2026-05-13","Plant - Thai Basil - Pot",1,4.5
482,2026-05-22,"2026-05-13","Bagels - Sesame Seed - BU - Bag",1,11
482,2026-05-22,"2026-05-13","Beets - Pickled - Quart",1,8.5
482,2026-05-22,"2026-05-13","Curds Garlic Herb HBC 10 oz  - Bag",1,6.75
482,2026-05-22,"2026-05-13","Hand Pie: Bacon Burger Bleu - Bag",1,10.5
482,2026-05-22,"2026-05-13","Hummus - Garlic - Tub",1,6.75
482,2026-05-22,"2026-05-13","Light and Mild - Wednesday - Loaf",1,8.25
482,2026-05-22,"2026-05-13","Mushrooms (1.0 Oyster) - Oyster",1,8
482,2026-05-22,"2026-05-13","Plant - Basil Italian - Pot",2,4.5
482,2026-05-22,"2026-05-13","Plant - Sage Pineapple - Pot",1,4.5
482,2026-05-22,"2026-05-13","Plant - Spearmint - Pot",1,4.5
482,2026-05-22,"2026-05-13","Plant - Tomato Cherokee Purple  - Pot",1,4.5
482,2026-05-22,"2026-05-13","Semolina - Wednesday - Loaf",1,7
482,2026-05-22,"2026-05-13","Extra Credit - Each",68.75,1.06
482,2026-05-22,"2026-05-13","Half",1,84.79
1983,2026-05-22,"2026-05-13","Mothership Pickup Time (1.0 @3:30-4) - @3:30-4",1,0
1983,2026-05-22,"2026-05-13","Eggs - Dozen",1,6.5
1983,2026-05-22,"2026-05-13","Kale - Green Curly - Bag",1,5
1983,2026-05-22,"2026-05-13","Lettuce Head - Head",1,4.25
1983,2026-05-22,"2026-05-13","Sale Tortilla Chips: best by 3/22/26 - Each",1,2.75
1983,2026-05-22,"2026-05-13","Spinach - Bag",1,5
1983,2026-05-22,"2026-05-13","Strawberries - Qt - Quart",1,8.25
1983,2026-05-22,"2026-05-13","Extra Credit - Each",9.75,1.06
1983,2026-05-22,"2026-05-13","Mini",1,53.2
1197,2026-05-22,"2026-05-13","Arugula - Bag",1,4.25
1197,2026-05-22,"2026-05-13","Asparagus - Bunch",1,6.5
1197,2026-05-22,"2026-05-13","Eggs - Dozen",1,6.5
1197,2026-05-22,"2026-05-13","Spinach - Bag",1,5
1197,2026-05-22,"2026-05-13","Extra Credit - Each",22.25,1.06
1039,2026-05-22,"2026-05-13","UCity Pickup Time (3.0 @5:30-6) - @5:30-6",1,0
1039,2026-05-22,"2026-05-13","Chicken Thighs - Boneless/lb. - lbs",1,16
1039,2026-05-22,"2026-05-13","Eggs - Dozen",1,6.5
1039,2026-05-22,"2026-05-13","Pork - Tenderloin/lb - Lb.",1,10.29
1039,2026-05-22,"2026-05-13","Strawberries - Qt - Quart",1,8.25
1039,2026-05-22,"2026-05-13","Wheat Berries - Bag",1,3.75
1039,2026-05-22,"2026-05-13","Extra Credit - Each",8.79,1.06
1039,2026-05-22,"2026-05-13","UCA/KWA",1,79.79
1830,2026-05-22,"2026-05-13","Mothership Pickup Time (1.0 @3:30-4) - @3:30-4",1,0
1830,2026-05-22,"2026-05-13","Lettuce - Salanova - Bag",1,4.25
1830,2026-05-22,"2026-05-13","Plant - Cilantro  - Pot",1,4.5
1830,2026-05-22,"2026-05-13","Plant - Greek Basil - Pot",1,4.5
1830,2026-05-22,"2026-05-13","Plant - Rosemary - Pot",1,4.5
1830,2026-05-22,"2026-05-13","Plant - Sage Common  - Pot",1,4.5
1830,2026-05-22,"2026-05-13","Plant - Sungold Tomato - Pot",2,4.5
1830,2026-05-22,"2026-05-13","Yogurt - Vanilla - Oz.",1,7.1
1830,2026-05-22,"2026-05-13","Extra Credit - Each",16.35,1.06
1830,2026-05-22,"2026-05-13","Mini",1,53.2
1830,2026-05-22,"2026-05-13","2% MILK",1,8.49
732,2026-05-22,"2026-05-13","Chicken Thighs - Boneless/lb. - lbs",1,16.62
732,2026-05-22,"2026-05-13","Eggs - Dozen",1,6.5
732,2026-05-22,"2026-05-13","Hoagie - Wednesday - Each",1,3.5
732,2026-05-22,"2026-05-13","Mushrooms (1.0 Shiitake) - Shiitake",1,8
732,2026-05-22,"2026-05-13","Oat Porridge Bread - Wednesday - Loaf",1,9
732,2026-05-22,"2026-05-13","Staff - Something to ask Jamie - Oz.",1,0
732,2026-05-22,"2026-05-13","Turnips - Japanese/White - Lb.",1,4.25
732,2026-05-22,"2026-05-13","Extra Credit - Each",9.87,1.06
732,2026-05-22,"2026-05-13","Half",1,84.79
228,2026-05-22,"2026-05-13","UCity Pickup Time (2.0 @5-5:30) - @5-5:30",1,0
228,2026-05-22,"2026-05-13","Chicken - Ground - Lb.",1,9
228,2026-05-22,"2026-05-13","Kairos Sourdough Choice $5 - Pack",1,5
228,2026-05-22,"2026-05-13","Mushrooms (1.0 Shiitake) - Shiitake",1,8
228,2026-05-22,"2026-05-13","Pasta Long Bi-color - Lb.",1,6.5
228,2026-05-22,"2026-05-13","Extra Credit - Each",6.5,1.06
228,2026-05-22,"2026-05-13","Mini",1,53.2
1203,2026-05-22,"2026-05-13","Mothership Pickup Time (2.0 @4-4:30) - @4-4:30",1,0
1203,2026-05-22,"2026-05-13","Applewood Smoked Cheddar - Each",1,6.5
1203,2026-05-22,"2026-05-13","Croissants - Frozen - Pack",1,4.75
1203,2026-05-22,"2026-05-13","Eggs - Dozen",2,6.5
1203,2026-05-22,"2026-05-13","Ghost Pepper Cheddar - Each",1,6.75
1203,2026-05-22,"2026-05-13","Kohlrabi  - Head",2,1
1203,2026-05-22,"2026-05-13","Mushrooms - Choice",1,8
1203,2026-05-22,"2026-05-13","Extra Credit - Each",0.25,1.06
1203,2026-05-22,"2026-05-13","FSA/FSD",1,79.79
444,2026-05-22,"2026-05-13","UCity Pickup Time - @4:30-5",1,0
444,2026-05-22,"2026-05-13","Chicken - Thighs /lbs  - lbs",2,12.48
444,2026-05-22,"2026-05-13","Maple Syrup 12 oz. - Jar",1,13
444,2026-05-22,"2026-05-13","RL Chocolate Milk - Bottle",2,2.75
444,2026-05-22,"2026-05-13","Extra Credit - Each",7.46,1.06
444,2026-05-22,"2026-05-13","UCA/KWA",1,79.79
1799,2026-05-22,"2026-05-13","Mothership Pickup Time (3.0 @4:30-5) - @4:30-5",1,0
1799,2026-05-22,"2026-05-13","Eggs - Dozen",2,6.5
1799,2026-05-22,"2026-05-13","Mushrooms - Choice",1,8
1799,2026-05-22,"2026-05-13","Pizza Sauce - Jar",2,6.75
1799,2026-05-22,"2026-05-13","Semolina - Wednesday - Loaf",1,7
1799,2026-05-22,"2026-05-13","Extra Credit - Each",0.75,1.06
1799,2026-05-22,"2026-05-13","FSA/FSD",1,79.79
1286,2026-05-22,"2026-05-13","Ground Turkey - Pack",1,9
1286,2026-05-22,"2026-05-13","Mothership Pickup Time (1.0 @3:30-4) - @3:30-4",1,0
1286,2026-05-22,"2026-05-13","Hummus - Garlic - Tub",1,6.75
1286,2026-05-22,"2026-05-13","Lasagna (1.0 Spinach) - Spinach",1,15
1286,2026-05-22,"2026-05-13","Pre-ordered plants are in - Pot",1,0
1286,2026-05-22,"2026-05-13","Seedy Wheaty - Frozen - Loaf",1,3.75
1286,2026-05-22,"2026-05-13","Yogurt - Vanilla - Oz.",1,7.1
1286,2026-05-22,"2026-05-13","Extra Credit - Each",3.6,1.06
1286,2026-05-22,"2026-05-13","Half",1,84.79
1124,2026-05-22,"2026-05-13","Salsa - Gringo's Medium - Pint",1,5
1124,2026-05-22,"2026-05-13","Pizza - Veggie  - Each",1,0
1124,2026-05-22,"2026-05-13","Mothership Pickup Time (5.0 @5:30-6) - @5:30-6",1,0
1124,2026-05-22,"2026-05-13","Chicken - Thighs /lbs  - lbs",2,12
1124,2026-05-22,"2026-05-13","Eggs - Dozen",1,6.5
1124,2026-05-22,"2026-05-13","Lettuce - Bibb - Head",1,3.25
1124,2026-05-22,"2026-05-13","Mushrooms (1.0 Shiitake) - Shiitake",1,8
1124,2026-05-22,"2026-05-13","Sale Tortilla Chips: best by 3/22/26 - Each",1,2.75
1124,2026-05-22,"2026-05-13","Extra Credit - Each",11.5,1.06
1124,2026-05-22,"2026-05-13","Half",1,84.79
296,2026-05-22,"2026-05-13","Mothership Pickup Time (1.0 @3:30-4) - @3:30-4",1,0
296,2026-05-22,"2026-05-13","Bagels - Pumpernickel - BU - Bag",1,11
296,2026-05-22,"2026-05-13","Eggs - Dozen",1,6.5
296,2026-05-22,"2026-05-13","FF Dish - Saag Paneer - Pint",1,13.5
296,2026-05-22,"2026-05-13","Ground Beef - D&M - Lb.",1,10.5
296,2026-05-22,"2026-05-13","Mushrooms (1.0 Lion's Mane) - Lion's Mane",1,8
296,2026-05-22,"2026-05-13","Turnips - Japanese/White - Lb.",1,4.25
296,2026-05-22,"2026-05-13","Extra Credit - Each",15.75,1.06
296,2026-05-22,"2026-05-13","Half",1,84.79
919,2026-05-22,"2026-05-13","Mothership Pickup Time (3.0 @4:30-5) - @4:30-5",1,0
919,2026-05-22,"2026-05-13","Chicken - Ground - Lb.",1,9
919,2026-05-22,"2026-05-13","Dark Bar 61% - Package",1,3
919,2026-05-22,"2026-05-13","Eggs - Dozen",1,6.5
919,2026-05-22,"2026-05-13","Mojo Marinade - Tub",1,6.5
919,2026-05-22,"2026-05-13","Mushrooms (1.0 Lion's Mane) - Lion's Mane",1,8
919,2026-05-22,"2026-05-13","Plant - Cucumbers - Pot",1,4.5
919,2026-05-22,"2026-05-13","Plant - Sweet Red Pepper - Pot",1,4.5
919,2026-05-22,"2026-05-13","Radishes - Purple Heart - Bunch",1,5.25
919,2026-05-22,"2026-05-13","Shoots - Daikon Radish - Bag",1,4
919,2026-05-22,"2026-05-13","Squash - Zucchini - Each",1,2.5
919,2026-05-22,"2026-05-13","Extra Credit - Each",15.75,1.06
919,2026-05-22,"2026-05-13","Half",1,84.79
1699,2026-05-22,"2026-05-13","Ground Turkey - Pack",1,9
1699,2026-05-22,"2026-05-13","Plant - Thai Basil - Pot",1,4.5
1699,2026-05-22,"2026-05-13","UCity Pickup Time - @4:30-5",1,0
1699,2026-05-22,"2026-05-13","Hand Pie: Chicken Curry - Bag",1,10.5
1699,2026-05-22,"2026-05-13","Hoagie - Wednesday - Each",1,3.5
1699,2026-05-22,"2026-05-13","Plant - Cilantro  - Pot",1,4.5
1699,2026-05-22,"2026-05-13","Plant - Dill - Pot",1,4.5
1699,2026-05-22,"2026-05-13","Extra Credit - Each",0.5,1.06
1699,2026-05-22,"2026-05-13","UCA/KWA",1,79.79
570,2026-05-22,"2026-05-13","Jam - Blueberry HBY - Pint",1,7.75
570,2026-05-22,"2026-05-13","UCity Pickup Time - @4:30-5",1,0
570,2026-05-22,"2026-05-13","Curry Sauce (1.0 Red) - Red",1,11.5
570,2026-05-22,"2026-05-13","Eggs - Dozen",1,6.5
570,2026-05-22,"2026-05-13","Ground Beef - D&M - Lb.",1,10.5
570,2026-05-22,"2026-05-13","Mushrooms (1.0 Shiitake) - Shiitake",1,8
570,2026-05-22,"2026-05-13","Mustard (1.0 Horseradish) - Horseradish",1,6.25
570,2026-05-22,"2026-05-13","Extra Credit - Each",12.5,1.06
570,2026-05-22,"2026-05-13","Half",1,68.89
1154,2026-05-22,"2026-05-13","Mothership Pickup Time (4.0 @5-5:30) - @5-5:30",1,0
1154,2026-05-22,"2026-05-13","Chicken - Ground - Lb.",1,9
1154,2026-05-22,"2026-05-13","Croissant - PIB - 1-each",2,2.8
1154,2026-05-22,"2026-05-13","Croissant - PIB Frozen - 1-each",1,2.8
1154,2026-05-22,"2026-05-13","Curry Sauce (1.0 Mango) - Mango",1,11.5
1154,2026-05-22,"2026-05-13","Marinara Sauce - Jar",1,8.75
1154,2026-05-22,"2026-05-13","Squash - Zucchini - Each",1,2.5
1154,2026-05-22,"2026-05-13","Strawberries - Qt - Quart",1,8.25
1154,2026-05-22,"2026-05-13","Extra Credit - Each",26.4,1.06
1154,2026-05-22,"2026-05-13","Mini",1,53.2
541,2026-05-22,"2026-05-13","UCity Pickup Time - @4:30-5",1,0
541,2026-05-22,"2026-05-13","Asparagus - Bunch",1,6.5
541,2026-05-22,"2026-05-13","Jar Tomatoes - Quart",1,7.75
541,2026-05-22,"2026-05-13","Light and Mild - Wednesday - Loaf",1,8.25
541,2026-05-22,"2026-05-13","Pre-ordered plants are in - Pot",1,0
541,2026-05-22,"2026-05-13","Radishes - Purple Heart - Bunch",1,5.25
541,2026-05-22,"2026-05-13","Squash - Zucchini (1.0 Small) - Small",2,2.5
541,2026-05-22,"2026-05-13","Strawberries - Qt - Quart",1,8.25
541,2026-05-22,"2026-05-13","Extra Credit - Each",5,1.06
541,2026-05-22,"2026-05-13","UCA/KWA",1,79.79
1559,2026-05-22,"2026-05-13","UCity Pickup Time (3.0 @5:30-6) - @5:30-6",1,0
1559,2026-05-22,"2026-05-13","Asparagus - Bunch",1,6.5
1559,2026-05-22,"2026-05-13","Bagels - Everything - BU - Bag",1,11
1559,2026-05-22,"2026-05-13","Bagels - Honey Buckwheat - BU - Bag",1,11
1559,2026-05-22,"2026-05-13","Mushrooms - Choice",1,8
1559,2026-05-22,"2026-05-13","Mushrooms - Sale! - Bag",1,8
1559,2026-05-22,"2026-05-13","Oat Porridge Bread - Wednesday - Loaf",1,9
1559,2026-05-22,"2026-05-13","Onions - Green - Bunch",1,3.5
1559,2026-05-22,"2026-05-13","Plant - Basil Italian - Pot",3,4.5
1559,2026-05-22,"2026-05-13","Plant - Greek Basil - Pot",1,4.5
1559,2026-05-22,"2026-05-13","Plant - Jalapeno Peppers - Pot",1,4.5
1559,2026-05-22,"2026-05-13","Plant - Marigolds Dwarf - Pot",1,4.5
1559,2026-05-22,"2026-05-13","Plant - Nasturtium - Pot",1,4.5
1559,2026-05-22,"2026-05-13","Plant - Roma Tomato - Pot",3,4.5
1559,2026-05-22,"2026-05-13","Plant - Rosemary - Pot",1,4.5
1559,2026-05-22,"2026-05-13","Plant - Tomato Cherokee Purple  - Pot",2,4.5
1559,2026-05-22,"2026-05-13","Plant - Tomato Green Zebra - Pot",2,4.5
1559,2026-05-22,"2026-05-13","Plant - Zinnia  - Pot",1,4.5
1559,2026-05-22,"2026-05-13","Plant - Zinnia Cali Mix - Pot",1,4.5
1559,2026-05-22,"2026-05-13","Pork Apple Brat - Pack",1,12.85
1559,2026-05-22,"2026-05-13","Radishes - Bunch - Bunch",1,3.5
1559,2026-05-22,"2026-05-13","Sale Tortilla Chips: best by 3/22/26 - Each",1,2.75
1559,2026-05-22,"2026-05-13","Shoots - Specialty Mix - Bag",1,4.5
1559,2026-05-22,"2026-05-13","Extra Credit - Each",135.1,1.06
1559,2026-05-22,"2026-05-13","Mini",1,53.2
1622,2026-05-22,"2026-05-13","Chicken - Big Bag Deboned Thighs/lb. - Bag",1,41.09
1622,2026-05-22,"2026-05-13","Mothership Pickup Time (2.0 @4-4:30) - @4-4:30",1,0
1622,2026-05-22,"2026-05-13","Kairos Sourdough Choice $5 - Pack",1,5
1622,2026-05-22,"2026-05-13","Mushrooms - Choice",1,8
1622,2026-05-22,"2026-05-13","Strawberries - Qt - Quart",1,8.25
1622,2026-05-22,"2026-05-13","Extra Credit - Each",40.34,1.06
1622,2026-05-22,"2026-05-13","Mini",1,53.2
1098,2026-05-22,"2026-05-13","Eggs - BW - Dozen",1,6.5
1098,2026-05-22,"2026-05-13","Pizza - Veggie  - Each",1,8.5
1098,2026-05-22,"2026-05-13","UCity Pickup Time - @4:30-5",1,0
1098,2026-05-22,"2026-05-13","Donation to Food Pantry - Each",1,1
1098,2026-05-22,"2026-05-13","Chips - Tortilla - Bag",1,4.25
1098,2026-05-22,"2026-05-13","Oat Porridge Bread - Wednesday - Loaf",1,9
1098,2026-05-22,"2026-05-13","Semolina - Wednesday - Loaf",1,7
1098,2026-05-22,"2026-05-13","Wildcard $6.5 - Each",1,6.5
1098,2026-05-22,"2026-05-13","Extra Credit - Each",2.25,1.06
1098,2026-05-22,"2026-05-13","Half",1,68.89
1098,2026-05-22,"2026-05-13","2% MILK-o",1,8.49
557,2026-05-22,"2026-05-13","Eggs - BW - Dozen",1,6.5
557,2026-05-22,"2026-05-13","Mothership Pickup Time (1.0 @3:30-4) - @3:30-4",1,0
557,2026-05-22,"2026-05-13","Bread Choice ($6.75) - 1-each",1,6.75
557,2026-05-22,"2026-05-13","Chicken Links - Lemon Pepper - Lb.",1,10.5
557,2026-05-22,"2026-05-13","Mushrooms (1.0 Shiitake) - Shiitake",1,8
557,2026-05-22,"2026-05-13","Pork - Bratwurst  - Pack",1,8.5
557,2026-05-22,"2026-05-13","Pork Breakfast Link D&M - Pack",1,8
557,2026-05-22,"2026-05-13","Extra Credit - Each",7.5,1.06
557,2026-05-22,"2026-05-13","FSA/FSD",1,79.79
1896,2026-05-22,"2026-05-13","Del Carmen Choice - Tub",1,6.5
1896,2026-05-22,"2026-05-13","Eggs - Dozen",1,6.5
1896,2026-05-22,"2026-05-13","Ground Beef - D&M - Lb.",1,10.5
1896,2026-05-22,"2026-05-13","Mushrooms - Choice",1,8
1896,2026-05-22,"2026-05-13","Wildcard $6.5 - Each",1,6.5
1896,2026-05-22,"2026-05-13","Half",1,84.79
1000,2026-05-22,"2026-05-13","UCity Pickup Time (3.0 @5:30-6) - @5:30-6",1,0
1000,2026-05-22,"2026-05-13","Chicken - Ground - Lb.",1,9
1000,2026-05-22,"2026-05-13","Mushrooms - Choice",1,8
1000,2026-05-22,"2026-05-13","Sesame Hoagie -W - Each",1,3.8
1000,2026-05-22,"2026-05-13","Yogurt - Vanilla - Oz.",1,7.1
1000,2026-05-22,"2026-05-13","Extra Credit - Each",5.9,1.06
1000,2026-05-22,"2026-05-13","Mini",1,53.2
207,2026-05-22,"2026-05-13","Asparagus - Bunch",1,6.5
207,2026-05-22,"2026-05-13","Mushrooms - Choice",1,8
207,2026-05-22,"2026-05-13","Sweet Dill Pickles - Quart",1,7.75
207,2026-05-22,"2026-05-13","Tomato Juice - Quart",2,10
207,2026-05-22,"2026-05-13","Extra Credit - Each",20.25,1.06
207,2026-05-22,"2026-05-13","Mini",1,53.2
100,2026-05-22,"2026-05-13","Mothership Pickup Time (2.0 @4-4:30) - @4-4:30",1,0
100,2026-05-22,"2026-05-13","Bagels - Blueberry - BU - Bag",1,11
100,2026-05-22,"2026-05-13","Boneless Pork Chop - D&M /lb - Lb.",1,11
100,2026-05-22,"2026-05-13","Sesame Hoagie -W - Each",1,3.8
100,2026-05-22,"2026-05-13","Extra Credit - Each",3.8,1.06
100,2026-05-22,"2026-05-13","Mini",1,53.2
1284,2026-05-22,"2026-05-13","Mothership Pickup Time (1.0 @3:30-4) - @3:30-4",1,0
1284,2026-05-22,"2026-05-13","Hoagie - Wednesday - Each",1,3.5
1284,2026-05-22,"2026-05-13","Jar Tomatoes - Quart",1,7.75
1284,2026-05-22,"2026-05-13","Pork - Bratwurst  - Pack",1,8.5
1284,2026-05-22,"2026-05-13","Pork Italian Links - D&M - Each",1,8.5
1284,2026-05-22,"2026-05-13","Sea Scallops/LB - Bag",1,53
1284,2026-05-22,"2026-05-13","Strawberries - Qt - Quart",1,8.25
1284,2026-05-22,"2026-05-13","Extra Credit - Each",89.5,1.06
99,2026-05-22,"2026-05-13","Ground Turkey - Pack",1,9
99,2026-05-22,"2026-05-13","Peanut Butter MC - Tub",1,7.75
99,2026-05-22,"2026-05-13","Mothership Pickup Time (6.0 @6-6:30) - @6-6:30",1,0
99,2026-05-22,"2026-05-13","Asparagus - Bunch",1,6.5
99,2026-05-22,"2026-05-13","Bagels - Honey Buckwheat - BU - Bag",1,11
99,2026-05-22,"2026-05-13","Chicken Thighs - Boneless/lb. - lbs",1,11.2
99,2026-05-22,"2026-05-13","Mushrooms (1.0 Shiitake) - Shiitake",1,8
99,2026-05-22,"2026-05-13","Popped Corn - Organic - Bag",1,3
99,2026-05-22,"2026-05-13","Potato Chips Original - Med - Oz.",1,3
99,2026-05-22,"2026-05-13","Extra Credit - Each",18.7,1.06
1997,2026-05-22,"2026-05-13","Chicken - Big Bag Deboned Thighs/lb. - Bag",1,43.56
1997,2026-05-22,"2026-05-13","UCity Pickup Time (2.0 @5-5:30) - @5-5:30",1,0
1997,2026-05-22,"2026-05-13","Applewood Smoked Cheddar - Each",1,6.5
1997,2026-05-22,"2026-05-13","Eggs - Dozen",1,6.5
1997,2026-05-22,"2026-05-13","Mushrooms - Choice",1,8
1997,2026-05-22,"2026-05-13","Shoots - Pea - Bag",2,4.25
1997,2026-05-22,"2026-05-13","Wildcard $6.5 - Each",1,6.5
1997,2026-05-22,"2026-05-13","Extra Credit - Each",41.56,1.06
1997,2026-05-22,"2026-05-13","Half",1,68.89
326,2026-05-22,"2026-05-13","Chicken - Links ($10.50) - Each",1,10.5
326,2026-05-22,"2026-05-13","Clean Plate Pantry Choice ($11.5) - Jar",1,11.5
326,2026-05-22,"2026-05-13","Granola Choice $10.75 - Each",1,10.75
326,2026-05-22,"2026-05-13","Mushrooms - Choice",1,8
326,2026-05-22,"2026-05-13","FSA/FSD",1,79.79
1923,2026-05-22,"2026-05-13","UCity Pickup Time (3.0 @5:30-6) - @5:30-6",1,0
1923,2026-05-22,"2026-05-13","Arugula - Bag",1,4.25
1923,2026-05-22,"2026-05-13","Asparagus - Bunch",1,6.5
1923,2026-05-22,"2026-05-13","Bread Choice ($6.75) - 1-each",1,6.75
1923,2026-05-22,"2026-05-13","Eggs - Dozen",1,6.5
1923,2026-05-22,"2026-05-13","Kohlrabi  - Head",1,1
1923,2026-05-22,"2026-05-13","Mushrooms - Choice",1,8
1923,2026-05-22,"2026-05-13","Plant - Cilantro  - Pot",1,4.5
1923,2026-05-22,"2026-05-13","Plant - Oregano - Pot",1,4.5
1923,2026-05-22,"2026-05-13","Plant - Parsley - Pot",1,4.5
1923,2026-05-22,"2026-05-13","Plant - Sungold Tomato - Pot",1,4.5
1923,2026-05-22,"2026-05-13","Radishes - Bunch - Bunch",1,3.5
1923,2026-05-22,"2026-05-13","Radishes - Mini Daikon - Bunch",1,4
1923,2026-05-22,"2026-05-13","Strawberries - Qt - Quart",1,8.25
1923,2026-05-22,"2026-05-13","Turnips - Japanese/White - Lb.",1,4.25
1923,2026-05-22,"2026-05-13","Extra Credit - Each",35,1.06
1923,2026-05-22,"2026-05-13","UCA/KWA",1,79.79
1174,2026-05-22,"2026-05-13","Dates - Oz.",1,9.75
1174,2026-05-22,"2026-05-13","Kuva Peru - Package",1,16
1174,2026-05-22,"2026-05-13","Mothership Pickup Time (1.0 @3:30-4) - @3:30-4",1,0
1174,2026-05-22,"2026-05-13","Auction Donation - $",1,1
1174,2026-05-22,"2026-05-13","Eggs - Dozen",1,6.5
1174,2026-05-22,"2026-05-13","Radishes - Purple Heart - Bunch",1,5.25
1174,2026-05-22,"2026-05-13","Extra Credit - Each",0.5,1.06
1174,2026-05-22,"2026-05-13","Half",1,84.79
1879,2026-05-22,"2026-05-13","Mothership Pickup Time (3.0 @4:30-5) - @4:30-5",1,0
1879,2026-05-22,"2026-05-13","Chicken - Ground - Lb.",1,9
1879,2026-05-22,"2026-05-13","Date Syrup - Bottle",1,10
1879,2026-05-22,"2026-05-13","Kairos Sourdough Choice $5 - Pack",1,5
1879,2026-05-22,"2026-05-13","Mushrooms (1.0 Shiitake) - Shiitake",1,8
1879,2026-05-22,"2026-05-13","Extra Credit - Each",10,1.06
1879,2026-05-22,"2026-05-13","Mini",1,53.2
373,2026-05-22,"2026-05-13","UCity Pickup Time (3.0 @5:30-6) - @5:30-6",1,0
373,2026-05-22,"2026-05-13","Asparagus - Bunch",1,6.5
373,2026-05-22,"2026-05-13","Dark Chocolate Square  - Each",1,1.75
373,2026-05-22,"2026-05-13","Light and Mild - Wednesday - Loaf",1,8.25
373,2026-05-22,"2026-05-13","Pork - Bratwurst  - Pack",1,8.5
373,2026-05-22,"2026-05-13","Pork Breakfast Patties D&M - Pack",1,8.5
373,2026-05-22,"2026-05-13","Radishes - Bunch - Bunch",1,3.5
373,2026-05-22,"2026-05-13","UCA/KWA",1,79.79
1498,2026-05-22,"2026-05-13","UCity Pickup Time - @4:30-5",1,0
1498,2026-05-22,"2026-05-13","Plant - Basil Italian - Pot",1,4.5
1498,2026-05-22,"2026-05-13","Plant - Cucumber pickling - Pot",2,4.5
1498,2026-05-22,"2026-05-13","Plant - Rosemary - Pot",1,4.5
1498,2026-05-22,"2026-05-13","Plant - Spearmint - Pot",1,4.5
1498,2026-05-22,"2026-05-13","Extra Credit - Each",0.5,1.06
1498,2026-05-22,"2026-05-13","Mini",1,53.2
526,2026-05-22,"2026-05-13","Dates - Oz.",1,10
526,2026-05-22,"2026-05-13","UCity Pickup Time - @4:30-5",1,0
526,2026-05-22,"2026-05-13","Chicken - Ground - Lb.",1,9
526,2026-05-22,"2026-05-13","Marbled Rye -Wednesday - Loaf",1,8.75
526,2026-05-22,"2026-05-13","RL Chocolate Milk - Bottle",2,2.75
526,2026-05-22,"2026-05-13","Extra Credit - Each",11.25,1.06
526,2026-05-22,"2026-05-13","Mini",1,53.2
42,2026-05-22,"2026-05-13","UCity Pickup Time - @4:30-5",1,0
42,2026-05-22,"2026-05-13","Chicken Breasts /lb. - Pack",2,15.47
42,2026-05-22,"2026-05-13","Eggs - Dozen",1,6.5
42,2026-05-22,"2026-05-13","Marinara Sauce - Jar",1,8.75
42,2026-05-22,"2026-05-13","Pre-ordered plants are in - Pot",1,0
42,2026-05-22,"2026-05-13","Ravioli - 4-Cheese - Lb.",1,9.15
42,2026-05-22,"2026-05-13","Extra Credit - Each",19.34,1.06
42,2026-05-22,"2026-05-13","UCA/KWA",1,79.79
1030,2026-05-22,"2026-05-13","UCity Pickup Time (3.0 @5:30-6) - @5:30-6",1,0
1030,2026-05-22,"2026-05-13","Asparagus - Bunch",2,6.5
1030,2026-05-22,"2026-05-13","Bagels - Blueberry - BU - Bag",1,11
1030,2026-05-22,"2026-05-13","Eggs - Dozen",1,6.5
1030,2026-05-22,"2026-05-13","Oat Porridge Bread - Wednesday - Loaf",1,9
1030,2026-05-22,"2026-05-13","Radishes - Bunch - Bunch",1,3.5
1030,2026-05-22,"2026-05-13","Stringbean Ethiopian - Bag",1,16
1030,2026-05-22,"2026-05-13","Yogurt - Plain - Oz.",1,7.1
1030,2026-05-22,"2026-05-13","Extra Credit - Each",30.1,1.06
1030,2026-05-22,"2026-05-13","UCA/KWA",1,79.79
145,2026-05-22,"2026-05-13","Mothership Pickup Time (1.0 @3:30-4) - @3:30-4",1,0
145,2026-05-22,"2026-05-13","Asparagus - Bunch",1,6.5
145,2026-05-22,"2026-05-13","Gnocchi - Sundried Tomato  - Lb.",1,6.5
145,2026-05-22,"2026-05-13","Kale - Lacinato/Dinosaur - Bag",1,5
145,2026-05-22,"2026-05-13","Pre-ordered plants are in - Pot",1,0
145,2026-05-22,"2026-05-13","Swiss Chard - Bunch",1,5
145,2026-05-22,"2026-05-13","Extra Credit - Each",1,1.06
145,2026-05-22,"2026-05-13","Mini",1,53.2
863,2026-05-22,"2026-05-13","Mothership Pickup Time (6.0 @6-6:30) - @6-6:30",1,0
863,2026-05-22,"2026-05-13","Auction Donation - $",1,1
863,2026-05-22,"2026-05-13","Bacon - Each",1,13.5
863,2026-05-22,"2026-05-13","Chicken Links - Andouille  - Lb.",1,10.5
863,2026-05-22,"2026-05-13","Mushrooms (1.0 Shiitake) - Shiitake",1,8
863,2026-05-22,"2026-05-13","Strawberries - Qt - Quart",1,8.25
863,2026-05-22,"2026-05-13","Extra Credit - Each",0.5,1.06
863,2026-05-22,"2026-05-13","FSA/FSD",1,79.79
911,2026-05-22,"2026-05-13","Eggs - BW - Dozen",1,6.5
911,2026-05-22,"2026-05-13","UCity Pickup Time (2.0 @5-5:30) - @5-5:30",1,0
911,2026-05-22,"2026-05-13","Bagels - Raisin - Frozen - Bag",1,6.75
911,2026-05-22,"2026-05-13","Hand Pie: Beef Bulgogi - Bag",1,10.5
911,2026-05-22,"2026-05-13","Hand Pie: Chicken Curry - Bag",1,10.5
911,2026-05-22,"2026-05-13","Louise's Cocoa Brownie Crisp Granola - Bag",1,11.15
911,2026-05-22,"2026-05-13","Onions - Green - Bunch",1,3.5
911,2026-05-22,"2026-05-13","Spinach - Bag",1,5
911,2026-05-22,"2026-05-13","Extra Credit - Each",15.9,1.06
911,2026-05-22,"2026-05-13","Half",1,68.89
962,2026-05-22,"2026-05-13","Jam - Strawberry HBY - Pint",1,7
962,2026-05-22,"2026-05-13","Peanut Butter MC - Tub",1,7.75
962,2026-05-22,"2026-05-13","Mothership Pickup Time (5.0 @5:30-6) - @5:30-6",1,0
962,2026-05-22,"2026-05-13","$ for green bags donation - $",1,1
962,2026-05-22,"2026-05-13","Cooler Donation - $",1,1
962,2026-05-22,"2026-05-13","Applewood Smoked Cheddar - Each",1,6.5
962,2026-05-22,"2026-05-13","Eggs - Dozen",1,6.5
962,2026-05-22,"2026-05-13","Pre-ordered plants are in - Pot",1,0
962,2026-05-22,"2026-05-13","Strawberries - Qt - Quart",1,7.75
962,2026-05-22,"2026-05-13","Half",1,84.79
125,2026-05-22,"2026-05-13","Asparagus - Bunch",2,6.5
125,2026-05-22,"2026-05-13","Collards - Bunch",1,5
125,2026-05-22,"2026-05-13","Honey - Pint - Jar",1,11.5
125,2026-05-22,"2026-05-13","Mushrooms - French Horn/King - Bag",1,8
125,2026-05-22,"2026-05-13","Shoots - Fenugreek - Share",1,4.25
125,2026-05-22,"2026-05-13","Extra Credit - Each",5.75,1.06
125,2026-05-22,"2026-05-13","UCA/KWA",1,79.79
235,2026-05-22,"2026-05-13","Eggs - BW - Dozen",1,6.5
235,2026-05-22,"2026-05-13","Potato Chips Kickers Mini - Oz.",1,1.5
235,2026-05-22,"2026-05-13","Bok Choy - Bag",1,5
235,2026-05-22,"2026-05-13","Croissant - PIB - 1-each",1,2.8
235,2026-05-22,"2026-05-13","Janie's Bread - Wednesday - Each",1,7
235,2026-05-22,"2026-05-13","Potato Chips Original - Med - Oz.",1,3
235,2026-05-22,"2026-05-13","Squash - Zucchini (1.0 Small) - Small",1,2.5
235,2026-05-22,"2026-05-13","Mini",1,53.2
1512,2026-05-22,"2026-05-13","UCity Pickup Time - @4:30-5",1,0
1512,2026-05-22,"2026-05-13","Black Pepper Cheddar - Each",1,6.75
1512,2026-05-22,"2026-05-13","Eggs - Dozen",1,6.5
1512,2026-05-22,"2026-05-13","Ground Beef - D&M - Lb.",1,10.5
1512,2026-05-22,"2026-05-13","Mushrooms - Choice",1,8
1512,2026-05-22,"2026-05-13","Strawberries - Qt - Quart",1,8.25
1512,2026-05-22,"2026-05-13","Extra Credit - Each",2,1.06
1512,2026-05-22,"2026-05-13","Half",1,68.89
356,2026-05-22,"2026-05-13","UCity Pickup Time - @4:30-5",1,0
356,2026-05-22,"2026-05-13","Flank Steak/lbs. - lbs",1,48.3
356,2026-05-22,"2026-05-13","Granola Bar - Each",2,3.8
356,2026-05-22,"2026-05-13","Extra Credit - Each",33.9,1.06
356,2026-05-22,"2026-05-13","Mini",1,53.2
520,2026-05-22,"2026-05-13","Milk - Whole - Oz.",1,8.32
520,2026-05-22,"2026-05-13","UCity Pickup Time - @4:30-5",1,0
520,2026-05-22,"2026-05-13","Asparagus - Bunch",1,6.5
520,2026-05-22,"2026-05-13","Coconut Oil Quart - Quart",1,12
520,2026-05-22,"2026-05-13","Lettuce - Salanova - Bag",1,4.25
520,2026-05-22,"2026-05-13","Pre-ordered plants are in - Pot",1,0
520,2026-05-22,"2026-05-13","Strawberries - Qt - Quart",1,8.25
520,2026-05-22,"2026-05-13","Extra Credit - Each",14.82,1.06
520,2026-05-22,"2026-05-13","Mini",1,53.2
520,2026-05-22,"2026-05-13","Whole MILK",1,8.49
156,2026-05-22,"2026-05-13","Cooler Donation - $",1,1
156,2026-05-22,"2026-05-13","Food For FS Cats Donation - $",1,1
156,2026-05-22,"2026-05-13","Asparagus - Bunch",1,6.5
156,2026-05-22,"2026-05-13","Chicken - Whole $5.00/lb. - Each",2,22.45
156,2026-05-22,"2026-05-13","Mushrooms (1.0 Shiitake) - Shiitake",1,8
156,2026-05-22,"2026-05-13","Pork - Ground  - Lb.",1,7.5
156,2026-05-22,"2026-05-13","Shoots - Specialty Mix - Bag",1,4.5
156,2026-05-22,"2026-05-13","Extra Credit - Each",35.4,1.06
156,2026-05-22,"2026-05-13","Half",1,84.79
709,2026-05-22,"2026-05-13","Milk - Whole - Oz.",1,8.32
709,2026-05-22,"2026-05-13","Eggs - BW - Dozen",2,6.5
709,2026-05-22,"2026-05-13","Mothership Pickup Time (1.0 @3:30-4) - @3:30-4",1,0
709,2026-05-22,"2026-05-13","Asparagus - Bunch",1,6.5
709,2026-05-22,"2026-05-13","Bacon - Each",1,13.5
709,2026-05-22,"2026-05-13","Chicken - Whole $5.00/lb. - Each",1,23.8
709,2026-05-22,"2026-05-13","Chicken Thighs - Boneless/lb. - lbs",1,11.64
709,2026-05-22,"2026-05-13","Lettuce - Bibb - Head",1,3.25
709,2026-05-22,"2026-05-13","Toffee - Package",2,7.5
709,2026-05-22,"2026-05-13","Extra Credit - Each",54.26,1.06
709,2026-05-22,"2026-05-13","FSA/FSD",1,79.79
1355,2026-05-22,"2026-05-13","Del Carmen Choice - Tub",1,6.5
1355,2026-05-22,"2026-05-13","Eggs - Dozen",1,6.5
1355,2026-05-22,"2026-05-13","Ground Beef - D&M - Lb.",1,10.5
1355,2026-05-22,"2026-05-13","Mushrooms - Choice",1,8
1355,2026-05-22,"2026-05-13","Wildcard $6.5 - Each",1,6.5
1355,2026-05-22,"2026-05-13","Half",1,84.79
1355,2026-05-22,"2026-05-13","2% MILK-o",1,8.49
1355,2026-05-22,"2026-05-13","Eggs - Buttonwood",3,6.65
1355,2026-05-22,"2026-05-13","Ground Chicken -o",7,8.84
1272,2026-05-22,"2026-05-13","Salsa - Gringo's Hot - Pint",1,5
1272,2026-05-22,"2026-05-13","Mothership Pickup Time (2.0 @4-4:30) - @4-4:30",1,0
1272,2026-05-22,"2026-05-13","Hoagie - PIB - 6-pack",1,6.75
1272,2026-05-22,"2026-05-13","Louise's Original Granola - Bag",1,10
1272,2026-05-22,"2026-05-13","Mushrooms - Chestnut - Bag",1,8
1272,2026-05-22,"2026-05-13","Queso Quesadilla - HBC - Each",1,6.75
1272,2026-05-22,"2026-05-13","Strawberries - Qt - Quart",1,8.25
1272,2026-05-22,"2026-05-13","Extra Credit - Each",6.75,1.06
1272,2026-05-22,"2026-05-13","Half",1,84.79
598,2026-05-22,"2026-05-13","Chicken - Ground - Lb.",1,9
598,2026-05-22,"2026-05-13","Kairos Sourdough Choice $5 - Pack",1,5
598,2026-05-22,"2026-05-13","Mushrooms - Choice",1,8
598,2026-05-22,"2026-05-13","Mini",1,53.2
1707,2026-05-22,"2026-05-13","Mothership Pickup Time (1.0 @3:30-4) - @3:30-4",1,0
1707,2026-05-22,"2026-05-13","Eggs - Dozen",1,6.5
1707,2026-05-22,"2026-05-13","Meatballs D&M - Package",1,14.5
1707,2026-05-22,"2026-05-13","Pasta Bi-color Short - Lb.",1,6.5
1707,2026-05-22,"2026-05-13","Extra Credit - Each",5.5,1.06
1707,2026-05-22,"2026-05-13","Mini",1,53.2
423,2026-05-22,"2026-05-13","Asparagus - Bunch",2,6.5
423,2026-05-22,"2026-05-13","Chicken Drumsticks /LB - Pack",1,4.55
423,2026-05-22,"2026-05-13","Chicken Wings/lb. - lbs",1,19.58
423,2026-05-22,"2026-05-13","Cinnamon Rolls - Pack",1,6.75
423,2026-05-22,"2026-05-13","Lettuce Head (1.0 Medium) - Medium",1,4
423,2026-05-22,"2026-05-13","Mushrooms (1.0 Shiitake) - Shiitake",1,8
423,2026-05-22,"2026-05-13","Spinach - Bag",1,5
423,2026-05-22,"2026-05-13","Strawberries - Qt - Quart",9,7.4
423,2026-05-22,"2026-05-13","Yogurt - Strawberry - Oz.",1,7.1
423,2026-05-22,"2026-05-13","Extra Credit - Each",93.83,1.06
423,2026-05-22,"2026-05-13","FSA/FSD",1,79.79
1459,2026-05-22,"2026-05-13","Mothership Pickup Time (6.0 @6-6:30) - @6-6:30",1,0
1459,2026-05-22,"2026-05-13","Bagels - Honey Buckwheat - BU - Bag",1,11
1459,2026-05-22,"2026-05-13","Chicken Breasts /lb. - Pack",1,12.07
1459,2026-05-22,"2026-05-13","Eggs - Dozen",1,6.5
1459,2026-05-22,"2026-05-13","Ground Beef - D&M - Lb.",1,10.5
1459,2026-05-22,"2026-05-13","Mushrooms - Choice",1,8
1459,2026-05-22,"2026-05-13","Extra Credit - Each",10.07,1.06
1459,2026-05-22,"2026-05-13","Half",1,84.79
1577,2026-05-22,"2026-05-13","Mothership Pickup Time (6.0 @6-6:30) - @6-6:30",1,0
1577,2026-05-22,"2026-05-13","Mushrooms - Choice",1,8
1577,2026-05-22,"2026-05-13","Semolina - Wednesday - Loaf",1,7
1577,2026-05-22,"2026-05-13","Strawberries - Qt - Quart",1,8.25
1577,2026-05-22,"2026-05-13","Extra Credit - Each",1.25,1.06
1577,2026-05-22,"2026-05-13","Mini",1,53.2
1577,2026-05-22,"2026-05-13","Whole MILK",1,8.49
1627,2026-05-22,"2026-05-13","Mothership Pickup Time (2.0 @4-4:30) - @4-4:30",1,0
1627,2026-05-22,"2026-05-13","Chicken Thighs - Big Bag/lb. - Pack",1,29.33
1627,2026-05-22,"2026-05-13","Eggs - Dozen",2,6.5
1627,2026-05-22,"2026-05-13","Granola Choice $10.75 - Each",1,10.75
1627,2026-05-22,"2026-05-13","Hoagie - Wednesday - Each",2,3.5
1627,2026-05-22,"2026-05-13","Pre-ordered plants are in - Pot",1,0
1627,2026-05-22,"2026-05-13","Sale Tortilla Chips: best by 3/22/26 - Each",1,2.75
1627,2026-05-22,"2026-05-13","Extra Credit - Each",22.08,1.06
1627,2026-05-22,"2026-05-13","FSA/FSD",1,79.79
322,2026-05-22,"2026-05-13","Bread Choice ($6.75) - 1-each",1,6.75
322,2026-05-22,"2026-05-13","Eggs - Dozen",1,6.5
322,2026-05-22,"2026-05-13","Mushrooms - Hen of the Woods/Maitake - Bag",1,8
322,2026-05-22,"2026-05-13","Pork - Bratwurst  - Pack",1,8.5
322,2026-05-22,"2026-05-13","Pork - Ground  - Lb.",1,7.5
322,2026-05-22,"2026-05-13","Extra Credit - Each",1.25,1.06
322,2026-05-22,"2026-05-13","UCA/KWA",1,79.79
681,2026-05-22,"2026-05-13","Eggs - Dozen",1,6.5
681,2026-05-22,"2026-05-13","Kohlrabi  - Head",1,1
681,2026-05-22,"2026-05-13","Light and Mild - Wednesday - Loaf",1,8.25
681,2026-05-22,"2026-05-13","Mushrooms (1.0 Shiitake) - Shiitake",1,8
681,2026-05-22,"2026-05-13","Pork - Bratwurst  - Pack",1,8.5
681,2026-05-22,"2026-05-13","Radishes - Bunch - Bunch",1,3.5
681,2026-05-22,"2026-05-13","UCA/KWA",1,79.79
1453,2026-05-22,"2026-05-13","Mothership Pickup Time (3.0 @4:30-5) - @4:30-5",1,0
1453,2026-05-22,"2026-05-13","Asparagus - Bunch",1,6.5
1453,2026-05-22,"2026-05-13","Chicken - Thighs /lbs  - lbs",1,12.96
1453,2026-05-22,"2026-05-13","Kairos Sourdough Choice $5 - Pack",1,5
1453,2026-05-22,"2026-05-13","Mushrooms - Choice",1,8
1453,2026-05-22,"2026-05-13","Extra Credit - Each",10.46,1.06
1453,2026-05-22,"2026-05-13","Mini",1,53.2
1453,2026-05-22,"2026-05-13","Whole MILK",1,8.49
430,2026-05-22,"2026-05-13","UCity Pickup Time (2.0 @5-5:30) - @5-5:30",1,0
430,2026-05-22,"2026-05-13","Bagels - Sesame Seed - BU - Bag",1,11
430,2026-05-22,"2026-05-13","Chicken Breasts /lb. - Pack",1,11.05
430,2026-05-22,"2026-05-13","Curry Sauce (1.0 Red) - Red",1,11.5
430,2026-05-22,"2026-05-13","Deluxe Mixed Nuts - Bag",1,4.3
430,2026-05-22,"2026-05-13","Eggs - Dozen",1,6.5
430,2026-05-22,"2026-05-13","FF Dish - Saag Paneer - Pint",1,13.5
430,2026-05-22,"2026-05-13","Ground Beef - D&M - Lb.",1,10.5
430,2026-05-22,"2026-05-13","Tortellini - Goat Cheese - Pack",1,9
430,2026-05-22,"2026-05-13","Extra Credit - Each",39.35,1.06
430,2026-05-22,"2026-05-13","Half",1,84.79
1474,2026-05-22,"2026-05-13","Pizza - Sausage Pepperoni - Each",1,8.5
1474,2026-05-22,"2026-05-13","Asparagus - Bunch",1,6.5
1474,2026-05-22,"2026-05-13","Bagels - Blueberry - BU - Bag",1,11
1474,2026-05-22,"2026-05-13","Pre-ordered plants are in - Pot",1,0
1474,2026-05-22,"2026-05-13","Extra Credit - Each",4,1.06
1474,2026-05-22,"2026-05-13","Mini",1,53.2
1048,2026-05-22,"2026-05-13","UCity Pickup Time (3.0 @5:30-6) - @5:30-6",1,0
1048,2026-05-22,"2026-05-13","Asparagus - Bunch",1,6.5
1048,2026-05-22,"2026-05-13","Chicken - Thighs /lbs  - lbs",2,10.62
1048,2026-05-22,"2026-05-13","Cinnamon Rolls - Pack",1,6.75
1048,2026-05-22,"2026-05-13","Pork - Ground  - Lb.",2,7.5
1048,2026-05-22,"2026-05-13","Pre-ordered plants are in - Pot",1,0
1048,2026-05-22,"2026-05-13","Extra Credit - Each",13.49,1.06
1048,2026-05-22,"2026-05-13","UCA/KWA",1,79.79
1255,2026-05-22,"2026-05-13","Eggs - BW - Dozen",1,6.5
1255,2026-05-22,"2026-05-13","Mothership Pickup Time (4.0 @5-5:30) - @5-5:30",1,0
1255,2026-05-22,"2026-05-13","Asparagus - Bunch",1,6.5
1255,2026-05-22,"2026-05-13","Kale - Lacinato/Dinosaur - Bag",2,5
1255,2026-05-22,"2026-05-13","Extra Credit - Each",4.5,1.06
1255,2026-05-22,"2026-05-13","Mini",1,53.2
1255,2026-05-22,"2026-05-13","2% MILK",1,8.85
1255,2026-05-22,"2026-05-13","Half & Half",1,5.05
620,2026-05-22,"2026-05-13","Asparagus - Bunch",1,6.5
620,2026-05-22,"2026-05-13","Bagel Chips - Bag",1,9.75
620,2026-05-22,"2026-05-13","Semolina - Wednesday - Loaf",1,7
620,2026-05-22,"2026-05-13","Strawberries - Qt - Quart",1,8.25
620,2026-05-22,"2026-05-13","Extra Credit - Each",31.5,1.06
1162,2026-05-22,"2026-05-13","Chicken - Ground - Lb.",1,9
1162,2026-05-22,"2026-05-13","Kairos Sourdough Choice $5 - Pack",1,5
1162,2026-05-22,"2026-05-13","Mushrooms - Choice",1,8
1162,2026-05-22,"2026-05-13","Mini",1,53.2
162,2026-05-22,"2026-05-13","UCity Pickup Time (3.0 @5:30-6) - @5:30-6",1,0
162,2026-05-22,"2026-05-13","Arugula - Bag",1,4.25
162,2026-05-22,"2026-05-13","Eggs - Dozen",1,6.5
162,2026-05-22,"2026-05-13","Ground Beef - D&M - Lb.",1,10.5
162,2026-05-22,"2026-05-13","Janie's Bread - Wednesday - Each",1,7
162,2026-05-22,"2026-05-13","Mushrooms - Choice",1,8
162,2026-05-22,"2026-05-13","Radishes - Bunch - Bunch",1,3.5
162,2026-05-22,"2026-05-13","Strawberries - Qt - Quart",1,8.25
162,2026-05-22,"2026-05-13","Wildcard $6.5 - Each",1,6.5
162,2026-05-22,"2026-05-13","Extra Credit - Each",16.5,1.06
162,2026-05-22,"2026-05-13","Half",1,84.79
1735,2026-05-22,"2026-05-13","UCity Pickup Time - @4:30-5",1,0
1735,2026-05-22,"2026-05-13","Pork Chop Bone-in /lb. - Lb.",1,23.24
1735,2026-05-22,"2026-05-13","Bagels - Plain - BU - Bag",1,11
1735,2026-05-22,"2026-05-13","Dark Bar 72% - Package",1,3
1735,2026-05-22,"2026-05-13","Eggs - Dozen",1,6.5
1735,2026-05-22,"2026-05-13","Ground Beef - D&M - Lb.",1,10.5
1735,2026-05-22,"2026-05-13","Mushrooms (1.0 Shiitake) - Shiitake",1,8
1735,2026-05-22,"2026-05-13","Extra Credit - Each",26.24,1.06
1735,2026-05-22,"2026-05-13","UCA/KWA",1,79.79
1932,2026-05-22,"2026-05-13","Mothership Pickup Time (4.0 @5-5:30) - @5-5:30",1,0
1932,2026-05-22,"2026-05-13","Lamb Chops/lb. DM - Each",2,30.83
1932,2026-05-22,"2026-05-13","Extra Credit - Each",20.91,1.06
1932,2026-05-22,"2026-05-13","FSA/FSD",1,79.79
627,2026-05-22,"2026-05-13","UCity Pickup Time - @4:30-5",1,0
627,2026-05-22,"2026-05-13","Chicken - Ground - Lb.",1,9
627,2026-05-22,"2026-05-13","Kairos Sourdough Choice $5 - Pack",1,5
627,2026-05-22,"2026-05-13","Mushrooms (1.0 Shiitake) - Shiitake",1,8
627,2026-05-22,"2026-05-13","Squash - Zucchini (1.0 Medium) - Medium",1,2.5
627,2026-05-22,"2026-05-13","Extra Credit - Each",2.5,1.06
627,2026-05-22,"2026-05-13","Mini",1,53.2
1427,2026-05-22,"2026-05-13","Stringbean Peru - Oz.",1,16
1427,2026-05-22,"2026-05-13","Mothership Pickup Time (1.0 @3:30-4) - @3:30-4",1,0
1427,2026-05-22,"2026-05-13","Asparagus - Bunch",1,6.5
1427,2026-05-22,"2026-05-13","Chicken - Ground - Lb.",1,9
1427,2026-05-22,"2026-05-13","Cinnamon Rolls - Pack",1,6.75
1427,2026-05-22,"2026-05-13","Hoagie - Wednesday - Each",1,3.5
1427,2026-05-22,"2026-05-13","Kale - Green Curly - Bag",1,5
1427,2026-05-22,"2026-05-13","Lettuce - Bibb - Head",1,3.25
1427,2026-05-22,"2026-05-13","Sesame Hoagie -W - Each",1,3.8
1427,2026-05-22,"2026-05-13","Extra Credit - Each",31.8,1.06
1534,2026-05-22,"2026-05-13","Mothership Pickup Time (3.0 @4:30-5) - @4:30-5",1,0
1534,2026-05-22,"2026-05-13","Arugula - Bag",1,4.25
1534,2026-05-22,"2026-05-13","Bagels - Everything - Bag",1,6.75
1534,2026-05-22,"2026-05-13","Eggs - Dozen",1,6.5
1534,2026-05-22,"2026-05-13","FF Soup - Chowder - Pint",2,10.25
1534,2026-05-22,"2026-05-13","Granola Bar - Each",4,3.8
1534,2026-05-22,"2026-05-13","Ground Beef - D&M - Lb.",1,10.5
1534,2026-05-22,"2026-05-13","Hummus - Garlic - Tub",1,6.75
1534,2026-05-22,"2026-05-13","Mushrooms (1.0 Shiitake) - Shiitake",1,8
1534,2026-05-22,"2026-05-13","Onions - Green - Bunch",1,3.5
1534,2026-05-22,"2026-05-13","Strawberries - Qt - Quart",1,8.25
1534,2026-05-22,"2026-05-13","Extra Credit - Each",49.7,1.06
1534,2026-05-22,"2026-05-13","Half",1,84.79
1534,2026-05-22,"2026-05-13","Whole MILK-o",1,8.49
554,2026-05-22,"2026-05-13","Del Carmen Choice - Tub",1,6.5
554,2026-05-22,"2026-05-13","Eggs - Dozen",1,6.5
554,2026-05-22,"2026-05-13","Ground Beef - D&M - Lb.",1,10.5
554,2026-05-22,"2026-05-13","Mushrooms - Choice",1,8
554,2026-05-22,"2026-05-13","Wildcard $6.5 - Each",1,6.5
554,2026-05-22,"2026-05-13","Half",1,84.79
754,2026-05-22,"2026-05-13","Del Carmen Choice - Tub",1,6.5
754,2026-05-22,"2026-05-13","Eggs - Dozen",1,6.5
754,2026-05-22,"2026-05-13","Ground Beef - D&M - Lb.",1,10.5
754,2026-05-22,"2026-05-13","Mushrooms - Choice",1,8
754,2026-05-22,"2026-05-13","Wildcard $6.5 - Each",1,6.5
240,2026-05-22,"2026-05-13","Mothership Pickup Time (1.0 @3:30-4) - @3:30-4",1,0
240,2026-05-22,"2026-05-13","Curds Creamy Ranch 10 oz - Bag",2,6.75
240,2026-05-22,"2026-05-13","Honey - Pint - Jar",1,11.5
240,2026-05-22,"2026-05-13","Marinara Sauce - Jar",1,8.75
240,2026-05-22,"2026-05-13","Milk Chocolate Bar - Pack",1,3
240,2026-05-22,"2026-05-13","White Rice Flour - Bag",1,3.75
240,2026-05-22,"2026-05-13","FSA/FSD",1,79.79
952,2026-05-22,"2026-05-13","Chicken - BULK Breasts /lb. - Pack",1,42.24
952,2026-05-22,"2026-05-13","Mothership Pickup Time (4.0 @5-5:30) - @5-5:30",1,0
952,2026-05-22,"2026-05-13","Bagels - Sesame Seed - BU - Bag",1,11
952,2026-05-22,"2026-05-13","Black Beans - Dry - Lb.",2,3
952,2026-05-22,"2026-05-13","Curry Sauce (1.0 Green) - Green",1,11.5
952,2026-05-22,"2026-05-13","Eggs - Dozen",1,6.5
952,2026-05-22,"2026-05-13","Kale - Lacinato/Dinosaur - Bag",1,5
952,2026-05-22,"2026-05-13","Mushrooms (1.0 Shiitake) - Shiitake",1,8
952,2026-05-22,"2026-05-13","Plant - Basil Italian - Pot",1,4.5
952,2026-05-22,"2026-05-13","Extra Credit - Each",53.99,1.06
952,2026-05-22,"2026-05-13","FSA/FSD",1,79.79
1143,2026-05-22,"2026-05-13","Pizza - Pepperoni  - Each",1,8.5
1143,2026-05-22,"2026-05-13","UCity Pickup Time (2.0 @5-5:30) - @5-5:30",1,0
1143,2026-05-22,"2026-05-13","Bagel Chips - Bag",1,9.75
1143,2026-05-22,"2026-05-13","FF Dip - Pimiento Cheese Spread - Each",1,8.75
1143,2026-05-22,"2026-05-13","FF Soup - Yellow Gazpacho - Oz.",1,10.5
1143,2026-05-22,"2026-05-13","Pasta Bi-color Short - Lb.",1,6.5
1143,2026-05-22,"2026-05-13","Extra Credit - Each",8,1.06
1143,2026-05-22,"2026-05-13","UCA/KWA",1,79.79
244,2026-05-22,"2026-05-13","UCity Pickup Time (2.0 @5-5:30) - @5-5:30",1,0
244,2026-05-22,"2026-05-13","Asparagus - Bunch",1,6.5
244,2026-05-22,"2026-05-13","Eggs - Dozen",2,6.5
244,2026-05-22,"2026-05-13","Hand Pie: Chicken Curry - Bag",1,10.5
244,2026-05-22,"2026-05-13","Mushrooms - Chestnut - Bag",1,8
244,2026-05-22,"2026-05-13","Mushrooms - Hen of the Woods/Maitake - Bag",1,8
244,2026-05-22,"2026-05-13","Extra Credit - Each",10,1.06
244,2026-05-22,"2026-05-13","UCA/KWA",1,79.79
1689,2026-05-22,"2026-05-13","Asparagus - Bunch",1,6.5
1689,2026-05-22,"2026-05-13","Granola Bar - Each",2,3.8
1689,2026-05-22,"2026-05-13","Mushrooms (1.0 Shiitake) - Shiitake",1,8
1689,2026-05-22,"2026-05-13","Pre-ordered plants are in - Pot",1,0
1689,2026-05-22,"2026-05-13","Radishes - Bunch - Bunch",1,3.5
1689,2026-05-22,"2026-05-13","Shoots - Pea - Bag",1,4.25
1689,2026-05-22,"2026-05-13","Swiss Chard - Bunch",1,5
1689,2026-05-22,"2026-05-13","Turkey Thighs /lb - Each",1,10.82
1689,2026-05-22,"2026-05-13","Extra Credit - Each",23.67,1.06
1689,2026-05-22,"2026-05-13","Mini",1,53.2
418,2026-05-22,"2026-05-13","Applewood Smoked Cheddar - Each",1,6.5
418,2026-05-22,"2026-05-13","Bagels - Plain - BU - Bag",1,11
418,2026-05-22,"2026-05-13","Bagels - Pumpernickel - BU - Bag",1,11
418,2026-05-22,"2026-05-13","Eggs - H - Dozen",1,6.5
418,2026-05-22,"2026-05-13","Hoagie - Wednesday - Each",1,3.5
418,2026-05-22,"2026-05-13","Marbled Rye -Wednesday - Loaf",1,8.75
418,2026-05-22,"2026-05-13","Plant - Basil Italian - Pot",1,4.5
418,2026-05-22,"2026-05-13","Plant - Rosemary - Pot",1,4.5
418,2026-05-22,"2026-05-13","Plant - Sage Common  - Pot",1,4.5
418,2026-05-22,"2026-05-13","Extra Credit - Each",38.75,1.06
418,2026-05-22,"2026-05-13","Mini",1,53.2
1506,2026-05-22,"2026-05-13","UCity Pickup Time - @4:30-5",1,0
1506,2026-05-22,"2026-05-13","Applewood Smoked Cheddar - Each",1,6.5
1506,2026-05-22,"2026-05-13","Eggs - Dozen",1,6.5
1506,2026-05-22,"2026-05-13","Ground Beef - D&M - Lb.",3,10.5
1506,2026-05-22,"2026-05-13","Extra Credit - Each",8.5,1.06
1506,2026-05-22,"2026-05-13","UCA/KWA",1,79.79
940,2026-05-22,"2026-05-13","Mothership Pickup Time (3.0 @4:30-5) - @4:30-5",1,0
940,2026-05-22,"2026-05-13","Chicken - Links ($10.50) - Each",1,10.5
940,2026-05-22,"2026-05-13","Clean Plate Pantry Choice ($11.5) - Jar",1,11.5
940,2026-05-22,"2026-05-13","Granola Choice $10.75 - Each",1,10.75
940,2026-05-22,"2026-05-13","Mushrooms - Choice",1,8
940,2026-05-22,"2026-05-13","FSA/FSD",1,79.79
883,2026-05-22,"2026-05-13","Mothership Pickup Time (6.0 @6-6:30) - @6-6:30",1,0
883,2026-05-22,"2026-05-13","Arugula - Bag",1,4.25
883,2026-05-22,"2026-05-13","Chicken - Whole $5.00/lb. - Each",1,22.6
883,2026-05-22,"2026-05-13","Chicken Chorizo - Lb.",1,10.5
883,2026-05-22,"2026-05-13","Onions - Green - Bunch",1,3.5
883,2026-05-22,"2026-05-13","Extra Credit - Each",18.85,1.06
883,2026-05-22,"2026-05-13","Mini",1,53.2
1871,2026-05-22,"2026-05-14","Mothership Pickup Time (3.0 @4:30-5) - @4:30-5",1,0
1871,2026-05-22,"2026-05-14","RL Heavy Cream  - Pint",1,7.75
1871,2026-05-22,"2026-05-14","Chicken Breasts /lb. - Pack",1,12.75
1871,2026-05-22,"2026-05-14","Curds Creamy Ranch 10 oz - Bag",1,6.75
1871,2026-05-22,"2026-05-14","Eggs - Dozen",1,6.5
1871,2026-05-22,"2026-05-14","Mushrooms - Choice",1,8
1871,2026-05-22,"2026-05-14","Wildcard $6.5 - Each",1,6.5
1871,2026-05-22,"2026-05-14","Extra Credit - Each",10.25,1.06
1871,2026-05-22,"2026-05-14","Half",1,84.79
794,2026-05-22,"2026-05-14","Chicken - Links ($10.50) - Each",1,10.5
794,2026-05-22,"2026-05-14","Clean Plate Pantry Choice ($11.5) - Jar",1,11.5
794,2026-05-22,"2026-05-14","Granola Choice $10.75 - Each",1,10.75
794,2026-05-22,"2026-05-14","Mushrooms - Choice",1,8
794,2026-05-22,"2026-05-14","FSA/FSD",1,79.79
1217,2026-05-22,"2026-05-14","Eggs - BW - Dozen",2,6.5
1217,2026-05-22,"2026-05-14","FF Pasta - Mac N Cheese - Tub",1,10.5
1217,2026-05-22,"2026-05-14","Kairos Sourdough Choice $5 - Pack",1,5
1217,2026-05-22,"2026-05-14","Extra Credit - Each",6.5,1.06
1217,2026-05-22,"2026-05-14","Mini",1,53.2
1891,2026-05-22,"2026-05-14","Kirkwood Pickup Time (2.0 @1:30-2) - @1:30-2",1,0
1891,2026-05-22,"2026-05-14","Asparagus - Bunch",1,6.5
1891,2026-05-22,"2026-05-14","Eggs - Dozen",1,6.5
1891,2026-05-22,"2026-05-14","Lettuce - Bibb - Head",1,3.25
1891,2026-05-22,"2026-05-14","Mushrooms (1.0 Oyster) - Oyster",1,8
1891,2026-05-22,"2026-05-14","Pre-ordered plants are in - Pot",1,0
1891,2026-05-22,"2026-05-14","Spinach - Bag",1,5
1891,2026-05-22,"2026-05-14","Strawberries - Qt - Quart",1,8.25
1891,2026-05-22,"2026-05-14","Extra Credit - Each",1.5,1.06
1891,2026-05-22,"2026-05-14","UCA/KWA",1,79.79
1196,2026-05-22,"2026-05-14","Eggs - BW - Dozen",1,6.5
1196,2026-05-22,"2026-05-14","Asparagus - Bunch",1,6.5
1196,2026-05-22,"2026-05-14","Bagels - Pumpernickel - BU - Bag",1,11
1196,2026-05-22,"2026-05-14","Shoots - Specialty Mix - Bag",1,4.5
1196,2026-05-22,"2026-05-14","Strawberries - Qt - Quart",1,8.25
1196,2026-05-22,"2026-05-14","Extra Credit - Each",14.75,1.06
1196,2026-05-22,"2026-05-14","Mini",1,53.2
192,2026-05-22,"2026-05-14","Kirkwood Pickup Time (2.0 @1:30-2) - @1:30-2",1,0
192,2026-05-22,"2026-05-14","Curds Creamy Ranch 10 oz - Bag",1,6.75
192,2026-05-22,"2026-05-14","Eggs - Dozen",1,6.5
192,2026-05-22,"2026-05-14","Granola Bar - Each",1,3.8
192,2026-05-22,"2026-05-14","Pork Italian Bulk - D&M - Lb.",1,8.5
192,2026-05-22,"2026-05-14","Extra Credit - Each",1.05,1.06
192,2026-05-22,"2026-05-14","Mini",1,53.2
192,2026-05-22,"2026-05-14","2% MILK",2,8.85
1977,2026-05-22,"2026-05-14","Mothership Pickup Time (1.0 @3:30-4) - @3:30-4",1,0
1977,2026-05-22,"2026-05-14","Ground Beef - D&M - Lb.",4,10.5
1977,2026-05-22,"2026-05-14","Pre-ordered plants are in - Pot",1,0
1977,2026-05-22,"2026-05-14","Rice - Basmati White - Lb.",1,7.5
1977,2026-05-22,"2026-05-14","Extra Credit - Each",11.5,1.06
1977,2026-05-22,"2026-05-14","Half",1,84.79
208,2026-05-22,"2026-05-14","Milk - Whole - Oz.",1,8.32
208,2026-05-22,"2026-05-14","Jam - Red Cherry HBY - Pint",1,7.75
208,2026-05-22,"2026-05-14","Mothership Pickup Time (6.0 @6-6:30) - @6-6:30",1,0
208,2026-05-22,"2026-05-14","Eggs - Dozen",1,6.5
208,2026-05-22,"2026-05-14","Ground Beef - D&M - Lb.",1,10.5
208,2026-05-22,"2026-05-14","Squash - Zucchini - Each",1,2.5
208,2026-05-22,"2026-05-14","Wildcard $6.5 - Each",1,6.5
208,2026-05-22,"2026-05-14","Extra Credit - Each",4.07,1.06
208,2026-05-22,"2026-05-14","Half",1,84.79
618,2026-05-22,"2026-05-14","Mothership Pickup Time (2.0 @4-4:30) - @4-4:30",1,0
618,2026-05-22,"2026-05-14","Asparagus - Bunch",1,6.5
618,2026-05-22,"2026-05-14","Janie's Bread - Thursday - Each",1,7
618,2026-05-22,"2026-05-14","Plant - Roma Tomato - Pot",1,4.5
618,2026-05-22,"2026-05-14","Plant - Sungold Tomato - Pot",1,4.5
618,2026-05-22,"2026-05-14","Plant - Tomato Beefsteak - Pot",1,4.5
618,2026-05-22,"2026-05-14","Pre-ordered plants are in - Pot",1,0
618,2026-05-22,"2026-05-14","Semolina - T - Loaf",1,7
618,2026-05-22,"2026-05-14","Spinach - Bag",1,5
618,2026-05-22,"2026-05-14","Yogurt - Vanilla - Oz.",1,7.1
618,2026-05-22,"2026-05-14","Extra Credit - Each",24.1,1.06
618,2026-05-22,"2026-05-14","Mini",1,53.2
1075,2026-05-22,"2026-05-14","Eggs - Dozen",1,6.5
1075,2026-05-22,"2026-05-14","FF Soup - Chowder - Pint",1,10.25
1075,2026-05-22,"2026-05-14","Ground Beef - D&M - Lb.",1,10.5
1075,2026-05-22,"2026-05-14","Hand Pie: Spanakopita - Bag",1,10.5
1075,2026-05-22,"2026-05-14","Shoots - Pea - Bag",1,4.25
1075,2026-05-22,"2026-05-14","Shoots - Specialty Mix - Bag",1,4.5
1075,2026-05-22,"2026-05-14","Extra Credit - Each",8.25,1.06
1075,2026-05-22,"2026-05-14","Half",1,68.89
1075,2026-05-22,"2026-05-14","2% MILK-o",1,8.85
1386,2026-05-22,"2026-05-14","Kirkwood Pickup Time - @1-1:30",1,0
1386,2026-05-22,"2026-05-14","Food Pantry Donation - $",3,1
1386,2026-05-22,"2026-05-14","Asparagus - Bunch",1,6.5
1386,2026-05-22,"2026-05-14","Eggs - Dozen",1,6.5
1386,2026-05-22,"2026-05-14","Light and Mild - T - Loaf",1,8.25
1386,2026-05-22,"2026-05-14","Pre-ordered plants are in - Pot",1,0
1386,2026-05-22,"2026-05-14","Radishes - Bunch - Bunch",1,3.5
1386,2026-05-22,"2026-05-14","Strawberries - Qt - Quart",1,8.25
1386,2026-05-22,"2026-05-14","UCA/KWA",1,79.79
282,2026-05-22,"2026-05-14","Del Carmen Choice - Tub",1,6.5
282,2026-05-22,"2026-05-14","Eggs - Dozen",1,6.5
282,2026-05-22,"2026-05-14","Ground Beef - D&M - Lb.",1,10.5
282,2026-05-22,"2026-05-14","Mushrooms - Choice",1,8
282,2026-05-22,"2026-05-14","Wildcard $6.5 - Each",1,6.5
282,2026-05-22,"2026-05-14","Half",1,84.79
1488,2026-05-22,"2026-05-14","Asparagus - Bunch",1,6.5
1488,2026-05-22,"2026-05-14","Eggs - Dozen",1,6.5
1488,2026-05-22,"2026-05-14","Peaches - Spiced - Jar",1,15.1
1488,2026-05-22,"2026-05-14","Strawberries - Qt - Quart",1,8.25
1488,2026-05-22,"2026-05-14","Extra Credit - Each",0.35,1.06
1488,2026-05-22,"2026-05-14","UCA/KWA",1,79.79
1488,2026-05-22,"2026-05-14","2% MILK",1,8.85
566,2026-05-22,"2026-05-14","Mothership Pickup Time (4.0 @5-5:30) - @5-5:30",1,0
566,2026-05-22,"2026-05-14","Cheese Choice $6.75 - Each",1,6.75
566,2026-05-22,"2026-05-14","Del Carmen Choice - Tub",1,6.5
566,2026-05-22,"2026-05-14","Eggs - Dozen",1,6.5
566,2026-05-22,"2026-05-14","Ground Beef - D&M - Lb.",1,10.5
566,2026-05-22,"2026-05-14","Wildcard $6.5 - Each",1,6.5
566,2026-05-22,"2026-05-14","Half",1,84.79
287,2026-05-22,"2026-05-14","Chicken - Links ($10.50) - Each",1,10.5
287,2026-05-22,"2026-05-14","Clean Plate Pantry Choice ($11.5) - Jar",1,11.5
287,2026-05-22,"2026-05-14","Granola Choice $10.75 - Each",1,10.75
287,2026-05-22,"2026-05-14","Mushrooms - Choice",1,8
287,2026-05-22,"2026-05-14","FSA/FSD",1,79.79
1970,2026-05-22,"2026-05-14","Kirkwood Pickup Time (3.0 @2-2:30) - @2-2:30",1,0
1970,2026-05-22,"2026-05-14","Eggs - Dozen",1,6.5
1970,2026-05-22,"2026-05-14","Mushrooms (1.0 Shiitake) - Shiitake",1,8
1970,2026-05-22,"2026-05-14","Plant - Lavender - Pot",1,4.5
1970,2026-05-22,"2026-05-14","Plant - Sungold Tomato - Pot",2,4.5
1970,2026-05-22,"2026-05-14","Plant - Tomato Super Sweet 100 - Pot",1,4.5
1970,2026-05-22,"2026-05-14","Extra Credit - Each",10.5,1.06
1970,2026-05-22,"2026-05-14","Mini",1,53.2
1671,2026-05-22,"2026-05-14","Mothership Pickup Time (5.0 @5:30-6) - @5:30-6",1,0
1671,2026-05-22,"2026-05-14","Chicken - Ground - Lb.",1,9
1671,2026-05-22,"2026-05-14","Pork Breakfast Patties D&M - Pack",1,8.5
1671,2026-05-22,"2026-05-14","Pre-ordered plants are in - Pot",1,0
1671,2026-05-22,"2026-05-14","Yogurt - Plain - Oz.",1,7.1
1671,2026-05-22,"2026-05-14","Extra Credit - Each",2.6,1.06
1671,2026-05-22,"2026-05-14","Mini",1,53.2
467,2026-05-22,"2026-05-14","Eggs - BW - Dozen",1,6.5
467,2026-05-22,"2026-05-14","Peanut Butter MC - Tub",1,7.75
467,2026-05-22,"2026-05-14","Kirkwood Pickup Time - @1-1:30",1,0
467,2026-05-22,"2026-05-14","Asparagus - Bunch",2,6.5
467,2026-05-22,"2026-05-14","Chicken - Ground - Lb.",1,9
467,2026-05-22,"2026-05-14","Curds Jalapeno Habanero 10 oz - Bag",1,6.75
467,2026-05-22,"2026-05-14","Ghost Pepper Cheddar - Each",1,6.75
467,2026-05-22,"2026-05-14","Kairos Sourdough Choice $5 - Pack",1,5
467,2026-05-22,"2026-05-14","Plant - Marigolds Dwarf - Pot",2,4.5
467,2026-05-22,"2026-05-14","Plant - Zinnia  - Pot",2,4.5
467,2026-05-22,"2026-05-14","Spinach - Bag",1,5
467,2026-05-22,"2026-05-14","Extra Credit - Each",55.75,1.06
467,2026-05-22,"2026-05-14","Mini",1,53.2
1522,2026-05-22,"2026-05-14","Eggs - BW - Dozen",2,6.5
1522,2026-05-22,"2026-05-14","Beets - No Tops - Lb.",1,6.5
1522,2026-05-22,"2026-05-14","Ground Beef - D&M - Lb.",2,10.5
1522,2026-05-22,"2026-05-14","Extra Credit - Each",40.5,1.06
32,2026-05-22,"2026-05-14","Milk - Skim  - Oz.",1,8.32
32,2026-05-22,"2026-05-14","Applewood Smoked Cheddar - Each",1,6.5
32,2026-05-22,"2026-05-14","Chicken - Links ($10.50) - Each",1,10.5
32,2026-05-22,"2026-05-14","Cinnamon Rolls - Pack",1,6.75
32,2026-05-22,"2026-05-14","Curry Sauce (1.0 Mango) - Mango",1,11.5
32,2026-05-22,"2026-05-14","Eggs - H - Dozen",1,6.5
32,2026-05-22,"2026-05-14","Granola Bar - Each",1,3.8
32,2026-05-22,"2026-05-14","Lettuce Mix - Bag",1,4.5
32,2026-05-22,"2026-05-14","Milk Chocolate Bar - Pack",1,3
32,2026-05-22,"2026-05-14","Milk Chocolate Square - Each",1,1.75
32,2026-05-22,"2026-05-14","Mushrooms - Choice",1,8
32,2026-05-22,"2026-05-14","Shoots - Pea - Bag",1,4.25
32,2026-05-22,"2026-05-14","Shoots - Specialty Mix - Bag",1,4.5
32,2026-05-22,"2026-05-14","Extra Credit - Each",39.12,1.06
32,2026-05-22,"2026-05-14","FSA/FSD",1,79.79
31,2026-05-22,"2026-05-14","Eggs - BW - Dozen",1,6.5
31,2026-05-22,"2026-05-14","Mothership Pickup Time (2.0 @4-4:30) - @4-4:30",1,0
31,2026-05-22,"2026-05-14","$ for green bags donation - $",1,1
31,2026-05-22,"2026-05-14","Eggs - Dozen",1,6.5
31,2026-05-22,"2026-05-14","Ground Beef - D&M - Lb.",1,10.5
31,2026-05-22,"2026-05-14","Mushrooms - Choice",1,8
31,2026-05-22,"2026-05-14","Plant - Dill - Pot",1,4.5
31,2026-05-22,"2026-05-14","Plant - Parsley - Pot",1,4.5
31,2026-05-22,"2026-05-14","Radishes - Bunch - Bunch",1,3.5
31,2026-05-22,"2026-05-14","Salmon - Fillet Pieces/LB* - Each",1,9.02
31,2026-05-22,"2026-05-14","Shoots - Specialty Mix - Bag",1,4.5
31,2026-05-22,"2026-05-14","Strawberries - Qt - Quart",1,8.25
31,2026-05-22,"2026-05-14","Extra Credit - Each",23.77,1.06
31,2026-05-22,"2026-05-14","Half",1,64.79
31,2026-05-22,"2026-05-14","2% MILK",2,8.85
1249,2026-05-22,"2026-05-14","Ground Turkey - Pack",1,9
1249,2026-05-22,"2026-05-14","Eggs - BW - Dozen",1,6.5
1249,2026-05-22,"2026-05-14","Asparagus - Bunch",1,6.5
1249,2026-05-22,"2026-05-14","Chicken Thighs - Boneless/lb. - lbs",1,15.58
1249,2026-05-22,"2026-05-14","Lettuce - Bibb - Head",1,3.25
1249,2026-05-22,"2026-05-14","Mushrooms - French Horn/King - Bag",1,8
1249,2026-05-22,"2026-05-14","Spinach - Bag",1,5
1249,2026-05-22,"2026-05-14","Strawberries - Qt - Quart",1,8.25
1102,2026-05-22,"2026-05-14","Salsa - Gringo's Medium - Pint",1,5
1102,2026-05-22,"2026-05-14","Mothership Pickup Time (1.0 @3:30-4) - @3:30-4",1,0
1102,2026-05-22,"2026-05-14","Asparagus - Bunch",1,6.5
1102,2026-05-22,"2026-05-14","Bagels - Blueberry - BU - Bag",1,11
1102,2026-05-22,"2026-05-14","CBD - Elevate Strawberry - 10-pack",1,35
1102,2026-05-22,"2026-05-14","Cheese Choice $6.75 - Each",1,6.75
1102,2026-05-22,"2026-05-14","Collards - Bunch",1,5
1102,2026-05-22,"2026-05-14","Eggs - Dozen",1,6.5
1102,2026-05-22,"2026-05-14","Kale - Green Curly - Bag",1,5
1102,2026-05-22,"2026-05-14","Mushrooms - Choice",2,8
1102,2026-05-22,"2026-05-14","Mushrooms - Hen of the Woods/Maitake - Bag",1,8
1102,2026-05-22,"2026-05-14","Mustard Greens - Bag",1,4.5
1102,2026-05-22,"2026-05-14","Sale Tortilla Chips: best by 3/22/26 - Each",1,2.75
1102,2026-05-22,"2026-05-14","Squash - Zucchini (1.0 Medium) - Medium",1,2.5
1102,2026-05-22,"2026-05-14","Extra Credit - Each",76.5,1.06
1102,2026-05-22,"2026-05-14","Half",1,84.79
1857,2026-05-22,"2026-05-14","Ground Turkey - Pack",1,9
1857,2026-05-22,"2026-05-14","Mothership Pickup Time (4.0 @5-5:30) - @5-5:30",1,0
1857,2026-05-22,"2026-05-14","Cinnamon Rolls - Pack",1,6.75
1857,2026-05-22,"2026-05-14","Eggs - H - Dozen",2,6.5
1857,2026-05-22,"2026-05-14","Hoagie - T - Each",1,3.5
1857,2026-05-22,"2026-05-14","Shoots - Pea - Bag",1,4.25
1857,2026-05-22,"2026-05-14","Spinach - Bag",1,5
1857,2026-05-22,"2026-05-14","Strawberries - Qt - Quart",1,8.25
1857,2026-05-22,"2026-05-14","Extra Credit - Each",9,1.06
1857,2026-05-22,"2026-05-14","FSA/FSD",1,79.79
1131,2026-05-22,"2026-05-14","Del Carmen Choice - Tub",1,6.5
1131,2026-05-22,"2026-05-14","Eggs - Dozen",1,6.5
1131,2026-05-22,"2026-05-14","Ground Beef - D&M - Lb.",1,10.5
1131,2026-05-22,"2026-05-14","Mushrooms - Choice",1,8
1131,2026-05-22,"2026-05-14","Wildcard $6.5 - Each",1,6.5
1131,2026-05-22,"2026-05-14","Half",1,84.79
670,2026-05-22,"2026-05-14","Mothership Pickup Time (1.0 @3:30-4) - @3:30-4",1,0
670,2026-05-22,"2026-05-14","Plant - English Thyme - Pot",2,4.5
670,2026-05-22,"2026-05-14","Plant - Rosemary - Pot",2,4.5
670,2026-05-22,"2026-05-14","Plant - Sungold Tomato - Pot",2,4.5
670,2026-05-22,"2026-05-14","Pre-ordered plants are in - Pot",1,0
670,2026-05-22,"2026-05-14","Yogurt - Plain - Oz.",1,7.1
670,2026-05-22,"2026-05-14","Extra Credit - Each",12.1,1.06
670,2026-05-22,"2026-05-14","Mini",1,53.2
670,2026-05-22,"2026-05-14","(BYO) FSG - Orders Only",1,0
1047,2026-05-22,"2026-05-14","Dates - Oz.",1,9.75
1047,2026-05-22,"2026-05-14","Mothership Pickup Time (2.0 @4-4:30) - @4-4:30",1,0
1047,2026-05-22,"2026-05-14","Eggs - Dozen",1,6.5
1047,2026-05-22,"2026-05-14","Oat Porridge Bread - T - Each",1,9
1047,2026-05-22,"2026-05-14","Strawberries - Qt - Quart",1,8.25
1047,2026-05-22,"2026-05-14","Wildcard $6.5 - Each",1,6.5
1047,2026-05-22,"2026-05-14","Extra Credit - Each",2,1.06
1047,2026-05-22,"2026-05-14","Half",1,84.79
11,2026-05-22,"2026-05-14","Eggs - BW - Dozen",1,6.5
11,2026-05-22,"2026-05-14","Cinnamon Rolls - Pack",2,6.75
11,2026-05-22,"2026-05-14","Kale - Lacinato/Dinosaur - Bag",1,5
11,2026-05-22,"2026-05-14","Ribs - Baby Back/lb. - Lb.",1,16.34
11,2026-05-22,"2026-05-14","Extra Credit - Each",0.59,1.06
11,2026-05-22,"2026-05-14","FSA/FSD",1,79.79
471,2026-05-22,"2026-05-14","Chicken - Links ($10.50) - Each",1,10.5
471,2026-05-22,"2026-05-14","Clean Plate Pantry Choice ($11.5) - Jar",1,11.5
471,2026-05-22,"2026-05-14","Granola Choice $10.75 - Each",1,10.75
471,2026-05-22,"2026-05-14","Mushrooms - Choice",1,8
471,2026-05-22,"2026-05-14","FSA/FSD",1,79.79
1593,2026-05-22,"2026-05-14","Mothership Pickup Time (5.0 @5:30-6) - @5:30-6",1,0
1593,2026-05-22,"2026-05-14","Hand Pie: Veggie Samosa - Bag",1,10.5
1593,2026-05-22,"2026-05-14","Mushrooms (1.0 Shiitake) - Shiitake",1,8
1593,2026-05-22,"2026-05-14","Radishes - Bunch - Bunch",1,3.5
1593,2026-05-22,"2026-05-14","Mini",1,53.2
1839,2026-05-22,"2026-05-14","RL Chocolate Milk - Bottle",1,2.75
1839,2026-05-22,"2026-05-14","No Produce - Order Only (odd wk)",1,0
1487,2026-05-22,"2026-05-14","Kirkwood Pickup Time - @1-1:30",1,0
1487,2026-05-22,"2026-05-14","Eggs - Dozen",1,6.5
1487,2026-05-22,"2026-05-14","Ground Beef - D&M - Lb.",1,10.5
1487,2026-05-22,"2026-05-14","Lamb Gyro Seasoned - Lb.",1,18
1487,2026-05-22,"2026-05-14","Milk Chocolate Bar - Pack",1,3
1487,2026-05-22,"2026-05-14","Pre-ordered plants are in - Pot",1,0
1487,2026-05-22,"2026-05-14","Half",1,68.89
1487,2026-05-22,"2026-05-14","2% MILK-o",1,8.85
514,2026-05-22,"2026-05-14","Asparagus - Bunch",1,6.5
514,2026-05-22,"2026-05-14","Semolina - T - Loaf",1,7
514,2026-05-22,"2026-05-14","Strawberries - Qt - Quart",1,8.25
514,2026-05-22,"2026-05-14","Mini",1,53.2
824,2026-05-22,"2026-05-14","Chicken - Ground - Lb.",1,9
824,2026-05-22,"2026-05-14","Kairos Sourdough Choice $5 - Pack",1,5
824,2026-05-22,"2026-05-14","Mushrooms - Choice",1,8
824,2026-05-22,"2026-05-14","Mini",1,53.2
761,2026-05-22,"2026-05-14","Mothership Pickup Time (1.0 @3:30-4) - @3:30-4",1,0
761,2026-05-22,"2026-05-14","Hand Pie: Veggie Samosa - Bag",1,10.5
761,2026-05-22,"2026-05-14","Janie's Bread - Thursday - Each",1,7
761,2026-05-22,"2026-05-14","Louise's Original Granola - Bag",1,10
761,2026-05-22,"2026-05-14","Radishes - Purple Heart - Bunch",1,5.25
761,2026-05-22,"2026-05-14","Strawberries - Qt - Quart",1,8.25
761,2026-05-22,"2026-05-14","Extra Credit - Each",0.25,1.06
761,2026-05-22,"2026-05-14","FSA/FSD",1,79.79
1476,2026-05-22,"2026-05-14","Kirkwood Pickup Time - @1-1:30",1,0
1476,2026-05-22,"2026-05-14","Asparagus - Bunch",1,6.5
1476,2026-05-22,"2026-05-14","German Quark HBC - Jar",1,6.75
1476,2026-05-22,"2026-05-14","Hand Pie: Veggie Samosa - Bag",1,10.5
1476,2026-05-22,"2026-05-14","Kale - Lacinato/Dinosaur - Bag",1,5
1476,2026-05-22,"2026-05-14","Turnips - Japanese/White - Lb.",1,4.25
1476,2026-05-22,"2026-05-14","Extra Credit - Each",11,1.06
1476,2026-05-22,"2026-05-14","Mini",1,53.2
82,2026-05-22,"2026-05-14","Kirkwood Pickup Time (3.0 @2-2:30) - @2-2:30",1,0
82,2026-05-22,"2026-05-14","German Quark HBC - Jar",1,6.75
82,2026-05-22,"2026-05-14","Ground Beef - D&M - Lb.",1,10.5
82,2026-05-22,"2026-05-14","Pork - Bratwurst  - Pack",1,8.5
82,2026-05-22,"2026-05-14","Tortellini - Goat Cheese - Pack",1,9
82,2026-05-22,"2026-05-14","Turnips - Japanese/White - Lb.",1,4.25
82,2026-05-22,"2026-05-14","Extra Credit - Each",1,1.06
82,2026-05-22,"2026-05-14","Half",1,84.79
502,2026-05-22,"2026-05-14","Mothership Pickup Time (2.0 @4-4:30) - @4-4:30",1,0
502,2026-05-22,"2026-05-14","Ground Beef - D&M - Lb.",1,10.5
502,2026-05-22,"2026-05-14","Hand Pie: Chicken Curry - Bag",1,10.5
502,2026-05-22,"2026-05-14","Hoagie - T - Each",1,3.5
502,2026-05-22,"2026-05-14","Mushrooms (1.0 Oyster) - Oyster",1,8
502,2026-05-22,"2026-05-14","Sesame Hoagie - T - Each",1,3.8
502,2026-05-22,"2026-05-14","Swiss Chard - Bunch",1,5
502,2026-05-22,"2026-05-14","Extra Credit - Each",0.55,1.06
502,2026-05-22,"2026-05-14","FSA/FSD",1,79.79
433,2026-05-22,"2026-05-14","Chicken - Links ($10.50) - Each",1,10.5
433,2026-05-22,"2026-05-14","Clean Plate Pantry Choice ($11.5) - Jar",1,11.5
433,2026-05-22,"2026-05-14","Granola Choice $10.75 - Each",1,10.75
433,2026-05-22,"2026-05-14","Mushrooms - Choice",1,8
433,2026-05-22,"2026-05-14","FSA/FSD",1,79.79
549,2026-05-22,"2026-05-14","Mothership Pickup Time - @6:30-7",1,0
549,2026-05-22,"2026-05-14","Food Pantry Donation - $",1,1
549,2026-05-22,"2026-05-14","Jar Tomatoes - Quart",1,7.75
549,2026-05-22,"2026-05-14","Marinara Sauce - Jar",1,8.75
549,2026-05-22,"2026-05-14","Wild Cod/LB* - Pack",3,8.15
549,2026-05-22,"2026-05-14","Extra Credit - Each",1.2,1.06
549,2026-05-22,"2026-05-14","FSA/FSD",1,79.79
401,2026-05-22,"2026-05-14","Mothership Pickup Time (1.0 @3:30-4) - @3:30-4",1,0
401,2026-05-22,"2026-05-14","Asparagus - Bunch",1,6.5
401,2026-05-22,"2026-05-14","Bok Choy - Bag",1,5
401,2026-05-22,"2026-05-14","Popped Corn - Organic - Bag",3,3
401,2026-05-22,"2026-05-14","Shoots - Specialty Mix - Bag",1,4.5
401,2026-05-22,"2026-05-14","Strawberries - Qt - Quart",1,8.25
401,2026-05-22,"2026-05-14","Extra Credit - Each",11.25,1.06
401,2026-05-22,"2026-05-14","Mini",1,53.2
326,2026-05-22,"2026-05-14","FSA/FSD",1,79.79
1268,2026-05-22,"2026-05-14","Half & Half - Pint",2,4.5
1268,2026-05-22,"2026-05-14","Mothership Pickup Time (3.0 @4:30-5) - @4:30-5",1,0
1268,2026-05-22,"2026-05-14","Bok Choy - Bag",1,5
1268,2026-05-22,"2026-05-14","Plant - Basil Italian - Pot",1,4.5
1268,2026-05-22,"2026-05-14","Shoots - Specialty Mix - Bag",1,4.5
1268,2026-05-22,"2026-05-14","Strawberries - Qt - Quart",1,8.25
1268,2026-05-22,"2026-05-14","Swiss Chard - Bunch",1,5
1268,2026-05-22,"2026-05-14","Turnips - Japanese/White - Lb.",1,4.25
1268,2026-05-22,"2026-05-14","Extra Credit - Each",2.5,1.06
1268,2026-05-22,"2026-05-14","Half",1,84.79
493,2026-05-22,"2026-05-14","No Produce - Order Only (odd wk)",1,0
807,2026-05-22,"2026-05-14","Bagels - Everything - Frozen - Bag",1,6.75
807,2026-05-22,"2026-05-14","Eggs - Dozen",1,6.5
807,2026-05-22,"2026-05-14","Mushrooms (1.0 Shiitake) - Shiitake",1,8
807,2026-05-22,"2026-05-14","Pork - Bratwurst  - Pack",2,8.5
807,2026-05-22,"2026-05-14","Yogurt - Plain - Oz.",1,7.1
807,2026-05-22,"2026-05-14","Extra Credit - Each",9.35,1.06
807,2026-05-22,"2026-05-14","UCA/KWA",1,79.79
807,2026-05-22,"2026-05-14","2% MILK",1,8.85
245,2026-05-22,"2026-05-14","Chicken Thighs - Big Bag/lb. - Pack",1,28.87
245,2026-05-22,"2026-05-14","Eggs - Dozen",1,6.5
245,2026-05-22,"2026-05-14","Mushrooms - Choice",1,8
245,2026-05-22,"2026-05-14","Plant - Basil Italian - Pot",1,4.5
245,2026-05-22,"2026-05-14","Plant - Dill - Pot",1,4.5
245,2026-05-22,"2026-05-14","Plant - English Thyme - Pot",1,4.5
245,2026-05-22,"2026-05-14","Plant - Rosemary - Pot",1,4.5
245,2026-05-22,"2026-05-14","Plant - Sage Common  - Pot",1,4.5
245,2026-05-22,"2026-05-14","Semolina - T - Loaf",1,7
245,2026-05-22,"2026-05-14","Extra Credit - Each",34.87,1.06
245,2026-05-22,"2026-05-14","Half",1,84.79
804,2026-05-22,"2026-05-14","Kirkwood Pickup Time - @1-1:30",1,0
804,2026-05-22,"2026-05-14","Asparagus - Bunch",1,6.5
804,2026-05-22,"2026-05-14","Auction Donation - $",1,1
804,2026-05-22,"2026-05-14","Eggs - Dozen",1,6.5
804,2026-05-22,"2026-05-14","Hoagie - T - Each",1,3.5
804,2026-05-22,"2026-05-14","Mushrooms - Choice",1,8
804,2026-05-22,"2026-05-14","Pork Italian Bulk - D&M - Lb.",1,8.5
804,2026-05-22,"2026-05-14","Sesame Hoagie - T - Each",1,3.8
804,2026-05-22,"2026-05-14","Half",1,68.89
1766,2026-05-22,"2026-05-14","Half & Half - Pint",2,4.75
1766,2026-05-22,"2026-05-14","Kirkwood Pickup Time - @1-1:30",1,0
1766,2026-05-22,"2026-05-14","$ for green bags donation - $",6,1
1766,2026-05-22,"2026-05-14","Asparagus - Bunch",1,6.5
1766,2026-05-22,"2026-05-14","Mushrooms - Choice",1,8
1766,2026-05-22,"2026-05-14","Strawberries - Qt - Quart",1,8.25
1766,2026-05-22,"2026-05-14","Extra Credit - Each",0.25,1.06
1766,2026-05-22,"2026-05-14","Half",1,68.89
1941,2026-05-22,"2026-05-14","Mothership Pickup Time (3.0 @4:30-5) - @4:30-5",1,0
1941,2026-05-22,"2026-05-14","Asparagus - Bunch",1,6.5
1941,2026-05-22,"2026-05-14","Cheese Choice $6.75 - Each",1,6.75
1941,2026-05-22,"2026-05-14","Chicken Breasts /lb. - Pack",1,14.79
1941,2026-05-22,"2026-05-14","Kale - Lacinato/Dinosaur - Bag",1,5
1941,2026-05-22,"2026-05-14","Squash - Zucchini - Each",1,2.5
1941,2026-05-22,"2026-05-14","Extra Credit - Each",13.54,1.06
1941,2026-05-22,"2026-05-14","Mini",1,53.2
293,2026-05-22,"2026-05-14","Eggs - BW - Dozen",1,6.5
293,2026-05-22,"2026-05-14","Mothership Pickup Time (6.0 @6-6:30) - @6-6:30",1,0
293,2026-05-22,"2026-05-14","Asparagus - Bunch",1,6.5
293,2026-05-22,"2026-05-14","Beef Kabob Meat - Lb.",1,12.75
293,2026-05-22,"2026-05-14","Chicken Links - Lemon Pepper - Lb.",1,10.5
293,2026-05-22,"2026-05-14","Dark Chocolate Square  - Each",1,1.75
293,2026-05-22,"2026-05-14","Sale Tortilla Chips: best by 3/22/26 - Each",1,2.75
293,2026-05-22,"2026-05-14","FSA/FSD",1,79.79
310,2026-05-22,"2026-05-14","Ground Turkey - Pack",2,9
310,2026-05-22,"2026-05-14","Plant - Tomatillos - Pot",1,4.5
310,2026-05-22,"2026-05-14","Mothership Pickup Time (1.0 @3:30-4) - @3:30-4",1,0
310,2026-05-22,"2026-05-14","Asparagus - Bunch",1,6.5
310,2026-05-22,"2026-05-14","Eggs - Dozen",2,6.5
310,2026-05-22,"2026-05-14","Hoagie - T - Each",1,3.5
310,2026-05-22,"2026-05-14","Light and Mild - T - Loaf",1,8.25
310,2026-05-22,"2026-05-14","Plant - Parsley - Pot",1,4.5
310,2026-05-22,"2026-05-14","Pork - Bratwurst  - Pack",1,8.5
310,2026-05-22,"2026-05-14","Pork Hot Dogs - Each",1,7.5
310,2026-05-22,"2026-05-14","Extra Credit - Each",31,1.06
310,2026-05-22,"2026-05-14","FSA/FSD",1,79.79
310,2026-05-22,"2026-05-14","Skim MILK",2,8.85
1271,2026-05-22,"2026-05-14","Mothership Pickup Time (2.0 @4-4:30) - @4-4:30",1,0
1271,2026-05-22,"2026-05-14","Dark Chocolate Lolli - Each",2,1.75
1271,2026-05-22,"2026-05-14","Lasagna (1.0 Cheese) - Cheese",1,15
1271,2026-05-22,"2026-05-14","Pork - Brats Cheddar DM - 4-pack",2,8
1271,2026-05-22,"2026-05-14","Pre-ordered plants are in - Pot",1,0
1271,2026-05-22,"2026-05-14","Semolina - T - Loaf",1,7
1271,2026-05-22,"2026-05-14","Extra Credit - Each",3.5,1.06
1271,2026-05-22,"2026-05-14","Half",1,84.79
634,2026-05-22,"2026-05-14","Kirkwood Pickup Time - @1-1:30",1,0
634,2026-05-22,"2026-05-14","Chicken - Ground - Lb.",1,9
634,2026-05-22,"2026-05-14","Chicken Links - Andouille  - Lb.",1,10.5
634,2026-05-22,"2026-05-14","Marinara Sauce - Jar",1,8.75
634,2026-05-22,"2026-05-14","Extra Credit - Each",6.25,1.06
634,2026-05-22,"2026-05-14","Mini",1,53.2
1706,2026-05-22,"2026-05-14","Salsa - Gringo's Hot - Pint",1,5
1706,2026-05-22,"2026-05-14","Mothership Pickup Time (2.0 @4-4:30) - @4-4:30",1,0
1706,2026-05-22,"2026-05-14","Bok Choy - Bag",1,5
1706,2026-05-22,"2026-05-14","Hand Pie: Veggie Samosa - Bag",1,10.5
1706,2026-05-22,"2026-05-14","Pre-ordered plants are in - Pot",1,0
1706,2026-05-22,"2026-05-14","Sale Tortilla Chips: best by 3/22/26 - Each",1,2.75
1706,2026-05-22,"2026-05-14","Squash - Zucchini - Each",1,2.5
1706,2026-05-22,"2026-05-14","Strawberries - Qt - Quart",1,8.25
1706,2026-05-22,"2026-05-14","Half",1,84.79
868,2026-05-22,"2026-05-14","Kirkwood Pickup Time (2.0 @1:30-2) - @1:30-2",1,0
868,2026-05-22,"2026-05-14","Pre-ordered plants are in - Pot",1,0
834,2026-05-22,"2026-05-14","Mothership Pickup Time (3.0 @4:30-5) - @4:30-5",1,0
834,2026-05-22,"2026-05-14","Black Pepper Cheddar - Each",1,6.75
834,2026-05-22,"2026-05-14","Cheese Choice $6.75 - Each",1,6.75
834,2026-05-22,"2026-05-14","Collards - Bunch",1,5
834,2026-05-22,"2026-05-14","Eggs - Dozen",1,6.5
834,2026-05-22,"2026-05-14","Hummus - Garlic - Tub",1,6.75
834,2026-05-22,"2026-05-14","Marinara Sauce - Jar",1,8.75
834,2026-05-22,"2026-05-14","Turnips - Japanese/White - Lb.",1,4.25
834,2026-05-22,"2026-05-14","Extra Credit - Each",6.75,1.06
834,2026-05-22,"2026-05-14","Half",1,84.79
281,2026-05-22,"2026-05-14","Eggs - BW - Dozen",1,6.5
281,2026-05-22,"2026-05-14","Pizza - Pepperoni  - Each",1,8.5
281,2026-05-22,"2026-05-14","Mothership Pickup Time (5.0 @5:30-6) - @5:30-6",1,0
281,2026-05-22,"2026-05-14","FF Dip - Pimiento Cheese Spread - Each",1,8.75
281,2026-05-22,"2026-05-14","Flour - All Purpose 5 lb - Bag",1,8.5
281,2026-05-22,"2026-05-14","Hand Pie: Spanakopita - Bag",1,10.5
281,2026-05-22,"2026-05-14","Hoagie - T - Each",1,3.5
281,2026-05-22,"2026-05-14","Plant - Cucumber pickling - Pot",1,4.5
281,2026-05-22,"2026-05-14","Pre-ordered plants are in - Pot",1,0
281,2026-05-22,"2026-05-14","Strawberries - Qt - Quart",1,8.25
281,2026-05-22,"2026-05-14","Extra Credit - Each",21,1.06
281,2026-05-22,"2026-05-14","Half",1,84.79
1652,2026-05-22,"2026-05-14","Walnuts - Oz.",1,6.75
1652,2026-05-22,"2026-05-14","Dark Chocolate Almond Bar - Pack",1,4.95
1652,2026-05-22,"2026-05-14","Flaked Salmon - Lb.",1,21.02
1652,2026-05-22,"2026-05-14","Kairos Sourdough Choice $5 - Pack",1,5
1652,2026-05-22,"2026-05-14","Mushrooms - Choice",1,8
1652,2026-05-22,"2026-05-14","Extra Credit - Each",23.72,1.06
1652,2026-05-22,"2026-05-14","Mini",1,53.2
1431,2026-05-22,"2026-05-14","Mothership Pickup Time (5.0 @5:30-6) - @5:30-6",1,0
1431,2026-05-22,"2026-05-14","Chicken - Ground - Lb.",1,9
1431,2026-05-22,"2026-05-14","Kairos Sourdough Choice $5 - Pack",1,5
1431,2026-05-22,"2026-05-14","Mushrooms - Choice",1,8
1431,2026-05-22,"2026-05-14","Mini",1,53.2
1626,2026-05-22,"2026-05-14","Eggs - BW - Dozen",1,6.5
1626,2026-05-22,"2026-05-14","Kirkwood Pickup Time (1.0 PORCH) - PORCH",1,0
1626,2026-05-22,"2026-05-14","Bagels - Plain - BU - Bag",1,11
1626,2026-05-22,"2026-05-14","Dark Chocolate Square  - Each",1,1.75
1626,2026-05-22,"2026-05-14","Hummus - Garlic - Tub",1,6.75
1626,2026-05-22,"2026-05-14","Plant - Basil Italian - Pot",1,4.5
1626,2026-05-22,"2026-05-14","Strawberries - Qt - Quart",1,8.25
1626,2026-05-22,"2026-05-14","Extra Credit - Each",0.75,1.06
1626,2026-05-22,"2026-05-14","Half",1,68.89
246,2026-05-22,"2026-05-14","Bread Choice ($6.75) - 1-each",1,6.75
246,2026-05-22,"2026-05-14","Eggs - Dozen",1,6.5
246,2026-05-22,"2026-05-14","Mushrooms - Choice",1,8
246,2026-05-22,"2026-05-14","Mustard - Choice",1,6.25
246,2026-05-22,"2026-05-14","Pork - Bratwurst  - Pack",1,8.5
246,2026-05-22,"2026-05-14","UCA/KWA",1,79.79
246,2026-05-22,"2026-05-14","RL Chocolate Milk",3,2.93
963,2026-05-22,"2026-05-14","Mothership Pickup Time (3.0 @4:30-5) - @4:30-5",1,0
963,2026-05-22,"2026-05-14","Chicken - Breakfast Links - Each",1,10.5
963,2026-05-22,"2026-05-14","Curry Sauce (1.0 Green) - Green",1,11.5
963,2026-05-22,"2026-05-14","Granola Bar - Each",2,3.8
963,2026-05-22,"2026-05-14","Mushrooms - Choice",1,8
963,2026-05-22,"2026-05-14","Seedy Wheaty - Frozen - Loaf",1,3.75
963,2026-05-22,"2026-05-14","Extra Credit - Each",0.6,1.06
963,2026-05-22,"2026-05-14","FSA/FSD",1,79.79
928,2026-05-22,"2026-05-14","Mothership Pickup Time (2.0 @4-4:30) - @4-4:30",1,0
928,2026-05-22,"2026-05-14","Boneless Pork Chop - D&M /lb - Lb.",2,11
928,2026-05-22,"2026-05-14","Hand Pie: Bacon Burger Bleu - Bag",2,10.5
928,2026-05-22,"2026-05-14","Hand Pie: Spanakopita - Bag",1,10.5
928,2026-05-22,"2026-05-14","Louise's Original Granola - Bag",1,10
928,2026-05-22,"2026-05-14","Extra Credit - Each",22.75,1.06
928,2026-05-22,"2026-05-14","FSA/FSD",1,79.79
1570,2026-05-22,"2026-05-14","Kirkwood Pickup Time (1.0 PORCH) - PORCH",1,0
1570,2026-05-22,"2026-05-14","Eggs - Dozen",2,6.5
1570,2026-05-22,"2026-05-14","Ground Beef - D&M - Lb.",1,10.5
1570,2026-05-22,"2026-05-14","Lettuce - Bibb - Head",1,3.25
1570,2026-05-22,"2026-05-14","Mushrooms (1.0 Shiitake) - Shiitake",1,8
1570,2026-05-22,"2026-05-14","Radishes - Bunch - Bunch",1,3.5
1570,2026-05-22,"2026-05-14","Radishes - Purple Heart - Bunch",1,5.25
1570,2026-05-22,"2026-05-14","Extra Credit - Each",5.5,1.06
1570,2026-05-22,"2026-05-14","Half",1,40
1900,2026-05-22,"2026-05-14","Milk - Whole - Oz.",1,8.32
1900,2026-05-22,"2026-05-14","Mothership Pickup Time (4.0 @5-5:30) - @5-5:30",1,0
1900,2026-05-22,"2026-05-14","$ for green bags donation - $",1,1
1900,2026-05-22,"2026-05-14","Asparagus - Bunch",1,6.5
1900,2026-05-22,"2026-05-14","Auction Donation - $",1,1
1900,2026-05-22,"2026-05-14","Eggs - Dozen",1,6.5
1900,2026-05-22,"2026-05-14","Olive Oil Large - Bottle",1,18.5
1900,2026-05-22,"2026-05-14","Onions - Green - Bunch",1,3.5
1900,2026-05-22,"2026-05-14","Plant - Spearmint - Pot",1,4.5
1900,2026-05-22,"2026-05-14","Pre-ordered plants are in - Pot",1,0
1900,2026-05-22,"2026-05-14","Spinach - Bag",1,5
1900,2026-05-22,"2026-05-14","Extra Credit - Each",8.82,1.06
1900,2026-05-22,"2026-05-14","Mini",1,53.2
1236,2026-05-22,"2026-05-14","Chicken - Links ($10.50) - Each",1,10.5
1236,2026-05-22,"2026-05-14","Clean Plate Pantry Choice ($11.5) - Jar",1,11.5
1236,2026-05-22,"2026-05-14","Milk Choc. Peanut Butter Bark - Pack",1,7.5
1236,2026-05-22,"2026-05-14","Milk Chocolate Lolli - Each",1,1.75
1236,2026-05-22,"2026-05-14","Mushrooms - Choice",1,8
1236,2026-05-22,"2026-05-14","FSA/FSD",1,79.79
1725,2026-05-22,"2026-05-14","Eggs - BW - Dozen",2,6.5
1725,2026-05-22,"2026-05-14","Kirkwood Pickup Time (1.0 PORCH) - PORCH",1,0
1725,2026-05-22,"2026-05-14","Asparagus - Bunch",1,6.5
1725,2026-05-22,"2026-05-14","Hoagie - T - Each",1,3.5
1725,2026-05-22,"2026-05-14","Sesame Hoagie - T - Each",1,3.8
1725,2026-05-22,"2026-05-14","Extra Credit - Each",4.8,1.06
1725,2026-05-22,"2026-05-14","Mini",1,53.2
364,2026-05-22,"2026-05-14","Eggs - BW - Dozen",1,6.5
364,2026-05-22,"2026-05-14","Mothership Pickup Time (6.0 @6-6:30) - @6-6:30",1,0
364,2026-05-22,"2026-05-14","Bagels - Blueberry - BU - Bag",1,11
364,2026-05-22,"2026-05-14","Janie's Bread - Thursday - Each",1,7
364,2026-05-22,"2026-05-14","Mushrooms - Choice",1,8
364,2026-05-22,"2026-05-14","Stringbean Ethiopian - Bag",1,16
364,2026-05-22,"2026-05-14","Extra Credit - Each",7.75,1.06
364,2026-05-22,"2026-05-14","FSA/FSD",1,79.79
364,2026-05-22,"2026-05-14","Whole MILK-o",1,8.85
1873,2026-05-22,"2026-05-14","Chicken - Ground - Lb.",1,9
1873,2026-05-22,"2026-05-14","Kairos Sourdough Choice $5 - Pack",1,5
1873,2026-05-22,"2026-05-14","Mushrooms - Choice",1,8
1873,2026-05-22,"2026-05-14","Mini",1,53.2
289,2026-05-22,"2026-05-14","Chicken Thighs - Boneless/lb. - lbs",1,16.63
289,2026-05-22,"2026-05-14","Eggs - Dozen",1,6.5
289,2026-05-22,"2026-05-14","Mushrooms (1.0 Oyster) - Oyster",1,8
289,2026-05-22,"2026-05-14","Plant - Big Boy Tomatoes - Pot",1,4.5
289,2026-05-22,"2026-05-14","Plant - Sungold Tomato - Pot",1,4.5
289,2026-05-22,"2026-05-14","Plant - Tomato Beefsteak - Pot",1,4.5
289,2026-05-22,"2026-05-14","Plant - Tomato Super Sweet 100 - Pot",1,4.5
289,2026-05-22,"2026-05-14","Pre-ordered plants are in - Pot",1,0
289,2026-05-22,"2026-05-14","Extra Credit - Each",11.13,1.06
289,2026-05-22,"2026-05-14","Half",1,84.79
289,2026-05-22,"2026-05-14","2% MILK-o",1,8.85
593,2026-05-22,"2026-05-14","Ground Turkey - Pack",1,9
593,2026-05-22,"2026-05-14","Mothership Pickup Time (4.0 @5-5:30) - @5-5:30",1,0
593,2026-05-22,"2026-05-14","Eggs - Dozen",1,6.5
593,2026-05-22,"2026-05-14","Mushrooms - French Horn/King - Bag",1,8
593,2026-05-22,"2026-05-14","Pork Italian Bulk - D&M - Lb.",1,8.5
593,2026-05-22,"2026-05-14","Yogurt - Blueberry - Oz.",1,7.1
593,2026-05-22,"2026-05-14","Extra Credit - Each",1.1,1.06
593,2026-05-22,"2026-05-14","Half",1,84.79
1746,2026-05-22,"2026-05-14","Kirkwood Pickup Time (1.0 PORCH) - PORCH",1,0
1746,2026-05-22,"2026-05-14","Asparagus - Bunch",1,6.5
1746,2026-05-22,"2026-05-14","Bread Choice ($6.75) - 1-each",1,6.75
1746,2026-05-22,"2026-05-14","Eggs - Dozen",1,6.5
1746,2026-05-22,"2026-05-14","Kale - Lacinato/Dinosaur - Bag",2,5
1746,2026-05-22,"2026-05-14","Strawberries - Qt - Quart",1,8.25
1746,2026-05-22,"2026-05-14","Extra Credit - Each",2,1.06
1746,2026-05-22,"2026-05-14","UCA/KWA",1,79.79
1416,2026-05-22,"2026-05-14","Mothership Pickup Time (4.0 @5-5:30) - @5-5:30",1,0
1416,2026-05-22,"2026-05-14","Bagels - Raisin - Frozen - Bag",1,6.75
1416,2026-05-22,"2026-05-14","Eggs - Dozen",1,6.5
1416,2026-05-22,"2026-05-14","Kale - Lacinato/Dinosaur - Bag",1,5
1416,2026-05-22,"2026-05-14","Mushrooms - Choice",1,8
1416,2026-05-22,"2026-05-14","Mustard Greens - Bag",1,4.5
1416,2026-05-22,"2026-05-14","Semolina - T - Loaf",1,7
1416,2026-05-22,"2026-05-14","Half",1,84.79
51,2026-05-22,"2026-05-14","Chicken - Links ($10.50) - Each",1,10.5
51,2026-05-22,"2026-05-14","Clean Plate Pantry Choice ($11.5) - Jar",1,11.5
51,2026-05-22,"2026-05-14","Granola Choice $10.75 - Each",1,10.75
51,2026-05-22,"2026-05-14","Mushrooms - Choice",1,8
51,2026-05-22,"2026-05-14","FSA/FSD",1,79.79
1719,2026-05-22,"2026-05-14","Eggs - BW - Dozen",1,6.5
1719,2026-05-22,"2026-05-14","Mothership Pickup Time (1.0 @3:30-4) - @3:30-4",1,0
1719,2026-05-22,"2026-05-14","Kale - Lacinato/Dinosaur - Bag",4,5
1719,2026-05-22,"2026-05-14","Lettuce - Bibb - Head",1,3.25
1719,2026-05-22,"2026-05-14","Lettuce Head - Head",2,4.25
1719,2026-05-22,"2026-05-14","Extra Credit - Each",0.25,1.06
1719,2026-05-22,"2026-05-14","Half",1,84.79
1752,2026-05-22,"2026-05-14","Mothership Pickup Time (3.0 @4:30-5) - @4:30-5",1,0
1752,2026-05-22,"2026-05-14","Asparagus - Bunch",1,6.5
1752,2026-05-22,"2026-05-14","Bok Choy - Bag",1,5
1752,2026-05-22,"2026-05-14","Cheese Choice $6.75 - Each",1,6.75
1752,2026-05-22,"2026-05-14","Eggs - Dozen",1,6.5
1752,2026-05-22,"2026-05-14","Mushrooms - Choice",1,8
1752,2026-05-22,"2026-05-14","Wildcard $6.5 - Each",1,6.5
1752,2026-05-22,"2026-05-14","Extra Credit - Each",1.25,1.06
1752,2026-05-22,"2026-05-14","Half",1,84.79
636,2026-05-22,"2026-05-14","Asparagus - Bunch",1,6.5
636,2026-05-22,"2026-05-14","Beef - Stew Meat - Pack",1,10.5
636,2026-05-22,"2026-05-14","Eggs - Dozen",1,6.5
636,2026-05-22,"2026-05-14","Lettuce - Bibb - Head",1,3.25
636,2026-05-22,"2026-05-14","Mushrooms - Choice",1,8
636,2026-05-22,"2026-05-14","Sale Tortilla Chips: best by 3/22/26 - Each",1,2.75
636,2026-05-22,"2026-05-14","Spinach - Bag",1,5
636,2026-05-22,"2026-05-14","Extra Credit - Each",1.75,1.06
636,2026-05-22,"2026-05-14","FSA/FSD",1,79.79
636,2026-05-22,"2026-05-14","Whole MILK",1,8.85
250,2026-05-22,"2026-05-14","Milk - Whole - Oz.",1,8.32
250,2026-05-22,"2026-05-14","Eggs - BW - Dozen",1,6.5
250,2026-05-22,"2026-05-14","Mothership Pickup Time (5.0 @5:30-6) - @5:30-6",1,0
250,2026-05-22,"2026-05-14","Chicken - Links ($10.50) - Each",1,10.5
250,2026-05-22,"2026-05-14","Mushrooms - Choice",1,8
250,2026-05-22,"2026-05-14","Strawberries - Qt - Quart",1,8.25
250,2026-05-22,"2026-05-14","Extra Credit - Each",0.82,1.06
250,2026-05-22,"2026-05-14","FSA/FSD",1,79.79
1618,2026-05-22,"2026-05-14","Kirkwood Pickup Time - @1-1:30",1,0
1618,2026-05-22,"2026-05-14","Dark Chocolate Salted Bark - Pack",1,7.5
1618,2026-05-22,"2026-05-14","Kale - Lacinato/Dinosaur - Bag",1,5
1618,2026-05-22,"2026-05-14","Kohlrabi  - Head",1,1
1618,2026-05-22,"2026-05-14","Mushrooms - Choice",1,8
1618,2026-05-22,"2026-05-14","Plant - Dill - Pot",1,4.5
1618,2026-05-22,"2026-05-14","Plant - English Thyme - Pot",1,4.5
1618,2026-05-22,"2026-05-14","Plant - Parsley - Pot",1,4.5
1618,2026-05-22,"2026-05-14","Popped Corn - Organic - Bag",1,3
1618,2026-05-22,"2026-05-14","Half",1,68.89
133,2026-05-22,"2026-05-14","Mothership Pickup Time (3.0 @4:30-5) - @4:30-5",1,0
133,2026-05-22,"2026-05-14","Chicken Thighs - Boneless/lb. - lbs",3,8.75
133,2026-05-22,"2026-05-14","English Muffin Sourdough - Frozen - Pack",2,5
133,2026-05-22,"2026-05-14","Extra Credit - Each",14.25,1.06
133,2026-05-22,"2026-05-14","Mini",1,53.2
305,2026-05-22,"2026-05-14","Kirkwood Pickup Time - @1-1:30",1,0
305,2026-05-22,"2026-05-14","Chicken - Ground - Lb.",1,9
305,2026-05-22,"2026-05-14","Eggs - Dozen",2,6.5
305,2026-05-22,"2026-05-14","Honey - Pint - Jar",1,11.5
305,2026-05-22,"2026-05-14","Strawberries - Qt - Quart",1,8.25
305,2026-05-22,"2026-05-14","Extra Credit - Each",3.75,1.06
305,2026-05-22,"2026-05-14","Half",1,84.79
643,2026-05-22,"2026-05-14","Mothership Pickup Time (5.0 @5:30-6) - @5:30-6",1,0
643,2026-05-22,"2026-05-14","Eggs - Dozen",1,6.5
643,2026-05-22,"2026-05-14","FF Soup - Chowder - Pint",1,10.25
643,2026-05-22,"2026-05-14","Mustard Greens - Bag",1,4.5
643,2026-05-22,"2026-05-14","Onions - Green - Bunch",1,3.5
643,2026-05-22,"2026-05-14","Spicy Dill Pickles - Quart",1,7.75
643,2026-05-22,"2026-05-14","Tortellini - Goat Cheese - Pack",1,9
643,2026-05-22,"2026-05-14","Extra Credit - Each",0.75,1.06
643,2026-05-22,"2026-05-14","FSA/FSD",1,79.79
1468,2026-05-22,"2026-05-14","Mothership Pickup Time (4.0 @5-5:30) - @5-5:30",1,0
1468,2026-05-22,"2026-05-14","Bok Choy - Bag",1,5
1468,2026-05-22,"2026-05-14","Kohlrabi  - Head",1,1
1468,2026-05-22,"2026-05-14","Mushrooms - Choice",1,8
1468,2026-05-22,"2026-05-14","Pork Italian Bulk - D&M - Lb.",1,8.5
1468,2026-05-22,"2026-05-14","Pre-ordered plants are in - Pot",1,0
1468,2026-05-22,"2026-05-14","Extra Credit - Each",0.5,1.06
1468,2026-05-22,"2026-05-14","Mini",1,53.2
622,2026-05-22,"2026-05-14","Kirkwood Pickup Time (2.0 @1:30-2) - @1:30-2",1,0
622,2026-05-22,"2026-05-14","Eggs - Dozen",1,6.5
622,2026-05-22,"2026-05-14","Light and Mild - T - Loaf",1,8.25
622,2026-05-22,"2026-05-14","Marinara Sauce - Jar",1,8.75
622,2026-05-22,"2026-05-14","Pork - Bratwurst  - Pack",1,8.5
622,2026-05-22,"2026-05-14","Tortellini - Cheese - Lb.",1,9.15
622,2026-05-22,"2026-05-14","Extra Credit - Each",5.15,1.06
622,2026-05-22,"2026-05-14","UCA/KWA",1,79.79
793,2026-05-22,"2026-05-14","Chicken - Ground - Lb.",1,9
793,2026-05-22,"2026-05-14","Light and Mild - T - Loaf",1,8.25
793,2026-05-22,"2026-05-14","Maple Syrup 64 oz. - Jar",1,68
793,2026-05-22,"2026-05-14","Mushrooms - Choice",1,8
793,2026-05-22,"2026-05-14","Oat Porridge Bread - T - Each",1,9
793,2026-05-22,"2026-05-14","Strawberries - Qt - Quart",1,8.25
793,2026-05-22,"2026-05-14","Extra Credit - Each",88.5,1.06
793,2026-05-22,"2026-05-14","Mini",1,53.2
856,2026-05-22,"2026-05-14","Mothership Pickup Time (1.0 @3:30-4) - @3:30-4",1,0
856,2026-05-22,"2026-05-14","Asparagus - Bunch",1,6.5
856,2026-05-22,"2026-05-14","Chips - Tortilla - Bag",1,4.25
856,2026-05-22,"2026-05-14","Dark Chocolate Caramels - Pack",1,12
856,2026-05-22,"2026-05-14","Eggs - Dozen",1,6.5
856,2026-05-22,"2026-05-14","Hand Pie: Bacon Burger Bleu - Bag",1,10.5
856,2026-05-22,"2026-05-14","Hand Pie: Beef Bulgogi - Bag",1,10.5
856,2026-05-22,"2026-05-14","Hand Pie: Veggie Samosa - Bag",1,10.5
856,2026-05-22,"2026-05-14","Hummus - Beet & Pepita - Tub",1,6.75
856,2026-05-22,"2026-05-14","Kohlrabi  - Head",2,1
856,2026-05-22,"2026-05-14","Marshmallow Pie - Each",1,7.5
856,2026-05-22,"2026-05-14","Salsa - Gringo's Mild - Jar",1,5
856,2026-05-22,"2026-05-14","Sesame Hoagie - T - Each",1,3.8
856,2026-05-22,"2026-05-14","Toffee - Package",1,7.5
856,2026-05-22,"2026-05-14","Turnips - Japanese/White - Lb.",1,4.25
856,2026-05-22,"2026-05-14","Yogurt - Strawberry - Oz.",1,7.1
856,2026-05-22,"2026-05-14","Extra Credit - Each",104.65,1.06
1521,2026-05-22,"2026-05-14","Mothership Pickup Time (1.0 @3:30-4) - @3:30-4",1,0
1521,2026-05-22,"2026-05-14","Chicken Breasts /lb. - Pack",1,12.07
1521,2026-05-22,"2026-05-14","Lettuce - Bibb - Head",1,3.25
1521,2026-05-22,"2026-05-14","Wild Cod/LB* - Pack",2,7.85
1521,2026-05-22,"2026-05-14","Extra Credit - Each",9.02,1.06
1521,2026-05-22,"2026-05-14","Mini",1,53.2
885,2026-05-22,"2026-05-14","Milk - 2%  - Oz.",1,8.32
885,2026-05-22,"2026-05-14","Mothership Pickup Time (5.0 @5:30-6) - @5:30-6",1,0
885,2026-05-22,"2026-05-14","RL Heavy Cream  - Pint",1,7.75
885,2026-05-22,"2026-05-14","Hummus - Garlic - Tub",1,6.75
885,2026-05-22,"2026-05-14","Mustard Greens - Bag",1,4.5
885,2026-05-22,"2026-05-14","Plant - Tomato Cherokee Purple  - Pot",1,4.5
885,2026-05-22,"2026-05-14","Strawberries - Qt - Quart",1,8.25
885,2026-05-22,"2026-05-14","Extra Credit - Each",2.07,1.06
885,2026-05-22,"2026-05-14","Half",1,84.79
900,2026-05-22,"2026-05-14","Eggs - BW - Dozen",1,6.5
900,2026-05-22,"2026-05-14","Mothership Pickup Time (1.0 @3:30-4) - @3:30-4",1,0
900,2026-05-22,"2026-05-14","Asparagus - Bunch",1,6.5
900,2026-05-22,"2026-05-14","Chicken Thighs - Big Bag/lb. - Pack",1,29.1
900,2026-05-22,"2026-05-14","Pasta - Gluten Free Short LV - Each",1,5.25
900,2026-05-22,"2026-05-14","Yogurt - Plain - Oz.",1,7.1
900,2026-05-22,"2026-05-14","Extra Credit - Each",13.7,1.06
900,2026-05-22,"2026-05-14","FSA/FSD",1,79.79
900,2026-05-22,"2026-05-14","Whole MILK",1,8.85
896,2026-05-22,"2026-05-14","Jam - Strawberry HBY - Pint",1,7
896,2026-05-22,"2026-05-14","Quark-Frozen - Tub",1,6.75
896,2026-05-22,"2026-05-14","Kirkwood Pickup Time (2.0 @1:30-2) - @1:30-2",1,0
896,2026-05-22,"2026-05-14","Food Pantry Donation - $",5,1
896,2026-05-22,"2026-05-14","Eggs - Dozen",1,6.5
896,2026-05-22,"2026-05-14","Plant - Marigolds Dwarf - Pot",2,4.5
896,2026-05-22,"2026-05-14","Plant - Sungold Tomato - Pot",2,4.5
896,2026-05-22,"2026-05-14","Pre-ordered plants are in - Pot",1,0
896,2026-05-22,"2026-05-14","Wildcard $6.5 - Each",1,6.5
896,2026-05-22,"2026-05-14","Yogurt - Plain - Oz.",1,7.1
896,2026-05-22,"2026-05-14","Extra Credit - Each",18.85,1.06
896,2026-05-22,"2026-05-14","Half",1,84.79
171,2026-05-22,"2026-05-14","Peanut Butter MC - Tub",1,7.75
171,2026-05-22,"2026-05-14","Mothership Pickup Time (5.0 @5:30-6) - @5:30-6",1,0
171,2026-05-22,"2026-05-14","Bagel Chips - Bag",1,9.75
171,2026-05-22,"2026-05-14","Chicken - Ground - Lb.",1,9
171,2026-05-22,"2026-05-14","Louise's Original Granola - Bag",1,10
171,2026-05-22,"2026-05-14","Yogurt - Blueberry - Oz.",1,7.1
171,2026-05-22,"2026-05-14","Yogurt - Strawberry - Oz.",1,7.1
171,2026-05-22,"2026-05-14","Extra Credit - Each",28.7,1.06
171,2026-05-22,"2026-05-14","Mini",1,53.2
790,2026-05-22,"2026-05-14","Del Carmen Choice - Tub",1,6.5
790,2026-05-22,"2026-05-14","Eggs - Dozen",1,6.5
790,2026-05-22,"2026-05-14","Ground Beef - D&M - Lb.",1,10.5
790,2026-05-22,"2026-05-14","Mushrooms - Choice",1,8
790,2026-05-22,"2026-05-14","Wildcard $6.5 - Each",1,6.5
790,2026-05-22,"2026-05-14","Half",1,84.79
1683,2026-05-22,"2026-05-14","Kirkwood Pickup Time - @1-1:30",1,0
1683,2026-05-22,"2026-05-14","Bagels - Plain - Bag",1,6.75
1683,2026-05-22,"2026-05-14","Chicken Breasts /lb. - Pack",1,12.58
1683,2026-05-22,"2026-05-14","Eggs - Dozen",1,6.5
1683,2026-05-22,"2026-05-14","Maple Syrup 12 oz. - Jar",1,13
1683,2026-05-22,"2026-05-14","Seedy Wheaty - Frozen - Loaf",1,3.75
1683,2026-05-22,"2026-05-14","Extra Credit - Each",6.58,1.06
1683,2026-05-22,"2026-05-14","UCA/KWA",1,79.79
959,2026-05-22,"2026-05-14","Peanut Butter MC - Tub",1,7.75
959,2026-05-22,"2026-05-14","Clean Plate Pantry Choice ($11.5) - Jar",1,11.5
959,2026-05-22,"2026-05-14","Hummus - Carrot & Ginger - Tub",1,6.75
959,2026-05-22,"2026-05-14","Milk Chocolate Square - Each",2,1.75
959,2026-05-22,"2026-05-14","Mushrooms - Choice",1,8
959,2026-05-22,"2026-05-14","Pasta Bi-color Short - Lb.",1,6.5
959,2026-05-22,"2026-05-14","Plant - English Thyme - Pot",1,4.5
959,2026-05-22,"2026-05-14","Extra Credit - Each",7.75,1.06
959,2026-05-22,"2026-05-14","FSA/FSD",1,79.79
699,2026-05-22,"2026-05-14","Mothership Pickup Time (1.0 @3:30-4) - @3:30-4",1,0
699,2026-05-22,"2026-05-14","Eggs - Dozen",1,6.5
699,2026-05-22,"2026-05-14","Hoagie - T - Each",1,3.5
699,2026-05-22,"2026-05-14","Oat Porridge Bread - T - Each",1,9
699,2026-05-22,"2026-05-14","Strawberries - Qt - Quart",1,8.25
699,2026-05-22,"2026-05-14","Turkey Thighs /lb - Each",1,10.71
699,2026-05-22,"2026-05-14","Half",1,84.79
979,2026-05-22,"2026-05-14","Mothership Pickup Time (1.0 @3:30-4) - @3:30-4",1,0
979,2026-05-22,"2026-05-14","Applewood Smoked Cheddar - Each",1,6.5
979,2026-05-22,"2026-05-14","Cheese Choice $6.75 - Each",1,6.75
979,2026-05-22,"2026-05-14","Eggs - Dozen",1,6.5
979,2026-05-22,"2026-05-14","Ground Beef - D&M - Lb.",1,10.5
979,2026-05-22,"2026-05-14","Marbled Rye - Thursday - Each",1,8.75
979,2026-05-22,"2026-05-14","Mushrooms - Choice",1,8
979,2026-05-22,"2026-05-14","Plant - Cucumber pickling - Pot",1,4.5
979,2026-05-22,"2026-05-14","Salsa - Gringo's Mild - Jar",1,5
979,2026-05-22,"2026-05-14","Strawberries - Qt - Quart",1,8.25
979,2026-05-22,"2026-05-14","Extra Credit - Each",26.75,1.06
979,2026-05-22,"2026-05-14","Half",1,84.79
704,2026-05-22,"2026-05-20","Cheese Choice $6.75 - Each",1,6.75
704,2026-05-22,"2026-05-20","Eggs - Dozen",1,6.5
704,2026-05-22,"2026-05-20","Pork - Bratwurst  - Pack",1,8.5
704,2026-05-22,"2026-05-20","Rice - Basmati Choice - Bag",1,7.5
704,2026-05-22,"2026-05-20","Wildcard $4 - Each",1,4
704,2026-05-22,"2026-05-20","FSA/FSD",1,79.79
371,2026-05-22,"2026-05-20","UCity Pickup Time (2.0 @5-5:30) - @5-5:30",1,0
371,2026-05-22,"2026-05-20","Chicken - Ground - Lb.",1,9
371,2026-05-22,"2026-05-20","Multigrain Bread - Frozen - Loaf",1,6.75
371,2026-05-22,"2026-05-20","Mushrooms - Choice",1,8
371,2026-05-22,"2026-05-20","Rhubarb - Bunch",1,9.5
371,2026-05-22,"2026-05-20","Wildcard $3 - Each",1,3
371,2026-05-22,"2026-05-20","Extra Credit - Each",9.75,1.06
371,2026-05-22,"2026-05-20","Half",1,68.89
1410,2026-05-22,"2026-05-20","Chicken - Big Bag Deboned Thighs/lb. - Bag",1,42.57
1410,2026-05-22,"2026-05-20","UCity Pickup Time - @4:30-5",1,0
1410,2026-05-22,"2026-05-20","Chicken - Ground - Lb.",1,9
1410,2026-05-22,"2026-05-20","Chicken Chorizo - Lb.",1,10.5
1410,2026-05-22,"2026-05-20","Wildcard $3 - Each",1,3
1410,2026-05-22,"2026-05-20","Extra Credit - Each",38.57,1.06
1410,2026-05-22,"2026-05-20","Half",1,68.89
1983,2026-05-22,"2026-05-20","Mothership Pickup Time (1.0 @3:30-4) - @3:30-4",1,0
1983,2026-05-22,"2026-05-20","Asparagus - Bunch",1,6.5
1983,2026-05-22,"2026-05-20","Eggs - Dozen",1,6.5
1983,2026-05-22,"2026-05-20","Plant - Cilantro  - Pot",1,4.5
1983,2026-05-22,"2026-05-20","Plant - Parsley - Pot",1,4.5
1983,2026-05-22,"2026-05-20","Strawberries - Qt - Quart",1,8.25
1983,2026-05-22,"2026-05-20","Extra Credit - Each",7.5,1.06
1983,2026-05-22,"2026-05-20","Mini",1,53.2
490,2026-05-22,"2026-05-20","Pork - Kielbasa - Pack",1,14.65
490,2026-05-22,"2026-05-20","Potato Chips Kickers med - Oz.",1,3
490,2026-05-22,"2026-05-20","Turnips - Japanese/White - Lb.",1,4.25
490,2026-05-22,"2026-05-20","Winter Squash - Spaghetti (1.0 Medium) - Medium",1,4.5
490,2026-05-22,"2026-05-20","Half",1,79.79
346,2026-05-22,"2026-05-20","Cinnamon Rolls - Pack",1,6.75
346,2026-05-22,"2026-05-20","Eggs - Dozen",1,6.5
346,2026-05-22,"2026-05-20","Mushrooms - Choice",1,8
346,2026-05-22,"2026-05-20","Strawberries - Qt - Quart",1,8.25
346,2026-05-22,"2026-05-20","Wildcard $3 - Each",1,3
346,2026-05-22,"2026-05-20","Yogurt - Vanilla - Oz.",1,7.1
346,2026-05-22,"2026-05-20","Extra Credit - Each",13.1,1.06
346,2026-05-22,"2026-05-20","Half",1,84.79
1038,2026-05-22,"2026-05-20","Milk - Whole - Oz.",1,8.32
1038,2026-05-22,"2026-05-20","Mothership Pickup Time (4.0 @5-5:30) - @5-5:30",1,0
1038,2026-05-22,"2026-05-20","Strawberries - Qt - Quart",1,8.25
1038,2026-05-22,"2026-05-20","Yogurt - Plain - Oz.",1,7.1
1038,2026-05-22,"2026-05-20","Extra Credit - Each",0.92,1.06
1038,2026-05-22,"2026-05-20","Mini",1,53.2
1039,2026-05-22,"2026-05-20","Cauliflower - hd. - Head",1,6.5
1039,2026-05-22,"2026-05-20","Ground Beef - D&M - Lb.",1,10.5
1039,2026-05-22,"2026-05-20","Ground Lamb  - Lb.",1,15
1039,2026-05-22,"2026-05-20","Rhubarb - Bunch",2,9.5
1039,2026-05-22,"2026-05-20","Semolina - Wednesday - Loaf",1,7
1039,2026-05-22,"2026-05-20","Extra Credit - Each",24.75,1.06
1039,2026-05-22,"2026-05-20","UCA/KWA",1,79.79
618,2026-05-22,"2026-05-20","Eggs - BW - Dozen",2,6.5
618,2026-05-22,"2026-05-20","Mothership Pickup Time (3.0 @4:30-5) - @4:30-5",1,0
618,2026-05-22,"2026-05-20","Cauliflower - hd. - Head",1,6.5
618,2026-05-22,"2026-05-20","Plant - Big Boy Tomatoes - Pot",1,4.5
618,2026-05-22,"2026-05-20","Plant - English Thyme - Pot",1,4.5
618,2026-05-22,"2026-05-20","Seedy Wheaty - Frozen - Loaf",1,3.75
618,2026-05-22,"2026-05-20","Strawberries - Qt - Quart",1,8.25
618,2026-05-22,"2026-05-20","Extra Credit - Each",17.75,1.06
618,2026-05-22,"2026-05-20","Mini",1,53.2
1830,2026-05-22,"2026-05-20","Mothership Pickup Time - @6:30-7",1,0
1830,2026-05-22,"2026-05-20","Bagels - Honey Buckwheat - BU - Bag",1,11
1830,2026-05-22,"2026-05-20","Chicken Breasts /lb. - Pack",1,12.07
1830,2026-05-22,"2026-05-20","Pork - Ground  - Lb.",1,7.5
1830,2026-05-22,"2026-05-20","Pre-ordered plants are in - Pot",1,0
1830,2026-05-22,"2026-05-20","Extra Credit - Each",5.32,1.06
1830,2026-05-22,"2026-05-20","Mini",1,53.2
1830,2026-05-22,"2026-05-20","2% MILK",1,8.85
228,2026-05-22,"2026-05-20","UCity Pickup Time (2.0 @5-5:30) - @5-5:30",1,0
228,2026-05-22,"2026-05-20","Marinara Sauce - Jar",1,8.75
228,2026-05-22,"2026-05-20","Pasta Bi-color Short - Lb.",1,6.5
228,2026-05-22,"2026-05-20","Pork - Ground  - Lb.",1,7.5
228,2026-05-22,"2026-05-20","Mini",1,53.2
1203,2026-05-22,"2026-05-20","Mothership Pickup Time (2.0 @4-4:30) - @4-4:30",1,0
1203,2026-05-22,"2026-05-20","Eggs - Dozen",1,6.5
1203,2026-05-22,"2026-05-20","Ghost Pepper Cheddar - Each",1,6.75
1203,2026-05-22,"2026-05-20","Lettuce - Salanova - Bag",1,4.25
1203,2026-05-22,"2026-05-20","Onions - Green - Bunch",1,3.5
1203,2026-05-22,"2026-05-20","Pork - Bratwurst  - Pack",1,8.5
1203,2026-05-22,"2026-05-20","Rhubarb - Bunch",1,9.5
1203,2026-05-22,"2026-05-20","Shoots - Sunflower - Bag",1,4.25
1203,2026-05-22,"2026-05-20","Extra Credit - Each",10,1.06
1203,2026-05-22,"2026-05-20","FSA/FSD",1,79.79
892,2026-05-22,"2026-05-20","Peanut Butter MC - Tub",1,7.75
892,2026-05-22,"2026-05-20","UCity Pickup Time - @4:30-5",1,0
892,2026-05-22,"2026-05-20","Onions - Green - Bunch",2,3.5
892,2026-05-22,"2026-05-20","Semolina - Wednesday - Loaf",1,7
892,2026-05-22,"2026-05-20","Squash - Zucchini - Each",1,2.5
892,2026-05-22,"2026-05-20","Strawberries - Qt - Quart",1,8.25
892,2026-05-22,"2026-05-20","Wildcard $3 - Each",1,3
892,2026-05-22,"2026-05-20","Extra Credit - Each",9,1.06
892,2026-05-22,"2026-05-20","Half",1,84.79
444,2026-05-22,"2026-05-20","Eggs - BW - Dozen",1,6.5
444,2026-05-22,"2026-05-20","UCity Pickup Time - @4:30-5",1,0
444,2026-05-22,"2026-05-20","RL Chocolate Milk - Bottle",2,2.75
444,2026-05-22,"2026-05-20","Rice - Brown - Lb.",1,6.5
444,2026-05-22,"2026-05-20","Rice - White - Lb.",1,6.5
444,2026-05-22,"2026-05-20","Squash - Zucchini - Each",4,2.5
444,2026-05-22,"2026-05-20","Extra Credit - Each",1.75,1.06
444,2026-05-22,"2026-05-20","UCA/KWA",1,79.79
828,2026-05-22,"2026-05-20","Flank Steak/lbs. - lbs",2,33.81
828,2026-05-22,"2026-05-20","Extra Credit - Each",44.87,1.06
828,2026-05-22,"2026-05-20","Mini",1,53.2
472,2026-05-22,"2026-05-20","UCity Pickup Time - @4:30-5",1,0
472,2026-05-22,"2026-05-20","Mushrooms - Choice",1,8
472,2026-05-22,"2026-05-20","Plant - Dill - Pot",1,4.5
472,2026-05-22,"2026-05-20","Yogurt - Blueberry - Oz.",1,7.1
472,2026-05-22,"2026-05-20","Yogurt - Strawberry - Oz.",1,7.1
472,2026-05-22,"2026-05-20","Extra Credit - Each",0.2,1.06
472,2026-05-22,"2026-05-20","Half",1,68.89
1799,2026-05-22,"2026-05-20","Mothership Pickup Time (3.0 @4:30-5) - @4:30-5",1,0
1799,2026-05-22,"2026-05-20","Eggs - Dozen",1,6.5
1799,2026-05-22,"2026-05-20","Ground Lamb  - Lb.",1,15
1799,2026-05-22,"2026-05-20","Peas - Shelling  - Oz.",1,4.25
1799,2026-05-22,"2026-05-20","Pizza Sauce - Jar",2,0
1799,2026-05-22,"2026-05-20","Pork - Bratwurst  - Pack",1,8.5
1799,2026-05-22,"2026-05-20","Pork - Ground  - Lb.",1,7.5
1799,2026-05-22,"2026-05-20","Rice - Basmati Brown - Lb.",1,7.5
1799,2026-05-22,"2026-05-20","Sourdough Bread - Frozen - Lb.",1,6.75
1799,2026-05-22,"2026-05-20","Yogurt - Blueberry - Oz.",1,7.1
1799,2026-05-22,"2026-05-20","Extra Credit - Each",29.85,1.06
1799,2026-05-22,"2026-05-20","FSA/FSD",1,79.79
30,2026-05-22,"2026-05-20","Mothership Pickup Time (3.0 @4:30-5) - @4:30-5",1,0
30,2026-05-22,"2026-05-20","Bagels - Plain - Bag",1,6.75
30,2026-05-22,"2026-05-20","Chicken - Ground - Lb.",1,9
30,2026-05-22,"2026-05-20","Eggs - Dozen",1,6.5
30,2026-05-22,"2026-05-20","Squash - Zucchini - Each",1,2.5
30,2026-05-22,"2026-05-20","Wildcard $3 - Each",1,3
30,2026-05-22,"2026-05-20","Extra Credit - Each",1.25,1.06
30,2026-05-22,"2026-05-20","Half",1,84.79
1699,2026-05-22,"2026-05-20","Almonds - Salted - Oz.",1,14.75
1699,2026-05-22,"2026-05-20","UCity Pickup Time - @4:30-5",1,0
1699,2026-05-22,"2026-05-20","Gnocchi - Potato  - Lb.",1,6.5
1699,2026-05-22,"2026-05-20","Light and Mild - Wednesday - Loaf",1,8.25
1699,2026-05-22,"2026-05-20","Pre-ordered plants are in - Pot",1,0
1699,2026-05-22,"2026-05-20","Queso Quesadilla - HBC - Each",1,6.75
1699,2026-05-22,"2026-05-20","Extra Credit - Each",3,1.06
1699,2026-05-22,"2026-05-20","UCA/KWA",1,79.79
1154,2026-05-22,"2026-05-20","Mothership Pickup Time (4.0 @5-5:30) - @5-5:30",1,0
1154,2026-05-22,"2026-05-20","Pasta Long Bi-color - Lb.",1,6.5
1154,2026-05-22,"2026-05-20","Pork - Ground  - Lb.",1,7.5
1154,2026-05-22,"2026-05-20","Strawberries - Qt - Quart",1,8.25
1154,2026-05-22,"2026-05-20","Mini",1,53.2
541,2026-05-22,"2026-05-20","Milk - Whole - Oz.",1,8.32
541,2026-05-22,"2026-05-20","UCity Pickup Time - @4:30-5",1,0
541,2026-05-22,"2026-05-20","$ for green bags donation - $",1,1
541,2026-05-22,"2026-05-20","Asparagus - Bunch",1,6.5
541,2026-05-22,"2026-05-20","Lettuce - Romaine Head - Head",1,5
541,2026-05-22,"2026-05-20","Oat Porridge Bread - Wednesday - Loaf",1,9
541,2026-05-22,"2026-05-20","Plant - Cucumber pickling - Pot",2,4.5
541,2026-05-22,"2026-05-20","Plant - Sungold Tomato - Pot",1,4.5
541,2026-05-22,"2026-05-20","Squash - Zucchini - Each",2,2.5
541,2026-05-22,"2026-05-20","Extra Credit - Each",15.07,1.06
541,2026-05-22,"2026-05-20","UCA/KWA",1,79.79
1928,2026-05-22,"2026-05-20","Milk - 2%  - Oz.",1,8.32
1928,2026-05-22,"2026-05-20","UCity Pickup Time - @4:30-5",1,0
1928,2026-05-22,"2026-05-20","Black Beans DC - Tub",1,6.5
1928,2026-05-22,"2026-05-20","Bread Pudding - Muffin - Froz. - Each",3,4
1928,2026-05-22,"2026-05-20","Eggs - Dozen",1,6.5
1928,2026-05-22,"2026-05-20","Lettuce - Romaine Head - Head",1,5
1928,2026-05-22,"2026-05-20","Mushrooms - Sale! - Bag",1,8
1928,2026-05-22,"2026-05-20","Plant - Lavender - Pot",1,4.5
1928,2026-05-22,"2026-05-20","Strawberries - Qt - Quart",1,8.25
1928,2026-05-22,"2026-05-20","Extra Credit - Each",32.57,1.06
1928,2026-05-22,"2026-05-20","Half",1,68.89
1559,2026-05-22,"2026-05-20","UCity Pickup Time (3.0 @5:30-6) - @5:30-6",1,0
1559,2026-05-22,"2026-05-20","Broccoli - Share",1,4.25
1559,2026-05-22,"2026-05-20","Coffee Stringbean Decaf - Bag",1,16
1559,2026-05-22,"2026-05-20","Eggs - H - Dozen",1,6.5
1559,2026-05-22,"2026-05-20","German Quark HBC - Jar",1,6.75
1559,2026-05-22,"2026-05-20","Hand Pie: Chicken Curry - Bag",1,10.5
1559,2026-05-22,"2026-05-20","Janie's Bread - Wednesday - Each",1,7
1559,2026-05-22,"2026-05-20","Lettuce - Salanova - Bag",1,4.25
1559,2026-05-22,"2026-05-20","Onions - Green - Bunch",1,3.5
1559,2026-05-22,"2026-05-20","Peas - Shelling  - Oz.",1,4.25
1559,2026-05-22,"2026-05-20","Plant - Jalapeno Peppers - Pot",1,4.5
1559,2026-05-22,"2026-05-20","Pre-ordered plants are in - Pot",1,0
1559,2026-05-22,"2026-05-20","Rhubarb - Bunch",1,9.5
1559,2026-05-22,"2026-05-20","Rice - Basmati Brown - Lb.",1,7.5
1559,2026-05-22,"2026-05-20","Strawberries - Qt - Quart",1,8.25
1559,2026-05-22,"2026-05-20","Stringbean Ethiopian - Bag",1,16
1559,2026-05-22,"2026-05-20","Extra Credit - Each",86,1.06
1559,2026-05-22,"2026-05-20","Mini",1,53.2
557,2026-05-22,"2026-05-20","Mothership Pickup Time (1.0 @3:30-4) - @3:30-4",1,0
557,2026-05-22,"2026-05-20","Eggs - Dozen",1,6.5
557,2026-05-22,"2026-05-20","Pork - Bratwurst  - Pack",1,8.5
557,2026-05-22,"2026-05-20","Queso Quesadilla - HBC - Each",1,6.75
557,2026-05-22,"2026-05-20","Rice - Basmati Choice - Bag",1,7.5
557,2026-05-22,"2026-05-20","Wildcard $4 - Each",1,4
557,2026-05-22,"2026-05-20","FSA/FSD",1,79.79
986,2026-05-22,"2026-05-20","Mothership Pickup Time (4.0 @5-5:30) - @5-5:30",1,0
986,2026-05-22,"2026-05-20","Asparagus - Bunch",1,6.5
986,2026-05-22,"2026-05-20","Boneless Pork Chop - D&M /lb - Lb.",1,14.08
986,2026-05-22,"2026-05-20","Eggs - Dozen",1,6.5
986,2026-05-22,"2026-05-20","Meatballs D&M - Package",1,14.5
986,2026-05-22,"2026-05-20","Mushrooms - Choice",1,8
986,2026-05-22,"2026-05-20","Rice - White - Lb.",1,6.5
986,2026-05-22,"2026-05-20","Extra Credit - Each",29.58,1.06
986,2026-05-22,"2026-05-20","Half",1,84.79
1896,2026-05-22,"2026-05-20","Mothership Pickup Time (4.0 @5-5:30) - @5-5:30",1,0
1896,2026-05-22,"2026-05-20","Oat Porridge Bread - Wednesday - Loaf",1,9
1896,2026-05-22,"2026-05-20","Pasta Long Bi-color - Lb.",1,6.5
1896,2026-05-22,"2026-05-20","Plant - Sungold Tomato - Pot",2,4.5
1896,2026-05-22,"2026-05-20","Pork - Chorizo (bulk) - Lb.",1,14
1896,2026-05-22,"2026-05-20","Pork - Ground  - Lb.",1,7.5
1896,2026-05-22,"2026-05-20","Strawberries - Qt - Quart",1,8.25
1896,2026-05-22,"2026-05-20","Extra Credit - Each",31.5,1.06
1896,2026-05-22,"2026-05-20","Mini",1,53.2
1989,2026-05-22,"2026-05-20","Mothership Pickup Time (1.0 @3:30-4) - @3:30-4",1,0
1989,2026-05-22,"2026-05-20","Chicken - Ground - Lb.",1,9
1989,2026-05-22,"2026-05-20","Eggs - Dozen",1,6.5
1989,2026-05-22,"2026-05-20","Strawberries - Qt - Quart",1,8.25
1989,2026-05-22,"2026-05-20","Yogurt - Plain - Oz.",1,7.1
1989,2026-05-22,"2026-05-20","Extra Credit - Each",4.35,1.06
1989,2026-05-22,"2026-05-20","Half",1,84.79
1000,2026-05-22,"2026-05-20","UCity Pickup Time (3.0 @5:30-6) - @5:30-6",1,0
1000,2026-05-22,"2026-05-20","Pork - Ground  - Lb.",1,7.5
1000,2026-05-22,"2026-05-20","Sesame Hoagie -W - Each",1,3.8
1000,2026-05-22,"2026-05-20","Strawberries - Qt - Quart",1,8.25
1000,2026-05-22,"2026-05-20","Yogurt - Vanilla - Oz.",1,7.1
1000,2026-05-22,"2026-05-20","Extra Credit - Each",3.9,1.06
1000,2026-05-22,"2026-05-20","Mini",1,53.2
207,2026-05-22,"2026-05-20","Lettuce - Bibb - Head",1,3.25
207,2026-05-22,"2026-05-20","Lettuce Head - Head",1,4.25
207,2026-05-22,"2026-05-20","Plant - Dill - Pot",2,4.5
207,2026-05-22,"2026-05-20","Plant - English Thyme - Pot",1,4.5
207,2026-05-22,"2026-05-20","Plant - Parsley - Pot",2,4.5
207,2026-05-22,"2026-05-20","Plant - Tomato Beefsteak - Pot",1,4.5
207,2026-05-22,"2026-05-20","Spinach - Bag",1,5
207,2026-05-22,"2026-05-20","Strawberries - Qt - Quart",1,8.25
207,2026-05-22,"2026-05-20","Extra Credit - Each",25,1.06
207,2026-05-22,"2026-05-20","Mini",1,53.2
100,2026-05-22,"2026-05-20","Mothership Pickup Time (2.0 @4-4:30) - @4-4:30",1,0
100,2026-05-22,"2026-05-20","Hand Pie: Cheesy Potato - Bag",1,10.5
100,2026-05-22,"2026-05-20","Manicotti - Spinach - Package",1,10.15
100,2026-05-22,"2026-05-20","Marinara Sauce - Jar",1,8.75
100,2026-05-22,"2026-05-20","Pork - Ground  - Lb.",1,7.5
100,2026-05-22,"2026-05-20","Extra Credit - Each",14.15,1.06
100,2026-05-22,"2026-05-20","Mini",1,53.2
178,2026-05-22,"2026-05-20","Chicken - Ground - Lb.",1,9
178,2026-05-22,"2026-05-20","Eggs - Dozen",1,6.5
178,2026-05-22,"2026-05-20","Mushrooms - Choice",1,8
178,2026-05-22,"2026-05-20","Potato Chips Original - Med - Oz.",1,3
178,2026-05-22,"2026-05-20","Wildcard $3 - Each",1,3
178,2026-05-22,"2026-05-20","Extra Credit - Each",3,1.06
178,2026-05-22,"2026-05-20","Half",1,68.89
99,2026-05-22,"2026-05-20","Ground Turkey - Pack",1,9
99,2026-05-22,"2026-05-20","Mothership Pickup Time (6.0 @6-6:30) - @6-6:30",1,0
99,2026-05-22,"2026-05-20","Cauliflower - hd. - Head",1,6.5
99,2026-05-22,"2026-05-20","Chicken Links - Apple Cinnamon - Lb.",1,10.5
99,2026-05-22,"2026-05-20","Eggs - Dozen",1,6.5
637,2026-05-22,"2026-05-20","Chicken - Ground - Lb.",1,9
637,2026-05-22,"2026-05-20","Eggs - Dozen",1,6.5
637,2026-05-22,"2026-05-20","Mushrooms - Choice",1,8
637,2026-05-22,"2026-05-20","Wildcard $3 - Each",1,3
637,2026-05-22,"2026-05-20","Half",1,84.79
351,2026-05-22,"2026-05-20","Mothership Pickup Time (1.0 @3:30-4) - @3:30-4",1,0
351,2026-05-22,"2026-05-20","Bagel Chips - Bag",1,9.75
351,2026-05-22,"2026-05-20","Broccoli - Share",1,4.25
351,2026-05-22,"2026-05-20","Mushrooms (1.0 Shiitake) - Shiitake",1,8
351,2026-05-22,"2026-05-20","Semolina - Wednesday - Loaf",1,7
351,2026-05-22,"2026-05-20","Extra Credit - Each",2.5,1.06
351,2026-05-22,"2026-05-20","Half",1,84.79
401,2026-05-22,"2026-05-20","UCity Pickup Time - @4:30-5",1,0
401,2026-05-22,"2026-05-20","Cauliflower - hd. - Head",1,6.5
401,2026-05-22,"2026-05-20","Fresh Herb - Mint - 1-each",1,4
401,2026-05-22,"2026-05-20","Onions - Green - Bunch",1,3.5
401,2026-05-22,"2026-05-20","Strawberries - Qt - Quart",1,8.25
401,2026-05-22,"2026-05-20","Turnips - Japanese/White - Lb.",1,4.25
401,2026-05-22,"2026-05-20","Extra Credit - Each",3.75,1.06
401,2026-05-22,"2026-05-20","Mini",1,53.2
1923,2026-05-22,"2026-05-20","UCity Pickup Time (3.0 @5:30-6) - @5:30-6",1,0
1923,2026-05-22,"2026-05-20","Cheese Choice $6.75 - Each",1,6.75
1923,2026-05-22,"2026-05-20","Ground Beef - D&M - Lb.",1,10.5
1923,2026-05-22,"2026-05-20","Hummus - Beet & Pepita - Tub",1,6.75
1923,2026-05-22,"2026-05-20","Peas - Shelling  - Oz.",1,4.25
1923,2026-05-22,"2026-05-20","Pre-ordered plants are in - Pot",1,0
1923,2026-05-22,"2026-05-20","Shoots - Specialty Mix - Bag",1,4.5
1923,2026-05-22,"2026-05-20","Strawberries - Qt - Quart",1,8.25
1923,2026-05-22,"2026-05-20","Wildcard $3 - Each",1,3
1923,2026-05-22,"2026-05-20","Extra Credit - Each",10.75,1.06
1923,2026-05-22,"2026-05-20","UCA/KWA",1,79.79
1879,2026-05-22,"2026-05-20","Mothership Pickup Time (3.0 @4:30-5) - @4:30-5",1,0
1879,2026-05-22,"2026-05-20","Fresh Herb - Dill - Bunch",1,2.5
1879,2026-05-22,"2026-05-20","Marinara Sauce - Jar",1,8.75
1879,2026-05-22,"2026-05-20","Pasta Bi-color Short - Lb.",1,6.5
1879,2026-05-22,"2026-05-20","Pork - Ground  - Lb.",1,7.5
1879,2026-05-22,"2026-05-20","Extra Credit - Each",2.5,1.06
1879,2026-05-22,"2026-05-20","Mini",1,53.2
373,2026-05-22,"2026-05-20","UCity Pickup Time (3.0 @5:30-6) - @5:30-6",1,0
373,2026-05-22,"2026-05-20","Asparagus - Bunch",1,6.5
373,2026-05-22,"2026-05-20","Bacon - Each",1,13.5
373,2026-05-22,"2026-05-20","Bagels - Everything - Frozen - Bag",1,6.75
373,2026-05-22,"2026-05-20","Light and Mild - Wednesday - Loaf",1,8.25
373,2026-05-22,"2026-05-20","Extra Credit - Each",1.75,1.06
373,2026-05-22,"2026-05-20","UCA/KWA",1,79.79
1498,2026-05-22,"2026-05-20","UCity Pickup Time - @4:30-5",1,0
1498,2026-05-22,"2026-05-20","$ for green bags donation - $",1,1
1498,2026-05-22,"2026-05-20","Plant - English Thyme - Pot",1,4.5
1498,2026-05-22,"2026-05-20","Plant - Rosemary - Pot",1,4.5
1498,2026-05-22,"2026-05-20","Plant - Spearmint - Pot",1,4.5
1498,2026-05-22,"2026-05-20","Pre-ordered plants are in - Pot",1,0
1498,2026-05-22,"2026-05-20","Strawberries - Qt - Quart",1,8.25
1498,2026-05-22,"2026-05-20","Mini",1,53.2
526,2026-05-22,"2026-05-20","Cheese Choice $6.75 - Each",1,6.75
526,2026-05-22,"2026-05-20","Del Carmen Choice - Tub",1,6.5
526,2026-05-22,"2026-05-20","Eggs - Dozen",1,6.5
526,2026-05-22,"2026-05-20","Ground Beef - D&M - Lb.",1,10.5
526,2026-05-22,"2026-05-20","Oat Porridge Bread - Wednesday - Loaf",1,9
526,2026-05-22,"2026-05-20","Wildcard $3 - Each",1,3
526,2026-05-22,"2026-05-20","Extra Credit - Each",9,1.06
526,2026-05-22,"2026-05-20","UCA/KWA",1,79.79
42,2026-05-22,"2026-05-20","UCity Pickup Time - @4:30-5",1,0
42,2026-05-22,"2026-05-20","Bagels - Everything - BU - Bag",1,11
42,2026-05-22,"2026-05-20","Cauliflower - hd. - Head",1,6.5
42,2026-05-22,"2026-05-20","Eggs - Dozen",1,6.5
42,2026-05-22,"2026-05-20","Fresh Herb - Dill - Bunch",1,2.5
42,2026-05-22,"2026-05-20","Ground Beef - D&M - Lb.",2,10.5
42,2026-05-22,"2026-05-20","Marshmallow Pie - Each",2,7.5
42,2026-05-22,"2026-05-20","Extra Credit - Each",29.25,1.06
42,2026-05-22,"2026-05-20","UCA/KWA",1,79.79
544,2026-05-22,"2026-05-20","Chicken - Ground - Lb.",1,9
544,2026-05-22,"2026-05-20","Cinnamon Rolls - Pack",1,6.75
544,2026-05-22,"2026-05-20","Curry Sauce (1.0 Red) - Red",1,11.5
544,2026-05-22,"2026-05-20","Eggs - Dozen",1,6.5
544,2026-05-22,"2026-05-20","Sesame Hoagie -W - Each",1,3.8
544,2026-05-22,"2026-05-20","Strawberries - Qt - Quart",1,8.25
544,2026-05-22,"2026-05-20","Yogurt - Vanilla - Oz.",1,7.1
544,2026-05-22,"2026-05-20","Extra Credit - Each",26.4,1.06
544,2026-05-22,"2026-05-20","Half",1,84.79
639,2026-05-22,"2026-05-20","UCity Pickup Time - @4:30-5",1,0
639,2026-05-22,"2026-05-20","Bok Choy - Bag",1,5
639,2026-05-22,"2026-05-20","Chicken - Ground - Lb.",1,9
639,2026-05-22,"2026-05-20","Kale - Green Curly - Bag",1,5
639,2026-05-22,"2026-05-20","Lettuce - Bibb - Head",1,3.25
639,2026-05-22,"2026-05-20","Semolina - Wednesday - Loaf",1,7
639,2026-05-22,"2026-05-20","Extra Credit - Each",2.75,1.06
639,2026-05-22,"2026-05-20","Half",1,84.79
1030,2026-05-22,"2026-05-20","UCity Pickup Time (2.0 @5-5:30) - @5-5:30",1,0
1030,2026-05-22,"2026-05-20","Bagels - Blueberry - BU - Bag",1,11
1030,2026-05-22,"2026-05-20","Cinnamon Rolls - Pack",1,6.75
1030,2026-05-22,"2026-05-20","Eggs - Dozen",1,6.5
1030,2026-05-22,"2026-05-20","Light and Mild - Wednesday - Loaf",1,8.25
1030,2026-05-22,"2026-05-20","Strawberries - Qt - Quart",1,8.25
1030,2026-05-22,"2026-05-20","Extra Credit - Each",7.5,1.06
1030,2026-05-22,"2026-05-20","UCA/KWA",1,79.79
145,2026-05-22,"2026-05-20","Eggs - BW - Dozen",1,6.5
145,2026-05-22,"2026-05-20","Mothership Pickup Time (1.0 @3:30-4) - @3:30-4",1,0
145,2026-05-22,"2026-05-20","Asparagus - Bunch",1,6.5
145,2026-05-22,"2026-05-20","Collards - Bunch",1,5
145,2026-05-22,"2026-05-20","Kale - Lacinato/Dinosaur - Bag",1,5
145,2026-05-22,"2026-05-20","Extra Credit - Each",0.25,1.06
145,2026-05-22,"2026-05-20","Mini",1,53.2
863,2026-05-22,"2026-05-20","Mothership Pickup Time (6.0 @6-6:30) - @6-6:30",1,0
863,2026-05-22,"2026-05-20","Eggs - Dozen",1,6.5
863,2026-05-22,"2026-05-20","Fresh Herb - Mint - 1-each",1,4
863,2026-05-22,"2026-05-20","Pork - Bratwurst  - Pack",1,8.5
863,2026-05-22,"2026-05-20","Queso Quesadilla - HBC - Each",1,6.75
863,2026-05-22,"2026-05-20","Rice - Basmati White - Lb.",1,7.5
863,2026-05-22,"2026-05-20","FSA/FSD",1,79.79
962,2026-05-22,"2026-05-20","Mothership Pickup Time (6.0 @6-6:30) - @6-6:30",1,0
962,2026-05-22,"2026-05-20","Strawberries - Qt - Quart",1,8.25
962,2026-05-22,"2026-05-20","Extra Credit - Each",8.25,1.06
125,2026-05-22,"2026-05-20","Cheese Choice $6.75 - Each",1,6.75
125,2026-05-22,"2026-05-20","Del Carmen Choice - Tub",1,6.5
125,2026-05-22,"2026-05-20","Eggs - Dozen",1,6.5
125,2026-05-22,"2026-05-20","Ground Beef - D&M - Lb.",1,10.5
125,2026-05-22,"2026-05-20","Wildcard $3 - Each",1,3
125,2026-05-22,"2026-05-20","UCA/KWA",1,79.79
235,2026-05-22,"2026-05-20","Broccoli - Share",1,4.25
235,2026-05-22,"2026-05-20","Eggs - H - Dozen",1,6.5
235,2026-05-22,"2026-05-20","Hoagie - Wednesday - Each",1,3.5
235,2026-05-22,"2026-05-20","Rice - White - Lb.",1,6.5
235,2026-05-22,"2026-05-20","Swiss Chard - Bunch",1,5
235,2026-05-22,"2026-05-20","Extra Credit - Each",3,1.06
235,2026-05-22,"2026-05-20","Mini",1,53.2
356,2026-05-22,"2026-05-20","UCity Pickup Time - @4:30-5",1,0
356,2026-05-22,"2026-05-20","Dark Chocolate Square  - Each",1,1.75
356,2026-05-22,"2026-05-20","Flank Steak/lbs. - lbs",1,22.26
356,2026-05-22,"2026-05-20","Extra Credit - Each",1.26,1.06
356,2026-05-22,"2026-05-20","Mini",1,53.2
1107,2026-05-22,"2026-05-20","UCity Pickup Time (3.0 @5:30-6) - @5:30-6",1,0
1107,2026-05-22,"2026-05-20","Collards - Bunch",1,5
1107,2026-05-22,"2026-05-20","Eggs - Dozen",1,6.5
1107,2026-05-22,"2026-05-20","Popcorn - McKaskle - Lb.",1,5.75
1107,2026-05-22,"2026-05-20","Salsa - Gringo's Mild - Jar",1,5
1107,2026-05-22,"2026-05-20","Turnips - Japanese/White - Lb.",1,4.25
1107,2026-05-22,"2026-05-20","Half",1,68.89
520,2026-05-22,"2026-05-20","UCity Pickup Time - @4:30-5",1,0
520,2026-05-22,"2026-05-20","Asparagus - Bunch",1,6.5
520,2026-05-22,"2026-05-20","Broccoli - Share",1,4.25
520,2026-05-22,"2026-05-20","Lettuce - Salanova - Bag",1,4.25
520,2026-05-22,"2026-05-20","Onions - Green - Bunch",1,3.5
520,2026-05-22,"2026-05-20","Peas - Shelling  - Oz.",2,4.25
520,2026-05-22,"2026-05-20","Rhubarb - Bunch",1,9.5
520,2026-05-22,"2026-05-20","Strawberries - Qt - Quart",1,8.25
520,2026-05-22,"2026-05-20","Extra Credit - Each",19.5,1.06
520,2026-05-22,"2026-05-20","Mini",1,53.2
520,2026-05-22,"2026-05-20","Whole MILK",1,8.85
709,2026-05-22,"2026-05-20","Milk - Creamline - Oz.",1,8.32
709,2026-05-22,"2026-05-20","Mothership Pickup Time (2.0 @4-4:30) - @4-4:30",1,0
709,2026-05-22,"2026-05-20","Asparagus - Bunch",1,6.5
709,2026-05-22,"2026-05-20","Eggs - Dozen",2,6.5
709,2026-05-22,"2026-05-20","Ground Beef - D&M - Lb.",1,10.5
709,2026-05-22,"2026-05-20","Plant - Cilantro  - Pot",1,4.5
709,2026-05-22,"2026-05-20","Pork - Bratwurst  - Pack",1,8.5
709,2026-05-22,"2026-05-20","Extra Credit - Each",18.07,1.06
709,2026-05-22,"2026-05-20","FSA/FSD",1,79.79
598,2026-05-22,"2026-05-20","Marinara Sauce - Jar",1,8.75
598,2026-05-22,"2026-05-20","Pasta Wildcard $6.50 - Pack",1,6.5
598,2026-05-22,"2026-05-20","Pork - Ground  - Lb.",1,7.5
598,2026-05-22,"2026-05-20","Mini",1,53.2
423,2026-05-22,"2026-05-20","Mothership Pickup Time (6.0 @6-6:30) - @6-6:30",1,0
423,2026-05-22,"2026-05-20","Asparagus - Bunch",1,6.5
423,2026-05-22,"2026-05-20","Cinnamon Rolls - Pack",2,6.75
423,2026-05-22,"2026-05-20","Eggs - Dozen",2,6.5
423,2026-05-22,"2026-05-20","Rice - Basmati Choice - Bag",1,7.5
423,2026-05-22,"2026-05-20","Strawberries - Qt - Quart",3,0
423,2026-05-22,"2026-05-20","Extra Credit - Each",7.25,1.06
423,2026-05-22,"2026-05-20","FSA/FSD",1,79.79
1577,2026-05-22,"2026-05-20","Mothership Pickup Time (4.0 @5-5:30) - @5-5:30",1,0
1577,2026-05-22,"2026-05-20","Janie's Bread - Wednesday - Each",1,7
1577,2026-05-22,"2026-05-20","Onions - Green - Bunch",1,3.5
1577,2026-05-22,"2026-05-20","Pasta Wildcard $6.50 - Pack",1,6.5
1577,2026-05-22,"2026-05-20","Strawberries - Qt - Quart",1,8.25
1577,2026-05-22,"2026-05-20","Extra Credit - Each",2.5,1.06
1577,2026-05-22,"2026-05-20","Mini",1,53.2
1577,2026-05-22,"2026-05-20","Whole MILK",1,8.85
439,2026-05-22,"2026-05-20","Mothership Pickup Time (2.0 @4-4:30) - @4-4:30",1,0
439,2026-05-22,"2026-05-20","Aged Cheddar - HBC - Each",1,6.75
439,2026-05-22,"2026-05-20","Chicken - Ground - Lb.",1,9
439,2026-05-22,"2026-05-20","Eggs - Dozen",1,6.5
439,2026-05-22,"2026-05-20","Ravioli - Butternut Squash  - Lb.",1,9.15
439,2026-05-22,"2026-05-20","Tortellini - Cheese - Lb.",1,9.15
439,2026-05-22,"2026-05-20","Extra Credit - Each",7.3,1.06
439,2026-05-22,"2026-05-20","FSA/FSD",1,79.79
814,2026-05-22,"2026-05-20","Milk - Creamline - Oz.",1,8.32
814,2026-05-22,"2026-05-20","Milk - Whole - Oz.",1,8.32
814,2026-05-22,"2026-05-20","UCity Pickup Time - @4:30-5",1,0
814,2026-05-22,"2026-05-20","Auction Donation - $",1,1
814,2026-05-22,"2026-05-20","Eggs - Dozen",1,6.5
814,2026-05-22,"2026-05-20","Pork - Chorizo (bulk) - Lb.",1,14
814,2026-05-22,"2026-05-20","Pork Andouille Links - D&M - Each",1,8
814,2026-05-22,"2026-05-20","Extra Credit - Each",19.64,1.06
814,2026-05-22,"2026-05-20","Half",1,68.89
1627,2026-05-22,"2026-05-20","Mothership Pickup Time (2.0 @4-4:30) - @4-4:30",1,0
1627,2026-05-22,"2026-05-20","RL Heavy Cream  - Pint",1,7.75
1627,2026-05-22,"2026-05-20","Eggs - Dozen",1,6.5
1627,2026-05-22,"2026-05-20","Ground Beef - D&M - Lb.",1,10.5
1627,2026-05-22,"2026-05-20","Hoagie - Wednesday - Each",1,3.5
1627,2026-05-22,"2026-05-20","Onions - Sweet Bunch - Bunch",2,3.75
1627,2026-05-22,"2026-05-20","Peas - Shelling  - Oz.",1,4.25
1627,2026-05-22,"2026-05-20","Pork - Bratwurst  - Pack",1,8.5
1627,2026-05-22,"2026-05-20","Rice - Basmati Choice - Bag",1,7.5
1627,2026-05-22,"2026-05-20","Extra Credit - Each",22.75,1.06
1627,2026-05-22,"2026-05-20","FSA/FSD",1,79.79
322,2026-05-22,"2026-05-20","UCity Pickup Time - @4:30-5",1,0
322,2026-05-22,"2026-05-20","Beans & Rice - Tub",1,6.5
322,2026-05-22,"2026-05-20","Bread Pudding - Muffin - Froz. - Each",1,4
322,2026-05-22,"2026-05-20","Eggs - Dozen",1,6.5
322,2026-05-22,"2026-05-20","Ground Beef - D&M - Lb.",1,10.5
322,2026-05-22,"2026-05-20","Queso Quesadilla - HBC - Each",1,6.75
322,2026-05-22,"2026-05-20","UCA/KWA",1,79.79
322,2026-05-22,"2026-05-20","2% MILK-e",1,8.85
132,2026-05-22,"2026-05-20","Mothership Pickup Time (6.0 @6-6:30) - @6-6:30",1,0
132,2026-05-22,"2026-05-20","Cooler Repair Donation - $",1,1
132,2026-05-22,"2026-05-20","Bacon - Each",1,13.5
132,2026-05-22,"2026-05-20","Chicken - Ground - Lb.",1,9
132,2026-05-22,"2026-05-20","Eggs - Dozen",1,6.5
132,2026-05-22,"2026-05-20","Mushrooms - Choice",1,8
132,2026-05-22,"2026-05-20","Onions - Green - Bunch",1,3.5
132,2026-05-22,"2026-05-20","Extra Credit - Each",15,1.06
132,2026-05-22,"2026-05-20","Half",1,84.79
681,2026-05-22,"2026-05-20","Eggs - Dozen",1,6.5
681,2026-05-22,"2026-05-20","Ground Beef - D&M - Lb.",1,10.5
681,2026-05-22,"2026-05-20","Pork - Tenderloin/lb - Lb.",1,11.03
681,2026-05-22,"2026-05-20","Turnips - Japanese/White - Lb.",1,4.25
681,2026-05-22,"2026-05-20","UCA/KWA",1,79.79
734,2026-05-22,"2026-05-20","Mothership Pickup Time (6.0 @6-6:30) - @6-6:30",1,0
734,2026-05-22,"2026-05-20","Asparagus - Bunch",1,6.5
734,2026-05-22,"2026-05-20","Chicken Links - Lemon Pepper - Lb.",1,10.5
734,2026-05-22,"2026-05-20","Onions - Green - Bunch",1,3.5
734,2026-05-22,"2026-05-20","Peas - Shelling  - Oz.",1,4.25
734,2026-05-22,"2026-05-20","Seedy Wheaty - Frozen - Loaf",1,3.75
734,2026-05-22,"2026-05-20","Squash - Zucchini - Each",1,2.5
734,2026-05-22,"2026-05-20","Winter Squash - Spaghetti (1.0 Medium) - Medium",1,4.5
734,2026-05-22,"2026-05-20","Extra Credit - Each",2.25,1.06
734,2026-05-22,"2026-05-20","FSA/FSD",1,79.79
960,2026-05-22,"2026-05-20","Bok Choy - Bag",1,5
960,2026-05-22,"2026-05-20","Chicken - Ground - Lb.",1,9
960,2026-05-22,"2026-05-20","Dark Chocolate Square  - Each",1,1.75
960,2026-05-22,"2026-05-20","Mushrooms - Choice",1,8
960,2026-05-22,"2026-05-20","Wildcard $3 - Each",1,3
960,2026-05-22,"2026-05-20","Half",1,84.79
1453,2026-05-22,"2026-05-20","Mothership Pickup Time (1.0 @3:30-4) - @3:30-4",1,0
1453,2026-05-22,"2026-05-20","Marinara Sauce - Jar",1,8.75
1453,2026-05-22,"2026-05-20","Pasta Wildcard $6.50 - Pack",1,6.5
1453,2026-05-22,"2026-05-20","Pork - Ground  - Lb.",1,7.5
1453,2026-05-22,"2026-05-20","Mini",1,53.2
1453,2026-05-22,"2026-05-20","Whole MILK",1,8.85
1474,2026-05-22,"2026-05-20","Stringbean Red Eye  - Oz.",1,16
1474,2026-05-22,"2026-05-20","Mothership Pickup Time (6.0 @6-6:30) - @6-6:30",1,0
1474,2026-05-22,"2026-05-20","Pasta Wildcard $6.50 - Pack",1,6.5
1474,2026-05-22,"2026-05-20","Plant - Chocolate Mint - Pot",1,4.5
1474,2026-05-22,"2026-05-20","Extra Credit - Each",4.25,1.06
1474,2026-05-22,"2026-05-20","Mini",1,53.2
1048,2026-05-22,"2026-05-20","UCity Pickup Time (3.0 @5:30-6) - @5:30-6",1,0
1048,2026-05-22,"2026-05-20","Cooler Donation - $",1,1
1048,2026-05-22,"2026-05-20","Asparagus - Bunch",1,6.5
1048,2026-05-22,"2026-05-20","Lettuce Head - Head",1,4.25
1048,2026-05-22,"2026-05-20","Peas - Shelling  - Oz.",1,4.25
1048,2026-05-22,"2026-05-20","Plant - San Marzano Tomato - Pot",1,4.5
1048,2026-05-22,"2026-05-20","Staff - include last wk's share - Bag",1,0
1048,2026-05-22,"2026-05-20","Strawberries - Qt - Quart",1,8.25
1048,2026-05-22,"2026-05-20","Turnips - Japanese/White - Lb.",1,4.25
1048,2026-05-22,"2026-05-20","UCA/KWA",1,79.79
1255,2026-05-22,"2026-05-20","Eggs - BW - Dozen",1,6.5
1255,2026-05-22,"2026-05-20","Mothership Pickup Time (1.0 @3:30-4) - @3:30-4",1,0
1255,2026-05-22,"2026-05-20","Hand Pie: Veggie Samosa - Bag",1,10.5
1255,2026-05-22,"2026-05-20","Hummus - Carrot & Ginger - Tub",1,6.75
1255,2026-05-22,"2026-05-20","Light and Mild - Wednesday - Loaf",1,8.25
1255,2026-05-22,"2026-05-20","Shakshuka Sauce - Jar",1,11.5
1255,2026-05-22,"2026-05-20","Strawberries - Qt - Quart",1,8.25
1255,2026-05-22,"2026-05-20","Extra Credit - Each",26.5,1.06
1255,2026-05-22,"2026-05-20","Mini",1,53.2
1255,2026-05-22,"2026-05-20","2% MILK",1,8.85
1255,2026-05-22,"2026-05-20","Half & Half",1,5.05
620,2026-05-22,"2026-05-20","Mothership Pickup Time (2.0 @4-4:30) - @4-4:30",1,0
620,2026-05-22,"2026-05-20","Broccoli - Share",1,4.25
620,2026-05-22,"2026-05-20","Eggs - Dozen",1,6.5
620,2026-05-22,"2026-05-20","Pork - Tenderloin/lb - Lb.",1,13.97
620,2026-05-22,"2026-05-20","Semolina - Wednesday - Loaf",1,7
620,2026-05-22,"2026-05-20","Strawberries - Qt - Quart",1,8.25
620,2026-05-22,"2026-05-20","Extra Credit - Each",13.47,1.06
620,2026-05-22,"2026-05-20","Half",1,84.79
1162,2026-05-22,"2026-05-20","Mothership Pickup Time (1.0 @3:30-4) - @3:30-4",1,0
1162,2026-05-22,"2026-05-20","Broccoli - Share",1,4.25
1162,2026-05-22,"2026-05-20","Ground Beef - D&M - Lb.",1,10.5
1162,2026-05-22,"2026-05-20","Strawberries - Qt - Quart",1,8.25
1162,2026-05-22,"2026-05-20","Extra Credit - Each",0.25,1.06
1162,2026-05-22,"2026-05-20","Mini",1,53.2
1735,2026-05-22,"2026-05-20","UCity Pickup Time - @4:30-5",1,0
1735,2026-05-22,"2026-05-20","Bagels - Plain - BU - Bag",1,11
1735,2026-05-22,"2026-05-20","Chicken Chorizo - Lb.",1,10.5
1735,2026-05-22,"2026-05-20","Lamb Chops/lb. DM - Each",1,24.98
1735,2026-05-22,"2026-05-20","Plant - Dill - Pot",1,4.5
1735,2026-05-22,"2026-05-20","Pork - Ground  - Lb.",1,7.5
1735,2026-05-22,"2026-05-20","Rhubarb - Bunch",1,9.5
1735,2026-05-22,"2026-05-20","Extra Credit - Each",34.73,1.06
1735,2026-05-22,"2026-05-20","UCA/KWA",1,79.79
1932,2026-05-22,"2026-05-20","Stringbean Brazilian - Oz.",1,16
1932,2026-05-22,"2026-05-20","Cheese Choice $6.75 - Each",1,6.75
1932,2026-05-22,"2026-05-20","Eggs - Dozen",1,6.5
1932,2026-05-22,"2026-05-20","Pork - Bratwurst  - Pack",1,8.5
1932,2026-05-22,"2026-05-20","Rice - Basmati Choice - Bag",1,7.5
1932,2026-05-22,"2026-05-20","Wildcard $4 - Each",1,4
1932,2026-05-22,"2026-05-20","Extra Credit - Each",16,1.06
1932,2026-05-22,"2026-05-20","FSA/FSD",1,79.79
627,2026-05-22,"2026-05-20","UCity Pickup Time - @4:30-5",1,0
627,2026-05-22,"2026-05-20","Chicken - Ground - Lb.",1,9
627,2026-05-22,"2026-05-20","Eggs - Dozen",1,6.5
627,2026-05-22,"2026-05-20","Pasta Bi-color Short - Lb.",1,6.5
627,2026-05-22,"2026-05-20","Mini",1,53.2
1427,2026-05-22,"2026-05-20","Eggs - BW - Dozen",2,6.5
1427,2026-05-22,"2026-05-20","Mothership Pickup Time (1.0 @3:30-4) - @3:30-4",1,0
1427,2026-05-22,"2026-05-20","Asparagus - Bunch",1,6.5
1427,2026-05-22,"2026-05-20","Broccoli - Share",1,4.25
1427,2026-05-22,"2026-05-20","Cauliflower - hd. - Head",1,6.5
1427,2026-05-22,"2026-05-20","Hoagie - Wednesday - Each",1,3.5
1427,2026-05-22,"2026-05-20","Marbled Rye -Wednesday - Loaf",1,8.75
1427,2026-05-22,"2026-05-20","Peas - Shelling  - Oz.",1,4.25
1427,2026-05-22,"2026-05-20","Pork - Ground  - Lb.",1,7.5
1427,2026-05-22,"2026-05-20","Pork Italian Bulk - D&M - Lb.",1,8.5
1427,2026-05-22,"2026-05-20","Rhubarb - Bunch",2,9.5
1427,2026-05-22,"2026-05-20","Sesame Hoagie -W - Each",1,3.8
1427,2026-05-22,"2026-05-20","Strawberries - Qt - Quart",1,8.25
1427,2026-05-22,"2026-05-20","Extra Credit - Each",71.05,1.06
225,2026-05-22,"2026-05-20","UCity Pickup Time - @4:30-5",1,0
225,2026-05-22,"2026-05-20","Kale - Lacinato/Dinosaur - Bag",1,5
225,2026-05-22,"2026-05-20","Lettuce - Salanova - Bag",1,4.25
225,2026-05-22,"2026-05-20","Peas - Shelling  - Oz.",1,4.25
225,2026-05-22,"2026-05-20","Shoots - Sunflower - Bag",1,4.25
225,2026-05-22,"2026-05-20","Strawberries - Qt - Quart",1,8.25
225,2026-05-22,"2026-05-20","Extra Credit - Each",26,1.06
225,2026-05-22,"2026-05-20","(BYO) UCG - Orders Only",1,0
225,2026-05-22,"2026-05-20","Cream pint",1,5.32
225,2026-05-22,"2026-05-20","Eggs - Buttonwood",1,6.92
225,2026-05-22,"2026-05-20","Plain yogurt",1,7.55
225,2026-05-22,"2026-05-20","Whole MILK-e",1,8.85
240,2026-05-22,"2026-05-20","Mothership Pickup Time (1.0 @3:30-4) - @3:30-4",1,0
240,2026-05-22,"2026-05-20","Kale - Green Curly - Bag",1,5
240,2026-05-22,"2026-05-20","Lettuce - Romaine Head - Head",1,5
240,2026-05-22,"2026-05-20","Marinara Sauce - Jar",1,8.75
240,2026-05-22,"2026-05-20","Milk Chocolate Bar - Pack",1,3
240,2026-05-22,"2026-05-20","Shoots - Pea - Bag",1,4.25
240,2026-05-22,"2026-05-20","Spicy Dill Pickles - Quart",1,7.75
240,2026-05-22,"2026-05-20","Extra Credit - Each",0.5,1.06
240,2026-05-22,"2026-05-20","FSA/FSD",1,79.79
952,2026-05-22,"2026-05-20","Mothership Pickup Time (4.0 @5-5:30) - @5-5:30",1,0
952,2026-05-22,"2026-05-20","Deluxe Mixed Nuts - Bag",1,4.3
952,2026-05-22,"2026-05-20","Eggs - Dozen",1,6.5
952,2026-05-22,"2026-05-20","Kale - Red Russian - Bag",1,5
952,2026-05-22,"2026-05-20","Oat Porridge Bread - Wednesday - Loaf",1,9
952,2026-05-22,"2026-05-20","Pork - Bratwurst  - Pack",1,8.5
952,2026-05-22,"2026-05-20","Pre-ordered plants are in - Pot",1,0
952,2026-05-22,"2026-05-20","Rice - Basmati Choice - Bag",1,7.5
952,2026-05-22,"2026-05-20","Wildcard $4 - Each",1,4
952,2026-05-22,"2026-05-20","Extra Credit - Each",11.55,1.06
952,2026-05-22,"2026-05-20","FSA/FSD",1,79.79
1143,2026-05-22,"2026-05-20","UCity Pickup Time (2.0 @5-5:30) - @5-5:30",1,0
1143,2026-05-22,"2026-05-20","Bagel Chips - Bag",1,9.75
1143,2026-05-22,"2026-05-20","FF Soup - Yellow Gazpacho - Oz.",1,10.5
1143,2026-05-22,"2026-05-20","Toffee - Package",1,7.5
1143,2026-05-22,"2026-05-20","Tortellini - Mushroom - Lb.",1,9.15
1143,2026-05-22,"2026-05-20","Extra Credit - Each",3.65,1.06
1143,2026-05-22,"2026-05-20","UCA/KWA",1,79.79
244,2026-05-22,"2026-05-20","UCity Pickup Time (2.0 @5-5:30) - @5-5:30",1,0
244,2026-05-22,"2026-05-20","Eggs - Dozen",2,6.5
244,2026-05-22,"2026-05-20","Ground Beef - D&M - Lb.",1,10.5
244,2026-05-22,"2026-05-20","Mushrooms - Hen of the Woods/Maitake - Bag",2,8
244,2026-05-22,"2026-05-20","Seedy Wheaty - Frozen - Loaf",1,3.75
244,2026-05-22,"2026-05-20","Extra Credit - Each",10,1.06
244,2026-05-22,"2026-05-20","UCA/KWA",1,79.79
1689,2026-05-22,"2026-05-20","Asparagus - Bunch",1,6.5
1689,2026-05-22,"2026-05-20","Fresh Herb - Dill - Bunch",1,2.5
1689,2026-05-22,"2026-05-20","Granola Bar - Each",2,3.8
1689,2026-05-22,"2026-05-20","Squash - Zucchini - Each",1,2.5
1689,2026-05-22,"2026-05-20","Strawberries - Qt - Quart",1,8.25
1689,2026-05-22,"2026-05-20","Swiss Chard - Bunch",1,5
1689,2026-05-22,"2026-05-20","Extra Credit - Each",9.6,1.06
1689,2026-05-22,"2026-05-20","Mini",1,53.2
418,2026-05-22,"2026-05-20","Milk - 2%  - Oz.",1,8.32
418,2026-05-22,"2026-05-20","UCity Pickup Time - @4:30-5",1,0
418,2026-05-22,"2026-05-20","Applewood Smoked Cheddar - Each",1,6.5
418,2026-05-22,"2026-05-20","Eggs - H - Dozen",1,6.5
418,2026-05-22,"2026-05-20","Janie's Bread - Wednesday - Each",1,7
418,2026-05-22,"2026-05-20","Marbled Rye -Wednesday - Loaf",1,8.75
418,2026-05-22,"2026-05-20","Popcorn - McKaskle - Lb.",1,5.75
418,2026-05-22,"2026-05-20","Pre-ordered plants are in - Pot",1,0
418,2026-05-22,"2026-05-20","Extra Credit - Each",20.07,1.06
418,2026-05-22,"2026-05-20","Mini",1,53.2
1105,2026-05-22,"2026-05-20","Ground Turkey - Pack",1,9
1105,2026-05-22,"2026-05-20","UCity Pickup Time - @4:30-5",1,0
1105,2026-05-22,"2026-05-20","Bacon - Each",1,14.58
1105,2026-05-22,"2026-05-20","Chicken Breasts /lb. - Pack",2,11.56
1105,2026-05-22,"2026-05-20","Eggs - Dozen",1,6.5
1105,2026-05-22,"2026-05-20","Popped Corn - Organic - Bag",1,3
1105,2026-05-22,"2026-05-20","Pork - Ground  - Lb.",1,7.5
1105,2026-05-22,"2026-05-20","Strawberries - Qt - Quart",1,8.25
1105,2026-05-22,"2026-05-20","Extra Credit - Each",45.45,1.06
1105,2026-05-22,"2026-05-20","Half",1,68.89
1506,2026-05-22,"2026-05-20","UCity Pickup Time - @4:30-5",1,0
1506,2026-05-22,"2026-05-20","Bok Choy - Bag",1,5
1506,2026-05-22,"2026-05-20","Dark Chocolate Almond Bar - Pack",1,4.95
1506,2026-05-22,"2026-05-20","Eggs - Dozen",1,6.5
1506,2026-05-22,"2026-05-20","Ground Beef - D&M - Lb.",4,10.5
1506,2026-05-22,"2026-05-20","Milk Choc. Peanut Butter Bark - Pack",1,7.5
1506,2026-05-22,"2026-05-20","Extra Credit - Each",32.7,1.06
1506,2026-05-22,"2026-05-20","UCA/KWA",1,79.79
883,2026-05-22,"2026-05-20","Mothership Pickup Time (6.0 @6-6:30) - @6-6:30",1,0
883,2026-05-22,"2026-05-20","Cauliflower - hd. - Head",1,6.5
883,2026-05-22,"2026-05-20","Chicken Breasts /lb. - Pack",2,11.65
883,2026-05-22,"2026-05-20","Extra Credit - Each",7.05,1.06
883,2026-05-22,"2026-05-20","Mini",1,53.2
712,2026-05-22,"2026-05-20","Chicken - Big Bag Deboned Thighs/lb. - Bag",1,42.24
712,2026-05-22,"2026-05-20","Mothership Pickup Time (1.0 @3:30-4) - @3:30-4",1,0
712,2026-05-22,"2026-05-20","Food For FS Cats Donation - $",1,1
712,2026-05-22,"2026-05-20","Chicken - Whole $5.00/lb. - Each",2,22.45
712,2026-05-22,"2026-05-20","Chicken Bones - SM/lb.* - Bag",1,5.44
712,2026-05-22,"2026-05-20","Chicken Breasts /lb. - Pack",1,12.41
712,2026-05-22,"2026-05-20","Chicken Drumsticks /LB - Pack",1,4.42
712,2026-05-22,"2026-05-20","Chicken Thighs - Big Bag/lb. - Pack",2,28.86
712,2026-05-22,"2026-05-20","Chicken Thighs - Boneless/lb. - lbs",1,17.68
712,2026-05-22,"2026-05-20","Eggs - Dozen",2,6.5
712,2026-05-22,"2026-05-20","Hoagie - Wednesday - Each",1,3.5
712,2026-05-22,"2026-05-20","Lettuce - Romaine Head - Head",1,5
712,2026-05-22,"2026-05-20","Lettuce - Salanova - Bag",1,4.25
712,2026-05-22,"2026-05-20","Mushrooms - Choice",1,8
712,2026-05-22,"2026-05-20","Pre-ordered plants are in - Pot",1,0
712,2026-05-22,"2026-05-20","Semolina - Wednesday - Loaf",1,7
712,2026-05-22,"2026-05-20","Sesame Hoagie -W - Each",1,3.8
712,2026-05-22,"2026-05-20","Squash - Zucchini - Each",1,2.5
712,2026-05-22,"2026-05-20","Strawberries - Qt - Quart",1,8.25
712,2026-05-22,"2026-05-20","Wildcard $3 - Each",1,3
712,2026-05-22,"2026-05-20","Extra Credit - Each",217.67,1.06
712,2026-05-22,"2026-05-20","Half",1,84.79
866,2026-05-22,"2026-05-20","UCity Pickup Time - @4:30-5",1,0
866,2026-05-22,"2026-05-20","Broccoli - Share",1,4.25
866,2026-05-22,"2026-05-20","Eggs - Dozen",1,6.5
866,2026-05-22,"2026-05-20","Hoagie - Wednesday - Each",1,3.5
866,2026-05-22,"2026-05-20","Mushrooms - Choice",1,8
866,2026-05-22,"2026-05-20","Strawberries - Qt - Quart",1,8.25
866,2026-05-22,"2026-05-20","Extra Credit - Each",4,1.06
866,2026-05-22,"2026-05-20","Half",1,84.79
794,2026-05-22,"2026-05-21","Mothership Pickup Time (3.0 @4:30-5) - @4:30-5",1,0
794,2026-05-22,"2026-05-21","Curds Jalapeno Habanero 10 oz - Bag",1,6.75
794,2026-05-22,"2026-05-21","Eggs - Dozen",1,6.5
794,2026-05-22,"2026-05-21","Onions - Green - Bunch",1,3.5
794,2026-05-22,"2026-05-21","Plant - Jalapeno Peppers - Pot",1,4.5
794,2026-05-22,"2026-05-21","Plant - Sungold Tomato - Pot",1,4.5
794,2026-05-22,"2026-05-21","Rice - Basmati White - Lb.",1,7.5
794,2026-05-22,"2026-05-21","FSA/FSD",1,79.79
1217,2026-05-22,"2026-05-21","Kirkwood Pickup Time (1.0 PORCH) - PORCH",1,0
1217,2026-05-22,"2026-05-21","Honey - Wildflower - Bottle",1,11.5
1217,2026-05-22,"2026-05-21","Marinara Sauce - Jar",1,8.75
1217,2026-05-22,"2026-05-21","Pork - Ground  - Lb.",1,7.5
1217,2026-05-22,"2026-05-21","Extra Credit - Each",5,1.06
1217,2026-05-22,"2026-05-21","Mini",1,53.2
1891,2026-05-22,"2026-05-21","Kirkwood Pickup Time (2.0 @1:30-2) - @1:30-2",1,0
1891,2026-05-22,"2026-05-21","Asparagus - Bunch",1,6.5
1891,2026-05-22,"2026-05-21","Eggs - Dozen",1,6.5
1891,2026-05-22,"2026-05-21","Fresh Herb - Dill - Bunch",1,2.5
1891,2026-05-22,"2026-05-21","Mushrooms - French Horn/King - Bag",1,8
1891,2026-05-22,"2026-05-21","Squash - Zucchini - Each",1,2.5
1891,2026-05-22,"2026-05-21","Strawberries - Qt - Quart",1,8.25
1891,2026-05-22,"2026-05-21","Extra Credit - Each",1,1.06
1891,2026-05-22,"2026-05-21","UCA/KWA",1,79.79
499,2026-05-22,"2026-05-21","Chicken - Ground - Lb.",1,9
499,2026-05-22,"2026-05-21","Eggs - Dozen",1,6.5
499,2026-05-22,"2026-05-21","Mushrooms - Choice",1,8
499,2026-05-22,"2026-05-21","Wildcard $3 - Each",1,3
499,2026-05-22,"2026-05-21","Half",1,84.79
192,2026-05-22,"2026-05-21","Kirkwood Pickup Time (2.0 @1:30-2) - @1:30-2",1,0
192,2026-05-22,"2026-05-21","Chicken Thighs - Boneless/lb. - lbs",2,12.6
192,2026-05-22,"2026-05-21","Hoagie - T - Each",1,3.5
192,2026-05-22,"2026-05-21","Strawberries - Qt - Quart",1,8.25
192,2026-05-22,"2026-05-21","Extra Credit - Each",14.2,1.06
192,2026-05-22,"2026-05-21","Mini",1,53.2
192,2026-05-22,"2026-05-21","2% MILK",2,8.85
1386,2026-05-22,"2026-05-21","Chicken - BULK Breasts /lb. - Pack",1,39.77
1386,2026-05-22,"2026-05-21","Kirkwood Pickup Time - @1-1:30",1,0
1386,2026-05-22,"2026-05-21","Cauliflower - hd. - Head",1,6.5
1386,2026-05-22,"2026-05-21","Eggs - Dozen",1,6.5
1386,2026-05-22,"2026-05-21","Lettuce - Romaine Head - Head",1,5
1386,2026-05-22,"2026-05-21","Lettuce - Salanova - Bag",1,4.25
1386,2026-05-22,"2026-05-21","Strawberries - Qt - Quart",1,8.25
1386,2026-05-22,"2026-05-21","Extra Credit - Each",37.02,1.06
1386,2026-05-22,"2026-05-21","UCA/KWA",1,79.79
700,2026-05-22,"2026-05-21","Chicken - BULK Breasts /lb. - Pack",1,40.26
700,2026-05-22,"2026-05-21","Pizza - Deluxe - Each",1,8.5
700,2026-05-22,"2026-05-21","Curds Creamy Ranch 10 oz - Bag",1,6.75
700,2026-05-22,"2026-05-21","Eggs - Dozen",1,6.5
700,2026-05-22,"2026-05-21","Mushrooms (1.0 Shiitake) - Shiitake",1,8
700,2026-05-22,"2026-05-21","Extra Credit - Each",43.51,1.06
700,2026-05-22,"2026-05-21","Half",1,84.79
700,2026-05-22,"2026-05-21","Whole MILK-e",2,8.85
1488,2026-05-22,"2026-05-21","Milk - 2%  - Oz.",1,8.32
1488,2026-05-22,"2026-05-21","Kirkwood Pickup Time - @1-1:30",1,0
1488,2026-05-22,"2026-05-21","FF Dip - Pimiento Cheese Spread - Each",1,8.75
1488,2026-05-22,"2026-05-21","Ground Beef - D&M - Lb.",1,10.5
1488,2026-05-22,"2026-05-21","Toffee - Package",1,7.5
1488,2026-05-22,"2026-05-21","UCA/KWA",1,79.79
1488,2026-05-22,"2026-05-21","2% MILK",1,8.85
287,2026-05-22,"2026-05-21","Mothership Pickup Time (1.0 @3:30-4) - @3:30-4",1,0
287,2026-05-22,"2026-05-21","Chicken Thighs - Boneless/lb. - lbs",1,12.25
287,2026-05-22,"2026-05-21","Janie's Bread - Thursday - Each",1,7
287,2026-05-22,"2026-05-21","Pork - Bratwurst  - Pack",1,8.5
287,2026-05-22,"2026-05-21","Strawberries - Qt - Quart",1,8.25
287,2026-05-22,"2026-05-21","Wildcard $4 - Each",1,4
287,2026-05-22,"2026-05-21","Extra Credit - Each",6.75,1.06
287,2026-05-22,"2026-05-21","FSA/FSD",1,79.79
1970,2026-05-22,"2026-05-21","Kirkwood Pickup Time - @1-1:30",1,0
1970,2026-05-22,"2026-05-21","Marinara Sauce - Jar",1,8.75
1970,2026-05-22,"2026-05-21","Oat Porridge Bread - T - Each",1,9
1970,2026-05-22,"2026-05-21","Pork Italian Bulk - D&M - Lb.",1,8.5
1970,2026-05-22,"2026-05-21","Pre-ordered plants are in - Pot",1,0
1970,2026-05-22,"2026-05-21","Extra Credit - Each",3.5,1.06
1970,2026-05-22,"2026-05-21","Mini",1,53.2
1671,2026-05-22,"2026-05-21","Milk - Whole - Oz.",1,8.32
1671,2026-05-22,"2026-05-21","Mothership Pickup Time (5.0 @5:30-6) - @5:30-6",1,0
1671,2026-05-22,"2026-05-21","Gnocchi - Garlic Chive  - Lb.",1,6.5
1671,2026-05-22,"2026-05-21","Pork Italian Links - D&M - Each",1,8.5
1671,2026-05-22,"2026-05-21","Yogurt - Plain - Oz.",1,7.1
1671,2026-05-22,"2026-05-21","Extra Credit - Each",7.67,1.06
1671,2026-05-22,"2026-05-21","Mini",1,53.2
467,2026-05-22,"2026-05-21","Eggs - BW - Dozen",2,6.5
467,2026-05-22,"2026-05-21","Kirkwood Pickup Time - @1-1:30",1,0
467,2026-05-22,"2026-05-21","Asparagus - Bunch",2,6.5
467,2026-05-22,"2026-05-21","Popcorn - McKaskle - Lb.",1,5.75
467,2026-05-22,"2026-05-21","Pre-ordered plants are in - Pot",1,0
467,2026-05-22,"2026-05-21","Spinach - Bag",1,5
467,2026-05-22,"2026-05-21","Extra Credit - Each",14,1.06
467,2026-05-22,"2026-05-21","Mini",1,53.2
1522,2026-05-22,"2026-05-21","Milk - 2%  - Oz.",1,8.32
1522,2026-05-22,"2026-05-21","Eggs - BW - Dozen",1,6.5
1522,2026-05-22,"2026-05-21","Marshmallow Pie - Each",5,7.5
1522,2026-05-22,"2026-05-21","Extra Credit - Each",47.32,1.06
929,2026-05-22,"2026-05-21","Walnuts - Oz.",1,6.75
929,2026-05-22,"2026-05-21","Eggs - H - Dozen",1,6.5
929,2026-05-22,"2026-05-21","German Quark HBC - Jar",1,6.75
929,2026-05-22,"2026-05-21","Ground Beef - D&M - Lb.",1,10.5
929,2026-05-22,"2026-05-21","Plant - Basil Italian - Pot",2,4.5
929,2026-05-22,"2026-05-21","Plant - Bee Balm - Pot",1,4.5
929,2026-05-22,"2026-05-21","Pre-ordered plants are in - Pot",1,0
929,2026-05-22,"2026-05-21","Salsa - Gringo's Mild - Jar",1,5
929,2026-05-22,"2026-05-21","Strawberries - Qt - Quart",1,8.25
929,2026-05-22,"2026-05-21","Tortellini - Cheese - Lb.",1,9.15
929,2026-05-22,"2026-05-21","Yogurt - Plain - Oz.",1,7.1
929,2026-05-22,"2026-05-21","Extra Credit - Each",47,1.06
929,2026-05-22,"2026-05-21","Half",1,68.89
31,2026-05-22,"2026-05-21","Eggs - BW - Dozen",2,6.5
31,2026-05-22,"2026-05-21","Mothership Pickup Time (2.0 @4-4:30) - @4-4:30",1,0
31,2026-05-22,"2026-05-21","$ for green bags donation - $",1,1
31,2026-05-22,"2026-05-21","Broccoli - Share",1,4.25
31,2026-05-22,"2026-05-21","Lettuce - Bibb - Head",1,3.25
31,2026-05-22,"2026-05-21","Pre-ordered plants are in - Pot",1,0
31,2026-05-22,"2026-05-21","Salmon - Fillet Pieces/LB* - Each",1,9.24
31,2026-05-22,"2026-05-21","Shoots - Specialty Mix - Bag",1,4.5
31,2026-05-22,"2026-05-21","Spinach - Bag",1,5
31,2026-05-22,"2026-05-21","Strawberries - Qt - Quart",1,8.25
31,2026-05-22,"2026-05-21","Extra Credit - Each",19.49,1.06
31,2026-05-22,"2026-05-21","No Produce - Order Only (even wk)",1,0
31,2026-05-22,"2026-05-21","2% MILK",2,8.85
1857,2026-05-22,"2026-05-21","Mothership Pickup Time (4.0 @5-5:30) - @5-5:30",1,0
1857,2026-05-22,"2026-05-21","Asparagus - Bunch",1,6.5
1857,2026-05-22,"2026-05-21","Eggs - H - Dozen",2,6.5
1857,2026-05-22,"2026-05-21","Pork - Bratwurst  - Pack",1,8.5
1857,2026-05-22,"2026-05-21","Rhubarb - Bunch",1,9.5
1857,2026-05-22,"2026-05-21","Rice - Basmati Brown - Lb.",1,7.5
1857,2026-05-22,"2026-05-21","Sesame Hoagie - T - Each",1,3.8
1857,2026-05-22,"2026-05-21","Extra Credit - Each",15.55,1.06
1857,2026-05-22,"2026-05-21","FSA/FSD",1,79.79
1622,2026-05-22,"2026-05-21","Mothership Pickup Time (2.0 @4-4:30) - @4-4:30",1,0
1622,2026-05-22,"2026-05-21","Marinara Sauce - Jar",1,8.75
1622,2026-05-22,"2026-05-21","Pasta Long Bi-color - Lb.",1,6.5
1622,2026-05-22,"2026-05-21","Pork - Ground  - Lb.",1,7.5
1622,2026-05-22,"2026-05-21","Mini",1,53.2
1383,2026-05-22,"2026-05-21","Mothership Pickup Time (1.0 @3:30-4) - @3:30-4",1,0
1383,2026-05-22,"2026-05-21","Bok Choy - Bag",1,5
1383,2026-05-22,"2026-05-21","Chicken - Ground - Lb.",1,9
1383,2026-05-22,"2026-05-21","Eggs - Dozen",1,6.5
1383,2026-05-22,"2026-05-21","Pasta Bi-color Short - Lb.",1,6.5
1383,2026-05-22,"2026-05-21","Pork Breakfast Link D&M - Pack",1,8
1383,2026-05-22,"2026-05-21","Wildcard $3 - Each",1,3
1383,2026-05-22,"2026-05-21","Extra Credit - Each",11.5,1.06
1383,2026-05-22,"2026-05-21","Half",1,84.79
670,2026-05-22,"2026-05-21","Mothership Pickup Time (1.0 @3:30-4) - @3:30-4",1,0
670,2026-05-22,"2026-05-21","Broccoli - Share",1,4.25
670,2026-05-22,"2026-05-21","Pre-ordered plants are in - Pot",1,0
670,2026-05-22,"2026-05-21","Rice - Basmati White - Lb.",1,7.5
670,2026-05-22,"2026-05-21","Strawberries - Qt - Quart",1,8.25
670,2026-05-22,"2026-05-21","Yogurt - Plain - Oz.",1,7.1
670,2026-05-22,"2026-05-21","Extra Credit - Each",4.35,1.06
670,2026-05-22,"2026-05-21","Mini",1,53.2
670,2026-05-22,"2026-05-21","(BYO) FSG - Orders Only",1,0
11,2026-05-22,"2026-05-21","Eggs - BW - Dozen",1,6.5
11,2026-05-22,"2026-05-21","Bacon - Each",1,13.5
11,2026-05-22,"2026-05-21","Pork - Brats Cheddar DM - 4-pack",1,8
11,2026-05-22,"2026-05-21","Strawberries - Qt - Quart",1,8.25
11,2026-05-22,"2026-05-21","Extra Credit - Each",3,1.06
11,2026-05-22,"2026-05-21","FSA/FSD",1,79.79
83,2026-05-22,"2026-05-21","Mothership Pickup Time (5.0 @5:30-6) - @5:30-6",1,0
83,2026-05-22,"2026-05-21","Broccoli - Share",1,4.25
83,2026-05-22,"2026-05-21","Lettuce - Bibb - Head",1,3.25
83,2026-05-22,"2026-05-21","Strawberries - Qt - Quart",1,8.25
83,2026-05-22,"2026-05-21","Half",1,84.79
473,2026-05-22,"2026-05-21","Kirkwood Pickup Time (1.0 PORCH) - PORCH",1,0
473,2026-05-22,"2026-05-21","Chicken - Thighs /lbs  - lbs",1,8.88
473,2026-05-22,"2026-05-21","Eggs - Dozen",1,6.5
473,2026-05-22,"2026-05-21","FF Dip - Pimiento Cheese Spread - Each",1,8.75
473,2026-05-22,"2026-05-21","Janie's Bread - Thursday - Each",1,7
473,2026-05-22,"2026-05-21","Strawberries - Qt - Quart",1,8.25
473,2026-05-22,"2026-05-21","Extra Credit - Each",12.88,1.06
473,2026-05-22,"2026-05-21","Half",1,68.89
471,2026-05-22,"2026-05-21","Bagels - Everything - Bag",1,6.75
471,2026-05-22,"2026-05-21","Curds Jalapeno Habanero 10 oz - Bag",1,6.75
471,2026-05-22,"2026-05-21","Dark Chocolate Square  - Each",1,1.75
471,2026-05-22,"2026-05-21","Eggs - Dozen",1,6.5
471,2026-05-22,"2026-05-21","Pork - Bratwurst  - Pack",1,8.5
471,2026-05-22,"2026-05-21","Shoots - Specialty Mix - Bag",1,4.5
471,2026-05-22,"2026-05-21","Extra Credit - Each",1.5,1.06
471,2026-05-22,"2026-05-21","FSA/FSD",1,79.79
1593,2026-05-22,"2026-05-21","Mothership Pickup Time (5.0 @5:30-6) - @5:30-6",1,0
1593,2026-05-22,"2026-05-21","Broccoli - Share",1,4.25
1593,2026-05-22,"2026-05-21","Gnocchi - Spinach  - Lb.",1,6.5
1593,2026-05-22,"2026-05-21","Onions - Green - Bunch",1,3.5
1593,2026-05-22,"2026-05-21","Strawberries - Qt - Quart",1,8.25
1593,2026-05-22,"2026-05-21","Mini",1,53.2
1839,2026-05-22,"2026-05-21","Half & Half - Pint",2,4.75
1839,2026-05-22,"2026-05-21","Mothership Pickup Time (2.0 @4-4:30) - @4-4:30",1,0
1839,2026-05-22,"2026-05-21","Asparagus - Bunch",1,6.5
1839,2026-05-22,"2026-05-21","Bok Choy - Bag",1,5
1839,2026-05-22,"2026-05-21","Pasta Long Bi-color - Lb.",1,6.5
1839,2026-05-22,"2026-05-21","Pre-ordered plants are in - Pot",1,0
1839,2026-05-22,"2026-05-21","Semolina - T - Loaf",1,7
1839,2026-05-22,"2026-05-21","Strawberries - Qt - Quart",1,8.25
1839,2026-05-22,"2026-05-21","Extra Credit - Each",16.25,1.06
1839,2026-05-22,"2026-05-21","Half",1,84.79
824,2026-05-22,"2026-05-21","Marinara Sauce - Jar",1,8.75
824,2026-05-22,"2026-05-21","Pasta Bi-color Short - Lb.",1,6.5
824,2026-05-22,"2026-05-21","Pork - Ground  - Lb.",1,7.5
824,2026-05-22,"2026-05-21","Mini",1,53.2
875,2026-05-22,"2026-05-21","Mothership Pickup Time (1.0 @3:30-4) - @3:30-4",1,0
875,2026-05-22,"2026-05-21","Eggs - Dozen",1,6.5
875,2026-05-22,"2026-05-21","Mushrooms - Choice",1,8
875,2026-05-22,"2026-05-21","Spinach - Bag",1,5
875,2026-05-22,"2026-05-21","Turnips - Japanese/White - Lb.",1,4.25
875,2026-05-22,"2026-05-21","Wildcard $3 - Each",1,3
875,2026-05-22,"2026-05-21","Extra Credit - Each",0.25,1.06
875,2026-05-22,"2026-05-21","Half",1,84.79
761,2026-05-22,"2026-05-21","Jam - Red Raspberry HBY - Pint",1,7.75
761,2026-05-22,"2026-05-21","Mothership Pickup Time (1.0 @3:30-4) - @3:30-4",1,0
761,2026-05-22,"2026-05-21","Bagels - Honey Buckwheat - BU - Bag",1,11
761,2026-05-22,"2026-05-21","Marbled Rye - Thursday - Each",1,8.75
761,2026-05-22,"2026-05-21","Rice - Basmati Brown - Lb.",1,7.5
761,2026-05-22,"2026-05-21","Extra Credit - Each",1.75,1.06
761,2026-05-22,"2026-05-21","FSA/FSD",1,79.79
308,2026-05-22,"2026-05-21","Mothership Pickup Time (2.0 @4-4:30) - @4-4:30",1,0
308,2026-05-22,"2026-05-21","Broccoli - Share",1,4.25
308,2026-05-22,"2026-05-21","Eggs - Dozen",1,6.5
308,2026-05-22,"2026-05-21","Mushrooms - Choice",1,8
308,2026-05-22,"2026-05-21","Strawberries - Qt - Quart",1,8.25
308,2026-05-22,"2026-05-21","Extra Credit - Each",0.5,1.06
308,2026-05-22,"2026-05-21","Half",1,84.79
540,2026-05-22,"2026-05-21","Kirkwood Pickup Time - @1-1:30",1,0
540,2026-05-22,"2026-05-21","Chicken - Ground - Lb.",1,9
540,2026-05-22,"2026-05-21","Eggs - Dozen",1,6.5
540,2026-05-22,"2026-05-21","Fresh Herb - Mint - 1-each",1,4
540,2026-05-22,"2026-05-21","Semolina - T - Loaf",1,7
540,2026-05-22,"2026-05-21","Half",1,68.89
1476,2026-05-22,"2026-05-21","Eggs - BW - Dozen",1,6.5
1476,2026-05-22,"2026-05-21","Kirkwood Pickup Time - @1-1:30",1,0
1476,2026-05-22,"2026-05-21","Asparagus - Bunch",1,6.5
1476,2026-05-22,"2026-05-21","Broccoli - Share",1,4.25
1476,2026-05-22,"2026-05-21","Cauliflower - hd. - Head",1,6.5
1476,2026-05-22,"2026-05-21","Onions - Green - Bunch",1,3.5
1476,2026-05-22,"2026-05-21","Peas - Shelling  - Oz.",1,4.25
1476,2026-05-22,"2026-05-21","Strawberries - Qt - Quart",1,8.25
1476,2026-05-22,"2026-05-21","Extra Credit - Each",17,1.06
1476,2026-05-22,"2026-05-21","Mini",1,53.2
1084,2026-05-22,"2026-05-21","Peanuts - Blanched Unsalted - Oz.",1,6.75
1084,2026-05-22,"2026-05-21","Pecans Halves - Oz.",1,18
1084,2026-05-22,"2026-05-21","Mothership Pickup Time (1.0 @3:30-4) - @3:30-4",1,0
1084,2026-05-22,"2026-05-21","Lasagna (1.0 Spinach) - Spinach",1,15
1084,2026-05-22,"2026-05-21","Marinara Sauce - Jar",1,8.75
1084,2026-05-22,"2026-05-21","Spinach - Bag",1,5
1084,2026-05-22,"2026-05-21","Toffee - Package",2,7.5
1084,2026-05-22,"2026-05-21","Vinaigrette - Greek Style - Bottle",1,6.25
1084,2026-05-22,"2026-05-21","Extra Credit - Each",48.25,1.06
1084,2026-05-22,"2026-05-21","Half",1,84.79
502,2026-05-22,"2026-05-21","Mothership Pickup Time (4.0 @5-5:30) - @5-5:30",1,0
502,2026-05-22,"2026-05-21","Eggs - Dozen",1,6.5
502,2026-05-22,"2026-05-21","Fresh Herb - Mint - 1-each",1,4
502,2026-05-22,"2026-05-21","Ground Beef - D&M - Lb.",1,10.5
502,2026-05-22,"2026-05-21","Hoagie - T - Each",1,3.5
502,2026-05-22,"2026-05-21","Peas - Shelling  - Oz.",1,4.25
502,2026-05-22,"2026-05-21","Spinach - Bag",1,5
502,2026-05-22,"2026-05-21","Squash - Zucchini - Each",1,2.5
502,2026-05-22,"2026-05-21","Extra Credit - Each",3,1.06
502,2026-05-22,"2026-05-21","FSA/FSD",1,79.79
433,2026-05-22,"2026-05-21","Cheese Choice $6.75 - Each",1,6.75
433,2026-05-22,"2026-05-21","Eggs - Dozen",1,6.5
433,2026-05-22,"2026-05-21","Pork - Bratwurst  - Pack",1,8.5
433,2026-05-22,"2026-05-21","Rice - Basmati Choice - Bag",1,7.5
433,2026-05-22,"2026-05-21","Wildcard $4 - Each",1,4
433,2026-05-22,"2026-05-21","FSA/FSD",1,79.79
549,2026-05-22,"2026-05-21","Mothership Pickup Time - @6:30-7",1,0
549,2026-05-22,"2026-05-21","Eggs - Dozen",1,6.5
549,2026-05-22,"2026-05-21","Pizza Sauce - Jar",1,6.75
549,2026-05-22,"2026-05-21","Pork - Bratwurst  - Pack",1,8.5
549,2026-05-22,"2026-05-21","Pork - Kielbasa - Pack",1,14.65
549,2026-05-22,"2026-05-21","Extra Credit - Each",3.15,1.06
549,2026-05-22,"2026-05-21","FSA/FSD",1,79.79
22,2026-05-22,"2026-05-21","Mothership Pickup Time (1.0 @3:30-4) - @3:30-4",1,0
22,2026-05-22,"2026-05-21","Chicken - Ground - Lb.",1,9
22,2026-05-22,"2026-05-21","Eggs - Dozen",1,6.5
22,2026-05-22,"2026-05-21","Mushrooms (1.0 Shiitake) - Shiitake",1,8
22,2026-05-22,"2026-05-21","Potato Chips Original - Med - Oz.",1,3
22,2026-05-22,"2026-05-21","Half",1,84.79
22,2026-05-22,"2026-05-21","Creamline MILK-e",1,8.49
326,2026-05-22,"2026-05-21","Cheese Choice $6.75 - Each",1,6.75
326,2026-05-22,"2026-05-21","Eggs - Dozen",1,6.5
326,2026-05-22,"2026-05-21","Pork - Bratwurst  - Pack",1,8.5
326,2026-05-22,"2026-05-21","Rice - Basmati Choice - Bag",1,7.5
326,2026-05-22,"2026-05-21","Wildcard $4 - Each",1,4
326,2026-05-22,"2026-05-21","FSA/FSD",1,79.79
493,2026-05-22,"2026-05-21","Mothership Pickup Time (5.0 @5:30-6) - @5:30-6",1,0
493,2026-05-22,"2026-05-21","Eggs - Dozen",1,6.5
493,2026-05-22,"2026-05-21","FF Soup - Yellow Gazpacho - Oz.",1,10.5
493,2026-05-22,"2026-05-21","Plant - Cucumber pickling - Pot",2,4.5
493,2026-05-22,"2026-05-21","Plant - Oregano - Pot",1,4.5
493,2026-05-22,"2026-05-21","Plant - Sungold Tomato - Pot",1,4.5
493,2026-05-22,"2026-05-21","Plant - Tomato Super Sweet 100 - Pot",1,4.5
493,2026-05-22,"2026-05-21","Pre-ordered plants are in - Pot",1,0
493,2026-05-22,"2026-05-21","Extra Credit - Each",13,1.06
493,2026-05-22,"2026-05-21","Half",1,84.79
807,2026-05-22,"2026-05-21","Chicken - Big Bag Deboned Thighs/lb. - Bag",1,42.41
807,2026-05-22,"2026-05-21","Eggs - Dozen",1,6.5
807,2026-05-22,"2026-05-21","Mojo Marinade - Tub",1,6.5
807,2026-05-22,"2026-05-21","Queso Quesadilla - HBC - Each",1,6.75
807,2026-05-22,"2026-05-21","Yogurt - Plain - Oz.",1,7.1
807,2026-05-22,"2026-05-21","Extra Credit - Each",36.01,1.06
807,2026-05-22,"2026-05-21","UCA/KWA",1,79.79
807,2026-05-22,"2026-05-21","2% MILK",1,8.85
1717,2026-05-22,"2026-05-21","Mothership Pickup Time (1.0 @3:30-4) - @3:30-4",1,0
1717,2026-05-22,"2026-05-21","Bacon - Each",1,13.5
1717,2026-05-22,"2026-05-21","Eggs - Dozen",1,6.5
1717,2026-05-22,"2026-05-21","Jam - Rhubarb HBY - 1-each",1,7.75
1717,2026-05-22,"2026-05-21","Sourdough Bread - Frozen - Lb.",1,6.75
1717,2026-05-22,"2026-05-21","Extra Credit - Each",8,1.06
1717,2026-05-22,"2026-05-21","Half",1,84.79
1419,2026-05-22,"2026-05-21","Boneless Pork Chop - D&M /lb - Lb.",1,24.36
1419,2026-05-22,"2026-05-21","Chicken Thighs - Boneless/lb. - lbs",1,15.4
1419,2026-05-22,"2026-05-21","Semolina - T - Loaf",1,7
1419,2026-05-22,"2026-05-21","Extra Credit - Each",20.26,1.06
1419,2026-05-22,"2026-05-21","Half",1,68.89
1864,2026-05-22,"2026-05-21","Mothership Pickup Time (1.0 @3:30-4) - @3:30-4",1,0
1864,2026-05-22,"2026-05-21","Eggs - Dozen",2,6.5
1864,2026-05-22,"2026-05-21","Rice - White - Lb.",1,6.5
1864,2026-05-22,"2026-05-21","Strawberries - Qt - Quart",1,8.25
1864,2026-05-22,"2026-05-21","Extra Credit - Each",1.25,1.06
1864,2026-05-22,"2026-05-21","Half",1,84.79
1864,2026-05-22,"2026-05-21","2% MILK-e",4,8.85
1941,2026-05-22,"2026-05-21","Mothership Pickup Time (3.0 @4:30-5) - @4:30-5",1,0
1941,2026-05-22,"2026-05-21","Asparagus - Bunch",1,6.5
1941,2026-05-22,"2026-05-21","Chicken Breasts /lb. - Pack",1,10.03
1941,2026-05-22,"2026-05-21","Strawberries - Qt - Quart",1,8.25
1941,2026-05-22,"2026-05-21","Extra Credit - Each",2.03,1.06
1941,2026-05-22,"2026-05-21","Mini",1,53.2
293,2026-05-22,"2026-05-21","Mothership Pickup Time (6.0 @6-6:30) - @6-6:30",1,0
293,2026-05-22,"2026-05-21","Broccoli - Share",1,4.25
293,2026-05-22,"2026-05-21","Eggs - Dozen",1,6.5
293,2026-05-22,"2026-05-21","Hoagie - T - Each",1,3.5
293,2026-05-22,"2026-05-21","Lettuce Head - Head",1,4.25
293,2026-05-22,"2026-05-21","Rice - Basmati White - Lb.",1,7.5
293,2026-05-22,"2026-05-21","Yogurt - Vanilla - Oz.",1,7.1
293,2026-05-22,"2026-05-21","FSA/FSD",1,79.79
1149,2026-05-22,"2026-05-21","Mothership Pickup Time (1.0 @3:30-4) - @3:30-4",1,0
1149,2026-05-22,"2026-05-21","Eggs - Dozen",1,6.5
1149,2026-05-22,"2026-05-21","Hoagie - T - Each",1,3.5
1149,2026-05-22,"2026-05-21","Honey - Pint - Jar",1,11.5
1149,2026-05-22,"2026-05-21","Strawberries - Qt - Quart",1,8.25
1149,2026-05-22,"2026-05-21","Extra Credit - Each",3.25,1.06
1149,2026-05-22,"2026-05-21","Half",1,84.79
310,2026-05-22,"2026-05-21","Mothership Pickup Time (3.0 @4:30-5) - @4:30-5",1,0
310,2026-05-22,"2026-05-21","Chicken - Ground - Lb.",1,9
310,2026-05-22,"2026-05-21","Eggs - Dozen",2,6.5
310,2026-05-22,"2026-05-21","Onions - Green - Bunch",1,3.5
310,2026-05-22,"2026-05-21","Pre-ordered plants are in - Pot",1,0
310,2026-05-22,"2026-05-21","Pretzel Slider Buns - Frozen - Bag",1,6.75
310,2026-05-22,"2026-05-21","Rhubarb - Bunch",1,9.5
310,2026-05-22,"2026-05-21","Strawberries - Qt - Quart",1,8.25
310,2026-05-22,"2026-05-21","Extra Credit - Each",11.75,1.06
310,2026-05-22,"2026-05-21","FSA/FSD",1,79.79
310,2026-05-22,"2026-05-21","Skim MILK",2,8.85
1353,2026-05-22,"2026-05-21","Pizza - Sausage Pepperoni - Each",1,8.5
1353,2026-05-22,"2026-05-21","Black Beans DC - Tub",1,6.5
1353,2026-05-22,"2026-05-21","Chicken Thighs - Boneless/lb. - lbs",1,9.8
1353,2026-05-22,"2026-05-21","Cinnamon Rolls - Pack",1,6.75
1353,2026-05-22,"2026-05-21","Eggs - Dozen",1,6.5
1353,2026-05-22,"2026-05-21","FF Dip - Smoked Salmon  - Tub",1,10
1353,2026-05-22,"2026-05-21","Ground Beef - D&M - Lb.",1,10.5
1353,2026-05-22,"2026-05-21","Plant - Big Boy Tomatoes - Pot",2,4.5
1353,2026-05-22,"2026-05-21","Plant - Cucumber pickling - Pot",2,4.5
1353,2026-05-22,"2026-05-21","Plant - Cucumbers - Pot",1,4.5
1353,2026-05-22,"2026-05-21","Plant - Jalapeno Peppers - Pot",1,4.5
1353,2026-05-22,"2026-05-21","Plant - Roma Tomato - Pot",2,4.5
1353,2026-05-22,"2026-05-21","Plant - San Marzano Tomato - Pot",2,4.5
1353,2026-05-22,"2026-05-21","Plant - Sungold Tomato - Pot",2,4.5
1353,2026-05-22,"2026-05-21","Plant - Sweet Red Pepper - Pot",2,4.5
1353,2026-05-22,"2026-05-21","Plant - Tomato Beefsteak - Pot",2,4.5
1353,2026-05-22,"2026-05-21","Plant - Tomato Cherokee Purple  - Pot",1,4.5
1353,2026-05-22,"2026-05-21","Plant - Tomato Green Zebra - Pot",1,4.5
1353,2026-05-22,"2026-05-21","Plant - Tomato Super Sweet 100 - Pot",1,4.5
1353,2026-05-22,"2026-05-21","Pork - Tenderloin/lb - Lb.",1,12.01
1353,2026-05-22,"2026-05-21","Potato Chips Original Lg - Oz.",1,9.25
1353,2026-05-22,"2026-05-21","Strawberries - Qt - Quart",1,8.25
1353,2026-05-22,"2026-05-21","Extra Credit - Each",147.06,1.06
1353,2026-05-22,"2026-05-21","Half",1,84.79
1353,2026-05-22,"2026-05-21","Whole MILK-e",1,8.85
868,2026-05-22,"2026-05-21","Kirkwood Pickup Time (2.0 @1:30-2) - @1:30-2",1,0
868,2026-05-22,"2026-05-21","Broccoli - Share",1,4.25
868,2026-05-22,"2026-05-21","Fresh Herb - Dill - Bunch",1,2.5
868,2026-05-22,"2026-05-21","Marinara Sauce - Jar",1,8.75
868,2026-05-22,"2026-05-21","Pasta Wildcard $6.50 - Pack",1,6.5
868,2026-05-22,"2026-05-21","Pork - Ground  - Lb.",1,7.5
868,2026-05-22,"2026-05-21","Spinach - Bag",1,5
868,2026-05-22,"2026-05-21","Extra Credit - Each",11.75,1.06
868,2026-05-22,"2026-05-21","Mini",1,53.2
1652,2026-05-22,"2026-05-21","Auction Donation - $",1,1
1652,2026-05-22,"2026-05-21","Chicken Thighs - Boneless/lb. - lbs",1,13.3
1652,2026-05-22,"2026-05-21","Dark Chocolate Almond Bar - Pack",1,4.95
1652,2026-05-22,"2026-05-21","Eggs - Dozen",1,6.5
1652,2026-05-22,"2026-05-21","Lettuce - Romaine Head - Head",1,5
1652,2026-05-22,"2026-05-21","Olive Oil Large - Bottle",1,18.5
1652,2026-05-22,"2026-05-21","Seedy Wheaty - Frozen - Loaf",1,3.75
1652,2026-05-22,"2026-05-21","Strawberries - Qt - Quart",1,8.25
1652,2026-05-22,"2026-05-21","Extra Credit - Each",38.5,1.06
1652,2026-05-22,"2026-05-21","Mini",1,53.2
1431,2026-05-22,"2026-05-21","Mothership Pickup Time (5.0 @5:30-6) - @5:30-6",1,0
1431,2026-05-22,"2026-05-21","Light and Mild - T - Loaf",1,8.25
1431,2026-05-22,"2026-05-21","Marinara Sauce - Jar",1,8.75
1431,2026-05-22,"2026-05-21","Pasta Wildcard $6.50 - Pack",1,6.5
1431,2026-05-22,"2026-05-21","Pork - Ground  - Lb.",1,7.5
1431,2026-05-22,"2026-05-21","Extra Credit - Each",8.25,1.06
1431,2026-05-22,"2026-05-21","Mini",1,53.2
246,2026-05-22,"2026-05-21","Half & Half - Pint",1,4.75
246,2026-05-22,"2026-05-21","Kirkwood Pickup Time - @1-1:30",1,0
246,2026-05-22,"2026-05-21","Broccoli - Share",1,4.25
246,2026-05-22,"2026-05-21","Del Carmen Choice - Tub",1,6.5
246,2026-05-22,"2026-05-21","Hand Pie: Bacon Burger Bleu - Bag",1,10.5
246,2026-05-22,"2026-05-21","Mushrooms - Sale! - Bag",1,8
246,2026-05-22,"2026-05-21","Extra Credit - Each",0.75,1.06
246,2026-05-22,"2026-05-21","UCA/KWA",1,79.79
246,2026-05-22,"2026-05-21","RL Chocolate Milk",3,2.93
963,2026-05-22,"2026-05-21","Mothership Pickup Time (1.0 @3:30-4) - @3:30-4",1,0
963,2026-05-22,"2026-05-21","Cinnamon Rolls - Pack",1,6.75
963,2026-05-22,"2026-05-21","Curds Jalapeno Habanero 10 oz - Bag",1,6.75
963,2026-05-22,"2026-05-21","Eggs - Dozen",1,6.5
963,2026-05-22,"2026-05-21","Pork - Bratwurst  - Pack",1,8.5
963,2026-05-22,"2026-05-21","Radishes - Purple Heart - Bunch",1,5.25
963,2026-05-22,"2026-05-21","Extra Credit - Each",0.5,1.06
963,2026-05-22,"2026-05-21","FSA/FSD",1,79.79
657,2026-05-22,"2026-05-21","Mothership Pickup Time (2.0 @4-4:30) - @4-4:30",1,0
657,2026-05-22,"2026-05-21","Aged Cheddar - HBC - Each",1,6.75
657,2026-05-22,"2026-05-21","Chicken - Ground - Lb.",1,9
657,2026-05-22,"2026-05-21","Eggs - Dozen",1,6.5
657,2026-05-22,"2026-05-21","Mushrooms - Choice",1,8
657,2026-05-22,"2026-05-21","Extra Credit - Each",3.75,1.06
657,2026-05-22,"2026-05-21","Half",1,84.79
928,2026-05-22,"2026-05-21","Mothership Pickup Time (2.0 @4-4:30) - @4-4:30",1,0
928,2026-05-22,"2026-05-21","Cinnamon Rolls - Pack",1,6.75
928,2026-05-22,"2026-05-21","Curds Creamy Ranch 10 oz - Bag",1,6.75
928,2026-05-22,"2026-05-21","Eggs - Dozen",1,6.5
928,2026-05-22,"2026-05-21","Hand Pie: Bacon Burger Bleu - Bag",1,10.5
928,2026-05-22,"2026-05-21","Hand Pie: Chicken Curry - Bag",1,10.5
928,2026-05-22,"2026-05-21","Pork - Bratwurst  - Pack",1,8.5
928,2026-05-22,"2026-05-21","Yogurt - Blueberry - Oz.",1,7.1
928,2026-05-22,"2026-05-21","Extra Credit - Each",23.35,1.06
928,2026-05-22,"2026-05-21","FSA/FSD",1,79.79
1570,2026-05-22,"2026-05-21","No Produce - Order Only (even wk)",1,0
1900,2026-05-22,"2026-05-21","Mothership Pickup Time (5.0 @5:30-6) - @5:30-6",1,0
1900,2026-05-22,"2026-05-21","$ for green bags donation - $",1,1
1900,2026-05-22,"2026-05-21","Cooler Donation - $",1,1
1900,2026-05-22,"2026-05-21","Food Pantry Donation - $",1,1
1900,2026-05-22,"2026-05-21","Auction Donation - $",1,1
1900,2026-05-22,"2026-05-21","Bagels - Honey Buckwheat - BU - Bag",1,11
1900,2026-05-22,"2026-05-21","Eggs - Dozen",1,6.5
1900,2026-05-22,"2026-05-21","Multigrain Bread - Frozen - Loaf",1,6.75
1900,2026-05-22,"2026-05-21","Peas - Shelling  - Oz.",1,4.25
1900,2026-05-22,"2026-05-21","Plant - Oregano - Pot",1,4.5
1900,2026-05-22,"2026-05-21","Popped Corn - Organic - Bag",1,3
1900,2026-05-22,"2026-05-21","Pork - Ground  - Lb.",1,7.5
1900,2026-05-22,"2026-05-21","Pre-ordered plants are in - Pot",1,0
1900,2026-05-22,"2026-05-21","Strawberries - Qt - Quart",1,8.25
1900,2026-05-22,"2026-05-21","Extra Credit - Each",33,1.06
1900,2026-05-22,"2026-05-21","Mini",1,53.2
1900,2026-05-22,"2026-05-21","Whole MILK-e",1,8.85
1236,2026-05-22,"2026-05-21","Eggs - Dozen",1,6.5
1236,2026-05-22,"2026-05-21","Ground Beef - D&M - Lb.",1,10.5
1236,2026-05-22,"2026-05-21","Pork - Bratwurst  - Pack",1,8.5
1236,2026-05-22,"2026-05-21","Pork - Ground  - Lb.",1,7.5
1236,2026-05-22,"2026-05-21","Wildcard $4 - Each",1,4
1236,2026-05-22,"2026-05-21","Extra Credit - Each",3.75,1.06
1236,2026-05-22,"2026-05-21","FSA/FSD",1,79.79
249,2026-05-22,"2026-05-21","Mothership Pickup Time (1.0 @3:30-4) - @3:30-4",1,0
249,2026-05-22,"2026-05-21","Chicken - Ground - Lb.",1,9
249,2026-05-22,"2026-05-21","Eggs - Dozen",1,6.5
249,2026-05-22,"2026-05-21","Queso Quesadilla - HBC - Each",1,6.75
249,2026-05-22,"2026-05-21","Ravioli - 4-Cheese - Lb.",1,9.15
249,2026-05-22,"2026-05-21","Extra Credit - Each",4.9,1.06
249,2026-05-22,"2026-05-21","Half",1,84.79
1725,2026-05-22,"2026-05-21","Chicken - Big Bag Deboned Thighs/lb. - Bag",2,42.16
1725,2026-05-22,"2026-05-21","Eggs - BW - Dozen",2,6.5
1725,2026-05-22,"2026-05-21","Kirkwood Pickup Time (1.0 PORCH) - PORCH",1,0
1725,2026-05-22,"2026-05-21","Hoagie - T - Each",1,3.5
1725,2026-05-22,"2026-05-21","Semolina - T - Loaf",1,7
1725,2026-05-22,"2026-05-21","Sesame Hoagie - T - Each",1,3.8
1725,2026-05-22,"2026-05-21","Strawberries - Qt - Quart",1,8.25
1725,2026-05-22,"2026-05-21","Extra Credit - Each",97.12,1.06
1725,2026-05-22,"2026-05-21","Mini",1,53.2
364,2026-05-22,"2026-05-21","Mothership Pickup Time - @6:30-7",1,0
364,2026-05-22,"2026-05-21","Eggs - Dozen",1,6.5
364,2026-05-22,"2026-05-21","Lettuce - Bibb - Head",1,3.25
364,2026-05-22,"2026-05-21","Oat Porridge Bread - T - Each",1,9
364,2026-05-22,"2026-05-21","Pork - Bratwurst  - Pack",1,8.5
364,2026-05-22,"2026-05-21","Tortellini - Mushroom - Lb.",1,9.15
364,2026-05-22,"2026-05-21","Extra Credit - Each",3.15,1.06
364,2026-05-22,"2026-05-21","FSA/FSD",1,79.79
1873,2026-05-22,"2026-05-21","Mothership Pickup Time (3.0 @4:30-5) - @4:30-5",1,0
1873,2026-05-22,"2026-05-21","Pasta Wildcard $6.50 - Pack",1,6.5
1873,2026-05-22,"2026-05-21","Pork Italian Bulk - D&M - Lb.",1,8.5
1873,2026-05-22,"2026-05-21","Yogurt - Strawberry - Oz.",1,7.1
1873,2026-05-22,"2026-05-21","Mini",1,53.2
1746,2026-05-22,"2026-05-21","Kirkwood Pickup Time (1.0 PORCH) - PORCH",1,0
1746,2026-05-22,"2026-05-21","Asparagus - Bunch",1,6.5
1746,2026-05-22,"2026-05-21","Eggs - Dozen",1,6.5
1746,2026-05-22,"2026-05-21","Ground Beef - D&M - Lb.",1,10.5
1746,2026-05-22,"2026-05-21","Lettuce - Romaine Head - Head",1,5
1746,2026-05-22,"2026-05-21","Milk Chocolate Square - Each",1,1.75
1746,2026-05-22,"2026-05-21","Wildcard $3 - Each",1,3
1746,2026-05-22,"2026-05-21","UCA/KWA",1,79.79
636,2026-05-22,"2026-05-21","Cheese Choice $6.75 - Each",1,6.75
636,2026-05-22,"2026-05-21","Eggs - Dozen",1,6.5
636,2026-05-22,"2026-05-21","Pork - Bratwurst  - Pack",1,8.5
636,2026-05-22,"2026-05-21","Rice - Basmati Choice - Bag",1,7.5
636,2026-05-22,"2026-05-21","Wildcard $4 - Each",1,4
636,2026-05-22,"2026-05-21","FSA/FSD",1,79.79
636,2026-05-22,"2026-05-21","Whole MILK",1,8.85
250,2026-05-22,"2026-05-21","Milk - Whole - Oz.",1,8.32
250,2026-05-22,"2026-05-21","Mothership Pickup Time (3.0 @4:30-5) - @4:30-5",1,0
250,2026-05-22,"2026-05-21","Gnocchi - Garlic Chive  - Lb.",1,6.5
250,2026-05-22,"2026-05-21","Gnocchi - Potato  - Lb.",1,6.5
250,2026-05-22,"2026-05-21","Gnocchi - Spinach  - Lb.",1,6.5
250,2026-05-22,"2026-05-21","Onions - Green - Bunch",1,3.5
250,2026-05-22,"2026-05-21","Squash - Zucchini - Each",1,2.5
250,2026-05-22,"2026-05-21","Extra Credit - Each",0.57,1.06
250,2026-05-22,"2026-05-21","FSA/FSD",1,79.79
725,2026-05-22,"2026-05-21","Ground Turkey - Pack",1,9
725,2026-05-22,"2026-05-21","Jam - Red Cherry HBY - Pint",1,7.75
725,2026-05-22,"2026-05-21","Mothership Pickup Time (1.0 @3:30-4) - @3:30-4",1,0
725,2026-05-22,"2026-05-21","Pork - Ground  - Lb.",1,7.5
725,2026-05-22,"2026-05-21","Pork Italian Bulk - D&M - Lb.",1,8.5
725,2026-05-22,"2026-05-21","Pre-ordered plants are in - Pot",1,0
725,2026-05-22,"2026-05-21","Extra Credit - Each",6.25,1.06
725,2026-05-22,"2026-05-21","Half",1,84.79
1243,2026-05-22,"2026-05-21","Mothership Pickup Time (4.0 @5-5:30) - @5-5:30",1,0
1243,2026-05-22,"2026-05-21","Chicken - Ground - Lb.",1,9
1243,2026-05-22,"2026-05-21","FF Dip - Street Corn - Tub",1,8.75
1243,2026-05-22,"2026-05-21","Milk Chocolate Square - Each",1,1.75
1243,2026-05-22,"2026-05-21","Mushrooms - Choice",1,8
1243,2026-05-22,"2026-05-21","Extra Credit - Each",1,1.06
1243,2026-05-22,"2026-05-21","Half",1,84.79
133,2026-05-22,"2026-05-21","Mothership Pickup Time (3.0 @4:30-5) - @4:30-5",1,0
133,2026-05-22,"2026-05-21","Bagels - Everything - BU - Bag",1,11
133,2026-05-22,"2026-05-21","Bagels - Pumpernickel - BU - Bag",1,11
133,2026-05-22,"2026-05-21","Peas - Shelling  - Oz.",1,4.25
133,2026-05-22,"2026-05-21","Pork - Ground  - Lb.",1,7.5
133,2026-05-22,"2026-05-21","Extra Credit - Each",11,1.06
133,2026-05-22,"2026-05-21","Mini",1,53.2
643,2026-05-22,"2026-05-21","Mothership Pickup Time (5.0 @5:30-6) - @5:30-6",1,0
643,2026-05-22,"2026-05-21","Bread Pudding - Muffin - Froz. - Each",1,4
643,2026-05-22,"2026-05-21","Chicken - Ground - Lb.",1,9
643,2026-05-22,"2026-05-21","Kale - Green Curly - Bag",1,5
643,2026-05-22,"2026-05-21","Light and Mild - T - Loaf",1,8.25
643,2026-05-22,"2026-05-21","Pork - Brats Cheddar DM - 4-pack",1,8
643,2026-05-22,"2026-05-21","Squash - Zucchini - Each",2,2.5
643,2026-05-22,"2026-05-21","Turnips - Japanese/White - Lb.",1,4.25
643,2026-05-22,"2026-05-21","Extra Credit - Each",10.25,1.06
643,2026-05-22,"2026-05-21","FSA/FSD",1,79.79
1468,2026-05-22,"2026-05-21","Mothership Pickup Time (3.0 @4:30-5) - @4:30-5",1,0
1468,2026-05-22,"2026-05-21","Marinara Sauce - Jar",1,8.75
1468,2026-05-22,"2026-05-21","Pork - Ground  - Lb.",1,7.5
1468,2026-05-22,"2026-05-21","Strawberries - Qt - Quart",1,8.25
1468,2026-05-22,"2026-05-21","Extra Credit - Each",1.75,1.06
1468,2026-05-22,"2026-05-21","Mini",1,53.2
622,2026-05-22,"2026-05-21","Cheese Choice $6.75 - Each",1,6.75
622,2026-05-22,"2026-05-21","Del Carmen Choice - Tub",1,6.5
622,2026-05-22,"2026-05-21","Eggs - Dozen",1,6.5
622,2026-05-22,"2026-05-21","Ground Beef - D&M - Lb.",1,10.5
622,2026-05-22,"2026-05-21","Wildcard $3 - Each",1,3
622,2026-05-22,"2026-05-21","UCA/KWA",1,79.79
793,2026-05-22,"2026-05-21","Light and Mild - T - Loaf",1,8.25
793,2026-05-22,"2026-05-21","Oat Porridge Bread - T - Each",1,9
793,2026-05-22,"2026-05-21","Strawberries - Qt - Quart",1,8.25
793,2026-05-22,"2026-05-21","Extra Credit - Each",2.75,1.06
793,2026-05-22,"2026-05-21","Mini",1,53.2
39,2026-05-22,"2026-05-21","Almonds - Salted - Oz.",1,14.75
39,2026-05-22,"2026-05-21","Hand Pie: Spanakopita - Bag",1,10.5
39,2026-05-22,"2026-05-21","Onions - Green - Bunch",1,3.5
39,2026-05-22,"2026-05-21","Radishes - Purple Heart - Bunch",1,5.25
39,2026-05-22,"2026-05-21","Strawberries - Qt - Quart",1,8.25
39,2026-05-22,"2026-05-21","Vinaigrette - Greek Style - Bottle",1,6.25
39,2026-05-22,"2026-05-21","Yogurt - Vanilla - Oz.",1,7.1
39,2026-05-22,"2026-05-21","Extra Credit - Each",32.85,1.06
39,2026-05-22,"2026-05-21","Mini",1,53.2
1750,2026-05-22,"2026-05-21","Salsa - Gringo's Medium - Pint",1,5
1750,2026-05-22,"2026-05-21","Mothership Pickup Time (5.0 @5:30-6) - @5:30-6",1,0
1750,2026-05-22,"2026-05-21","Asparagus - Bunch",1,6.5
1750,2026-05-22,"2026-05-21","Broccoli - Share",1,4.25
1750,2026-05-22,"2026-05-21","Marbled Rye - Thursday - Each",1,8.75
1750,2026-05-22,"2026-05-21","Onions - Green - Bunch",1,3.5
1750,2026-05-22,"2026-05-21","Strawberries - Qt - Quart",1,8.25
1750,2026-05-22,"2026-05-21","Yogurt - Strawberry - Oz.",1,7.1
1750,2026-05-22,"2026-05-21","Extra Credit - Each",20.6,1.06
1750,2026-05-22,"2026-05-21","Mini",1,53.2
1771,2026-05-22,"2026-05-21","Eggs - BW - Dozen",2,6.5
1771,2026-05-22,"2026-05-21","Stringbean Red Eye  - Oz.",1,16
1771,2026-05-22,"2026-05-21","Mothership Pickup Time (4.0 @5-5:30) - @5-5:30",1,0
1771,2026-05-22,"2026-05-21","Cooler Donation - $",5,1
1771,2026-05-22,"2026-05-21","Asparagus - Bunch",1,6.5
1771,2026-05-22,"2026-05-21","Flaked Salmon - Lb.",1,22.61
1771,2026-05-22,"2026-05-21","Gnocchi - Garlic Chive  - Lb.",1,6.5
1771,2026-05-22,"2026-05-21","Granola Bar - Each",1,3.8
1771,2026-05-22,"2026-05-21","Janie's Bread - Thursday - Each",1,7
1771,2026-05-22,"2026-05-21","Kale - Green Curly - Bag",1,5
1771,2026-05-22,"2026-05-21","Lettuce - Romaine Head - Head",1,5
1771,2026-05-22,"2026-05-21","Spinach - Bag",1,5
1771,2026-05-22,"2026-05-21","Extra Credit - Each",95.41,1.06
652,2026-05-22,"2026-05-21","Milk - 2%  - Oz.",1,8.32
652,2026-05-22,"2026-05-21","Eggs - Dozen",1,6.5
652,2026-05-22,"2026-05-21","Mojo Marinade - Tub",1,6.5
652,2026-05-22,"2026-05-21","Strawberries - Qt - Quart",1,8.25
652,2026-05-22,"2026-05-21","Extra Credit - Each",3.07,1.06
652,2026-05-22,"2026-05-21","Half",1,84.79
1521,2026-05-22,"2026-05-21","Mothership Pickup Time (1.0 @3:30-4) - @3:30-4",1,0
1521,2026-05-22,"2026-05-21","Chicken - Thighs /lbs  - lbs",1,10.2
1521,2026-05-22,"2026-05-21","Hoagie - T - Each",1,3.5
1521,2026-05-22,"2026-05-21","Lettuce - Bibb - Head",1,3.25
1521,2026-05-22,"2026-05-21","Strawberries - Qt - Quart",1,8.25
1521,2026-05-22,"2026-05-21","Extra Credit - Each",2.45,1.06
1521,2026-05-22,"2026-05-21","Mini",1,53.2
885,2026-05-22,"2026-05-21","Pre-ordered plants are in - Pot",1,0
900,2026-05-22,"2026-05-21","Mothership Pickup Time (1.0 @3:30-4) - @3:30-4",1,0
900,2026-05-22,"2026-05-21","Broccoli - Share",1,4.25
900,2026-05-22,"2026-05-21","Cauliflower - hd. - Head",1,6.5
900,2026-05-22,"2026-05-21","Eggs - Dozen",1,6.5
900,2026-05-22,"2026-05-21","Escarole - Head",1,2.25
900,2026-05-22,"2026-05-21","Ground Beef - D&M - Lb.",1,10.5
900,2026-05-22,"2026-05-21","Lettuce Head - Head",1,4.25
900,2026-05-22,"2026-05-21","FSA/FSD",1,79.79
900,2026-05-22,"2026-05-21","Whole MILK",1,8.85
171,2026-05-22,"2026-05-21","Bagel Chips - Bag",1,9.75
171,2026-05-22,"2026-05-21","Louise's Original Granola - Bag",1,10
171,2026-05-22,"2026-05-21","Marinara Sauce - Jar",1,8.75
171,2026-05-22,"2026-05-21","Pasta Wildcard $6.50 - Pack",1,6.5
171,2026-05-22,"2026-05-21","Pork - Ground  - Lb.",1,7.5
171,2026-05-22,"2026-05-21","Pork Snack Sticks - Honey 4pk - Pack",2,10.3
171,2026-05-22,"2026-05-21","Yogurt - Plain - Oz.",2,7.1
171,2026-05-22,"2026-05-21","Extra Credit - Each",54.55,1.06
171,2026-05-22,"2026-05-21","Mini",1,53.2
904,2026-05-22,"2026-05-21","Milk - Creamline - Oz.",1,8.32
904,2026-05-22,"2026-05-21","Chicken Links - Chorizo - Lb.",1,10.5
904,2026-05-22,"2026-05-21","Mushrooms - Sale! - Bag",1,8
904,2026-05-22,"2026-05-21","Extra Credit - Each",0.32,1.06
904,2026-05-22,"2026-05-21","Half",1,84.79
1440,2026-05-22,"2026-05-21","Bacon - Each",1,13.5
1440,2026-05-22,"2026-05-21","Chicken Breasts /lb. - Pack",1,10.88
1440,2026-05-22,"2026-05-21","Meatballs D&M - Package",1,14.5
1440,2026-05-22,"2026-05-21","Pre-ordered plants are in - Pot",1,0
1440,2026-05-22,"2026-05-21","Semolina - T - Loaf",1,7
1440,2026-05-22,"2026-05-21","Strawberries - Qt - Quart",1,8.25
1440,2026-05-22,"2026-05-21","Wildcard $3 - Each",1,3
1440,2026-05-22,"2026-05-21","Extra Credit - Each",30.63,1.06
1440,2026-05-22,"2026-05-21","Half",1,84.79
1505,2026-05-22,"2026-05-21","Chicken - Big Bag Deboned Thighs/lb. - Bag",1,42.08
1505,2026-05-22,"2026-05-21","Mothership Pickup Time (4.0 @5-5:30) - @5-5:30",1,0
1505,2026-05-22,"2026-05-21","Hoagie - T - Each",1,3.5
1505,2026-05-22,"2026-05-21","Lettuce - Bibb - Head",1,3.25
1505,2026-05-22,"2026-05-21","Light and Mild - T - Loaf",1,8.25
1505,2026-05-22,"2026-05-21","Peas - Shelling  - Oz.",1,4.25
1505,2026-05-22,"2026-05-21","Extra Credit - Each",34.83,1.06
1505,2026-05-22,"2026-05-21","Half",1,84.79
959,2026-05-22,"2026-05-21","Mothership Pickup Time - @6:30-7",1,0
959,2026-05-22,"2026-05-21","Cheese Choice $6.75 - Each",1,6.75
959,2026-05-22,"2026-05-21","Eggs - Dozen",1,6.5
959,2026-05-22,"2026-05-21","Marshmallow Pie - Each",1,7.5
959,2026-05-22,"2026-05-21","Pre-ordered plants are in - Pot",1,0
959,2026-05-22,"2026-05-21","Rice - Basmati Choice - Bag",1,7.5
959,2026-05-22,"2026-05-21","Strawberries - Qt - Quart",1,8.25
959,2026-05-22,"2026-05-21","Yogurt - Plain - Oz.",1,7.1
959,2026-05-22,"2026-05-21","Extra Credit - Each",10.35,1.06
959,2026-05-22,"2026-05-21","FSA/FSD",1,79.79
